Model,MAE,RMSE,R²
Baseline (Seasonal),1.4591194968553458,1.849698258581313,-0.13870458135860964
ML Ensemble (Mean),0.18967799801028495,0.3816425473909526,0.9515244366768759
