Model,MAE,RMSE,R²
Baseline (Seasonal),1.1320754716981132,1.493522000660527,-0.09159891598916015
ML Ensemble (Mean),0.07293679648282853,0.14547172709630427,0.9896438808908139
