Model,MAE,RMSE,R²
Baseline (Seasonal),1.2641509433962264,1.7064435781866891,-0.7090820448530437
ML Ensemble (Mean),0.07699239771099878,0.16857913901711924,0.9833203586611127
