Model,MAE,RMSE,R²
Baseline (Seasonal),1.1289308176100628,1.4114313177692615,-0.8180366038553173
ML Ensemble (Mean),0.04847033935431508,0.08161232709866216,0.9939215248330424
