date,crash_count,rush_hour_crashes,night_crashes,peak_crash_hour_crashes,total_killed,total_injured,fatal_crashes,injury_crashes,total_vehicles,rain_crashes,adverse_weather_crashes,dark_crashes,year,month,day,day_of_week,day_of_year,week_of_year,quarter,is_weekend,is_monday,is_friday,day_of_week_sin,day_of_week_cos,day_of_year_sin,day_of_year_cos,week_sin,week_cos,month_sin,month_cos,crashes_lag_1d,crashes_lag_2d,crashes_lag_3d,crashes_lag_7d,crashes_lag_14d,crashes_lag_28d,crashes_rolling_mean_3d,crashes_rolling_std_3d,crashes_rolling_sum_3d,crashes_rolling_max_3d,crashes_rolling_mean_7d,crashes_rolling_std_7d,crashes_rolling_sum_7d,crashes_rolling_max_7d,crashes_rolling_mean_14d,crashes_rolling_std_14d,crashes_rolling_sum_14d,crashes_rolling_max_14d,crashes_rolling_mean_28d,crashes_rolling_std_28d,crashes_rolling_sum_28d,crashes_rolling_max_28d,crashes_rolling_mean_56d,crashes_rolling_std_56d,crashes_rolling_sum_56d,crashes_rolling_max_56d,crashes_rolling_mean_84d,crashes_rolling_std_84d,crashes_rolling_sum_84d,crashes_rolling_max_84d,crash_change_1d,crash_change_7d,crash_change_28d,total_crashes_hist,pct_rush_hour,pct_night,pct_peak_hour,pct_weekend,pct_rain,pct_dark,avg_spd_limit,avg_lanes
2022-01-03,5,0,0,0,0,5,0,5,10,0,0,0,2022,1,3,0,3,1,1,0,1,0,0.0,1.0,0.051619667223253764,0.998666816288476,0.12053668025532305,0.992708874098054,0.49999999999999994,0.8660254037844387,0.0,0.0,0.0,0.0,0.0,0.0,5.0,0.0,5.0,5.0,5.0,0.0,5.0,5.0,5.0,0.0,5.0,5.0,5.0,0.0,5.0,5.0,5.0,0.0,5.0,5.0,5.0,0.0,5.0,5.0,0.0,0.0,0.0,954,0.279874213836478,0.16666666666666666,0.24423480083857443,0.2526205450733753,0.09538784067085954,0.31551362683438156,40.0,5.9958071278826
2022-01-04,0,0,0,0,0,0,0,0,0,0,0,0,2022,1,4,1,4,1,1,0,0,0,0.7818314824680298,0.6234898018587336,0.06880242680231986,0.9976303053065857,0.12053668025532305,0.992708874098054,0.49999999999999994,0.8660254037844387,5.0,0.0,0.0,0.0,0.0,0.0,2.5,3.5355339059327378,5.0,5.0,2.5,3.5355339059327378,5.0,5.0,2.5,3.5355339059327378,5.0,5.0,2.5,3.5355339059327378,5.0,5.0,2.5,3.5355339059327378,5.0,5.0,2.5,3.5355339059327378,5.0,5.0,-5.0,0.0,0.0,954,0.279874213836478,0.16666666666666666,0.24423480083857443,0.2526205450733753,0.09538784067085954,0.31551362683438156,40.0,5.9958071278826
2022-01-05,0,0,0,0,0,0,0,0,0,0,0,0,2022,1,5,2,5,1,1,0,0,0,0.9749279121818236,-0.22252093395631434,0.08596479873744647,0.9962981749346078,0.12053668025532305,0.992708874098054,0.49999999999999994,0.8660254037844387,0.0,5.0,0.0,0.0,0.0,0.0,1.6666666666666667,2.8867513459481287,5.0,5.0,1.6666666666666667,2.8867513459481287,5.0,5.0,1.6666666666666667,2.8867513459481287,5.0,5.0,1.6666666666666667,2.8867513459481287,5.0,5.0,1.6666666666666667,2.8867513459481287,5.0,5.0,1.6666666666666667,2.8867513459481287,5.0,5.0,0.0,0.0,0.0,954,0.279874213836478,0.16666666666666666,0.24423480083857443,0.2526205450733753,0.09538784067085954,0.31551362683438156,40.0,5.9958071278826
2022-01-06,4,0,0,0,0,8,0,4,8,0,0,4,2022,1,6,3,6,1,1,0,0,0,0.43388373911755823,-0.900968867902419,0.10310169744743485,0.9946708199115211,0.12053668025532305,0.992708874098054,0.49999999999999994,0.8660254037844387,0.0,0.0,5.0,0.0,0.0,0.0,1.3333333333333333,2.309401076758503,4.0,4.0,2.25,2.6299556396765835,9.0,5.0,2.25,2.6299556396765835,9.0,5.0,2.25,2.6299556396765835,9.0,5.0,2.25,2.6299556396765835,9.0,5.0,2.25,2.6299556396765835,9.0,5.0,4.0,0.0,0.0,954,0.279874213836478,0.16666666666666666,0.24423480083857443,0.2526205450733753,0.09538784067085954,0.31551362683438156,40.0,5.9958071278826
2022-01-07,0,0,0,0,0,0,0,0,0,0,0,0,2022,1,7,4,7,1,1,0,0,1,-0.433883739117558,-0.9009688679024191,0.1202080448993527,0.9927487224577402,0.12053668025532305,0.992708874098054,0.49999999999999994,0.8660254037844387,4.0,0.0,0.0,0.0,0.0,0.0,1.3333333333333333,2.309401076758503,4.0,4.0,1.8,2.4899799195977463,9.0,5.0,1.8,2.4899799195977463,9.0,5.0,1.8,2.4899799195977463,9.0,5.0,1.8,2.4899799195977463,9.0,5.0,1.8,2.4899799195977463,9.0,5.0,-4.0,0.0,0.0,954,0.279874213836478,0.16666666666666666,0.24423480083857443,0.2526205450733753,0.09538784067085954,0.31551362683438156,40.0,5.9958071278826
2022-01-08,0,0,0,0,0,0,0,0,0,0,0,0,2022,1,8,5,8,1,1,1,0,0,-0.9749279121818236,-0.2225209339563146,0.13727877211326478,0.9905324521322229,0.12053668025532305,0.992708874098054,0.49999999999999994,0.8660254037844387,0.0,4.0,0.0,0.0,0.0,0.0,1.3333333333333333,2.309401076758503,4.0,4.0,1.5,2.345207879911715,9.0,5.0,1.5,2.345207879911715,9.0,5.0,1.5,2.345207879911715,9.0,5.0,1.5,2.345207879911715,9.0,5.0,1.5,2.345207879911715,9.0,5.0,0.0,0.0,0.0,954,0.279874213836478,0.16666666666666666,0.24423480083857443,0.2526205450733753,0.09538784067085954,0.31551362683438156,40.0,5.9958071278826
2022-01-09,0,0,0,0,0,0,0,0,0,0,0,0,2022,1,9,6,9,1,1,1,0,0,-0.7818314824680299,0.6234898018587334,0.15430882066428117,0.9880226656636976,0.12053668025532305,0.992708874098054,0.49999999999999994,0.8660254037844387,0.0,0.0,4.0,0.0,0.0,0.0,0.0,0.0,0.0,0.0,1.2857142857142858,2.214669705568283,9.0,5.0,1.2857142857142858,2.214669705568283,9.0,5.0,1.2857142857142858,2.214669705568283,9.0,5.0,1.2857142857142858,2.214669705568283,9.0,5.0,1.2857142857142858,2.214669705568283,9.0,5.0,0.0,0.0,0.0,954,0.279874213836478,0.16666666666666666,0.24423480083857443,0.2526205450733753,0.09538784067085954,0.31551362683438156,40.0,5.9958071278826
2022-01-10,0,0,0,0,0,0,0,0,0,0,0,0,2022,1,10,0,10,2,1,0,1,0,0.0,1.0,0.1712931441814776,0.9852201067560606,0.23931566428755774,0.970941817426052,0.49999999999999994,0.8660254037844387,0.0,0.0,0.0,5.0,0.0,0.0,0.0,0.0,0.0,0.0,0.5714285714285714,1.511857892036909,4.0,4.0,1.125,2.1001700611413083,9.0,5.0,1.125,2.1001700611413083,9.0,5.0,1.125,2.1001700611413083,9.0,5.0,1.125,2.1001700611413083,9.0,5.0,0.0,-5.0,0.0,954,0.279874213836478,0.16666666666666666,0.24423480083857443,0.2526205450733753,0.09538784067085954,0.31551362683438156,40.0,5.9958071278826
2022-01-11,0,0,0,0,0,0,0,0,0,0,0,0,2022,1,11,1,11,2,1,0,0,0,0.7818314824680298,0.6234898018587336,0.1882267098432442,0.9821256058680006,0.23931566428755774,0.970941817426052,0.49999999999999994,0.8660254037844387,0.0,0.0,0.0,0.0,0.0,0.0,0.0,0.0,0.0,0.0,0.5714285714285714,1.511857892036909,4.0,4.0,1.0,2.0,9.0,5.0,1.0,2.0,9.0,5.0,1.0,2.0,9.0,5.0,1.0,2.0,9.0,5.0,0.0,0.0,0.0,954,0.279874213836478,0.16666666666666666,0.24423480083857443,0.2526205450733753,0.09538784067085954,0.31551362683438156,40.0,5.9958071278826
2022-01-12,0,0,0,0,0,0,0,0,0,0,0,0,2022,1,12,2,12,2,1,0,0,0,0.9749279121818236,-0.22252093395631434,0.2051044998686192,0.9787400799669153,0.23931566428755774,0.970941817426052,0.49999999999999994,0.8660254037844387,0.0,0.0,0.0,0.0,0.0,0.0,0.0,0.0,0.0,0.0,0.5714285714285714,1.511857892036909,4.0,4.0,0.9,1.911950719959998,9.0,5.0,0.9,1.911950719959998,9.0,5.0,0.9,1.911950719959998,9.0,5.0,0.9,1.911950719959998,9.0,5.0,0.0,0.0,0.0,954,0.279874213836478,0.16666666666666666,0.24423480083857443,0.2526205450733753,0.09538784067085954,0.31551362683438156,40.0,5.9958071278826
2022-01-13,0,0,0,0,0,0,0,0,0,0,0,0,2022,1,13,3,13,2,1,0,0,0,0.43388373911755823,-0.900968867902419,0.2219215130041655,0.9750645322571948,0.23931566428755774,0.970941817426052,0.49999999999999994,0.8660254037844387,0.0,0.0,0.0,4.0,0.0,0.0,0.0,0.0,0.0,0.0,0.0,0.0,0.0,0.0,0.8181818181818182,1.8340219092574557,9.0,5.0,0.8181818181818182,1.8340219092574557,9.0,5.0,0.8181818181818182,1.8340219092574557,9.0,5.0,0.8181818181818182,1.8340219092574557,9.0,5.0,0.0,-4.0,0.0,954,0.279874213836478,0.16666666666666666,0.24423480083857443,0.2526205450733753,0.09538784067085954,0.31551362683438156,40.0,5.9958071278826
2022-01-14,0,0,0,0,0,0,0,0,0,0,0,0,2022,1,14,4,14,2,1,0,0,1,-0.433883739117558,-0.9009688679024191,0.2386727660059501,0.9711000518829505,0.23931566428755774,0.970941817426052,0.49999999999999994,0.8660254037844387,0.0,0.0,0.0,0.0,0.0,0.0,0.0,0.0,0.0,0.0,0.0,0.0,0.0,0.0,0.75,1.764549903980152,9.0,5.0,0.75,1.764549903980152,9.0,5.0,0.75,1.764549903980152,9.0,5.0,0.75,1.764549903980152,9.0,5.0,0.0,0.0,0.0,954,0.279874213836478,0.16666666666666666,0.24423480083857443,0.2526205450733753,0.09538784067085954,0.31551362683438156,40.0,5.9958071278826
2022-01-15,0,0,0,0,0,0,0,0,0,0,0,0,2022,1,15,5,15,2,1,1,0,0,-0.9749279121818236,-0.2225209339563146,0.255353295116187,0.9668478136052775,0.23931566428755774,0.970941817426052,0.49999999999999994,0.8660254037844387,0.0,0.0,0.0,0.0,0.0,0.0,0.0,0.0,0.0,0.0,0.0,0.0,0.0,0.0,0.6923076923076923,1.702185623672077,9.0,5.0,0.6923076923076923,1.702185623672077,9.0,5.0,0.6923076923076923,1.702185623672077,9.0,5.0,0.6923076923076923,1.702185623672077,9.0,5.0,0.0,0.0,0.0,954,0.279874213836478,0.16666666666666666,0.24423480083857443,0.2526205450733753,0.09538784067085954,0.31551362683438156,40.0,5.9958071278826
2022-01-16,0,0,0,0,0,0,0,0,0,0,0,0,2022,1,16,6,16,2,1,1,0,0,-0.7818314824680299,0.6234898018587334,0.2719581575341055,0.9623090774541486,0.23931566428755774,0.970941817426052,0.49999999999999994,0.8660254037844387,0.0,0.0,0.0,0.0,0.0,0.0,0.0,0.0,0.0,0.0,0.0,0.0,0.0,0.0,0.6428571428571429,1.6458405781822274,9.0,5.0,0.6428571428571429,1.6458405781822274,9.0,5.0,0.6428571428571429,1.6458405781822274,9.0,5.0,0.6428571428571429,1.6458405781822274,9.0,5.0,0.0,0.0,0.0,954,0.279874213836478,0.16666666666666666,0.24423480083857443,0.2526205450733753,0.09538784067085954,0.31551362683438156,40.0,5.9958071278826
2022-01-17,0,0,0,0,0,0,0,0,0,0,0,0,2022,1,17,0,17,3,1,0,1,0,0.0,1.0,0.288482432880609,0.9574851883550393,0.3546048870425356,0.9350162426854148,0.49999999999999994,0.8660254037844387,0.0,0.0,0.0,0.0,5.0,0.0,0.0,0.0,0.0,0.0,0.0,0.0,0.0,0.0,0.2857142857142857,1.0690449676496971,4.0,4.0,0.6,1.594633858557237,9.0,5.0,0.6,1.594633858557237,9.0,5.0,0.6,1.594633858557237,9.0,5.0,0.0,0.0,0.0,954,0.279874213836478,0.16666666666666666,0.24423480083857443,0.2526205450733753,0.09538784067085954,0.31551362683438156,40.0,5.9958071278826
2022-01-18,0,0,0,0,0,0,0,0,0,0,0,0,2022,1,18,1,18,3,1,0,0,0,0.7818314824680298,0.6234898018587336,0.30492122465628907,0.9523775757303974,0.3546048870425356,0.9350162426854148,0.49999999999999994,0.8660254037844387,0.0,0.0,0.0,0.0,0.0,0.0,0.0,0.0,0.0,0.0,0.0,0.0,0.0,0.0,0.2857142857142857,1.0690449676496971,4.0,4.0,0.5625,1.5478479684172257,9.0,5.0,0.5625,1.5478479684172257,9.0,5.0,0.5625,1.5478479684172257,9.0,5.0,0.0,0.0,0.0,954,0.279874213836478,0.16666666666666666,0.24423480083857443,0.2526205450733753,0.09538784067085954,0.31551362683438156,40.0,5.9958071278826
2022-01-19,0,0,0,0,0,0,0,0,0,0,0,0,2022,1,19,2,19,3,1,0,0,0,0.9749279121818236,-0.22252093395631434,0.3212696616923644,0.9469877530760753,0.3546048870425356,0.9350162426854148,0.49999999999999994,0.8660254037844387,0.0,0.0,0.0,0.0,0.0,0.0,0.0,0.0,0.0,0.0,0.0,0.0,0.0,0.0,0.2857142857142857,1.0690449676496971,4.0,4.0,0.5294117647058824,1.5048939771136505,9.0,5.0,0.5294117647058824,1.5048939771136505,9.0,5.0,0.5294117647058824,1.5048939771136505,9.0,5.0,0.0,0.0,0.0,954,0.279874213836478,0.16666666666666666,0.24423480083857443,0.2526205450733753,0.09538784067085954,0.31551362683438156,40.0,5.9958071278826
2022-01-20,0,0,0,0,0,0,0,0,0,0,0,0,2022,1,20,3,20,3,1,0,0,0,0.43388373911755823,-0.900968867902419,0.3375228995941133,0.9413173175128471,0.3546048870425356,0.9350162426854148,0.49999999999999994,0.8660254037844387,0.0,0.0,0.0,0.0,4.0,0.0,0.0,0.0,0.0,0.0,0.0,0.0,0.0,0.0,0.0,0.0,0.0,0.0,0.5,1.465284553774253,9.0,5.0,0.5,1.465284553774253,9.0,5.0,0.5,1.465284553774253,9.0,5.0,0.0,0.0,0.0,954,0.279874213836478,0.16666666666666666,0.24423480083857443,0.2526205450733753,0.09538784067085954,0.31551362683438156,40.0,5.9958071278826
2022-01-21,0,0,0,0,0,0,0,0,0,0,0,0,2022,1,21,4,21,3,1,0,0,1,-0.433883739117558,-0.9009688679024191,0.3536761221763716,0.9353679493131483,0.3546048870425356,0.9350162426854148,0.49999999999999994,0.8660254037844387,0.0,0.0,0.0,0.0,0.0,0.0,0.0,0.0,0.0,0.0,0.0,0.0,0.0,0.0,0.0,0.0,0.0,0.0,0.47368421052631576,1.4286131990551603,9.0,5.0,0.47368421052631576,1.4286131990551603,9.0,5.0,0.47368421052631576,1.4286131990551603,9.0,5.0,0.0,0.0,0.0,954,0.279874213836478,0.16666666666666666,0.24423480083857443,0.2526205450733753,0.09538784067085954,0.31551362683438156,40.0,5.9958071278826
2022-01-22,0,0,0,0,0,0,0,0,0,0,0,0,2022,1,22,5,22,3,1,1,0,0,-0.9749279121818236,-0.2225209339563146,0.3697245428906731,0.9291414114031743,0.3546048870425356,0.9350162426854148,0.49999999999999994,0.8660254037844387,0.0,0.0,0.0,0.0,0.0,0.0,0.0,0.0,0.0,0.0,0.0,0.0,0.0,0.0,0.0,0.0,0.0,0.0,0.45,1.3945382182304158,9.0,5.0,0.45,1.3945382182304158,9.0,5.0,0.45,1.3945382182304158,9.0,5.0,0.0,0.0,0.0,954,0.279874213836478,0.16666666666666666,0.24423480083857443,0.2526205450733753,0.09538784067085954,0.31551362683438156,40.0,5.9958071278826
2022-01-23,0,0,0,0,0,0,0,0,0,0,0,0,2022,1,23,6,23,3,1,1,0,0,-0.7818314824680299,0.6234898018587334,0.38566340624360707,0.9226395488404876,0.3546048870425356,0.9350162426854148,0.49999999999999994,0.8660254037844387,0.0,0.0,0.0,0.0,0.0,0.0,0.0,0.0,0.0,0.0,0.0,0.0,0.0,0.0,0.0,0.0,0.0,0.0,0.42857142857142855,1.3627702877384937,9.0,5.0,0.42857142857142855,1.3627702877384937,9.0,5.0,0.42857142857142855,1.3627702877384937,9.0,5.0,0.0,0.0,0.0,954,0.279874213836478,0.16666666666666666,0.24423480083857443,0.2526205450733753,0.09538784067085954,0.31551362683438156,40.0,5.9958071278826
2022-01-24,0,0,0,0,0,0,0,0,0,0,0,0,2022,1,24,0,24,4,1,0,1,0,0.0,1.0,0.401487989205973,0.9158642882672872,0.4647231720437685,0.8854560256532099,0.49999999999999994,0.8660254037844387,0.0,0.0,0.0,0.0,0.0,0.0,0.0,0.0,0.0,0.0,0.0,0.0,0.0,0.0,0.0,0.0,0.0,0.0,0.4090909090909091,1.3330627431056188,9.0,5.0,0.4090909090909091,1.3330627431056188,9.0,5.0,0.4090909090909091,1.3330627431056188,9.0,5.0,0.0,0.0,0.0,954,0.279874213836478,0.16666666666666666,0.24423480083857443,0.2526205450733753,0.09538784067085954,0.31551362683438156,40.0,5.9958071278826
2022-01-25,0,0,0,0,0,0,0,0,0,0,0,0,2022,1,25,1,25,4,1,0,0,0,0.7818314824680298,0.6234898018587336,0.4171936026123168,0.9088176373395029,0.4647231720437685,0.8854560256532099,0.49999999999999994,0.8660254037844387,0.0,0.0,0.0,0.0,0.0,0.0,0.0,0.0,0.0,0.0,0.0,0.0,0.0,0.0,0.0,0.0,0.0,0.0,0.391304347826087,1.3052039351200886,9.0,5.0,0.391304347826087,1.3052039351200886,9.0,5.0,0.391304347826087,1.3052039351200886,9.0,5.0,0.0,0.0,0.0,954,0.279874213836478,0.16666666666666666,0.24423480083857443,0.2526205450733753,0.09538784067085954,0.31551362683438156,40.0,5.9958071278826
2022-01-26,0,0,0,0,0,0,0,0,0,0,0,0,2022,1,26,2,26,4,1,0,0,0,0.9749279121818236,-0.22252093395631434,0.4327755925504312,0.901501684131884,0.4647231720437685,0.8854560256532099,0.49999999999999994,0.8660254037844387,0.0,0.0,0.0,0.0,0.0,0.0,0.0,0.0,0.0,0.0,0.0,0.0,0.0,0.0,0.0,0.0,0.0,0.0,0.375,1.2790111669635222,9.0,5.0,0.375,1.2790111669635222,9.0,5.0,0.375,1.2790111669635222,9.0,5.0,0.0,0.0,0.0,954,0.279874213836478,0.16666666666666666,0.24423480083857443,0.2526205450733753,0.09538784067085954,0.31551362683438156,40.0,5.9958071278826
2022-01-27,0,0,0,0,0,0,0,0,0,0,0,0,2022,1,27,3,27,4,1,0,0,0,0.43388373911755823,-0.900968867902419,0.4482293417404106,0.893918596519257,0.4647231720437685,0.8854560256532099,0.49999999999999994,0.8660254037844387,0.0,0.0,0.0,0.0,0.0,0.0,0.0,0.0,0.0,0.0,0.0,0.0,0.0,0.0,0.0,0.0,0.0,0.0,0.36,1.2543258481484518,9.0,5.0,0.36,1.2543258481484518,9.0,5.0,0.36,1.2543258481484518,9.0,5.0,0.0,0.0,0.0,954,0.279874213836478,0.16666666666666666,0.24423480083857443,0.2526205450733753,0.09538784067085954,0.31551362683438156,40.0,5.9958071278826
2022-01-28,4,0,0,0,0,0,0,0,8,0,0,4,2022,1,28,4,28,4,1,0,0,1,-0.433883739117558,-0.9009688679024191,0.4635502709028509,0.886070621534138,0.4647231720437685,0.8854560256532099,0.49999999999999994,0.8660254037844387,0.0,0.0,0.0,0.0,0.0,0.0,1.3333333333333333,2.309401076758503,4.0,4.0,0.5714285714285714,1.511857892036909,4.0,4.0,0.2857142857142857,1.0690449676496971,4.0,4.0,0.5,1.4212670403551895,13.0,5.0,0.5,1.4212670403551895,13.0,5.0,0.5,1.4212670403551895,13.0,5.0,4.0,4.0,0.0,954,0.279874213836478,0.16666666666666666,0.24423480083857443,0.2526205450733753,0.09538784067085954,0.31551362683438156,40.0,5.9958071278826
2022-01-29,2,0,1,0,0,0,0,0,4,0,0,1,2022,1,29,5,29,4,1,1,0,0,-0.9749279121818236,-0.2225209339563146,0.47873384011578846,0.8779600847008882,0.4647231720437685,0.8854560256532099,0.49999999999999994,0.8660254037844387,4.0,0.0,0.0,0.0,0.0,0.0,2.0,2.0,6.0,4.0,0.8571428571428571,1.5735915849388864,6.0,4.0,0.42857142857142855,1.1578684470436786,6.0,4.0,0.5555555555555556,1.4232501627054273,15.0,5.0,0.5555555555555556,1.4232501627054273,15.0,5.0,0.5555555555555556,1.4232501627054273,15.0,5.0,-2.0,2.0,0.0,954,0.279874213836478,0.16666666666666666,0.24423480083857443,0.2526205450733753,0.09538784067085954,0.31551362683438156,40.0,5.9958071278826
2022-01-30,0,0,0,0,0,0,0,0,0,0,0,0,2022,1,30,6,30,4,1,1,0,0,-0.7818314824680299,0.6234898018587334,0.49377555015997715,0.869589389346611,0.4647231720437685,0.8854560256532099,0.49999999999999994,0.8660254037844387,2.0,4.0,0.0,0.0,0.0,0.0,2.0,2.0,6.0,4.0,0.8571428571428571,1.5735915849388864,6.0,4.0,0.42857142857142855,1.1578684470436786,6.0,4.0,0.5357142857142857,1.4005856673692658,15.0,5.0,0.5357142857142857,1.4005856673692658,15.0,5.0,0.5357142857142857,1.4005856673692658,15.0,5.0,-2.0,0.0,0.0,954,0.279874213836478,0.16666666666666666,0.24423480083857443,0.2526205450733753,0.09538784067085954,0.31551362683438156,40.0,5.9958071278826
2022-01-31,0,0,0,0,0,0,0,0,0,0,0,0,2022,1,31,0,31,5,1,0,1,0,0.0,1.0,0.5086709438521044,0.8609610158889943,0.5680647467311558,0.8229838658936564,0.49999999999999994,0.8660254037844387,0.0,2.0,4.0,0.0,0.0,5.0,0.6666666666666666,1.1547005383792506,2.0,2.0,0.8571428571428571,1.5735915849388864,6.0,4.0,0.42857142857142855,1.1578684470436786,6.0,4.0,0.35714285714285715,1.0959280090672932,10.0,4.0,0.5172413793103449,1.3789408372052496,15.0,5.0,0.5172413793103449,1.3789408372052496,15.0,5.0,0.0,0.0,-5.0,954,0.279874213836478,0.16666666666666666,0.24423480083857443,0.2526205450733753,0.09538784067085954,0.31551362683438156,40.0,5.9958071278826
2022-02-01,4,0,0,4,0,0,0,0,8,0,0,0,2022,2,1,1,32,5,1,0,0,0,0.7818314824680298,0.6234898018587336,0.5234156073655503,0.8520775211013093,0.5680647467311558,0.8229838658936564,0.8660254037844386,0.5000000000000001,0.0,0.0,2.0,0.0,0.0,0.0,1.3333333333333333,2.309401076758503,4.0,4.0,1.4285714285714286,1.9023794624226837,10.0,4.0,0.7142857142857143,1.4898926873369838,10.0,4.0,0.5,1.2909944487358054,14.0,4.0,0.6333333333333333,1.4967397519467005,19.0,5.0,0.6333333333333333,1.4967397519467005,19.0,5.0,4.0,4.0,4.0,954,0.279874213836478,0.16666666666666666,0.24423480083857443,0.2526205450733753,0.09538784067085954,0.31551362683438156,40.0,5.9958071278826
2022-02-02,1,0,0,1,0,0,0,0,1,1,1,0,2022,2,2,2,33,5,1,0,0,0,0.9749279121818236,-0.22252093395631434,0.5380051715382996,0.8429415373547828,0.5680647467311558,0.8229838658936564,0.8660254037844386,0.5000000000000001,4.0,0.0,0.0,0.0,0.0,0.0,1.6666666666666667,2.0816659994661326,5.0,4.0,1.5714285714285714,1.8126539343499315,11.0,4.0,0.7857142857142857,1.4769288003552103,11.0,4.0,0.5357142857142857,1.2904820476643273,15.0,4.0,0.6451612903225806,1.473055488811701,20.0,5.0,0.6451612903225806,1.473055488811701,20.0,5.0,-3.0,1.0,1.0,954,0.279874213836478,0.16666666666666666,0.24423480083857443,0.2526205450733753,0.09538784067085954,0.31551362683438156,40.0,5.9958071278826
2022-02-03,0,0,0,0,0,0,0,0,0,0,0,0,2022,2,3,3,34,5,1,0,0,0,0.43388373911755823,-0.900968867902419,0.5524353131676196,0.8335557718385699,0.5680647467311558,0.8229838658936564,0.8660254037844386,0.5000000000000001,1.0,4.0,0.0,0.0,0.0,4.0,1.6666666666666667,2.0816659994661326,5.0,4.0,1.5714285714285714,1.8126539343499315,11.0,4.0,0.7857142857142857,1.4769288003552103,11.0,4.0,0.39285714285714285,1.1001442906807544,11.0,4.0,0.625,1.453582892650588,20.0,5.0,0.625,1.453582892650588,20.0,5.0,-1.0,0.0,-4.0,954,0.279874213836478,0.16666666666666666,0.24423480083857443,0.2526205450733753,0.09538784067085954,0.31551362683438156,40.0,5.9958071278826
2022-02-04,4,0,0,0,0,0,0,0,12,0,0,0,2022,2,4,4,35,5,1,0,0,1,-0.433883739117558,-0.9009688679024191,0.5667017562911176,0.8239230057575542,0.5680647467311558,0.8229838658936564,0.8660254037844386,0.5000000000000001,0.0,1.0,4.0,4.0,0.0,0.0,1.6666666666666667,2.0816659994661326,5.0,4.0,1.5714285714285714,1.8126539343499315,11.0,4.0,1.0714285714285714,1.6854255666327542,15.0,4.0,0.5357142857142857,1.2904820476643273,15.0,4.0,0.7272727272727273,1.5466238891680983,24.0,5.0,0.7272727272727273,1.5466238891680983,24.0,5.0,4.0,0.0,4.0,954,0.279874213836478,0.16666666666666666,0.24423480083857443,0.2526205450733753,0.09538784067085954,0.31551362683438156,40.0,5.9958071278826
2022-02-05,0,0,0,0,0,0,0,0,0,0,0,0,2022,2,5,5,36,5,1,1,0,0,-0.9749279121818236,-0.2225209339563146,0.5808002734538009,0.8140460935082178,0.5680647467311558,0.8229838658936564,0.8660254037844386,0.5000000000000001,4.0,0.0,1.0,2.0,0.0,0.0,1.3333333333333333,2.309401076758503,4.0,4.0,1.2857142857142858,1.889822365046136,9.0,4.0,1.0714285714285714,1.6854255666327542,15.0,4.0,0.5357142857142857,1.2904820476643273,15.0,4.0,0.7058823529411765,1.5281085905548824,24.0,5.0,0.7058823529411765,1.5281085905548824,24.0,5.0,-4.0,-2.0,0.0,954,0.279874213836478,0.16666666666666666,0.24423480083857443,0.2526205450733753,0.09538784067085954,0.31551362683438156,40.0,5.9958071278826
2022-02-06,0,0,0,0,0,0,0,0,0,0,0,0,2022,2,6,6,37,5,1,1,0,0,-0.7818314824680299,0.6234898018587334,0.5947266869607634,0.8039279618328213,0.5680647467311558,0.8229838658936564,0.8660254037844386,0.5000000000000001,0.0,4.0,0.0,0.0,0.0,0.0,1.3333333333333333,2.309401076758503,4.0,4.0,1.2857142857142858,1.889822365046136,9.0,4.0,1.0714285714285714,1.6854255666327542,15.0,4.0,0.5357142857142857,1.2904820476643273,15.0,4.0,0.6857142857142857,1.5101894811273062,24.0,5.0,0.6857142857142857,1.5101894811273062,24.0,5.0,0.0,0.0,0.0,954,0.279874213836478,0.16666666666666666,0.24423480083857443,0.2526205450733753,0.09538784067085954,0.31551362683438156,40.0,5.9958071278826
2022-02-07,0,0,0,0,0,0,0,0,0,0,0,0,2022,2,7,0,38,6,1,0,1,0,0.0,1.0,0.6084768701151261,0.7935716089521474,0.6631226582407952,0.7485107481711011,0.8660254037844386,0.5000000000000001,0.0,0.0,4.0,0.0,0.0,0.0,0.0,0.0,0.0,0.0,1.2857142857142858,1.889822365046136,9.0,4.0,1.0714285714285714,1.6854255666327542,15.0,4.0,0.5357142857142857,1.2904820476643273,15.0,4.0,0.6666666666666666,1.4928400545843576,24.0,5.0,0.6666666666666666,1.4928400545843576,24.0,5.0,0.0,0.0,0.0,954,0.279874213836478,0.16666666666666666,0.24423480083857443,0.2526205450733753,0.09538784067085954,0.31551362683438156,40.0,5.9958071278826
2022-02-08,0,0,0,0,0,0,0,0,0,0,0,0,2022,2,8,1,39,6,1,0,0,0,0.7818314824680298,0.6234898018587336,0.6220467484408675,0.7829801036770629,0.6631226582407952,0.7485107481711011,0.8660254037844386,0.5000000000000001,0.0,0.0,0.0,4.0,0.0,0.0,0.0,0.0,0.0,0.0,0.7142857142857143,1.4960264830861911,5.0,4.0,1.0714285714285714,1.6854255666327542,15.0,4.0,0.5357142857142857,1.2904820476643273,15.0,4.0,0.6486486486486487,1.476034782340402,24.0,5.0,0.6486486486486487,1.476034782340402,24.0,5.0,0.0,-4.0,0.0,954,0.279874213836478,0.16666666666666666,0.24423480083857443,0.2526205450733753,0.09538784067085954,0.31551362683438156,40.0,5.9958071278826
2022-02-09,0,0,0,0,0,0,0,0,0,0,0,0,2022,2,9,2,40,6,1,0,0,0,0.9749279121818236,-0.22252093395631434,0.6354323008901774,0.7721565844991642,0.6631226582407952,0.7485107481711011,0.8660254037844386,0.5000000000000001,0.0,0.0,0.0,1.0,0.0,0.0,0.0,0.0,0.0,0.0,0.5714285714285714,1.5118578920369088,4.0,4.0,1.0714285714285714,1.6854255666327542,15.0,4.0,0.5357142857142857,1.2904820476643273,15.0,4.0,0.631578947368421,1.459749194147775,24.0,5.0,0.631578947368421,1.459749194147775,24.0,5.0,0.0,-1.0,0.0,954,0.279874213836478,0.16666666666666666,0.24423480083857443,0.2526205450733753,0.09538784067085954,0.31551362683438156,40.0,5.9958071278826
2022-02-10,0,0,0,0,0,0,0,0,0,0,0,0,2022,2,10,3,41,6,1,0,0,0,0.43388373911755823,-0.900968867902419,0.6486295610349814,0.7611042586607747,0.6631226582407952,0.7485107481711011,0.8660254037844386,0.5000000000000001,0.0,0.0,0.0,0.0,0.0,0.0,0.0,0.0,0.0,0.0,0.5714285714285714,1.5118578920369088,4.0,4.0,1.0714285714285714,1.6854255666327542,15.0,4.0,0.5357142857142857,1.2904820476643273,15.0,4.0,0.6153846153846154,1.4439599173505404,24.0,5.0,0.6153846153846154,1.4439599173505404,24.0,5.0,0.0,0.0,0.0,954,0.279874213836478,0.16666666666666666,0.24423480083857443,0.2526205450733753,0.09538784067085954,0.31551362683438156,40.0,5.9958071278826
2022-02-11,0,0,0,0,0,0,0,0,0,0,0,0,2022,2,11,4,42,6,1,0,0,1,-0.433883739117558,-0.9009688679024191,0.6616346182422783,0.7498264012045686,0.6631226582407952,0.7485107481711011,0.8660254037844386,0.5000000000000001,0.0,0.0,0.0,4.0,4.0,0.0,0.0,0.0,0.0,0.0,0.0,0.0,0.0,0.0,0.7857142857142857,1.4769288003552103,11.0,4.0,0.5357142857142857,1.2904820476643273,15.0,4.0,0.6,1.4286446867663214,24.0,5.0,0.6,1.4286446867663214,24.0,5.0,0.0,-4.0,0.0,954,0.279874213836478,0.16666666666666666,0.24423480083857443,0.2526205450733753,0.09538784067085954,0.31551362683438156,40.0,5.9958071278826
2022-02-12,0,0,0,0,0,0,0,0,0,0,0,0,2022,2,12,5,43,6,1,1,0,0,-0.9749279121818236,-0.2225209339563146,0.6744436188329455,0.7383263540031065,0.6631226582407952,0.7485107481711011,0.8660254037844386,0.5000000000000001,0.0,0.0,0.0,0.0,2.0,0.0,0.0,0.0,0.0,0.0,0.0,0.0,0.0,0.0,0.6428571428571429,1.446860944737466,9.0,4.0,0.5357142857142857,1.2904820476643273,15.0,4.0,0.5853658536585366,1.4137823339555766,24.0,5.0,0.5853658536585366,1.4137823339555766,24.0,5.0,0.0,0.0,0.0,954,0.279874213836478,0.16666666666666666,0.24423480083857443,0.2526205450733753,0.09538784067085954,0.31551362683438156,40.0,5.9958071278826
2022-02-13,0,0,0,0,0,0,0,0,0,0,0,0,2022,2,13,6,44,6,1,1,0,0,-0.7818314824680299,0.6234898018587334,0.6870527672236669,0.7266075247685656,0.6631226582407952,0.7485107481711011,0.8660254037844386,0.5000000000000001,0.0,0.0,0.0,0.0,0.0,0.0,0.0,0.0,0.0,0.0,0.0,0.0,0.0,0.0,0.6428571428571429,1.446860944737466,9.0,4.0,0.5357142857142857,1.2904820476643273,15.0,4.0,0.5714285714285714,1.3993527622833724,24.0,5.0,0.5714285714285714,1.3993527622833724,24.0,5.0,0.0,0.0,0.0,954,0.279874213836478,0.16666666666666666,0.24423480083857443,0.2526205450733753,0.09538784067085954,0.31551362683438156,40.0,5.9958071278826
2022-02-14,0,0,0,0,0,0,0,0,0,0,0,0,2022,2,14,0,45,7,1,0,1,0,0.0,1.0,0.699458327051647,0.7146733860429609,0.7485107481711011,0.6631226582407953,0.8660254037844386,0.5000000000000001,0.0,0.0,0.0,0.0,0.0,0.0,0.0,0.0,0.0,0.0,0.0,0.0,0.0,0.0,0.6428571428571429,1.446860944737466,9.0,4.0,0.5357142857142857,1.2904820476643273,15.0,4.0,0.5581395348837209,1.3853369124580583,24.0,5.0,0.5581395348837209,1.3853369124580583,24.0,5.0,0.0,0.0,0.0,954,0.279874213836478,0.16666666666666666,0.24423480083857443,0.2526205450733753,0.09538784067085954,0.31551362683438156,40.0,5.9958071278826
2022-02-15,0,0,0,0,0,0,0,0,0,0,0,0,2022,2,15,1,46,7,1,0,0,0,0.7818314824680298,0.6234898018587336,0.7116566222817746,0.7025274741691571,0.7485107481711011,0.6631226582407953,0.8660254037844386,0.5000000000000001,0.0,0.0,0.0,0.0,4.0,0.0,0.0,0.0,0.0,0.0,0.0,0.0,0.0,0.0,0.35714285714285715,1.0818177620697813,5.0,4.0,0.5357142857142857,1.2904820476643273,15.0,4.0,0.5454545454545454,1.3717167219683863,24.0,5.0,0.5454545454545454,1.3717167219683863,24.0,5.0,0.0,0.0,0.0,954,0.279874213836478,0.16666666666666666,0.24423480083857443,0.2526205450733753,0.09538784067085954,0.31551362683438156,40.0,5.9958071278826
2022-02-16,0,0,0,0,0,0,0,0,0,0,0,0,2022,2,16,2,47,7,1,0,0,0,0.9749279121818236,-0.22252093395631434,0.7236440382959124,0.6901733882429719,0.7485107481711011,0.6631226582407953,0.8660254037844386,0.5000000000000001,0.0,0.0,0.0,0.0,1.0,0.0,0.0,0.0,0.0,0.0,0.0,0.0,0.0,0.0,0.2857142857142857,1.0690449676496974,4.0,4.0,0.5357142857142857,1.2904820476643273,15.0,4.0,0.5333333333333333,1.3584750809104102,24.0,5.0,0.5333333333333333,1.3584750809104102,24.0,5.0,0.0,0.0,0.0,954,0.279874213836478,0.16666666666666666,0.24423480083857443,0.2526205450733753,0.09538784067085954,0.31551362683438156,40.0,5.9958071278826
2022-02-17,1,0,0,1,0,0,0,0,1,1,1,0,2022,2,17,3,48,7,1,0,0,0,0.43388373911755823,-0.900968867902419,0.7354170229639855,0.6776147890466889,0.7485107481711011,0.6631226582407953,0.8660254037844386,0.5000000000000001,0.0,0.0,0.0,0.0,0.0,0.0,0.3333333333333333,0.5773502691896245,1.0,1.0,0.14285714285714285,0.37796447300922653,1.0,1.0,0.35714285714285715,1.0818177620697813,5.0,4.0,0.5714285714285714,1.2889436222642405,16.0,4.0,0.5434782608695652,1.345057152674693,25.0,5.0,0.5434782608695652,1.345057152674693,25.0,5.0,1.0,1.0,1.0,954,0.279874213836478,0.16666666666666666,0.24423480083857443,0.2526205450733753,0.09538784067085954,0.31551362683438156,40.0,5.9958071278826
2022-02-18,0,0,0,0,0,0,0,0,0,0,0,0,2022,2,18,4,49,7,1,0,0,1,-0.433883739117558,-0.9009688679024191,0.7469720876965552,0.6648553979642865,0.7485107481711011,0.6631226582407953,0.8660254037844386,0.5000000000000001,1.0,0.0,0.0,0.0,4.0,0.0,0.3333333333333333,0.5773502691896245,1.0,1.0,0.14285714285714285,0.37796447300922653,1.0,1.0,0.07142857142857142,0.2672612419124234,1.0,1.0,0.5714285714285714,1.2889436222642405,16.0,4.0,0.5319148936170213,1.3327164777216305,25.0,5.0,0.5319148936170213,1.3327164777216305,25.0,5.0,-1.0,0.0,0.0,954,0.279874213836478,0.16666666666666666,0.24423480083857443,0.2526205450733753,0.09538784067085954,0.31551362683438156,40.0,5.9958071278826
2022-02-19,0,0,0,0,0,0,0,0,0,0,0,0,2022,2,19,5,50,7,1,1,0,0,-0.9749279121818236,-0.2225209339563146,0.7583058084785624,0.6518989958787126,0.7485107481711011,0.6631226582407953,0.8660254037844386,0.5000000000000001,0.0,1.0,0.0,0.0,0.0,0.0,0.3333333333333333,0.5773502691896245,1.0,1.0,0.14285714285714285,0.37796447300922653,1.0,1.0,0.07142857142857142,0.2672612419124234,1.0,1.0,0.5714285714285714,1.2889436222642405,16.0,4.0,0.5208333333333334,1.320695872883868,25.0,5.0,0.5208333333333334,1.320695872883868,25.0,5.0,0.0,0.0,0.0,954,0.279874213836478,0.16666666666666666,0.24423480083857443,0.2526205450733753,0.09538784067085954,0.31551362683438156,40.0,5.9958071278826
2022-02-20,0,0,0,0,0,0,0,0,0,0,0,0,2022,2,20,6,51,7,1,1,0,0,-0.7818314824680299,0.6234898018587334,0.7694148268839378,0.6387494220515272,0.7485107481711011,0.6631226582407953,0.8660254037844386,0.5000000000000001,0.0,0.0,1.0,0.0,0.0,0.0,0.0,0.0,0.0,0.0,0.14285714285714285,0.37796447300922653,1.0,1.0,0.07142857142857142,0.2672612419124234,1.0,1.0,0.5714285714285714,1.2889436222642405,16.0,4.0,0.5102040816326531,1.308982572133663,25.0,5.0,0.5102040816326531,1.308982572133663,25.0,5.0,0.0,0.0,0.0,954,0.279874213836478,0.16666666666666666,0.24423480083857443,0.2526205450733753,0.09538784067085954,0.31551362683438156,40.0,5.9958071278826
2022-02-21,0,0,0,0,0,0,0,0,0,0,0,0,2022,2,21,0,52,8,1,0,1,0,0.0,1.0,0.7802958510707755,0.6254105729852463,0.8229838658936564,0.5680647467311559,0.8660254037844386,0.5000000000000001,0.0,0.0,0.0,0.0,0.0,0.0,0.0,0.0,0.0,0.0,0.14285714285714285,0.37796447300922653,1.0,1.0,0.07142857142857142,0.2672612419124234,1.0,1.0,0.5714285714285714,1.2889436222642405,16.0,4.0,0.5,1.2975644374703537,25.0,5.0,0.5,1.2975644374703537,25.0,5.0,0.0,0.0,0.0,954,0.279874213836478,0.16666666666666666,0.24423480083857443,0.2526205450733753,0.09538784067085954,0.31551362683438156,40.0,5.9958071278826
2022-02-22,0,0,0,0,0,0,0,0,0,0,0,0,2022,2,22,1,53,8,1,0,0,0,0.7818314824680298,0.6234898018587336,0.7909456567567772,0.6118864012687243,0.8229838658936564,0.5680647467311559,0.8660254037844386,0.5000000000000001,0.0,0.0,0.0,0.0,0.0,0.0,0.0,0.0,0.0,0.0,0.14285714285714285,0.37796447300922653,1.0,1.0,0.07142857142857142,0.2672612419124234,1.0,1.0,0.5714285714285714,1.2889436222642405,16.0,4.0,0.49019607843137253,1.2864299284392888,25.0,5.0,0.49019607843137253,1.2864299284392888,25.0,5.0,0.0,0.0,0.0,954,0.279874213836478,0.16666666666666666,0.24423480083857443,0.2526205450733753,0.09538784067085954,0.31551362683438156,40.0,5.9958071278826
2022-02-23,0,0,0,0,0,0,0,0,0,0,0,0,2022,2,23,2,54,8,1,0,0,0,0.9749279121818236,-0.22252093395631434,0.8013610881746766,0.5981809144059165,0.8229838658936564,0.5680647467311559,0.8660254037844386,0.5000000000000001,0.0,0.0,0.0,0.0,0.0,0.0,0.0,0.0,0.0,0.0,0.14285714285714285,0.37796447300922653,1.0,1.0,0.07142857142857142,0.2672612419124234,1.0,1.0,0.5714285714285714,1.2889436222642405,16.0,4.0,0.4807692307692308,1.2755680720705076,25.0,5.0,0.4807692307692308,1.2755680720705076,25.0,5.0,0.0,0.0,0.0,954,0.279874213836478,0.16666666666666666,0.24423480083857443,0.2526205450733753,0.09538784067085954,0.31551362683438156,40.0,5.9958071278826
2022-02-24,0,0,0,0,0,0,0,0,0,0,0,0,2022,2,24,3,55,8,1,0,0,0,0.43388373911755823,-0.900968867902419,0.8115390590073611,0.5842981736283684,0.8229838658936564,0.5680647467311559,0.8660254037844386,0.5000000000000001,0.0,0.0,0.0,1.0,0.0,0.0,0.0,0.0,0.0,0.0,0.0,0.0,0.0,0.0,0.07142857142857142,0.2672612419124234,1.0,1.0,0.5714285714285714,1.2889436222642405,16.0,4.0,0.4716981132075472,1.2649684335512041,25.0,5.0,0.4716981132075472,1.2649684335512041,25.0,5.0,0.0,-1.0,0.0,954,0.279874213836478,0.16666666666666666,0.24423480083857443,0.2526205450733753,0.09538784067085954,0.31551362683438156,40.0,5.9958071278826
2022-02-25,1,1,0,1,0,0,0,0,2,0,0,0,2022,2,25,4,56,8,1,0,0,1,-0.433883739117558,-0.9009688679024191,0.8214765533024142,0.5702422926917871,0.8229838658936564,0.5680647467311559,0.8660254037844386,0.5000000000000001,0.0,0.0,0.0,0.0,0.0,4.0,0.3333333333333333,0.5773502691896245,1.0,1.0,0.14285714285714285,0.37796447300922653,1.0,1.0,0.14285714285714285,0.36313651960128074,2.0,1.0,0.4642857142857143,1.1049431980420852,13.0,4.0,0.48148148148148145,1.2550387611956153,26.0,5.0,0.48148148148148145,1.2550387611956153,26.0,5.0,1.0,1.0,-3.0,954,0.279874213836478,0.16666666666666666,0.24423480083857443,0.2526205450733753,0.09538784067085954,0.31551362683438156,40.0,5.9958071278826
2022-02-26,1,0,1,0,0,0,0,0,2,1,1,1,2022,2,26,5,57,8,1,1,0,0,-0.9749279121818236,-0.2225209339563146,0.8311706263658079,0.5560174366570446,0.8229838658936564,0.5680647467311559,0.8660254037844386,0.5000000000000001,1.0,0.0,0.0,0.0,0.0,2.0,0.6666666666666666,0.5773502691896247,2.0,1.0,0.2857142857142857,0.4879500364742661,2.0,1.0,0.21428571428571427,0.42581531362631947,3.0,1.0,0.42857142857142855,1.0690449676496974,12.0,4.0,0.4909090909090909,1.2453279691879369,27.0,5.0,0.4909090909090909,1.2453279691879369,27.0,5.0,0.0,1.0,-1.0,954,0.279874213836478,0.16666666666666666,0.24423480083857443,0.2526205450733753,0.09538784067085954,0.31551362683438156,40.0,5.9958071278826
2022-02-27,0,0,0,0,0,0,0,0,0,0,0,0,2022,2,27,6,58,8,1,1,0,0,-0.7818314824680299,0.6234898018587334,0.8406184056344782,0.5416278206559814,0.8229838658936564,0.5680647467311559,0.8660254037844386,0.5000000000000001,1.0,1.0,0.0,0.0,0.0,0.0,0.6666666666666666,0.5773502691896247,2.0,1.0,0.2857142857142857,0.4879500364742661,2.0,1.0,0.21428571428571427,0.42581531362631947,3.0,1.0,0.42857142857142855,1.0690449676496974,12.0,4.0,0.48214285714285715,1.2356973949750207,27.0,5.0,0.48214285714285715,1.2356973949750207,27.0,5.0,-1.0,0.0,0.0,954,0.279874213836478,0.16666666666666666,0.24423480083857443,0.2526205450733753,0.09538784067085954,0.31551362683438156,40.0,5.9958071278826
2022-02-28,0,0,0,0,0,0,0,0,0,0,0,0,2022,2,28,0,59,9,1,0,1,0,0.0,1.0,0.8498170915275278,0.5270777086423722,0.8854560256532099,0.4647231720437686,0.8660254037844386,0.5000000000000001,0.0,1.0,1.0,0.0,0.0,0.0,0.3333333333333333,0.5773502691896244,1.0,1.0,0.2857142857142857,0.4879500364742661,2.0,1.0,0.21428571428571427,0.42581531362631947,3.0,1.0,0.42857142857142855,1.0690449676496974,12.0,4.0,0.39285714285714285,1.0732884290571907,22.0,4.0,0.47368421052631576,1.2262786789699318,27.0,5.0,0.0,0.0,0.0,954,0.279874213836478,0.16666666666666666,0.24423480083857443,0.2526205450733753,0.09538784067085954,0.31551362683438156,40.0,5.9958071278826
2022-03-01,4,0,4,0,0,4,0,4,8,0,0,4,2022,3,1,1,60,9,1,0,0,0,0.7818314824680298,0.6234898018587336,0.8587639582758029,0.5123714121284237,0.8854560256532099,0.4647231720437686,1.0,6.123233995736766e-17,0.0,0.0,1.0,0.0,0.0,4.0,1.3333333333333333,2.309401076758503,4.0,4.0,0.8571428571428571,1.4638501094227998,6.0,4.0,0.5,1.0919284281983375,7.0,4.0,0.42857142857142855,1.0690449676496974,12.0,4.0,0.4642857142857143,1.174955097235414,26.0,4.0,0.5344827586206896,1.3006815654822048,31.0,5.0,4.0,4.0,0.0,954,0.279874213836478,0.16666666666666666,0.24423480083857443,0.2526205450733753,0.09538784067085954,0.31551362683438156,40.0,5.9958071278826
2022-03-02,0,0,0,0,0,0,0,0,0,0,0,0,2022,3,2,2,61,9,1,0,0,0,0.9749279121818236,-0.22252093395631434,0.8674563547295969,0.49751328890718066,0.8854560256532099,0.4647231720437686,1.0,6.123233995736766e-17,4.0,0.0,0.0,0.0,0.0,1.0,1.3333333333333333,2.309401076758503,4.0,4.0,0.8571428571428571,1.4638501094227998,6.0,4.0,0.5,1.0919284281983375,7.0,4.0,0.39285714285714285,1.0659471779799345,11.0,4.0,0.4642857142857143,1.174955097235414,26.0,4.0,0.5254237288135594,1.291296223973386,31.0,5.0,-4.0,0.0,-1.0,954,0.279874213836478,0.16666666666666666,0.24423480083857443,0.2526205450733753,0.09538784067085954,0.31551362683438156,40.0,5.9958071278826
2022-03-03,4,0,0,0,0,4,0,4,8,0,0,4,2022,3,3,3,62,9,1,0,0,0,0.43388373911755823,-0.900968867902419,0.8758917051442429,0.48250774176121847,0.8854560256532099,0.4647231720437686,1.0,6.123233995736766e-17,0.0,4.0,0.0,0.0,1.0,0.0,2.6666666666666665,2.3094010767585034,8.0,4.0,1.4285714285714286,1.8126539343499315,10.0,4.0,0.7142857142857143,1.4373357526806552,10.0,4.0,0.5357142857142857,1.261455445614248,15.0,4.0,0.4642857142857143,1.174955097235414,26.0,4.0,0.5833333333333334,1.3566117647381615,35.0,5.0,4.0,4.0,4.0,954,0.279874213836478,0.16666666666666666,0.24423480083857443,0.2526205450733753,0.09538784067085954,0.31551362683438156,40.0,5.9958071278826
2022-03-04,0,0,0,0,0,0,0,0,0,0,0,0,2022,3,4,4,63,9,1,0,0,1,-0.433883739117558,-0.9009688679024191,0.8840675099433636,0.4673592171580022,0.8854560256532099,0.4647231720437686,1.0,6.123233995736766e-17,4.0,0.0,4.0,1.0,0.0,4.0,1.3333333333333333,2.309401076758503,4.0,4.0,1.2857142857142858,1.889822365046136,9.0,4.0,0.7142857142857143,1.4373357526806552,10.0,4.0,0.39285714285714285,1.0659471779799345,11.0,4.0,0.4642857142857143,1.174955097235414,26.0,4.0,0.5737704918032787,1.3473308971622702,35.0,5.0,-4.0,-1.0,-4.0,954,0.279874213836478,0.16666666666666666,0.24423480083857443,0.2526205450733753,0.09538784067085954,0.31551362683438156,40.0,5.9958071278826
2022-03-05,0,0,0,0,0,0,0,0,0,0,0,0,2022,3,5,5,64,9,1,1,0,0,-0.9749279121818236,-0.2225209339563146,0.8919813464595485,0.45207220393230435,0.8854560256532099,0.4647231720437686,1.0,6.123233995736766e-17,0.0,4.0,0.0,1.0,0.0,0.0,1.3333333333333333,2.309401076758503,4.0,4.0,1.1428571428571428,1.9518001458970662,8.0,4.0,0.7142857142857143,1.4373357526806552,10.0,4.0,0.39285714285714285,1.0659471779799345,11.0,4.0,0.4642857142857143,1.174955097235414,26.0,4.0,0.5645161290322581,1.3382269618323097,35.0,5.0,0.0,-1.0,0.0,954,0.279874213836478,0.16666666666666666,0.24423480083857443,0.2526205450733753,0.09538784067085954,0.31551362683438156,40.0,5.9958071278826
2022-03-06,0,0,0,0,0,0,0,0,0,0,0,0,2022,3,6,6,65,9,1,1,0,0,-0.7818314824680299,0.6234898018587334,0.8996308696522433,0.43665123195606403,0.8854560256532099,0.4647231720437686,1.0,6.123233995736766e-17,0.0,0.0,4.0,0.0,0.0,0.0,0.0,0.0,0.0,0.0,1.1428571428571428,1.9518001458970662,8.0,4.0,0.7142857142857143,1.4373357526806552,10.0,4.0,0.39285714285714285,1.0659471779799345,11.0,4.0,0.4642857142857143,1.174955097235414,26.0,4.0,0.5555555555555556,1.3292949595953996,35.0,5.0,0.0,0.0,0.0,954,0.279874213836478,0.16666666666666666,0.24423480083857443,0.2526205450733753,0.09538784067085954,0.31551362683438156,40.0,5.9958071278826
2022-03-07,0,0,0,0,0,0,0,0,0,0,0,0,2022,3,7,0,66,10,1,0,1,0,0.0,1.0,0.9070138128026359,0.4211008707960896,0.9350162426854148,0.35460488704253557,1.0,6.123233995736766e-17,0.0,0.0,0.0,0.0,0.0,0.0,0.0,0.0,0.0,0.0,1.1428571428571428,1.9518001458970662,8.0,4.0,0.7142857142857143,1.4373357526806552,10.0,4.0,0.39285714285714285,1.0659471779799345,11.0,4.0,0.4642857142857143,1.174955097235414,26.0,4.0,0.546875,1.3205300462975476,35.0,5.0,0.0,0.0,0.0,954,0.279874213836478,0.16666666666666666,0.24423480083857443,0.2526205450733753,0.09538784067085954,0.31551362683438156,40.0,5.9958071278826
2022-03-08,0,0,0,0,0,0,0,0,0,0,0,0,2022,3,8,1,67,10,1,0,0,0,0.7818314824680298,0.6234898018587336,0.9141279881853337,0.40542572835999735,0.9350162426854148,0.35460488704253557,1.0,6.123233995736766e-17,0.0,0.0,0.0,4.0,0.0,0.0,0.0,0.0,0.0,0.0,0.5714285714285714,1.5118578920369088,4.0,4.0,0.7142857142857143,1.4373357526806552,10.0,4.0,0.39285714285714285,1.0659471779799345,11.0,4.0,0.4642857142857143,1.174955097235414,26.0,4.0,0.5384615384615384,1.31192753083158,35.0,5.0,0.0,-4.0,0.0,954,0.279874213836478,0.16666666666666666,0.24423480083857443,0.2526205450733753,0.09538784067085954,0.31551362683438156,40.0,5.9958071278826
2022-03-09,0,0,0,0,0,0,0,0,0,0,0,0,2022,3,9,2,68,10,1,0,0,0,0.9749279121818236,-0.22252093395631434,0.9209712877166346,0.38963044953078796,0.9350162426854148,0.35460488704253557,1.0,6.123233995736766e-17,0.0,0.0,0.0,0.0,0.0,0.0,0.0,0.0,0.0,0.0,0.5714285714285714,1.5118578920369088,4.0,4.0,0.7142857142857143,1.4373357526806552,10.0,4.0,0.39285714285714285,1.0659471779799345,11.0,4.0,0.4642857142857143,1.174955097235414,26.0,4.0,0.5303030303030303,1.3034828725639624,35.0,5.0,0.0,0.0,0.0,954,0.279874213836478,0.16666666666666666,0.24423480083857443,0.2526205450733753,0.09538784067085954,0.31551362683438156,40.0,5.9958071278826
2022-03-10,4,0,0,0,0,0,0,0,8,0,0,0,2022,3,10,3,69,10,1,0,0,0,0.43388373911755823,-0.900968867902419,0.9275416835791966,0.37371971479046906,0.9350162426854148,0.35460488704253557,1.0,6.123233995736766e-17,0.0,0.0,0.0,4.0,0.0,0.0,1.3333333333333333,2.309401076758503,4.0,4.0,0.5714285714285714,1.5118578920369088,4.0,4.0,1.0,1.6641005886756872,14.0,4.0,0.5357142857142857,1.261455445614248,15.0,4.0,0.5357142857142857,1.2643976030906177,30.0,4.0,0.582089552238806,1.3612522502565734,39.0,5.0,4.0,0.0,4.0,954,0.279874213836478,0.16666666666666666,0.24423480083857443,0.2526205450733753,0.09538784067085954,0.31551362683438156,40.0,5.9958071278826
2022-03-11,0,0,0,0,0,0,0,0,0,0,0,0,2022,3,11,4,70,10,1,0,0,1,-0.433883739117558,-0.9009688679024191,0.9338372288229252,0.35769823883312546,0.9350162426854148,0.35460488704253557,1.0,6.123233995736766e-17,4.0,0.0,0.0,0.0,1.0,0.0,1.3333333333333333,2.3094010767585034,4.0,4.0,0.5714285714285714,1.5118578920369088,4.0,4.0,0.9285714285714286,1.6854255666327542,13.0,4.0,0.5357142857142857,1.261455445614248,15.0,4.0,0.5357142857142857,1.2643976030906177,30.0,4.0,0.5735294117647058,1.3528982319404919,39.0,5.0,-4.0,0.0,0.0,954,0.279874213836478,0.16666666666666666,0.24423480083857443,0.2526205450733753,0.09538784067085954,0.31551362683438156,40.0,5.9958071278826
2022-03-12,0,0,0,0,0,0,0,0,0,0,0,0,2022,3,12,5,71,10,1,1,0,0,-0.9749279121818236,-0.2225209339563146,0.9398560579418954,0.3415707691678556,0.9350162426854148,0.35460488704253557,1.0,6.123233995736766e-17,0.0,4.0,0.0,0.0,1.0,0.0,1.3333333333333333,2.3094010767585034,4.0,4.0,0.5714285714285714,1.5118578920369088,4.0,4.0,0.8571428571428571,1.70326125450528,12.0,4.0,0.5357142857142857,1.261455445614248,15.0,4.0,0.5357142857142857,1.2643976030906177,30.0,4.0,0.5652173913043478,1.3446873775054582,39.0,5.0,0.0,0.0,0.0,954,0.279874213836478,0.16666666666666666,0.24423480083857443,0.2526205450733753,0.09538784067085954,0.31551362683438156,40.0,5.9958071278826
2022-03-13,0,0,0,0,0,0,0,0,0,0,0,0,2022,3,13,6,72,10,1,1,0,0,-0.7818314824680299,0.6234898018587334,0.9455963874271426,0.3253420847119801,0.9350162426854148,0.35460488704253557,1.0,6.123233995736766e-17,0.0,0.0,4.0,0.0,0.0,0.0,0.0,0.0,0.0,0.0,0.5714285714285714,1.5118578920369088,4.0,4.0,0.8571428571428571,1.70326125450528,12.0,4.0,0.5357142857142857,1.261455445614248,15.0,4.0,0.5357142857142857,1.2643976030906177,30.0,4.0,0.5571428571428572,1.3366160417502786,39.0,5.0,0.0,0.0,0.0,954,0.279874213836478,0.16666666666666666,0.24423480083857443,0.2526205450733753,0.09538784067085954,0.31551362683438156,40.0,5.9958071278826
2022-03-14,0,0,0,0,0,0,0,0,0,0,0,0,2022,3,14,0,73,11,1,0,1,0,0.0,1.0,0.9510565162951535,0.30901699437494745,0.970941817426052,0.23931566428755804,1.0,6.123233995736766e-17,0.0,0.0,0.0,0.0,0.0,0.0,0.0,0.0,0.0,0.0,0.5714285714285714,1.5118578920369088,4.0,4.0,0.8571428571428571,1.70326125450528,12.0,4.0,0.5357142857142857,1.261455445614248,15.0,4.0,0.5357142857142857,1.2643976030906177,30.0,4.0,0.5492957746478874,1.3286806817760046,39.0,5.0,0.0,0.0,0.0,954,0.279874213836478,0.16666666666666666,0.24423480083857443,0.2526205450733753,0.09538784067085954,0.31551362683438156,40.0,5.9958071278826
2022-03-15,0,0,0,0,0,0,0,0,0,0,0,0,2022,3,15,1,74,11,1,0,0,0,0.7818314824680298,0.6234898018587336,0.9562348265919056,0.29260033563334836,0.970941817426052,0.23931566428755804,1.0,6.123233995736766e-17,0.0,0.0,0.0,0.0,4.0,0.0,0.0,0.0,0.0,0.0,0.5714285714285714,1.5118578920369088,4.0,4.0,0.5714285714285714,1.4525460784051256,8.0,4.0,0.5357142857142857,1.261455445614248,15.0,4.0,0.5357142857142857,1.2643976030906177,30.0,4.0,0.5416666666666666,1.3208778557683354,39.0,5.0,0.0,0.0,0.0,954,0.279874213836478,0.16666666666666666,0.24423480083857443,0.2526205450733753,0.09538784067085954,0.31551362683438156,40.0,5.9958071278826
2022-03-16,0,0,0,0,0,0,0,0,0,0,0,0,2022,3,16,2,75,11,1,0,0,0,0.9749279121818236,-0.22252093395631434,0.9611297838723007,0.27609697309746883,0.970941817426052,0.23931566428755804,1.0,6.123233995736766e-17,0.0,0.0,0.0,0.0,0.0,0.0,0.0,0.0,0.0,0.0,0.5714285714285714,1.5118578920369088,4.0,4.0,0.5714285714285714,1.4525460784051256,8.0,4.0,0.5357142857142857,1.261455445614248,15.0,4.0,0.5357142857142857,1.2643976030906177,30.0,4.0,0.5342465753424658,1.3132042214541704,39.0,5.0,0.0,0.0,0.0,954,0.279874213836478,0.16666666666666666,0.24423480083857443,0.2526205450733753,0.09538784067085954,0.31551362683438156,40.0,5.9958071278826
2022-03-17,0,0,0,0,0,0,0,0,0,0,0,0,2022,3,17,3,76,11,1,0,0,0,0.43388373911755823,-0.900968867902419,0.9657399376548549,0.2595117970697999,0.970941817426052,0.23931566428755804,1.0,6.123233995736766e-17,0.0,0.0,0.0,4.0,4.0,1.0,0.0,0.0,0.0,0.0,0.0,0.0,0.0,0.0,0.2857142857142857,1.0690449676496974,4.0,4.0,0.5,1.2619796324000607,14.0,4.0,0.5357142857142857,1.2643976030906177,30.0,4.0,0.527027027027027,1.305656534300236,39.0,5.0,0.0,-4.0,-1.0,954,0.279874213836478,0.16666666666666666,0.24423480083857443,0.2526205450733753,0.09538784067085954,0.31551362683438156,40.0,5.9958071278826
2022-03-18,0,0,0,0,0,0,0,0,0,0,0,0,2022,3,18,4,77,11,1,0,0,1,-0.433883739117558,-0.9009688679024191,0.9700639218515071,0.2428497220959356,0.970941817426052,0.23931566428755804,1.0,6.123233995736766e-17,0.0,0.0,0.0,0.0,0.0,0.0,0.0,0.0,0.0,0.0,0.0,0.0,0.0,0.0,0.2857142857142857,1.0690449676496974,4.0,4.0,0.5,1.2619796324000607,14.0,4.0,0.5357142857142857,1.2643976030906177,30.0,4.0,0.52,1.2982316455106944,39.0,5.0,0.0,0.0,0.0,954,0.279874213836478,0.16666666666666666,0.24423480083857443,0.2526205450733753,0.09538784067085954,0.31551362683438156,40.0,5.9958071278826
2022-03-19,0,0,0,0,0,0,0,0,0,0,0,0,2022,3,19,5,78,11,1,1,0,0,-0.9749279121818236,-0.2225209339563146,0.9741004551724205,0.22611568550828828,0.970941817426052,0.23931566428755804,1.0,6.123233995736766e-17,0.0,0.0,0.0,0.0,0.0,0.0,0.0,0.0,0.0,0.0,0.0,0.0,0.0,0.0,0.2857142857142857,1.0690449676496974,4.0,4.0,0.5,1.2619796324000607,14.0,4.0,0.5357142857142857,1.2643976030906177,30.0,4.0,0.5131578947368421,1.2909264998713812,39.0,5.0,0.0,0.0,0.0,954,0.279874213836478,0.16666666666666666,0.24423480083857443,0.2526205450733753,0.09538784067085954,0.31551362683438156,40.0,5.9958071278826
2022-03-20,0,0,0,0,0,0,0,0,0,0,0,0,2022,3,20,6,79,11,1,1,0,0,-0.7818314824680299,0.6234898018587334,0.9778483415056568,0.20931464596304847,0.970941817426052,0.23931566428755804,1.0,6.123233995736766e-17,0.0,0.0,0.0,0.0,0.0,0.0,0.0,0.0,0.0,0.0,0.0,0.0,0.0,0.0,0.2857142857142857,1.0690449676496974,4.0,4.0,0.5,1.2619796324000607,14.0,4.0,0.5357142857142857,1.2643976030906177,30.0,4.0,0.5064935064935064,1.2837381334805071,39.0,5.0,0.0,0.0,0.0,954,0.279874213836478,0.16666666666666666,0.24423480083857443,0.2526205450733753,0.09538784067085954,0.31551362683438156,40.0,5.9958071278826
2022-03-21,1,0,0,0,0,0,0,0,2,0,0,0,2022,3,21,0,80,12,1,0,1,0,0.0,1.0,0.9813064702716093,0.19245158197082998,0.992708874098054,0.120536680255323,1.0,6.123233995736766e-17,0.0,0.0,0.0,0.0,0.0,0.0,0.3333333333333333,0.5773502691896261,1.0,1.0,0.14285714285714285,0.3779644730092266,1.0,1.0,0.35714285714285715,1.0818177620697813,5.0,4.0,0.5357142857142857,1.261455445614248,15.0,4.0,0.5535714285714286,1.2637554835006346,31.0,4.0,0.5128205128205128,1.2765984606381249,40.0,5.0,1.0,1.0,1.0,954,0.279874213836478,0.16666666666666666,0.24423480083857443,0.2526205450733753,0.09538784067085954,0.31551362683438156,40.0,5.9958071278826
2022-03-22,0,0,0,0,0,0,0,0,0,0,0,0,2022,3,22,1,81,12,1,0,0,0,0.7818314824680298,0.6234898018587336,0.9844738167520922,0.1755314904214282,0.992708874098054,0.120536680255323,1.0,6.123233995736766e-17,1.0,0.0,0.0,0.0,0.0,0.0,0.3333333333333333,0.5773502691896261,1.0,1.0,0.14285714285714285,0.3779644730092266,1.0,1.0,0.35714285714285715,1.0818177620697813,5.0,4.0,0.5357142857142857,1.261455445614248,15.0,4.0,0.5535714285714286,1.2637554835006346,31.0,4.0,0.5063291139240507,1.2697003252485937,40.0,5.0,-1.0,0.0,0.0,954,0.279874213836478,0.16666666666666666,0.24423480083857443,0.2526205450733753,0.09538784067085954,0.31551362683438156,40.0,5.9958071278826
2022-03-23,0,0,0,0,0,0,0,0,0,0,0,0,2022,3,23,2,82,12,1,0,0,0,0.9749279121818236,-0.22252093395631434,0.9873494423939864,0.15855938510313475,0.992708874098054,0.120536680255323,1.0,6.123233995736766e-17,0.0,1.0,0.0,0.0,0.0,0.0,0.3333333333333333,0.5773502691896261,1.0,1.0,0.14285714285714285,0.3779644730092266,1.0,1.0,0.35714285714285715,1.0818177620697813,5.0,4.0,0.5357142857142857,1.261455445614248,15.0,4.0,0.5535714285714286,1.2637554835006346,31.0,4.0,0.5,1.2629080365809537,40.0,5.0,0.0,0.0,0.0,954,0.279874213836478,0.16666666666666666,0.24423480083857443,0.2526205450733753,0.09538784067085954,0.31551362683438156,40.0,5.9958071278826
2022-03-24,0,0,0,0,0,0,0,0,0,0,0,0,2022,3,24,3,83,12,1,0,0,0,0.43388373911755823,-0.900968867902419,0.989932495087353,0.141540295217043,0.992708874098054,0.120536680255323,1.0,6.123233995736766e-17,0.0,0.0,1.0,0.0,4.0,0.0,0.0,0.0,0.0,0.0,0.14285714285714285,0.3779644730092266,1.0,1.0,0.07142857142857142,0.2672612419124242,1.0,1.0,0.5357142857142857,1.261455445614248,15.0,4.0,0.5535714285714286,1.2637554835006346,31.0,4.0,0.49382716049382713,1.256219097034067,40.0,5.0,0.0,0.0,0.0,954,0.279874213836478,0.16666666666666666,0.24423480083857443,0.2526205450733753,0.09538784067085954,0.31551362683438156,40.0,5.9958071278826
2022-03-25,0,0,0,0,0,0,0,0,0,0,0,0,2022,3,25,4,84,12,1,0,0,1,-0.433883739117558,-0.9009688679024191,0.9922222094179323,0.12447926388678915,0.992708874098054,0.120536680255323,1.0,6.123233995736766e-17,0.0,0.0,0.0,0.0,0.0,1.0,0.0,0.0,0.0,0.0,0.14285714285714285,0.3779644730092266,1.0,1.0,0.07142857142857142,0.2672612419124242,1.0,1.0,0.5,1.2619796324000607,14.0,4.0,0.48214285714285715,1.1753695191272857,27.0,4.0,0.4878048780487805,1.2496310807596784,40.0,5.0,0.0,0.0,-1.0,954,0.279874213836478,0.16666666666666666,0.24423480083857443,0.2526205450733753,0.09538784067085954,0.31551362683438156,40.0,5.9958071278826
2022-03-26,0,0,0,0,0,0,0,0,0,0,0,0,2022,3,26,5,85,12,1,1,0,0,-0.9749279121818236,-0.2225209339563146,0.994217906893952,0.10738134666416309,0.992708874098054,0.120536680255323,1.0,6.123233995736766e-17,0.0,0.0,0.0,0.0,0.0,1.0,0.0,0.0,0.0,0.0,0.14285714285714285,0.3779644730092266,1.0,1.0,0.07142857142857142,0.2672612419124242,1.0,1.0,0.4642857142857143,1.261455445614248,13.0,4.0,0.44642857142857145,1.158677033315353,25.0,4.0,0.4819277108433735,1.2431416317788448,40.0,5.0,0.0,0.0,-1.0,954,0.279874213836478,0.16666666666666666,0.24423480083857443,0.2526205450733753,0.09538784067085954,0.31551362683438156,40.0,5.9958071278826
2022-03-27,0,0,0,0,0,0,0,0,0,0,0,0,2022,3,27,6,86,12,1,1,0,0,-0.7818314824680299,0.6234898018587334,0.995918996147179,0.09025161003104117,0.992708874098054,0.120536680255323,1.0,6.123233995736766e-17,0.0,0.0,0.0,0.0,0.0,0.0,0.0,0.0,0.0,0.0,0.14285714285714285,0.3779644730092266,1.0,1.0,0.07142857142857142,0.2672612419124242,1.0,1.0,0.4642857142857143,1.261455445614248,13.0,4.0,0.44642857142857145,1.158677033315353,25.0,4.0,0.47619047619047616,1.2367484620820925,40.0,5.0,0.0,0.0,0.0,954,0.279874213836478,0.16666666666666666,0.24423480083857443,0.2526205450733753,0.09538784067085954,0.31551362683438156,40.0,5.9958071278826
2022-03-28,0,0,0,0,0,0,0,0,0,0,0,0,2022,3,28,0,87,13,1,0,1,0,0.0,1.0,0.9973249731081555,0.07309512989807777,1.0,-1.6081226496766366e-16,1.0,6.123233995736766e-17,0.0,0.0,0.0,1.0,0.0,0.0,0.0,0.0,0.0,0.0,0.0,0.0,0.0,0.0,0.07142857142857142,0.2672612419124242,1.0,1.0,0.4642857142857143,1.261455445614248,13.0,4.0,0.44642857142857145,1.158677033315353,25.0,4.0,0.4166666666666667,1.13231113836093,35.0,4.0,0.0,-1.0,0.0,954,0.279874213836478,0.16666666666666666,0.24423480083857443,0.2526205450733753,0.09538784067085954,0.31551362683438156,40.0,5.9958071278826
2022-03-29,0,0,0,0,0,0,0,0,0,0,0,0,2022,3,29,1,88,13,1,0,0,0,0.7818314824680298,0.6234898018587336,0.9984354211555643,0.055916990100603484,1.0,-1.6081226496766366e-16,1.0,6.123233995736766e-17,0.0,0.0,0.0,0.0,0.0,4.0,0.0,0.0,0.0,0.0,0.0,0.0,0.0,0.0,0.07142857142857142,0.2672612419124242,1.0,1.0,0.32142857142857145,1.0559731838826991,9.0,4.0,0.375,1.0542123298290704,21.0,4.0,0.4166666666666667,1.13231113836093,35.0,4.0,0.0,0.0,-4.0,954,0.279874213836478,0.16666666666666666,0.24423480083857443,0.2526205450733753,0.09538784067085954,0.31551362683438156,40.0,5.9958071278826
2022-03-30,0,0,0,0,0,0,0,0,0,0,0,0,2022,3,30,2,89,13,1,0,0,0,0.9749279121818236,-0.22252093395631434,0.9992500112396835,0.03872228089217446,1.0,-1.6081226496766366e-16,1.0,6.123233995736766e-17,0.0,0.0,0.0,0.0,0.0,0.0,0.0,0.0,0.0,0.0,0.0,0.0,0.0,0.0,0.07142857142857142,0.2672612419124242,1.0,1.0,0.32142857142857145,1.0559731838826991,9.0,4.0,0.35714285714285715,1.0518999508002207,20.0,4.0,0.4166666666666667,1.13231113836093,35.0,4.0,0.0,0.0,0.0,954,0.279874213836478,0.16666666666666666,0.24423480083857443,0.2526205450733753,0.09538784067085954,0.31551362683438156,40.0,5.9958071278826
2022-03-31,0,0,0,0,0,0,0,0,0,0,0,0,2022,3,31,3,90,13,1,0,0,0,0.43388373911755823,-0.900968867902419,0.9997685019798909,0.021516097436222254,1.0,-1.6081226496766366e-16,1.0,6.123233995736766e-17,0.0,0.0,0.0,0.0,0.0,4.0,0.0,0.0,0.0,0.0,0.0,0.0,0.0,0.0,0.07142857142857142,0.2672612419124242,1.0,1.0,0.17857142857142858,0.772373514927102,5.0,4.0,0.35714285714285715,1.0518999508002207,20.0,4.0,0.36904761904761907,1.061707670890626,31.0,4.0,0.0,0.0,-4.0,954,0.279874213836478,0.16666666666666666,0.24423480083857443,0.2526205450733753,0.09538784067085954,0.31551362683438156,40.0,5.9958071278826
2022-04-01,0,0,0,0,0,0,0,0,0,0,0,0,2022,4,1,4,91,13,2,0,0,1,-0.433883739117558,-0.9009688679024191,0.9999907397361901,0.004303538296244289,1.0,-1.6081226496766366e-16,0.8660254037844387,-0.4999999999999998,0.0,0.0,0.0,0.0,0.0,0.0,0.0,0.0,0.0,0.0,0.0,0.0,0.0,0.0,0.07142857142857142,0.2672612419124242,1.0,1.0,0.17857142857142858,0.772373514927102,5.0,4.0,0.2857142857142857,0.9286213772779855,16.0,4.0,0.36904761904761907,1.061707670890626,31.0,4.0,0.0,0.0,0.0,954,0.279874213836478,0.16666666666666666,0.24423480083857443,0.2526205450733753,0.09538784067085954,0.31551362683438156,40.0,5.9958071278826
2022-04-02,4,4,0,4,0,0,0,0,8,0,0,0,2022,4,2,5,92,13,2,1,0,0,-0.9749279121818236,-0.2225209339563146,0.9999166586547379,-0.01291029607500882,1.0,-1.6081226496766366e-16,0.8660254037844387,-0.4999999999999998,0.0,0.0,0.0,0.0,0.0,0.0,1.3333333333333333,2.3094010767585034,4.0,4.0,0.5714285714285714,1.5118578920369088,4.0,4.0,0.35714285714285715,1.0818177620697813,5.0,4.0,0.32142857142857145,1.0559731838826991,9.0,4.0,0.35714285714285715,1.0518999508002207,20.0,4.0,0.4166666666666667,1.13231113836093,35.0,4.0,4.0,4.0,4.0,954,0.279874213836478,0.16666666666666666,0.24423480083857443,0.2526205450733753,0.09538784067085954,0.31551362683438156,40.0,5.9958071278826
2022-04-03,0,0,0,0,0,0,0,0,0,0,0,0,2022,4,3,6,93,13,2,1,0,0,-0.7818314824680299,0.6234898018587334,0.9995462806873573,-0.030120304846908114,1.0,-1.6081226496766366e-16,0.8660254037844387,-0.4999999999999998,4.0,0.0,0.0,0.0,0.0,0.0,1.3333333333333333,2.3094010767585034,4.0,4.0,0.5714285714285714,1.5118578920369088,4.0,4.0,0.35714285714285715,1.0818177620697813,5.0,4.0,0.32142857142857145,1.0559731838826991,9.0,4.0,0.35714285714285715,1.0518999508002207,20.0,4.0,0.4166666666666667,1.13231113836093,35.0,4.0,-4.0,0.0,0.0,954,0.279874213836478,0.16666666666666666,0.24423480083857443,0.2526205450733753,0.09538784067085954,0.31551362683438156,40.0,5.9958071278826
2022-04-04,0,0,0,0,0,0,0,0,0,0,0,0,2022,4,4,0,94,14,2,0,1,0,0.0,1.0,0.9988797155850336,-0.04732138832243185,0.992708874098054,-0.12053668025532288,0.8660254037844387,-0.4999999999999998,0.0,4.0,0.0,0.0,1.0,0.0,1.3333333333333333,2.3094010767585034,4.0,4.0,0.5714285714285714,1.5118578920369088,4.0,4.0,0.2857142857142857,1.0690449676496974,4.0,4.0,0.32142857142857145,1.0559731838826991,9.0,4.0,0.35714285714285715,1.0518999508002207,20.0,4.0,0.4166666666666667,1.13231113836093,35.0,4.0,0.0,0.0,0.0,954,0.279874213836478,0.16666666666666666,0.24423480083857443,0.2526205450733753,0.09538784067085954,0.31551362683438156,40.0,5.9958071278826
2022-04-05,4,4,0,4,0,0,0,0,8,0,0,0,2022,4,5,1,95,14,2,0,0,0,0.7818314824680298,0.6234898018587336,0.9979171608653922,-0.06450844944931623,0.992708874098054,-0.12053668025532288,0.8660254037844387,-0.4999999999999998,0.0,0.0,4.0,0.0,0.0,0.0,1.3333333333333333,2.3094010767585034,4.0,4.0,1.1428571428571428,1.9518001458970664,8.0,4.0,0.5714285714285714,1.4525460784051256,8.0,4.0,0.4642857142857143,1.261455445614248,13.0,4.0,0.42857142857142855,1.1576958755475208,24.0,4.0,0.4642857142857143,1.1968475516798847,39.0,4.0,4.0,4.0,4.0,954,0.279874213836478,0.16666666666666666,0.24423480083857443,0.2526205450733753,0.09538784067085954,0.31551362683438156,40.0,5.9958071278826
2022-04-06,0,0,0,0,0,0,0,0,0,0,0,0,2022,4,6,2,96,14,2,0,0,0,0.9749279121818236,-0.22252093395631434,0.9966589017541702,-0.08167639533042241,0.992708874098054,-0.12053668025532288,0.8660254037844387,-0.4999999999999998,4.0,0.0,0.0,0.0,0.0,0.0,1.3333333333333333,2.3094010767585034,4.0,4.0,1.1428571428571428,1.9518001458970664,8.0,4.0,0.5714285714285714,1.4525460784051256,8.0,4.0,0.4642857142857143,1.261455445614248,13.0,4.0,0.42857142857142855,1.1576958755475208,24.0,4.0,0.4642857142857143,1.1968475516798847,39.0,4.0,-4.0,0.0,0.0,954,0.279874213836478,0.16666666666666666,0.24423480083857443,0.2526205450733753,0.09538784067085954,0.31551362683438156,40.0,5.9958071278826
2022-04-07,0,0,0,0,0,0,0,0,0,0,0,0,2022,4,7,3,97,14,2,0,0,0,0.43388373911755823,-0.900968867902419,0.9951053111006976,-0.09882013873287143,0.992708874098054,-0.12053668025532288,0.8660254037844387,-0.4999999999999998,0.0,4.0,0.0,0.0,0.0,4.0,1.3333333333333333,2.3094010767585034,4.0,4.0,1.1428571428571428,1.9518001458970664,8.0,4.0,0.5714285714285714,1.4525460784051256,8.0,4.0,0.32142857142857145,1.0559731838826991,9.0,4.0,0.42857142857142855,1.1576958755475208,24.0,4.0,0.4642857142857143,1.1968475516798847,39.0,4.0,0.0,0.0,-4.0,954,0.279874213836478,0.16666666666666666,0.24423480083857443,0.2526205450733753,0.09538784067085954,0.31551362683438156,40.0,5.9958071278826
2022-04-08,0,0,0,0,0,0,0,0,0,0,0,0,2022,4,8,4,98,14,2,0,0,1,-0.433883739117558,-0.9009688679024191,0.9932568492674143,-0.11593459959550041,0.992708874098054,-0.12053668025532288,0.8660254037844387,-0.4999999999999998,0.0,0.0,4.0,0.0,0.0,0.0,0.0,0.0,0.0,0.0,1.1428571428571428,1.9518001458970664,8.0,4.0,0.5714285714285714,1.4525460784051256,8.0,4.0,0.32142857142857145,1.0559731838826991,9.0,4.0,0.42857142857142855,1.1576958755475208,24.0,4.0,0.4642857142857143,1.1968475516798847,39.0,4.0,0.0,0.0,0.0,954,0.279874213836478,0.16666666666666666,0.24423480083857443,0.2526205450733753,0.09538784067085954,0.31551362683438156,40.0,5.9958071278826
2022-04-09,0,0,0,0,0,0,0,0,0,0,0,0,2022,4,9,5,99,14,2,1,0,0,-0.9749279121818236,-0.2225209339563146,0.9911140639934547,-0.1330147065341959,0.992708874098054,-0.12053668025532288,0.8660254037844387,-0.4999999999999998,0.0,0.0,0.0,4.0,0.0,0.0,0.0,0.0,0.0,0.0,0.5714285714285714,1.5118578920369088,4.0,4.0,0.5714285714285714,1.4525460784051256,8.0,4.0,0.32142857142857145,1.0559731838826991,9.0,4.0,0.42857142857142855,1.1576958755475208,24.0,4.0,0.4642857142857143,1.1968475516798847,39.0,4.0,0.0,-4.0,0.0,954,0.279874213836478,0.16666666666666666,0.24423480083857443,0.2526205450733753,0.09538784067085954,0.31551362683438156,40.0,5.9958071278826
2022-04-10,0,0,0,0,0,0,0,0,0,0,0,0,2022,4,10,6,100,14,2,1,0,0,-0.7818314824680299,0.6234898018587334,0.9886775902323405,-0.1500553983446526,0.992708874098054,-0.12053668025532288,0.8660254037844387,-0.4999999999999998,0.0,0.0,0.0,0.0,0.0,0.0,0.0,0.0,0.0,0.0,0.5714285714285714,1.5118578920369088,4.0,4.0,0.5714285714285714,1.4525460784051256,8.0,4.0,0.32142857142857145,1.0559731838826991,9.0,4.0,0.42857142857142855,1.1576958755475208,24.0,4.0,0.4642857142857143,1.1968475516798847,39.0,4.0,0.0,0.0,0.0,954,0.279874213836478,0.16666666666666666,0.24423480083857443,0.2526205450733753,0.09538784067085954,0.31551362683438156,40.0,5.9958071278826
2022-04-11,0,0,0,0,0,0,0,0,0,0,0,0,2022,4,11,0,101,15,2,0,1,0,0.0,1.0,0.9859481499638304,-0.16705162550211924,0.9709418174260521,-0.2393156642875575,0.8660254037844387,-0.4999999999999998,0.0,0.0,0.0,0.0,0.0,0.0,0.0,0.0,0.0,0.0,0.5714285714285714,1.5118578920369088,4.0,4.0,0.5714285714285714,1.4525460784051256,8.0,4.0,0.32142857142857145,1.0559731838826991,9.0,4.0,0.42857142857142855,1.1576958755475208,24.0,4.0,0.4642857142857143,1.1968475516798847,39.0,4.0,0.0,0.0,0.0,954,0.279874213836478,0.16666666666666666,0.24423480083857443,0.2526205450733753,0.09538784067085954,0.31551362683438156,40.0,5.9958071278826
2022-04-12,0,0,0,0,0,0,0,0,0,0,0,0,2022,4,12,1,102,15,2,0,0,0,0.7818314824680298,0.6234898018587336,0.9829265519799822,-0.18399835165768005,0.9709418174260521,-0.2393156642875575,0.8660254037844387,-0.4999999999999998,0.0,0.0,0.0,4.0,0.0,0.0,0.0,0.0,0.0,0.0,0.0,0.0,0.0,0.0,0.5714285714285714,1.4525460784051256,8.0,4.0,0.32142857142857145,1.0559731838826991,9.0,4.0,0.42857142857142855,1.1576958755475208,24.0,4.0,0.4642857142857143,1.1968475516798847,39.0,4.0,0.0,-4.0,0.0,954,0.279874213836478,0.16666666666666666,0.24423480083857443,0.2526205450733753,0.09538784067085954,0.31551362683438156,40.0,5.9958071278826
2022-04-13,0,0,0,0,0,0,0,0,0,0,0,0,2022,4,13,2,103,15,2,0,0,0,0.9749279121818236,-0.22252093395631434,0.9796136916454901,-0.20089055513063506,0.9709418174260521,-0.2393156642875575,0.8660254037844387,-0.4999999999999998,0.0,0.0,0.0,0.0,0.0,0.0,0.0,0.0,0.0,0.0,0.0,0.0,0.0,0.0,0.5714285714285714,1.4525460784051256,8.0,4.0,0.32142857142857145,1.0559731838826991,9.0,4.0,0.42857142857142855,1.1576958755475208,24.0,4.0,0.4642857142857143,1.1968475516798847,39.0,4.0,0.0,0.0,0.0,954,0.279874213836478,0.16666666666666666,0.24423480083857443,0.2526205450733753,0.09538784067085954,0.31551362683438156,40.0,5.9958071278826
2022-04-14,0,0,0,0,0,0,0,0,0,0,0,0,2022,4,14,3,104,15,2,0,0,0,0.43388373911755823,-0.900968867902419,0.9760105506323683,-0.21772323039653177,0.9709418174260521,-0.2393156642875575,0.8660254037844387,-0.4999999999999998,0.0,0.0,0.0,0.0,0.0,0.0,0.0,0.0,0.0,0.0,0.0,0.0,0.0,0.0,0.5714285714285714,1.4525460784051256,8.0,4.0,0.32142857142857145,1.0559731838826991,9.0,4.0,0.4107142857142857,1.1564331638005123,23.0,4.0,0.4642857142857143,1.1968475516798847,39.0,4.0,0.0,0.0,0.0,954,0.279874213836478,0.16666666666666666,0.24423480083857443,0.2526205450733753,0.09538784067085954,0.31551362683438156,40.0,5.9958071278826
2022-04-15,0,0,0,0,0,0,0,0,0,0,0,0,2022,4,15,4,105,15,2,0,0,1,-0.433883739117558,-0.9009688679024191,0.9721181966290613,-0.23449138957040985,0.9709418174260521,-0.2393156642875575,0.8660254037844387,-0.4999999999999998,0.0,0.0,0.0,0.0,0.0,0.0,0.0,0.0,0.0,0.0,0.0,0.0,0.0,0.0,0.5714285714285714,1.4525460784051256,8.0,4.0,0.32142857142857145,1.0559731838826991,9.0,4.0,0.4107142857142857,1.1564331638005123,23.0,4.0,0.4642857142857143,1.1968475516798847,39.0,4.0,0.0,0.0,0.0,954,0.279874213836478,0.16666666666666666,0.24423480083857443,0.2526205450733753,0.09538784067085954,0.31551362683438156,40.0,5.9958071278826
2022-04-16,0,0,0,0,0,0,0,0,0,0,0,0,2022,4,16,5,106,15,2,1,0,0,-0.9749279121818236,-0.2225209339563146,0.9679377830240642,-0.25119006388481935,0.9709418174260521,-0.2393156642875575,0.8660254037844387,-0.4999999999999998,0.0,0.0,0.0,0.0,4.0,0.0,0.0,0.0,0.0,0.0,0.0,0.0,0.0,0.0,0.2857142857142857,1.0690449676496974,4.0,4.0,0.32142857142857145,1.0559731838826991,9.0,4.0,0.4107142857142857,1.1564331638005123,23.0,4.0,0.4642857142857143,1.1968475516798847,39.0,4.0,0.0,0.0,0.0,954,0.279874213836478,0.16666666666666666,0.24423480083857443,0.2526205450733753,0.09538784067085954,0.31551362683438156,40.0,5.9958071278826
2022-04-17,0,0,0,0,0,0,0,0,0,0,0,0,2022,4,17,6,107,15,2,1,0,0,-0.7818314824680299,0.6234898018587334,0.9634705485641488,-0.2678143051621742,0.9709418174260521,-0.2393156642875575,0.8660254037844387,-0.4999999999999998,0.0,0.0,0.0,0.0,0.0,0.0,0.0,0.0,0.0,0.0,0.0,0.0,0.0,0.0,0.2857142857142857,1.0690449676496974,4.0,4.0,0.32142857142857145,1.0559731838826991,9.0,4.0,0.4107142857142857,1.1564331638005123,23.0,4.0,0.4642857142857143,1.1968475516798847,39.0,4.0,0.0,0.0,0.0,954,0.279874213836478,0.16666666666666666,0.24423480083857443,0.2526205450733753,0.09538784067085954,0.31551362683438156,40.0,5.9958071278826
2022-04-18,0,0,0,0,0,0,0,0,0,0,0,0,2022,4,18,0,108,16,2,0,1,0,0.0,1.0,0.9587178169872964,-0.2843591872810034,0.9350162426854148,-0.35460488704253545,0.8660254037844387,-0.4999999999999998,0.0,0.0,0.0,0.0,0.0,1.0,0.0,0.0,0.0,0.0,0.0,0.0,0.0,0.0,0.2857142857142857,1.0690449676496974,4.0,4.0,0.2857142857142857,1.049061056625924,8.0,4.0,0.4107142857142857,1.1564331638005123,23.0,4.0,0.4642857142857143,1.1968475516798847,39.0,4.0,0.0,0.0,-1.0,954,0.279874213836478,0.16666666666666666,0.24423480083857443,0.2526205450733753,0.09538784067085954,0.31551362683438156,40.0,5.9958071278826
2022-04-19,0,0,0,0,0,0,0,0,0,0,0,0,2022,4,19,1,109,16,2,0,0,0,0.7818314824680298,0.6234898018587336,0.9536809966304457,-0.30081980763566735,0.9350162426854148,-0.35460488704253545,0.8660254037844387,-0.4999999999999998,0.0,0.0,0.0,0.0,4.0,0.0,0.0,0.0,0.0,0.0,0.0,0.0,0.0,0.0,0.0,0.0,0.0,0.0,0.2857142857142857,1.049061056625924,8.0,4.0,0.4107142857142857,1.1564331638005123,23.0,4.0,0.4642857142857143,1.1968475516798847,39.0,4.0,0.0,0.0,0.0,954,0.279874213836478,0.16666666666666666,0.24423480083857443,0.2526205450733753,0.09538784067085954,0.31551362683438156,40.0,5.9958071278826
2022-04-20,0,0,0,0,0,0,0,0,0,0,0,0,2022,4,20,2,110,16,2,0,0,0,0.9749279121818236,-0.22252093395631434,0.9483615800121715,-0.3171912885891061,0.9350162426854148,-0.35460488704253545,0.8660254037844387,-0.4999999999999998,0.0,0.0,0.0,0.0,0.0,0.0,0.0,0.0,0.0,0.0,0.0,0.0,0.0,0.0,0.0,0.0,0.0,0.0,0.2857142857142857,1.049061056625924,8.0,4.0,0.4107142857142857,1.1564331638005123,23.0,4.0,0.4642857142857143,1.1968475516798847,39.0,4.0,0.0,0.0,0.0,954,0.279874213836478,0.16666666666666666,0.24423480083857443,0.2526205450733753,0.09538784067085954,0.31551362683438156,40.0,5.9958071278826
2022-04-21,0,0,0,0,0,0,0,0,0,0,0,0,2022,4,21,3,111,16,2,0,0,0,0.43388373911755823,-0.900968867902419,0.9427611433904207,-0.3334687789181868,0.9350162426854148,-0.35460488704253545,0.8660254037844387,-0.4999999999999998,0.0,0.0,0.0,0.0,0.0,0.0,0.0,0.0,0.0,0.0,0.0,0.0,0.0,0.0,0.0,0.0,0.0,0.0,0.2857142857142857,1.049061056625924,8.0,4.0,0.4107142857142857,1.1564331638005123,23.0,4.0,0.4642857142857143,1.1968475516798847,39.0,4.0,0.0,0.0,0.0,954,0.279874213836478,0.16666666666666666,0.24423480083857443,0.2526205450733753,0.09538784067085954,0.31551362683438156,40.0,5.9958071278826
2022-04-22,0,0,0,0,0,0,0,0,0,0,0,0,2022,4,22,4,112,16,2,0,0,1,-0.433883739117558,-0.9009688679024191,0.9368813462954315,-0.3496474552512284,0.9350162426854148,-0.35460488704253545,0.8660254037844387,-0.4999999999999998,0.0,0.0,0.0,0.0,0.0,0.0,0.0,0.0,0.0,0.0,0.0,0.0,0.0,0.0,0.0,0.0,0.0,0.0,0.2857142857142857,1.049061056625924,8.0,4.0,0.39285714285714285,1.1548879745526117,22.0,4.0,0.4166666666666667,1.13231113836093,35.0,4.0,0.0,0.0,0.0,954,0.279874213836478,0.16666666666666666,0.24423480083857443,0.2526205450733753,0.09538784067085954,0.31551362683438156,40.0,5.9958071278826
2022-04-23,0,0,0,0,0,0,0,0,0,0,0,0,2022,4,23,5,113,16,2,1,0,0,-0.9749279121818236,-0.2225209339563146,0.9307239310379795,-0.36572252349726897,0.9350162426854148,-0.35460488704253545,0.8660254037844387,-0.4999999999999998,0.0,0.0,0.0,0.0,0.0,0.0,0.0,0.0,0.0,0.0,0.0,0.0,0.0,0.0,0.0,0.0,0.0,0.0,0.2857142857142857,1.049061056625924,8.0,4.0,0.375,1.1530591721787111,21.0,4.0,0.39285714285714285,1.119572391938877,33.0,4.0,0.0,0.0,0.0,954,0.279874213836478,0.16666666666666666,0.24423480083857443,0.2526205450733753,0.09538784067085954,0.31551362683438156,40.0,5.9958071278826
2022-04-24,0,0,0,0,0,0,0,0,0,0,0,0,2022,4,24,6,114,16,2,1,0,0,-0.7818314824680299,0.6234898018587334,0.9242907221930933,-0.3816892202666588,0.9350162426854148,-0.35460488704253545,0.8660254037844387,-0.4999999999999998,0.0,0.0,0.0,0.0,0.0,0.0,0.0,0.0,0.0,0.0,0.0,0.0,0.0,0.0,0.0,0.0,0.0,0.0,0.2857142857142857,1.049061056625924,8.0,4.0,0.375,1.1530591721787111,21.0,4.0,0.39285714285714285,1.119572391938877,33.0,4.0,0.0,0.0,0.0,954,0.279874213836478,0.16666666666666666,0.24423480083857443,0.2526205450733753,0.09538784067085954,0.31551362683438156,40.0,5.9958071278826
2022-04-25,0,0,0,0,0,0,0,0,0,0,0,0,2022,4,25,0,115,17,2,0,1,0,0.0,1.0,0.9175836260593937,-0.39754281428255595,0.8854560256532099,-0.4647231720437685,0.8660254037844387,-0.4999999999999998,0.0,0.0,0.0,0.0,0.0,0.0,0.0,0.0,0.0,0.0,0.0,0.0,0.0,0.0,0.0,0.0,0.0,0.0,0.2857142857142857,1.049061056625924,8.0,4.0,0.375,1.1530591721787111,21.0,4.0,0.39285714285714285,1.119572391938877,33.0,4.0,0.0,0.0,0.0,954,0.279874213836478,0.16666666666666666,0.24423480083857443,0.2526205450733753,0.09538784067085954,0.31551362683438156,40.0,5.9958071278826
2022-04-26,4,0,4,0,0,0,0,0,8,0,0,4,2022,4,26,1,116,17,2,0,0,0,0.7818314824680298,0.6234898018587336,0.9106046300942162,-0.4132786077829042,0.8854560256532099,-0.4647231720437685,0.8660254037844387,-0.4999999999999998,0.0,0.0,0.0,0.0,0.0,0.0,1.3333333333333333,2.3094010767585034,4.0,4.0,0.5714285714285714,1.5118578920369088,4.0,4.0,0.2857142857142857,1.0690449676496974,4.0,4.0,0.42857142857142855,1.259881576697424,12.0,4.0,0.375,1.1530591721787111,21.0,4.0,0.39285714285714285,1.119572391938877,33.0,4.0,4.0,4.0,4.0,954,0.279874213836478,0.16666666666666666,0.24423480083857443,0.2526205450733753,0.09538784067085954,0.31551362683438156,40.0,5.9958071278826
2022-04-27,0,0,0,0,0,0,0,0,0,0,0,0,2022,4,27,2,117,17,2,0,0,0,0.9749279121818236,-0.22252093395631434,0.9033558023246845,-0.4288919379124835,0.8854560256532099,-0.4647231720437685,0.8660254037844387,-0.4999999999999998,4.0,0.0,0.0,0.0,0.0,0.0,1.3333333333333333,2.309401076758504,4.0,4.0,0.5714285714285714,1.5118578920369088,4.0,4.0,0.2857142857142857,1.0690449676496974,4.0,4.0,0.42857142857142855,1.259881576697424,12.0,4.0,0.375,1.1530591721787111,21.0,4.0,0.38095238095238093,1.11835466392894,32.0,4.0,-4.0,0.0,0.0,954,0.279874213836478,0.16666666666666666,0.24423480083857443,0.2526205450733753,0.09538784067085954,0.31551362683438156,40.0,5.9958071278826
2022-04-28,4,0,4,0,0,0,0,0,8,0,0,4,2022,4,28,3,118,17,2,0,0,0,0.43388373911755823,-0.900968867902419,0.895839290734909,-0.4443781781046132,0.8854560256532099,-0.4647231720437685,0.8660254037844387,-0.4999999999999998,0.0,4.0,0.0,0.0,0.0,0.0,2.6666666666666665,2.309401076758504,8.0,4.0,1.1428571428571428,1.9518001458970666,8.0,4.0,0.5714285714285714,1.4525460784051256,8.0,4.0,0.5714285714285714,1.4253932901995965,16.0,4.0,0.375,1.1530591721787111,21.0,4.0,0.42857142857142855,1.1851054986916818,36.0,4.0,4.0,4.0,4.0,954,0.279874213836478,0.16666666666666666,0.24423480083857443,0.2526205450733753,0.09538784067085954,0.31551362683438156,40.0,5.9958071278826
2022-04-29,0,0,0,0,0,0,0,0,0,0,0,0,2022,4,29,4,119,17,2,0,0,1,-0.433883739117558,-0.9009688679024191,0.8880573226294932,-0.45973273945210397,0.8854560256532099,-0.4647231720437685,0.8660254037844387,-0.4999999999999998,4.0,0.0,4.0,0.0,0.0,0.0,1.3333333333333333,2.309401076758504,4.0,4.0,1.1428571428571428,1.9518001458970666,8.0,4.0,0.5714285714285714,1.4525460784051256,8.0,4.0,0.5714285714285714,1.4253932901995965,16.0,4.0,0.375,1.1530591721787111,21.0,4.0,0.38095238095238093,1.11835466392894,32.0,4.0,-4.0,0.0,0.0,954,0.279874213836478,0.16666666666666666,0.24423480083857443,0.2526205450733753,0.09538784067085954,0.31551362683438156,40.0,5.9958071278826
2022-04-30,4,0,4,0,0,0,0,0,8,0,0,4,2022,4,30,5,120,17,2,1,0,0,-0.9749279121818236,-0.2225209339563146,0.8800122039735357,-0.47495107206704995,0.8854560256532099,-0.4647231720437685,0.8660254037844387,-0.4999999999999998,0.0,4.0,0.0,0.0,0.0,4.0,2.6666666666666665,2.309401076758504,8.0,4.0,1.7142857142857142,2.1380899352993956,12.0,4.0,0.8571428571428571,1.70326125450528,12.0,4.0,0.5714285714285714,1.4253932901995965,16.0,4.0,0.44642857142857145,1.2492855100873803,25.0,4.0,0.42857142857142855,1.1851054986916818,36.0,4.0,4.0,4.0,0.0,954,0.279874213836478,0.16666666666666666,0.24423480083857443,0.2526205450733753,0.09538784067085954,0.31551362683438156,40.0,5.9958071278826
2022-05-01,0,0,0,0,0,0,0,0,0,0,0,0,2022,5,1,6,121,17,2,1,0,0,-0.7818314824680299,0.6234898018587334,0.8717063187093218,-0.4900286664290592,0.8854560256532099,-0.4647231720437685,0.49999999999999994,-0.8660254037844387,4.0,0.0,4.0,0.0,0.0,0.0,1.3333333333333333,2.309401076758504,4.0,4.0,1.7142857142857142,2.1380899352993956,12.0,4.0,0.8571428571428571,1.70326125450528,12.0,4.0,0.5714285714285714,1.4253932901995965,16.0,4.0,0.44642857142857145,1.2492855100873803,25.0,4.0,0.42857142857142855,1.1851054986916818,36.0,4.0,-4.0,0.0,0.0,954,0.279874213836478,0.16666666666666666,0.24423480083857443,0.2526205450733753,0.09538784067085954,0.31551362683438156,40.0,5.9958071278826
2022-05-02,0,0,0,0,0,0,0,0,0,0,0,0,2022,5,2,0,122,18,2,0,1,0,0.0,1.0,0.8631421280499114,-0.5049610547215204,0.8229838658936565,-0.5680647467311557,0.49999999999999994,-0.8660254037844387,0.0,4.0,0.0,0.0,0.0,0.0,1.3333333333333333,2.309401076758504,4.0,4.0,1.7142857142857142,2.1380899352993956,12.0,4.0,0.8571428571428571,1.70326125450528,12.0,4.0,0.5714285714285714,1.4253932901995965,16.0,4.0,0.44642857142857145,1.2492855100873803,25.0,4.0,0.42857142857142855,1.1851054986916818,36.0,4.0,0.0,0.0,0.0,954,0.279874213836478,0.16666666666666666,0.24423480083857443,0.2526205450733753,0.09538784067085954,0.31551362683438156,40.0,5.9958071278826
2022-05-03,0,0,0,0,0,0,0,0,0,0,0,0,2022,5,3,1,123,18,2,0,0,0,0.7818314824680298,0.6234898018587336,0.854322169749827,-0.5197438121555155,0.8229838658936565,-0.5680647467311557,0.49999999999999994,-0.8660254037844387,0.0,0.0,4.0,4.0,0.0,4.0,0.0,0.0,0.0,0.0,1.1428571428571428,1.9518001458970666,8.0,4.0,0.8571428571428571,1.70326125450528,12.0,4.0,0.42857142857142855,1.259881576697424,12.0,4.0,0.44642857142857145,1.2492855100873803,25.0,4.0,0.42857142857142855,1.1851054986916818,36.0,4.0,0.0,-4.0,-4.0,954,0.279874213836478,0.16666666666666666,0.24423480083857443,0.2526205450733753,0.09538784067085954,0.31551362683438156,40.0,5.9958071278826
2022-05-04,4,0,0,0,0,0,0,0,8,0,0,0,2022,5,4,2,124,18,2,0,0,0,0.9749279121818236,-0.22252093395631434,0.8452490573530633,-0.5343725582809786,0.8229838658936565,-0.5680647467311557,0.49999999999999994,-0.8660254037844387,0.0,0.0,0.0,0.0,0.0,0.0,1.3333333333333333,2.309401076758504,4.0,4.0,1.7142857142857142,2.1380899352993956,12.0,4.0,1.1428571428571428,1.8752289237539816,16.0,4.0,0.5714285714285714,1.4253932901995965,16.0,4.0,0.5178571428571429,1.3347260042770974,29.0,4.0,0.47619047619047616,1.246452222912932,40.0,4.0,4.0,4.0,4.0,954,0.279874213836478,0.16666666666666666,0.24423480083857443,0.2526205450733753,0.09538784067085954,0.31551362683438156,40.0,5.9958071278826
2022-05-05,4,0,0,0,0,0,0,0,8,4,4,4,2022,5,5,3,125,18,2,0,0,0,0.43388373911755823,-0.900968867902419,0.8359254794186372,-0.548842958284719,0.8229838658936565,-0.5680647467311557,0.49999999999999994,-0.8660254037844387,4.0,0.0,0.0,4.0,0.0,0.0,2.6666666666666665,2.3094010767585043,8.0,4.0,1.7142857142857142,2.1380899352993956,12.0,4.0,1.4285714285714286,1.9889806323953874,20.0,4.0,0.7142857142857143,1.560084111149919,20.0,4.0,0.5178571428571429,1.3347260042770974,29.0,4.0,0.5238095238095238,1.3031582625520208,44.0,4.0,0.0,0.0,4.0,954,0.279874213836478,0.16666666666666666,0.24423480083857443,0.2526205450733753,0.09538784067085954,0.31551362683438156,40.0,5.9958071278826
2022-05-06,0,0,0,0,0,0,0,0,0,0,0,0,2022,5,6,4,126,18,2,0,0,1,-0.433883739117558,-0.9009688679024191,0.8263541987239096,-0.5631507242749186,0.8229838658936565,-0.5680647467311557,0.49999999999999994,-0.8660254037844387,4.0,4.0,0.0,0.0,0.0,0.0,2.6666666666666665,2.3094010767585043,8.0,4.0,1.7142857142857142,2.1380899352993956,12.0,4.0,1.4285714285714286,1.9889806323953874,20.0,4.0,0.7142857142857143,1.560084111149919,20.0,4.0,0.5178571428571429,1.3347260042770974,29.0,4.0,0.5238095238095238,1.3031582625520208,44.0,4.0,-4.0,0.0,0.0,954,0.279874213836478,0.16666666666666666,0.24423480083857443,0.2526205450733753,0.09538784067085954,0.31551362683438156,40.0,5.9958071278826
2022-05-07,0,0,0,0,0,0,0,0,0,0,0,0,2022,5,7,5,127,18,2,1,0,0,-0.9749279121818236,-0.2225209339563146,0.8165380514459161,-0.5772916165517272,0.8229838658936565,-0.5680647467311557,0.49999999999999994,-0.8660254037844387,0.0,4.0,4.0,4.0,0.0,0.0,1.3333333333333333,2.3094010767585034,4.0,4.0,1.1428571428571428,1.9518001458970664,8.0,4.0,1.4285714285714286,1.9889806323953874,20.0,4.0,0.7142857142857143,1.560084111149919,20.0,4.0,0.5178571428571429,1.3347260042770974,29.0,4.0,0.5238095238095238,1.3031582625520208,44.0,4.0,0.0,-4.0,0.0,954,0.279874213836478,0.16666666666666666,0.24423480083857443,0.2526205450733753,0.09538784067085954,0.31551362683438156,40.0,5.9958071278826
2022-05-08,0,0,0,0,0,0,0,0,0,0,0,0,2022,5,8,6,128,18,2,1,0,0,-0.7818314824680299,0.6234898018587334,0.8064799463209448,-0.5912614448635781,0.8229838658936565,-0.5680647467311557,0.49999999999999994,-0.8660254037844387,0.0,0.0,4.0,0.0,0.0,0.0,0.0,0.0,0.0,0.0,1.1428571428571428,1.9518001458970664,8.0,4.0,1.4285714285714286,1.9889806323953874,20.0,4.0,0.7142857142857143,1.560084111149919,20.0,4.0,0.5178571428571429,1.3347260042770974,29.0,4.0,0.5238095238095238,1.3031582625520208,44.0,4.0,0.0,0.0,0.0,954,0.279874213836478,0.16666666666666666,0.24423480083857443,0.2526205450733753,0.09538784067085954,0.31551362683438156,40.0,5.9958071278826
2022-05-09,1,0,0,0,0,1,0,1,2,0,0,0,2022,5,9,0,129,19,2,0,1,0,0.0,1.0,0.7961828637826158,-0.6050560696488488,0.7485107481711013,-0.663122658240795,0.49999999999999994,-0.8660254037844387,0.0,0.0,0.0,0.0,0.0,0.0,0.3333333333333333,0.5773502691896264,1.0,1.0,1.2857142857142858,1.889822365046136,9.0,4.0,1.5,1.9513309067639724,21.0,4.0,0.75,1.5545631755148022,21.0,4.0,0.5357142857142857,1.3343610757660314,30.0,4.0,0.5357142857142857,1.30288307338993,45.0,4.0,1.0,1.0,1.0,954,0.279874213836478,0.16666666666666666,0.24423480083857443,0.2526205450733753,0.09538784067085954,0.31551362683438156,40.0,5.9958071278826
2022-05-10,0,0,0,0,0,0,0,0,0,0,0,0,2022,5,10,1,130,19,2,0,0,0,0.7818314824680298,0.6234898018587336,0.7856498550787147,-0.6186714032625031,0.7485107481711013,-0.663122658240795,0.49999999999999994,-0.8660254037844387,1.0,0.0,0.0,0.0,4.0,0.0,0.3333333333333333,0.5773502691896264,1.0,1.0,1.2857142857142858,1.889822365046136,9.0,4.0,1.2142857142857142,1.8471837786446454,17.0,4.0,0.75,1.5545631755148022,21.0,4.0,0.5357142857142857,1.3343610757660314,30.0,4.0,0.5357142857142857,1.30288307338993,45.0,4.0,-1.0,0.0,0.0,954,0.279874213836478,0.16666666666666666,0.24423480083857443,0.2526205450733753,0.09538784067085954,0.31551362683438156,40.0,5.9958071278826
2022-05-11,0,0,0,0,0,0,0,0,0,0,0,0,2022,5,11,2,131,19,2,0,0,0,0.9749279121818236,-0.22252093395631434,0.7748840413670407,-0.6321034111873487,0.7485107481711013,-0.663122658240795,0.49999999999999994,-0.8660254037844387,0.0,1.0,0.0,4.0,0.0,0.0,0.3333333333333333,0.5773502691896264,1.0,1.0,0.7142857142857143,1.4960264830861911,5.0,4.0,1.2142857142857142,1.8471837786446454,17.0,4.0,0.75,1.5545631755148022,21.0,4.0,0.5357142857142857,1.3343610757660314,30.0,4.0,0.5357142857142857,1.30288307338993,45.0,4.0,0.0,-4.0,0.0,954,0.279874213836478,0.16666666666666666,0.24423480083857443,0.2526205450733753,0.09538784067085954,0.31551362683438156,40.0,5.9958071278826
2022-05-12,0,0,0,0,0,0,0,0,0,0,0,0,2022,5,12,3,132,19,2,0,0,0,0.43388373911755823,-0.900968867902419,0.7638886127905428,-0.6453481132295501,0.7485107481711013,-0.663122658240795,0.49999999999999994,-0.8660254037844387,0.0,0.0,1.0,4.0,4.0,0.0,0.0,0.0,0.0,0.0,0.14285714285714285,0.37796447300922575,1.0,1.0,0.9285714285714286,1.685425566632754,13.0,4.0,0.75,1.5545631755148022,21.0,4.0,0.5357142857142857,1.3343610757660314,30.0,4.0,0.5238095238095238,1.3031582625520208,44.0,4.0,0.0,-4.0,0.0,954,0.279874213836478,0.16666666666666666,0.24423480083857443,0.2526205450733753,0.09538784067085954,0.31551362683438156,40.0,5.9958071278826
2022-05-13,0,0,0,0,0,0,0,0,0,0,0,0,2022,5,13,4,133,19,2,0,0,1,-0.433883739117558,-0.9009688679024191,0.7526668275320085,-0.6584015846980488,0.7485107481711013,-0.663122658240795,0.49999999999999994,-0.8660254037844387,0.0,0.0,0.0,0.0,0.0,0.0,0.0,0.0,0.0,0.0,0.14285714285714285,0.37796447300922575,1.0,1.0,0.9285714285714286,1.685425566632754,13.0,4.0,0.75,1.5545631755148022,21.0,4.0,0.5357142857142857,1.3343610757660314,30.0,4.0,0.5238095238095238,1.3031582625520208,44.0,4.0,0.0,0.0,0.0,954,0.279874213836478,0.16666666666666666,0.24423480083857443,0.2526205450733753,0.09538784067085954,0.31551362683438156,40.0,5.9958071278826
2022-05-14,1,1,0,1,0,0,0,0,2,0,0,0,2022,5,14,5,134,19,2,1,0,0,-0.9749279121818236,-0.2225209339563146,0.7412220108485958,-0.6712599575675313,0.7485107481711013,-0.663122658240795,0.49999999999999994,-0.8660254037844387,0.0,0.0,0.0,0.0,4.0,0.0,0.3333333333333333,0.5773502691896264,1.0,1.0,0.2857142857142857,0.48795003647426566,2.0,1.0,0.7142857142857143,1.4373357526806552,10.0,4.0,0.7857142857142857,1.54816840066751,22.0,4.0,0.5535714285714286,1.333752639696021,31.0,4.0,0.5357142857142857,1.30288307338993,45.0,4.0,1.0,1.0,1.0,954,0.279874213836478,0.16666666666666666,0.24423480083857443,0.2526205450733753,0.09538784067085954,0.31551362683438156,40.0,5.9958071278826
2022-05-15,1,1,0,1,0,0,0,0,2,0,0,0,2022,5,15,6,135,19,2,1,0,0,-0.7818314824680299,0.6234898018587334,0.7295575540864875,-0.6839194216246106,0.7485107481711013,-0.663122658240795,0.49999999999999994,-0.8660254037844387,1.0,0.0,0.0,0.0,0.0,0.0,0.6666666666666666,0.5773502691896271,2.0,1.0,0.42857142857142855,0.5345224838248481,3.0,1.0,0.7857142857142857,1.4238934396479697,11.0,4.0,0.8214285714285714,1.5408889072021459,23.0,4.0,0.5714285714285714,1.3329003626015625,32.0,4.0,0.5476190476190477,1.3024977108854097,46.0,4.0,0.0,1.0,1.0,954,0.279874213836478,0.16666666666666666,0.24423480083857443,0.2526205450733753,0.09538784067085954,0.31551362683438156,40.0,5.9958071278826
2022-05-16,0,0,0,0,0,0,0,0,0,0,0,0,2022,5,16,0,136,20,2,0,1,0,0.0,1.0,0.717676913675962,-0.6963762255968722,0.6631226582407952,-0.7485107481711012,0.49999999999999994,-0.8660254037844387,1.0,1.0,0.0,1.0,0.0,0.0,0.6666666666666666,0.577350269189627,2.0,1.0,0.2857142857142857,0.48795003647426566,2.0,1.0,0.7857142857142857,1.4238934396479697,11.0,4.0,0.8214285714285714,1.5408889072021459,23.0,4.0,0.5535714285714286,1.333752639696021,31.0,4.0,0.5476190476190477,1.3024977108854097,46.0,4.0,-1.0,-1.0,0.0,954,0.279874213836478,0.16666666666666666,0.24423480083857443,0.2526205450733753,0.09538784067085954,0.31551362683438156,40.0,5.9958071278826
2022-05-17,0,0,0,0,0,0,0,0,0,0,0,0,2022,5,17,1,137,20,2,0,0,0,0.7818314824680298,0.6234898018587336,0.705583610107178,-0.7086266782644596,0.6631226582407952,-0.7485107481711012,0.49999999999999994,-0.8660254037844387,0.0,1.0,1.0,0.0,0.0,0.0,0.3333333333333333,0.5773502691896263,1.0,1.0,0.2857142857142857,0.48795003647426566,2.0,1.0,0.7857142857142857,1.4238934396479697,11.0,4.0,0.8214285714285714,1.5408889072021459,23.0,4.0,0.5535714285714286,1.333752639696021,31.0,4.0,0.5476190476190477,1.3024977108854097,46.0,4.0,0.0,0.0,0.0,954,0.279874213836478,0.16666666666666666,0.24423480083857443,0.2526205450733753,0.09538784067085954,0.31551362683438156,40.0,5.9958071278826
2022-05-18,5,1,0,0,0,0,0,0,10,0,0,0,2022,5,18,2,138,20,2,0,0,0,0.9749279121818236,-0.22252093395631434,0.6932812268869777,-0.7206671495538609,0.6631226582407952,-0.7485107481711012,0.49999999999999994,-0.8660254037844387,0.0,0.0,1.0,0.0,4.0,0.0,1.6666666666666667,2.8867513459481295,5.0,5.0,1.0,1.8257418583505538,7.0,5.0,0.8571428571428571,1.6104057232283402,12.0,5.0,1.0,1.7213259316477405,28.0,5.0,0.6428571428571429,1.4576266067396426,36.0,5.0,0.6071428571428571,1.3885752179743311,51.0,5.0,5.0,5.0,5.0,954,0.279874213836478,0.16666666666666666,0.24423480083857443,0.2526205450733753,0.09538784067085954,0.31551362683438156,40.0,5.9958071278826
2022-05-19,0,0,0,0,0,0,0,0,0,0,0,0,2022,5,19,3,139,20,2,0,0,0,0.43388373911755823,-0.900968867902419,0.6807734094770161,-0.7324940716135789,0.6631226582407952,-0.7485107481711012,0.49999999999999994,-0.8660254037844387,5.0,0.0,0.0,0.0,4.0,0.0,1.6666666666666667,2.8867513459481295,5.0,5.0,1.0,1.8257418583505538,7.0,5.0,0.5714285714285714,1.34245960914949,8.0,5.0,1.0,1.7213259316477405,28.0,5.0,0.6428571428571429,1.4576266067396426,36.0,5.0,0.6071428571428571,1.3885752179743311,51.0,5.0,-5.0,0.0,0.0,954,0.279874213836478,0.16666666666666666,0.24423480083857443,0.2526205450733753,0.09538784067085954,0.31551362683438156,40.0,5.9958071278826
2022-05-20,0,0,0,0,0,0,0,0,0,0,0,0,2022,5,20,4,140,20,2,0,0,1,-0.433883739117558,-0.9009688679024191,0.6680638642135335,-0.7441039398713607,0.6631226582407952,-0.7485107481711012,0.49999999999999994,-0.8660254037844387,0.0,5.0,0.0,0.0,0.0,0.0,1.6666666666666667,2.8867513459481295,5.0,5.0,1.0,1.8257418583505538,7.0,5.0,0.5714285714285714,1.34245960914949,8.0,5.0,1.0,1.7213259316477405,28.0,5.0,0.6428571428571429,1.4576266067396426,36.0,5.0,0.5952380952380952,1.3894529357628285,50.0,5.0,0.0,0.0,0.0,954,0.279874213836478,0.16666666666666666,0.24423480083857443,0.2526205450733753,0.09538784067085954,0.31551362683438156,40.0,5.9958071278826
2022-05-21,0,0,0,0,0,0,0,0,0,0,0,0,2022,5,21,5,141,20,2,1,0,0,-0.9749279121818236,-0.2225209339563146,0.6551563572090853,-0.7554933140726803,0.6631226582407952,-0.7485107481711012,0.49999999999999994,-0.8660254037844387,0.0,0.0,5.0,1.0,0.0,0.0,0.0,0.0,0.0,0.0,0.8571428571428571,1.864454471471609,6.0,5.0,0.5714285714285714,1.34245960914949,8.0,5.0,1.0,1.7213259316477405,28.0,5.0,0.6428571428571429,1.4576266067396426,36.0,5.0,0.5833333333333334,1.3902269324447643,49.0,5.0,0.0,-1.0,0.0,954,0.279874213836478,0.16666666666666666,0.24423480083857443,0.2526205450733753,0.09538784067085954,0.31551362683438156,40.0,5.9958071278826
2022-05-22,0,0,0,0,0,0,0,0,0,0,0,0,2022,5,22,6,142,20,2,1,0,0,-0.7818314824680299,0.6234898018587334,0.6420547132365637,-0.766658819300159,0.6631226582407952,-0.7485107481711012,0.49999999999999994,-0.8660254037844387,0.0,0.0,0.0,1.0,0.0,0.0,0.0,0.0,0.0,0.0,0.7142857142857143,1.889822365046136,5.0,5.0,0.5714285714285714,1.34245960914949,8.0,5.0,1.0,1.7213259316477405,28.0,5.0,0.6428571428571429,1.4576266067396426,36.0,5.0,0.5833333333333334,1.3902269324447643,49.0,5.0,0.0,-1.0,0.0,954,0.279874213836478,0.16666666666666666,0.24423480083857443,0.2526205450733753,0.09538784067085954,0.31551362683438156,40.0,5.9958071278826
2022-05-23,5,4,1,4,0,0,0,0,10,0,0,1,2022,5,23,0,143,21,2,0,1,0,0.0,1.0,0.6287628145958344,-0.7775971469736269,0.5680647467311558,-0.8229838658936564,0.49999999999999994,-0.8660254037844387,0.0,0.0,0.0,0.0,1.0,0.0,1.6666666666666667,2.8867513459481295,5.0,5.0,1.4285714285714286,2.4397501823713332,10.0,5.0,0.8571428571428571,1.7913099142223292,12.0,5.0,1.1785714285714286,1.8669359216239143,33.0,5.0,0.7321428571428571,1.5665952825221896,41.0,5.0,0.6428571428571429,1.4697172676456633,54.0,5.0,5.0,5.0,5.0,954,0.279874213836478,0.16666666666666666,0.24423480083857443,0.2526205450733753,0.09538784067085954,0.31551362683438156,40.0,5.9958071278826
2022-05-24,5,1,0,0,0,0,0,0,10,0,0,4,2022,5,24,1,144,21,2,0,0,0,0.7818314824680298,0.6234898018587336,0.6152845999633276,-0.7883050558305255,0.5680647467311558,-0.8229838658936564,0.49999999999999994,-0.8660254037844387,5.0,0.0,0.0,0.0,0.0,4.0,3.3333333333333335,2.8867513459481304,10.0,5.0,2.142857142857143,2.672612419124244,15.0,5.0,1.2142857142857142,2.0821058655036815,17.0,5.0,1.2142857142857142,1.9313618848260232,34.0,5.0,0.8214285714285714,1.6635902342621718,46.0,5.0,0.6547619047619048,1.500955901193119,55.0,5.0,0.0,5.0,1.0,954,0.279874213836478,0.16666666666666666,0.24423480083857443,0.2526205450733753,0.09538784067085954,0.31551362683438156,40.0,5.9958071278826
2022-05-25,0,0,0,0,0,0,0,0,0,0,0,0,2022,5,25,2,145,21,2,0,0,0,0.9749279121818236,-0.22252093395631434,0.6016240632249226,-0.7987793728863649,0.5680647467311558,-0.8229838658936564,0.49999999999999994,-0.8660254037844387,5.0,5.0,0.0,5.0,0.0,0.0,3.3333333333333335,2.8867513459481304,10.0,5.0,1.4285714285714286,2.4397501823713332,10.0,5.0,1.2142857142857142,2.0821058655036815,17.0,5.0,1.2142857142857142,1.9313618848260232,34.0,5.0,0.8214285714285714,1.6635902342621718,46.0,5.0,0.6547619047619048,1.500955901193119,55.0,5.0,-5.0,-5.0,0.0,954,0.279874213836478,0.16666666666666666,0.24423480083857443,0.2526205450733753,0.09538784067085954,0.31551362683438156,40.0,5.9958071278826
2022-05-26,0,0,0,0,0,0,0,0,0,0,0,0,2022,5,26,3,146,21,2,0,0,0,0.43388373911755823,-0.900968867902419,0.5877852522924732,-0.8090169943749473,0.5680647467311558,-0.8229838658936564,0.49999999999999994,-0.8660254037844387,0.0,5.0,5.0,0.0,0.0,4.0,1.6666666666666667,2.8867513459481295,5.0,5.0,1.4285714285714286,2.4397501823713332,10.0,5.0,1.2142857142857142,2.0821058655036815,17.0,5.0,1.0714285714285714,1.8644544714716087,30.0,5.0,0.8214285714285714,1.6635902342621718,46.0,5.0,0.6071428571428571,1.4563352019057325,51.0,5.0,0.0,0.0,-4.0,954,0.279874213836478,0.16666666666666666,0.24423480083857443,0.2526205450733753,0.09538784067085954,0.31551362683438156,40.0,5.9958071278826
2022-05-27,12,0,4,4,0,0,0,0,20,0,0,0,2022,5,27,4,147,21,2,0,0,1,-0.433883739117558,-0.9009688679024191,0.5737722679043246,-0.8190148866680801,0.5680647467311558,-0.8229838658936564,0.49999999999999994,-0.8660254037844387,0.0,0.0,5.0,0.0,0.0,0.0,4.0,6.92820323027551,12.0,12.0,3.142857142857143,4.561745697594707,22.0,12.0,2.0714285714285716,3.5183974873684862,29.0,12.0,1.5,2.7688746209726918,42.0,12.0,1.0357142857142858,2.2317077498004707,58.0,12.0,0.75,1.9130181792698333,63.0,12.0,12.0,12.0,12.0,954,0.279874213836478,0.16666666666666666,0.24423480083857443,0.2526205450733753,0.09538784067085954,0.31551362683438156,40.0,5.9958071278826
2022-05-28,0,0,0,0,0,0,0,0,0,0,0,0,2022,5,28,5,148,21,2,1,0,0,-0.9749279121818236,-0.2225209339563146,0.5595892624101765,-0.8287700871745038,0.5680647467311558,-0.8229838658936564,0.49999999999999994,-0.8660254037844387,12.0,0.0,0.0,0.0,1.0,4.0,4.0,6.92820323027551,12.0,12.0,3.142857142857143,4.561745697594707,22.0,12.0,2.0,3.5518142709585216,28.0,12.0,1.3571428571428572,2.7381297444340538,38.0,12.0,0.9642857142857143,2.198878108278159,54.0,12.0,0.75,1.9130181792698333,63.0,12.0,-12.0,0.0,-4.0,954,0.279874213836478,0.16666666666666666,0.24423480083857443,0.2526205450733753,0.09538784067085954,0.31551362683438156,40.0,5.9958071278826
2022-05-29,0,0,0,0,0,0,0,0,0,0,0,0,2022,5,29,6,149,21,2,1,0,0,-0.7818314824680299,0.6234898018587334,0.545240438540651,-0.8382797052177744,0.5680647467311558,-0.8229838658936564,0.49999999999999994,-0.8660254037844387,0.0,12.0,0.0,0.0,1.0,0.0,4.0,6.92820323027551,12.0,12.0,3.142857142857143,4.561745697594707,22.0,12.0,1.9285714285714286,3.5833865742701194,27.0,12.0,1.3571428571428572,2.7381297444340538,38.0,12.0,0.9642857142857143,2.198878108278159,54.0,12.0,0.75,1.9130181792698333,63.0,12.0,0.0,0.0,0.0,954,0.279874213836478,0.16666666666666666,0.24423480083857443,0.2526205450733753,0.09538784067085954,0.31551362683438156,40.0,5.9958071278826
2022-05-30,4,0,0,0,0,4,0,4,8,0,0,0,2022,5,30,0,150,22,2,0,1,0,0.0,1.0,0.5307300481619334,-0.8475409228928311,0.46472317204376906,-0.8854560256532096,0.49999999999999994,-0.8660254037844387,0.0,0.0,12.0,5.0,0.0,0.0,1.3333333333333333,2.3094010767585047,4.0,4.0,3.0,4.509249752822894,21.0,12.0,2.2142857142857144,3.577248006038063,31.0,12.0,1.5,2.7688746209726918,42.0,12.0,1.0357142857142858,2.2317077498004707,58.0,12.0,0.7976190476190477,1.9436629306715072,67.0,12.0,4.0,-1.0,4.0,954,0.279874213836478,0.16666666666666666,0.24423480083857443,0.2526205450733753,0.09538784067085954,0.31551362683438156,40.0,5.9958071278826
2022-05-31,8,4,0,4,0,0,0,0,16,0,0,0,2022,5,31,1,151,22,2,0,0,0,0.7818314824680298,0.6234898018587336,0.5160623910158528,-0.8565509959010036,0.46472317204376906,-0.8854560256532096,0.49999999999999994,-0.8660254037844387,4.0,0.0,0.0,5.0,0.0,0.0,4.0,4.000000000000001,12.0,8.0,3.4285714285714284,4.859943170351647,24.0,12.0,2.7857142857142856,3.8265986388511064,39.0,12.0,1.7857142857142858,3.010563412966427,50.0,12.0,1.1071428571428572,2.386923249164622,62.0,12.0,0.8928571428571429,2.09427134375507,75.0,12.0,4.0,3.0,8.0,954,0.279874213836478,0.16666666666666666,0.24423480083857443,0.2526205450733753,0.09538784067085954,0.31551362683438156,40.0,5.9958071278826
2022-06-01,4,0,0,0,0,0,0,0,12,0,0,0,2022,6,1,2,152,22,2,0,0,0,0.9749279121818236,-0.22252093395631434,0.5012418134457758,-0.865307254363206,0.46472317204376906,-0.8854560256532096,1.2246467991473532e-16,-1.0,8.0,4.0,0.0,0.0,5.0,4.0,5.333333333333333,2.309401076758506,16.0,8.0,4.0,4.618802153517006,28.0,12.0,2.7142857142857144,3.791256569216382,38.0,12.0,1.7857142857142858,3.010563412966427,50.0,12.0,1.1785714285714286,2.412898241136149,66.0,12.0,0.9404761904761905,2.1190540653688847,79.0,12.0,-4.0,4.0,0.0,954,0.279874213836478,0.16666666666666666,0.24423480083857443,0.2526205450733753,0.09538784067085954,0.31551362683438156,40.0,5.9958071278826
2022-06-02,0,0,0,0,0,0,0,0,0,0,0,0,2022,6,2,3,153,22,2,0,0,0,0.43388373911755823,-0.900968867902419,0.48627270710868997,-0.8738071036110808,0.46472317204376906,-0.8854560256532096,1.2246467991473532e-16,-1.0,4.0,8.0,4.0,0.0,0.0,4.0,4.0,4.000000000000002,12.0,8.0,4.0,4.618802153517006,28.0,12.0,2.7142857142857144,3.791256569216382,38.0,12.0,1.6428571428571428,2.996470587013325,46.0,12.0,1.1785714285714286,2.412898241136149,66.0,12.0,0.8928571428571429,2.09427134375507,75.0,12.0,-4.0,0.0,-4.0,954,0.279874213836478,0.16666666666666666,0.24423480083857443,0.2526205450733753,0.09538784067085954,0.31551362683438156,40.0,5.9958071278826
2022-06-03,0,0,0,0,0,0,0,0,0,0,0,0,2022,6,3,4,154,22,2,0,0,1,-0.433883739117558,-0.9009688679024191,0.4711595076738638,-0.8820480249558537,0.46472317204376906,-0.8854560256532096,1.2246467991473532e-16,-1.0,0.0,4.0,8.0,12.0,0.0,0.0,1.3333333333333333,2.3094010767585065,4.0,4.0,2.2857142857142856,3.1471831698777724,16.0,8.0,2.7142857142857144,3.791256569216382,38.0,12.0,1.6428571428571428,2.996470587013325,46.0,12.0,1.1785714285714286,2.412898241136149,66.0,12.0,0.8928571428571429,2.09427134375507,75.0,12.0,0.0,-12.0,0.0,954,0.279874213836478,0.16666666666666666,0.24423480083857443,0.2526205450733753,0.09538784067085954,0.31551362683438156,40.0,5.9958071278826
2022-06-04,4,0,0,0,0,0,0,0,8,0,0,0,2022,6,4,5,155,22,2,1,0,0,-0.9749279121818236,-0.2225209339563146,0.4559066935084588,-0.8900275764346767,0.46472317204376906,-0.8854560256532096,1.2246467991473532e-16,-1.0,0.0,0.0,4.0,0.0,0.0,0.0,1.3333333333333333,2.3094010767585065,4.0,4.0,2.857142857142857,3.0237157840738176,20.0,8.0,3.0,3.7210420376762534,42.0,12.0,1.7857142857142858,3.010563412966427,50.0,12.0,1.25,2.436465398146183,70.0,12.0,0.9404761904761905,2.1190540653688847,79.0,12.0,4.0,4.0,4.0,954,0.279874213836478,0.16666666666666666,0.24423480083857443,0.2526205450733753,0.09538784067085954,0.31551362683438156,40.0,5.9958071278826
2022-06-05,0,0,0,0,0,0,0,0,0,0,0,0,2022,6,5,6,156,22,2,1,0,0,-0.7818314824680299,0.6234898018587334,0.440518784350495,-0.8977433935342337,0.46472317204376906,-0.8854560256532096,1.2246467991473532e-16,-1.0,4.0,0.0,0.0,0.0,0.0,0.0,1.3333333333333333,2.3094010767585065,4.0,4.0,2.857142857142857,3.0237157840738176,20.0,8.0,3.0,3.7210420376762534,42.0,12.0,1.7857142857142858,3.010563412966427,50.0,12.0,1.25,2.436465398146183,70.0,12.0,0.9404761904761905,2.1190540653688847,79.0,12.0,-4.0,0.0,0.0,954,0.279874213836478,0.16666666666666666,0.24423480083857443,0.2526205450733753,0.09538784067085954,0.31551362683438156,40.0,5.9958071278826
2022-06-06,0,0,0,0,0,0,0,0,0,0,0,0,2022,6,6,0,157,23,2,0,1,0,0.0,1.0,0.42500033996955416,-0.9051931898913974,0.35460488704253584,-0.9350162426854147,1.2246467991473532e-16,-1.0,0.0,4.0,0.0,4.0,5.0,1.0,1.3333333333333333,2.3094010767585065,4.0,4.0,2.2857142857142856,3.1471831698777724,16.0,8.0,2.642857142857143,3.754118617386322,37.0,12.0,1.75,3.0261208514214046,49.0,12.0,1.25,2.436465398146183,70.0,12.0,0.9404761904761905,2.1190540653688847,79.0,12.0,0.0,-4.0,-1.0,954,0.279874213836478,0.16666666666666666,0.24423480083857443,0.2526205450733753,0.09538784067085954,0.31551362683438156,40.0,5.9958071278826
2022-06-07,5,1,0,1,0,0,0,0,11,0,0,0,2022,6,7,1,158,23,2,0,0,0,0.7818314824680298,0.6234898018587336,0.4093559588156213,-0.9123747579707273,0.35460488704253584,-0.9350162426854147,1.2246467991473532e-16,-1.0,0.0,0.0,4.0,8.0,5.0,0.0,1.6666666666666667,2.886751345948131,5.0,5.0,1.8571428571428572,2.340126166724878,13.0,5.0,2.642857142857143,3.754118617386322,37.0,12.0,1.9285714285714286,3.066287071054568,54.0,12.0,1.3392857142857142,2.4810319386334956,75.0,12.0,1.0,2.162105176715676,84.0,12.0,5.0,-3.0,5.0,954,0.279874213836478,0.16666666666666666,0.24423480083857443,0.2526205450733753,0.09538784067085954,0.31551362683438156,40.0,5.9958071278826
2022-06-08,0,0,0,0,0,0,0,0,0,0,0,0,2022,6,8,2,159,23,2,0,0,0,0.9749279121818236,-0.22252093395631434,0.39359027665646673,-0.9192859697186104,0.35460488704253584,-0.9350162426854147,1.2246467991473532e-16,-1.0,5.0,0.0,0.0,4.0,0.0,0.0,1.6666666666666667,2.886751345948131,5.0,5.0,1.2857142857142858,2.214669705568282,9.0,5.0,2.642857142857143,3.754118617386322,37.0,12.0,1.9285714285714286,3.066287071054568,54.0,12.0,1.3392857142857142,2.4810319386334956,75.0,12.0,1.0,2.162105176715676,84.0,12.0,-5.0,-4.0,0.0,954,0.279874213836478,0.16666666666666666,0.24423480083857443,0.2526205450733753,0.09538784067085954,0.31551362683438156,40.0,5.9958071278826
2022-06-09,0,0,0,0,0,0,0,0,0,0,0,0,2022,6,9,3,160,23,2,0,0,0,0.43388373911755823,-0.900968867902419,0.3777079652039649,-0.9259247771938498,0.35460488704253584,-0.9350162426854147,1.2246467991473532e-16,-1.0,0.0,5.0,0.0,0.0,0.0,0.0,1.6666666666666667,2.886751345948131,5.0,5.0,1.2857142857142858,2.214669705568282,9.0,5.0,2.642857142857143,3.754118617386322,37.0,12.0,1.9285714285714286,3.066287071054568,54.0,12.0,1.3392857142857142,2.4810319386334956,75.0,12.0,1.0,2.162105176715676,84.0,12.0,0.0,0.0,0.0,954,0.279874213836478,0.16666666666666666,0.24423480083857443,0.2526205450733753,0.09538784067085954,0.31551362683438156,40.0,5.9958071278826
2022-06-10,0,0,0,0,0,0,0,0,0,0,0,0,2022,6,10,4,161,23,2,0,0,1,-0.433883739117558,-0.9009688679024191,0.36171373072976765,-0.9322892131745133,0.35460488704253584,-0.9350162426854147,1.2246467991473532e-16,-1.0,0.0,0.0,5.0,0.0,12.0,0.0,0.0,0.0,0.0,0.0,1.2857142857142858,2.214669705568282,9.0,5.0,1.7857142857142858,2.6654072117400007,25.0,8.0,1.9285714285714286,3.066287071054568,54.0,12.0,1.3392857142857142,2.4810319386334956,75.0,12.0,1.0,2.162105176715676,84.0,12.0,0.0,0.0,0.0,954,0.279874213836478,0.16666666666666666,0.24423480083857443,0.2526205450733753,0.09538784067085954,0.31551362683438156,40.0,5.9958071278826
2022-06-11,0,0,0,0,0,0,0,0,0,0,0,0,2022,6,11,5,162,23,2,1,0,0,-0.9749279121818236,-0.2225209339563146,0.3456123126707335,-0.9383773917408641,0.35460488704253584,-0.9350162426854147,1.2246467991473532e-16,-1.0,0.0,0.0,0.0,4.0,0.0,1.0,0.0,0.0,0.0,0.0,0.7142857142857143,1.8898223650461348,5.0,5.0,1.7857142857142858,2.6654072117400007,25.0,8.0,1.8928571428571428,3.0832797078133796,53.0,12.0,1.3392857142857142,2.4810319386334956,75.0,12.0,1.0,2.162105176715676,84.0,12.0,0.0,-4.0,-1.0,954,0.279874213836478,0.16666666666666666,0.24423480083857443,0.2526205450733753,0.09538784067085954,0.31551362683438156,40.0,5.9958071278826
2022-06-12,0,0,0,0,0,0,0,0,0,0,0,0,2022,6,12,6,163,23,2,1,0,0,-0.7818314824680299,0.6234898018587334,0.3294084822245304,-0.9441875088341993,0.35460488704253584,-0.9350162426854147,1.2246467991473532e-16,-1.0,0.0,0.0,0.0,0.0,0.0,1.0,0.0,0.0,0.0,0.0,0.7142857142857143,1.8898223650461348,5.0,5.0,1.7857142857142858,2.6654072117400007,25.0,8.0,1.8571428571428572,3.0997525076150207,52.0,12.0,1.3392857142857142,2.4810319386334956,75.0,12.0,1.0,2.162105176715676,84.0,12.0,0.0,0.0,-1.0,954,0.279874213836478,0.16666666666666666,0.24423480083857443,0.2526205450733753,0.09538784067085954,0.31551362683438156,40.0,5.9958071278826
2022-06-13,4,0,0,0,0,0,0,0,8,0,0,0,2022,6,13,0,164,24,2,0,1,0,0.0,1.0,0.3131070409358269,-0.9497178427914316,0.23931566428755768,-0.970941817426052,1.2246467991473532e-16,-1.0,0.0,0.0,0.0,0.0,4.0,0.0,1.3333333333333333,2.3094010767585056,4.0,4.0,1.2857142857142858,2.214669705568282,9.0,5.0,1.7857142857142858,2.6654072117400007,25.0,8.0,2.0,3.103164454170876,56.0,12.0,1.4107142857142858,2.499285612215733,79.0,12.0,1.0357142857142858,2.186742246430425,87.0,12.0,4.0,4.0,4.0,954,0.279874213836478,0.16666666666666666,0.24423480083857443,0.2526205450733753,0.09538784067085954,0.31551362683438156,40.0,5.9958071278826
2022-06-14,0,0,0,0,0,0,0,0,0,0,0,0,2022,6,14,1,165,24,2,0,0,0,0.7818314824680298,0.6234898018587336,0.29671281927349075,-0.9549667548552551,0.23931566428755768,-0.970941817426052,1.2246467991473532e-16,-1.0,4.0,0.0,0.0,5.0,8.0,0.0,1.3333333333333333,2.3094010767585056,4.0,4.0,0.5714285714285714,1.511857892036907,4.0,4.0,1.2142857142857142,2.0068563793835694,17.0,5.0,2.0,3.103164454170876,56.0,12.0,1.4107142857142858,2.499285612215733,79.0,12.0,1.0357142857142858,2.186742246430425,87.0,12.0,-4.0,-5.0,0.0,954,0.279874213836478,0.16666666666666666,0.24423480083857443,0.2526205450733753,0.09538784067085954,0.31551362683438156,40.0,5.9958071278826
2022-06-15,0,0,0,0,0,0,0,0,0,0,0,0,2022,6,15,2,166,24,2,0,0,0,0.9749279121818236,-0.22252093395631434,0.28023067519921585,-0.9599326896597447,0.23931566428755768,-0.970941817426052,1.2246467991473532e-16,-1.0,0.0,4.0,0.0,0.0,4.0,5.0,1.3333333333333333,2.309401076758506,4.0,4.0,0.5714285714285714,1.511857892036907,4.0,4.0,0.9285714285714286,1.859043828435456,13.0,5.0,1.8214285714285714,3.067796548237132,51.0,12.0,1.4107142857142858,2.499285612215733,79.0,12.0,1.0357142857142858,2.186742246430425,87.0,12.0,0.0,0.0,-5.0,954,0.279874213836478,0.16666666666666666,0.24423480083857443,0.2526205450733753,0.09538784067085954,0.31551362683438156,40.0,5.9958071278826
2022-06-16,0,0,0,0,0,0,0,0,0,0,0,0,2022,6,16,3,167,24,2,0,0,0,0.43388373911755823,-0.900968867902419,0.26366549272800704,-0.9646141756912435,0.23931566428755768,-0.970941817426052,1.2246467991473532e-16,-1.0,0.0,0.0,4.0,0.0,0.0,0.0,0.0,0.0,0.0,0.0,0.5714285714285714,1.511857892036907,4.0,4.0,0.9285714285714286,1.859043828435456,13.0,5.0,1.8214285714285714,3.067796548237132,51.0,12.0,1.4107142857142858,2.499285612215733,79.0,12.0,1.0357142857142858,2.186742246430425,87.0,12.0,0.0,0.0,0.0,954,0.279874213836478,0.16666666666666666,0.24423480083857443,0.2526205450733753,0.09538784067085954,0.31551362683438156,40.0,5.9958071278826
2022-06-17,0,0,0,0,0,0,0,0,0,0,0,0,2022,6,17,4,168,24,2,0,0,1,-0.433883739117558,-0.9009688679024191,0.24702218048093552,-0.9690098257244062,0.23931566428755768,-0.970941817426052,1.2246467991473532e-16,-1.0,0.0,0.0,0.0,0.0,0.0,0.0,0.0,0.0,0.0,0.0,0.5714285714285714,1.511857892036907,4.0,4.0,0.9285714285714286,1.859043828435456,13.0,5.0,1.8214285714285714,3.067796548237132,51.0,12.0,1.4107142857142858,2.499285612215733,79.0,12.0,1.0357142857142858,2.186742246430425,87.0,12.0,0.0,0.0,0.0,954,0.279874213836478,0.16666666666666666,0.24423480083857443,0.2526205450733753,0.09538784067085954,0.31551362683438156,40.0,5.9958071278826
2022-06-18,0,0,0,0,0,0,0,0,0,0,0,0,2022,6,18,5,169,24,2,1,0,0,-0.9749279121818236,-0.2225209339563146,0.23030567023061221,-0.9731183372332619,0.23931566428755768,-0.970941817426052,1.2246467991473532e-16,-1.0,0.0,0.0,0.0,0.0,4.0,0.0,0.0,0.0,0.0,0.0,0.5714285714285714,1.511857892036907,4.0,4.0,0.6428571428571429,1.645840578182228,9.0,5.0,1.8214285714285714,3.067796548237132,51.0,12.0,1.4107142857142858,2.499285612215733,79.0,12.0,1.0357142857142858,2.186742246430425,87.0,12.0,0.0,0.0,0.0,954,0.279874213836478,0.16666666666666666,0.24423480083857443,0.2526205450733753,0.09538784067085954,0.31551362683438156,40.0,5.9958071278826
2022-06-19,1,0,0,0,0,0,0,0,2,0,0,0,2022,6,19,6,170,24,2,1,0,0,-0.7818314824680299,0.6234898018587334,0.21352091543979612,-0.9769384927771817,0.23931566428755768,-0.970941817426052,1.2246467991473532e-16,-1.0,0.0,0.0,0.0,0.0,0.0,0.0,0.3333333333333333,0.5773502691896372,1.0,1.0,0.7142857142857143,1.4960264830861894,5.0,4.0,0.7142857142857143,1.637473261253045,10.0,5.0,1.8571428571428572,3.0515847214470897,52.0,12.0,1.4285714285714286,2.4925864103350586,80.0,12.0,1.0476190476190477,2.18375581132329,88.0,12.0,1.0,1.0,1.0,954,0.279874213836478,0.16666666666666666,0.24423480083857443,0.2526205450733753,0.09538784067085954,0.31551362683438156,40.0,5.9958071278826
2022-06-20,4,4,0,0,0,0,0,0,8,0,0,0,2022,6,20,0,171,25,2,0,1,0,0.0,1.0,0.19667288979357647,-0.980469160361632,0.12053668025532308,-0.992708874098054,1.2246467991473532e-16,-1.0,1.0,0.0,0.0,4.0,0.0,5.0,1.6666666666666667,2.0816659994661357,5.0,4.0,0.7142857142857143,1.4960264830861894,5.0,4.0,1.0,1.8397324220156,14.0,5.0,1.8214285714285714,3.0191189716669604,51.0,12.0,1.5,2.5081684733903127,84.0,12.0,1.0952380952380953,2.2041529674851152,92.0,12.0,3.0,0.0,-1.0,954,0.279874213836478,0.16666666666666666,0.24423480083857443,0.2526205450733753,0.09538784067085954,0.31551362683438156,40.0,5.9958071278826
2022-06-21,0,0,0,0,0,0,0,0,0,0,0,0,2022,6,21,1,172,25,2,0,0,0,0.7818314824680298,0.6234898018587336,0.1797665857255624,-0.9837092937736097,0.12053668025532308,-0.992708874098054,1.2246467991473532e-16,-1.0,4.0,1.0,0.0,0.0,5.0,5.0,1.6666666666666667,2.0816659994661357,5.0,4.0,0.7142857142857143,1.4960264830861894,5.0,4.0,0.6428571428571429,1.4468609447374667,9.0,4.0,1.6428571428571428,2.971647326095045,46.0,12.0,1.4285714285714286,2.4925864103350586,80.0,12.0,1.0952380952380953,2.2041529674851152,92.0,12.0,-4.0,0.0,-5.0,954,0.279874213836478,0.16666666666666666,0.24423480083857443,0.2526205450733753,0.09538784067085954,0.31551362683438156,40.0,5.9958071278826
2022-06-22,0,0,0,0,0,0,0,0,0,0,0,0,2022,6,22,2,173,25,2,0,0,0,0.9749279121818236,-0.22252093395631434,0.16280701293851715,-0.986657932891657,0.12053668025532308,-0.992708874098054,1.2246467991473532e-16,-1.0,0.0,4.0,1.0,0.0,0.0,0.0,1.3333333333333333,2.309401076758506,4.0,4.0,0.7142857142857143,1.4960264830861894,5.0,4.0,0.6428571428571429,1.4468609447374667,9.0,4.0,1.6428571428571428,2.971647326095045,46.0,12.0,1.4285714285714286,2.4925864103350586,80.0,12.0,1.0952380952380953,2.2041529674851152,92.0,12.0,0.0,0.0,0.0,954,0.279874213836478,0.16666666666666666,0.24423480083857443,0.2526205450733753,0.09538784067085954,0.31551362683438156,40.0,5.9958071278826
2022-06-23,0,0,0,0,0,0,0,0,0,0,0,0,2022,6,23,3,174,25,2,0,0,0,0.43388373911755823,-0.900968867902419,0.1457991969198751,-0.9893142039703663,0.12053668025532308,-0.992708874098054,1.2246467991473532e-16,-1.0,0.0,0.0,4.0,0.0,0.0,0.0,0.0,0.0,0.0,0.0,0.7142857142857143,1.4960264830861894,5.0,4.0,0.6428571428571429,1.4468609447374667,9.0,4.0,1.6428571428571428,2.971647326095045,46.0,12.0,1.3571428571428572,2.474808138962559,76.0,12.0,1.0952380952380953,2.2041529674851152,92.0,12.0,0.0,0.0,0.0,954,0.279874213836478,0.16666666666666666,0.24423480083857443,0.2526205450733753,0.09538784067085954,0.31551362683438156,40.0,5.9958071278826
2022-06-24,0,0,0,0,0,0,0,0,0,0,0,0,2022,6,24,4,175,25,2,0,0,1,-0.433883739117558,-0.9009688679024191,0.12874817745258132,-0.99167731989929,0.12053668025532308,-0.992708874098054,1.2246467991473532e-16,-1.0,0.0,0.0,0.0,0.0,0.0,12.0,0.0,0.0,0.0,0.0,0.7142857142857143,1.4960264830861894,5.0,4.0,0.6428571428571429,1.4468609447374667,9.0,4.0,1.2142857142857142,2.1833908874032995,34.0,8.0,1.3571428571428572,2.474808138962559,76.0,12.0,1.0952380952380953,2.2041529674851152,92.0,12.0,0.0,0.0,-12.0,954,0.279874213836478,0.16666666666666666,0.24423480083857443,0.2526205450733753,0.09538784067085954,0.31551362683438156,40.0,5.9958071278826
2022-06-25,0,0,0,0,0,0,0,0,0,0,0,0,2022,6,25,5,176,25,2,1,0,0,-0.9749279121818236,-0.2225209339563146,0.11165900712169512,-0.993746580436178,0.12053668025532308,-0.992708874098054,1.2246467991473532e-16,-1.0,0.0,0.0,0.0,0.0,0.0,0.0,0.0,0.0,0.0,0.0,0.7142857142857143,1.4960264830861894,5.0,4.0,0.6428571428571429,1.4468609447374667,9.0,4.0,1.2142857142857142,2.1833908874032995,34.0,8.0,1.2857142857142858,2.4547859430048122,72.0,12.0,1.0476190476190477,2.18375581132329,88.0,12.0,0.0,0.0,0.0,954,0.279874213836478,0.16666666666666666,0.24423480083857443,0.2526205450733753,0.09538784067085954,0.31551362683438156,40.0,5.9958071278826
2022-06-26,0,0,0,0,0,0,0,0,0,0,0,0,2022,6,26,6,177,25,2,1,0,0,-0.7818314824680299,0.6234898018587334,0.09453674981719912,-0.9955213724144752,0.12053668025532308,-0.992708874098054,1.2246467991473532e-16,-1.0,0.0,0.0,0.0,1.0,0.0,0.0,0.0,0.0,0.0,0.0,0.5714285714285714,1.511857892036907,4.0,4.0,0.6428571428571429,1.4468609447374667,9.0,4.0,1.2142857142857142,2.1833908874032995,34.0,8.0,1.2857142857142858,2.4547859430048122,72.0,12.0,1.0476190476190477,2.18375581132329,88.0,12.0,0.0,-1.0,0.0,954,0.279874213836478,0.16666666666666666,0.24423480083857443,0.2526205450733753,0.09538784067085954,0.31551362683438156,40.0,5.9958071278826
2022-06-27,0,0,0,0,0,0,0,0,0,0,0,0,2022,6,27,0,178,26,2,0,1,0,0.0,1.0,0.07738647923346301,-0.9970011699250151,-3.216245299353273e-16,-1.0,1.2246467991473532e-16,-1.0,0.0,0.0,0.0,4.0,4.0,4.0,0.0,0.0,0.0,0.0,0.0,0.0,0.0,0.0,0.35714285714285715,1.0818177620697822,5.0,4.0,1.0714285714285714,2.124435810568894,30.0,8.0,1.2857142857142858,2.4547859430048122,72.0,12.0,1.0476190476190477,2.18375581132329,88.0,12.0,0.0,-4.0,-4.0,954,0.279874213836478,0.16666666666666666,0.24423480083857443,0.2526205450733753,0.09538784067085954,0.31551362683438156,40.0,5.9958071278826
2022-06-28,0,0,0,0,0,0,0,0,0,0,0,0,2022,6,28,1,179,26,2,0,0,0,0.7818314824680298,0.6234898018587336,0.06021327736579302,-0.9981855344718586,-3.216245299353273e-16,-1.0,1.2246467991473532e-16,-1.0,0.0,0.0,0.0,0.0,0.0,8.0,0.0,0.0,0.0,0.0,0.0,0.0,0.0,0.0,0.35714285714285715,1.0818177620697822,5.0,4.0,0.7857142857142857,1.6410733356927387,22.0,5.0,1.2857142857142858,2.4547859430048122,72.0,12.0,1.0,2.1621051767156763,84.0,12.0,0.0,0.0,-8.0,954,0.279874213836478,0.16666666666666666,0.24423480083857443,0.2526205450733753,0.09538784067085954,0.31551362683438156,40.0,5.9958071278826
2022-06-29,0,0,0,0,0,0,0,0,0,0,0,0,2022,6,29,2,180,26,2,0,0,0,0.9749279121818236,-0.22252093395631434,0.04302223300453059,-0.99907411510223,-3.216245299353273e-16,-1.0,1.2246467991473532e-16,-1.0,0.0,0.0,0.0,0.0,0.0,4.0,0.0,0.0,0.0,0.0,0.0,0.0,0.0,0.0,0.35714285714285715,1.0818177620697822,5.0,4.0,0.6428571428571429,1.5205818991982352,18.0,5.0,1.2142857142857142,2.432464412254189,68.0,12.0,1.0,2.1621051767156763,84.0,12.0,0.0,0.0,-4.0,954,0.279874213836478,0.16666666666666666,0.24423480083857443,0.2526205450733753,0.09538784067085954,0.31551362683438156,40.0,5.9958071278826
2022-06-30,0,0,0,0,0,0,0,0,0,0,0,0,2022,6,30,3,181,26,2,0,0,0,0.43388373911755823,-0.900968867902419,0.02581844022713308,-0.9996666485105112,-3.216245299353273e-16,-1.0,1.2246467991473532e-16,-1.0,0.0,0.0,0.0,0.0,0.0,0.0,0.0,0.0,0.0,0.0,0.0,0.0,0.0,0.0,0.35714285714285715,1.0818177620697822,5.0,4.0,0.6428571428571429,1.5205818991982352,18.0,5.0,1.1428571428571428,2.407779599008721,64.0,12.0,1.0,2.1621051767156763,84.0,12.0,0.0,0.0,0.0,954,0.279874213836478,0.16666666666666666,0.24423480083857443,0.2526205450733753,0.09538784067085954,0.31551362683438156,40.0,5.9958071278826
2022-07-01,0,0,0,0,0,0,0,0,0,0,0,0,2022,7,1,4,182,26,3,0,0,1,-0.433883739117558,-0.9009688679024191,0.008606996888688698,-0.9999629591162655,-3.216245299353273e-16,-1.0,-0.4999999999999997,-0.8660254037844388,0.0,0.0,0.0,0.0,0.0,0.0,0.0,0.0,0.0,0.0,0.0,0.0,0.0,0.0,0.35714285714285715,1.0818177620697822,5.0,4.0,0.6428571428571429,1.5205818991982352,18.0,5.0,1.1428571428571428,2.407779599008721,64.0,12.0,1.0,2.1621051767156763,84.0,12.0,0.0,0.0,0.0,954,0.279874213836478,0.16666666666666666,0.24423480083857443,0.2526205450733753,0.09538784067085954,0.31551362683438156,40.0,5.9958071278826
2022-07-02,0,0,0,0,0,0,0,0,0,0,0,0,2022,7,2,5,183,26,3,1,0,0,-0.9749279121818236,-0.2225209339563146,-0.008606996888688009,-0.9999629591162655,-3.216245299353273e-16,-1.0,-0.4999999999999997,-0.8660254037844388,0.0,0.0,0.0,0.0,0.0,4.0,0.0,0.0,0.0,0.0,0.0,0.0,0.0,0.0,0.35714285714285715,1.0818177620697822,5.0,4.0,0.5,1.3743685418725535,14.0,5.0,1.1428571428571428,2.407779599008721,64.0,12.0,1.0,2.1621051767156763,84.0,12.0,0.0,0.0,-4.0,954,0.279874213836478,0.16666666666666666,0.24423480083857443,0.2526205450733753,0.09538784067085954,0.31551362683438156,40.0,5.9958071278826
2022-07-03,0,0,0,0,0,0,0,0,0,0,0,0,2022,7,3,6,184,26,3,1,0,0,-0.7818314824680299,0.6234898018587334,-0.02581844022713239,-0.9996666485105112,-3.216245299353273e-16,-1.0,-0.4999999999999997,-0.8660254037844388,0.0,0.0,0.0,0.0,1.0,0.0,0.0,0.0,0.0,0.0,0.0,0.0,0.0,0.0,0.2857142857142857,1.0690449676496983,4.0,4.0,0.5,1.3743685418725535,14.0,5.0,1.1428571428571428,2.407779599008721,64.0,12.0,1.0,2.1621051767156763,84.0,12.0,0.0,0.0,0.0,954,0.279874213836478,0.16666666666666666,0.24423480083857443,0.2526205450733753,0.09538784067085954,0.31551362683438156,40.0,5.9958071278826
2022-07-04,0,0,0,0,0,0,0,0,0,0,0,0,2022,7,4,0,185,27,3,0,1,0,0.0,1.0,-0.04302223300453034,-0.99907411510223,-0.12053668025532283,-0.992708874098054,-0.4999999999999997,-0.8660254037844388,0.0,0.0,0.0,0.0,4.0,0.0,0.0,0.0,0.0,0.0,0.0,0.0,0.0,0.0,0.0,0.0,0.0,0.0,0.5,1.3743685418725535,14.0,5.0,1.125,2.4125618221000154,63.0,12.0,1.0,2.1621051767156763,84.0,12.0,0.0,0.0,0.0,954,0.279874213836478,0.16666666666666666,0.24423480083857443,0.2526205450733753,0.09538784067085954,0.31551362683438156,40.0,5.9958071278826
2022-07-05,0,0,0,0,0,0,0,0,0,0,0,0,2022,7,5,1,186,27,3,0,0,0,0.7818314824680298,0.6234898018587336,-0.060213277365792774,-0.9981855344718586,-0.12053668025532283,-0.992708874098054,-0.4999999999999997,-0.8660254037844388,0.0,0.0,0.0,0.0,0.0,5.0,0.0,0.0,0.0,0.0,0.0,0.0,0.0,0.0,0.0,0.0,0.0,0.0,0.32142857142857145,1.0559731838826991,9.0,4.0,1.125,2.4125618221000154,63.0,12.0,1.0,2.1621051767156763,84.0,12.0,0.0,0.0,-5.0,954,0.279874213836478,0.16666666666666666,0.24423480083857443,0.2526205450733753,0.09538784067085954,0.31551362683438156,40.0,5.9958071278826
2022-07-06,0,0,0,0,0,0,0,0,0,0,0,0,2022,7,6,2,187,27,3,0,0,0,0.9749279121818236,-0.22252093395631434,-0.07738647923346322,-0.9970011699250151,-0.12053668025532283,-0.992708874098054,-0.4999999999999997,-0.8660254037844388,0.0,0.0,0.0,0.0,0.0,0.0,0.0,0.0,0.0,0.0,0.0,0.0,0.0,0.0,0.0,0.0,0.0,0.0,0.32142857142857145,1.0559731838826991,9.0,4.0,1.125,2.4125618221000154,63.0,12.0,1.0,2.1621051767156763,84.0,12.0,0.0,0.0,0.0,954,0.279874213836478,0.16666666666666666,0.24423480083857443,0.2526205450733753,0.09538784067085954,0.31551362683438156,40.0,5.9958071278826
2022-07-07,0,0,0,0,0,0,0,0,0,0,0,0,2022,7,7,3,188,27,3,0,0,0,0.43388373911755823,-0.900968867902419,-0.09453674981719933,-0.9955213724144752,-0.12053668025532283,-0.992708874098054,-0.4999999999999997,-0.8660254037844388,0.0,0.0,0.0,0.0,0.0,0.0,0.0,0.0,0.0,0.0,0.0,0.0,0.0,0.0,0.0,0.0,0.0,0.0,0.32142857142857145,1.0559731838826991,9.0,4.0,1.125,2.4125618221000154,63.0,12.0,1.0,2.1621051767156763,84.0,12.0,0.0,0.0,0.0,954,0.279874213836478,0.16666666666666666,0.24423480083857443,0.2526205450733753,0.09538784067085954,0.31551362683438156,40.0,5.9958071278826
2022-07-08,1,0,1,0,0,0,0,0,2,0,0,1,2022,7,8,4,189,27,3,0,0,1,-0.433883739117558,-0.9009688679024191,-0.11165900712169444,-0.9937465804361781,-0.12053668025532283,-0.992708874098054,-0.4999999999999997,-0.8660254037844388,0.0,0.0,0.0,0.0,0.0,0.0,0.3333333333333333,0.5773502691896372,1.0,1.0,0.14285714285714285,0.37796447300921854,1.0,1.0,0.07142857142857142,0.2672612419124276,1.0,1.0,0.35714285714285715,1.061595086171807,10.0,4.0,1.1428571428571428,2.407779599008721,64.0,12.0,1.0119047619047619,2.159283948799536,85.0,12.0,1.0,1.0,1.0,954,0.279874213836478,0.16666666666666666,0.24423480083857443,0.2526205450733753,0.09538784067085954,0.31551362683438156,40.0,5.9958071278826
2022-07-09,0,0,0,0,0,0,0,0,0,0,0,0,2022,7,9,5,190,27,3,1,0,0,-0.9749279121818236,-0.2225209339563146,-0.12874817745258066,-0.99167731989929,-0.12053668025532283,-0.992708874098054,-0.4999999999999997,-0.8660254037844388,1.0,0.0,0.0,0.0,0.0,0.0,0.3333333333333333,0.5773502691896372,1.0,1.0,0.14285714285714285,0.37796447300921854,1.0,1.0,0.07142857142857142,0.2672612419124276,1.0,1.0,0.35714285714285715,1.061595086171807,10.0,4.0,1.125,2.4125618221000154,63.0,12.0,1.0119047619047619,2.159283948799536,85.0,12.0,-1.0,0.0,0.0,954,0.279874213836478,0.16666666666666666,0.24423480083857443,0.2526205450733753,0.09538784067085954,0.31551362683438156,40.0,5.9958071278826
2022-07-10,0,0,0,0,0,0,0,0,0,0,0,0,2022,7,10,6,191,27,3,1,0,0,-0.7818314824680299,0.6234898018587334,-0.14579919691987442,-0.9893142039703664,-0.12053668025532283,-0.992708874098054,-0.4999999999999997,-0.8660254037844388,0.0,1.0,0.0,0.0,0.0,0.0,0.3333333333333333,0.5773502691896372,1.0,1.0,0.14285714285714285,0.37796447300921854,1.0,1.0,0.07142857142857142,0.2672612419124276,1.0,1.0,0.35714285714285715,1.061595086171807,10.0,4.0,1.1071428571428572,2.4172002694971604,62.0,12.0,1.0119047619047619,2.159283948799536,85.0,12.0,0.0,0.0,0.0,954,0.279874213836478,0.16666666666666666,0.24423480083857443,0.2526205450733753,0.09538784067085954,0.31551362683438156,40.0,5.9958071278826
2022-07-11,0,0,0,0,0,0,0,0,0,0,0,0,2022,7,11,0,192,28,3,0,1,0,0.0,1.0,-0.16280701293851646,-0.9866579328916572,-0.23931566428755743,-0.9709418174260521,-0.4999999999999997,-0.8660254037844388,0.0,0.0,1.0,0.0,0.0,4.0,0.0,0.0,0.0,0.0,0.14285714285714285,0.37796447300921854,1.0,1.0,0.07142857142857142,0.2672612419124276,1.0,1.0,0.21428571428571427,0.7867957924694431,6.0,4.0,1.1071428571428572,2.4172002694971604,62.0,12.0,1.0119047619047619,2.159283948799536,85.0,12.0,0.0,0.0,-4.0,954,0.279874213836478,0.16666666666666666,0.24423480083857443,0.2526205450733753,0.09538784067085954,0.31551362683438156,40.0,5.9958071278826
2022-07-12,4,4,0,4,0,0,0,0,8,0,0,0,2022,7,12,1,193,28,3,0,0,0,0.7818314824680298,0.6234898018587336,-0.17976658572556214,-0.9837092937736098,-0.23931566428755743,-0.9709418174260521,-0.4999999999999997,-0.8660254037844388,0.0,0.0,0.0,0.0,0.0,0.0,1.3333333333333333,2.309401076758506,4.0,4.0,0.7142857142857143,1.4960264830861896,5.0,4.0,0.35714285714285715,1.0818177620697822,5.0,4.0,0.35714285714285715,1.061595086171807,10.0,4.0,1.1785714285714286,2.442853345481973,66.0,12.0,1.0595238095238095,2.1806995145870633,89.0,12.0,4.0,4.0,4.0,954,0.279874213836478,0.16666666666666666,0.24423480083857443,0.2526205450733753,0.09538784067085954,0.31551362683438156,40.0,5.9958071278826
2022-07-13,0,0,0,0,0,0,0,0,0,0,0,0,2022,7,13,2,194,28,3,0,0,0,0.9749279121818236,-0.22252093395631434,-0.19667288979357622,-0.9804691603616321,-0.23931566428755743,-0.9709418174260521,-0.4999999999999997,-0.8660254037844388,4.0,0.0,0.0,0.0,0.0,0.0,1.3333333333333333,2.309401076758506,4.0,4.0,0.7142857142857143,1.4960264830861896,5.0,4.0,0.35714285714285715,1.0818177620697822,5.0,4.0,0.35714285714285715,1.061595086171807,10.0,4.0,1.0892857142857142,2.3914756624636273,61.0,12.0,1.0595238095238095,2.1806995145870633,89.0,12.0,-4.0,0.0,0.0,954,0.279874213836478,0.16666666666666666,0.24423480083857443,0.2526205450733753,0.09538784067085954,0.31551362683438156,40.0,5.9958071278826
2022-07-14,0,0,0,0,0,0,0,0,0,0,0,0,2022,7,14,3,195,28,3,0,0,0,0.43388373911755823,-0.900968867902419,-0.2135209154397959,-0.9769384927771817,-0.23931566428755743,-0.9709418174260521,-0.4999999999999997,-0.8660254037844388,0.0,4.0,0.0,0.0,0.0,0.0,1.3333333333333333,2.309401076758506,4.0,4.0,0.7142857142857143,1.4960264830861896,5.0,4.0,0.35714285714285715,1.0818177620697822,5.0,4.0,0.35714285714285715,1.061595086171807,10.0,4.0,1.0892857142857142,2.3914756624636273,61.0,12.0,1.0595238095238095,2.1806995145870633,89.0,12.0,0.0,0.0,0.0,954,0.279874213836478,0.16666666666666666,0.24423480083857443,0.2526205450733753,0.09538784067085954,0.31551362683438156,40.0,5.9958071278826
2022-07-15,0,0,0,0,0,0,0,0,0,0,0,0,2022,7,15,4,196,28,3,0,0,1,-0.433883739117558,-0.9009688679024191,-0.23030567023061196,-0.973118337233262,-0.23931566428755743,-0.9709418174260521,-0.4999999999999997,-0.8660254037844388,0.0,0.0,4.0,1.0,0.0,0.0,0.0,0.0,0.0,0.0,0.5714285714285714,1.5118578920369072,4.0,4.0,0.35714285714285715,1.0818177620697822,5.0,4.0,0.35714285714285715,1.061595086171807,10.0,4.0,1.0892857142857142,2.3914756624636273,61.0,12.0,1.0595238095238095,2.1806995145870633,89.0,12.0,0.0,-1.0,0.0,954,0.279874213836478,0.16666666666666666,0.24423480083857443,0.2526205450733753,0.09538784067085954,0.31551362683438156,40.0,5.9958071278826
2022-07-16,0,0,0,0,0,0,0,0,0,0,0,0,2022,7,16,5,197,28,3,1,0,0,-0.9749279121818236,-0.2225209339563146,-0.24702218048093527,-0.9690098257244063,-0.23931566428755743,-0.9709418174260521,-0.4999999999999997,-0.8660254037844388,0.0,0.0,0.0,0.0,0.0,0.0,0.0,0.0,0.0,0.0,0.5714285714285714,1.5118578920369072,4.0,4.0,0.35714285714285715,1.0818177620697822,5.0,4.0,0.35714285714285715,1.061595086171807,10.0,4.0,1.0892857142857142,2.3914756624636273,61.0,12.0,1.0595238095238095,2.1806995145870633,89.0,12.0,0.0,0.0,0.0,954,0.279874213836478,0.16666666666666666,0.24423480083857443,0.2526205450733753,0.09538784067085954,0.31551362683438156,40.0,5.9958071278826
2022-07-17,0,0,0,0,0,0,0,0,0,0,0,0,2022,7,17,6,198,28,3,1,0,0,-0.7818314824680299,0.6234898018587334,-0.2636654927280072,-0.9646141756912435,-0.23931566428755743,-0.9709418174260521,-0.4999999999999997,-0.8660254037844388,0.0,0.0,0.0,0.0,0.0,1.0,0.0,0.0,0.0,0.0,0.5714285714285714,1.5118578920369072,4.0,4.0,0.35714285714285715,1.0818177620697822,5.0,4.0,0.32142857142857145,1.0559731838826991,9.0,4.0,1.0892857142857142,2.3914756624636273,61.0,12.0,1.0595238095238095,2.1806995145870633,89.0,12.0,0.0,0.0,-1.0,954,0.279874213836478,0.16666666666666666,0.24423480083857443,0.2526205450733753,0.09538784067085954,0.31551362683438156,40.0,5.9958071278826
2022-07-18,0,0,0,0,0,0,0,0,0,0,0,0,2022,7,18,0,199,29,3,0,1,0,0.0,1.0,-0.2802306751992161,-0.9599326896597445,-0.3546048870425356,-0.9350162426854148,-0.4999999999999997,-0.8660254037844388,0.0,0.0,0.0,0.0,0.0,4.0,0.0,0.0,0.0,0.0,0.5714285714285714,1.5118578920369072,4.0,4.0,0.35714285714285715,1.0818177620697822,5.0,4.0,0.17857142857142858,0.772373514927102,5.0,4.0,1.0,2.3354968324845693,56.0,12.0,1.0595238095238095,2.1806995145870633,89.0,12.0,0.0,0.0,-4.0,954,0.279874213836478,0.16666666666666666,0.24423480083857443,0.2526205450733753,0.09538784067085954,0.31551362683438156,40.0,5.9958071278826
2022-07-19,0,0,0,0,0,0,0,0,0,0,0,0,2022,7,19,1,200,29,3,0,0,0,0.7818314824680298,0.6234898018587336,-0.2967128192734901,-0.9549667548552553,-0.3546048870425356,-0.9350162426854148,-0.4999999999999997,-0.8660254037844388,0.0,0.0,0.0,4.0,0.0,0.0,0.0,0.0,0.0,0.0,0.0,0.0,0.0,0.0,0.35714285714285715,1.0818177620697822,5.0,4.0,0.17857142857142858,0.772373514927102,5.0,4.0,0.9107142857142857,2.274577169212181,51.0,12.0,1.0119047619047619,2.159283948799536,85.0,12.0,0.0,-4.0,0.0,954,0.279874213836478,0.16666666666666666,0.24423480083857443,0.2526205450733753,0.09538784067085954,0.31551362683438156,40.0,5.9958071278826
2022-07-20,4,4,0,0,0,0,0,0,8,0,0,0,2022,7,20,2,201,29,3,0,0,0,0.9749279121818236,-0.22252093395631434,-0.3131070409358267,-0.9497178427914317,-0.3546048870425356,-0.9350162426854148,-0.4999999999999997,-0.8660254037844388,0.0,0.0,0.0,0.0,0.0,0.0,1.3333333333333333,2.309401076758506,4.0,4.0,0.5714285714285714,1.5118578920369072,4.0,4.0,0.6428571428571429,1.4468609447374665,9.0,4.0,0.32142857142857145,1.0559731838826991,9.0,4.0,0.9821428571428571,2.3080182087557395,55.0,12.0,1.0595238095238095,2.1806995145870633,89.0,12.0,4.0,4.0,4.0,954,0.279874213836478,0.16666666666666666,0.24423480083857443,0.2526205450733753,0.09538784067085954,0.31551362683438156,40.0,5.9958071278826
2022-07-21,0,0,0,0,0,0,0,0,0,0,0,0,2022,7,21,3,202,29,3,0,0,0,0.43388373911755823,-0.900968867902419,-0.3294084822245302,-0.9441875088341994,-0.3546048870425356,-0.9350162426854148,-0.4999999999999997,-0.8660254037844388,4.0,0.0,0.0,0.0,0.0,0.0,1.3333333333333333,2.309401076758506,4.0,4.0,0.5714285714285714,1.5118578920369072,4.0,4.0,0.6428571428571429,1.4468609447374665,9.0,4.0,0.32142857142857145,1.0559731838826991,9.0,4.0,0.9821428571428571,2.3080182087557395,55.0,12.0,1.0119047619047619,2.159283948799536,85.0,12.0,-4.0,0.0,0.0,954,0.279874213836478,0.16666666666666666,0.24423480083857443,0.2526205450733753,0.09538784067085954,0.31551362683438156,40.0,5.9958071278826
2022-07-22,0,0,0,0,0,0,0,0,0,0,0,0,2022,7,22,4,203,29,3,0,0,1,-0.433883739117558,-0.9009688679024191,-0.3456123126707333,-0.9383773917408642,-0.3546048870425356,-0.9350162426854148,-0.4999999999999997,-0.8660254037844388,0.0,4.0,0.0,0.0,1.0,0.0,1.3333333333333333,2.309401076758506,4.0,4.0,0.5714285714285714,1.5118578920369072,4.0,4.0,0.5714285714285714,1.452546078405126,8.0,4.0,0.32142857142857145,1.0559731838826991,9.0,4.0,0.7678571428571429,1.7580058064706205,43.0,8.0,1.0119047619047619,2.159283948799536,85.0,12.0,0.0,0.0,0.0,954,0.279874213836478,0.16666666666666666,0.24423480083857443,0.2526205450733753,0.09538784067085954,0.31551362683438156,40.0,5.9958071278826
2022-07-23,0,0,0,0,0,0,0,0,0,0,0,0,2022,7,23,5,204,29,3,1,0,0,-0.9749279121818236,-0.2225209339563146,-0.3617137307297674,-0.9322892131745134,-0.3546048870425356,-0.9350162426854148,-0.4999999999999997,-0.8660254037844388,0.0,0.0,4.0,0.0,0.0,0.0,0.0,0.0,0.0,0.0,0.5714285714285714,1.5118578920369072,4.0,4.0,0.5714285714285714,1.452546078405126,8.0,4.0,0.32142857142857145,1.0559731838826991,9.0,4.0,0.7678571428571429,1.7580058064706205,43.0,8.0,0.9642857142857143,2.136580020135933,81.0,12.0,0.0,0.0,0.0,954,0.279874213836478,0.16666666666666666,0.24423480083857443,0.2526205450733753,0.09538784067085954,0.31551362683438156,40.0,5.9958071278826
2022-07-24,0,0,0,0,0,0,0,0,0,0,0,0,2022,7,24,6,205,29,3,1,0,0,-0.7818314824680299,0.6234898018587334,-0.37770796520396466,-0.9259247771938499,-0.3546048870425356,-0.9350162426854148,-0.4999999999999997,-0.8660254037844388,0.0,0.0,0.0,0.0,0.0,0.0,0.0,0.0,0.0,0.0,0.5714285714285714,1.5118578920369072,4.0,4.0,0.5714285714285714,1.452546078405126,8.0,4.0,0.32142857142857145,1.0559731838826991,9.0,4.0,0.7678571428571429,1.7580058064706205,43.0,8.0,0.9642857142857143,2.136580020135933,81.0,12.0,0.0,0.0,0.0,954,0.279874213836478,0.16666666666666666,0.24423480083857443,0.2526205450733753,0.09538784067085954,0.31551362683438156,40.0,5.9958071278826
2022-07-25,0,0,0,0,0,0,0,0,0,0,0,0,2022,7,25,0,206,30,3,0,1,0,0.0,1.0,-0.39359027665646645,-0.9192859697186105,-0.46472317204376806,-0.8854560256532101,-0.4999999999999997,-0.8660254037844388,0.0,0.0,0.0,0.0,0.0,0.0,0.0,0.0,0.0,0.0,0.5714285714285714,1.5118578920369072,4.0,4.0,0.5714285714285714,1.452546078405126,8.0,4.0,0.32142857142857145,1.0559731838826991,9.0,4.0,0.6964285714285714,1.7047489056071667,39.0,8.0,0.9642857142857143,2.136580020135933,81.0,12.0,0.0,0.0,0.0,954,0.279874213836478,0.16666666666666666,0.24423480083857443,0.2526205450733753,0.09538784067085954,0.31551362683438156,40.0,5.9958071278826
2022-07-26,0,0,0,0,0,0,0,0,0,0,0,0,2022,7,26,1,207,30,3,0,0,0,0.7818314824680298,0.6234898018587336,-0.4093559588156211,-0.9123747579707274,-0.46472317204376806,-0.8854560256532101,-0.4999999999999997,-0.8660254037844388,0.0,0.0,0.0,0.0,4.0,0.0,0.0,0.0,0.0,0.0,0.5714285714285714,1.5118578920369072,4.0,4.0,0.2857142857142857,1.069044967649698,4.0,4.0,0.32142857142857145,1.0559731838826991,9.0,4.0,0.5535714285714286,1.387209663082928,31.0,5.0,0.9642857142857143,2.136580020135933,81.0,12.0,0.0,0.0,0.0,954,0.279874213836478,0.16666666666666666,0.24423480083857443,0.2526205450733753,0.09538784067085954,0.31551362683438156,40.0,5.9958071278826
2022-07-27,0,0,0,0,0,0,0,0,0,0,0,0,2022,7,27,2,208,30,3,0,0,0,0.9749279121818236,-0.22252093395631434,-0.42500033996955394,-0.9051931898913975,-0.46472317204376806,-0.8854560256532101,-0.4999999999999997,-0.8660254037844388,0.0,0.0,0.0,4.0,0.0,0.0,0.0,0.0,0.0,0.0,0.0,0.0,0.0,0.0,0.2857142857142857,1.069044967649698,4.0,4.0,0.32142857142857145,1.0559731838826991,9.0,4.0,0.48214285714285715,1.307197855630981,27.0,5.0,0.9166666666666666,2.1125461901749016,77.0,12.0,0.0,-4.0,0.0,954,0.279874213836478,0.16666666666666666,0.24423480083857443,0.2526205450733753,0.09538784067085954,0.31551362683438156,40.0,5.9958071278826
2022-07-28,0,0,0,0,0,0,0,0,0,0,0,0,2022,7,28,3,209,30,3,0,0,0,0.43388373911755823,-0.900968867902419,-0.4405187843504952,-0.8977433935342336,-0.46472317204376806,-0.8854560256532101,-0.4999999999999997,-0.8660254037844388,0.0,0.0,0.0,0.0,0.0,0.0,0.0,0.0,0.0,0.0,0.0,0.0,0.0,0.0,0.2857142857142857,1.069044967649698,4.0,4.0,0.32142857142857145,1.0559731838826991,9.0,4.0,0.48214285714285715,1.307197855630981,27.0,5.0,0.8690476190476191,2.087136517115879,73.0,12.0,0.0,0.0,0.0,954,0.279874213836478,0.16666666666666666,0.24423480083857443,0.2526205450733753,0.09538784067085954,0.31551362683438156,40.0,5.9958071278826
2022-07-29,0,0,0,0,0,0,0,0,0,0,0,0,2022,7,29,4,210,30,3,0,0,1,-0.433883739117558,-0.9009688679024191,-0.455906693508459,-0.8900275764346766,-0.46472317204376806,-0.8854560256532101,-0.4999999999999997,-0.8660254037844388,0.0,0.0,0.0,0.0,0.0,0.0,0.0,0.0,0.0,0.0,0.0,0.0,0.0,0.0,0.2857142857142857,1.069044967649698,4.0,4.0,0.32142857142857145,1.0559731838826991,9.0,4.0,0.48214285714285715,1.307197855630981,27.0,5.0,0.8690476190476191,2.087136517115879,73.0,12.0,0.0,0.0,0.0,954,0.279874213836478,0.16666666666666666,0.24423480083857443,0.2526205450733753,0.09538784067085954,0.31551362683438156,40.0,5.9958071278826
2022-07-30,0,0,0,0,0,0,0,0,0,0,0,0,2022,7,30,5,211,30,3,1,0,0,-0.9749279121818236,-0.2225209339563146,-0.47115950767386394,-0.8820480249558535,-0.46472317204376806,-0.8854560256532101,-0.4999999999999997,-0.8660254037844388,0.0,0.0,0.0,0.0,0.0,0.0,0.0,0.0,0.0,0.0,0.0,0.0,0.0,0.0,0.2857142857142857,1.069044967649698,4.0,4.0,0.32142857142857145,1.0559731838826991,9.0,4.0,0.4107142857142857,1.2176995556343975,23.0,5.0,0.8690476190476191,2.087136517115879,73.0,12.0,0.0,0.0,0.0,954,0.279874213836478,0.16666666666666666,0.24423480083857443,0.2526205450733753,0.09538784067085954,0.31551362683438156,40.0,5.9958071278826
2022-07-31,0,0,0,0,0,0,0,0,0,0,0,0,2022,7,31,6,212,30,3,1,0,0,-0.7818314824680299,0.6234898018587334,-0.4862727071086902,-0.8738071036110807,-0.46472317204376806,-0.8854560256532101,-0.4999999999999997,-0.8660254037844388,0.0,0.0,0.0,0.0,0.0,0.0,0.0,0.0,0.0,0.0,0.0,0.0,0.0,0.0,0.2857142857142857,1.069044967649698,4.0,4.0,0.32142857142857145,1.0559731838826991,9.0,4.0,0.4107142857142857,1.2176995556343975,23.0,5.0,0.8690476190476191,2.087136517115879,73.0,12.0,0.0,0.0,0.0,954,0.279874213836478,0.16666666666666666,0.24423480083857443,0.2526205450733753,0.09538784067085954,0.31551362683438156,40.0,5.9958071278826
2022-08-01,0,0,0,0,0,0,0,0,0,0,0,0,2022,8,1,0,213,31,3,0,1,0,0.0,1.0,-0.5012418134457756,-0.8653072543632061,-0.5680647467311556,-0.8229838658936566,-0.8660254037844385,-0.5000000000000004,0.0,0.0,0.0,0.0,0.0,0.0,0.0,0.0,0.0,0.0,0.0,0.0,0.0,0.0,0.2857142857142857,1.069044967649698,4.0,4.0,0.32142857142857145,1.0559731838826991,9.0,4.0,0.4107142857142857,1.2176995556343975,23.0,5.0,0.8571428571428571,2.089231467292284,72.0,12.0,0.0,0.0,0.0,954,0.279874213836478,0.16666666666666666,0.24423480083857443,0.2526205450733753,0.09538784067085954,0.31551362683438156,40.0,5.9958071278826
2022-08-02,0,0,0,0,0,0,0,0,0,0,0,0,2022,8,2,1,214,31,3,0,0,0,0.7818314824680298,0.6234898018587336,-0.5160623910158526,-0.8565509959010037,-0.5680647467311556,-0.8229838658936566,-0.8660254037844385,-0.5000000000000004,0.0,0.0,0.0,0.0,0.0,0.0,0.0,0.0,0.0,0.0,0.0,0.0,0.0,0.0,0.2857142857142857,1.069044967649698,4.0,4.0,0.32142857142857145,1.0559731838826991,9.0,4.0,0.32142857142857145,1.0463293911599714,18.0,4.0,0.8571428571428571,2.089231467292284,72.0,12.0,0.0,0.0,0.0,954,0.279874213836478,0.16666666666666666,0.24423480083857443,0.2526205450733753,0.09538784067085954,0.31551362683438156,40.0,5.9958071278826
2022-08-03,0,0,0,0,0,0,0,0,0,0,0,0,2022,8,3,2,215,31,3,0,0,0,0.9749279121818236,-0.22252093395631434,-0.5307300481619331,-0.8475409228928312,-0.5680647467311556,-0.8229838658936566,-0.8660254037844385,-0.5000000000000004,0.0,0.0,0.0,0.0,4.0,0.0,0.0,0.0,0.0,0.0,0.0,0.0,0.0,0.0,0.0,0.0,0.0,0.0,0.32142857142857145,1.0559731838826991,9.0,4.0,0.32142857142857145,1.0463293911599714,18.0,4.0,0.8571428571428571,2.089231467292284,72.0,12.0,0.0,0.0,0.0,954,0.279874213836478,0.16666666666666666,0.24423480083857443,0.2526205450733753,0.09538784067085954,0.31551362683438156,40.0,5.9958071278826
2022-08-04,0,0,0,0,0,0,0,0,0,0,0,0,2022,8,4,3,216,31,3,0,0,0,0.43388373911755823,-0.900968867902419,-0.5452404385406507,-0.8382797052177745,-0.5680647467311556,-0.8229838658936566,-0.8660254037844385,-0.5000000000000004,0.0,0.0,0.0,0.0,0.0,0.0,0.0,0.0,0.0,0.0,0.0,0.0,0.0,0.0,0.0,0.0,0.0,0.0,0.32142857142857145,1.0559731838826991,9.0,4.0,0.32142857142857145,1.0463293911599714,18.0,4.0,0.8571428571428571,2.089231467292284,72.0,12.0,0.0,0.0,0.0,954,0.279874213836478,0.16666666666666666,0.24423480083857443,0.2526205450733753,0.09538784067085954,0.31551362683438156,40.0,5.9958071278826
2022-08-05,4,0,0,4,0,0,0,0,8,0,0,0,2022,8,5,4,217,31,3,0,0,1,-0.433883739117558,-0.9009688679024191,-0.5595892624101763,-0.828770087174504,-0.5680647467311556,-0.8229838658936566,-0.8660254037844385,-0.5000000000000004,0.0,0.0,0.0,0.0,0.0,1.0,1.3333333333333333,2.309401076758506,4.0,4.0,0.5714285714285714,1.5118578920369072,4.0,4.0,0.2857142857142857,1.069044967649698,4.0,4.0,0.42857142857142855,1.259881576697424,12.0,4.0,0.39285714285714285,1.1548879745526124,22.0,4.0,0.9047619047619048,2.114887263047073,76.0,12.0,4.0,4.0,3.0,954,0.279874213836478,0.16666666666666666,0.24423480083857443,0.2526205450733753,0.09538784067085954,0.31551362683438156,40.0,5.9958071278826
2022-08-06,0,0,0,0,0,0,0,0,0,0,0,0,2022,8,6,5,218,31,3,1,0,0,-0.9749279121818236,-0.2225209339563146,-0.5737722679043243,-0.8190148866680802,-0.5680647467311556,-0.8229838658936566,-0.8660254037844385,-0.5000000000000004,4.0,0.0,0.0,0.0,0.0,0.0,1.3333333333333333,2.309401076758506,4.0,4.0,0.5714285714285714,1.5118578920369072,4.0,4.0,0.2857142857142857,1.069044967649698,4.0,4.0,0.42857142857142855,1.259881576697424,12.0,4.0,0.39285714285714285,1.1548879745526124,22.0,4.0,0.8928571428571429,2.117158001529962,75.0,12.0,-4.0,0.0,0.0,954,0.279874213836478,0.16666666666666666,0.24423480083857443,0.2526205450733753,0.09538784067085954,0.31551362683438156,40.0,5.9958071278826
2022-08-07,0,0,0,0,0,0,0,0,0,0,0,0,2022,8,7,6,219,31,3,1,0,0,-0.7818314824680299,0.6234898018587334,-0.5877852522924734,-0.8090169943749472,-0.5680647467311556,-0.8229838658936566,-0.8660254037844385,-0.5000000000000004,0.0,4.0,0.0,0.0,0.0,0.0,1.3333333333333333,2.309401076758506,4.0,4.0,0.5714285714285714,1.5118578920369072,4.0,4.0,0.2857142857142857,1.069044967649698,4.0,4.0,0.42857142857142855,1.259881576697424,12.0,4.0,0.39285714285714285,1.1548879745526124,22.0,4.0,0.8809523809523809,2.1193586316981134,74.0,12.0,0.0,0.0,0.0,954,0.279874213836478,0.16666666666666666,0.24423480083857443,0.2526205450733753,0.09538784067085954,0.31551362683438156,40.0,5.9958071278826
2022-08-08,0,0,0,0,0,0,0,0,0,0,0,0,2022,8,8,0,220,32,3,0,1,0,0.0,1.0,-0.6016240632249227,-0.7987793728863648,-0.663122658240795,-0.7485107481711013,-0.8660254037844385,-0.5000000000000004,0.0,0.0,4.0,0.0,0.0,0.0,0.0,0.0,0.0,0.0,0.5714285714285714,1.5118578920369072,4.0,4.0,0.2857142857142857,1.069044967649698,4.0,4.0,0.42857142857142855,1.259881576697424,12.0,4.0,0.32142857142857145,1.0463293911599714,18.0,4.0,0.8809523809523809,2.1193586316981134,74.0,12.0,0.0,0.0,0.0,954,0.279874213836478,0.16666666666666666,0.24423480083857443,0.2526205450733753,0.09538784067085954,0.31551362683438156,40.0,5.9958071278826
2022-08-09,0,0,0,0,0,0,0,0,0,0,0,0,2022,8,9,1,221,32,3,0,0,0,0.7818314824680298,0.6234898018587336,-0.6152845999633277,-0.7883050558305253,-0.663122658240795,-0.7485107481711013,-0.8660254037844385,-0.5000000000000004,0.0,0.0,0.0,0.0,0.0,4.0,0.0,0.0,0.0,0.0,0.5714285714285714,1.5118578920369072,4.0,4.0,0.2857142857142857,1.069044967649698,4.0,4.0,0.2857142857142857,1.049061056625924,8.0,4.0,0.32142857142857145,1.0463293911599714,18.0,4.0,0.8809523809523809,2.1193586316981134,74.0,12.0,0.0,0.0,-4.0,954,0.279874213836478,0.16666666666666666,0.24423480083857443,0.2526205450733753,0.09538784067085954,0.31551362683438156,40.0,5.9958071278826
2022-08-10,0,0,0,0,0,0,0,0,0,0,0,0,2022,8,10,2,222,32,3,0,0,0,0.9749279121818236,-0.22252093395631434,-0.6287628145958345,-0.7775971469736268,-0.663122658240795,-0.7485107481711013,-0.8660254037844385,-0.5000000000000004,0.0,0.0,0.0,0.0,0.0,0.0,0.0,0.0,0.0,0.0,0.5714285714285714,1.5118578920369072,4.0,4.0,0.2857142857142857,1.069044967649698,4.0,4.0,0.2857142857142857,1.049061056625924,8.0,4.0,0.32142857142857145,1.0463293911599714,18.0,4.0,0.8214285714285714,2.071962658905013,69.0,12.0,0.0,0.0,0.0,954,0.279874213836478,0.16666666666666666,0.24423480083857443,0.2526205450733753,0.09538784067085954,0.31551362683438156,40.0,5.9958071278826
2022-08-11,0,0,0,0,0,0,0,0,0,0,0,0,2022,8,11,3,223,32,3,0,0,0,0.43388373911755823,-0.900968867902419,-0.6420547132365636,-0.7666588193001592,-0.663122658240795,-0.7485107481711013,-0.8660254037844385,-0.5000000000000004,0.0,0.0,0.0,0.0,0.0,0.0,0.0,0.0,0.0,0.0,0.5714285714285714,1.5118578920369072,4.0,4.0,0.2857142857142857,1.069044967649698,4.0,4.0,0.2857142857142857,1.049061056625924,8.0,4.0,0.32142857142857145,1.0463293911599714,18.0,4.0,0.8214285714285714,2.071962658905013,69.0,12.0,0.0,0.0,0.0,954,0.279874213836478,0.16666666666666666,0.24423480083857443,0.2526205450733753,0.09538784067085954,0.31551362683438156,40.0,5.9958071278826
2022-08-12,0,0,0,0,0,0,0,0,0,0,0,0,2022,8,12,4,224,32,3,0,0,1,-0.433883739117558,-0.9009688679024191,-0.655156357209085,-0.7554933140726804,-0.663122658240795,-0.7485107481711013,-0.8660254037844385,-0.5000000000000004,0.0,0.0,0.0,4.0,0.0,0.0,0.0,0.0,0.0,0.0,0.0,0.0,0.0,0.0,0.2857142857142857,1.069044967649698,4.0,4.0,0.2857142857142857,1.049061056625924,8.0,4.0,0.32142857142857145,1.0463293911599714,18.0,4.0,0.8214285714285714,2.071962658905013,69.0,12.0,0.0,-4.0,0.0,954,0.279874213836478,0.16666666666666666,0.24423480083857443,0.2526205450733753,0.09538784067085954,0.31551362683438156,40.0,5.9958071278826
2022-08-13,0,0,0,0,0,0,0,0,0,0,0,0,2022,8,13,5,225,32,3,1,0,0,-0.9749279121818236,-0.2225209339563146,-0.6680638642135333,-0.7441039398713608,-0.663122658240795,-0.7485107481711013,-0.8660254037844385,-0.5000000000000004,0.0,0.0,0.0,0.0,0.0,0.0,0.0,0.0,0.0,0.0,0.0,0.0,0.0,0.0,0.2857142857142857,1.069044967649698,4.0,4.0,0.2857142857142857,1.049061056625924,8.0,4.0,0.32142857142857145,1.0463293911599714,18.0,4.0,0.8214285714285714,2.071962658905013,69.0,12.0,0.0,0.0,0.0,954,0.279874213836478,0.16666666666666666,0.24423480083857443,0.2526205450733753,0.09538784067085954,0.31551362683438156,40.0,5.9958071278826
2022-08-14,0,0,0,0,0,0,0,0,0,0,0,0,2022,8,14,6,226,32,3,1,0,0,-0.7818314824680299,0.6234898018587334,-0.6807734094770159,-0.7324940716135792,-0.663122658240795,-0.7485107481711013,-0.8660254037844385,-0.5000000000000004,0.0,0.0,0.0,0.0,0.0,0.0,0.0,0.0,0.0,0.0,0.0,0.0,0.0,0.0,0.2857142857142857,1.069044967649698,4.0,4.0,0.2857142857142857,1.049061056625924,8.0,4.0,0.30357142857142855,1.0430661594486779,17.0,4.0,0.8214285714285714,2.071962658905013,69.0,12.0,0.0,0.0,0.0,954,0.279874213836478,0.16666666666666666,0.24423480083857443,0.2526205450733753,0.09538784067085954,0.31551362683438156,40.0,5.9958071278826
2022-08-15,0,0,0,0,0,0,0,0,0,0,0,0,2022,8,15,0,227,33,3,0,1,0,0.0,1.0,-0.6932812268869771,-0.7206671495538615,-0.7485107481711011,-0.6631226582407952,-0.8660254037844385,-0.5000000000000004,0.0,0.0,0.0,0.0,0.0,0.0,0.0,0.0,0.0,0.0,0.0,0.0,0.0,0.0,0.2857142857142857,1.069044967649698,4.0,4.0,0.2857142857142857,1.049061056625924,8.0,4.0,0.23214285714285715,0.9143516615826555,13.0,4.0,0.7619047619047619,2.0216839433314098,64.0,12.0,0.0,0.0,0.0,954,0.279874213836478,0.16666666666666666,0.24423480083857443,0.2526205450733753,0.09538784067085954,0.31551362683438156,40.0,5.9958071278826
2022-08-16,0,0,0,0,0,0,0,0,0,0,0,0,2022,8,16,1,228,33,3,0,0,0,0.7818314824680298,0.6234898018587336,-0.7055836101071774,-0.70862667826446,-0.7485107481711011,-0.6631226582407952,-0.8660254037844385,-0.5000000000000004,0.0,0.0,0.0,0.0,0.0,0.0,0.0,0.0,0.0,0.0,0.0,0.0,0.0,0.0,0.2857142857142857,1.069044967649698,4.0,4.0,0.2857142857142857,1.049061056625924,8.0,4.0,0.23214285714285715,0.9143516615826555,13.0,4.0,0.7023809523809523,1.9683015851833345,59.0,12.0,0.0,0.0,0.0,954,0.279874213836478,0.16666666666666666,0.24423480083857443,0.2526205450733753,0.09538784067085954,0.31551362683438156,40.0,5.9958071278826
2022-08-17,0,0,0,0,0,0,0,0,0,0,0,0,2022,8,17,2,229,33,3,0,0,0,0.9749279121818236,-0.22252093395631434,-0.7176769136759615,-0.6963762255968726,-0.7485107481711011,-0.6631226582407952,-0.8660254037844385,-0.5000000000000004,0.0,0.0,0.0,0.0,0.0,4.0,0.0,0.0,0.0,0.0,0.0,0.0,0.0,0.0,0.2857142857142857,1.069044967649698,4.0,4.0,0.14285714285714285,0.7559289460184544,4.0,4.0,0.23214285714285715,0.9143516615826555,13.0,4.0,0.7023809523809523,1.9683015851833345,59.0,12.0,0.0,0.0,-4.0,954,0.279874213836478,0.16666666666666666,0.24423480083857443,0.2526205450733753,0.09538784067085954,0.31551362683438156,40.0,5.9958071278826
2022-08-18,4,0,4,0,0,8,0,4,8,0,0,4,2022,8,18,3,230,33,3,0,0,0,0.43388373911755823,-0.900968867902419,-0.7295575540864876,-0.6839194216246105,-0.7485107481711011,-0.6631226582407952,-0.8660254037844385,-0.5000000000000004,0.0,0.0,0.0,0.0,0.0,0.0,1.3333333333333333,2.309401076758506,4.0,4.0,0.5714285714285714,1.5118578920369072,4.0,4.0,0.5714285714285714,1.452546078405126,8.0,4.0,0.2857142857142857,1.049061056625924,8.0,4.0,0.30357142857142855,1.0430661594486779,17.0,4.0,0.75,1.999246846141624,63.0,12.0,4.0,4.0,4.0,954,0.279874213836478,0.16666666666666666,0.24423480083857443,0.2526205450733753,0.09538784067085954,0.31551362683438156,40.0,5.9958071278826
2022-08-19,0,0,0,0,0,0,0,0,0,0,0,0,2022,8,19,4,231,33,3,0,0,1,-0.433883739117558,-0.9009688679024191,-0.7412220108485957,-0.6712599575675315,-0.7485107481711011,-0.6631226582407952,-0.8660254037844385,-0.5000000000000004,4.0,0.0,0.0,0.0,4.0,0.0,1.3333333333333333,2.309401076758506,4.0,4.0,0.5714285714285714,1.5118578920369072,4.0,4.0,0.2857142857142857,1.069044967649698,4.0,4.0,0.2857142857142857,1.049061056625924,8.0,4.0,0.30357142857142855,1.0430661594486779,17.0,4.0,0.6071428571428571,1.5678844402251635,51.0,8.0,-4.0,0.0,0.0,954,0.279874213836478,0.16666666666666666,0.24423480083857443,0.2526205450733753,0.09538784067085954,0.31551362683438156,40.0,5.9958071278826
2022-08-20,0,0,0,0,0,0,0,0,0,0,0,0,2022,8,20,5,232,33,3,1,0,0,-0.9749279121818236,-0.2225209339563146,-0.7526668275320083,-0.6584015846980489,-0.7485107481711011,-0.6631226582407952,-0.8660254037844385,-0.5000000000000004,0.0,4.0,0.0,0.0,0.0,0.0,1.3333333333333333,2.309401076758506,4.0,4.0,0.5714285714285714,1.5118578920369072,4.0,4.0,0.2857142857142857,1.069044967649698,4.0,4.0,0.2857142857142857,1.049061056625924,8.0,4.0,0.30357142857142855,1.0430661594486779,17.0,4.0,0.6071428571428571,1.5678844402251635,51.0,8.0,0.0,0.0,0.0,954,0.279874213836478,0.16666666666666666,0.24423480083857443,0.2526205450733753,0.09538784067085954,0.31551362683438156,40.0,5.9958071278826
2022-08-21,0,0,0,0,0,0,0,0,0,0,0,0,2022,8,21,6,233,33,3,1,0,0,-0.7818314824680299,0.6234898018587334,-0.7638886127905429,-0.64534811322955,-0.7485107481711011,-0.6631226582407952,-0.8660254037844385,-0.5000000000000004,0.0,0.0,4.0,0.0,0.0,0.0,0.0,0.0,0.0,0.0,0.5714285714285714,1.5118578920369072,4.0,4.0,0.2857142857142857,1.069044967649698,4.0,4.0,0.2857142857142857,1.049061056625924,8.0,4.0,0.30357142857142855,1.0430661594486779,17.0,4.0,0.6071428571428571,1.5678844402251635,51.0,8.0,0.0,0.0,0.0,954,0.279874213836478,0.16666666666666666,0.24423480083857443,0.2526205450733753,0.09538784067085954,0.31551362683438156,40.0,5.9958071278826
2022-08-22,0,0,0,0,0,0,0,0,0,0,0,0,2022,8,22,0,234,34,3,0,1,0,0.0,1.0,-0.7748840413670406,-0.6321034111873488,-0.8229838658936564,-0.5680647467311559,-0.8660254037844385,-0.5000000000000004,0.0,0.0,0.0,0.0,0.0,0.0,0.0,0.0,0.0,0.0,0.5714285714285714,1.5118578920369072,4.0,4.0,0.2857142857142857,1.069044967649698,4.0,4.0,0.2857142857142857,1.049061056625924,8.0,4.0,0.30357142857142855,1.0430661594486779,17.0,4.0,0.5595238095238095,1.5237176356402842,47.0,8.0,0.0,0.0,0.0,954,0.279874213836478,0.16666666666666666,0.24423480083857443,0.2526205450733753,0.09538784067085954,0.31551362683438156,40.0,5.9958071278826
2022-08-23,0,0,0,0,0,0,0,0,0,0,0,0,2022,8,23,1,235,34,3,0,0,0,0.7818314824680298,0.6234898018587336,-0.7856498550787144,-0.6186714032625032,-0.8229838658936564,-0.5680647467311559,-0.8660254037844385,-0.5000000000000004,0.0,0.0,0.0,0.0,0.0,0.0,0.0,0.0,0.0,0.0,0.5714285714285714,1.5118578920369072,4.0,4.0,0.2857142857142857,1.069044967649698,4.0,4.0,0.2857142857142857,1.049061056625924,8.0,4.0,0.30357142857142855,1.0430661594486779,17.0,4.0,0.4642857142857143,1.2842552440389932,39.0,5.0,0.0,0.0,0.0,954,0.279874213836478,0.16666666666666666,0.24423480083857443,0.2526205450733753,0.09538784067085954,0.31551362683438156,40.0,5.9958071278826
2022-08-24,0,0,0,0,0,0,0,0,0,0,0,0,2022,8,24,2,236,34,3,0,0,0,0.9749279121818236,-0.22252093395631434,-0.7961828637826154,-0.6050560696488494,-0.8229838658936564,-0.5680647467311559,-0.8660254037844385,-0.5000000000000004,0.0,0.0,0.0,0.0,0.0,0.0,0.0,0.0,0.0,0.0,0.5714285714285714,1.5118578920369072,4.0,4.0,0.2857142857142857,1.069044967649698,4.0,4.0,0.2857142857142857,1.049061056625924,8.0,4.0,0.30357142857142855,1.0430661594486779,17.0,4.0,0.4166666666666667,1.2243349149377978,35.0,5.0,0.0,0.0,0.0,954,0.279874213836478,0.16666666666666666,0.24423480083857443,0.2526205450733753,0.09538784067085954,0.31551362683438156,40.0,5.9958071278826
2022-08-25,0,0,0,0,0,0,0,0,0,0,0,0,2022,8,25,3,237,34,3,0,0,0,0.43388373911755823,-0.900968867902419,-0.8064799463209447,-0.5912614448635782,-0.8229838658936564,-0.5680647467311559,-0.8660254037844385,-0.5000000000000004,0.0,0.0,0.0,4.0,0.0,0.0,0.0,0.0,0.0,0.0,0.0,0.0,0.0,0.0,0.2857142857142857,1.069044967649698,4.0,4.0,0.2857142857142857,1.049061056625924,8.0,4.0,0.30357142857142855,1.0430661594486779,17.0,4.0,0.4166666666666667,1.2243349149377978,35.0,5.0,0.0,-4.0,0.0,954,0.279874213836478,0.16666666666666666,0.24423480083857443,0.2526205450733753,0.09538784067085954,0.31551362683438156,40.0,5.9958071278826
2022-08-26,0,0,0,0,0,0,0,0,0,0,0,0,2022,8,26,4,238,34,3,0,0,1,-0.433883739117558,-0.9009688679024191,-0.8165380514459157,-0.5772916165517278,-0.8229838658936564,-0.5680647467311559,-0.8660254037844385,-0.5000000000000004,0.0,0.0,0.0,0.0,0.0,0.0,0.0,0.0,0.0,0.0,0.0,0.0,0.0,0.0,0.2857142857142857,1.069044967649698,4.0,4.0,0.2857142857142857,1.049061056625924,8.0,4.0,0.30357142857142855,1.0430661594486779,17.0,4.0,0.4166666666666667,1.2243349149377978,35.0,5.0,0.0,0.0,0.0,954,0.279874213836478,0.16666666666666666,0.24423480083857443,0.2526205450733753,0.09538784067085954,0.31551362683438156,40.0,5.9958071278826
2022-08-27,0,0,0,0,0,0,0,0,0,0,0,0,2022,8,27,5,239,34,3,1,0,0,-0.9749279121818236,-0.2225209339563146,-0.8263541987239094,-0.5631507242749187,-0.8229838658936564,-0.5680647467311559,-0.8660254037844385,-0.5000000000000004,0.0,0.0,0.0,0.0,0.0,0.0,0.0,0.0,0.0,0.0,0.0,0.0,0.0,0.0,0.2857142857142857,1.069044967649698,4.0,4.0,0.2857142857142857,1.049061056625924,8.0,4.0,0.30357142857142855,1.0430661594486779,17.0,4.0,0.36904761904761907,1.1593492348328511,31.0,5.0,0.0,0.0,0.0,954,0.279874213836478,0.16666666666666666,0.24423480083857443,0.2526205450733753,0.09538784067085954,0.31551362683438156,40.0,5.9958071278826
2022-08-28,0,0,0,0,0,0,0,0,0,0,0,0,2022,8,28,6,240,34,3,1,0,0,-0.7818314824680299,0.6234898018587334,-0.8359254794186365,-0.5488429582847199,-0.8229838658936564,-0.5680647467311559,-0.8660254037844385,-0.5000000000000004,0.0,0.0,0.0,0.0,0.0,0.0,0.0,0.0,0.0,0.0,0.0,0.0,0.0,0.0,0.2857142857142857,1.069044967649698,4.0,4.0,0.2857142857142857,1.049061056625924,8.0,4.0,0.30357142857142855,1.0430661594486779,17.0,4.0,0.36904761904761907,1.1593492348328511,31.0,5.0,0.0,0.0,0.0,954,0.279874213836478,0.16666666666666666,0.24423480083857443,0.2526205450733753,0.09538784067085954,0.31551362683438156,40.0,5.9958071278826
2022-08-29,0,0,0,0,0,0,0,0,0,0,0,0,2022,8,29,0,241,35,3,0,1,0,0.0,1.0,-0.8452490573530634,-0.5343725582809785,-0.8854560256532096,-0.4647231720437691,-0.8660254037844385,-0.5000000000000004,0.0,0.0,0.0,0.0,0.0,0.0,0.0,0.0,0.0,0.0,0.0,0.0,0.0,0.0,0.2857142857142857,1.069044967649698,4.0,4.0,0.2857142857142857,1.049061056625924,8.0,4.0,0.30357142857142855,1.0430661594486779,17.0,4.0,0.36904761904761907,1.1593492348328511,31.0,5.0,0.0,0.0,0.0,954,0.279874213836478,0.16666666666666666,0.24423480083857443,0.2526205450733753,0.09538784067085954,0.31551362683438156,40.0,5.9958071278826
2022-08-30,4,0,0,0,0,0,0,0,8,0,0,0,2022,8,30,1,242,35,3,0,0,0,0.7818314824680298,0.6234898018587336,-0.8543221697498269,-0.5197438121555157,-0.8854560256532096,-0.4647231720437691,-0.8660254037844385,-0.5000000000000004,0.0,0.0,0.0,0.0,0.0,0.0,1.3333333333333333,2.309401076758506,4.0,4.0,0.5714285714285714,1.5118578920369072,4.0,4.0,0.5714285714285714,1.452546078405126,8.0,4.0,0.42857142857142855,1.259881576697424,12.0,4.0,0.375,1.1530591721787118,21.0,4.0,0.35714285714285715,1.1155295586462182,30.0,4.0,4.0,4.0,4.0,954,0.279874213836478,0.16666666666666666,0.24423480083857443,0.2526205450733753,0.09538784067085954,0.31551362683438156,40.0,5.9958071278826
2022-08-31,0,0,0,0,0,0,0,0,0,0,0,0,2022,8,31,2,243,35,3,0,0,0,0.9749279121818236,-0.22252093395631434,-0.8631421280499115,-0.5049610547215202,-0.8854560256532096,-0.4647231720437691,-0.8660254037844385,-0.5000000000000004,4.0,0.0,0.0,0.0,0.0,0.0,1.3333333333333333,2.309401076758506,4.0,4.0,0.5714285714285714,1.5118578920369072,4.0,4.0,0.5714285714285714,1.452546078405126,8.0,4.0,0.42857142857142855,1.259881576697424,12.0,4.0,0.375,1.1530591721787118,21.0,4.0,0.35714285714285715,1.1155295586462182,30.0,4.0,-4.0,0.0,0.0,954,0.279874213836478,0.16666666666666666,0.24423480083857443,0.2526205450733753,0.09538784067085954,0.31551362683438156,40.0,5.9958071278826
2022-09-01,4,4,0,4,0,0,0,0,8,0,0,0,2022,9,1,3,244,35,3,0,0,0,0.43388373911755823,-0.900968867902419,-0.8717063187093217,-0.4900286664290594,-0.8854560256532096,-0.4647231720437691,-1.0,-1.8369701987210297e-16,0.0,4.0,0.0,0.0,4.0,0.0,2.6666666666666665,2.309401076758506,8.0,4.0,1.1428571428571428,1.9518001458970653,8.0,4.0,0.5714285714285714,1.452546078405126,8.0,4.0,0.5714285714285714,1.4253932901995965,16.0,4.0,0.44642857142857145,1.249285510087381,25.0,4.0,0.40476190476190477,1.1834098946570597,34.0,4.0,4.0,4.0,4.0,954,0.279874213836478,0.16666666666666666,0.24423480083857443,0.2526205450733753,0.09538784067085954,0.31551362683438156,40.0,5.9958071278826
2022-09-02,0,0,0,0,0,0,0,0,0,0,0,0,2022,9,2,4,245,35,3,0,0,1,-0.433883739117558,-0.9009688679024191,-0.8800122039735356,-0.4749510720670502,-0.8854560256532096,-0.4647231720437691,-1.0,-1.8369701987210297e-16,4.0,0.0,4.0,0.0,0.0,4.0,1.3333333333333333,2.3094010767585056,4.0,4.0,1.1428571428571428,1.9518001458970653,8.0,4.0,0.5714285714285714,1.452546078405126,8.0,4.0,0.42857142857142855,1.259881576697424,12.0,4.0,0.42857142857142855,1.2483755678647193,24.0,4.0,0.40476190476190477,1.1834098946570597,34.0,4.0,-4.0,0.0,-4.0,954,0.279874213836478,0.16666666666666666,0.24423480083857443,0.2526205450733753,0.09538784067085954,0.31551362683438156,40.0,5.9958071278826
2022-09-03,0,0,0,0,0,0,0,0,0,0,0,0,2022,9,3,5,246,35,3,1,0,0,-0.9749279121818236,-0.2225209339563146,-0.888057322629493,-0.4597327394521046,-0.8854560256532096,-0.4647231720437691,-1.0,-1.8369701987210297e-16,0.0,4.0,0.0,0.0,0.0,0.0,1.3333333333333333,2.3094010767585056,4.0,4.0,1.1428571428571428,1.9518001458970653,8.0,4.0,0.5714285714285714,1.452546078405126,8.0,4.0,0.42857142857142855,1.259881576697424,12.0,4.0,0.42857142857142855,1.2483755678647193,24.0,4.0,0.40476190476190477,1.1834098946570597,34.0,4.0,0.0,0.0,0.0,954,0.279874213836478,0.16666666666666666,0.24423480083857443,0.2526205450733753,0.09538784067085954,0.31551362683438156,40.0,5.9958071278826
2022-09-04,0,0,0,0,0,0,0,0,0,0,0,0,2022,9,4,6,247,35,3,1,0,0,-0.7818314824680299,0.6234898018587334,-0.8958392907349089,-0.4443781781046134,-0.8854560256532096,-0.4647231720437691,-1.0,-1.8369701987210297e-16,0.0,0.0,4.0,0.0,0.0,0.0,0.0,0.0,0.0,0.0,1.1428571428571428,1.9518001458970653,8.0,4.0,0.5714285714285714,1.452546078405126,8.0,4.0,0.42857142857142855,1.259881576697424,12.0,4.0,0.42857142857142855,1.2483755678647193,24.0,4.0,0.40476190476190477,1.1834098946570597,34.0,4.0,0.0,0.0,0.0,954,0.279874213836478,0.16666666666666666,0.24423480083857443,0.2526205450733753,0.09538784067085954,0.31551362683438156,40.0,5.9958071278826
2022-09-05,0,0,0,0,0,0,0,0,0,0,0,0,2022,9,5,0,248,36,3,0,1,0,0.0,1.0,-0.9033558023246842,-0.4288919379124841,-0.9350162426854147,-0.3546048870425359,-1.0,-1.8369701987210297e-16,0.0,0.0,0.0,0.0,0.0,0.0,0.0,0.0,0.0,0.0,1.1428571428571428,1.9518001458970653,8.0,4.0,0.5714285714285714,1.452546078405126,8.0,4.0,0.42857142857142855,1.259881576697424,12.0,4.0,0.42857142857142855,1.2483755678647193,24.0,4.0,0.35714285714285715,1.1155295586462182,30.0,4.0,0.0,0.0,0.0,954,0.279874213836478,0.16666666666666666,0.24423480083857443,0.2526205450733753,0.09538784067085954,0.31551362683438156,40.0,5.9958071278826
2022-09-06,0,0,0,0,0,0,0,0,0,0,0,0,2022,9,6,1,249,36,3,0,0,0,0.7818314824680298,0.6234898018587336,-0.9106046300942162,-0.41327860778290443,-0.9350162426854147,-0.3546048870425359,-1.0,-1.8369701987210297e-16,0.0,0.0,0.0,4.0,0.0,0.0,0.0,0.0,0.0,0.0,0.5714285714285714,1.5118578920369072,4.0,4.0,0.5714285714285714,1.452546078405126,8.0,4.0,0.42857142857142855,1.259881576697424,12.0,4.0,0.35714285714285715,1.1509454047327032,20.0,4.0,0.35714285714285715,1.1155295586462182,30.0,4.0,0.0,-4.0,0.0,954,0.279874213836478,0.16666666666666666,0.24423480083857443,0.2526205450733753,0.09538784067085954,0.31551362683438156,40.0,5.9958071278826
2022-09-07,0,0,0,0,0,0,0,0,0,0,0,0,2022,9,7,2,250,36,3,0,0,0,0.9749279121818236,-0.22252093395631434,-0.9175836260593934,-0.3975428142825566,-0.9350162426854147,-0.3546048870425359,-1.0,-1.8369701987210297e-16,0.0,0.0,0.0,0.0,0.0,0.0,0.0,0.0,0.0,0.0,0.5714285714285714,1.5118578920369072,4.0,4.0,0.5714285714285714,1.452546078405126,8.0,4.0,0.42857142857142855,1.259881576697424,12.0,4.0,0.35714285714285715,1.1509454047327032,20.0,4.0,0.35714285714285715,1.1155295586462182,30.0,4.0,0.0,0.0,0.0,954,0.279874213836478,0.16666666666666666,0.24423480083857443,0.2526205450733753,0.09538784067085954,0.31551362683438156,40.0,5.9958071278826
2022-09-08,0,0,0,0,0,0,0,0,0,0,0,0,2022,9,8,3,251,36,3,0,0,0,0.43388373911755823,-0.900968867902419,-0.9242907221930934,-0.3816892202666586,-0.9350162426854147,-0.3546048870425359,-1.0,-1.8369701987210297e-16,0.0,0.0,0.0,4.0,0.0,0.0,0.0,0.0,0.0,0.0,0.0,0.0,0.0,0.0,0.5714285714285714,1.452546078405126,8.0,4.0,0.42857142857142855,1.259881576697424,12.0,4.0,0.35714285714285715,1.1509454047327032,20.0,4.0,0.35714285714285715,1.1155295586462182,30.0,4.0,0.0,-4.0,0.0,954,0.279874213836478,0.16666666666666666,0.24423480083857443,0.2526205450733753,0.09538784067085954,0.31551362683438156,40.0,5.9958071278826
2022-09-09,0,0,0,0,0,0,0,0,0,0,0,0,2022,9,9,4,252,36,3,0,0,1,-0.433883739117558,-0.9009688679024191,-0.9307239310379793,-0.3657225234972692,-0.9350162426854147,-0.3546048870425359,-1.0,-1.8369701987210297e-16,0.0,0.0,0.0,0.0,0.0,0.0,0.0,0.0,0.0,0.0,0.0,0.0,0.0,0.0,0.5714285714285714,1.452546078405126,8.0,4.0,0.42857142857142855,1.259881576697424,12.0,4.0,0.35714285714285715,1.1509454047327032,20.0,4.0,0.35714285714285715,1.1155295586462182,30.0,4.0,0.0,0.0,0.0,954,0.279874213836478,0.16666666666666666,0.24423480083857443,0.2526205450733753,0.09538784067085954,0.31551362683438156,40.0,5.9958071278826
2022-09-10,4,0,0,0,0,0,0,0,8,0,0,4,2022,9,10,5,253,36,3,1,0,0,-0.9749279121818236,-0.2225209339563146,-0.9368813462954315,-0.34964745525122826,-0.9350162426854147,-0.3546048870425359,-1.0,-1.8369701987210297e-16,0.0,0.0,0.0,0.0,0.0,0.0,1.3333333333333333,2.3094010767585056,4.0,4.0,0.5714285714285714,1.5118578920369072,4.0,4.0,0.8571428571428571,1.7032612545052805,12.0,4.0,0.5714285714285714,1.4253932901995965,16.0,4.0,0.42857142857142855,1.2483755678647193,24.0,4.0,0.40476190476190477,1.1834098946570597,34.0,4.0,4.0,4.0,4.0,954,0.279874213836478,0.16666666666666666,0.24423480083857443,0.2526205450733753,0.09538784067085954,0.31551362683438156,40.0,5.9958071278826
2022-09-11,0,0,0,0,0,0,0,0,0,0,0,0,2022,9,11,6,254,36,3,1,0,0,-0.7818314824680299,0.6234898018587334,-0.9427611433904206,-0.33346877891818705,-0.9350162426854147,-0.3546048870425359,-1.0,-1.8369701987210297e-16,4.0,0.0,0.0,0.0,0.0,0.0,1.3333333333333333,2.309401076758506,4.0,4.0,0.5714285714285714,1.5118578920369072,4.0,4.0,0.8571428571428571,1.7032612545052805,12.0,4.0,0.5714285714285714,1.4253932901995965,16.0,4.0,0.42857142857142855,1.2483755678647193,24.0,4.0,0.39285714285714285,1.1823792344441575,33.0,4.0,-4.0,0.0,0.0,954,0.279874213836478,0.16666666666666666,0.24423480083857443,0.2526205450733753,0.09538784067085954,0.31551362683438156,40.0,5.9958071278826
2022-09-12,0,0,0,0,0,0,0,0,0,0,0,0,2022,9,12,0,255,37,3,0,1,0,0.0,1.0,-0.9483615800121716,-0.31719128858910595,-0.970941817426052,-0.23931566428755774,-1.0,-1.8369701987210297e-16,0.0,4.0,0.0,0.0,0.0,0.0,1.3333333333333333,2.309401076758506,4.0,4.0,0.5714285714285714,1.5118578920369072,4.0,4.0,0.8571428571428571,1.7032612545052805,12.0,4.0,0.5714285714285714,1.4253932901995965,16.0,4.0,0.42857142857142855,1.2483755678647193,24.0,4.0,0.34523809523809523,1.1139211931529833,29.0,4.0,0.0,0.0,0.0,954,0.279874213836478,0.16666666666666666,0.24423480083857443,0.2526205450733753,0.09538784067085954,0.31551362683438156,40.0,5.9958071278826
2022-09-13,0,0,0,0,0,0,0,0,0,0,0,0,2022,9,13,1,256,37,3,0,0,0,0.7818314824680298,0.6234898018587336,-0.9536809966304455,-0.300819807635668,-0.970941817426052,-0.23931566428755774,-1.0,-1.8369701987210297e-16,0.0,0.0,4.0,0.0,4.0,0.0,0.0,0.0,0.0,0.0,0.5714285714285714,1.5118578920369072,4.0,4.0,0.5714285714285714,1.452546078405126,8.0,4.0,0.5714285714285714,1.4253932901995965,16.0,4.0,0.42857142857142855,1.2483755678647193,24.0,4.0,0.34523809523809523,1.1139211931529833,29.0,4.0,0.0,0.0,0.0,954,0.279874213836478,0.16666666666666666,0.24423480083857443,0.2526205450733753,0.09538784067085954,0.31551362683438156,40.0,5.9958071278826
2022-09-14,0,0,0,0,0,0,0,0,0,0,0,0,2022,9,14,2,257,37,3,0,0,0,0.9749279121818236,-0.22252093395631434,-0.9587178169872964,-0.2843591872810036,-0.970941817426052,-0.23931566428755774,-1.0,-1.8369701987210297e-16,0.0,0.0,0.0,0.0,0.0,0.0,0.0,0.0,0.0,0.0,0.5714285714285714,1.5118578920369072,4.0,4.0,0.5714285714285714,1.452546078405126,8.0,4.0,0.5714285714285714,1.4253932901995965,16.0,4.0,0.35714285714285715,1.1509454047327032,20.0,4.0,0.34523809523809523,1.1139211931529833,29.0,4.0,0.0,0.0,0.0,954,0.279874213836478,0.16666666666666666,0.24423480083857443,0.2526205450733753,0.09538784067085954,0.31551362683438156,40.0,5.9958071278826
2022-09-15,0,0,0,0,0,0,0,0,0,0,0,0,2022,9,15,3,258,37,3,0,0,0,0.43388373911755823,-0.900968867902419,-0.9634705485641486,-0.26781430516217486,-0.970941817426052,-0.23931566428755774,-1.0,-1.8369701987210297e-16,0.0,0.0,0.0,0.0,4.0,4.0,0.0,0.0,0.0,0.0,0.5714285714285714,1.5118578920369072,4.0,4.0,0.2857142857142857,1.069044967649698,4.0,4.0,0.42857142857142855,1.259881576697424,12.0,4.0,0.35714285714285715,1.1509454047327032,20.0,4.0,0.34523809523809523,1.1139211931529833,29.0,4.0,0.0,0.0,-4.0,954,0.279874213836478,0.16666666666666666,0.24423480083857443,0.2526205450733753,0.09538784067085954,0.31551362683438156,40.0,5.9958071278826
2022-09-16,0,0,0,0,0,0,0,0,0,0,0,0,2022,9,16,4,259,37,3,0,0,1,-0.433883739117558,-0.9009688679024191,-0.9679377830240642,-0.25119006388481957,-0.970941817426052,-0.23931566428755774,-1.0,-1.8369701987210297e-16,0.0,0.0,0.0,0.0,0.0,0.0,0.0,0.0,0.0,0.0,0.5714285714285714,1.5118578920369072,4.0,4.0,0.2857142857142857,1.069044967649698,4.0,4.0,0.42857142857142855,1.259881576697424,12.0,4.0,0.35714285714285715,1.1509454047327032,20.0,4.0,0.34523809523809523,1.1139211931529833,29.0,4.0,0.0,0.0,0.0,954,0.279874213836478,0.16666666666666666,0.24423480083857443,0.2526205450733753,0.09538784067085954,0.31551362683438156,40.0,5.9958071278826
2022-09-17,8,0,8,0,0,4,0,4,16,0,0,8,2022,9,17,5,260,37,3,1,0,0,-0.9749279121818236,-0.2225209339563146,-0.9721181966290612,-0.23449138957041052,-0.970941817426052,-0.23931566428755774,-1.0,-1.8369701987210297e-16,0.0,0.0,0.0,4.0,0.0,0.0,2.6666666666666665,4.618802153517008,8.0,8.0,1.1428571428571428,3.0237157840738167,8.0,8.0,0.8571428571428571,2.3157368940873577,12.0,8.0,0.7142857142857143,1.9023794624226835,20.0,8.0,0.5,1.5374122295716153,28.0,8.0,0.44047619047619047,1.3914644316282465,37.0,8.0,8.0,4.0,8.0,954,0.279874213836478,0.16666666666666666,0.24423480083857443,0.2526205450733753,0.09538784067085954,0.31551362683438156,40.0,5.9958071278826
2022-09-18,0,0,0,0,0,0,0,0,0,0,0,0,2022,9,18,6,261,37,3,1,0,0,-0.7818314824680299,0.6234898018587334,-0.9760105506323682,-0.21772323039653224,-0.970941817426052,-0.23931566428755774,-1.0,-1.8369701987210297e-16,8.0,0.0,0.0,0.0,0.0,0.0,2.6666666666666665,4.618802153517008,8.0,8.0,1.1428571428571428,3.023715784073817,8.0,8.0,0.8571428571428571,2.3157368940873577,12.0,8.0,0.7142857142857143,1.9023794624226835,20.0,8.0,0.5,1.5374122295716153,28.0,8.0,0.44047619047619047,1.3914644316282465,37.0,8.0,-8.0,0.0,0.0,954,0.279874213836478,0.16666666666666666,0.24423480083857443,0.2526205450733753,0.09538784067085954,0.31551362683438156,40.0,5.9958071278826
2022-09-19,0,0,0,0,0,0,0,0,0,0,0,0,2022,9,19,0,262,38,3,0,1,0,0.0,1.0,-0.9796136916454901,-0.20089055513063528,-0.992708874098054,-0.12053668025532357,-1.0,-1.8369701987210297e-16,0.0,8.0,0.0,0.0,0.0,0.0,2.6666666666666665,4.618802153517008,8.0,8.0,1.1428571428571428,3.023715784073817,8.0,8.0,0.8571428571428571,2.3157368940873577,12.0,8.0,0.7142857142857143,1.9023794624226835,20.0,8.0,0.5,1.5374122295716153,28.0,8.0,0.44047619047619047,1.3914644316282465,37.0,8.0,0.0,0.0,0.0,954,0.279874213836478,0.16666666666666666,0.24423480083857443,0.2526205450733753,0.09538784067085954,0.31551362683438156,40.0,5.9958071278826
2022-09-20,0,0,0,0,0,0,0,0,0,0,0,0,2022,9,20,1,263,38,3,0,0,0,0.7818314824680298,0.6234898018587336,-0.9829265519799822,-0.18399835165767986,-0.992708874098054,-0.12053668025532357,-1.0,-1.8369701987210297e-16,0.0,0.0,8.0,0.0,0.0,0.0,0.0,0.0,0.0,0.0,1.1428571428571428,3.023715784073817,8.0,8.0,0.8571428571428571,2.3157368940873577,12.0,8.0,0.7142857142857143,1.9023794624226835,20.0,8.0,0.5,1.5374122295716153,28.0,8.0,0.44047619047619047,1.3914644316282465,37.0,8.0,0.0,0.0,0.0,954,0.279874213836478,0.16666666666666666,0.24423480083857443,0.2526205450733753,0.09538784067085954,0.31551362683438156,40.0,5.9958071278826
2022-09-21,0,0,0,0,0,0,0,0,0,0,0,0,2022,9,21,2,264,38,3,0,0,0,0.9749279121818236,-0.22252093395631434,-0.9859481499638303,-0.1670516255021195,-0.992708874098054,-0.12053668025532357,-1.0,-1.8369701987210297e-16,0.0,0.0,0.0,0.0,0.0,0.0,0.0,0.0,0.0,0.0,1.1428571428571428,3.023715784073817,8.0,8.0,0.8571428571428571,2.3157368940873577,12.0,8.0,0.7142857142857143,1.9023794624226835,20.0,8.0,0.5,1.5374122295716153,28.0,8.0,0.44047619047619047,1.3914644316282465,37.0,8.0,0.0,0.0,0.0,954,0.279874213836478,0.16666666666666666,0.24423480083857443,0.2526205450733753,0.09538784067085954,0.31551362683438156,40.0,5.9958071278826
2022-09-22,0,0,0,0,0,0,0,0,0,0,0,0,2022,9,22,3,265,38,3,0,0,0,0.43388373911755823,-0.900968867902419,-0.9886775902323404,-0.15005539834465262,-0.992708874098054,-0.12053668025532357,-1.0,-1.8369701987210297e-16,0.0,0.0,0.0,0.0,0.0,0.0,0.0,0.0,0.0,0.0,1.1428571428571428,3.023715784073817,8.0,8.0,0.8571428571428571,2.3157368940873577,12.0,8.0,0.7142857142857143,1.9023794624226835,20.0,8.0,0.5,1.5374122295716153,28.0,8.0,0.44047619047619047,1.3914644316282465,37.0,8.0,0.0,0.0,0.0,954,0.279874213836478,0.16666666666666666,0.24423480083857443,0.2526205450733753,0.09538784067085954,0.31551362683438156,40.0,5.9958071278826
2022-09-23,0,0,0,0,0,0,0,0,0,0,0,0,2022,9,23,4,266,38,3,0,0,1,-0.433883739117558,-0.9009688679024191,-0.9911140639934546,-0.13301470653419636,-0.992708874098054,-0.12053668025532357,-1.0,-1.8369701987210297e-16,0.0,0.0,0.0,0.0,0.0,0.0,0.0,0.0,0.0,0.0,1.1428571428571428,3.023715784073817,8.0,8.0,0.8571428571428571,2.3157368940873577,12.0,8.0,0.7142857142857143,1.9023794624226835,20.0,8.0,0.5,1.5374122295716153,28.0,8.0,0.44047619047619047,1.3914644316282465,37.0,8.0,0.0,0.0,0.0,954,0.279874213836478,0.16666666666666666,0.24423480083857443,0.2526205450733753,0.09538784067085954,0.31551362683438156,40.0,5.9958071278826
2022-09-24,0,0,0,0,0,0,0,0,0,0,0,0,2022,9,24,5,267,38,3,1,0,0,-0.9749279121818236,-0.2225209339563146,-0.9932568492674143,-0.11593459959550066,-0.992708874098054,-0.12053668025532357,-1.0,-1.8369701987210297e-16,0.0,0.0,0.0,8.0,4.0,0.0,0.0,0.0,0.0,0.0,0.0,0.0,0.0,0.0,0.5714285714285714,2.138089935299395,8.0,8.0,0.7142857142857143,1.9023794624226835,20.0,8.0,0.5,1.5374122295716153,28.0,8.0,0.44047619047619047,1.3914644316282465,37.0,8.0,0.0,-8.0,0.0,954,0.279874213836478,0.16666666666666666,0.24423480083857443,0.2526205450733753,0.09538784067085954,0.31551362683438156,40.0,5.9958071278826
2022-09-25,0,0,0,0,0,0,0,0,0,0,0,0,2022,9,25,6,268,38,3,1,0,0,-0.7818314824680299,0.6234898018587334,-0.9951053111006974,-0.09882013873287211,-0.992708874098054,-0.12053668025532357,-1.0,-1.8369701987210297e-16,0.0,0.0,0.0,0.0,0.0,0.0,0.0,0.0,0.0,0.0,0.0,0.0,0.0,0.0,0.5714285714285714,2.138089935299395,8.0,8.0,0.7142857142857143,1.9023794624226835,20.0,8.0,0.5,1.5374122295716153,28.0,8.0,0.44047619047619047,1.3914644316282465,37.0,8.0,0.0,0.0,0.0,954,0.279874213836478,0.16666666666666666,0.24423480083857443,0.2526205450733753,0.09538784067085954,0.31551362683438156,40.0,5.9958071278826
2022-09-26,0,0,0,0,0,0,0,0,0,0,0,0,2022,9,26,0,269,39,3,0,1,0,0.0,1.0,-0.99665890175417,-0.08167639533042288,-1.0,-1.8369701987210297e-16,-1.0,-1.8369701987210297e-16,0.0,0.0,0.0,0.0,0.0,0.0,0.0,0.0,0.0,0.0,0.0,0.0,0.0,0.0,0.5714285714285714,2.138089935299395,8.0,8.0,0.7142857142857143,1.9023794624226835,20.0,8.0,0.5,1.5374122295716153,28.0,8.0,0.44047619047619047,1.3914644316282465,37.0,8.0,0.0,0.0,0.0,954,0.279874213836478,0.16666666666666666,0.24423480083857443,0.2526205450733753,0.09538784067085954,0.31551362683438156,40.0,5.9958071278826
2022-09-27,0,0,0,0,0,0,0,0,0,0,0,0,2022,9,27,1,270,39,3,0,0,0,0.7818314824680298,0.6234898018587336,-0.9979171608653922,-0.06450844944931625,-1.0,-1.8369701987210297e-16,-1.0,-1.8369701987210297e-16,0.0,0.0,0.0,0.0,0.0,4.0,0.0,0.0,0.0,0.0,0.0,0.0,0.0,0.0,0.5714285714285714,2.138089935299395,8.0,8.0,0.5714285714285714,1.7935805576921313,16.0,8.0,0.5,1.5374122295716153,28.0,8.0,0.44047619047619047,1.3914644316282465,37.0,8.0,0.0,0.0,-4.0,954,0.279874213836478,0.16666666666666666,0.24423480083857443,0.2526205450733753,0.09538784067085954,0.31551362683438156,40.0,5.9958071278826
2022-09-28,0,0,0,0,0,0,0,0,0,0,0,0,2022,9,28,2,271,39,3,0,0,0,0.9749279121818236,-0.22252093395631434,-0.9988797155850335,-0.04732138832243232,-1.0,-1.8369701987210297e-16,-1.0,-1.8369701987210297e-16,0.0,0.0,0.0,0.0,0.0,0.0,0.0,0.0,0.0,0.0,0.0,0.0,0.0,0.0,0.5714285714285714,2.138089935299395,8.0,8.0,0.5714285714285714,1.7935805576921313,16.0,8.0,0.5,1.5374122295716153,28.0,8.0,0.44047619047619047,1.3914644316282465,37.0,8.0,0.0,0.0,0.0,954,0.279874213836478,0.16666666666666666,0.24423480083857443,0.2526205450733753,0.09538784067085954,0.31551362683438156,40.0,5.9958071278826
2022-09-29,4,0,4,0,0,4,0,4,8,0,0,4,2022,9,29,3,272,39,3,0,0,0,0.43388373911755823,-0.900968867902419,-0.9995462806873573,-0.03012030484690836,-1.0,-1.8369701987210297e-16,-1.0,-1.8369701987210297e-16,0.0,0.0,0.0,0.0,0.0,4.0,1.3333333333333333,2.3094010767585065,4.0,4.0,0.5714285714285714,1.511857892036907,4.0,4.0,0.8571428571428571,2.3157368940873577,12.0,8.0,0.5714285714285714,1.7935805576921313,16.0,8.0,0.5714285714285714,1.605186399339148,32.0,8.0,0.4880952380952381,1.4436737576513847,41.0,8.0,4.0,4.0,0.0,954,0.279874213836478,0.16666666666666666,0.24423480083857443,0.2526205450733753,0.09538784067085954,0.31551362683438156,40.0,5.9958071278826
2022-09-30,0,0,0,0,0,0,0,0,0,0,0,0,2022,9,30,4,273,39,3,0,0,1,-0.433883739117558,-0.9009688679024191,-0.9999166586547379,-0.012910296075008843,-1.0,-1.8369701987210297e-16,-1.0,-1.8369701987210297e-16,4.0,0.0,0.0,0.0,0.0,0.0,1.3333333333333333,2.3094010767585065,4.0,4.0,0.5714285714285714,1.511857892036907,4.0,4.0,0.8571428571428571,2.3157368940873577,12.0,8.0,0.5714285714285714,1.7935805576921313,16.0,8.0,0.5,1.5374122295716153,28.0,8.0,0.47619047619047616,1.4435247230069537,40.0,8.0,-4.0,0.0,0.0,954,0.279874213836478,0.16666666666666666,0.24423480083857443,0.2526205450733753,0.09538784067085954,0.31551362683438156,40.0,5.9958071278826
2022-10-01,0,0,0,0,0,0,0,0,0,0,0,0,2022,10,1,5,274,39,4,1,0,0,-0.9749279121818236,-0.2225209339563146,-0.9999907397361901,0.004303538296243821,-1.0,-1.8369701987210297e-16,-0.8660254037844386,0.5000000000000001,0.0,4.0,0.0,0.0,8.0,0.0,1.3333333333333333,2.3094010767585065,4.0,4.0,0.5714285714285714,1.511857892036907,4.0,4.0,0.2857142857142857,1.0690449676496983,4.0,4.0,0.5714285714285714,1.7935805576921313,16.0,8.0,0.5,1.5374122295716153,28.0,8.0,0.47619047619047616,1.4435247230069537,40.0,8.0,0.0,0.0,0.0,954,0.279874213836478,0.16666666666666666,0.24423480083857443,0.2526205450733753,0.09538784067085954,0.31551362683438156,40.0,5.9958071278826
2022-10-02,1,0,0,0,0,1,0,1,2,0,0,0,2022,10,2,6,275,39,4,1,0,0,-0.7818314824680299,0.6234898018587334,-0.9997685019798909,0.021516097436222233,-1.0,-1.8369701987210297e-16,-0.8660254037844386,0.5000000000000001,0.0,0.0,4.0,0.0,0.0,0.0,0.3333333333333333,0.5773502691896379,1.0,1.0,0.7142857142857143,1.4960264830861896,5.0,4.0,0.35714285714285715,1.0818177620697822,5.0,4.0,0.6071428571428571,1.7917358790618276,17.0,8.0,0.5178571428571429,1.5373066344460007,29.0,8.0,0.4880952380952381,1.4436737576513847,41.0,8.0,1.0,1.0,1.0,954,0.279874213836478,0.16666666666666666,0.24423480083857443,0.2526205450733753,0.09538784067085954,0.31551362683438156,40.0,5.9958071278826
2022-10-03,0,0,0,0,0,0,0,0,0,0,0,0,2022,10,3,0,276,40,4,0,1,0,0.0,1.0,-0.9992500112396835,0.03872228089217399,-0.992708874098054,0.1205366802553232,-0.8660254037844386,0.5000000000000001,1.0,0.0,0.0,0.0,0.0,0.0,0.3333333333333333,0.5773502691896379,1.0,1.0,0.7142857142857143,1.4960264830861896,5.0,4.0,0.35714285714285715,1.0818177620697822,5.0,4.0,0.6071428571428571,1.7917358790618276,17.0,8.0,0.5178571428571429,1.5373066344460007,29.0,8.0,0.4880952380952381,1.4436737576513847,41.0,8.0,-1.0,0.0,0.0,954,0.279874213836478,0.16666666666666666,0.24423480083857443,0.2526205450733753,0.09538784067085954,0.31551362683438156,40.0,5.9958071278826
2022-10-04,0,0,0,0,0,0,0,0,0,0,0,0,2022,10,4,1,277,40,4,0,0,0,0.7818314824680298,0.6234898018587336,-0.9984354211555643,0.05591699010060302,-0.992708874098054,0.1205366802553232,-0.8660254037844386,0.5000000000000001,0.0,1.0,0.0,0.0,0.0,0.0,0.3333333333333333,0.5773502691896379,1.0,1.0,0.7142857142857143,1.4960264830861896,5.0,4.0,0.35714285714285715,1.0818177620697822,5.0,4.0,0.6071428571428571,1.7917358790618276,17.0,8.0,0.5178571428571429,1.5373066344460007,29.0,8.0,0.44047619047619047,1.3914644316282465,37.0,8.0,0.0,0.0,0.0,954,0.279874213836478,0.16666666666666666,0.24423480083857443,0.2526205450733753,0.09538784067085954,0.31551362683438156,40.0,5.9958071278826
2022-10-05,4,0,0,0,0,0,0,0,8,0,0,0,2022,10,5,2,278,40,4,0,0,0,0.9749279121818236,-0.22252093395631434,-0.9973249731081555,0.07309512989807776,-0.992708874098054,0.1205366802553232,-0.8660254037844386,0.5000000000000001,0.0,0.0,1.0,0.0,0.0,0.0,1.3333333333333333,2.3094010767585065,4.0,4.0,1.2857142857142858,1.8898223650461352,9.0,4.0,0.6428571428571429,1.4468609447374665,9.0,4.0,0.75,1.8978545391709691,21.0,8.0,0.5892857142857143,1.6042759421936428,33.0,8.0,0.4880952380952381,1.4436737576513847,41.0,8.0,4.0,4.0,4.0,954,0.279874213836478,0.16666666666666666,0.24423480083857443,0.2526205450733753,0.09538784067085954,0.31551362683438156,40.0,5.9958071278826
2022-10-06,0,0,0,0,0,0,0,0,0,0,0,0,2022,10,6,3,279,40,4,0,0,0,0.43388373911755823,-0.900968867902419,-0.9959189961471792,0.0902516100310407,-0.992708874098054,0.1205366802553232,-0.8660254037844386,0.5000000000000001,4.0,0.0,0.0,4.0,0.0,0.0,1.3333333333333333,2.3094010767585065,4.0,4.0,0.7142857142857143,1.4960264830861896,5.0,4.0,0.6428571428571429,1.4468609447374665,9.0,4.0,0.75,1.8978545391709691,21.0,8.0,0.5892857142857143,1.6042759421936428,33.0,8.0,0.4880952380952381,1.4436737576513847,41.0,8.0,-4.0,-4.0,0.0,954,0.279874213836478,0.16666666666666666,0.24423480083857443,0.2526205450733753,0.09538784067085954,0.31551362683438156,40.0,5.9958071278826
2022-10-07,0,0,0,0,0,0,0,0,0,0,0,0,2022,10,7,4,280,40,4,0,0,1,-0.433883739117558,-0.9009688679024191,-0.994217906893952,0.10738134666416306,-0.992708874098054,0.1205366802553232,-0.8660254037844386,0.5000000000000001,0.0,4.0,0.0,0.0,0.0,0.0,1.3333333333333333,2.3094010767585065,4.0,4.0,0.7142857142857143,1.4960264830861896,5.0,4.0,0.6428571428571429,1.4468609447374665,9.0,4.0,0.75,1.8978545391709691,21.0,8.0,0.5892857142857143,1.6042759421936428,33.0,8.0,0.4880952380952381,1.4436737576513847,41.0,8.0,0.0,0.0,0.0,954,0.279874213836478,0.16666666666666666,0.24423480083857443,0.2526205450733753,0.09538784067085954,0.31551362683438156,40.0,5.9958071278826
2022-10-08,0,0,0,0,0,0,0,0,0,0,0,0,2022,10,8,5,281,40,4,1,0,0,-0.9749279121818236,-0.2225209339563146,-0.9922222094179324,0.12447926388678869,-0.992708874098054,0.1205366802553232,-0.8660254037844386,0.5000000000000001,0.0,0.0,4.0,0.0,0.0,4.0,0.0,0.0,0.0,0.0,0.7142857142857143,1.4960264830861896,5.0,4.0,0.6428571428571429,1.4468609447374665,9.0,4.0,0.6071428571428571,1.7917358790618276,17.0,8.0,0.5892857142857143,1.6042759421936428,33.0,8.0,0.4880952380952381,1.4436737576513847,41.0,8.0,0.0,0.0,-4.0,954,0.279874213836478,0.16666666666666666,0.24423480083857443,0.2526205450733753,0.09538784067085954,0.31551362683438156,40.0,5.9958071278826
2022-10-09,0,0,0,0,0,0,0,0,0,0,0,0,2022,10,9,6,282,40,4,1,0,0,-0.7818314824680299,0.6234898018587334,-0.989932495087353,0.141540295217043,-0.992708874098054,0.1205366802553232,-0.8660254037844386,0.5000000000000001,0.0,0.0,0.0,1.0,0.0,0.0,0.0,0.0,0.0,0.0,0.5714285714285714,1.511857892036907,4.0,4.0,0.6428571428571429,1.4468609447374665,9.0,4.0,0.6071428571428571,1.7917358790618276,17.0,8.0,0.5892857142857143,1.6042759421936428,33.0,8.0,0.4880952380952381,1.4436737576513847,41.0,8.0,0.0,-1.0,0.0,954,0.279874213836478,0.16666666666666666,0.24423480083857443,0.2526205450733753,0.09538784067085954,0.31551362683438156,40.0,5.9958071278826
2022-10-10,0,0,0,0,0,0,0,0,0,0,0,0,2022,10,10,0,283,41,4,0,1,0,0.0,1.0,-0.9873494423939864,0.15855938510313475,-0.9709418174260521,0.23931566428755738,-0.8660254037844386,0.5000000000000001,0.0,0.0,0.0,0.0,0.0,0.0,0.0,0.0,0.0,0.0,0.5714285714285714,1.511857892036907,4.0,4.0,0.6428571428571429,1.4468609447374665,9.0,4.0,0.6071428571428571,1.7917358790618276,17.0,8.0,0.5892857142857143,1.6042759421936428,33.0,8.0,0.4880952380952381,1.4436737576513847,41.0,8.0,0.0,0.0,0.0,954,0.279874213836478,0.16666666666666666,0.24423480083857443,0.2526205450733753,0.09538784067085954,0.31551362683438156,40.0,5.9958071278826
2022-10-11,4,4,0,4,0,0,0,0,8,0,0,0,2022,10,11,1,284,41,4,0,0,0,0.7818314824680298,0.6234898018587336,-0.9844738167520923,0.17553149042142777,-0.9709418174260521,0.23931566428755738,-0.8660254037844386,0.5000000000000001,0.0,0.0,0.0,0.0,0.0,0.0,1.3333333333333333,2.3094010767585065,4.0,4.0,1.1428571428571428,1.9518001458970653,8.0,4.0,0.9285714285714286,1.6854255666327547,13.0,4.0,0.75,1.8978545391709691,21.0,8.0,0.6607142857142857,1.6654432739367921,37.0,8.0,0.5357142857142857,1.4925229595733869,45.0,8.0,4.0,4.0,4.0,954,0.279874213836478,0.16666666666666666,0.24423480083857443,0.2526205450733753,0.09538784067085954,0.31551362683438156,40.0,5.9958071278826
2022-10-12,0,0,0,0,0,0,0,0,0,0,0,0,2022,10,12,2,285,41,4,0,0,0,0.9749279121818236,-0.22252093395631434,-0.9813064702716093,0.19245158197082995,-0.9709418174260521,0.23931566428755738,-0.8660254037844386,0.5000000000000001,4.0,0.0,0.0,4.0,0.0,0.0,1.3333333333333333,2.3094010767585065,4.0,4.0,0.5714285714285714,1.511857892036907,4.0,4.0,0.9285714285714286,1.6854255666327547,13.0,4.0,0.75,1.8978545391709691,21.0,8.0,0.6607142857142857,1.6654432739367921,37.0,8.0,0.4880952380952381,1.4436737576513847,41.0,8.0,-4.0,-4.0,0.0,954,0.279874213836478,0.16666666666666666,0.24423480083857443,0.2526205450733753,0.09538784067085954,0.31551362683438156,40.0,5.9958071278826
2022-10-13,0,0,0,0,0,0,0,0,0,0,0,0,2022,10,13,3,286,41,4,0,0,0,0.43388373911755823,-0.900968867902419,-0.9778483415056567,0.20931464596304888,-0.9709418174260521,0.23931566428755738,-0.8660254037844386,0.5000000000000001,0.0,4.0,0.0,0.0,4.0,0.0,1.3333333333333333,2.3094010767585065,4.0,4.0,0.5714285714285714,1.511857892036907,4.0,4.0,0.6428571428571429,1.4468609447374667,9.0,4.0,0.75,1.8978545391709691,21.0,8.0,0.5892857142857143,1.6042759421936428,33.0,8.0,0.4880952380952381,1.4436737576513847,41.0,8.0,0.0,0.0,0.0,954,0.279874213836478,0.16666666666666666,0.24423480083857443,0.2526205450733753,0.09538784067085954,0.31551362683438156,40.0,5.9958071278826
2022-10-14,4,0,0,0,0,0,0,0,8,0,0,0,2022,10,14,4,287,41,4,0,0,1,-0.433883739117558,-0.9009688679024191,-0.9741004551724206,0.22611568550828803,-0.9709418174260521,0.23931566428755738,-0.8660254037844386,0.5000000000000001,0.0,0.0,4.0,0.0,0.0,0.0,1.3333333333333333,2.3094010767585065,4.0,4.0,1.1428571428571428,1.9518001458970653,8.0,4.0,0.9285714285714286,1.6854255666327547,13.0,4.0,0.8928571428571429,1.9877268929755418,25.0,8.0,0.6607142857142857,1.6654432739367921,37.0,8.0,0.5357142857142857,1.4925229595733869,45.0,8.0,4.0,4.0,4.0,954,0.279874213836478,0.16666666666666666,0.24423480083857443,0.2526205450733753,0.09538784067085954,0.31551362683438156,40.0,5.9958071278826
2022-10-15,0,0,0,0,0,0,0,0,0,0,0,0,2022,10,15,5,288,41,4,1,0,0,-0.9749279121818236,-0.2225209339563146,-0.970063921851507,0.2428497220959358,-0.9709418174260521,0.23931566428755738,-0.8660254037844386,0.5000000000000001,4.0,0.0,0.0,0.0,0.0,8.0,1.3333333333333333,2.3094010767585065,4.0,4.0,1.1428571428571428,1.9518001458970653,8.0,4.0,0.9285714285714286,1.6854255666327547,13.0,4.0,0.6071428571428571,1.4230714230607946,17.0,4.0,0.6607142857142857,1.6654432739367921,37.0,8.0,0.5357142857142857,1.4925229595733869,45.0,8.0,-4.0,0.0,-8.0,954,0.279874213836478,0.16666666666666666,0.24423480083857443,0.2526205450733753,0.09538784067085954,0.31551362683438156,40.0,5.9958071278826
2022-10-16,0,0,0,0,0,0,0,0,0,0,0,0,2022,10,16,6,289,41,4,1,0,0,-0.7818314824680299,0.6234898018587334,-0.965739937654855,0.25951179706979943,-0.9709418174260521,0.23931566428755738,-0.8660254037844386,0.5000000000000001,0.0,4.0,0.0,0.0,1.0,0.0,1.3333333333333333,2.3094010767585065,4.0,4.0,1.1428571428571428,1.9518001458970653,8.0,4.0,0.8571428571428571,1.7032612545052808,12.0,4.0,0.6071428571428571,1.4230714230607946,17.0,4.0,0.6607142857142857,1.6654432739367921,37.0,8.0,0.5357142857142857,1.4925229595733869,45.0,8.0,0.0,0.0,0.0,954,0.279874213836478,0.16666666666666666,0.24423480083857443,0.2526205450733753,0.09538784067085954,0.31551362683438156,40.0,5.9958071278826
2022-10-17,8,4,0,4,0,0,0,0,16,0,0,0,2022,10,17,0,290,42,4,0,1,0,0.0,1.0,-0.9611297838723007,0.27609697309746883,-0.9350162426854148,0.35460488704253557,-0.8660254037844386,0.5000000000000001,0.0,0.0,4.0,0.0,0.0,0.0,2.6666666666666665,4.6188021535170085,8.0,8.0,2.2857142857142856,3.1471831698777724,16.0,8.0,1.4285714285714286,2.533294775106604,20.0,8.0,0.8928571428571429,1.9877268929755418,25.0,8.0,0.8035714285714286,1.9298576759312203,45.0,8.0,0.6309523809523809,1.6988994446424168,53.0,8.0,8.0,8.0,8.0,954,0.279874213836478,0.16666666666666666,0.24423480083857443,0.2526205450733753,0.09538784067085954,0.31551362683438156,40.0,5.9958071278826
2022-10-18,0,0,0,0,0,0,0,0,0,0,0,0,2022,10,18,1,291,42,4,0,0,0,0.7818314824680298,0.6234898018587336,-0.9562348265919058,0.2926003356333479,-0.9350162426854148,0.35460488704253557,-0.8660254037844386,0.5000000000000001,8.0,0.0,0.0,4.0,0.0,0.0,2.6666666666666665,4.6188021535170085,8.0,8.0,1.7142857142857142,3.147183169877772,12.0,8.0,1.4285714285714286,2.533294775106604,20.0,8.0,0.8928571428571429,1.9877268929755418,25.0,8.0,0.8035714285714286,1.9298576759312203,45.0,8.0,0.6309523809523809,1.6988994446424168,53.0,8.0,-8.0,-4.0,0.0,954,0.279874213836478,0.16666666666666666,0.24423480083857443,0.2526205450733753,0.09538784067085954,0.31551362683438156,40.0,5.9958071278826
2022-10-19,0,0,0,0,0,0,0,0,0,0,0,0,2022,10,19,2,292,42,4,0,0,0,0.9749279121818236,-0.22252093395631434,-0.9510565162951536,0.30901699437494723,-0.9350162426854148,0.35460488704253557,-0.8660254037844386,0.5000000000000001,0.0,8.0,0.0,0.0,4.0,0.0,2.6666666666666665,4.6188021535170085,8.0,8.0,1.7142857142857142,3.147183169877772,12.0,8.0,1.1428571428571428,2.4449993820085067,16.0,8.0,0.8928571428571429,1.9877268929755418,25.0,8.0,0.8035714285714286,1.9298576759312203,45.0,8.0,0.6309523809523809,1.6988994446424168,53.0,8.0,0.0,0.0,0.0,954,0.279874213836478,0.16666666666666666,0.24423480083857443,0.2526205450733753,0.09538784067085954,0.31551362683438156,40.0,5.9958071278826
2022-10-20,0,0,0,0,0,0,0,0,0,0,0,0,2022,10,20,3,293,42,4,0,0,0,0.43388373911755823,-0.900968867902419,-0.9455963874271428,0.3253420847119795,-0.9350162426854148,0.35460488704253557,-0.8660254037844386,0.5000000000000001,0.0,0.0,8.0,0.0,0.0,0.0,0.0,0.0,0.0,0.0,1.7142857142857142,3.147183169877772,12.0,8.0,1.1428571428571428,2.4449993820085067,16.0,8.0,0.8928571428571429,1.9877268929755418,25.0,8.0,0.8035714285714286,1.9298576759312203,45.0,8.0,0.6309523809523809,1.6988994446424168,53.0,8.0,0.0,0.0,0.0,954,0.279874213836478,0.16666666666666666,0.24423480083857443,0.2526205450733753,0.09538784067085954,0.31551362683438156,40.0,5.9958071278826
2022-10-21,0,0,0,0,0,0,0,0,0,0,0,0,2022,10,21,4,294,42,4,0,0,1,-0.433883739117558,-0.9009688679024191,-0.9398560579418953,0.341570769167856,-0.9350162426854148,0.35460488704253557,-0.8660254037844386,0.5000000000000001,0.0,0.0,0.0,4.0,0.0,0.0,0.0,0.0,0.0,0.0,1.1428571428571428,3.0237157840738167,8.0,8.0,1.1428571428571428,2.4449993820085067,16.0,8.0,0.8928571428571429,1.9877268929755418,25.0,8.0,0.8035714285714286,1.9298576759312203,45.0,8.0,0.6309523809523809,1.6988994446424168,53.0,8.0,0.0,-4.0,0.0,954,0.279874213836478,0.16666666666666666,0.24423480083857443,0.2526205450733753,0.09538784067085954,0.31551362683438156,40.0,5.9958071278826
2022-10-22,4,0,0,0,0,0,0,0,8,0,0,0,2022,10,22,5,295,42,4,1,0,0,-0.9749279121818236,-0.2225209339563146,-0.9338372288229252,0.35769823883312546,-0.9350162426854148,0.35460488704253557,-0.8660254037844386,0.5000000000000001,0.0,0.0,0.0,0.0,0.0,0.0,1.3333333333333333,2.3094010767585074,4.0,4.0,1.7142857142857142,3.147183169877772,12.0,8.0,1.4285714285714286,2.533294775106604,20.0,8.0,1.0357142857142858,2.0634768009203563,29.0,8.0,0.875,1.9731147503837225,49.0,8.0,0.6785714285714286,1.7366406727247268,57.0,8.0,4.0,4.0,4.0,954,0.279874213836478,0.16666666666666666,0.24423480083857443,0.2526205450733753,0.09538784067085954,0.31551362683438156,40.0,5.9958071278826
2022-10-23,0,0,0,0,0,0,0,0,0,0,0,0,2022,10,23,6,296,42,4,1,0,0,-0.7818314824680299,0.6234898018587334,-0.9275416835791965,0.3737197147904692,-0.9350162426854148,0.35460488704253557,-0.8660254037844386,0.5000000000000001,4.0,0.0,0.0,0.0,0.0,0.0,1.3333333333333333,2.3094010767585074,4.0,4.0,1.7142857142857142,3.147183169877772,12.0,8.0,1.4285714285714286,2.533294775106604,20.0,8.0,1.0357142857142858,2.0634768009203563,29.0,8.0,0.875,1.9731147503837225,49.0,8.0,0.6785714285714286,1.7366406727247268,57.0,8.0,-4.0,0.0,0.0,954,0.279874213836478,0.16666666666666666,0.24423480083857443,0.2526205450733753,0.09538784067085954,0.31551362683438156,40.0,5.9958071278826
2022-10-24,0,0,0,0,0,0,0,0,0,0,0,0,2022,10,24,0,297,43,4,0,1,0,0.0,1.0,-0.9209712877166347,0.38963044953078774,-0.8854560256532101,0.464723172043768,-0.8660254037844386,0.5000000000000001,0.0,4.0,0.0,8.0,0.0,0.0,1.3333333333333333,2.3094010767585074,4.0,4.0,0.5714285714285714,1.5118578920369075,4.0,4.0,1.4285714285714286,2.533294775106604,20.0,8.0,1.0357142857142858,2.0634768009203563,29.0,8.0,0.875,1.9731147503837225,49.0,8.0,0.6785714285714286,1.7366406727247268,57.0,8.0,0.0,-8.0,0.0,954,0.279874213836478,0.16666666666666666,0.24423480083857443,0.2526205450733753,0.09538784067085954,0.31551362683438156,40.0,5.9958071278826
2022-10-25,1,0,0,0,0,0,0,0,2,0,0,0,2022,10,25,1,298,43,4,0,0,0,0.7818314824680298,0.6234898018587336,-0.9141279881853337,0.4054257283599973,-0.8854560256532101,0.464723172043768,-0.8660254037844386,0.5000000000000001,0.0,0.0,4.0,0.0,4.0,0.0,0.3333333333333333,0.577350269189641,1.0,1.0,0.7142857142857143,1.49602648308619,5.0,4.0,1.2142857142857142,2.423556554658128,17.0,8.0,1.0714285714285714,2.053516792463898,30.0,8.0,0.8214285714285714,1.9269112623540854,46.0,8.0,0.6904761904761905,1.7353600402526836,58.0,8.0,1.0,1.0,1.0,954,0.279874213836478,0.16666666666666666,0.24423480083857443,0.2526205450733753,0.09538784067085954,0.31551362683438156,40.0,5.9958071278826
2022-10-26,4,0,0,4,0,0,0,0,8,0,0,0,2022,10,26,2,299,43,4,0,0,0,0.9749279121818236,-0.22252093395631434,-0.9070138128026362,0.42110087079608916,-0.8854560256532101,0.464723172043768,-0.8660254037844386,0.5000000000000001,1.0,0.0,0.0,0.0,0.0,0.0,1.6666666666666667,2.0816659994661375,5.0,4.0,1.2857142857142858,1.8898223650461354,9.0,4.0,1.5,2.5038431998091992,21.0,8.0,1.2142857142857142,2.1144501580551553,34.0,8.0,0.8928571428571429,1.969573755719948,50.0,8.0,0.7380952380952381,1.7707057174495082,62.0,8.0,3.0,4.0,4.0,954,0.279874213836478,0.16666666666666666,0.24423480083857443,0.2526205450733753,0.09538784067085954,0.31551362683438156,40.0,5.9958071278826
2022-10-27,0,0,0,0,0,0,0,0,0,0,0,0,2022,10,27,3,300,43,4,0,0,0,0.43388373911755823,-0.900968867902419,-0.8996308696522434,0.4366512319560638,-0.8854560256532101,0.464723172043768,-0.8660254037844386,0.5000000000000001,4.0,1.0,0.0,0.0,0.0,4.0,1.6666666666666667,2.0816659994661375,5.0,4.0,1.2857142857142858,1.8898223650461354,9.0,4.0,1.5,2.5038431998091992,21.0,8.0,1.0714285714285714,2.053516792463898,30.0,8.0,0.8214285714285714,1.9269112623540854,46.0,8.0,0.7380952380952381,1.7707057174495082,62.0,8.0,-4.0,0.0,-4.0,954,0.279874213836478,0.16666666666666666,0.24423480083857443,0.2526205450733753,0.09538784067085954,0.31551362683438156,40.0,5.9958071278826
2022-10-28,0,0,0,0,0,0,0,0,0,0,0,0,2022,10,28,4,301,43,4,0,0,1,-0.433883739117558,-0.9009688679024191,-0.8919813464595487,0.45207220393230374,-0.8854560256532101,0.464723172043768,-0.8660254037844386,0.5000000000000001,0.0,4.0,1.0,0.0,4.0,0.0,1.3333333333333333,2.3094010767585074,4.0,4.0,1.2857142857142858,1.8898223650461354,9.0,4.0,1.2142857142857142,2.423556554658128,17.0,8.0,1.0714285714285714,2.053516792463898,30.0,8.0,0.8214285714285714,1.9269112623540854,46.0,8.0,0.6904761904761905,1.7353600402526836,58.0,8.0,0.0,0.0,0.0,954,0.279874213836478,0.16666666666666666,0.24423480083857443,0.2526205450733753,0.09538784067085954,0.31551362683438156,40.0,5.9958071278826
2022-10-29,0,0,0,0,0,0,0,0,0,0,0,0,2022,10,29,5,302,43,4,1,0,0,-0.9749279121818236,-0.2225209339563146,-0.8840675099433637,0.46735921715800205,-0.8854560256532101,0.464723172043768,-0.8660254037844386,0.5000000000000001,0.0,0.0,4.0,4.0,0.0,0.0,0.0,0.0,0.0,0.0,0.7142857142857143,1.49602648308619,5.0,4.0,1.2142857142857142,2.423556554658128,17.0,8.0,1.0714285714285714,2.053516792463898,30.0,8.0,0.8214285714285714,1.9269112623540854,46.0,8.0,0.6904761904761905,1.7353600402526836,58.0,8.0,0.0,-4.0,0.0,954,0.279874213836478,0.16666666666666666,0.24423480083857443,0.2526205450733753,0.09538784067085954,0.31551362683438156,40.0,5.9958071278826
2022-10-30,0,0,0,0,0,0,0,0,0,0,0,0,2022,10,30,6,303,43,4,1,0,0,-0.7818314824680299,0.6234898018587334,-0.8758917051442433,0.48250774176121763,-0.8854560256532101,0.464723172043768,-0.8660254037844386,0.5000000000000001,0.0,0.0,0.0,0.0,0.0,1.0,0.0,0.0,0.0,0.0,0.7142857142857143,1.49602648308619,5.0,4.0,1.2142857142857142,2.423556554658128,17.0,8.0,1.0357142857142858,2.0634768009203563,29.0,8.0,0.8214285714285714,1.9269112623540854,46.0,8.0,0.6904761904761905,1.7353600402526836,58.0,8.0,0.0,0.0,-1.0,954,0.279874213836478,0.16666666666666666,0.24423480083857443,0.2526205450733753,0.09538784067085954,0.31551362683438156,40.0,5.9958071278826
2022-10-31,0,0,0,0,0,0,0,0,0,0,0,0,2022,10,31,0,304,44,4,0,1,0,0.0,1.0,-0.8674563547295971,0.4975132889071803,-0.822983865893657,0.5680647467311548,-0.8660254037844386,0.5000000000000001,0.0,0.0,0.0,0.0,8.0,0.0,0.0,0.0,0.0,0.0,0.7142857142857143,1.49602648308619,5.0,4.0,0.6428571428571429,1.4468609447374672,9.0,4.0,1.0357142857142858,2.0634768009203563,29.0,8.0,0.8214285714285714,1.9269112623540854,46.0,8.0,0.6904761904761905,1.7353600402526836,58.0,8.0,0.0,0.0,0.0,954,0.279874213836478,0.16666666666666666,0.24423480083857443,0.2526205450733753,0.09538784067085954,0.31551362683438156,40.0,5.9958071278826
2022-11-01,0,0,0,0,0,0,0,0,0,0,0,0,2022,11,1,1,305,44,4,0,0,0,0.7818314824680298,0.6234898018587336,-0.858763958275803,0.5123714121284235,-0.822983865893657,0.5680647467311548,-0.5000000000000004,0.8660254037844384,0.0,0.0,0.0,1.0,0.0,0.0,0.0,0.0,0.0,0.0,0.5714285714285714,1.5118578920369075,4.0,4.0,0.6428571428571429,1.4468609447374672,9.0,4.0,1.0357142857142858,2.0634768009203563,29.0,8.0,0.8214285714285714,1.9269112623540854,46.0,8.0,0.6904761904761905,1.7353600402526836,58.0,8.0,0.0,-1.0,0.0,954,0.279874213836478,0.16666666666666666,0.24423480083857443,0.2526205450733753,0.09538784067085954,0.31551362683438156,40.0,5.9958071278826
2022-11-02,0,0,0,0,0,0,0,0,0,0,0,0,2022,11,2,2,306,44,4,0,0,0,0.9749279121818236,-0.22252093395631434,-0.8498170915275277,0.5270777086423724,-0.822983865893657,0.5680647467311548,-0.5000000000000004,0.8660254037844384,0.0,0.0,0.0,4.0,0.0,4.0,0.0,0.0,0.0,0.0,0.0,0.0,0.0,0.0,0.6428571428571429,1.4468609447374672,9.0,4.0,0.8928571428571429,1.9877268929755418,25.0,8.0,0.8214285714285714,1.9269112623540854,46.0,8.0,0.6904761904761905,1.7353600402526836,58.0,8.0,0.0,-4.0,-4.0,954,0.279874213836478,0.16666666666666666,0.24423480083857443,0.2526205450733753,0.09538784067085954,0.31551362683438156,40.0,5.9958071278826
2022-11-03,4,4,0,4,0,0,0,0,8,0,0,4,2022,11,3,3,307,44,4,0,0,0,0.43388373911755823,-0.900968867902419,-0.8406184056344783,0.5416278206559811,-0.822983865893657,0.5680647467311548,-0.5000000000000004,0.8660254037844384,0.0,0.0,0.0,0.0,0.0,0.0,1.3333333333333333,2.3094010767585074,4.0,4.0,0.5714285714285714,1.5118578920369075,4.0,4.0,0.9285714285714286,1.685425566632755,13.0,4.0,1.0357142857142858,2.0634768009203563,29.0,8.0,0.8928571428571429,1.969573755719948,50.0,8.0,0.7380952380952381,1.7707057174495082,62.0,8.0,4.0,4.0,4.0,954,0.279874213836478,0.16666666666666666,0.24423480083857443,0.2526205450733753,0.09538784067085954,0.31551362683438156,40.0,5.9958071278826
2022-11-04,0,0,0,0,0,0,0,0,0,0,0,0,2022,11,4,4,308,44,4,0,0,1,-0.433883739117558,-0.9009688679024191,-0.8311706263658079,0.5560174366570446,-0.822983865893657,0.5680647467311548,-0.5000000000000004,0.8660254037844384,4.0,0.0,0.0,0.0,0.0,0.0,1.3333333333333333,2.3094010767585074,4.0,4.0,0.5714285714285714,1.5118578920369075,4.0,4.0,0.9285714285714286,1.685425566632755,13.0,4.0,1.0357142857142858,2.0634768009203563,29.0,8.0,0.8928571428571429,1.969573755719948,50.0,8.0,0.7380952380952381,1.7707057174495082,62.0,8.0,-4.0,0.0,0.0,954,0.279874213836478,0.16666666666666666,0.24423480083857443,0.2526205450733753,0.09538784067085954,0.31551362683438156,40.0,5.9958071278826
2022-11-05,0,0,0,0,0,0,0,0,0,0,0,0,2022,11,5,5,309,44,4,1,0,0,-0.9749279121818236,-0.2225209339563146,-0.8214765533024145,0.5702422926917867,-0.822983865893657,0.5680647467311548,-0.5000000000000004,0.8660254037844384,0.0,4.0,0.0,0.0,4.0,0.0,1.3333333333333333,2.3094010767585074,4.0,4.0,0.5714285714285714,1.5118578920369075,4.0,4.0,0.6428571428571429,1.4468609447374672,9.0,4.0,1.0357142857142858,2.0634768009203563,29.0,8.0,0.8214285714285714,1.9269112623540854,46.0,8.0,0.7380952380952381,1.7707057174495082,62.0,8.0,0.0,0.0,0.0,954,0.279874213836478,0.16666666666666666,0.24423480083857443,0.2526205450733753,0.09538784067085954,0.31551362683438156,40.0,5.9958071278826
2022-11-06,4,0,4,0,0,0,0,0,16,0,0,4,2022,11,6,6,310,44,4,1,0,0,-0.7818314824680299,0.6234898018587334,-0.8115390590073611,0.5842981736283683,-0.822983865893657,0.5680647467311548,-0.5000000000000004,0.8660254037844384,0.0,0.0,4.0,0.0,0.0,0.0,1.3333333333333333,2.3094010767585074,4.0,4.0,1.1428571428571428,1.9518001458970655,8.0,4.0,0.9285714285714286,1.685425566632755,13.0,4.0,1.1785714285714286,2.1266139218219116,33.0,8.0,0.8928571428571429,1.969573755719948,50.0,8.0,0.7857142857142857,1.8040879187524763,66.0,8.0,4.0,4.0,4.0,954,0.279874213836478,0.16666666666666666,0.24423480083857443,0.2526205450733753,0.09538784067085954,0.31551362683438156,40.0,5.9958071278826
2022-11-07,0,0,0,0,0,0,0,0,0,0,0,0,2022,11,7,0,311,45,4,0,1,0,0.0,1.0,-0.801361088174677,0.5981809144059158,-0.7485107481711011,0.6631226582407952,-0.5000000000000004,0.8660254037844384,4.0,0.0,0.0,0.0,0.0,0.0,1.3333333333333333,2.3094010767585074,4.0,4.0,1.1428571428571428,1.9518001458970655,8.0,4.0,0.9285714285714286,1.685425566632755,13.0,4.0,1.1785714285714286,2.1266139218219116,33.0,8.0,0.8928571428571429,1.969573755719948,50.0,8.0,0.7857142857142857,1.8040879187524763,66.0,8.0,-4.0,0.0,0.0,954,0.279874213836478,0.16666666666666666,0.24423480083857443,0.2526205450733753,0.09538784067085954,0.31551362683438156,40.0,5.9958071278826
2022-11-08,0,0,0,0,0,0,0,0,0,0,0,0,2022,11,8,1,312,45,4,0,0,0,0.7818314824680298,0.6234898018587336,-0.7909456567567774,0.6118864012687242,-0.7485107481711011,0.6631226582407952,-0.5000000000000004,0.8660254037844384,0.0,4.0,0.0,0.0,1.0,4.0,1.3333333333333333,2.3094010767585074,4.0,4.0,1.1428571428571428,1.9518001458970655,8.0,4.0,0.8571428571428571,1.7032612545052812,12.0,4.0,1.0357142857142858,2.0634768009203563,29.0,8.0,0.8928571428571429,1.969573755719948,50.0,8.0,0.7857142857142857,1.8040879187524763,66.0,8.0,0.0,0.0,-4.0,954,0.279874213836478,0.16666666666666666,0.24423480083857443,0.2526205450733753,0.09538784067085954,0.31551362683438156,40.0,5.9958071278826
2022-11-09,0,0,0,0,0,0,0,0,0,0,0,0,2022,11,9,2,313,45,4,0,0,0,0.9749279121818236,-0.22252093395631434,-0.780295851070776,0.6254105729852457,-0.7485107481711011,0.6631226582407952,-0.5000000000000004,0.8660254037844384,0.0,0.0,4.0,0.0,4.0,0.0,0.0,0.0,0.0,0.0,1.1428571428571428,1.9518001458970655,8.0,4.0,0.5714285714285714,1.4525460784051267,8.0,4.0,1.0357142857142858,2.0634768009203563,29.0,8.0,0.8928571428571429,1.969573755719948,50.0,8.0,0.7857142857142857,1.8040879187524763,66.0,8.0,0.0,0.0,0.0,954,0.279874213836478,0.16666666666666666,0.24423480083857443,0.2526205450733753,0.09538784067085954,0.31551362683438156,40.0,5.9958071278826
2022-11-10,4,0,0,0,0,0,0,0,8,0,0,4,2022,11,10,3,314,45,4,0,0,0,0.43388373911755823,-0.900968867902419,-0.7694148268839381,0.6387494220515268,-0.7485107481711011,0.6631226582407952,-0.5000000000000004,0.8660254037844384,0.0,0.0,0.0,4.0,0.0,0.0,1.3333333333333333,2.3094010767585074,4.0,4.0,1.1428571428571428,1.9518001458970655,8.0,4.0,0.8571428571428571,1.7032612545052812,12.0,4.0,1.1785714285714286,2.1266139218219116,33.0,8.0,0.9642857142857143,2.00874710580126,54.0,8.0,0.7857142857142857,1.8040879187524763,66.0,8.0,4.0,0.0,4.0,954,0.279874213836478,0.16666666666666666,0.24423480083857443,0.2526205450733753,0.09538784067085954,0.31551362683438156,40.0,5.9958071278826
2022-11-11,4,4,0,0,0,0,0,0,8,0,0,0,2022,11,11,4,315,45,4,0,0,1,-0.433883739117558,-0.9009688679024191,-0.7583058084785625,0.6518989958787125,-0.7485107481711011,0.6631226582407952,-0.5000000000000004,0.8660254037844384,4.0,0.0,0.0,0.0,0.0,4.0,2.6666666666666665,2.3094010767585083,8.0,4.0,1.7142857142857142,2.1380899352993947,12.0,4.0,1.1428571428571428,1.8752289237539823,16.0,4.0,1.1785714285714286,2.1266139218219116,33.0,8.0,1.0357142857142858,2.044631869192956,58.0,8.0,0.8333333333333334,1.8356137697365935,70.0,8.0,0.0,4.0,0.0,954,0.279874213836478,0.16666666666666666,0.24423480083857443,0.2526205450733753,0.09538784067085954,0.31551362683438156,40.0,5.9958071278826
2022-11-12,0,0,0,0,0,0,0,0,0,0,0,0,2022,11,12,5,316,45,4,1,0,0,-0.9749279121818236,-0.2225209339563146,-0.7469720876965551,0.6648553979642866,-0.7485107481711011,0.6631226582407952,-0.5000000000000004,0.8660254037844384,4.0,4.0,0.0,0.0,0.0,0.0,2.6666666666666665,2.309401076758508,8.0,4.0,1.7142857142857142,2.1380899352993947,12.0,4.0,1.1428571428571428,1.8752289237539823,16.0,4.0,1.1785714285714286,2.1266139218219116,33.0,8.0,0.8928571428571429,1.8158751601920764,50.0,8.0,0.8333333333333334,1.8356137697365935,70.0,8.0,-4.0,0.0,0.0,954,0.279874213836478,0.16666666666666666,0.24423480083857443,0.2526205450733753,0.09538784067085954,0.31551362683438156,40.0,5.9958071278826
2022-11-13,0,0,0,0,0,0,0,0,0,0,0,0,2022,11,13,6,317,45,4,1,0,0,-0.7818314824680299,0.6234898018587334,-0.7354170229639858,0.6776147890466887,-0.7485107481711011,0.6631226582407952,-0.5000000000000004,0.8660254037844384,0.0,4.0,4.0,4.0,0.0,0.0,1.3333333333333333,2.3094010767585065,4.0,4.0,1.1428571428571428,1.9518001458970655,8.0,4.0,1.1428571428571428,1.8752289237539823,16.0,4.0,1.1785714285714286,2.1266139218219116,33.0,8.0,0.8928571428571429,1.8158751601920764,50.0,8.0,0.8333333333333334,1.8356137697365935,70.0,8.0,0.0,-4.0,0.0,954,0.279874213836478,0.16666666666666666,0.24423480083857443,0.2526205450733753,0.09538784067085954,0.31551362683438156,40.0,5.9958071278826
2022-11-14,6,5,0,0,0,0,0,0,12,0,0,0,2022,11,14,0,318,46,4,0,1,0,0.0,1.0,-0.7236440382959124,0.690173388242972,-0.6631226582407955,0.7485107481711007,-0.5000000000000004,0.8660254037844384,0.0,0.0,4.0,0.0,0.0,8.0,2.0,3.4641016151377575,6.0,6.0,2.0,2.5819888974716108,14.0,6.0,1.5714285714285714,2.243427518991205,22.0,6.0,1.1071428571428572,1.9117431586805547,31.0,6.0,1.0,1.9353176859251164,56.0,8.0,0.9047619047619048,1.9176984675665707,76.0,8.0,6.0,6.0,-2.0,954,0.279874213836478,0.16666666666666666,0.24423480083857443,0.2526205450733753,0.09538784067085954,0.31551362683438156,40.0,5.9958071278826
2022-11-15,0,0,0,0,0,0,0,0,0,0,0,0,2022,11,15,1,319,46,4,0,0,0,0.7818314824680298,0.6234898018587336,-0.711656622281775,0.7025274741691566,-0.6631226582407955,0.7485107481711007,-0.5000000000000004,0.8660254037844384,6.0,0.0,0.0,0.0,0.0,0.0,2.0,3.4641016151377575,6.0,6.0,2.0,2.5819888974716108,14.0,6.0,1.5714285714285714,2.243427518991205,22.0,6.0,1.1071428571428572,1.9117431586805547,31.0,6.0,1.0,1.9353176859251164,56.0,8.0,0.9047619047619048,1.9176984675665707,76.0,8.0,-6.0,0.0,0.0,954,0.279874213836478,0.16666666666666666,0.24423480083857443,0.2526205450733753,0.09538784067085954,0.31551362683438156,40.0,5.9958071278826
2022-11-16,0,0,0,0,0,0,0,0,0,0,0,0,2022,11,16,2,320,46,4,0,0,0,0.9749279121818236,-0.22252093395631434,-0.6994583270516471,0.7146733860429608,-0.6631226582407955,0.7485107481711007,-0.5000000000000004,0.8660254037844384,0.0,6.0,0.0,0.0,0.0,0.0,2.0,3.4641016151377575,6.0,6.0,2.0,2.5819888974716108,14.0,6.0,1.5714285714285714,2.243427518991205,22.0,6.0,1.1071428571428572,1.9117431586805547,31.0,6.0,1.0,1.9353176859251164,56.0,8.0,0.9047619047619048,1.9176984675665707,76.0,8.0,0.0,0.0,0.0,954,0.279874213836478,0.16666666666666666,0.24423480083857443,0.2526205450733753,0.09538784067085954,0.31551362683438156,40.0,5.9958071278826
2022-11-17,0,0,0,0,0,0,0,0,0,0,0,0,2022,11,17,3,321,46,4,0,0,0,0.43388373911755823,-0.900968867902419,-0.6870527672236675,0.7266075247685652,-0.6631226582407955,0.7485107481711007,-0.5000000000000004,0.8660254037844384,0.0,0.0,6.0,4.0,4.0,0.0,0.0,0.0,0.0,0.0,1.4285714285714286,2.5071326821120343,10.0,6.0,1.2857142857142858,2.163635524139563,18.0,6.0,1.1071428571428572,1.9117431586805547,31.0,6.0,1.0,1.9353176859251164,56.0,8.0,0.9047619047619048,1.9176984675665707,76.0,8.0,0.0,-4.0,0.0,954,0.279874213836478,0.16666666666666666,0.24423480083857443,0.2526205450733753,0.09538784067085954,0.31551362683438156,40.0,5.9958071278826
2022-11-18,0,0,0,0,0,0,0,0,0,0,0,0,2022,11,18,4,322,46,4,0,0,1,-0.433883739117558,-0.9009688679024191,-0.6744436188329457,0.7383263540031063,-0.6631226582407955,0.7485107481711007,-0.5000000000000004,0.8660254037844384,0.0,0.0,0.0,4.0,0.0,0.0,0.0,0.0,0.0,0.0,0.8571428571428571,2.267786838055362,6.0,6.0,1.2857142857142858,2.163635524139563,18.0,6.0,1.1071428571428572,1.9117431586805547,31.0,6.0,1.0,1.9353176859251164,56.0,8.0,0.9047619047619048,1.9176984675665707,76.0,8.0,0.0,-4.0,0.0,954,0.279874213836478,0.16666666666666666,0.24423480083857443,0.2526205450733753,0.09538784067085954,0.31551362683438156,40.0,5.9958071278826
2022-11-19,0,0,0,0,0,0,0,0,0,0,0,0,2022,11,19,5,323,46,4,1,0,0,-0.9749279121818236,-0.2225209339563146,-0.661634618242279,0.749826401204568,-0.6631226582407955,0.7485107481711007,-0.5000000000000004,0.8660254037844384,0.0,0.0,0.0,0.0,0.0,4.0,0.0,0.0,0.0,0.0,0.8571428571428571,2.267786838055362,6.0,6.0,1.2857142857142858,2.163635524139563,18.0,6.0,0.9642857142857143,1.8354965592579078,27.0,6.0,1.0,1.9353176859251164,56.0,8.0,0.9047619047619048,1.9176984675665707,76.0,8.0,0.0,0.0,-4.0,954,0.279874213836478,0.16666666666666666,0.24423480083857443,0.2526205450733753,0.09538784067085954,0.31551362683438156,40.0,5.9958071278826
2022-11-20,0,0,0,0,0,0,0,0,0,0,0,0,2022,11,20,6,324,46,4,1,0,0,-0.7818314824680299,0.6234898018587334,-0.6486295610349818,0.7611042586607742,-0.6631226582407955,0.7485107481711007,-0.5000000000000004,0.8660254037844384,0.0,0.0,0.0,0.0,4.0,0.0,0.0,0.0,0.0,0.0,0.8571428571428571,2.267786838055362,6.0,6.0,1.0,2.0380986614602725,14.0,6.0,0.9642857142857143,1.8354965592579078,27.0,6.0,1.0,1.9353176859251164,56.0,8.0,0.9047619047619048,1.9176984675665707,76.0,8.0,0.0,0.0,0.0,954,0.279874213836478,0.16666666666666666,0.24423480083857443,0.2526205450733753,0.09538784067085954,0.31551362683438156,40.0,5.9958071278826
2022-11-21,0,0,0,0,0,0,0,0,0,0,0,0,2022,11,21,0,325,47,4,0,1,0,0.0,1.0,-0.6354323008901775,0.7721565844991641,-0.5680647467311559,0.8229838658936564,-0.5000000000000004,0.8660254037844384,0.0,0.0,0.0,6.0,0.0,0.0,0.0,0.0,0.0,0.0,0.0,0.0,0.0,0.0,1.0,2.0380986614602725,14.0,6.0,0.9642857142857143,1.8354965592579078,27.0,6.0,1.0,1.9353176859251164,56.0,8.0,0.9047619047619048,1.9176984675665707,76.0,8.0,0.0,-6.0,0.0,954,0.279874213836478,0.16666666666666666,0.24423480083857443,0.2526205450733753,0.09538784067085954,0.31551362683438156,40.0,5.9958071278826
2022-11-22,4,0,0,0,0,0,0,0,8,0,0,0,2022,11,22,1,326,47,4,0,0,0,0.7818314824680298,0.6234898018587336,-0.622046748440868,0.7829801036770624,-0.5680647467311559,0.8229838658936564,-0.5000000000000004,0.8660254037844384,0.0,0.0,0.0,0.0,0.0,1.0,1.3333333333333333,2.309401076758507,4.0,4.0,0.5714285714285714,1.5118578920369072,4.0,4.0,1.2857142857142858,2.163635524139563,18.0,6.0,1.0714285714285714,1.9231257625055878,30.0,6.0,1.0714285714285714,1.971221521218325,60.0,8.0,0.9047619047619048,1.9176984675665707,76.0,8.0,4.0,4.0,3.0,954,0.279874213836478,0.16666666666666666,0.24423480083857443,0.2526205450733753,0.09538784067085954,0.31551362683438156,40.0,5.9958071278826
2022-11-23,0,0,0,0,0,0,0,0,0,0,0,0,2022,11,23,2,327,47,4,0,0,0,0.9749279121818236,-0.22252093395631434,-0.6084768701151264,0.7935716089521472,-0.5680647467311559,0.8229838658936564,-0.5000000000000004,0.8660254037844384,4.0,0.0,0.0,0.0,0.0,4.0,1.3333333333333333,2.309401076758507,4.0,4.0,0.5714285714285714,1.5118578920369072,4.0,4.0,1.2857142857142858,2.163635524139563,18.0,6.0,0.9285714285714286,1.8444826922788953,26.0,6.0,1.0714285714285714,1.971221521218325,60.0,8.0,0.9047619047619048,1.9176984675665707,76.0,8.0,-4.0,0.0,-4.0,954,0.279874213836478,0.16666666666666666,0.24423480083857443,0.2526205450733753,0.09538784067085954,0.31551362683438156,40.0,5.9958071278826
2022-11-24,0,0,0,0,0,0,0,0,0,0,0,0,2022,11,24,3,328,47,4,0,0,0,0.43388373911755823,-0.900968867902419,-0.594726686960764,0.8039279618328208,-0.5680647467311559,0.8229838658936564,-0.5000000000000004,0.8660254037844384,0.0,4.0,0.0,0.0,4.0,0.0,1.3333333333333333,2.309401076758507,4.0,4.0,0.5714285714285714,1.5118578920369072,4.0,4.0,1.0,2.0380986614602725,14.0,6.0,0.9285714285714286,1.8444826922788953,26.0,6.0,1.0,1.9353176859251164,56.0,8.0,0.8571428571428571,1.889366931284843,72.0,8.0,0.0,0.0,0.0,954,0.279874213836478,0.16666666666666666,0.24423480083857443,0.2526205450733753,0.09538784067085954,0.31551362683438156,40.0,5.9958071278826
2022-11-25,1,0,1,0,0,1,0,1,1,1,1,1,2022,11,25,4,329,47,4,0,0,1,-0.433883739117558,-0.9009688679024191,-0.5808002734538013,0.8140460935082175,-0.5680647467311559,0.8229838658936564,-0.5000000000000004,0.8660254037844384,0.0,0.0,4.0,0.0,4.0,0.0,0.3333333333333333,0.5773502691896372,1.0,1.0,0.7142857142857143,1.4960264830861896,5.0,4.0,0.7857142857142857,1.8471837786446463,11.0,6.0,0.9642857142857143,1.8354965592579078,27.0,6.0,1.0178571428571428,1.9305305104939559,57.0,8.0,0.8690476190476191,1.887050110142027,73.0,8.0,1.0,1.0,1.0,954,0.279874213836478,0.16666666666666666,0.24423480083857443,0.2526205450733753,0.09538784067085954,0.31551362683438156,40.0,5.9958071278826
2022-11-26,0,0,0,0,0,0,0,0,0,0,0,0,2022,11,26,5,330,47,4,1,0,0,-0.9749279121818236,-0.2225209339563146,-0.5667017562911184,0.8239230057575536,-0.5680647467311559,0.8229838658936564,-0.5000000000000004,0.8660254037844384,1.0,0.0,0.0,0.0,0.0,0.0,0.3333333333333333,0.5773502691896372,1.0,1.0,0.7142857142857143,1.4960264830861896,5.0,4.0,0.7857142857142857,1.8471837786446463,11.0,6.0,0.9642857142857143,1.8354965592579078,27.0,6.0,1.0178571428571428,1.9305305104939559,57.0,8.0,0.8690476190476191,1.887050110142027,73.0,8.0,-1.0,0.0,0.0,954,0.279874213836478,0.16666666666666666,0.24423480083857443,0.2526205450733753,0.09538784067085954,0.31551362683438156,40.0,5.9958071278826
2022-11-27,0,0,0,0,0,0,0,0,0,0,0,0,2022,11,27,6,331,47,4,1,0,0,-0.7818314824680299,0.6234898018587334,-0.5524353131676203,0.8335557718385695,-0.5680647467311559,0.8229838658936564,-0.5000000000000004,0.8660254037844384,0.0,1.0,0.0,0.0,0.0,0.0,0.3333333333333333,0.5773502691896372,1.0,1.0,0.7142857142857143,1.4960264830861896,5.0,4.0,0.7857142857142857,1.8471837786446463,11.0,6.0,0.9642857142857143,1.8354965592579078,27.0,6.0,1.0,1.9353176859251164,56.0,8.0,0.8690476190476191,1.887050110142027,73.0,8.0,0.0,0.0,0.0,954,0.279874213836478,0.16666666666666666,0.24423480083857443,0.2526205450733753,0.09538784067085954,0.31551362683438156,40.0,5.9958071278826
2022-11-28,0,0,0,0,0,0,0,0,0,0,0,0,2022,11,28,0,332,48,4,0,1,0,0.0,1.0,-0.5380051715382992,0.8429415373547832,-0.4647231720437684,0.88545602565321,-0.5000000000000004,0.8660254037844384,0.0,0.0,1.0,0.0,6.0,0.0,0.0,0.0,0.0,0.0,0.7142857142857143,1.4960264830861896,5.0,4.0,0.35714285714285715,1.0818177620697826,5.0,4.0,0.9642857142857143,1.8354965592579078,27.0,6.0,1.0,1.9353176859251164,56.0,8.0,0.8690476190476191,1.887050110142027,73.0,8.0,0.0,0.0,0.0,954,0.279874213836478,0.16666666666666666,0.24423480083857443,0.2526205450733753,0.09538784067085954,0.31551362683438156,40.0,5.9958071278826
2022-11-29,0,0,0,0,0,0,0,0,0,0,0,0,2022,11,29,1,333,48,4,0,0,0,0.7818314824680298,0.6234898018587336,-0.5234156073655503,0.8520775211013093,-0.4647231720437684,0.88545602565321,-0.5000000000000004,0.8660254037844384,0.0,0.0,0.0,4.0,0.0,0.0,0.0,0.0,0.0,0.0,0.14285714285714285,0.3779644730092195,1.0,1.0,0.35714285714285715,1.0818177620697826,5.0,4.0,0.9642857142857143,1.8354965592579078,27.0,6.0,1.0,1.9353176859251164,56.0,8.0,0.8690476190476191,1.887050110142027,73.0,8.0,0.0,-4.0,0.0,954,0.279874213836478,0.16666666666666666,0.24423480083857443,0.2526205450733753,0.09538784067085954,0.31551362683438156,40.0,5.9958071278826
2022-11-30,0,0,0,0,0,0,0,0,0,0,0,0,2022,11,30,2,334,48,4,0,0,0,0.9749279121818236,-0.22252093395631434,-0.5086709438521042,0.8609610158889945,-0.4647231720437684,0.88545602565321,-0.5000000000000004,0.8660254037844384,0.0,0.0,0.0,0.0,0.0,0.0,0.0,0.0,0.0,0.0,0.14285714285714285,0.3779644730092195,1.0,1.0,0.35714285714285715,1.0818177620697826,5.0,4.0,0.9642857142857143,1.8354965592579078,27.0,6.0,0.9285714285714286,1.8959971505266555,52.0,8.0,0.8690476190476191,1.887050110142027,73.0,8.0,0.0,0.0,0.0,954,0.279874213836478,0.16666666666666666,0.24423480083857443,0.2526205450733753,0.09538784067085954,0.31551362683438156,40.0,5.9958071278826
2022-12-01,0,0,0,0,0,0,0,0,0,0,0,0,2022,12,1,3,335,48,4,0,0,0,0.43388373911755823,-0.900968867902419,-0.49377555015997737,0.8695893893466109,-0.4647231720437684,0.88545602565321,-2.4492935982947064e-16,1.0,0.0,0.0,0.0,0.0,0.0,4.0,0.0,0.0,0.0,0.0,0.14285714285714285,0.3779644730092195,1.0,1.0,0.35714285714285715,1.0818177620697826,5.0,4.0,0.8214285714285714,1.7438478405541267,23.0,6.0,0.9285714285714286,1.8959971505266555,52.0,8.0,0.8690476190476191,1.887050110142027,73.0,8.0,0.0,0.0,-4.0,954,0.279874213836478,0.16666666666666666,0.24423480083857443,0.2526205450733753,0.09538784067085954,0.31551362683438156,40.0,5.9958071278826
2022-12-02,0,0,0,0,0,0,0,0,0,0,0,0,2022,12,2,4,336,48,4,0,0,1,-0.433883739117558,-0.9009688679024191,-0.4787338401157883,0.8779600847008883,-0.4647231720437684,0.88545602565321,-2.4492935982947064e-16,1.0,0.0,0.0,0.0,1.0,0.0,0.0,0.0,0.0,0.0,0.0,0.0,0.0,0.0,0.0,0.35714285714285715,1.0818177620697826,5.0,4.0,0.8214285714285714,1.7438478405541267,23.0,6.0,0.9285714285714286,1.8959971505266555,52.0,8.0,0.8690476190476191,1.887050110142027,73.0,8.0,0.0,-1.0,0.0,954,0.279874213836478,0.16666666666666666,0.24423480083857443,0.2526205450733753,0.09538784067085954,0.31551362683438156,40.0,5.9958071278826
2022-12-03,0,0,0,0,0,0,0,0,0,0,0,0,2022,12,3,5,337,48,4,1,0,0,-0.9749279121818236,-0.2225209339563146,-0.4635502709028512,0.8860706215341378,-0.4647231720437684,0.88545602565321,-2.4492935982947064e-16,1.0,0.0,0.0,0.0,0.0,0.0,0.0,0.0,0.0,0.0,0.0,0.0,0.0,0.0,0.0,0.35714285714285715,1.0818177620697826,5.0,4.0,0.8214285714285714,1.7438478405541267,23.0,6.0,0.9285714285714286,1.8959971505266555,52.0,8.0,0.8214285714285714,1.8573248950899326,69.0,8.0,0.0,0.0,0.0,954,0.279874213836478,0.16666666666666666,0.24423480083857443,0.2526205450733753,0.09538784067085954,0.31551362683438156,40.0,5.9958071278826
2022-12-04,0,0,0,0,0,0,0,0,0,0,0,0,2022,12,4,6,338,48,4,1,0,0,-0.7818314824680299,0.6234898018587334,-0.4482293417404106,0.893918596519257,-0.4647231720437684,0.88545602565321,-2.4492935982947064e-16,1.0,0.0,0.0,0.0,0.0,0.0,4.0,0.0,0.0,0.0,0.0,0.0,0.0,0.0,0.0,0.35714285714285715,1.0818177620697826,5.0,4.0,0.6785714285714286,1.6342077348473543,19.0,6.0,0.9285714285714286,1.8959971505266555,52.0,8.0,0.8214285714285714,1.8573248950899326,69.0,8.0,0.0,0.0,-4.0,954,0.279874213836478,0.16666666666666666,0.24423480083857443,0.2526205450733753,0.09538784067085954,0.31551362683438156,40.0,5.9958071278826
2022-12-05,4,4,0,0,0,0,0,0,8,4,4,0,2022,12,5,0,339,49,4,0,1,0,0.0,1.0,-0.4327755925504317,0.9015016841318838,-0.35460488704253595,0.9350162426854147,-2.4492935982947064e-16,1.0,0.0,0.0,0.0,0.0,0.0,0.0,1.3333333333333333,2.309401076758507,4.0,4.0,0.5714285714285714,1.5118578920369072,4.0,4.0,0.6428571428571429,1.4468609447374672,9.0,4.0,0.8214285714285714,1.7438478405541267,23.0,6.0,1.0,1.9353176859251164,56.0,8.0,0.8690476190476191,1.887050110142027,73.0,8.0,4.0,4.0,4.0,954,0.279874213836478,0.16666666666666666,0.24423480083857443,0.2526205450733753,0.09538784067085954,0.31551362683438156,40.0,5.9958071278826
2022-12-06,0,0,0,0,0,0,0,0,0,0,0,0,2022,12,6,1,340,49,4,0,0,0,0.7818314824680298,0.6234898018587336,-0.41719360261231697,0.9088176373395028,-0.35460488704253595,0.9350162426854147,-2.4492935982947064e-16,1.0,4.0,0.0,0.0,0.0,4.0,0.0,1.3333333333333333,2.309401076758507,4.0,4.0,0.5714285714285714,1.5118578920369072,4.0,4.0,0.35714285714285715,1.0818177620697826,5.0,4.0,0.8214285714285714,1.7438478405541267,23.0,6.0,0.9285714285714286,1.8959971505266555,52.0,8.0,0.8690476190476191,1.887050110142027,73.0,8.0,-4.0,0.0,0.0,954,0.279874213836478,0.16666666666666666,0.24423480083857443,0.2526205450733753,0.09538784067085954,0.31551362683438156,40.0,5.9958071278826
2022-12-07,8,0,4,0,0,4,0,4,16,4,4,4,2022,12,7,2,341,49,4,0,0,0,0.9749279121818236,-0.22252093395631434,-0.4014879892059737,0.9158642882672868,-0.35460488704253595,0.9350162426854147,-2.4492935982947064e-16,1.0,0.0,4.0,0.0,0.0,0.0,0.0,4.0,4.0000000000000036,12.0,8.0,1.7142857142857142,3.147183169877772,12.0,8.0,0.9285714285714286,2.302650169304448,13.0,8.0,1.1071428571428572,2.199987974955111,31.0,8.0,1.0714285714285714,2.113653819226902,60.0,8.0,0.9642857142857143,2.038464036530249,81.0,8.0,8.0,8.0,8.0,954,0.279874213836478,0.16666666666666666,0.24423480083857443,0.2526205450733753,0.09538784067085954,0.31551362683438156,40.0,5.9958071278826
2022-12-08,0,0,0,0,0,0,0,0,0,0,0,0,2022,12,8,3,342,49,4,0,0,0,0.43388373911755823,-0.900968867902419,-0.38566340624360745,0.9226395488404875,-0.35460488704253595,0.9350162426854147,-2.4492935982947064e-16,1.0,8.0,0.0,4.0,0.0,0.0,4.0,2.6666666666666665,4.6188021535170085,8.0,8.0,1.7142857142857142,3.147183169877772,12.0,8.0,0.9285714285714286,2.302650169304448,13.0,8.0,0.9642857142857143,2.134064854739144,27.0,8.0,1.0714285714285714,2.113653819226902,60.0,8.0,0.9642857142857143,2.038464036530249,81.0,8.0,-8.0,0.0,-4.0,954,0.279874213836478,0.16666666666666666,0.24423480083857443,0.2526205450733753,0.09538784067085954,0.31551362683438156,40.0,5.9958071278826
2022-12-09,4,0,0,4,0,0,0,0,8,0,0,0,2022,12,9,4,343,49,4,0,0,1,-0.433883739117558,-0.9009688679024191,-0.3697245428906732,0.9291414114031743,-0.35460488704253595,0.9350162426854147,-2.4492935982947064e-16,1.0,0.0,8.0,0.0,0.0,1.0,4.0,4.0,4.0000000000000036,12.0,8.0,2.2857142857142856,3.1471831698777724,16.0,8.0,1.1428571428571428,2.4449993820085067,16.0,8.0,0.9642857142857143,2.134064854739144,27.0,8.0,1.0714285714285714,2.113653819226902,60.0,8.0,1.0119047619047619,2.0622484373436802,85.0,8.0,4.0,4.0,0.0,954,0.279874213836478,0.16666666666666666,0.24423480083857443,0.2526205450733753,0.09538784067085954,0.31551362683438156,40.0,5.9958071278826
2022-12-10,0,0,0,0,0,0,0,0,0,0,0,0,2022,12,10,5,344,49,4,1,0,0,-0.9749279121818236,-0.2225209339563146,-0.3536761221763721,0.935367949313148,-0.35460488704253595,0.9350162426854147,-2.4492935982947064e-16,1.0,4.0,0.0,8.0,0.0,0.0,0.0,1.3333333333333333,2.3094010767585065,4.0,4.0,2.2857142857142856,3.1471831698777724,16.0,8.0,1.1428571428571428,2.4449993820085067,16.0,8.0,0.9642857142857143,2.134064854739144,27.0,8.0,1.0714285714285714,2.113653819226902,60.0,8.0,0.9166666666666666,1.9151163627129624,77.0,8.0,-4.0,0.0,0.0,954,0.279874213836478,0.16666666666666666,0.24423480083857443,0.2526205450733753,0.09538784067085954,0.31551362683438156,40.0,5.9958071278826
2022-12-11,0,0,0,0,0,0,0,0,0,0,0,0,2022,12,11,6,345,49,4,1,0,0,-0.7818314824680299,0.6234898018587334,-0.33752289959411347,0.941317317512847,-0.35460488704253595,0.9350162426854147,-2.4492935982947064e-16,1.0,0.0,4.0,0.0,0.0,0.0,0.0,1.3333333333333333,2.3094010767585065,4.0,4.0,2.2857142857142856,3.1471831698777724,16.0,8.0,1.1428571428571428,2.4449993820085067,16.0,8.0,0.9642857142857143,2.134064854739144,27.0,8.0,1.0714285714285714,2.113653819226902,60.0,8.0,0.9166666666666666,1.9151163627129624,77.0,8.0,0.0,0.0,0.0,954,0.279874213836478,0.16666666666666666,0.24423480083857443,0.2526205450733753,0.09538784067085954,0.31551362683438156,40.0,5.9958071278826
2022-12-12,0,0,0,0,0,0,0,0,0,0,0,0,2022,12,12,0,346,50,4,0,1,0,0.0,1.0,-0.32126966169236515,0.9469877530760751,-0.2393156642875578,0.970941817426052,-2.4492935982947064e-16,1.0,0.0,0.0,4.0,4.0,0.0,6.0,0.0,0.0,0.0,0.0,1.7142857142857142,3.147183169877772,12.0,8.0,1.1428571428571428,2.4449993820085067,16.0,8.0,0.75,1.897854539170969,21.0,8.0,0.9285714285714286,1.8959971505266555,52.0,8.0,0.9166666666666666,1.9151163627129624,77.0,8.0,0.0,-4.0,-6.0,954,0.279874213836478,0.16666666666666666,0.24423480083857443,0.2526205450733753,0.09538784067085954,0.31551362683438156,40.0,5.9958071278826
2022-12-13,0,0,0,0,0,0,0,0,0,0,0,0,2022,12,13,1,347,50,4,0,0,0,0.7818314824680298,0.6234898018587336,-0.3049212246562894,0.9523775757303973,-0.2393156642875578,0.970941817426052,-2.4492935982947064e-16,1.0,0.0,0.0,0.0,0.0,0.0,0.0,0.0,0.0,0.0,0.0,1.7142857142857142,3.147183169877772,12.0,8.0,1.1428571428571428,2.4449993820085067,16.0,8.0,0.75,1.897854539170969,21.0,8.0,0.9285714285714286,1.8959971505266555,52.0,8.0,0.9166666666666666,1.9151163627129624,77.0,8.0,0.0,0.0,0.0,954,0.279874213836478,0.16666666666666666,0.24423480083857443,0.2526205450733753,0.09538784067085954,0.31551362683438156,40.0,5.9958071278826
2022-12-14,1,1,0,0,0,0,0,0,3,1,1,0,2022,12,14,2,348,50,4,0,0,0,0.9749279121818236,-0.22252093395631434,-0.2884824328806098,0.9574851883550389,-0.2393156642875578,0.970941817426052,-2.4492935982947064e-16,1.0,0.0,0.0,0.0,8.0,0.0,0.0,0.3333333333333333,0.5773502691896356,1.0,1.0,0.7142857142857143,1.49602648308619,5.0,4.0,1.2142857142857142,2.423556554658128,17.0,8.0,0.7857142857142857,1.8926200310708385,22.0,8.0,0.9464285714285714,1.8917970567415805,53.0,8.0,0.9285714285714286,1.9124557749715505,78.0,8.0,1.0,-7.0,1.0,954,0.279874213836478,0.16666666666666666,0.24423480083857443,0.2526205450733753,0.09538784067085954,0.31551362683438156,40.0,5.9958071278826
2022-12-15,4,4,0,0,0,8,0,4,8,0,0,0,2022,12,15,3,349,50,4,0,0,0,0.43388373911755823,-0.900968867902419,-0.27195815753410524,0.9623090774541487,-0.2393156642875578,0.970941817426052,-2.4492935982947064e-16,1.0,1.0,0.0,0.0,0.0,0.0,0.0,1.6666666666666667,2.081665999466137,5.0,4.0,1.2857142857142858,1.8898223650461354,9.0,4.0,1.5,2.5038431998091992,21.0,8.0,0.9285714285714286,1.9800593225039798,26.0,8.0,1.0178571428571428,1.930530510493956,57.0,8.0,0.9761904761904762,1.938675429542817,82.0,8.0,3.0,4.0,4.0,954,0.279874213836478,0.16666666666666666,0.24423480083857443,0.2526205450733753,0.09538784067085954,0.31551362683438156,40.0,5.9958071278826
2022-12-16,0,0,0,0,0,0,0,0,0,0,0,0,2022,12,16,4,350,50,4,0,0,1,-0.433883739117558,-0.9009688679024191,-0.2553532951161881,0.9668478136052773,-0.2393156642875578,0.970941817426052,-2.4492935982947064e-16,1.0,4.0,1.0,0.0,4.0,0.0,0.0,1.6666666666666667,2.081665999466137,5.0,4.0,0.7142857142857143,1.49602648308619,5.0,4.0,1.5,2.5038431998091992,21.0,8.0,0.9285714285714286,1.9800593225039798,26.0,8.0,1.0178571428571428,1.930530510493956,57.0,8.0,0.9761904761904762,1.938675429542817,82.0,8.0,-4.0,-4.0,0.0,954,0.279874213836478,0.16666666666666666,0.24423480083857443,0.2526205450733753,0.09538784067085954,0.31551362683438156,40.0,5.9958071278826
2022-12-17,0,0,0,0,0,0,0,0,0,0,0,0,2022,12,17,5,351,50,4,1,0,0,-0.9749279121818236,-0.2225209339563146,-0.23867276600594997,0.9711000518829505,-0.2393156642875578,0.970941817426052,-2.4492935982947064e-16,1.0,0.0,4.0,1.0,0.0,0.0,0.0,1.3333333333333333,2.3094010767585065,4.0,4.0,0.7142857142857143,1.49602648308619,5.0,4.0,1.5,2.5038431998091992,21.0,8.0,0.9285714285714286,1.9800593225039798,26.0,8.0,0.9464285714285714,1.8917970567415805,53.0,8.0,0.9761904761904762,1.938675429542817,82.0,8.0,0.0,0.0,0.0,954,0.279874213836478,0.16666666666666666,0.24423480083857443,0.2526205450733753,0.09538784067085954,0.31551362683438156,40.0,5.9958071278826
2022-12-18,0,0,0,0,0,0,0,0,0,0,0,0,2022,12,18,6,352,50,4,1,0,0,-0.7818314824680299,0.6234898018587334,-0.22192151300416674,0.9750645322571945,-0.2393156642875578,0.970941817426052,-2.4492935982947064e-16,1.0,0.0,0.0,4.0,0.0,0.0,0.0,0.0,0.0,0.0,0.0,0.7142857142857143,1.49602648308619,5.0,4.0,1.5,2.5038431998091992,21.0,8.0,0.9285714285714286,1.9800593225039798,26.0,8.0,0.9464285714285714,1.8917970567415805,53.0,8.0,0.9761904761904762,1.938675429542817,82.0,8.0,0.0,0.0,0.0,954,0.279874213836478,0.16666666666666666,0.24423480083857443,0.2526205450733753,0.09538784067085954,0.31551362683438156,40.0,5.9958071278826
2022-12-19,0,0,0,0,0,0,0,0,0,0,0,0,2022,12,19,0,353,51,4,0,1,0,0.0,1.0,-0.20510449986861926,0.9787400799669153,-0.12053668025532363,0.992708874098054,-2.4492935982947064e-16,1.0,0.0,0.0,0.0,0.0,4.0,0.0,0.0,0.0,0.0,0.0,0.7142857142857143,1.49602648308619,5.0,4.0,1.2142857142857142,2.423556554658128,17.0,8.0,0.9285714285714286,1.9800593225039798,26.0,8.0,0.9464285714285714,1.8917970567415805,53.0,8.0,0.9761904761904762,1.938675429542817,82.0,8.0,0.0,0.0,0.0,954,0.279874213836478,0.16666666666666666,0.24423480083857443,0.2526205450733753,0.09538784067085954,0.31551362683438156,40.0,5.9958071278826
2022-12-20,0,0,0,0,0,0,0,0,0,0,0,0,2022,12,20,1,354,51,4,0,0,0,0.7818314824680298,0.6234898018587336,-0.1882267098432439,0.9821256058680006,-0.12053668025532363,0.992708874098054,-2.4492935982947064e-16,1.0,0.0,0.0,0.0,0.0,0.0,4.0,0.0,0.0,0.0,0.0,0.7142857142857143,1.49602648308619,5.0,4.0,1.2142857142857142,2.423556554658128,17.0,8.0,0.7857142857142857,1.8926200310708385,22.0,8.0,0.9285714285714286,1.8959971505266555,52.0,8.0,0.9761904761904762,1.938675429542817,82.0,8.0,0.0,0.0,-4.0,954,0.279874213836478,0.16666666666666666,0.24423480083857443,0.2526205450733753,0.09538784067085954,0.31551362683438156,40.0,5.9958071278826
2022-12-21,0,0,0,0,0,0,0,0,0,0,0,0,2022,12,21,2,355,51,4,0,0,0,0.9749279121818236,-0.22252093395631434,-0.1712931441814778,0.9852201067560606,-0.12053668025532363,0.992708874098054,-2.4492935982947064e-16,1.0,0.0,0.0,0.0,1.0,8.0,0.0,0.0,0.0,0.0,0.0,0.5714285714285714,1.5118578920369075,4.0,4.0,0.6428571428571429,1.4468609447374672,9.0,4.0,0.7857142857142857,1.8926200310708385,22.0,8.0,0.8571428571428571,1.8530424263265632,48.0,8.0,0.9761904761904762,1.938675429542817,82.0,8.0,0.0,-1.0,0.0,954,0.279874213836478,0.16666666666666666,0.24423480083857443,0.2526205450733753,0.09538784067085954,0.31551362683438156,40.0,5.9958071278826
2022-12-22,8,4,0,4,0,0,0,0,20,4,8,0,2022,12,22,3,356,51,4,0,0,0,0.43388373911755823,-0.900968867902419,-0.154308820664281,0.9880226656636976,-0.12053668025532363,0.992708874098054,-2.4492935982947064e-16,1.0,0.0,0.0,0.0,4.0,0.0,0.0,2.6666666666666665,4.6188021535170085,8.0,8.0,1.1428571428571428,3.0237157840738176,8.0,8.0,1.2142857142857142,2.423556554658128,17.0,8.0,1.0714285714285714,2.3242453403452057,30.0,8.0,1.0,2.080209779631067,56.0,8.0,1.0238095238095237,2.059220758431791,86.0,8.0,8.0,4.0,8.0,954,0.279874213836478,0.16666666666666666,0.24423480083857443,0.2526205450733753,0.09538784067085954,0.31551362683438156,40.0,5.9958071278826
2022-12-23,0,0,0,0,0,0,0,0,0,0,0,0,2022,12,23,4,357,51,4,0,0,1,-0.433883739117558,-0.9009688679024191,-0.13727877211326517,0.9905324521322227,-0.12053668025532363,0.992708874098054,-2.4492935982947064e-16,1.0,8.0,0.0,0.0,0.0,4.0,1.0,2.6666666666666665,4.6188021535170085,8.0,8.0,1.1428571428571428,3.0237157840738176,8.0,8.0,0.9285714285714286,2.3026501693044485,13.0,8.0,1.0357142857142858,2.333049869403072,29.0,8.0,1.0,2.080209779631067,56.0,8.0,1.0238095238095237,2.059220758431791,86.0,8.0,-8.0,0.0,-1.0,954,0.279874213836478,0.16666666666666666,0.24423480083857443,0.2526205450733753,0.09538784067085954,0.31551362683438156,40.0,5.9958071278826
2022-12-24,0,0,0,0,0,0,0,0,0,0,0,0,2022,12,24,5,358,51,4,1,0,0,-0.9749279121818236,-0.2225209339563146,-0.12020804489935275,0.9927487224577402,-0.12053668025532363,0.992708874098054,-2.4492935982947064e-16,1.0,0.0,8.0,0.0,0.0,0.0,0.0,2.6666666666666665,4.6188021535170085,8.0,8.0,1.1428571428571428,3.0237157840738176,8.0,8.0,0.9285714285714286,2.3026501693044485,13.0,8.0,1.0357142857142858,2.333049869403072,29.0,8.0,1.0,2.080209779631067,56.0,8.0,1.0238095238095237,2.059220758431791,86.0,8.0,0.0,0.0,0.0,954,0.279874213836478,0.16666666666666666,0.24423480083857443,0.2526205450733753,0.09538784067085954,0.31551362683438156,40.0,5.9958071278826
2022-12-25,0,0,0,0,0,0,0,0,0,0,0,0,2022,12,25,6,359,51,4,1,0,0,-0.7818314824680299,0.6234898018587334,-0.10310169744743544,0.9946708199115211,-0.12053668025532363,0.992708874098054,-2.4492935982947064e-16,1.0,0.0,0.0,8.0,0.0,0.0,0.0,0.0,0.0,0.0,0.0,1.1428571428571428,3.0237157840738176,8.0,8.0,0.9285714285714286,2.3026501693044485,13.0,8.0,1.0357142857142858,2.333049869403072,29.0,8.0,1.0,2.080209779631067,56.0,8.0,1.0119047619047619,2.0622484373436807,85.0,8.0,0.0,0.0,0.0,954,0.279874213836478,0.16666666666666666,0.24423480083857443,0.2526205450733753,0.09538784067085954,0.31551362683438156,40.0,5.9958071278826
2022-12-26,0,0,0,0,0,0,0,0,0,0,0,0,2022,12,26,0,360,52,4,0,1,0,0.0,1.0,-0.0859647987374467,0.9962981749346077,6.432490598706546e-16,1.0,-2.4492935982947064e-16,1.0,0.0,0.0,0.0,0.0,0.0,0.0,0.0,0.0,0.0,0.0,1.1428571428571428,3.0237157840738176,8.0,8.0,0.9285714285714286,2.3026501693044485,13.0,8.0,1.0357142857142858,2.333049869403072,29.0,8.0,1.0,2.080209779631067,56.0,8.0,1.0119047619047619,2.0622484373436807,85.0,8.0,0.0,0.0,0.0,954,0.279874213836478,0.16666666666666666,0.24423480083857443,0.2526205450733753,0.09538784067085954,0.31551362683438156,40.0,5.9958071278826
2022-12-27,0,0,0,0,0,0,0,0,0,0,0,0,2022,12,27,1,361,52,4,0,0,0,0.7818314824680298,0.6234898018587336,-0.06880242680232064,0.9976303053065857,6.432490598706546e-16,1.0,-2.4492935982947064e-16,1.0,0.0,0.0,0.0,0.0,0.0,0.0,0.0,0.0,0.0,0.0,1.1428571428571428,3.0237157840738176,8.0,8.0,0.9285714285714286,2.3026501693044485,13.0,8.0,1.0357142857142858,2.333049869403072,29.0,8.0,1.0,2.080209779631067,56.0,8.0,1.0119047619047619,2.0622484373436807,85.0,8.0,0.0,0.0,0.0,954,0.279874213836478,0.16666666666666666,0.24423480083857443,0.2526205450733753,0.09538784067085954,0.31551362683438156,40.0,5.9958071278826
2022-12-28,0,0,0,0,0,0,0,0,0,0,0,0,2022,12,28,2,362,52,4,0,0,0,0.9749279121818236,-0.22252093395631434,-0.05161966722325418,0.9986668162884759,6.432490598706546e-16,1.0,-2.4492935982947064e-16,1.0,0.0,0.0,0.0,0.0,1.0,0.0,0.0,0.0,0.0,0.0,1.1428571428571428,3.0237157840738176,8.0,8.0,0.8571428571428571,2.315736894087358,12.0,8.0,1.0357142857142858,2.333049869403072,29.0,8.0,1.0,2.080209779631067,56.0,8.0,0.9642857142857143,2.0384640365302493,81.0,8.0,0.0,0.0,0.0,954,0.279874213836478,0.16666666666666666,0.24423480083857443,0.2526205450733753,0.09538784067085954,0.31551362683438156,40.0,5.9958071278826
2022-12-29,0,0,0,0,0,0,0,0,0,0,0,0,2022,12,29,3,363,52,4,0,0,0,0.43388373911755823,-0.900968867902419,-0.034421611622745804,0.9994074007397048,6.432490598706546e-16,1.0,-2.4492935982947064e-16,1.0,0.0,0.0,0.0,8.0,4.0,0.0,0.0,0.0,0.0,0.0,0.0,0.0,0.0,0.0,0.5714285714285714,2.1380899352993956,8.0,8.0,1.0357142857142858,2.333049869403072,29.0,8.0,0.9285714285714286,2.0436788829518644,52.0,8.0,0.9642857142857143,2.0384640365302493,81.0,8.0,0.0,-8.0,0.0,954,0.279874213836478,0.16666666666666666,0.24423480083857443,0.2526205450733753,0.09538784067085954,0.31551362683438156,40.0,5.9958071278826
2022-12-30,0,0,0,0,0,0,0,0,0,0,0,0,2022,12,30,4,364,52,4,0,0,1,-0.433883739117558,-0.9009688679024191,-0.01721335615583528,0.9998518392091162,6.432490598706546e-16,1.0,-2.4492935982947064e-16,1.0,0.0,0.0,0.0,0.0,0.0,0.0,0.0,0.0,0.0,0.0,0.0,0.0,0.0,0.0,0.5714285714285714,2.1380899352993956,8.0,8.0,1.0357142857142858,2.333049869403072,29.0,8.0,0.9285714285714286,2.0436788829518644,52.0,8.0,0.9642857142857143,2.0384640365302493,81.0,8.0,0.0,0.0,0.0,954,0.279874213836478,0.16666666666666666,0.24423480083857443,0.2526205450733753,0.09538784067085954,0.31551362683438156,40.0,5.9958071278826
2022-12-31,0,0,0,0,0,0,0,0,0,0,0,0,2022,12,31,5,365,52,4,1,0,0,-0.9749279121818236,-0.2225209339563146,6.432490598706546e-16,1.0,6.432490598706546e-16,1.0,-2.4492935982947064e-16,1.0,0.0,0.0,0.0,0.0,0.0,0.0,0.0,0.0,0.0,0.0,0.0,0.0,0.0,0.0,0.5714285714285714,2.1380899352993956,8.0,8.0,1.0357142857142858,2.333049869403072,29.0,8.0,0.9285714285714286,2.0436788829518644,52.0,8.0,0.9642857142857143,2.0384640365302493,81.0,8.0,0.0,0.0,0.0,954,0.279874213836478,0.16666666666666666,0.24423480083857443,0.2526205450733753,0.09538784067085954,0.31551362683438156,40.0,5.9958071278826
2023-01-01,0,0,0,0,0,0,0,0,0,0,0,0,2023,1,1,6,1,52,1,1,0,0,-0.7818314824680299,0.6234898018587334,0.017213356155834685,0.9998518392091162,6.432490598706546e-16,1.0,0.49999999999999994,0.8660254037844387,0.0,0.0,0.0,0.0,0.0,0.0,0.0,0.0,0.0,0.0,0.0,0.0,0.0,0.0,0.5714285714285714,2.1380899352993956,8.0,8.0,1.0357142857142858,2.333049869403072,29.0,8.0,0.8571428571428571,2.0038923163644347,48.0,8.0,0.9642857142857143,2.0384640365302493,81.0,8.0,0.0,0.0,0.0,954,0.279874213836478,0.16666666666666666,0.24423480083857443,0.2526205450733753,0.09538784067085954,0.31551362683438156,40.0,5.9958071278826
2023-01-02,0,0,0,0,0,0,0,0,0,0,0,0,2023,1,2,0,2,1,1,0,1,0,0.0,1.0,0.03442161162274574,0.9994074007397048,0.12053668025532305,0.992708874098054,0.49999999999999994,0.8660254037844387,0.0,0.0,0.0,0.0,0.0,4.0,0.0,0.0,0.0,0.0,0.0,0.0,0.0,0.0,0.5714285714285714,2.1380899352993956,8.0,8.0,0.8928571428571429,2.266328172671245,25.0,8.0,0.8571428571428571,2.0038923163644347,48.0,8.0,0.9642857142857143,2.0384640365302493,81.0,8.0,0.0,0.0,-4.0,954,0.279874213836478,0.16666666666666666,0.24423480083857443,0.2526205450733753,0.09538784067085954,0.31551362683438156,40.0,5.9958071278826
2023-01-03,0,0,0,0,0,0,0,0,0,0,0,0,2023,1,3,1,3,1,1,0,0,0,0.7818314824680298,0.6234898018587336,0.051619667223253764,0.998666816288476,0.12053668025532305,0.992708874098054,0.49999999999999994,0.8660254037844387,0.0,0.0,0.0,0.0,0.0,0.0,0.0,0.0,0.0,0.0,0.0,0.0,0.0,0.0,0.5714285714285714,2.1380899352993956,8.0,8.0,0.8928571428571429,2.266328172671245,25.0,8.0,0.8571428571428571,2.0038923163644347,48.0,8.0,0.9166666666666666,2.013259260851822,77.0,8.0,0.0,0.0,0.0,954,0.279874213836478,0.16666666666666666,0.24423480083857443,0.2526205450733753,0.09538784067085954,0.31551362683438156,40.0,5.9958071278826
2023-01-04,0,0,0,0,0,0,0,0,0,0,0,0,2023,1,4,2,4,1,1,0,0,0,0.9749279121818236,-0.22252093395631434,0.06880242680231986,0.9976303053065857,0.12053668025532305,0.992708874098054,0.49999999999999994,0.8660254037844387,0.0,0.0,0.0,0.0,0.0,8.0,0.0,0.0,0.0,0.0,0.0,0.0,0.0,0.0,0.5714285714285714,2.1380899352993956,8.0,8.0,0.6071428571428571,1.7917358790618272,17.0,8.0,0.8571428571428571,2.0038923163644347,48.0,8.0,0.9166666666666666,2.013259260851822,77.0,8.0,0.0,0.0,-8.0,954,0.279874213836478,0.16666666666666666,0.24423480083857443,0.2526205450733753,0.09538784067085954,0.31551362683438156,40.0,5.9958071278826
2023-01-05,4,0,0,0,0,0,0,0,8,0,0,0,2023,1,5,3,5,1,1,0,0,0,0.43388373911755823,-0.900968867902419,0.08596479873744647,0.9962981749346078,0.12053668025532305,0.992708874098054,0.49999999999999994,0.8660254037844387,0.0,0.0,0.0,0.0,8.0,0.0,1.3333333333333333,2.3094010767585065,4.0,4.0,0.5714285714285714,1.5118578920369075,4.0,4.0,0.2857142857142857,1.0690449676496985,4.0,4.0,0.75,1.8978545391709687,21.0,8.0,0.8571428571428571,2.0038923163644347,48.0,8.0,0.9642857142857143,2.0384640365302493,81.0,8.0,4.0,4.0,4.0,954,0.279874213836478,0.16666666666666666,0.24423480083857443,0.2526205450733753,0.09538784067085954,0.31551362683438156,40.0,5.9958071278826
2023-01-06,0,0,0,0,0,0,0,0,0,0,0,0,2023,1,6,4,6,1,1,0,0,1,-0.433883739117558,-0.9009688679024191,0.10310169744743485,0.9946708199115211,0.12053668025532305,0.992708874098054,0.49999999999999994,0.8660254037844387,4.0,0.0,0.0,0.0,0.0,4.0,1.3333333333333333,2.3094010767585065,4.0,4.0,0.5714285714285714,1.5118578920369075,4.0,4.0,0.2857142857142857,1.0690449676496985,4.0,4.0,0.6071428571428571,1.7917358790618272,17.0,8.0,0.7857142857142857,1.9606518926509744,44.0,8.0,0.9166666666666666,2.013259260851822,77.0,8.0,-4.0,0.0,-4.0,954,0.279874213836478,0.16666666666666666,0.24423480083857443,0.2526205450733753,0.09538784067085954,0.31551362683438156,40.0,5.9958071278826
2023-01-07,1,0,0,0,0,0,0,0,2,1,1,0,2023,1,7,5,7,1,1,1,0,0,-0.9749279121818236,-0.2225209339563146,0.1202080448993527,0.9927487224577402,0.12053668025532305,0.992708874098054,0.49999999999999994,0.8660254037844387,0.0,4.0,0.0,0.0,0.0,0.0,1.6666666666666667,2.081665999466137,5.0,4.0,0.7142857142857143,1.49602648308619,5.0,4.0,0.35714285714285715,1.0818177620697824,5.0,4.0,0.6428571428571429,1.789150133738977,18.0,8.0,0.8035714285714286,1.9579176587491012,45.0,8.0,0.9285714285714286,2.0107285395837833,78.0,8.0,1.0,1.0,1.0,954,0.279874213836478,0.16666666666666666,0.24423480083857443,0.2526205450733753,0.09538784067085954,0.31551362683438156,40.0,5.9958071278826
2023-01-08,0,0,0,0,0,0,0,0,0,0,0,0,2023,1,8,6,8,1,1,1,0,0,-0.7818314824680299,0.6234898018587334,0.13727877211326478,0.9905324521322229,0.12053668025532305,0.992708874098054,0.49999999999999994,0.8660254037844387,1.0,0.0,4.0,0.0,0.0,0.0,0.3333333333333333,0.5773502691896351,1.0,1.0,0.7142857142857143,1.49602648308619,5.0,4.0,0.35714285714285715,1.0818177620697824,5.0,4.0,0.6428571428571429,1.789150133738977,18.0,8.0,0.8035714285714286,1.9579176587491012,45.0,8.0,0.9285714285714286,2.0107285395837833,78.0,8.0,-1.0,0.0,0.0,954,0.279874213836478,0.16666666666666666,0.24423480083857443,0.2526205450733753,0.09538784067085954,0.31551362683438156,40.0,5.9958071278826
2023-01-09,4,4,0,4,0,0,0,0,8,0,0,4,2023,1,9,0,9,2,1,0,1,0,0.0,1.0,0.15430882066428117,0.9880226656636976,0.23931566428755774,0.970941817426052,0.49999999999999994,0.8660254037844387,0.0,1.0,0.0,0.0,0.0,0.0,1.6666666666666667,2.081665999466137,5.0,4.0,1.2857142857142858,1.8898223650461354,9.0,4.0,0.6428571428571429,1.446860944737467,9.0,4.0,0.7857142857142857,1.892620031070838,22.0,8.0,0.7678571428571429,1.878017053156881,43.0,8.0,0.8809523809523809,1.884654337964584,74.0,8.0,4.0,4.0,4.0,954,0.279874213836478,0.16666666666666666,0.24423480083857443,0.2526205450733753,0.09538784067085954,0.31551362683438156,40.0,5.9958071278826
2023-01-10,0,0,0,0,0,0,0,0,0,0,0,0,2023,1,10,1,10,2,1,0,0,0,0.7818314824680298,0.6234898018587336,0.1712931441814776,0.9852201067560606,0.23931566428755774,0.970941817426052,0.49999999999999994,0.8660254037844387,4.0,0.0,1.0,0.0,0.0,0.0,1.3333333333333333,2.3094010767585065,4.0,4.0,1.2857142857142858,1.8898223650461354,9.0,4.0,0.6428571428571429,1.446860944737467,9.0,4.0,0.7857142857142857,1.892620031070838,22.0,8.0,0.7678571428571429,1.878017053156881,43.0,8.0,0.8809523809523809,1.884654337964584,74.0,8.0,-4.0,0.0,0.0,954,0.279874213836478,0.16666666666666666,0.24423480083857443,0.2526205450733753,0.09538784067085954,0.31551362683438156,40.0,5.9958071278826
2023-01-11,0,0,0,0,0,0,0,0,0,0,0,0,2023,1,11,2,11,2,1,0,0,0,0.9749279121818236,-0.22252093395631434,0.1882267098432442,0.9821256058680006,0.23931566428755774,0.970941817426052,0.49999999999999994,0.8660254037844387,0.0,4.0,0.0,0.0,0.0,1.0,1.3333333333333333,2.3094010767585065,4.0,4.0,1.2857142857142858,1.8898223650461354,9.0,4.0,0.6428571428571429,1.446860944737467,9.0,4.0,0.75,1.8978545391709687,21.0,8.0,0.7678571428571429,1.878017053156881,43.0,8.0,0.8809523809523809,1.884654337964584,74.0,8.0,0.0,0.0,-1.0,954,0.279874213836478,0.16666666666666666,0.24423480083857443,0.2526205450733753,0.09538784067085954,0.31551362683438156,40.0,5.9958071278826
2023-01-12,0,0,0,0,0,0,0,0,0,0,0,0,2023,1,12,3,12,2,1,0,0,0,0.43388373911755823,-0.900968867902419,0.2051044998686192,0.9787400799669153,0.23931566428755774,0.970941817426052,0.49999999999999994,0.8660254037844387,0.0,0.0,4.0,4.0,0.0,4.0,0.0,0.0,0.0,0.0,0.7142857142857143,1.49602648308619,5.0,4.0,0.6428571428571429,1.446860944737467,9.0,4.0,0.6071428571428571,1.791735879061827,17.0,8.0,0.7678571428571429,1.878017053156881,43.0,8.0,0.8809523809523809,1.884654337964584,74.0,8.0,0.0,-4.0,-4.0,954,0.279874213836478,0.16666666666666666,0.24423480083857443,0.2526205450733753,0.09538784067085954,0.31551362683438156,40.0,5.9958071278826
2023-01-13,0,0,0,0,0,0,0,0,0,0,0,0,2023,1,13,4,13,2,1,0,0,1,-0.433883739117558,-0.9009688679024191,0.2219215130041655,0.9750645322571948,0.23931566428755774,0.970941817426052,0.49999999999999994,0.8660254037844387,0.0,0.0,0.0,0.0,0.0,0.0,0.0,0.0,0.0,0.0,0.7142857142857143,1.49602648308619,5.0,4.0,0.6428571428571429,1.446860944737467,9.0,4.0,0.6071428571428571,1.791735879061827,17.0,8.0,0.7678571428571429,1.878017053156881,43.0,8.0,0.8809523809523809,1.884654337964584,74.0,8.0,0.0,0.0,0.0,954,0.279874213836478,0.16666666666666666,0.24423480083857443,0.2526205450733753,0.09538784067085954,0.31551362683438156,40.0,5.9958071278826
2023-01-14,0,0,0,0,0,0,0,0,0,0,0,0,2023,1,14,5,14,2,1,1,0,0,-0.9749279121818236,-0.2225209339563146,0.2386727660059501,0.9711000518829505,0.23931566428755774,0.970941817426052,0.49999999999999994,0.8660254037844387,0.0,0.0,0.0,1.0,0.0,0.0,0.0,0.0,0.0,0.0,0.5714285714285714,1.5118578920369075,4.0,4.0,0.6428571428571429,1.446860944737467,9.0,4.0,0.6071428571428571,1.791735879061827,17.0,8.0,0.7678571428571429,1.878017053156881,43.0,8.0,0.8333333333333334,1.8552000076199588,70.0,8.0,0.0,-1.0,0.0,954,0.279874213836478,0.16666666666666666,0.24423480083857443,0.2526205450733753,0.09538784067085954,0.31551362683438156,40.0,5.9958071278826
2023-01-15,0,0,0,0,0,0,0,0,0,0,0,0,2023,1,15,6,15,2,1,1,0,0,-0.7818314824680299,0.6234898018587334,0.255353295116187,0.9668478136052775,0.23931566428755774,0.970941817426052,0.49999999999999994,0.8660254037844387,0.0,0.0,0.0,0.0,0.0,0.0,0.0,0.0,0.0,0.0,0.5714285714285714,1.5118578920369075,4.0,4.0,0.6428571428571429,1.446860944737467,9.0,4.0,0.6071428571428571,1.791735879061827,17.0,8.0,0.7678571428571429,1.878017053156881,43.0,8.0,0.8333333333333334,1.8552000076199588,70.0,8.0,0.0,0.0,0.0,954,0.279874213836478,0.16666666666666666,0.24423480083857443,0.2526205450733753,0.09538784067085954,0.31551362683438156,40.0,5.9958071278826
2023-01-16,0,0,0,0,0,0,0,0,0,0,0,0,2023,1,16,0,16,3,1,0,1,0,0.0,1.0,0.2719581575341055,0.9623090774541486,0.3546048870425356,0.9350162426854148,0.49999999999999994,0.8660254037844387,0.0,0.0,0.0,4.0,0.0,0.0,0.0,0.0,0.0,0.0,0.0,0.0,0.0,0.0,0.6428571428571429,1.446860944737467,9.0,4.0,0.6071428571428571,1.791735879061827,17.0,8.0,0.7678571428571429,1.878017053156881,43.0,8.0,0.8333333333333334,1.8552000076199588,70.0,8.0,0.0,-4.0,0.0,954,0.279874213836478,0.16666666666666666,0.24423480083857443,0.2526205450733753,0.09538784067085954,0.31551362683438156,40.0,5.9958071278826
2023-01-17,0,0,0,0,0,0,0,0,0,0,0,0,2023,1,17,1,17,3,1,0,0,0,0.7818314824680298,0.6234898018587336,0.288482432880609,0.9574851883550393,0.3546048870425356,0.9350162426854148,0.49999999999999994,0.8660254037844387,0.0,0.0,0.0,0.0,0.0,0.0,0.0,0.0,0.0,0.0,0.0,0.0,0.0,0.0,0.6428571428571429,1.446860944737467,9.0,4.0,0.6071428571428571,1.791735879061827,17.0,8.0,0.6964285714285714,1.8282594092558284,39.0,8.0,0.8214285714285714,1.8573248950899326,69.0,8.0,0.0,0.0,0.0,954,0.279874213836478,0.16666666666666666,0.24423480083857443,0.2526205450733753,0.09538784067085954,0.31551362683438156,40.0,5.9958071278826
2023-01-18,1,0,0,0,0,0,0,0,2,0,0,0,2023,1,18,2,18,3,1,0,0,0,0.9749279121818236,-0.22252093395631434,0.30492122465628907,0.9523775757303974,0.3546048870425356,0.9350162426854148,0.49999999999999994,0.8660254037844387,0.0,0.0,0.0,0.0,0.0,0.0,0.3333333333333333,0.5773502691896348,1.0,1.0,0.14285714285714285,0.37796447300921987,1.0,1.0,0.7142857142857143,1.4373357526806558,10.0,4.0,0.6428571428571429,1.7891501337389768,18.0,8.0,0.7142857142857143,1.826216015444213,40.0,8.0,0.7857142857142857,1.8240127124598526,66.0,8.0,1.0,1.0,1.0,954,0.279874213836478,0.16666666666666666,0.24423480083857443,0.2526205450733753,0.09538784067085954,0.31551362683438156,40.0,5.9958071278826
2023-01-19,0,0,0,0,0,0,0,0,0,0,0,0,2023,1,19,3,19,3,1,0,0,0,0.43388373911755823,-0.900968867902419,0.3212696616923644,0.9469877530760753,0.3546048870425356,0.9350162426854148,0.49999999999999994,0.8660254037844387,1.0,0.0,0.0,0.0,4.0,8.0,0.3333333333333333,0.5773502691896348,1.0,1.0,0.14285714285714285,0.37796447300921987,1.0,1.0,0.42857142857142855,1.0894095588038453,6.0,4.0,0.35714285714285715,1.061595086171806,10.0,4.0,0.7142857142857143,1.826216015444213,40.0,8.0,0.7857142857142857,1.8240127124598526,66.0,8.0,-1.0,0.0,-8.0,954,0.279874213836478,0.16666666666666666,0.24423480083857443,0.2526205450733753,0.09538784067085954,0.31551362683438156,40.0,5.9958071278826
2023-01-20,0,0,0,0,0,0,0,0,0,0,0,0,2023,1,20,4,20,3,1,0,0,1,-0.433883739117558,-0.9009688679024191,0.3375228995941133,0.9413173175128471,0.3546048870425356,0.9350162426854148,0.49999999999999994,0.8660254037844387,0.0,1.0,0.0,0.0,0.0,0.0,0.3333333333333333,0.5773502691896348,1.0,1.0,0.14285714285714285,0.37796447300921987,1.0,1.0,0.42857142857142855,1.0894095588038453,6.0,4.0,0.35714285714285715,1.061595086171806,10.0,4.0,0.6964285714285714,1.8282594092558284,39.0,8.0,0.7857142857142857,1.8240127124598526,66.0,8.0,0.0,0.0,0.0,954,0.279874213836478,0.16666666666666666,0.24423480083857443,0.2526205450733753,0.09538784067085954,0.31551362683438156,40.0,5.9958071278826
2023-01-21,0,0,0,0,0,0,0,0,0,0,0,0,2023,1,21,5,21,3,1,1,0,0,-0.9749279121818236,-0.2225209339563146,0.3536761221763716,0.9353679493131483,0.3546048870425356,0.9350162426854148,0.49999999999999994,0.8660254037844387,0.0,0.0,1.0,0.0,1.0,0.0,0.0,0.0,0.0,0.0,0.14285714285714285,0.37796447300921987,1.0,1.0,0.35714285714285715,1.0818177620697822,5.0,4.0,0.35714285714285715,1.061595086171806,10.0,4.0,0.6964285714285714,1.8282594092558284,39.0,8.0,0.7857142857142857,1.8240127124598526,66.0,8.0,0.0,0.0,0.0,954,0.279874213836478,0.16666666666666666,0.24423480083857443,0.2526205450733753,0.09538784067085954,0.31551362683438156,40.0,5.9958071278826
2023-01-22,0,0,0,0,0,0,0,0,0,0,0,0,2023,1,22,6,22,3,1,1,0,0,-0.7818314824680299,0.6234898018587334,0.3697245428906731,0.9291414114031743,0.3546048870425356,0.9350162426854148,0.49999999999999994,0.8660254037844387,0.0,0.0,0.0,0.0,0.0,0.0,0.0,0.0,0.0,0.0,0.14285714285714285,0.37796447300921987,1.0,1.0,0.35714285714285715,1.0818177620697822,5.0,4.0,0.35714285714285715,1.061595086171806,10.0,4.0,0.6964285714285714,1.8282594092558284,39.0,8.0,0.7857142857142857,1.8240127124598526,66.0,8.0,0.0,0.0,0.0,954,0.279874213836478,0.16666666666666666,0.24423480083857443,0.2526205450733753,0.09538784067085954,0.31551362683438156,40.0,5.9958071278826
2023-01-23,4,0,4,0,0,0,0,0,4,0,0,4,2023,1,23,0,23,4,1,0,1,0,0.0,1.0,0.38566340624360707,0.9226395488404876,0.4647231720437685,0.8854560256532099,0.49999999999999994,0.8660254037844387,0.0,0.0,0.0,0.0,4.0,0.0,1.3333333333333333,2.3094010767585065,4.0,4.0,0.7142857142857143,1.4960264830861898,5.0,4.0,0.35714285714285715,1.0818177620697822,5.0,4.0,0.5,1.2619796324000596,14.0,4.0,0.7678571428571429,1.878017053156881,43.0,8.0,0.8333333333333334,1.8552000076199586,70.0,8.0,4.0,4.0,4.0,954,0.279874213836478,0.16666666666666666,0.24423480083857443,0.2526205450733753,0.09538784067085954,0.31551362683438156,40.0,5.9958071278826
2023-01-24,0,0,0,0,0,0,0,0,0,0,0,0,2023,1,24,1,24,4,1,0,0,0,0.7818314824680298,0.6234898018587336,0.401487989205973,0.9158642882672872,0.4647231720437685,0.8854560256532099,0.49999999999999994,0.8660254037844387,4.0,0.0,0.0,0.0,0.0,0.0,1.3333333333333333,2.3094010767585065,4.0,4.0,0.7142857142857143,1.4960264830861898,5.0,4.0,0.35714285714285715,1.0818177620697822,5.0,4.0,0.5,1.2619796324000596,14.0,4.0,0.7678571428571429,1.878017053156881,43.0,8.0,0.8333333333333334,1.8552000076199586,70.0,8.0,-4.0,0.0,0.0,954,0.279874213836478,0.16666666666666666,0.24423480083857443,0.2526205450733753,0.09538784067085954,0.31551362683438156,40.0,5.9958071278826
2023-01-25,0,0,0,0,0,0,0,0,0,0,0,0,2023,1,25,2,25,4,1,0,0,0,0.9749279121818236,-0.22252093395631434,0.4171936026123168,0.9088176373395029,0.4647231720437685,0.8854560256532099,0.49999999999999994,0.8660254037844387,0.0,4.0,0.0,1.0,0.0,0.0,1.3333333333333333,2.3094010767585065,4.0,4.0,0.5714285714285714,1.5118578920369072,4.0,4.0,0.35714285714285715,1.0818177620697822,5.0,4.0,0.5,1.2619796324000596,14.0,4.0,0.7678571428571429,1.878017053156881,43.0,8.0,0.8333333333333334,1.8552000076199586,70.0,8.0,0.0,-1.0,0.0,954,0.279874213836478,0.16666666666666666,0.24423480083857443,0.2526205450733753,0.09538784067085954,0.31551362683438156,40.0,5.9958071278826
2023-01-26,0,0,0,0,0,0,0,0,0,0,0,0,2023,1,26,3,26,4,1,0,0,0,0.43388373911755823,-0.900968867902419,0.4327755925504312,0.901501684131884,0.4647231720437685,0.8854560256532099,0.49999999999999994,0.8660254037844387,0.0,0.0,4.0,0.0,0.0,0.0,0.0,0.0,0.0,0.0,0.5714285714285714,1.5118578920369072,4.0,4.0,0.35714285714285715,1.0818177620697822,5.0,4.0,0.5,1.2619796324000596,14.0,4.0,0.7678571428571429,1.878017053156881,43.0,8.0,0.7857142857142857,1.8240127124598526,66.0,8.0,0.0,0.0,0.0,954,0.279874213836478,0.16666666666666666,0.24423480083857443,0.2526205450733753,0.09538784067085954,0.31551362683438156,40.0,5.9958071278826
2023-01-27,0,0,0,0,0,0,0,0,0,0,0,0,2023,1,27,4,27,4,1,0,0,1,-0.433883739117558,-0.9009688679024191,0.4482293417404106,0.893918596519257,0.4647231720437685,0.8854560256532099,0.49999999999999994,0.8660254037844387,0.0,0.0,0.0,0.0,0.0,0.0,0.0,0.0,0.0,0.0,0.5714285714285714,1.5118578920369072,4.0,4.0,0.35714285714285715,1.0818177620697822,5.0,4.0,0.5,1.2619796324000596,14.0,4.0,0.7678571428571429,1.878017053156881,43.0,8.0,0.7857142857142857,1.8240127124598526,66.0,8.0,0.0,0.0,0.0,954,0.279874213836478,0.16666666666666666,0.24423480083857443,0.2526205450733753,0.09538784067085954,0.31551362683438156,40.0,5.9958071278826
2023-01-28,0,0,0,0,0,0,0,0,0,0,0,0,2023,1,28,5,28,4,1,1,0,0,-0.9749279121818236,-0.2225209339563146,0.4635502709028509,0.886070621534138,0.4647231720437685,0.8854560256532099,0.49999999999999994,0.8660254037844387,0.0,0.0,0.0,0.0,0.0,0.0,0.0,0.0,0.0,0.0,0.5714285714285714,1.5118578920369072,4.0,4.0,0.35714285714285715,1.0818177620697822,5.0,4.0,0.5,1.2619796324000596,14.0,4.0,0.7678571428571429,1.878017053156881,43.0,8.0,0.7857142857142857,1.8240127124598526,66.0,8.0,0.0,0.0,0.0,954,0.279874213836478,0.16666666666666666,0.24423480083857443,0.2526205450733753,0.09538784067085954,0.31551362683438156,40.0,5.9958071278826
2023-01-29,0,0,0,0,0,0,0,0,0,0,0,0,2023,1,29,6,29,4,1,1,0,0,-0.7818314824680299,0.6234898018587334,0.47873384011578846,0.8779600847008882,0.4647231720437685,0.8854560256532099,0.49999999999999994,0.8660254037844387,0.0,0.0,0.0,0.0,0.0,0.0,0.0,0.0,0.0,0.0,0.5714285714285714,1.5118578920369072,4.0,4.0,0.35714285714285715,1.0818177620697822,5.0,4.0,0.5,1.2619796324000596,14.0,4.0,0.7678571428571429,1.878017053156881,43.0,8.0,0.7380952380952381,1.7910019247434896,62.0,8.0,0.0,0.0,0.0,954,0.279874213836478,0.16666666666666666,0.24423480083857443,0.2526205450733753,0.09538784067085954,0.31551362683438156,40.0,5.9958071278826
2023-01-30,0,0,0,0,0,0,0,0,0,0,0,0,2023,1,30,0,30,5,1,0,1,0,0.0,1.0,0.49377555015997715,0.869589389346611,0.5680647467311558,0.8229838658936564,0.49999999999999994,0.8660254037844387,0.0,0.0,0.0,4.0,0.0,0.0,0.0,0.0,0.0,0.0,0.0,0.0,0.0,0.0,0.35714285714285715,1.0818177620697822,5.0,4.0,0.5,1.2619796324000596,14.0,4.0,0.6964285714285714,1.8282594092558284,39.0,8.0,0.7380952380952381,1.7910019247434896,62.0,8.0,0.0,-4.0,0.0,954,0.279874213836478,0.16666666666666666,0.24423480083857443,0.2526205450733753,0.09538784067085954,0.31551362683438156,40.0,5.9958071278826
2023-01-31,0,0,0,0,0,0,0,0,0,0,0,0,2023,1,31,1,31,5,1,0,0,0,0.7818314824680298,0.6234898018587336,0.5086709438521044,0.8609610158889943,0.5680647467311558,0.8229838658936564,0.49999999999999994,0.8660254037844387,0.0,0.0,0.0,0.0,0.0,0.0,0.0,0.0,0.0,0.0,0.0,0.0,0.0,0.0,0.35714285714285715,1.0818177620697822,5.0,4.0,0.5,1.2619796324000596,14.0,4.0,0.6964285714285714,1.8282594092558284,39.0,8.0,0.7380952380952381,1.7910019247434896,62.0,8.0,0.0,0.0,0.0,954,0.279874213836478,0.16666666666666666,0.24423480083857443,0.2526205450733753,0.09538784067085954,0.31551362683438156,40.0,5.9958071278826
2023-02-01,0,0,0,0,0,0,0,0,0,0,0,0,2023,2,1,2,32,5,1,0,0,0,0.9749279121818236,-0.22252093395631434,0.5234156073655503,0.8520775211013093,0.5680647467311558,0.8229838658936564,0.8660254037844386,0.5000000000000001,0.0,0.0,0.0,0.0,1.0,0.0,0.0,0.0,0.0,0.0,0.0,0.0,0.0,0.0,0.2857142857142857,1.0690449676496983,4.0,4.0,0.5,1.2619796324000596,14.0,4.0,0.5535714285714286,1.5364616121837504,31.0,8.0,0.7380952380952381,1.7910019247434896,62.0,8.0,0.0,0.0,0.0,954,0.279874213836478,0.16666666666666666,0.24423480083857443,0.2526205450733753,0.09538784067085954,0.31551362683438156,40.0,5.9958071278826
2023-02-02,0,0,0,0,0,0,0,0,0,0,0,0,2023,2,2,3,33,5,1,0,0,0,0.43388373911755823,-0.900968867902419,0.5380051715382996,0.8429415373547828,0.5680647467311558,0.8229838658936564,0.8660254037844386,0.5000000000000001,0.0,0.0,0.0,0.0,0.0,4.0,0.0,0.0,0.0,0.0,0.0,0.0,0.0,0.0,0.2857142857142857,1.0690449676496983,4.0,4.0,0.35714285714285715,1.061595086171806,10.0,4.0,0.5535714285714286,1.5364616121837504,31.0,8.0,0.6904761904761905,1.756064812565955,58.0,8.0,0.0,0.0,-4.0,954,0.279874213836478,0.16666666666666666,0.24423480083857443,0.2526205450733753,0.09538784067085954,0.31551362683438156,40.0,5.9958071278826
2023-02-03,2,0,0,0,0,0,0,0,4,0,0,0,2023,2,3,4,34,5,1,0,0,1,-0.433883739117558,-0.9009688679024191,0.5524353131676196,0.8335557718385699,0.5680647467311558,0.8229838658936564,0.8660254037844386,0.5000000000000001,0.0,0.0,0.0,0.0,0.0,0.0,0.6666666666666666,1.1547005383792568,2.0,2.0,0.2857142857142857,0.7559289460184508,2.0,2.0,0.42857142857142855,1.1578684470436795,6.0,4.0,0.42857142857142855,1.1031460542154943,12.0,4.0,0.5178571428571429,1.4769879845460865,29.0,8.0,0.6666666666666666,1.7239163408358322,56.0,8.0,2.0,2.0,2.0,954,0.279874213836478,0.16666666666666666,0.24423480083857443,0.2526205450733753,0.09538784067085954,0.31551362683438156,40.0,5.9958071278826
2023-02-04,0,0,0,0,0,0,0,0,0,0,0,0,2023,2,4,5,35,5,1,1,0,0,-0.9749279121818236,-0.2225209339563146,0.5667017562911176,0.8239230057575542,0.5680647467311558,0.8229838658936564,0.8660254037844386,0.5000000000000001,2.0,0.0,0.0,0.0,0.0,1.0,0.6666666666666666,1.1547005383792568,2.0,2.0,0.2857142857142857,0.7559289460184508,2.0,2.0,0.42857142857142855,1.1578684470436795,6.0,4.0,0.39285714285714285,1.1001442906807533,11.0,4.0,0.5178571428571429,1.4769879845460865,29.0,8.0,0.6666666666666666,1.7239163408358322,56.0,8.0,-2.0,0.0,-1.0,954,0.279874213836478,0.16666666666666666,0.24423480083857443,0.2526205450733753,0.09538784067085954,0.31551362683438156,40.0,5.9958071278826
2023-02-05,0,0,0,0,0,0,0,0,0,0,0,0,2023,2,5,6,36,5,1,1,0,0,-0.7818314824680299,0.6234898018587334,0.5808002734538009,0.8140460935082178,0.5680647467311558,0.8229838658936564,0.8660254037844386,0.5000000000000001,0.0,2.0,0.0,0.0,0.0,0.0,0.6666666666666666,1.1547005383792568,2.0,2.0,0.2857142857142857,0.7559289460184508,2.0,2.0,0.42857142857142855,1.1578684470436795,6.0,4.0,0.39285714285714285,1.1001442906807533,11.0,4.0,0.5178571428571429,1.4769879845460865,29.0,8.0,0.6666666666666666,1.7239163408358322,56.0,8.0,0.0,0.0,0.0,954,0.279874213836478,0.16666666666666666,0.24423480083857443,0.2526205450733753,0.09538784067085954,0.31551362683438156,40.0,5.9958071278826
2023-02-06,0,0,0,0,0,0,0,0,0,0,0,0,2023,2,6,0,37,6,1,0,1,0,0.0,1.0,0.5947266869607634,0.8039279618328213,0.6631226582407952,0.7485107481711011,0.8660254037844386,0.5000000000000001,0.0,0.0,2.0,0.0,4.0,4.0,0.0,0.0,0.0,0.0,0.2857142857142857,0.7559289460184508,2.0,2.0,0.14285714285714285,0.5345224838248503,2.0,2.0,0.25,0.8443713418650352,7.0,4.0,0.5178571428571429,1.4769879845460865,29.0,8.0,0.5952380952380952,1.6215346562509345,50.0,8.0,0.0,0.0,-4.0,954,0.279874213836478,0.16666666666666666,0.24423480083857443,0.2526205450733753,0.09538784067085954,0.31551362683438156,40.0,5.9958071278826
2023-02-07,0,0,0,0,0,0,0,0,0,0,0,0,2023,2,7,1,38,6,1,0,0,0,0.7818314824680298,0.6234898018587336,0.6084768701151261,0.7935716089521474,0.6631226582407952,0.7485107481711011,0.8660254037844386,0.5000000000000001,0.0,0.0,0.0,0.0,0.0,0.0,0.0,0.0,0.0,0.0,0.2857142857142857,0.7559289460184508,2.0,2.0,0.14285714285714285,0.5345224838248503,2.0,2.0,0.25,0.8443713418650352,7.0,4.0,0.5178571428571429,1.4769879845460865,29.0,8.0,0.5952380952380952,1.6215346562509345,50.0,8.0,0.0,0.0,0.0,954,0.279874213836478,0.16666666666666666,0.24423480083857443,0.2526205450733753,0.09538784067085954,0.31551362683438156,40.0,5.9958071278826
2023-02-08,0,0,0,0,0,0,0,0,0,0,0,0,2023,2,8,2,39,6,1,0,0,0,0.9749279121818236,-0.22252093395631434,0.6220467484408675,0.7829801036770629,0.6631226582407952,0.7485107481711011,0.8660254037844386,0.5000000000000001,0.0,0.0,0.0,0.0,0.0,0.0,0.0,0.0,0.0,0.0,0.2857142857142857,0.7559289460184508,2.0,2.0,0.14285714285714285,0.5345224838248503,2.0,2.0,0.25,0.8443713418650352,7.0,4.0,0.5,1.4770978917519941,28.0,8.0,0.5952380952380952,1.6215346562509345,50.0,8.0,0.0,0.0,0.0,954,0.279874213836478,0.16666666666666666,0.24423480083857443,0.2526205450733753,0.09538784067085954,0.31551362683438156,40.0,5.9958071278826
2023-02-09,0,0,0,0,0,0,0,0,0,0,0,0,2023,2,9,3,40,6,1,0,0,0,0.43388373911755823,-0.900968867902419,0.6354323008901774,0.7721565844991642,0.6631226582407952,0.7485107481711011,0.8660254037844386,0.5000000000000001,0.0,0.0,0.0,0.0,0.0,0.0,0.0,0.0,0.0,0.0,0.2857142857142857,0.7559289460184508,2.0,2.0,0.14285714285714285,0.5345224838248503,2.0,2.0,0.25,0.8443713418650352,7.0,4.0,0.42857142857142855,1.3994433030464515,24.0,8.0,0.5952380952380952,1.6215346562509345,50.0,8.0,0.0,0.0,0.0,954,0.279874213836478,0.16666666666666666,0.24423480083857443,0.2526205450733753,0.09538784067085954,0.31551362683438156,40.0,5.9958071278826
2023-02-10,4,0,0,0,0,0,0,0,8,0,0,0,2023,2,10,4,41,6,1,0,0,1,-0.433883739117558,-0.9009688679024191,0.6486295610349814,0.7611042586607747,0.6631226582407952,0.7485107481711011,0.8660254037844386,0.5000000000000001,0.0,0.0,0.0,2.0,0.0,0.0,1.3333333333333333,2.3094010767585065,4.0,4.0,0.5714285714285714,1.5118578920369072,4.0,4.0,0.42857142857142855,1.1578684470436795,6.0,4.0,0.39285714285714285,1.1001442906807533,11.0,4.0,0.5,1.4770978917519941,28.0,8.0,0.6428571428571429,1.6620705416347568,54.0,8.0,4.0,2.0,4.0,954,0.279874213836478,0.16666666666666666,0.24423480083857443,0.2526205450733753,0.09538784067085954,0.31551362683438156,40.0,5.9958071278826
2023-02-11,0,0,0,0,0,0,0,0,0,0,0,0,2023,2,11,5,42,6,1,1,0,0,-0.9749279121818236,-0.2225209339563146,0.6616346182422783,0.7498264012045686,0.6631226582407952,0.7485107481711011,0.8660254037844386,0.5000000000000001,4.0,0.0,0.0,0.0,0.0,0.0,1.3333333333333333,2.3094010767585065,4.0,4.0,0.5714285714285714,1.5118578920369072,4.0,4.0,0.42857142857142855,1.1578684470436795,6.0,4.0,0.39285714285714285,1.1001442906807533,11.0,4.0,0.5,1.4770978917519941,28.0,8.0,0.6428571428571429,1.6620705416347568,54.0,8.0,-4.0,0.0,0.0,954,0.279874213836478,0.16666666666666666,0.24423480083857443,0.2526205450733753,0.09538784067085954,0.31551362683438156,40.0,5.9958071278826
2023-02-12,0,0,0,0,0,0,0,0,0,0,0,0,2023,2,12,6,43,6,1,1,0,0,-0.7818314824680299,0.6234898018587334,0.6744436188329455,0.7383263540031065,0.6631226582407952,0.7485107481711011,0.8660254037844386,0.5000000000000001,0.0,4.0,0.0,0.0,0.0,0.0,1.3333333333333333,2.3094010767585065,4.0,4.0,0.5714285714285714,1.5118578920369072,4.0,4.0,0.42857142857142855,1.1578684470436795,6.0,4.0,0.39285714285714285,1.1001442906807533,11.0,4.0,0.5,1.4770978917519941,28.0,8.0,0.6428571428571429,1.6620705416347568,54.0,8.0,0.0,0.0,0.0,954,0.279874213836478,0.16666666666666666,0.24423480083857443,0.2526205450733753,0.09538784067085954,0.31551362683438156,40.0,5.9958071278826
2023-02-13,0,0,0,0,0,0,0,0,0,0,0,0,2023,2,13,0,44,7,1,0,1,0,0.0,1.0,0.6870527672236669,0.7266075247685656,0.7485107481711011,0.6631226582407953,0.8660254037844386,0.5000000000000001,0.0,0.0,4.0,0.0,0.0,0.0,0.0,0.0,0.0,0.0,0.5714285714285714,1.5118578920369072,4.0,4.0,0.42857142857142855,1.1578684470436795,6.0,4.0,0.39285714285714285,1.1001442906807533,11.0,4.0,0.5,1.4770978917519941,28.0,8.0,0.6428571428571429,1.6620705416347568,54.0,8.0,0.0,0.0,0.0,954,0.279874213836478,0.16666666666666666,0.24423480083857443,0.2526205450733753,0.09538784067085954,0.31551362683438156,40.0,5.9958071278826
2023-02-14,0,0,0,0,0,0,0,0,0,0,0,0,2023,2,14,1,45,7,1,0,0,0,0.7818314824680298,0.6234898018587336,0.699458327051647,0.7146733860429609,0.7485107481711011,0.6631226582407953,0.8660254037844386,0.5000000000000001,0.0,0.0,0.0,0.0,0.0,0.0,0.0,0.0,0.0,0.0,0.5714285714285714,1.5118578920369072,4.0,4.0,0.42857142857142855,1.1578684470436795,6.0,4.0,0.39285714285714285,1.1001442906807533,11.0,4.0,0.5,1.4770978917519941,28.0,8.0,0.5952380952380952,1.6215346562509345,50.0,8.0,0.0,0.0,0.0,954,0.279874213836478,0.16666666666666666,0.24423480083857443,0.2526205450733753,0.09538784067085954,0.31551362683438156,40.0,5.9958071278826
2023-02-15,0,0,0,0,0,0,0,0,0,0,0,0,2023,2,15,2,46,7,1,0,0,0,0.9749279121818236,-0.22252093395631434,0.7116566222817746,0.7025274741691571,0.7485107481711011,0.6631226582407953,0.8660254037844386,0.5000000000000001,0.0,0.0,0.0,0.0,0.0,1.0,0.0,0.0,0.0,0.0,0.5714285714285714,1.5118578920369072,4.0,4.0,0.42857142857142855,1.1578684470436795,6.0,4.0,0.35714285714285715,1.0959280090672918,10.0,4.0,0.5,1.4770978917519941,28.0,8.0,0.5952380952380952,1.6215346562509345,50.0,8.0,0.0,0.0,-1.0,954,0.279874213836478,0.16666666666666666,0.24423480083857443,0.2526205450733753,0.09538784067085954,0.31551362683438156,40.0,5.9958071278826
2023-02-16,0,0,0,0,0,0,0,0,0,0,0,0,2023,2,16,3,47,7,1,0,0,0,0.43388373911755823,-0.900968867902419,0.7236440382959124,0.6901733882429719,0.7485107481711011,0.6631226582407953,0.8660254037844386,0.5000000000000001,0.0,0.0,0.0,0.0,0.0,0.0,0.0,0.0,0.0,0.0,0.5714285714285714,1.5118578920369072,4.0,4.0,0.42857142857142855,1.1578684470436795,6.0,4.0,0.35714285714285715,1.0959280090672918,10.0,4.0,0.35714285714285715,1.0690449676496994,20.0,4.0,0.5952380952380952,1.6215346562509345,50.0,8.0,0.0,0.0,0.0,954,0.279874213836478,0.16666666666666666,0.24423480083857443,0.2526205450733753,0.09538784067085954,0.31551362683438156,40.0,5.9958071278826
2023-02-17,0,0,0,0,0,0,0,0,0,0,0,0,2023,2,17,4,48,7,1,0,0,1,-0.433883739117558,-0.9009688679024191,0.7354170229639855,0.6776147890466889,0.7485107481711011,0.6631226582407953,0.8660254037844386,0.5000000000000001,0.0,0.0,0.0,4.0,2.0,0.0,0.0,0.0,0.0,0.0,0.0,0.0,0.0,0.0,0.2857142857142857,1.0690449676496983,4.0,4.0,0.35714285714285715,1.0959280090672918,10.0,4.0,0.35714285714285715,1.0690449676496994,20.0,4.0,0.5833333333333334,1.6221979239345834,49.0,8.0,0.0,-4.0,0.0,954,0.279874213836478,0.16666666666666666,0.24423480083857443,0.2526205450733753,0.09538784067085954,0.31551362683438156,40.0,5.9958071278826
2023-02-18,0,0,0,0,0,0,0,0,0,0,0,0,2023,2,18,5,49,7,1,1,0,0,-0.9749279121818236,-0.2225209339563146,0.7469720876965552,0.6648553979642865,0.7485107481711011,0.6631226582407953,0.8660254037844386,0.5000000000000001,0.0,0.0,0.0,0.0,0.0,0.0,0.0,0.0,0.0,0.0,0.0,0.0,0.0,0.0,0.2857142857142857,1.0690449676496983,4.0,4.0,0.35714285714285715,1.0959280090672918,10.0,4.0,0.35714285714285715,1.0690449676496994,20.0,4.0,0.5833333333333334,1.6221979239345834,49.0,8.0,0.0,0.0,0.0,954,0.279874213836478,0.16666666666666666,0.24423480083857443,0.2526205450733753,0.09538784067085954,0.31551362683438156,40.0,5.9958071278826
2023-02-19,0,0,0,0,0,0,0,0,0,0,0,0,2023,2,19,6,50,7,1,1,0,0,-0.7818314824680299,0.6234898018587334,0.7583058084785624,0.6518989958787126,0.7485107481711011,0.6631226582407953,0.8660254037844386,0.5000000000000001,0.0,0.0,0.0,0.0,0.0,0.0,0.0,0.0,0.0,0.0,0.0,0.0,0.0,0.0,0.2857142857142857,1.0690449676496983,4.0,4.0,0.35714285714285715,1.0959280090672918,10.0,4.0,0.35714285714285715,1.0690449676496994,20.0,4.0,0.5833333333333334,1.6221979239345834,49.0,8.0,0.0,0.0,0.0,954,0.279874213836478,0.16666666666666666,0.24423480083857443,0.2526205450733753,0.09538784067085954,0.31551362683438156,40.0,5.9958071278826
2023-02-20,0,0,0,0,0,0,0,0,0,0,0,0,2023,2,20,0,51,8,1,0,1,0,0.0,1.0,0.7694148268839378,0.6387494220515272,0.8229838658936564,0.5680647467311559,0.8660254037844386,0.5000000000000001,0.0,0.0,0.0,0.0,0.0,4.0,0.0,0.0,0.0,0.0,0.0,0.0,0.0,0.0,0.2857142857142857,1.0690449676496983,4.0,4.0,0.21428571428571427,0.83253930425037,6.0,4.0,0.35714285714285715,1.0690449676496994,20.0,4.0,0.5833333333333334,1.6221979239345834,49.0,8.0,0.0,0.0,-4.0,954,0.279874213836478,0.16666666666666666,0.24423480083857443,0.2526205450733753,0.09538784067085954,0.31551362683438156,40.0,5.9958071278826
2023-02-21,0,0,0,0,0,0,0,0,0,0,0,0,2023,2,21,1,52,8,1,0,0,0,0.7818314824680298,0.6234898018587336,0.7802958510707755,0.6254105729852463,0.8229838658936564,0.5680647467311559,0.8660254037844386,0.5000000000000001,0.0,0.0,0.0,0.0,0.0,0.0,0.0,0.0,0.0,0.0,0.0,0.0,0.0,0.0,0.2857142857142857,1.0690449676496983,4.0,4.0,0.21428571428571427,0.83253930425037,6.0,4.0,0.35714285714285715,1.0690449676496994,20.0,4.0,0.5833333333333334,1.6221979239345834,49.0,8.0,0.0,0.0,0.0,954,0.279874213836478,0.16666666666666666,0.24423480083857443,0.2526205450733753,0.09538784067085954,0.31551362683438156,40.0,5.9958071278826
2023-02-22,0,0,0,0,0,0,0,0,0,0,0,0,2023,2,22,2,53,8,1,0,0,0,0.9749279121818236,-0.22252093395631434,0.7909456567567772,0.6118864012687243,0.8229838658936564,0.5680647467311559,0.8660254037844386,0.5000000000000001,0.0,0.0,0.0,0.0,0.0,0.0,0.0,0.0,0.0,0.0,0.0,0.0,0.0,0.0,0.2857142857142857,1.0690449676496983,4.0,4.0,0.21428571428571427,0.83253930425037,6.0,4.0,0.35714285714285715,1.0690449676496994,20.0,4.0,0.5833333333333334,1.6221979239345834,49.0,8.0,0.0,0.0,0.0,954,0.279874213836478,0.16666666666666666,0.24423480083857443,0.2526205450733753,0.09538784067085954,0.31551362683438156,40.0,5.9958071278826
2023-02-23,0,0,0,0,0,0,0,0,0,0,0,0,2023,2,23,3,54,8,1,0,0,0,0.43388373911755823,-0.900968867902419,0.8013610881746766,0.5981809144059165,0.8229838658936564,0.5680647467311559,0.8660254037844386,0.5000000000000001,0.0,0.0,0.0,0.0,0.0,0.0,0.0,0.0,0.0,0.0,0.0,0.0,0.0,0.0,0.2857142857142857,1.0690449676496983,4.0,4.0,0.21428571428571427,0.83253930425037,6.0,4.0,0.35714285714285715,1.0690449676496994,20.0,4.0,0.5833333333333334,1.6221979239345834,49.0,8.0,0.0,0.0,0.0,954,0.279874213836478,0.16666666666666666,0.24423480083857443,0.2526205450733753,0.09538784067085954,0.31551362683438156,40.0,5.9958071278826
2023-02-24,0,0,0,0,0,0,0,0,0,0,0,0,2023,2,24,4,55,8,1,0,0,1,-0.433883739117558,-0.9009688679024191,0.8115390590073611,0.5842981736283684,0.8229838658936564,0.5680647467311559,0.8660254037844386,0.5000000000000001,0.0,0.0,0.0,0.0,4.0,0.0,0.0,0.0,0.0,0.0,0.0,0.0,0.0,0.0,0.0,0.0,0.0,0.0,0.21428571428571427,0.83253930425037,6.0,4.0,0.35714285714285715,1.0690449676496994,20.0,4.0,0.5833333333333334,1.6221979239345834,49.0,8.0,0.0,0.0,0.0,954,0.279874213836478,0.16666666666666666,0.24423480083857443,0.2526205450733753,0.09538784067085954,0.31551362683438156,40.0,5.9958071278826
2023-02-25,4,0,0,0,0,0,0,0,8,0,0,4,2023,2,25,5,56,8,1,1,0,0,-0.9749279121818236,-0.2225209339563146,0.8214765533024142,0.5702422926917871,0.8229838658936564,0.5680647467311559,0.8660254037844386,0.5000000000000001,0.0,0.0,0.0,0.0,0.0,0.0,1.3333333333333333,2.3094010767585065,4.0,4.0,0.5714285714285714,1.5118578920369072,4.0,4.0,0.2857142857142857,1.0690449676496983,4.0,4.0,0.35714285714285715,1.0959280090672918,10.0,4.0,0.42857142857142855,1.1732959458821037,24.0,4.0,0.6309523809523809,1.663062655252492,53.0,8.0,4.0,4.0,4.0,954,0.279874213836478,0.16666666666666666,0.24423480083857443,0.2526205450733753,0.09538784067085954,0.31551362683438156,40.0,5.9958071278826
2023-02-26,0,0,0,0,0,0,0,0,0,0,0,0,2023,2,26,6,57,8,1,1,0,0,-0.7818314824680299,0.6234898018587334,0.8311706263658079,0.5560174366570446,0.8229838658936564,0.5680647467311559,0.8660254037844386,0.5000000000000001,4.0,0.0,0.0,0.0,0.0,0.0,1.3333333333333333,2.3094010767585065,4.0,4.0,0.5714285714285714,1.5118578920369072,4.0,4.0,0.2857142857142857,1.0690449676496983,4.0,4.0,0.35714285714285715,1.0959280090672918,10.0,4.0,0.42857142857142855,1.1732959458821037,24.0,4.0,0.6309523809523809,1.663062655252492,53.0,8.0,-4.0,0.0,0.0,954,0.279874213836478,0.16666666666666666,0.24423480083857443,0.2526205450733753,0.09538784067085954,0.31551362683438156,40.0,5.9958071278826
2023-02-27,0,0,0,0,0,0,0,0,0,0,0,0,2023,2,27,0,58,9,1,0,1,0,0.0,1.0,0.8406184056344782,0.5416278206559814,0.8854560256532099,0.4647231720437686,0.8660254037844386,0.5000000000000001,0.0,4.0,0.0,0.0,0.0,0.0,1.3333333333333333,2.3094010767585065,4.0,4.0,0.5714285714285714,1.5118578920369072,4.0,4.0,0.2857142857142857,1.0690449676496983,4.0,4.0,0.35714285714285715,1.0959280090672918,10.0,4.0,0.42857142857142855,1.1732959458821037,24.0,4.0,0.5833333333333334,1.6221979239345834,49.0,8.0,0.0,0.0,0.0,954,0.279874213836478,0.16666666666666666,0.24423480083857443,0.2526205450733753,0.09538784067085954,0.31551362683438156,40.0,5.9958071278826
2023-02-28,0,0,0,0,0,0,0,0,0,0,0,0,2023,2,28,1,59,9,1,0,0,0,0.7818314824680298,0.6234898018587336,0.8498170915275278,0.5270777086423722,0.8854560256532099,0.4647231720437686,0.8660254037844386,0.5000000000000001,0.0,0.0,4.0,0.0,0.0,0.0,0.0,0.0,0.0,0.0,0.5714285714285714,1.5118578920369072,4.0,4.0,0.2857142857142857,1.0690449676496983,4.0,4.0,0.35714285714285715,1.0959280090672918,10.0,4.0,0.42857142857142855,1.1732959458821037,24.0,4.0,0.5833333333333334,1.6221979239345834,49.0,8.0,0.0,0.0,0.0,954,0.279874213836478,0.16666666666666666,0.24423480083857443,0.2526205450733753,0.09538784067085954,0.31551362683438156,40.0,5.9958071278826
2023-03-01,4,4,0,4,0,0,0,0,8,4,4,4,2023,3,1,2,60,9,1,0,0,0,0.9749279121818236,-0.22252093395631434,0.8587639582758029,0.5123714121284237,0.8854560256532099,0.4647231720437686,1.0,6.123233995736766e-17,0.0,0.0,0.0,0.0,0.0,0.0,1.3333333333333333,2.3094010767585065,4.0,4.0,1.1428571428571428,1.9518001458970655,8.0,4.0,0.5714285714285714,1.4525460784051263,8.0,4.0,0.5,1.2909944487358045,14.0,4.0,0.5,1.264911064067353,28.0,4.0,0.5357142857142857,1.451600102350113,45.0,8.0,4.0,4.0,4.0,954,0.279874213836478,0.16666666666666666,0.24423480083857443,0.2526205450733753,0.09538784067085954,0.31551362683438156,40.0,5.9958071278826
2023-03-02,0,0,0,0,0,0,0,0,0,0,0,0,2023,3,2,3,61,9,1,0,0,0,0.43388373911755823,-0.900968867902419,0.8674563547295969,0.49751328890718066,0.8854560256532099,0.4647231720437686,1.0,6.123233995736766e-17,4.0,0.0,0.0,0.0,0.0,0.0,1.3333333333333333,2.3094010767585065,4.0,4.0,1.1428571428571428,1.9518001458970655,8.0,4.0,0.5714285714285714,1.4525460784051263,8.0,4.0,0.5,1.2909944487358045,14.0,4.0,0.42857142857142855,1.1732959458821037,24.0,4.0,0.5357142857142857,1.451600102350113,45.0,8.0,-4.0,0.0,0.0,954,0.279874213836478,0.16666666666666666,0.24423480083857443,0.2526205450733753,0.09538784067085954,0.31551362683438156,40.0,5.9958071278826
2023-03-03,0,0,0,0,0,0,0,0,0,0,0,0,2023,3,3,4,62,9,1,0,0,1,-0.433883739117558,-0.9009688679024191,0.8758917051442429,0.48250774176121847,0.8854560256532099,0.4647231720437686,1.0,6.123233995736766e-17,0.0,4.0,0.0,0.0,0.0,2.0,1.3333333333333333,2.3094010767585065,4.0,4.0,1.1428571428571428,1.9518001458970655,8.0,4.0,0.5714285714285714,1.4525460784051263,8.0,4.0,0.42857142857142855,1.259881576697423,12.0,4.0,0.42857142857142855,1.1732959458821037,24.0,4.0,0.4880952380952381,1.4013250839189408,41.0,8.0,0.0,0.0,-2.0,954,0.279874213836478,0.16666666666666666,0.24423480083857443,0.2526205450733753,0.09538784067085954,0.31551362683438156,40.0,5.9958071278826
2023-03-04,8,0,0,0,0,4,0,4,20,0,0,4,2023,3,4,5,63,9,1,1,0,0,-0.9749279121818236,-0.2225209339563146,0.8840675099433636,0.4673592171580022,0.8854560256532099,0.4647231720437686,1.0,6.123233995736766e-17,0.0,0.0,4.0,4.0,0.0,0.0,2.6666666666666665,4.618802153517008,8.0,8.0,1.7142857142857142,3.147183169877772,12.0,8.0,1.1428571428571428,2.4449993820085067,16.0,8.0,0.7142857142857143,1.902379462422683,20.0,8.0,0.5535714285714286,1.548249954651356,31.0,8.0,0.5833333333333334,1.6221979239345834,49.0,8.0,8.0,4.0,8.0,954,0.279874213836478,0.16666666666666666,0.24423480083857443,0.2526205450733753,0.09538784067085954,0.31551362683438156,40.0,5.9958071278826
2023-03-05,0,0,0,0,0,0,0,0,0,0,0,0,2023,3,5,6,64,9,1,1,0,0,-0.7818314824680299,0.6234898018587334,0.8919813464595485,0.45207220393230435,0.8854560256532099,0.4647231720437686,1.0,6.123233995736766e-17,8.0,0.0,0.0,0.0,0.0,0.0,2.6666666666666665,4.618802153517008,8.0,8.0,1.7142857142857142,3.147183169877772,12.0,8.0,1.1428571428571428,2.4449993820085067,16.0,8.0,0.7142857142857143,1.902379462422683,20.0,8.0,0.5535714285714286,1.548249954651356,31.0,8.0,0.5833333333333334,1.6221979239345834,49.0,8.0,-8.0,0.0,0.0,954,0.279874213836478,0.16666666666666666,0.24423480083857443,0.2526205450733753,0.09538784067085954,0.31551362683438156,40.0,5.9958071278826
2023-03-06,0,0,0,0,0,0,0,0,0,0,0,0,2023,3,6,0,65,10,1,0,1,0,0.0,1.0,0.8996308696522433,0.43665123195606403,0.9350162426854148,0.35460488704253557,1.0,6.123233995736766e-17,0.0,8.0,0.0,0.0,0.0,0.0,2.6666666666666665,4.618802153517008,8.0,8.0,1.7142857142857142,3.147183169877772,12.0,8.0,1.1428571428571428,2.4449993820085067,16.0,8.0,0.7142857142857143,1.902379462422683,20.0,8.0,0.48214285714285715,1.4769879845460865,27.0,8.0,0.5833333333333334,1.6221979239345834,49.0,8.0,0.0,0.0,0.0,954,0.279874213836478,0.16666666666666666,0.24423480083857443,0.2526205450733753,0.09538784067085954,0.31551362683438156,40.0,5.9958071278826
2023-03-07,0,0,0,0,0,0,0,0,0,0,0,0,2023,3,7,1,66,10,1,0,0,0,0.7818314824680298,0.6234898018587336,0.9070138128026359,0.4211008707960896,0.9350162426854148,0.35460488704253557,1.0,6.123233995736766e-17,0.0,0.0,8.0,0.0,0.0,0.0,0.0,0.0,0.0,0.0,1.7142857142857142,3.147183169877772,12.0,8.0,1.1428571428571428,2.4449993820085067,16.0,8.0,0.7142857142857143,1.902379462422683,20.0,8.0,0.48214285714285715,1.4769879845460865,27.0,8.0,0.5833333333333334,1.6221979239345834,49.0,8.0,0.0,0.0,0.0,954,0.279874213836478,0.16666666666666666,0.24423480083857443,0.2526205450733753,0.09538784067085954,0.31551362683438156,40.0,5.9958071278826
2023-03-08,0,0,0,0,0,0,0,0,0,0,0,0,2023,3,8,2,67,10,1,0,0,0,0.9749279121818236,-0.22252093395631434,0.9141279881853337,0.40542572835999735,0.9350162426854148,0.35460488704253557,1.0,6.123233995736766e-17,0.0,0.0,0.0,4.0,0.0,0.0,0.0,0.0,0.0,0.0,1.1428571428571428,3.0237157840738167,8.0,8.0,1.1428571428571428,2.4449993820085067,16.0,8.0,0.7142857142857143,1.902379462422683,20.0,8.0,0.48214285714285715,1.4769879845460865,27.0,8.0,0.5714285714285714,1.6227725366421089,48.0,8.0,0.0,-4.0,0.0,954,0.279874213836478,0.16666666666666666,0.24423480083857443,0.2526205450733753,0.09538784067085954,0.31551362683438156,40.0,5.9958071278826
2023-03-09,0,0,0,0,0,0,0,0,0,0,0,0,2023,3,9,3,68,10,1,0,0,0,0.43388373911755823,-0.900968867902419,0.9209712877166346,0.38963044953078796,0.9350162426854148,0.35460488704253557,1.0,6.123233995736766e-17,0.0,0.0,0.0,0.0,0.0,0.0,0.0,0.0,0.0,0.0,1.1428571428571428,3.0237157840738167,8.0,8.0,1.1428571428571428,2.4449993820085067,16.0,8.0,0.7142857142857143,1.902379462422683,20.0,8.0,0.48214285714285715,1.4769879845460865,27.0,8.0,0.5238095238095238,1.5790510378544356,44.0,8.0,0.0,0.0,0.0,954,0.279874213836478,0.16666666666666666,0.24423480083857443,0.2526205450733753,0.09538784067085954,0.31551362683438156,40.0,5.9958071278826
2023-03-10,0,0,0,0,0,0,0,0,0,0,0,0,2023,3,10,4,69,10,1,0,0,1,-0.433883739117558,-0.9009688679024191,0.9275416835791966,0.37371971479046906,0.9350162426854148,0.35460488704253557,1.0,6.123233995736766e-17,0.0,0.0,0.0,0.0,0.0,4.0,0.0,0.0,0.0,0.0,1.1428571428571428,3.0237157840738167,8.0,8.0,1.1428571428571428,2.4449993820085067,16.0,8.0,0.5714285714285714,1.7935805576921307,16.0,8.0,0.48214285714285715,1.4769879845460865,27.0,8.0,0.5238095238095238,1.5790510378544356,44.0,8.0,0.0,0.0,-4.0,954,0.279874213836478,0.16666666666666666,0.24423480083857443,0.2526205450733753,0.09538784067085954,0.31551362683438156,40.0,5.9958071278826
2023-03-11,0,0,0,0,0,0,0,0,0,0,0,0,2023,3,11,5,70,10,1,1,0,0,-0.9749279121818236,-0.2225209339563146,0.9338372288229252,0.35769823883312546,0.9350162426854148,0.35460488704253557,1.0,6.123233995736766e-17,0.0,0.0,0.0,8.0,4.0,0.0,0.0,0.0,0.0,0.0,0.0,0.0,0.0,0.0,0.8571428571428571,2.3157368940873577,12.0,8.0,0.5714285714285714,1.7935805576921307,16.0,8.0,0.48214285714285715,1.4769879845460865,27.0,8.0,0.5238095238095238,1.5790510378544356,44.0,8.0,0.0,-8.0,0.0,954,0.279874213836478,0.16666666666666666,0.24423480083857443,0.2526205450733753,0.09538784067085954,0.31551362683438156,40.0,5.9958071278826
2023-03-12,0,0,0,0,0,0,0,0,0,0,0,0,2023,3,12,6,71,10,1,1,0,0,-0.7818314824680299,0.6234898018587334,0.9398560579418954,0.3415707691678556,0.9350162426854148,0.35460488704253557,1.0,6.123233995736766e-17,0.0,0.0,0.0,0.0,0.0,0.0,0.0,0.0,0.0,0.0,0.0,0.0,0.0,0.0,0.8571428571428571,2.3157368940873577,12.0,8.0,0.5714285714285714,1.7935805576921307,16.0,8.0,0.48214285714285715,1.4769879845460865,27.0,8.0,0.5238095238095238,1.5790510378544356,44.0,8.0,0.0,0.0,0.0,954,0.279874213836478,0.16666666666666666,0.24423480083857443,0.2526205450733753,0.09538784067085954,0.31551362683438156,40.0,5.9958071278826
2023-03-13,0,0,0,0,0,0,0,0,0,0,0,0,2023,3,13,0,72,11,1,0,1,0,0.0,1.0,0.9455963874271426,0.3253420847119801,0.970941817426052,0.23931566428755804,1.0,6.123233995736766e-17,0.0,0.0,0.0,0.0,0.0,0.0,0.0,0.0,0.0,0.0,0.0,0.0,0.0,0.0,0.8571428571428571,2.3157368940873577,12.0,8.0,0.5714285714285714,1.7935805576921307,16.0,8.0,0.48214285714285715,1.4769879845460865,27.0,8.0,0.5238095238095238,1.5790510378544356,44.0,8.0,0.0,0.0,0.0,954,0.279874213836478,0.16666666666666666,0.24423480083857443,0.2526205450733753,0.09538784067085954,0.31551362683438156,40.0,5.9958071278826
2023-03-14,4,4,0,4,0,0,0,0,8,0,0,0,2023,3,14,1,73,11,1,0,0,0,0.7818314824680298,0.6234898018587336,0.9510565162951535,0.30901699437494745,0.970941817426052,0.23931566428755804,1.0,6.123233995736766e-17,0.0,0.0,0.0,0.0,0.0,0.0,1.3333333333333333,2.309401076758506,4.0,4.0,0.5714285714285714,1.5118578920369066,4.0,4.0,1.1428571428571428,2.4449993820085067,16.0,8.0,0.7142857142857143,1.902379462422683,20.0,8.0,0.5535714285714286,1.548249954651356,31.0,8.0,0.5714285714285714,1.6227725366421089,48.0,8.0,4.0,4.0,4.0,954,0.279874213836478,0.16666666666666666,0.24423480083857443,0.2526205450733753,0.09538784067085954,0.31551362683438156,40.0,5.9958071278826
2023-03-15,0,0,0,0,0,0,0,0,0,0,0,0,2023,3,15,2,74,11,1,0,0,0,0.9749279121818236,-0.22252093395631434,0.9562348265919056,0.29260033563334836,0.970941817426052,0.23931566428755804,1.0,6.123233995736766e-17,4.0,0.0,0.0,0.0,4.0,0.0,1.3333333333333333,2.309401076758506,4.0,4.0,0.5714285714285714,1.5118578920369066,4.0,4.0,0.8571428571428571,2.3157368940873577,12.0,8.0,0.7142857142857143,1.902379462422683,20.0,8.0,0.5357142857142857,1.5487741277220841,30.0,8.0,0.5714285714285714,1.6227725366421089,48.0,8.0,-4.0,0.0,0.0,954,0.279874213836478,0.16666666666666666,0.24423480083857443,0.2526205450733753,0.09538784067085954,0.31551362683438156,40.0,5.9958071278826
2023-03-16,4,4,0,4,0,0,0,0,12,4,4,0,2023,3,16,3,75,11,1,0,0,0,0.43388373911755823,-0.900968867902419,0.9611297838723007,0.27609697309746883,0.970941817426052,0.23931566428755804,1.0,6.123233995736766e-17,0.0,4.0,0.0,0.0,0.0,0.0,2.6666666666666665,2.3094010767585074,8.0,4.0,1.1428571428571428,1.951800145897065,8.0,4.0,1.1428571428571428,2.4449993820085067,16.0,8.0,0.8571428571428571,1.9947019774482544,24.0,8.0,0.6071428571428571,1.6144638449013067,34.0,8.0,0.5238095238095238,1.4518471033392157,44.0,8.0,4.0,4.0,4.0,954,0.279874213836478,0.16666666666666666,0.24423480083857443,0.2526205450733753,0.09538784067085954,0.31551362683438156,40.0,5.9958071278826
2023-03-17,0,0,0,0,0,0,0,0,0,0,0,0,2023,3,17,4,76,11,1,0,0,1,-0.433883739117558,-0.9009688679024191,0.9657399376548549,0.2595117970697999,0.970941817426052,0.23931566428755804,1.0,6.123233995736766e-17,4.0,0.0,4.0,0.0,0.0,0.0,1.3333333333333333,2.309401076758506,4.0,4.0,1.1428571428571428,1.951800145897065,8.0,4.0,1.1428571428571428,2.4449993820085067,16.0,8.0,0.8571428571428571,1.9947019774482544,24.0,8.0,0.6071428571428571,1.6144638449013067,34.0,8.0,0.5238095238095238,1.4518471033392157,44.0,8.0,-4.0,0.0,0.0,954,0.279874213836478,0.16666666666666666,0.24423480083857443,0.2526205450733753,0.09538784067085954,0.31551362683438156,40.0,5.9958071278826
2023-03-18,0,0,0,0,0,0,0,0,0,0,0,0,2023,3,18,5,77,11,1,1,0,0,-0.9749279121818236,-0.2225209339563146,0.9700639218515071,0.2428497220959356,0.970941817426052,0.23931566428755804,1.0,6.123233995736766e-17,0.0,4.0,0.0,0.0,8.0,0.0,1.3333333333333333,2.309401076758506,4.0,4.0,1.1428571428571428,1.951800145897065,8.0,4.0,0.5714285714285714,1.4525460784051263,8.0,4.0,0.8571428571428571,1.9947019774482544,24.0,8.0,0.6071428571428571,1.6144638449013067,34.0,8.0,0.5238095238095238,1.4518471033392157,44.0,8.0,0.0,0.0,0.0,954,0.279874213836478,0.16666666666666666,0.24423480083857443,0.2526205450733753,0.09538784067085954,0.31551362683438156,40.0,5.9958071278826
2023-03-19,0,0,0,0,0,0,0,0,0,0,0,0,2023,3,19,6,78,11,1,1,0,0,-0.7818314824680299,0.6234898018587334,0.9741004551724205,0.22611568550828828,0.970941817426052,0.23931566428755804,1.0,6.123233995736766e-17,0.0,0.0,4.0,0.0,0.0,0.0,0.0,0.0,0.0,0.0,1.1428571428571428,1.951800145897065,8.0,4.0,0.5714285714285714,1.4525460784051263,8.0,4.0,0.8571428571428571,1.9947019774482544,24.0,8.0,0.6071428571428571,1.6144638449013067,34.0,8.0,0.5238095238095238,1.4518471033392157,44.0,8.0,0.0,0.0,0.0,954,0.279874213836478,0.16666666666666666,0.24423480083857443,0.2526205450733753,0.09538784067085954,0.31551362683438156,40.0,5.9958071278826
2023-03-20,4,0,0,4,0,0,0,0,12,0,0,0,2023,3,20,0,79,12,1,0,1,0,0.0,1.0,0.9778483415056568,0.20931464596304847,0.992708874098054,0.120536680255323,1.0,6.123233995736766e-17,0.0,0.0,0.0,0.0,0.0,0.0,1.3333333333333333,2.309401076758506,4.0,4.0,1.7142857142857142,2.138089935299394,12.0,4.0,0.8571428571428571,1.7032612545052805,12.0,4.0,1.0,2.0727509006864024,28.0,8.0,0.6071428571428571,1.6144638449013067,34.0,8.0,0.5714285714285714,1.4992826741495966,48.0,8.0,4.0,4.0,4.0,954,0.279874213836478,0.16666666666666666,0.24423480083857443,0.2526205450733753,0.09538784067085954,0.31551362683438156,40.0,5.9958071278826
2023-03-21,0,0,0,0,0,0,0,0,0,0,0,0,2023,3,21,1,80,12,1,0,0,0,0.7818314824680298,0.6234898018587336,0.9813064702716093,0.19245158197082998,0.992708874098054,0.120536680255323,1.0,6.123233995736766e-17,4.0,0.0,0.0,4.0,0.0,0.0,1.3333333333333333,2.309401076758506,4.0,4.0,1.1428571428571428,1.9518001458970649,8.0,4.0,0.8571428571428571,1.7032612545052805,12.0,4.0,1.0,2.0727509006864024,28.0,8.0,0.6071428571428571,1.6144638449013067,34.0,8.0,0.5714285714285714,1.4992826741495966,48.0,8.0,-4.0,-4.0,0.0,954,0.279874213836478,0.16666666666666666,0.24423480083857443,0.2526205450733753,0.09538784067085954,0.31551362683438156,40.0,5.9958071278826
2023-03-22,4,4,0,4,0,0,0,0,8,0,0,0,2023,3,22,2,81,12,1,0,0,0,0.9749279121818236,-0.22252093395631434,0.9844738167520922,0.1755314904214282,0.992708874098054,0.120536680255323,1.0,6.123233995736766e-17,0.0,4.0,0.0,0.0,0.0,0.0,2.6666666666666665,2.3094010767585074,8.0,4.0,1.7142857142857142,2.138089935299394,12.0,4.0,1.1428571428571428,1.875228923753982,16.0,4.0,1.1428571428571428,2.1380899352993943,32.0,8.0,0.6785714285714286,1.6744838320796376,38.0,8.0,0.6190476190476191,1.5437769511213535,52.0,8.0,4.0,4.0,4.0,954,0.279874213836478,0.16666666666666666,0.24423480083857443,0.2526205450733753,0.09538784067085954,0.31551362683438156,40.0,5.9958071278826
2023-03-23,0,0,0,0,0,0,0,0,0,0,0,0,2023,3,23,3,82,12,1,0,0,0,0.43388373911755823,-0.900968867902419,0.9873494423939864,0.15855938510313475,0.992708874098054,0.120536680255323,1.0,6.123233995736766e-17,4.0,0.0,4.0,4.0,0.0,0.0,1.3333333333333333,2.309401076758506,4.0,4.0,1.1428571428571428,1.9518001458970649,8.0,4.0,1.1428571428571428,1.875228923753982,16.0,4.0,1.1428571428571428,2.1380899352993943,32.0,8.0,0.6785714285714286,1.6744838320796376,38.0,8.0,0.6190476190476191,1.5437769511213535,52.0,8.0,-4.0,-4.0,0.0,954,0.279874213836478,0.16666666666666666,0.24423480083857443,0.2526205450733753,0.09538784067085954,0.31551362683438156,40.0,5.9958071278826
2023-03-24,0,0,0,0,0,0,0,0,0,0,0,0,2023,3,24,4,83,12,1,0,0,1,-0.433883739117558,-0.9009688679024191,0.989932495087353,0.141540295217043,0.992708874098054,0.120536680255323,1.0,6.123233995736766e-17,0.0,4.0,0.0,0.0,0.0,0.0,1.3333333333333333,2.309401076758506,4.0,4.0,1.1428571428571428,1.9518001458970649,8.0,4.0,1.1428571428571428,1.875228923753982,16.0,4.0,1.1428571428571428,2.1380899352993943,32.0,8.0,0.6785714285714286,1.6744838320796376,38.0,8.0,0.6190476190476191,1.5437769511213535,52.0,8.0,0.0,0.0,0.0,954,0.279874213836478,0.16666666666666666,0.24423480083857443,0.2526205450733753,0.09538784067085954,0.31551362683438156,40.0,5.9958071278826
2023-03-25,0,0,0,0,0,0,0,0,0,0,0,0,2023,3,25,5,84,12,1,1,0,0,-0.9749279121818236,-0.2225209339563146,0.9922222094179323,0.12447926388678915,0.992708874098054,0.120536680255323,1.0,6.123233995736766e-17,0.0,0.0,4.0,0.0,0.0,4.0,0.0,0.0,0.0,0.0,1.1428571428571428,1.9518001458970649,8.0,4.0,1.1428571428571428,1.875228923753982,16.0,4.0,1.0,2.0727509006864024,28.0,8.0,0.6785714285714286,1.6744838320796376,38.0,8.0,0.6190476190476191,1.5437769511213535,52.0,8.0,0.0,0.0,-4.0,954,0.279874213836478,0.16666666666666666,0.24423480083857443,0.2526205450733753,0.09538784067085954,0.31551362683438156,40.0,5.9958071278826
2023-03-26,6,4,1,1,0,2,0,1,11,0,0,1,2023,3,26,6,85,12,1,1,0,0,-0.7818314824680299,0.6234898018587334,0.994217906893952,0.10738134666416309,0.992708874098054,0.120536680255323,1.0,6.123233995736766e-17,0.0,0.0,0.0,0.0,0.0,0.0,2.0,3.464101615137757,6.0,6.0,2.0,2.5819888974716103,14.0,6.0,1.5714285714285714,2.243427518991205,22.0,6.0,1.2142857142857142,2.2666199808450767,34.0,8.0,0.7857142857142857,1.8162327215148675,44.0,8.0,0.6904761904761905,1.649944799925068,58.0,8.0,6.0,6.0,6.0,954,0.279874213836478,0.16666666666666666,0.24423480083857443,0.2526205450733753,0.09538784067085954,0.31551362683438156,40.0,5.9958071278826
2023-03-27,0,0,0,0,0,0,0,0,0,0,0,0,2023,3,27,0,86,13,1,0,1,0,0.0,1.0,0.995918996147179,0.09025161003104117,1.0,-1.6081226496766366e-16,1.0,6.123233995736766e-17,6.0,0.0,0.0,4.0,0.0,0.0,2.0,3.464101615137757,6.0,6.0,1.4285714285714286,2.507132682112034,10.0,6.0,1.5714285714285714,2.243427518991205,22.0,6.0,1.2142857142857142,2.2666199808450767,34.0,8.0,0.7857142857142857,1.8162327215148675,44.0,8.0,0.6904761904761905,1.649944799925068,58.0,8.0,-6.0,-4.0,0.0,954,0.279874213836478,0.16666666666666666,0.24423480083857443,0.2526205450733753,0.09538784067085954,0.31551362683438156,40.0,5.9958071278826
2023-03-28,0,0,0,0,0,0,0,0,0,0,0,0,2023,3,28,1,87,13,1,0,0,0,0.7818314824680298,0.6234898018587336,0.9973249731081555,0.07309512989807777,1.0,-1.6081226496766366e-16,1.0,6.123233995736766e-17,0.0,6.0,0.0,0.0,4.0,0.0,2.0,3.464101615137757,6.0,6.0,1.4285714285714286,2.507132682112034,10.0,6.0,1.2857142857142858,2.163635524139563,18.0,6.0,1.2142857142857142,2.2666199808450767,34.0,8.0,0.7857142857142857,1.8162327215148675,44.0,8.0,0.6904761904761905,1.649944799925068,58.0,8.0,0.0,0.0,0.0,954,0.279874213836478,0.16666666666666666,0.24423480083857443,0.2526205450733753,0.09538784067085954,0.31551362683438156,40.0,5.9958071278826
2023-03-29,0,0,0,0,0,0,0,0,0,0,0,0,2023,3,29,2,88,13,1,0,0,0,0.9749279121818236,-0.22252093395631434,0.9984354211555643,0.055916990100603484,1.0,-1.6081226496766366e-16,1.0,6.123233995736766e-17,0.0,0.0,6.0,4.0,0.0,4.0,0.0,0.0,0.0,0.0,0.8571428571428571,2.267786838055362,6.0,6.0,1.2857142857142858,2.163635524139563,18.0,6.0,1.0714285714285714,2.20988639608417,30.0,8.0,0.7857142857142857,1.8162327215148675,44.0,8.0,0.6904761904761905,1.649944799925068,58.0,8.0,0.0,-4.0,-4.0,954,0.279874213836478,0.16666666666666666,0.24423480083857443,0.2526205450733753,0.09538784067085954,0.31551362683438156,40.0,5.9958071278826
2023-03-30,0,0,0,0,0,0,0,0,0,0,0,0,2023,3,30,3,89,13,1,0,0,0,0.43388373911755823,-0.900968867902419,0.9992500112396835,0.03872228089217446,1.0,-1.6081226496766366e-16,1.0,6.123233995736766e-17,0.0,0.0,0.0,0.0,4.0,0.0,0.0,0.0,0.0,0.0,0.8571428571428571,2.267786838055362,6.0,6.0,1.0,2.0380986614602725,14.0,6.0,1.0714285714285714,2.20988639608417,30.0,8.0,0.7857142857142857,1.8162327215148675,44.0,8.0,0.6428571428571429,1.6105290393454175,54.0,8.0,0.0,0.0,0.0,954,0.279874213836478,0.16666666666666666,0.24423480083857443,0.2526205450733753,0.09538784067085954,0.31551362683438156,40.0,5.9958071278826
2023-03-31,0,0,0,0,0,0,0,0,0,0,0,0,2023,3,31,4,90,13,1,0,0,1,-0.433883739117558,-0.9009688679024191,0.9997685019798909,0.021516097436222254,1.0,-1.6081226496766366e-16,1.0,6.123233995736766e-17,0.0,0.0,0.0,0.0,0.0,0.0,0.0,0.0,0.0,0.0,0.8571428571428571,2.267786838055362,6.0,6.0,1.0,2.0380986614602725,14.0,6.0,1.0714285714285714,2.20988639608417,30.0,8.0,0.75,1.8115789195666263,42.0,8.0,0.6428571428571429,1.6105290393454175,54.0,8.0,0.0,0.0,0.0,954,0.279874213836478,0.16666666666666666,0.24423480083857443,0.2526205450733753,0.09538784067085954,0.31551362683438156,40.0,5.9958071278826
2023-04-01,0,0,0,0,0,0,0,0,0,0,0,0,2023,4,1,5,91,13,2,1,0,0,-0.9749279121818236,-0.2225209339563146,0.9999907397361901,0.004303538296244289,1.0,-1.6081226496766366e-16,0.8660254037844387,-0.4999999999999998,0.0,0.0,0.0,0.0,0.0,8.0,0.0,0.0,0.0,0.0,0.8571428571428571,2.267786838055362,6.0,6.0,1.0,2.0380986614602725,14.0,6.0,0.7857142857142857,1.7502834237608664,22.0,6.0,0.75,1.8115789195666263,42.0,8.0,0.6309523809523809,1.6115528835568163,53.0,8.0,0.0,0.0,-8.0,954,0.279874213836478,0.16666666666666666,0.24423480083857443,0.2526205450733753,0.09538784067085954,0.31551362683438156,40.0,5.9958071278826
2023-04-02,0,0,0,0,0,0,0,0,0,0,0,0,2023,4,2,6,92,13,2,1,0,0,-0.7818314824680299,0.6234898018587334,0.9999166586547379,-0.01291029607500882,1.0,-1.6081226496766366e-16,0.8660254037844387,-0.4999999999999998,0.0,0.0,0.0,6.0,0.0,0.0,0.0,0.0,0.0,0.0,0.0,0.0,0.0,0.0,1.0,2.0380986614602725,14.0,6.0,0.7857142857142857,1.7502834237608664,22.0,6.0,0.75,1.8115789195666263,42.0,8.0,0.6309523809523809,1.6115528835568163,53.0,8.0,0.0,-6.0,0.0,954,0.279874213836478,0.16666666666666666,0.24423480083857443,0.2526205450733753,0.09538784067085954,0.31551362683438156,40.0,5.9958071278826
2023-04-03,0,0,0,0,0,0,0,0,0,0,0,0,2023,4,3,0,93,14,2,0,1,0,0.0,1.0,0.9995462806873573,-0.030120304846908114,0.992708874098054,-0.12053668025532288,0.8660254037844387,-0.4999999999999998,0.0,0.0,0.0,0.0,4.0,0.0,0.0,0.0,0.0,0.0,0.0,0.0,0.0,0.0,0.7142857142857143,1.8575654633281304,10.0,6.0,0.7857142857142857,1.7502834237608664,22.0,6.0,0.75,1.8115789195666263,42.0,8.0,0.5833333333333334,1.5693474457947456,49.0,8.0,0.0,0.0,0.0,954,0.279874213836478,0.16666666666666666,0.24423480083857443,0.2526205450733753,0.09538784067085954,0.31551362683438156,40.0,5.9958071278826
2023-04-04,0,0,0,0,0,0,0,0,0,0,0,0,2023,4,4,1,94,14,2,0,0,0,0.7818314824680298,0.6234898018587336,0.9988797155850336,-0.04732138832243185,0.992708874098054,-0.12053668025532288,0.8660254037844387,-0.4999999999999998,0.0,0.0,0.0,0.0,0.0,0.0,0.0,0.0,0.0,0.0,0.0,0.0,0.0,0.0,0.7142857142857143,1.8575654633281304,10.0,6.0,0.7857142857142857,1.7502834237608664,22.0,6.0,0.75,1.8115789195666263,42.0,8.0,0.5833333333333334,1.5693474457947456,49.0,8.0,0.0,0.0,0.0,954,0.279874213836478,0.16666666666666666,0.24423480083857443,0.2526205450733753,0.09538784067085954,0.31551362683438156,40.0,5.9958071278826
2023-04-05,0,0,0,0,0,0,0,0,0,0,0,0,2023,4,5,2,95,14,2,0,0,0,0.9749279121818236,-0.22252093395631434,0.9979171608653922,-0.06450844944931623,0.992708874098054,-0.12053668025532288,0.8660254037844387,-0.4999999999999998,0.0,0.0,0.0,0.0,4.0,0.0,0.0,0.0,0.0,0.0,0.0,0.0,0.0,0.0,0.42857142857142855,1.6035674514745466,6.0,6.0,0.7857142857142857,1.7502834237608664,22.0,6.0,0.75,1.8115789195666263,42.0,8.0,0.5833333333333334,1.5693474457947456,49.0,8.0,0.0,0.0,0.0,954,0.279874213836478,0.16666666666666666,0.24423480083857443,0.2526205450733753,0.09538784067085954,0.31551362683438156,40.0,5.9958071278826
2023-04-06,4,0,0,0,0,0,0,0,8,0,0,0,2023,4,6,3,96,14,2,0,0,0,0.43388373911755823,-0.900968867902419,0.9966589017541702,-0.08167639533042241,0.992708874098054,-0.12053668025532288,0.8660254037844387,-0.4999999999999998,0.0,0.0,0.0,0.0,0.0,0.0,1.3333333333333333,2.3094010767585065,4.0,4.0,0.5714285714285714,1.5118578920369063,4.0,4.0,0.7142857142857143,1.8575654633281304,10.0,6.0,0.9285714285714286,1.8444826922788946,26.0,6.0,0.8214285714285714,1.859688564905845,46.0,8.0,0.6309523809523809,1.6115528835568163,53.0,8.0,4.0,4.0,4.0,954,0.279874213836478,0.16666666666666666,0.24423480083857443,0.2526205450733753,0.09538784067085954,0.31551362683438156,40.0,5.9958071278826
2023-04-07,0,0,0,0,0,0,0,0,0,0,0,0,2023,4,7,4,97,14,2,0,0,1,-0.433883739117558,-0.9009688679024191,0.9951053111006976,-0.09882013873287143,0.992708874098054,-0.12053668025532288,0.8660254037844387,-0.4999999999999998,4.0,0.0,0.0,0.0,0.0,0.0,1.3333333333333333,2.3094010767585065,4.0,4.0,0.5714285714285714,1.5118578920369063,4.0,4.0,0.7142857142857143,1.8575654633281304,10.0,6.0,0.9285714285714286,1.8444826922788946,26.0,6.0,0.75,1.8115789195666263,42.0,8.0,0.6309523809523809,1.6115528835568163,53.0,8.0,-4.0,0.0,0.0,954,0.279874213836478,0.16666666666666666,0.24423480083857443,0.2526205450733753,0.09538784067085954,0.31551362683438156,40.0,5.9958071278826
2023-04-08,4,0,4,0,0,4,0,4,8,0,0,4,2023,4,8,5,98,14,2,1,0,0,-0.9749279121818236,-0.2225209339563146,0.9932568492674143,-0.11593459959550041,0.992708874098054,-0.12053668025532288,0.8660254037844387,-0.4999999999999998,0.0,4.0,0.0,0.0,0.0,0.0,2.6666666666666665,2.309401076758508,8.0,4.0,1.1428571428571428,1.9518001458970646,8.0,4.0,1.0,2.0380986614602725,14.0,6.0,1.0714285714285714,1.923125762505587,30.0,6.0,0.8214285714285714,1.859688564905845,46.0,8.0,0.6785714285714286,1.6512916761298617,57.0,8.0,4.0,4.0,4.0,954,0.279874213836478,0.16666666666666666,0.24423480083857443,0.2526205450733753,0.09538784067085954,0.31551362683438156,40.0,5.9958071278826
2023-04-09,0,0,0,0,0,0,0,0,0,0,0,0,2023,4,9,6,99,14,2,1,0,0,-0.7818314824680299,0.6234898018587334,0.9911140639934547,-0.1330147065341959,0.992708874098054,-0.12053668025532288,0.8660254037844387,-0.4999999999999998,4.0,0.0,4.0,0.0,6.0,0.0,1.3333333333333333,2.3094010767585065,4.0,4.0,1.1428571428571428,1.9518001458970646,8.0,4.0,0.5714285714285714,1.4525460784051265,8.0,4.0,1.0714285714285714,1.923125762505587,30.0,6.0,0.8214285714285714,1.859688564905845,46.0,8.0,0.6785714285714286,1.6512916761298617,57.0,8.0,-4.0,0.0,0.0,954,0.279874213836478,0.16666666666666666,0.24423480083857443,0.2526205450733753,0.09538784067085954,0.31551362683438156,40.0,5.9958071278826
2023-04-10,0,0,0,0,0,0,0,0,0,0,0,0,2023,4,10,0,100,15,2,0,1,0,0.0,1.0,0.9886775902323405,-0.1500553983446526,0.9709418174260521,-0.2393156642875575,0.8660254037844387,-0.4999999999999998,0.0,4.0,0.0,0.0,0.0,0.0,1.3333333333333333,2.3094010767585065,4.0,4.0,1.1428571428571428,1.9518001458970646,8.0,4.0,0.5714285714285714,1.4525460784051265,8.0,4.0,1.0714285714285714,1.923125762505587,30.0,6.0,0.8214285714285714,1.859688564905845,46.0,8.0,0.6785714285714286,1.6512916761298617,57.0,8.0,0.0,0.0,0.0,954,0.279874213836478,0.16666666666666666,0.24423480083857443,0.2526205450733753,0.09538784067085954,0.31551362683438156,40.0,5.9958071278826
2023-04-11,0,0,0,0,0,0,0,0,0,0,0,0,2023,4,11,1,101,15,2,0,0,0,0.7818314824680298,0.6234898018587336,0.9859481499638304,-0.16705162550211924,0.9709418174260521,-0.2393156642875575,0.8660254037844387,-0.4999999999999998,0.0,0.0,4.0,0.0,0.0,4.0,0.0,0.0,0.0,0.0,1.1428571428571428,1.9518001458970646,8.0,4.0,0.5714285714285714,1.4525460784051265,8.0,4.0,0.9285714285714286,1.8444826922788946,26.0,6.0,0.8214285714285714,1.859688564905845,46.0,8.0,0.6785714285714286,1.6512916761298617,57.0,8.0,0.0,0.0,-4.0,954,0.279874213836478,0.16666666666666666,0.24423480083857443,0.2526205450733753,0.09538784067085954,0.31551362683438156,40.0,5.9958071278826
2023-04-12,0,0,0,0,0,0,0,0,0,0,0,0,2023,4,12,2,102,15,2,0,0,0,0.9749279121818236,-0.22252093395631434,0.9829265519799822,-0.18399835165768005,0.9709418174260521,-0.2393156642875575,0.8660254037844387,-0.4999999999999998,0.0,0.0,0.0,0.0,0.0,0.0,0.0,0.0,0.0,0.0,1.1428571428571428,1.9518001458970646,8.0,4.0,0.5714285714285714,1.4525460784051265,8.0,4.0,0.9285714285714286,1.8444826922788946,26.0,6.0,0.8214285714285714,1.859688564905845,46.0,8.0,0.6666666666666666,1.6525506633017697,56.0,8.0,0.0,0.0,0.0,954,0.279874213836478,0.16666666666666666,0.24423480083857443,0.2526205450733753,0.09538784067085954,0.31551362683438156,40.0,5.9958071278826
2023-04-13,4,0,0,0,0,0,0,0,8,0,0,0,2023,4,13,3,103,15,2,0,0,0,0.43388373911755823,-0.900968867902419,0.9796136916454901,-0.20089055513063506,0.9709418174260521,-0.2393156642875575,0.8660254037844387,-0.4999999999999998,0.0,0.0,0.0,4.0,0.0,4.0,1.3333333333333333,2.3094010767585065,4.0,4.0,1.1428571428571428,1.9518001458970646,8.0,4.0,0.8571428571428571,1.7032612545052808,12.0,4.0,0.9285714285714286,1.8444826922788946,26.0,6.0,0.8928571428571429,1.9038580106392724,50.0,8.0,0.7142857142857143,1.6903085094570338,60.0,8.0,4.0,0.0,0.0,954,0.279874213836478,0.16666666666666666,0.24423480083857443,0.2526205450733753,0.09538784067085954,0.31551362683438156,40.0,5.9958071278826
2023-04-14,0,0,0,0,0,0,0,0,0,0,0,0,2023,4,14,4,104,15,2,0,0,1,-0.433883739117558,-0.9009688679024191,0.9760105506323683,-0.21772323039653177,0.9709418174260521,-0.2393156642875575,0.8660254037844387,-0.4999999999999998,4.0,0.0,0.0,0.0,0.0,0.0,1.3333333333333333,2.3094010767585065,4.0,4.0,1.1428571428571428,1.9518001458970646,8.0,4.0,0.8571428571428571,1.7032612545052808,12.0,4.0,0.9285714285714286,1.8444826922788946,26.0,6.0,0.8928571428571429,1.9038580106392724,50.0,8.0,0.7142857142857143,1.6903085094570338,60.0,8.0,-4.0,0.0,0.0,954,0.279874213836478,0.16666666666666666,0.24423480083857443,0.2526205450733753,0.09538784067085954,0.31551362683438156,40.0,5.9958071278826
2023-04-15,0,0,0,0,0,0,0,0,0,0,0,0,2023,4,15,5,105,15,2,1,0,0,-0.9749279121818236,-0.2225209339563146,0.9721181966290613,-0.23449138957040985,0.9709418174260521,-0.2393156642875575,0.8660254037844387,-0.4999999999999998,0.0,4.0,0.0,4.0,0.0,0.0,1.3333333333333333,2.3094010767585065,4.0,4.0,0.5714285714285714,1.5118578920369063,4.0,4.0,0.8571428571428571,1.7032612545052808,12.0,4.0,0.9285714285714286,1.8444826922788946,26.0,6.0,0.8928571428571429,1.9038580106392724,50.0,8.0,0.7142857142857143,1.6903085094570338,60.0,8.0,0.0,-4.0,0.0,954,0.279874213836478,0.16666666666666666,0.24423480083857443,0.2526205450733753,0.09538784067085954,0.31551362683438156,40.0,5.9958071278826
2023-04-16,0,0,0,0,0,0,0,0,0,0,0,0,2023,4,16,6,106,15,2,1,0,0,-0.7818314824680299,0.6234898018587334,0.9679377830240642,-0.25119006388481935,0.9709418174260521,-0.2393156642875575,0.8660254037844387,-0.4999999999999998,0.0,0.0,4.0,0.0,0.0,0.0,0.0,0.0,0.0,0.0,0.5714285714285714,1.5118578920369063,4.0,4.0,0.8571428571428571,1.7032612545052808,12.0,4.0,0.9285714285714286,1.8444826922788946,26.0,6.0,0.8928571428571429,1.9038580106392724,50.0,8.0,0.7142857142857143,1.6903085094570338,60.0,8.0,0.0,0.0,0.0,954,0.279874213836478,0.16666666666666666,0.24423480083857443,0.2526205450733753,0.09538784067085954,0.31551362683438156,40.0,5.9958071278826
2023-04-17,0,0,0,0,0,0,0,0,0,0,0,0,2023,4,17,0,107,16,2,0,1,0,0.0,1.0,0.9634705485641488,-0.2678143051621742,0.9350162426854148,-0.35460488704253545,0.8660254037844387,-0.4999999999999998,0.0,0.0,0.0,0.0,0.0,4.0,0.0,0.0,0.0,0.0,0.5714285714285714,1.5118578920369063,4.0,4.0,0.8571428571428571,1.7032612545052808,12.0,4.0,0.7857142857142857,1.7502834237608664,22.0,6.0,0.8928571428571429,1.9038580106392724,50.0,8.0,0.6666666666666666,1.6525506633017697,56.0,8.0,0.0,0.0,-4.0,954,0.279874213836478,0.16666666666666666,0.24423480083857443,0.2526205450733753,0.09538784067085954,0.31551362683438156,40.0,5.9958071278826
2023-04-18,1,1,0,0,0,0,0,0,2,0,0,0,2023,4,18,1,108,16,2,0,0,0,0.7818314824680298,0.6234898018587336,0.9587178169872964,-0.2843591872810034,0.9350162426854148,-0.35460488704253545,0.8660254037844387,-0.4999999999999998,0.0,0.0,0.0,0.0,0.0,0.0,0.3333333333333333,0.5773502691896342,1.0,1.0,0.7142857142857143,1.4960264830861887,5.0,4.0,0.9285714285714286,1.685425566632755,13.0,4.0,0.8214285714285714,1.7438478405541258,23.0,6.0,0.9107142857142857,1.9000170880981408,51.0,8.0,0.6785714285714286,1.6512916761298617,57.0,8.0,1.0,1.0,1.0,954,0.279874213836478,0.16666666666666666,0.24423480083857443,0.2526205450733753,0.09538784067085954,0.31551362683438156,40.0,5.9958071278826
2023-04-19,0,0,0,0,0,0,0,0,0,0,0,0,2023,4,19,2,109,16,2,0,0,0,0.9749279121818236,-0.22252093395631434,0.9536809966304457,-0.30081980763566735,0.9350162426854148,-0.35460488704253545,0.8660254037844387,-0.4999999999999998,1.0,0.0,0.0,0.0,0.0,4.0,0.3333333333333333,0.5773502691896342,1.0,1.0,0.7142857142857143,1.4960264830861887,5.0,4.0,0.9285714285714286,1.685425566632755,13.0,4.0,0.6785714285714286,1.6342077348473534,19.0,6.0,0.9107142857142857,1.9000170880981408,51.0,8.0,0.6785714285714286,1.6512916761298617,57.0,8.0,-1.0,0.0,-4.0,954,0.279874213836478,0.16666666666666666,0.24423480083857443,0.2526205450733753,0.09538784067085954,0.31551362683438156,40.0,5.9958071278826
2023-04-20,8,0,0,0,0,0,0,0,16,0,0,0,2023,4,20,3,110,16,2,0,0,0,0.43388373911755823,-0.900968867902419,0.9483615800121715,-0.3171912885891061,0.9350162426854148,-0.35460488704253545,0.8660254037844387,-0.4999999999999998,0.0,1.0,0.0,4.0,4.0,0.0,3.0,4.358898943540677,9.0,8.0,1.2857142857142858,2.9840847683606273,9.0,8.0,1.2142857142857142,2.423556554658128,17.0,8.0,0.9642857142857143,2.1340648547391434,27.0,8.0,1.0535714285714286,2.1184869631383187,59.0,8.0,0.7738095238095238,1.8324464552817012,65.0,8.0,8.0,4.0,8.0,954,0.279874213836478,0.16666666666666666,0.24423480083857443,0.2526205450733753,0.09538784067085954,0.31551362683438156,40.0,5.9958071278826
2023-04-21,0,0,0,0,0,0,0,0,0,0,0,0,2023,4,21,4,111,16,2,0,0,1,-0.433883739117558,-0.9009688679024191,0.9427611433904207,-0.3334687789181868,0.9350162426854148,-0.35460488704253545,0.8660254037844387,-0.4999999999999998,8.0,0.0,1.0,0.0,0.0,0.0,2.6666666666666665,4.6188021535170085,8.0,8.0,1.2857142857142858,2.9840847683606273,9.0,8.0,1.2142857142857142,2.423556554658128,17.0,8.0,0.9642857142857143,2.1340648547391434,27.0,8.0,1.0535714285714286,2.1184869631383187,59.0,8.0,0.7738095238095238,1.8324464552817012,65.0,8.0,-8.0,0.0,0.0,954,0.279874213836478,0.16666666666666666,0.24423480083857443,0.2526205450733753,0.09538784067085954,0.31551362683438156,40.0,5.9958071278826
2023-04-22,0,0,0,0,0,0,0,0,0,0,0,0,2023,4,22,5,112,16,2,1,0,0,-0.9749279121818236,-0.2225209339563146,0.9368813462954315,-0.3496474552512284,0.9350162426854148,-0.35460488704253545,0.8660254037844387,-0.4999999999999998,0.0,8.0,0.0,0.0,4.0,0.0,2.6666666666666665,4.6188021535170085,8.0,8.0,1.2857142857142858,2.9840847683606273,9.0,8.0,0.9285714285714286,2.3026501693044485,13.0,8.0,0.9642857142857143,2.1340648547391434,27.0,8.0,0.9821428571428571,2.0844975102239562,55.0,8.0,0.7738095238095238,1.8324464552817012,65.0,8.0,0.0,0.0,0.0,954,0.279874213836478,0.16666666666666666,0.24423480083857443,0.2526205450733753,0.09538784067085954,0.31551362683438156,40.0,5.9958071278826
2023-04-23,0,0,0,0,0,0,0,0,0,0,0,0,2023,4,23,6,113,16,2,1,0,0,-0.7818314824680299,0.6234898018587334,0.9307239310379795,-0.36572252349726897,0.9350162426854148,-0.35460488704253545,0.8660254037844387,-0.4999999999999998,0.0,0.0,8.0,0.0,0.0,6.0,0.0,0.0,0.0,0.0,1.2857142857142858,2.9840847683606273,9.0,8.0,0.9285714285714286,2.3026501693044485,13.0,8.0,0.75,1.8978545391709682,21.0,8.0,0.9821428571428571,2.0844975102239562,55.0,8.0,0.7738095238095238,1.8324464552817012,65.0,8.0,0.0,0.0,-6.0,954,0.279874213836478,0.16666666666666666,0.24423480083857443,0.2526205450733753,0.09538784067085954,0.31551362683438156,40.0,5.9958071278826
2023-04-24,0,0,0,0,0,0,0,0,0,0,0,0,2023,4,24,0,114,17,2,0,1,0,0.0,1.0,0.9242907221930933,-0.3816892202666588,0.8854560256532099,-0.4647231720437685,0.8660254037844387,-0.4999999999999998,0.0,0.0,0.0,0.0,0.0,0.0,0.0,0.0,0.0,0.0,1.2857142857142858,2.9840847683606273,9.0,8.0,0.9285714285714286,2.3026501693044485,13.0,8.0,0.75,1.8978545391709682,21.0,8.0,0.9821428571428571,2.0844975102239562,55.0,8.0,0.7738095238095238,1.8324464552817012,65.0,8.0,0.0,0.0,0.0,954,0.279874213836478,0.16666666666666666,0.24423480083857443,0.2526205450733753,0.09538784067085954,0.31551362683438156,40.0,5.9958071278826
2023-04-25,8,0,0,0,0,0,0,0,16,0,0,0,2023,4,25,1,115,17,2,0,0,0,0.7818314824680298,0.6234898018587336,0.9175836260593937,-0.39754281428255595,0.8854560256532099,-0.4647231720437685,0.8660254037844387,-0.4999999999999998,0.0,0.0,0.0,1.0,0.0,0.0,2.6666666666666665,4.6188021535170085,8.0,8.0,2.2857142857142856,3.9036002917941324,16.0,8.0,1.5,2.9547875102567414,21.0,8.0,1.0357142857142858,2.3330498694030717,29.0,8.0,1.125,2.280849124180013,63.0,8.0,0.8690476190476191,1.9926356095392612,73.0,8.0,8.0,7.0,8.0,954,0.279874213836478,0.16666666666666666,0.24423480083857443,0.2526205450733753,0.09538784067085954,0.31551362683438156,40.0,5.9958071278826
2023-04-26,0,0,0,0,0,0,0,0,0,0,0,0,2023,4,26,2,116,17,2,0,0,0,0.9749279121818236,-0.22252093395631434,0.9106046300942162,-0.4132786077829042,0.8854560256532099,-0.4647231720437685,0.8660254037844387,-0.4999999999999998,8.0,0.0,0.0,0.0,0.0,0.0,2.6666666666666665,4.6188021535170085,8.0,8.0,2.2857142857142856,3.9036002917941324,16.0,8.0,1.5,2.9547875102567414,21.0,8.0,1.0357142857142858,2.3330498694030717,29.0,8.0,1.0535714285714286,2.251622791411829,59.0,8.0,0.8690476190476191,1.9926356095392612,73.0,8.0,-8.0,0.0,0.0,954,0.279874213836478,0.16666666666666666,0.24423480083857443,0.2526205450733753,0.09538784067085954,0.31551362683438156,40.0,5.9958071278826
2023-04-27,0,0,0,0,0,0,0,0,0,0,0,0,2023,4,27,3,117,17,2,0,0,0,0.43388373911755823,-0.900968867902419,0.9033558023246845,-0.4288919379124835,0.8854560256532099,-0.4647231720437685,0.8660254037844387,-0.4999999999999998,0.0,8.0,0.0,8.0,4.0,0.0,2.6666666666666665,4.6188021535170085,8.0,8.0,1.1428571428571428,3.0237157840738167,8.0,8.0,1.2142857142857142,2.887068553942708,17.0,8.0,1.0357142857142858,2.3330498694030717,29.0,8.0,1.0535714285714286,2.251622791411829,59.0,8.0,0.8690476190476191,1.9926356095392612,73.0,8.0,0.0,-8.0,0.0,954,0.279874213836478,0.16666666666666666,0.24423480083857443,0.2526205450733753,0.09538784067085954,0.31551362683438156,40.0,5.9958071278826
2023-04-28,4,0,0,0,0,0,0,0,8,0,0,4,2023,4,28,4,118,17,2,0,0,1,-0.433883739117558,-0.9009688679024191,0.895839290734909,-0.4443781781046132,0.8854560256532099,-0.4647231720437685,0.8660254037844387,-0.4999999999999998,0.0,0.0,8.0,0.0,0.0,0.0,1.3333333333333333,2.3094010767585074,4.0,4.0,1.7142857142857142,3.147183169877772,12.0,8.0,1.5,2.9547875102567414,21.0,8.0,1.1785714285714286,2.3890734517113437,33.0,8.0,1.125,2.280849124180013,63.0,8.0,0.8928571428571429,2.01809797810351,75.0,8.0,4.0,4.0,4.0,954,0.279874213836478,0.16666666666666666,0.24423480083857443,0.2526205450733753,0.09538784067085954,0.31551362683438156,40.0,5.9958071278826
2023-04-29,0,0,0,0,0,0,0,0,0,0,0,0,2023,4,29,5,119,17,2,1,0,0,-0.9749279121818236,-0.2225209339563146,0.8880573226294932,-0.45973273945210397,0.8854560256532099,-0.4647231720437685,0.8660254037844387,-0.4999999999999998,4.0,0.0,0.0,0.0,0.0,0.0,1.3333333333333333,2.3094010767585074,4.0,4.0,1.7142857142857142,3.147183169877772,12.0,8.0,1.5,2.9547875102567414,21.0,8.0,1.1785714285714286,2.3890734517113437,33.0,8.0,0.9821428571428571,2.0844975102239562,55.0,8.0,0.8928571428571429,2.01809797810351,75.0,8.0,-4.0,0.0,0.0,954,0.279874213836478,0.16666666666666666,0.24423480083857443,0.2526205450733753,0.09538784067085954,0.31551362683438156,40.0,5.9958071278826
2023-04-30,4,0,0,0,0,0,0,0,8,0,0,0,2023,4,30,6,120,17,2,1,0,0,-0.7818314824680299,0.6234898018587334,0.8800122039735357,-0.47495107206704995,0.8854560256532099,-0.4647231720437685,0.8660254037844387,-0.4999999999999998,0.0,4.0,0.0,0.0,0.0,0.0,2.6666666666666665,2.3094010767585087,8.0,4.0,2.2857142857142856,3.147183169877772,16.0,8.0,1.7857142857142858,2.991746889452624,25.0,8.0,1.3214285714285714,2.4351374047256917,37.0,8.0,1.0535714285714286,2.1184869631383187,59.0,8.0,0.9404761904761905,2.043804569891213,79.0,8.0,4.0,4.0,4.0,954,0.279874213836478,0.16666666666666666,0.24423480083857443,0.2526205450733753,0.09538784067085954,0.31551362683438156,40.0,5.9958071278826
2023-05-01,0,0,0,0,0,0,0,0,0,0,0,0,2023,5,1,0,121,18,2,0,1,0,0.0,1.0,0.8717063187093218,-0.4900286664290592,0.8229838658936565,-0.5680647467311557,0.49999999999999994,-0.8660254037844387,4.0,0.0,4.0,0.0,0.0,0.0,1.3333333333333333,2.3094010767585074,4.0,4.0,2.2857142857142856,3.147183169877772,16.0,8.0,1.7857142857142858,2.991746889452624,25.0,8.0,1.3214285714285714,2.4351374047256917,37.0,8.0,1.0535714285714286,2.1184869631383187,59.0,8.0,0.9404761904761905,2.043804569891213,79.0,8.0,-4.0,0.0,0.0,954,0.279874213836478,0.16666666666666666,0.24423480083857443,0.2526205450733753,0.09538784067085954,0.31551362683438156,40.0,5.9958071278826
2023-05-02,0,0,0,0,0,0,0,0,0,0,0,0,2023,5,2,1,122,18,2,0,0,0,0.7818314824680298,0.6234898018587336,0.8631421280499114,-0.5049610547215204,0.8229838658936565,-0.5680647467311557,0.49999999999999994,-0.8660254037844387,0.0,4.0,0.0,8.0,1.0,0.0,1.3333333333333333,2.3094010767585074,4.0,4.0,1.1428571428571428,1.9518001458970646,8.0,4.0,1.7142857142857142,3.0237157840738185,24.0,8.0,1.3214285714285714,2.4351374047256917,37.0,8.0,1.0535714285714286,2.1184869631383187,59.0,8.0,0.9404761904761905,2.043804569891213,79.0,8.0,0.0,-8.0,0.0,954,0.279874213836478,0.16666666666666666,0.24423480083857443,0.2526205450733753,0.09538784067085954,0.31551362683438156,40.0,5.9958071278826
2023-05-03,0,0,0,0,0,0,0,0,0,0,0,0,2023,5,3,2,123,18,2,0,0,0,0.9749279121818236,-0.22252093395631434,0.854322169749827,-0.5197438121555155,0.8229838658936565,-0.5680647467311557,0.49999999999999994,-0.8660254037844387,0.0,0.0,4.0,0.0,0.0,0.0,0.0,0.0,0.0,0.0,1.1428571428571428,1.9518001458970646,8.0,4.0,1.7142857142857142,3.0237157840738185,24.0,8.0,1.3214285714285714,2.4351374047256917,37.0,8.0,1.0535714285714286,2.1184869631383187,59.0,8.0,0.9404761904761905,2.043804569891213,79.0,8.0,0.0,0.0,0.0,954,0.279874213836478,0.16666666666666666,0.24423480083857443,0.2526205450733753,0.09538784067085954,0.31551362683438156,40.0,5.9958071278826
2023-05-04,1,0,0,0,0,0,0,0,2,0,0,0,2023,5,4,3,124,18,2,0,0,0,0.43388373911755823,-0.900968867902419,0.8452490573530633,-0.5343725582809786,0.8229838658936565,-0.5680647467311557,0.49999999999999994,-0.8660254037844387,0.0,0.0,0.0,0.0,8.0,4.0,0.3333333333333333,0.5773502691896387,1.0,1.0,1.2857142857142858,1.8898223650461343,9.0,4.0,1.2142857142857142,2.4235565546581284,17.0,8.0,1.2142857142857142,2.378252437417999,34.0,8.0,1.0714285714285714,2.1136538192269025,60.0,8.0,0.9523809523809523,2.041171184622697,80.0,8.0,1.0,1.0,-3.0,954,0.279874213836478,0.16666666666666666,0.24423480083857443,0.2526205450733753,0.09538784067085954,0.31551362683438156,40.0,5.9958071278826
2023-05-05,0,0,0,0,0,0,0,0,0,0,0,0,2023,5,5,4,125,18,2,0,0,1,-0.433883739117558,-0.9009688679024191,0.8359254794186372,-0.548842958284719,0.8229838658936565,-0.5680647467311557,0.49999999999999994,-0.8660254037844387,1.0,0.0,0.0,4.0,0.0,0.0,0.3333333333333333,0.5773502691896387,1.0,1.0,0.7142857142857143,1.4960264830861885,5.0,4.0,1.2142857142857142,2.4235565546581284,17.0,8.0,1.2142857142857142,2.378252437417999,34.0,8.0,1.0714285714285714,2.1136538192269025,60.0,8.0,0.9047619047619048,2.0157156498826594,76.0,8.0,-1.0,-4.0,0.0,954,0.279874213836478,0.16666666666666666,0.24423480083857443,0.2526205450733753,0.09538784067085954,0.31551362683438156,40.0,5.9958071278826
2023-05-06,0,0,0,0,0,0,0,0,0,0,0,0,2023,5,6,5,126,18,2,1,0,0,-0.9749279121818236,-0.2225209339563146,0.8263541987239096,-0.5631507242749186,0.8229838658936565,-0.5680647467311557,0.49999999999999994,-0.8660254037844387,0.0,1.0,0.0,0.0,0.0,4.0,0.3333333333333333,0.5773502691896387,1.0,1.0,0.7142857142857143,1.4960264830861885,5.0,4.0,1.2142857142857142,2.4235565546581284,17.0,8.0,1.0714285714285714,2.3242453403452052,30.0,8.0,1.0714285714285714,2.1136538192269025,60.0,8.0,0.9047619047619048,2.0157156498826594,76.0,8.0,0.0,0.0,-4.0,954,0.279874213836478,0.16666666666666666,0.24423480083857443,0.2526205450733753,0.09538784067085954,0.31551362683438156,40.0,5.9958071278826
2023-05-07,8,4,4,4,0,8,0,8,16,0,0,4,2023,5,7,6,127,18,2,1,0,0,-0.7818314824680299,0.6234898018587334,0.8165380514459161,-0.5772916165517272,0.8229838658936565,-0.5680647467311557,0.49999999999999994,-0.8660254037844387,0.0,0.0,1.0,4.0,0.0,0.0,2.6666666666666665,4.6188021535170085,8.0,8.0,1.2857142857142858,2.9840847683606273,9.0,8.0,1.7857142857142858,2.991746889452624,25.0,8.0,1.3571428571428572,2.6557315475985237,38.0,8.0,1.2142857142857142,2.301890809465406,68.0,8.0,1.0,2.1565255411514506,84.0,8.0,8.0,4.0,8.0,954,0.279874213836478,0.16666666666666666,0.24423480083857443,0.2526205450733753,0.09538784067085954,0.31551362683438156,40.0,5.9958071278826
2023-05-08,4,0,4,0,0,8,0,4,8,0,0,4,2023,5,8,0,128,19,2,0,1,0,0.0,1.0,0.8064799463209448,-0.5912614448635781,0.7485107481711013,-0.663122658240795,0.49999999999999994,-0.8660254037844387,8.0,0.0,0.0,0.0,0.0,0.0,4.0,4.0000000000000036,12.0,8.0,1.8571428571428572,3.0783421635988537,13.0,8.0,2.0714285714285716,2.999084109274946,29.0,8.0,1.5,2.6874192494328493,42.0,8.0,1.2857142857142858,2.3254660194877523,72.0,8.0,1.0476190476190477,2.1782316355121814,88.0,8.0,-4.0,4.0,4.0,954,0.279874213836478,0.16666666666666666,0.24423480083857443,0.2526205450733753,0.09538784067085954,0.31551362683438156,40.0,5.9958071278826
2023-05-09,0,0,0,0,0,0,0,0,0,0,0,0,2023,5,9,1,129,19,2,0,0,0,0.7818314824680298,0.6234898018587336,0.7961828637826158,-0.6050560696488488,0.7485107481711013,-0.663122658240795,0.49999999999999994,-0.8660254037844387,4.0,8.0,0.0,0.0,8.0,0.0,4.0,4.0000000000000036,12.0,8.0,1.8571428571428572,3.0783421635988537,13.0,8.0,1.5,2.5038431998091992,21.0,8.0,1.5,2.6874192494328493,42.0,8.0,1.2142857142857142,2.301890809465406,68.0,8.0,1.0476190476190477,2.1782316355121814,88.0,8.0,-4.0,0.0,0.0,954,0.279874213836478,0.16666666666666666,0.24423480083857443,0.2526205450733753,0.09538784067085954,0.31551362683438156,40.0,5.9958071278826
2023-05-10,0,0,0,0,0,0,0,0,0,0,0,0,2023,5,10,2,130,19,2,0,0,0,0.9749279121818236,-0.22252093395631434,0.7856498550787147,-0.6186714032625031,0.7485107481711013,-0.663122658240795,0.49999999999999994,-0.8660254037844387,0.0,4.0,8.0,0.0,0.0,0.0,1.3333333333333333,2.3094010767585074,4.0,4.0,1.8571428571428572,3.0783421635988537,13.0,8.0,1.5,2.5038431998091992,21.0,8.0,1.5,2.6874192494328493,42.0,8.0,1.2142857142857142,2.301890809465406,68.0,8.0,1.0476190476190477,2.1782316355121814,88.0,8.0,0.0,0.0,0.0,954,0.279874213836478,0.16666666666666666,0.24423480083857443,0.2526205450733753,0.09538784067085954,0.31551362683438156,40.0,5.9958071278826
2023-05-11,0,0,0,0,0,0,0,0,0,0,0,0,2023,5,11,3,131,19,2,0,0,0,0.43388373911755823,-0.900968867902419,0.7748840413670407,-0.6321034111873487,0.7485107481711013,-0.663122658240795,0.49999999999999994,-0.8660254037844387,0.0,0.0,4.0,1.0,0.0,4.0,0.0,0.0,0.0,0.0,1.7142857142857142,3.147183169877772,12.0,8.0,1.5,2.5038431998091992,21.0,8.0,1.3571428571428572,2.6557315475985237,38.0,8.0,1.1428571428571428,2.2757901439326043,64.0,8.0,1.0476190476190477,2.1782316355121814,88.0,8.0,0.0,-1.0,-4.0,954,0.279874213836478,0.16666666666666666,0.24423480083857443,0.2526205450733753,0.09538784067085954,0.31551362683438156,40.0,5.9958071278826
2023-05-12,0,0,0,0,0,0,0,0,0,0,0,0,2023,5,12,4,132,19,2,0,0,1,-0.433883739117558,-0.9009688679024191,0.7638886127905428,-0.6453481132295501,0.7485107481711013,-0.663122658240795,0.49999999999999994,-0.8660254037844387,0.0,0.0,0.0,0.0,4.0,0.0,0.0,0.0,0.0,0.0,1.7142857142857142,3.147183169877772,12.0,8.0,1.2142857142857142,2.423556554658128,17.0,8.0,1.3571428571428572,2.6557315475985237,38.0,8.0,1.1428571428571428,2.2757901439326043,64.0,8.0,1.0476190476190477,2.1782316355121814,88.0,8.0,0.0,0.0,0.0,954,0.279874213836478,0.16666666666666666,0.24423480083857443,0.2526205450733753,0.09538784067085954,0.31551362683438156,40.0,5.9958071278826
2023-05-13,0,0,0,0,0,0,0,0,0,0,0,0,2023,5,13,5,133,19,2,1,0,0,-0.9749279121818236,-0.2225209339563146,0.7526668275320085,-0.6584015846980488,0.7485107481711013,-0.663122658240795,0.49999999999999994,-0.8660254037844387,0.0,0.0,0.0,0.0,0.0,0.0,0.0,0.0,0.0,0.0,1.7142857142857142,3.147183169877772,12.0,8.0,1.2142857142857142,2.423556554658128,17.0,8.0,1.3571428571428572,2.6557315475985237,38.0,8.0,1.1428571428571428,2.2757901439326043,64.0,8.0,1.0476190476190477,2.1782316355121814,88.0,8.0,0.0,0.0,0.0,954,0.279874213836478,0.16666666666666666,0.24423480083857443,0.2526205450733753,0.09538784067085954,0.31551362683438156,40.0,5.9958071278826
2023-05-14,0,0,0,0,0,0,0,0,0,0,0,0,2023,5,14,6,134,19,2,1,0,0,-0.7818314824680299,0.6234898018587334,0.7412220108485958,-0.6712599575675313,0.7485107481711013,-0.663122658240795,0.49999999999999994,-0.8660254037844387,0.0,0.0,0.0,8.0,4.0,0.0,0.0,0.0,0.0,0.0,0.5714285714285714,1.511857892036907,4.0,4.0,0.9285714285714286,2.302650169304448,13.0,8.0,1.3571428571428572,2.6557315475985237,38.0,8.0,1.1428571428571428,2.2757901439326043,64.0,8.0,1.0476190476190477,2.1782316355121814,88.0,8.0,0.0,-8.0,0.0,954,0.279874213836478,0.16666666666666666,0.24423480083857443,0.2526205450733753,0.09538784067085954,0.31551362683438156,40.0,5.9958071278826
2023-05-15,0,0,0,0,0,0,0,0,0,0,0,0,2023,5,15,0,135,20,2,0,1,0,0.0,1.0,0.7295575540864875,-0.6839194216246106,0.6631226582407952,-0.7485107481711012,0.49999999999999994,-0.8660254037844387,0.0,0.0,0.0,4.0,0.0,0.0,0.0,0.0,0.0,0.0,0.0,0.0,0.0,0.0,0.9285714285714286,2.302650169304448,13.0,8.0,1.3571428571428572,2.6557315475985237,38.0,8.0,1.0714285714285714,2.2470760221564943,60.0,8.0,1.0476190476190477,2.1782316355121814,88.0,8.0,0.0,-4.0,0.0,954,0.279874213836478,0.16666666666666666,0.24423480083857443,0.2526205450733753,0.09538784067085954,0.31551362683438156,40.0,5.9958071278826
2023-05-16,1,0,0,0,0,0,0,0,2,0,0,0,2023,5,16,1,136,20,2,0,0,0,0.7818314824680298,0.6234898018587336,0.717676913675962,-0.6963762255968722,0.6631226582407952,-0.7485107481711012,0.49999999999999994,-0.8660254037844387,0.0,0.0,0.0,0.0,0.0,1.0,0.3333333333333333,0.5773502691896418,1.0,1.0,0.14285714285714285,0.37796447300921854,1.0,1.0,1.0,2.2870874995874626,14.0,8.0,1.3571428571428572,2.6557315475985237,38.0,8.0,1.0892857142857142,2.242375248090015,61.0,8.0,1.0595238095238095,2.1751675768496748,89.0,8.0,1.0,1.0,0.0,954,0.279874213836478,0.16666666666666666,0.24423480083857443,0.2526205450733753,0.09538784067085954,0.31551362683438156,40.0,5.9958071278826
2023-05-17,0,0,0,0,0,0,0,0,0,0,0,0,2023,5,17,2,137,20,2,0,0,0,0.9749279121818236,-0.22252093395631434,0.705583610107178,-0.7086266782644596,0.6631226582407952,-0.7485107481711012,0.49999999999999994,-0.8660254037844387,1.0,0.0,0.0,0.0,0.0,0.0,0.3333333333333333,0.5773502691896418,1.0,1.0,0.14285714285714285,0.37796447300921854,1.0,1.0,1.0,2.2870874995874626,14.0,8.0,1.3571428571428572,2.6557315475985237,38.0,8.0,1.0178571428571428,2.2114665757330405,57.0,8.0,1.0595238095238095,2.1751675768496748,89.0,8.0,-1.0,0.0,0.0,954,0.279874213836478,0.16666666666666666,0.24423480083857443,0.2526205450733753,0.09538784067085954,0.31551362683438156,40.0,5.9958071278826
2023-05-18,0,0,0,0,0,0,0,0,0,0,0,0,2023,5,18,3,138,20,2,0,0,0,0.43388373911755823,-0.900968867902419,0.6932812268869777,-0.7206671495538609,0.6631226582407952,-0.7485107481711012,0.49999999999999994,-0.8660254037844387,0.0,1.0,0.0,0.0,1.0,8.0,0.3333333333333333,0.5773502691896418,1.0,1.0,0.14285714285714285,0.37796447300921854,1.0,1.0,0.9285714285714286,2.302650169304448,13.0,8.0,1.0714285714285714,2.3242453403452052,30.0,8.0,1.0178571428571428,2.2114665757330405,57.0,8.0,1.0595238095238095,2.1751675768496748,89.0,8.0,0.0,0.0,-8.0,954,0.279874213836478,0.16666666666666666,0.24423480083857443,0.2526205450733753,0.09538784067085954,0.31551362683438156,40.0,5.9958071278826
2023-05-19,0,0,0,0,0,0,0,0,0,0,0,0,2023,5,19,4,139,20,2,0,0,1,-0.433883739117558,-0.9009688679024191,0.6807734094770161,-0.7324940716135789,0.6631226582407952,-0.7485107481711012,0.49999999999999994,-0.8660254037844387,0.0,0.0,1.0,0.0,0.0,0.0,0.0,0.0,0.0,0.0,0.14285714285714285,0.37796447300921854,1.0,1.0,0.9285714285714286,2.302650169304448,13.0,8.0,1.0714285714285714,2.3242453403452052,30.0,8.0,1.0178571428571428,2.2114665757330405,57.0,8.0,1.0595238095238095,2.1751675768496748,89.0,8.0,0.0,0.0,0.0,954,0.279874213836478,0.16666666666666666,0.24423480083857443,0.2526205450733753,0.09538784067085954,0.31551362683438156,40.0,5.9958071278826
2023-05-20,0,0,0,0,0,0,0,0,0,0,0,0,2023,5,20,5,140,20,2,1,0,0,-0.9749279121818236,-0.2225209339563146,0.6680638642135335,-0.7441039398713607,0.6631226582407952,-0.7485107481711012,0.49999999999999994,-0.8660254037844387,0.0,0.0,0.0,0.0,0.0,0.0,0.0,0.0,0.0,0.0,0.14285714285714285,0.37796447300921854,1.0,1.0,0.9285714285714286,2.302650169304448,13.0,8.0,1.0714285714285714,2.3242453403452052,30.0,8.0,1.0178571428571428,2.2114665757330405,57.0,8.0,1.0119047619047619,2.15369700422347,85.0,8.0,0.0,0.0,0.0,954,0.279874213836478,0.16666666666666666,0.24423480083857443,0.2526205450733753,0.09538784067085954,0.31551362683438156,40.0,5.9958071278826
2023-05-21,4,0,0,0,0,0,0,0,8,0,0,0,2023,5,21,6,141,20,2,1,0,0,-0.7818314824680299,0.6234898018587334,0.6551563572090853,-0.7554933140726803,0.6631226582407952,-0.7485107481711012,0.49999999999999994,-0.8660254037844387,0.0,0.0,0.0,0.0,8.0,0.0,1.3333333333333333,2.3094010767585074,4.0,4.0,0.7142857142857143,1.4960264830861894,5.0,4.0,0.6428571428571429,1.446860944737467,9.0,4.0,1.2142857142857142,2.378252437417999,34.0,8.0,0.9821428571428571,2.1446853672917454,55.0,8.0,1.0595238095238095,2.1751675768496748,89.0,8.0,4.0,4.0,4.0,954,0.279874213836478,0.16666666666666666,0.24423480083857443,0.2526205450733753,0.09538784067085954,0.31551362683438156,40.0,5.9958071278826
2023-05-22,0,0,0,0,0,0,0,0,0,0,0,0,2023,5,22,0,142,21,2,0,1,0,0.0,1.0,0.6420547132365637,-0.766658819300159,0.5680647467311558,-0.8229838658936564,0.49999999999999994,-0.8660254037844387,4.0,0.0,0.0,0.0,4.0,0.0,1.3333333333333333,2.3094010767585074,4.0,4.0,0.7142857142857143,1.4960264830861894,5.0,4.0,0.35714285714285715,1.0818177620697824,5.0,4.0,1.2142857142857142,2.378252437417999,34.0,8.0,0.9821428571428571,2.1446853672917454,55.0,8.0,1.0595238095238095,2.1751675768496748,89.0,8.0,-4.0,0.0,0.0,954,0.279874213836478,0.16666666666666666,0.24423480083857443,0.2526205450733753,0.09538784067085954,0.31551362683438156,40.0,5.9958071278826
2023-05-23,0,0,0,0,0,0,0,0,0,0,0,0,2023,5,23,1,143,21,2,0,0,0,0.7818314824680298,0.6234898018587336,0.6287628145958344,-0.7775971469736269,0.5680647467311558,-0.8229838658936564,0.49999999999999994,-0.8660254037844387,0.0,4.0,0.0,1.0,0.0,8.0,1.3333333333333333,2.3094010767585074,4.0,4.0,0.5714285714285714,1.511857892036907,4.0,4.0,0.35714285714285715,1.0818177620697824,5.0,4.0,0.9285714285714286,1.980059322503979,26.0,8.0,0.9821428571428571,2.1446853672917454,55.0,8.0,1.0595238095238095,2.1751675768496748,89.0,8.0,0.0,-1.0,-8.0,954,0.279874213836478,0.16666666666666666,0.24423480083857443,0.2526205450733753,0.09538784067085954,0.31551362683438156,40.0,5.9958071278826
2023-05-24,0,0,0,0,0,0,0,0,0,0,0,0,2023,5,24,2,144,21,2,0,0,0,0.9749279121818236,-0.22252093395631434,0.6152845999633276,-0.7883050558305255,0.5680647467311558,-0.8229838658936564,0.49999999999999994,-0.8660254037844387,0.0,0.0,4.0,0.0,0.0,0.0,0.0,0.0,0.0,0.0,0.5714285714285714,1.511857892036907,4.0,4.0,0.35714285714285715,1.0818177620697824,5.0,4.0,0.9285714285714286,1.980059322503979,26.0,8.0,0.9821428571428571,2.1446853672917454,55.0,8.0,1.0119047619047619,2.15369700422347,85.0,8.0,0.0,0.0,0.0,954,0.279874213836478,0.16666666666666666,0.24423480083857443,0.2526205450733753,0.09538784067085954,0.31551362683438156,40.0,5.9958071278826
2023-05-25,0,0,0,0,0,0,0,0,0,0,0,0,2023,5,25,3,145,21,2,0,0,0,0.43388373911755823,-0.900968867902419,0.6016240632249226,-0.7987793728863649,0.5680647467311558,-0.8229838658936564,0.49999999999999994,-0.8660254037844387,0.0,0.0,0.0,0.0,0.0,0.0,0.0,0.0,0.0,0.0,0.5714285714285714,1.511857892036907,4.0,4.0,0.35714285714285715,1.0818177620697824,5.0,4.0,0.9285714285714286,1.980059322503979,26.0,8.0,0.9821428571428571,2.1446853672917454,55.0,8.0,1.0119047619047619,2.15369700422347,85.0,8.0,0.0,0.0,0.0,954,0.279874213836478,0.16666666666666666,0.24423480083857443,0.2526205450733753,0.09538784067085954,0.31551362683438156,40.0,5.9958071278826
2023-05-26,0,0,0,0,0,0,0,0,0,0,0,0,2023,5,26,4,146,21,2,0,0,1,-0.433883739117558,-0.9009688679024191,0.5877852522924732,-0.8090169943749473,0.5680647467311558,-0.8229838658936564,0.49999999999999994,-0.8660254037844387,0.0,0.0,0.0,0.0,0.0,4.0,0.0,0.0,0.0,0.0,0.5714285714285714,1.511857892036907,4.0,4.0,0.35714285714285715,1.0818177620697824,5.0,4.0,0.7857142857142857,1.8926200310708376,22.0,8.0,0.9821428571428571,2.1446853672917454,55.0,8.0,1.0119047619047619,2.15369700422347,85.0,8.0,0.0,0.0,-4.0,954,0.279874213836478,0.16666666666666666,0.24423480083857443,0.2526205450733753,0.09538784067085954,0.31551362683438156,40.0,5.9958071278826
2023-05-27,0,0,0,0,0,0,0,0,0,0,0,0,2023,5,27,5,147,21,2,1,0,0,-0.9749279121818236,-0.2225209339563146,0.5737722679043246,-0.8190148866680801,0.5680647467311558,-0.8229838658936564,0.49999999999999994,-0.8660254037844387,0.0,0.0,0.0,0.0,0.0,0.0,0.0,0.0,0.0,0.0,0.5714285714285714,1.511857892036907,4.0,4.0,0.35714285714285715,1.0818177620697824,5.0,4.0,0.7857142857142857,1.8926200310708376,22.0,8.0,0.9821428571428571,2.1446853672917454,55.0,8.0,0.9166666666666666,2.013259260851822,77.0,8.0,0.0,0.0,0.0,954,0.279874213836478,0.16666666666666666,0.24423480083857443,0.2526205450733753,0.09538784067085954,0.31551362683438156,40.0,5.9958071278826
2023-05-28,0,0,0,0,0,0,0,0,0,0,0,0,2023,5,28,6,148,21,2,1,0,0,-0.7818314824680299,0.6234898018587334,0.5595892624101765,-0.8287700871745038,0.5680647467311558,-0.8229838658936564,0.49999999999999994,-0.8660254037844387,0.0,0.0,0.0,4.0,0.0,4.0,0.0,0.0,0.0,0.0,0.0,0.0,0.0,0.0,0.35714285714285715,1.0818177620697824,5.0,4.0,0.6428571428571429,1.7891501337389764,18.0,8.0,0.9821428571428571,2.1446853672917454,55.0,8.0,0.9166666666666666,2.013259260851822,77.0,8.0,0.0,-4.0,-4.0,954,0.279874213836478,0.16666666666666666,0.24423480083857443,0.2526205450733753,0.09538784067085954,0.31551362683438156,40.0,5.9958071278826
2023-05-29,0,0,0,0,0,0,0,0,0,0,0,0,2023,5,29,0,149,22,2,0,1,0,0.0,1.0,0.545240438540651,-0.8382797052177744,0.46472317204376906,-0.8854560256532096,0.49999999999999994,-0.8660254037844387,0.0,0.0,0.0,0.0,0.0,0.0,0.0,0.0,0.0,0.0,0.0,0.0,0.0,0.0,0.35714285714285715,1.0818177620697824,5.0,4.0,0.6428571428571429,1.7891501337389764,18.0,8.0,0.9821428571428571,2.1446853672917454,55.0,8.0,0.9166666666666666,2.013259260851822,77.0,8.0,0.0,0.0,0.0,954,0.279874213836478,0.16666666666666666,0.24423480083857443,0.2526205450733753,0.09538784067085954,0.31551362683438156,40.0,5.9958071278826
2023-05-30,0,0,0,0,0,0,0,0,0,0,0,0,2023,5,30,1,150,22,2,0,0,0,0.7818314824680298,0.6234898018587336,0.5307300481619334,-0.8475409228928311,0.46472317204376906,-0.8854560256532096,0.49999999999999994,-0.8660254037844387,0.0,0.0,0.0,0.0,1.0,0.0,0.0,0.0,0.0,0.0,0.0,0.0,0.0,0.0,0.2857142857142857,1.0690449676496983,4.0,4.0,0.6428571428571429,1.7891501337389764,18.0,8.0,0.9821428571428571,2.1446853672917454,55.0,8.0,0.9166666666666666,2.013259260851822,77.0,8.0,0.0,0.0,0.0,954,0.279874213836478,0.16666666666666666,0.24423480083857443,0.2526205450733753,0.09538784067085954,0.31551362683438156,40.0,5.9958071278826
2023-05-31,0,0,0,0,0,0,0,0,0,0,0,0,2023,5,31,2,151,22,2,0,0,0,0.9749279121818236,-0.22252093395631434,0.5160623910158528,-0.8565509959010036,0.46472317204376906,-0.8854560256532096,0.49999999999999994,-0.8660254037844387,0.0,0.0,0.0,0.0,0.0,0.0,0.0,0.0,0.0,0.0,0.0,0.0,0.0,0.0,0.2857142857142857,1.0690449676496983,4.0,4.0,0.6428571428571429,1.7891501337389764,18.0,8.0,0.9821428571428571,2.1446853672917454,55.0,8.0,0.9166666666666666,2.013259260851822,77.0,8.0,0.0,0.0,0.0,954,0.279874213836478,0.16666666666666666,0.24423480083857443,0.2526205450733753,0.09538784067085954,0.31551362683438156,40.0,5.9958071278826
2023-06-01,0,0,0,0,0,0,0,0,0,0,0,0,2023,6,1,3,152,22,2,0,0,0,0.43388373911755823,-0.900968867902419,0.5012418134457758,-0.865307254363206,0.46472317204376906,-0.8854560256532096,1.2246467991473532e-16,-1.0,0.0,0.0,0.0,0.0,0.0,1.0,0.0,0.0,0.0,0.0,0.0,0.0,0.0,0.0,0.2857142857142857,1.0690449676496983,4.0,4.0,0.6071428571428571,1.7917358790618265,17.0,8.0,0.9107142857142857,2.1086556313036455,51.0,8.0,0.9166666666666666,2.013259260851822,77.0,8.0,0.0,0.0,-1.0,954,0.279874213836478,0.16666666666666666,0.24423480083857443,0.2526205450733753,0.09538784067085954,0.31551362683438156,40.0,5.9958071278826
2023-06-02,0,0,0,0,0,0,0,0,0,0,0,0,2023,6,2,4,153,22,2,0,0,1,-0.433883739117558,-0.9009688679024191,0.48627270710868997,-0.8738071036110808,0.46472317204376906,-0.8854560256532096,1.2246467991473532e-16,-1.0,0.0,0.0,0.0,0.0,0.0,0.0,0.0,0.0,0.0,0.0,0.0,0.0,0.0,0.0,0.2857142857142857,1.0690449676496983,4.0,4.0,0.6071428571428571,1.7917358790618265,17.0,8.0,0.9107142857142857,2.1086556313036455,51.0,8.0,0.9166666666666666,2.013259260851822,77.0,8.0,0.0,0.0,0.0,954,0.279874213836478,0.16666666666666666,0.24423480083857443,0.2526205450733753,0.09538784067085954,0.31551362683438156,40.0,5.9958071278826
2023-06-03,0,0,0,0,0,0,0,0,0,0,0,0,2023,6,3,5,154,22,2,1,0,0,-0.9749279121818236,-0.2225209339563146,0.4711595076738638,-0.8820480249558537,0.46472317204376906,-0.8854560256532096,1.2246467991473532e-16,-1.0,0.0,0.0,0.0,0.0,0.0,0.0,0.0,0.0,0.0,0.0,0.0,0.0,0.0,0.0,0.2857142857142857,1.0690449676496983,4.0,4.0,0.6071428571428571,1.7917358790618265,17.0,8.0,0.8392857142857143,2.0694908088204236,47.0,8.0,0.9166666666666666,2.013259260851822,77.0,8.0,0.0,0.0,0.0,954,0.279874213836478,0.16666666666666666,0.24423480083857443,0.2526205450733753,0.09538784067085954,0.31551362683438156,40.0,5.9958071278826
2023-06-04,0,0,0,0,0,0,0,0,0,0,0,0,2023,6,4,6,155,22,2,1,0,0,-0.7818314824680299,0.6234898018587334,0.4559066935084588,-0.8900275764346767,0.46472317204376906,-0.8854560256532096,1.2246467991473532e-16,-1.0,0.0,0.0,0.0,0.0,4.0,8.0,0.0,0.0,0.0,0.0,0.0,0.0,0.0,0.0,0.0,0.0,0.0,0.0,0.32142857142857145,1.0559731838826973,9.0,4.0,0.8392857142857143,2.0694908088204236,47.0,8.0,0.9166666666666666,2.013259260851822,77.0,8.0,0.0,0.0,-8.0,954,0.279874213836478,0.16666666666666666,0.24423480083857443,0.2526205450733753,0.09538784067085954,0.31551362683438156,40.0,5.9958071278826
2023-06-05,0,0,0,0,0,0,0,0,0,0,0,0,2023,6,5,0,156,23,2,0,1,0,0.0,1.0,0.440518784350495,-0.8977433935342337,0.35460488704253584,-0.9350162426854147,1.2246467991473532e-16,-1.0,0.0,0.0,0.0,0.0,0.0,4.0,0.0,0.0,0.0,0.0,0.0,0.0,0.0,0.0,0.0,0.0,0.0,0.0,0.17857142857142858,0.7723735149270993,5.0,4.0,0.8392857142857143,2.0694908088204236,47.0,8.0,0.9166666666666666,2.013259260851822,77.0,8.0,0.0,0.0,-4.0,954,0.279874213836478,0.16666666666666666,0.24423480083857443,0.2526205450733753,0.09538784067085954,0.31551362683438156,40.0,5.9958071278826
2023-06-06,0,0,0,0,0,0,0,0,0,0,0,0,2023,6,6,1,157,23,2,0,0,0,0.7818314824680298,0.6234898018587336,0.42500033996955416,-0.9051931898913974,0.35460488704253584,-0.9350162426854147,1.2246467991473532e-16,-1.0,0.0,0.0,0.0,0.0,0.0,0.0,0.0,0.0,0.0,0.0,0.0,0.0,0.0,0.0,0.0,0.0,0.0,0.0,0.17857142857142858,0.7723735149270993,5.0,4.0,0.8392857142857143,2.0694908088204236,47.0,8.0,0.8690476190476191,1.986580047937091,73.0,8.0,0.0,0.0,0.0,954,0.279874213836478,0.16666666666666666,0.24423480083857443,0.2526205450733753,0.09538784067085954,0.31551362683438156,40.0,5.9958071278826
2023-06-07,4,4,0,0,0,0,0,0,8,0,0,0,2023,6,7,2,158,23,2,0,0,0,0.9749279121818236,-0.22252093395631434,0.4093559588156213,-0.9123747579707273,0.35460488704253584,-0.9350162426854147,1.2246467991473532e-16,-1.0,0.0,0.0,0.0,0.0,0.0,0.0,1.3333333333333333,2.3094010767585074,4.0,4.0,0.5714285714285714,1.511857892036907,4.0,4.0,0.2857142857142857,1.0690449676496983,4.0,4.0,0.32142857142857145,1.0559731838826971,9.0,4.0,0.9107142857142857,2.1086556313036455,51.0,8.0,0.9166666666666666,2.013259260851822,77.0,8.0,4.0,4.0,4.0,954,0.279874213836478,0.16666666666666666,0.24423480083857443,0.2526205450733753,0.09538784067085954,0.31551362683438156,40.0,5.9958071278826
2023-06-08,4,0,0,0,0,0,0,0,8,4,4,0,2023,6,8,3,159,23,2,0,0,0,0.43388373911755823,-0.900968867902419,0.39359027665646673,-0.9192859697186104,0.35460488704253584,-0.9350162426854147,1.2246467991473532e-16,-1.0,4.0,0.0,0.0,0.0,0.0,0.0,2.6666666666666665,2.309401076758508,8.0,4.0,1.1428571428571428,1.951800145897065,8.0,4.0,0.5714285714285714,1.4525460784051265,8.0,4.0,0.4642857142857143,1.2614554456142464,13.0,4.0,0.9107142857142857,2.1086556313036455,51.0,8.0,0.9166666666666666,2.013259260851822,77.0,8.0,0.0,4.0,4.0,954,0.279874213836478,0.16666666666666666,0.24423480083857443,0.2526205450733753,0.09538784067085954,0.31551362683438156,40.0,5.9958071278826
2023-06-09,0,0,0,0,0,0,0,0,0,0,0,0,2023,6,9,4,160,23,2,0,0,1,-0.433883739117558,-0.9009688679024191,0.3777079652039649,-0.9259247771938498,0.35460488704253584,-0.9350162426854147,1.2246467991473532e-16,-1.0,4.0,4.0,0.0,0.0,0.0,0.0,2.6666666666666665,2.309401076758508,8.0,4.0,1.1428571428571428,1.951800145897065,8.0,4.0,0.5714285714285714,1.4525460784051265,8.0,4.0,0.4642857142857143,1.2614554456142464,13.0,4.0,0.9107142857142857,2.1086556313036455,51.0,8.0,0.9166666666666666,2.013259260851822,77.0,8.0,-4.0,0.0,0.0,954,0.279874213836478,0.16666666666666666,0.24423480083857443,0.2526205450733753,0.09538784067085954,0.31551362683438156,40.0,5.9958071278826
2023-06-10,0,0,0,0,0,0,0,0,0,0,0,0,2023,6,10,5,161,23,2,1,0,0,-0.9749279121818236,-0.2225209339563146,0.36171373072976765,-0.9322892131745133,0.35460488704253584,-0.9350162426854147,1.2246467991473532e-16,-1.0,0.0,4.0,4.0,0.0,0.0,0.0,1.3333333333333333,2.3094010767585074,4.0,4.0,1.1428571428571428,1.951800145897065,8.0,4.0,0.5714285714285714,1.4525460784051265,8.0,4.0,0.4642857142857143,1.2614554456142464,13.0,4.0,0.9107142857142857,2.1086556313036455,51.0,8.0,0.9166666666666666,2.013259260851822,77.0,8.0,0.0,0.0,0.0,954,0.279874213836478,0.16666666666666666,0.24423480083857443,0.2526205450733753,0.09538784067085954,0.31551362683438156,40.0,5.9958071278826
2023-06-11,0,0,0,0,0,0,0,0,0,0,0,0,2023,6,11,6,162,23,2,1,0,0,-0.7818314824680299,0.6234898018587334,0.3456123126707335,-0.9383773917408641,0.35460488704253584,-0.9350162426854147,1.2246467991473532e-16,-1.0,0.0,0.0,4.0,0.0,0.0,0.0,0.0,0.0,0.0,0.0,1.1428571428571428,1.951800145897065,8.0,4.0,0.5714285714285714,1.4525460784051265,8.0,4.0,0.4642857142857143,1.2614554456142464,13.0,4.0,0.9107142857142857,2.1086556313036455,51.0,8.0,0.9166666666666666,2.013259260851822,77.0,8.0,0.0,0.0,0.0,954,0.279874213836478,0.16666666666666666,0.24423480083857443,0.2526205450733753,0.09538784067085954,0.31551362683438156,40.0,5.9958071278826
2023-06-12,4,4,0,0,0,0,0,0,8,0,0,0,2023,6,12,0,163,24,2,0,1,0,0.0,1.0,0.3294084822245304,-0.9441875088341993,0.23931566428755768,-0.970941817426052,1.2246467991473532e-16,-1.0,0.0,0.0,0.0,0.0,0.0,0.0,1.3333333333333333,2.3094010767585074,4.0,4.0,1.7142857142857142,2.1380899352993943,12.0,4.0,0.8571428571428571,1.7032612545052808,12.0,4.0,0.6071428571428571,1.423071423060793,17.0,4.0,0.9821428571428571,2.1446853672917454,55.0,8.0,0.9166666666666666,2.013259260851822,77.0,8.0,4.0,4.0,4.0,954,0.279874213836478,0.16666666666666666,0.24423480083857443,0.2526205450733753,0.09538784067085954,0.31551362683438156,40.0,5.9958071278826
2023-06-13,0,0,0,0,0,0,0,0,0,0,0,0,2023,6,13,1,164,24,2,0,0,0,0.7818314824680298,0.6234898018587336,0.3131070409358269,-0.9497178427914316,0.23931566428755768,-0.970941817426052,1.2246467991473532e-16,-1.0,4.0,0.0,0.0,0.0,0.0,1.0,1.3333333333333333,2.3094010767585074,4.0,4.0,1.7142857142857142,2.1380899352993943,12.0,4.0,0.8571428571428571,1.7032612545052808,12.0,4.0,0.5714285714285714,1.4253932901995954,16.0,4.0,0.9642857142857143,2.1486933510585264,54.0,8.0,0.9166666666666666,2.013259260851822,77.0,8.0,-4.0,0.0,-1.0,954,0.279874213836478,0.16666666666666666,0.24423480083857443,0.2526205450733753,0.09538784067085954,0.31551362683438156,40.0,5.9958071278826
2023-06-14,0,0,0,0,0,0,0,0,0,0,0,0,2023,6,14,2,165,24,2,0,0,0,0.9749279121818236,-0.22252093395631434,0.29671281927349075,-0.9549667548552551,0.23931566428755768,-0.970941817426052,1.2246467991473532e-16,-1.0,0.0,4.0,0.0,4.0,0.0,0.0,1.3333333333333333,2.3094010767585074,4.0,4.0,1.1428571428571428,1.951800145897065,8.0,4.0,0.8571428571428571,1.7032612545052808,12.0,4.0,0.5714285714285714,1.4253932901995954,16.0,4.0,0.9642857142857143,2.1486933510585264,54.0,8.0,0.8690476190476191,1.986580047937091,73.0,8.0,0.0,-4.0,0.0,954,0.279874213836478,0.16666666666666666,0.24423480083857443,0.2526205450733753,0.09538784067085954,0.31551362683438156,40.0,5.9958071278826
2023-06-15,0,0,0,0,0,0,0,0,0,0,0,0,2023,6,15,3,166,24,2,0,0,0,0.43388373911755823,-0.900968867902419,0.28023067519921585,-0.9599326896597447,0.23931566428755768,-0.970941817426052,1.2246467991473532e-16,-1.0,0.0,0.0,4.0,4.0,0.0,0.0,0.0,0.0,0.0,0.0,0.5714285714285714,1.511857892036907,4.0,4.0,0.8571428571428571,1.7032612545052808,12.0,4.0,0.5714285714285714,1.4253932901995954,16.0,4.0,0.8214285714285714,1.9269112623540858,46.0,8.0,0.8690476190476191,1.986580047937091,73.0,8.0,0.0,-4.0,0.0,954,0.279874213836478,0.16666666666666666,0.24423480083857443,0.2526205450733753,0.09538784067085954,0.31551362683438156,40.0,5.9958071278826
2023-06-16,0,0,0,0,0,0,0,0,0,0,0,0,2023,6,16,4,167,24,2,0,0,1,-0.433883739117558,-0.9009688679024191,0.26366549272800704,-0.9646141756912435,0.23931566428755768,-0.970941817426052,1.2246467991473532e-16,-1.0,0.0,0.0,0.0,0.0,0.0,0.0,0.0,0.0,0.0,0.0,0.5714285714285714,1.511857892036907,4.0,4.0,0.8571428571428571,1.7032612545052808,12.0,4.0,0.5714285714285714,1.4253932901995954,16.0,4.0,0.8214285714285714,1.9269112623540858,46.0,8.0,0.8690476190476191,1.986580047937091,73.0,8.0,0.0,0.0,0.0,954,0.279874213836478,0.16666666666666666,0.24423480083857443,0.2526205450733753,0.09538784067085954,0.31551362683438156,40.0,5.9958071278826
2023-06-17,4,0,0,0,0,4,0,4,8,0,0,0,2023,6,17,5,168,24,2,1,0,0,-0.9749279121818236,-0.2225209339563146,0.24702218048093552,-0.9690098257244062,0.23931566428755768,-0.970941817426052,1.2246467991473532e-16,-1.0,0.0,0.0,0.0,0.0,0.0,0.0,1.3333333333333333,2.3094010767585074,4.0,4.0,1.1428571428571428,1.951800145897065,8.0,4.0,1.1428571428571428,1.875228923753982,16.0,4.0,0.7142857142857143,1.5600841111499182,20.0,4.0,0.8928571428571429,1.9695737557199484,50.0,8.0,0.9166666666666666,2.013259260851822,77.0,8.0,4.0,4.0,4.0,954,0.279874213836478,0.16666666666666666,0.24423480083857443,0.2526205450733753,0.09538784067085954,0.31551362683438156,40.0,5.9958071278826
2023-06-18,4,0,4,0,0,8,0,4,12,0,0,4,2023,6,18,6,169,24,2,1,0,0,-0.7818314824680299,0.6234898018587334,0.23030567023061221,-0.9731183372332619,0.23931566428755768,-0.970941817426052,1.2246467991473532e-16,-1.0,4.0,0.0,0.0,0.0,0.0,4.0,2.6666666666666665,2.309401076758508,8.0,4.0,1.7142857142857142,2.1380899352993943,12.0,4.0,1.4285714285714286,1.9889806323953878,20.0,4.0,0.7142857142857143,1.5600841111499182,20.0,4.0,0.9642857142857143,2.00874710580126,54.0,8.0,0.8928571428571429,1.9636323432216014,75.0,8.0,0.0,4.0,0.0,954,0.279874213836478,0.16666666666666666,0.24423480083857443,0.2526205450733753,0.09538784067085954,0.31551362683438156,40.0,5.9958071278826
2023-06-19,0,0,0,0,0,0,0,0,0,0,0,0,2023,6,19,0,170,25,2,0,1,0,0.0,1.0,0.21352091543979612,-0.9769384927771817,0.12053668025532308,-0.992708874098054,1.2246467991473532e-16,-1.0,4.0,4.0,0.0,4.0,0.0,0.0,2.6666666666666665,2.309401076758508,8.0,4.0,1.1428571428571428,1.951800145897065,8.0,4.0,1.4285714285714286,1.9889806323953878,20.0,4.0,0.7142857142857143,1.5600841111499182,20.0,4.0,0.9642857142857143,2.00874710580126,54.0,8.0,0.8928571428571429,1.9636323432216014,75.0,8.0,-4.0,-4.0,0.0,954,0.279874213836478,0.16666666666666666,0.24423480083857443,0.2526205450733753,0.09538784067085954,0.31551362683438156,40.0,5.9958071278826
2023-06-20,4,4,0,4,0,0,0,0,8,0,0,0,2023,6,20,1,171,25,2,0,0,0,0.7818314824680298,0.6234898018587336,0.19667288979357647,-0.980469160361632,0.12053668025532308,-0.992708874098054,1.2246467991473532e-16,-1.0,0.0,4.0,4.0,0.0,0.0,0.0,2.6666666666666665,2.309401076758508,8.0,4.0,1.7142857142857142,2.1380899352993943,12.0,4.0,1.7142857142857142,2.0542103640523823,24.0,4.0,0.8571428571428571,1.6714217880746889,24.0,4.0,0.8928571428571429,1.8158751601920768,50.0,8.0,0.9404761904761905,1.9900426251788397,79.0,8.0,4.0,4.0,4.0,954,0.279874213836478,0.16666666666666666,0.24423480083857443,0.2526205450733753,0.09538784067085954,0.31551362683438156,40.0,5.9958071278826
2023-06-21,0,0,0,0,0,0,0,0,0,0,0,0,2023,6,21,2,172,25,2,0,0,0,0.9749279121818236,-0.22252093395631434,0.1797665857255624,-0.9837092937736097,0.12053668025532308,-0.992708874098054,1.2246467991473532e-16,-1.0,4.0,0.0,4.0,0.0,4.0,0.0,1.3333333333333333,2.3094010767585074,4.0,4.0,1.7142857142857142,2.1380899352993943,12.0,4.0,1.4285714285714286,1.9889806323953878,20.0,4.0,0.8571428571428571,1.6714217880746889,24.0,4.0,0.8928571428571429,1.8158751601920768,50.0,8.0,0.9404761904761905,1.9900426251788397,79.0,8.0,-4.0,0.0,0.0,954,0.279874213836478,0.16666666666666666,0.24423480083857443,0.2526205450733753,0.09538784067085954,0.31551362683438156,40.0,5.9958071278826
2023-06-22,0,0,0,0,0,0,0,0,0,0,0,0,2023,6,22,3,173,25,2,0,0,0,0.43388373911755823,-0.900968867902419,0.16280701293851715,-0.986657932891657,0.12053668025532308,-0.992708874098054,1.2246467991473532e-16,-1.0,0.0,4.0,0.0,0.0,4.0,0.0,1.3333333333333333,2.3094010767585074,4.0,4.0,1.7142857142857142,2.1380899352993943,12.0,4.0,1.1428571428571428,1.875228923753982,16.0,4.0,0.8571428571428571,1.6714217880746889,24.0,4.0,0.8928571428571429,1.8158751601920768,50.0,8.0,0.9404761904761905,1.9900426251788397,79.0,8.0,0.0,0.0,0.0,954,0.279874213836478,0.16666666666666666,0.24423480083857443,0.2526205450733753,0.09538784067085954,0.31551362683438156,40.0,5.9958071278826
2023-06-23,0,0,0,0,0,0,0,0,0,0,0,0,2023,6,23,4,174,25,2,0,0,1,-0.433883739117558,-0.9009688679024191,0.1457991969198751,-0.9893142039703663,0.12053668025532308,-0.992708874098054,1.2246467991473532e-16,-1.0,0.0,0.0,4.0,0.0,0.0,0.0,0.0,0.0,0.0,0.0,1.7142857142857142,2.1380899352993943,12.0,4.0,1.1428571428571428,1.875228923753982,16.0,4.0,0.8571428571428571,1.6714217880746889,24.0,4.0,0.8214285714285714,1.7695109016812625,46.0,8.0,0.9404761904761905,1.9900426251788397,79.0,8.0,0.0,0.0,0.0,954,0.279874213836478,0.16666666666666666,0.24423480083857443,0.2526205450733753,0.09538784067085954,0.31551362683438156,40.0,5.9958071278826
2023-06-24,4,0,0,0,0,8,0,4,8,0,0,0,2023,6,24,5,175,25,2,1,0,0,-0.9749279121818236,-0.2225209339563146,0.12874817745258132,-0.99167731989929,0.12053668025532308,-0.992708874098054,1.2246467991473532e-16,-1.0,0.0,0.0,0.0,4.0,0.0,0.0,1.3333333333333333,2.3094010767585074,4.0,4.0,1.7142857142857142,2.1380899352993943,12.0,4.0,1.4285714285714286,1.9889806323953878,20.0,4.0,1.0,1.7638342073763928,28.0,4.0,0.8928571428571429,1.8158751601920768,50.0,8.0,0.9880952380952381,2.014968370220511,83.0,8.0,4.0,0.0,4.0,954,0.279874213836478,0.16666666666666666,0.24423480083857443,0.2526205450733753,0.09538784067085954,0.31551362683438156,40.0,5.9958071278826
2023-06-25,0,0,0,0,0,0,0,0,0,0,0,0,2023,6,25,6,176,25,2,1,0,0,-0.7818314824680299,0.6234898018587334,0.11165900712169512,-0.993746580436178,0.12053668025532308,-0.992708874098054,1.2246467991473532e-16,-1.0,4.0,0.0,0.0,4.0,0.0,0.0,1.3333333333333333,2.3094010767585074,4.0,4.0,1.1428571428571428,1.951800145897065,8.0,4.0,1.4285714285714286,1.9889806323953878,20.0,4.0,1.0,1.7638342073763928,28.0,4.0,0.8214285714285714,1.7695109016812625,46.0,8.0,0.9880952380952381,2.014968370220511,83.0,8.0,-4.0,-4.0,0.0,954,0.279874213836478,0.16666666666666666,0.24423480083857443,0.2526205450733753,0.09538784067085954,0.31551362683438156,40.0,5.9958071278826
2023-06-26,0,0,0,0,0,0,0,0,0,0,0,0,2023,6,26,0,177,26,2,0,1,0,0.0,1.0,0.09453674981719912,-0.9955213724144752,-3.216245299353273e-16,-1.0,1.2246467991473532e-16,-1.0,0.0,4.0,0.0,0.0,4.0,0.0,1.3333333333333333,2.3094010767585074,4.0,4.0,1.1428571428571428,1.951800145897065,8.0,4.0,1.1428571428571428,1.875228923753982,16.0,4.0,1.0,1.7638342073763928,28.0,4.0,0.8214285714285714,1.7695109016812625,46.0,8.0,0.9880952380952381,2.014968370220511,83.0,8.0,0.0,0.0,0.0,954,0.279874213836478,0.16666666666666666,0.24423480083857443,0.2526205450733753,0.09538784067085954,0.31551362683438156,40.0,5.9958071278826
2023-06-27,4,0,0,4,0,0,0,0,8,0,0,0,2023,6,27,1,178,26,2,0,0,0,0.7818314824680298,0.6234898018587336,0.07738647923346301,-0.9970011699250151,-3.216245299353273e-16,-1.0,1.2246467991473532e-16,-1.0,0.0,0.0,4.0,4.0,0.0,0.0,1.3333333333333333,2.3094010767585074,4.0,4.0,1.1428571428571428,1.951800145897065,8.0,4.0,1.4285714285714286,1.9889806323953878,20.0,4.0,1.1428571428571428,1.8401748249129437,32.0,4.0,0.8928571428571429,1.8158751601920768,50.0,8.0,1.0357142857142858,2.038464036530249,87.0,8.0,4.0,0.0,4.0,954,0.279874213836478,0.16666666666666666,0.24423480083857443,0.2526205450733753,0.09538784067085954,0.31551362683438156,40.0,5.9958071278826
2023-06-28,0,0,0,0,0,0,0,0,0,0,0,0,2023,6,28,2,179,26,2,0,0,0,0.9749279121818236,-0.22252093395631434,0.06021327736579302,-0.9981855344718586,-3.216245299353273e-16,-1.0,1.2246467991473532e-16,-1.0,4.0,0.0,0.0,0.0,0.0,0.0,1.3333333333333333,2.3094010767585074,4.0,4.0,1.1428571428571428,1.951800145897065,8.0,4.0,1.4285714285714286,1.9889806323953878,20.0,4.0,1.1428571428571428,1.8401748249129437,32.0,4.0,0.8928571428571429,1.8158751601920768,50.0,8.0,1.0357142857142858,2.038464036530249,87.0,8.0,-4.0,0.0,0.0,954,0.279874213836478,0.16666666666666666,0.24423480083857443,0.2526205450733753,0.09538784067085954,0.31551362683438156,40.0,5.9958071278826
2023-06-29,0,0,0,0,0,0,0,0,0,0,0,0,2023,6,29,3,180,26,2,0,0,0,0.43388373911755823,-0.900968867902419,0.04302223300453059,-0.99907411510223,-3.216245299353273e-16,-1.0,1.2246467991473532e-16,-1.0,0.0,4.0,0.0,0.0,0.0,0.0,1.3333333333333333,2.3094010767585074,4.0,4.0,1.1428571428571428,1.951800145897065,8.0,4.0,1.4285714285714286,1.9889806323953878,20.0,4.0,1.1428571428571428,1.8401748249129437,32.0,4.0,0.875,1.819715262441803,49.0,8.0,0.9880952380952381,2.014968370220511,83.0,8.0,0.0,0.0,0.0,954,0.279874213836478,0.16666666666666666,0.24423480083857443,0.2526205450733753,0.09538784067085954,0.31551362683438156,40.0,5.9958071278826
2023-06-30,0,0,0,0,0,0,0,0,0,0,0,0,2023,6,30,4,181,26,2,0,0,1,-0.433883739117558,-0.9009688679024191,0.02581844022713308,-0.9996666485105112,-3.216245299353273e-16,-1.0,1.2246467991473532e-16,-1.0,0.0,0.0,4.0,0.0,0.0,0.0,0.0,0.0,0.0,0.0,1.1428571428571428,1.951800145897065,8.0,4.0,1.4285714285714286,1.9889806323953878,20.0,4.0,1.1428571428571428,1.8401748249129437,32.0,4.0,0.875,1.819715262441803,49.0,8.0,0.9880952380952381,2.014968370220511,83.0,8.0,0.0,0.0,0.0,954,0.279874213836478,0.16666666666666666,0.24423480083857443,0.2526205450733753,0.09538784067085954,0.31551362683438156,40.0,5.9958071278826
2023-07-01,0,0,0,0,0,0,0,0,0,0,0,0,2023,7,1,5,182,26,3,1,0,0,-0.9749279121818236,-0.2225209339563146,0.008606996888688698,-0.9999629591162655,-3.216245299353273e-16,-1.0,-0.4999999999999997,-0.8660254037844388,0.0,0.0,0.0,4.0,4.0,0.0,0.0,0.0,0.0,0.0,0.5714285714285714,1.511857892036907,4.0,4.0,1.1428571428571428,1.875228923753982,16.0,4.0,1.1428571428571428,1.8401748249129437,32.0,4.0,0.875,1.819715262441803,49.0,8.0,0.9404761904761905,1.9900426251788397,79.0,8.0,0.0,-4.0,0.0,954,0.279874213836478,0.16666666666666666,0.24423480083857443,0.2526205450733753,0.09538784067085954,0.31551362683438156,40.0,5.9958071278826
2023-07-02,0,0,0,0,0,0,0,0,0,0,0,0,2023,7,2,6,183,26,3,1,0,0,-0.7818314824680299,0.6234898018587334,-0.008606996888688009,-0.9999629591162655,-3.216245299353273e-16,-1.0,-0.4999999999999997,-0.8660254037844388,0.0,0.0,0.0,0.0,4.0,0.0,0.0,0.0,0.0,0.0,0.5714285714285714,1.511857892036907,4.0,4.0,0.8571428571428571,1.7032612545052808,12.0,4.0,1.1428571428571428,1.8401748249129437,32.0,4.0,0.7321428571428571,1.5432088343751502,41.0,4.0,0.9404761904761905,1.9900426251788397,79.0,8.0,0.0,0.0,0.0,954,0.279874213836478,0.16666666666666666,0.24423480083857443,0.2526205450733753,0.09538784067085954,0.31551362683438156,40.0,5.9958071278826
2023-07-03,0,0,0,0,0,0,0,0,0,0,0,0,2023,7,3,0,184,27,3,0,1,0,0.0,1.0,-0.02581844022713239,-0.9996666485105112,-0.12053668025532283,-0.992708874098054,-0.4999999999999997,-0.8660254037844388,0.0,0.0,0.0,0.0,0.0,0.0,0.0,0.0,0.0,0.0,0.5714285714285714,1.511857892036907,4.0,4.0,0.8571428571428571,1.7032612545052808,12.0,4.0,1.1428571428571428,1.8401748249129437,32.0,4.0,0.6607142857142857,1.4805009682141788,37.0,4.0,0.9404761904761905,1.9900426251788397,79.0,8.0,0.0,0.0,0.0,954,0.279874213836478,0.16666666666666666,0.24423480083857443,0.2526205450733753,0.09538784067085954,0.31551362683438156,40.0,5.9958071278826
2023-07-04,0,0,0,0,0,0,0,0,0,0,0,0,2023,7,4,1,185,27,3,0,0,0,0.7818314824680298,0.6234898018587336,-0.04302223300453034,-0.99907411510223,-0.12053668025532283,-0.992708874098054,-0.4999999999999997,-0.8660254037844388,0.0,0.0,0.0,4.0,4.0,0.0,0.0,0.0,0.0,0.0,0.0,0.0,0.0,0.0,0.5714285714285714,1.4525460784051265,8.0,4.0,1.1428571428571428,1.8401748249129437,32.0,4.0,0.6607142857142857,1.4805009682141788,37.0,4.0,0.9404761904761905,1.9900426251788397,79.0,8.0,0.0,-4.0,0.0,954,0.279874213836478,0.16666666666666666,0.24423480083857443,0.2526205450733753,0.09538784067085954,0.31551362683438156,40.0,5.9958071278826
2023-07-05,0,0,0,0,0,0,0,0,0,0,0,0,2023,7,5,2,186,27,3,0,0,0,0.9749279121818236,-0.22252093395631434,-0.060213277365792774,-0.9981855344718586,-0.12053668025532283,-0.992708874098054,-0.4999999999999997,-0.8660254037844388,0.0,0.0,0.0,0.0,0.0,4.0,0.0,0.0,0.0,0.0,0.0,0.0,0.0,0.0,0.5714285714285714,1.4525460784051265,8.0,4.0,1.0,1.7638342073763928,28.0,4.0,0.6607142857142857,1.4805009682141788,37.0,4.0,0.9404761904761905,1.9900426251788397,79.0,8.0,0.0,0.0,-4.0,954,0.279874213836478,0.16666666666666666,0.24423480083857443,0.2526205450733753,0.09538784067085954,0.31551362683438156,40.0,5.9958071278826
2023-07-06,0,0,0,0,0,0,0,0,0,0,0,0,2023,7,6,3,187,27,3,0,0,0,0.43388373911755823,-0.900968867902419,-0.07738647923346322,-0.9970011699250151,-0.12053668025532283,-0.992708874098054,-0.4999999999999997,-0.8660254037844388,0.0,0.0,0.0,0.0,0.0,4.0,0.0,0.0,0.0,0.0,0.0,0.0,0.0,0.0,0.5714285714285714,1.4525460784051265,8.0,4.0,0.8571428571428571,1.6714217880746889,24.0,4.0,0.6607142857142857,1.4805009682141788,37.0,4.0,0.8928571428571429,1.9636323432216014,75.0,8.0,0.0,0.0,-4.0,954,0.279874213836478,0.16666666666666666,0.24423480083857443,0.2526205450733753,0.09538784067085954,0.31551362683438156,40.0,5.9958071278826
2023-07-07,0,0,0,0,0,0,0,0,0,0,0,0,2023,7,7,4,188,27,3,0,0,1,-0.433883739117558,-0.9009688679024191,-0.09453674981719933,-0.9955213724144752,-0.12053668025532283,-0.992708874098054,-0.4999999999999997,-0.8660254037844388,0.0,0.0,0.0,0.0,0.0,0.0,0.0,0.0,0.0,0.0,0.0,0.0,0.0,0.0,0.5714285714285714,1.4525460784051265,8.0,4.0,0.8571428571428571,1.6714217880746889,24.0,4.0,0.6607142857142857,1.4805009682141788,37.0,4.0,0.8928571428571429,1.9636323432216014,75.0,8.0,0.0,0.0,0.0,954,0.279874213836478,0.16666666666666666,0.24423480083857443,0.2526205450733753,0.09538784067085954,0.31551362683438156,40.0,5.9958071278826
2023-07-08,0,0,0,0,0,0,0,0,0,0,0,0,2023,7,8,5,189,27,3,1,0,0,-0.9749279121818236,-0.2225209339563146,-0.11165900712169444,-0.9937465804361781,-0.12053668025532283,-0.992708874098054,-0.4999999999999997,-0.8660254037844388,0.0,0.0,0.0,0.0,4.0,0.0,0.0,0.0,0.0,0.0,0.0,0.0,0.0,0.0,0.2857142857142857,1.0690449676496985,4.0,4.0,0.8571428571428571,1.6714217880746889,24.0,4.0,0.6607142857142857,1.4805009682141788,37.0,4.0,0.8928571428571429,1.9636323432216014,75.0,8.0,0.0,0.0,0.0,954,0.279874213836478,0.16666666666666666,0.24423480083857443,0.2526205450733753,0.09538784067085954,0.31551362683438156,40.0,5.9958071278826
2023-07-09,0,0,0,0,0,0,0,0,0,0,0,0,2023,7,9,6,190,27,3,1,0,0,-0.7818314824680299,0.6234898018587334,-0.12874817745258066,-0.99167731989929,-0.12053668025532283,-0.992708874098054,-0.4999999999999997,-0.8660254037844388,0.0,0.0,0.0,0.0,0.0,0.0,0.0,0.0,0.0,0.0,0.0,0.0,0.0,0.0,0.2857142857142857,1.0690449676496985,4.0,4.0,0.8571428571428571,1.6714217880746889,24.0,4.0,0.6607142857142857,1.4805009682141788,37.0,4.0,0.8928571428571429,1.9636323432216014,75.0,8.0,0.0,0.0,0.0,954,0.279874213836478,0.16666666666666666,0.24423480083857443,0.2526205450733753,0.09538784067085954,0.31551362683438156,40.0,5.9958071278826
2023-07-10,0,0,0,0,0,0,0,0,0,0,0,0,2023,7,10,0,191,28,3,0,1,0,0.0,1.0,-0.14579919691987442,-0.9893142039703664,-0.23931566428755743,-0.9709418174260521,-0.4999999999999997,-0.8660254037844388,0.0,0.0,0.0,0.0,0.0,4.0,0.0,0.0,0.0,0.0,0.0,0.0,0.0,0.0,0.2857142857142857,1.0690449676496985,4.0,4.0,0.7142857142857143,1.5600841111499182,20.0,4.0,0.6607142857142857,1.4805009682141788,37.0,4.0,0.8928571428571429,1.9636323432216014,75.0,8.0,0.0,0.0,-4.0,954,0.279874213836478,0.16666666666666666,0.24423480083857443,0.2526205450733753,0.09538784067085954,0.31551362683438156,40.0,5.9958071278826
2023-07-11,0,0,0,0,0,0,0,0,0,0,0,0,2023,7,11,1,192,28,3,0,0,0,0.7818314824680298,0.6234898018587336,-0.16280701293851646,-0.9866579328916572,-0.23931566428755743,-0.9709418174260521,-0.4999999999999997,-0.8660254037844388,0.0,0.0,0.0,0.0,4.0,0.0,0.0,0.0,0.0,0.0,0.0,0.0,0.0,0.0,0.0,0.0,0.0,0.0,0.7142857142857143,1.5600841111499182,20.0,4.0,0.6428571428571429,1.4823638545925901,36.0,4.0,0.8809523809523809,1.9660048284927771,74.0,8.0,0.0,0.0,0.0,954,0.279874213836478,0.16666666666666666,0.24423480083857443,0.2526205450733753,0.09538784067085954,0.31551362683438156,40.0,5.9958071278826
2023-07-12,0,0,0,0,0,0,0,0,0,0,0,0,2023,7,12,2,193,28,3,0,0,0,0.9749279121818236,-0.22252093395631434,-0.17976658572556214,-0.9837092937736098,-0.23931566428755743,-0.9709418174260521,-0.4999999999999997,-0.8660254037844388,0.0,0.0,0.0,0.0,0.0,0.0,0.0,0.0,0.0,0.0,0.0,0.0,0.0,0.0,0.0,0.0,0.0,0.0,0.7142857142857143,1.5600841111499182,20.0,4.0,0.6428571428571429,1.4823638545925901,36.0,4.0,0.8809523809523809,1.9660048284927771,74.0,8.0,0.0,0.0,0.0,954,0.279874213836478,0.16666666666666666,0.24423480083857443,0.2526205450733753,0.09538784067085954,0.31551362683438156,40.0,5.9958071278826
2023-07-13,0,0,0,0,0,0,0,0,0,0,0,0,2023,7,13,3,194,28,3,0,0,0,0.43388373911755823,-0.900968867902419,-0.19667288979357622,-0.9804691603616321,-0.23931566428755743,-0.9709418174260521,-0.4999999999999997,-0.8660254037844388,0.0,0.0,0.0,0.0,0.0,0.0,0.0,0.0,0.0,0.0,0.0,0.0,0.0,0.0,0.0,0.0,0.0,0.0,0.7142857142857143,1.5600841111499182,20.0,4.0,0.6428571428571429,1.4823638545925901,36.0,4.0,0.7857142857142857,1.8040879187524763,66.0,8.0,0.0,0.0,0.0,954,0.279874213836478,0.16666666666666666,0.24423480083857443,0.2526205450733753,0.09538784067085954,0.31551362683438156,40.0,5.9958071278826
2023-07-14,0,0,0,0,0,0,0,0,0,0,0,0,2023,7,14,4,195,28,3,0,0,1,-0.433883739117558,-0.9009688679024191,-0.2135209154397959,-0.9769384927771817,-0.23931566428755743,-0.9709418174260521,-0.4999999999999997,-0.8660254037844388,0.0,0.0,0.0,0.0,0.0,0.0,0.0,0.0,0.0,0.0,0.0,0.0,0.0,0.0,0.0,0.0,0.0,0.0,0.7142857142857143,1.5600841111499182,20.0,4.0,0.6428571428571429,1.4823638545925901,36.0,4.0,0.7857142857142857,1.8040879187524763,66.0,8.0,0.0,0.0,0.0,954,0.279874213836478,0.16666666666666666,0.24423480083857443,0.2526205450733753,0.09538784067085954,0.31551362683438156,40.0,5.9958071278826
2023-07-15,0,0,0,0,0,0,0,0,0,0,0,0,2023,7,15,5,196,28,3,1,0,0,-0.9749279121818236,-0.2225209339563146,-0.23030567023061196,-0.973118337233262,-0.23931566428755743,-0.9709418174260521,-0.4999999999999997,-0.8660254037844388,0.0,0.0,0.0,0.0,0.0,4.0,0.0,0.0,0.0,0.0,0.0,0.0,0.0,0.0,0.0,0.0,0.0,0.0,0.5714285714285714,1.4253932901995954,16.0,4.0,0.6428571428571429,1.4823638545925901,36.0,4.0,0.7857142857142857,1.8040879187524763,66.0,8.0,0.0,0.0,-4.0,954,0.279874213836478,0.16666666666666666,0.24423480083857443,0.2526205450733753,0.09538784067085954,0.31551362683438156,40.0,5.9958071278826
2023-07-16,0,0,0,0,0,0,0,0,0,0,0,0,2023,7,16,6,197,28,3,1,0,0,-0.7818314824680299,0.6234898018587334,-0.24702218048093527,-0.9690098257244063,-0.23931566428755743,-0.9709418174260521,-0.4999999999999997,-0.8660254037844388,0.0,0.0,0.0,0.0,0.0,4.0,0.0,0.0,0.0,0.0,0.0,0.0,0.0,0.0,0.0,0.0,0.0,0.0,0.42857142857142855,1.2598815766974227,12.0,4.0,0.5714285714285714,1.4123757272076007,32.0,4.0,0.7857142857142857,1.8040879187524763,66.0,8.0,0.0,0.0,-4.0,954,0.279874213836478,0.16666666666666666,0.24423480083857443,0.2526205450733753,0.09538784067085954,0.31551362683438156,40.0,5.9958071278826
2023-07-17,0,0,0,0,0,0,0,0,0,0,0,0,2023,7,17,0,198,29,3,0,1,0,0.0,1.0,-0.2636654927280072,-0.9646141756912435,-0.3546048870425356,-0.9350162426854148,-0.4999999999999997,-0.8660254037844388,0.0,0.0,0.0,0.0,0.0,0.0,0.0,0.0,0.0,0.0,0.0,0.0,0.0,0.0,0.0,0.0,0.0,0.0,0.42857142857142855,1.2598815766974227,12.0,4.0,0.5714285714285714,1.4123757272076007,32.0,4.0,0.7857142857142857,1.8040879187524763,66.0,8.0,0.0,0.0,0.0,954,0.279874213836478,0.16666666666666666,0.24423480083857443,0.2526205450733753,0.09538784067085954,0.31551362683438156,40.0,5.9958071278826
2023-07-18,0,0,0,0,0,0,0,0,0,0,0,0,2023,7,18,1,199,29,3,0,0,0,0.7818314824680298,0.6234898018587336,-0.2802306751992161,-0.9599326896597445,-0.3546048870425356,-0.9350162426854148,-0.4999999999999997,-0.8660254037844388,0.0,0.0,0.0,0.0,0.0,4.0,0.0,0.0,0.0,0.0,0.0,0.0,0.0,0.0,0.0,0.0,0.0,0.0,0.2857142857142857,1.0490610566259224,8.0,4.0,0.5714285714285714,1.4123757272076007,32.0,4.0,0.6904761904761905,1.6204728632813008,58.0,8.0,0.0,0.0,-4.0,954,0.279874213836478,0.16666666666666666,0.24423480083857443,0.2526205450733753,0.09538784067085954,0.31551362683438156,40.0,5.9958071278826
2023-07-19,0,0,0,0,0,0,0,0,0,0,0,0,2023,7,19,2,200,29,3,0,0,0,0.9749279121818236,-0.22252093395631434,-0.2967128192734901,-0.9549667548552553,-0.3546048870425356,-0.9350162426854148,-0.4999999999999997,-0.8660254037844388,0.0,0.0,0.0,0.0,0.0,0.0,0.0,0.0,0.0,0.0,0.0,0.0,0.0,0.0,0.0,0.0,0.0,0.0,0.2857142857142857,1.0490610566259224,8.0,4.0,0.5714285714285714,1.4123757272076007,32.0,4.0,0.6904761904761905,1.6204728632813008,58.0,8.0,0.0,0.0,0.0,954,0.279874213836478,0.16666666666666666,0.24423480083857443,0.2526205450733753,0.09538784067085954,0.31551362683438156,40.0,5.9958071278826
2023-07-20,5,1,0,0,0,2,0,1,14,0,0,0,2023,7,20,3,201,29,3,0,0,0,0.43388373911755823,-0.900968867902419,-0.3131070409358267,-0.9497178427914317,-0.3546048870425356,-0.9350162426854148,-0.4999999999999997,-0.8660254037844388,0.0,0.0,0.0,0.0,0.0,0.0,1.6666666666666667,2.886751345948132,5.0,5.0,0.7142857142857143,1.8898223650461348,5.0,5.0,0.35714285714285715,1.3363062095621225,5.0,5.0,0.4642857142857143,1.3738872361173367,13.0,5.0,0.6607142857142857,1.5288353941277217,37.0,5.0,0.75,1.6853371905298755,63.0,8.0,5.0,5.0,5.0,954,0.279874213836478,0.16666666666666666,0.24423480083857443,0.2526205450733753,0.09538784067085954,0.31551362683438156,40.0,5.9958071278826
2023-07-21,1,0,0,0,0,0,0,0,2,0,0,0,2023,7,21,4,202,29,3,0,0,1,-0.433883739117558,-0.9009688679024191,-0.3294084822245302,-0.9441875088341994,-0.3546048870425356,-0.9350162426854148,-0.4999999999999997,-0.8660254037844388,5.0,0.0,0.0,0.0,0.0,0.0,2.0,2.6457513110645947,6.0,5.0,0.8571428571428571,1.8644544714716076,6.0,5.0,0.42857142857142855,1.342459609149491,6.0,5.0,0.5,1.3743685418725522,14.0,5.0,0.6785714285714286,1.5268165676232477,38.0,5.0,0.7142857142857143,1.6469865038578326,60.0,8.0,-4.0,1.0,1.0,954,0.279874213836478,0.16666666666666666,0.24423480083857443,0.2526205450733753,0.09538784067085954,0.31551362683438156,40.0,5.9958071278826
2023-07-22,0,0,0,0,0,0,0,0,0,0,0,0,2023,7,22,5,203,29,3,1,0,0,-0.9749279121818236,-0.2225209339563146,-0.3456123126707333,-0.9383773917408642,-0.3546048870425356,-0.9350162426854148,-0.4999999999999997,-0.8660254037844388,1.0,5.0,0.0,0.0,0.0,4.0,2.0,2.6457513110645947,6.0,5.0,0.8571428571428571,1.8644544714716076,6.0,5.0,0.42857142857142855,1.342459609149491,6.0,5.0,0.35714285714285715,1.193013169784986,10.0,5.0,0.6785714285714286,1.5268165676232477,38.0,5.0,0.7142857142857143,1.6469865038578326,60.0,8.0,-1.0,0.0,-4.0,954,0.279874213836478,0.16666666666666666,0.24423480083857443,0.2526205450733753,0.09538784067085954,0.31551362683438156,40.0,5.9958071278826
2023-07-23,0,0,0,0,0,0,0,0,0,0,0,0,2023,7,23,6,204,29,3,1,0,0,-0.7818314824680299,0.6234898018587334,-0.3617137307297674,-0.9322892131745134,-0.3546048870425356,-0.9350162426854148,-0.4999999999999997,-0.8660254037844388,0.0,1.0,5.0,0.0,0.0,0.0,0.3333333333333333,0.57735026918964,1.0,1.0,0.8571428571428571,1.8644544714716076,6.0,5.0,0.42857142857142855,1.342459609149491,6.0,5.0,0.35714285714285715,1.193013169784986,10.0,5.0,0.6785714285714286,1.5268165676232477,38.0,5.0,0.6666666666666666,1.6082118584086194,56.0,8.0,0.0,0.0,0.0,954,0.279874213836478,0.16666666666666666,0.24423480083857443,0.2526205450733753,0.09538784067085954,0.31551362683438156,40.0,5.9958071278826
2023-07-24,0,0,0,0,0,0,0,0,0,0,0,0,2023,7,24,0,205,30,3,0,1,0,0.0,1.0,-0.37770796520396466,-0.9259247771938499,-0.46472317204376806,-0.8854560256532101,-0.4999999999999997,-0.8660254037844388,0.0,0.0,1.0,0.0,0.0,0.0,0.0,0.0,0.0,0.0,0.8571428571428571,1.8644544714716076,6.0,5.0,0.42857142857142855,1.342459609149491,6.0,5.0,0.35714285714285715,1.193013169784986,10.0,5.0,0.6785714285714286,1.5268165676232477,38.0,5.0,0.6666666666666666,1.6082118584086194,56.0,8.0,0.0,0.0,0.0,954,0.279874213836478,0.16666666666666666,0.24423480083857443,0.2526205450733753,0.09538784067085954,0.31551362683438156,40.0,5.9958071278826
2023-07-25,0,0,0,0,0,0,0,0,0,0,0,0,2023,7,25,1,206,30,3,0,0,0,0.7818314824680298,0.6234898018587336,-0.39359027665646645,-0.9192859697186105,-0.46472317204376806,-0.8854560256532101,-0.4999999999999997,-0.8660254037844388,0.0,0.0,0.0,0.0,0.0,4.0,0.0,0.0,0.0,0.0,0.8571428571428571,1.8644544714716076,6.0,5.0,0.42857142857142855,1.342459609149491,6.0,5.0,0.21428571428571427,0.9567360740266416,6.0,5.0,0.6785714285714286,1.5268165676232477,38.0,5.0,0.6666666666666666,1.6082118584086194,56.0,8.0,0.0,0.0,-4.0,954,0.279874213836478,0.16666666666666666,0.24423480083857443,0.2526205450733753,0.09538784067085954,0.31551362683438156,40.0,5.9958071278826
2023-07-26,0,0,0,0,0,0,0,0,0,0,0,0,2023,7,26,2,207,30,3,0,0,0,0.9749279121818236,-0.22252093395631434,-0.4093559588156211,-0.9123747579707274,-0.46472317204376806,-0.8854560256532101,-0.4999999999999997,-0.8660254037844388,0.0,0.0,0.0,0.0,0.0,0.0,0.0,0.0,0.0,0.0,0.8571428571428571,1.8644544714716076,6.0,5.0,0.42857142857142855,1.342459609149491,6.0,5.0,0.21428571428571427,0.9567360740266416,6.0,5.0,0.6785714285714286,1.5268165676232477,38.0,5.0,0.6666666666666666,1.6082118584086194,56.0,8.0,0.0,0.0,0.0,954,0.279874213836478,0.16666666666666666,0.24423480083857443,0.2526205450733753,0.09538784067085954,0.31551362683438156,40.0,5.9958071278826
2023-07-27,0,0,0,0,0,0,0,0,0,0,0,0,2023,7,27,3,208,30,3,0,0,0,0.43388373911755823,-0.900968867902419,-0.42500033996955394,-0.9051931898913975,-0.46472317204376806,-0.8854560256532101,-0.4999999999999997,-0.8660254037844388,0.0,0.0,0.0,5.0,0.0,0.0,0.0,0.0,0.0,0.0,0.14285714285714285,0.37796447300921987,1.0,1.0,0.42857142857142855,1.342459609149491,6.0,5.0,0.21428571428571427,0.9567360740266416,6.0,5.0,0.6785714285714286,1.5268165676232477,38.0,5.0,0.6547619047619048,1.609415426456703,55.0,8.0,0.0,-5.0,0.0,954,0.279874213836478,0.16666666666666666,0.24423480083857443,0.2526205450733753,0.09538784067085954,0.31551362683438156,40.0,5.9958071278826
2023-07-28,0,0,0,0,0,0,0,0,0,0,0,0,2023,7,28,4,209,30,3,0,0,1,-0.433883739117558,-0.9009688679024191,-0.4405187843504952,-0.8977433935342336,-0.46472317204376806,-0.8854560256532101,-0.4999999999999997,-0.8660254037844388,0.0,0.0,0.0,1.0,0.0,0.0,0.0,0.0,0.0,0.0,0.0,0.0,0.0,0.0,0.42857142857142855,1.342459609149491,6.0,5.0,0.21428571428571427,0.9567360740266416,6.0,5.0,0.6785714285714286,1.5268165676232477,38.0,5.0,0.6547619047619048,1.609415426456703,55.0,8.0,0.0,-1.0,0.0,954,0.279874213836478,0.16666666666666666,0.24423480083857443,0.2526205450733753,0.09538784067085954,0.31551362683438156,40.0,5.9958071278826
2023-07-29,4,4,0,4,0,0,0,0,8,0,0,0,2023,7,29,5,210,30,3,1,0,0,-0.9749279121818236,-0.2225209339563146,-0.455906693508459,-0.8900275764346766,-0.46472317204376806,-0.8854560256532101,-0.4999999999999997,-0.8660254037844388,0.0,0.0,0.0,0.0,0.0,0.0,1.3333333333333333,2.3094010767585074,4.0,4.0,0.5714285714285714,1.5118578920369075,4.0,4.0,0.7142857142857143,1.637473261253045,10.0,5.0,0.35714285714285715,1.193013169784986,10.0,5.0,0.75,1.5868780098614454,42.0,5.0,0.7023809523809523,1.6485098192643959,59.0,8.0,4.0,4.0,4.0,954,0.279874213836478,0.16666666666666666,0.24423480083857443,0.2526205450733753,0.09538784067085954,0.31551362683438156,40.0,5.9958071278826
2023-07-30,4,4,0,4,0,4,0,4,12,0,0,0,2023,7,30,6,211,30,3,1,0,0,-0.7818314824680299,0.6234898018587334,-0.47115950767386394,-0.8820480249558535,-0.46472317204376806,-0.8854560256532101,-0.4999999999999997,-0.8660254037844388,4.0,0.0,0.0,0.0,0.0,0.0,2.6666666666666665,2.309401076758508,8.0,4.0,1.1428571428571428,1.9518001458970653,8.0,4.0,1.0,1.8397324220156002,14.0,5.0,0.5,1.3743685418725522,14.0,5.0,0.8214285714285714,1.641586182570138,46.0,5.0,0.6547619047619048,1.4848150882322393,55.0,5.0,0.0,4.0,4.0,954,0.279874213836478,0.16666666666666666,0.24423480083857443,0.2526205450733753,0.09538784067085954,0.31551362683438156,40.0,5.9958071278826
2023-07-31,0,0,0,0,0,0,0,0,0,0,0,0,2023,7,31,0,212,31,3,0,1,0,0.0,1.0,-0.4862727071086902,-0.8738071036110807,-0.5680647467311556,-0.8229838658936566,-0.4999999999999997,-0.8660254037844388,4.0,4.0,0.0,0.0,0.0,0.0,2.6666666666666665,2.309401076758508,8.0,4.0,1.1428571428571428,1.9518001458970653,8.0,4.0,1.0,1.8397324220156002,14.0,5.0,0.5,1.3743685418725522,14.0,5.0,0.8214285714285714,1.641586182570138,46.0,5.0,0.6071428571428571,1.4396942207376797,51.0,5.0,-4.0,0.0,0.0,954,0.279874213836478,0.16666666666666666,0.24423480083857443,0.2526205450733753,0.09538784067085954,0.31551362683438156,40.0,5.9958071278826
2023-08-01,0,0,0,0,0,0,0,0,0,0,0,0,2023,8,1,1,213,31,3,0,0,0,0.7818314824680298,0.6234898018587336,-0.5012418134457756,-0.8653072543632061,-0.5680647467311556,-0.8229838658936566,-0.8660254037844385,-0.5000000000000004,0.0,4.0,4.0,0.0,0.0,0.0,1.3333333333333333,2.3094010767585065,4.0,4.0,1.1428571428571428,1.9518001458970653,8.0,4.0,1.0,1.8397324220156002,14.0,5.0,0.5,1.3743685418725522,14.0,5.0,0.8214285714285714,1.641586182570138,46.0,5.0,0.6071428571428571,1.4396942207376797,51.0,5.0,0.0,0.0,0.0,954,0.279874213836478,0.16666666666666666,0.24423480083857443,0.2526205450733753,0.09538784067085954,0.31551362683438156,40.0,5.9958071278826
2023-08-02,0,0,0,0,0,0,0,0,0,0,0,0,2023,8,2,2,214,31,3,0,0,0,0.9749279121818236,-0.22252093395631434,-0.5160623910158526,-0.8565509959010037,-0.5680647467311556,-0.8229838658936566,-0.8660254037844385,-0.5000000000000004,0.0,0.0,4.0,0.0,0.0,0.0,0.0,0.0,0.0,0.0,1.1428571428571428,1.9518001458970653,8.0,4.0,1.0,1.8397324220156002,14.0,5.0,0.5,1.3743685418725522,14.0,5.0,0.75,1.5868780098614454,42.0,5.0,0.6071428571428571,1.4396942207376797,51.0,5.0,0.0,0.0,0.0,954,0.279874213836478,0.16666666666666666,0.24423480083857443,0.2526205450733753,0.09538784067085954,0.31551362683438156,40.0,5.9958071278826
2023-08-03,0,0,0,0,0,0,0,0,0,0,0,0,2023,8,3,3,215,31,3,0,0,0,0.43388373911755823,-0.900968867902419,-0.5307300481619331,-0.8475409228928312,-0.5680647467311556,-0.8229838658936566,-0.8660254037844385,-0.5000000000000004,0.0,0.0,0.0,0.0,5.0,0.0,0.0,0.0,0.0,0.0,1.1428571428571428,1.9518001458970653,8.0,4.0,0.6428571428571429,1.446860944737467,9.0,4.0,0.5,1.3743685418725522,14.0,5.0,0.6785714285714286,1.5268165676232477,38.0,5.0,0.6071428571428571,1.4396942207376797,51.0,5.0,0.0,0.0,0.0,954,0.279874213836478,0.16666666666666666,0.24423480083857443,0.2526205450733753,0.09538784067085954,0.31551362683438156,40.0,5.9958071278826
2023-08-04,0,0,0,0,0,0,0,0,0,0,0,0,2023,8,4,4,216,31,3,0,0,1,-0.433883739117558,-0.9009688679024191,-0.5452404385406507,-0.8382797052177745,-0.5680647467311556,-0.8229838658936566,-0.8660254037844385,-0.5000000000000004,0.0,0.0,0.0,0.0,1.0,0.0,0.0,0.0,0.0,0.0,1.1428571428571428,1.9518001458970653,8.0,4.0,0.5714285714285714,1.4525460784051263,8.0,4.0,0.5,1.3743685418725522,14.0,5.0,0.6785714285714286,1.5268165676232477,38.0,5.0,0.6071428571428571,1.4396942207376797,51.0,5.0,0.0,0.0,0.0,954,0.279874213836478,0.16666666666666666,0.24423480083857443,0.2526205450733753,0.09538784067085954,0.31551362683438156,40.0,5.9958071278826
2023-08-05,0,0,0,0,0,0,0,0,0,0,0,0,2023,8,5,5,217,31,3,1,0,0,-0.9749279121818236,-0.2225209339563146,-0.5595892624101763,-0.828770087174504,-0.5680647467311556,-0.8229838658936566,-0.8660254037844385,-0.5000000000000004,0.0,0.0,0.0,4.0,0.0,0.0,0.0,0.0,0.0,0.0,0.5714285714285714,1.5118578920369072,4.0,4.0,0.5714285714285714,1.4525460784051263,8.0,4.0,0.5,1.3743685418725522,14.0,5.0,0.6785714285714286,1.5268165676232477,38.0,5.0,0.6071428571428571,1.4396942207376797,51.0,5.0,0.0,-4.0,0.0,954,0.279874213836478,0.16666666666666666,0.24423480083857443,0.2526205450733753,0.09538784067085954,0.31551362683438156,40.0,5.9958071278826
2023-08-06,0,0,0,0,0,0,0,0,0,0,0,0,2023,8,6,6,218,31,3,1,0,0,-0.7818314824680299,0.6234898018587334,-0.5737722679043243,-0.8190148866680802,-0.5680647467311556,-0.8229838658936566,-0.8660254037844385,-0.5000000000000004,0.0,0.0,0.0,4.0,0.0,0.0,0.0,0.0,0.0,0.0,0.0,0.0,0.0,0.0,0.5714285714285714,1.4525460784051263,8.0,4.0,0.5,1.3743685418725522,14.0,5.0,0.6785714285714286,1.5268165676232477,38.0,5.0,0.6071428571428571,1.4396942207376797,51.0,5.0,0.0,-4.0,0.0,954,0.279874213836478,0.16666666666666666,0.24423480083857443,0.2526205450733753,0.09538784067085954,0.31551362683438156,40.0,5.9958071278826
2023-08-07,0,0,0,0,0,0,0,0,0,0,0,0,2023,8,7,0,219,32,3,0,1,0,0.0,1.0,-0.5877852522924734,-0.8090169943749472,-0.663122658240795,-0.7485107481711013,-0.8660254037844385,-0.5000000000000004,0.0,0.0,0.0,0.0,0.0,0.0,0.0,0.0,0.0,0.0,0.0,0.0,0.0,0.0,0.5714285714285714,1.4525460784051263,8.0,4.0,0.5,1.3743685418725522,14.0,5.0,0.6071428571428571,1.4607416724959406,34.0,5.0,0.6071428571428571,1.4396942207376797,51.0,5.0,0.0,0.0,0.0,954,0.279874213836478,0.16666666666666666,0.24423480083857443,0.2526205450733753,0.09538784067085954,0.31551362683438156,40.0,5.9958071278826
2023-08-08,0,0,0,0,0,0,0,0,0,0,0,0,2023,8,8,1,220,32,3,0,0,0,0.7818314824680298,0.6234898018587336,-0.6016240632249227,-0.7987793728863648,-0.663122658240795,-0.7485107481711013,-0.8660254037844385,-0.5000000000000004,0.0,0.0,0.0,0.0,0.0,0.0,0.0,0.0,0.0,0.0,0.0,0.0,0.0,0.0,0.5714285714285714,1.4525460784051263,8.0,4.0,0.5,1.3743685418725522,14.0,5.0,0.6071428571428571,1.4607416724959406,34.0,5.0,0.5952380952380952,1.4405407921863775,50.0,5.0,0.0,0.0,0.0,954,0.279874213836478,0.16666666666666666,0.24423480083857443,0.2526205450733753,0.09538784067085954,0.31551362683438156,40.0,5.9958071278826
2023-08-09,0,0,0,0,0,0,0,0,0,0,0,0,2023,8,9,2,221,32,3,0,0,0,0.9749279121818236,-0.22252093395631434,-0.6152845999633277,-0.7883050558305253,-0.663122658240795,-0.7485107481711013,-0.8660254037844385,-0.5000000000000004,0.0,0.0,0.0,0.0,0.0,0.0,0.0,0.0,0.0,0.0,0.0,0.0,0.0,0.0,0.5714285714285714,1.4525460784051263,8.0,4.0,0.5,1.3743685418725522,14.0,5.0,0.6071428571428571,1.4607416724959406,34.0,5.0,0.5952380952380952,1.4405407921863775,50.0,5.0,0.0,0.0,0.0,954,0.279874213836478,0.16666666666666666,0.24423480083857443,0.2526205450733753,0.09538784067085954,0.31551362683438156,40.0,5.9958071278826
2023-08-10,0,0,0,0,0,0,0,0,0,0,0,0,2023,8,10,3,222,32,3,0,0,0,0.43388373911755823,-0.900968867902419,-0.6287628145958345,-0.7775971469736268,-0.663122658240795,-0.7485107481711013,-0.8660254037844385,-0.5000000000000004,0.0,0.0,0.0,0.0,0.0,0.0,0.0,0.0,0.0,0.0,0.0,0.0,0.0,0.0,0.5714285714285714,1.4525460784051263,8.0,4.0,0.5,1.3743685418725522,14.0,5.0,0.6071428571428571,1.4607416724959406,34.0,5.0,0.5952380952380952,1.4405407921863775,50.0,5.0,0.0,0.0,0.0,954,0.279874213836478,0.16666666666666666,0.24423480083857443,0.2526205450733753,0.09538784067085954,0.31551362683438156,40.0,5.9958071278826
2023-08-11,0,0,0,0,0,0,0,0,0,0,0,0,2023,8,11,4,223,32,3,0,0,1,-0.433883739117558,-0.9009688679024191,-0.6420547132365636,-0.7666588193001592,-0.663122658240795,-0.7485107481711013,-0.8660254037844385,-0.5000000000000004,0.0,0.0,0.0,0.0,0.0,0.0,0.0,0.0,0.0,0.0,0.0,0.0,0.0,0.0,0.5714285714285714,1.4525460784051263,8.0,4.0,0.5,1.3743685418725522,14.0,5.0,0.6071428571428571,1.4607416724959406,34.0,5.0,0.5952380952380952,1.4405407921863775,50.0,5.0,0.0,0.0,0.0,954,0.279874213836478,0.16666666666666666,0.24423480083857443,0.2526205450733753,0.09538784067085954,0.31551362683438156,40.0,5.9958071278826
2023-08-12,0,0,0,0,0,0,0,0,0,0,0,0,2023,8,12,5,224,32,3,1,0,0,-0.9749279121818236,-0.2225209339563146,-0.655156357209085,-0.7554933140726804,-0.663122658240795,-0.7485107481711013,-0.8660254037844385,-0.5000000000000004,0.0,0.0,0.0,0.0,4.0,0.0,0.0,0.0,0.0,0.0,0.0,0.0,0.0,0.0,0.2857142857142857,1.0690449676496983,4.0,4.0,0.5,1.3743685418725522,14.0,5.0,0.5357142857142857,1.3877946627559965,30.0,5.0,0.5952380952380952,1.4405407921863775,50.0,5.0,0.0,0.0,0.0,954,0.279874213836478,0.16666666666666666,0.24423480083857443,0.2526205450733753,0.09538784067085954,0.31551362683438156,40.0,5.9958071278826
2023-08-13,0,0,0,0,0,0,0,0,0,0,0,0,2023,8,13,6,225,32,3,1,0,0,-0.7818314824680299,0.6234898018587334,-0.6680638642135333,-0.7441039398713608,-0.663122658240795,-0.7485107481711013,-0.8660254037844385,-0.5000000000000004,0.0,0.0,0.0,0.0,4.0,0.0,0.0,0.0,0.0,0.0,0.0,0.0,0.0,0.0,0.0,0.0,0.0,0.0,0.5,1.3743685418725522,14.0,5.0,0.4642857142857143,1.3068252399583549,26.0,5.0,0.5476190476190477,1.3919282101758772,46.0,5.0,0.0,0.0,0.0,954,0.279874213836478,0.16666666666666666,0.24423480083857443,0.2526205450733753,0.09538784067085954,0.31551362683438156,40.0,5.9958071278826
2023-08-14,0,0,0,0,0,0,0,0,0,0,0,0,2023,8,14,0,226,33,3,0,1,0,0.0,1.0,-0.6807734094770159,-0.7324940716135792,-0.7485107481711011,-0.6631226582407952,-0.8660254037844385,-0.5000000000000004,0.0,0.0,0.0,0.0,0.0,0.0,0.0,0.0,0.0,0.0,0.0,0.0,0.0,0.0,0.0,0.0,0.0,0.0,0.5,1.3743685418725522,14.0,5.0,0.4642857142857143,1.3068252399583549,26.0,5.0,0.5476190476190477,1.3919282101758772,46.0,5.0,0.0,0.0,0.0,954,0.279874213836478,0.16666666666666666,0.24423480083857443,0.2526205450733753,0.09538784067085954,0.31551362683438156,40.0,5.9958071278826
2023-08-15,0,0,0,0,0,0,0,0,0,0,0,0,2023,8,15,1,227,33,3,0,0,0,0.7818314824680298,0.6234898018587336,-0.6932812268869771,-0.7206671495538615,-0.7485107481711011,-0.6631226582407952,-0.8660254037844385,-0.5000000000000004,0.0,0.0,0.0,0.0,0.0,0.0,0.0,0.0,0.0,0.0,0.0,0.0,0.0,0.0,0.0,0.0,0.0,0.0,0.5,1.3743685418725522,14.0,5.0,0.39285714285714285,1.2162322061270963,22.0,5.0,0.5476190476190477,1.3919282101758772,46.0,5.0,0.0,0.0,0.0,954,0.279874213836478,0.16666666666666666,0.24423480083857443,0.2526205450733753,0.09538784067085954,0.31551362683438156,40.0,5.9958071278826
2023-08-16,4,4,0,4,0,0,0,0,8,0,0,0,2023,8,16,2,228,33,3,0,0,0,0.9749279121818236,-0.22252093395631434,-0.7055836101071774,-0.70862667826446,-0.7485107481711011,-0.6631226582407952,-0.8660254037844385,-0.5000000000000004,0.0,0.0,0.0,0.0,0.0,0.0,1.3333333333333333,2.3094010767585065,4.0,4.0,0.5714285714285714,1.5118578920369072,4.0,4.0,0.2857142857142857,1.0690449676496983,4.0,4.0,0.6428571428571429,1.5205818991982343,18.0,5.0,0.4642857142857143,1.3068252399583549,26.0,5.0,0.5952380952380952,1.4405407921863775,50.0,5.0,4.0,4.0,4.0,954,0.279874213836478,0.16666666666666666,0.24423480083857443,0.2526205450733753,0.09538784067085954,0.31551362683438156,40.0,5.9958071278826
2023-08-17,0,0,0,0,0,0,0,0,0,0,0,0,2023,8,17,3,229,33,3,0,0,0,0.43388373911755823,-0.900968867902419,-0.7176769136759615,-0.6963762255968726,-0.7485107481711011,-0.6631226582407952,-0.8660254037844385,-0.5000000000000004,4.0,0.0,0.0,0.0,0.0,5.0,1.3333333333333333,2.3094010767585065,4.0,4.0,0.5714285714285714,1.5118578920369072,4.0,4.0,0.2857142857142857,1.0690449676496983,4.0,4.0,0.4642857142857143,1.2614554456142468,13.0,4.0,0.4642857142857143,1.3068252399583549,26.0,5.0,0.5952380952380952,1.4405407921863775,50.0,5.0,-4.0,0.0,-5.0,954,0.279874213836478,0.16666666666666666,0.24423480083857443,0.2526205450733753,0.09538784067085954,0.31551362683438156,40.0,5.9958071278826
2023-08-18,0,0,0,0,0,0,0,0,0,0,0,0,2023,8,18,4,230,33,3,0,0,1,-0.433883739117558,-0.9009688679024191,-0.7295575540864876,-0.6839194216246105,-0.7485107481711011,-0.6631226582407952,-0.8660254037844385,-0.5000000000000004,0.0,4.0,0.0,0.0,0.0,1.0,1.3333333333333333,2.3094010767585065,4.0,4.0,0.5714285714285714,1.5118578920369072,4.0,4.0,0.2857142857142857,1.0690449676496983,4.0,4.0,0.42857142857142855,1.2598815766974227,12.0,4.0,0.4642857142857143,1.3068252399583549,26.0,5.0,0.5952380952380952,1.4405407921863775,50.0,5.0,0.0,0.0,-1.0,954,0.279874213836478,0.16666666666666666,0.24423480083857443,0.2526205450733753,0.09538784067085954,0.31551362683438156,40.0,5.9958071278826
2023-08-19,4,0,0,0,0,12,0,4,8,0,0,0,2023,8,19,5,231,33,3,1,0,0,-0.9749279121818236,-0.2225209339563146,-0.7412220108485957,-0.6712599575675315,-0.7485107481711011,-0.6631226582407952,-0.8660254037844385,-0.5000000000000004,0.0,0.0,4.0,0.0,0.0,0.0,1.3333333333333333,2.3094010767585065,4.0,4.0,1.1428571428571428,1.9518001458970653,8.0,4.0,0.5714285714285714,1.4525460784051263,8.0,4.0,0.5714285714285714,1.4253932901995954,16.0,4.0,0.4642857142857143,1.3068252399583549,26.0,5.0,0.6428571428571429,1.4860220785372515,54.0,5.0,4.0,4.0,4.0,954,0.279874213836478,0.16666666666666666,0.24423480083857443,0.2526205450733753,0.09538784067085954,0.31551362683438156,40.0,5.9958071278826
2023-08-20,0,0,0,0,0,0,0,0,0,0,0,0,2023,8,20,6,232,33,3,1,0,0,-0.7818314824680299,0.6234898018587334,-0.7526668275320083,-0.6584015846980489,-0.7485107481711011,-0.6631226582407952,-0.8660254037844385,-0.5000000000000004,4.0,0.0,0.0,0.0,0.0,0.0,1.3333333333333333,2.3094010767585065,4.0,4.0,1.1428571428571428,1.9518001458970653,8.0,4.0,0.5714285714285714,1.4525460784051263,8.0,4.0,0.5714285714285714,1.4253932901995954,16.0,4.0,0.4642857142857143,1.3068252399583549,26.0,5.0,0.6428571428571429,1.4860220785372515,54.0,5.0,-4.0,0.0,0.0,954,0.279874213836478,0.16666666666666666,0.24423480083857443,0.2526205450733753,0.09538784067085954,0.31551362683438156,40.0,5.9958071278826
2023-08-21,0,0,0,0,0,0,0,0,0,0,0,0,2023,8,21,0,233,34,3,0,1,0,0.0,1.0,-0.7638886127905429,-0.64534811322955,-0.8229838658936564,-0.5680647467311559,-0.8660254037844385,-0.5000000000000004,0.0,4.0,0.0,0.0,0.0,0.0,1.3333333333333333,2.3094010767585065,4.0,4.0,1.1428571428571428,1.9518001458970653,8.0,4.0,0.5714285714285714,1.4525460784051263,8.0,4.0,0.5714285714285714,1.4253932901995954,16.0,4.0,0.4642857142857143,1.3068252399583549,26.0,5.0,0.6428571428571429,1.4860220785372515,54.0,5.0,0.0,0.0,0.0,954,0.279874213836478,0.16666666666666666,0.24423480083857443,0.2526205450733753,0.09538784067085954,0.31551362683438156,40.0,5.9958071278826
2023-08-22,1,1,0,1,0,0,0,0,2,0,0,0,2023,8,22,1,234,34,3,0,0,0,0.7818314824680298,0.6234898018587336,-0.7748840413670406,-0.6321034111873488,-0.8229838658936564,-0.5680647467311559,-0.8660254037844385,-0.5000000000000004,0.0,0.0,4.0,0.0,0.0,0.0,0.3333333333333333,0.5773502691896348,1.0,1.0,1.2857142857142858,1.8898223650461352,9.0,4.0,0.6428571428571429,1.446860944737467,9.0,4.0,0.6071428571428571,1.4230714230607935,17.0,4.0,0.4107142857142857,1.2176995556343986,23.0,5.0,0.6547619047619048,1.4848150882322393,55.0,5.0,1.0,1.0,1.0,954,0.279874213836478,0.16666666666666666,0.24423480083857443,0.2526205450733753,0.09538784067085954,0.31551362683438156,40.0,5.9958071278826
2023-08-23,0,0,0,0,0,0,0,0,0,0,0,0,2023,8,23,2,235,34,3,0,0,0,0.9749279121818236,-0.22252093395631434,-0.7856498550787144,-0.6186714032625032,-0.8229838658936564,-0.5680647467311559,-0.8660254037844385,-0.5000000000000004,1.0,0.0,0.0,4.0,0.0,0.0,0.3333333333333333,0.5773502691896348,1.0,1.0,0.7142857142857143,1.49602648308619,5.0,4.0,0.6428571428571429,1.446860944737467,9.0,4.0,0.6071428571428571,1.4230714230607935,17.0,4.0,0.4107142857142857,1.2176995556343986,23.0,5.0,0.6547619047619048,1.4848150882322393,55.0,5.0,-1.0,-4.0,0.0,954,0.279874213836478,0.16666666666666666,0.24423480083857443,0.2526205450733753,0.09538784067085954,0.31551362683438156,40.0,5.9958071278826
2023-08-24,0,0,0,0,0,0,0,0,0,0,0,0,2023,8,24,3,236,34,3,0,0,0,0.43388373911755823,-0.900968867902419,-0.7961828637826154,-0.6050560696488494,-0.8229838658936564,-0.5680647467311559,-0.8660254037844385,-0.5000000000000004,0.0,1.0,0.0,0.0,0.0,0.0,0.3333333333333333,0.5773502691896348,1.0,1.0,0.7142857142857143,1.49602648308619,5.0,4.0,0.6428571428571429,1.446860944737467,9.0,4.0,0.6071428571428571,1.4230714230607935,17.0,4.0,0.4107142857142857,1.2176995556343986,23.0,5.0,0.6547619047619048,1.4848150882322393,55.0,5.0,0.0,0.0,0.0,954,0.279874213836478,0.16666666666666666,0.24423480083857443,0.2526205450733753,0.09538784067085954,0.31551362683438156,40.0,5.9958071278826
2023-08-25,0,0,0,0,0,0,0,0,0,0,0,0,2023,8,25,4,237,34,3,0,0,1,-0.433883739117558,-0.9009688679024191,-0.8064799463209447,-0.5912614448635782,-0.8229838658936564,-0.5680647467311559,-0.8660254037844385,-0.5000000000000004,0.0,0.0,1.0,0.0,0.0,0.0,0.0,0.0,0.0,0.0,0.7142857142857143,1.49602648308619,5.0,4.0,0.6428571428571429,1.446860944737467,9.0,4.0,0.6071428571428571,1.4230714230607935,17.0,4.0,0.4107142857142857,1.2176995556343986,23.0,5.0,0.6547619047619048,1.4848150882322393,55.0,5.0,0.0,0.0,0.0,954,0.279874213836478,0.16666666666666666,0.24423480083857443,0.2526205450733753,0.09538784067085954,0.31551362683438156,40.0,5.9958071278826
2023-08-26,0,0,0,0,0,0,0,0,0,0,0,0,2023,8,26,5,238,34,3,1,0,0,-0.9749279121818236,-0.2225209339563146,-0.8165380514459157,-0.5772916165517278,-0.8229838658936564,-0.5680647467311559,-0.8660254037844385,-0.5000000000000004,0.0,0.0,0.0,4.0,0.0,4.0,0.0,0.0,0.0,0.0,0.14285714285714285,0.3779644730092214,1.0,1.0,0.6428571428571429,1.446860944737467,9.0,4.0,0.4642857142857143,1.2614554456142468,13.0,4.0,0.4107142857142857,1.2176995556343986,23.0,5.0,0.6547619047619048,1.4848150882322393,55.0,5.0,0.0,-4.0,-4.0,954,0.279874213836478,0.16666666666666666,0.24423480083857443,0.2526205450733753,0.09538784067085954,0.31551362683438156,40.0,5.9958071278826
2023-08-27,0,0,0,0,0,0,0,0,0,0,0,0,2023,8,27,6,239,34,3,1,0,0,-0.7818314824680299,0.6234898018587334,-0.8263541987239094,-0.5631507242749187,-0.8229838658936564,-0.5680647467311559,-0.8660254037844385,-0.5000000000000004,0.0,0.0,0.0,0.0,0.0,4.0,0.0,0.0,0.0,0.0,0.14285714285714285,0.3779644730092214,1.0,1.0,0.6428571428571429,1.446860944737467,9.0,4.0,0.32142857142857145,1.0559731838826978,9.0,4.0,0.4107142857142857,1.2176995556343986,23.0,5.0,0.6547619047619048,1.4848150882322393,55.0,5.0,0.0,0.0,-4.0,954,0.279874213836478,0.16666666666666666,0.24423480083857443,0.2526205450733753,0.09538784067085954,0.31551362683438156,40.0,5.9958071278826
2023-08-28,0,0,0,0,0,0,0,0,0,0,0,0,2023,8,28,0,240,35,3,0,1,0,0.0,1.0,-0.8359254794186365,-0.5488429582847199,-0.8854560256532096,-0.4647231720437691,-0.8660254037844385,-0.5000000000000004,0.0,0.0,0.0,0.0,0.0,0.0,0.0,0.0,0.0,0.0,0.14285714285714285,0.3779644730092214,1.0,1.0,0.6428571428571429,1.446860944737467,9.0,4.0,0.32142857142857145,1.0559731838826978,9.0,4.0,0.4107142857142857,1.2176995556343986,23.0,5.0,0.6547619047619048,1.4848150882322393,55.0,5.0,0.0,0.0,0.0,954,0.279874213836478,0.16666666666666666,0.24423480083857443,0.2526205450733753,0.09538784067085954,0.31551362683438156,40.0,5.9958071278826
2023-08-29,0,0,0,0,0,0,0,0,0,0,0,0,2023,8,29,1,241,35,3,0,0,0,0.7818314824680298,0.6234898018587336,-0.8452490573530634,-0.5343725582809785,-0.8854560256532096,-0.4647231720437691,-0.8660254037844385,-0.5000000000000004,0.0,0.0,0.0,1.0,0.0,0.0,0.0,0.0,0.0,0.0,0.0,0.0,0.0,0.0,0.6428571428571429,1.446860944737467,9.0,4.0,0.32142857142857145,1.0559731838826978,9.0,4.0,0.4107142857142857,1.2176995556343986,23.0,5.0,0.6547619047619048,1.4848150882322393,55.0,5.0,0.0,-1.0,0.0,954,0.279874213836478,0.16666666666666666,0.24423480083857443,0.2526205450733753,0.09538784067085954,0.31551362683438156,40.0,5.9958071278826
2023-08-30,4,4,0,4,0,0,0,0,8,0,0,0,2023,8,30,2,242,35,3,0,0,0,0.9749279121818236,-0.22252093395631434,-0.8543221697498269,-0.5197438121555157,-0.8854560256532096,-0.4647231720437691,-0.8660254037844385,-0.5000000000000004,0.0,0.0,0.0,0.0,4.0,0.0,1.3333333333333333,2.3094010767585065,4.0,4.0,0.5714285714285714,1.5118578920369075,4.0,4.0,0.6428571428571429,1.446860944737467,9.0,4.0,0.4642857142857143,1.2614554456142468,13.0,4.0,0.48214285714285715,1.307197855630982,27.0,5.0,0.6547619047619048,1.4848150882322393,55.0,5.0,4.0,4.0,4.0,954,0.279874213836478,0.16666666666666666,0.24423480083857443,0.2526205450733753,0.09538784067085954,0.31551362683438156,40.0,5.9958071278826
2023-08-31,0,0,0,0,0,0,0,0,0,0,0,0,2023,8,31,3,243,35,3,0,0,0,0.43388373911755823,-0.900968867902419,-0.8631421280499115,-0.5049610547215202,-0.8854560256532096,-0.4647231720437691,-0.8660254037844385,-0.5000000000000004,4.0,0.0,0.0,0.0,0.0,0.0,1.3333333333333333,2.3094010767585065,4.0,4.0,0.5714285714285714,1.5118578920369075,4.0,4.0,0.6428571428571429,1.446860944737467,9.0,4.0,0.4642857142857143,1.2614554456142468,13.0,4.0,0.48214285714285715,1.307197855630982,27.0,5.0,0.6071428571428571,1.4396942207376797,51.0,5.0,-4.0,0.0,0.0,954,0.279874213836478,0.16666666666666666,0.24423480083857443,0.2526205450733753,0.09538784067085954,0.31551362683438156,40.0,5.9958071278826
2023-09-01,0,0,0,0,0,0,0,0,0,0,0,0,2023,9,1,4,244,35,3,0,0,1,-0.433883739117558,-0.9009688679024191,-0.8717063187093217,-0.4900286664290594,-0.8854560256532096,-0.4647231720437691,-1.0,-1.8369701987210297e-16,0.0,4.0,0.0,0.0,0.0,0.0,1.3333333333333333,2.3094010767585065,4.0,4.0,0.5714285714285714,1.5118578920369075,4.0,4.0,0.6428571428571429,1.446860944737467,9.0,4.0,0.4642857142857143,1.2614554456142468,13.0,4.0,0.48214285714285715,1.307197855630982,27.0,5.0,0.6071428571428571,1.4396942207376797,51.0,5.0,0.0,0.0,0.0,954,0.279874213836478,0.16666666666666666,0.24423480083857443,0.2526205450733753,0.09538784067085954,0.31551362683438156,40.0,5.9958071278826
2023-09-02,0,0,0,0,0,0,0,0,0,0,0,0,2023,9,2,5,245,35,3,1,0,0,-0.9749279121818236,-0.2225209339563146,-0.8800122039735356,-0.4749510720670502,-0.8854560256532096,-0.4647231720437691,-1.0,-1.8369701987210297e-16,0.0,0.0,4.0,0.0,4.0,0.0,0.0,0.0,0.0,0.0,0.5714285714285714,1.5118578920369075,4.0,4.0,0.35714285714285715,1.0818177620697824,5.0,4.0,0.4642857142857143,1.2614554456142468,13.0,4.0,0.48214285714285715,1.307197855630982,27.0,5.0,0.6071428571428571,1.4396942207376797,51.0,5.0,0.0,0.0,0.0,954,0.279874213836478,0.16666666666666666,0.24423480083857443,0.2526205450733753,0.09538784067085954,0.31551362683438156,40.0,5.9958071278826
2023-09-03,4,0,4,0,0,8,0,4,12,0,0,4,2023,9,3,6,246,35,3,1,0,0,-0.7818314824680299,0.6234898018587334,-0.888057322629493,-0.4597327394521046,-0.8854560256532096,-0.4647231720437691,-1.0,-1.8369701987210297e-16,0.0,0.0,0.0,0.0,0.0,0.0,1.3333333333333333,2.3094010767585065,4.0,4.0,1.1428571428571428,1.9518001458970653,8.0,4.0,0.6428571428571429,1.446860944737467,9.0,4.0,0.6071428571428571,1.4230714230607935,17.0,4.0,0.5535714285714286,1.387209663082929,31.0,5.0,0.6547619047619048,1.4848150882322393,55.0,5.0,4.0,4.0,4.0,954,0.279874213836478,0.16666666666666666,0.24423480083857443,0.2526205450733753,0.09538784067085954,0.31551362683438156,40.0,5.9958071278826
2023-09-04,0,0,0,0,0,0,0,0,0,0,0,0,2023,9,4,0,247,36,3,0,1,0,0.0,1.0,-0.8958392907349089,-0.4443781781046134,-0.9350162426854147,-0.3546048870425359,-1.0,-1.8369701987210297e-16,4.0,0.0,0.0,0.0,0.0,0.0,1.3333333333333333,2.3094010767585065,4.0,4.0,1.1428571428571428,1.9518001458970653,8.0,4.0,0.6428571428571429,1.446860944737467,9.0,4.0,0.6071428571428571,1.4230714230607935,17.0,4.0,0.5535714285714286,1.387209663082929,31.0,5.0,0.6071428571428571,1.4396942207376797,51.0,5.0,-4.0,0.0,0.0,954,0.279874213836478,0.16666666666666666,0.24423480083857443,0.2526205450733753,0.09538784067085954,0.31551362683438156,40.0,5.9958071278826
2023-09-05,0,0,0,0,0,0,0,0,0,0,0,0,2023,9,5,1,248,36,3,0,0,0,0.7818314824680298,0.6234898018587336,-0.9033558023246842,-0.4288919379124841,-0.9350162426854147,-0.3546048870425359,-1.0,-1.8369701987210297e-16,0.0,4.0,0.0,0.0,1.0,0.0,1.3333333333333333,2.3094010767585065,4.0,4.0,1.1428571428571428,1.9518001458970653,8.0,4.0,0.5714285714285714,1.4525460784051263,8.0,4.0,0.6071428571428571,1.4230714230607935,17.0,4.0,0.5535714285714286,1.387209663082929,31.0,5.0,0.6071428571428571,1.4396942207376797,51.0,5.0,0.0,0.0,0.0,954,0.279874213836478,0.16666666666666666,0.24423480083857443,0.2526205450733753,0.09538784067085954,0.31551362683438156,40.0,5.9958071278826
2023-09-06,0,0,0,0,0,0,0,0,0,0,0,0,2023,9,6,2,249,36,3,0,0,0,0.9749279121818236,-0.22252093395631434,-0.9106046300942162,-0.41327860778290443,-0.9350162426854147,-0.3546048870425359,-1.0,-1.8369701987210297e-16,0.0,0.0,4.0,4.0,0.0,0.0,0.0,0.0,0.0,0.0,0.5714285714285714,1.5118578920369075,4.0,4.0,0.5714285714285714,1.4525460784051263,8.0,4.0,0.6071428571428571,1.4230714230607935,17.0,4.0,0.5535714285714286,1.387209663082929,31.0,5.0,0.6071428571428571,1.4396942207376797,51.0,5.0,0.0,-4.0,0.0,954,0.279874213836478,0.16666666666666666,0.24423480083857443,0.2526205450733753,0.09538784067085954,0.31551362683438156,40.0,5.9958071278826
2023-09-07,0,0,0,0,0,0,0,0,0,0,0,0,2023,9,7,3,250,36,3,0,0,0,0.43388373911755823,-0.900968867902419,-0.9175836260593934,-0.3975428142825566,-0.9350162426854147,-0.3546048870425359,-1.0,-1.8369701987210297e-16,0.0,0.0,0.0,0.0,0.0,0.0,0.0,0.0,0.0,0.0,0.5714285714285714,1.5118578920369075,4.0,4.0,0.5714285714285714,1.4525460784051263,8.0,4.0,0.6071428571428571,1.4230714230607935,17.0,4.0,0.5535714285714286,1.387209663082929,31.0,5.0,0.6071428571428571,1.4396942207376797,51.0,5.0,0.0,0.0,0.0,954,0.279874213836478,0.16666666666666666,0.24423480083857443,0.2526205450733753,0.09538784067085954,0.31551362683438156,40.0,5.9958071278826
2023-09-08,0,0,0,0,0,0,0,0,0,0,0,0,2023,9,8,4,251,36,3,0,0,1,-0.433883739117558,-0.9009688679024191,-0.9242907221930934,-0.3816892202666586,-0.9350162426854147,-0.3546048870425359,-1.0,-1.8369701987210297e-16,0.0,0.0,0.0,0.0,0.0,0.0,0.0,0.0,0.0,0.0,0.5714285714285714,1.5118578920369075,4.0,4.0,0.5714285714285714,1.4525460784051263,8.0,4.0,0.6071428571428571,1.4230714230607935,17.0,4.0,0.5535714285714286,1.387209663082929,31.0,5.0,0.6071428571428571,1.4396942207376797,51.0,5.0,0.0,0.0,0.0,954,0.279874213836478,0.16666666666666666,0.24423480083857443,0.2526205450733753,0.09538784067085954,0.31551362683438156,40.0,5.9958071278826
2023-09-09,0,0,0,0,0,0,0,0,0,0,0,0,2023,9,9,5,252,36,3,1,0,0,-0.9749279121818236,-0.2225209339563146,-0.9307239310379793,-0.3657225234972692,-0.9350162426854147,-0.3546048870425359,-1.0,-1.8369701987210297e-16,0.0,0.0,0.0,0.0,0.0,0.0,0.0,0.0,0.0,0.0,0.5714285714285714,1.5118578920369075,4.0,4.0,0.5714285714285714,1.4525460784051263,8.0,4.0,0.6071428571428571,1.4230714230607935,17.0,4.0,0.5535714285714286,1.387209663082929,31.0,5.0,0.5595238095238095,1.3914644316282465,47.0,5.0,0.0,0.0,0.0,954,0.279874213836478,0.16666666666666666,0.24423480083857443,0.2526205450733753,0.09538784067085954,0.31551362683438156,40.0,5.9958071278826
2023-09-10,0,0,0,0,0,0,0,0,0,0,0,0,2023,9,10,6,253,36,3,1,0,0,-0.7818314824680299,0.6234898018587334,-0.9368813462954315,-0.34964745525122826,-0.9350162426854147,-0.3546048870425359,-1.0,-1.8369701987210297e-16,0.0,0.0,0.0,4.0,0.0,0.0,0.0,0.0,0.0,0.0,0.0,0.0,0.0,0.0,0.5714285714285714,1.4525460784051263,8.0,4.0,0.6071428571428571,1.4230714230607935,17.0,4.0,0.5535714285714286,1.387209663082929,31.0,5.0,0.5119047619047619,1.339790017885357,43.0,5.0,0.0,-4.0,0.0,954,0.279874213836478,0.16666666666666666,0.24423480083857443,0.2526205450733753,0.09538784067085954,0.31551362683438156,40.0,5.9958071278826
2023-09-11,0,0,0,0,0,0,0,0,0,0,0,0,2023,9,11,0,254,37,3,0,1,0,0.0,1.0,-0.9427611433904206,-0.33346877891818705,-0.970941817426052,-0.23931566428755774,-1.0,-1.8369701987210297e-16,0.0,0.0,0.0,0.0,0.0,0.0,0.0,0.0,0.0,0.0,0.0,0.0,0.0,0.0,0.5714285714285714,1.4525460784051263,8.0,4.0,0.6071428571428571,1.4230714230607935,17.0,4.0,0.5535714285714286,1.387209663082929,31.0,5.0,0.5119047619047619,1.339790017885357,43.0,5.0,0.0,0.0,0.0,954,0.279874213836478,0.16666666666666666,0.24423480083857443,0.2526205450733753,0.09538784067085954,0.31551362683438156,40.0,5.9958071278826
2023-09-12,4,4,0,4,0,0,0,0,8,0,0,4,2023,9,12,1,255,37,3,0,0,0,0.7818314824680298,0.6234898018587336,-0.9483615800121716,-0.31719128858910595,-0.970941817426052,-0.23931566428755774,-1.0,-1.8369701987210297e-16,0.0,0.0,0.0,0.0,0.0,0.0,1.3333333333333333,2.3094010767585065,4.0,4.0,0.5714285714285714,1.5118578920369075,4.0,4.0,0.8571428571428571,1.7032612545052805,12.0,4.0,0.75,1.5545631755148015,21.0,4.0,0.625,1.459296218917002,35.0,5.0,0.5119047619047619,1.339790017885357,43.0,5.0,4.0,4.0,4.0,954,0.279874213836478,0.16666666666666666,0.24423480083857443,0.2526205450733753,0.09538784067085954,0.31551362683438156,40.0,5.9958071278826
2023-09-13,0,0,0,0,0,0,0,0,0,0,0,0,2023,9,13,2,256,37,3,0,0,0,0.9749279121818236,-0.22252093395631434,-0.9536809966304455,-0.300819807635668,-0.970941817426052,-0.23931566428755774,-1.0,-1.8369701987210297e-16,4.0,0.0,0.0,0.0,4.0,4.0,1.3333333333333333,2.3094010767585065,4.0,4.0,0.5714285714285714,1.5118578920369075,4.0,4.0,0.5714285714285714,1.4525460784051263,8.0,4.0,0.6071428571428571,1.4230714230607935,17.0,4.0,0.625,1.459296218917002,35.0,5.0,0.5119047619047619,1.339790017885357,43.0,5.0,-4.0,0.0,-4.0,954,0.279874213836478,0.16666666666666666,0.24423480083857443,0.2526205450733753,0.09538784067085954,0.31551362683438156,40.0,5.9958071278826
2023-09-14,0,0,0,0,0,0,0,0,0,0,0,0,2023,9,14,3,257,37,3,0,0,0,0.43388373911755823,-0.900968867902419,-0.9587178169872964,-0.2843591872810036,-0.970941817426052,-0.23931566428755774,-1.0,-1.8369701987210297e-16,0.0,4.0,0.0,0.0,0.0,0.0,1.3333333333333333,2.3094010767585065,4.0,4.0,0.5714285714285714,1.5118578920369075,4.0,4.0,0.5714285714285714,1.4525460784051263,8.0,4.0,0.6071428571428571,1.4230714230607935,17.0,4.0,0.5357142857142857,1.334361075766033,30.0,4.0,0.5119047619047619,1.339790017885357,43.0,5.0,0.0,0.0,0.0,954,0.279874213836478,0.16666666666666666,0.24423480083857443,0.2526205450733753,0.09538784067085954,0.31551362683438156,40.0,5.9958071278826
2023-09-15,0,0,0,0,0,0,0,0,0,0,0,0,2023,9,15,4,258,37,3,0,0,1,-0.433883739117558,-0.9009688679024191,-0.9634705485641486,-0.26781430516217486,-0.970941817426052,-0.23931566428755774,-1.0,-1.8369701987210297e-16,0.0,0.0,4.0,0.0,0.0,0.0,0.0,0.0,0.0,0.0,0.5714285714285714,1.5118578920369075,4.0,4.0,0.5714285714285714,1.4525460784051263,8.0,4.0,0.6071428571428571,1.4230714230607935,17.0,4.0,0.5178571428571429,1.334726004277099,29.0,4.0,0.5119047619047619,1.339790017885357,43.0,5.0,0.0,0.0,0.0,954,0.279874213836478,0.16666666666666666,0.24423480083857443,0.2526205450733753,0.09538784067085954,0.31551362683438156,40.0,5.9958071278826
2023-09-16,0,0,0,0,0,0,0,0,0,0,0,0,2023,9,16,5,259,37,3,1,0,0,-0.9749279121818236,-0.2225209339563146,-0.9679377830240642,-0.25119006388481957,-0.970941817426052,-0.23931566428755774,-1.0,-1.8369701987210297e-16,0.0,0.0,0.0,0.0,0.0,4.0,0.0,0.0,0.0,0.0,0.5714285714285714,1.5118578920369075,4.0,4.0,0.5714285714285714,1.4525460784051263,8.0,4.0,0.4642857142857143,1.2614554456142468,13.0,4.0,0.5178571428571429,1.334726004277099,29.0,4.0,0.4642857142857143,1.2842552440389932,39.0,5.0,0.0,0.0,-4.0,954,0.279874213836478,0.16666666666666666,0.24423480083857443,0.2526205450733753,0.09538784067085954,0.31551362683438156,40.0,5.9958071278826
2023-09-17,0,0,0,0,0,0,0,0,0,0,0,0,2023,9,17,6,260,37,3,1,0,0,-0.7818314824680299,0.6234898018587334,-0.9721181966290612,-0.23449138957041052,-0.970941817426052,-0.23931566428755774,-1.0,-1.8369701987210297e-16,0.0,0.0,0.0,0.0,4.0,0.0,0.0,0.0,0.0,0.0,0.5714285714285714,1.5118578920369075,4.0,4.0,0.2857142857142857,1.0690449676496983,4.0,4.0,0.4642857142857143,1.2614554456142468,13.0,4.0,0.5178571428571429,1.334726004277099,29.0,4.0,0.4642857142857143,1.2842552440389932,39.0,5.0,0.0,0.0,0.0,954,0.279874213836478,0.16666666666666666,0.24423480083857443,0.2526205450733753,0.09538784067085954,0.31551362683438156,40.0,5.9958071278826
2023-09-18,4,4,0,0,0,0,0,0,8,0,0,0,2023,9,18,0,261,38,3,0,1,0,0.0,1.0,-0.9760105506323682,-0.21772323039653224,-0.992708874098054,-0.12053668025532357,-1.0,-1.8369701987210297e-16,0.0,0.0,0.0,0.0,0.0,0.0,1.3333333333333333,2.3094010767585065,4.0,4.0,1.1428571428571428,1.9518001458970653,8.0,4.0,0.5714285714285714,1.4525460784051263,8.0,4.0,0.6071428571428571,1.4230714230607935,17.0,4.0,0.5892857142857143,1.4113408932228673,33.0,4.0,0.5119047619047619,1.339790017885357,43.0,5.0,4.0,4.0,4.0,954,0.279874213836478,0.16666666666666666,0.24423480083857443,0.2526205450733753,0.09538784067085954,0.31551362683438156,40.0,5.9958071278826
2023-09-19,0,0,0,0,0,0,0,0,0,0,0,0,2023,9,19,1,262,38,3,0,0,0,0.7818314824680298,0.6234898018587336,-0.9796136916454901,-0.20089055513063528,-0.992708874098054,-0.12053668025532357,-1.0,-1.8369701987210297e-16,4.0,0.0,0.0,4.0,0.0,1.0,1.3333333333333333,2.3094010767585065,4.0,4.0,0.5714285714285714,1.5118578920369075,4.0,4.0,0.5714285714285714,1.4525460784051263,8.0,4.0,0.5714285714285714,1.4253932901995954,16.0,4.0,0.5892857142857143,1.4113408932228673,33.0,4.0,0.4642857142857143,1.2842552440389932,39.0,5.0,-4.0,-4.0,-1.0,954,0.279874213836478,0.16666666666666666,0.24423480083857443,0.2526205450733753,0.09538784067085954,0.31551362683438156,40.0,5.9958071278826
2023-09-20,1,1,0,0,0,0,0,0,2,0,0,0,2023,9,20,2,263,38,3,0,0,0,0.9749279121818236,-0.22252093395631434,-0.9829265519799822,-0.18399835165767986,-0.992708874098054,-0.12053668025532357,-1.0,-1.8369701987210297e-16,0.0,4.0,0.0,0.0,0.0,0.0,1.6666666666666667,2.0816659994661366,5.0,4.0,0.7142857142857143,1.4960264830861898,5.0,4.0,0.6428571428571429,1.4468609447374667,9.0,4.0,0.6071428571428571,1.4230714230607935,17.0,4.0,0.6071428571428571,1.4100750647790679,34.0,4.0,0.47619047619047616,1.284534423895781,40.0,5.0,1.0,1.0,1.0,954,0.279874213836478,0.16666666666666666,0.24423480083857443,0.2526205450733753,0.09538784067085954,0.31551362683438156,40.0,5.9958071278826
2023-09-21,0,0,0,0,0,0,0,0,0,0,0,0,2023,9,21,3,264,38,3,0,0,0,0.43388373911755823,-0.900968867902419,-0.9859481499638303,-0.1670516255021195,-0.992708874098054,-0.12053668025532357,-1.0,-1.8369701987210297e-16,1.0,0.0,4.0,0.0,0.0,0.0,0.3333333333333333,0.5773502691896343,1.0,1.0,0.7142857142857143,1.4960264830861898,5.0,4.0,0.6428571428571429,1.4468609447374667,9.0,4.0,0.6071428571428571,1.4230714230607935,17.0,4.0,0.6071428571428571,1.4100750647790679,34.0,4.0,0.47619047619047616,1.284534423895781,40.0,5.0,-1.0,0.0,0.0,954,0.279874213836478,0.16666666666666666,0.24423480083857443,0.2526205450733753,0.09538784067085954,0.31551362683438156,40.0,5.9958071278826
2023-09-22,1,0,0,0,1,0,1,0,1,0,0,1,2023,9,22,4,265,38,3,0,0,1,-0.433883739117558,-0.9009688679024191,-0.9886775902323404,-0.15005539834465262,-0.992708874098054,-0.12053668025532357,-1.0,-1.8369701987210297e-16,0.0,1.0,0.0,0.0,0.0,0.0,0.6666666666666666,0.5773502691896357,2.0,1.0,0.8571428571428571,1.4638501094227983,6.0,4.0,0.7142857142857143,1.4373357526806558,10.0,4.0,0.6428571428571429,1.4198144300833868,18.0,4.0,0.625,1.4085776191218264,35.0,4.0,0.4880952380952381,1.284701902688804,41.0,5.0,1.0,1.0,1.0,954,0.279874213836478,0.16666666666666666,0.24423480083857443,0.2526205450733753,0.09538784067085954,0.31551362683438156,40.0,5.9958071278826
2023-09-23,4,0,0,0,0,4,0,4,12,0,0,4,2023,9,23,5,266,38,3,1,0,0,-0.9749279121818236,-0.2225209339563146,-0.9911140639934546,-0.13301470653419636,-0.992708874098054,-0.12053668025532357,-1.0,-1.8369701987210297e-16,1.0,0.0,1.0,0.0,0.0,0.0,1.6666666666666667,2.0816659994661366,5.0,4.0,1.4285714285714286,1.8126539343499306,10.0,4.0,1.0,1.6641005886756877,14.0,4.0,0.7857142857142857,1.5481684006675094,22.0,4.0,0.625,1.4085776191218264,35.0,4.0,0.5357142857142857,1.339361730487573,45.0,5.0,3.0,4.0,4.0,954,0.279874213836478,0.16666666666666666,0.24423480083857443,0.2526205450733753,0.09538784067085954,0.31551362683438156,40.0,5.9958071278826
2023-09-24,0,0,0,0,0,0,0,0,0,0,0,0,2023,9,24,6,267,38,3,1,0,0,-0.7818314824680299,0.6234898018587334,-0.9932568492674143,-0.11593459959550066,-0.992708874098054,-0.12053668025532357,-1.0,-1.8369701987210297e-16,4.0,1.0,0.0,0.0,0.0,0.0,1.6666666666666667,2.081665999466136,5.0,4.0,1.4285714285714286,1.8126539343499306,10.0,4.0,1.0,1.6641005886756877,14.0,4.0,0.7857142857142857,1.5481684006675094,22.0,4.0,0.5535714285714286,1.3337526396960224,31.0,4.0,0.5357142857142857,1.339361730487573,45.0,5.0,-4.0,0.0,0.0,954,0.279874213836478,0.16666666666666666,0.24423480083857443,0.2526205450733753,0.09538784067085954,0.31551362683438156,40.0,5.9958071278826
2023-09-25,0,0,0,0,0,0,0,0,0,0,0,0,2023,9,25,0,268,39,3,0,1,0,0.0,1.0,-0.9951053111006974,-0.09882013873287211,-1.0,-1.8369701987210297e-16,-1.0,-1.8369701987210297e-16,0.0,4.0,1.0,4.0,0.0,0.0,1.3333333333333333,2.309401076758506,4.0,4.0,0.8571428571428571,1.4638501094227985,6.0,4.0,1.0,1.6641005886756877,14.0,4.0,0.7857142857142857,1.5481684006675094,22.0,4.0,0.5535714285714286,1.3337526396960224,31.0,4.0,0.5357142857142857,1.339361730487573,45.0,5.0,0.0,-4.0,0.0,954,0.279874213836478,0.16666666666666666,0.24423480083857443,0.2526205450733753,0.09538784067085954,0.31551362683438156,40.0,5.9958071278826
2023-09-26,0,0,0,0,0,0,0,0,0,0,0,0,2023,9,26,1,269,39,3,0,0,0,0.7818314824680298,0.6234898018587336,-0.99665890175417,-0.08167639533042288,-1.0,-1.8369701987210297e-16,-1.0,-1.8369701987210297e-16,0.0,0.0,4.0,0.0,4.0,0.0,0.0,0.0,0.0,0.0,0.8571428571428571,1.4638501094227985,6.0,4.0,0.7142857142857143,1.4373357526806558,10.0,4.0,0.7857142857142857,1.5481684006675094,22.0,4.0,0.5535714285714286,1.3337526396960224,31.0,4.0,0.5357142857142857,1.339361730487573,45.0,5.0,0.0,0.0,0.0,954,0.279874213836478,0.16666666666666666,0.24423480083857443,0.2526205450733753,0.09538784067085954,0.31551362683438156,40.0,5.9958071278826
2023-09-27,0,0,0,0,0,0,0,0,0,0,0,0,2023,9,27,2,270,39,3,0,0,0,0.9749279121818236,-0.22252093395631434,-0.9979171608653922,-0.06450844944931625,-1.0,-1.8369701987210297e-16,-1.0,-1.8369701987210297e-16,0.0,0.0,0.0,1.0,0.0,4.0,0.0,0.0,0.0,0.0,0.7142857142857143,1.49602648308619,5.0,4.0,0.7142857142857143,1.4373357526806558,10.0,4.0,0.6428571428571429,1.4198144300833868,18.0,4.0,0.5535714285714286,1.3337526396960224,31.0,4.0,0.5357142857142857,1.339361730487573,45.0,5.0,0.0,-1.0,-4.0,954,0.279874213836478,0.16666666666666666,0.24423480083857443,0.2526205450733753,0.09538784067085954,0.31551362683438156,40.0,5.9958071278826
2023-09-28,0,0,0,0,0,0,0,0,0,0,0,0,2023,9,28,3,271,39,3,0,0,0,0.43388373911755823,-0.900968867902419,-0.9988797155850335,-0.04732138832243232,-1.0,-1.8369701987210297e-16,-1.0,-1.8369701987210297e-16,0.0,0.0,0.0,0.0,0.0,0.0,0.0,0.0,0.0,0.0,0.7142857142857143,1.49602648308619,5.0,4.0,0.7142857142857143,1.4373357526806558,10.0,4.0,0.6428571428571429,1.4198144300833868,18.0,4.0,0.5535714285714286,1.3337526396960224,31.0,4.0,0.5357142857142857,1.339361730487573,45.0,5.0,0.0,0.0,0.0,954,0.279874213836478,0.16666666666666666,0.24423480083857443,0.2526205450733753,0.09538784067085954,0.31551362683438156,40.0,5.9958071278826
2023-09-29,0,0,0,0,0,0,0,0,0,0,0,0,2023,9,29,4,272,39,3,0,0,1,-0.433883739117558,-0.9009688679024191,-0.9995462806873573,-0.03012030484690836,-1.0,-1.8369701987210297e-16,-1.0,-1.8369701987210297e-16,0.0,0.0,0.0,1.0,0.0,0.0,0.0,0.0,0.0,0.0,0.5714285714285714,1.5118578920369075,4.0,4.0,0.7142857142857143,1.4373357526806558,10.0,4.0,0.6428571428571429,1.4198144300833868,18.0,4.0,0.5535714285714286,1.3337526396960224,31.0,4.0,0.5357142857142857,1.339361730487573,45.0,5.0,0.0,-1.0,0.0,954,0.279874213836478,0.16666666666666666,0.24423480083857443,0.2526205450733753,0.09538784067085954,0.31551362683438156,40.0,5.9958071278826
2023-09-30,0,0,0,0,0,0,0,0,0,0,0,0,2023,9,30,5,273,39,3,1,0,0,-0.9749279121818236,-0.2225209339563146,-0.9999166586547379,-0.012910296075008843,-1.0,-1.8369701987210297e-16,-1.0,-1.8369701987210297e-16,0.0,0.0,0.0,4.0,0.0,0.0,0.0,0.0,0.0,0.0,0.0,0.0,0.0,0.0,0.7142857142857143,1.4373357526806558,10.0,4.0,0.6428571428571429,1.4198144300833868,18.0,4.0,0.5535714285714286,1.3337526396960224,31.0,4.0,0.5357142857142857,1.339361730487573,45.0,5.0,0.0,-4.0,0.0,954,0.279874213836478,0.16666666666666666,0.24423480083857443,0.2526205450733753,0.09538784067085954,0.31551362683438156,40.0,5.9958071278826
2023-10-01,1,1,0,0,0,0,0,0,2,0,0,0,2023,10,1,6,274,39,4,1,0,0,-0.7818314824680299,0.6234898018587334,-0.9999907397361901,0.004303538296243821,-1.0,-1.8369701987210297e-16,-0.8660254037844386,0.5000000000000001,0.0,0.0,0.0,0.0,0.0,4.0,0.3333333333333333,0.5773502691896314,1.0,1.0,0.14285714285714285,0.37796447300922187,1.0,1.0,0.7857142857142857,1.4238934396479705,11.0,4.0,0.5357142857142857,1.2614554456142468,15.0,4.0,0.5714285714285714,1.3329003626015639,32.0,4.0,0.5476190476190477,1.3389868666385076,46.0,5.0,1.0,1.0,-3.0,954,0.279874213836478,0.16666666666666666,0.24423480083857443,0.2526205450733753,0.09538784067085954,0.31551362683438156,40.0,5.9958071278826
2023-10-02,4,0,0,0,0,0,0,0,4,0,4,0,2023,10,2,0,275,40,4,0,1,0,0.0,1.0,-0.9997685019798909,0.021516097436222233,-0.992708874098054,0.1205366802553232,-0.8660254037844386,0.5000000000000001,1.0,0.0,0.0,0.0,4.0,0.0,1.6666666666666667,2.081665999466136,5.0,4.0,0.7142857142857143,1.49602648308619,5.0,4.0,0.7857142857142857,1.4238934396479705,11.0,4.0,0.6785714285714286,1.4156158567804513,19.0,4.0,0.6428571428571429,1.4068478166528118,36.0,4.0,0.5952380952380952,1.389452935762829,50.0,5.0,3.0,4.0,4.0,954,0.279874213836478,0.16666666666666666,0.24423480083857443,0.2526205450733753,0.09538784067085954,0.31551362683438156,40.0,5.9958071278826
2023-10-03,0,0,0,0,0,0,0,0,0,0,0,0,2023,10,3,1,276,40,4,0,0,0,0.7818314824680298,0.6234898018587336,-0.9992500112396835,0.03872228089217399,-0.992708874098054,0.1205366802553232,-0.8660254037844386,0.5000000000000001,4.0,1.0,0.0,0.0,0.0,0.0,1.6666666666666667,2.081665999466136,5.0,4.0,0.7142857142857143,1.49602648308619,5.0,4.0,0.7857142857142857,1.4238934396479705,11.0,4.0,0.6785714285714286,1.4156158567804513,19.0,4.0,0.6428571428571429,1.4068478166528118,36.0,4.0,0.5952380952380952,1.389452935762829,50.0,5.0,-4.0,0.0,0.0,954,0.279874213836478,0.16666666666666666,0.24423480083857443,0.2526205450733753,0.09538784067085954,0.31551362683438156,40.0,5.9958071278826
2023-10-04,4,0,0,0,0,0,0,0,8,0,0,4,2023,10,4,2,277,40,4,0,0,0,0.9749279121818236,-0.22252093395631434,-0.9984354211555643,0.05591699010060302,-0.992708874098054,0.1205366802553232,-0.8660254037844386,0.5000000000000001,0.0,4.0,1.0,0.0,1.0,0.0,2.6666666666666665,2.3094010767585074,8.0,4.0,1.2857142857142858,1.8898223650461352,9.0,4.0,1.0,1.6641005886756877,14.0,4.0,0.8214285714285714,1.5408889072021454,23.0,4.0,0.7142857142857143,1.4735767952260157,40.0,4.0,0.6428571428571429,1.4365525763602114,54.0,5.0,4.0,4.0,4.0,954,0.279874213836478,0.16666666666666666,0.24423480083857443,0.2526205450733753,0.09538784067085954,0.31551362683438156,40.0,5.9958071278826
2023-10-05,0,0,0,0,0,0,0,0,0,0,0,0,2023,10,5,3,278,40,4,0,0,0,0.43388373911755823,-0.900968867902419,-0.9973249731081555,0.07309512989807776,-0.992708874098054,0.1205366802553232,-0.8660254037844386,0.5000000000000001,4.0,0.0,4.0,0.0,0.0,0.0,1.3333333333333333,2.3094010767585056,4.0,4.0,1.2857142857142858,1.8898223650461352,9.0,4.0,1.0,1.6641005886756877,14.0,4.0,0.8214285714285714,1.5408889072021454,23.0,4.0,0.7142857142857143,1.4735767952260157,40.0,4.0,0.6428571428571429,1.4365525763602114,54.0,5.0,-4.0,0.0,0.0,954,0.279874213836478,0.16666666666666666,0.24423480083857443,0.2526205450733753,0.09538784067085954,0.31551362683438156,40.0,5.9958071278826
2023-10-06,4,0,0,0,0,4,0,4,16,0,0,0,2023,10,6,4,279,40,4,0,0,1,-0.433883739117558,-0.9009688679024191,-0.9959189961471792,0.0902516100310407,-0.992708874098054,0.1205366802553232,-0.8660254037844386,0.5000000000000001,0.0,4.0,0.0,0.0,1.0,0.0,2.6666666666666665,2.3094010767585074,8.0,4.0,1.8571428571428572,2.035400978396429,13.0,4.0,1.2142857142857142,1.8471837786446461,17.0,4.0,0.9642857142857143,1.643892013600939,27.0,4.0,0.7857142857142857,1.5340295803037036,44.0,4.0,0.6904761904761905,1.4806070919970835,58.0,5.0,4.0,4.0,4.0,954,0.279874213836478,0.16666666666666666,0.24423480083857443,0.2526205450733753,0.09538784067085954,0.31551362683438156,40.0,5.9958071278826
2023-10-07,4,0,4,0,0,4,0,4,8,0,0,4,2023,10,7,5,280,40,4,1,0,0,-0.9749279121818236,-0.2225209339563146,-0.994217906893952,0.10738134666416306,-0.992708874098054,0.1205366802553232,-0.8660254037844386,0.5000000000000001,4.0,0.0,4.0,0.0,4.0,0.0,2.6666666666666665,2.3094010767585074,8.0,4.0,2.4285714285714284,1.9880595947760094,17.0,4.0,1.2142857142857142,1.8471837786446461,17.0,4.0,1.1071428571428572,1.7286107827082522,31.0,4.0,0.8571428571428571,1.5889226931085503,48.0,4.0,0.7380952380952381,1.5218809511176103,62.0,5.0,0.0,4.0,4.0,954,0.279874213836478,0.16666666666666666,0.24423480083857443,0.2526205450733753,0.09538784067085954,0.31551362683438156,40.0,5.9958071278826
2023-10-08,0,0,0,0,0,0,0,0,0,0,0,0,2023,10,8,6,281,40,4,1,0,0,-0.7818314824680299,0.6234898018587334,-0.9922222094179324,0.12447926388678869,-0.992708874098054,0.1205366802553232,-0.8660254037844386,0.5000000000000001,4.0,4.0,0.0,1.0,0.0,0.0,2.6666666666666665,2.309401076758508,8.0,4.0,2.2857142857142856,2.1380899352993943,16.0,4.0,1.2142857142857142,1.8471837786446461,17.0,4.0,1.1071428571428572,1.7286107827082522,31.0,4.0,0.8571428571428571,1.5889226931085503,48.0,4.0,0.7380952380952381,1.5218809511176103,62.0,5.0,-4.0,-1.0,0.0,954,0.279874213836478,0.16666666666666666,0.24423480083857443,0.2526205450733753,0.09538784067085954,0.31551362683438156,40.0,5.9958071278826
2023-10-09,0,0,0,0,0,0,0,0,0,0,0,0,2023,10,9,0,282,41,4,0,1,0,0.0,1.0,-0.989932495087353,0.141540295217043,-0.9709418174260521,0.23931566428755738,-0.8660254037844386,0.5000000000000001,0.0,4.0,4.0,4.0,0.0,0.0,1.3333333333333333,2.3094010767585065,4.0,4.0,1.7142857142857142,2.1380899352993943,12.0,4.0,1.2142857142857142,1.8471837786446461,17.0,4.0,1.1071428571428572,1.7286107827082522,31.0,4.0,0.8571428571428571,1.5889226931085503,48.0,4.0,0.7380952380952381,1.5218809511176103,62.0,5.0,0.0,-4.0,0.0,954,0.279874213836478,0.16666666666666666,0.24423480083857443,0.2526205450733753,0.09538784067085954,0.31551362683438156,40.0,5.9958071278826
2023-10-10,0,0,0,0,0,0,0,0,0,0,0,0,2023,10,10,1,283,41,4,0,0,0,0.7818314824680298,0.6234898018587336,-0.9873494423939864,0.15855938510313475,-0.9709418174260521,0.23931566428755738,-0.8660254037844386,0.5000000000000001,0.0,0.0,4.0,0.0,0.0,4.0,0.0,0.0,0.0,0.0,1.7142857142857142,2.1380899352993943,12.0,4.0,1.2142857142857142,1.8471837786446461,17.0,4.0,0.9642857142857143,1.643892013600939,27.0,4.0,0.8571428571428571,1.5889226931085503,48.0,4.0,0.7380952380952381,1.5218809511176103,62.0,5.0,0.0,0.0,-4.0,954,0.279874213836478,0.16666666666666666,0.24423480083857443,0.2526205450733753,0.09538784067085954,0.31551362683438156,40.0,5.9958071278826
2023-10-11,0,0,0,0,0,0,0,0,0,0,0,0,2023,10,11,2,284,41,4,0,0,0,0.9749279121818236,-0.22252093395631434,-0.9844738167520923,0.17553149042142777,-0.9709418174260521,0.23931566428755738,-0.8660254037844386,0.5000000000000001,0.0,0.0,0.0,4.0,0.0,0.0,0.0,0.0,0.0,0.0,1.1428571428571428,1.9518001458970653,8.0,4.0,1.2142857142857142,1.8471837786446461,17.0,4.0,0.9642857142857143,1.643892013600939,27.0,4.0,0.7857142857142857,1.5340295803037036,44.0,4.0,0.7380952380952381,1.5218809511176103,62.0,5.0,0.0,-4.0,0.0,954,0.279874213836478,0.16666666666666666,0.24423480083857443,0.2526205450733753,0.09538784067085954,0.31551362683438156,40.0,5.9958071278826
2023-10-12,0,0,0,0,0,0,0,0,0,0,0,0,2023,10,12,3,285,41,4,0,0,0,0.43388373911755823,-0.900968867902419,-0.9813064702716093,0.19245158197082995,-0.9709418174260521,0.23931566428755738,-0.8660254037844386,0.5000000000000001,0.0,0.0,0.0,0.0,0.0,0.0,0.0,0.0,0.0,0.0,1.1428571428571428,1.9518001458970653,8.0,4.0,1.2142857142857142,1.8471837786446461,17.0,4.0,0.9642857142857143,1.643892013600939,27.0,4.0,0.7857142857142857,1.5340295803037036,44.0,4.0,0.6785714285714286,1.449226750912148,57.0,4.0,0.0,0.0,0.0,954,0.279874213836478,0.16666666666666666,0.24423480083857443,0.2526205450733753,0.09538784067085954,0.31551362683438156,40.0,5.9958071278826
2023-10-13,0,0,0,0,0,0,0,0,0,0,0,0,2023,10,13,4,286,41,4,0,0,1,-0.433883739117558,-0.9009688679024191,-0.9778483415056567,0.20931464596304888,-0.9709418174260521,0.23931566428755738,-0.8660254037844386,0.5000000000000001,0.0,0.0,0.0,4.0,0.0,0.0,0.0,0.0,0.0,0.0,0.5714285714285714,1.5118578920369072,4.0,4.0,1.2142857142857142,1.8471837786446461,17.0,4.0,0.9642857142857143,1.643892013600939,27.0,4.0,0.7857142857142857,1.5340295803037036,44.0,4.0,0.6666666666666666,1.4506611150378061,56.0,4.0,0.0,-4.0,0.0,954,0.279874213836478,0.16666666666666666,0.24423480083857443,0.2526205450733753,0.09538784067085954,0.31551362683438156,40.0,5.9958071278826
2023-10-14,0,0,0,0,0,0,0,0,0,0,0,0,2023,10,14,5,287,41,4,1,0,0,-0.9749279121818236,-0.2225209339563146,-0.9741004551724206,0.22611568550828803,-0.9709418174260521,0.23931566428755738,-0.8660254037844386,0.5000000000000001,0.0,0.0,0.0,4.0,0.0,0.0,0.0,0.0,0.0,0.0,0.0,0.0,0.0,0.0,1.2142857142857142,1.8471837786446461,17.0,4.0,0.9642857142857143,1.643892013600939,27.0,4.0,0.7142857142857143,1.473576795226016,40.0,4.0,0.6666666666666666,1.4506611150378061,56.0,4.0,0.0,-4.0,0.0,954,0.279874213836478,0.16666666666666666,0.24423480083857443,0.2526205450733753,0.09538784067085954,0.31551362683438156,40.0,5.9958071278826
2023-10-15,0,0,0,0,0,0,0,0,0,0,0,0,2023,10,15,6,288,41,4,1,0,0,-0.7818314824680299,0.6234898018587334,-0.970063921851507,0.2428497220959358,-0.9709418174260521,0.23931566428755738,-0.8660254037844386,0.5000000000000001,0.0,0.0,0.0,0.0,1.0,0.0,0.0,0.0,0.0,0.0,0.0,0.0,0.0,0.0,1.1428571428571428,1.875228923753982,16.0,4.0,0.9642857142857143,1.643892013600939,27.0,4.0,0.7142857142857143,1.473576795226016,40.0,4.0,0.6666666666666666,1.4506611150378061,56.0,4.0,0.0,0.0,0.0,954,0.279874213836478,0.16666666666666666,0.24423480083857443,0.2526205450733753,0.09538784067085954,0.31551362683438156,40.0,5.9958071278826
2023-10-16,0,0,0,0,0,0,0,0,0,0,0,0,2023,10,16,0,289,42,4,0,1,0,0.0,1.0,-0.965739937654855,0.25951179706979943,-0.9350162426854148,0.35460488704253557,-0.8660254037844386,0.5000000000000001,0.0,0.0,0.0,0.0,4.0,4.0,0.0,0.0,0.0,0.0,0.0,0.0,0.0,0.0,0.8571428571428571,1.7032612545052808,12.0,4.0,0.8214285714285714,1.5408889072021454,23.0,4.0,0.7142857142857143,1.473576795226016,40.0,4.0,0.6666666666666666,1.4506611150378061,56.0,4.0,0.0,0.0,-4.0,954,0.279874213836478,0.16666666666666666,0.24423480083857443,0.2526205450733753,0.09538784067085954,0.31551362683438156,40.0,5.9958071278826
2023-10-17,0,0,0,0,0,0,0,0,0,0,0,0,2023,10,17,1,290,42,4,0,0,0,0.7818314824680298,0.6234898018587336,-0.9611297838723007,0.27609697309746883,-0.9350162426854148,0.35460488704253557,-0.8660254037844386,0.5000000000000001,0.0,0.0,0.0,0.0,0.0,0.0,0.0,0.0,0.0,0.0,0.0,0.0,0.0,0.0,0.8571428571428571,1.7032612545052808,12.0,4.0,0.8214285714285714,1.5408889072021454,23.0,4.0,0.6964285714285714,1.4761084322962552,39.0,4.0,0.6666666666666666,1.4506611150378061,56.0,4.0,0.0,0.0,0.0,954,0.279874213836478,0.16666666666666666,0.24423480083857443,0.2526205450733753,0.09538784067085954,0.31551362683438156,40.0,5.9958071278826
2023-10-18,0,0,0,0,0,0,0,0,0,0,0,0,2023,10,18,2,291,42,4,0,0,0,0.9749279121818236,-0.22252093395631434,-0.9562348265919058,0.2926003356333479,-0.9350162426854148,0.35460488704253557,-0.8660254037844386,0.5000000000000001,0.0,0.0,0.0,0.0,4.0,1.0,0.0,0.0,0.0,0.0,0.0,0.0,0.0,0.0,0.5714285714285714,1.4525460784051265,8.0,4.0,0.7857142857142857,1.5481684006675094,22.0,4.0,0.6964285714285714,1.4761084322962552,39.0,4.0,0.6666666666666666,1.4506611150378061,56.0,4.0,0.0,0.0,-1.0,954,0.279874213836478,0.16666666666666666,0.24423480083857443,0.2526205450733753,0.09538784067085954,0.31551362683438156,40.0,5.9958071278826
2023-10-19,0,0,0,0,0,0,0,0,0,0,0,0,2023,10,19,3,292,42,4,0,0,0,0.43388373911755823,-0.900968867902419,-0.9510565162951536,0.30901699437494723,-0.9350162426854148,0.35460488704253557,-0.8660254037844386,0.5000000000000001,0.0,0.0,0.0,0.0,0.0,0.0,0.0,0.0,0.0,0.0,0.0,0.0,0.0,0.0,0.5714285714285714,1.4525460784051265,8.0,4.0,0.7857142857142857,1.5481684006675094,22.0,4.0,0.6964285714285714,1.4761084322962552,39.0,4.0,0.6666666666666666,1.4506611150378061,56.0,4.0,0.0,0.0,0.0,954,0.279874213836478,0.16666666666666666,0.24423480083857443,0.2526205450733753,0.09538784067085954,0.31551362683438156,40.0,5.9958071278826
2023-10-20,8,0,0,4,0,0,0,0,20,0,0,0,2023,10,20,4,293,42,4,0,0,1,-0.433883739117558,-0.9009688679024191,-0.9455963874271428,0.3253420847119795,-0.9350162426854148,0.35460488704253557,-0.8660254037844386,0.5000000000000001,0.0,0.0,0.0,0.0,4.0,1.0,2.6666666666666665,4.618802153517008,8.0,8.0,1.1428571428571428,3.0237157840738167,8.0,8.0,0.8571428571428571,2.315736894087358,12.0,8.0,1.0357142857142858,2.063476800920356,29.0,8.0,0.8392857142857143,1.7661132025314368,47.0,8.0,0.7619047619047619,1.6546323991638123,64.0,8.0,8.0,8.0,7.0,954,0.279874213836478,0.16666666666666666,0.24423480083857443,0.2526205450733753,0.09538784067085954,0.31551362683438156,40.0,5.9958071278826
2023-10-21,0,0,0,0,0,0,0,0,0,0,0,0,2023,10,21,5,294,42,4,1,0,0,-0.9749279121818236,-0.2225209339563146,-0.9398560579418953,0.341570769167856,-0.9350162426854148,0.35460488704253557,-0.8660254037844386,0.5000000000000001,8.0,0.0,0.0,0.0,4.0,4.0,2.6666666666666665,4.618802153517008,8.0,8.0,1.1428571428571428,3.023715784073817,8.0,8.0,0.5714285714285714,2.1380899352993956,8.0,8.0,0.8928571428571429,1.9877268929755412,25.0,8.0,0.8392857142857143,1.7661132025314368,47.0,8.0,0.7142857142857143,1.6174606646596297,60.0,8.0,-8.0,0.0,-4.0,954,0.279874213836478,0.16666666666666666,0.24423480083857443,0.2526205450733753,0.09538784067085954,0.31551362683438156,40.0,5.9958071278826
2023-10-22,0,0,0,0,0,0,0,0,0,0,0,0,2023,10,22,6,295,42,4,1,0,0,-0.7818314824680299,0.6234898018587334,-0.9338372288229252,0.35769823883312546,-0.9350162426854148,0.35460488704253557,-0.8660254037844386,0.5000000000000001,0.0,8.0,0.0,0.0,0.0,0.0,2.6666666666666665,4.618802153517008,8.0,8.0,1.1428571428571428,3.023715784073817,8.0,8.0,0.5714285714285714,2.1380899352993956,8.0,8.0,0.8928571428571429,1.9877268929755412,25.0,8.0,0.8392857142857143,1.7661132025314368,47.0,8.0,0.6666666666666666,1.5779606583680819,56.0,8.0,0.0,0.0,0.0,954,0.279874213836478,0.16666666666666666,0.24423480083857443,0.2526205450733753,0.09538784067085954,0.31551362683438156,40.0,5.9958071278826
2023-10-23,0,0,0,0,0,0,0,0,0,0,0,0,2023,10,23,0,296,43,4,0,1,0,0.0,1.0,-0.9275416835791965,0.3737197147904692,-0.8854560256532101,0.464723172043768,-0.8660254037844386,0.5000000000000001,0.0,0.0,8.0,0.0,0.0,0.0,0.0,0.0,0.0,0.0,1.1428571428571428,3.023715784073817,8.0,8.0,0.5714285714285714,2.1380899352993956,8.0,8.0,0.8928571428571429,1.9877268929755412,25.0,8.0,0.8392857142857143,1.7661132025314368,47.0,8.0,0.6666666666666666,1.5779606583680819,56.0,8.0,0.0,0.0,0.0,954,0.279874213836478,0.16666666666666666,0.24423480083857443,0.2526205450733753,0.09538784067085954,0.31551362683438156,40.0,5.9958071278826
2023-10-24,0,0,0,0,0,0,0,0,0,0,0,0,2023,10,24,1,297,43,4,0,0,0,0.7818314824680298,0.6234898018587336,-0.9209712877166347,0.38963044953078774,-0.8854560256532101,0.464723172043768,-0.8660254037844386,0.5000000000000001,0.0,0.0,0.0,0.0,0.0,0.0,0.0,0.0,0.0,0.0,1.1428571428571428,3.023715784073817,8.0,8.0,0.5714285714285714,2.1380899352993956,8.0,8.0,0.8928571428571429,1.9877268929755412,25.0,8.0,0.8392857142857143,1.7661132025314368,47.0,8.0,0.6666666666666666,1.5779606583680819,56.0,8.0,0.0,0.0,0.0,954,0.279874213836478,0.16666666666666666,0.24423480083857443,0.2526205450733753,0.09538784067085954,0.31551362683438156,40.0,5.9958071278826
2023-10-25,0,0,0,0,0,0,0,0,0,0,0,0,2023,10,25,2,298,43,4,0,0,0,0.9749279121818236,-0.22252093395631434,-0.9141279881853337,0.4054257283599973,-0.8854560256532101,0.464723172043768,-0.8660254037844386,0.5000000000000001,0.0,0.0,0.0,0.0,0.0,0.0,0.0,0.0,0.0,0.0,1.1428571428571428,3.023715784073817,8.0,8.0,0.5714285714285714,2.1380899352993956,8.0,8.0,0.8928571428571429,1.9877268929755412,25.0,8.0,0.7678571428571429,1.7161380684927057,43.0,8.0,0.6666666666666666,1.5779606583680819,56.0,8.0,0.0,0.0,0.0,954,0.279874213836478,0.16666666666666666,0.24423480083857443,0.2526205450733753,0.09538784067085954,0.31551362683438156,40.0,5.9958071278826
2023-10-26,0,0,0,0,0,0,0,0,0,0,0,0,2023,10,26,3,299,43,4,0,0,0,0.43388373911755823,-0.900968867902419,-0.9070138128026362,0.42110087079608916,-0.8854560256532101,0.464723172043768,-0.8660254037844386,0.5000000000000001,0.0,0.0,0.0,0.0,0.0,0.0,0.0,0.0,0.0,0.0,1.1428571428571428,3.023715784073817,8.0,8.0,0.5714285714285714,2.1380899352993956,8.0,8.0,0.8928571428571429,1.9877268929755412,25.0,8.0,0.7678571428571429,1.7161380684927057,43.0,8.0,0.6666666666666666,1.5779606583680819,56.0,8.0,0.0,0.0,0.0,954,0.279874213836478,0.16666666666666666,0.24423480083857443,0.2526205450733753,0.09538784067085954,0.31551362683438156,40.0,5.9958071278826
2023-10-27,0,0,0,0,0,0,0,0,0,0,0,0,2023,10,27,4,300,43,4,0,0,1,-0.433883739117558,-0.9009688679024191,-0.8996308696522434,0.4366512319560638,-0.8854560256532101,0.464723172043768,-0.8660254037844386,0.5000000000000001,0.0,0.0,0.0,8.0,0.0,0.0,0.0,0.0,0.0,0.0,0.0,0.0,0.0,0.0,0.5714285714285714,2.1380899352993956,8.0,8.0,0.8928571428571429,1.9877268929755412,25.0,8.0,0.7678571428571429,1.7161380684927057,43.0,8.0,0.6666666666666666,1.5779606583680819,56.0,8.0,0.0,-8.0,0.0,954,0.279874213836478,0.16666666666666666,0.24423480083857443,0.2526205450733753,0.09538784067085954,0.31551362683438156,40.0,5.9958071278826
2023-10-28,4,4,0,0,0,8,0,4,12,4,4,0,2023,10,28,5,301,43,4,1,0,0,-0.9749279121818236,-0.2225209339563146,-0.8919813464595487,0.45207220393230374,-0.8854560256532101,0.464723172043768,-0.8660254037844386,0.5000000000000001,0.0,0.0,0.0,0.0,0.0,0.0,1.3333333333333333,2.309401076758506,4.0,4.0,0.5714285714285714,1.511857892036907,4.0,4.0,0.8571428571428571,2.315736894087358,12.0,8.0,1.0357142857142858,2.063476800920356,29.0,8.0,0.8392857142857143,1.7661132025314368,47.0,8.0,0.7142857142857143,1.6174606646596297,60.0,8.0,4.0,4.0,4.0,954,0.279874213836478,0.16666666666666666,0.24423480083857443,0.2526205450733753,0.09538784067085954,0.31551362683438156,40.0,5.9958071278826
2023-10-29,0,0,0,0,0,0,0,0,0,0,0,0,2023,10,29,6,302,43,4,1,0,0,-0.7818314824680299,0.6234898018587334,-0.8840675099433637,0.46735921715800205,-0.8854560256532101,0.464723172043768,-0.8660254037844386,0.5000000000000001,4.0,0.0,0.0,0.0,0.0,1.0,1.3333333333333333,2.309401076758506,4.0,4.0,0.5714285714285714,1.511857892036907,4.0,4.0,0.8571428571428571,2.315736894087358,12.0,8.0,1.0,2.072750900686403,28.0,8.0,0.7678571428571429,1.7161380684927057,43.0,8.0,0.7142857142857143,1.6174606646596297,60.0,8.0,-4.0,0.0,-1.0,954,0.279874213836478,0.16666666666666666,0.24423480083857443,0.2526205450733753,0.09538784067085954,0.31551362683438156,40.0,5.9958071278826
2023-10-30,0,0,0,0,0,0,0,0,0,0,0,0,2023,10,30,0,303,44,4,0,1,0,0.0,1.0,-0.8758917051442433,0.48250774176121763,-0.822983865893657,0.5680647467311548,-0.8660254037844386,0.5000000000000001,0.0,4.0,0.0,0.0,0.0,4.0,1.3333333333333333,2.309401076758506,4.0,4.0,0.5714285714285714,1.511857892036907,4.0,4.0,0.8571428571428571,2.315736894087358,12.0,8.0,0.8571428571428571,1.9947019774482546,24.0,8.0,0.7678571428571429,1.7161380684927057,43.0,8.0,0.7142857142857143,1.6174606646596297,60.0,8.0,0.0,0.0,-4.0,954,0.279874213836478,0.16666666666666666,0.24423480083857443,0.2526205450733753,0.09538784067085954,0.31551362683438156,40.0,5.9958071278826
2023-10-31,1,0,0,1,0,0,0,0,2,0,0,0,2023,10,31,1,304,44,4,0,0,0,0.7818314824680298,0.6234898018587336,-0.8674563547295971,0.4975132889071803,-0.822983865893657,0.5680647467311548,-0.8660254037844386,0.5000000000000001,0.0,0.0,4.0,0.0,0.0,0.0,0.3333333333333333,0.5773502691896326,1.0,1.0,0.7142857142857143,1.4960264830861896,5.0,4.0,0.9285714285714286,2.3026501693044485,13.0,8.0,0.8928571428571429,1.9877268929755414,25.0,8.0,0.7857142857142857,1.7132031213679653,44.0,8.0,0.7261904761904762,1.6158193152909273,61.0,8.0,1.0,1.0,1.0,954,0.279874213836478,0.16666666666666666,0.24423480083857443,0.2526205450733753,0.09538784067085954,0.31551362683438156,40.0,5.9958071278826
2023-11-01,0,0,0,0,0,0,0,0,0,0,0,0,2023,11,1,2,305,44,4,0,0,0,0.9749279121818236,-0.22252093395631434,-0.858763958275803,0.5123714121284235,-0.822983865893657,0.5680647467311548,-0.5000000000000004,0.8660254037844384,1.0,0.0,0.0,0.0,0.0,4.0,0.3333333333333333,0.5773502691896326,1.0,1.0,0.7142857142857143,1.4960264830861896,5.0,4.0,0.9285714285714286,2.3026501693044485,13.0,8.0,0.75,1.8978545391709685,21.0,8.0,0.7857142857142857,1.7132031213679653,44.0,8.0,0.7261904761904762,1.6158193152909273,61.0,8.0,-1.0,0.0,-4.0,954,0.279874213836478,0.16666666666666666,0.24423480083857443,0.2526205450733753,0.09538784067085954,0.31551362683438156,40.0,5.9958071278826
2023-11-02,0,0,0,0,0,0,0,0,0,0,0,0,2023,11,2,3,306,44,4,0,0,0,0.43388373911755823,-0.900968867902419,-0.8498170915275277,0.5270777086423724,-0.822983865893657,0.5680647467311548,-0.5000000000000004,0.8660254037844384,0.0,1.0,0.0,0.0,0.0,0.0,0.3333333333333333,0.5773502691896326,1.0,1.0,0.7142857142857143,1.4960264830861896,5.0,4.0,0.9285714285714286,2.3026501693044485,13.0,8.0,0.75,1.8978545391709685,21.0,8.0,0.7857142857142857,1.7132031213679653,44.0,8.0,0.7261904761904762,1.6158193152909273,61.0,8.0,0.0,0.0,0.0,954,0.279874213836478,0.16666666666666666,0.24423480083857443,0.2526205450733753,0.09538784067085954,0.31551362683438156,40.0,5.9958071278826
2023-11-03,0,0,0,0,0,0,0,0,0,0,0,0,2023,11,3,4,307,44,4,0,0,1,-0.433883739117558,-0.9009688679024191,-0.8406184056344783,0.5416278206559811,-0.822983865893657,0.5680647467311548,-0.5000000000000004,0.8660254037844384,0.0,0.0,1.0,0.0,8.0,4.0,0.0,0.0,0.0,0.0,0.7142857142857143,1.4960264830861896,5.0,4.0,0.35714285714285715,1.0818177620697829,5.0,4.0,0.6071428571428571,1.7917358790618267,17.0,8.0,0.7857142857142857,1.7132031213679653,44.0,8.0,0.7261904761904762,1.6158193152909273,61.0,8.0,0.0,0.0,-4.0,954,0.279874213836478,0.16666666666666666,0.24423480083857443,0.2526205450733753,0.09538784067085954,0.31551362683438156,40.0,5.9958071278826
2023-11-04,4,0,0,0,0,4,0,4,12,0,0,0,2023,11,4,5,308,44,4,1,0,0,-0.9749279121818236,-0.2225209339563146,-0.8311706263658079,0.5560174366570446,-0.822983865893657,0.5680647467311548,-0.5000000000000004,0.8660254037844384,0.0,0.0,0.0,4.0,0.0,4.0,1.3333333333333333,2.309401076758506,4.0,4.0,0.7142857142857143,1.4960264830861896,5.0,4.0,0.6428571428571429,1.4468609447374672,9.0,4.0,0.6071428571428571,1.7917358790618267,17.0,8.0,0.8571428571428571,1.7625247534413553,48.0,8.0,0.7738095238095238,1.6526808486147846,65.0,8.0,4.0,0.0,0.0,954,0.279874213836478,0.16666666666666666,0.24423480083857443,0.2526205450733753,0.09538784067085954,0.31551362683438156,40.0,5.9958071278826
2023-11-05,0,0,0,0,0,0,0,0,0,0,0,0,2023,11,5,6,309,44,4,1,0,0,-0.7818314824680299,0.6234898018587334,-0.8214765533024145,0.5702422926917867,-0.822983865893657,0.5680647467311548,-0.5000000000000004,0.8660254037844384,4.0,0.0,0.0,0.0,0.0,0.0,1.3333333333333333,2.309401076758506,4.0,4.0,0.7142857142857143,1.4960264830861896,5.0,4.0,0.6428571428571429,1.4468609447374672,9.0,4.0,0.6071428571428571,1.7917358790618267,17.0,8.0,0.8571428571428571,1.7625247534413553,48.0,8.0,0.7738095238095238,1.6526808486147846,65.0,8.0,-4.0,0.0,0.0,954,0.279874213836478,0.16666666666666666,0.24423480083857443,0.2526205450733753,0.09538784067085954,0.31551362683438156,40.0,5.9958071278826
2023-11-06,0,0,0,0,0,0,0,0,0,0,0,0,2023,11,6,0,310,45,4,0,1,0,0.0,1.0,-0.8115390590073611,0.5842981736283683,-0.7485107481711011,0.6631226582407952,-0.5000000000000004,0.8660254037844384,0.0,4.0,0.0,0.0,0.0,0.0,1.3333333333333333,2.309401076758506,4.0,4.0,0.7142857142857143,1.4960264830861896,5.0,4.0,0.6428571428571429,1.4468609447374672,9.0,4.0,0.6071428571428571,1.7917358790618267,17.0,8.0,0.8571428571428571,1.7625247534413553,48.0,8.0,0.7738095238095238,1.6526808486147846,65.0,8.0,0.0,0.0,0.0,954,0.279874213836478,0.16666666666666666,0.24423480083857443,0.2526205450733753,0.09538784067085954,0.31551362683438156,40.0,5.9958071278826
2023-11-07,0,0,0,0,0,0,0,0,0,0,0,0,2023,11,7,1,311,45,4,0,0,0,0.7818314824680298,0.6234898018587336,-0.801361088174677,0.5981809144059158,-0.7485107481711011,0.6631226582407952,-0.5000000000000004,0.8660254037844384,0.0,0.0,4.0,1.0,0.0,0.0,0.0,0.0,0.0,0.0,0.5714285714285714,1.511857892036907,4.0,4.0,0.6428571428571429,1.4468609447374672,9.0,4.0,0.6071428571428571,1.7917358790618267,17.0,8.0,0.7857142857142857,1.7132031213679653,44.0,8.0,0.7738095238095238,1.6526808486147846,65.0,8.0,0.0,-1.0,0.0,954,0.279874213836478,0.16666666666666666,0.24423480083857443,0.2526205450733753,0.09538784067085954,0.31551362683438156,40.0,5.9958071278826
2023-11-08,0,0,0,0,0,0,0,0,0,0,0,0,2023,11,8,2,312,45,4,0,0,0,0.9749279121818236,-0.22252093395631434,-0.7909456567567774,0.6118864012687242,-0.7485107481711011,0.6631226582407952,-0.5000000000000004,0.8660254037844384,0.0,0.0,0.0,0.0,0.0,0.0,0.0,0.0,0.0,0.0,0.5714285714285714,1.511857892036907,4.0,4.0,0.6428571428571429,1.4468609447374672,9.0,4.0,0.6071428571428571,1.7917358790618267,17.0,8.0,0.7857142857142857,1.7132031213679653,44.0,8.0,0.7261904761904762,1.6158193152909273,61.0,8.0,0.0,0.0,0.0,954,0.279874213836478,0.16666666666666666,0.24423480083857443,0.2526205450733753,0.09538784067085954,0.31551362683438156,40.0,5.9958071278826
2023-11-09,0,0,0,0,0,0,0,0,0,0,0,0,2023,11,9,3,313,45,4,0,0,0,0.43388373911755823,-0.900968867902419,-0.780295851070776,0.6254105729852457,-0.7485107481711011,0.6631226582407952,-0.5000000000000004,0.8660254037844384,0.0,0.0,0.0,0.0,0.0,0.0,0.0,0.0,0.0,0.0,0.5714285714285714,1.511857892036907,4.0,4.0,0.6428571428571429,1.4468609447374672,9.0,4.0,0.6071428571428571,1.7917358790618267,17.0,8.0,0.7857142857142857,1.7132031213679653,44.0,8.0,0.7261904761904762,1.6158193152909273,61.0,8.0,0.0,0.0,0.0,954,0.279874213836478,0.16666666666666666,0.24423480083857443,0.2526205450733753,0.09538784067085954,0.31551362683438156,40.0,5.9958071278826
2023-11-10,1,1,0,0,0,0,0,0,3,0,0,0,2023,11,10,4,314,45,4,0,0,1,-0.433883739117558,-0.9009688679024191,-0.7694148268839381,0.6387494220515268,-0.7485107481711011,0.6631226582407952,-0.5000000000000004,0.8660254037844384,0.0,0.0,0.0,0.0,0.0,0.0,0.3333333333333333,0.5773502691896326,1.0,1.0,0.7142857142857143,1.4960264830861896,5.0,4.0,0.7142857142857143,1.4373357526806563,10.0,4.0,0.6428571428571429,1.7891501337389766,18.0,8.0,0.8035714285714286,1.710073287713323,45.0,8.0,0.7380952380952381,1.614087437495462,62.0,8.0,1.0,1.0,1.0,954,0.279874213836478,0.16666666666666666,0.24423480083857443,0.2526205450733753,0.09538784067085954,0.31551362683438156,40.0,5.9958071278826
2023-11-11,0,0,0,0,0,0,0,0,0,0,0,0,2023,11,11,5,315,45,4,1,0,0,-0.9749279121818236,-0.2225209339563146,-0.7583058084785625,0.6518989958787125,-0.7485107481711011,0.6631226582407952,-0.5000000000000004,0.8660254037844384,1.0,0.0,0.0,4.0,4.0,0.0,0.3333333333333333,0.5773502691896326,1.0,1.0,0.14285714285714285,0.37796447300921787,1.0,1.0,0.42857142857142855,1.0894095588038457,6.0,4.0,0.6428571428571429,1.7891501337389766,18.0,8.0,0.8035714285714286,1.710073287713323,45.0,8.0,0.6904761904761905,1.5752314075646425,58.0,8.0,-1.0,-4.0,0.0,954,0.279874213836478,0.16666666666666666,0.24423480083857443,0.2526205450733753,0.09538784067085954,0.31551362683438156,40.0,5.9958071278826
2023-11-12,0,0,0,0,0,0,0,0,0,0,0,0,2023,11,12,6,316,45,4,1,0,0,-0.7818314824680299,0.6234898018587334,-0.7469720876965551,0.6648553979642866,-0.7485107481711011,0.6631226582407952,-0.5000000000000004,0.8660254037844384,0.0,1.0,0.0,0.0,0.0,0.0,0.3333333333333333,0.5773502691896326,1.0,1.0,0.14285714285714285,0.37796447300921787,1.0,1.0,0.42857142857142855,1.0894095588038457,6.0,4.0,0.6428571428571429,1.7891501337389766,18.0,8.0,0.8035714285714286,1.710073287713323,45.0,8.0,0.6904761904761905,1.5752314075646425,58.0,8.0,0.0,0.0,0.0,954,0.279874213836478,0.16666666666666666,0.24423480083857443,0.2526205450733753,0.09538784067085954,0.31551362683438156,40.0,5.9958071278826
2023-11-13,0,0,0,0,0,0,0,0,0,0,0,0,2023,11,13,0,317,46,4,0,1,0,0.0,1.0,-0.7354170229639858,0.6776147890466887,-0.6631226582407955,0.7485107481711007,-0.5000000000000004,0.8660254037844384,0.0,0.0,1.0,0.0,0.0,0.0,0.0,0.0,0.0,0.0,0.14285714285714285,0.37796447300921787,1.0,1.0,0.42857142857142855,1.0894095588038457,6.0,4.0,0.6428571428571429,1.7891501337389766,18.0,8.0,0.7321428571428571,1.6568433450781863,41.0,8.0,0.6904761904761905,1.5752314075646425,58.0,8.0,0.0,0.0,0.0,954,0.279874213836478,0.16666666666666666,0.24423480083857443,0.2526205450733753,0.09538784067085954,0.31551362683438156,40.0,5.9958071278826
2023-11-14,4,4,0,0,0,0,0,0,8,0,0,0,2023,11,14,1,318,46,4,0,0,0,0.7818314824680298,0.6234898018587336,-0.7236440382959124,0.690173388242972,-0.6631226582407955,0.7485107481711007,-0.5000000000000004,0.8660254037844384,0.0,0.0,0.0,0.0,1.0,0.0,1.3333333333333333,2.309401076758506,4.0,4.0,0.7142857142857143,1.4960264830861896,5.0,4.0,0.6428571428571429,1.4468609447374672,9.0,4.0,0.7857142857142857,1.8926200310708379,22.0,8.0,0.8035714285714286,1.710073287713323,45.0,8.0,0.7261904761904762,1.6158193152909275,61.0,8.0,4.0,4.0,4.0,954,0.279874213836478,0.16666666666666666,0.24423480083857443,0.2526205450733753,0.09538784067085954,0.31551362683438156,40.0,5.9958071278826
2023-11-15,0,0,0,0,0,0,0,0,0,0,0,0,2023,11,15,2,319,46,4,0,0,0,0.9749279121818236,-0.22252093395631434,-0.711656622281775,0.7025274741691566,-0.6631226582407955,0.7485107481711007,-0.5000000000000004,0.8660254037844384,4.0,0.0,0.0,0.0,0.0,0.0,1.3333333333333333,2.309401076758506,4.0,4.0,0.7142857142857143,1.4960264830861896,5.0,4.0,0.6428571428571429,1.4468609447374672,9.0,4.0,0.7857142857142857,1.8926200310708379,22.0,8.0,0.7857142857142857,1.7132031213679653,44.0,8.0,0.7261904761904762,1.6158193152909275,61.0,8.0,-4.0,0.0,0.0,954,0.279874213836478,0.16666666666666666,0.24423480083857443,0.2526205450733753,0.09538784067085954,0.31551362683438156,40.0,5.9958071278826
2023-11-16,0,0,0,0,0,0,0,0,0,0,0,0,2023,11,16,3,320,46,4,0,0,0,0.43388373911755823,-0.900968867902419,-0.6994583270516471,0.7146733860429608,-0.6631226582407955,0.7485107481711007,-0.5000000000000004,0.8660254037844384,0.0,4.0,0.0,0.0,0.0,0.0,1.3333333333333333,2.309401076758506,4.0,4.0,0.7142857142857143,1.4960264830861896,5.0,4.0,0.6428571428571429,1.4468609447374672,9.0,4.0,0.7857142857142857,1.8926200310708379,22.0,8.0,0.7857142857142857,1.7132031213679653,44.0,8.0,0.7261904761904762,1.6158193152909275,61.0,8.0,0.0,0.0,0.0,954,0.279874213836478,0.16666666666666666,0.24423480083857443,0.2526205450733753,0.09538784067085954,0.31551362683438156,40.0,5.9958071278826
2023-11-17,0,0,0,0,0,0,0,0,0,0,0,0,2023,11,17,4,321,46,4,0,0,1,-0.433883739117558,-0.9009688679024191,-0.6870527672236675,0.7266075247685652,-0.6631226582407955,0.7485107481711007,-0.5000000000000004,0.8660254037844384,0.0,0.0,4.0,1.0,0.0,8.0,0.0,0.0,0.0,0.0,0.5714285714285714,1.511857892036907,4.0,4.0,0.6428571428571429,1.4468609447374672,9.0,4.0,0.5,1.2619796324000596,14.0,4.0,0.7678571428571429,1.7161380684927057,43.0,8.0,0.7261904761904762,1.6158193152909275,61.0,8.0,0.0,-1.0,-8.0,954,0.279874213836478,0.16666666666666666,0.24423480083857443,0.2526205450733753,0.09538784067085954,0.31551362683438156,40.0,5.9958071278826
2023-11-18,4,0,0,0,0,0,0,0,12,0,0,0,2023,11,18,5,322,46,4,1,0,0,-0.9749279121818236,-0.2225209339563146,-0.6744436188329457,0.7383263540031063,-0.6631226582407955,0.7485107481711007,-0.5000000000000004,0.8660254037844384,0.0,0.0,0.0,0.0,4.0,0.0,1.3333333333333333,2.309401076758506,4.0,4.0,1.1428571428571428,1.9518001458970653,8.0,4.0,0.6428571428571429,1.4468609447374672,9.0,4.0,0.6428571428571429,1.4198144300833868,18.0,4.0,0.7678571428571429,1.7161380684927057,43.0,8.0,0.7738095238095238,1.6526808486147848,65.0,8.0,4.0,4.0,4.0,954,0.279874213836478,0.16666666666666666,0.24423480083857443,0.2526205450733753,0.09538784067085954,0.31551362683438156,40.0,5.9958071278826
2023-11-19,0,0,0,0,0,0,0,0,0,0,0,0,2023,11,19,6,323,46,4,1,0,0,-0.7818314824680299,0.6234898018587334,-0.661634618242279,0.749826401204568,-0.6631226582407955,0.7485107481711007,-0.5000000000000004,0.8660254037844384,4.0,0.0,0.0,0.0,0.0,0.0,1.3333333333333333,2.309401076758506,4.0,4.0,1.1428571428571428,1.9518001458970653,8.0,4.0,0.6428571428571429,1.4468609447374672,9.0,4.0,0.6428571428571429,1.4198144300833868,18.0,4.0,0.7678571428571429,1.7161380684927057,43.0,8.0,0.7738095238095238,1.6526808486147848,65.0,8.0,-4.0,0.0,0.0,954,0.279874213836478,0.16666666666666666,0.24423480083857443,0.2526205450733753,0.09538784067085954,0.31551362683438156,40.0,5.9958071278826
2023-11-20,1,1,0,0,0,0,0,0,2,1,1,0,2023,11,20,0,324,47,4,0,1,0,0.0,1.0,-0.6486295610349818,0.7611042586607742,-0.5680647467311559,0.8229838658936564,-0.5000000000000004,0.8660254037844384,0.0,4.0,0.0,0.0,0.0,0.0,1.6666666666666667,2.081665999466136,5.0,4.0,1.2857142857142858,1.8898223650461352,9.0,4.0,0.7142857142857143,1.4373357526806563,10.0,4.0,0.6785714285714286,1.415615856780451,19.0,4.0,0.7857142857142857,1.7132031213679653,44.0,8.0,0.7857142857142857,1.6506400990709424,66.0,8.0,1.0,1.0,1.0,954,0.279874213836478,0.16666666666666666,0.24423480083857443,0.2526205450733753,0.09538784067085954,0.31551362683438156,40.0,5.9958071278826
2023-11-21,0,0,0,0,0,0,0,0,0,0,0,0,2023,11,21,1,325,47,4,0,0,0,0.7818314824680298,0.6234898018587336,-0.6354323008901775,0.7721565844991641,-0.5680647467311559,0.8229838658936564,-0.5000000000000004,0.8660254037844384,1.0,0.0,4.0,4.0,0.0,0.0,0.3333333333333333,0.577350269189632,1.0,1.0,0.7142857142857143,1.4960264830861896,5.0,4.0,0.7142857142857143,1.4373357526806563,10.0,4.0,0.6785714285714286,1.415615856780451,19.0,4.0,0.7857142857142857,1.7132031213679653,44.0,8.0,0.7857142857142857,1.6506400990709424,66.0,8.0,-1.0,-4.0,0.0,954,0.279874213836478,0.16666666666666666,0.24423480083857443,0.2526205450733753,0.09538784067085954,0.31551362683438156,40.0,5.9958071278826
2023-11-22,0,0,0,0,0,0,0,0,0,0,0,0,2023,11,22,2,326,47,4,0,0,0,0.9749279121818236,-0.22252093395631434,-0.622046748440868,0.7829801036770624,-0.5680647467311559,0.8229838658936564,-0.5000000000000004,0.8660254037844384,0.0,1.0,0.0,0.0,0.0,0.0,0.3333333333333333,0.577350269189632,1.0,1.0,0.7142857142857143,1.4960264830861896,5.0,4.0,0.7142857142857143,1.4373357526806563,10.0,4.0,0.6785714285714286,1.415615856780451,19.0,4.0,0.7857142857142857,1.7132031213679653,44.0,8.0,0.7380952380952381,1.6140874374954621,62.0,8.0,0.0,0.0,0.0,954,0.279874213836478,0.16666666666666666,0.24423480083857443,0.2526205450733753,0.09538784067085954,0.31551362683438156,40.0,5.9958071278826
2023-11-23,1,0,0,0,0,1,0,1,2,0,0,0,2023,11,23,3,327,47,4,0,0,0,0.43388373911755823,-0.900968867902419,-0.6084768701151264,0.7935716089521472,-0.5680647467311559,0.8229838658936564,-0.5000000000000004,0.8660254037844384,0.0,0.0,1.0,0.0,0.0,0.0,0.3333333333333333,0.577350269189632,1.0,1.0,0.8571428571428571,1.463850109422798,6.0,4.0,0.7857142857142857,1.423893439647971,11.0,4.0,0.7142857142857143,1.4104672946998758,20.0,4.0,0.8035714285714286,1.710073287713323,45.0,8.0,0.75,1.6122647395392131,63.0,8.0,1.0,1.0,1.0,954,0.279874213836478,0.16666666666666666,0.24423480083857443,0.2526205450733753,0.09538784067085954,0.31551362683438156,40.0,5.9958071278826
2023-11-24,4,0,4,0,0,0,0,0,12,0,0,4,2023,11,24,4,328,47,4,0,0,1,-0.433883739117558,-0.9009688679024191,-0.594726686960764,0.8039279618328208,-0.5680647467311559,0.8229838658936564,-0.5000000000000004,0.8660254037844384,1.0,0.0,0.0,0.0,1.0,0.0,1.6666666666666667,2.081665999466136,5.0,4.0,1.4285714285714286,1.8126539343499306,10.0,4.0,1.0,1.664100588675688,14.0,4.0,0.8571428571428571,1.5327120894696258,24.0,4.0,0.875,1.758744386823117,49.0,8.0,0.7976190476190477,1.6485098192643959,67.0,8.0,3.0,4.0,4.0,954,0.279874213836478,0.16666666666666666,0.24423480083857443,0.2526205450733753,0.09538784067085954,0.31551362683438156,40.0,5.9958071278826
2023-11-25,0,0,0,0,0,0,0,0,0,0,0,0,2023,11,25,5,329,47,4,1,0,0,-0.9749279121818236,-0.2225209339563146,-0.5808002734538013,0.8140460935082175,-0.5680647467311559,0.8229838658936564,-0.5000000000000004,0.8660254037844384,4.0,1.0,0.0,4.0,0.0,4.0,1.6666666666666667,2.081665999466136,5.0,4.0,0.8571428571428571,1.463850109422798,6.0,4.0,1.0,1.664100588675688,14.0,4.0,0.7142857142857143,1.4104672946998758,20.0,4.0,0.875,1.758744386823117,49.0,8.0,0.7976190476190477,1.6485098192643959,67.0,8.0,-4.0,-4.0,-4.0,954,0.279874213836478,0.16666666666666666,0.24423480083857443,0.2526205450733753,0.09538784067085954,0.31551362683438156,40.0,5.9958071278826
2023-11-26,0,0,0,0,0,0,0,0,0,0,0,0,2023,11,26,6,330,47,4,1,0,0,-0.7818314824680299,0.6234898018587334,-0.5667017562911184,0.8239230057575536,-0.5680647467311559,0.8229838658936564,-0.5000000000000004,0.8660254037844384,0.0,4.0,1.0,0.0,0.0,0.0,1.3333333333333333,2.3094010767585056,4.0,4.0,0.8571428571428571,1.463850109422798,6.0,4.0,1.0,1.664100588675688,14.0,4.0,0.7142857142857143,1.4104672946998758,20.0,4.0,0.8571428571428571,1.762524753441355,48.0,8.0,0.75,1.6122647395392131,63.0,8.0,0.0,0.0,0.0,954,0.279874213836478,0.16666666666666666,0.24423480083857443,0.2526205450733753,0.09538784067085954,0.31551362683438156,40.0,5.9958071278826
2023-11-27,0,0,0,0,0,0,0,0,0,0,0,0,2023,11,27,0,331,48,4,0,1,0,0.0,1.0,-0.5524353131676203,0.8335557718385695,-0.4647231720437684,0.88545602565321,-0.5000000000000004,0.8660254037844384,0.0,0.0,4.0,1.0,0.0,0.0,0.0,0.0,0.0,0.0,0.7142857142857143,1.4960264830861896,5.0,4.0,1.0,1.664100588675688,14.0,4.0,0.7142857142857143,1.4104672946998758,20.0,4.0,0.7857142857142857,1.713203121367965,44.0,8.0,0.75,1.6122647395392131,63.0,8.0,0.0,-1.0,0.0,954,0.279874213836478,0.16666666666666666,0.24423480083857443,0.2526205450733753,0.09538784067085954,0.31551362683438156,40.0,5.9958071278826
2023-11-28,0,0,0,0,0,0,0,0,0,0,0,0,2023,11,28,1,332,48,4,0,0,0,0.7818314824680298,0.6234898018587336,-0.5380051715382992,0.8429415373547832,-0.4647231720437684,0.88545602565321,-0.5000000000000004,0.8660254037844384,0.0,0.0,0.0,0.0,4.0,1.0,0.0,0.0,0.0,0.0,0.7142857142857143,1.4960264830861896,5.0,4.0,0.7142857142857143,1.437335752680656,10.0,4.0,0.6785714285714286,1.415615856780451,19.0,4.0,0.7857142857142857,1.713203121367965,44.0,8.0,0.75,1.6122647395392131,63.0,8.0,0.0,0.0,-1.0,954,0.279874213836478,0.16666666666666666,0.24423480083857443,0.2526205450733753,0.09538784067085954,0.31551362683438156,40.0,5.9958071278826
2023-11-29,0,0,0,0,0,0,0,0,0,0,0,0,2023,11,29,2,333,48,4,0,0,0,0.9749279121818236,-0.22252093395631434,-0.5234156073655503,0.8520775211013093,-0.4647231720437684,0.88545602565321,-0.5000000000000004,0.8660254037844384,0.0,0.0,0.0,0.0,0.0,0.0,0.0,0.0,0.0,0.0,0.7142857142857143,1.4960264830861896,5.0,4.0,0.7142857142857143,1.437335752680656,10.0,4.0,0.6785714285714286,1.415615856780451,19.0,4.0,0.7142857142857143,1.6592910393438387,40.0,8.0,0.75,1.6122647395392131,63.0,8.0,0.0,0.0,0.0,954,0.279874213836478,0.16666666666666666,0.24423480083857443,0.2526205450733753,0.09538784067085954,0.31551362683438156,40.0,5.9958071278826
2023-11-30,0,0,0,0,0,0,0,0,0,0,0,0,2023,11,30,3,334,48,4,0,0,0,0.43388373911755823,-0.900968867902419,-0.5086709438521042,0.8609610158889945,-0.4647231720437684,0.88545602565321,-0.5000000000000004,0.8660254037844384,0.0,0.0,0.0,1.0,0.0,0.0,0.0,0.0,0.0,0.0,0.5714285714285714,1.511857892036907,4.0,4.0,0.7142857142857143,1.437335752680656,10.0,4.0,0.6785714285714286,1.415615856780451,19.0,4.0,0.7142857142857143,1.6592910393438387,40.0,8.0,0.75,1.6122647395392131,63.0,8.0,0.0,-1.0,0.0,954,0.279874213836478,0.16666666666666666,0.24423480083857443,0.2526205450733753,0.09538784067085954,0.31551362683438156,40.0,5.9958071278826
2023-12-01,0,0,0,0,0,0,0,0,0,0,0,0,2023,12,1,4,335,48,4,0,0,1,-0.433883739117558,-0.9009688679024191,-0.49377555015997737,0.8695893893466109,-0.4647231720437684,0.88545602565321,-2.4492935982947064e-16,1.0,0.0,0.0,0.0,4.0,0.0,0.0,0.0,0.0,0.0,0.0,0.0,0.0,0.0,0.0,0.7142857142857143,1.437335752680656,10.0,4.0,0.6785714285714286,1.415615856780451,19.0,4.0,0.6428571428571429,1.6003246423894637,36.0,8.0,0.75,1.6122647395392131,63.0,8.0,0.0,-4.0,0.0,954,0.279874213836478,0.16666666666666666,0.24423480083857443,0.2526205450733753,0.09538784067085954,0.31551362683438156,40.0,5.9958071278826
2023-12-02,0,0,0,0,0,0,0,0,0,0,0,0,2023,12,2,5,336,48,4,1,0,0,-0.9749279121818236,-0.2225209339563146,-0.4787338401157883,0.8779600847008883,-0.4647231720437684,0.88545602565321,-2.4492935982947064e-16,1.0,0.0,0.0,0.0,0.0,4.0,4.0,0.0,0.0,0.0,0.0,0.0,0.0,0.0,0.0,0.42857142857142855,1.0894095588038457,6.0,4.0,0.5357142857142857,1.2614554456142466,15.0,4.0,0.5714285714285714,1.5357218362846714,32.0,8.0,0.75,1.6122647395392131,63.0,8.0,0.0,0.0,-4.0,954,0.279874213836478,0.16666666666666666,0.24423480083857443,0.2526205450733753,0.09538784067085954,0.31551362683438156,40.0,5.9958071278826
2023-12-03,0,0,0,0,0,0,0,0,0,0,0,0,2023,12,3,6,337,48,4,1,0,0,-0.7818314824680299,0.6234898018587334,-0.4635502709028512,0.8860706215341378,-0.4647231720437684,0.88545602565321,-2.4492935982947064e-16,1.0,0.0,0.0,0.0,0.0,0.0,0.0,0.0,0.0,0.0,0.0,0.0,0.0,0.0,0.0,0.42857142857142855,1.0894095588038457,6.0,4.0,0.5357142857142857,1.2614554456142466,15.0,4.0,0.5714285714285714,1.5357218362846714,32.0,8.0,0.75,1.6122647395392131,63.0,8.0,0.0,0.0,0.0,954,0.279874213836478,0.16666666666666666,0.24423480083857443,0.2526205450733753,0.09538784067085954,0.31551362683438156,40.0,5.9958071278826
2023-12-04,0,0,0,0,0,0,0,0,0,0,0,0,2023,12,4,0,338,49,4,0,1,0,0.0,1.0,-0.4482293417404106,0.893918596519257,-0.35460488704253595,0.9350162426854147,-2.4492935982947064e-16,1.0,0.0,0.0,0.0,0.0,1.0,0.0,0.0,0.0,0.0,0.0,0.0,0.0,0.0,0.0,0.35714285714285715,1.0818177620697829,5.0,4.0,0.5357142857142857,1.2614554456142466,15.0,4.0,0.5714285714285714,1.5357218362846714,32.0,8.0,0.75,1.6122647395392131,63.0,8.0,0.0,0.0,0.0,954,0.279874213836478,0.16666666666666666,0.24423480083857443,0.2526205450733753,0.09538784067085954,0.31551362683438156,40.0,5.9958071278826
2023-12-05,0,0,0,0,0,0,0,0,0,0,0,0,2023,12,5,1,339,49,4,0,0,0,0.7818314824680298,0.6234898018587336,-0.4327755925504317,0.9015016841318838,-0.35460488704253595,0.9350162426854147,-2.4492935982947064e-16,1.0,0.0,0.0,0.0,0.0,0.0,0.0,0.0,0.0,0.0,0.0,0.0,0.0,0.0,0.0,0.35714285714285715,1.0818177620697829,5.0,4.0,0.5357142857142857,1.2614554456142466,15.0,4.0,0.5714285714285714,1.5357218362846714,32.0,8.0,0.7023809523809523,1.5737283020869406,59.0,8.0,0.0,0.0,0.0,954,0.279874213836478,0.16666666666666666,0.24423480083857443,0.2526205450733753,0.09538784067085954,0.31551362683438156,40.0,5.9958071278826
2023-12-06,4,4,0,4,0,0,0,0,8,0,0,4,2023,12,6,2,340,49,4,0,0,0,0.9749279121818236,-0.22252093395631434,-0.41719360261231697,0.9088176373395028,-0.35460488704253595,0.9350162426854147,-2.4492935982947064e-16,1.0,0.0,0.0,0.0,0.0,0.0,0.0,1.3333333333333333,2.3094010767585056,4.0,4.0,0.5714285714285714,1.511857892036907,4.0,4.0,0.6428571428571429,1.4468609447374672,9.0,4.0,0.6785714285714286,1.415615856780451,19.0,4.0,0.6428571428571429,1.6003246423894637,36.0,8.0,0.75,1.6122647395392131,63.0,8.0,4.0,4.0,4.0,954,0.279874213836478,0.16666666666666666,0.24423480083857443,0.2526205450733753,0.09538784067085954,0.31551362683438156,40.0,5.9958071278826
2023-12-07,0,0,0,0,0,0,0,0,0,0,0,0,2023,12,7,3,341,49,4,0,0,0,0.43388373911755823,-0.900968867902419,-0.4014879892059737,0.9158642882672868,-0.35460488704253595,0.9350162426854147,-2.4492935982947064e-16,1.0,4.0,0.0,0.0,0.0,1.0,0.0,1.3333333333333333,2.3094010767585056,4.0,4.0,0.5714285714285714,1.511857892036907,4.0,4.0,0.5714285714285714,1.4525460784051267,8.0,4.0,0.6785714285714286,1.415615856780451,19.0,4.0,0.6428571428571429,1.6003246423894637,36.0,8.0,0.75,1.6122647395392131,63.0,8.0,-4.0,0.0,0.0,954,0.279874213836478,0.16666666666666666,0.24423480083857443,0.2526205450733753,0.09538784067085954,0.31551362683438156,40.0,5.9958071278826
2023-12-08,1,1,0,1,0,0,0,0,2,1,1,0,2023,12,8,4,342,49,4,0,0,1,-0.433883739117558,-0.9009688679024191,-0.38566340624360745,0.9226395488404875,-0.35460488704253595,0.9350162426854147,-2.4492935982947064e-16,1.0,0.0,4.0,0.0,0.0,4.0,1.0,1.6666666666666667,2.0816659994661357,5.0,4.0,0.7142857142857143,1.4960264830861896,5.0,4.0,0.35714285714285715,1.0818177620697829,5.0,4.0,0.6785714285714286,1.415615856780451,19.0,4.0,0.6607142857142857,1.598599224483574,37.0,8.0,0.7619047619047619,1.610350913034045,64.0,8.0,1.0,1.0,0.0,954,0.279874213836478,0.16666666666666666,0.24423480083857443,0.2526205450733753,0.09538784067085954,0.31551362683438156,40.0,5.9958071278826
2023-12-09,0,0,0,0,0,0,0,0,0,0,0,0,2023,12,9,5,343,49,4,1,0,0,-0.9749279121818236,-0.2225209339563146,-0.3697245428906732,0.9291414114031743,-0.35460488704253595,0.9350162426854147,-2.4492935982947064e-16,1.0,1.0,0.0,4.0,0.0,0.0,0.0,0.3333333333333333,0.5773502691896313,1.0,1.0,0.7142857142857143,1.4960264830861896,5.0,4.0,0.35714285714285715,1.0818177620697829,5.0,4.0,0.6785714285714286,1.415615856780451,19.0,4.0,0.6607142857142857,1.598599224483574,37.0,8.0,0.7619047619047619,1.610350913034045,64.0,8.0,-1.0,0.0,0.0,954,0.279874213836478,0.16666666666666666,0.24423480083857443,0.2526205450733753,0.09538784067085954,0.31551362683438156,40.0,5.9958071278826
2023-12-10,0,0,0,0,0,0,0,0,0,0,0,0,2023,12,10,6,344,49,4,1,0,0,-0.7818314824680299,0.6234898018587334,-0.3536761221763721,0.935367949313148,-0.35460488704253595,0.9350162426854147,-2.4492935982947064e-16,1.0,0.0,1.0,0.0,0.0,0.0,0.0,0.3333333333333333,0.5773502691896313,1.0,1.0,0.7142857142857143,1.4960264830861896,5.0,4.0,0.35714285714285715,1.0818177620697829,5.0,4.0,0.6785714285714286,1.415615856780451,19.0,4.0,0.6607142857142857,1.598599224483574,37.0,8.0,0.7619047619047619,1.610350913034045,64.0,8.0,0.0,0.0,0.0,954,0.279874213836478,0.16666666666666666,0.24423480083857443,0.2526205450733753,0.09538784067085954,0.31551362683438156,40.0,5.9958071278826
2023-12-11,0,0,0,0,0,0,0,0,0,0,0,0,2023,12,11,0,345,50,4,0,1,0,0.0,1.0,-0.33752289959411347,0.941317317512847,-0.2393156642875578,0.970941817426052,-2.4492935982947064e-16,1.0,0.0,0.0,1.0,0.0,0.0,0.0,0.0,0.0,0.0,0.0,0.7142857142857143,1.4960264830861896,5.0,4.0,0.35714285714285715,1.0818177620697829,5.0,4.0,0.6785714285714286,1.415615856780451,19.0,4.0,0.6607142857142857,1.598599224483574,37.0,8.0,0.7142857142857143,1.5721325289135646,60.0,8.0,0.0,0.0,0.0,954,0.279874213836478,0.16666666666666666,0.24423480083857443,0.2526205450733753,0.09538784067085954,0.31551362683438156,40.0,5.9958071278826
2023-12-12,0,0,0,0,0,0,0,0,0,0,0,0,2023,12,12,1,346,50,4,0,0,0,0.7818314824680298,0.6234898018587336,-0.32126966169236515,0.9469877530760751,-0.2393156642875578,0.970941817426052,-2.4492935982947064e-16,1.0,0.0,0.0,0.0,0.0,0.0,4.0,0.0,0.0,0.0,0.0,0.7142857142857143,1.4960264830861896,5.0,4.0,0.35714285714285715,1.0818177620697829,5.0,4.0,0.5357142857142857,1.2614554456142466,15.0,4.0,0.6607142857142857,1.598599224483574,37.0,8.0,0.7142857142857143,1.5721325289135646,60.0,8.0,0.0,0.0,-4.0,954,0.279874213836478,0.16666666666666666,0.24423480083857443,0.2526205450733753,0.09538784067085954,0.31551362683438156,40.0,5.9958071278826
2023-12-13,0,0,0,0,0,0,0,0,0,0,0,0,2023,12,13,2,347,50,4,0,0,0,0.9749279121818236,-0.22252093395631434,-0.3049212246562894,0.9523775757303973,-0.2393156642875578,0.970941817426052,-2.4492935982947064e-16,1.0,0.0,0.0,0.0,4.0,0.0,0.0,0.0,0.0,0.0,0.0,0.14285714285714285,0.37796447300921787,1.0,1.0,0.35714285714285715,1.0818177620697829,5.0,4.0,0.5357142857142857,1.2614554456142466,15.0,4.0,0.6607142857142857,1.598599224483574,37.0,8.0,0.7023809523809523,1.5737283020869406,59.0,8.0,0.0,-4.0,0.0,954,0.279874213836478,0.16666666666666666,0.24423480083857443,0.2526205450733753,0.09538784067085954,0.31551362683438156,40.0,5.9958071278826
2023-12-14,0,0,0,0,0,0,0,0,0,0,0,0,2023,12,14,3,348,50,4,0,0,0,0.43388373911755823,-0.900968867902419,-0.2884824328806098,0.9574851883550389,-0.2393156642875578,0.970941817426052,-2.4492935982947064e-16,1.0,0.0,0.0,0.0,0.0,0.0,0.0,0.0,0.0,0.0,0.0,0.14285714285714285,0.37796447300921787,1.0,1.0,0.35714285714285715,1.0818177620697829,5.0,4.0,0.5357142857142857,1.2614554456142466,15.0,4.0,0.6607142857142857,1.598599224483574,37.0,8.0,0.7023809523809523,1.5737283020869406,59.0,8.0,0.0,0.0,0.0,954,0.279874213836478,0.16666666666666666,0.24423480083857443,0.2526205450733753,0.09538784067085954,0.31551362683438156,40.0,5.9958071278826
2023-12-15,0,0,0,0,0,0,0,0,0,0,0,0,2023,12,15,4,349,50,4,0,0,1,-0.433883739117558,-0.9009688679024191,-0.27195815753410524,0.9623090774541487,-0.2393156642875578,0.970941817426052,-2.4492935982947064e-16,1.0,0.0,0.0,0.0,1.0,0.0,0.0,0.0,0.0,0.0,0.0,0.0,0.0,0.0,0.0,0.35714285714285715,1.0818177620697829,5.0,4.0,0.5357142857142857,1.2614554456142466,15.0,4.0,0.5178571428571429,1.2503246331699989,29.0,4.0,0.6904761904761905,1.5752314075646425,58.0,8.0,0.0,-1.0,0.0,954,0.279874213836478,0.16666666666666666,0.24423480083857443,0.2526205450733753,0.09538784067085954,0.31551362683438156,40.0,5.9958071278826
2023-12-16,0,0,0,0,0,0,0,0,0,0,0,0,2023,12,16,5,350,50,4,1,0,0,-0.9749279121818236,-0.2225209339563146,-0.2553532951161881,0.9668478136052773,-0.2393156642875578,0.970941817426052,-2.4492935982947064e-16,1.0,0.0,0.0,0.0,0.0,0.0,4.0,0.0,0.0,0.0,0.0,0.0,0.0,0.0,0.0,0.35714285714285715,1.0818177620697829,5.0,4.0,0.39285714285714285,1.0659471779799328,11.0,4.0,0.5178571428571429,1.2503246331699989,29.0,4.0,0.6428571428571429,1.5338969754038845,54.0,8.0,0.0,0.0,-4.0,954,0.279874213836478,0.16666666666666666,0.24423480083857443,0.2526205450733753,0.09538784067085954,0.31551362683438156,40.0,5.9958071278826
2023-12-17,4,0,0,0,0,0,0,0,8,0,0,0,2023,12,17,6,351,50,4,1,0,0,-0.7818314824680299,0.6234898018587334,-0.23867276600594997,0.9711000518829505,-0.2393156642875578,0.970941817426052,-2.4492935982947064e-16,1.0,0.0,0.0,0.0,0.0,0.0,0.0,1.3333333333333333,2.3094010767585056,4.0,4.0,0.5714285714285714,1.511857892036907,4.0,4.0,0.6428571428571429,1.4468609447374674,9.0,4.0,0.5357142857142857,1.2614554456142466,15.0,4.0,0.5892857142857143,1.3318037763504436,33.0,4.0,0.6904761904761905,1.5752314075646425,58.0,8.0,4.0,4.0,4.0,954,0.279874213836478,0.16666666666666666,0.24423480083857443,0.2526205450733753,0.09538784067085954,0.31551362683438156,40.0,5.9958071278826
2023-12-18,4,0,0,0,0,8,0,4,12,0,0,4,2023,12,18,0,352,51,4,0,1,0,0.0,1.0,-0.22192151300416674,0.9750645322571945,-0.12053668025532363,0.992708874098054,-2.4492935982947064e-16,1.0,4.0,0.0,0.0,0.0,0.0,1.0,2.6666666666666665,2.309401076758507,8.0,4.0,1.1428571428571428,1.951800145897065,8.0,4.0,0.9285714285714286,1.6854255666327551,13.0,4.0,0.6428571428571429,1.4198144300833868,18.0,4.0,0.6607142857142857,1.4048847990854276,37.0,4.0,0.7380952380952381,1.614087437495462,62.0,8.0,0.0,4.0,3.0,954,0.279874213836478,0.16666666666666666,0.24423480083857443,0.2526205450733753,0.09538784067085954,0.31551362683438156,40.0,5.9958071278826
2023-12-19,0,0,0,0,0,0,0,0,0,0,0,0,2023,12,19,1,353,51,4,0,0,0,0.7818314824680298,0.6234898018587336,-0.20510449986861926,0.9787400799669153,-0.12053668025532363,0.992708874098054,-2.4492935982947064e-16,1.0,4.0,4.0,0.0,0.0,0.0,0.0,2.6666666666666665,2.309401076758507,8.0,4.0,1.1428571428571428,1.951800145897065,8.0,4.0,0.9285714285714286,1.6854255666327551,13.0,4.0,0.6428571428571429,1.4198144300833868,18.0,4.0,0.6607142857142857,1.4048847990854276,37.0,4.0,0.7380952380952381,1.614087437495462,62.0,8.0,-4.0,0.0,0.0,954,0.279874213836478,0.16666666666666666,0.24423480083857443,0.2526205450733753,0.09538784067085954,0.31551362683438156,40.0,5.9958071278826
2023-12-20,0,0,0,0,0,0,0,0,0,0,0,0,2023,12,20,2,354,51,4,0,0,0,0.9749279121818236,-0.22252093395631434,-0.1882267098432439,0.9821256058680006,-0.12053668025532363,0.992708874098054,-2.4492935982947064e-16,1.0,0.0,4.0,4.0,0.0,4.0,0.0,1.3333333333333333,2.3094010767585056,4.0,4.0,1.1428571428571428,1.951800145897065,8.0,4.0,0.6428571428571429,1.4468609447374674,9.0,4.0,0.6428571428571429,1.4198144300833868,18.0,4.0,0.6607142857142857,1.4048847990854276,37.0,4.0,0.7380952380952381,1.614087437495462,62.0,8.0,0.0,0.0,0.0,954,0.279874213836478,0.16666666666666666,0.24423480083857443,0.2526205450733753,0.09538784067085954,0.31551362683438156,40.0,5.9958071278826
2023-12-21,0,0,0,0,0,0,0,0,0,0,0,0,2023,12,21,3,355,51,4,0,0,0,0.43388373911755823,-0.900968867902419,-0.1712931441814778,0.9852201067560606,-0.12053668025532363,0.992708874098054,-2.4492935982947064e-16,1.0,0.0,0.0,4.0,0.0,0.0,1.0,0.0,0.0,0.0,0.0,1.1428571428571428,1.951800145897065,8.0,4.0,0.6428571428571429,1.4468609447374674,9.0,4.0,0.6071428571428571,1.4230714230607933,17.0,4.0,0.6607142857142857,1.4048847990854276,37.0,4.0,0.7380952380952381,1.614087437495462,62.0,8.0,0.0,0.0,-1.0,954,0.279874213836478,0.16666666666666666,0.24423480083857443,0.2526205450733753,0.09538784067085954,0.31551362683438156,40.0,5.9958071278826
2023-12-22,0,0,0,0,0,0,0,0,0,0,0,0,2023,12,22,4,356,51,4,0,0,1,-0.433883739117558,-0.9009688679024191,-0.154308820664281,0.9880226656636976,-0.12053668025532363,0.992708874098054,-2.4492935982947064e-16,1.0,0.0,0.0,0.0,0.0,1.0,4.0,0.0,0.0,0.0,0.0,1.1428571428571428,1.951800145897065,8.0,4.0,0.5714285714285714,1.4525460784051267,8.0,4.0,0.4642857142857143,1.2614554456142466,13.0,4.0,0.6607142857142857,1.4048847990854276,37.0,4.0,0.7380952380952381,1.614087437495462,62.0,8.0,0.0,0.0,-4.0,954,0.279874213836478,0.16666666666666666,0.24423480083857443,0.2526205450733753,0.09538784067085954,0.31551362683438156,40.0,5.9958071278826
2023-12-23,0,0,0,0,0,0,0,0,0,0,0,0,2023,12,23,5,357,51,4,1,0,0,-0.9749279121818236,-0.2225209339563146,-0.13727877211326517,0.9905324521322227,-0.12053668025532363,0.992708874098054,-2.4492935982947064e-16,1.0,0.0,0.0,0.0,0.0,0.0,0.0,0.0,0.0,0.0,0.0,1.1428571428571428,1.951800145897065,8.0,4.0,0.5714285714285714,1.4525460784051267,8.0,4.0,0.4642857142857143,1.2614554456142466,13.0,4.0,0.5892857142857143,1.3318037763504436,33.0,4.0,0.7380952380952381,1.614087437495462,62.0,8.0,0.0,0.0,0.0,954,0.279874213836478,0.16666666666666666,0.24423480083857443,0.2526205450733753,0.09538784067085954,0.31551362683438156,40.0,5.9958071278826
2023-12-24,4,0,4,0,0,4,0,4,8,4,4,4,2023,12,24,6,358,51,4,1,0,0,-0.7818314824680299,0.6234898018587334,-0.12020804489935275,0.9927487224577402,-0.12053668025532363,0.992708874098054,-2.4492935982947064e-16,1.0,0.0,0.0,0.0,4.0,0.0,0.0,1.3333333333333333,2.3094010767585056,4.0,4.0,1.1428571428571428,1.951800145897065,8.0,4.0,0.8571428571428571,1.7032612545052812,12.0,4.0,0.6071428571428571,1.4230714230607933,17.0,4.0,0.6607142857142857,1.4048847990854276,37.0,4.0,0.7738095238095238,1.6526808486147846,65.0,8.0,4.0,0.0,4.0,954,0.279874213836478,0.16666666666666666,0.24423480083857443,0.2526205450733753,0.09538784067085954,0.31551362683438156,40.0,5.9958071278826
2023-12-25,5,0,1,0,0,0,0,0,10,1,1,5,2023,12,25,0,359,52,4,0,1,0,0.0,1.0,-0.10310169744743544,0.9946708199115211,6.432490598706546e-16,1.0,-2.4492935982947064e-16,1.0,4.0,0.0,0.0,4.0,0.0,0.0,3.0,2.6457513110645943,9.0,5.0,1.2857142857142858,2.214669705568282,9.0,5.0,1.2142857142857142,2.00685637938357,17.0,5.0,0.7857142857142857,1.641073335692738,22.0,5.0,0.75,1.5165750888103113,42.0,5.0,0.7857142857142857,1.6795827692702747,66.0,8.0,1.0,1.0,5.0,954,0.279874213836478,0.16666666666666666,0.24423480083857443,0.2526205450733753,0.09538784067085954,0.31551362683438156,40.0,5.9958071278826
2023-12-26,0,0,0,0,0,0,0,0,0,0,0,0,2023,12,26,1,360,52,4,0,0,0,0.7818314824680298,0.6234898018587336,-0.0859647987374467,0.9962981749346077,6.432490598706546e-16,1.0,-2.4492935982947064e-16,1.0,5.0,4.0,0.0,0.0,0.0,0.0,3.0,2.6457513110645943,9.0,5.0,1.2857142857142858,2.214669705568282,9.0,5.0,1.2142857142857142,2.00685637938357,17.0,5.0,0.7857142857142857,1.641073335692738,22.0,5.0,0.7321428571428571,1.5194624818554217,41.0,5.0,0.7857142857142857,1.6795827692702747,66.0,8.0,-5.0,0.0,0.0,954,0.279874213836478,0.16666666666666666,0.24423480083857443,0.2526205450733753,0.09538784067085954,0.31551362683438156,40.0,5.9958071278826
2023-12-27,0,0,0,0,0,0,0,0,0,0,0,0,2023,12,27,2,361,52,4,0,0,0,0.9749279121818236,-0.22252093395631434,-0.06880242680232064,0.9976303053065857,6.432490598706546e-16,1.0,-2.4492935982947064e-16,1.0,0.0,5.0,4.0,0.0,0.0,0.0,1.6666666666666667,2.886751345948131,5.0,5.0,1.2857142857142858,2.214669705568282,9.0,5.0,1.2142857142857142,2.00685637938357,17.0,5.0,0.7857142857142857,1.641073335692738,22.0,5.0,0.7321428571428571,1.5194624818554217,41.0,5.0,0.7380952380952381,1.643673872168485,62.0,8.0,0.0,0.0,0.0,954,0.279874213836478,0.16666666666666666,0.24423480083857443,0.2526205450733753,0.09538784067085954,0.31551362683438156,40.0,5.9958071278826
2023-12-28,0,0,0,0,0,0,0,0,0,0,0,0,2023,12,28,3,362,52,4,0,0,0,0.43388373911755823,-0.900968867902419,-0.05161966722325418,0.9986668162884759,6.432490598706546e-16,1.0,-2.4492935982947064e-16,1.0,0.0,0.0,5.0,0.0,0.0,0.0,0.0,0.0,0.0,0.0,1.2857142857142858,2.214669705568282,9.0,5.0,1.2142857142857142,2.00685637938357,17.0,5.0,0.7857142857142857,1.641073335692738,22.0,5.0,0.7321428571428571,1.5194624818554217,41.0,5.0,0.7380952380952381,1.643673872168485,62.0,8.0,0.0,0.0,0.0,954,0.279874213836478,0.16666666666666666,0.24423480083857443,0.2526205450733753,0.09538784067085954,0.31551362683438156,40.0,5.9958071278826
2023-12-29,0,0,0,0,0,0,0,0,0,0,0,0,2023,12,29,4,363,52,4,0,0,1,-0.433883739117558,-0.9009688679024191,-0.034421611622745804,0.9994074007397048,6.432490598706546e-16,1.0,-2.4492935982947064e-16,1.0,0.0,0.0,0.0,0.0,0.0,0.0,0.0,0.0,0.0,0.0,1.2857142857142858,2.214669705568282,9.0,5.0,1.2142857142857142,2.00685637938357,17.0,5.0,0.7857142857142857,1.641073335692738,22.0,5.0,0.7321428571428571,1.5194624818554217,41.0,5.0,0.6904761904761905,1.6055340325096692,58.0,8.0,0.0,0.0,0.0,954,0.279874213836478,0.16666666666666666,0.24423480083857443,0.2526205450733753,0.09538784067085954,0.31551362683438156,40.0,5.9958071278826
2023-12-30,0,0,0,0,0,0,0,0,0,0,0,0,2023,12,30,5,364,52,4,1,0,0,-0.9749279121818236,-0.2225209339563146,-0.01721335615583528,0.9998518392091162,6.432490598706546e-16,1.0,-2.4492935982947064e-16,1.0,0.0,0.0,0.0,0.0,0.0,0.0,0.0,0.0,0.0,0.0,1.2857142857142858,2.214669705568282,9.0,5.0,1.2142857142857142,2.00685637938357,17.0,5.0,0.7857142857142857,1.641073335692738,22.0,5.0,0.6607142857142857,1.4557320646863035,37.0,5.0,0.6428571428571429,1.565000151221034,54.0,8.0,0.0,0.0,0.0,954,0.279874213836478,0.16666666666666666,0.24423480083857443,0.2526205450733753,0.09538784067085954,0.31551362683438156,40.0,5.9958071278826
2023-12-31,0,0,0,0,0,0,0,0,0,0,0,0,2023,12,31,6,365,52,4,1,0,0,-0.7818314824680299,0.6234898018587334,6.432490598706546e-16,1.0,6.432490598706546e-16,1.0,-2.4492935982947064e-16,1.0,0.0,0.0,0.0,4.0,4.0,0.0,0.0,0.0,0.0,0.0,0.7142857142857143,1.8898223650461345,5.0,5.0,0.9285714285714286,1.8590438284354567,13.0,5.0,0.7857142857142857,1.641073335692738,22.0,5.0,0.6607142857142857,1.4557320646863035,37.0,5.0,0.6428571428571429,1.565000151221034,54.0,8.0,0.0,-4.0,0.0,954,0.279874213836478,0.16666666666666666,0.24423480083857443,0.2526205450733753,0.09538784067085954,0.31551362683438156,40.0,5.9958071278826
2024-01-01,0,0,0,0,0,0,0,0,0,0,0,0,2024,1,1,0,1,1,1,0,1,0,0.0,1.0,0.017213356155834685,0.9998518392091162,0.12053668025532305,0.992708874098054,0.49999999999999994,0.8660254037844387,0.0,0.0,0.0,5.0,4.0,0.0,0.0,0.0,0.0,0.0,0.0,0.0,0.0,0.0,0.6428571428571429,1.6458405781822285,9.0,5.0,0.7857142857142857,1.641073335692738,22.0,5.0,0.6607142857142857,1.4557320646863035,37.0,5.0,0.6428571428571429,1.565000151221034,54.0,8.0,0.0,-5.0,0.0,954,0.279874213836478,0.16666666666666666,0.24423480083857443,0.2526205450733753,0.09538784067085954,0.31551362683438156,40.0,5.9958071278826
2024-01-02,4,0,0,0,0,0,0,0,8,0,0,0,2024,1,2,1,2,1,1,0,0,0,0.7818314824680298,0.6234898018587336,0.03442161162274574,0.9994074007397048,0.12053668025532305,0.992708874098054,0.49999999999999994,0.8660254037844387,0.0,0.0,0.0,0.0,0.0,0.0,1.3333333333333333,2.3094010767585056,4.0,4.0,0.5714285714285714,1.5118578920369066,4.0,4.0,0.9285714285714286,1.8590438284354567,13.0,5.0,0.9285714285714286,1.741190980836401,26.0,5.0,0.7321428571428571,1.5194624818554217,41.0,5.0,0.6904761904761905,1.6055340325096692,58.0,8.0,4.0,4.0,4.0,954,0.279874213836478,0.16666666666666666,0.24423480083857443,0.2526205450733753,0.09538784067085954,0.31551362683438156,40.0,5.9958071278826
2024-01-03,0,0,0,0,0,0,0,0,0,0,0,0,2024,1,3,2,3,1,1,0,0,0,0.9749279121818236,-0.22252093395631434,0.051619667223253764,0.998666816288476,0.12053668025532305,0.992708874098054,0.49999999999999994,0.8660254037844387,4.0,0.0,0.0,0.0,0.0,4.0,1.3333333333333333,2.3094010767585056,4.0,4.0,0.5714285714285714,1.5118578920369066,4.0,4.0,0.9285714285714286,1.8590438284354567,13.0,5.0,0.7857142857142857,1.641073335692738,22.0,5.0,0.7321428571428571,1.5194624818554217,41.0,5.0,0.6904761904761905,1.6055340325096692,58.0,8.0,-4.0,0.0,-4.0,954,0.279874213836478,0.16666666666666666,0.24423480083857443,0.2526205450733753,0.09538784067085954,0.31551362683438156,40.0,5.9958071278826
2024-01-04,0,0,0,0,0,0,0,0,0,0,0,0,2024,1,4,3,4,1,1,0,0,0,0.43388373911755823,-0.900968867902419,0.06880242680231986,0.9976303053065857,0.12053668025532305,0.992708874098054,0.49999999999999994,0.8660254037844387,0.0,4.0,0.0,0.0,0.0,0.0,1.3333333333333333,2.3094010767585056,4.0,4.0,0.5714285714285714,1.5118578920369066,4.0,4.0,0.9285714285714286,1.8590438284354567,13.0,5.0,0.7857142857142857,1.641073335692738,22.0,5.0,0.7321428571428571,1.5194624818554217,41.0,5.0,0.6904761904761905,1.6055340325096692,58.0,8.0,0.0,0.0,0.0,954,0.279874213836478,0.16666666666666666,0.24423480083857443,0.2526205450733753,0.09538784067085954,0.31551362683438156,40.0,5.9958071278826
2024-01-05,4,0,0,0,0,0,0,0,8,4,4,4,2024,1,5,4,5,1,1,0,0,1,-0.433883739117558,-0.9009688679024191,0.08596479873744647,0.9962981749346078,0.12053668025532305,0.992708874098054,0.49999999999999994,0.8660254037844387,0.0,0.0,4.0,0.0,0.0,1.0,1.3333333333333333,2.3094010767585056,4.0,4.0,1.1428571428571428,1.951800145897065,8.0,4.0,1.2142857142857142,2.00685637938357,17.0,5.0,0.8928571428571429,1.749905515211981,25.0,5.0,0.7857142857142857,1.5807280913241537,44.0,5.0,0.7380952380952381,1.6436738721684852,62.0,8.0,4.0,4.0,3.0,954,0.279874213836478,0.16666666666666666,0.24423480083857443,0.2526205450733753,0.09538784067085954,0.31551362683438156,40.0,5.9958071278826
2024-01-06,0,0,0,0,0,0,0,0,0,0,0,0,2024,1,6,5,6,1,1,1,0,0,-0.9749279121818236,-0.2225209339563146,0.10310169744743485,0.9946708199115211,0.12053668025532305,0.992708874098054,0.49999999999999994,0.8660254037844387,4.0,0.0,0.0,0.0,0.0,0.0,1.3333333333333333,2.3094010767585056,4.0,4.0,1.1428571428571428,1.951800145897065,8.0,4.0,1.2142857142857142,2.00685637938357,17.0,5.0,0.8928571428571429,1.749905515211981,25.0,5.0,0.7857142857142857,1.5807280913241537,44.0,5.0,0.7380952380952381,1.6436738721684852,62.0,8.0,-4.0,0.0,0.0,954,0.279874213836478,0.16666666666666666,0.24423480083857443,0.2526205450733753,0.09538784067085954,0.31551362683438156,40.0,5.9958071278826
2024-01-07,0,0,0,0,0,0,0,0,0,0,0,0,2024,1,7,6,7,1,1,1,0,0,-0.7818314824680299,0.6234898018587334,0.1202080448993527,0.9927487224577402,0.12053668025532305,0.992708874098054,0.49999999999999994,0.8660254037844387,0.0,4.0,0.0,0.0,4.0,0.0,1.3333333333333333,2.3094010767585056,4.0,4.0,1.1428571428571428,1.951800145897065,8.0,4.0,0.9285714285714286,1.8590438284354567,13.0,5.0,0.8928571428571429,1.749905515211981,25.0,5.0,0.7857142857142857,1.5807280913241537,44.0,5.0,0.7380952380952381,1.6436738721684852,62.0,8.0,0.0,0.0,0.0,954,0.279874213836478,0.16666666666666666,0.24423480083857443,0.2526205450733753,0.09538784067085954,0.31551362683438156,40.0,5.9958071278826
2024-01-08,0,0,0,0,0,0,0,0,0,0,0,0,2024,1,8,0,8,2,1,0,1,0,0.0,1.0,0.13727877211326478,0.9905324521322229,0.23931566428755774,0.970941817426052,0.49999999999999994,0.8660254037844387,0.0,0.0,4.0,0.0,5.0,0.0,0.0,0.0,0.0,0.0,1.1428571428571428,1.951800145897065,8.0,4.0,0.5714285714285714,1.452546078405127,8.0,4.0,0.8928571428571429,1.749905515211981,25.0,5.0,0.7857142857142857,1.5807280913241537,44.0,5.0,0.7380952380952381,1.6436738721684852,62.0,8.0,0.0,0.0,0.0,954,0.279874213836478,0.16666666666666666,0.24423480083857443,0.2526205450733753,0.09538784067085954,0.31551362683438156,40.0,5.9958071278826
2024-01-09,0,0,0,0,0,0,0,0,0,0,0,0,2024,1,9,1,9,2,1,0,0,0,0.7818314824680298,0.6234898018587336,0.15430882066428117,0.9880226656636976,0.23931566428755774,0.970941817426052,0.49999999999999994,0.8660254037844387,0.0,0.0,0.0,4.0,0.0,0.0,0.0,0.0,0.0,0.0,0.5714285714285714,1.5118578920369066,4.0,4.0,0.5714285714285714,1.452546078405127,8.0,4.0,0.8928571428571429,1.749905515211981,25.0,5.0,0.7142857142857143,1.522131110280294,40.0,5.0,0.7380952380952381,1.6436738721684852,62.0,8.0,0.0,-4.0,0.0,954,0.279874213836478,0.16666666666666666,0.24423480083857443,0.2526205450733753,0.09538784067085954,0.31551362683438156,40.0,5.9958071278826
2024-01-10,4,0,0,0,0,0,0,0,12,0,0,4,2024,1,10,2,10,2,1,0,0,0,0.9749279121818236,-0.22252093395631434,0.1712931441814776,0.9852201067560606,0.23931566428755774,0.970941817426052,0.49999999999999994,0.8660254037844387,0.0,0.0,0.0,0.0,0.0,0.0,1.3333333333333333,2.3094010767585056,4.0,4.0,1.1428571428571428,1.951800145897065,8.0,4.0,0.8571428571428571,1.7032612545052812,12.0,4.0,1.0357142857142858,1.8354965592579071,29.0,5.0,0.7857142857142857,1.5807280913241537,44.0,5.0,0.7857142857142857,1.679582769270275,66.0,8.0,4.0,4.0,4.0,954,0.279874213836478,0.16666666666666666,0.24423480083857443,0.2526205450733753,0.09538784067085954,0.31551362683438156,40.0,5.9958071278826
2024-01-11,0,0,0,0,0,0,0,0,0,0,0,0,2024,1,11,3,11,2,1,0,0,0,0.43388373911755823,-0.900968867902419,0.1882267098432442,0.9821256058680006,0.23931566428755774,0.970941817426052,0.49999999999999994,0.8660254037844387,4.0,0.0,0.0,0.0,0.0,0.0,1.3333333333333333,2.3094010767585056,4.0,4.0,1.1428571428571428,1.951800145897065,8.0,4.0,0.8571428571428571,1.7032612545052812,12.0,4.0,1.0357142857142858,1.8354965592579071,29.0,5.0,0.7857142857142857,1.5807280913241537,44.0,5.0,0.7857142857142857,1.679582769270275,66.0,8.0,-4.0,0.0,0.0,954,0.279874213836478,0.16666666666666666,0.24423480083857443,0.2526205450733753,0.09538784067085954,0.31551362683438156,40.0,5.9958071278826
2024-01-12,0,0,0,0,0,0,0,0,0,0,0,0,2024,1,12,4,12,2,1,0,0,1,-0.433883739117558,-0.9009688679024191,0.2051044998686192,0.9787400799669153,0.23931566428755774,0.970941817426052,0.49999999999999994,0.8660254037844387,0.0,4.0,0.0,4.0,0.0,0.0,1.3333333333333333,2.3094010767585056,4.0,4.0,0.5714285714285714,1.5118578920369066,4.0,4.0,0.8571428571428571,1.7032612545052812,12.0,4.0,1.0357142857142858,1.8354965592579071,29.0,5.0,0.7857142857142857,1.5807280913241537,44.0,5.0,0.6904761904761905,1.4806070919970837,58.0,5.0,0.0,-4.0,0.0,954,0.279874213836478,0.16666666666666666,0.24423480083857443,0.2526205450733753,0.09538784067085954,0.31551362683438156,40.0,5.9958071278826
2024-01-13,0,0,0,0,0,0,0,0,0,0,0,0,2024,1,13,5,13,2,1,1,0,0,-0.9749279121818236,-0.2225209339563146,0.2219215130041655,0.9750645322571948,0.23931566428755774,0.970941817426052,0.49999999999999994,0.8660254037844387,0.0,0.0,4.0,0.0,0.0,0.0,0.0,0.0,0.0,0.0,0.5714285714285714,1.5118578920369066,4.0,4.0,0.8571428571428571,1.7032612545052812,12.0,4.0,1.0357142857142858,1.8354965592579071,29.0,5.0,0.7142857142857143,1.522131110280294,40.0,5.0,0.6904761904761905,1.4806070919970837,58.0,5.0,0.0,0.0,0.0,954,0.279874213836478,0.16666666666666666,0.24423480083857443,0.2526205450733753,0.09538784067085954,0.31551362683438156,40.0,5.9958071278826
2024-01-14,0,0,0,0,0,0,0,0,0,0,0,0,2024,1,14,6,14,2,1,1,0,0,-0.7818314824680299,0.6234898018587334,0.2386727660059501,0.9711000518829505,0.23931566428755774,0.970941817426052,0.49999999999999994,0.8660254037844387,0.0,0.0,0.0,0.0,0.0,4.0,0.0,0.0,0.0,0.0,0.5714285714285714,1.5118578920369066,4.0,4.0,0.8571428571428571,1.7032612545052812,12.0,4.0,0.8928571428571429,1.749905515211981,25.0,5.0,0.7142857142857143,1.522131110280294,40.0,5.0,0.6904761904761905,1.4806070919970837,58.0,5.0,0.0,0.0,-4.0,954,0.279874213836478,0.16666666666666666,0.24423480083857443,0.2526205450733753,0.09538784067085954,0.31551362683438156,40.0,5.9958071278826
2024-01-15,0,0,0,0,0,0,0,0,0,0,0,0,2024,1,15,0,15,3,1,0,1,0,0.0,1.0,0.255353295116187,0.9668478136052775,0.3546048870425356,0.9350162426854148,0.49999999999999994,0.8660254037844387,0.0,0.0,0.0,0.0,0.0,4.0,0.0,0.0,0.0,0.0,0.5714285714285714,1.5118578920369066,4.0,4.0,0.8571428571428571,1.7032612545052812,12.0,4.0,0.75,1.6471074533748427,21.0,5.0,0.6964285714285714,1.5245821228620822,39.0,5.0,0.6904761904761905,1.4806070919970837,58.0,5.0,0.0,0.0,-4.0,954,0.279874213836478,0.16666666666666666,0.24423480083857443,0.2526205450733753,0.09538784067085954,0.31551362683438156,40.0,5.9958071278826
2024-01-16,4,0,0,0,0,4,0,4,8,0,4,0,2024,1,16,1,16,3,1,0,0,0,0.7818314824680298,0.6234898018587336,0.2719581575341055,0.9623090774541486,0.3546048870425356,0.9350162426854148,0.49999999999999994,0.8660254037844387,0.0,0.0,0.0,0.0,4.0,0.0,1.3333333333333333,2.3094010767585056,4.0,4.0,1.1428571428571428,1.951800145897065,8.0,4.0,0.8571428571428571,1.7032612545052812,12.0,4.0,0.8928571428571429,1.749905515211981,25.0,5.0,0.7678571428571429,1.5839085307448273,43.0,5.0,0.7380952380952381,1.5218809511176103,62.0,5.0,4.0,4.0,4.0,954,0.279874213836478,0.16666666666666666,0.24423480083857443,0.2526205450733753,0.09538784067085954,0.31551362683438156,40.0,5.9958071278826
2024-01-17,0,0,0,0,0,0,0,0,0,0,0,0,2024,1,17,2,17,3,1,0,0,0,0.9749279121818236,-0.22252093395631434,0.288482432880609,0.9574851883550393,0.3546048870425356,0.9350162426854148,0.49999999999999994,0.8660254037844387,4.0,0.0,0.0,4.0,0.0,0.0,1.3333333333333333,2.3094010767585056,4.0,4.0,0.5714285714285714,1.5118578920369066,4.0,4.0,0.8571428571428571,1.7032612545052812,12.0,4.0,0.8928571428571429,1.749905515211981,25.0,5.0,0.7678571428571429,1.5839085307448273,43.0,5.0,0.7380952380952381,1.5218809511176103,62.0,5.0,-4.0,-4.0,0.0,954,0.279874213836478,0.16666666666666666,0.24423480083857443,0.2526205450733753,0.09538784067085954,0.31551362683438156,40.0,5.9958071278826
2024-01-18,0,0,0,0,0,0,0,0,0,0,0,0,2024,1,18,3,18,3,1,0,0,0,0.43388373911755823,-0.900968867902419,0.30492122465628907,0.9523775757303974,0.3546048870425356,0.9350162426854148,0.49999999999999994,0.8660254037844387,0.0,4.0,0.0,0.0,0.0,0.0,1.3333333333333333,2.3094010767585056,4.0,4.0,0.5714285714285714,1.5118578920369066,4.0,4.0,0.8571428571428571,1.7032612545052812,12.0,4.0,0.8928571428571429,1.749905515211981,25.0,5.0,0.75,1.5868780098614454,42.0,5.0,0.7380952380952381,1.5218809511176103,62.0,5.0,0.0,0.0,0.0,954,0.279874213836478,0.16666666666666666,0.24423480083857443,0.2526205450733753,0.09538784067085954,0.31551362683438156,40.0,5.9958071278826
2024-01-19,0,0,0,0,0,0,0,0,0,0,0,0,2024,1,19,4,19,3,1,0,0,1,-0.433883739117558,-0.9009688679024191,0.3212696616923644,0.9469877530760753,0.3546048870425356,0.9350162426854148,0.49999999999999994,0.8660254037844387,0.0,0.0,4.0,0.0,4.0,0.0,0.0,0.0,0.0,0.0,0.5714285714285714,1.5118578920369066,4.0,4.0,0.5714285714285714,1.452546078405127,8.0,4.0,0.8928571428571429,1.749905515211981,25.0,5.0,0.6785714285714286,1.5268165676232477,38.0,5.0,0.7380952380952381,1.5218809511176103,62.0,5.0,0.0,0.0,0.0,954,0.279874213836478,0.16666666666666666,0.24423480083857443,0.2526205450733753,0.09538784067085954,0.31551362683438156,40.0,5.9958071278826
2024-01-20,0,0,0,0,0,0,0,0,0,0,0,0,2024,1,20,5,20,3,1,1,0,0,-0.9749279121818236,-0.2225209339563146,0.3375228995941133,0.9413173175128471,0.3546048870425356,0.9350162426854148,0.49999999999999994,0.8660254037844387,0.0,0.0,0.0,0.0,0.0,0.0,0.0,0.0,0.0,0.0,0.5714285714285714,1.5118578920369066,4.0,4.0,0.5714285714285714,1.452546078405127,8.0,4.0,0.8928571428571429,1.749905515211981,25.0,5.0,0.6785714285714286,1.5268165676232477,38.0,5.0,0.6904761904761905,1.4806070919970837,58.0,5.0,0.0,0.0,0.0,954,0.279874213836478,0.16666666666666666,0.24423480083857443,0.2526205450733753,0.09538784067085954,0.31551362683438156,40.0,5.9958071278826
2024-01-21,0,0,0,0,0,0,0,0,0,0,0,0,2024,1,21,6,21,3,1,1,0,0,-0.7818314824680299,0.6234898018587334,0.3536761221763716,0.9353679493131483,0.3546048870425356,0.9350162426854148,0.49999999999999994,0.8660254037844387,0.0,0.0,0.0,0.0,0.0,4.0,0.0,0.0,0.0,0.0,0.5714285714285714,1.5118578920369066,4.0,4.0,0.5714285714285714,1.452546078405127,8.0,4.0,0.75,1.6471074533748427,21.0,5.0,0.6785714285714286,1.5268165676232477,38.0,5.0,0.6904761904761905,1.4806070919970837,58.0,5.0,0.0,0.0,-4.0,954,0.279874213836478,0.16666666666666666,0.24423480083857443,0.2526205450733753,0.09538784067085954,0.31551362683438156,40.0,5.9958071278826
2024-01-22,0,0,0,0,0,0,0,0,0,0,0,0,2024,1,22,0,22,4,1,0,1,0,0.0,1.0,0.3697245428906731,0.9291414114031743,0.4647231720437685,0.8854560256532099,0.49999999999999994,0.8660254037844387,0.0,0.0,0.0,0.0,0.0,5.0,0.0,0.0,0.0,0.0,0.5714285714285714,1.5118578920369066,4.0,4.0,0.5714285714285714,1.452546078405127,8.0,4.0,0.5714285714285714,1.4253932901995954,16.0,4.0,0.6785714285714286,1.5268165676232477,38.0,5.0,0.6904761904761905,1.4806070919970837,58.0,5.0,0.0,0.0,-5.0,954,0.279874213836478,0.16666666666666666,0.24423480083857443,0.2526205450733753,0.09538784067085954,0.31551362683438156,40.0,5.9958071278826
2024-01-23,0,0,0,0,0,0,0,0,0,0,0,0,2024,1,23,1,23,4,1,0,0,0,0.7818314824680298,0.6234898018587336,0.38566340624360707,0.9226395488404876,0.4647231720437685,0.8854560256532099,0.49999999999999994,0.8660254037844387,0.0,0.0,0.0,4.0,0.0,0.0,0.0,0.0,0.0,0.0,0.0,0.0,0.0,0.0,0.5714285714285714,1.452546078405127,8.0,4.0,0.5714285714285714,1.4253932901995954,16.0,4.0,0.6785714285714286,1.5268165676232477,38.0,5.0,0.6785714285714286,1.482107863054527,57.0,5.0,0.0,-4.0,0.0,954,0.279874213836478,0.16666666666666666,0.24423480083857443,0.2526205450733753,0.09538784067085954,0.31551362683438156,40.0,5.9958071278826
2024-01-24,0,0,0,0,0,0,0,0,0,0,0,0,2024,1,24,2,24,4,1,0,0,0,0.9749279121818236,-0.22252093395631434,0.401487989205973,0.9158642882672872,0.4647231720437685,0.8854560256532099,0.49999999999999994,0.8660254037844387,0.0,0.0,0.0,0.0,4.0,0.0,0.0,0.0,0.0,0.0,0.0,0.0,0.0,0.0,0.2857142857142857,1.0690449676496991,4.0,4.0,0.5714285714285714,1.4253932901995954,16.0,4.0,0.6785714285714286,1.5268165676232477,38.0,5.0,0.6785714285714286,1.482107863054527,57.0,5.0,0.0,0.0,0.0,954,0.279874213836478,0.16666666666666666,0.24423480083857443,0.2526205450733753,0.09538784067085954,0.31551362683438156,40.0,5.9958071278826
2024-01-25,0,0,0,0,0,0,0,0,0,0,0,0,2024,1,25,3,25,4,1,0,0,0,0.43388373911755823,-0.900968867902419,0.4171936026123168,0.9088176373395029,0.4647231720437685,0.8854560256532099,0.49999999999999994,0.8660254037844387,0.0,0.0,0.0,0.0,0.0,0.0,0.0,0.0,0.0,0.0,0.0,0.0,0.0,0.0,0.2857142857142857,1.0690449676496991,4.0,4.0,0.5714285714285714,1.4253932901995954,16.0,4.0,0.6785714285714286,1.5268165676232477,38.0,5.0,0.6785714285714286,1.482107863054527,57.0,5.0,0.0,0.0,0.0,954,0.279874213836478,0.16666666666666666,0.24423480083857443,0.2526205450733753,0.09538784067085954,0.31551362683438156,40.0,5.9958071278826
2024-01-26,4,0,0,0,0,0,0,0,12,0,0,0,2024,1,26,4,26,4,1,0,0,1,-0.433883739117558,-0.9009688679024191,0.4327755925504312,0.901501684131884,0.4647231720437685,0.8854560256532099,0.49999999999999994,0.8660254037844387,0.0,0.0,0.0,0.0,0.0,0.0,1.3333333333333333,2.3094010767585056,4.0,4.0,0.5714285714285714,1.5118578920369066,4.0,4.0,0.5714285714285714,1.452546078405127,8.0,4.0,0.7142857142857143,1.5600841111499182,20.0,4.0,0.75,1.5868780098614454,42.0,5.0,0.7261904761904762,1.523717635640284,61.0,5.0,4.0,4.0,4.0,954,0.279874213836478,0.16666666666666666,0.24423480083857443,0.2526205450733753,0.09538784067085954,0.31551362683438156,40.0,5.9958071278826
2024-01-27,0,0,0,0,0,0,0,0,0,0,0,0,2024,1,27,5,27,4,1,1,0,0,-0.9749279121818236,-0.2225209339563146,0.4482293417404106,0.893918596519257,0.4647231720437685,0.8854560256532099,0.49999999999999994,0.8660254037844387,4.0,0.0,0.0,0.0,0.0,0.0,1.3333333333333333,2.3094010767585056,4.0,4.0,0.5714285714285714,1.5118578920369066,4.0,4.0,0.5714285714285714,1.452546078405127,8.0,4.0,0.7142857142857143,1.5600841111499182,20.0,4.0,0.75,1.5868780098614454,42.0,5.0,0.6785714285714286,1.482107863054527,57.0,5.0,-4.0,0.0,0.0,954,0.279874213836478,0.16666666666666666,0.24423480083857443,0.2526205450733753,0.09538784067085954,0.31551362683438156,40.0,5.9958071278826
2024-01-28,0,0,0,0,0,0,0,0,0,0,0,0,2024,1,28,6,28,4,1,1,0,0,-0.7818314824680299,0.6234898018587334,0.4635502709028509,0.886070621534138,0.4647231720437685,0.8854560256532099,0.49999999999999994,0.8660254037844387,0.0,4.0,0.0,0.0,0.0,0.0,1.3333333333333333,2.3094010767585056,4.0,4.0,0.5714285714285714,1.5118578920369066,4.0,4.0,0.5714285714285714,1.452546078405127,8.0,4.0,0.7142857142857143,1.5600841111499182,20.0,4.0,0.75,1.5868780098614454,42.0,5.0,0.6785714285714286,1.482107863054527,57.0,5.0,0.0,0.0,0.0,954,0.279874213836478,0.16666666666666666,0.24423480083857443,0.2526205450733753,0.09538784067085954,0.31551362683438156,40.0,5.9958071278826
2024-01-29,1,1,0,0,0,0,0,0,2,0,0,0,2024,1,29,0,29,5,1,0,1,0,0.0,1.0,0.47873384011578846,0.8779600847008882,0.5680647467311558,0.8229838658936564,0.49999999999999994,0.8660254037844387,0.0,0.0,4.0,0.0,0.0,0.0,0.3333333333333333,0.5773502691896311,1.0,1.0,0.7142857142857143,1.4960264830861891,5.0,4.0,0.6428571428571429,1.4468609447374676,9.0,4.0,0.75,1.5545631755148013,21.0,4.0,0.7678571428571429,1.5839085307448273,43.0,5.0,0.6904761904761905,1.4806070919970837,58.0,5.0,1.0,1.0,1.0,954,0.279874213836478,0.16666666666666666,0.24423480083857443,0.2526205450733753,0.09538784067085954,0.31551362683438156,40.0,5.9958071278826
2024-01-30,0,0,0,0,0,0,0,0,0,0,0,0,2024,1,30,1,30,5,1,0,0,0,0.7818314824680298,0.6234898018587336,0.49377555015997715,0.869589389346611,0.5680647467311558,0.8229838658936564,0.49999999999999994,0.8660254037844387,1.0,0.0,0.0,0.0,4.0,4.0,0.3333333333333333,0.5773502691896311,1.0,1.0,0.7142857142857143,1.4960264830861891,5.0,4.0,0.35714285714285715,1.0818177620697833,5.0,4.0,0.6071428571428571,1.423071423060793,17.0,4.0,0.7678571428571429,1.5839085307448273,43.0,5.0,0.6904761904761905,1.4806070919970837,58.0,5.0,-1.0,0.0,-4.0,954,0.279874213836478,0.16666666666666666,0.24423480083857443,0.2526205450733753,0.09538784067085954,0.31551362683438156,40.0,5.9958071278826
2024-01-31,4,4,0,4,0,0,0,0,8,0,0,4,2024,1,31,2,31,5,1,0,0,0,0.9749279121818236,-0.22252093395631434,0.5086709438521044,0.8609610158889943,0.5680647467311558,0.8229838658936564,0.49999999999999994,0.8660254037844387,0.0,1.0,0.0,0.0,0.0,0.0,1.6666666666666667,2.0816659994661357,5.0,4.0,1.2857142857142858,1.889822365046135,9.0,4.0,0.6428571428571429,1.4468609447374676,9.0,4.0,0.75,1.5545631755148013,21.0,4.0,0.7678571428571429,1.5839085307448273,43.0,5.0,0.7380952380952381,1.5218809511176103,62.0,5.0,4.0,4.0,4.0,954,0.279874213836478,0.16666666666666666,0.24423480083857443,0.2526205450733753,0.09538784067085954,0.31551362683438156,40.0,5.9958071278826
2024-02-01,0,0,0,0,0,0,0,0,0,0,0,0,2024,2,1,3,32,5,1,0,0,0,0.43388373911755823,-0.900968867902419,0.5234156073655503,0.8520775211013093,0.5680647467311558,0.8229838658936564,0.8660254037844386,0.5000000000000001,4.0,0.0,1.0,0.0,0.0,0.0,1.3333333333333333,2.3094010767585056,4.0,4.0,1.2857142857142858,1.889822365046135,9.0,4.0,0.6428571428571429,1.4468609447374676,9.0,4.0,0.75,1.5545631755148013,21.0,4.0,0.7678571428571429,1.5839085307448273,43.0,5.0,0.7380952380952381,1.5218809511176103,62.0,5.0,-4.0,0.0,0.0,954,0.279874213836478,0.16666666666666666,0.24423480083857443,0.2526205450733753,0.09538784067085954,0.31551362683438156,40.0,5.9958071278826
2024-02-02,4,4,0,4,0,4,0,4,8,0,0,0,2024,2,2,4,33,5,1,0,0,1,-0.433883739117558,-0.9009688679024191,0.5380051715382996,0.8429415373547828,0.5680647467311558,0.8229838658936564,0.8660254037844386,0.5000000000000001,0.0,4.0,0.0,4.0,0.0,4.0,2.6666666666666665,2.309401076758507,8.0,4.0,1.2857142857142858,1.889822365046135,9.0,4.0,0.9285714285714286,1.6854255666327551,13.0,4.0,0.75,1.5545631755148013,21.0,4.0,0.8214285714285714,1.641586182570138,46.0,5.0,0.7738095238095238,1.5627531349743184,65.0,5.0,4.0,0.0,0.0,954,0.279874213836478,0.16666666666666666,0.24423480083857443,0.2526205450733753,0.09538784067085954,0.31551362683438156,40.0,5.9958071278826
2024-02-03,0,0,0,0,0,0,0,0,0,0,0,0,2024,2,3,5,34,5,1,1,0,0,-0.9749279121818236,-0.2225209339563146,0.5524353131676196,0.8335557718385699,0.5680647467311558,0.8229838658936564,0.8660254037844386,0.5000000000000001,4.0,0.0,4.0,0.0,0.0,0.0,1.3333333333333333,2.3094010767585056,4.0,4.0,1.2857142857142858,1.889822365046135,9.0,4.0,0.9285714285714286,1.6854255666327551,13.0,4.0,0.75,1.5545631755148013,21.0,4.0,0.8214285714285714,1.641586182570138,46.0,5.0,0.7738095238095238,1.5627531349743184,65.0,5.0,-4.0,0.0,0.0,954,0.279874213836478,0.16666666666666666,0.24423480083857443,0.2526205450733753,0.09538784067085954,0.31551362683438156,40.0,5.9958071278826
2024-02-04,1,0,0,0,0,0,0,0,1,0,0,0,2024,2,4,6,35,5,1,1,0,0,-0.7818314824680299,0.6234898018587334,0.5667017562911176,0.8239230057575542,0.5680647467311558,0.8229838658936564,0.8660254037844386,0.5000000000000001,0.0,4.0,0.0,0.0,0.0,0.0,1.6666666666666667,2.0816659994661357,5.0,4.0,1.4285714285714286,1.8126539343499304,10.0,4.0,1.0,1.6641005886756883,14.0,4.0,0.7857142857142857,1.548168400667509,22.0,4.0,0.8392857142857143,1.637923138548391,47.0,5.0,0.7857142857142857,1.5605947937100477,66.0,5.0,1.0,1.0,1.0,954,0.279874213836478,0.16666666666666666,0.24423480083857443,0.2526205450733753,0.09538784067085954,0.31551362683438156,40.0,5.9958071278826
2024-02-05,4,4,0,4,0,0,0,0,16,0,0,0,2024,2,5,0,36,6,1,0,1,0,0.0,1.0,0.5808002734538009,0.8140460935082178,0.6631226582407952,0.7485107481711011,0.8660254037844386,0.5000000000000001,1.0,0.0,4.0,1.0,0.0,0.0,1.6666666666666667,2.0816659994661357,5.0,4.0,1.8571428571428572,2.035400978396429,13.0,4.0,1.2857142857142858,1.815682598006408,18.0,4.0,0.9285714285714286,1.6539195069439538,26.0,4.0,0.9107142857142857,1.6871362041721987,51.0,5.0,0.8333333333333334,1.5969348149542149,70.0,5.0,3.0,3.0,4.0,954,0.279874213836478,0.16666666666666666,0.24423480083857443,0.2526205450733753,0.09538784067085954,0.31551362683438156,40.0,5.9958071278826
2024-02-06,0,0,0,0,0,0,0,0,0,0,0,0,2024,2,6,1,37,6,1,0,0,0,0.7818314824680298,0.6234898018587336,0.5947266869607634,0.8039279618328213,0.6631226582407952,0.7485107481711011,0.8660254037844386,0.5000000000000001,4.0,1.0,0.0,0.0,0.0,0.0,1.6666666666666667,2.0816659994661357,5.0,4.0,1.8571428571428572,2.0354009783964293,13.0,4.0,1.2857142857142858,1.815682598006408,18.0,4.0,0.9285714285714286,1.6539195069439538,26.0,4.0,0.9107142857142857,1.6871362041721987,51.0,5.0,0.7857142857142857,1.5605947937100477,66.0,5.0,-4.0,0.0,0.0,954,0.279874213836478,0.16666666666666666,0.24423480083857443,0.2526205450733753,0.09538784067085954,0.31551362683438156,40.0,5.9958071278826
2024-02-07,0,0,0,0,0,0,0,0,0,0,0,0,2024,2,7,2,38,6,1,0,0,0,0.9749279121818236,-0.22252093395631434,0.6084768701151261,0.7935716089521474,0.6631226582407952,0.7485107481711011,0.8660254037844386,0.5000000000000001,0.0,4.0,1.0,4.0,0.0,4.0,1.3333333333333333,2.309401076758505,4.0,4.0,1.2857142857142858,1.8898223650461352,9.0,4.0,1.2857142857142858,1.815682598006408,18.0,4.0,0.7857142857142857,1.548168400667509,22.0,4.0,0.9107142857142857,1.6871362041721987,51.0,5.0,0.7857142857142857,1.5605947937100477,66.0,5.0,0.0,-4.0,-4.0,954,0.279874213836478,0.16666666666666666,0.24423480083857443,0.2526205450733753,0.09538784067085954,0.31551362683438156,40.0,5.9958071278826
2024-02-08,0,0,0,0,0,0,0,0,0,0,0,0,2024,2,8,3,39,6,1,0,0,0,0.43388373911755823,-0.900968867902419,0.6220467484408675,0.7829801036770629,0.6631226582407952,0.7485107481711011,0.8660254037844386,0.5000000000000001,0.0,0.0,4.0,0.0,0.0,0.0,0.0,0.0,0.0,0.0,1.2857142857142858,1.8898223650461352,9.0,4.0,1.2857142857142858,1.815682598006408,18.0,4.0,0.7857142857142857,1.548168400667509,22.0,4.0,0.9107142857142857,1.6871362041721987,51.0,5.0,0.7857142857142857,1.5605947937100477,66.0,5.0,0.0,0.0,0.0,954,0.279874213836478,0.16666666666666666,0.24423480083857443,0.2526205450733753,0.09538784067085954,0.31551362683438156,40.0,5.9958071278826
2024-02-09,0,0,0,0,0,0,0,0,0,0,0,0,2024,2,9,4,40,6,1,0,0,1,-0.433883739117558,-0.9009688679024191,0.6354323008901774,0.7721565844991642,0.6631226582407952,0.7485107481711011,0.8660254037844386,0.5000000000000001,0.0,0.0,0.0,4.0,4.0,0.0,0.0,0.0,0.0,0.0,0.7142857142857143,1.4960264830861891,5.0,4.0,1.0,1.6641005886756883,14.0,4.0,0.7857142857142857,1.548168400667509,22.0,4.0,0.9107142857142857,1.6871362041721987,51.0,5.0,0.7857142857142857,1.5605947937100477,66.0,5.0,0.0,-4.0,0.0,954,0.279874213836478,0.16666666666666666,0.24423480083857443,0.2526205450733753,0.09538784067085954,0.31551362683438156,40.0,5.9958071278826
2024-02-10,0,0,0,0,0,0,0,0,0,0,0,0,2024,2,10,5,41,6,1,1,0,0,-0.9749279121818236,-0.2225209339563146,0.6486295610349814,0.7611042586607747,0.6631226582407952,0.7485107481711011,0.8660254037844386,0.5000000000000001,0.0,0.0,0.0,0.0,0.0,0.0,0.0,0.0,0.0,0.0,0.7142857142857143,1.4960264830861891,5.0,4.0,1.0,1.6641005886756883,14.0,4.0,0.7857142857142857,1.548168400667509,22.0,4.0,0.9107142857142857,1.6871362041721987,51.0,5.0,0.7380952380952381,1.5218809511176103,62.0,5.0,0.0,0.0,0.0,954,0.279874213836478,0.16666666666666666,0.24423480083857443,0.2526205450733753,0.09538784067085954,0.31551362683438156,40.0,5.9958071278826
2024-02-11,0,0,0,0,0,0,0,0,0,0,0,0,2024,2,11,6,42,6,1,1,0,0,-0.7818314824680299,0.6234898018587334,0.6616346182422783,0.7498264012045686,0.6631226582407952,0.7485107481711011,0.8660254037844386,0.5000000000000001,0.0,0.0,0.0,1.0,0.0,0.0,0.0,0.0,0.0,0.0,0.5714285714285714,1.5118578920369066,4.0,4.0,1.0,1.6641005886756883,14.0,4.0,0.7857142857142857,1.548168400667509,22.0,4.0,0.8392857142857143,1.637923138548391,47.0,5.0,0.7380952380952381,1.5218809511176103,62.0,5.0,0.0,-1.0,0.0,954,0.279874213836478,0.16666666666666666,0.24423480083857443,0.2526205450733753,0.09538784067085954,0.31551362683438156,40.0,5.9958071278826
2024-02-12,0,0,0,0,0,0,0,0,0,0,0,0,2024,2,12,0,43,7,1,0,1,0,0.0,1.0,0.6744436188329455,0.7383263540031065,0.7485107481711011,0.6631226582407953,0.8660254037844386,0.5000000000000001,0.0,0.0,0.0,4.0,1.0,0.0,0.0,0.0,0.0,0.0,0.0,0.0,0.0,0.0,0.9285714285714286,1.6854255666327551,13.0,4.0,0.7857142857142857,1.548168400667509,22.0,4.0,0.7678571428571429,1.5839085307448275,43.0,5.0,0.7261904761904762,1.523717635640284,61.0,5.0,0.0,-4.0,0.0,954,0.279874213836478,0.16666666666666666,0.24423480083857443,0.2526205450733753,0.09538784067085954,0.31551362683438156,40.0,5.9958071278826
2024-02-13,0,0,0,0,0,0,0,0,0,0,0,0,2024,2,13,1,44,7,1,0,0,0,0.7818314824680298,0.6234898018587336,0.6870527672236669,0.7266075247685656,0.7485107481711011,0.6631226582407953,0.8660254037844386,0.5000000000000001,0.0,0.0,0.0,0.0,0.0,4.0,0.0,0.0,0.0,0.0,0.0,0.0,0.0,0.0,0.9285714285714286,1.6854255666327551,13.0,4.0,0.6428571428571429,1.4198144300833866,18.0,4.0,0.7678571428571429,1.5839085307448275,43.0,5.0,0.7261904761904762,1.523717635640284,61.0,5.0,0.0,0.0,-4.0,954,0.279874213836478,0.16666666666666666,0.24423480083857443,0.2526205450733753,0.09538784067085954,0.31551362683438156,40.0,5.9958071278826
2024-02-14,0,0,0,0,0,0,0,0,0,0,0,0,2024,2,14,2,45,7,1,0,0,0,0.9749279121818236,-0.22252093395631434,0.699458327051647,0.7146733860429609,0.7485107481711011,0.6631226582407953,0.8660254037844386,0.5000000000000001,0.0,0.0,0.0,0.0,4.0,0.0,0.0,0.0,0.0,0.0,0.0,0.0,0.0,0.0,0.6428571428571429,1.4468609447374676,9.0,4.0,0.6428571428571429,1.4198144300833866,18.0,4.0,0.7678571428571429,1.5839085307448275,43.0,5.0,0.7261904761904762,1.523717635640284,61.0,5.0,0.0,0.0,0.0,954,0.279874213836478,0.16666666666666666,0.24423480083857443,0.2526205450733753,0.09538784067085954,0.31551362683438156,40.0,5.9958071278826
2024-02-15,0,0,0,0,0,0,0,0,0,0,0,0,2024,2,15,3,46,7,1,0,0,0,0.43388373911755823,-0.900968867902419,0.7116566222817746,0.7025274741691571,0.7485107481711011,0.6631226582407953,0.8660254037844386,0.5000000000000001,0.0,0.0,0.0,0.0,0.0,0.0,0.0,0.0,0.0,0.0,0.0,0.0,0.0,0.0,0.6428571428571429,1.4468609447374676,9.0,4.0,0.6428571428571429,1.4198144300833866,18.0,4.0,0.7678571428571429,1.5839085307448275,43.0,5.0,0.7142857142857143,1.5254580870070298,60.0,5.0,0.0,0.0,0.0,954,0.279874213836478,0.16666666666666666,0.24423480083857443,0.2526205450733753,0.09538784067085954,0.31551362683438156,40.0,5.9958071278826
2024-02-16,0,0,0,0,0,0,0,0,0,0,0,0,2024,2,16,4,47,7,1,0,0,1,-0.433883739117558,-0.9009688679024191,0.7236440382959124,0.6901733882429719,0.7485107481711011,0.6631226582407953,0.8660254037844386,0.5000000000000001,0.0,0.0,0.0,0.0,4.0,0.0,0.0,0.0,0.0,0.0,0.0,0.0,0.0,0.0,0.35714285714285715,1.0818177620697833,5.0,4.0,0.6428571428571429,1.4198144300833866,18.0,4.0,0.7678571428571429,1.5839085307448275,43.0,5.0,0.6666666666666666,1.4835104357069437,56.0,5.0,0.0,0.0,0.0,954,0.279874213836478,0.16666666666666666,0.24423480083857443,0.2526205450733753,0.09538784067085954,0.31551362683438156,40.0,5.9958071278826
2024-02-17,0,0,0,0,0,0,0,0,0,0,0,0,2024,2,17,5,48,7,1,1,0,0,-0.9749279121818236,-0.2225209339563146,0.7354170229639855,0.6776147890466889,0.7485107481711011,0.6631226582407953,0.8660254037844386,0.5000000000000001,0.0,0.0,0.0,0.0,0.0,0.0,0.0,0.0,0.0,0.0,0.0,0.0,0.0,0.0,0.35714285714285715,1.0818177620697833,5.0,4.0,0.6428571428571429,1.4198144300833866,18.0,4.0,0.7678571428571429,1.5839085307448275,43.0,5.0,0.6666666666666666,1.4835104357069437,56.0,5.0,0.0,0.0,0.0,954,0.279874213836478,0.16666666666666666,0.24423480083857443,0.2526205450733753,0.09538784067085954,0.31551362683438156,40.0,5.9958071278826
2024-02-18,0,0,0,0,0,0,0,0,0,0,0,0,2024,2,18,6,49,7,1,1,0,0,-0.7818314824680299,0.6234898018587334,0.7469720876965552,0.6648553979642865,0.7485107481711011,0.6631226582407953,0.8660254037844386,0.5000000000000001,0.0,0.0,0.0,0.0,1.0,0.0,0.0,0.0,0.0,0.0,0.0,0.0,0.0,0.0,0.2857142857142857,1.0690449676496994,4.0,4.0,0.6428571428571429,1.4198144300833866,18.0,4.0,0.6964285714285714,1.5245821228620824,39.0,5.0,0.6666666666666666,1.4835104357069437,56.0,5.0,0.0,0.0,0.0,954,0.279874213836478,0.16666666666666666,0.24423480083857443,0.2526205450733753,0.09538784067085954,0.31551362683438156,40.0,5.9958071278826
2024-02-19,0,0,0,0,0,0,0,0,0,0,0,0,2024,2,19,0,50,8,1,0,1,0,0.0,1.0,0.7583058084785624,0.6518989958787126,0.8229838658936564,0.5680647467311559,0.8660254037844386,0.5000000000000001,0.0,0.0,0.0,0.0,4.0,0.0,0.0,0.0,0.0,0.0,0.0,0.0,0.0,0.0,0.0,0.0,0.0,0.0,0.6428571428571429,1.4198144300833866,18.0,4.0,0.6071428571428571,1.4100750647790679,34.0,4.0,0.6666666666666666,1.4835104357069437,56.0,5.0,0.0,0.0,0.0,954,0.279874213836478,0.16666666666666666,0.24423480083857443,0.2526205450733753,0.09538784067085954,0.31551362683438156,40.0,5.9958071278826
2024-02-20,0,0,0,0,0,0,0,0,0,0,0,0,2024,2,20,1,51,8,1,0,0,0,0.7818314824680298,0.6234898018587336,0.7694148268839378,0.6387494220515272,0.8229838658936564,0.5680647467311559,0.8660254037844386,0.5000000000000001,0.0,0.0,0.0,0.0,0.0,0.0,0.0,0.0,0.0,0.0,0.0,0.0,0.0,0.0,0.0,0.0,0.0,0.0,0.6428571428571429,1.4198144300833866,18.0,4.0,0.6071428571428571,1.4100750647790679,34.0,4.0,0.6666666666666666,1.4835104357069437,56.0,5.0,0.0,0.0,0.0,954,0.279874213836478,0.16666666666666666,0.24423480083857443,0.2526205450733753,0.09538784067085954,0.31551362683438156,40.0,5.9958071278826
2024-02-21,0,0,0,0,0,0,0,0,0,0,0,0,2024,2,21,2,52,8,1,0,0,0,0.9749279121818236,-0.22252093395631434,0.7802958510707755,0.6254105729852463,0.8229838658936564,0.5680647467311559,0.8660254037844386,0.5000000000000001,0.0,0.0,0.0,0.0,0.0,0.0,0.0,0.0,0.0,0.0,0.0,0.0,0.0,0.0,0.0,0.0,0.0,0.0,0.6428571428571429,1.4198144300833866,18.0,4.0,0.6071428571428571,1.4100750647790679,34.0,4.0,0.6666666666666666,1.4835104357069437,56.0,5.0,0.0,0.0,0.0,954,0.279874213836478,0.16666666666666666,0.24423480083857443,0.2526205450733753,0.09538784067085954,0.31551362683438156,40.0,5.9958071278826
2024-02-22,0,0,0,0,0,0,0,0,0,0,0,0,2024,2,22,3,53,8,1,0,0,0,0.43388373911755823,-0.900968867902419,0.7909456567567772,0.6118864012687243,0.8229838658936564,0.5680647467311559,0.8660254037844386,0.5000000000000001,0.0,0.0,0.0,0.0,0.0,0.0,0.0,0.0,0.0,0.0,0.0,0.0,0.0,0.0,0.0,0.0,0.0,0.0,0.6428571428571429,1.4198144300833866,18.0,4.0,0.6071428571428571,1.4100750647790679,34.0,4.0,0.6666666666666666,1.4835104357069437,56.0,5.0,0.0,0.0,0.0,954,0.279874213836478,0.16666666666666666,0.24423480083857443,0.2526205450733753,0.09538784067085954,0.31551362683438156,40.0,5.9958071278826
2024-02-23,1,1,0,0,0,0,0,0,2,0,0,0,2024,2,23,4,54,8,1,0,0,1,-0.433883739117558,-0.9009688679024191,0.8013610881746766,0.5981809144059165,0.8229838658936564,0.5680647467311559,0.8660254037844386,0.5000000000000001,0.0,0.0,0.0,0.0,0.0,4.0,0.3333333333333333,0.5773502691896303,1.0,1.0,0.14285714285714285,0.37796447300921626,1.0,1.0,0.07142857142857142,0.2672612419124315,1.0,1.0,0.5357142857142857,1.2614554456142464,15.0,4.0,0.625,1.4085776191218267,35.0,4.0,0.6785714285714286,1.4821078630545266,57.0,5.0,1.0,1.0,-3.0,954,0.279874213836478,0.16666666666666666,0.24423480083857443,0.2526205450733753,0.09538784067085954,0.31551362683438156,40.0,5.9958071278826
2024-02-24,0,0,0,0,0,0,0,0,0,0,0,0,2024,2,24,5,55,8,1,1,0,0,-0.9749279121818236,-0.2225209339563146,0.8115390590073611,0.5842981736283684,0.8229838658936564,0.5680647467311559,0.8660254037844386,0.5000000000000001,1.0,0.0,0.0,0.0,0.0,0.0,0.3333333333333333,0.5773502691896303,1.0,1.0,0.14285714285714285,0.37796447300921626,1.0,1.0,0.07142857142857142,0.2672612419124315,1.0,1.0,0.5357142857142857,1.2614554456142464,15.0,4.0,0.625,1.4085776191218267,35.0,4.0,0.6785714285714286,1.4821078630545266,57.0,5.0,-1.0,0.0,0.0,954,0.279874213836478,0.16666666666666666,0.24423480083857443,0.2526205450733753,0.09538784067085954,0.31551362683438156,40.0,5.9958071278826
2024-02-25,0,0,0,0,0,0,0,0,0,0,0,0,2024,2,25,6,56,8,1,1,0,0,-0.7818314824680299,0.6234898018587334,0.8214765533024142,0.5702422926917871,0.8229838658936564,0.5680647467311559,0.8660254037844386,0.5000000000000001,0.0,1.0,0.0,0.0,0.0,0.0,0.3333333333333333,0.5773502691896303,1.0,1.0,0.14285714285714285,0.37796447300921626,1.0,1.0,0.07142857142857142,0.2672612419124315,1.0,1.0,0.5357142857142857,1.2614554456142464,15.0,4.0,0.625,1.4085776191218267,35.0,4.0,0.6785714285714286,1.4821078630545266,57.0,5.0,0.0,0.0,0.0,954,0.279874213836478,0.16666666666666666,0.24423480083857443,0.2526205450733753,0.09538784067085954,0.31551362683438156,40.0,5.9958071278826
2024-02-26,0,0,0,0,0,0,0,0,0,0,0,0,2024,2,26,0,57,9,1,0,1,0,0.0,1.0,0.8311706263658079,0.5560174366570446,0.8854560256532099,0.4647231720437686,0.8660254037844386,0.5000000000000001,0.0,0.0,1.0,0.0,0.0,1.0,0.0,0.0,0.0,0.0,0.14285714285714285,0.37796447300921626,1.0,1.0,0.07142857142857142,0.2672612419124315,1.0,1.0,0.5,1.2619796324000592,14.0,4.0,0.625,1.4085776191218267,35.0,4.0,0.6785714285714286,1.4821078630545266,57.0,5.0,0.0,0.0,-1.0,954,0.279874213836478,0.16666666666666666,0.24423480083857443,0.2526205450733753,0.09538784067085954,0.31551362683438156,40.0,5.9958071278826
2024-02-27,0,0,0,0,0,0,0,0,0,0,0,0,2024,2,27,1,58,9,1,0,0,0,0.7818314824680298,0.6234898018587336,0.8406184056344782,0.5416278206559814,0.8854560256532099,0.4647231720437686,0.8660254037844386,0.5000000000000001,0.0,0.0,0.0,0.0,0.0,0.0,0.0,0.0,0.0,0.0,0.14285714285714285,0.37796447300921626,1.0,1.0,0.07142857142857142,0.2672612419124315,1.0,1.0,0.5,1.2619796324000592,14.0,4.0,0.5535714285714286,1.3337526396960226,31.0,4.0,0.6785714285714286,1.4821078630545266,57.0,5.0,0.0,0.0,0.0,954,0.279874213836478,0.16666666666666666,0.24423480083857443,0.2526205450733753,0.09538784067085954,0.31551362683438156,40.0,5.9958071278826
2024-02-28,4,0,4,0,0,0,0,0,8,0,0,4,2024,2,28,2,59,9,1,0,0,0,0.9749279121818236,-0.22252093395631434,0.8498170915275278,0.5270777086423722,0.8854560256532099,0.4647231720437686,0.8660254037844386,0.5000000000000001,0.0,0.0,0.0,0.0,0.0,4.0,1.3333333333333333,2.309401076758505,4.0,4.0,0.7142857142857143,1.4960264830861891,5.0,4.0,0.35714285714285715,1.0818177620697833,5.0,4.0,0.5,1.2619796324000592,14.0,4.0,0.625,1.4085776191218267,35.0,4.0,0.6785714285714286,1.4821078630545266,57.0,5.0,4.0,4.0,0.0,954,0.279874213836478,0.16666666666666666,0.24423480083857443,0.2526205450733753,0.09538784067085954,0.31551362683438156,40.0,5.9958071278826
2024-02-29,0,0,0,0,0,0,0,0,0,0,0,0,2024,2,29,3,60,9,1,0,0,0,0.43388373911755823,-0.900968867902419,0.8587639582758029,0.5123714121284237,0.8854560256532099,0.4647231720437686,0.8660254037844386,0.5000000000000001,4.0,0.0,0.0,0.0,0.0,0.0,1.3333333333333333,2.309401076758505,4.0,4.0,0.7142857142857143,1.4960264830861891,5.0,4.0,0.35714285714285715,1.0818177620697833,5.0,4.0,0.5,1.2619796324000592,14.0,4.0,0.625,1.4085776191218267,35.0,4.0,0.6785714285714286,1.4821078630545266,57.0,5.0,-4.0,0.0,0.0,954,0.279874213836478,0.16666666666666666,0.24423480083857443,0.2526205450733753,0.09538784067085954,0.31551362683438156,40.0,5.9958071278826
2024-03-01,0,0,0,0,0,0,0,0,0,0,0,0,2024,3,1,4,61,9,1,0,0,1,-0.433883739117558,-0.9009688679024191,0.8674563547295969,0.49751328890718066,0.8854560256532099,0.4647231720437686,1.0,6.123233995736766e-17,0.0,4.0,0.0,1.0,0.0,4.0,1.3333333333333333,2.309401076758505,4.0,4.0,0.5714285714285714,1.5118578920369066,4.0,4.0,0.35714285714285715,1.0818177620697833,5.0,4.0,0.35714285714285715,1.0615950861718053,10.0,4.0,0.5535714285714286,1.3337526396960226,31.0,4.0,0.6666666666666666,1.4835104357069437,56.0,5.0,0.0,-1.0,-4.0,954,0.279874213836478,0.16666666666666666,0.24423480083857443,0.2526205450733753,0.09538784067085954,0.31551362683438156,40.0,5.9958071278826
2024-03-02,4,0,0,0,0,0,0,0,8,0,0,0,2024,3,2,5,62,9,1,1,0,0,-0.9749279121818236,-0.2225209339563146,0.8758917051442429,0.48250774176121847,0.8854560256532099,0.4647231720437686,1.0,6.123233995736766e-17,0.0,0.0,4.0,0.0,0.0,0.0,1.3333333333333333,2.309401076758505,4.0,4.0,1.1428571428571428,1.951800145897065,8.0,4.0,0.6428571428571429,1.4468609447374676,9.0,4.0,0.5,1.2619796324000592,14.0,4.0,0.625,1.4085776191218267,35.0,4.0,0.7142857142857143,1.5254580870070298,60.0,5.0,4.0,4.0,4.0,954,0.279874213836478,0.16666666666666666,0.24423480083857443,0.2526205450733753,0.09538784067085954,0.31551362683438156,40.0,5.9958071278826
2024-03-03,0,0,0,0,0,0,0,0,0,0,0,0,2024,3,3,6,63,9,1,1,0,0,-0.7818314824680299,0.6234898018587334,0.8840675099433636,0.4673592171580022,0.8854560256532099,0.4647231720437686,1.0,6.123233995736766e-17,4.0,0.0,0.0,0.0,0.0,1.0,1.3333333333333333,2.309401076758505,4.0,4.0,1.1428571428571428,1.951800145897065,8.0,4.0,0.6428571428571429,1.4468609447374676,9.0,4.0,0.4642857142857143,1.2614554456142464,13.0,4.0,0.625,1.4085776191218267,35.0,4.0,0.7142857142857143,1.5254580870070298,60.0,5.0,-4.0,0.0,-1.0,954,0.279874213836478,0.16666666666666666,0.24423480083857443,0.2526205450733753,0.09538784067085954,0.31551362683438156,40.0,5.9958071278826
2024-03-04,1,0,0,0,0,0,0,0,2,0,0,0,2024,3,4,0,64,10,1,0,1,0,0.0,1.0,0.8919813464595485,0.45207220393230435,0.9350162426854148,0.35460488704253557,1.0,6.123233995736766e-17,0.0,4.0,0.0,0.0,0.0,4.0,1.6666666666666667,2.0816659994661353,5.0,4.0,1.2857142857142858,1.889822365046135,9.0,4.0,0.7142857142857143,1.4373357526806567,10.0,4.0,0.35714285714285715,1.0615950861718053,10.0,4.0,0.6428571428571429,1.4068478166528118,36.0,4.0,0.7261904761904762,1.523717635640284,61.0,5.0,1.0,1.0,-3.0,954,0.279874213836478,0.16666666666666666,0.24423480083857443,0.2526205450733753,0.09538784067085954,0.31551362683438156,40.0,5.9958071278826
2024-03-05,0,0,0,0,0,0,0,0,0,0,0,0,2024,3,5,1,65,10,1,0,0,0,0.7818314824680298,0.6234898018587336,0.8996308696522433,0.43665123195606403,0.9350162426854148,0.35460488704253557,1.0,6.123233995736766e-17,1.0,0.0,4.0,0.0,0.0,0.0,0.3333333333333333,0.5773502691896297,1.0,1.0,1.2857142857142858,1.889822365046135,9.0,4.0,0.7142857142857143,1.4373357526806567,10.0,4.0,0.35714285714285715,1.0615950861718053,10.0,4.0,0.6428571428571429,1.4068478166528118,36.0,4.0,0.7261904761904762,1.523717635640284,61.0,5.0,-1.0,0.0,0.0,954,0.279874213836478,0.16666666666666666,0.24423480083857443,0.2526205450733753,0.09538784067085954,0.31551362683438156,40.0,5.9958071278826
2024-03-06,0,0,0,0,0,0,0,0,0,0,0,0,2024,3,6,2,66,10,1,0,0,0,0.9749279121818236,-0.22252093395631434,0.9070138128026359,0.4211008707960896,0.9350162426854148,0.35460488704253557,1.0,6.123233995736766e-17,0.0,1.0,0.0,4.0,0.0,0.0,0.3333333333333333,0.5773502691896297,1.0,1.0,0.7142857142857143,1.4960264830861891,5.0,4.0,0.7142857142857143,1.4373357526806567,10.0,4.0,0.35714285714285715,1.0615950861718053,10.0,4.0,0.5714285714285714,1.332900362601564,32.0,4.0,0.7261904761904762,1.523717635640284,61.0,5.0,0.0,-4.0,0.0,954,0.279874213836478,0.16666666666666666,0.24423480083857443,0.2526205450733753,0.09538784067085954,0.31551362683438156,40.0,5.9958071278826
2024-03-07,0,0,0,0,0,0,0,0,0,0,0,0,2024,3,7,3,67,10,1,0,0,0,0.43388373911755823,-0.900968867902419,0.9141279881853337,0.40542572835999735,0.9350162426854148,0.35460488704253557,1.0,6.123233995736766e-17,0.0,0.0,1.0,0.0,0.0,0.0,0.0,0.0,0.0,0.0,0.7142857142857143,1.4960264830861891,5.0,4.0,0.7142857142857143,1.4373357526806567,10.0,4.0,0.35714285714285715,1.0615950861718053,10.0,4.0,0.5714285714285714,1.332900362601564,32.0,4.0,0.7261904761904762,1.523717635640284,61.0,5.0,0.0,0.0,0.0,954,0.279874213836478,0.16666666666666666,0.24423480083857443,0.2526205450733753,0.09538784067085954,0.31551362683438156,40.0,5.9958071278826
2024-03-08,0,0,0,0,0,0,0,0,0,0,0,0,2024,3,8,4,68,10,1,0,0,1,-0.433883739117558,-0.9009688679024191,0.9209712877166346,0.38963044953078796,0.9350162426854148,0.35460488704253557,1.0,6.123233995736766e-17,0.0,0.0,0.0,0.0,1.0,0.0,0.0,0.0,0.0,0.0,0.7142857142857143,1.4960264830861891,5.0,4.0,0.6428571428571429,1.4468609447374676,9.0,4.0,0.35714285714285715,1.0615950861718053,10.0,4.0,0.5714285714285714,1.332900362601564,32.0,4.0,0.7261904761904762,1.523717635640284,61.0,5.0,0.0,0.0,0.0,954,0.279874213836478,0.16666666666666666,0.24423480083857443,0.2526205450733753,0.09538784067085954,0.31551362683438156,40.0,5.9958071278826
2024-03-09,0,0,0,0,0,0,0,0,0,0,0,0,2024,3,9,5,69,10,1,1,0,0,-0.9749279121818236,-0.2225209339563146,0.9275416835791966,0.37371971479046906,0.9350162426854148,0.35460488704253557,1.0,6.123233995736766e-17,0.0,0.0,0.0,4.0,0.0,0.0,0.0,0.0,0.0,0.0,0.14285714285714285,0.3779644730092155,1.0,1.0,0.6428571428571429,1.4468609447374676,9.0,4.0,0.35714285714285715,1.0615950861718053,10.0,4.0,0.5714285714285714,1.332900362601564,32.0,4.0,0.7261904761904762,1.523717635640284,61.0,5.0,0.0,-4.0,0.0,954,0.279874213836478,0.16666666666666666,0.24423480083857443,0.2526205450733753,0.09538784067085954,0.31551362683438156,40.0,5.9958071278826
2024-03-10,0,0,0,0,0,0,0,0,0,0,0,0,2024,3,10,6,70,10,1,1,0,0,-0.7818314824680299,0.6234898018587334,0.9338372288229252,0.35769823883312546,0.9350162426854148,0.35460488704253557,1.0,6.123233995736766e-17,0.0,0.0,0.0,0.0,0.0,0.0,0.0,0.0,0.0,0.0,0.14285714285714285,0.3779644730092155,1.0,1.0,0.6428571428571429,1.4468609447374676,9.0,4.0,0.35714285714285715,1.0615950861718053,10.0,4.0,0.5714285714285714,1.332900362601564,32.0,4.0,0.6785714285714286,1.4821078630545268,57.0,5.0,0.0,0.0,0.0,954,0.279874213836478,0.16666666666666666,0.24423480083857443,0.2526205450733753,0.09538784067085954,0.31551362683438156,40.0,5.9958071278826
2024-03-11,0,0,0,0,0,0,0,0,0,0,0,0,2024,3,11,0,71,11,1,0,1,0,0.0,1.0,0.9398560579418954,0.3415707691678556,0.970941817426052,0.23931566428755804,1.0,6.123233995736766e-17,0.0,0.0,0.0,1.0,0.0,0.0,0.0,0.0,0.0,0.0,0.0,0.0,0.0,0.0,0.6428571428571429,1.4468609447374676,9.0,4.0,0.35714285714285715,1.0615950861718053,10.0,4.0,0.5714285714285714,1.332900362601564,32.0,4.0,0.6309523809523809,1.4377003215456887,53.0,5.0,0.0,-1.0,0.0,954,0.279874213836478,0.16666666666666666,0.24423480083857443,0.2526205450733753,0.09538784067085954,0.31551362683438156,40.0,5.9958071278826
2024-03-12,0,0,0,0,0,0,0,0,0,0,0,0,2024,3,12,1,72,11,1,0,0,0,0.7818314824680298,0.6234898018587336,0.9455963874271426,0.3253420847119801,0.970941817426052,0.23931566428755804,1.0,6.123233995736766e-17,0.0,0.0,0.0,0.0,0.0,0.0,0.0,0.0,0.0,0.0,0.0,0.0,0.0,0.0,0.6428571428571429,1.4468609447374676,9.0,4.0,0.35714285714285715,1.0615950861718053,10.0,4.0,0.5,1.250454462839958,28.0,4.0,0.6309523809523809,1.4377003215456887,53.0,5.0,0.0,0.0,0.0,954,0.279874213836478,0.16666666666666666,0.24423480083857443,0.2526205450733753,0.09538784067085954,0.31551362683438156,40.0,5.9958071278826
2024-03-13,4,4,0,0,0,0,0,0,8,0,0,0,2024,3,13,2,73,11,1,0,0,0,0.9749279121818236,-0.22252093395631434,0.9510565162951535,0.30901699437494745,0.970941817426052,0.23931566428755804,1.0,6.123233995736766e-17,0.0,0.0,0.0,0.0,4.0,0.0,1.3333333333333333,2.309401076758505,4.0,4.0,0.5714285714285714,1.5118578920369066,4.0,4.0,0.6428571428571429,1.4468609447374676,9.0,4.0,0.5,1.2619796324000592,14.0,4.0,0.5714285714285714,1.332900362601564,32.0,4.0,0.6785714285714286,1.4821078630545268,57.0,5.0,4.0,4.0,4.0,954,0.279874213836478,0.16666666666666666,0.24423480083857443,0.2526205450733753,0.09538784067085954,0.31551362683438156,40.0,5.9958071278826
2024-03-14,0,0,0,0,0,0,0,0,0,0,0,0,2024,3,14,3,74,11,1,0,0,0,0.43388373911755823,-0.900968867902419,0.9562348265919056,0.29260033563334836,0.970941817426052,0.23931566428755804,1.0,6.123233995736766e-17,4.0,0.0,0.0,0.0,0.0,0.0,1.3333333333333333,2.309401076758505,4.0,4.0,0.5714285714285714,1.5118578920369066,4.0,4.0,0.6428571428571429,1.4468609447374676,9.0,4.0,0.5,1.2619796324000592,14.0,4.0,0.5714285714285714,1.332900362601564,32.0,4.0,0.6785714285714286,1.4821078630545268,57.0,5.0,-4.0,0.0,0.0,954,0.279874213836478,0.16666666666666666,0.24423480083857443,0.2526205450733753,0.09538784067085954,0.31551362683438156,40.0,5.9958071278826
2024-03-15,0,0,0,0,0,0,0,0,0,0,0,0,2024,3,15,4,75,11,1,0,0,1,-0.433883739117558,-0.9009688679024191,0.9611297838723007,0.27609697309746883,0.970941817426052,0.23931566428755804,1.0,6.123233995736766e-17,0.0,4.0,0.0,0.0,0.0,0.0,1.3333333333333333,2.309401076758505,4.0,4.0,0.5714285714285714,1.5118578920369066,4.0,4.0,0.6428571428571429,1.4468609447374676,9.0,4.0,0.5,1.2619796324000592,14.0,4.0,0.5714285714285714,1.332900362601564,32.0,4.0,0.6785714285714286,1.4821078630545268,57.0,5.0,0.0,0.0,0.0,954,0.279874213836478,0.16666666666666666,0.24423480083857443,0.2526205450733753,0.09538784067085954,0.31551362683438156,40.0,5.9958071278826
2024-03-16,0,0,0,0,0,0,0,0,0,0,0,0,2024,3,16,5,76,11,1,1,0,0,-0.9749279121818236,-0.2225209339563146,0.9657399376548549,0.2595117970697999,0.970941817426052,0.23931566428755804,1.0,6.123233995736766e-17,0.0,0.0,4.0,0.0,4.0,0.0,0.0,0.0,0.0,0.0,0.5714285714285714,1.5118578920369066,4.0,4.0,0.35714285714285715,1.0818177620697833,5.0,4.0,0.5,1.2619796324000592,14.0,4.0,0.5714285714285714,1.332900362601564,32.0,4.0,0.6785714285714286,1.4821078630545268,57.0,5.0,0.0,0.0,0.0,954,0.279874213836478,0.16666666666666666,0.24423480083857443,0.2526205450733753,0.09538784067085954,0.31551362683438156,40.0,5.9958071278826
2024-03-17,0,0,0,0,0,0,0,0,0,0,0,0,2024,3,17,6,77,11,1,1,0,0,-0.7818314824680299,0.6234898018587334,0.9700639218515071,0.2428497220959356,0.970941817426052,0.23931566428755804,1.0,6.123233995736766e-17,0.0,0.0,0.0,0.0,0.0,0.0,0.0,0.0,0.0,0.0,0.5714285714285714,1.5118578920369066,4.0,4.0,0.35714285714285715,1.0818177620697833,5.0,4.0,0.5,1.2619796324000592,14.0,4.0,0.5714285714285714,1.332900362601564,32.0,4.0,0.6309523809523809,1.4377003215456887,53.0,5.0,0.0,0.0,0.0,954,0.279874213836478,0.16666666666666666,0.24423480083857443,0.2526205450733753,0.09538784067085954,0.31551362683438156,40.0,5.9958071278826
2024-03-18,0,0,0,0,0,0,0,0,0,0,0,0,2024,3,18,0,78,12,1,0,1,0,0.0,1.0,0.9741004551724205,0.22611568550828828,0.992708874098054,0.120536680255323,1.0,6.123233995736766e-17,0.0,0.0,0.0,0.0,1.0,0.0,0.0,0.0,0.0,0.0,0.5714285714285714,1.5118578920369066,4.0,4.0,0.2857142857142857,1.0690449676496994,4.0,4.0,0.5,1.2619796324000592,14.0,4.0,0.5714285714285714,1.332900362601564,32.0,4.0,0.5714285714285714,1.3558060269774201,48.0,4.0,0.0,0.0,0.0,954,0.279874213836478,0.16666666666666666,0.24423480083857443,0.2526205450733753,0.09538784067085954,0.31551362683438156,40.0,5.9958071278826
2024-03-19,0,0,0,0,0,0,0,0,0,0,0,0,2024,3,19,1,79,12,1,0,0,0,0.7818314824680298,0.6234898018587336,0.9778483415056568,0.20931464596304847,0.992708874098054,0.120536680255323,1.0,6.123233995736766e-17,0.0,0.0,0.0,0.0,0.0,0.0,0.0,0.0,0.0,0.0,0.5714285714285714,1.5118578920369066,4.0,4.0,0.2857142857142857,1.0690449676496994,4.0,4.0,0.5,1.2619796324000592,14.0,4.0,0.5714285714285714,1.332900362601564,32.0,4.0,0.5714285714285714,1.3558060269774201,48.0,4.0,0.0,0.0,0.0,954,0.279874213836478,0.16666666666666666,0.24423480083857443,0.2526205450733753,0.09538784067085954,0.31551362683438156,40.0,5.9958071278826
2024-03-20,0,0,0,0,0,0,0,0,0,0,0,0,2024,3,20,2,80,12,1,0,0,0,0.9749279121818236,-0.22252093395631434,0.9813064702716093,0.19245158197082998,0.992708874098054,0.120536680255323,1.0,6.123233995736766e-17,0.0,0.0,0.0,4.0,0.0,0.0,0.0,0.0,0.0,0.0,0.0,0.0,0.0,0.0,0.2857142857142857,1.0690449676496994,4.0,4.0,0.5,1.2619796324000592,14.0,4.0,0.5714285714285714,1.332900362601564,32.0,4.0,0.5714285714285714,1.3558060269774201,48.0,4.0,0.0,-4.0,0.0,954,0.279874213836478,0.16666666666666666,0.24423480083857443,0.2526205450733753,0.09538784067085954,0.31551362683438156,40.0,5.9958071278826
2024-03-21,4,4,0,0,0,0,0,0,8,0,0,0,2024,3,21,3,81,12,1,0,0,0,0.43388373911755823,-0.900968867902419,0.9844738167520922,0.1755314904214282,0.992708874098054,0.120536680255323,1.0,6.123233995736766e-17,0.0,0.0,0.0,0.0,0.0,0.0,1.3333333333333333,2.309401076758505,4.0,4.0,0.5714285714285714,1.5118578920369066,4.0,4.0,0.5714285714285714,1.452546078405127,8.0,4.0,0.6428571428571429,1.4198144300833866,18.0,4.0,0.6428571428571429,1.4068478166528118,36.0,4.0,0.6190476190476191,1.4048518500527638,52.0,4.0,4.0,4.0,4.0,954,0.279874213836478,0.16666666666666666,0.24423480083857443,0.2526205450733753,0.09538784067085954,0.31551362683438156,40.0,5.9958071278826
2024-03-22,4,0,4,0,0,0,0,0,8,0,0,4,2024,3,22,4,82,12,1,0,0,1,-0.433883739117558,-0.9009688679024191,0.9873494423939864,0.15855938510313475,0.992708874098054,0.120536680255323,1.0,6.123233995736766e-17,4.0,0.0,0.0,0.0,0.0,1.0,2.6666666666666665,2.3094010767585065,8.0,4.0,1.1428571428571428,1.951800145897065,8.0,4.0,0.8571428571428571,1.7032612545052812,12.0,4.0,0.75,1.5545631755148013,21.0,4.0,0.6428571428571429,1.4068478166528118,36.0,4.0,0.6666666666666666,1.4506611150378064,56.0,4.0,0.0,4.0,3.0,954,0.279874213836478,0.16666666666666666,0.24423480083857443,0.2526205450733753,0.09538784067085954,0.31551362683438156,40.0,5.9958071278826
2024-03-23,0,0,0,0,0,0,0,0,0,0,0,0,2024,3,23,5,83,12,1,1,0,0,-0.9749279121818236,-0.2225209339563146,0.989932495087353,0.141540295217043,0.992708874098054,0.120536680255323,1.0,6.123233995736766e-17,4.0,4.0,0.0,0.0,0.0,0.0,2.6666666666666665,2.3094010767585065,8.0,4.0,1.1428571428571428,1.951800145897065,8.0,4.0,0.8571428571428571,1.7032612545052812,12.0,4.0,0.75,1.5545631755148013,21.0,4.0,0.6428571428571429,1.4068478166528118,36.0,4.0,0.6666666666666666,1.4506611150378064,56.0,4.0,-4.0,0.0,0.0,954,0.279874213836478,0.16666666666666666,0.24423480083857443,0.2526205450733753,0.09538784067085954,0.31551362683438156,40.0,5.9958071278826
2024-03-24,0,0,0,0,0,0,0,0,0,0,0,0,2024,3,24,6,84,12,1,1,0,0,-0.7818314824680299,0.6234898018587334,0.9922222094179323,0.12447926388678915,0.992708874098054,0.120536680255323,1.0,6.123233995736766e-17,0.0,4.0,4.0,0.0,0.0,0.0,1.3333333333333333,2.309401076758505,4.0,4.0,1.1428571428571428,1.951800145897065,8.0,4.0,0.8571428571428571,1.7032612545052812,12.0,4.0,0.75,1.5545631755148013,21.0,4.0,0.6428571428571429,1.4068478166528118,36.0,4.0,0.6666666666666666,1.4506611150378064,56.0,4.0,0.0,0.0,0.0,954,0.279874213836478,0.16666666666666666,0.24423480083857443,0.2526205450733753,0.09538784067085954,0.31551362683438156,40.0,5.9958071278826
2024-03-25,0,0,0,0,0,0,0,0,0,0,0,0,2024,3,25,0,85,13,1,0,1,0,0.0,1.0,0.994217906893952,0.10738134666416309,1.0,-1.6081226496766366e-16,1.0,6.123233995736766e-17,0.0,0.0,4.0,0.0,0.0,0.0,0.0,0.0,0.0,0.0,1.1428571428571428,1.951800145897065,8.0,4.0,0.8571428571428571,1.7032612545052812,12.0,4.0,0.75,1.5545631755148013,21.0,4.0,0.625,1.4085776191218267,35.0,4.0,0.6666666666666666,1.4506611150378064,56.0,4.0,0.0,0.0,0.0,954,0.279874213836478,0.16666666666666666,0.24423480083857443,0.2526205450733753,0.09538784067085954,0.31551362683438156,40.0,5.9958071278826
2024-03-26,0,0,0,0,0,0,0,0,0,0,0,0,2024,3,26,1,86,13,1,0,0,0,0.7818314824680298,0.6234898018587336,0.995918996147179,0.09025161003104117,1.0,-1.6081226496766366e-16,1.0,6.123233995736766e-17,0.0,0.0,0.0,0.0,0.0,0.0,0.0,0.0,0.0,0.0,1.1428571428571428,1.951800145897065,8.0,4.0,0.8571428571428571,1.7032612545052812,12.0,4.0,0.75,1.5545631755148013,21.0,4.0,0.625,1.4085776191218267,35.0,4.0,0.6190476190476191,1.4048518500527638,52.0,4.0,0.0,0.0,0.0,954,0.279874213836478,0.16666666666666666,0.24423480083857443,0.2526205450733753,0.09538784067085954,0.31551362683438156,40.0,5.9958071278826
2024-03-27,0,0,0,0,0,0,0,0,0,0,0,0,2024,3,27,2,87,13,1,0,0,0,0.9749279121818236,-0.22252093395631434,0.9973249731081555,0.07309512989807777,1.0,-1.6081226496766366e-16,1.0,6.123233995736766e-17,0.0,0.0,0.0,0.0,4.0,4.0,0.0,0.0,0.0,0.0,1.1428571428571428,1.951800145897065,8.0,4.0,0.5714285714285714,1.452546078405127,8.0,4.0,0.6071428571428571,1.423071423060793,17.0,4.0,0.5535714285714286,1.3337526396960226,31.0,4.0,0.6190476190476191,1.4048518500527638,52.0,4.0,0.0,0.0,-4.0,954,0.279874213836478,0.16666666666666666,0.24423480083857443,0.2526205450733753,0.09538784067085954,0.31551362683438156,40.0,5.9958071278826
2024-03-28,4,0,0,0,0,0,0,0,8,0,0,0,2024,3,28,3,88,13,1,0,0,0,0.43388373911755823,-0.900968867902419,0.9984354211555643,0.055916990100603484,1.0,-1.6081226496766366e-16,1.0,6.123233995736766e-17,0.0,0.0,0.0,4.0,0.0,0.0,1.3333333333333333,2.309401076758505,4.0,4.0,1.1428571428571428,1.951800145897065,8.0,4.0,0.8571428571428571,1.7032612545052812,12.0,4.0,0.75,1.5545631755148013,21.0,4.0,0.625,1.4085776191218267,35.0,4.0,0.6666666666666666,1.4506611150378064,56.0,4.0,4.0,0.0,4.0,954,0.279874213836478,0.16666666666666666,0.24423480083857443,0.2526205450733753,0.09538784067085954,0.31551362683438156,40.0,5.9958071278826
2024-03-29,0,0,0,0,0,0,0,0,0,0,0,0,2024,3,29,4,89,13,1,0,0,1,-0.433883739117558,-0.9009688679024191,0.9992500112396835,0.03872228089217446,1.0,-1.6081226496766366e-16,1.0,6.123233995736766e-17,4.0,0.0,0.0,4.0,0.0,0.0,1.3333333333333333,2.309401076758505,4.0,4.0,0.5714285714285714,1.5118578920369066,4.0,4.0,0.8571428571428571,1.7032612545052812,12.0,4.0,0.75,1.5545631755148013,21.0,4.0,0.5535714285714286,1.3337526396960226,31.0,4.0,0.6190476190476191,1.4048518500527638,52.0,4.0,-4.0,-4.0,0.0,954,0.279874213836478,0.16666666666666666,0.24423480083857443,0.2526205450733753,0.09538784067085954,0.31551362683438156,40.0,5.9958071278826
2024-03-30,0,0,0,0,0,0,0,0,0,0,0,0,2024,3,30,5,90,13,1,1,0,0,-0.9749279121818236,-0.2225209339563146,0.9997685019798909,0.021516097436222254,1.0,-1.6081226496766366e-16,1.0,6.123233995736766e-17,0.0,4.0,0.0,0.0,0.0,4.0,1.3333333333333333,2.309401076758505,4.0,4.0,0.5714285714285714,1.5118578920369066,4.0,4.0,0.8571428571428571,1.7032612545052812,12.0,4.0,0.6071428571428571,1.423071423060793,17.0,4.0,0.5535714285714286,1.3337526396960226,31.0,4.0,0.6190476190476191,1.4048518500527638,52.0,4.0,0.0,0.0,-4.0,954,0.279874213836478,0.16666666666666666,0.24423480083857443,0.2526205450733753,0.09538784067085954,0.31551362683438156,40.0,5.9958071278826
2024-03-31,0,0,0,0,0,0,0,0,0,0,0,0,2024,3,31,6,91,13,1,1,0,0,-0.7818314824680299,0.6234898018587334,0.9999907397361901,0.004303538296244289,1.0,-1.6081226496766366e-16,1.0,6.123233995736766e-17,0.0,0.0,4.0,0.0,0.0,0.0,0.0,0.0,0.0,0.0,0.5714285714285714,1.5118578920369066,4.0,4.0,0.8571428571428571,1.7032612545052812,12.0,4.0,0.6071428571428571,1.423071423060793,17.0,4.0,0.5357142857142857,1.3343610757660331,30.0,4.0,0.6190476190476191,1.4048518500527638,52.0,4.0,0.0,0.0,0.0,954,0.279874213836478,0.16666666666666666,0.24423480083857443,0.2526205450733753,0.09538784067085954,0.31551362683438156,40.0,5.9958071278826
2024-04-01,4,0,0,0,0,4,0,4,8,0,0,4,2024,4,1,0,92,14,2,0,1,0,0.0,1.0,0.9999166586547379,-0.01291029607500882,0.992708874098054,-0.12053668025532288,0.8660254037844387,-0.4999999999999998,0.0,0.0,0.0,0.0,0.0,1.0,1.3333333333333333,2.309401076758505,4.0,4.0,1.1428571428571428,1.951800145897065,8.0,4.0,1.1428571428571428,1.8752289237539825,16.0,4.0,0.7142857142857143,1.560084111149918,20.0,4.0,0.5357142857142857,1.3343610757660331,30.0,4.0,0.6666666666666666,1.4506611150378064,56.0,4.0,4.0,4.0,3.0,954,0.279874213836478,0.16666666666666666,0.24423480083857443,0.2526205450733753,0.09538784067085954,0.31551362683438156,40.0,5.9958071278826
2024-04-02,0,0,0,0,0,0,0,0,0,0,0,0,2024,4,2,1,93,14,2,0,0,0,0.7818314824680298,0.6234898018587336,0.9995462806873573,-0.030120304846908114,0.992708874098054,-0.12053668025532288,0.8660254037844387,-0.4999999999999998,4.0,0.0,0.0,0.0,0.0,0.0,1.3333333333333333,2.309401076758505,4.0,4.0,1.1428571428571428,1.951800145897065,8.0,4.0,1.1428571428571428,1.8752289237539825,16.0,4.0,0.7142857142857143,1.560084111149918,20.0,4.0,0.5357142857142857,1.3343610757660331,30.0,4.0,0.6666666666666666,1.4506611150378064,56.0,4.0,-4.0,0.0,0.0,954,0.279874213836478,0.16666666666666666,0.24423480083857443,0.2526205450733753,0.09538784067085954,0.31551362683438156,40.0,5.9958071278826
2024-04-03,0,0,0,0,0,0,0,0,0,0,0,0,2024,4,3,2,94,14,2,0,0,0,0.9749279121818236,-0.22252093395631434,0.9988797155850336,-0.04732138832243185,0.992708874098054,-0.12053668025532288,0.8660254037844387,-0.4999999999999998,0.0,4.0,0.0,0.0,0.0,0.0,1.3333333333333333,2.309401076758505,4.0,4.0,1.1428571428571428,1.951800145897065,8.0,4.0,1.1428571428571428,1.8752289237539825,16.0,4.0,0.7142857142857143,1.560084111149918,20.0,4.0,0.5357142857142857,1.3343610757660331,30.0,4.0,0.6190476190476191,1.4048518500527638,52.0,4.0,0.0,0.0,0.0,954,0.279874213836478,0.16666666666666666,0.24423480083857443,0.2526205450733753,0.09538784067085954,0.31551362683438156,40.0,5.9958071278826
2024-04-04,1,0,0,0,0,0,0,0,2,0,0,0,2024,4,4,3,95,14,2,0,0,0,0.43388373911755823,-0.900968867902419,0.9979171608653922,-0.06450844944931623,0.992708874098054,-0.12053668025532288,0.8660254037844387,-0.4999999999999998,0.0,0.0,4.0,4.0,4.0,0.0,0.3333333333333333,0.5773502691896295,1.0,1.0,0.7142857142857143,1.4960264830861891,5.0,4.0,0.9285714285714286,1.6854255666327551,13.0,4.0,0.75,1.554563175514801,21.0,4.0,0.5535714285714286,1.3337526396960226,31.0,4.0,0.6309523809523809,1.4037794244125044,53.0,4.0,1.0,-3.0,1.0,954,0.279874213836478,0.16666666666666666,0.24423480083857443,0.2526205450733753,0.09538784067085954,0.31551362683438156,40.0,5.9958071278826
2024-04-05,1,0,1,0,0,0,0,0,1,0,0,1,2024,4,5,4,96,14,2,0,0,1,-0.433883739117558,-0.9009688679024191,0.9966589017541702,-0.08167639533042241,0.992708874098054,-0.12053668025532288,0.8660254037844387,-0.4999999999999998,1.0,0.0,0.0,0.0,4.0,0.0,0.6666666666666666,0.5773502691896308,2.0,1.0,0.8571428571428571,1.4638501094227978,6.0,4.0,0.7142857142857143,1.4373357526806567,10.0,4.0,0.7857142857142857,1.548168400667509,22.0,4.0,0.5714285714285714,1.332900362601564,32.0,4.0,0.6428571428571429,1.4026039221670836,54.0,4.0,0.0,1.0,1.0,954,0.279874213836478,0.16666666666666666,0.24423480083857443,0.2526205450733753,0.09538784067085954,0.31551362683438156,40.0,5.9958071278826
2024-04-06,4,0,4,0,0,4,0,4,8,0,0,4,2024,4,6,5,97,14,2,1,0,0,-0.9749279121818236,-0.2225209339563146,0.9951053111006976,-0.09882013873287143,0.992708874098054,-0.12053668025532288,0.8660254037844387,-0.4999999999999998,1.0,1.0,0.0,0.0,0.0,0.0,2.0,1.732050807568881,6.0,4.0,1.4285714285714286,1.8126539343499306,10.0,4.0,1.0,1.6641005886756883,14.0,4.0,0.9285714285714286,1.6539195069439538,26.0,4.0,0.6428571428571429,1.4068478166528118,36.0,4.0,0.6904761904761905,1.4476918935683056,58.0,4.0,3.0,4.0,4.0,954,0.279874213836478,0.16666666666666666,0.24423480083857443,0.2526205450733753,0.09538784067085954,0.31551362683438156,40.0,5.9958071278826
2024-04-07,0,0,0,0,0,0,0,0,0,0,0,0,2024,4,7,6,98,14,2,1,0,0,-0.7818314824680299,0.6234898018587334,0.9932568492674143,-0.11593459959550041,0.992708874098054,-0.12053668025532288,0.8660254037844387,-0.4999999999999998,4.0,1.0,1.0,0.0,0.0,0.0,1.6666666666666667,2.0816659994661353,5.0,4.0,1.4285714285714286,1.8126539343499306,10.0,4.0,1.0,1.6641005886756883,14.0,4.0,0.9285714285714286,1.6539195069439538,26.0,4.0,0.6428571428571429,1.4068478166528118,36.0,4.0,0.6904761904761905,1.4476918935683056,58.0,4.0,-4.0,0.0,0.0,954,0.279874213836478,0.16666666666666666,0.24423480083857443,0.2526205450733753,0.09538784067085954,0.31551362683438156,40.0,5.9958071278826
2024-04-08,0,0,0,0,0,0,0,0,0,0,0,0,2024,4,8,0,99,15,2,0,1,0,0.0,1.0,0.9911140639934547,-0.1330147065341959,0.9709418174260521,-0.2393156642875575,0.8660254037844387,-0.4999999999999998,0.0,4.0,1.0,4.0,0.0,0.0,1.3333333333333333,2.309401076758505,4.0,4.0,0.8571428571428571,1.463850109422798,6.0,4.0,1.0,1.6641005886756883,14.0,4.0,0.9285714285714286,1.6539195069439538,26.0,4.0,0.6428571428571429,1.4068478166528118,36.0,4.0,0.6904761904761905,1.4476918935683056,58.0,4.0,0.0,-4.0,0.0,954,0.279874213836478,0.16666666666666666,0.24423480083857443,0.2526205450733753,0.09538784067085954,0.31551362683438156,40.0,5.9958071278826
2024-04-09,0,0,0,0,0,0,0,0,0,0,0,0,2024,4,9,1,100,15,2,0,0,0,0.7818314824680298,0.6234898018587336,0.9886775902323405,-0.1500553983446526,0.9709418174260521,-0.2393156642875575,0.8660254037844387,-0.4999999999999998,0.0,0.0,4.0,0.0,0.0,0.0,0.0,0.0,0.0,0.0,0.8571428571428571,1.463850109422798,6.0,4.0,1.0,1.6641005886756883,14.0,4.0,0.9285714285714286,1.6539195069439538,26.0,4.0,0.6428571428571429,1.4068478166528118,36.0,4.0,0.6428571428571429,1.4026039221670836,54.0,4.0,0.0,0.0,0.0,954,0.279874213836478,0.16666666666666666,0.24423480083857443,0.2526205450733753,0.09538784067085954,0.31551362683438156,40.0,5.9958071278826
2024-04-10,4,0,0,4,0,0,0,0,8,4,4,0,2024,4,10,2,101,15,2,0,0,0,0.9749279121818236,-0.22252093395631434,0.9859481499638304,-0.16705162550211924,0.9709418174260521,-0.2393156642875575,0.8660254037844387,-0.4999999999999998,0.0,0.0,0.0,0.0,0.0,4.0,1.3333333333333333,2.309401076758505,4.0,4.0,1.4285714285714286,1.8126539343499306,10.0,4.0,1.2857142857142858,1.815682598006408,18.0,4.0,0.9285714285714286,1.6539195069439538,26.0,4.0,0.7142857142857143,1.473576795226016,40.0,4.0,0.6904761904761905,1.4476918935683056,58.0,4.0,4.0,4.0,0.0,954,0.279874213836478,0.16666666666666666,0.24423480083857443,0.2526205450733753,0.09538784067085954,0.31551362683438156,40.0,5.9958071278826
2024-04-11,0,0,0,0,0,0,0,0,0,0,0,0,2024,4,11,3,102,15,2,0,0,0,0.43388373911755823,-0.900968867902419,0.9829265519799822,-0.18399835165768005,0.9709418174260521,-0.2393156642875575,0.8660254037844387,-0.4999999999999998,4.0,0.0,0.0,1.0,4.0,0.0,1.3333333333333333,2.309401076758505,4.0,4.0,1.2857142857142858,1.8898223650461352,9.0,4.0,1.0,1.6641005886756883,14.0,4.0,0.9285714285714286,1.6539195069439538,26.0,4.0,0.7142857142857143,1.473576795226016,40.0,4.0,0.6904761904761905,1.4476918935683056,58.0,4.0,-4.0,-1.0,0.0,954,0.279874213836478,0.16666666666666666,0.24423480083857443,0.2526205450733753,0.09538784067085954,0.31551362683438156,40.0,5.9958071278826
2024-04-12,0,0,0,0,0,0,0,0,0,0,0,0,2024,4,12,4,103,15,2,0,0,1,-0.433883739117558,-0.9009688679024191,0.9796136916454901,-0.20089055513063506,0.9709418174260521,-0.2393156642875575,0.8660254037844387,-0.4999999999999998,0.0,4.0,0.0,1.0,0.0,0.0,1.3333333333333333,2.309401076758505,4.0,4.0,1.1428571428571428,1.951800145897065,8.0,4.0,1.0,1.6641005886756883,14.0,4.0,0.9285714285714286,1.6539195069439538,26.0,4.0,0.7142857142857143,1.473576795226016,40.0,4.0,0.6904761904761905,1.4476918935683056,58.0,4.0,0.0,-1.0,0.0,954,0.279874213836478,0.16666666666666666,0.24423480083857443,0.2526205450733753,0.09538784067085954,0.31551362683438156,40.0,5.9958071278826
2024-04-13,0,0,0,0,0,0,0,0,0,0,0,0,2024,4,13,5,104,15,2,1,0,0,-0.9749279121818236,-0.2225209339563146,0.9760105506323683,-0.21772323039653177,0.9709418174260521,-0.2393156642875575,0.8660254037844387,-0.4999999999999998,0.0,0.0,4.0,4.0,0.0,0.0,0.0,0.0,0.0,0.0,0.5714285714285714,1.5118578920369066,4.0,4.0,1.0,1.6641005886756883,14.0,4.0,0.9285714285714286,1.6539195069439538,26.0,4.0,0.7142857142857143,1.473576795226016,40.0,4.0,0.6904761904761905,1.4476918935683056,58.0,4.0,0.0,-4.0,0.0,954,0.279874213836478,0.16666666666666666,0.24423480083857443,0.2526205450733753,0.09538784067085954,0.31551362683438156,40.0,5.9958071278826
2024-04-14,0,0,0,0,0,0,0,0,0,0,0,0,2024,4,14,6,105,15,2,1,0,0,-0.7818314824680299,0.6234898018587334,0.9721181966290613,-0.23449138957040985,0.9709418174260521,-0.2393156642875575,0.8660254037844387,-0.4999999999999998,0.0,0.0,0.0,0.0,0.0,0.0,0.0,0.0,0.0,0.0,0.5714285714285714,1.5118578920369066,4.0,4.0,1.0,1.6641005886756883,14.0,4.0,0.9285714285714286,1.6539195069439538,26.0,4.0,0.7142857142857143,1.473576795226016,40.0,4.0,0.6904761904761905,1.4476918935683056,58.0,4.0,0.0,0.0,0.0,954,0.279874213836478,0.16666666666666666,0.24423480083857443,0.2526205450733753,0.09538784067085954,0.31551362683438156,40.0,5.9958071278826
2024-04-15,0,0,0,0,0,0,0,0,0,0,0,0,2024,4,15,0,106,16,2,0,1,0,0.0,1.0,0.9679377830240642,-0.25119006388481935,0.9350162426854148,-0.35460488704253545,0.8660254037844387,-0.4999999999999998,0.0,0.0,0.0,0.0,4.0,0.0,0.0,0.0,0.0,0.0,0.5714285714285714,1.5118578920369066,4.0,4.0,0.7142857142857143,1.4373357526806565,10.0,4.0,0.9285714285714286,1.6539195069439538,26.0,4.0,0.7142857142857143,1.473576795226016,40.0,4.0,0.6904761904761905,1.4476918935683056,58.0,4.0,0.0,0.0,0.0,954,0.279874213836478,0.16666666666666666,0.24423480083857443,0.2526205450733753,0.09538784067085954,0.31551362683438156,40.0,5.9958071278826
2024-04-16,0,0,0,0,0,0,0,0,0,0,0,0,2024,4,16,1,107,16,2,0,0,0,0.7818314824680298,0.6234898018587336,0.9634705485641488,-0.2678143051621742,0.9350162426854148,-0.35460488704253545,0.8660254037844387,-0.4999999999999998,0.0,0.0,0.0,0.0,0.0,0.0,0.0,0.0,0.0,0.0,0.5714285714285714,1.5118578920369066,4.0,4.0,0.7142857142857143,1.4373357526806565,10.0,4.0,0.9285714285714286,1.6539195069439538,26.0,4.0,0.7142857142857143,1.473576795226016,40.0,4.0,0.6904761904761905,1.4476918935683056,58.0,4.0,0.0,0.0,0.0,954,0.279874213836478,0.16666666666666666,0.24423480083857443,0.2526205450733753,0.09538784067085954,0.31551362683438156,40.0,5.9958071278826
2024-04-17,0,0,0,0,0,0,0,0,0,0,0,0,2024,4,17,2,108,16,2,0,0,0,0.9749279121818236,-0.22252093395631434,0.9587178169872964,-0.2843591872810034,0.9350162426854148,-0.35460488704253545,0.8660254037844387,-0.4999999999999998,0.0,0.0,0.0,4.0,0.0,0.0,0.0,0.0,0.0,0.0,0.0,0.0,0.0,0.0,0.7142857142857143,1.4373357526806565,10.0,4.0,0.9285714285714286,1.6539195069439538,26.0,4.0,0.7142857142857143,1.473576795226016,40.0,4.0,0.6904761904761905,1.4476918935683056,58.0,4.0,0.0,-4.0,0.0,954,0.279874213836478,0.16666666666666666,0.24423480083857443,0.2526205450733753,0.09538784067085954,0.31551362683438156,40.0,5.9958071278826
2024-04-18,0,0,0,0,0,0,0,0,0,0,0,0,2024,4,18,3,109,16,2,0,0,0,0.43388373911755823,-0.900968867902419,0.9536809966304457,-0.30081980763566735,0.9350162426854148,-0.35460488704253545,0.8660254037844387,-0.4999999999999998,0.0,0.0,0.0,0.0,1.0,4.0,0.0,0.0,0.0,0.0,0.0,0.0,0.0,0.0,0.6428571428571429,1.4468609447374674,9.0,4.0,0.7857142857142857,1.548168400667509,22.0,4.0,0.7142857142857143,1.473576795226016,40.0,4.0,0.6904761904761905,1.4476918935683056,58.0,4.0,0.0,0.0,-4.0,954,0.279874213836478,0.16666666666666666,0.24423480083857443,0.2526205450733753,0.09538784067085954,0.31551362683438156,40.0,5.9958071278826
2024-04-19,0,0,0,0,0,0,0,0,0,0,0,0,2024,4,19,4,110,16,2,0,0,1,-0.433883739117558,-0.9009688679024191,0.9483615800121715,-0.3171912885891061,0.9350162426854148,-0.35460488704253545,0.8660254037844387,-0.4999999999999998,0.0,0.0,0.0,0.0,1.0,4.0,0.0,0.0,0.0,0.0,0.0,0.0,0.0,0.0,0.5714285714285714,1.452546078405127,8.0,4.0,0.6428571428571429,1.4198144300833866,18.0,4.0,0.6964285714285714,1.4761084322962552,39.0,4.0,0.6428571428571429,1.4026039221670836,54.0,4.0,0.0,0.0,-4.0,954,0.279874213836478,0.16666666666666666,0.24423480083857443,0.2526205450733753,0.09538784067085954,0.31551362683438156,40.0,5.9958071278826
2024-04-20,0,0,0,0,0,0,0,0,0,0,0,0,2024,4,20,5,111,16,2,1,0,0,-0.9749279121818236,-0.2225209339563146,0.9427611433904207,-0.3334687789181868,0.9350162426854148,-0.35460488704253545,0.8660254037844387,-0.4999999999999998,0.0,0.0,0.0,0.0,4.0,0.0,0.0,0.0,0.0,0.0,0.0,0.0,0.0,0.0,0.2857142857142857,1.0690449676496991,4.0,4.0,0.6428571428571429,1.4198144300833866,18.0,4.0,0.6964285714285714,1.4761084322962552,39.0,4.0,0.6428571428571429,1.4026039221670836,54.0,4.0,0.0,0.0,0.0,954,0.279874213836478,0.16666666666666666,0.24423480083857443,0.2526205450733753,0.09538784067085954,0.31551362683438156,40.0,5.9958071278826
2024-04-21,0,0,0,0,0,0,0,0,0,0,0,0,2024,4,21,6,112,16,2,1,0,0,-0.7818314824680299,0.6234898018587334,0.9368813462954315,-0.3496474552512284,0.9350162426854148,-0.35460488704253545,0.8660254037844387,-0.4999999999999998,0.0,0.0,0.0,0.0,0.0,0.0,0.0,0.0,0.0,0.0,0.0,0.0,0.0,0.0,0.2857142857142857,1.0690449676496991,4.0,4.0,0.6428571428571429,1.4198144300833866,18.0,4.0,0.6964285714285714,1.4761084322962552,39.0,4.0,0.6428571428571429,1.4026039221670836,54.0,4.0,0.0,0.0,0.0,954,0.279874213836478,0.16666666666666666,0.24423480083857443,0.2526205450733753,0.09538784067085954,0.31551362683438156,40.0,5.9958071278826
2024-04-22,0,0,0,0,0,0,0,0,0,0,0,0,2024,4,22,0,113,17,2,0,1,0,0.0,1.0,0.9307239310379795,-0.36572252349726897,0.8854560256532099,-0.4647231720437685,0.8660254037844387,-0.4999999999999998,0.0,0.0,0.0,0.0,0.0,0.0,0.0,0.0,0.0,0.0,0.0,0.0,0.0,0.0,0.2857142857142857,1.0690449676496991,4.0,4.0,0.6428571428571429,1.4198144300833866,18.0,4.0,0.6964285714285714,1.4761084322962552,39.0,4.0,0.6309523809523809,1.4037794244125044,53.0,4.0,0.0,0.0,0.0,954,0.279874213836478,0.16666666666666666,0.24423480083857443,0.2526205450733753,0.09538784067085954,0.31551362683438156,40.0,5.9958071278826
2024-04-23,0,0,0,0,0,0,0,0,0,0,0,0,2024,4,23,1,114,17,2,0,0,0,0.7818314824680298,0.6234898018587336,0.9242907221930933,-0.3816892202666588,0.8854560256532099,-0.4647231720437685,0.8660254037844387,-0.4999999999999998,0.0,0.0,0.0,0.0,0.0,0.0,0.0,0.0,0.0,0.0,0.0,0.0,0.0,0.0,0.2857142857142857,1.0690449676496991,4.0,4.0,0.6428571428571429,1.4198144300833866,18.0,4.0,0.6964285714285714,1.4761084322962552,39.0,4.0,0.6309523809523809,1.4037794244125044,53.0,4.0,0.0,0.0,0.0,954,0.279874213836478,0.16666666666666666,0.24423480083857443,0.2526205450733753,0.09538784067085954,0.31551362683438156,40.0,5.9958071278826
2024-04-24,0,0,0,0,0,0,0,0,0,0,0,0,2024,4,24,2,115,17,2,0,0,0,0.9749279121818236,-0.22252093395631434,0.9175836260593937,-0.39754281428255595,0.8854560256532099,-0.4647231720437685,0.8660254037844387,-0.4999999999999998,0.0,0.0,0.0,0.0,4.0,0.0,0.0,0.0,0.0,0.0,0.0,0.0,0.0,0.0,0.0,0.0,0.0,0.0,0.6428571428571429,1.4198144300833866,18.0,4.0,0.625,1.4085776191218267,35.0,4.0,0.5833333333333334,1.355118216808447,49.0,4.0,0.0,0.0,0.0,954,0.279874213836478,0.16666666666666666,0.24423480083857443,0.2526205450733753,0.09538784067085954,0.31551362683438156,40.0,5.9958071278826
2024-04-25,0,0,0,0,0,0,0,0,0,0,0,0,2024,4,25,3,116,17,2,0,0,0,0.43388373911755823,-0.900968867902419,0.9106046300942162,-0.4132786077829042,0.8854560256532099,-0.4647231720437685,0.8660254037844387,-0.4999999999999998,0.0,0.0,0.0,0.0,0.0,4.0,0.0,0.0,0.0,0.0,0.0,0.0,0.0,0.0,0.0,0.0,0.0,0.0,0.5,1.2619796324000592,14.0,4.0,0.625,1.4085776191218267,35.0,4.0,0.5833333333333334,1.355118216808447,49.0,4.0,0.0,0.0,-4.0,954,0.279874213836478,0.16666666666666666,0.24423480083857443,0.2526205450733753,0.09538784067085954,0.31551362683438156,40.0,5.9958071278826
2024-04-26,0,0,0,0,0,0,0,0,0,0,0,0,2024,4,26,4,117,17,2,0,0,1,-0.433883739117558,-0.9009688679024191,0.9033558023246845,-0.4288919379124835,0.8854560256532099,-0.4647231720437685,0.8660254037844387,-0.4999999999999998,0.0,0.0,0.0,0.0,0.0,0.0,0.0,0.0,0.0,0.0,0.0,0.0,0.0,0.0,0.0,0.0,0.0,0.0,0.5,1.2619796324000592,14.0,4.0,0.625,1.4085776191218267,35.0,4.0,0.5357142857142857,1.3028830733899304,45.0,4.0,0.0,0.0,0.0,954,0.279874213836478,0.16666666666666666,0.24423480083857443,0.2526205450733753,0.09538784067085954,0.31551362683438156,40.0,5.9958071278826
2024-04-27,4,0,4,0,0,0,0,0,4,4,4,4,2024,4,27,5,118,17,2,1,0,0,-0.9749279121818236,-0.2225209339563146,0.895839290734909,-0.4443781781046132,0.8854560256532099,-0.4647231720437685,0.8660254037844387,-0.4999999999999998,0.0,0.0,0.0,0.0,0.0,0.0,1.3333333333333333,2.309401076758505,4.0,4.0,0.5714285714285714,1.5118578920369066,4.0,4.0,0.2857142857142857,1.0690449676496991,4.0,4.0,0.6428571428571429,1.4198144300833866,18.0,4.0,0.625,1.4085776191218267,35.0,4.0,0.5833333333333334,1.355118216808447,49.0,4.0,4.0,4.0,4.0,954,0.279874213836478,0.16666666666666666,0.24423480083857443,0.2526205450733753,0.09538784067085954,0.31551362683438156,40.0,5.9958071278826
2024-04-28,0,0,0,0,0,0,0,0,0,0,0,0,2024,4,28,6,119,17,2,1,0,0,-0.7818314824680299,0.6234898018587334,0.8880573226294932,-0.45973273945210397,0.8854560256532099,-0.4647231720437685,0.8660254037844387,-0.4999999999999998,4.0,0.0,0.0,0.0,0.0,0.0,1.3333333333333333,2.309401076758505,4.0,4.0,0.5714285714285714,1.5118578920369066,4.0,4.0,0.2857142857142857,1.0690449676496991,4.0,4.0,0.6428571428571429,1.4198144300833866,18.0,4.0,0.625,1.4085776191218267,35.0,4.0,0.5714285714285714,1.35580602697742,48.0,4.0,-4.0,0.0,0.0,954,0.279874213836478,0.16666666666666666,0.24423480083857443,0.2526205450733753,0.09538784067085954,0.31551362683438156,40.0,5.9958071278826
2024-04-29,0,0,0,0,0,0,0,0,0,0,0,0,2024,4,29,0,120,18,2,0,1,0,0.0,1.0,0.8800122039735357,-0.47495107206704995,0.8229838658936565,-0.5680647467311557,0.8660254037844387,-0.4999999999999998,0.0,4.0,0.0,0.0,0.0,4.0,1.3333333333333333,2.309401076758505,4.0,4.0,0.5714285714285714,1.5118578920369066,4.0,4.0,0.2857142857142857,1.0690449676496991,4.0,4.0,0.5,1.2619796324000592,14.0,4.0,0.6071428571428571,1.410075064779068,34.0,4.0,0.5238095238095238,1.303158262552021,44.0,4.0,0.0,0.0,-4.0,954,0.279874213836478,0.16666666666666666,0.24423480083857443,0.2526205450733753,0.09538784067085954,0.31551362683438156,40.0,5.9958071278826
2024-04-30,0,0,0,0,0,0,0,0,0,0,0,0,2024,4,30,1,121,18,2,0,0,0,0.7818314824680298,0.6234898018587336,0.8717063187093218,-0.4900286664290592,0.8229838658936565,-0.5680647467311557,0.8660254037844387,-0.4999999999999998,0.0,0.0,4.0,0.0,0.0,0.0,0.0,0.0,0.0,0.0,0.5714285714285714,1.5118578920369066,4.0,4.0,0.2857142857142857,1.0690449676496991,4.0,4.0,0.5,1.2619796324000592,14.0,4.0,0.6071428571428571,1.410075064779068,34.0,4.0,0.5238095238095238,1.303158262552021,44.0,4.0,0.0,0.0,0.0,954,0.279874213836478,0.16666666666666666,0.24423480083857443,0.2526205450733753,0.09538784067085954,0.31551362683438156,40.0,5.9958071278826
2024-05-01,0,0,0,0,0,0,0,0,0,0,0,0,2024,5,1,2,122,18,2,0,0,0,0.9749279121818236,-0.22252093395631434,0.8631421280499114,-0.5049610547215204,0.8229838658936565,-0.5680647467311557,0.49999999999999994,-0.8660254037844387,0.0,0.0,0.0,0.0,0.0,0.0,0.0,0.0,0.0,0.0,0.5714285714285714,1.5118578920369066,4.0,4.0,0.2857142857142857,1.0690449676496991,4.0,4.0,0.5,1.2619796324000592,14.0,4.0,0.6071428571428571,1.410075064779068,34.0,4.0,0.5238095238095238,1.303158262552021,44.0,4.0,0.0,0.0,0.0,954,0.279874213836478,0.16666666666666666,0.24423480083857443,0.2526205450733753,0.09538784067085954,0.31551362683438156,40.0,5.9958071278826
2024-05-02,0,0,0,0,0,0,0,0,0,0,0,0,2024,5,2,3,123,18,2,0,0,0,0.43388373911755823,-0.900968867902419,0.854322169749827,-0.5197438121555155,0.8229838658936565,-0.5680647467311557,0.49999999999999994,-0.8660254037844387,0.0,0.0,0.0,0.0,0.0,1.0,0.0,0.0,0.0,0.0,0.5714285714285714,1.5118578920369066,4.0,4.0,0.2857142857142857,1.0690449676496991,4.0,4.0,0.4642857142857143,1.2614554456142464,13.0,4.0,0.6071428571428571,1.410075064779068,34.0,4.0,0.5238095238095238,1.303158262552021,44.0,4.0,0.0,0.0,-1.0,954,0.279874213836478,0.16666666666666666,0.24423480083857443,0.2526205450733753,0.09538784067085954,0.31551362683438156,40.0,5.9958071278826
2024-05-03,0,0,0,0,0,0,0,0,0,0,0,0,2024,5,3,4,124,18,2,0,0,1,-0.433883739117558,-0.9009688679024191,0.8452490573530633,-0.5343725582809786,0.8229838658936565,-0.5680647467311557,0.49999999999999994,-0.8660254037844387,0.0,0.0,0.0,0.0,0.0,1.0,0.0,0.0,0.0,0.0,0.5714285714285714,1.5118578920369066,4.0,4.0,0.2857142857142857,1.0690449676496991,4.0,4.0,0.42857142857142855,1.2598815766974223,12.0,4.0,0.6071428571428571,1.410075064779068,34.0,4.0,0.5238095238095238,1.303158262552021,44.0,4.0,0.0,0.0,-1.0,954,0.279874213836478,0.16666666666666666,0.24423480083857443,0.2526205450733753,0.09538784067085954,0.31551362683438156,40.0,5.9958071278826
2024-05-04,1,1,0,1,0,1,0,1,2,0,0,0,2024,5,4,5,125,18,2,1,0,0,-0.9749279121818236,-0.2225209339563146,0.8359254794186372,-0.548842958284719,0.8229838658936565,-0.5680647467311557,0.49999999999999994,-0.8660254037844387,0.0,0.0,0.0,4.0,0.0,4.0,0.3333333333333333,0.5773502691896295,1.0,1.0,0.14285714285714285,0.37796447300921593,1.0,1.0,0.35714285714285715,1.081817762069783,5.0,4.0,0.32142857142857145,1.0559731838826971,9.0,4.0,0.625,1.4085776191218267,35.0,4.0,0.5357142857142857,1.3028830733899304,45.0,4.0,1.0,-3.0,-3.0,954,0.279874213836478,0.16666666666666666,0.24423480083857443,0.2526205450733753,0.09538784067085954,0.31551362683438156,40.0,5.9958071278826
2024-05-05,0,0,0,0,0,0,0,0,0,0,0,0,2024,5,5,6,126,18,2,1,0,0,-0.7818314824680299,0.6234898018587334,0.8263541987239096,-0.5631507242749186,0.8229838658936565,-0.5680647467311557,0.49999999999999994,-0.8660254037844387,1.0,0.0,0.0,0.0,0.0,0.0,0.3333333333333333,0.5773502691896295,1.0,1.0,0.14285714285714285,0.37796447300921593,1.0,1.0,0.35714285714285715,1.081817762069783,5.0,4.0,0.32142857142857145,1.0559731838826971,9.0,4.0,0.625,1.4085776191218267,35.0,4.0,0.5357142857142857,1.3028830733899304,45.0,4.0,-1.0,0.0,0.0,954,0.279874213836478,0.16666666666666666,0.24423480083857443,0.2526205450733753,0.09538784067085954,0.31551362683438156,40.0,5.9958071278826
2024-05-06,4,0,4,0,0,0,0,0,8,4,4,4,2024,5,6,0,127,19,2,0,1,0,0.0,1.0,0.8165380514459161,-0.5772916165517272,0.7485107481711013,-0.663122658240795,0.49999999999999994,-0.8660254037844387,0.0,1.0,0.0,0.0,0.0,0.0,1.6666666666666667,2.0816659994661353,5.0,4.0,0.7142857142857143,1.4960264830861891,5.0,4.0,0.6428571428571429,1.4468609447374674,9.0,4.0,0.4642857142857143,1.2614554456142464,13.0,4.0,0.6964285714285714,1.4761084322962552,39.0,4.0,0.5833333333333334,1.355118216808447,49.0,4.0,4.0,4.0,4.0,954,0.279874213836478,0.16666666666666666,0.24423480083857443,0.2526205450733753,0.09538784067085954,0.31551362683438156,40.0,5.9958071278826
2024-05-07,0,0,0,0,0,0,0,0,0,0,0,0,2024,5,7,1,128,19,2,0,0,0,0.7818314824680298,0.6234898018587336,0.8064799463209448,-0.5912614448635781,0.7485107481711013,-0.663122658240795,0.49999999999999994,-0.8660254037844387,4.0,0.0,1.0,0.0,0.0,0.0,1.3333333333333333,2.309401076758505,4.0,4.0,0.7142857142857143,1.4960264830861891,5.0,4.0,0.6428571428571429,1.4468609447374674,9.0,4.0,0.4642857142857143,1.2614554456142464,13.0,4.0,0.6964285714285714,1.4761084322962552,39.0,4.0,0.5833333333333334,1.355118216808447,49.0,4.0,-4.0,0.0,0.0,954,0.279874213836478,0.16666666666666666,0.24423480083857443,0.2526205450733753,0.09538784067085954,0.31551362683438156,40.0,5.9958071278826
2024-05-08,8,4,0,0,0,0,0,0,32,0,0,0,2024,5,8,2,129,19,2,0,0,0,0.9749279121818236,-0.22252093395631434,0.7961828637826158,-0.6050560696488488,0.7485107481711013,-0.663122658240795,0.49999999999999994,-0.8660254037844387,0.0,4.0,0.0,0.0,0.0,4.0,4.0,4.000000000000003,12.0,8.0,1.8571428571428572,3.078342163598854,13.0,8.0,1.2142857142857142,2.4235565546581284,17.0,8.0,0.6071428571428571,1.7917358790618263,17.0,8.0,0.7678571428571429,1.716138068492706,43.0,8.0,0.6785714285714286,1.576642110383355,57.0,8.0,8.0,8.0,4.0,954,0.279874213836478,0.16666666666666666,0.24423480083857443,0.2526205450733753,0.09538784067085954,0.31551362683438156,40.0,5.9958071278826
2024-05-09,0,0,0,0,0,0,0,0,0,0,0,0,2024,5,9,3,130,19,2,0,0,0,0.43388373911755823,-0.900968867902419,0.7856498550787147,-0.6186714032625031,0.7485107481711013,-0.663122658240795,0.49999999999999994,-0.8660254037844387,8.0,0.0,4.0,0.0,0.0,0.0,2.6666666666666665,4.618802153517008,8.0,8.0,1.8571428571428572,3.078342163598854,13.0,8.0,1.2142857142857142,2.4235565546581284,17.0,8.0,0.6071428571428571,1.7917358790618263,17.0,8.0,0.7678571428571429,1.716138068492706,43.0,8.0,0.6785714285714286,1.576642110383355,57.0,8.0,-8.0,0.0,0.0,954,0.279874213836478,0.16666666666666666,0.24423480083857443,0.2526205450733753,0.09538784067085954,0.31551362683438156,40.0,5.9958071278826
2024-05-10,1,1,0,0,0,0,0,0,2,0,0,0,2024,5,10,4,131,19,2,0,0,1,-0.433883739117558,-0.9009688679024191,0.7748840413670407,-0.6321034111873487,0.7485107481711013,-0.663122658240795,0.49999999999999994,-0.8660254037844387,0.0,8.0,0.0,0.0,0.0,0.0,3.0,4.358898943540676,9.0,8.0,2.0,2.9999999999999996,14.0,8.0,1.2857142857142858,2.3996336716761086,18.0,8.0,0.6428571428571429,1.7891501337389761,18.0,8.0,0.7857142857142857,1.7132031213679653,44.0,8.0,0.6904761904761905,1.5752314075646423,58.0,8.0,1.0,1.0,1.0,954,0.279874213836478,0.16666666666666666,0.24423480083857443,0.2526205450733753,0.09538784067085954,0.31551362683438156,40.0,5.9958071278826
2024-05-11,0,0,0,0,0,0,0,0,0,0,0,0,2024,5,11,5,132,19,2,1,0,0,-0.9749279121818236,-0.2225209339563146,0.7638886127905428,-0.6453481132295501,0.7485107481711013,-0.663122658240795,0.49999999999999994,-0.8660254037844387,1.0,0.0,8.0,1.0,4.0,0.0,0.3333333333333333,0.5773502691896313,1.0,1.0,1.8571428571428572,3.078342163598854,13.0,8.0,1.0,2.2870874995874635,14.0,8.0,0.6428571428571429,1.7891501337389761,18.0,8.0,0.7857142857142857,1.7132031213679653,44.0,8.0,0.6904761904761905,1.5752314075646423,58.0,8.0,-1.0,-1.0,0.0,954,0.279874213836478,0.16666666666666666,0.24423480083857443,0.2526205450733753,0.09538784067085954,0.31551362683438156,40.0,5.9958071278826
2024-05-12,0,0,0,0,0,0,0,0,0,0,0,0,2024,5,12,6,133,19,2,1,0,0,-0.7818314824680299,0.6234898018587334,0.7526668275320085,-0.6584015846980488,0.7485107481711013,-0.663122658240795,0.49999999999999994,-0.8660254037844387,0.0,1.0,0.0,0.0,0.0,0.0,0.3333333333333333,0.5773502691896313,1.0,1.0,1.8571428571428572,3.078342163598854,13.0,8.0,1.0,2.2870874995874635,14.0,8.0,0.6428571428571429,1.7891501337389761,18.0,8.0,0.7857142857142857,1.7132031213679653,44.0,8.0,0.6904761904761905,1.5752314075646423,58.0,8.0,0.0,0.0,0.0,954,0.279874213836478,0.16666666666666666,0.24423480083857443,0.2526205450733753,0.09538784067085954,0.31551362683438156,40.0,5.9958071278826
2024-05-13,0,0,0,0,0,0,0,0,0,0,0,0,2024,5,13,0,134,20,2,0,1,0,0.0,1.0,0.7412220108485958,-0.6712599575675313,0.6631226582407952,-0.7485107481711012,0.49999999999999994,-0.8660254037844387,0.0,0.0,1.0,4.0,0.0,0.0,0.0,0.0,0.0,0.0,1.2857142857142858,2.9840847683606273,9.0,8.0,1.0,2.2870874995874635,14.0,8.0,0.6428571428571429,1.7891501337389761,18.0,8.0,0.7857142857142857,1.7132031213679653,44.0,8.0,0.6904761904761905,1.5752314075646423,58.0,8.0,0.0,-4.0,0.0,954,0.279874213836478,0.16666666666666666,0.24423480083857443,0.2526205450733753,0.09538784067085954,0.31551362683438156,40.0,5.9958071278826
2024-05-14,0,0,0,0,0,0,0,0,0,0,0,0,2024,5,14,1,135,20,2,0,0,0,0.7818314824680298,0.6234898018587336,0.7295575540864875,-0.6839194216246106,0.6631226582407952,-0.7485107481711012,0.49999999999999994,-0.8660254037844387,0.0,0.0,0.0,0.0,0.0,0.0,0.0,0.0,0.0,0.0,1.2857142857142858,2.9840847683606273,9.0,8.0,1.0,2.2870874995874635,14.0,8.0,0.6428571428571429,1.7891501337389761,18.0,8.0,0.7857142857142857,1.7132031213679653,44.0,8.0,0.6904761904761905,1.5752314075646423,58.0,8.0,0.0,0.0,0.0,954,0.279874213836478,0.16666666666666666,0.24423480083857443,0.2526205450733753,0.09538784067085954,0.31551362683438156,40.0,5.9958071278826
2024-05-15,0,0,0,0,0,0,0,0,0,0,0,0,2024,5,15,2,136,20,2,0,0,0,0.9749279121818236,-0.22252093395631434,0.717676913675962,-0.6963762255968722,0.6631226582407952,-0.7485107481711012,0.49999999999999994,-0.8660254037844387,0.0,0.0,0.0,8.0,0.0,0.0,0.0,0.0,0.0,0.0,0.14285714285714285,0.3779644730092151,1.0,1.0,1.0,2.2870874995874635,14.0,8.0,0.6428571428571429,1.7891501337389761,18.0,8.0,0.7857142857142857,1.7132031213679653,44.0,8.0,0.6904761904761905,1.5752314075646423,58.0,8.0,0.0,-8.0,0.0,954,0.279874213836478,0.16666666666666666,0.24423480083857443,0.2526205450733753,0.09538784067085954,0.31551362683438156,40.0,5.9958071278826
2024-05-16,4,0,0,0,0,0,0,0,8,0,0,4,2024,5,16,3,137,20,2,0,0,0,0.43388373911755823,-0.900968867902419,0.705583610107178,-0.7086266782644596,0.6631226582407952,-0.7485107481711012,0.49999999999999994,-0.8660254037844387,0.0,0.0,0.0,0.0,0.0,0.0,1.3333333333333333,2.3094010767585056,4.0,4.0,0.7142857142857143,1.496026483086189,5.0,4.0,1.2857142857142858,2.3996336716761086,18.0,8.0,0.7857142857142857,1.8926200310708374,22.0,8.0,0.7857142857142857,1.7132031213679653,44.0,8.0,0.7380952380952381,1.6140874374954617,62.0,8.0,4.0,4.0,4.0,954,0.279874213836478,0.16666666666666666,0.24423480083857443,0.2526205450733753,0.09538784067085954,0.31551362683438156,40.0,5.9958071278826
2024-05-17,4,0,4,0,0,8,0,4,8,0,0,4,2024,5,17,4,138,20,2,0,0,1,-0.433883739117558,-0.9009688679024191,0.6932812268869777,-0.7206671495538609,0.6631226582407952,-0.7485107481711012,0.49999999999999994,-0.8660254037844387,4.0,0.0,0.0,1.0,0.0,0.0,2.6666666666666665,2.309401076758507,8.0,4.0,1.1428571428571428,1.951800145897065,8.0,4.0,1.5714285714285714,2.471819190371762,22.0,8.0,0.9285714285714286,1.9800593225039789,26.0,8.0,0.7857142857142857,1.7132031213679653,44.0,8.0,0.7738095238095238,1.6526808486147844,65.0,8.0,0.0,3.0,4.0,954,0.279874213836478,0.16666666666666666,0.24423480083857443,0.2526205450733753,0.09538784067085954,0.31551362683438156,40.0,5.9958071278826
2024-05-18,0,0,0,0,0,0,0,0,0,0,0,0,2024,5,18,5,139,20,2,1,0,0,-0.9749279121818236,-0.2225209339563146,0.6807734094770161,-0.7324940716135789,0.6631226582407952,-0.7485107481711012,0.49999999999999994,-0.8660254037844387,4.0,4.0,0.0,0.0,1.0,0.0,2.6666666666666665,2.309401076758507,8.0,4.0,1.1428571428571428,1.951800145897065,8.0,4.0,1.5,2.5038431998091997,21.0,8.0,0.9285714285714286,1.9800593225039789,26.0,8.0,0.7857142857142857,1.7132031213679653,44.0,8.0,0.7738095238095238,1.6526808486147844,65.0,8.0,-4.0,0.0,0.0,954,0.279874213836478,0.16666666666666666,0.24423480083857443,0.2526205450733753,0.09538784067085954,0.31551362683438156,40.0,5.9958071278826
2024-05-19,0,0,0,0,0,0,0,0,0,0,0,0,2024,5,19,6,140,20,2,1,0,0,-0.7818314824680299,0.6234898018587334,0.6680638642135335,-0.7441039398713607,0.6631226582407952,-0.7485107481711012,0.49999999999999994,-0.8660254037844387,0.0,4.0,4.0,0.0,0.0,0.0,1.3333333333333333,2.3094010767585056,4.0,4.0,1.1428571428571428,1.951800145897065,8.0,4.0,1.5,2.5038431998091997,21.0,8.0,0.9285714285714286,1.9800593225039789,26.0,8.0,0.7857142857142857,1.7132031213679653,44.0,8.0,0.7738095238095238,1.6526808486147844,65.0,8.0,0.0,0.0,0.0,954,0.279874213836478,0.16666666666666666,0.24423480083857443,0.2526205450733753,0.09538784067085954,0.31551362683438156,40.0,5.9958071278826
2024-05-20,0,0,0,0,0,0,0,0,0,0,0,0,2024,5,20,0,141,21,2,0,1,0,0.0,1.0,0.6551563572090853,-0.7554933140726803,0.5680647467311558,-0.8229838658936564,0.49999999999999994,-0.8660254037844387,0.0,0.0,4.0,0.0,4.0,0.0,0.0,0.0,0.0,0.0,1.1428571428571428,1.951800145897065,8.0,4.0,1.2142857142857142,2.4235565546581284,17.0,8.0,0.9285714285714286,1.9800593225039789,26.0,8.0,0.7857142857142857,1.7132031213679653,44.0,8.0,0.7738095238095238,1.6526808486147844,65.0,8.0,0.0,0.0,0.0,954,0.279874213836478,0.16666666666666666,0.24423480083857443,0.2526205450733753,0.09538784067085954,0.31551362683438156,40.0,5.9958071278826
2024-05-21,0,0,0,0,0,0,0,0,0,0,0,0,2024,5,21,1,142,21,2,0,0,0,0.7818314824680298,0.6234898018587336,0.6420547132365637,-0.766658819300159,0.5680647467311558,-0.8229838658936564,0.49999999999999994,-0.8660254037844387,0.0,0.0,0.0,0.0,0.0,0.0,0.0,0.0,0.0,0.0,1.1428571428571428,1.951800145897065,8.0,4.0,1.2142857142857142,2.4235565546581284,17.0,8.0,0.9285714285714286,1.9800593225039789,26.0,8.0,0.7857142857142857,1.7132031213679653,44.0,8.0,0.7738095238095238,1.6526808486147844,65.0,8.0,0.0,0.0,0.0,954,0.279874213836478,0.16666666666666666,0.24423480083857443,0.2526205450733753,0.09538784067085954,0.31551362683438156,40.0,5.9958071278826
2024-05-22,4,0,0,0,0,0,0,0,8,0,0,4,2024,5,22,2,143,21,2,0,0,0,0.9749279121818236,-0.22252093395631434,0.6287628145958344,-0.7775971469736269,0.5680647467311558,-0.8229838658936564,0.49999999999999994,-0.8660254037844387,0.0,0.0,0.0,0.0,8.0,0.0,1.3333333333333333,2.3094010767585056,4.0,4.0,1.7142857142857142,2.1380899352993943,12.0,4.0,0.9285714285714286,1.6854255666327551,13.0,4.0,1.0714285714285714,2.0535167924638973,30.0,8.0,0.8571428571428571,1.7625247534413555,48.0,8.0,0.7738095238095238,1.6526808486147844,65.0,8.0,4.0,4.0,4.0,954,0.279874213836478,0.16666666666666666,0.24423480083857443,0.2526205450733753,0.09538784067085954,0.31551362683438156,40.0,5.9958071278826
2024-05-23,0,0,0,0,0,0,0,0,0,0,0,0,2024,5,23,3,144,21,2,0,0,0,0.43388373911755823,-0.900968867902419,0.6152845999633276,-0.7883050558305255,0.5680647467311558,-0.8229838658936564,0.49999999999999994,-0.8660254037844387,4.0,0.0,0.0,4.0,0.0,0.0,1.3333333333333333,2.3094010767585056,4.0,4.0,1.1428571428571428,1.951800145897065,8.0,4.0,0.9285714285714286,1.6854255666327551,13.0,4.0,1.0714285714285714,2.0535167924638973,30.0,8.0,0.7857142857142857,1.7132031213679653,44.0,8.0,0.7738095238095238,1.6526808486147844,65.0,8.0,-4.0,-4.0,0.0,954,0.279874213836478,0.16666666666666666,0.24423480083857443,0.2526205450733753,0.09538784067085954,0.31551362683438156,40.0,5.9958071278826
2024-05-24,0,0,0,0,0,0,0,0,0,0,0,0,2024,5,24,4,145,21,2,0,0,1,-0.433883739117558,-0.9009688679024191,0.6016240632249226,-0.7987793728863649,0.5680647467311558,-0.8229838658936564,0.49999999999999994,-0.8660254037844387,0.0,4.0,0.0,4.0,1.0,0.0,1.3333333333333333,2.3094010767585056,4.0,4.0,0.5714285714285714,1.5118578920369063,4.0,4.0,0.8571428571428571,1.7032612545052812,12.0,4.0,1.0714285714285714,2.0535167924638973,30.0,8.0,0.7857142857142857,1.7132031213679653,44.0,8.0,0.7738095238095238,1.6526808486147844,65.0,8.0,0.0,-4.0,0.0,954,0.279874213836478,0.16666666666666666,0.24423480083857443,0.2526205450733753,0.09538784067085954,0.31551362683438156,40.0,5.9958071278826
2024-05-25,0,0,0,0,0,0,0,0,0,0,0,0,2024,5,25,5,146,21,2,1,0,0,-0.9749279121818236,-0.2225209339563146,0.5877852522924732,-0.8090169943749473,0.5680647467311558,-0.8229838658936564,0.49999999999999994,-0.8660254037844387,0.0,0.0,4.0,0.0,0.0,4.0,0.0,0.0,0.0,0.0,0.5714285714285714,1.5118578920369063,4.0,4.0,0.8571428571428571,1.7032612545052812,12.0,4.0,0.9285714285714286,1.9800593225039789,26.0,8.0,0.7857142857142857,1.7132031213679653,44.0,8.0,0.7261904761904762,1.615819315290927,61.0,8.0,0.0,0.0,-4.0,954,0.279874213836478,0.16666666666666666,0.24423480083857443,0.2526205450733753,0.09538784067085954,0.31551362683438156,40.0,5.9958071278826
2024-05-26,0,0,0,0,0,0,0,0,0,0,0,0,2024,5,26,6,147,21,2,1,0,0,-0.7818314824680299,0.6234898018587334,0.5737722679043246,-0.8190148866680801,0.5680647467311558,-0.8229838658936564,0.49999999999999994,-0.8660254037844387,0.0,0.0,0.0,0.0,0.0,0.0,0.0,0.0,0.0,0.0,0.5714285714285714,1.5118578920369063,4.0,4.0,0.8571428571428571,1.7032612545052812,12.0,4.0,0.9285714285714286,1.9800593225039789,26.0,8.0,0.7857142857142857,1.7132031213679653,44.0,8.0,0.7261904761904762,1.615819315290927,61.0,8.0,0.0,0.0,0.0,954,0.279874213836478,0.16666666666666666,0.24423480083857443,0.2526205450733753,0.09538784067085954,0.31551362683438156,40.0,5.9958071278826
2024-05-27,0,0,0,0,0,0,0,0,0,0,0,0,2024,5,27,0,148,22,2,0,1,0,0.0,1.0,0.5595892624101765,-0.8287700871745038,0.46472317204376906,-0.8854560256532096,0.49999999999999994,-0.8660254037844387,0.0,0.0,0.0,0.0,0.0,0.0,0.0,0.0,0.0,0.0,0.5714285714285714,1.5118578920369063,4.0,4.0,0.8571428571428571,1.7032612545052812,12.0,4.0,0.9285714285714286,1.9800593225039789,26.0,8.0,0.7142857142857143,1.6592910393438391,40.0,8.0,0.7142857142857143,1.6174606646596295,60.0,8.0,0.0,0.0,0.0,954,0.279874213836478,0.16666666666666666,0.24423480083857443,0.2526205450733753,0.09538784067085954,0.31551362683438156,40.0,5.9958071278826
2024-05-28,0,0,0,0,0,0,0,0,0,0,0,0,2024,5,28,1,149,22,2,0,0,0,0.7818314824680298,0.6234898018587336,0.545240438540651,-0.8382797052177744,0.46472317204376906,-0.8854560256532096,0.49999999999999994,-0.8660254037844387,0.0,0.0,0.0,0.0,0.0,0.0,0.0,0.0,0.0,0.0,0.5714285714285714,1.5118578920369063,4.0,4.0,0.8571428571428571,1.7032612545052812,12.0,4.0,0.9285714285714286,1.9800593225039789,26.0,8.0,0.7142857142857143,1.6592910393438391,40.0,8.0,0.7142857142857143,1.6174606646596295,60.0,8.0,0.0,0.0,0.0,954,0.279874213836478,0.16666666666666666,0.24423480083857443,0.2526205450733753,0.09538784067085954,0.31551362683438156,40.0,5.9958071278826
2024-05-29,0,0,0,0,0,0,0,0,0,0,0,0,2024,5,29,2,150,22,2,0,0,0,0.9749279121818236,-0.22252093395631434,0.5307300481619334,-0.8475409228928311,0.46472317204376906,-0.8854560256532096,0.49999999999999994,-0.8660254037844387,0.0,0.0,0.0,4.0,0.0,0.0,0.0,0.0,0.0,0.0,0.0,0.0,0.0,0.0,0.8571428571428571,1.7032612545052812,12.0,4.0,0.9285714285714286,1.9800593225039789,26.0,8.0,0.7142857142857143,1.6592910393438391,40.0,8.0,0.7142857142857143,1.6174606646596295,60.0,8.0,0.0,-4.0,0.0,954,0.279874213836478,0.16666666666666666,0.24423480083857443,0.2526205450733753,0.09538784067085954,0.31551362683438156,40.0,5.9958071278826
2024-05-30,0,0,0,0,0,0,0,0,0,0,0,0,2024,5,30,3,151,22,2,0,0,0,0.43388373911755823,-0.900968867902419,0.5160623910158528,-0.8565509959010036,0.46472317204376906,-0.8854560256532096,0.49999999999999994,-0.8660254037844387,0.0,0.0,0.0,0.0,4.0,0.0,0.0,0.0,0.0,0.0,0.0,0.0,0.0,0.0,0.5714285714285714,1.452546078405127,8.0,4.0,0.9285714285714286,1.9800593225039789,26.0,8.0,0.6964285714285714,1.661539733414248,39.0,8.0,0.7142857142857143,1.6174606646596295,60.0,8.0,0.0,0.0,0.0,954,0.279874213836478,0.16666666666666666,0.24423480083857443,0.2526205450733753,0.09538784067085954,0.31551362683438156,40.0,5.9958071278826
2024-05-31,0,0,0,0,0,0,0,0,0,0,0,0,2024,5,31,4,152,22,2,0,0,1,-0.433883739117558,-0.9009688679024191,0.5012418134457758,-0.865307254363206,0.46472317204376906,-0.8854560256532096,0.49999999999999994,-0.8660254037844387,0.0,0.0,0.0,0.0,4.0,0.0,0.0,0.0,0.0,0.0,0.0,0.0,0.0,0.0,0.2857142857142857,1.0690449676496991,4.0,4.0,0.9285714285714286,1.9800593225039789,26.0,8.0,0.6785714285714286,1.6635902342621731,38.0,8.0,0.7142857142857143,1.6174606646596295,60.0,8.0,0.0,0.0,0.0,954,0.279874213836478,0.16666666666666666,0.24423480083857443,0.2526205450733753,0.09538784067085954,0.31551362683438156,40.0,5.9958071278826
2024-06-01,4,0,0,0,0,0,0,0,8,0,0,4,2024,6,1,5,153,22,2,1,0,0,-0.9749279121818236,-0.2225209339563146,0.48627270710868997,-0.8738071036110808,0.46472317204376906,-0.8854560256532096,1.2246467991473532e-16,-1.0,0.0,0.0,0.0,0.0,0.0,1.0,1.3333333333333333,2.3094010767585056,4.0,4.0,0.5714285714285714,1.5118578920369063,4.0,4.0,0.5714285714285714,1.452546078405127,8.0,4.0,1.0357142857142858,2.0634768009203555,29.0,8.0,0.6785714285714286,1.6635902342621731,38.0,8.0,0.7619047619047619,1.6546323991638123,64.0,8.0,4.0,4.0,3.0,954,0.279874213836478,0.16666666666666666,0.24423480083857443,0.2526205450733753,0.09538784067085954,0.31551362683438156,40.0,5.9958071278826
2024-06-02,0,0,0,0,0,0,0,0,0,0,0,0,2024,6,2,6,154,22,2,1,0,0,-0.7818314824680299,0.6234898018587334,0.4711595076738638,-0.8820480249558537,0.46472317204376906,-0.8854560256532096,1.2246467991473532e-16,-1.0,4.0,0.0,0.0,0.0,0.0,0.0,1.3333333333333333,2.3094010767585056,4.0,4.0,0.5714285714285714,1.5118578920369063,4.0,4.0,0.5714285714285714,1.452546078405127,8.0,4.0,1.0357142857142858,2.0634768009203555,29.0,8.0,0.6785714285714286,1.6635902342621731,38.0,8.0,0.7619047619047619,1.6546323991638123,64.0,8.0,-4.0,0.0,0.0,954,0.279874213836478,0.16666666666666666,0.24423480083857443,0.2526205450733753,0.09538784067085954,0.31551362683438156,40.0,5.9958071278826
2024-06-03,0,0,0,0,0,0,0,0,0,0,0,0,2024,6,3,0,155,23,2,0,1,0,0.0,1.0,0.4559066935084588,-0.8900275764346767,0.35460488704253584,-0.9350162426854147,1.2246467991473532e-16,-1.0,0.0,4.0,0.0,0.0,0.0,4.0,1.3333333333333333,2.3094010767585056,4.0,4.0,0.5714285714285714,1.5118578920369063,4.0,4.0,0.5714285714285714,1.452546078405127,8.0,4.0,0.8928571428571429,1.9877268929755407,25.0,8.0,0.6785714285714286,1.6635902342621731,38.0,8.0,0.7619047619047619,1.6546323991638123,64.0,8.0,0.0,0.0,-4.0,954,0.279874213836478,0.16666666666666666,0.24423480083857443,0.2526205450733753,0.09538784067085954,0.31551362683438156,40.0,5.9958071278826
2024-06-04,0,0,0,0,0,0,0,0,0,0,0,0,2024,6,4,1,156,23,2,0,0,0,0.7818314824680298,0.6234898018587336,0.440518784350495,-0.8977433935342337,0.35460488704253584,-0.9350162426854147,1.2246467991473532e-16,-1.0,0.0,0.0,4.0,0.0,0.0,0.0,0.0,0.0,0.0,0.0,0.5714285714285714,1.5118578920369063,4.0,4.0,0.5714285714285714,1.452546078405127,8.0,4.0,0.8928571428571429,1.9877268929755407,25.0,8.0,0.6785714285714286,1.6635902342621731,38.0,8.0,0.7619047619047619,1.6546323991638123,64.0,8.0,0.0,0.0,0.0,954,0.279874213836478,0.16666666666666666,0.24423480083857443,0.2526205450733753,0.09538784067085954,0.31551362683438156,40.0,5.9958071278826
2024-06-05,0,0,0,0,0,0,0,0,0,0,0,0,2024,6,5,2,157,23,2,0,0,0,0.9749279121818236,-0.22252093395631434,0.42500033996955416,-0.9051931898913974,0.35460488704253584,-0.9350162426854147,1.2246467991473532e-16,-1.0,0.0,0.0,0.0,0.0,4.0,8.0,0.0,0.0,0.0,0.0,0.5714285714285714,1.5118578920369063,4.0,4.0,0.2857142857142857,1.0690449676496991,4.0,4.0,0.6071428571428571,1.4230714230607928,17.0,4.0,0.6071428571428571,1.6031624590570586,34.0,8.0,0.7142857142857143,1.6174606646596295,60.0,8.0,0.0,0.0,-8.0,954,0.279874213836478,0.16666666666666666,0.24423480083857443,0.2526205450733753,0.09538784067085954,0.31551362683438156,40.0,5.9958071278826
2024-06-06,0,0,0,0,0,0,0,0,0,0,0,0,2024,6,6,3,158,23,2,0,0,0,0.43388373911755823,-0.900968867902419,0.4093559588156213,-0.9123747579707273,0.35460488704253584,-0.9350162426854147,1.2246467991473532e-16,-1.0,0.0,0.0,0.0,0.0,0.0,0.0,0.0,0.0,0.0,0.0,0.5714285714285714,1.5118578920369063,4.0,4.0,0.2857142857142857,1.0690449676496991,4.0,4.0,0.6071428571428571,1.4230714230607928,17.0,4.0,0.6071428571428571,1.6031624590570586,34.0,8.0,0.7142857142857143,1.6174606646596295,60.0,8.0,0.0,0.0,0.0,954,0.279874213836478,0.16666666666666666,0.24423480083857443,0.2526205450733753,0.09538784067085954,0.31551362683438156,40.0,5.9958071278826
2024-06-07,4,0,0,0,0,0,0,0,8,0,0,0,2024,6,7,4,159,23,2,0,0,1,-0.433883739117558,-0.9009688679024191,0.39359027665646673,-0.9192859697186104,0.35460488704253584,-0.9350162426854147,1.2246467991473532e-16,-1.0,0.0,0.0,0.0,0.0,0.0,1.0,1.3333333333333333,2.3094010767585056,4.0,4.0,1.1428571428571428,1.951800145897065,8.0,4.0,0.5714285714285714,1.452546078405127,8.0,4.0,0.7142857142857143,1.5600841111499177,20.0,4.0,0.6785714285714286,1.6635902342621731,38.0,8.0,0.7619047619047619,1.6546323991638123,64.0,8.0,4.0,4.0,3.0,954,0.279874213836478,0.16666666666666666,0.24423480083857443,0.2526205450733753,0.09538784067085954,0.31551362683438156,40.0,5.9958071278826
2024-06-08,0,0,0,0,0,0,0,0,0,0,0,0,2024,6,8,5,160,23,2,1,0,0,-0.9749279121818236,-0.2225209339563146,0.3777079652039649,-0.9259247771938498,0.35460488704253584,-0.9350162426854147,1.2246467991473532e-16,-1.0,4.0,0.0,0.0,4.0,0.0,0.0,1.3333333333333333,2.3094010767585056,4.0,4.0,0.5714285714285714,1.5118578920369063,4.0,4.0,0.5714285714285714,1.452546078405127,8.0,4.0,0.7142857142857143,1.5600841111499177,20.0,4.0,0.6785714285714286,1.6635902342621731,38.0,8.0,0.7619047619047619,1.6546323991638123,64.0,8.0,-4.0,-4.0,0.0,954,0.279874213836478,0.16666666666666666,0.24423480083857443,0.2526205450733753,0.09538784067085954,0.31551362683438156,40.0,5.9958071278826
2024-06-09,0,0,0,0,0,0,0,0,0,0,0,0,2024,6,9,6,161,23,2,1,0,0,-0.7818314824680299,0.6234898018587334,0.36171373072976765,-0.9322892131745133,0.35460488704253584,-0.9350162426854147,1.2246467991473532e-16,-1.0,0.0,4.0,0.0,0.0,0.0,0.0,1.3333333333333333,2.3094010767585056,4.0,4.0,0.5714285714285714,1.5118578920369063,4.0,4.0,0.5714285714285714,1.452546078405127,8.0,4.0,0.7142857142857143,1.5600841111499177,20.0,4.0,0.6785714285714286,1.6635902342621731,38.0,8.0,0.7619047619047619,1.6546323991638123,64.0,8.0,0.0,0.0,0.0,954,0.279874213836478,0.16666666666666666,0.24423480083857443,0.2526205450733753,0.09538784067085954,0.31551362683438156,40.0,5.9958071278826
2024-06-10,0,0,0,0,0,0,0,0,0,0,0,0,2024,6,10,0,162,24,2,0,1,0,0.0,1.0,0.3456123126707335,-0.9383773917408641,0.23931566428755768,-0.970941817426052,1.2246467991473532e-16,-1.0,0.0,0.0,4.0,0.0,0.0,0.0,0.0,0.0,0.0,0.0,0.5714285714285714,1.5118578920369063,4.0,4.0,0.5714285714285714,1.452546078405127,8.0,4.0,0.7142857142857143,1.5600841111499177,20.0,4.0,0.6785714285714286,1.6635902342621731,38.0,8.0,0.7619047619047619,1.6546323991638123,64.0,8.0,0.0,0.0,0.0,954,0.279874213836478,0.16666666666666666,0.24423480083857443,0.2526205450733753,0.09538784067085954,0.31551362683438156,40.0,5.9958071278826
2024-06-11,0,0,0,0,0,0,0,0,0,0,0,0,2024,6,11,1,163,24,2,0,0,0,0.7818314824680298,0.6234898018587336,0.3294084822245304,-0.9441875088341993,0.23931566428755768,-0.970941817426052,1.2246467991473532e-16,-1.0,0.0,0.0,0.0,0.0,0.0,0.0,0.0,0.0,0.0,0.0,0.5714285714285714,1.5118578920369063,4.0,4.0,0.5714285714285714,1.452546078405127,8.0,4.0,0.7142857142857143,1.5600841111499177,20.0,4.0,0.6785714285714286,1.6635902342621731,38.0,8.0,0.7619047619047619,1.6546323991638123,64.0,8.0,0.0,0.0,0.0,954,0.279874213836478,0.16666666666666666,0.24423480083857443,0.2526205450733753,0.09538784067085954,0.31551362683438156,40.0,5.9958071278826
2024-06-12,0,0,0,0,0,0,0,0,0,0,0,0,2024,6,12,2,164,24,2,0,0,0,0.9749279121818236,-0.22252093395631434,0.3131070409358269,-0.9497178427914316,0.23931566428755768,-0.970941817426052,1.2246467991473532e-16,-1.0,0.0,0.0,0.0,0.0,0.0,0.0,0.0,0.0,0.0,0.0,0.5714285714285714,1.5118578920369063,4.0,4.0,0.5714285714285714,1.452546078405127,8.0,4.0,0.7142857142857143,1.5600841111499177,20.0,4.0,0.6785714285714286,1.6635902342621731,38.0,8.0,0.7619047619047619,1.6546323991638123,64.0,8.0,0.0,0.0,0.0,954,0.279874213836478,0.16666666666666666,0.24423480083857443,0.2526205450733753,0.09538784067085954,0.31551362683438156,40.0,5.9958071278826
2024-06-13,0,0,0,0,0,0,0,0,0,0,0,0,2024,6,13,3,165,24,2,0,0,0,0.43388373911755823,-0.900968867902419,0.29671281927349075,-0.9549667548552551,0.23931566428755768,-0.970941817426052,1.2246467991473532e-16,-1.0,0.0,0.0,0.0,0.0,0.0,4.0,0.0,0.0,0.0,0.0,0.5714285714285714,1.5118578920369063,4.0,4.0,0.5714285714285714,1.452546078405127,8.0,4.0,0.5714285714285714,1.425393290199595,16.0,4.0,0.6785714285714286,1.6635902342621731,38.0,8.0,0.7142857142857143,1.6174606646596295,60.0,8.0,0.0,0.0,-4.0,954,0.279874213836478,0.16666666666666666,0.24423480083857443,0.2526205450733753,0.09538784067085954,0.31551362683438156,40.0,5.9958071278826
2024-06-14,0,0,0,0,0,0,0,0,0,0,0,0,2024,6,14,4,166,24,2,0,0,1,-0.433883739117558,-0.9009688679024191,0.28023067519921585,-0.9599326896597447,0.23931566428755768,-0.970941817426052,1.2246467991473532e-16,-1.0,0.0,0.0,0.0,4.0,0.0,4.0,0.0,0.0,0.0,0.0,0.0,0.0,0.0,0.0,0.5714285714285714,1.452546078405127,8.0,4.0,0.42857142857142855,1.259881576697422,12.0,4.0,0.6785714285714286,1.6635902342621731,38.0,8.0,0.6666666666666666,1.5779606583680816,56.0,8.0,0.0,-4.0,-4.0,954,0.279874213836478,0.16666666666666666,0.24423480083857443,0.2526205450733753,0.09538784067085954,0.31551362683438156,40.0,5.9958071278826
2024-06-15,0,0,0,0,0,0,0,0,0,0,0,0,2024,6,15,5,167,24,2,1,0,0,-0.9749279121818236,-0.2225209339563146,0.26366549272800704,-0.9646141756912435,0.23931566428755768,-0.970941817426052,1.2246467991473532e-16,-1.0,0.0,0.0,0.0,0.0,4.0,0.0,0.0,0.0,0.0,0.0,0.0,0.0,0.0,0.0,0.2857142857142857,1.0690449676496991,4.0,4.0,0.42857142857142855,1.259881576697422,12.0,4.0,0.6785714285714286,1.6635902342621731,38.0,8.0,0.6666666666666666,1.5779606583680816,56.0,8.0,0.0,0.0,0.0,954,0.279874213836478,0.16666666666666666,0.24423480083857443,0.2526205450733753,0.09538784067085954,0.31551362683438156,40.0,5.9958071278826
2024-06-16,0,0,0,0,0,0,0,0,0,0,0,0,2024,6,16,6,168,24,2,1,0,0,-0.7818314824680299,0.6234898018587334,0.24702218048093552,-0.9690098257244062,0.23931566428755768,-0.970941817426052,1.2246467991473532e-16,-1.0,0.0,0.0,0.0,0.0,0.0,0.0,0.0,0.0,0.0,0.0,0.0,0.0,0.0,0.0,0.2857142857142857,1.0690449676496991,4.0,4.0,0.42857142857142855,1.259881576697422,12.0,4.0,0.6785714285714286,1.6635902342621731,38.0,8.0,0.6666666666666666,1.5779606583680816,56.0,8.0,0.0,0.0,0.0,954,0.279874213836478,0.16666666666666666,0.24423480083857443,0.2526205450733753,0.09538784067085954,0.31551362683438156,40.0,5.9958071278826
2024-06-17,0,0,0,0,0,0,0,0,0,0,0,0,2024,6,17,0,169,25,2,0,1,0,0.0,1.0,0.23030567023061221,-0.9731183372332619,0.12053668025532308,-0.992708874098054,1.2246467991473532e-16,-1.0,0.0,0.0,0.0,0.0,0.0,0.0,0.0,0.0,0.0,0.0,0.0,0.0,0.0,0.0,0.2857142857142857,1.0690449676496991,4.0,4.0,0.42857142857142855,1.259881576697422,12.0,4.0,0.6785714285714286,1.6635902342621731,38.0,8.0,0.6666666666666666,1.5779606583680816,56.0,8.0,0.0,0.0,0.0,954,0.279874213836478,0.16666666666666666,0.24423480083857443,0.2526205450733753,0.09538784067085954,0.31551362683438156,40.0,5.9958071278826
2024-06-18,0,0,0,0,0,0,0,0,0,0,0,0,2024,6,18,1,170,25,2,0,0,0,0.7818314824680298,0.6234898018587336,0.21352091543979612,-0.9769384927771817,0.12053668025532308,-0.992708874098054,1.2246467991473532e-16,-1.0,0.0,0.0,0.0,0.0,0.0,0.0,0.0,0.0,0.0,0.0,0.0,0.0,0.0,0.0,0.2857142857142857,1.0690449676496991,4.0,4.0,0.42857142857142855,1.259881576697422,12.0,4.0,0.6785714285714286,1.6635902342621731,38.0,8.0,0.6666666666666666,1.5779606583680816,56.0,8.0,0.0,0.0,0.0,954,0.279874213836478,0.16666666666666666,0.24423480083857443,0.2526205450733753,0.09538784067085954,0.31551362683438156,40.0,5.9958071278826
2024-06-19,0,0,0,0,0,0,0,0,0,0,0,0,2024,6,19,2,171,25,2,0,0,0,0.9749279121818236,-0.22252093395631434,0.19667288979357647,-0.980469160361632,0.12053668025532308,-0.992708874098054,1.2246467991473532e-16,-1.0,0.0,0.0,0.0,0.0,0.0,4.0,0.0,0.0,0.0,0.0,0.0,0.0,0.0,0.0,0.2857142857142857,1.0690449676496991,4.0,4.0,0.2857142857142857,1.0490610566259218,8.0,4.0,0.6785714285714286,1.6635902342621731,38.0,8.0,0.6666666666666666,1.5779606583680816,56.0,8.0,0.0,0.0,-4.0,954,0.279874213836478,0.16666666666666666,0.24423480083857443,0.2526205450733753,0.09538784067085954,0.31551362683438156,40.0,5.9958071278826
2024-06-20,0,0,0,0,0,0,0,0,0,0,0,0,2024,6,20,3,172,25,2,0,0,0,0.43388373911755823,-0.900968867902419,0.1797665857255624,-0.9837092937736097,0.12053668025532308,-0.992708874098054,1.2246467991473532e-16,-1.0,0.0,0.0,0.0,0.0,0.0,0.0,0.0,0.0,0.0,0.0,0.0,0.0,0.0,0.0,0.2857142857142857,1.0690449676496991,4.0,4.0,0.2857142857142857,1.0490610566259218,8.0,4.0,0.6785714285714286,1.6635902342621731,38.0,8.0,0.6190476190476191,1.5359527627083362,52.0,8.0,0.0,0.0,0.0,954,0.279874213836478,0.16666666666666666,0.24423480083857443,0.2526205450733753,0.09538784067085954,0.31551362683438156,40.0,5.9958071278826
2024-06-21,0,0,0,0,0,0,0,0,0,0,0,0,2024,6,21,4,173,25,2,0,0,1,-0.433883739117558,-0.9009688679024191,0.16280701293851715,-0.986657932891657,0.12053668025532308,-0.992708874098054,1.2246467991473532e-16,-1.0,0.0,0.0,0.0,0.0,4.0,0.0,0.0,0.0,0.0,0.0,0.0,0.0,0.0,0.0,0.0,0.0,0.0,0.0,0.2857142857142857,1.0490610566259218,8.0,4.0,0.6785714285714286,1.6635902342621731,38.0,8.0,0.6190476190476191,1.5359527627083362,52.0,8.0,0.0,0.0,0.0,954,0.279874213836478,0.16666666666666666,0.24423480083857443,0.2526205450733753,0.09538784067085954,0.31551362683438156,40.0,5.9958071278826
2024-06-22,0,0,0,0,0,0,0,0,0,0,0,0,2024,6,22,5,174,25,2,1,0,0,-0.9749279121818236,-0.2225209339563146,0.1457991969198751,-0.9893142039703663,0.12053668025532308,-0.992708874098054,1.2246467991473532e-16,-1.0,0.0,0.0,0.0,0.0,0.0,0.0,0.0,0.0,0.0,0.0,0.0,0.0,0.0,0.0,0.0,0.0,0.0,0.0,0.2857142857142857,1.0490610566259218,8.0,4.0,0.6071428571428571,1.6031624590570586,34.0,8.0,0.6190476190476191,1.5359527627083362,52.0,8.0,0.0,0.0,0.0,954,0.279874213836478,0.16666666666666666,0.24423480083857443,0.2526205450733753,0.09538784067085954,0.31551362683438156,40.0,5.9958071278826
2024-06-23,0,0,0,0,0,0,0,0,0,0,0,0,2024,6,23,6,175,25,2,1,0,0,-0.7818314824680299,0.6234898018587334,0.12874817745258132,-0.99167731989929,0.12053668025532308,-0.992708874098054,1.2246467991473532e-16,-1.0,0.0,0.0,0.0,0.0,0.0,0.0,0.0,0.0,0.0,0.0,0.0,0.0,0.0,0.0,0.0,0.0,0.0,0.0,0.2857142857142857,1.0490610566259218,8.0,4.0,0.6071428571428571,1.6031624590570586,34.0,8.0,0.6190476190476191,1.5359527627083362,52.0,8.0,0.0,0.0,0.0,954,0.279874213836478,0.16666666666666666,0.24423480083857443,0.2526205450733753,0.09538784067085954,0.31551362683438156,40.0,5.9958071278826
2024-06-24,0,0,0,0,0,0,0,0,0,0,0,0,2024,6,24,0,176,26,2,0,1,0,0.0,1.0,0.11165900712169512,-0.993746580436178,-3.216245299353273e-16,-1.0,1.2246467991473532e-16,-1.0,0.0,0.0,0.0,0.0,0.0,0.0,0.0,0.0,0.0,0.0,0.0,0.0,0.0,0.0,0.0,0.0,0.0,0.0,0.2857142857142857,1.0490610566259218,8.0,4.0,0.6071428571428571,1.6031624590570586,34.0,8.0,0.5714285714285714,1.4912250505751956,48.0,8.0,0.0,0.0,0.0,954,0.279874213836478,0.16666666666666666,0.24423480083857443,0.2526205450733753,0.09538784067085954,0.31551362683438156,40.0,5.9958071278826
2024-06-25,0,0,0,0,0,0,0,0,0,0,0,0,2024,6,25,1,177,26,2,0,0,0,0.7818314824680298,0.6234898018587336,0.09453674981719912,-0.9955213724144752,-3.216245299353273e-16,-1.0,1.2246467991473532e-16,-1.0,0.0,0.0,0.0,0.0,0.0,0.0,0.0,0.0,0.0,0.0,0.0,0.0,0.0,0.0,0.0,0.0,0.0,0.0,0.2857142857142857,1.0490610566259218,8.0,4.0,0.6071428571428571,1.6031624590570586,34.0,8.0,0.5714285714285714,1.4912250505751956,48.0,8.0,0.0,0.0,0.0,954,0.279874213836478,0.16666666666666666,0.24423480083857443,0.2526205450733753,0.09538784067085954,0.31551362683438156,40.0,5.9958071278826
2024-06-26,0,0,0,0,0,0,0,0,0,0,0,0,2024,6,26,2,178,26,2,0,0,0,0.9749279121818236,-0.22252093395631434,0.07738647923346301,-0.9970011699250151,-3.216245299353273e-16,-1.0,1.2246467991473532e-16,-1.0,0.0,0.0,0.0,0.0,0.0,0.0,0.0,0.0,0.0,0.0,0.0,0.0,0.0,0.0,0.0,0.0,0.0,0.0,0.2857142857142857,1.0490610566259218,8.0,4.0,0.6071428571428571,1.6031624590570586,34.0,8.0,0.5714285714285714,1.4912250505751956,48.0,8.0,0.0,0.0,0.0,954,0.279874213836478,0.16666666666666666,0.24423480083857443,0.2526205450733753,0.09538784067085954,0.31551362683438156,40.0,5.9958071278826
2024-06-27,0,0,0,0,0,0,0,0,0,0,0,0,2024,6,27,3,179,26,2,0,0,0,0.43388373911755823,-0.900968867902419,0.06021327736579302,-0.9981855344718586,-3.216245299353273e-16,-1.0,1.2246467991473532e-16,-1.0,0.0,0.0,0.0,0.0,0.0,0.0,0.0,0.0,0.0,0.0,0.0,0.0,0.0,0.0,0.0,0.0,0.0,0.0,0.2857142857142857,1.0490610566259218,8.0,4.0,0.6071428571428571,1.6031624590570586,34.0,8.0,0.5595238095238095,1.4917539646310787,47.0,8.0,0.0,0.0,0.0,954,0.279874213836478,0.16666666666666666,0.24423480083857443,0.2526205450733753,0.09538784067085954,0.31551362683438156,40.0,5.9958071278826
2024-06-28,0,0,0,0,0,0,0,0,0,0,0,0,2024,6,28,4,180,26,2,0,0,1,-0.433883739117558,-0.9009688679024191,0.04302223300453059,-0.99907411510223,-3.216245299353273e-16,-1.0,1.2246467991473532e-16,-1.0,0.0,0.0,0.0,0.0,0.0,0.0,0.0,0.0,0.0,0.0,0.0,0.0,0.0,0.0,0.0,0.0,0.0,0.0,0.2857142857142857,1.0490610566259218,8.0,4.0,0.6071428571428571,1.6031624590570586,34.0,8.0,0.5476190476190477,1.4921865730495778,46.0,8.0,0.0,0.0,0.0,954,0.279874213836478,0.16666666666666666,0.24423480083857443,0.2526205450733753,0.09538784067085954,0.31551362683438156,40.0,5.9958071278826
2024-06-29,0,0,0,0,0,0,0,0,0,0,0,0,2024,6,29,5,181,26,2,1,0,0,-0.9749279121818236,-0.2225209339563146,0.02581844022713308,-0.9996666485105112,-3.216245299353273e-16,-1.0,1.2246467991473532e-16,-1.0,0.0,0.0,0.0,0.0,0.0,4.0,0.0,0.0,0.0,0.0,0.0,0.0,0.0,0.0,0.0,0.0,0.0,0.0,0.14285714285714285,0.7559289460184508,4.0,4.0,0.5892857142857143,1.604275942193644,33.0,8.0,0.5,1.4437234324473613,42.0,8.0,0.0,0.0,-4.0,954,0.279874213836478,0.16666666666666666,0.24423480083857443,0.2526205450733753,0.09538784067085954,0.31551362683438156,40.0,5.9958071278826
2024-06-30,0,0,0,0,0,0,0,0,0,0,0,0,2024,6,30,6,182,26,2,1,0,0,-0.7818314824680299,0.6234898018587334,0.008606996888688698,-0.9999629591162655,-3.216245299353273e-16,-1.0,1.2246467991473532e-16,-1.0,0.0,0.0,0.0,0.0,0.0,0.0,0.0,0.0,0.0,0.0,0.0,0.0,0.0,0.0,0.0,0.0,0.0,0.0,0.14285714285714285,0.7559289460184508,4.0,4.0,0.5892857142857143,1.604275942193644,33.0,8.0,0.5,1.4437234324473613,42.0,8.0,0.0,0.0,0.0,954,0.279874213836478,0.16666666666666666,0.24423480083857443,0.2526205450733753,0.09538784067085954,0.31551362683438156,40.0,5.9958071278826
2024-07-01,0,0,0,0,0,0,0,0,0,0,0,0,2024,7,1,0,183,27,3,0,1,0,0.0,1.0,-0.008606996888688009,-0.9999629591162655,-0.12053668025532283,-0.992708874098054,-0.4999999999999997,-0.8660254037844388,0.0,0.0,0.0,0.0,0.0,0.0,0.0,0.0,0.0,0.0,0.0,0.0,0.0,0.0,0.0,0.0,0.0,0.0,0.14285714285714285,0.7559289460184508,4.0,4.0,0.5178571428571429,1.5373066344460018,29.0,8.0,0.5,1.4437234324473613,42.0,8.0,0.0,0.0,0.0,954,0.279874213836478,0.16666666666666666,0.24423480083857443,0.2526205450733753,0.09538784067085954,0.31551362683438156,40.0,5.9958071278826
2024-07-02,4,0,0,0,0,0,0,0,8,0,0,0,2024,7,2,1,184,27,3,0,0,0,0.7818314824680298,0.6234898018587336,-0.02581844022713239,-0.9996666485105112,-0.12053668025532283,-0.992708874098054,-0.4999999999999997,-0.8660254037844388,0.0,0.0,0.0,0.0,0.0,0.0,1.3333333333333333,2.3094010767585056,4.0,4.0,0.5714285714285714,1.5118578920369063,4.0,4.0,0.2857142857142857,1.0690449676496991,4.0,4.0,0.2857142857142857,1.0490610566259218,8.0,4.0,0.5892857142857143,1.604275942193644,33.0,8.0,0.5476190476190477,1.4921865730495778,46.0,8.0,4.0,4.0,4.0,954,0.279874213836478,0.16666666666666666,0.24423480083857443,0.2526205450733753,0.09538784067085954,0.31551362683438156,40.0,5.9958071278826
2024-07-03,0,0,0,0,0,0,0,0,0,0,0,0,2024,7,3,2,185,27,3,0,0,0,0.9749279121818236,-0.22252093395631434,-0.04302223300453034,-0.99907411510223,-0.12053668025532283,-0.992708874098054,-0.4999999999999997,-0.8660254037844388,4.0,0.0,0.0,0.0,0.0,0.0,1.3333333333333333,2.3094010767585056,4.0,4.0,0.5714285714285714,1.5118578920369063,4.0,4.0,0.2857142857142857,1.0690449676496991,4.0,4.0,0.2857142857142857,1.0490610566259218,8.0,4.0,0.44642857142857145,1.2492855100873823,25.0,4.0,0.5,1.4437234324473613,42.0,8.0,-4.0,0.0,0.0,954,0.279874213836478,0.16666666666666666,0.24423480083857443,0.2526205450733753,0.09538784067085954,0.31551362683438156,40.0,5.9958071278826
2024-07-04,0,0,0,0,0,0,0,0,0,0,0,0,2024,7,4,3,186,27,3,0,0,0,0.43388373911755823,-0.900968867902419,-0.060213277365792774,-0.9981855344718586,-0.12053668025532283,-0.992708874098054,-0.4999999999999997,-0.8660254037844388,0.0,4.0,0.0,0.0,0.0,0.0,1.3333333333333333,2.3094010767585056,4.0,4.0,0.5714285714285714,1.5118578920369063,4.0,4.0,0.2857142857142857,1.0690449676496991,4.0,4.0,0.2857142857142857,1.0490610566259218,8.0,4.0,0.44642857142857145,1.2492855100873823,25.0,4.0,0.5,1.4437234324473613,42.0,8.0,0.0,0.0,0.0,954,0.279874213836478,0.16666666666666666,0.24423480083857443,0.2526205450733753,0.09538784067085954,0.31551362683438156,40.0,5.9958071278826
2024-07-05,0,0,0,0,0,0,0,0,0,0,0,0,2024,7,5,4,187,27,3,0,0,1,-0.433883739117558,-0.9009688679024191,-0.07738647923346322,-0.9970011699250151,-0.12053668025532283,-0.992708874098054,-0.4999999999999997,-0.8660254037844388,0.0,0.0,4.0,0.0,0.0,4.0,0.0,0.0,0.0,0.0,0.5714285714285714,1.5118578920369063,4.0,4.0,0.2857142857142857,1.0690449676496991,4.0,4.0,0.14285714285714285,0.7559289460184508,4.0,4.0,0.42857142857142855,1.2483755678647206,24.0,4.0,0.5,1.4437234324473613,42.0,8.0,0.0,0.0,-4.0,954,0.279874213836478,0.16666666666666666,0.24423480083857443,0.2526205450733753,0.09538784067085954,0.31551362683438156,40.0,5.9958071278826
2024-07-06,0,0,0,0,0,0,0,0,0,0,0,0,2024,7,6,5,188,27,3,1,0,0,-0.9749279121818236,-0.2225209339563146,-0.09453674981719933,-0.9955213724144752,-0.12053668025532283,-0.992708874098054,-0.4999999999999997,-0.8660254037844388,0.0,0.0,0.0,0.0,0.0,0.0,0.0,0.0,0.0,0.0,0.5714285714285714,1.5118578920369063,4.0,4.0,0.2857142857142857,1.0690449676496991,4.0,4.0,0.14285714285714285,0.7559289460184508,4.0,4.0,0.42857142857142855,1.2483755678647206,24.0,4.0,0.5,1.4437234324473613,42.0,8.0,0.0,0.0,0.0,954,0.279874213836478,0.16666666666666666,0.24423480083857443,0.2526205450733753,0.09538784067085954,0.31551362683438156,40.0,5.9958071278826
2024-07-07,0,0,0,0,0,0,0,0,0,0,0,0,2024,7,7,6,189,27,3,1,0,0,-0.7818314824680299,0.6234898018587334,-0.11165900712169444,-0.9937465804361781,-0.12053668025532283,-0.992708874098054,-0.4999999999999997,-0.8660254037844388,0.0,0.0,0.0,0.0,0.0,0.0,0.0,0.0,0.0,0.0,0.5714285714285714,1.5118578920369063,4.0,4.0,0.2857142857142857,1.0690449676496991,4.0,4.0,0.14285714285714285,0.7559289460184508,4.0,4.0,0.42857142857142855,1.2483755678647206,24.0,4.0,0.5,1.4437234324473613,42.0,8.0,0.0,0.0,0.0,954,0.279874213836478,0.16666666666666666,0.24423480083857443,0.2526205450733753,0.09538784067085954,0.31551362683438156,40.0,5.9958071278826
2024-07-08,0,0,0,0,0,0,0,0,0,0,0,0,2024,7,8,0,190,28,3,0,1,0,0.0,1.0,-0.12874817745258066,-0.99167731989929,-0.23931566428755743,-0.9709418174260521,-0.4999999999999997,-0.8660254037844388,0.0,0.0,0.0,0.0,0.0,0.0,0.0,0.0,0.0,0.0,0.5714285714285714,1.5118578920369063,4.0,4.0,0.2857142857142857,1.0690449676496991,4.0,4.0,0.14285714285714285,0.7559289460184508,4.0,4.0,0.42857142857142855,1.2483755678647206,24.0,4.0,0.5,1.4437234324473613,42.0,8.0,0.0,0.0,0.0,954,0.279874213836478,0.16666666666666666,0.24423480083857443,0.2526205450733753,0.09538784067085954,0.31551362683438156,40.0,5.9958071278826
2024-07-09,0,0,0,0,0,0,0,0,0,0,0,0,2024,7,9,1,191,28,3,0,0,0,0.7818314824680298,0.6234898018587336,-0.14579919691987442,-0.9893142039703664,-0.23931566428755743,-0.9709418174260521,-0.4999999999999997,-0.8660254037844388,0.0,0.0,0.0,4.0,0.0,0.0,0.0,0.0,0.0,0.0,0.0,0.0,0.0,0.0,0.2857142857142857,1.0690449676496991,4.0,4.0,0.14285714285714285,0.7559289460184508,4.0,4.0,0.42857142857142855,1.2483755678647206,24.0,4.0,0.5,1.4437234324473613,42.0,8.0,0.0,-4.0,0.0,954,0.279874213836478,0.16666666666666666,0.24423480083857443,0.2526205450733753,0.09538784067085954,0.31551362683438156,40.0,5.9958071278826
2024-07-10,0,0,0,0,0,0,0,0,0,0,0,0,2024,7,10,2,192,28,3,0,0,0,0.9749279121818236,-0.22252093395631434,-0.16280701293851646,-0.9866579328916572,-0.23931566428755743,-0.9709418174260521,-0.4999999999999997,-0.8660254037844388,0.0,0.0,0.0,0.0,0.0,0.0,0.0,0.0,0.0,0.0,0.0,0.0,0.0,0.0,0.2857142857142857,1.0690449676496991,4.0,4.0,0.14285714285714285,0.7559289460184508,4.0,4.0,0.42857142857142855,1.2483755678647206,24.0,4.0,0.5,1.4437234324473613,42.0,8.0,0.0,0.0,0.0,954,0.279874213836478,0.16666666666666666,0.24423480083857443,0.2526205450733753,0.09538784067085954,0.31551362683438156,40.0,5.9958071278826
2024-07-11,0,0,0,0,0,0,0,0,0,0,0,0,2024,7,11,3,193,28,3,0,0,0,0.43388373911755823,-0.900968867902419,-0.17976658572556214,-0.9837092937736098,-0.23931566428755743,-0.9709418174260521,-0.4999999999999997,-0.8660254037844388,0.0,0.0,0.0,0.0,0.0,0.0,0.0,0.0,0.0,0.0,0.0,0.0,0.0,0.0,0.2857142857142857,1.0690449676496991,4.0,4.0,0.14285714285714285,0.7559289460184508,4.0,4.0,0.35714285714285715,1.1509454047327048,20.0,4.0,0.5,1.4437234324473613,42.0,8.0,0.0,0.0,0.0,954,0.279874213836478,0.16666666666666666,0.24423480083857443,0.2526205450733753,0.09538784067085954,0.31551362683438156,40.0,5.9958071278826
2024-07-12,0,0,0,0,0,0,0,0,0,0,0,0,2024,7,12,4,194,28,3,0,0,1,-0.433883739117558,-0.9009688679024191,-0.19667288979357622,-0.9804691603616321,-0.23931566428755743,-0.9709418174260521,-0.4999999999999997,-0.8660254037844388,0.0,0.0,0.0,0.0,0.0,0.0,0.0,0.0,0.0,0.0,0.0,0.0,0.0,0.0,0.2857142857142857,1.0690449676496991,4.0,4.0,0.14285714285714285,0.7559289460184508,4.0,4.0,0.2857142857142857,1.0394803896752864,16.0,4.0,0.5,1.4437234324473613,42.0,8.0,0.0,0.0,0.0,954,0.279874213836478,0.16666666666666666,0.24423480083857443,0.2526205450733753,0.09538784067085954,0.31551362683438156,40.0,5.9958071278826
2024-07-13,0,0,0,0,0,0,0,0,0,0,0,0,2024,7,13,5,195,28,3,1,0,0,-0.9749279121818236,-0.2225209339563146,-0.2135209154397959,-0.9769384927771817,-0.23931566428755743,-0.9709418174260521,-0.4999999999999997,-0.8660254037844388,0.0,0.0,0.0,0.0,0.0,0.0,0.0,0.0,0.0,0.0,0.0,0.0,0.0,0.0,0.2857142857142857,1.0690449676496991,4.0,4.0,0.14285714285714285,0.7559289460184508,4.0,4.0,0.2857142857142857,1.0394803896752864,16.0,4.0,0.5,1.4437234324473613,42.0,8.0,0.0,0.0,0.0,954,0.279874213836478,0.16666666666666666,0.24423480083857443,0.2526205450733753,0.09538784067085954,0.31551362683438156,40.0,5.9958071278826
2024-07-14,0,0,0,0,0,0,0,0,0,0,0,0,2024,7,14,6,196,28,3,1,0,0,-0.7818314824680299,0.6234898018587334,-0.23030567023061196,-0.973118337233262,-0.23931566428755743,-0.9709418174260521,-0.4999999999999997,-0.8660254037844388,0.0,0.0,0.0,0.0,0.0,0.0,0.0,0.0,0.0,0.0,0.0,0.0,0.0,0.0,0.2857142857142857,1.0690449676496991,4.0,4.0,0.14285714285714285,0.7559289460184508,4.0,4.0,0.2857142857142857,1.0394803896752864,16.0,4.0,0.5,1.4437234324473613,42.0,8.0,0.0,0.0,0.0,954,0.279874213836478,0.16666666666666666,0.24423480083857443,0.2526205450733753,0.09538784067085954,0.31551362683438156,40.0,5.9958071278826
2024-07-15,0,0,0,0,0,0,0,0,0,0,0,0,2024,7,15,0,197,29,3,0,1,0,0.0,1.0,-0.24702218048093527,-0.9690098257244063,-0.3546048870425356,-0.9350162426854148,-0.4999999999999997,-0.8660254037844388,0.0,0.0,0.0,0.0,0.0,0.0,0.0,0.0,0.0,0.0,0.0,0.0,0.0,0.0,0.2857142857142857,1.0690449676496991,4.0,4.0,0.14285714285714285,0.7559289460184508,4.0,4.0,0.2857142857142857,1.0394803896752864,16.0,4.0,0.5,1.4437234324473613,42.0,8.0,0.0,0.0,0.0,954,0.279874213836478,0.16666666666666666,0.24423480083857443,0.2526205450733753,0.09538784067085954,0.31551362683438156,40.0,5.9958071278826
2024-07-16,0,0,0,0,0,0,0,0,0,0,0,0,2024,7,16,1,198,29,3,0,0,0,0.7818314824680298,0.6234898018587336,-0.2636654927280072,-0.9646141756912435,-0.3546048870425356,-0.9350162426854148,-0.4999999999999997,-0.8660254037844388,0.0,0.0,0.0,0.0,4.0,0.0,0.0,0.0,0.0,0.0,0.0,0.0,0.0,0.0,0.0,0.0,0.0,0.0,0.14285714285714285,0.7559289460184508,4.0,4.0,0.2857142857142857,1.0394803896752864,16.0,4.0,0.5,1.4437234324473613,42.0,8.0,0.0,0.0,0.0,954,0.279874213836478,0.16666666666666666,0.24423480083857443,0.2526205450733753,0.09538784067085954,0.31551362683438156,40.0,5.9958071278826
2024-07-17,0,0,0,0,0,0,0,0,0,0,0,0,2024,7,17,2,199,29,3,0,0,0,0.9749279121818236,-0.22252093395631434,-0.2802306751992161,-0.9599326896597445,-0.3546048870425356,-0.9350162426854148,-0.4999999999999997,-0.8660254037844388,0.0,0.0,0.0,0.0,0.0,0.0,0.0,0.0,0.0,0.0,0.0,0.0,0.0,0.0,0.0,0.0,0.0,0.0,0.14285714285714285,0.7559289460184508,4.0,4.0,0.21428571428571427,0.9088311317148149,12.0,4.0,0.5,1.4437234324473613,42.0,8.0,0.0,0.0,0.0,954,0.279874213836478,0.16666666666666666,0.24423480083857443,0.2526205450733753,0.09538784067085954,0.31551362683438156,40.0,5.9958071278826
2024-07-18,4,0,0,0,0,4,0,4,12,0,0,0,2024,7,18,3,200,29,3,0,0,0,0.43388373911755823,-0.900968867902419,-0.2967128192734901,-0.9549667548552553,-0.3546048870425356,-0.9350162426854148,-0.4999999999999997,-0.8660254037844388,0.0,0.0,0.0,0.0,0.0,0.0,1.3333333333333333,2.3094010767585056,4.0,4.0,0.5714285714285714,1.5118578920369063,4.0,4.0,0.2857142857142857,1.0690449676496991,4.0,4.0,0.2857142857142857,1.0490610566259218,8.0,4.0,0.2857142857142857,1.0394803896752864,16.0,4.0,0.5476190476190477,1.4921865730495778,46.0,8.0,4.0,4.0,4.0,954,0.279874213836478,0.16666666666666666,0.24423480083857443,0.2526205450733753,0.09538784067085954,0.31551362683438156,40.0,5.9958071278826
2024-07-19,0,0,0,0,0,0,0,0,0,0,0,0,2024,7,19,4,201,29,3,0,0,1,-0.433883739117558,-0.9009688679024191,-0.3131070409358267,-0.9497178427914317,-0.3546048870425356,-0.9350162426854148,-0.4999999999999997,-0.8660254037844388,4.0,0.0,0.0,0.0,0.0,0.0,1.3333333333333333,2.3094010767585056,4.0,4.0,0.5714285714285714,1.5118578920369063,4.0,4.0,0.2857142857142857,1.0690449676496991,4.0,4.0,0.2857142857142857,1.0490610566259218,8.0,4.0,0.2857142857142857,1.0394803896752864,16.0,4.0,0.5476190476190477,1.4921865730495778,46.0,8.0,-4.0,0.0,0.0,954,0.279874213836478,0.16666666666666666,0.24423480083857443,0.2526205450733753,0.09538784067085954,0.31551362683438156,40.0,5.9958071278826
2024-07-20,8,0,0,8,0,0,0,0,16,0,0,0,2024,7,20,5,202,29,3,1,0,0,-0.9749279121818236,-0.2225209339563146,-0.3294084822245302,-0.9441875088341994,-0.3546048870425356,-0.9350162426854148,-0.4999999999999997,-0.8660254037844388,0.0,4.0,0.0,0.0,0.0,0.0,4.0,4.000000000000003,12.0,8.0,1.7142857142857142,3.1471831698777724,12.0,8.0,0.8571428571428571,2.3157368940873586,12.0,8.0,0.5714285714285714,1.79358055769213,16.0,8.0,0.42857142857142855,1.4629626585322488,24.0,8.0,0.5952380952380952,1.6582691485804342,50.0,8.0,8.0,8.0,8.0,954,0.279874213836478,0.16666666666666666,0.24423480083857443,0.2526205450733753,0.09538784067085954,0.31551362683438156,40.0,5.9958071278826
2024-07-21,0,0,0,0,0,0,0,0,0,0,0,0,2024,7,21,6,203,29,3,1,0,0,-0.7818314824680299,0.6234898018587334,-0.3456123126707333,-0.9383773917408642,-0.3546048870425356,-0.9350162426854148,-0.4999999999999997,-0.8660254037844388,8.0,0.0,4.0,0.0,0.0,0.0,2.6666666666666665,4.618802153517008,8.0,8.0,1.7142857142857142,3.1471831698777724,12.0,8.0,0.8571428571428571,2.3157368940873586,12.0,8.0,0.5714285714285714,1.79358055769213,16.0,8.0,0.42857142857142855,1.4629626585322488,24.0,8.0,0.5952380952380952,1.6582691485804342,50.0,8.0,-8.0,0.0,0.0,954,0.279874213836478,0.16666666666666666,0.24423480083857443,0.2526205450733753,0.09538784067085954,0.31551362683438156,40.0,5.9958071278826
2024-07-22,0,0,0,0,0,0,0,0,0,0,0,0,2024,7,22,0,204,30,3,0,1,0,0.0,1.0,-0.3617137307297674,-0.9322892131745134,-0.46472317204376806,-0.8854560256532101,-0.4999999999999997,-0.8660254037844388,0.0,8.0,0.0,0.0,0.0,0.0,2.6666666666666665,4.618802153517008,8.0,8.0,1.7142857142857142,3.1471831698777724,12.0,8.0,0.8571428571428571,2.3157368940873586,12.0,8.0,0.5714285714285714,1.79358055769213,16.0,8.0,0.42857142857142855,1.4629626585322488,24.0,8.0,0.5952380952380952,1.6582691485804342,50.0,8.0,0.0,0.0,0.0,954,0.279874213836478,0.16666666666666666,0.24423480083857443,0.2526205450733753,0.09538784067085954,0.31551362683438156,40.0,5.9958071278826
2024-07-23,0,0,0,0,0,0,0,0,0,0,0,0,2024,7,23,1,205,30,3,0,0,0,0.7818314824680298,0.6234898018587336,-0.37770796520396466,-0.9259247771938499,-0.46472317204376806,-0.8854560256532101,-0.4999999999999997,-0.8660254037844388,0.0,0.0,8.0,0.0,0.0,0.0,0.0,0.0,0.0,0.0,1.7142857142857142,3.1471831698777724,12.0,8.0,0.8571428571428571,2.3157368940873586,12.0,8.0,0.5714285714285714,1.79358055769213,16.0,8.0,0.42857142857142855,1.4629626585322488,24.0,8.0,0.5952380952380952,1.6582691485804342,50.0,8.0,0.0,0.0,0.0,954,0.279874213836478,0.16666666666666666,0.24423480083857443,0.2526205450733753,0.09538784067085954,0.31551362683438156,40.0,5.9958071278826
2024-07-24,0,0,0,0,0,0,0,0,0,0,0,0,2024,7,24,2,206,30,3,0,0,0,0.9749279121818236,-0.22252093395631434,-0.39359027665646645,-0.9192859697186105,-0.46472317204376806,-0.8854560256532101,-0.4999999999999997,-0.8660254037844388,0.0,0.0,0.0,0.0,0.0,0.0,0.0,0.0,0.0,0.0,1.7142857142857142,3.1471831698777724,12.0,8.0,0.8571428571428571,2.3157368940873586,12.0,8.0,0.5714285714285714,1.79358055769213,16.0,8.0,0.42857142857142855,1.4629626585322488,24.0,8.0,0.5952380952380952,1.6582691485804342,50.0,8.0,0.0,0.0,0.0,954,0.279874213836478,0.16666666666666666,0.24423480083857443,0.2526205450733753,0.09538784067085954,0.31551362683438156,40.0,5.9958071278826
2024-07-25,0,0,0,0,0,0,0,0,0,0,0,0,2024,7,25,3,207,30,3,0,0,0,0.43388373911755823,-0.900968867902419,-0.4093559588156211,-0.9123747579707274,-0.46472317204376806,-0.8854560256532101,-0.4999999999999997,-0.8660254037844388,0.0,0.0,0.0,4.0,0.0,0.0,0.0,0.0,0.0,0.0,1.1428571428571428,3.023715784073817,8.0,8.0,0.8571428571428571,2.3157368940873586,12.0,8.0,0.5714285714285714,1.79358055769213,16.0,8.0,0.42857142857142855,1.4629626585322488,24.0,8.0,0.5952380952380952,1.6582691485804342,50.0,8.0,0.0,-4.0,0.0,954,0.279874213836478,0.16666666666666666,0.24423480083857443,0.2526205450733753,0.09538784067085954,0.31551362683438156,40.0,5.9958071278826
2024-07-26,0,0,0,0,0,0,0,0,0,0,0,0,2024,7,26,4,208,30,3,0,0,1,-0.433883739117558,-0.9009688679024191,-0.42500033996955394,-0.9051931898913975,-0.46472317204376806,-0.8854560256532101,-0.4999999999999997,-0.8660254037844388,0.0,0.0,0.0,0.0,0.0,0.0,0.0,0.0,0.0,0.0,1.1428571428571428,3.023715784073817,8.0,8.0,0.8571428571428571,2.3157368940873586,12.0,8.0,0.5714285714285714,1.79358055769213,16.0,8.0,0.42857142857142855,1.4629626585322488,24.0,8.0,0.5952380952380952,1.6582691485804342,50.0,8.0,0.0,0.0,0.0,954,0.279874213836478,0.16666666666666666,0.24423480083857443,0.2526205450733753,0.09538784067085954,0.31551362683438156,40.0,5.9958071278826
2024-07-27,1,1,0,1,0,0,0,0,2,0,0,0,2024,7,27,5,209,30,3,1,0,0,-0.9749279121818236,-0.2225209339563146,-0.4405187843504952,-0.8977433935342336,-0.46472317204376806,-0.8854560256532101,-0.4999999999999997,-0.8660254037844388,0.0,0.0,0.0,8.0,0.0,0.0,0.3333333333333333,0.5773502691896332,1.0,1.0,0.14285714285714285,0.37796447300921693,1.0,1.0,0.9285714285714286,2.3026501693044485,13.0,8.0,0.6071428571428571,1.7917358790618263,17.0,8.0,0.375,1.3825207544061104,21.0,8.0,0.5952380952380952,1.6582691485804342,50.0,8.0,1.0,-7.0,1.0,954,0.279874213836478,0.16666666666666666,0.24423480083857443,0.2526205450733753,0.09538784067085954,0.31551362683438156,40.0,5.9958071278826
2024-07-28,0,0,0,0,0,0,0,0,0,0,0,0,2024,7,28,6,210,30,3,1,0,0,-0.7818314824680299,0.6234898018587334,-0.455906693508459,-0.8900275764346766,-0.46472317204376806,-0.8854560256532101,-0.4999999999999997,-0.8660254037844388,1.0,0.0,0.0,0.0,0.0,0.0,0.3333333333333333,0.5773502691896332,1.0,1.0,0.14285714285714285,0.37796447300921693,1.0,1.0,0.9285714285714286,2.3026501693044485,13.0,8.0,0.6071428571428571,1.7917358790618263,17.0,8.0,0.375,1.3825207544061104,21.0,8.0,0.5952380952380952,1.6582691485804342,50.0,8.0,-1.0,0.0,0.0,954,0.279874213836478,0.16666666666666666,0.24423480083857443,0.2526205450733753,0.09538784067085954,0.31551362683438156,40.0,5.9958071278826
2024-07-29,0,0,0,0,0,0,0,0,0,0,0,0,2024,7,29,0,211,31,3,0,1,0,0.0,1.0,-0.47115950767386394,-0.8820480249558535,-0.5680647467311556,-0.8229838658936566,-0.4999999999999997,-0.8660254037844388,0.0,1.0,0.0,0.0,0.0,0.0,0.3333333333333333,0.5773502691896332,1.0,1.0,0.14285714285714285,0.37796447300921693,1.0,1.0,0.9285714285714286,2.3026501693044485,13.0,8.0,0.6071428571428571,1.7917358790618263,17.0,8.0,0.375,1.3825207544061104,21.0,8.0,0.5476190476190477,1.616218715850099,46.0,8.0,0.0,0.0,0.0,954,0.279874213836478,0.16666666666666666,0.24423480083857443,0.2526205450733753,0.09538784067085954,0.31551362683438156,40.0,5.9958071278826
2024-07-30,0,0,0,0,0,0,0,0,0,0,0,0,2024,7,30,1,212,31,3,0,0,0,0.7818314824680298,0.6234898018587336,-0.4862727071086902,-0.8738071036110807,-0.5680647467311556,-0.8229838658936566,-0.4999999999999997,-0.8660254037844388,0.0,0.0,1.0,0.0,0.0,4.0,0.0,0.0,0.0,0.0,0.14285714285714285,0.37796447300921693,1.0,1.0,0.9285714285714286,2.3026501693044485,13.0,8.0,0.4642857142857143,1.6662697940174698,13.0,8.0,0.375,1.3825207544061104,21.0,8.0,0.5476190476190477,1.616218715850099,46.0,8.0,0.0,0.0,-4.0,954,0.279874213836478,0.16666666666666666,0.24423480083857443,0.2526205450733753,0.09538784067085954,0.31551362683438156,40.0,5.9958071278826
2024-07-31,0,0,0,0,0,0,0,0,0,0,0,0,2024,7,31,2,213,31,3,0,0,0,0.9749279121818236,-0.22252093395631434,-0.5012418134457756,-0.8653072543632061,-0.5680647467311556,-0.8229838658936566,-0.4999999999999997,-0.8660254037844388,0.0,0.0,0.0,0.0,0.0,0.0,0.0,0.0,0.0,0.0,0.14285714285714285,0.37796447300921693,1.0,1.0,0.9285714285714286,2.3026501693044485,13.0,8.0,0.4642857142857143,1.6662697940174698,13.0,8.0,0.375,1.3825207544061104,21.0,8.0,0.4523809523809524,1.3919282101758768,38.0,8.0,0.0,0.0,0.0,954,0.279874213836478,0.16666666666666666,0.24423480083857443,0.2526205450733753,0.09538784067085954,0.31551362683438156,40.0,5.9958071278826
2024-08-01,0,0,0,0,0,0,0,0,0,0,0,0,2024,8,1,3,214,31,3,0,0,0,0.43388373911755823,-0.900968867902419,-0.5160623910158526,-0.8565509959010037,-0.5680647467311556,-0.8229838658936566,-0.8660254037844385,-0.5000000000000004,0.0,0.0,0.0,0.0,4.0,0.0,0.0,0.0,0.0,0.0,0.14285714285714285,0.37796447300921693,1.0,1.0,0.6428571428571429,2.134231724753678,9.0,8.0,0.4642857142857143,1.6662697940174698,13.0,8.0,0.375,1.3825207544061104,21.0,8.0,0.4523809523809524,1.3919282101758768,38.0,8.0,0.0,0.0,0.0,954,0.279874213836478,0.16666666666666666,0.24423480083857443,0.2526205450733753,0.09538784067085954,0.31551362683438156,40.0,5.9958071278826
2024-08-02,0,0,0,0,0,0,0,0,0,0,0,0,2024,8,2,4,215,31,3,0,0,1,-0.433883739117558,-0.9009688679024191,-0.5307300481619331,-0.8475409228928312,-0.5680647467311556,-0.8229838658936566,-0.8660254037844385,-0.5000000000000004,0.0,0.0,0.0,0.0,0.0,0.0,0.0,0.0,0.0,0.0,0.14285714285714285,0.37796447300921693,1.0,1.0,0.6428571428571429,2.134231724753678,9.0,8.0,0.4642857142857143,1.6662697940174698,13.0,8.0,0.30357142857142855,1.2922094237410588,17.0,8.0,0.44047619047619047,1.391464431628246,37.0,8.0,0.0,0.0,0.0,954,0.279874213836478,0.16666666666666666,0.24423480083857443,0.2526205450733753,0.09538784067085954,0.31551362683438156,40.0,5.9958071278826
2024-08-03,0,0,0,0,0,0,0,0,0,0,0,0,2024,8,3,5,216,31,3,1,0,0,-0.9749279121818236,-0.2225209339563146,-0.5452404385406507,-0.8382797052177745,-0.5680647467311556,-0.8229838658936566,-0.8660254037844385,-0.5000000000000004,0.0,0.0,0.0,1.0,8.0,0.0,0.0,0.0,0.0,0.0,0.0,0.0,0.0,0.0,0.07142857142857142,0.2672612419124321,1.0,1.0,0.4642857142857143,1.6662697940174698,13.0,8.0,0.30357142857142855,1.2922094237410588,17.0,8.0,0.44047619047619047,1.391464431628246,37.0,8.0,0.0,-1.0,0.0,954,0.279874213836478,0.16666666666666666,0.24423480083857443,0.2526205450733753,0.09538784067085954,0.31551362683438156,40.0,5.9958071278826
2024-08-04,0,0,0,0,0,0,0,0,0,0,0,0,2024,8,4,6,217,31,3,1,0,0,-0.7818314824680299,0.6234898018587334,-0.5595892624101763,-0.828770087174504,-0.5680647467311556,-0.8229838658936566,-0.8660254037844385,-0.5000000000000004,0.0,0.0,0.0,0.0,0.0,0.0,0.0,0.0,0.0,0.0,0.0,0.0,0.0,0.0,0.07142857142857142,0.2672612419124321,1.0,1.0,0.4642857142857143,1.6662697940174698,13.0,8.0,0.30357142857142855,1.2922094237410588,17.0,8.0,0.44047619047619047,1.391464431628246,37.0,8.0,0.0,0.0,0.0,954,0.279874213836478,0.16666666666666666,0.24423480083857443,0.2526205450733753,0.09538784067085954,0.31551362683438156,40.0,5.9958071278826
2024-08-05,0,0,0,0,0,0,0,0,0,0,0,0,2024,8,5,0,218,32,3,0,1,0,0.0,1.0,-0.5737722679043243,-0.8190148866680802,-0.663122658240795,-0.7485107481711013,-0.8660254037844385,-0.5000000000000004,0.0,0.0,0.0,0.0,0.0,0.0,0.0,0.0,0.0,0.0,0.0,0.0,0.0,0.0,0.07142857142857142,0.2672612419124321,1.0,1.0,0.4642857142857143,1.6662697940174698,13.0,8.0,0.30357142857142855,1.2922094237410588,17.0,8.0,0.44047619047619047,1.391464431628246,37.0,8.0,0.0,0.0,0.0,954,0.279874213836478,0.16666666666666666,0.24423480083857443,0.2526205450733753,0.09538784067085954,0.31551362683438156,40.0,5.9958071278826
2024-08-06,0,0,0,0,0,0,0,0,0,0,0,0,2024,8,6,1,219,32,3,0,0,0,0.7818314824680298,0.6234898018587336,-0.5877852522924734,-0.8090169943749472,-0.663122658240795,-0.7485107481711013,-0.8660254037844385,-0.5000000000000004,0.0,0.0,0.0,0.0,0.0,0.0,0.0,0.0,0.0,0.0,0.0,0.0,0.0,0.0,0.07142857142857142,0.2672612419124321,1.0,1.0,0.4642857142857143,1.6662697940174698,13.0,8.0,0.30357142857142855,1.2922094237410588,17.0,8.0,0.44047619047619047,1.391464431628246,37.0,8.0,0.0,0.0,0.0,954,0.279874213836478,0.16666666666666666,0.24423480083857443,0.2526205450733753,0.09538784067085954,0.31551362683438156,40.0,5.9958071278826
2024-08-07,0,0,0,0,0,0,0,0,0,0,0,0,2024,8,7,2,220,32,3,0,0,0,0.9749279121818236,-0.22252093395631434,-0.6016240632249227,-0.7987793728863648,-0.663122658240795,-0.7485107481711013,-0.8660254037844385,-0.5000000000000004,0.0,0.0,0.0,0.0,0.0,0.0,0.0,0.0,0.0,0.0,0.0,0.0,0.0,0.0,0.07142857142857142,0.2672612419124321,1.0,1.0,0.4642857142857143,1.6662697940174698,13.0,8.0,0.30357142857142855,1.2922094237410588,17.0,8.0,0.44047619047619047,1.391464431628246,37.0,8.0,0.0,0.0,0.0,954,0.279874213836478,0.16666666666666666,0.24423480083857443,0.2526205450733753,0.09538784067085954,0.31551362683438156,40.0,5.9958071278826
2024-08-08,0,0,0,0,0,0,0,0,0,0,0,0,2024,8,8,3,221,32,3,0,0,0,0.43388373911755823,-0.900968867902419,-0.6152845999633277,-0.7883050558305253,-0.663122658240795,-0.7485107481711013,-0.8660254037844385,-0.5000000000000004,0.0,0.0,0.0,0.0,0.0,0.0,0.0,0.0,0.0,0.0,0.0,0.0,0.0,0.0,0.07142857142857142,0.2672612419124321,1.0,1.0,0.4642857142857143,1.6662697940174698,13.0,8.0,0.30357142857142855,1.2922094237410588,17.0,8.0,0.39285714285714285,1.3355009632042387,33.0,8.0,0.0,0.0,0.0,954,0.279874213836478,0.16666666666666666,0.24423480083857443,0.2526205450733753,0.09538784067085954,0.31551362683438156,40.0,5.9958071278826
2024-08-09,0,0,0,0,0,0,0,0,0,0,0,0,2024,8,9,4,222,32,3,0,0,1,-0.433883739117558,-0.9009688679024191,-0.6287628145958345,-0.7775971469736268,-0.663122658240795,-0.7485107481711013,-0.8660254037844385,-0.5000000000000004,0.0,0.0,0.0,0.0,0.0,0.0,0.0,0.0,0.0,0.0,0.0,0.0,0.0,0.0,0.07142857142857142,0.2672612419124321,1.0,1.0,0.4642857142857143,1.6662697940174698,13.0,8.0,0.30357142857142855,1.2922094237410588,17.0,8.0,0.34523809523809523,1.2752892194439907,29.0,8.0,0.0,0.0,0.0,954,0.279874213836478,0.16666666666666666,0.24423480083857443,0.2526205450733753,0.09538784067085954,0.31551362683438156,40.0,5.9958071278826
2024-08-10,0,0,0,0,0,0,0,0,0,0,0,0,2024,8,10,5,223,32,3,1,0,0,-0.9749279121818236,-0.2225209339563146,-0.6420547132365636,-0.7666588193001592,-0.663122658240795,-0.7485107481711013,-0.8660254037844385,-0.5000000000000004,0.0,0.0,0.0,0.0,1.0,0.0,0.0,0.0,0.0,0.0,0.0,0.0,0.0,0.0,0.0,0.0,0.0,0.0,0.4642857142857143,1.6662697940174698,13.0,8.0,0.30357142857142855,1.2922094237410588,17.0,8.0,0.34523809523809523,1.2752892194439907,29.0,8.0,0.0,0.0,0.0,954,0.279874213836478,0.16666666666666666,0.24423480083857443,0.2526205450733753,0.09538784067085954,0.31551362683438156,40.0,5.9958071278826
2024-08-11,0,0,0,0,0,0,0,0,0,0,0,0,2024,8,11,6,224,32,3,1,0,0,-0.7818314824680299,0.6234898018587334,-0.655156357209085,-0.7554933140726804,-0.663122658240795,-0.7485107481711013,-0.8660254037844385,-0.5000000000000004,0.0,0.0,0.0,0.0,0.0,0.0,0.0,0.0,0.0,0.0,0.0,0.0,0.0,0.0,0.0,0.0,0.0,0.0,0.4642857142857143,1.6662697940174698,13.0,8.0,0.30357142857142855,1.2922094237410588,17.0,8.0,0.34523809523809523,1.2752892194439907,29.0,8.0,0.0,0.0,0.0,954,0.279874213836478,0.16666666666666666,0.24423480083857443,0.2526205450733753,0.09538784067085954,0.31551362683438156,40.0,5.9958071278826
2024-08-12,0,0,0,0,0,0,0,0,0,0,0,0,2024,8,12,0,225,33,3,0,1,0,0.0,1.0,-0.6680638642135333,-0.7441039398713608,-0.7485107481711011,-0.6631226582407952,-0.8660254037844385,-0.5000000000000004,0.0,0.0,0.0,0.0,0.0,0.0,0.0,0.0,0.0,0.0,0.0,0.0,0.0,0.0,0.0,0.0,0.0,0.0,0.4642857142857143,1.6662697940174698,13.0,8.0,0.30357142857142855,1.2922094237410588,17.0,8.0,0.34523809523809523,1.2752892194439907,29.0,8.0,0.0,0.0,0.0,954,0.279874213836478,0.16666666666666666,0.24423480083857443,0.2526205450733753,0.09538784067085954,0.31551362683438156,40.0,5.9958071278826
2024-08-13,4,4,0,4,0,0,0,0,8,0,0,0,2024,8,13,1,226,33,3,0,0,0,0.7818314824680298,0.6234898018587336,-0.6807734094770159,-0.7324940716135792,-0.7485107481711011,-0.6631226582407952,-0.8660254037844385,-0.5000000000000004,0.0,0.0,0.0,0.0,0.0,0.0,1.3333333333333333,2.309401076758506,4.0,4.0,0.5714285714285714,1.5118578920369068,4.0,4.0,0.2857142857142857,1.0690449676496994,4.0,4.0,0.6071428571428571,1.791735879061826,17.0,8.0,0.375,1.3825207544061104,21.0,8.0,0.39285714285714285,1.3355009632042387,33.0,8.0,4.0,4.0,4.0,954,0.279874213836478,0.16666666666666666,0.24423480083857443,0.2526205450733753,0.09538784067085954,0.31551362683438156,40.0,5.9958071278826
2024-08-14,4,0,0,0,0,0,0,0,8,4,4,0,2024,8,14,2,227,33,3,0,0,0,0.9749279121818236,-0.22252093395631434,-0.6932812268869771,-0.7206671495538615,-0.7485107481711011,-0.6631226582407952,-0.8660254037844385,-0.5000000000000004,4.0,0.0,0.0,0.0,0.0,0.0,2.6666666666666665,2.3094010767585074,8.0,4.0,1.1428571428571428,1.951800145897065,8.0,4.0,0.5714285714285714,1.4525460784051272,8.0,4.0,0.75,1.8978545391709678,21.0,8.0,0.44642857142857145,1.463739207486249,25.0,8.0,0.39285714285714285,1.3355009632042387,33.0,8.0,0.0,4.0,4.0,954,0.279874213836478,0.16666666666666666,0.24423480083857443,0.2526205450733753,0.09538784067085954,0.31551362683438156,40.0,5.9958071278826
2024-08-15,0,0,0,0,0,0,0,0,0,0,0,0,2024,8,15,3,228,33,3,0,0,0,0.43388373911755823,-0.900968867902419,-0.7055836101071774,-0.70862667826446,-0.7485107481711011,-0.6631226582407952,-0.8660254037844385,-0.5000000000000004,4.0,4.0,0.0,0.0,0.0,4.0,2.6666666666666665,2.3094010767585074,8.0,4.0,1.1428571428571428,1.951800145897065,8.0,4.0,0.5714285714285714,1.4525460784051272,8.0,4.0,0.6071428571428571,1.791735879061826,17.0,8.0,0.44642857142857145,1.463739207486249,25.0,8.0,0.39285714285714285,1.3355009632042387,33.0,8.0,-4.0,0.0,-4.0,954,0.279874213836478,0.16666666666666666,0.24423480083857443,0.2526205450733753,0.09538784067085954,0.31551362683438156,40.0,5.9958071278826
2024-08-16,0,0,0,0,0,0,0,0,0,0,0,0,2024,8,16,4,229,33,3,0,0,1,-0.433883739117558,-0.9009688679024191,-0.7176769136759615,-0.6963762255968726,-0.7485107481711011,-0.6631226582407952,-0.8660254037844385,-0.5000000000000004,0.0,4.0,4.0,0.0,0.0,0.0,1.3333333333333333,2.309401076758506,4.0,4.0,1.1428571428571428,1.951800145897065,8.0,4.0,0.5714285714285714,1.4525460784051272,8.0,4.0,0.6071428571428571,1.791735879061826,17.0,8.0,0.44642857142857145,1.463739207486249,25.0,8.0,0.39285714285714285,1.3355009632042387,33.0,8.0,0.0,0.0,0.0,954,0.279874213836478,0.16666666666666666,0.24423480083857443,0.2526205450733753,0.09538784067085954,0.31551362683438156,40.0,5.9958071278826
2024-08-17,0,0,0,0,0,0,0,0,0,0,0,0,2024,8,17,5,230,33,3,1,0,0,-0.9749279121818236,-0.2225209339563146,-0.7295575540864876,-0.6839194216246105,-0.7485107481711011,-0.6631226582407952,-0.8660254037844385,-0.5000000000000004,0.0,0.0,4.0,0.0,0.0,8.0,0.0,0.0,0.0,0.0,1.1428571428571428,1.951800145897065,8.0,4.0,0.5714285714285714,1.4525460784051272,8.0,4.0,0.32142857142857145,1.0559731838826967,9.0,4.0,0.44642857142857145,1.463739207486249,25.0,8.0,0.39285714285714285,1.3355009632042387,33.0,8.0,0.0,0.0,-8.0,954,0.279874213836478,0.16666666666666666,0.24423480083857443,0.2526205450733753,0.09538784067085954,0.31551362683438156,40.0,5.9958071278826
2024-08-18,0,0,0,0,0,0,0,0,0,0,0,0,2024,8,18,6,231,33,3,1,0,0,-0.7818314824680299,0.6234898018587334,-0.7412220108485957,-0.6712599575675315,-0.7485107481711011,-0.6631226582407952,-0.8660254037844385,-0.5000000000000004,0.0,0.0,0.0,0.0,0.0,0.0,0.0,0.0,0.0,0.0,1.1428571428571428,1.951800145897065,8.0,4.0,0.5714285714285714,1.4525460784051272,8.0,4.0,0.32142857142857145,1.0559731838826967,9.0,4.0,0.44642857142857145,1.463739207486249,25.0,8.0,0.39285714285714285,1.3355009632042387,33.0,8.0,0.0,0.0,0.0,954,0.279874213836478,0.16666666666666666,0.24423480083857443,0.2526205450733753,0.09538784067085954,0.31551362683438156,40.0,5.9958071278826
2024-08-19,0,0,0,0,0,0,0,0,0,0,0,0,2024,8,19,0,232,34,3,0,1,0,0.0,1.0,-0.7526668275320083,-0.6584015846980489,-0.8229838658936564,-0.5680647467311559,-0.8660254037844385,-0.5000000000000004,0.0,0.0,0.0,0.0,0.0,0.0,0.0,0.0,0.0,0.0,1.1428571428571428,1.951800145897065,8.0,4.0,0.5714285714285714,1.4525460784051272,8.0,4.0,0.32142857142857145,1.0559731838826967,9.0,4.0,0.44642857142857145,1.463739207486249,25.0,8.0,0.39285714285714285,1.3355009632042387,33.0,8.0,0.0,0.0,0.0,954,0.279874213836478,0.16666666666666666,0.24423480083857443,0.2526205450733753,0.09538784067085954,0.31551362683438156,40.0,5.9958071278826
2024-08-20,0,0,0,0,0,0,0,0,0,0,0,0,2024,8,20,1,233,34,3,0,0,0,0.7818314824680298,0.6234898018587336,-0.7638886127905429,-0.64534811322955,-0.8229838658936564,-0.5680647467311559,-0.8660254037844385,-0.5000000000000004,0.0,0.0,0.0,4.0,0.0,0.0,0.0,0.0,0.0,0.0,0.5714285714285714,1.5118578920369066,4.0,4.0,0.5714285714285714,1.4525460784051272,8.0,4.0,0.32142857142857145,1.0559731838826967,9.0,4.0,0.44642857142857145,1.463739207486249,25.0,8.0,0.39285714285714285,1.3355009632042387,33.0,8.0,0.0,-4.0,0.0,954,0.279874213836478,0.16666666666666666,0.24423480083857443,0.2526205450733753,0.09538784067085954,0.31551362683438156,40.0,5.9958071278826
2024-08-21,0,0,0,0,0,0,0,0,0,0,0,0,2024,8,21,2,234,34,3,0,0,0,0.9749279121818236,-0.22252093395631434,-0.7748840413670406,-0.6321034111873488,-0.8229838658936564,-0.5680647467311559,-0.8660254037844385,-0.5000000000000004,0.0,0.0,0.0,4.0,0.0,0.0,0.0,0.0,0.0,0.0,0.0,0.0,0.0,0.0,0.5714285714285714,1.4525460784051272,8.0,4.0,0.32142857142857145,1.0559731838826967,9.0,4.0,0.44642857142857145,1.463739207486249,25.0,8.0,0.39285714285714285,1.3355009632042387,33.0,8.0,0.0,-4.0,0.0,954,0.279874213836478,0.16666666666666666,0.24423480083857443,0.2526205450733753,0.09538784067085954,0.31551362683438156,40.0,5.9958071278826
2024-08-22,0,0,0,0,0,0,0,0,0,0,0,0,2024,8,22,3,235,34,3,0,0,0,0.43388373911755823,-0.900968867902419,-0.7856498550787144,-0.6186714032625032,-0.8229838658936564,-0.5680647467311559,-0.8660254037844385,-0.5000000000000004,0.0,0.0,0.0,0.0,0.0,0.0,0.0,0.0,0.0,0.0,0.0,0.0,0.0,0.0,0.5714285714285714,1.4525460784051272,8.0,4.0,0.32142857142857145,1.0559731838826967,9.0,4.0,0.44642857142857145,1.463739207486249,25.0,8.0,0.39285714285714285,1.3355009632042387,33.0,8.0,0.0,0.0,0.0,954,0.279874213836478,0.16666666666666666,0.24423480083857443,0.2526205450733753,0.09538784067085954,0.31551362683438156,40.0,5.9958071278826
2024-08-23,0,0,0,0,0,0,0,0,0,0,0,0,2024,8,23,4,236,34,3,0,0,1,-0.433883739117558,-0.9009688679024191,-0.7961828637826154,-0.6050560696488494,-0.8229838658936564,-0.5680647467311559,-0.8660254037844385,-0.5000000000000004,0.0,0.0,0.0,0.0,0.0,0.0,0.0,0.0,0.0,0.0,0.0,0.0,0.0,0.0,0.5714285714285714,1.4525460784051272,8.0,4.0,0.32142857142857145,1.0559731838826967,9.0,4.0,0.44642857142857145,1.463739207486249,25.0,8.0,0.39285714285714285,1.3355009632042387,33.0,8.0,0.0,0.0,0.0,954,0.279874213836478,0.16666666666666666,0.24423480083857443,0.2526205450733753,0.09538784067085954,0.31551362683438156,40.0,5.9958071278826
2024-08-24,0,0,0,0,0,0,0,0,0,0,0,0,2024,8,24,5,237,34,3,1,0,0,-0.9749279121818236,-0.2225209339563146,-0.8064799463209447,-0.5912614448635782,-0.8229838658936564,-0.5680647467311559,-0.8660254037844385,-0.5000000000000004,0.0,0.0,0.0,0.0,0.0,1.0,0.0,0.0,0.0,0.0,0.0,0.0,0.0,0.0,0.5714285714285714,1.4525460784051272,8.0,4.0,0.2857142857142857,1.0490610566259213,8.0,4.0,0.44642857142857145,1.463739207486249,25.0,8.0,0.34523809523809523,1.2752892194439907,29.0,8.0,0.0,0.0,-1.0,954,0.279874213836478,0.16666666666666666,0.24423480083857443,0.2526205450733753,0.09538784067085954,0.31551362683438156,40.0,5.9958071278826
2024-08-25,0,0,0,0,0,0,0,0,0,0,0,0,2024,8,25,6,238,34,3,1,0,0,-0.7818314824680299,0.6234898018587334,-0.8165380514459157,-0.5772916165517278,-0.8229838658936564,-0.5680647467311559,-0.8660254037844385,-0.5000000000000004,0.0,0.0,0.0,0.0,0.0,0.0,0.0,0.0,0.0,0.0,0.0,0.0,0.0,0.0,0.5714285714285714,1.4525460784051272,8.0,4.0,0.2857142857142857,1.0490610566259213,8.0,4.0,0.44642857142857145,1.463739207486249,25.0,8.0,0.34523809523809523,1.2752892194439907,29.0,8.0,0.0,0.0,0.0,954,0.279874213836478,0.16666666666666666,0.24423480083857443,0.2526205450733753,0.09538784067085954,0.31551362683438156,40.0,5.9958071278826
2024-08-26,0,0,0,0,0,0,0,0,0,0,0,0,2024,8,26,0,239,35,3,0,1,0,0.0,1.0,-0.8263541987239094,-0.5631507242749187,-0.8854560256532096,-0.4647231720437691,-0.8660254037844385,-0.5000000000000004,0.0,0.0,0.0,0.0,0.0,0.0,0.0,0.0,0.0,0.0,0.0,0.0,0.0,0.0,0.5714285714285714,1.4525460784051272,8.0,4.0,0.2857142857142857,1.0490610566259213,8.0,4.0,0.44642857142857145,1.463739207486249,25.0,8.0,0.34523809523809523,1.2752892194439907,29.0,8.0,0.0,0.0,0.0,954,0.279874213836478,0.16666666666666666,0.24423480083857443,0.2526205450733753,0.09538784067085954,0.31551362683438156,40.0,5.9958071278826
2024-08-27,0,0,0,0,0,0,0,0,0,0,0,0,2024,8,27,1,240,35,3,0,0,0,0.7818314824680298,0.6234898018587336,-0.8359254794186365,-0.5488429582847199,-0.8854560256532096,-0.4647231720437691,-0.8660254037844385,-0.5000000000000004,0.0,0.0,0.0,0.0,4.0,0.0,0.0,0.0,0.0,0.0,0.0,0.0,0.0,0.0,0.2857142857142857,1.0690449676496996,4.0,4.0,0.2857142857142857,1.0490610566259213,8.0,4.0,0.375,1.3825207544061104,21.0,8.0,0.34523809523809523,1.2752892194439907,29.0,8.0,0.0,0.0,0.0,954,0.279874213836478,0.16666666666666666,0.24423480083857443,0.2526205450733753,0.09538784067085954,0.31551362683438156,40.0,5.9958071278826
2024-08-28,0,0,0,0,0,0,0,0,0,0,0,0,2024,8,28,2,241,35,3,0,0,0,0.9749279121818236,-0.22252093395631434,-0.8452490573530634,-0.5343725582809785,-0.8854560256532096,-0.4647231720437691,-0.8660254037844385,-0.5000000000000004,0.0,0.0,0.0,0.0,4.0,0.0,0.0,0.0,0.0,0.0,0.0,0.0,0.0,0.0,0.0,0.0,0.0,0.0,0.2857142857142857,1.0490610566259213,8.0,4.0,0.375,1.3825207544061104,21.0,8.0,0.34523809523809523,1.2752892194439907,29.0,8.0,0.0,0.0,0.0,954,0.279874213836478,0.16666666666666666,0.24423480083857443,0.2526205450733753,0.09538784067085954,0.31551362683438156,40.0,5.9958071278826
2024-08-29,4,0,0,0,0,8,0,4,8,0,0,0,2024,8,29,3,242,35,3,0,0,0,0.43388373911755823,-0.900968867902419,-0.8543221697498269,-0.5197438121555157,-0.8854560256532096,-0.4647231720437691,-0.8660254037844385,-0.5000000000000004,0.0,0.0,0.0,0.0,0.0,0.0,1.3333333333333333,2.309401076758506,4.0,4.0,0.5714285714285714,1.5118578920369066,4.0,4.0,0.2857142857142857,1.0690449676496996,4.0,4.0,0.42857142857142855,1.2598815766974218,12.0,4.0,0.44642857142857145,1.463739207486249,25.0,8.0,0.39285714285714285,1.3355009632042387,33.0,8.0,4.0,4.0,4.0,954,0.279874213836478,0.16666666666666666,0.24423480083857443,0.2526205450733753,0.09538784067085954,0.31551362683438156,40.0,5.9958071278826
2024-08-30,0,0,0,0,0,0,0,0,0,0,0,0,2024,8,30,4,243,35,3,0,0,1,-0.433883739117558,-0.9009688679024191,-0.8631421280499115,-0.5049610547215202,-0.8854560256532096,-0.4647231720437691,-0.8660254037844385,-0.5000000000000004,4.0,0.0,0.0,0.0,0.0,0.0,1.3333333333333333,2.309401076758506,4.0,4.0,0.5714285714285714,1.5118578920369066,4.0,4.0,0.2857142857142857,1.0690449676496996,4.0,4.0,0.42857142857142855,1.2598815766974218,12.0,4.0,0.44642857142857145,1.463739207486249,25.0,8.0,0.34523809523809523,1.2752892194439907,29.0,8.0,-4.0,0.0,0.0,954,0.279874213836478,0.16666666666666666,0.24423480083857443,0.2526205450733753,0.09538784067085954,0.31551362683438156,40.0,5.9958071278826
2024-08-31,4,4,0,0,0,0,0,0,8,0,0,0,2024,8,31,5,244,35,3,1,0,0,-0.9749279121818236,-0.2225209339563146,-0.8717063187093217,-0.4900286664290594,-0.8854560256532096,-0.4647231720437691,-0.8660254037844385,-0.5000000000000004,0.0,4.0,0.0,0.0,0.0,0.0,2.6666666666666665,2.3094010767585074,8.0,4.0,1.1428571428571428,1.951800145897065,8.0,4.0,0.5714285714285714,1.4525460784051272,8.0,4.0,0.5714285714285714,1.4253932901995947,16.0,4.0,0.5178571428571429,1.5373066344460016,29.0,8.0,0.39285714285714285,1.3355009632042387,33.0,8.0,4.0,4.0,4.0,954,0.279874213836478,0.16666666666666666,0.24423480083857443,0.2526205450733753,0.09538784067085954,0.31551362683438156,40.0,5.9958071278826
2024-09-01,0,0,0,0,0,0,0,0,0,0,0,0,2024,9,1,6,245,35,3,1,0,0,-0.7818314824680299,0.6234898018587334,-0.8800122039735356,-0.4749510720670502,-0.8854560256532096,-0.4647231720437691,-1.0,-1.8369701987210297e-16,4.0,0.0,4.0,0.0,0.0,0.0,1.3333333333333333,2.309401076758506,4.0,4.0,1.1428571428571428,1.951800145897065,8.0,4.0,0.5714285714285714,1.4525460784051272,8.0,4.0,0.5714285714285714,1.4253932901995947,16.0,4.0,0.5178571428571429,1.5373066344460016,29.0,8.0,0.39285714285714285,1.3355009632042387,33.0,8.0,-4.0,0.0,0.0,954,0.279874213836478,0.16666666666666666,0.24423480083857443,0.2526205450733753,0.09538784067085954,0.31551362683438156,40.0,5.9958071278826
2024-09-02,0,0,0,0,0,0,0,0,0,0,0,0,2024,9,2,0,246,36,3,0,1,0,0.0,1.0,-0.888057322629493,-0.4597327394521046,-0.9350162426854147,-0.3546048870425359,-1.0,-1.8369701987210297e-16,0.0,4.0,0.0,0.0,0.0,0.0,1.3333333333333333,2.309401076758506,4.0,4.0,1.1428571428571428,1.951800145897065,8.0,4.0,0.5714285714285714,1.4525460784051272,8.0,4.0,0.5714285714285714,1.4253932901995947,16.0,4.0,0.5178571428571429,1.5373066344460016,29.0,8.0,0.39285714285714285,1.3355009632042387,33.0,8.0,0.0,0.0,0.0,954,0.279874213836478,0.16666666666666666,0.24423480083857443,0.2526205450733753,0.09538784067085954,0.31551362683438156,40.0,5.9958071278826
2024-09-03,0,0,0,0,0,0,0,0,0,0,0,0,2024,9,3,1,247,36,3,0,0,0,0.7818314824680298,0.6234898018587336,-0.8958392907349089,-0.4443781781046134,-0.9350162426854147,-0.3546048870425359,-1.0,-1.8369701987210297e-16,0.0,0.0,4.0,0.0,0.0,0.0,0.0,0.0,0.0,0.0,1.1428571428571428,1.951800145897065,8.0,4.0,0.5714285714285714,1.4525460784051272,8.0,4.0,0.5714285714285714,1.4253932901995947,16.0,4.0,0.5178571428571429,1.5373066344460016,29.0,8.0,0.39285714285714285,1.3355009632042387,33.0,8.0,0.0,0.0,0.0,954,0.279874213836478,0.16666666666666666,0.24423480083857443,0.2526205450733753,0.09538784067085954,0.31551362683438156,40.0,5.9958071278826
2024-09-04,0,0,0,0,0,0,0,0,0,0,0,0,2024,9,4,2,248,36,3,0,0,0,0.9749279121818236,-0.22252093395631434,-0.9033558023246842,-0.4288919379124841,-0.9350162426854147,-0.3546048870425359,-1.0,-1.8369701987210297e-16,0.0,0.0,0.0,0.0,0.0,0.0,0.0,0.0,0.0,0.0,1.1428571428571428,1.951800145897065,8.0,4.0,0.5714285714285714,1.4525460784051272,8.0,4.0,0.5714285714285714,1.4253932901995947,16.0,4.0,0.5178571428571429,1.5373066344460016,29.0,8.0,0.39285714285714285,1.3355009632042387,33.0,8.0,0.0,0.0,0.0,954,0.279874213836478,0.16666666666666666,0.24423480083857443,0.2526205450733753,0.09538784067085954,0.31551362683438156,40.0,5.9958071278826
2024-09-05,1,0,1,0,0,0,0,0,1,0,0,1,2024,9,5,3,249,36,3,0,0,0,0.43388373911755823,-0.900968867902419,-0.9106046300942162,-0.41327860778290443,-0.9350162426854147,-0.3546048870425359,-1.0,-1.8369701987210297e-16,0.0,0.0,0.0,4.0,0.0,0.0,0.3333333333333333,0.5773502691896326,1.0,1.0,0.7142857142857143,1.4960264830861891,5.0,4.0,0.6428571428571429,1.4468609447374676,9.0,4.0,0.6071428571428571,1.4230714230607926,17.0,4.0,0.5357142857142857,1.5369898055412297,30.0,8.0,0.40476190476190477,1.3364135390839658,34.0,8.0,1.0,-3.0,1.0,954,0.279874213836478,0.16666666666666666,0.24423480083857443,0.2526205450733753,0.09538784067085954,0.31551362683438156,40.0,5.9958071278826
2024-09-06,4,4,0,4,0,0,0,0,8,0,0,0,2024,9,6,4,250,36,3,0,0,1,-0.433883739117558,-0.9009688679024191,-0.9175836260593934,-0.3975428142825566,-0.9350162426854147,-0.3546048870425359,-1.0,-1.8369701987210297e-16,1.0,0.0,0.0,0.0,0.0,0.0,1.6666666666666667,2.081665999466136,5.0,4.0,1.2857142857142858,1.889822365046135,9.0,4.0,0.9285714285714286,1.6854255666327556,13.0,4.0,0.75,1.5545631755148008,21.0,4.0,0.6071428571428571,1.6031624590570583,34.0,8.0,0.4523809523809524,1.3919282101758768,38.0,8.0,3.0,4.0,4.0,954,0.279874213836478,0.16666666666666666,0.24423480083857443,0.2526205450733753,0.09538784067085954,0.31551362683438156,40.0,5.9958071278826
2024-09-07,0,0,0,0,0,0,0,0,0,0,0,0,2024,9,7,5,251,36,3,1,0,0,-0.9749279121818236,-0.2225209339563146,-0.9242907221930934,-0.3816892202666586,-0.9350162426854147,-0.3546048870425359,-1.0,-1.8369701987210297e-16,4.0,1.0,0.0,4.0,0.0,0.0,1.6666666666666667,2.081665999466136,5.0,4.0,0.7142857142857143,1.4960264830861891,5.0,4.0,0.9285714285714286,1.6854255666327556,13.0,4.0,0.75,1.5545631755148008,21.0,4.0,0.6071428571428571,1.6031624590570583,34.0,8.0,0.4523809523809524,1.3919282101758768,38.0,8.0,-4.0,-4.0,0.0,954,0.279874213836478,0.16666666666666666,0.24423480083857443,0.2526205450733753,0.09538784067085954,0.31551362683438156,40.0,5.9958071278826
2024-09-08,0,0,0,0,0,0,0,0,0,0,0,0,2024,9,8,6,252,36,3,1,0,0,-0.7818314824680299,0.6234898018587334,-0.9307239310379793,-0.3657225234972692,-0.9350162426854147,-0.3546048870425359,-1.0,-1.8369701987210297e-16,0.0,4.0,1.0,0.0,0.0,0.0,1.3333333333333333,2.309401076758506,4.0,4.0,0.7142857142857143,1.4960264830861891,5.0,4.0,0.9285714285714286,1.6854255666327556,13.0,4.0,0.75,1.5545631755148008,21.0,4.0,0.6071428571428571,1.6031624590570583,34.0,8.0,0.4523809523809524,1.3919282101758768,38.0,8.0,0.0,0.0,0.0,954,0.279874213836478,0.16666666666666666,0.24423480083857443,0.2526205450733753,0.09538784067085954,0.31551362683438156,40.0,5.9958071278826
2024-09-09,0,0,0,0,0,0,0,0,0,0,0,0,2024,9,9,0,253,37,3,0,1,0,0.0,1.0,-0.9368813462954315,-0.34964745525122826,-0.970941817426052,-0.23931566428755774,-1.0,-1.8369701987210297e-16,0.0,0.0,4.0,0.0,0.0,0.0,0.0,0.0,0.0,0.0,0.7142857142857143,1.4960264830861891,5.0,4.0,0.9285714285714286,1.6854255666327556,13.0,4.0,0.75,1.5545631755148008,21.0,4.0,0.6071428571428571,1.6031624590570583,34.0,8.0,0.4523809523809524,1.3919282101758768,38.0,8.0,0.0,0.0,0.0,954,0.279874213836478,0.16666666666666666,0.24423480083857443,0.2526205450733753,0.09538784067085954,0.31551362683438156,40.0,5.9958071278826
2024-09-10,0,0,0,0,0,0,0,0,0,0,0,0,2024,9,10,1,254,37,3,0,0,0,0.7818314824680298,0.6234898018587336,-0.9427611433904206,-0.33346877891818705,-0.970941817426052,-0.23931566428755774,-1.0,-1.8369701987210297e-16,0.0,0.0,0.0,0.0,0.0,4.0,0.0,0.0,0.0,0.0,0.7142857142857143,1.4960264830861891,5.0,4.0,0.9285714285714286,1.6854255666327556,13.0,4.0,0.6071428571428571,1.4230714230607926,17.0,4.0,0.6071428571428571,1.6031624590570583,34.0,8.0,0.4523809523809524,1.3919282101758768,38.0,8.0,0.0,0.0,-4.0,954,0.279874213836478,0.16666666666666666,0.24423480083857443,0.2526205450733753,0.09538784067085954,0.31551362683438156,40.0,5.9958071278826
2024-09-11,0,0,0,0,0,0,0,0,0,0,0,0,2024,9,11,2,255,37,3,0,0,0,0.9749279121818236,-0.22252093395631434,-0.9483615800121716,-0.31719128858910595,-0.970941817426052,-0.23931566428755774,-1.0,-1.8369701987210297e-16,0.0,0.0,0.0,0.0,0.0,4.0,0.0,0.0,0.0,0.0,0.7142857142857143,1.4960264830861891,5.0,4.0,0.9285714285714286,1.6854255666327556,13.0,4.0,0.4642857142857143,1.261455445614246,13.0,4.0,0.6071428571428571,1.6031624590570583,34.0,8.0,0.4523809523809524,1.3919282101758768,38.0,8.0,0.0,0.0,-4.0,954,0.279874213836478,0.16666666666666666,0.24423480083857443,0.2526205450733753,0.09538784067085954,0.31551362683438156,40.0,5.9958071278826
2024-09-12,0,0,0,0,0,0,0,0,0,0,0,0,2024,9,12,3,256,37,3,0,0,0,0.43388373911755823,-0.900968867902419,-0.9536809966304455,-0.300819807635668,-0.970941817426052,-0.23931566428755774,-1.0,-1.8369701987210297e-16,0.0,0.0,0.0,1.0,4.0,0.0,0.0,0.0,0.0,0.0,0.5714285714285714,1.5118578920369066,4.0,4.0,0.6428571428571429,1.4468609447374676,9.0,4.0,0.4642857142857143,1.261455445614246,13.0,4.0,0.5357142857142857,1.5369898055412297,30.0,8.0,0.4523809523809524,1.3919282101758768,38.0,8.0,0.0,-1.0,0.0,954,0.279874213836478,0.16666666666666666,0.24423480083857443,0.2526205450733753,0.09538784067085954,0.31551362683438156,40.0,5.9958071278826
2024-09-13,0,0,0,0,0,0,0,0,0,0,0,0,2024,9,13,4,257,37,3,0,0,1,-0.433883739117558,-0.9009688679024191,-0.9587178169872964,-0.2843591872810036,-0.970941817426052,-0.23931566428755774,-1.0,-1.8369701987210297e-16,0.0,0.0,0.0,4.0,0.0,0.0,0.0,0.0,0.0,0.0,0.0,0.0,0.0,0.0,0.6428571428571429,1.4468609447374676,9.0,4.0,0.4642857142857143,1.261455445614246,13.0,4.0,0.5357142857142857,1.5369898055412297,30.0,8.0,0.4523809523809524,1.3919282101758768,38.0,8.0,0.0,-4.0,0.0,954,0.279874213836478,0.16666666666666666,0.24423480083857443,0.2526205450733753,0.09538784067085954,0.31551362683438156,40.0,5.9958071278826
2024-09-14,0,0,0,0,0,0,0,0,0,0,0,0,2024,9,14,5,258,37,3,1,0,0,-0.9749279121818236,-0.2225209339563146,-0.9634705485641486,-0.26781430516217486,-0.970941817426052,-0.23931566428755774,-1.0,-1.8369701987210297e-16,0.0,0.0,0.0,0.0,4.0,0.0,0.0,0.0,0.0,0.0,0.0,0.0,0.0,0.0,0.35714285714285715,1.0818177620697835,5.0,4.0,0.4642857142857143,1.261455445614246,13.0,4.0,0.39285714285714285,1.1548879745526135,22.0,4.0,0.4523809523809524,1.3919282101758768,38.0,8.0,0.0,0.0,0.0,954,0.279874213836478,0.16666666666666666,0.24423480083857443,0.2526205450733753,0.09538784067085954,0.31551362683438156,40.0,5.9958071278826
2024-09-15,0,0,0,0,0,0,0,0,0,0,0,0,2024,9,15,6,259,37,3,1,0,0,-0.7818314824680299,0.6234898018587334,-0.9679377830240642,-0.25119006388481957,-0.970941817426052,-0.23931566428755774,-1.0,-1.8369701987210297e-16,0.0,0.0,0.0,0.0,0.0,0.0,0.0,0.0,0.0,0.0,0.0,0.0,0.0,0.0,0.35714285714285715,1.0818177620697835,5.0,4.0,0.4642857142857143,1.261455445614246,13.0,4.0,0.39285714285714285,1.1548879745526135,22.0,4.0,0.4523809523809524,1.3919282101758768,38.0,8.0,0.0,0.0,0.0,954,0.279874213836478,0.16666666666666666,0.24423480083857443,0.2526205450733753,0.09538784067085954,0.31551362683438156,40.0,5.9958071278826
2024-09-16,0,0,0,0,0,0,0,0,0,0,0,0,2024,9,16,0,260,38,3,0,1,0,0.0,1.0,-0.9721181966290612,-0.23449138957041052,-0.992708874098054,-0.12053668025532357,-1.0,-1.8369701987210297e-16,0.0,0.0,0.0,0.0,0.0,0.0,0.0,0.0,0.0,0.0,0.0,0.0,0.0,0.0,0.35714285714285715,1.0818177620697835,5.0,4.0,0.4642857142857143,1.261455445614246,13.0,4.0,0.39285714285714285,1.1548879745526135,22.0,4.0,0.4523809523809524,1.3919282101758768,38.0,8.0,0.0,0.0,0.0,954,0.279874213836478,0.16666666666666666,0.24423480083857443,0.2526205450733753,0.09538784067085954,0.31551362683438156,40.0,5.9958071278826
2024-09-17,4,4,0,4,0,0,0,0,8,0,0,0,2024,9,17,1,261,38,3,0,0,0,0.7818314824680298,0.6234898018587336,-0.9760105506323682,-0.21772323039653224,-0.992708874098054,-0.12053668025532357,-1.0,-1.8369701987210297e-16,0.0,0.0,0.0,0.0,0.0,0.0,1.3333333333333333,2.309401076758506,4.0,4.0,0.5714285714285714,1.5118578920369066,4.0,4.0,0.6428571428571429,1.4468609447374676,9.0,4.0,0.6071428571428571,1.4230714230607926,17.0,4.0,0.4642857142857143,1.2499350632483541,26.0,4.0,0.5,1.4437234324473613,42.0,8.0,4.0,4.0,4.0,954,0.279874213836478,0.16666666666666666,0.24423480083857443,0.2526205450733753,0.09538784067085954,0.31551362683438156,40.0,5.9958071278826
2024-09-18,8,0,0,0,0,4,0,4,16,0,0,0,2024,9,18,2,262,38,3,0,0,0,0.9749279121818236,-0.22252093395631434,-0.9796136916454901,-0.20089055513063528,-0.992708874098054,-0.12053668025532357,-1.0,-1.8369701987210297e-16,4.0,0.0,0.0,0.0,0.0,0.0,4.0,4.0000000000000036,12.0,8.0,1.7142857142857142,3.147183169877772,12.0,8.0,1.2142857142857142,2.4235565546581284,17.0,8.0,0.8928571428571429,1.9877268929755405,25.0,8.0,0.6071428571428571,1.6031624590570583,34.0,8.0,0.5952380952380952,1.6582691485804342,50.0,8.0,4.0,8.0,8.0,954,0.279874213836478,0.16666666666666666,0.24423480083857443,0.2526205450733753,0.09538784067085954,0.31551362683438156,40.0,5.9958071278826
2024-09-19,4,0,0,0,0,0,0,0,8,0,0,4,2024,9,19,3,263,38,3,0,0,0,0.43388373911755823,-0.900968867902419,-0.9829265519799822,-0.18399835165767986,-0.992708874098054,-0.12053668025532357,-1.0,-1.8369701987210297e-16,8.0,4.0,0.0,0.0,1.0,0.0,5.333333333333333,2.3094010767585105,16.0,8.0,2.2857142857142856,3.1471831698777724,16.0,8.0,1.4285714285714286,2.5332947751066044,20.0,8.0,1.0357142857142858,2.063476800920355,29.0,8.0,0.6785714285714286,1.6635902342621731,38.0,8.0,0.6428571428571429,1.6979282708880536,54.0,8.0,-4.0,4.0,4.0,954,0.279874213836478,0.16666666666666666,0.24423480083857443,0.2526205450733753,0.09538784067085954,0.31551362683438156,40.0,5.9958071278826
2024-09-20,0,0,0,0,0,0,0,0,0,0,0,0,2024,9,20,4,264,38,3,0,0,1,-0.433883739117558,-0.9009688679024191,-0.9859481499638303,-0.1670516255021195,-0.992708874098054,-0.12053668025532357,-1.0,-1.8369701987210297e-16,4.0,8.0,4.0,0.0,4.0,0.0,4.0,4.000000000000003,12.0,8.0,2.2857142857142856,3.1471831698777724,16.0,8.0,1.1428571428571428,2.444999382008507,16.0,8.0,1.0357142857142858,2.063476800920355,29.0,8.0,0.6785714285714286,1.6635902342621731,38.0,8.0,0.6428571428571429,1.6979282708880536,54.0,8.0,-4.0,0.0,0.0,954,0.279874213836478,0.16666666666666666,0.24423480083857443,0.2526205450733753,0.09538784067085954,0.31551362683438156,40.0,5.9958071278826
2024-09-21,1,1,0,0,0,0,0,0,2,0,0,0,2024,9,21,5,265,38,3,1,0,0,-0.9749279121818236,-0.2225209339563146,-0.9886775902323404,-0.15005539834465262,-0.992708874098054,-0.12053668025532357,-1.0,-1.8369701987210297e-16,0.0,4.0,8.0,0.0,0.0,0.0,1.6666666666666667,2.081665999466134,5.0,4.0,2.4285714285714284,3.0472470011002204,17.0,8.0,1.2142857142857142,2.4235565546581284,17.0,8.0,1.0714285714285714,2.053516792463897,30.0,8.0,0.6785714285714286,1.6635902342621731,38.0,8.0,0.6547619047619048,1.6968720168070528,55.0,8.0,1.0,1.0,1.0,954,0.279874213836478,0.16666666666666666,0.24423480083857443,0.2526205450733753,0.09538784067085954,0.31551362683438156,40.0,5.9958071278826
2024-09-22,0,0,0,0,0,0,0,0,0,0,0,0,2024,9,22,6,266,38,3,1,0,0,-0.7818314824680299,0.6234898018587334,-0.9911140639934546,-0.13301470653419636,-0.992708874098054,-0.12053668025532357,-1.0,-1.8369701987210297e-16,1.0,0.0,4.0,0.0,0.0,0.0,0.3333333333333333,0.5773502691896224,1.0,1.0,2.4285714285714284,3.0472470011002204,17.0,8.0,1.2142857142857142,2.4235565546581284,17.0,8.0,1.0714285714285714,2.053516792463897,30.0,8.0,0.6785714285714286,1.6635902342621731,38.0,8.0,0.6547619047619048,1.6968720168070528,55.0,8.0,-1.0,0.0,0.0,954,0.279874213836478,0.16666666666666666,0.24423480083857443,0.2526205450733753,0.09538784067085954,0.31551362683438156,40.0,5.9958071278826
2024-09-23,0,0,0,0,0,0,0,0,0,0,0,0,2024,9,23,0,267,39,3,0,1,0,0.0,1.0,-0.9932568492674143,-0.11593459959550066,-1.0,-1.8369701987210297e-16,-1.0,-1.8369701987210297e-16,0.0,1.0,0.0,0.0,0.0,0.0,0.3333333333333333,0.5773502691896224,1.0,1.0,2.4285714285714284,3.0472470011002204,17.0,8.0,1.2142857142857142,2.4235565546581284,17.0,8.0,1.0714285714285714,2.053516792463897,30.0,8.0,0.6785714285714286,1.6635902342621731,38.0,8.0,0.6547619047619048,1.6968720168070528,55.0,8.0,0.0,0.0,0.0,954,0.279874213836478,0.16666666666666666,0.24423480083857443,0.2526205450733753,0.09538784067085954,0.31551362683438156,40.0,5.9958071278826
2024-09-24,0,0,0,0,0,0,0,0,0,0,0,0,2024,9,24,1,268,39,3,0,0,0,0.7818314824680298,0.6234898018587336,-0.9951053111006974,-0.09882013873287211,-1.0,-1.8369701987210297e-16,-1.0,-1.8369701987210297e-16,0.0,0.0,1.0,4.0,0.0,0.0,0.0,0.0,0.0,0.0,1.8571428571428572,3.078342163598854,13.0,8.0,1.2142857142857142,2.4235565546581284,17.0,8.0,1.0714285714285714,2.053516792463897,30.0,8.0,0.6785714285714286,1.6635902342621731,38.0,8.0,0.6071428571428571,1.6575337837903021,51.0,8.0,0.0,-4.0,0.0,954,0.279874213836478,0.16666666666666666,0.24423480083857443,0.2526205450733753,0.09538784067085954,0.31551362683438156,40.0,5.9958071278826
2024-09-25,0,0,0,0,0,0,0,0,0,0,0,0,2024,9,25,2,269,39,3,0,0,0,0.9749279121818236,-0.22252093395631434,-0.99665890175417,-0.08167639533042288,-1.0,-1.8369701987210297e-16,-1.0,-1.8369701987210297e-16,0.0,0.0,0.0,8.0,0.0,0.0,0.0,0.0,0.0,0.0,0.7142857142857143,1.4960264830861896,5.0,4.0,1.2142857142857142,2.4235565546581284,17.0,8.0,1.0714285714285714,2.053516792463897,30.0,8.0,0.6785714285714286,1.6635902342621731,38.0,8.0,0.6071428571428571,1.6575337837903021,51.0,8.0,0.0,-8.0,0.0,954,0.279874213836478,0.16666666666666666,0.24423480083857443,0.2526205450733753,0.09538784067085954,0.31551362683438156,40.0,5.9958071278826
2024-09-26,0,0,0,0,0,0,0,0,0,0,0,0,2024,9,26,3,270,39,3,0,0,0,0.43388373911755823,-0.900968867902419,-0.9979171608653922,-0.06450844944931625,-1.0,-1.8369701987210297e-16,-1.0,-1.8369701987210297e-16,0.0,0.0,0.0,4.0,0.0,4.0,0.0,0.0,0.0,0.0,0.14285714285714285,0.37796447300921865,1.0,1.0,1.2142857142857142,2.4235565546581284,17.0,8.0,0.9285714285714286,1.9800593225039789,26.0,8.0,0.6785714285714286,1.6635902342621731,38.0,8.0,0.6071428571428571,1.6575337837903021,51.0,8.0,0.0,-4.0,-4.0,954,0.279874213836478,0.16666666666666666,0.24423480083857443,0.2526205450733753,0.09538784067085954,0.31551362683438156,40.0,5.9958071278826
2024-09-27,0,0,0,0,0,0,0,0,0,0,0,0,2024,9,27,4,271,39,3,0,0,1,-0.433883739117558,-0.9009688679024191,-0.9988797155850335,-0.04732138832243232,-1.0,-1.8369701987210297e-16,-1.0,-1.8369701987210297e-16,0.0,0.0,0.0,0.0,0.0,0.0,0.0,0.0,0.0,0.0,0.14285714285714285,0.37796447300921865,1.0,1.0,1.2142857142857142,2.4235565546581284,17.0,8.0,0.9285714285714286,1.9800593225039789,26.0,8.0,0.6785714285714286,1.6635902342621731,38.0,8.0,0.6071428571428571,1.6575337837903021,51.0,8.0,0.0,0.0,0.0,954,0.279874213836478,0.16666666666666666,0.24423480083857443,0.2526205450733753,0.09538784067085954,0.31551362683438156,40.0,5.9958071278826
2024-09-28,0,0,0,0,0,0,0,0,0,0,0,0,2024,9,28,5,272,39,3,1,0,0,-0.9749279121818236,-0.2225209339563146,-0.9995462806873573,-0.03012030484690836,-1.0,-1.8369701987210297e-16,-1.0,-1.8369701987210297e-16,0.0,0.0,0.0,1.0,0.0,4.0,0.0,0.0,0.0,0.0,0.0,0.0,0.0,0.0,1.2142857142857142,2.4235565546581284,17.0,8.0,0.7857142857142857,1.8926200310708372,22.0,8.0,0.6785714285714286,1.6635902342621731,38.0,8.0,0.6071428571428571,1.6575337837903021,51.0,8.0,0.0,-1.0,-4.0,954,0.279874213836478,0.16666666666666666,0.24423480083857443,0.2526205450733753,0.09538784067085954,0.31551362683438156,40.0,5.9958071278826
2024-09-29,0,0,0,0,0,0,0,0,0,0,0,0,2024,9,29,6,273,39,3,1,0,0,-0.7818314824680299,0.6234898018587334,-0.9999166586547379,-0.012910296075008843,-1.0,-1.8369701987210297e-16,-1.0,-1.8369701987210297e-16,0.0,0.0,0.0,0.0,0.0,0.0,0.0,0.0,0.0,0.0,0.0,0.0,0.0,0.0,1.2142857142857142,2.4235565546581284,17.0,8.0,0.7857142857142857,1.8926200310708372,22.0,8.0,0.6785714285714286,1.6635902342621731,38.0,8.0,0.6071428571428571,1.6575337837903021,51.0,8.0,0.0,0.0,0.0,954,0.279874213836478,0.16666666666666666,0.24423480083857443,0.2526205450733753,0.09538784067085954,0.31551362683438156,40.0,5.9958071278826
2024-09-30,0,0,0,0,0,0,0,0,0,0,0,0,2024,9,30,0,274,40,3,0,1,0,0.0,1.0,-0.9999907397361901,0.004303538296243821,-0.992708874098054,0.1205366802553232,-1.0,-1.8369701987210297e-16,0.0,0.0,0.0,0.0,0.0,0.0,0.0,0.0,0.0,0.0,0.0,0.0,0.0,0.0,1.2142857142857142,2.4235565546581284,17.0,8.0,0.7857142857142857,1.8926200310708372,22.0,8.0,0.6785714285714286,1.6635902342621731,38.0,8.0,0.6071428571428571,1.6575337837903021,51.0,8.0,0.0,0.0,0.0,954,0.279874213836478,0.16666666666666666,0.24423480083857443,0.2526205450733753,0.09538784067085954,0.31551362683438156,40.0,5.9958071278826
2024-10-01,0,0,0,0,0,0,0,0,0,0,0,0,2024,10,1,1,275,40,4,0,0,0,0.7818314824680298,0.6234898018587336,-0.9997685019798909,0.021516097436222233,-0.992708874098054,0.1205366802553232,-0.8660254037844386,0.5000000000000001,0.0,0.0,0.0,0.0,4.0,0.0,0.0,0.0,0.0,0.0,0.0,0.0,0.0,0.0,0.9285714285714286,2.3026501693044485,13.0,8.0,0.7857142857142857,1.8926200310708372,22.0,8.0,0.6785714285714286,1.6635902342621731,38.0,8.0,0.6071428571428571,1.6575337837903021,51.0,8.0,0.0,0.0,0.0,954,0.279874213836478,0.16666666666666666,0.24423480083857443,0.2526205450733753,0.09538784067085954,0.31551362683438156,40.0,5.9958071278826
2024-10-02,0,0,0,0,0,0,0,0,0,0,0,0,2024,10,2,2,276,40,4,0,0,0,0.9749279121818236,-0.22252093395631434,-0.9992500112396835,0.03872228089217399,-0.992708874098054,0.1205366802553232,-0.8660254037844386,0.5000000000000001,0.0,0.0,0.0,0.0,8.0,0.0,0.0,0.0,0.0,0.0,0.0,0.0,0.0,0.0,0.35714285714285715,1.081817762069784,5.0,4.0,0.7857142857142857,1.8926200310708372,22.0,8.0,0.6785714285714286,1.6635902342621731,38.0,8.0,0.6071428571428571,1.6575337837903021,51.0,8.0,0.0,0.0,0.0,954,0.279874213836478,0.16666666666666666,0.24423480083857443,0.2526205450733753,0.09538784067085954,0.31551362683438156,40.0,5.9958071278826
2024-10-03,4,0,0,0,0,0,0,0,8,0,0,4,2024,10,3,3,277,40,4,0,0,0,0.43388373911755823,-0.900968867902419,-0.9984354211555643,0.05591699010060302,-0.992708874098054,0.1205366802553232,-0.8660254037844386,0.5000000000000001,0.0,0.0,0.0,0.0,4.0,1.0,1.3333333333333333,2.309401076758504,4.0,4.0,0.5714285714285714,1.5118578920369072,4.0,4.0,0.35714285714285715,1.081817762069784,5.0,4.0,0.8928571428571429,1.9877268929755405,25.0,8.0,0.75,1.7188791273808228,42.0,8.0,0.6547619047619048,1.6968720168070528,55.0,8.0,4.0,4.0,3.0,954,0.279874213836478,0.16666666666666666,0.24423480083857443,0.2526205450733753,0.09538784067085954,0.31551362683438156,40.0,5.9958071278826
2024-10-04,0,0,0,0,0,0,0,0,0,0,0,0,2024,10,4,4,278,40,4,0,0,1,-0.433883739117558,-0.9009688679024191,-0.9973249731081555,0.07309512989807776,-0.992708874098054,0.1205366802553232,-0.8660254037844386,0.5000000000000001,4.0,0.0,0.0,0.0,0.0,4.0,1.3333333333333333,2.309401076758504,4.0,4.0,0.5714285714285714,1.5118578920369072,4.0,4.0,0.35714285714285715,1.081817762069784,5.0,4.0,0.75,1.8978545391709678,21.0,8.0,0.75,1.7188791273808228,42.0,8.0,0.6547619047619048,1.6968720168070528,55.0,8.0,-4.0,0.0,-4.0,954,0.279874213836478,0.16666666666666666,0.24423480083857443,0.2526205450733753,0.09538784067085954,0.31551362683438156,40.0,5.9958071278826
2024-10-05,4,0,0,0,0,0,0,0,8,0,0,0,2024,10,5,5,279,40,4,1,0,0,-0.9749279121818236,-0.2225209339563146,-0.9959189961471792,0.0902516100310407,-0.992708874098054,0.1205366802553232,-0.8660254037844386,0.5000000000000001,0.0,4.0,0.0,0.0,1.0,0.0,2.6666666666666665,2.309401076758506,8.0,4.0,1.1428571428571428,1.9518001458970653,8.0,4.0,0.5714285714285714,1.4525460784051276,8.0,4.0,0.8928571428571429,1.9877268929755405,25.0,8.0,0.8214285714285714,1.7695109016812627,46.0,8.0,0.7023809523809523,1.7339957470297194,59.0,8.0,4.0,4.0,4.0,954,0.279874213836478,0.16666666666666666,0.24423480083857443,0.2526205450733753,0.09538784067085954,0.31551362683438156,40.0,5.9958071278826
2024-10-06,4,0,4,0,0,0,0,0,8,0,0,4,2024,10,6,6,280,40,4,1,0,0,-0.7818314824680299,0.6234898018587334,-0.994217906893952,0.10738134666416306,-0.992708874098054,0.1205366802553232,-0.8660254037844386,0.5000000000000001,4.0,0.0,4.0,0.0,0.0,0.0,2.6666666666666665,2.309401076758506,8.0,4.0,1.7142857142857142,2.1380899352993943,12.0,4.0,0.8571428571428571,1.7032612545052817,12.0,4.0,1.0357142857142858,2.063476800920355,29.0,8.0,0.8928571428571429,1.815875160192077,50.0,8.0,0.75,1.7690443952284398,63.0,8.0,0.0,4.0,4.0,954,0.279874213836478,0.16666666666666666,0.24423480083857443,0.2526205450733753,0.09538784067085954,0.31551362683438156,40.0,5.9958071278826
2024-10-07,0,0,0,0,0,0,0,0,0,0,0,0,2024,10,7,0,281,41,4,0,1,0,0.0,1.0,-0.9922222094179324,0.12447926388678869,-0.9709418174260521,0.23931566428755738,-0.8660254037844386,0.5000000000000001,4.0,4.0,0.0,0.0,0.0,0.0,2.6666666666666665,2.309401076758506,8.0,4.0,1.7142857142857142,2.1380899352993943,12.0,4.0,0.8571428571428571,1.7032612545052817,12.0,4.0,1.0357142857142858,2.063476800920355,29.0,8.0,0.8928571428571429,1.815875160192077,50.0,8.0,0.75,1.7690443952284398,63.0,8.0,-4.0,0.0,0.0,954,0.279874213836478,0.16666666666666666,0.24423480083857443,0.2526205450733753,0.09538784067085954,0.31551362683438156,40.0,5.9958071278826
2024-10-08,0,0,0,0,0,0,0,0,0,0,0,0,2024,10,8,1,282,41,4,0,0,0,0.7818314824680298,0.6234898018587336,-0.989932495087353,0.141540295217043,-0.9709418174260521,0.23931566428755738,-0.8660254037844386,0.5000000000000001,0.0,4.0,4.0,0.0,0.0,0.0,1.3333333333333333,2.309401076758504,4.0,4.0,1.7142857142857142,2.1380899352993943,12.0,4.0,0.8571428571428571,1.7032612545052817,12.0,4.0,1.0357142857142858,2.063476800920355,29.0,8.0,0.8214285714285714,1.7695109016812627,46.0,8.0,0.75,1.7690443952284398,63.0,8.0,0.0,0.0,0.0,954,0.279874213836478,0.16666666666666666,0.24423480083857443,0.2526205450733753,0.09538784067085954,0.31551362683438156,40.0,5.9958071278826
2024-10-09,0,0,0,0,0,0,0,0,0,0,0,0,2024,10,9,2,283,41,4,0,0,0,0.9749279121818236,-0.22252093395631434,-0.9873494423939864,0.15855938510313475,-0.9709418174260521,0.23931566428755738,-0.8660254037844386,0.5000000000000001,0.0,0.0,4.0,0.0,0.0,0.0,0.0,0.0,0.0,0.0,1.7142857142857142,2.1380899352993943,12.0,4.0,0.8571428571428571,1.7032612545052817,12.0,4.0,1.0357142857142858,2.063476800920355,29.0,8.0,0.75,1.7188791273808228,42.0,8.0,0.75,1.7690443952284398,63.0,8.0,0.0,0.0,0.0,954,0.279874213836478,0.16666666666666666,0.24423480083857443,0.2526205450733753,0.09538784067085954,0.31551362683438156,40.0,5.9958071278826
2024-10-10,0,0,0,0,0,0,0,0,0,0,0,0,2024,10,10,3,284,41,4,0,0,0,0.43388373911755823,-0.900968867902419,-0.9844738167520923,0.17553149042142777,-0.9709418174260521,0.23931566428755738,-0.8660254037844386,0.5000000000000001,0.0,0.0,0.0,4.0,0.0,0.0,0.0,0.0,0.0,0.0,1.1428571428571428,1.951800145897065,8.0,4.0,0.8571428571428571,1.7032612545052817,12.0,4.0,1.0357142857142858,2.063476800920355,29.0,8.0,0.75,1.7188791273808228,42.0,8.0,0.7023809523809523,1.7339957470297191,59.0,8.0,0.0,-4.0,0.0,954,0.279874213836478,0.16666666666666666,0.24423480083857443,0.2526205450733753,0.09538784067085954,0.31551362683438156,40.0,5.9958071278826
2024-10-11,4,4,0,0,0,0,0,0,8,0,0,0,2024,10,11,4,285,41,4,0,0,1,-0.433883739117558,-0.9009688679024191,-0.9813064702716093,0.19245158197082995,-0.9709418174260521,0.23931566428755738,-0.8660254037844386,0.5000000000000001,0.0,0.0,0.0,0.0,0.0,0.0,1.3333333333333333,2.309401076758504,4.0,4.0,1.7142857142857142,2.1380899352993943,12.0,4.0,1.1428571428571428,1.8752289237539828,16.0,4.0,1.1785714285714286,2.1266139218219107,33.0,8.0,0.8214285714285714,1.7695109016812627,46.0,8.0,0.75,1.7690443952284398,63.0,8.0,4.0,4.0,4.0,954,0.279874213836478,0.16666666666666666,0.24423480083857443,0.2526205450733753,0.09538784067085954,0.31551362683438156,40.0,5.9958071278826
2024-10-12,0,0,0,0,0,0,0,0,0,0,0,0,2024,10,12,5,286,41,4,1,0,0,-0.9749279121818236,-0.2225209339563146,-0.9778483415056567,0.20931464596304888,-0.9709418174260521,0.23931566428755738,-0.8660254037844386,0.5000000000000001,4.0,0.0,0.0,4.0,0.0,0.0,1.3333333333333333,2.309401076758504,4.0,4.0,1.1428571428571428,1.951800145897065,8.0,4.0,1.1428571428571428,1.8752289237539828,16.0,4.0,1.1785714285714286,2.1266139218219107,33.0,8.0,0.8214285714285714,1.7695109016812627,46.0,8.0,0.6547619047619048,1.579187282353849,55.0,8.0,-4.0,-4.0,0.0,954,0.279874213836478,0.16666666666666666,0.24423480083857443,0.2526205450733753,0.09538784067085954,0.31551362683438156,40.0,5.9958071278826
2024-10-13,0,0,0,0,0,0,0,0,0,0,0,0,2024,10,13,6,287,41,4,1,0,0,-0.7818314824680299,0.6234898018587334,-0.9741004551724206,0.22611568550828803,-0.9709418174260521,0.23931566428755738,-0.8660254037844386,0.5000000000000001,0.0,4.0,0.0,4.0,0.0,0.0,1.3333333333333333,2.309401076758504,4.0,4.0,0.5714285714285714,1.511857892036907,4.0,4.0,1.1428571428571428,1.8752289237539828,16.0,4.0,1.1785714285714286,2.1266139218219107,33.0,8.0,0.8214285714285714,1.7695109016812627,46.0,8.0,0.6547619047619048,1.579187282353849,55.0,8.0,0.0,-4.0,0.0,954,0.279874213836478,0.16666666666666666,0.24423480083857443,0.2526205450733753,0.09538784067085954,0.31551362683438156,40.0,5.9958071278826
2024-10-14,0,0,0,0,0,0,0,0,0,0,0,0,2024,10,14,0,288,42,4,0,1,0,0.0,1.0,-0.970063921851507,0.2428497220959358,-0.9350162426854148,0.35460488704253557,-0.8660254037844386,0.5000000000000001,0.0,0.0,4.0,0.0,0.0,0.0,0.0,0.0,0.0,0.0,0.5714285714285714,1.511857892036907,4.0,4.0,1.1428571428571428,1.8752289237539828,16.0,4.0,1.1785714285714286,2.1266139218219107,33.0,8.0,0.8214285714285714,1.7695109016812627,46.0,8.0,0.6547619047619048,1.579187282353849,55.0,8.0,0.0,0.0,0.0,954,0.279874213836478,0.16666666666666666,0.24423480083857443,0.2526205450733753,0.09538784067085954,0.31551362683438156,40.0,5.9958071278826
2024-10-15,4,0,0,0,0,0,0,0,8,0,0,0,2024,10,15,1,289,42,4,0,0,0,0.7818314824680298,0.6234898018587336,-0.965739937654855,0.25951179706979943,-0.9350162426854148,0.35460488704253557,-0.8660254037844386,0.5000000000000001,0.0,0.0,0.0,0.0,0.0,4.0,1.3333333333333333,2.309401076758504,4.0,4.0,1.1428571428571428,1.951800145897065,8.0,4.0,1.4285714285714286,1.9889806323953887,20.0,4.0,1.1785714285714286,2.1266139218219107,33.0,8.0,0.8928571428571429,1.815875160192077,50.0,8.0,0.7023809523809523,1.6190117609339518,59.0,8.0,4.0,4.0,0.0,954,0.279874213836478,0.16666666666666666,0.24423480083857443,0.2526205450733753,0.09538784067085954,0.31551362683438156,40.0,5.9958071278826
2024-10-16,4,0,0,0,0,0,0,0,12,0,0,0,2024,10,16,2,290,42,4,0,0,0,0.9749279121818236,-0.22252093395631434,-0.9611297838723007,0.27609697309746883,-0.9350162426854148,0.35460488704253557,-0.8660254037844386,0.5000000000000001,4.0,0.0,0.0,0.0,0.0,8.0,2.6666666666666665,2.309401076758506,8.0,4.0,1.7142857142857142,2.1380899352993943,12.0,4.0,1.7142857142857142,2.0542103640523828,24.0,4.0,1.0357142857142858,1.7529265023814655,29.0,4.0,0.9642857142857143,1.8582913531647178,54.0,8.0,0.75,1.656495065979509,63.0,8.0,0.0,4.0,-4.0,954,0.279874213836478,0.16666666666666666,0.24423480083857443,0.2526205450733753,0.09538784067085954,0.31551362683438156,40.0,5.9958071278826
2024-10-17,4,0,4,0,0,4,0,4,8,0,0,4,2024,10,17,3,291,42,4,0,0,0,0.43388373911755823,-0.900968867902419,-0.9562348265919058,0.2926003356333479,-0.9350162426854148,0.35460488704253557,-0.8660254037844386,0.5000000000000001,4.0,4.0,0.0,0.0,4.0,4.0,4.0,0.0,12.0,4.0,2.2857142857142856,2.1380899352993947,16.0,4.0,1.7142857142857142,2.0542103640523828,24.0,4.0,1.0357142857142858,1.7529265023814655,29.0,4.0,1.0357142857142858,1.8970243273878442,58.0,8.0,0.7976190476190477,1.6917928175353334,67.0,8.0,0.0,4.0,0.0,954,0.279874213836478,0.16666666666666666,0.24423480083857443,0.2526205450733753,0.09538784067085954,0.31551362683438156,40.0,5.9958071278826
2024-10-18,0,0,0,0,0,0,0,0,0,0,0,0,2024,10,18,4,292,42,4,0,0,1,-0.433883739117558,-0.9009688679024191,-0.9510565162951536,0.30901699437494723,-0.9350162426854148,0.35460488704253557,-0.8660254037844386,0.5000000000000001,4.0,4.0,4.0,4.0,0.0,0.0,2.6666666666666665,2.309401076758506,8.0,4.0,1.7142857142857142,2.1380899352993943,12.0,4.0,1.7142857142857142,2.0542103640523828,24.0,4.0,1.0357142857142858,1.7529265023814655,29.0,4.0,1.0357142857142858,1.8970243273878442,58.0,8.0,0.7976190476190477,1.6917928175353334,67.0,8.0,-4.0,-4.0,0.0,954,0.279874213836478,0.16666666666666666,0.24423480083857443,0.2526205450733753,0.09538784067085954,0.31551362683438156,40.0,5.9958071278826
2024-10-19,0,0,0,0,0,0,0,0,0,0,0,0,2024,10,19,5,293,42,4,1,0,0,-0.9749279121818236,-0.2225209339563146,-0.9455963874271428,0.3253420847119795,-0.9350162426854148,0.35460488704253557,-0.8660254037844386,0.5000000000000001,0.0,4.0,4.0,0.0,4.0,1.0,1.3333333333333333,2.309401076758504,4.0,4.0,1.7142857142857142,2.1380899352993943,12.0,4.0,1.4285714285714286,1.9889806323953887,20.0,4.0,1.0,1.7638342073763924,28.0,4.0,1.0357142857142858,1.8970243273878442,58.0,8.0,0.7857142857142857,1.6938686637144986,66.0,8.0,0.0,0.0,-1.0,954,0.279874213836478,0.16666666666666666,0.24423480083857443,0.2526205450733753,0.09538784067085954,0.31551362683438156,40.0,5.9958071278826
2024-10-20,0,0,0,0,0,0,0,0,0,0,0,0,2024,10,20,6,294,42,4,1,0,0,-0.7818314824680299,0.6234898018587334,-0.9398560579418953,0.341570769167856,-0.9350162426854148,0.35460488704253557,-0.8660254037844386,0.5000000000000001,0.0,0.0,4.0,0.0,4.0,0.0,0.0,0.0,0.0,0.0,1.7142857142857142,2.1380899352993943,12.0,4.0,1.1428571428571428,1.8752289237539828,16.0,4.0,1.0,1.7638342073763924,28.0,4.0,1.0357142857142858,1.8970243273878442,58.0,8.0,0.7857142857142857,1.6938686637144986,66.0,8.0,0.0,0.0,0.0,954,0.279874213836478,0.16666666666666666,0.24423480083857443,0.2526205450733753,0.09538784067085954,0.31551362683438156,40.0,5.9958071278826
2024-10-21,0,0,0,0,0,0,0,0,0,0,0,0,2024,10,21,0,295,43,4,0,1,0,0.0,1.0,-0.9338372288229252,0.35769823883312546,-0.8854560256532101,0.464723172043768,-0.8660254037844386,0.5000000000000001,0.0,0.0,0.0,0.0,0.0,0.0,0.0,0.0,0.0,0.0,1.7142857142857142,2.1380899352993943,12.0,4.0,1.1428571428571428,1.8752289237539828,16.0,4.0,1.0,1.7638342073763924,28.0,4.0,1.0357142857142858,1.8970243273878442,58.0,8.0,0.7857142857142857,1.6938686637144986,66.0,8.0,0.0,0.0,0.0,954,0.279874213836478,0.16666666666666666,0.24423480083857443,0.2526205450733753,0.09538784067085954,0.31551362683438156,40.0,5.9958071278826
2024-10-22,0,0,0,0,0,0,0,0,0,0,0,0,2024,10,22,1,296,43,4,0,0,0,0.7818314824680298,0.6234898018587336,-0.9275416835791965,0.3737197147904692,-0.8854560256532101,0.464723172043768,-0.8660254037844386,0.5000000000000001,0.0,0.0,0.0,4.0,0.0,0.0,0.0,0.0,0.0,0.0,1.1428571428571428,1.951800145897065,8.0,4.0,1.1428571428571428,1.8752289237539828,16.0,4.0,1.0,1.7638342073763924,28.0,4.0,1.0357142857142858,1.8970243273878442,58.0,8.0,0.7857142857142857,1.6938686637144986,66.0,8.0,0.0,-4.0,0.0,954,0.279874213836478,0.16666666666666666,0.24423480083857443,0.2526205450733753,0.09538784067085954,0.31551362683438156,40.0,5.9958071278826
2024-10-23,0,0,0,0,0,0,0,0,0,0,0,0,2024,10,23,2,297,43,4,0,0,0,0.9749279121818236,-0.22252093395631434,-0.9209712877166347,0.38963044953078774,-0.8854560256532101,0.464723172043768,-0.8660254037844386,0.5000000000000001,0.0,0.0,0.0,4.0,0.0,0.0,0.0,0.0,0.0,0.0,0.5714285714285714,1.511857892036907,4.0,4.0,1.1428571428571428,1.8752289237539828,16.0,4.0,1.0,1.7638342073763924,28.0,4.0,1.0357142857142858,1.8970243273878442,58.0,8.0,0.7857142857142857,1.6938686637144986,66.0,8.0,0.0,-4.0,0.0,954,0.279874213836478,0.16666666666666666,0.24423480083857443,0.2526205450733753,0.09538784067085954,0.31551362683438156,40.0,5.9958071278826
2024-10-24,0,0,0,0,0,0,0,0,0,0,0,0,2024,10,24,3,298,43,4,0,0,0,0.43388373911755823,-0.900968867902419,-0.9141279881853337,0.4054257283599973,-0.8854560256532101,0.464723172043768,-0.8660254037844386,0.5000000000000001,0.0,0.0,0.0,4.0,0.0,0.0,0.0,0.0,0.0,0.0,0.0,0.0,0.0,0.0,1.1428571428571428,1.8752289237539828,16.0,4.0,1.0,1.7638342073763924,28.0,4.0,0.9642857142857143,1.8582913531647178,54.0,8.0,0.7857142857142857,1.6938686637144986,66.0,8.0,0.0,-4.0,0.0,954,0.279874213836478,0.16666666666666666,0.24423480083857443,0.2526205450733753,0.09538784067085954,0.31551362683438156,40.0,5.9958071278826
2024-10-25,0,0,0,0,0,0,0,0,0,0,0,0,2024,10,25,4,299,43,4,0,0,1,-0.433883739117558,-0.9009688679024191,-0.9070138128026362,0.42110087079608916,-0.8854560256532101,0.464723172043768,-0.8660254037844386,0.5000000000000001,0.0,0.0,0.0,0.0,4.0,0.0,0.0,0.0,0.0,0.0,0.0,0.0,0.0,0.0,0.8571428571428571,1.7032612545052817,12.0,4.0,1.0,1.7638342073763924,28.0,4.0,0.9642857142857143,1.8582913531647178,54.0,8.0,0.7857142857142857,1.6938686637144986,66.0,8.0,0.0,0.0,0.0,954,0.279874213836478,0.16666666666666666,0.24423480083857443,0.2526205450733753,0.09538784067085954,0.31551362683438156,40.0,5.9958071278826
2024-10-26,0,0,0,0,0,0,0,0,0,0,0,0,2024,10,26,5,300,43,4,1,0,0,-0.9749279121818236,-0.2225209339563146,-0.8996308696522434,0.4366512319560638,-0.8854560256532101,0.464723172043768,-0.8660254037844386,0.5000000000000001,0.0,0.0,0.0,0.0,0.0,0.0,0.0,0.0,0.0,0.0,0.0,0.0,0.0,0.0,0.8571428571428571,1.7032612545052817,12.0,4.0,1.0,1.7638342073763924,28.0,4.0,0.8928571428571429,1.815875160192077,50.0,8.0,0.7857142857142857,1.6938686637144986,66.0,8.0,0.0,0.0,0.0,954,0.279874213836478,0.16666666666666666,0.24423480083857443,0.2526205450733753,0.09538784067085954,0.31551362683438156,40.0,5.9958071278826
2024-10-27,0,0,0,0,0,0,0,0,0,0,0,0,2024,10,27,6,301,43,4,1,0,0,-0.7818314824680299,0.6234898018587334,-0.8919813464595487,0.45207220393230374,-0.8854560256532101,0.464723172043768,-0.8660254037844386,0.5000000000000001,0.0,0.0,0.0,0.0,0.0,0.0,0.0,0.0,0.0,0.0,0.0,0.0,0.0,0.0,0.8571428571428571,1.7032612545052817,12.0,4.0,1.0,1.7638342073763924,28.0,4.0,0.8928571428571429,1.815875160192077,50.0,8.0,0.7857142857142857,1.6938686637144986,66.0,8.0,0.0,0.0,0.0,954,0.279874213836478,0.16666666666666666,0.24423480083857443,0.2526205450733753,0.09538784067085954,0.31551362683438156,40.0,5.9958071278826
2024-10-28,0,0,0,0,0,0,0,0,0,0,0,0,2024,10,28,0,302,44,4,0,1,0,0.0,1.0,-0.8840675099433637,0.46735921715800205,-0.822983865893657,0.5680647467311548,-0.8660254037844386,0.5000000000000001,0.0,0.0,0.0,0.0,0.0,0.0,0.0,0.0,0.0,0.0,0.0,0.0,0.0,0.0,0.8571428571428571,1.7032612545052817,12.0,4.0,1.0,1.7638342073763924,28.0,4.0,0.8928571428571429,1.815875160192077,50.0,8.0,0.7857142857142857,1.6938686637144986,66.0,8.0,0.0,0.0,0.0,954,0.279874213836478,0.16666666666666666,0.24423480083857443,0.2526205450733753,0.09538784067085954,0.31551362683438156,40.0,5.9958071278826
2024-10-29,0,0,0,0,0,0,0,0,0,0,0,0,2024,10,29,1,303,44,4,0,0,0,0.7818314824680298,0.6234898018587336,-0.8758917051442433,0.48250774176121763,-0.822983865893657,0.5680647467311548,-0.8660254037844386,0.5000000000000001,0.0,0.0,0.0,0.0,4.0,0.0,0.0,0.0,0.0,0.0,0.0,0.0,0.0,0.0,0.5714285714285714,1.4525460784051276,8.0,4.0,1.0,1.7638342073763924,28.0,4.0,0.8928571428571429,1.815875160192077,50.0,8.0,0.7857142857142857,1.6938686637144986,66.0,8.0,0.0,0.0,0.0,954,0.279874213836478,0.16666666666666666,0.24423480083857443,0.2526205450733753,0.09538784067085954,0.31551362683438156,40.0,5.9958071278826
2024-10-30,4,0,0,0,0,0,0,0,8,0,0,4,2024,10,30,2,304,44,4,0,0,0,0.9749279121818236,-0.22252093395631434,-0.8674563547295971,0.4975132889071803,-0.822983865893657,0.5680647467311548,-0.8660254037844386,0.5000000000000001,0.0,0.0,0.0,0.0,4.0,0.0,1.3333333333333333,2.309401076758504,4.0,4.0,0.5714285714285714,1.511857892036907,4.0,4.0,0.5714285714285714,1.4525460784051276,8.0,4.0,1.1428571428571428,1.8401748249129433,32.0,4.0,0.9642857142857143,1.8582913531647178,54.0,8.0,0.8333333333333334,1.72740723136494,70.0,8.0,4.0,4.0,4.0,954,0.279874213836478,0.16666666666666666,0.24423480083857443,0.2526205450733753,0.09538784067085954,0.31551362683438156,40.0,5.9958071278826
2024-10-31,0,0,0,0,0,0,0,0,0,0,0,0,2024,10,31,3,305,44,4,0,0,0,0.43388373911755823,-0.900968867902419,-0.858763958275803,0.5123714121284235,-0.822983865893657,0.5680647467311548,-0.8660254037844386,0.5000000000000001,4.0,0.0,0.0,0.0,4.0,4.0,1.3333333333333333,2.309401076758504,4.0,4.0,0.5714285714285714,1.511857892036907,4.0,4.0,0.2857142857142857,1.0690449676497,4.0,4.0,1.0,1.7638342073763924,28.0,4.0,0.9464285714285714,1.8627413118318923,53.0,8.0,0.8333333333333334,1.72740723136494,70.0,8.0,-4.0,0.0,-4.0,954,0.279874213836478,0.16666666666666666,0.24423480083857443,0.2526205450733753,0.09538784067085954,0.31551362683438156,40.0,5.9958071278826
2024-11-01,0,0,0,0,0,0,0,0,0,0,0,0,2024,11,1,4,306,44,4,0,0,1,-0.433883739117558,-0.9009688679024191,-0.8498170915275277,0.5270777086423724,-0.822983865893657,0.5680647467311548,-0.5000000000000004,0.8660254037844384,0.0,4.0,0.0,0.0,0.0,0.0,1.3333333333333333,2.309401076758504,4.0,4.0,0.5714285714285714,1.511857892036907,4.0,4.0,0.2857142857142857,1.0690449676497,4.0,4.0,1.0,1.7638342073763924,28.0,4.0,0.875,1.8197152624418034,49.0,8.0,0.8333333333333334,1.72740723136494,70.0,8.0,0.0,0.0,0.0,954,0.279874213836478,0.16666666666666666,0.24423480083857443,0.2526205450733753,0.09538784067085954,0.31551362683438156,40.0,5.9958071278826
2024-11-02,0,0,0,0,0,0,0,0,0,0,0,0,2024,11,2,5,307,44,4,1,0,0,-0.9749279121818236,-0.2225209339563146,-0.8406184056344783,0.5416278206559811,-0.822983865893657,0.5680647467311548,-0.5000000000000004,0.8660254037844384,0.0,0.0,4.0,0.0,0.0,4.0,0.0,0.0,0.0,0.0,0.5714285714285714,1.511857892036907,4.0,4.0,0.2857142857142857,1.0690449676497,4.0,4.0,0.8571428571428571,1.6714217880746884,24.0,4.0,0.875,1.8197152624418034,49.0,8.0,0.8333333333333334,1.72740723136494,70.0,8.0,0.0,0.0,-4.0,954,0.279874213836478,0.16666666666666666,0.24423480083857443,0.2526205450733753,0.09538784067085954,0.31551362683438156,40.0,5.9958071278826
2024-11-03,0,0,0,0,0,0,0,0,0,0,0,0,2024,11,3,6,308,44,4,1,0,0,-0.7818314824680299,0.6234898018587334,-0.8311706263658079,0.5560174366570446,-0.822983865893657,0.5680647467311548,-0.5000000000000004,0.8660254037844384,0.0,0.0,0.0,0.0,0.0,4.0,0.0,0.0,0.0,0.0,0.5714285714285714,1.511857892036907,4.0,4.0,0.2857142857142857,1.0690449676497,4.0,4.0,0.7142857142857143,1.560084111149918,20.0,4.0,0.875,1.8197152624418034,49.0,8.0,0.8333333333333334,1.72740723136494,70.0,8.0,0.0,0.0,-4.0,954,0.279874213836478,0.16666666666666666,0.24423480083857443,0.2526205450733753,0.09538784067085954,0.31551362683438156,40.0,5.9958071278826
2024-11-04,0,0,0,0,0,0,0,0,0,0,0,0,2024,11,4,0,309,45,4,0,1,0,0.0,1.0,-0.8214765533024145,0.5702422926917867,-0.7485107481711011,0.6631226582407952,-0.5000000000000004,0.8660254037844384,0.0,0.0,0.0,0.0,0.0,0.0,0.0,0.0,0.0,0.0,0.5714285714285714,1.511857892036907,4.0,4.0,0.2857142857142857,1.0690449676497,4.0,4.0,0.7142857142857143,1.560084111149918,20.0,4.0,0.875,1.8197152624418034,49.0,8.0,0.8333333333333334,1.72740723136494,70.0,8.0,0.0,0.0,0.0,954,0.279874213836478,0.16666666666666666,0.24423480083857443,0.2526205450733753,0.09538784067085954,0.31551362683438156,40.0,5.9958071278826
2024-11-05,0,0,0,0,0,0,0,0,0,0,0,0,2024,11,5,1,310,45,4,0,0,0,0.7818314824680298,0.6234898018587336,-0.8115390590073611,0.5842981736283683,-0.7485107481711011,0.6631226582407952,-0.5000000000000004,0.8660254037844384,0.0,0.0,0.0,0.0,0.0,0.0,0.0,0.0,0.0,0.0,0.5714285714285714,1.511857892036907,4.0,4.0,0.2857142857142857,1.0690449676497,4.0,4.0,0.7142857142857143,1.560084111149918,20.0,4.0,0.875,1.8197152624418034,49.0,8.0,0.7857142857142857,1.6938686637144986,66.0,8.0,0.0,0.0,0.0,954,0.279874213836478,0.16666666666666666,0.24423480083857443,0.2526205450733753,0.09538784067085954,0.31551362683438156,40.0,5.9958071278826
2024-11-06,0,0,0,0,0,0,0,0,0,0,0,0,2024,11,6,2,311,45,4,0,0,0,0.9749279121818236,-0.22252093395631434,-0.801361088174677,0.5981809144059158,-0.7485107481711011,0.6631226582407952,-0.5000000000000004,0.8660254037844384,0.0,0.0,0.0,4.0,0.0,0.0,0.0,0.0,0.0,0.0,0.0,0.0,0.0,0.0,0.2857142857142857,1.0690449676497,4.0,4.0,0.7142857142857143,1.560084111149918,20.0,4.0,0.875,1.8197152624418034,49.0,8.0,0.7380952380952381,1.658269148580434,62.0,8.0,0.0,-4.0,0.0,954,0.279874213836478,0.16666666666666666,0.24423480083857443,0.2526205450733753,0.09538784067085954,0.31551362683438156,40.0,5.9958071278826
2024-11-07,0,0,0,0,0,0,0,0,0,0,0,0,2024,11,7,3,312,45,4,0,0,0,0.43388373911755823,-0.900968867902419,-0.7909456567567774,0.6118864012687242,-0.7485107481711011,0.6631226582407952,-0.5000000000000004,0.8660254037844384,0.0,0.0,0.0,0.0,0.0,0.0,0.0,0.0,0.0,0.0,0.0,0.0,0.0,0.0,0.2857142857142857,1.0690449676497,4.0,4.0,0.7142857142857143,1.560084111149918,20.0,4.0,0.875,1.8197152624418034,49.0,8.0,0.7380952380952381,1.658269148580434,62.0,8.0,0.0,0.0,0.0,954,0.279874213836478,0.16666666666666666,0.24423480083857443,0.2526205450733753,0.09538784067085954,0.31551362683438156,40.0,5.9958071278826
2024-11-08,0,0,0,0,0,0,0,0,0,0,0,0,2024,11,8,4,313,45,4,0,0,1,-0.433883739117558,-0.9009688679024191,-0.780295851070776,0.6254105729852457,-0.7485107481711011,0.6631226582407952,-0.5000000000000004,0.8660254037844384,0.0,0.0,0.0,0.0,0.0,4.0,0.0,0.0,0.0,0.0,0.0,0.0,0.0,0.0,0.2857142857142857,1.0690449676497,4.0,4.0,0.5714285714285714,1.4253932901995952,16.0,4.0,0.875,1.8197152624418034,49.0,8.0,0.7380952380952381,1.658269148580434,62.0,8.0,0.0,0.0,-4.0,954,0.279874213836478,0.16666666666666666,0.24423480083857443,0.2526205450733753,0.09538784067085954,0.31551362683438156,40.0,5.9958071278826
2024-11-09,4,4,0,4,0,0,0,0,8,4,4,4,2024,11,9,5,314,45,4,1,0,0,-0.9749279121818236,-0.2225209339563146,-0.7694148268839381,0.6387494220515268,-0.7485107481711011,0.6631226582407952,-0.5000000000000004,0.8660254037844384,0.0,0.0,0.0,0.0,0.0,0.0,1.3333333333333333,2.309401076758504,4.0,4.0,0.5714285714285714,1.511857892036907,4.0,4.0,0.5714285714285714,1.4525460784051276,8.0,4.0,0.7142857142857143,1.560084111149918,20.0,4.0,0.9464285714285714,1.8627413118318923,53.0,8.0,0.7857142857142857,1.6938686637144986,66.0,8.0,4.0,4.0,4.0,954,0.279874213836478,0.16666666666666666,0.24423480083857443,0.2526205450733753,0.09538784067085954,0.31551362683438156,40.0,5.9958071278826
2024-11-10,0,0,0,0,0,0,0,0,0,0,0,0,2024,11,10,6,315,45,4,1,0,0,-0.7818314824680299,0.6234898018587334,-0.7583058084785625,0.6518989958787125,-0.7485107481711011,0.6631226582407952,-0.5000000000000004,0.8660254037844384,4.0,0.0,0.0,0.0,0.0,0.0,1.3333333333333333,2.309401076758504,4.0,4.0,0.5714285714285714,1.511857892036907,4.0,4.0,0.5714285714285714,1.4525460784051276,8.0,4.0,0.7142857142857143,1.560084111149918,20.0,4.0,0.9464285714285714,1.8627413118318923,53.0,8.0,0.7857142857142857,1.6938686637144986,66.0,8.0,-4.0,0.0,0.0,954,0.279874213836478,0.16666666666666666,0.24423480083857443,0.2526205450733753,0.09538784067085954,0.31551362683438156,40.0,5.9958071278826
2024-11-11,0,0,0,0,0,0,0,0,0,0,0,0,2024,11,11,0,316,46,4,0,1,0,0.0,1.0,-0.7469720876965551,0.6648553979642866,-0.6631226582407955,0.7485107481711007,-0.5000000000000004,0.8660254037844384,0.0,4.0,0.0,0.0,0.0,0.0,1.3333333333333333,2.309401076758504,4.0,4.0,0.5714285714285714,1.511857892036907,4.0,4.0,0.5714285714285714,1.4525460784051276,8.0,4.0,0.7142857142857143,1.560084111149918,20.0,4.0,0.9464285714285714,1.8627413118318923,53.0,8.0,0.7857142857142857,1.6938686637144986,66.0,8.0,0.0,0.0,0.0,954,0.279874213836478,0.16666666666666666,0.24423480083857443,0.2526205450733753,0.09538784067085954,0.31551362683438156,40.0,5.9958071278826
2024-11-12,0,0,0,0,0,0,0,0,0,0,0,0,2024,11,12,1,317,46,4,0,0,0,0.7818314824680298,0.6234898018587336,-0.7354170229639858,0.6776147890466887,-0.6631226582407955,0.7485107481711007,-0.5000000000000004,0.8660254037844384,0.0,0.0,4.0,0.0,0.0,4.0,0.0,0.0,0.0,0.0,0.5714285714285714,1.511857892036907,4.0,4.0,0.5714285714285714,1.4525460784051276,8.0,4.0,0.5714285714285714,1.4253932901995952,16.0,4.0,0.875,1.8197152624418034,49.0,8.0,0.7857142857142857,1.6938686637144986,66.0,8.0,0.0,0.0,-4.0,954,0.279874213836478,0.16666666666666666,0.24423480083857443,0.2526205450733753,0.09538784067085954,0.31551362683438156,40.0,5.9958071278826
2024-11-13,0,0,0,0,0,0,0,0,0,0,0,0,2024,11,13,2,318,46,4,0,0,0,0.9749279121818236,-0.22252093395631434,-0.7236440382959124,0.690173388242972,-0.6631226582407955,0.7485107481711007,-0.5000000000000004,0.8660254037844384,0.0,0.0,0.0,0.0,4.0,4.0,0.0,0.0,0.0,0.0,0.5714285714285714,1.511857892036907,4.0,4.0,0.2857142857142857,1.0690449676497,4.0,4.0,0.42857142857142855,1.2598815766974223,12.0,4.0,0.7321428571428571,1.5432088343751507,41.0,4.0,0.7857142857142857,1.6938686637144986,66.0,8.0,0.0,0.0,-4.0,954,0.279874213836478,0.16666666666666666,0.24423480083857443,0.2526205450733753,0.09538784067085954,0.31551362683438156,40.0,5.9958071278826
2024-11-14,0,0,0,0,0,0,0,0,0,0,0,0,2024,11,14,3,319,46,4,0,0,0,0.43388373911755823,-0.900968867902419,-0.711656622281775,0.7025274741691566,-0.6631226582407955,0.7485107481711007,-0.5000000000000004,0.8660254037844384,0.0,0.0,0.0,0.0,0.0,4.0,0.0,0.0,0.0,0.0,0.5714285714285714,1.511857892036907,4.0,4.0,0.2857142857142857,1.0690449676497,4.0,4.0,0.2857142857142857,1.049061056625922,8.0,4.0,0.6607142857142857,1.480500968214179,37.0,4.0,0.7857142857142857,1.6938686637144986,66.0,8.0,0.0,0.0,-4.0,954,0.279874213836478,0.16666666666666666,0.24423480083857443,0.2526205450733753,0.09538784067085954,0.31551362683438156,40.0,5.9958071278826
2024-11-15,0,0,0,0,0,0,0,0,0,0,0,0,2024,11,15,4,320,46,4,0,0,1,-0.433883739117558,-0.9009688679024191,-0.6994583270516471,0.7146733860429608,-0.6631226582407955,0.7485107481711007,-0.5000000000000004,0.8660254037844384,0.0,0.0,0.0,0.0,0.0,0.0,0.0,0.0,0.0,0.0,0.5714285714285714,1.511857892036907,4.0,4.0,0.2857142857142857,1.0690449676497,4.0,4.0,0.2857142857142857,1.049061056625922,8.0,4.0,0.6607142857142857,1.480500968214179,37.0,4.0,0.7857142857142857,1.6938686637144986,66.0,8.0,0.0,0.0,0.0,954,0.279874213836478,0.16666666666666666,0.24423480083857443,0.2526205450733753,0.09538784067085954,0.31551362683438156,40.0,5.9958071278826
2024-11-16,0,0,0,0,0,0,0,0,0,0,0,0,2024,11,16,5,321,46,4,1,0,0,-0.9749279121818236,-0.2225209339563146,-0.6870527672236675,0.7266075247685652,-0.6631226582407955,0.7485107481711007,-0.5000000000000004,0.8660254037844384,0.0,0.0,0.0,4.0,0.0,0.0,0.0,0.0,0.0,0.0,0.0,0.0,0.0,0.0,0.2857142857142857,1.0690449676497,4.0,4.0,0.2857142857142857,1.049061056625922,8.0,4.0,0.6428571428571429,1.4823638545925903,36.0,4.0,0.7857142857142857,1.6938686637144986,66.0,8.0,0.0,-4.0,0.0,954,0.279874213836478,0.16666666666666666,0.24423480083857443,0.2526205450733753,0.09538784067085954,0.31551362683438156,40.0,5.9958071278826
2024-11-17,0,0,0,0,0,0,0,0,0,0,0,0,2024,11,17,6,322,46,4,1,0,0,-0.7818314824680299,0.6234898018587334,-0.6744436188329457,0.7383263540031063,-0.6631226582407955,0.7485107481711007,-0.5000000000000004,0.8660254037844384,0.0,0.0,0.0,0.0,0.0,0.0,0.0,0.0,0.0,0.0,0.0,0.0,0.0,0.0,0.2857142857142857,1.0690449676497,4.0,4.0,0.2857142857142857,1.049061056625922,8.0,4.0,0.6428571428571429,1.4823638545925903,36.0,4.0,0.7857142857142857,1.6938686637144986,66.0,8.0,0.0,0.0,0.0,954,0.279874213836478,0.16666666666666666,0.24423480083857443,0.2526205450733753,0.09538784067085954,0.31551362683438156,40.0,5.9958071278826
2024-11-18,0,0,0,0,0,0,0,0,0,0,0,0,2024,11,18,0,323,47,4,0,1,0,0.0,1.0,-0.661634618242279,0.749826401204568,-0.5680647467311559,0.8229838658936564,-0.5000000000000004,0.8660254037844384,0.0,0.0,0.0,0.0,0.0,0.0,0.0,0.0,0.0,0.0,0.0,0.0,0.0,0.0,0.2857142857142857,1.0690449676497,4.0,4.0,0.2857142857142857,1.049061056625922,8.0,4.0,0.6428571428571429,1.4823638545925903,36.0,4.0,0.7857142857142857,1.6938686637144986,66.0,8.0,0.0,0.0,0.0,954,0.279874213836478,0.16666666666666666,0.24423480083857443,0.2526205450733753,0.09538784067085954,0.31551362683438156,40.0,5.9958071278826
2024-11-19,0,0,0,0,0,0,0,0,0,0,0,0,2024,11,19,1,324,47,4,0,0,0,0.7818314824680298,0.6234898018587336,-0.6486295610349818,0.7611042586607742,-0.5680647467311559,0.8229838658936564,-0.5000000000000004,0.8660254037844384,0.0,0.0,0.0,0.0,0.0,0.0,0.0,0.0,0.0,0.0,0.0,0.0,0.0,0.0,0.2857142857142857,1.0690449676497,4.0,4.0,0.2857142857142857,1.049061056625922,8.0,4.0,0.6428571428571429,1.4823638545925903,36.0,4.0,0.7857142857142857,1.6938686637144986,66.0,8.0,0.0,0.0,0.0,954,0.279874213836478,0.16666666666666666,0.24423480083857443,0.2526205450733753,0.09538784067085954,0.31551362683438156,40.0,5.9958071278826
2024-11-20,4,0,0,0,0,0,0,0,8,0,0,0,2024,11,20,2,325,47,4,0,0,0,0.9749279121818236,-0.22252093395631434,-0.6354323008901775,0.7721565844991641,-0.5680647467311559,0.8229838658936564,-0.5000000000000004,0.8660254037844384,0.0,0.0,0.0,0.0,0.0,0.0,1.3333333333333333,2.309401076758504,4.0,4.0,0.5714285714285714,1.511857892036907,4.0,4.0,0.5714285714285714,1.4525460784051276,8.0,4.0,0.42857142857142855,1.2598815766974223,12.0,4.0,0.7142857142857143,1.5458364692328856,40.0,4.0,0.8333333333333334,1.72740723136494,70.0,8.0,4.0,4.0,4.0,954,0.279874213836478,0.16666666666666666,0.24423480083857443,0.2526205450733753,0.09538784067085954,0.31551362683438156,40.0,5.9958071278826
2024-11-21,0,0,0,0,0,0,0,0,0,0,0,0,2024,11,21,3,326,47,4,0,0,0,0.43388373911755823,-0.900968867902419,-0.622046748440868,0.7829801036770624,-0.5680647467311559,0.8229838658936564,-0.5000000000000004,0.8660254037844384,4.0,0.0,0.0,0.0,0.0,0.0,1.3333333333333333,2.309401076758504,4.0,4.0,0.5714285714285714,1.511857892036907,4.0,4.0,0.5714285714285714,1.4525460784051276,8.0,4.0,0.42857142857142855,1.2598815766974223,12.0,4.0,0.7142857142857143,1.5458364692328856,40.0,4.0,0.7857142857142857,1.6938686637144986,66.0,8.0,-4.0,0.0,0.0,954,0.279874213836478,0.16666666666666666,0.24423480083857443,0.2526205450733753,0.09538784067085954,0.31551362683438156,40.0,5.9958071278826
2024-11-22,0,0,0,0,0,0,0,0,0,0,0,0,2024,11,22,4,327,47,4,0,0,1,-0.433883739117558,-0.9009688679024191,-0.6084768701151264,0.7935716089521472,-0.5680647467311559,0.8229838658936564,-0.5000000000000004,0.8660254037844384,0.0,4.0,0.0,0.0,0.0,0.0,1.3333333333333333,2.309401076758504,4.0,4.0,0.5714285714285714,1.511857892036907,4.0,4.0,0.5714285714285714,1.4525460784051276,8.0,4.0,0.42857142857142855,1.2598815766974223,12.0,4.0,0.7142857142857143,1.5458364692328856,40.0,4.0,0.7857142857142857,1.6938686637144986,66.0,8.0,0.0,0.0,0.0,954,0.279874213836478,0.16666666666666666,0.24423480083857443,0.2526205450733753,0.09538784067085954,0.31551362683438156,40.0,5.9958071278826
2024-11-23,0,0,0,0,0,0,0,0,0,0,0,0,2024,11,23,5,328,47,4,1,0,0,-0.9749279121818236,-0.2225209339563146,-0.594726686960764,0.8039279618328208,-0.5680647467311559,0.8229838658936564,-0.5000000000000004,0.8660254037844384,0.0,0.0,4.0,0.0,4.0,0.0,0.0,0.0,0.0,0.0,0.5714285714285714,1.511857892036907,4.0,4.0,0.2857142857142857,1.0690449676497,4.0,4.0,0.42857142857142855,1.2598815766974223,12.0,4.0,0.7142857142857143,1.5458364692328856,40.0,4.0,0.7380952380952381,1.658269148580434,62.0,8.0,0.0,0.0,0.0,954,0.279874213836478,0.16666666666666666,0.24423480083857443,0.2526205450733753,0.09538784067085954,0.31551362683438156,40.0,5.9958071278826
2024-11-24,0,0,0,0,0,0,0,0,0,0,0,0,2024,11,24,6,329,47,4,1,0,0,-0.7818314824680299,0.6234898018587334,-0.5808002734538013,0.8140460935082175,-0.5680647467311559,0.8229838658936564,-0.5000000000000004,0.8660254037844384,0.0,0.0,0.0,0.0,0.0,0.0,0.0,0.0,0.0,0.0,0.5714285714285714,1.511857892036907,4.0,4.0,0.2857142857142857,1.0690449676497,4.0,4.0,0.42857142857142855,1.2598815766974223,12.0,4.0,0.7142857142857143,1.5458364692328856,40.0,4.0,0.7380952380952381,1.658269148580434,62.0,8.0,0.0,0.0,0.0,954,0.279874213836478,0.16666666666666666,0.24423480083857443,0.2526205450733753,0.09538784067085954,0.31551362683438156,40.0,5.9958071278826
2024-11-25,0,0,0,0,0,0,0,0,0,0,0,0,2024,11,25,0,330,48,4,0,1,0,0.0,1.0,-0.5667017562911184,0.8239230057575536,-0.4647231720437684,0.88545602565321,-0.5000000000000004,0.8660254037844384,0.0,0.0,0.0,0.0,0.0,0.0,0.0,0.0,0.0,0.0,0.5714285714285714,1.511857892036907,4.0,4.0,0.2857142857142857,1.0690449676497,4.0,4.0,0.42857142857142855,1.2598815766974223,12.0,4.0,0.7142857142857143,1.5458364692328856,40.0,4.0,0.7380952380952381,1.658269148580434,62.0,8.0,0.0,0.0,0.0,954,0.279874213836478,0.16666666666666666,0.24423480083857443,0.2526205450733753,0.09538784067085954,0.31551362683438156,40.0,5.9958071278826
2024-11-26,0,0,0,0,0,0,0,0,0,0,0,0,2024,11,26,1,331,48,4,0,0,0,0.7818314824680298,0.6234898018587336,-0.5524353131676203,0.8335557718385695,-0.4647231720437684,0.88545602565321,-0.5000000000000004,0.8660254037844384,0.0,0.0,0.0,0.0,0.0,0.0,0.0,0.0,0.0,0.0,0.5714285714285714,1.511857892036907,4.0,4.0,0.2857142857142857,1.0690449676497,4.0,4.0,0.42857142857142855,1.2598815766974223,12.0,4.0,0.7142857142857143,1.5458364692328856,40.0,4.0,0.7380952380952381,1.658269148580434,62.0,8.0,0.0,0.0,0.0,954,0.279874213836478,0.16666666666666666,0.24423480083857443,0.2526205450733753,0.09538784067085954,0.31551362683438156,40.0,5.9958071278826
2024-11-27,0,0,0,0,0,0,0,0,0,0,0,0,2024,11,27,2,332,48,4,0,0,0,0.9749279121818236,-0.22252093395631434,-0.5380051715382992,0.8429415373547832,-0.4647231720437684,0.88545602565321,-0.5000000000000004,0.8660254037844384,0.0,0.0,0.0,4.0,0.0,4.0,0.0,0.0,0.0,0.0,0.0,0.0,0.0,0.0,0.2857142857142857,1.0690449676497,4.0,4.0,0.2857142857142857,1.049061056625922,8.0,4.0,0.7142857142857143,1.5458364692328856,40.0,4.0,0.7380952380952381,1.658269148580434,62.0,8.0,0.0,-4.0,-4.0,954,0.279874213836478,0.16666666666666666,0.24423480083857443,0.2526205450733753,0.09538784067085954,0.31551362683438156,40.0,5.9958071278826
2024-11-28,0,0,0,0,0,0,0,0,0,0,0,0,2024,11,28,3,333,48,4,0,0,0,0.43388373911755823,-0.900968867902419,-0.5234156073655503,0.8520775211013093,-0.4647231720437684,0.88545602565321,-0.5000000000000004,0.8660254037844384,0.0,0.0,0.0,0.0,0.0,0.0,0.0,0.0,0.0,0.0,0.0,0.0,0.0,0.0,0.2857142857142857,1.0690449676497,4.0,4.0,0.2857142857142857,1.049061056625922,8.0,4.0,0.6428571428571429,1.4823638545925903,36.0,4.0,0.7261904761904762,1.6599549309906736,61.0,8.0,0.0,0.0,0.0,954,0.279874213836478,0.16666666666666666,0.24423480083857443,0.2526205450733753,0.09538784067085954,0.31551362683438156,40.0,5.9958071278826
2024-11-29,0,0,0,0,0,0,0,0,0,0,0,0,2024,11,29,4,334,48,4,0,0,1,-0.433883739117558,-0.9009688679024191,-0.5086709438521042,0.8609610158889945,-0.4647231720437684,0.88545602565321,-0.5000000000000004,0.8660254037844384,0.0,0.0,0.0,0.0,0.0,0.0,0.0,0.0,0.0,0.0,0.0,0.0,0.0,0.0,0.2857142857142857,1.0690449676497,4.0,4.0,0.2857142857142857,1.049061056625922,8.0,4.0,0.6428571428571429,1.4823638545925903,36.0,4.0,0.6785714285714286,1.621844214925432,57.0,8.0,0.0,0.0,0.0,954,0.279874213836478,0.16666666666666666,0.24423480083857443,0.2526205450733753,0.09538784067085954,0.31551362683438156,40.0,5.9958071278826
2024-11-30,0,0,0,0,0,0,0,0,0,0,0,0,2024,11,30,5,335,48,4,1,0,0,-0.9749279121818236,-0.2225209339563146,-0.49377555015997737,0.8695893893466109,-0.4647231720437684,0.88545602565321,-0.5000000000000004,0.8660254037844384,0.0,0.0,0.0,0.0,0.0,0.0,0.0,0.0,0.0,0.0,0.0,0.0,0.0,0.0,0.2857142857142857,1.0690449676497,4.0,4.0,0.2857142857142857,1.049061056625922,8.0,4.0,0.5714285714285714,1.412375727207601,32.0,4.0,0.6785714285714286,1.621844214925432,57.0,8.0,0.0,0.0,0.0,954,0.279874213836478,0.16666666666666666,0.24423480083857443,0.2526205450733753,0.09538784067085954,0.31551362683438156,40.0,5.9958071278826
2024-12-01,0,0,0,0,0,0,0,0,0,0,0,0,2024,12,1,6,336,48,4,1,0,0,-0.7818314824680299,0.6234898018587334,-0.4787338401157883,0.8779600847008883,-0.4647231720437684,0.88545602565321,-2.4492935982947064e-16,1.0,0.0,0.0,0.0,0.0,0.0,0.0,0.0,0.0,0.0,0.0,0.0,0.0,0.0,0.0,0.2857142857142857,1.0690449676497,4.0,4.0,0.2857142857142857,1.049061056625922,8.0,4.0,0.5,1.3348476249438312,28.0,4.0,0.6785714285714286,1.621844214925432,57.0,8.0,0.0,0.0,0.0,954,0.279874213836478,0.16666666666666666,0.24423480083857443,0.2526205450733753,0.09538784067085954,0.31551362683438156,40.0,5.9958071278826
2024-12-02,0,0,0,0,0,0,0,0,0,0,0,0,2024,12,2,0,337,49,4,0,1,0,0.0,1.0,-0.4635502709028512,0.8860706215341378,-0.35460488704253595,0.9350162426854147,-2.4492935982947064e-16,1.0,0.0,0.0,0.0,0.0,0.0,0.0,0.0,0.0,0.0,0.0,0.0,0.0,0.0,0.0,0.2857142857142857,1.0690449676497,4.0,4.0,0.2857142857142857,1.049061056625922,8.0,4.0,0.5,1.3348476249438312,28.0,4.0,0.6785714285714286,1.621844214925432,57.0,8.0,0.0,0.0,0.0,954,0.279874213836478,0.16666666666666666,0.24423480083857443,0.2526205450733753,0.09538784067085954,0.31551362683438156,40.0,5.9958071278826
2024-12-03,0,0,0,0,0,0,0,0,0,0,0,0,2024,12,3,1,338,49,4,0,0,0,0.7818314824680298,0.6234898018587336,-0.4482293417404106,0.893918596519257,-0.35460488704253595,0.9350162426854147,-2.4492935982947064e-16,1.0,0.0,0.0,0.0,0.0,0.0,0.0,0.0,0.0,0.0,0.0,0.0,0.0,0.0,0.0,0.2857142857142857,1.0690449676497,4.0,4.0,0.2857142857142857,1.049061056625922,8.0,4.0,0.5,1.3348476249438312,28.0,4.0,0.6785714285714286,1.621844214925432,57.0,8.0,0.0,0.0,0.0,954,0.279874213836478,0.16666666666666666,0.24423480083857443,0.2526205450733753,0.09538784067085954,0.31551362683438156,40.0,5.9958071278826
2024-12-04,0,0,0,0,0,0,0,0,0,0,0,0,2024,12,4,2,339,49,4,0,0,0,0.9749279121818236,-0.22252093395631434,-0.4327755925504317,0.9015016841318838,-0.35460488704253595,0.9350162426854147,-2.4492935982947064e-16,1.0,0.0,0.0,0.0,0.0,4.0,0.0,0.0,0.0,0.0,0.0,0.0,0.0,0.0,0.0,0.0,0.0,0.0,0.0,0.2857142857142857,1.049061056625922,8.0,4.0,0.5,1.3348476249438312,28.0,4.0,0.6785714285714286,1.621844214925432,57.0,8.0,0.0,0.0,0.0,954,0.279874213836478,0.16666666666666666,0.24423480083857443,0.2526205450733753,0.09538784067085954,0.31551362683438156,40.0,5.9958071278826
2024-12-05,0,0,0,0,0,0,0,0,0,0,0,0,2024,12,5,3,340,49,4,0,0,0,0.43388373911755823,-0.900968867902419,-0.41719360261231697,0.9088176373395028,-0.35460488704253595,0.9350162426854147,-2.4492935982947064e-16,1.0,0.0,0.0,0.0,0.0,0.0,0.0,0.0,0.0,0.0,0.0,0.0,0.0,0.0,0.0,0.0,0.0,0.0,0.0,0.2857142857142857,1.049061056625922,8.0,4.0,0.5,1.3348476249438312,28.0,4.0,0.6785714285714286,1.621844214925432,57.0,8.0,0.0,0.0,0.0,954,0.279874213836478,0.16666666666666666,0.24423480083857443,0.2526205450733753,0.09538784067085954,0.31551362683438156,40.0,5.9958071278826
2024-12-06,0,0,0,0,0,0,0,0,0,0,0,0,2024,12,6,4,341,49,4,0,0,1,-0.433883739117558,-0.9009688679024191,-0.4014879892059737,0.9158642882672868,-0.35460488704253595,0.9350162426854147,-2.4492935982947064e-16,1.0,0.0,0.0,0.0,0.0,0.0,0.0,0.0,0.0,0.0,0.0,0.0,0.0,0.0,0.0,0.0,0.0,0.0,0.0,0.2857142857142857,1.049061056625922,8.0,4.0,0.42857142857142855,1.2483755678647206,24.0,4.0,0.6785714285714286,1.621844214925432,57.0,8.0,0.0,0.0,0.0,954,0.279874213836478,0.16666666666666666,0.24423480083857443,0.2526205450733753,0.09538784067085954,0.31551362683438156,40.0,5.9958071278826
2024-12-07,0,0,0,0,0,0,0,0,0,0,0,0,2024,12,7,5,342,49,4,1,0,0,-0.9749279121818236,-0.2225209339563146,-0.38566340624360745,0.9226395488404875,-0.35460488704253595,0.9350162426854147,-2.4492935982947064e-16,1.0,0.0,0.0,0.0,0.0,0.0,4.0,0.0,0.0,0.0,0.0,0.0,0.0,0.0,0.0,0.0,0.0,0.0,0.0,0.14285714285714285,0.7559289460184512,4.0,4.0,0.42857142857142855,1.2483755678647206,24.0,4.0,0.6785714285714286,1.621844214925432,57.0,8.0,0.0,0.0,-4.0,954,0.279874213836478,0.16666666666666666,0.24423480083857443,0.2526205450733753,0.09538784067085954,0.31551362683438156,40.0,5.9958071278826
2024-12-08,5,4,1,4,0,0,0,0,9,0,0,1,2024,12,8,6,343,49,4,1,0,0,-0.7818314824680299,0.6234898018587334,-0.3697245428906732,0.9291414114031743,-0.35460488704253595,0.9350162426854147,-2.4492935982947064e-16,1.0,0.0,0.0,0.0,0.0,0.0,0.0,1.6666666666666667,2.88675134594813,5.0,5.0,0.7142857142857143,1.8898223650461348,5.0,5.0,0.35714285714285715,1.336306209562124,5.0,5.0,0.32142857142857145,1.1880133254200713,9.0,5.0,0.5178571428571429,1.3881455442236803,29.0,5.0,0.7380952380952381,1.6870809439094354,62.0,8.0,5.0,5.0,5.0,954,0.279874213836478,0.16666666666666666,0.24423480083857443,0.2526205450733753,0.09538784067085954,0.31551362683438156,40.0,5.9958071278826
2024-12-09,0,0,0,0,0,0,0,0,0,0,0,0,2024,12,9,0,344,50,4,0,1,0,0.0,1.0,-0.3536761221763721,0.935367949313148,-0.2393156642875578,0.970941817426052,-2.4492935982947064e-16,1.0,5.0,0.0,0.0,0.0,0.0,0.0,1.6666666666666667,2.88675134594813,5.0,5.0,0.7142857142857143,1.8898223650461348,5.0,5.0,0.35714285714285715,1.336306209562124,5.0,5.0,0.32142857142857145,1.1880133254200713,9.0,5.0,0.5178571428571429,1.3881455442236803,29.0,5.0,0.7380952380952381,1.6870809439094354,62.0,8.0,-5.0,0.0,0.0,954,0.279874213836478,0.16666666666666666,0.24423480083857443,0.2526205450733753,0.09538784067085954,0.31551362683438156,40.0,5.9958071278826
2024-12-10,0,0,0,0,0,0,0,0,0,0,0,0,2024,12,10,1,345,50,4,0,0,0,0.7818314824680298,0.6234898018587336,-0.33752289959411347,0.941317317512847,-0.2393156642875578,0.970941817426052,-2.4492935982947064e-16,1.0,0.0,5.0,0.0,0.0,0.0,0.0,1.6666666666666667,2.88675134594813,5.0,5.0,0.7142857142857143,1.8898223650461348,5.0,5.0,0.35714285714285715,1.336306209562124,5.0,5.0,0.32142857142857145,1.1880133254200713,9.0,5.0,0.44642857142857145,1.306203977627092,25.0,5.0,0.6904761904761905,1.6499447999250674,58.0,8.0,0.0,0.0,0.0,954,0.279874213836478,0.16666666666666666,0.24423480083857443,0.2526205450733753,0.09538784067085954,0.31551362683438156,40.0,5.9958071278826
2024-12-11,0,0,0,0,0,0,0,0,0,0,0,0,2024,12,11,2,346,50,4,0,0,0,0.9749279121818236,-0.22252093395631434,-0.32126966169236515,0.9469877530760751,-0.2393156642875578,0.970941817426052,-2.4492935982947064e-16,1.0,0.0,0.0,5.0,0.0,0.0,0.0,0.0,0.0,0.0,0.0,0.7142857142857143,1.8898223650461348,5.0,5.0,0.35714285714285715,1.336306209562124,5.0,5.0,0.32142857142857145,1.1880133254200713,9.0,5.0,0.375,1.214495780149114,21.0,5.0,0.5952380952380952,1.4405407921863769,50.0,5.0,0.0,0.0,0.0,954,0.279874213836478,0.16666666666666666,0.24423480083857443,0.2526205450733753,0.09538784067085954,0.31551362683438156,40.0,5.9958071278826
2024-12-12,0,0,0,0,0,0,0,0,0,0,0,0,2024,12,12,3,347,50,4,0,0,0,0.43388373911755823,-0.900968867902419,-0.3049212246562894,0.9523775757303973,-0.2393156642875578,0.970941817426052,-2.4492935982947064e-16,1.0,0.0,0.0,0.0,0.0,0.0,0.0,0.0,0.0,0.0,0.0,0.7142857142857143,1.8898223650461348,5.0,5.0,0.35714285714285715,1.336306209562124,5.0,5.0,0.32142857142857145,1.1880133254200713,9.0,5.0,0.30357142857142855,1.1106041411959366,17.0,5.0,0.5476190476190477,1.3919282101758768,46.0,5.0,0.0,0.0,0.0,954,0.279874213836478,0.16666666666666666,0.24423480083857443,0.2526205450733753,0.09538784067085954,0.31551362683438156,40.0,5.9958071278826
2024-12-13,0,0,0,0,0,0,0,0,0,0,0,0,2024,12,13,4,348,50,4,0,0,1,-0.433883739117558,-0.9009688679024191,-0.2884824328806098,0.9574851883550389,-0.2393156642875578,0.970941817426052,-2.4492935982947064e-16,1.0,0.0,0.0,0.0,0.0,0.0,0.0,0.0,0.0,0.0,0.0,0.7142857142857143,1.8898223650461348,5.0,5.0,0.35714285714285715,1.336306209562124,5.0,5.0,0.32142857142857145,1.1880133254200713,9.0,5.0,0.30357142857142855,1.1106041411959366,17.0,5.0,0.5476190476190477,1.3919282101758768,46.0,5.0,0.0,0.0,0.0,954,0.279874213836478,0.16666666666666666,0.24423480083857443,0.2526205450733753,0.09538784067085954,0.31551362683438156,40.0,5.9958071278826
2024-12-14,0,0,0,0,0,0,0,0,0,0,0,0,2024,12,14,5,349,50,4,1,0,0,-0.9749279121818236,-0.2225209339563146,-0.27195815753410524,0.9623090774541487,-0.2393156642875578,0.970941817426052,-2.4492935982947064e-16,1.0,0.0,0.0,0.0,0.0,0.0,0.0,0.0,0.0,0.0,0.0,0.7142857142857143,1.8898223650461348,5.0,5.0,0.35714285714285715,1.336306209562124,5.0,5.0,0.32142857142857145,1.1880133254200713,9.0,5.0,0.30357142857142855,1.1106041411959366,17.0,5.0,0.5357142857142857,1.3922888200182018,45.0,5.0,0.0,0.0,0.0,954,0.279874213836478,0.16666666666666666,0.24423480083857443,0.2526205450733753,0.09538784067085954,0.31551362683438156,40.0,5.9958071278826
2024-12-15,0,0,0,0,0,0,0,0,0,0,0,0,2024,12,15,6,350,50,4,1,0,0,-0.7818314824680299,0.6234898018587334,-0.2553532951161881,0.9668478136052773,-0.2393156642875578,0.970941817426052,-2.4492935982947064e-16,1.0,0.0,0.0,0.0,5.0,0.0,0.0,0.0,0.0,0.0,0.0,0.0,0.0,0.0,0.0,0.35714285714285715,1.336306209562124,5.0,5.0,0.32142857142857145,1.1880133254200713,9.0,5.0,0.30357142857142855,1.1106041411959366,17.0,5.0,0.5357142857142857,1.3922888200182018,45.0,5.0,0.0,-5.0,0.0,954,0.279874213836478,0.16666666666666666,0.24423480083857443,0.2526205450733753,0.09538784067085954,0.31551362683438156,40.0,5.9958071278826
2024-12-16,0,0,0,0,0,0,0,0,0,0,0,0,2024,12,16,0,351,51,4,0,1,0,0.0,1.0,-0.23867276600594997,0.9711000518829505,-0.12053668025532363,0.992708874098054,-2.4492935982947064e-16,1.0,0.0,0.0,0.0,0.0,0.0,0.0,0.0,0.0,0.0,0.0,0.0,0.0,0.0,0.0,0.35714285714285715,1.336306209562124,5.0,5.0,0.32142857142857145,1.1880133254200713,9.0,5.0,0.30357142857142855,1.1106041411959366,17.0,5.0,0.5357142857142857,1.3922888200182018,45.0,5.0,0.0,0.0,0.0,954,0.279874213836478,0.16666666666666666,0.24423480083857443,0.2526205450733753,0.09538784067085954,0.31551362683438156,40.0,5.9958071278826
2024-12-17,0,0,0,0,0,0,0,0,0,0,0,0,2024,12,17,1,352,51,4,0,0,0,0.7818314824680298,0.6234898018587336,-0.22192151300416674,0.9750645322571945,-0.12053668025532363,0.992708874098054,-2.4492935982947064e-16,1.0,0.0,0.0,0.0,0.0,0.0,0.0,0.0,0.0,0.0,0.0,0.0,0.0,0.0,0.0,0.35714285714285715,1.336306209562124,5.0,5.0,0.32142857142857145,1.1880133254200713,9.0,5.0,0.30357142857142855,1.1106041411959366,17.0,5.0,0.5357142857142857,1.3922888200182018,45.0,5.0,0.0,0.0,0.0,954,0.279874213836478,0.16666666666666666,0.24423480083857443,0.2526205450733753,0.09538784067085954,0.31551362683438156,40.0,5.9958071278826
2024-12-18,4,0,4,0,0,0,0,0,4,4,4,4,2024,12,18,2,353,51,4,0,0,0,0.9749279121818236,-0.22252093395631434,-0.20510449986861926,0.9787400799669153,-0.12053668025532363,0.992708874098054,-2.4492935982947064e-16,1.0,0.0,0.0,0.0,0.0,0.0,4.0,1.3333333333333333,2.309401076758504,4.0,4.0,0.5714285714285714,1.511857892036907,4.0,4.0,0.6428571428571429,1.645840578182229,9.0,5.0,0.32142857142857145,1.1880133254200713,9.0,5.0,0.375,1.214495780149114,21.0,5.0,0.5833333333333334,1.441287354051159,49.0,5.0,4.0,4.0,0.0,954,0.279874213836478,0.16666666666666666,0.24423480083857443,0.2526205450733753,0.09538784067085954,0.31551362683438156,40.0,5.9958071278826
2024-12-19,0,0,0,0,0,0,0,0,0,0,0,0,2024,12,19,3,354,51,4,0,0,0,0.43388373911755823,-0.900968867902419,-0.1882267098432439,0.9821256058680006,-0.12053668025532363,0.992708874098054,-2.4492935982947064e-16,1.0,4.0,0.0,0.0,0.0,0.0,0.0,1.3333333333333333,2.309401076758504,4.0,4.0,0.5714285714285714,1.511857892036907,4.0,4.0,0.6428571428571429,1.645840578182229,9.0,5.0,0.32142857142857145,1.1880133254200713,9.0,5.0,0.375,1.214495780149114,21.0,5.0,0.5833333333333334,1.441287354051159,49.0,5.0,-4.0,0.0,0.0,954,0.279874213836478,0.16666666666666666,0.24423480083857443,0.2526205450733753,0.09538784067085954,0.31551362683438156,40.0,5.9958071278826
2024-12-20,1,0,0,0,0,0,0,0,2,0,0,0,2024,12,20,4,355,51,4,0,0,1,-0.433883739117558,-0.9009688679024191,-0.1712931441814778,0.9852201067560606,-0.12053668025532363,0.992708874098054,-2.4492935982947064e-16,1.0,0.0,4.0,0.0,0.0,0.0,0.0,1.6666666666666667,2.081665999466134,5.0,4.0,0.7142857142857143,1.4960264830861896,5.0,4.0,0.7142857142857143,1.6374732612530458,10.0,5.0,0.35714285714285715,1.1930131697849855,10.0,5.0,0.39285714285714285,1.2162322061270967,22.0,5.0,0.5952380952380952,1.440540792186377,50.0,5.0,1.0,1.0,1.0,954,0.279874213836478,0.16666666666666666,0.24423480083857443,0.2526205450733753,0.09538784067085954,0.31551362683438156,40.0,5.9958071278826
2024-12-21,0,0,0,0,0,0,0,0,0,0,0,0,2024,12,21,5,356,51,4,1,0,0,-0.9749279121818236,-0.2225209339563146,-0.154308820664281,0.9880226656636976,-0.12053668025532363,0.992708874098054,-2.4492935982947064e-16,1.0,1.0,0.0,4.0,0.0,0.0,0.0,0.3333333333333333,0.5773502691896224,1.0,1.0,0.7142857142857143,1.4960264830861896,5.0,4.0,0.7142857142857143,1.6374732612530458,10.0,5.0,0.35714285714285715,1.1930131697849855,10.0,5.0,0.39285714285714285,1.2162322061270967,22.0,5.0,0.5952380952380952,1.440540792186377,50.0,5.0,-1.0,0.0,0.0,954,0.279874213836478,0.16666666666666666,0.24423480083857443,0.2526205450733753,0.09538784067085954,0.31551362683438156,40.0,5.9958071278826
2024-12-22,0,0,0,0,0,0,0,0,0,0,0,0,2024,12,22,6,357,51,4,1,0,0,-0.7818314824680299,0.6234898018587334,-0.13727877211326517,0.9905324521322227,-0.12053668025532363,0.992708874098054,-2.4492935982947064e-16,1.0,0.0,1.0,0.0,0.0,5.0,0.0,0.3333333333333333,0.5773502691896224,1.0,1.0,0.7142857142857143,1.4960264830861896,5.0,4.0,0.35714285714285715,1.0818177620697838,5.0,4.0,0.35714285714285715,1.1930131697849855,10.0,5.0,0.39285714285714285,1.2162322061270967,22.0,5.0,0.5952380952380952,1.440540792186377,50.0,5.0,0.0,0.0,0.0,954,0.279874213836478,0.16666666666666666,0.24423480083857443,0.2526205450733753,0.09538784067085954,0.31551362683438156,40.0,5.9958071278826
2024-12-23,0,0,0,0,0,0,0,0,0,0,0,0,2024,12,23,0,358,52,4,0,1,0,0.0,1.0,-0.12020804489935275,0.9927487224577402,6.432490598706546e-16,1.0,-2.4492935982947064e-16,1.0,0.0,0.0,1.0,0.0,0.0,0.0,0.0,0.0,0.0,0.0,0.7142857142857143,1.4960264830861896,5.0,4.0,0.35714285714285715,1.0818177620697838,5.0,4.0,0.35714285714285715,1.1930131697849855,10.0,5.0,0.39285714285714285,1.2162322061270967,22.0,5.0,0.5952380952380952,1.440540792186377,50.0,5.0,0.0,0.0,0.0,954,0.279874213836478,0.16666666666666666,0.24423480083857443,0.2526205450733753,0.09538784067085954,0.31551362683438156,40.0,5.9958071278826
2024-12-24,0,0,0,0,0,0,0,0,0,0,0,0,2024,12,24,1,359,52,4,0,0,0,0.7818314824680298,0.6234898018587336,-0.10310169744743544,0.9946708199115211,6.432490598706546e-16,1.0,-2.4492935982947064e-16,1.0,0.0,0.0,0.0,0.0,0.0,0.0,0.0,0.0,0.0,0.0,0.7142857142857143,1.4960264830861896,5.0,4.0,0.35714285714285715,1.0818177620697838,5.0,4.0,0.35714285714285715,1.1930131697849855,10.0,5.0,0.39285714285714285,1.2162322061270967,22.0,5.0,0.5952380952380952,1.440540792186377,50.0,5.0,0.0,0.0,0.0,954,0.279874213836478,0.16666666666666666,0.24423480083857443,0.2526205450733753,0.09538784067085954,0.31551362683438156,40.0,5.9958071278826
2024-12-25,0,0,0,0,0,0,0,0,0,0,0,0,2024,12,25,2,360,52,4,0,0,0,0.9749279121818236,-0.22252093395631434,-0.0859647987374467,0.9962981749346077,6.432490598706546e-16,1.0,-2.4492935982947064e-16,1.0,0.0,0.0,0.0,4.0,0.0,0.0,0.0,0.0,0.0,0.0,0.14285714285714285,0.37796447300921787,1.0,1.0,0.35714285714285715,1.0818177620697838,5.0,4.0,0.35714285714285715,1.1930131697849855,10.0,5.0,0.32142857142857145,1.113669493278749,18.0,5.0,0.5952380952380952,1.440540792186377,50.0,5.0,0.0,-4.0,0.0,954,0.279874213836478,0.16666666666666666,0.24423480083857443,0.2526205450733753,0.09538784067085954,0.31551362683438156,40.0,5.9958071278826
2024-12-26,0,0,0,0,0,0,0,0,0,0,0,0,2024,12,26,3,361,52,4,0,0,0,0.43388373911755823,-0.900968867902419,-0.06880242680232064,0.9976303053065857,6.432490598706546e-16,1.0,-2.4492935982947064e-16,1.0,0.0,0.0,0.0,0.0,0.0,0.0,0.0,0.0,0.0,0.0,0.14285714285714285,0.37796447300921787,1.0,1.0,0.35714285714285715,1.0818177620697838,5.0,4.0,0.35714285714285715,1.1930131697849855,10.0,5.0,0.32142857142857145,1.113669493278749,18.0,5.0,0.5476190476190477,1.3919282101758768,46.0,5.0,0.0,0.0,0.0,954,0.279874213836478,0.16666666666666666,0.24423480083857443,0.2526205450733753,0.09538784067085954,0.31551362683438156,40.0,5.9958071278826
2024-12-27,0,0,0,0,0,0,0,0,0,0,0,0,2024,12,27,4,362,52,4,0,0,1,-0.433883739117558,-0.9009688679024191,-0.05161966722325418,0.9986668162884759,6.432490598706546e-16,1.0,-2.4492935982947064e-16,1.0,0.0,0.0,0.0,1.0,0.0,0.0,0.0,0.0,0.0,0.0,0.0,0.0,0.0,0.0,0.35714285714285715,1.0818177620697838,5.0,4.0,0.35714285714285715,1.1930131697849855,10.0,5.0,0.32142857142857145,1.113669493278749,18.0,5.0,0.5476190476190477,1.3919282101758768,46.0,5.0,0.0,-1.0,0.0,954,0.279874213836478,0.16666666666666666,0.24423480083857443,0.2526205450733753,0.09538784067085954,0.31551362683438156,40.0,5.9958071278826
2024-12-28,0,0,0,0,0,0,0,0,0,0,0,0,2024,12,28,5,363,52,4,1,0,0,-0.9749279121818236,-0.2225209339563146,-0.034421611622745804,0.9994074007397048,6.432490598706546e-16,1.0,-2.4492935982947064e-16,1.0,0.0,0.0,0.0,0.0,0.0,0.0,0.0,0.0,0.0,0.0,0.0,0.0,0.0,0.0,0.35714285714285715,1.0818177620697838,5.0,4.0,0.35714285714285715,1.1930131697849855,10.0,5.0,0.32142857142857145,1.113669493278749,18.0,5.0,0.5,1.3398435441840093,42.0,5.0,0.0,0.0,0.0,954,0.279874213836478,0.16666666666666666,0.24423480083857443,0.2526205450733753,0.09538784067085954,0.31551362683438156,40.0,5.9958071278826
2024-12-29,0,0,0,0,0,0,0,0,0,0,0,0,2024,12,29,6,364,52,4,1,0,0,-0.7818314824680299,0.6234898018587334,-0.01721335615583528,0.9998518392091162,6.432490598706546e-16,1.0,-2.4492935982947064e-16,1.0,0.0,0.0,0.0,0.0,0.0,0.0,0.0,0.0,0.0,0.0,0.0,0.0,0.0,0.0,0.35714285714285715,1.0818177620697838,5.0,4.0,0.35714285714285715,1.1930131697849855,10.0,5.0,0.32142857142857145,1.113669493278749,18.0,5.0,0.4523809523809524,1.2838642902493222,38.0,5.0,0.0,0.0,0.0,954,0.279874213836478,0.16666666666666666,0.24423480083857443,0.2526205450733753,0.09538784067085954,0.31551362683438156,40.0,5.9958071278826
2024-12-30,8,4,4,0,0,4,0,4,12,0,0,4,2024,12,30,0,365,1,4,0,1,0,0.0,1.0,6.432490598706546e-16,1.0,0.12053668025532305,0.992708874098054,-2.4492935982947064e-16,1.0,0.0,0.0,0.0,0.0,0.0,0.0,2.6666666666666665,4.618802153517008,8.0,8.0,1.1428571428571428,3.0237157840738176,8.0,8.0,0.9285714285714286,2.3026501693044485,13.0,8.0,0.6428571428571429,1.8701215194084295,18.0,8.0,0.4642857142857143,1.513145858670074,26.0,8.0,0.5476190476190477,1.524141171597342,46.0,8.0,8.0,8.0,8.0,954,0.279874213836478,0.16666666666666666,0.24423480083857443,0.2526205450733753,0.09538784067085954,0.31551362683438156,40.0,5.9958071278826
2024-12-31,0,0,0,0,0,0,0,0,0,0,0,0,2024,12,31,1,366,1,4,0,0,0,0.7818314824680298,0.6234898018587336,0.017213356155833904,0.9998518392091162,0.12053668025532305,0.992708874098054,-2.4492935982947064e-16,1.0,8.0,0.0,0.0,0.0,0.0,0.0,2.6666666666666665,4.618802153517008,8.0,8.0,1.1428571428571428,3.0237157840738176,8.0,8.0,0.9285714285714286,2.3026501693044485,13.0,8.0,0.6428571428571429,1.8701215194084295,18.0,8.0,0.4642857142857143,1.513145858670074,26.0,8.0,0.5476190476190477,1.524141171597342,46.0,8.0,-8.0,0.0,0.0,954,0.279874213836478,0.16666666666666666,0.24423480083857443,0.2526205450733753,0.09538784067085954,0.31551362683438156,40.0,5.9958071278826
2025-01-01,0,0,0,0,0,0,0,0,0,0,0,0,2025,1,1,2,1,1,1,0,0,0,0.9749279121818236,-0.22252093395631434,0.017213356155834685,0.9998518392091162,0.12053668025532305,0.992708874098054,0.49999999999999994,0.8660254037844387,0.0,8.0,0.0,0.0,4.0,0.0,2.6666666666666665,4.618802153517008,8.0,8.0,1.1428571428571428,3.0237157840738176,8.0,8.0,0.6428571428571429,2.134231724753678,9.0,8.0,0.6428571428571429,1.8701215194084295,18.0,8.0,0.4642857142857143,1.513145858670074,26.0,8.0,0.5476190476190477,1.524141171597342,46.0,8.0,0.0,0.0,0.0,954,0.279874213836478,0.16666666666666666,0.24423480083857443,0.2526205450733753,0.09538784067085954,0.31551362683438156,40.0,5.9958071278826
2025-01-02,0,0,0,0,0,0,0,0,0,0,0,0,2025,1,2,3,2,1,1,0,0,0,0.43388373911755823,-0.900968867902419,0.03442161162274574,0.9994074007397048,0.12053668025532305,0.992708874098054,0.49999999999999994,0.8660254037844387,0.0,0.0,8.0,0.0,0.0,0.0,0.0,0.0,0.0,0.0,1.1428571428571428,3.0237157840738176,8.0,8.0,0.6428571428571429,2.134231724753678,9.0,8.0,0.6428571428571429,1.8701215194084295,18.0,8.0,0.4642857142857143,1.513145858670074,26.0,8.0,0.5476190476190477,1.524141171597342,46.0,8.0,0.0,0.0,0.0,954,0.279874213836478,0.16666666666666666,0.24423480083857443,0.2526205450733753,0.09538784067085954,0.31551362683438156,40.0,5.9958071278826
2025-01-03,0,0,0,0,0,0,0,0,0,0,0,0,2025,1,3,4,3,1,1,0,0,1,-0.433883739117558,-0.9009688679024191,0.051619667223253764,0.998666816288476,0.12053668025532305,0.992708874098054,0.49999999999999994,0.8660254037844387,0.0,0.0,0.0,0.0,1.0,0.0,0.0,0.0,0.0,0.0,1.1428571428571428,3.0237157840738176,8.0,8.0,0.5714285714285714,2.138089935299396,8.0,8.0,0.6428571428571429,1.8701215194084295,18.0,8.0,0.4642857142857143,1.513145858670074,26.0,8.0,0.5,1.476727087706549,42.0,8.0,0.0,0.0,0.0,954,0.279874213836478,0.16666666666666666,0.24423480083857443,0.2526205450733753,0.09538784067085954,0.31551362683438156,40.0,5.9958071278826
2025-01-04,0,0,0,0,0,0,0,0,0,0,0,0,2025,1,4,5,4,1,1,1,0,0,-0.9749279121818236,-0.2225209339563146,0.06880242680231986,0.9976303053065857,0.12053668025532305,0.992708874098054,0.49999999999999994,0.8660254037844387,0.0,0.0,0.0,0.0,0.0,0.0,0.0,0.0,0.0,0.0,1.1428571428571428,3.0237157840738176,8.0,8.0,0.5714285714285714,2.138089935299396,8.0,8.0,0.6428571428571429,1.8701215194084295,18.0,8.0,0.39285714285714285,1.4356319030444282,22.0,8.0,0.5,1.476727087706549,42.0,8.0,0.0,0.0,0.0,954,0.279874213836478,0.16666666666666666,0.24423480083857443,0.2526205450733753,0.09538784067085954,0.31551362683438156,40.0,5.9958071278826
2025-01-05,0,0,0,0,0,0,0,0,0,0,0,0,2025,1,5,6,5,1,1,1,0,0,-0.7818314824680299,0.6234898018587334,0.08596479873744647,0.9962981749346078,0.12053668025532305,0.992708874098054,0.49999999999999994,0.8660254037844387,0.0,0.0,0.0,0.0,0.0,5.0,0.0,0.0,0.0,0.0,1.1428571428571428,3.0237157840738176,8.0,8.0,0.5714285714285714,2.138089935299396,8.0,8.0,0.4642857142857143,1.66626979401747,13.0,8.0,0.39285714285714285,1.4356319030444282,22.0,8.0,0.5,1.476727087706549,42.0,8.0,0.0,0.0,-5.0,954,0.279874213836478,0.16666666666666666,0.24423480083857443,0.2526205450733753,0.09538784067085954,0.31551362683438156,40.0,5.9958071278826
2025-01-06,0,0,0,0,0,0,0,0,0,0,0,0,2025,1,6,0,6,2,1,0,1,0,0.0,1.0,0.10310169744743485,0.9946708199115211,0.23931566428755774,0.970941817426052,0.49999999999999994,0.8660254037844387,0.0,0.0,0.0,8.0,0.0,0.0,0.0,0.0,0.0,0.0,0.0,0.0,0.0,0.0,0.5714285714285714,2.138089935299396,8.0,8.0,0.4642857142857143,1.66626979401747,13.0,8.0,0.39285714285714285,1.4356319030444282,22.0,8.0,0.5,1.476727087706549,42.0,8.0,0.0,-8.0,0.0,954,0.279874213836478,0.16666666666666666,0.24423480083857443,0.2526205450733753,0.09538784067085954,0.31551362683438156,40.0,5.9958071278826
2025-01-07,0,0,0,0,0,0,0,0,0,0,0,0,2025,1,7,1,7,2,1,0,0,0,0.7818314824680298,0.6234898018587336,0.1202080448993527,0.9927487224577402,0.23931566428755774,0.970941817426052,0.49999999999999994,0.8660254037844387,0.0,0.0,0.0,0.0,0.0,0.0,0.0,0.0,0.0,0.0,0.0,0.0,0.0,0.0,0.5714285714285714,2.138089935299396,8.0,8.0,0.4642857142857143,1.66626979401747,13.0,8.0,0.39285714285714285,1.4356319030444282,22.0,8.0,0.4523809523809524,1.4261310193849983,38.0,8.0,0.0,0.0,0.0,954,0.279874213836478,0.16666666666666666,0.24423480083857443,0.2526205450733753,0.09538784067085954,0.31551362683438156,40.0,5.9958071278826
2025-01-08,0,0,0,0,0,0,0,0,0,0,0,0,2025,1,8,2,8,2,1,0,0,0,0.9749279121818236,-0.22252093395631434,0.13727877211326478,0.9905324521322229,0.23931566428755774,0.970941817426052,0.49999999999999994,0.8660254037844387,0.0,0.0,0.0,0.0,0.0,0.0,0.0,0.0,0.0,0.0,0.0,0.0,0.0,0.0,0.5714285714285714,2.138089935299396,8.0,8.0,0.4642857142857143,1.66626979401747,13.0,8.0,0.39285714285714285,1.4356319030444282,22.0,8.0,0.40476190476190477,1.3720009801802642,34.0,8.0,0.0,0.0,0.0,954,0.279874213836478,0.16666666666666666,0.24423480083857443,0.2526205450733753,0.09538784067085954,0.31551362683438156,40.0,5.9958071278826
2025-01-09,0,0,0,0,0,0,0,0,0,0,0,0,2025,1,9,3,9,2,1,0,0,0,0.43388373911755823,-0.900968867902419,0.15430882066428117,0.9880226656636976,0.23931566428755774,0.970941817426052,0.49999999999999994,0.8660254037844387,0.0,0.0,0.0,0.0,0.0,0.0,0.0,0.0,0.0,0.0,0.0,0.0,0.0,0.0,0.5714285714285714,2.138089935299396,8.0,8.0,0.4642857142857143,1.66626979401747,13.0,8.0,0.39285714285714285,1.4356319030444282,22.0,8.0,0.35714285714285715,1.3139002652624738,30.0,8.0,0.0,0.0,0.0,954,0.279874213836478,0.16666666666666666,0.24423480083857443,0.2526205450733753,0.09538784067085954,0.31551362683438156,40.0,5.9958071278826
2025-01-10,0,0,0,0,0,0,0,0,0,0,0,0,2025,1,10,4,10,2,1,0,0,1,-0.433883739117558,-0.9009688679024191,0.1712931441814776,0.9852201067560606,0.23931566428755774,0.970941817426052,0.49999999999999994,0.8660254037844387,0.0,0.0,0.0,0.0,0.0,0.0,0.0,0.0,0.0,0.0,0.0,0.0,0.0,0.0,0.5714285714285714,2.138089935299396,8.0,8.0,0.4642857142857143,1.66626979401747,13.0,8.0,0.39285714285714285,1.4356319030444282,22.0,8.0,0.35714285714285715,1.3139002652624738,30.0,8.0,0.0,0.0,0.0,954,0.279874213836478,0.16666666666666666,0.24423480083857443,0.2526205450733753,0.09538784067085954,0.31551362683438156,40.0,5.9958071278826
2025-01-11,0,0,0,0,0,0,0,0,0,0,0,0,2025,1,11,5,11,2,1,1,0,0,-0.9749279121818236,-0.2225209339563146,0.1882267098432442,0.9821256058680006,0.23931566428755774,0.970941817426052,0.49999999999999994,0.8660254037844387,0.0,0.0,0.0,0.0,0.0,0.0,0.0,0.0,0.0,0.0,0.0,0.0,0.0,0.0,0.5714285714285714,2.138089935299396,8.0,8.0,0.4642857142857143,1.66626979401747,13.0,8.0,0.39285714285714285,1.4356319030444282,22.0,8.0,0.35714285714285715,1.3139002652624738,30.0,8.0,0.0,0.0,0.0,954,0.279874213836478,0.16666666666666666,0.24423480083857443,0.2526205450733753,0.09538784067085954,0.31551362683438156,40.0,5.9958071278826
2025-01-12,0,0,0,0,0,0,0,0,0,0,0,0,2025,1,12,6,12,2,1,1,0,0,-0.7818314824680299,0.6234898018587334,0.2051044998686192,0.9787400799669153,0.23931566428755774,0.970941817426052,0.49999999999999994,0.8660254037844387,0.0,0.0,0.0,0.0,0.0,0.0,0.0,0.0,0.0,0.0,0.0,0.0,0.0,0.0,0.5714285714285714,2.138089935299396,8.0,8.0,0.4642857142857143,1.66626979401747,13.0,8.0,0.39285714285714285,1.4356319030444282,22.0,8.0,0.35714285714285715,1.3139002652624738,30.0,8.0,0.0,0.0,0.0,954,0.279874213836478,0.16666666666666666,0.24423480083857443,0.2526205450733753,0.09538784067085954,0.31551362683438156,40.0,5.9958071278826
2025-01-13,0,0,0,0,0,0,0,0,0,0,0,0,2025,1,13,0,13,3,1,0,1,0,0.0,1.0,0.2219215130041655,0.9750645322571948,0.3546048870425356,0.9350162426854148,0.49999999999999994,0.8660254037844387,0.0,0.0,0.0,0.0,8.0,0.0,0.0,0.0,0.0,0.0,0.0,0.0,0.0,0.0,0.0,0.0,0.0,0.0,0.4642857142857143,1.66626979401747,13.0,8.0,0.39285714285714285,1.4356319030444282,22.0,8.0,0.35714285714285715,1.3139002652624738,30.0,8.0,0.0,0.0,0.0,954,0.279874213836478,0.16666666666666666,0.24423480083857443,0.2526205450733753,0.09538784067085954,0.31551362683438156,40.0,5.9958071278826
2025-01-14,0,0,0,0,0,0,0,0,0,0,0,0,2025,1,14,1,14,3,1,0,0,0,0.7818314824680298,0.6234898018587336,0.2386727660059501,0.9711000518829505,0.3546048870425356,0.9350162426854148,0.49999999999999994,0.8660254037844387,0.0,0.0,0.0,0.0,0.0,0.0,0.0,0.0,0.0,0.0,0.0,0.0,0.0,0.0,0.0,0.0,0.0,0.0,0.4642857142857143,1.66626979401747,13.0,8.0,0.39285714285714285,1.4356319030444282,22.0,8.0,0.35714285714285715,1.3139002652624738,30.0,8.0,0.0,0.0,0.0,954,0.279874213836478,0.16666666666666666,0.24423480083857443,0.2526205450733753,0.09538784067085954,0.31551362683438156,40.0,5.9958071278826
2025-01-15,0,0,0,0,0,0,0,0,0,0,0,0,2025,1,15,2,15,3,1,0,0,0,0.9749279121818236,-0.22252093395631434,0.255353295116187,0.9668478136052775,0.3546048870425356,0.9350162426854148,0.49999999999999994,0.8660254037844387,0.0,0.0,0.0,0.0,0.0,4.0,0.0,0.0,0.0,0.0,0.0,0.0,0.0,0.0,0.0,0.0,0.0,0.0,0.32142857142857145,1.5166623059417497,9.0,8.0,0.32142857142857145,1.3498436657916826,18.0,8.0,0.35714285714285715,1.3139002652624738,30.0,8.0,0.0,0.0,-4.0,954,0.279874213836478,0.16666666666666666,0.24423480083857443,0.2526205450733753,0.09538784067085954,0.31551362683438156,40.0,5.9958071278826
2025-01-16,0,0,0,0,0,0,0,0,0,0,0,0,2025,1,16,3,16,3,1,0,0,0,0.43388373911755823,-0.900968867902419,0.2719581575341055,0.9623090774541486,0.3546048870425356,0.9350162426854148,0.49999999999999994,0.8660254037844387,0.0,0.0,0.0,0.0,0.0,0.0,0.0,0.0,0.0,0.0,0.0,0.0,0.0,0.0,0.0,0.0,0.0,0.0,0.32142857142857145,1.5166623059417497,9.0,8.0,0.32142857142857145,1.3498436657916826,18.0,8.0,0.35714285714285715,1.3139002652624738,30.0,8.0,0.0,0.0,0.0,954,0.279874213836478,0.16666666666666666,0.24423480083857443,0.2526205450733753,0.09538784067085954,0.31551362683438156,40.0,5.9958071278826
2025-01-17,0,0,0,0,0,0,0,0,0,0,0,0,2025,1,17,4,17,3,1,0,0,1,-0.433883739117558,-0.9009688679024191,0.288482432880609,0.9574851883550393,0.3546048870425356,0.9350162426854148,0.49999999999999994,0.8660254037844387,0.0,0.0,0.0,0.0,0.0,1.0,0.0,0.0,0.0,0.0,0.0,0.0,0.0,0.0,0.0,0.0,0.0,0.0,0.2857142857142857,1.5118578920369072,8.0,8.0,0.32142857142857145,1.3498436657916826,18.0,8.0,0.35714285714285715,1.3139002652624738,30.0,8.0,0.0,0.0,-1.0,954,0.279874213836478,0.16666666666666666,0.24423480083857443,0.2526205450733753,0.09538784067085954,0.31551362683438156,40.0,5.9958071278826
2025-01-18,0,0,0,0,0,0,0,0,0,0,0,0,2025,1,18,5,18,3,1,1,0,0,-0.9749279121818236,-0.2225209339563146,0.30492122465628907,0.9523775757303974,0.3546048870425356,0.9350162426854148,0.49999999999999994,0.8660254037844387,0.0,0.0,0.0,0.0,0.0,0.0,0.0,0.0,0.0,0.0,0.0,0.0,0.0,0.0,0.0,0.0,0.0,0.0,0.2857142857142857,1.5118578920369072,8.0,8.0,0.32142857142857145,1.3498436657916826,18.0,8.0,0.35714285714285715,1.3139002652624738,30.0,8.0,0.0,0.0,0.0,954,0.279874213836478,0.16666666666666666,0.24423480083857443,0.2526205450733753,0.09538784067085954,0.31551362683438156,40.0,5.9958071278826
2025-01-19,0,0,0,0,0,0,0,0,0,0,0,0,2025,1,19,6,19,3,1,1,0,0,-0.7818314824680299,0.6234898018587334,0.3212696616923644,0.9469877530760753,0.3546048870425356,0.9350162426854148,0.49999999999999994,0.8660254037844387,0.0,0.0,0.0,0.0,0.0,0.0,0.0,0.0,0.0,0.0,0.0,0.0,0.0,0.0,0.0,0.0,0.0,0.0,0.2857142857142857,1.5118578920369072,8.0,8.0,0.32142857142857145,1.3498436657916826,18.0,8.0,0.35714285714285715,1.3139002652624738,30.0,8.0,0.0,0.0,0.0,954,0.279874213836478,0.16666666666666666,0.24423480083857443,0.2526205450733753,0.09538784067085954,0.31551362683438156,40.0,5.9958071278826
2025-01-20,0,0,0,0,0,0,0,0,0,0,0,0,2025,1,20,0,20,4,1,0,1,0,0.0,1.0,0.3375228995941133,0.9413173175128471,0.4647231720437685,0.8854560256532099,0.49999999999999994,0.8660254037844387,0.0,0.0,0.0,0.0,0.0,0.0,0.0,0.0,0.0,0.0,0.0,0.0,0.0,0.0,0.0,0.0,0.0,0.0,0.2857142857142857,1.5118578920369072,8.0,8.0,0.32142857142857145,1.3498436657916826,18.0,8.0,0.35714285714285715,1.3139002652624738,30.0,8.0,0.0,0.0,0.0,954,0.279874213836478,0.16666666666666666,0.24423480083857443,0.2526205450733753,0.09538784067085954,0.31551362683438156,40.0,5.9958071278826
2025-01-21,0,0,0,0,0,0,0,0,0,0,0,0,2025,1,21,1,21,4,1,0,0,0,0.7818314824680298,0.6234898018587336,0.3536761221763716,0.9353679493131483,0.4647231720437685,0.8854560256532099,0.49999999999999994,0.8660254037844387,0.0,0.0,0.0,0.0,0.0,0.0,0.0,0.0,0.0,0.0,0.0,0.0,0.0,0.0,0.0,0.0,0.0,0.0,0.2857142857142857,1.5118578920369072,8.0,8.0,0.32142857142857145,1.3498436657916826,18.0,8.0,0.35714285714285715,1.3139002652624738,30.0,8.0,0.0,0.0,0.0,954,0.279874213836478,0.16666666666666666,0.24423480083857443,0.2526205450733753,0.09538784067085954,0.31551362683438156,40.0,5.9958071278826
2025-01-22,0,0,0,0,0,0,0,0,0,0,0,0,2025,1,22,2,22,4,1,0,0,0,0.9749279121818236,-0.22252093395631434,0.3697245428906731,0.9291414114031743,0.4647231720437685,0.8854560256532099,0.49999999999999994,0.8660254037844387,0.0,0.0,0.0,0.0,0.0,0.0,0.0,0.0,0.0,0.0,0.0,0.0,0.0,0.0,0.0,0.0,0.0,0.0,0.2857142857142857,1.5118578920369072,8.0,8.0,0.32142857142857145,1.3498436657916826,18.0,8.0,0.30952380952380953,1.2512758835587277,26.0,8.0,0.0,0.0,0.0,954,0.279874213836478,0.16666666666666666,0.24423480083857443,0.2526205450733753,0.09538784067085954,0.31551362683438156,40.0,5.9958071278826
2025-01-23,0,0,0,0,0,0,0,0,0,0,0,0,2025,1,23,3,23,4,1,0,0,0,0.43388373911755823,-0.900968867902419,0.38566340624360707,0.9226395488404876,0.4647231720437685,0.8854560256532099,0.49999999999999994,0.8660254037844387,0.0,0.0,0.0,0.0,0.0,0.0,0.0,0.0,0.0,0.0,0.0,0.0,0.0,0.0,0.0,0.0,0.0,0.0,0.2857142857142857,1.5118578920369072,8.0,8.0,0.32142857142857145,1.3498436657916826,18.0,8.0,0.30952380952380953,1.2512758835587277,26.0,8.0,0.0,0.0,0.0,954,0.279874213836478,0.16666666666666666,0.24423480083857443,0.2526205450733753,0.09538784067085954,0.31551362683438156,40.0,5.9958071278826
2025-01-24,0,0,0,0,0,0,0,0,0,0,0,0,2025,1,24,4,24,4,1,0,0,1,-0.433883739117558,-0.9009688679024191,0.401487989205973,0.9158642882672872,0.4647231720437685,0.8854560256532099,0.49999999999999994,0.8660254037844387,0.0,0.0,0.0,0.0,0.0,0.0,0.0,0.0,0.0,0.0,0.0,0.0,0.0,0.0,0.0,0.0,0.0,0.0,0.2857142857142857,1.5118578920369072,8.0,8.0,0.32142857142857145,1.3498436657916826,18.0,8.0,0.30952380952380953,1.2512758835587277,26.0,8.0,0.0,0.0,0.0,954,0.279874213836478,0.16666666666666666,0.24423480083857443,0.2526205450733753,0.09538784067085954,0.31551362683438156,40.0,5.9958071278826
2025-01-25,0,0,0,0,0,0,0,0,0,0,0,0,2025,1,25,5,25,4,1,1,0,0,-0.9749279121818236,-0.2225209339563146,0.4171936026123168,0.9088176373395029,0.4647231720437685,0.8854560256532099,0.49999999999999994,0.8660254037844387,0.0,0.0,0.0,0.0,0.0,0.0,0.0,0.0,0.0,0.0,0.0,0.0,0.0,0.0,0.0,0.0,0.0,0.0,0.2857142857142857,1.5118578920369072,8.0,8.0,0.32142857142857145,1.3498436657916826,18.0,8.0,0.30952380952380953,1.2512758835587277,26.0,8.0,0.0,0.0,0.0,954,0.279874213836478,0.16666666666666666,0.24423480083857443,0.2526205450733753,0.09538784067085954,0.31551362683438156,40.0,5.9958071278826
2025-01-26,0,0,0,0,0,0,0,0,0,0,0,0,2025,1,26,6,26,4,1,1,0,0,-0.7818314824680299,0.6234898018587334,0.4327755925504312,0.901501684131884,0.4647231720437685,0.8854560256532099,0.49999999999999994,0.8660254037844387,0.0,0.0,0.0,0.0,0.0,0.0,0.0,0.0,0.0,0.0,0.0,0.0,0.0,0.0,0.0,0.0,0.0,0.0,0.2857142857142857,1.5118578920369072,8.0,8.0,0.32142857142857145,1.3498436657916826,18.0,8.0,0.30952380952380953,1.2512758835587277,26.0,8.0,0.0,0.0,0.0,954,0.279874213836478,0.16666666666666666,0.24423480083857443,0.2526205450733753,0.09538784067085954,0.31551362683438156,40.0,5.9958071278826
2025-01-27,0,0,0,0,0,0,0,0,0,0,0,0,2025,1,27,0,27,5,1,0,1,0,0.0,1.0,0.4482293417404106,0.893918596519257,0.5680647467311558,0.8229838658936564,0.49999999999999994,0.8660254037844387,0.0,0.0,0.0,0.0,0.0,8.0,0.0,0.0,0.0,0.0,0.0,0.0,0.0,0.0,0.0,0.0,0.0,0.0,0.0,0.0,0.0,0.0,0.32142857142857145,1.3498436657916826,18.0,8.0,0.30952380952380953,1.2512758835587277,26.0,8.0,0.0,0.0,-8.0,954,0.279874213836478,0.16666666666666666,0.24423480083857443,0.2526205450733753,0.09538784067085954,0.31551362683438156,40.0,5.9958071278826
2025-01-28,4,0,0,0,0,0,0,0,8,0,0,4,2025,1,28,1,28,5,1,0,0,0,0.7818314824680298,0.6234898018587336,0.4635502709028509,0.886070621534138,0.5680647467311558,0.8229838658936564,0.49999999999999994,0.8660254037844387,0.0,0.0,0.0,0.0,0.0,0.0,1.3333333333333333,2.3094010767585034,4.0,4.0,0.5714285714285714,1.511857892036907,4.0,4.0,0.2857142857142857,1.0690449676496998,4.0,4.0,0.14285714285714285,0.7559289460184512,4.0,4.0,0.39285714285714285,1.4356319030444282,22.0,8.0,0.35714285714285715,1.3139002652624738,30.0,8.0,4.0,4.0,4.0,954,0.279874213836478,0.16666666666666666,0.24423480083857443,0.2526205450733753,0.09538784067085954,0.31551362683438156,40.0,5.9958071278826
2025-01-29,0,0,0,0,0,0,0,0,0,0,0,0,2025,1,29,2,29,5,1,0,0,0,0.9749279121818236,-0.22252093395631434,0.47873384011578846,0.8779600847008882,0.5680647467311558,0.8229838658936564,0.49999999999999994,0.8660254037844387,4.0,0.0,0.0,0.0,0.0,0.0,1.3333333333333333,2.3094010767585034,4.0,4.0,0.5714285714285714,1.511857892036907,4.0,4.0,0.2857142857142857,1.0690449676496998,4.0,4.0,0.14285714285714285,0.7559289460184512,4.0,4.0,0.39285714285714285,1.4356319030444282,22.0,8.0,0.35714285714285715,1.3139002652624738,30.0,8.0,-4.0,0.0,0.0,954,0.279874213836478,0.16666666666666666,0.24423480083857443,0.2526205450733753,0.09538784067085954,0.31551362683438156,40.0,5.9958071278826
2025-01-30,0,0,0,0,0,0,0,0,0,0,0,0,2025,1,30,3,30,5,1,0,0,0,0.43388373911755823,-0.900968867902419,0.49377555015997715,0.869589389346611,0.5680647467311558,0.8229838658936564,0.49999999999999994,0.8660254037844387,0.0,4.0,0.0,0.0,0.0,0.0,1.3333333333333333,2.3094010767585034,4.0,4.0,0.5714285714285714,1.511857892036907,4.0,4.0,0.2857142857142857,1.0690449676496998,4.0,4.0,0.14285714285714285,0.7559289460184512,4.0,4.0,0.39285714285714285,1.4356319030444282,22.0,8.0,0.35714285714285715,1.3139002652624738,30.0,8.0,0.0,0.0,0.0,954,0.279874213836478,0.16666666666666666,0.24423480083857443,0.2526205450733753,0.09538784067085954,0.31551362683438156,40.0,5.9958071278826
2025-01-31,0,0,0,0,0,0,0,0,0,0,0,0,2025,1,31,4,31,5,1,0,0,1,-0.433883739117558,-0.9009688679024191,0.5086709438521044,0.8609610158889943,0.5680647467311558,0.8229838658936564,0.49999999999999994,0.8660254037844387,0.0,0.0,4.0,0.0,0.0,0.0,0.0,0.0,0.0,0.0,0.5714285714285714,1.511857892036907,4.0,4.0,0.2857142857142857,1.0690449676496998,4.0,4.0,0.14285714285714285,0.7559289460184512,4.0,4.0,0.39285714285714285,1.4356319030444282,22.0,8.0,0.35714285714285715,1.3139002652624738,30.0,8.0,0.0,0.0,0.0,954,0.279874213836478,0.16666666666666666,0.24423480083857443,0.2526205450733753,0.09538784067085954,0.31551362683438156,40.0,5.9958071278826
2025-02-01,0,0,0,0,0,0,0,0,0,0,0,0,2025,2,1,5,32,5,1,1,0,0,-0.9749279121818236,-0.2225209339563146,0.5234156073655503,0.8520775211013093,0.5680647467311558,0.8229838658936564,0.8660254037844386,0.5000000000000001,0.0,0.0,0.0,0.0,0.0,0.0,0.0,0.0,0.0,0.0,0.5714285714285714,1.511857892036907,4.0,4.0,0.2857142857142857,1.0690449676496998,4.0,4.0,0.14285714285714285,0.7559289460184512,4.0,4.0,0.39285714285714285,1.4356319030444282,22.0,8.0,0.30952380952380953,1.2512758835587277,26.0,8.0,0.0,0.0,0.0,954,0.279874213836478,0.16666666666666666,0.24423480083857443,0.2526205450733753,0.09538784067085954,0.31551362683438156,40.0,5.9958071278826
2025-02-02,0,0,0,0,0,0,0,0,0,0,0,0,2025,2,2,6,33,5,1,1,0,0,-0.7818314824680299,0.6234898018587334,0.5380051715382996,0.8429415373547828,0.5680647467311558,0.8229838658936564,0.8660254037844386,0.5000000000000001,0.0,0.0,0.0,0.0,0.0,0.0,0.0,0.0,0.0,0.0,0.5714285714285714,1.511857892036907,4.0,4.0,0.2857142857142857,1.0690449676496998,4.0,4.0,0.14285714285714285,0.7559289460184512,4.0,4.0,0.30357142857142855,1.2922094237410593,17.0,8.0,0.30952380952380953,1.2512758835587277,26.0,8.0,0.0,0.0,0.0,954,0.279874213836478,0.16666666666666666,0.24423480083857443,0.2526205450733753,0.09538784067085954,0.31551362683438156,40.0,5.9958071278826
2025-02-03,0,0,0,0,0,0,0,0,0,0,0,0,2025,2,3,0,34,6,1,0,1,0,0.0,1.0,0.5524353131676196,0.8335557718385699,0.6631226582407952,0.7485107481711011,0.8660254037844386,0.5000000000000001,0.0,0.0,0.0,0.0,0.0,0.0,0.0,0.0,0.0,0.0,0.5714285714285714,1.511857892036907,4.0,4.0,0.2857142857142857,1.0690449676496998,4.0,4.0,0.14285714285714285,0.7559289460184512,4.0,4.0,0.30357142857142855,1.2922094237410593,17.0,8.0,0.30952380952380953,1.2512758835587277,26.0,8.0,0.0,0.0,0.0,954,0.279874213836478,0.16666666666666666,0.24423480083857443,0.2526205450733753,0.09538784067085954,0.31551362683438156,40.0,5.9958071278826
2025-02-04,0,0,0,0,0,0,0,0,0,0,0,0,2025,2,4,1,35,6,1,0,0,0,0.7818314824680298,0.6234898018587336,0.5667017562911176,0.8239230057575542,0.6631226582407952,0.7485107481711011,0.8660254037844386,0.5000000000000001,0.0,0.0,0.0,4.0,0.0,0.0,0.0,0.0,0.0,0.0,0.0,0.0,0.0,0.0,0.2857142857142857,1.0690449676496998,4.0,4.0,0.14285714285714285,0.7559289460184512,4.0,4.0,0.30357142857142855,1.2922094237410593,17.0,8.0,0.30952380952380953,1.2512758835587277,26.0,8.0,0.0,-4.0,0.0,954,0.279874213836478,0.16666666666666666,0.24423480083857443,0.2526205450733753,0.09538784067085954,0.31551362683438156,40.0,5.9958071278826
2025-02-05,0,0,0,0,0,0,0,0,0,0,0,0,2025,2,5,2,36,6,1,0,0,0,0.9749279121818236,-0.22252093395631434,0.5808002734538009,0.8140460935082178,0.6631226582407952,0.7485107481711011,0.8660254037844386,0.5000000000000001,0.0,0.0,0.0,0.0,0.0,0.0,0.0,0.0,0.0,0.0,0.0,0.0,0.0,0.0,0.2857142857142857,1.0690449676496998,4.0,4.0,0.14285714285714285,0.7559289460184512,4.0,4.0,0.30357142857142855,1.2922094237410593,17.0,8.0,0.30952380952380953,1.2512758835587277,26.0,8.0,0.0,0.0,0.0,954,0.279874213836478,0.16666666666666666,0.24423480083857443,0.2526205450733753,0.09538784067085954,0.31551362683438156,40.0,5.9958071278826
2025-02-06,0,0,0,0,0,0,0,0,0,0,0,0,2025,2,6,3,37,6,1,0,0,0,0.43388373911755823,-0.900968867902419,0.5947266869607634,0.8039279618328213,0.6631226582407952,0.7485107481711011,0.8660254037844386,0.5000000000000001,0.0,0.0,0.0,0.0,0.0,0.0,0.0,0.0,0.0,0.0,0.0,0.0,0.0,0.0,0.2857142857142857,1.0690449676496998,4.0,4.0,0.14285714285714285,0.7559289460184512,4.0,4.0,0.30357142857142855,1.2922094237410593,17.0,8.0,0.30952380952380953,1.2512758835587277,26.0,8.0,0.0,0.0,0.0,954,0.279874213836478,0.16666666666666666,0.24423480083857443,0.2526205450733753,0.09538784067085954,0.31551362683438156,40.0,5.9958071278826
2025-02-07,0,0,0,0,0,0,0,0,0,0,0,0,2025,2,7,4,38,6,1,0,0,1,-0.433883739117558,-0.9009688679024191,0.6084768701151261,0.7935716089521474,0.6631226582407952,0.7485107481711011,0.8660254037844386,0.5000000000000001,0.0,0.0,0.0,0.0,0.0,0.0,0.0,0.0,0.0,0.0,0.0,0.0,0.0,0.0,0.2857142857142857,1.0690449676496998,4.0,4.0,0.14285714285714285,0.7559289460184512,4.0,4.0,0.30357142857142855,1.2922094237410593,17.0,8.0,0.30952380952380953,1.2512758835587277,26.0,8.0,0.0,0.0,0.0,954,0.279874213836478,0.16666666666666666,0.24423480083857443,0.2526205450733753,0.09538784067085954,0.31551362683438156,40.0,5.9958071278826
2025-02-08,0,0,0,0,0,0,0,0,0,0,0,0,2025,2,8,5,39,6,1,1,0,0,-0.9749279121818236,-0.2225209339563146,0.6220467484408675,0.7829801036770629,0.6631226582407952,0.7485107481711011,0.8660254037844386,0.5000000000000001,0.0,0.0,0.0,0.0,0.0,0.0,0.0,0.0,0.0,0.0,0.0,0.0,0.0,0.0,0.2857142857142857,1.0690449676496998,4.0,4.0,0.14285714285714285,0.7559289460184512,4.0,4.0,0.30357142857142855,1.2922094237410593,17.0,8.0,0.30952380952380953,1.2512758835587277,26.0,8.0,0.0,0.0,0.0,954,0.279874213836478,0.16666666666666666,0.24423480083857443,0.2526205450733753,0.09538784067085954,0.31551362683438156,40.0,5.9958071278826
2025-02-09,0,0,0,0,0,0,0,0,0,0,0,0,2025,2,9,6,40,6,1,1,0,0,-0.7818314824680299,0.6234898018587334,0.6354323008901774,0.7721565844991642,0.6631226582407952,0.7485107481711011,0.8660254037844386,0.5000000000000001,0.0,0.0,0.0,0.0,0.0,0.0,0.0,0.0,0.0,0.0,0.0,0.0,0.0,0.0,0.2857142857142857,1.0690449676496998,4.0,4.0,0.14285714285714285,0.7559289460184512,4.0,4.0,0.30357142857142855,1.2922094237410593,17.0,8.0,0.30952380952380953,1.2512758835587277,26.0,8.0,0.0,0.0,0.0,954,0.279874213836478,0.16666666666666666,0.24423480083857443,0.2526205450733753,0.09538784067085954,0.31551362683438156,40.0,5.9958071278826
2025-02-10,0,0,0,0,0,0,0,0,0,0,0,0,2025,2,10,0,41,7,1,0,1,0,0.0,1.0,0.6486295610349814,0.7611042586607747,0.7485107481711011,0.6631226582407953,0.8660254037844386,0.5000000000000001,0.0,0.0,0.0,0.0,0.0,0.0,0.0,0.0,0.0,0.0,0.0,0.0,0.0,0.0,0.2857142857142857,1.0690449676496998,4.0,4.0,0.14285714285714285,0.7559289460184512,4.0,4.0,0.30357142857142855,1.2922094237410593,17.0,8.0,0.30952380952380953,1.2512758835587277,26.0,8.0,0.0,0.0,0.0,954,0.279874213836478,0.16666666666666666,0.24423480083857443,0.2526205450733753,0.09538784067085954,0.31551362683438156,40.0,5.9958071278826
2025-02-11,1,1,0,0,0,0,0,0,2,1,1,0,2025,2,11,1,42,7,1,0,0,0,0.7818314824680298,0.6234898018587336,0.6616346182422783,0.7498264012045686,0.7485107481711011,0.6631226582407953,0.8660254037844386,0.5000000000000001,0.0,0.0,0.0,0.0,4.0,0.0,0.3333333333333333,0.5773502691896211,1.0,1.0,0.14285714285714285,0.3779644730092187,1.0,1.0,0.07142857142857142,0.2672612419124335,1.0,1.0,0.17857142857142858,0.772373514927099,5.0,4.0,0.32142857142857145,1.2948449237740334,18.0,8.0,0.32142857142857145,1.253051353150249,27.0,8.0,1.0,1.0,1.0,954,0.279874213836478,0.16666666666666666,0.24423480083857443,0.2526205450733753,0.09538784067085954,0.31551362683438156,40.0,5.9958071278826
2025-02-12,0,0,0,0,0,0,0,0,0,0,0,0,2025,2,12,2,43,7,1,0,0,0,0.9749279121818236,-0.22252093395631434,0.6744436188329455,0.7383263540031065,0.7485107481711011,0.6631226582407953,0.8660254037844386,0.5000000000000001,1.0,0.0,0.0,0.0,0.0,0.0,0.3333333333333333,0.5773502691896211,1.0,1.0,0.14285714285714285,0.3779644730092187,1.0,1.0,0.07142857142857142,0.2672612419124335,1.0,1.0,0.17857142857142858,0.772373514927099,5.0,4.0,0.25,1.194685200072694,14.0,8.0,0.27380952380952384,1.1857709654730155,23.0,8.0,-1.0,0.0,0.0,954,0.279874213836478,0.16666666666666666,0.24423480083857443,0.2526205450733753,0.09538784067085954,0.31551362683438156,40.0,5.9958071278826
2025-02-13,1,0,0,1,0,0,0,0,2,0,0,0,2025,2,13,3,44,7,1,0,0,0,0.43388373911755823,-0.900968867902419,0.6870527672236669,0.7266075247685656,0.7485107481711011,0.6631226582407953,0.8660254037844386,0.5000000000000001,0.0,1.0,0.0,0.0,0.0,0.0,0.6666666666666666,0.5773502691896232,2.0,1.0,0.2857142857142857,0.48795003647426033,2.0,1.0,0.14285714285714285,0.3631365196012881,2.0,1.0,0.21428571428571427,0.7867957924694401,6.0,4.0,0.26785714285714285,1.198348430565571,15.0,8.0,0.2857142857142857,1.1880066180845699,24.0,8.0,1.0,1.0,1.0,954,0.279874213836478,0.16666666666666666,0.24423480083857443,0.2526205450733753,0.09538784067085954,0.31551362683438156,40.0,5.9958071278826
2025-02-14,0,0,0,0,0,0,0,0,0,0,0,0,2025,2,14,4,45,7,1,0,0,1,-0.433883739117558,-0.9009688679024191,0.699458327051647,0.7146733860429609,0.7485107481711011,0.6631226582407953,0.8660254037844386,0.5000000000000001,1.0,0.0,1.0,0.0,0.0,0.0,0.3333333333333333,0.5773502691896211,1.0,1.0,0.2857142857142857,0.48795003647426033,2.0,1.0,0.14285714285714285,0.3631365196012881,2.0,1.0,0.21428571428571427,0.7867957924694401,6.0,4.0,0.25,1.194685200072694,14.0,8.0,0.2857142857142857,1.1880066180845699,24.0,8.0,-1.0,0.0,0.0,954,0.279874213836478,0.16666666666666666,0.24423480083857443,0.2526205450733753,0.09538784067085954,0.31551362683438156,40.0,5.9958071278826
2025-02-15,0,0,0,0,0,0,0,0,0,0,0,0,2025,2,15,5,46,7,1,1,0,0,-0.9749279121818236,-0.2225209339563146,0.7116566222817746,0.7025274741691571,0.7485107481711011,0.6631226582407953,0.8660254037844386,0.5000000000000001,0.0,1.0,0.0,0.0,0.0,0.0,0.3333333333333333,0.5773502691896211,1.0,1.0,0.2857142857142857,0.48795003647426033,2.0,1.0,0.14285714285714285,0.3631365196012881,2.0,1.0,0.21428571428571427,0.7867957924694401,6.0,4.0,0.25,1.194685200072694,14.0,8.0,0.2857142857142857,1.1880066180845699,24.0,8.0,0.0,0.0,0.0,954,0.279874213836478,0.16666666666666666,0.24423480083857443,0.2526205450733753,0.09538784067085954,0.31551362683438156,40.0,5.9958071278826
2025-02-16,0,0,0,0,0,0,0,0,0,0,0,0,2025,2,16,6,47,7,1,1,0,0,-0.7818314824680299,0.6234898018587334,0.7236440382959124,0.6901733882429719,0.7485107481711011,0.6631226582407953,0.8660254037844386,0.5000000000000001,0.0,0.0,1.0,0.0,0.0,0.0,0.0,0.0,0.0,0.0,0.2857142857142857,0.48795003647426033,2.0,1.0,0.14285714285714285,0.3631365196012881,2.0,1.0,0.21428571428571427,0.7867957924694401,6.0,4.0,0.25,1.194685200072694,14.0,8.0,0.2857142857142857,1.1880066180845699,24.0,8.0,0.0,0.0,0.0,954,0.279874213836478,0.16666666666666666,0.24423480083857443,0.2526205450733753,0.09538784067085954,0.31551362683438156,40.0,5.9958071278826
2025-02-17,0,0,0,0,0,0,0,0,0,0,0,0,2025,2,17,0,48,8,1,0,1,0,0.0,1.0,0.7354170229639855,0.6776147890466889,0.8229838658936564,0.5680647467311559,0.8660254037844386,0.5000000000000001,0.0,0.0,0.0,0.0,0.0,0.0,0.0,0.0,0.0,0.0,0.2857142857142857,0.48795003647426033,2.0,1.0,0.14285714285714285,0.3631365196012881,2.0,1.0,0.21428571428571427,0.7867957924694401,6.0,4.0,0.25,1.194685200072694,14.0,8.0,0.2857142857142857,1.1880066180845699,24.0,8.0,0.0,0.0,0.0,954,0.279874213836478,0.16666666666666666,0.24423480083857443,0.2526205450733753,0.09538784067085954,0.31551362683438156,40.0,5.9958071278826
2025-02-18,0,0,0,0,0,0,0,0,0,0,0,0,2025,2,18,1,49,8,1,0,0,0,0.7818314824680298,0.6234898018587336,0.7469720876965552,0.6648553979642865,0.8229838658936564,0.5680647467311559,0.8660254037844386,0.5000000000000001,0.0,0.0,0.0,1.0,0.0,0.0,0.0,0.0,0.0,0.0,0.14285714285714285,0.3779644730092187,1.0,1.0,0.14285714285714285,0.3631365196012881,2.0,1.0,0.21428571428571427,0.7867957924694401,6.0,4.0,0.25,1.194685200072694,14.0,8.0,0.2857142857142857,1.1880066180845699,24.0,8.0,0.0,-1.0,0.0,954,0.279874213836478,0.16666666666666666,0.24423480083857443,0.2526205450733753,0.09538784067085954,0.31551362683438156,40.0,5.9958071278826
2025-02-19,0,0,0,0,0,0,0,0,0,0,0,0,2025,2,19,2,50,8,1,0,0,0,0.9749279121818236,-0.22252093395631434,0.7583058084785624,0.6518989958787126,0.8229838658936564,0.5680647467311559,0.8660254037844386,0.5000000000000001,0.0,0.0,0.0,0.0,0.0,0.0,0.0,0.0,0.0,0.0,0.14285714285714285,0.3779644730092187,1.0,1.0,0.14285714285714285,0.3631365196012881,2.0,1.0,0.21428571428571427,0.7867957924694401,6.0,4.0,0.25,1.194685200072694,14.0,8.0,0.2857142857142857,1.1880066180845699,24.0,8.0,0.0,0.0,0.0,954,0.279874213836478,0.16666666666666666,0.24423480083857443,0.2526205450733753,0.09538784067085954,0.31551362683438156,40.0,5.9958071278826
2025-02-20,0,0,0,0,0,0,0,0,0,0,0,0,2025,2,20,3,51,8,1,0,0,0,0.43388373911755823,-0.900968867902419,0.7694148268839378,0.6387494220515272,0.8229838658936564,0.5680647467311559,0.8660254037844386,0.5000000000000001,0.0,0.0,0.0,1.0,0.0,0.0,0.0,0.0,0.0,0.0,0.0,0.0,0.0,0.0,0.14285714285714285,0.3631365196012881,2.0,1.0,0.21428571428571427,0.7867957924694401,6.0,4.0,0.25,1.194685200072694,14.0,8.0,0.2857142857142857,1.1880066180845699,24.0,8.0,0.0,-1.0,0.0,954,0.279874213836478,0.16666666666666666,0.24423480083857443,0.2526205450733753,0.09538784067085954,0.31551362683438156,40.0,5.9958071278826
2025-02-21,4,0,0,0,0,0,0,0,8,0,0,0,2025,2,21,4,52,8,1,0,0,1,-0.433883739117558,-0.9009688679024191,0.7802958510707755,0.6254105729852463,0.8229838658936564,0.5680647467311559,0.8660254037844386,0.5000000000000001,0.0,0.0,0.0,0.0,0.0,0.0,1.3333333333333333,2.3094010767585034,4.0,4.0,0.5714285714285714,1.511857892036907,4.0,4.0,0.42857142857142855,1.0894095588038466,6.0,4.0,0.35714285714285715,1.061595086171805,10.0,4.0,0.32142857142857145,1.2948449237740334,18.0,8.0,0.3333333333333333,1.2547100018550186,28.0,8.0,4.0,4.0,4.0,954,0.279874213836478,0.16666666666666666,0.24423480083857443,0.2526205450733753,0.09538784067085954,0.31551362683438156,40.0,5.9958071278826
2025-02-22,0,0,0,0,0,0,0,0,0,0,0,0,2025,2,22,5,53,8,1,1,0,0,-0.9749279121818236,-0.2225209339563146,0.7909456567567772,0.6118864012687243,0.8229838658936564,0.5680647467311559,0.8660254037844386,0.5000000000000001,4.0,0.0,0.0,0.0,0.0,0.0,1.3333333333333333,2.3094010767585034,4.0,4.0,0.5714285714285714,1.511857892036907,4.0,4.0,0.42857142857142855,1.0894095588038464,6.0,4.0,0.35714285714285715,1.061595086171805,10.0,4.0,0.32142857142857145,1.2948449237740334,18.0,8.0,0.3333333333333333,1.2547100018550186,28.0,8.0,-4.0,0.0,0.0,954,0.279874213836478,0.16666666666666666,0.24423480083857443,0.2526205450733753,0.09538784067085954,0.31551362683438156,40.0,5.9958071278826
2025-02-23,1,0,0,0,0,0,0,0,1,0,0,0,2025,2,23,6,54,8,1,1,0,0,-0.7818314824680299,0.6234898018587334,0.8013610881746766,0.5981809144059165,0.8229838658936564,0.5680647467311559,0.8660254037844386,0.5000000000000001,0.0,4.0,0.0,0.0,0.0,0.0,1.6666666666666667,2.0816659994661335,5.0,4.0,0.7142857142857143,1.4960264830861896,5.0,4.0,0.5,1.0919284281983397,7.0,4.0,0.39285714285714285,1.0659471779799323,11.0,4.0,0.3392857142857143,1.2972248100434303,19.0,8.0,0.34523809523809523,1.2562522923942174,29.0,8.0,1.0,1.0,1.0,954,0.279874213836478,0.16666666666666666,0.24423480083857443,0.2526205450733753,0.09538784067085954,0.31551362683438156,40.0,5.9958071278826
2025-02-24,0,0,0,0,0,0,0,0,0,0,0,0,2025,2,24,0,55,9,1,0,1,0,0.0,1.0,0.8115390590073611,0.5842981736283684,0.8854560256532099,0.4647231720437686,0.8660254037844386,0.5000000000000001,1.0,0.0,4.0,0.0,0.0,0.0,0.3333333333333333,0.5773502691896201,1.0,1.0,0.7142857142857143,1.4960264830861896,5.0,4.0,0.5,1.0919284281983397,7.0,4.0,0.39285714285714285,1.0659471779799323,11.0,4.0,0.19642857142857142,0.7727081739427427,11.0,4.0,0.34523809523809523,1.2562522923942174,29.0,8.0,-1.0,0.0,0.0,954,0.279874213836478,0.16666666666666666,0.24423480083857443,0.2526205450733753,0.09538784067085954,0.31551362683438156,40.0,5.9958071278826
2025-02-25,0,0,0,0,0,0,0,0,0,0,0,0,2025,2,25,1,56,9,1,0,0,0,0.7818314824680298,0.6234898018587336,0.8214765533024142,0.5702422926917871,0.8854560256532099,0.4647231720437686,0.8660254037844386,0.5000000000000001,0.0,1.0,0.0,0.0,1.0,4.0,0.3333333333333333,0.5773502691896201,1.0,1.0,0.7142857142857143,1.4960264830861896,5.0,4.0,0.42857142857142855,1.0894095588038466,6.0,4.0,0.25,0.7993052538854503,7.0,4.0,0.19642857142857142,0.7727081739427427,11.0,4.0,0.34523809523809523,1.2562522923942174,29.0,8.0,0.0,0.0,-4.0,954,0.279874213836478,0.16666666666666666,0.24423480083857443,0.2526205450733753,0.09538784067085954,0.31551362683438156,40.0,5.9958071278826
2025-02-26,0,0,0,0,0,0,0,0,0,0,0,0,2025,2,26,2,57,9,1,0,0,0,0.9749279121818236,-0.22252093395631434,0.8311706263658079,0.5560174366570446,0.8854560256532099,0.4647231720437686,0.8660254037844386,0.5000000000000001,0.0,0.0,1.0,0.0,0.0,0.0,0.0,0.0,0.0,0.0,0.7142857142857143,1.4960264830861896,5.0,4.0,0.42857142857142855,1.0894095588038466,6.0,4.0,0.25,0.7993052538854503,7.0,4.0,0.19642857142857142,0.7727081739427427,11.0,4.0,0.34523809523809523,1.2562522923942174,29.0,8.0,0.0,0.0,0.0,954,0.279874213836478,0.16666666666666666,0.24423480083857443,0.2526205450733753,0.09538784067085954,0.31551362683438156,40.0,5.9958071278826
2025-02-27,0,0,0,0,0,0,0,0,0,0,0,0,2025,2,27,3,58,9,1,0,0,0,0.43388373911755823,-0.900968867902419,0.8406184056344782,0.5416278206559814,0.8854560256532099,0.4647231720437686,0.8660254037844386,0.5000000000000001,0.0,0.0,0.0,0.0,1.0,0.0,0.0,0.0,0.0,0.0,0.7142857142857143,1.4960264830861896,5.0,4.0,0.35714285714285715,1.0818177620697835,5.0,4.0,0.25,0.7993052538854503,7.0,4.0,0.19642857142857142,0.7727081739427427,11.0,4.0,0.34523809523809523,1.2562522923942174,29.0,8.0,0.0,0.0,0.0,954,0.279874213836478,0.16666666666666666,0.24423480083857443,0.2526205450733753,0.09538784067085954,0.31551362683438156,40.0,5.9958071278826
2025-02-28,0,0,0,0,0,0,0,0,0,0,0,0,2025,2,28,4,59,9,1,0,0,1,-0.433883739117558,-0.9009688679024191,0.8498170915275278,0.5270777086423722,0.8854560256532099,0.4647231720437686,0.8660254037844386,0.5000000000000001,0.0,0.0,0.0,4.0,0.0,0.0,0.0,0.0,0.0,0.0,0.14285714285714285,0.37796447300921826,1.0,1.0,0.35714285714285715,1.0818177620697835,5.0,4.0,0.25,0.7993052538854503,7.0,4.0,0.19642857142857142,0.7727081739427427,11.0,4.0,0.34523809523809523,1.2562522923942174,29.0,8.0,0.0,-4.0,0.0,954,0.279874213836478,0.16666666666666666,0.24423480083857443,0.2526205450733753,0.09538784067085954,0.31551362683438156,40.0,5.9958071278826
2025-03-01,0,0,0,0,0,0,0,0,0,0,0,0,2025,3,1,5,60,9,1,1,0,0,-0.9749279121818236,-0.2225209339563146,0.8587639582758029,0.5123714121284237,0.8854560256532099,0.4647231720437686,1.0,6.123233995736766e-17,0.0,0.0,0.0,0.0,0.0,0.0,0.0,0.0,0.0,0.0,0.14285714285714285,0.37796447300921826,1.0,1.0,0.35714285714285715,1.0818177620697835,5.0,4.0,0.25,0.7993052538854503,7.0,4.0,0.19642857142857142,0.7727081739427427,11.0,4.0,0.34523809523809523,1.2562522923942174,29.0,8.0,0.0,0.0,0.0,954,0.279874213836478,0.16666666666666666,0.24423480083857443,0.2526205450733753,0.09538784067085954,0.31551362683438156,40.0,5.9958071278826
2025-03-02,0,0,0,0,0,0,0,0,0,0,0,0,2025,3,2,6,61,9,1,1,0,0,-0.7818314824680299,0.6234898018587334,0.8674563547295969,0.49751328890718066,0.8854560256532099,0.4647231720437686,1.0,6.123233995736766e-17,0.0,0.0,0.0,1.0,0.0,0.0,0.0,0.0,0.0,0.0,0.0,0.0,0.0,0.0,0.35714285714285715,1.0818177620697835,5.0,4.0,0.25,0.7993052538854503,7.0,4.0,0.19642857142857142,0.7727081739427427,11.0,4.0,0.2857142857142857,1.1467232370733849,24.0,8.0,0.0,-1.0,0.0,954,0.279874213836478,0.16666666666666666,0.24423480083857443,0.2526205450733753,0.09538784067085954,0.31551362683438156,40.0,5.9958071278826
2025-03-03,0,0,0,0,0,0,0,0,0,0,0,0,2025,3,3,0,62,10,1,0,1,0,0.0,1.0,0.8758917051442429,0.48250774176121847,0.9350162426854148,0.35460488704253557,1.0,6.123233995736766e-17,0.0,0.0,0.0,0.0,0.0,0.0,0.0,0.0,0.0,0.0,0.0,0.0,0.0,0.0,0.35714285714285715,1.0818177620697835,5.0,4.0,0.25,0.7993052538854503,7.0,4.0,0.19642857142857142,0.7727081739427427,11.0,4.0,0.2857142857142857,1.1467232370733849,24.0,8.0,0.0,0.0,0.0,954,0.279874213836478,0.16666666666666666,0.24423480083857443,0.2526205450733753,0.09538784067085954,0.31551362683438156,40.0,5.9958071278826
2025-03-04,0,0,0,0,0,0,0,0,0,0,0,0,2025,3,4,1,63,10,1,0,0,0,0.7818314824680298,0.6234898018587336,0.8840675099433636,0.4673592171580022,0.9350162426854148,0.35460488704253557,1.0,6.123233995736766e-17,0.0,0.0,0.0,0.0,0.0,0.0,0.0,0.0,0.0,0.0,0.0,0.0,0.0,0.0,0.35714285714285715,1.0818177620697835,5.0,4.0,0.25,0.7993052538854503,7.0,4.0,0.19642857142857142,0.7727081739427427,11.0,4.0,0.2857142857142857,1.1467232370733849,24.0,8.0,0.0,0.0,0.0,954,0.279874213836478,0.16666666666666666,0.24423480083857443,0.2526205450733753,0.09538784067085954,0.31551362683438156,40.0,5.9958071278826
2025-03-05,0,0,0,0,0,0,0,0,0,0,0,0,2025,3,5,2,64,10,1,0,0,0,0.9749279121818236,-0.22252093395631434,0.8919813464595485,0.45207220393230435,0.9350162426854148,0.35460488704253557,1.0,6.123233995736766e-17,0.0,0.0,0.0,0.0,0.0,0.0,0.0,0.0,0.0,0.0,0.0,0.0,0.0,0.0,0.35714285714285715,1.0818177620697835,5.0,4.0,0.25,0.7993052538854503,7.0,4.0,0.19642857142857142,0.7727081739427427,11.0,4.0,0.2857142857142857,1.1467232370733849,24.0,8.0,0.0,0.0,0.0,954,0.279874213836478,0.16666666666666666,0.24423480083857443,0.2526205450733753,0.09538784067085954,0.31551362683438156,40.0,5.9958071278826
2025-03-06,4,0,4,0,0,0,0,0,8,0,0,4,2025,3,6,3,65,10,1,0,0,0,0.43388373911755823,-0.900968867902419,0.8996308696522433,0.43665123195606403,0.9350162426854148,0.35460488704253557,1.0,6.123233995736766e-17,0.0,0.0,0.0,0.0,0.0,0.0,1.3333333333333333,2.3094010767585034,4.0,4.0,0.5714285714285714,1.511857892036907,4.0,4.0,0.6428571428571429,1.4468609447374678,9.0,4.0,0.39285714285714285,1.0659471779799323,11.0,4.0,0.26785714285714285,0.9242406500586224,15.0,4.0,0.3333333333333333,1.2156938951012075,28.0,8.0,4.0,4.0,4.0,954,0.279874213836478,0.16666666666666666,0.24423480083857443,0.2526205450733753,0.09538784067085954,0.31551362683438156,40.0,5.9958071278826
2025-03-07,0,0,0,0,0,0,0,0,0,0,0,0,2025,3,7,4,66,10,1,0,0,1,-0.433883739117558,-0.9009688679024191,0.9070138128026359,0.4211008707960896,0.9350162426854148,0.35460488704253557,1.0,6.123233995736766e-17,4.0,0.0,0.0,0.0,4.0,0.0,1.3333333333333333,2.3094010767585034,4.0,4.0,0.5714285714285714,1.511857892036907,4.0,4.0,0.35714285714285715,1.0818177620697835,5.0,4.0,0.39285714285714285,1.0659471779799323,11.0,4.0,0.26785714285714285,0.9242406500586224,15.0,4.0,0.3333333333333333,1.2156938951012075,28.0,8.0,-4.0,0.0,0.0,954,0.279874213836478,0.16666666666666666,0.24423480083857443,0.2526205450733753,0.09538784067085954,0.31551362683438156,40.0,5.9958071278826
2025-03-08,1,1,0,1,0,0,0,0,2,0,0,0,2025,3,8,5,67,10,1,1,0,0,-0.9749279121818236,-0.2225209339563146,0.9141279881853337,0.40542572835999735,0.9350162426854148,0.35460488704253557,1.0,6.123233995736766e-17,0.0,4.0,0.0,0.0,0.0,0.0,1.6666666666666667,2.0816659994661335,5.0,4.0,0.7142857142857143,1.4960264830861896,5.0,4.0,0.42857142857142855,1.0894095588038466,6.0,4.0,0.42857142857142855,1.0690449676496954,12.0,4.0,0.2857142857142857,0.9286213772779884,16.0,4.0,0.34523809523809523,1.2172856197199784,29.0,8.0,1.0,1.0,1.0,954,0.279874213836478,0.16666666666666666,0.24423480083857443,0.2526205450733753,0.09538784067085954,0.31551362683438156,40.0,5.9958071278826
2025-03-09,0,0,0,0,0,0,0,0,0,0,0,0,2025,3,9,6,68,10,1,1,0,0,-0.7818314824680299,0.6234898018587334,0.9209712877166346,0.38963044953078796,0.9350162426854148,0.35460488704253557,1.0,6.123233995736766e-17,1.0,0.0,4.0,0.0,1.0,0.0,0.3333333333333333,0.5773502691896193,1.0,1.0,0.7142857142857143,1.4960264830861896,5.0,4.0,0.35714285714285715,1.0818177620697835,5.0,4.0,0.42857142857142855,1.0690449676496954,12.0,4.0,0.2857142857142857,0.9286213772779884,16.0,4.0,0.34523809523809523,1.2172856197199784,29.0,8.0,-1.0,0.0,0.0,954,0.279874213836478,0.16666666666666666,0.24423480083857443,0.2526205450733753,0.09538784067085954,0.31551362683438156,40.0,5.9958071278826
2025-03-10,0,0,0,0,0,0,0,0,0,0,0,0,2025,3,10,0,69,11,1,0,1,0,0.0,1.0,0.9275416835791966,0.37371971479046906,0.970941817426052,0.23931566428755804,1.0,6.123233995736766e-17,0.0,1.0,0.0,0.0,0.0,0.0,0.3333333333333333,0.5773502691896193,1.0,1.0,0.7142857142857143,1.4960264830861896,5.0,4.0,0.35714285714285715,1.0818177620697835,5.0,4.0,0.42857142857142855,1.0690449676496954,12.0,4.0,0.2857142857142857,0.9286213772779884,16.0,4.0,0.34523809523809523,1.2172856197199784,29.0,8.0,0.0,0.0,0.0,954,0.279874213836478,0.16666666666666666,0.24423480083857443,0.2526205450733753,0.09538784067085954,0.31551362683438156,40.0,5.9958071278826
2025-03-11,0,0,0,0,0,0,0,0,0,0,0,0,2025,3,11,1,70,11,1,0,0,0,0.7818314824680298,0.6234898018587336,0.9338372288229252,0.35769823883312546,0.970941817426052,0.23931566428755804,1.0,6.123233995736766e-17,0.0,0.0,1.0,0.0,0.0,1.0,0.0,0.0,0.0,0.0,0.7142857142857143,1.4960264830861896,5.0,4.0,0.35714285714285715,1.0818177620697835,5.0,4.0,0.39285714285714285,1.0659471779799323,11.0,4.0,0.2857142857142857,0.9286213772779884,16.0,4.0,0.34523809523809523,1.2172856197199784,29.0,8.0,0.0,0.0,-1.0,954,0.279874213836478,0.16666666666666666,0.24423480083857443,0.2526205450733753,0.09538784067085954,0.31551362683438156,40.0,5.9958071278826
2025-03-12,0,0,0,0,0,0,0,0,0,0,0,0,2025,3,12,2,71,11,1,0,0,0,0.9749279121818236,-0.22252093395631434,0.9398560579418954,0.3415707691678556,0.970941817426052,0.23931566428755804,1.0,6.123233995736766e-17,0.0,0.0,0.0,0.0,0.0,0.0,0.0,0.0,0.0,0.0,0.7142857142857143,1.4960264830861896,5.0,4.0,0.35714285714285715,1.0818177620697835,5.0,4.0,0.39285714285714285,1.0659471779799323,11.0,4.0,0.2857142857142857,0.9286213772779884,16.0,4.0,0.2976190476190476,1.148910032493993,25.0,8.0,0.0,0.0,0.0,954,0.279874213836478,0.16666666666666666,0.24423480083857443,0.2526205450733753,0.09538784067085954,0.31551362683438156,40.0,5.9958071278826
2025-03-13,0,0,0,0,0,0,0,0,0,0,0,0,2025,3,13,3,72,11,1,0,0,0,0.43388373911755823,-0.900968867902419,0.9455963874271426,0.3253420847119801,0.970941817426052,0.23931566428755804,1.0,6.123233995736766e-17,0.0,0.0,0.0,4.0,0.0,1.0,0.0,0.0,0.0,0.0,0.14285714285714285,0.3779644730092183,1.0,1.0,0.35714285714285715,1.0818177620697835,5.0,4.0,0.35714285714285715,1.061595086171805,10.0,4.0,0.2857142857142857,0.9286213772779884,16.0,4.0,0.2976190476190476,1.148910032493993,25.0,8.0,0.0,-4.0,-1.0,954,0.279874213836478,0.16666666666666666,0.24423480083857443,0.2526205450733753,0.09538784067085954,0.31551362683438156,40.0,5.9958071278826
2025-03-14,0,0,0,0,0,0,0,0,0,0,0,0,2025,3,14,4,73,11,1,0,0,1,-0.433883739117558,-0.9009688679024191,0.9510565162951535,0.30901699437494745,0.970941817426052,0.23931566428755804,1.0,6.123233995736766e-17,0.0,0.0,0.0,0.0,0.0,0.0,0.0,0.0,0.0,0.0,0.14285714285714285,0.3779644730092183,1.0,1.0,0.35714285714285715,1.0818177620697835,5.0,4.0,0.35714285714285715,1.061595086171805,10.0,4.0,0.2857142857142857,0.9286213772779884,16.0,4.0,0.2857142857142857,1.1467232370733849,24.0,8.0,0.0,0.0,0.0,954,0.279874213836478,0.16666666666666666,0.24423480083857443,0.2526205450733753,0.09538784067085954,0.31551362683438156,40.0,5.9958071278826
2025-03-15,0,0,0,0,0,0,0,0,0,0,0,0,2025,3,15,5,74,11,1,1,0,0,-0.9749279121818236,-0.2225209339563146,0.9562348265919056,0.29260033563334836,0.970941817426052,0.23931566428755804,1.0,6.123233995736766e-17,0.0,0.0,0.0,1.0,0.0,0.0,0.0,0.0,0.0,0.0,0.0,0.0,0.0,0.0,0.35714285714285715,1.0818177620697835,5.0,4.0,0.35714285714285715,1.061595086171805,10.0,4.0,0.2857142857142857,0.9286213772779884,16.0,4.0,0.2857142857142857,1.1467232370733849,24.0,8.0,0.0,-1.0,0.0,954,0.279874213836478,0.16666666666666666,0.24423480083857443,0.2526205450733753,0.09538784067085954,0.31551362683438156,40.0,5.9958071278826
2025-03-16,0,0,0,0,0,0,0,0,0,0,0,0,2025,3,16,6,75,11,1,1,0,0,-0.7818314824680299,0.6234898018587334,0.9611297838723007,0.27609697309746883,0.970941817426052,0.23931566428755804,1.0,6.123233995736766e-17,0.0,0.0,0.0,0.0,0.0,0.0,0.0,0.0,0.0,0.0,0.0,0.0,0.0,0.0,0.35714285714285715,1.0818177620697835,5.0,4.0,0.35714285714285715,1.061595086171805,10.0,4.0,0.2857142857142857,0.9286213772779884,16.0,4.0,0.2857142857142857,1.1467232370733849,24.0,8.0,0.0,0.0,0.0,954,0.279874213836478,0.16666666666666666,0.24423480083857443,0.2526205450733753,0.09538784067085954,0.31551362683438156,40.0,5.9958071278826
2025-03-17,0,0,0,0,0,0,0,0,0,0,0,0,2025,3,17,0,76,12,1,0,1,0,0.0,1.0,0.9657399376548549,0.2595117970697999,0.992708874098054,0.120536680255323,1.0,6.123233995736766e-17,0.0,0.0,0.0,0.0,0.0,0.0,0.0,0.0,0.0,0.0,0.0,0.0,0.0,0.0,0.35714285714285715,1.0818177620697835,5.0,4.0,0.35714285714285715,1.061595086171805,10.0,4.0,0.2857142857142857,0.9286213772779884,16.0,4.0,0.2857142857142857,1.1467232370733849,24.0,8.0,0.0,0.0,0.0,954,0.279874213836478,0.16666666666666666,0.24423480083857443,0.2526205450733753,0.09538784067085954,0.31551362683438156,40.0,5.9958071278826
2025-03-18,4,0,0,0,0,0,0,0,8,0,0,0,2025,3,18,1,77,12,1,0,0,0,0.7818314824680298,0.6234898018587336,0.9700639218515071,0.2428497220959356,0.992708874098054,0.120536680255323,1.0,6.123233995736766e-17,0.0,0.0,0.0,0.0,0.0,0.0,1.3333333333333333,2.309401076758503,4.0,4.0,0.5714285714285714,1.511857892036907,4.0,4.0,0.6428571428571429,1.4468609447374678,9.0,4.0,0.5,1.261979632400059,14.0,4.0,0.35714285714285715,1.0518999508002234,20.0,4.0,0.3333333333333333,1.2156938951012075,28.0,8.0,4.0,4.0,4.0,954,0.279874213836478,0.16666666666666666,0.24423480083857443,0.2526205450733753,0.09538784067085954,0.31551362683438156,40.0,5.9958071278826
2025-03-19,0,0,0,0,0,0,0,0,0,0,0,0,2025,3,19,2,78,12,1,0,0,0,0.9749279121818236,-0.22252093395631434,0.9741004551724205,0.22611568550828828,0.992708874098054,0.120536680255323,1.0,6.123233995736766e-17,4.0,0.0,0.0,0.0,0.0,0.0,1.3333333333333333,2.309401076758503,4.0,4.0,0.5714285714285714,1.511857892036907,4.0,4.0,0.6428571428571429,1.4468609447374678,9.0,4.0,0.5,1.261979632400059,14.0,4.0,0.35714285714285715,1.0518999508002234,20.0,4.0,0.3333333333333333,1.2156938951012075,28.0,8.0,-4.0,0.0,0.0,954,0.279874213836478,0.16666666666666666,0.24423480083857443,0.2526205450733753,0.09538784067085954,0.31551362683438156,40.0,5.9958071278826
2025-03-20,0,0,0,0,0,0,0,0,0,0,0,0,2025,3,20,3,79,12,1,0,0,0,0.43388373911755823,-0.900968867902419,0.9778483415056568,0.20931464596304847,0.992708874098054,0.120536680255323,1.0,6.123233995736766e-17,0.0,4.0,0.0,0.0,4.0,0.0,1.3333333333333333,2.309401076758503,4.0,4.0,0.5714285714285714,1.511857892036907,4.0,4.0,0.35714285714285715,1.0818177620697835,5.0,4.0,0.5,1.261979632400059,14.0,4.0,0.35714285714285715,1.0518999508002234,20.0,4.0,0.3333333333333333,1.2156938951012075,28.0,8.0,0.0,0.0,0.0,954,0.279874213836478,0.16666666666666666,0.24423480083857443,0.2526205450733753,0.09538784067085954,0.31551362683438156,40.0,5.9958071278826
2025-03-21,0,0,0,0,0,0,0,0,0,0,0,0,2025,3,21,4,80,12,1,0,0,1,-0.433883739117558,-0.9009688679024191,0.9813064702716093,0.19245158197082998,0.992708874098054,0.120536680255323,1.0,6.123233995736766e-17,0.0,0.0,4.0,0.0,0.0,4.0,0.0,0.0,0.0,0.0,0.5714285714285714,1.511857892036907,4.0,4.0,0.35714285714285715,1.0818177620697835,5.0,4.0,0.35714285714285715,1.061595086171805,10.0,4.0,0.35714285714285715,1.0518999508002234,20.0,4.0,0.3333333333333333,1.2156938951012075,28.0,8.0,0.0,0.0,-4.0,954,0.279874213836478,0.16666666666666666,0.24423480083857443,0.2526205450733753,0.09538784067085954,0.31551362683438156,40.0,5.9958071278826
2025-03-22,5,0,0,0,0,8,0,4,10,0,0,4,2025,3,22,5,81,12,1,1,0,0,-0.9749279121818236,-0.2225209339563146,0.9844738167520922,0.1755314904214282,0.992708874098054,0.120536680255323,1.0,6.123233995736766e-17,0.0,0.0,0.0,0.0,1.0,0.0,1.6666666666666667,2.886751345948129,5.0,5.0,1.2857142857142858,2.214669705568282,9.0,5.0,0.6428571428571429,1.645840578182229,9.0,5.0,0.5357142857142857,1.373887236117336,15.0,5.0,0.44642857142857145,1.2198307312848855,25.0,5.0,0.39285714285714285,1.317334449422436,33.0,8.0,5.0,5.0,5.0,954,0.279874213836478,0.16666666666666666,0.24423480083857443,0.2526205450733753,0.09538784067085954,0.31551362683438156,40.0,5.9958071278826
2025-03-23,0,0,0,0,0,0,0,0,0,0,0,0,2025,3,23,6,82,12,1,1,0,0,-0.7818314824680299,0.6234898018587334,0.9873494423939864,0.15855938510313475,0.992708874098054,0.120536680255323,1.0,6.123233995736766e-17,5.0,0.0,0.0,0.0,0.0,1.0,1.6666666666666667,2.886751345948129,5.0,5.0,1.2857142857142858,2.214669705568282,9.0,5.0,0.6428571428571429,1.645840578182229,9.0,5.0,0.5,1.3743685418725518,14.0,5.0,0.44642857142857145,1.2198307312848855,25.0,5.0,0.39285714285714285,1.317334449422436,33.0,8.0,-5.0,0.0,-1.0,954,0.279874213836478,0.16666666666666666,0.24423480083857443,0.2526205450733753,0.09538784067085954,0.31551362683438156,40.0,5.9958071278826
2025-03-24,4,0,0,0,0,4,0,4,4,0,0,0,2025,3,24,0,83,13,1,0,1,0,0.0,1.0,0.989932495087353,0.141540295217043,1.0,-1.6081226496766366e-16,1.0,6.123233995736766e-17,0.0,5.0,0.0,0.0,0.0,0.0,3.0,2.6457513110645934,9.0,5.0,1.8571428571428572,2.3401261667248785,13.0,5.0,0.9285714285714286,1.859043828435457,13.0,5.0,0.6428571428571429,1.5205818991982338,18.0,5.0,0.5178571428571429,1.3071978556309827,29.0,5.0,0.34523809523809523,1.0920749303372126,29.0,5.0,4.0,4.0,4.0,954,0.279874213836478,0.16666666666666666,0.24423480083857443,0.2526205450733753,0.09538784067085954,0.31551362683438156,40.0,5.9958071278826
2025-03-25,4,0,0,4,0,0,0,0,8,0,0,0,2025,3,25,1,84,13,1,0,0,0,0.7818314824680298,0.6234898018587336,0.9922222094179323,0.12447926388678915,1.0,-1.6081226496766366e-16,1.0,6.123233995736766e-17,4.0,0.0,5.0,4.0,0.0,0.0,2.6666666666666665,2.3094010767585056,8.0,4.0,1.8571428571428572,2.3401261667248785,13.0,5.0,1.2142857142857142,2.00685637938357,17.0,5.0,0.7857142857142857,1.6410733356927376,22.0,5.0,0.5178571428571429,1.3071978556309827,29.0,5.0,0.39285714285714285,1.1618209341204064,33.0,5.0,0.0,0.0,4.0,954,0.279874213836478,0.16666666666666666,0.24423480083857443,0.2526205450733753,0.09538784067085954,0.31551362683438156,40.0,5.9958071278826
2025-03-26,0,0,0,0,0,0,0,0,0,0,0,0,2025,3,26,2,85,13,1,0,0,0,0.9749279121818236,-0.22252093395631434,0.994217906893952,0.10738134666416309,1.0,-1.6081226496766366e-16,1.0,6.123233995736766e-17,4.0,4.0,0.0,0.0,0.0,0.0,2.6666666666666665,2.3094010767585056,8.0,4.0,1.8571428571428572,2.3401261667248785,13.0,5.0,1.2142857142857142,2.00685637938357,17.0,5.0,0.7857142857142857,1.6410733356927376,22.0,5.0,0.5178571428571429,1.3071978556309827,29.0,5.0,0.39285714285714285,1.1618209341204064,33.0,5.0,-4.0,0.0,0.0,954,0.279874213836478,0.16666666666666666,0.24423480083857443,0.2526205450733753,0.09538784067085954,0.31551362683438156,40.0,5.9958071278826
2025-03-27,0,0,0,0,0,0,0,0,0,0,0,0,2025,3,27,3,86,13,1,0,0,0,0.43388373911755823,-0.900968867902419,0.995918996147179,0.09025161003104117,1.0,-1.6081226496766366e-16,1.0,6.123233995736766e-17,0.0,4.0,4.0,0.0,0.0,0.0,1.3333333333333333,2.3094010767585025,4.0,4.0,1.8571428571428572,2.3401261667248785,13.0,5.0,1.2142857142857142,2.00685637938357,17.0,5.0,0.7857142857142857,1.6410733356927376,22.0,5.0,0.5178571428571429,1.3071978556309827,29.0,5.0,0.39285714285714285,1.1618209341204064,33.0,5.0,0.0,0.0,0.0,954,0.279874213836478,0.16666666666666666,0.24423480083857443,0.2526205450733753,0.09538784067085954,0.31551362683438156,40.0,5.9958071278826
2025-03-28,0,0,0,0,0,0,0,0,0,0,0,0,2025,3,28,4,87,13,1,0,0,1,-0.433883739117558,-0.9009688679024191,0.9973249731081555,0.07309512989807777,1.0,-1.6081226496766366e-16,1.0,6.123233995736766e-17,0.0,0.0,4.0,0.0,0.0,0.0,0.0,0.0,0.0,0.0,1.8571428571428572,2.3401261667248785,13.0,5.0,1.2142857142857142,2.00685637938357,17.0,5.0,0.7857142857142857,1.6410733356927376,22.0,5.0,0.5178571428571429,1.3071978556309827,29.0,5.0,0.39285714285714285,1.1618209341204064,33.0,5.0,0.0,0.0,0.0,954,0.279874213836478,0.16666666666666666,0.24423480083857443,0.2526205450733753,0.09538784067085954,0.31551362683438156,40.0,5.9958071278826
2025-03-29,0,0,0,0,0,0,0,0,0,0,0,0,2025,3,29,5,88,13,1,1,0,0,-0.9749279121818236,-0.2225209339563146,0.9984354211555643,0.055916990100603484,1.0,-1.6081226496766366e-16,1.0,6.123233995736766e-17,0.0,0.0,0.0,5.0,0.0,0.0,0.0,0.0,0.0,0.0,1.1428571428571428,1.951800145897065,8.0,4.0,1.2142857142857142,2.00685637938357,17.0,5.0,0.7857142857142857,1.6410733356927376,22.0,5.0,0.5178571428571429,1.3071978556309827,29.0,5.0,0.39285714285714285,1.1618209341204064,33.0,5.0,0.0,-5.0,0.0,954,0.279874213836478,0.16666666666666666,0.24423480083857443,0.2526205450733753,0.09538784067085954,0.31551362683438156,40.0,5.9958071278826
2025-03-30,0,0,0,0,0,0,0,0,0,0,0,0,2025,3,30,6,89,13,1,1,0,0,-0.7818314824680299,0.6234898018587334,0.9992500112396835,0.03872228089217446,1.0,-1.6081226496766366e-16,1.0,6.123233995736766e-17,0.0,0.0,0.0,0.0,0.0,0.0,0.0,0.0,0.0,0.0,1.1428571428571428,1.951800145897065,8.0,4.0,1.2142857142857142,2.00685637938357,17.0,5.0,0.7857142857142857,1.6410733356927376,22.0,5.0,0.5178571428571429,1.3071978556309827,29.0,5.0,0.39285714285714285,1.1618209341204064,33.0,5.0,0.0,0.0,0.0,954,0.279874213836478,0.16666666666666666,0.24423480083857443,0.2526205450733753,0.09538784067085954,0.31551362683438156,40.0,5.9958071278826
2025-03-31,0,0,0,0,0,0,0,0,0,0,0,0,2025,3,31,0,90,14,1,0,1,0,0.0,1.0,0.9997685019798909,0.021516097436222254,0.992708874098054,-0.12053668025532288,1.0,6.123233995736766e-17,0.0,0.0,0.0,4.0,0.0,0.0,0.0,0.0,0.0,0.0,0.5714285714285714,1.5118578920369066,4.0,4.0,1.2142857142857142,2.00685637938357,17.0,5.0,0.7857142857142857,1.6410733356927376,22.0,5.0,0.5178571428571429,1.3071978556309827,29.0,5.0,0.39285714285714285,1.1618209341204064,33.0,5.0,0.0,-4.0,0.0,954,0.279874213836478,0.16666666666666666,0.24423480083857443,0.2526205450733753,0.09538784067085954,0.31551362683438156,40.0,5.9958071278826
2025-04-01,0,0,0,0,0,0,0,0,0,0,0,0,2025,4,1,1,91,14,2,0,0,0,0.7818314824680298,0.6234898018587336,0.9999907397361901,0.004303538296244289,0.992708874098054,-0.12053668025532288,0.8660254037844387,-0.4999999999999998,0.0,0.0,0.0,4.0,4.0,0.0,0.0,0.0,0.0,0.0,0.0,0.0,0.0,0.0,0.9285714285714286,1.8590438284354567,13.0,5.0,0.7857142857142857,1.6410733356927376,22.0,5.0,0.5178571428571429,1.3071978556309827,29.0,5.0,0.39285714285714285,1.1618209341204064,33.0,5.0,0.0,-4.0,0.0,954,0.279874213836478,0.16666666666666666,0.24423480083857443,0.2526205450733753,0.09538784067085954,0.31551362683438156,40.0,5.9958071278826
2025-04-02,0,0,0,0,0,0,0,0,0,0,0,0,2025,4,2,2,92,14,2,0,0,0,0.9749279121818236,-0.22252093395631434,0.9999166586547379,-0.01291029607500882,0.992708874098054,-0.12053668025532288,0.8660254037844387,-0.4999999999999998,0.0,0.0,0.0,0.0,0.0,0.0,0.0,0.0,0.0,0.0,0.0,0.0,0.0,0.0,0.9285714285714286,1.8590438284354567,13.0,5.0,0.7857142857142857,1.6410733356927376,22.0,5.0,0.5178571428571429,1.3071978556309827,29.0,5.0,0.39285714285714285,1.1618209341204064,33.0,5.0,0.0,0.0,0.0,954,0.279874213836478,0.16666666666666666,0.24423480083857443,0.2526205450733753,0.09538784067085954,0.31551362683438156,40.0,5.9958071278826
2025-04-03,0,0,0,0,0,0,0,0,0,0,0,0,2025,4,3,3,93,14,2,0,0,0,0.43388373911755823,-0.900968867902419,0.9995462806873573,-0.030120304846908114,0.992708874098054,-0.12053668025532288,0.8660254037844387,-0.4999999999999998,0.0,0.0,0.0,0.0,0.0,4.0,0.0,0.0,0.0,0.0,0.0,0.0,0.0,0.0,0.9285714285714286,1.8590438284354567,13.0,5.0,0.6428571428571429,1.5205818991982338,18.0,5.0,0.5178571428571429,1.3071978556309827,29.0,5.0,0.39285714285714285,1.1618209341204064,33.0,5.0,0.0,0.0,-4.0,954,0.279874213836478,0.16666666666666666,0.24423480083857443,0.2526205450733753,0.09538784067085954,0.31551362683438156,40.0,5.9958071278826
2025-04-04,0,0,0,0,0,0,0,0,0,0,0,0,2025,4,4,4,94,14,2,0,0,1,-0.433883739117558,-0.9009688679024191,0.9988797155850336,-0.04732138832243185,0.992708874098054,-0.12053668025532288,0.8660254037844387,-0.4999999999999998,0.0,0.0,0.0,0.0,0.0,0.0,0.0,0.0,0.0,0.0,0.0,0.0,0.0,0.0,0.9285714285714286,1.8590438284354567,13.0,5.0,0.6428571428571429,1.5205818991982338,18.0,5.0,0.5178571428571429,1.3071978556309827,29.0,5.0,0.39285714285714285,1.1618209341204064,33.0,5.0,0.0,0.0,0.0,954,0.279874213836478,0.16666666666666666,0.24423480083857443,0.2526205450733753,0.09538784067085954,0.31551362683438156,40.0,5.9958071278826
2025-04-05,0,0,0,0,0,0,0,0,0,0,0,0,2025,4,5,5,95,14,2,1,0,0,-0.9749279121818236,-0.2225209339563146,0.9979171608653922,-0.06450844944931623,0.992708874098054,-0.12053668025532288,0.8660254037844387,-0.4999999999999998,0.0,0.0,0.0,0.0,5.0,1.0,0.0,0.0,0.0,0.0,0.0,0.0,0.0,0.0,0.5714285714285714,1.452546078405127,8.0,4.0,0.6071428571428571,1.5236235005501086,17.0,5.0,0.5178571428571429,1.3071978556309827,29.0,5.0,0.39285714285714285,1.1618209341204064,33.0,5.0,0.0,0.0,-1.0,954,0.279874213836478,0.16666666666666666,0.24423480083857443,0.2526205450733753,0.09538784067085954,0.31551362683438156,40.0,5.9958071278826
2025-04-06,0,0,0,0,0,0,0,0,0,0,0,0,2025,4,6,6,96,14,2,1,0,0,-0.7818314824680299,0.6234898018587334,0.9966589017541702,-0.08167639533042241,0.992708874098054,-0.12053668025532288,0.8660254037844387,-0.4999999999999998,0.0,0.0,0.0,0.0,0.0,0.0,0.0,0.0,0.0,0.0,0.0,0.0,0.0,0.0,0.5714285714285714,1.452546078405127,8.0,4.0,0.6071428571428571,1.5236235005501086,17.0,5.0,0.5178571428571429,1.3071978556309827,29.0,5.0,0.39285714285714285,1.1618209341204064,33.0,5.0,0.0,0.0,0.0,954,0.279874213836478,0.16666666666666666,0.24423480083857443,0.2526205450733753,0.09538784067085954,0.31551362683438156,40.0,5.9958071278826
2025-04-07,0,0,0,0,0,0,0,0,0,0,0,0,2025,4,7,0,97,15,2,0,1,0,0.0,1.0,0.9951053111006976,-0.09882013873287143,0.9709418174260521,-0.2393156642875575,0.8660254037844387,-0.4999999999999998,0.0,0.0,0.0,0.0,4.0,0.0,0.0,0.0,0.0,0.0,0.0,0.0,0.0,0.0,0.2857142857142857,1.0690449676496994,4.0,4.0,0.6071428571428571,1.5236235005501086,17.0,5.0,0.5178571428571429,1.3071978556309827,29.0,5.0,0.39285714285714285,1.1618209341204064,33.0,5.0,0.0,0.0,0.0,954,0.279874213836478,0.16666666666666666,0.24423480083857443,0.2526205450733753,0.09538784067085954,0.31551362683438156,40.0,5.9958071278826
2025-04-08,0,0,0,0,0,0,0,0,0,0,0,0,2025,4,8,1,98,15,2,0,0,0,0.7818314824680298,0.6234898018587336,0.9932568492674143,-0.11593459959550041,0.9709418174260521,-0.2393156642875575,0.8660254037844387,-0.4999999999999998,0.0,0.0,0.0,0.0,4.0,0.0,0.0,0.0,0.0,0.0,0.0,0.0,0.0,0.0,0.0,0.0,0.0,0.0,0.6071428571428571,1.5236235005501086,17.0,5.0,0.5,1.3073220372543692,28.0,5.0,0.39285714285714285,1.1618209341204064,33.0,5.0,0.0,0.0,0.0,954,0.279874213836478,0.16666666666666666,0.24423480083857443,0.2526205450733753,0.09538784067085954,0.31551362683438156,40.0,5.9958071278826
2025-04-09,0,0,0,0,0,0,0,0,0,0,0,0,2025,4,9,2,99,15,2,0,0,0,0.9749279121818236,-0.22252093395631434,0.9911140639934547,-0.1330147065341959,0.9709418174260521,-0.2393156642875575,0.8660254037844387,-0.4999999999999998,0.0,0.0,0.0,0.0,0.0,0.0,0.0,0.0,0.0,0.0,0.0,0.0,0.0,0.0,0.0,0.0,0.0,0.0,0.6071428571428571,1.5236235005501086,17.0,5.0,0.5,1.3073220372543692,28.0,5.0,0.39285714285714285,1.1618209341204064,33.0,5.0,0.0,0.0,0.0,954,0.279874213836478,0.16666666666666666,0.24423480083857443,0.2526205450733753,0.09538784067085954,0.31551362683438156,40.0,5.9958071278826
2025-04-10,4,0,0,4,0,0,0,0,8,0,0,0,2025,4,10,3,100,15,2,0,0,0,0.43388373911755823,-0.900968867902419,0.9886775902323405,-0.1500553983446526,0.9709418174260521,-0.2393156642875575,0.8660254037844387,-0.4999999999999998,0.0,0.0,0.0,0.0,0.0,0.0,1.3333333333333333,2.3094010767585025,4.0,4.0,0.5714285714285714,1.5118578920369066,4.0,4.0,0.2857142857142857,1.0690449676496994,4.0,4.0,0.75,1.6471074533748422,21.0,5.0,0.5535714285714286,1.3872096630829294,31.0,5.0,0.44047619047619047,1.225739909086541,37.0,5.0,4.0,4.0,4.0,954,0.279874213836478,0.16666666666666666,0.24423480083857443,0.2526205450733753,0.09538784067085954,0.31551362683438156,40.0,5.9958071278826
2025-04-11,0,0,0,0,0,0,0,0,0,0,0,0,2025,4,11,4,101,15,2,0,0,1,-0.433883739117558,-0.9009688679024191,0.9859481499638304,-0.16705162550211924,0.9709418174260521,-0.2393156642875575,0.8660254037844387,-0.4999999999999998,4.0,0.0,0.0,0.0,0.0,0.0,1.3333333333333333,2.3094010767585025,4.0,4.0,0.5714285714285714,1.5118578920369066,4.0,4.0,0.2857142857142857,1.0690449676496994,4.0,4.0,0.75,1.6471074533748422,21.0,5.0,0.5535714285714286,1.3872096630829294,31.0,5.0,0.44047619047619047,1.225739909086541,37.0,5.0,-4.0,0.0,0.0,954,0.279874213836478,0.16666666666666666,0.24423480083857443,0.2526205450733753,0.09538784067085954,0.31551362683438156,40.0,5.9958071278826
2025-04-12,0,0,0,0,0,0,0,0,0,0,0,0,2025,4,12,5,102,15,2,1,0,0,-0.9749279121818236,-0.2225209339563146,0.9829265519799822,-0.18399835165768005,0.9709418174260521,-0.2393156642875575,0.8660254037844387,-0.4999999999999998,0.0,4.0,0.0,0.0,0.0,0.0,1.3333333333333333,2.3094010767585025,4.0,4.0,0.5714285714285714,1.5118578920369066,4.0,4.0,0.2857142857142857,1.0690449676496994,4.0,4.0,0.75,1.6471074533748422,21.0,5.0,0.5535714285714286,1.3872096630829294,31.0,5.0,0.44047619047619047,1.225739909086541,37.0,5.0,0.0,0.0,0.0,954,0.279874213836478,0.16666666666666666,0.24423480083857443,0.2526205450733753,0.09538784067085954,0.31551362683438156,40.0,5.9958071278826
2025-04-13,0,0,0,0,0,0,0,0,0,0,0,0,2025,4,13,6,103,15,2,1,0,0,-0.7818314824680299,0.6234898018587334,0.9796136916454901,-0.20089055513063506,0.9709418174260521,-0.2393156642875575,0.8660254037844387,-0.4999999999999998,0.0,0.0,4.0,0.0,0.0,0.0,0.0,0.0,0.0,0.0,0.5714285714285714,1.5118578920369066,4.0,4.0,0.2857142857142857,1.0690449676496994,4.0,4.0,0.75,1.6471074533748422,21.0,5.0,0.5535714285714286,1.3872096630829294,31.0,5.0,0.44047619047619047,1.225739909086541,37.0,5.0,0.0,0.0,0.0,954,0.279874213836478,0.16666666666666666,0.24423480083857443,0.2526205450733753,0.09538784067085954,0.31551362683438156,40.0,5.9958071278826
2025-04-14,0,0,0,0,0,0,0,0,0,0,0,0,2025,4,14,0,104,16,2,0,1,0,0.0,1.0,0.9760105506323683,-0.21772323039653177,0.9350162426854148,-0.35460488704253545,0.8660254037844387,-0.4999999999999998,0.0,0.0,0.0,0.0,0.0,0.0,0.0,0.0,0.0,0.0,0.5714285714285714,1.5118578920369066,4.0,4.0,0.2857142857142857,1.0690449676496994,4.0,4.0,0.75,1.6471074533748422,21.0,5.0,0.5535714285714286,1.3872096630829294,31.0,5.0,0.44047619047619047,1.225739909086541,37.0,5.0,0.0,0.0,0.0,954,0.279874213836478,0.16666666666666666,0.24423480083857443,0.2526205450733753,0.09538784067085954,0.31551362683438156,40.0,5.9958071278826
2025-04-15,0,0,0,0,0,0,0,0,0,0,0,0,2025,4,15,1,105,16,2,0,0,0,0.7818314824680298,0.6234898018587336,0.9721181966290613,-0.23449138957040985,0.9350162426854148,-0.35460488704253545,0.8660254037844387,-0.4999999999999998,0.0,0.0,0.0,0.0,0.0,4.0,0.0,0.0,0.0,0.0,0.5714285714285714,1.5118578920369066,4.0,4.0,0.2857142857142857,1.0690449676496994,4.0,4.0,0.6071428571428571,1.5236235005501084,17.0,5.0,0.5535714285714286,1.3872096630829294,31.0,5.0,0.44047619047619047,1.225739909086541,37.0,5.0,0.0,0.0,-4.0,954,0.279874213836478,0.16666666666666666,0.24423480083857443,0.2526205450733753,0.09538784067085954,0.31551362683438156,40.0,5.9958071278826
2025-04-16,0,0,0,0,0,0,0,0,0,0,0,0,2025,4,16,2,106,16,2,0,0,0,0.9749279121818236,-0.22252093395631434,0.9679377830240642,-0.25119006388481935,0.9350162426854148,-0.35460488704253545,0.8660254037844387,-0.4999999999999998,0.0,0.0,0.0,0.0,0.0,0.0,0.0,0.0,0.0,0.0,0.5714285714285714,1.5118578920369066,4.0,4.0,0.2857142857142857,1.0690449676496994,4.0,4.0,0.6071428571428571,1.5236235005501084,17.0,5.0,0.5535714285714286,1.3872096630829294,31.0,5.0,0.44047619047619047,1.225739909086541,37.0,5.0,0.0,0.0,0.0,954,0.279874213836478,0.16666666666666666,0.24423480083857443,0.2526205450733753,0.09538784067085954,0.31551362683438156,40.0,5.9958071278826
2025-04-17,0,0,0,0,0,0,0,0,0,0,0,0,2025,4,17,3,107,16,2,0,0,0,0.43388373911755823,-0.900968867902419,0.9634705485641488,-0.2678143051621742,0.9350162426854148,-0.35460488704253545,0.8660254037844387,-0.4999999999999998,0.0,0.0,0.0,4.0,0.0,0.0,0.0,0.0,0.0,0.0,0.0,0.0,0.0,0.0,0.2857142857142857,1.0690449676496994,4.0,4.0,0.6071428571428571,1.5236235005501084,17.0,5.0,0.5535714285714286,1.3872096630829294,31.0,5.0,0.44047619047619047,1.225739909086541,37.0,5.0,0.0,-4.0,0.0,954,0.279874213836478,0.16666666666666666,0.24423480083857443,0.2526205450733753,0.09538784067085954,0.31551362683438156,40.0,5.9958071278826
2025-04-18,0,0,0,0,0,0,0,0,0,0,0,0,2025,4,18,4,108,16,2,0,0,1,-0.433883739117558,-0.9009688679024191,0.9587178169872964,-0.2843591872810034,0.9350162426854148,-0.35460488704253545,0.8660254037844387,-0.4999999999999998,0.0,0.0,0.0,0.0,0.0,0.0,0.0,0.0,0.0,0.0,0.0,0.0,0.0,0.0,0.2857142857142857,1.0690449676496994,4.0,4.0,0.6071428571428571,1.5236235005501084,17.0,5.0,0.48214285714285715,1.3071978556309827,27.0,5.0,0.44047619047619047,1.225739909086541,37.0,5.0,0.0,0.0,0.0,954,0.279874213836478,0.16666666666666666,0.24423480083857443,0.2526205450733753,0.09538784067085954,0.31551362683438156,40.0,5.9958071278826
2025-04-19,0,0,0,0,0,0,0,0,0,0,0,0,2025,4,19,5,109,16,2,1,0,0,-0.9749279121818236,-0.2225209339563146,0.9536809966304457,-0.30081980763566735,0.9350162426854148,-0.35460488704253545,0.8660254037844387,-0.4999999999999998,0.0,0.0,0.0,0.0,0.0,5.0,0.0,0.0,0.0,0.0,0.0,0.0,0.0,0.0,0.2857142857142857,1.0690449676496994,4.0,4.0,0.42857142857142855,1.259881576697422,12.0,4.0,0.48214285714285715,1.3071978556309827,27.0,5.0,0.44047619047619047,1.225739909086541,37.0,5.0,0.0,0.0,-5.0,954,0.279874213836478,0.16666666666666666,0.24423480083857443,0.2526205450733753,0.09538784067085954,0.31551362683438156,40.0,5.9958071278826
2025-04-20,0,0,0,0,0,0,0,0,0,0,0,0,2025,4,20,6,110,16,2,1,0,0,-0.7818314824680299,0.6234898018587334,0.9483615800121715,-0.3171912885891061,0.9350162426854148,-0.35460488704253545,0.8660254037844387,-0.4999999999999998,0.0,0.0,0.0,0.0,0.0,0.0,0.0,0.0,0.0,0.0,0.0,0.0,0.0,0.0,0.2857142857142857,1.0690449676496994,4.0,4.0,0.42857142857142855,1.259881576697422,12.0,4.0,0.4642857142857143,1.3068252399583555,26.0,5.0,0.44047619047619047,1.225739909086541,37.0,5.0,0.0,0.0,0.0,954,0.279874213836478,0.16666666666666666,0.24423480083857443,0.2526205450733753,0.09538784067085954,0.31551362683438156,40.0,5.9958071278826
2025-04-21,0,0,0,0,0,0,0,0,0,0,0,0,2025,4,21,0,111,17,2,0,1,0,0.0,1.0,0.9427611433904207,-0.3334687789181868,0.8854560256532099,-0.4647231720437685,0.8660254037844387,-0.4999999999999998,0.0,0.0,0.0,0.0,0.0,4.0,0.0,0.0,0.0,0.0,0.0,0.0,0.0,0.0,0.2857142857142857,1.0690449676496994,4.0,4.0,0.2857142857142857,1.0490610566259218,8.0,4.0,0.4642857142857143,1.3068252399583555,26.0,5.0,0.44047619047619047,1.225739909086541,37.0,5.0,0.0,0.0,-4.0,954,0.279874213836478,0.16666666666666666,0.24423480083857443,0.2526205450733753,0.09538784067085954,0.31551362683438156,40.0,5.9958071278826
2025-04-22,4,4,0,0,0,4,0,4,8,0,0,0,2025,4,22,1,112,17,2,0,0,0,0.7818314824680298,0.6234898018587336,0.9368813462954315,-0.3496474552512284,0.8854560256532099,-0.4647231720437685,0.8660254037844387,-0.4999999999999998,0.0,0.0,0.0,0.0,0.0,4.0,1.3333333333333333,2.3094010767585025,4.0,4.0,0.5714285714285714,1.5118578920369066,4.0,4.0,0.5714285714285714,1.452546078405127,8.0,4.0,0.2857142857142857,1.0490610566259218,8.0,4.0,0.5357142857142857,1.387794662755997,30.0,5.0,0.44047619047619047,1.225739909086541,37.0,5.0,4.0,4.0,0.0,954,0.279874213836478,0.16666666666666666,0.24423480083857443,0.2526205450733753,0.09538784067085954,0.31551362683438156,40.0,5.9958071278826
2025-04-23,0,0,0,0,0,0,0,0,0,0,0,0,2025,4,23,2,113,17,2,0,0,0,0.9749279121818236,-0.22252093395631434,0.9307239310379795,-0.36572252349726897,0.8854560256532099,-0.4647231720437685,0.8660254037844387,-0.4999999999999998,4.0,0.0,0.0,0.0,0.0,0.0,1.3333333333333333,2.3094010767585025,4.0,4.0,0.5714285714285714,1.5118578920369066,4.0,4.0,0.5714285714285714,1.452546078405127,8.0,4.0,0.2857142857142857,1.0490610566259218,8.0,4.0,0.5357142857142857,1.387794662755997,30.0,5.0,0.44047619047619047,1.225739909086541,37.0,5.0,-4.0,0.0,0.0,954,0.279874213836478,0.16666666666666666,0.24423480083857443,0.2526205450733753,0.09538784067085954,0.31551362683438156,40.0,5.9958071278826
2025-04-24,0,0,0,0,0,0,0,0,0,0,0,0,2025,4,24,3,114,17,2,0,0,0,0.43388373911755823,-0.900968867902419,0.9242907221930933,-0.3816892202666588,0.8854560256532099,-0.4647231720437685,0.8660254037844387,-0.4999999999999998,0.0,4.0,0.0,0.0,4.0,0.0,1.3333333333333333,2.3094010767585025,4.0,4.0,0.5714285714285714,1.5118578920369066,4.0,4.0,0.2857142857142857,1.0690449676496994,4.0,4.0,0.2857142857142857,1.0490610566259218,8.0,4.0,0.5357142857142857,1.387794662755997,30.0,5.0,0.44047619047619047,1.225739909086541,37.0,5.0,0.0,0.0,0.0,954,0.279874213836478,0.16666666666666666,0.24423480083857443,0.2526205450733753,0.09538784067085954,0.31551362683438156,40.0,5.9958071278826
2025-04-25,4,0,0,0,0,0,0,0,12,0,0,0,2025,4,25,4,115,17,2,0,0,1,-0.433883739117558,-0.9009688679024191,0.9175836260593937,-0.39754281428255595,0.8854560256532099,-0.4647231720437685,0.8660254037844387,-0.4999999999999998,0.0,0.0,4.0,0.0,0.0,0.0,1.3333333333333333,2.3094010767585025,4.0,4.0,1.1428571428571428,1.951800145897065,8.0,4.0,0.5714285714285714,1.452546078405127,8.0,4.0,0.42857142857142855,1.259881576697422,12.0,4.0,0.6071428571428571,1.4607416724959412,34.0,5.0,0.4880952380952381,1.2847019026888036,41.0,5.0,4.0,4.0,4.0,954,0.279874213836478,0.16666666666666666,0.24423480083857443,0.2526205450733753,0.09538784067085954,0.31551362683438156,40.0,5.9958071278826
2025-04-26,0,0,0,0,0,0,0,0,0,0,0,0,2025,4,26,5,116,17,2,1,0,0,-0.9749279121818236,-0.2225209339563146,0.9106046300942162,-0.4132786077829042,0.8854560256532099,-0.4647231720437685,0.8660254037844387,-0.4999999999999998,4.0,0.0,0.0,0.0,0.0,0.0,1.3333333333333333,2.3094010767585025,4.0,4.0,1.1428571428571428,1.951800145897065,8.0,4.0,0.5714285714285714,1.452546078405127,8.0,4.0,0.42857142857142855,1.259881576697422,12.0,4.0,0.6071428571428571,1.4607416724959412,34.0,5.0,0.4880952380952381,1.2847019026888036,41.0,5.0,-4.0,0.0,0.0,954,0.279874213836478,0.16666666666666666,0.24423480083857443,0.2526205450733753,0.09538784067085954,0.31551362683438156,40.0,5.9958071278826
2025-04-27,4,0,0,0,0,0,0,0,8,4,4,0,2025,4,27,6,117,17,2,1,0,0,-0.7818314824680299,0.6234898018587334,0.9033558023246845,-0.4288919379124835,0.8854560256532099,-0.4647231720437685,0.8660254037844387,-0.4999999999999998,0.0,4.0,0.0,0.0,0.0,0.0,2.6666666666666665,2.3094010767585056,8.0,4.0,1.7142857142857142,2.1380899352993943,12.0,4.0,0.8571428571428571,1.7032612545052812,12.0,4.0,0.5714285714285714,1.425393290199595,16.0,4.0,0.6785714285714286,1.5268165676232481,38.0,5.0,0.5357142857142857,1.3393617304875725,45.0,5.0,4.0,4.0,4.0,954,0.279874213836478,0.16666666666666666,0.24423480083857443,0.2526205450733753,0.09538784067085954,0.31551362683438156,40.0,5.9958071278826
2025-04-28,0,0,0,0,0,0,0,0,0,0,0,0,2025,4,28,0,118,18,2,0,1,0,0.0,1.0,0.895839290734909,-0.4443781781046132,0.8229838658936565,-0.5680647467311557,0.8660254037844387,-0.4999999999999998,4.0,0.0,4.0,0.0,0.0,0.0,1.3333333333333333,2.3094010767585025,4.0,4.0,1.7142857142857142,2.1380899352993943,12.0,4.0,0.8571428571428571,1.7032612545052812,12.0,4.0,0.5714285714285714,1.425393290199595,16.0,4.0,0.6785714285714286,1.5268165676232481,38.0,5.0,0.5357142857142857,1.3393617304875725,45.0,5.0,-4.0,0.0,0.0,954,0.279874213836478,0.16666666666666666,0.24423480083857443,0.2526205450733753,0.09538784067085954,0.31551362683438156,40.0,5.9958071278826
2025-04-29,0,0,0,0,0,0,0,0,0,0,0,0,2025,4,29,1,119,18,2,0,0,0,0.7818314824680298,0.6234898018587336,0.8880573226294932,-0.45973273945210397,0.8229838658936565,-0.5680647467311557,0.8660254037844387,-0.4999999999999998,0.0,4.0,0.0,4.0,0.0,0.0,1.3333333333333333,2.3094010767585025,4.0,4.0,1.1428571428571428,1.9518001458970649,8.0,4.0,0.8571428571428571,1.7032612545052812,12.0,4.0,0.5714285714285714,1.425393290199595,16.0,4.0,0.6785714285714286,1.5268165676232481,38.0,5.0,0.5357142857142857,1.3393617304875725,45.0,5.0,0.0,-4.0,0.0,954,0.279874213836478,0.16666666666666666,0.24423480083857443,0.2526205450733753,0.09538784067085954,0.31551362683438156,40.0,5.9958071278826
2025-04-30,0,0,0,0,0,0,0,0,0,0,0,0,2025,4,30,2,120,18,2,0,0,0,0.9749279121818236,-0.22252093395631434,0.8800122039735357,-0.47495107206704995,0.8229838658936565,-0.5680647467311557,0.8660254037844387,-0.4999999999999998,0.0,0.0,4.0,0.0,0.0,0.0,0.0,0.0,0.0,0.0,1.1428571428571428,1.9518001458970649,8.0,4.0,0.8571428571428571,1.7032612545052812,12.0,4.0,0.5714285714285714,1.425393290199595,16.0,4.0,0.6785714285714286,1.5268165676232481,38.0,5.0,0.5357142857142857,1.3393617304875725,45.0,5.0,0.0,0.0,0.0,954,0.279874213836478,0.16666666666666666,0.24423480083857443,0.2526205450733753,0.09538784067085954,0.31551362683438156,40.0,5.9958071278826
2025-05-01,8,4,0,4,0,4,0,4,12,0,0,0,2025,5,1,3,121,18,2,0,0,0,0.43388373911755823,-0.900968867902419,0.8717063187093218,-0.4900286664290592,0.8229838658936565,-0.5680647467311557,0.49999999999999994,-0.8660254037844387,0.0,0.0,0.0,0.0,0.0,0.0,2.6666666666666665,4.618802153517007,8.0,8.0,2.2857142857142856,3.1471831698777724,16.0,8.0,1.4285714285714286,2.5332947751066044,20.0,8.0,0.8571428571428571,1.994701977448254,24.0,8.0,0.75,1.7606816861659023,42.0,8.0,0.6309523809523809,1.5660537612889525,53.0,8.0,8.0,8.0,8.0,954,0.279874213836478,0.16666666666666666,0.24423480083857443,0.2526205450733753,0.09538784067085954,0.31551362683438156,40.0,5.9958071278826
2025-05-02,4,0,0,4,0,4,0,4,8,0,0,0,2025,5,2,4,122,18,2,0,0,1,-0.433883739117558,-0.9009688679024191,0.8631421280499114,-0.5049610547215204,0.8229838658936565,-0.5680647467311557,0.49999999999999994,-0.8660254037844387,8.0,0.0,0.0,4.0,0.0,0.0,4.0,4.000000000000003,12.0,8.0,2.2857142857142856,3.1471831698777724,16.0,8.0,1.7142857142857142,2.5848246906354566,24.0,8.0,1.0,2.0727509006864024,28.0,8.0,0.8214285714285714,1.8101445734038433,46.0,8.0,0.6785714285714286,1.6069181330742253,57.0,8.0,-4.0,0.0,4.0,954,0.279874213836478,0.16666666666666666,0.24423480083857443,0.2526205450733753,0.09538784067085954,0.31551362683438156,40.0,5.9958071278826
2025-05-03,0,0,0,0,0,0,0,0,0,0,0,0,2025,5,3,5,123,18,2,1,0,0,-0.9749279121818236,-0.2225209339563146,0.854322169749827,-0.5197438121555155,0.8229838658936565,-0.5680647467311557,0.49999999999999994,-0.8660254037844387,4.0,8.0,0.0,0.0,0.0,0.0,4.0,4.000000000000003,12.0,8.0,2.2857142857142856,3.1471831698777724,16.0,8.0,1.7142857142857142,2.5848246906354566,24.0,8.0,1.0,2.0727509006864024,28.0,8.0,0.8035714285714286,1.8132807319847135,45.0,8.0,0.6785714285714286,1.6069181330742253,57.0,8.0,-4.0,0.0,0.0,954,0.279874213836478,0.16666666666666666,0.24423480083857443,0.2526205450733753,0.09538784067085954,0.31551362683438156,40.0,5.9958071278826
2025-05-04,0,0,0,0,0,0,0,0,0,0,0,0,2025,5,4,6,124,18,2,1,0,0,-0.7818314824680299,0.6234898018587334,0.8452490573530633,-0.5343725582809786,0.8229838658936565,-0.5680647467311557,0.49999999999999994,-0.8660254037844387,0.0,4.0,8.0,4.0,0.0,0.0,1.3333333333333333,2.3094010767585034,4.0,4.0,1.7142857142857142,3.147183169877772,12.0,8.0,1.7142857142857142,2.5848246906354566,24.0,8.0,1.0,2.0727509006864024,28.0,8.0,0.8035714285714286,1.8132807319847135,45.0,8.0,0.6785714285714286,1.6069181330742253,57.0,8.0,0.0,-4.0,0.0,954,0.279874213836478,0.16666666666666666,0.24423480083857443,0.2526205450733753,0.09538784067085954,0.31551362683438156,40.0,5.9958071278826
2025-05-05,0,0,0,0,0,0,0,0,0,0,0,0,2025,5,5,0,125,19,2,0,1,0,0.0,1.0,0.8359254794186372,-0.548842958284719,0.7485107481711013,-0.663122658240795,0.49999999999999994,-0.8660254037844387,0.0,0.0,4.0,0.0,0.0,0.0,0.0,0.0,0.0,0.0,1.7142857142857142,3.147183169877772,12.0,8.0,1.7142857142857142,2.5848246906354566,24.0,8.0,1.0,2.0727509006864024,28.0,8.0,0.8035714285714286,1.8132807319847135,45.0,8.0,0.6785714285714286,1.6069181330742253,57.0,8.0,0.0,0.0,0.0,954,0.279874213836478,0.16666666666666666,0.24423480083857443,0.2526205450733753,0.09538784067085954,0.31551362683438156,40.0,5.9958071278826
2025-05-06,0,0,0,0,0,0,0,0,0,0,0,0,2025,5,6,1,126,19,2,0,0,0,0.7818314824680298,0.6234898018587336,0.8263541987239096,-0.5631507242749186,0.7485107481711013,-0.663122658240795,0.49999999999999994,-0.8660254037844387,0.0,0.0,0.0,0.0,4.0,0.0,0.0,0.0,0.0,0.0,1.7142857142857142,3.147183169877772,12.0,8.0,1.4285714285714286,2.5332947751066044,20.0,8.0,1.0,2.0727509006864024,28.0,8.0,0.8035714285714286,1.8132807319847135,45.0,8.0,0.6666666666666666,1.6082118584086191,56.0,8.0,0.0,0.0,0.0,954,0.279874213836478,0.16666666666666666,0.24423480083857443,0.2526205450733753,0.09538784067085954,0.31551362683438156,40.0,5.9958071278826
2025-05-07,0,0,0,0,0,0,0,0,0,0,0,0,2025,5,7,2,127,19,2,0,0,0,0.9749279121818236,-0.22252093395631434,0.8165380514459161,-0.5772916165517272,0.7485107481711013,-0.663122658240795,0.49999999999999994,-0.8660254037844387,0.0,0.0,0.0,0.0,0.0,0.0,0.0,0.0,0.0,0.0,1.7142857142857142,3.147183169877772,12.0,8.0,1.4285714285714286,2.5332947751066044,20.0,8.0,1.0,2.0727509006864024,28.0,8.0,0.8035714285714286,1.8132807319847135,45.0,8.0,0.6666666666666666,1.6082118584086191,56.0,8.0,0.0,0.0,0.0,954,0.279874213836478,0.16666666666666666,0.24423480083857443,0.2526205450733753,0.09538784067085954,0.31551362683438156,40.0,5.9958071278826
2025-05-08,0,0,0,0,0,0,0,0,0,0,0,0,2025,5,8,3,128,19,2,0,0,0,0.43388373911755823,-0.900968867902419,0.8064799463209448,-0.5912614448635781,0.7485107481711013,-0.663122658240795,0.49999999999999994,-0.8660254037844387,0.0,0.0,0.0,8.0,0.0,4.0,0.0,0.0,0.0,0.0,0.5714285714285714,1.5118578920369057,4.0,4.0,1.4285714285714286,2.5332947751066044,20.0,8.0,0.8571428571428571,1.994701977448254,24.0,8.0,0.8035714285714286,1.8132807319847135,45.0,8.0,0.6547619047619048,1.6094154264567029,55.0,8.0,0.0,-8.0,-4.0,954,0.279874213836478,0.16666666666666666,0.24423480083857443,0.2526205450733753,0.09538784067085954,0.31551362683438156,40.0,5.9958071278826
2025-05-09,0,0,0,0,0,0,0,0,0,0,0,0,2025,5,9,4,129,19,2,0,0,1,-0.433883739117558,-0.9009688679024191,0.7961828637826158,-0.6050560696488488,0.7485107481711013,-0.663122658240795,0.49999999999999994,-0.8660254037844387,0.0,0.0,0.0,4.0,4.0,0.0,0.0,0.0,0.0,0.0,0.0,0.0,0.0,0.0,1.1428571428571428,2.4449993820085067,16.0,8.0,0.8571428571428571,1.994701977448254,24.0,8.0,0.8035714285714286,1.8132807319847135,45.0,8.0,0.6547619047619048,1.6094154264567029,55.0,8.0,0.0,-4.0,0.0,954,0.279874213836478,0.16666666666666666,0.24423480083857443,0.2526205450733753,0.09538784067085954,0.31551362683438156,40.0,5.9958071278826
2025-05-10,4,0,4,0,0,4,0,4,8,0,0,4,2025,5,10,5,130,19,2,1,0,0,-0.9749279121818236,-0.2225209339563146,0.7856498550787147,-0.6186714032625031,0.7485107481711013,-0.663122658240795,0.49999999999999994,-0.8660254037844387,0.0,0.0,0.0,0.0,0.0,0.0,1.3333333333333333,2.3094010767585034,4.0,4.0,0.5714285714285714,1.5118578920369057,4.0,4.0,1.4285714285714286,2.5332947751066044,20.0,8.0,1.0,2.0727509006864024,28.0,8.0,0.875,1.8592520490289064,49.0,8.0,0.7023809523809523,1.6485098192643957,59.0,8.0,4.0,4.0,4.0,954,0.279874213836478,0.16666666666666666,0.24423480083857443,0.2526205450733753,0.09538784067085954,0.31551362683438156,40.0,5.9958071278826
2025-05-11,0,0,0,0,0,0,0,0,0,0,0,0,2025,5,11,6,131,19,2,1,0,0,-0.7818314824680299,0.6234898018587334,0.7748840413670407,-0.6321034111873487,0.7485107481711013,-0.663122658240795,0.49999999999999994,-0.8660254037844387,4.0,0.0,0.0,0.0,4.0,0.0,1.3333333333333333,2.3094010767585034,4.0,4.0,0.5714285714285714,1.5118578920369057,4.0,4.0,1.1428571428571428,2.4449993820085067,16.0,8.0,1.0,2.0727509006864024,28.0,8.0,0.875,1.8592520490289064,49.0,8.0,0.7023809523809523,1.6485098192643957,59.0,8.0,-4.0,0.0,0.0,954,0.279874213836478,0.16666666666666666,0.24423480083857443,0.2526205450733753,0.09538784067085954,0.31551362683438156,40.0,5.9958071278826
2025-05-12,0,0,0,0,0,0,0,0,0,0,0,0,2025,5,12,0,132,20,2,0,1,0,0.0,1.0,0.7638886127905428,-0.6453481132295501,0.6631226582407952,-0.7485107481711012,0.49999999999999994,-0.8660254037844387,0.0,4.0,0.0,0.0,0.0,0.0,1.3333333333333333,2.3094010767585034,4.0,4.0,0.5714285714285714,1.5118578920369057,4.0,4.0,1.1428571428571428,2.4449993820085067,16.0,8.0,1.0,2.0727509006864024,28.0,8.0,0.875,1.8592520490289064,49.0,8.0,0.7023809523809523,1.6485098192643957,59.0,8.0,0.0,0.0,0.0,954,0.279874213836478,0.16666666666666666,0.24423480083857443,0.2526205450733753,0.09538784067085954,0.31551362683438156,40.0,5.9958071278826
2025-05-13,0,0,0,0,0,0,0,0,0,0,0,0,2025,5,13,1,133,20,2,0,0,0,0.7818314824680298,0.6234898018587336,0.7526668275320085,-0.6584015846980488,0.6631226582407952,-0.7485107481711012,0.49999999999999994,-0.8660254037844387,0.0,0.0,4.0,0.0,0.0,0.0,0.0,0.0,0.0,0.0,0.5714285714285714,1.5118578920369057,4.0,4.0,1.1428571428571428,2.4449993820085067,16.0,8.0,1.0,2.0727509006864024,28.0,8.0,0.8035714285714286,1.8132807319847135,45.0,8.0,0.7023809523809523,1.6485098192643957,59.0,8.0,0.0,0.0,0.0,954,0.279874213836478,0.16666666666666666,0.24423480083857443,0.2526205450733753,0.09538784067085954,0.31551362683438156,40.0,5.9958071278826
2025-05-14,4,4,0,0,0,8,0,4,8,0,0,0,2025,5,14,2,134,20,2,0,0,0,0.9749279121818236,-0.22252093395631434,0.7412220108485958,-0.6712599575675313,0.6631226582407952,-0.7485107481711012,0.49999999999999994,-0.8660254037844387,0.0,0.0,0.0,0.0,0.0,0.0,1.3333333333333333,2.3094010767585034,4.0,4.0,1.1428571428571428,1.9518001458970644,8.0,4.0,1.4285714285714286,2.5332947751066044,20.0,8.0,1.1428571428571428,2.1380899352993943,32.0,8.0,0.875,1.8592520490289064,49.0,8.0,0.75,1.685337190529875,63.0,8.0,4.0,4.0,4.0,954,0.279874213836478,0.16666666666666666,0.24423480083857443,0.2526205450733753,0.09538784067085954,0.31551362683438156,40.0,5.9958071278826
2025-05-15,0,0,0,0,0,0,0,0,0,0,0,0,2025,5,15,3,135,20,2,0,0,0,0.43388373911755823,-0.900968867902419,0.7295575540864875,-0.6839194216246106,0.6631226582407952,-0.7485107481711012,0.49999999999999994,-0.8660254037844387,4.0,0.0,0.0,0.0,8.0,0.0,1.3333333333333333,2.3094010767585034,4.0,4.0,1.1428571428571428,1.9518001458970644,8.0,4.0,0.8571428571428571,1.7032612545052814,12.0,4.0,1.1428571428571428,2.1380899352993943,32.0,8.0,0.875,1.8592520490289064,49.0,8.0,0.75,1.685337190529875,63.0,8.0,-4.0,0.0,0.0,954,0.279874213836478,0.16666666666666666,0.24423480083857443,0.2526205450733753,0.09538784067085954,0.31551362683438156,40.0,5.9958071278826
2025-05-16,0,0,0,0,0,0,0,0,0,0,0,0,2025,5,16,4,136,20,2,0,0,1,-0.433883739117558,-0.9009688679024191,0.717676913675962,-0.6963762255968722,0.6631226582407952,-0.7485107481711012,0.49999999999999994,-0.8660254037844387,0.0,4.0,0.0,0.0,4.0,0.0,1.3333333333333333,2.3094010767585034,4.0,4.0,1.1428571428571428,1.9518001458970644,8.0,4.0,0.5714285714285714,1.4525460784051272,8.0,4.0,1.1428571428571428,2.1380899352993943,32.0,8.0,0.875,1.8592520490289064,49.0,8.0,0.7023809523809523,1.6485098192643957,59.0,8.0,0.0,0.0,0.0,954,0.279874213836478,0.16666666666666666,0.24423480083857443,0.2526205450733753,0.09538784067085954,0.31551362683438156,40.0,5.9958071278826
2025-05-17,0,0,0,0,0,0,0,0,0,0,0,0,2025,5,17,5,137,20,2,1,0,0,-0.9749279121818236,-0.2225209339563146,0.705583610107178,-0.7086266782644596,0.6631226582407952,-0.7485107481711012,0.49999999999999994,-0.8660254037844387,0.0,0.0,4.0,4.0,0.0,0.0,0.0,0.0,0.0,0.0,0.5714285714285714,1.5118578920369057,4.0,4.0,0.5714285714285714,1.4525460784051272,8.0,4.0,1.1428571428571428,2.1380899352993943,32.0,8.0,0.7857142857142857,1.7757383684672579,44.0,8.0,0.7023809523809523,1.6485098192643957,59.0,8.0,0.0,-4.0,0.0,954,0.279874213836478,0.16666666666666666,0.24423480083857443,0.2526205450733753,0.09538784067085954,0.31551362683438156,40.0,5.9958071278826
2025-05-18,4,0,0,0,0,0,0,0,8,4,4,0,2025,5,18,6,138,20,2,1,0,0,-0.7818314824680299,0.6234898018587334,0.6932812268869777,-0.7206671495538609,0.6631226582407952,-0.7485107481711012,0.49999999999999994,-0.8660254037844387,0.0,0.0,0.0,0.0,0.0,0.0,1.3333333333333333,2.3094010767585034,4.0,4.0,1.1428571428571428,1.9518001458970644,8.0,4.0,0.8571428571428571,1.7032612545052814,12.0,4.0,1.2857142857142858,2.1918560181345854,36.0,8.0,0.8571428571428571,1.8233692233542085,48.0,8.0,0.7380952380952381,1.6870809439094356,62.0,8.0,4.0,4.0,4.0,954,0.279874213836478,0.16666666666666666,0.24423480083857443,0.2526205450733753,0.09538784067085954,0.31551362683438156,40.0,5.9958071278826
2025-05-19,4,4,0,0,0,8,0,4,8,0,0,0,2025,5,19,0,139,21,2,0,1,0,0.0,1.0,0.6807734094770161,-0.7324940716135789,0.5680647467311558,-0.8229838658936564,0.49999999999999994,-0.8660254037844387,4.0,0.0,0.0,0.0,0.0,0.0,2.6666666666666665,2.309401076758505,8.0,4.0,1.7142857142857142,2.138089935299394,12.0,4.0,1.1428571428571428,1.8752289237539825,16.0,4.0,1.4285714285714286,2.234884559593401,40.0,8.0,0.8571428571428571,1.8233692233542085,48.0,8.0,0.7857142857142857,1.7220849549550732,66.0,8.0,0.0,4.0,4.0,954,0.279874213836478,0.16666666666666666,0.24423480083857443,0.2526205450733753,0.09538784067085954,0.31551362683438156,40.0,5.9958071278826
2025-05-20,0,0,0,0,0,0,0,0,0,0,0,0,2025,5,20,1,140,21,2,0,0,0,0.7818314824680298,0.6234898018587336,0.6680638642135335,-0.7441039398713607,0.5680647467311558,-0.8229838658936564,0.49999999999999994,-0.8660254037844387,4.0,4.0,0.0,0.0,0.0,4.0,2.6666666666666665,2.309401076758505,8.0,4.0,1.7142857142857142,2.138089935299394,12.0,4.0,1.1428571428571428,1.8752289237539825,16.0,4.0,1.2857142857142858,2.1918560181345854,36.0,8.0,0.7857142857142857,1.7757383684672579,44.0,8.0,0.7857142857142857,1.7220849549550732,66.0,8.0,-4.0,0.0,-4.0,954,0.279874213836478,0.16666666666666666,0.24423480083857443,0.2526205450733753,0.09538784067085954,0.31551362683438156,40.0,5.9958071278826
2025-05-21,5,0,1,4,0,0,0,0,10,0,0,1,2025,5,21,2,141,21,2,0,0,0,0.9749279121818236,-0.22252093395631434,0.6551563572090853,-0.7554933140726803,0.5680647467311558,-0.8229838658936564,0.49999999999999994,-0.8660254037844387,0.0,4.0,4.0,4.0,0.0,0.0,3.0,2.645751311064593,9.0,5.0,1.8571428571428572,2.340126166724878,13.0,5.0,1.5,2.103111248383434,21.0,5.0,1.4642857142857142,2.2849287671390255,41.0,8.0,0.875,1.8592520490289064,49.0,8.0,0.8452380952380952,1.7800368726318168,71.0,8.0,5.0,1.0,5.0,954,0.279874213836478,0.16666666666666666,0.24423480083857443,0.2526205450733753,0.09538784067085954,0.31551362683438156,40.0,5.9958071278826
2025-05-22,0,0,0,0,0,0,0,0,0,0,0,0,2025,5,22,3,142,21,2,0,0,0,0.43388373911755823,-0.900968867902419,0.6420547132365637,-0.766658819300159,0.5680647467311558,-0.8229838658936564,0.49999999999999994,-0.8660254037844387,5.0,0.0,4.0,0.0,0.0,0.0,1.6666666666666667,2.886751345948129,5.0,5.0,1.8571428571428572,2.340126166724878,13.0,5.0,1.5,2.103111248383434,21.0,5.0,1.4642857142857142,2.2849287671390255,41.0,8.0,0.875,1.8592520490289064,49.0,8.0,0.8452380952380952,1.7800368726318168,71.0,8.0,-5.0,0.0,0.0,954,0.279874213836478,0.16666666666666666,0.24423480083857443,0.2526205450733753,0.09538784067085954,0.31551362683438156,40.0,5.9958071278826
2025-05-23,0,0,0,0,0,0,0,0,0,0,0,0,2025,5,23,4,143,21,2,0,0,1,-0.433883739117558,-0.9009688679024191,0.6287628145958344,-0.7775971469736269,0.5680647467311558,-0.8229838658936564,0.49999999999999994,-0.8660254037844387,0.0,5.0,0.0,0.0,0.0,4.0,1.6666666666666667,2.886751345948129,5.0,5.0,1.8571428571428572,2.340126166724878,13.0,5.0,1.5,2.103111248383434,21.0,5.0,1.3214285714285714,2.245218317002889,37.0,8.0,0.875,1.8592520490289064,49.0,8.0,0.8452380952380952,1.7800368726318168,71.0,8.0,0.0,0.0,-4.0,954,0.279874213836478,0.16666666666666666,0.24423480083857443,0.2526205450733753,0.09538784067085954,0.31551362683438156,40.0,5.9958071278826
2025-05-24,0,0,0,0,0,0,0,0,0,0,0,0,2025,5,24,5,144,21,2,1,0,0,-0.9749279121818236,-0.2225209339563146,0.6152845999633276,-0.7883050558305255,0.5680647467311558,-0.8229838658936564,0.49999999999999994,-0.8660254037844387,0.0,0.0,5.0,0.0,4.0,0.0,0.0,0.0,0.0,0.0,1.8571428571428572,2.340126166724878,13.0,5.0,1.2142857142857142,2.00685637938357,17.0,5.0,1.3214285714285714,2.245218317002889,37.0,8.0,0.875,1.8592520490289064,49.0,8.0,0.8452380952380952,1.7800368726318168,71.0,8.0,0.0,0.0,0.0,954,0.279874213836478,0.16666666666666666,0.24423480083857443,0.2526205450733753,0.09538784067085954,0.31551362683438156,40.0,5.9958071278826
2025-05-25,0,0,0,0,0,0,0,0,0,0,0,0,2025,5,25,6,145,21,2,1,0,0,-0.7818314824680299,0.6234898018587334,0.6016240632249226,-0.7987793728863649,0.5680647467311558,-0.8229838658936564,0.49999999999999994,-0.8660254037844387,0.0,0.0,0.0,4.0,0.0,4.0,0.0,0.0,0.0,0.0,1.2857142857142858,2.2146697055682814,9.0,5.0,1.2142857142857142,2.00685637938357,17.0,5.0,1.1785714285714286,2.1951726740243154,33.0,8.0,0.875,1.8592520490289064,49.0,8.0,0.8452380952380952,1.7800368726318168,71.0,8.0,0.0,-4.0,-4.0,954,0.279874213836478,0.16666666666666666,0.24423480083857443,0.2526205450733753,0.09538784067085954,0.31551362683438156,40.0,5.9958071278826
2025-05-26,0,0,0,0,0,0,0,0,0,0,0,0,2025,5,26,0,146,22,2,0,1,0,0.0,1.0,0.5877852522924732,-0.8090169943749473,0.46472317204376906,-0.8854560256532096,0.49999999999999994,-0.8660254037844387,0.0,0.0,0.0,4.0,0.0,0.0,0.0,0.0,0.0,0.0,0.7142857142857143,1.8898223650461339,5.0,5.0,1.2142857142857142,2.00685637938357,17.0,5.0,1.1785714285714286,2.1951726740243154,33.0,8.0,0.875,1.8592520490289064,49.0,8.0,0.8452380952380952,1.7800368726318168,71.0,8.0,0.0,-4.0,0.0,954,0.279874213836478,0.16666666666666666,0.24423480083857443,0.2526205450733753,0.09538784067085954,0.31551362683438156,40.0,5.9958071278826
2025-05-27,1,0,0,1,0,0,0,0,2,0,0,0,2025,5,27,1,147,22,2,0,0,0,0.7818314824680298,0.6234898018587336,0.5737722679043246,-0.8190148866680801,0.46472317204376906,-0.8854560256532096,0.49999999999999994,-0.8660254037844387,0.0,0.0,0.0,0.0,0.0,0.0,0.3333333333333333,0.5773502691896174,1.0,1.0,0.8571428571428571,1.864454471471607,6.0,5.0,1.2857142857142858,1.9778998741311238,18.0,5.0,1.2142857142857142,2.183390887403298,34.0,8.0,0.8928571428571429,1.8554937733275065,50.0,8.0,0.8571428571428571,1.7776582480375227,72.0,8.0,1.0,1.0,1.0,954,0.279874213836478,0.16666666666666666,0.24423480083857443,0.2526205450733753,0.09538784067085954,0.31551362683438156,40.0,5.9958071278826
2025-05-28,0,0,0,0,0,0,0,0,0,0,0,0,2025,5,28,2,148,22,2,0,0,0,0.9749279121818236,-0.22252093395631434,0.5595892624101765,-0.8287700871745038,0.46472317204376906,-0.8854560256532096,0.49999999999999994,-0.8660254037844387,1.0,0.0,0.0,5.0,4.0,0.0,0.3333333333333333,0.5773502691896174,1.0,1.0,0.14285714285714285,0.3779644730092127,1.0,1.0,1.0,1.8397324220156006,14.0,5.0,1.2142857142857142,2.183390887403298,34.0,8.0,0.8928571428571429,1.8554937733275065,50.0,8.0,0.8571428571428571,1.7776582480375227,72.0,8.0,-1.0,-5.0,0.0,954,0.279874213836478,0.16666666666666666,0.24423480083857443,0.2526205450733753,0.09538784067085954,0.31551362683438156,40.0,5.9958071278826
2025-05-29,0,0,0,0,0,0,0,0,0,0,0,0,2025,5,29,3,149,22,2,0,0,0,0.43388373911755823,-0.900968867902419,0.545240438540651,-0.8382797052177744,0.46472317204376906,-0.8854560256532096,0.49999999999999994,-0.8660254037844387,0.0,1.0,0.0,0.0,0.0,8.0,0.3333333333333333,0.5773502691896174,1.0,1.0,0.14285714285714285,0.3779644730092127,1.0,1.0,1.0,1.8397324220156006,14.0,5.0,0.9285714285714286,1.7411909808364006,26.0,5.0,0.8928571428571429,1.8554937733275065,50.0,8.0,0.8095238095238095,1.745743121887939,68.0,8.0,0.0,0.0,-8.0,954,0.279874213836478,0.16666666666666666,0.24423480083857443,0.2526205450733753,0.09538784067085954,0.31551362683438156,40.0,5.9958071278826
2025-05-30,0,0,0,0,0,0,0,0,0,0,0,0,2025,5,30,4,150,22,2,0,0,1,-0.433883739117558,-0.9009688679024191,0.5307300481619334,-0.8475409228928311,0.46472317204376906,-0.8854560256532096,0.49999999999999994,-0.8660254037844387,0.0,0.0,1.0,0.0,0.0,4.0,0.0,0.0,0.0,0.0,0.14285714285714285,0.3779644730092127,1.0,1.0,1.0,1.8397324220156006,14.0,5.0,0.7857142857142857,1.6410733356927374,22.0,5.0,0.8928571428571429,1.8554937733275065,50.0,8.0,0.8095238095238095,1.745743121887939,68.0,8.0,0.0,0.0,-4.0,954,0.279874213836478,0.16666666666666666,0.24423480083857443,0.2526205450733753,0.09538784067085954,0.31551362683438156,40.0,5.9958071278826
2025-05-31,0,0,0,0,0,0,0,0,0,0,0,0,2025,5,31,5,151,22,2,1,0,0,-0.9749279121818236,-0.2225209339563146,0.5160623910158528,-0.8565509959010036,0.46472317204376906,-0.8854560256532096,0.49999999999999994,-0.8660254037844387,0.0,0.0,0.0,0.0,0.0,0.0,0.0,0.0,0.0,0.0,0.14285714285714285,0.3779644730092127,1.0,1.0,1.0,1.8397324220156006,14.0,5.0,0.7857142857142857,1.6410733356927374,22.0,5.0,0.8928571428571429,1.8554937733275065,50.0,8.0,0.7976190476190477,1.7478369551538528,67.0,8.0,0.0,0.0,0.0,954,0.279874213836478,0.16666666666666666,0.24423480083857443,0.2526205450733753,0.09538784067085954,0.31551362683438156,40.0,5.9958071278826
2025-06-01,0,0,0,0,0,0,0,0,0,0,0,0,2025,6,1,6,152,22,2,1,0,0,-0.7818314824680299,0.6234898018587334,0.5012418134457758,-0.865307254363206,0.46472317204376906,-0.8854560256532096,1.2246467991473532e-16,-1.0,0.0,0.0,0.0,0.0,4.0,0.0,0.0,0.0,0.0,0.0,0.14285714285714285,0.3779644730092127,1.0,1.0,0.7142857142857143,1.6374732612530454,10.0,5.0,0.7857142857142857,1.6410733356927374,22.0,5.0,0.8928571428571429,1.8554937733275065,50.0,8.0,0.7976190476190477,1.7478369551538528,67.0,8.0,0.0,0.0,0.0,954,0.279874213836478,0.16666666666666666,0.24423480083857443,0.2526205450733753,0.09538784067085954,0.31551362683438156,40.0,5.9958071278826
2025-06-02,0,0,0,0,0,0,0,0,0,0,0,0,2025,6,2,0,153,23,2,0,1,0,0.0,1.0,0.48627270710868997,-0.8738071036110808,0.35460488704253584,-0.9350162426854147,1.2246467991473532e-16,-1.0,0.0,0.0,0.0,0.0,4.0,0.0,0.0,0.0,0.0,0.0,0.14285714285714285,0.3779644730092127,1.0,1.0,0.42857142857142855,1.3424596091494916,6.0,5.0,0.7857142857142857,1.6410733356927374,22.0,5.0,0.8928571428571429,1.8554937733275065,50.0,8.0,0.7976190476190477,1.7478369551538528,67.0,8.0,0.0,0.0,0.0,954,0.279874213836478,0.16666666666666666,0.24423480083857443,0.2526205450733753,0.09538784067085954,0.31551362683438156,40.0,5.9958071278826
2025-06-03,0,0,0,0,0,0,0,0,0,0,0,0,2025,6,3,1,154,23,2,0,0,0,0.7818314824680298,0.6234898018587336,0.4711595076738638,-0.8820480249558537,0.35460488704253584,-0.9350162426854147,1.2246467991473532e-16,-1.0,0.0,0.0,0.0,1.0,0.0,0.0,0.0,0.0,0.0,0.0,0.0,0.0,0.0,0.0,0.42857142857142855,1.3424596091494916,6.0,5.0,0.7857142857142857,1.6410733356927374,22.0,5.0,0.8928571428571429,1.8554937733275065,50.0,8.0,0.7976190476190477,1.7478369551538528,67.0,8.0,0.0,-1.0,0.0,954,0.279874213836478,0.16666666666666666,0.24423480083857443,0.2526205450733753,0.09538784067085954,0.31551362683438156,40.0,5.9958071278826
2025-06-04,4,0,0,4,0,0,0,0,8,0,0,0,2025,6,4,2,155,23,2,0,0,0,0.9749279121818236,-0.22252093395631434,0.4559066935084588,-0.8900275764346767,0.35460488704253584,-0.9350162426854147,1.2246467991473532e-16,-1.0,0.0,0.0,0.0,0.0,5.0,0.0,1.3333333333333333,2.309401076758503,4.0,4.0,0.5714285714285714,1.5118578920369057,4.0,4.0,0.35714285714285715,1.081817762069783,5.0,4.0,0.9285714285714286,1.7411909808364006,26.0,5.0,0.9642857142857143,1.8970243273878447,54.0,8.0,0.8452380952380952,1.7800368726318168,71.0,8.0,4.0,4.0,4.0,954,0.279874213836478,0.16666666666666666,0.24423480083857443,0.2526205450733753,0.09538784067085954,0.31551362683438156,40.0,5.9958071278826
2025-06-05,0,0,0,0,0,0,0,0,0,0,0,0,2025,6,5,3,156,23,2,0,0,0,0.43388373911755823,-0.900968867902419,0.440518784350495,-0.8977433935342337,0.35460488704253584,-0.9350162426854147,1.2246467991473532e-16,-1.0,4.0,0.0,0.0,0.0,0.0,0.0,1.3333333333333333,2.3094010767585034,4.0,4.0,0.5714285714285714,1.511857892036906,4.0,4.0,0.35714285714285715,1.081817762069783,5.0,4.0,0.9285714285714286,1.7411909808364006,26.0,5.0,0.8928571428571429,1.8554937733275065,50.0,8.0,0.8452380952380952,1.7800368726318168,71.0,8.0,-4.0,0.0,0.0,954,0.279874213836478,0.16666666666666666,0.24423480083857443,0.2526205450733753,0.09538784067085954,0.31551362683438156,40.0,5.9958071278826
2025-06-06,0,0,0,0,0,0,0,0,0,0,0,0,2025,6,6,4,157,23,2,0,0,1,-0.433883739117558,-0.9009688679024191,0.42500033996955416,-0.9051931898913974,0.35460488704253584,-0.9350162426854147,1.2246467991473532e-16,-1.0,0.0,4.0,0.0,0.0,0.0,0.0,1.3333333333333333,2.3094010767585034,4.0,4.0,0.5714285714285714,1.511857892036906,4.0,4.0,0.35714285714285715,1.081817762069783,5.0,4.0,0.9285714285714286,1.7411909808364006,26.0,5.0,0.8928571428571429,1.8554937733275065,50.0,8.0,0.8452380952380952,1.7800368726318168,71.0,8.0,0.0,0.0,0.0,954,0.279874213836478,0.16666666666666666,0.24423480083857443,0.2526205450733753,0.09538784067085954,0.31551362683438156,40.0,5.9958071278826
2025-06-07,0,0,0,0,0,0,0,0,0,0,0,0,2025,6,7,5,158,23,2,1,0,0,-0.9749279121818236,-0.2225209339563146,0.4093559588156213,-0.9123747579707273,0.35460488704253584,-0.9350162426854147,1.2246467991473532e-16,-1.0,0.0,0.0,4.0,0.0,0.0,4.0,0.0,0.0,0.0,0.0,0.5714285714285714,1.511857892036906,4.0,4.0,0.35714285714285715,1.081817762069783,5.0,4.0,0.7857142857142857,1.6410733356927374,22.0,5.0,0.8928571428571429,1.8554937733275065,50.0,8.0,0.8452380952380952,1.7800368726318168,71.0,8.0,0.0,0.0,-4.0,954,0.279874213836478,0.16666666666666666,0.24423480083857443,0.2526205450733753,0.09538784067085954,0.31551362683438156,40.0,5.9958071278826
2025-06-08,4,0,0,4,0,0,0,0,8,0,0,0,2025,6,8,6,159,23,2,1,0,0,-0.7818314824680299,0.6234898018587334,0.39359027665646673,-0.9192859697186104,0.35460488704253584,-0.9350162426854147,1.2246467991473532e-16,-1.0,0.0,0.0,0.0,0.0,0.0,0.0,1.3333333333333333,2.3094010767585034,4.0,4.0,1.1428571428571428,1.9518001458970646,8.0,4.0,0.6428571428571429,1.4468609447374674,9.0,4.0,0.9285714285714286,1.7411909808364006,26.0,5.0,0.9642857142857143,1.8970243273878447,54.0,8.0,0.8928571428571429,1.8103973945887977,75.0,8.0,4.0,4.0,4.0,954,0.279874213836478,0.16666666666666666,0.24423480083857443,0.2526205450733753,0.09538784067085954,0.31551362683438156,40.0,5.9958071278826
2025-06-09,0,0,0,0,0,0,0,0,0,0,0,0,2025,6,9,0,160,24,2,0,1,0,0.0,1.0,0.3777079652039649,-0.9259247771938498,0.23931566428755768,-0.970941817426052,1.2246467991473532e-16,-1.0,4.0,0.0,0.0,0.0,0.0,0.0,1.3333333333333333,2.3094010767585034,4.0,4.0,1.1428571428571428,1.9518001458970646,8.0,4.0,0.6428571428571429,1.4468609447374674,9.0,4.0,0.9285714285714286,1.7411909808364006,26.0,5.0,0.9642857142857143,1.8970243273878447,54.0,8.0,0.8928571428571429,1.8103973945887977,75.0,8.0,-4.0,0.0,0.0,954,0.279874213836478,0.16666666666666666,0.24423480083857443,0.2526205450733753,0.09538784067085954,0.31551362683438156,40.0,5.9958071278826
2025-06-10,0,0,0,0,0,0,0,0,0,0,0,0,2025,6,10,1,161,24,2,0,0,0,0.7818314824680298,0.6234898018587336,0.36171373072976765,-0.9322892131745133,0.23931566428755768,-0.970941817426052,1.2246467991473532e-16,-1.0,0.0,4.0,0.0,0.0,1.0,0.0,1.3333333333333333,2.3094010767585034,4.0,4.0,1.1428571428571428,1.9518001458970646,8.0,4.0,0.5714285714285714,1.452546078405127,8.0,4.0,0.9285714285714286,1.7411909808364006,26.0,5.0,0.9642857142857143,1.8970243273878447,54.0,8.0,0.8452380952380952,1.7800368726318168,71.0,8.0,0.0,0.0,0.0,954,0.279874213836478,0.16666666666666666,0.24423480083857443,0.2526205450733753,0.09538784067085954,0.31551362683438156,40.0,5.9958071278826
2025-06-11,0,0,0,0,0,0,0,0,0,0,0,0,2025,6,11,2,162,24,2,0,0,0,0.9749279121818236,-0.22252093395631434,0.3456123126707335,-0.9383773917408641,0.23931566428755768,-0.970941817426052,1.2246467991473532e-16,-1.0,0.0,0.0,4.0,4.0,0.0,4.0,0.0,0.0,0.0,0.0,0.5714285714285714,1.511857892036906,4.0,4.0,0.5714285714285714,1.452546078405127,8.0,4.0,0.7857142857142857,1.6410733356927374,22.0,5.0,0.9642857142857143,1.8970243273878447,54.0,8.0,0.8452380952380952,1.7800368726318168,71.0,8.0,0.0,-4.0,-4.0,954,0.279874213836478,0.16666666666666666,0.24423480083857443,0.2526205450733753,0.09538784067085954,0.31551362683438156,40.0,5.9958071278826
2025-06-12,0,0,0,0,0,0,0,0,0,0,0,0,2025,6,12,3,163,24,2,0,0,0,0.43388373911755823,-0.900968867902419,0.3294084822245304,-0.9441875088341993,0.23931566428755768,-0.970941817426052,1.2246467991473532e-16,-1.0,0.0,0.0,0.0,0.0,0.0,0.0,0.0,0.0,0.0,0.0,0.5714285714285714,1.511857892036906,4.0,4.0,0.5714285714285714,1.452546078405127,8.0,4.0,0.7857142857142857,1.6410733356927374,22.0,5.0,0.9642857142857143,1.8970243273878447,54.0,8.0,0.8452380952380952,1.7800368726318168,71.0,8.0,0.0,0.0,0.0,954,0.279874213836478,0.16666666666666666,0.24423480083857443,0.2526205450733753,0.09538784067085954,0.31551362683438156,40.0,5.9958071278826
2025-06-13,0,0,0,0,0,0,0,0,0,0,0,0,2025,6,13,4,164,24,2,0,0,1,-0.433883739117558,-0.9009688679024191,0.3131070409358269,-0.9497178427914316,0.23931566428755768,-0.970941817426052,1.2246467991473532e-16,-1.0,0.0,0.0,0.0,0.0,0.0,0.0,0.0,0.0,0.0,0.0,0.5714285714285714,1.511857892036906,4.0,4.0,0.5714285714285714,1.452546078405127,8.0,4.0,0.7857142857142857,1.6410733356927374,22.0,5.0,0.9642857142857143,1.8970243273878447,54.0,8.0,0.8452380952380952,1.7800368726318168,71.0,8.0,0.0,0.0,0.0,954,0.279874213836478,0.16666666666666666,0.24423480083857443,0.2526205450733753,0.09538784067085954,0.31551362683438156,40.0,5.9958071278826
2025-06-14,0,0,0,0,0,0,0,0,0,0,0,0,2025,6,14,5,165,24,2,1,0,0,-0.9749279121818236,-0.2225209339563146,0.29671281927349075,-0.9549667548552551,0.23931566428755768,-0.970941817426052,1.2246467991473532e-16,-1.0,0.0,0.0,0.0,0.0,0.0,0.0,0.0,0.0,0.0,0.0,0.5714285714285714,1.511857892036906,4.0,4.0,0.5714285714285714,1.452546078405127,8.0,4.0,0.7857142857142857,1.6410733356927374,22.0,5.0,0.9642857142857143,1.8970243273878447,54.0,8.0,0.7857142857142857,1.7220849549550732,66.0,8.0,0.0,0.0,0.0,954,0.279874213836478,0.16666666666666666,0.24423480083857443,0.2526205450733753,0.09538784067085954,0.31551362683438156,40.0,5.9958071278826
2025-06-15,0,0,0,0,0,0,0,0,0,0,0,0,2025,6,15,6,166,24,2,1,0,0,-0.7818314824680299,0.6234898018587334,0.28023067519921585,-0.9599326896597447,0.23931566428755768,-0.970941817426052,1.2246467991473532e-16,-1.0,0.0,0.0,0.0,4.0,0.0,4.0,0.0,0.0,0.0,0.0,0.0,0.0,0.0,0.0,0.5714285714285714,1.452546078405127,8.0,4.0,0.6428571428571429,1.5205818991982336,18.0,5.0,0.9642857142857143,1.8970243273878447,54.0,8.0,0.7857142857142857,1.7220849549550732,66.0,8.0,0.0,-4.0,-4.0,954,0.279874213836478,0.16666666666666666,0.24423480083857443,0.2526205450733753,0.09538784067085954,0.31551362683438156,40.0,5.9958071278826
2025-06-16,0,0,0,0,0,0,0,0,0,0,0,0,2025,6,16,0,167,25,2,0,1,0,0.0,1.0,0.26366549272800704,-0.9646141756912435,0.12053668025532308,-0.992708874098054,1.2246467991473532e-16,-1.0,0.0,0.0,0.0,0.0,0.0,4.0,0.0,0.0,0.0,0.0,0.0,0.0,0.0,0.0,0.5714285714285714,1.452546078405127,8.0,4.0,0.5,1.3743685418725518,14.0,5.0,0.9642857142857143,1.8970243273878447,54.0,8.0,0.7380952380952381,1.6870809439094356,62.0,8.0,0.0,0.0,-4.0,954,0.279874213836478,0.16666666666666666,0.24423480083857443,0.2526205450733753,0.09538784067085954,0.31551362683438156,40.0,5.9958071278826
2025-06-17,0,0,0,0,0,0,0,0,0,0,0,0,2025,6,17,1,168,25,2,0,0,0,0.7818314824680298,0.6234898018587336,0.24702218048093552,-0.9690098257244062,0.12053668025532308,-0.992708874098054,1.2246467991473532e-16,-1.0,0.0,0.0,0.0,0.0,0.0,0.0,0.0,0.0,0.0,0.0,0.0,0.0,0.0,0.0,0.5714285714285714,1.452546078405127,8.0,4.0,0.5,1.3743685418725518,14.0,5.0,0.8928571428571429,1.8554937733275065,50.0,8.0,0.6904761904761905,1.6499447999250674,58.0,8.0,0.0,0.0,0.0,954,0.279874213836478,0.16666666666666666,0.24423480083857443,0.2526205450733753,0.09538784067085954,0.31551362683438156,40.0,5.9958071278826
2025-06-18,0,0,0,0,0,0,0,0,0,0,0,0,2025,6,18,2,169,25,2,0,0,0,0.9749279121818236,-0.22252093395631434,0.23030567023061221,-0.9731183372332619,0.12053668025532308,-0.992708874098054,1.2246467991473532e-16,-1.0,0.0,0.0,0.0,0.0,4.0,5.0,0.0,0.0,0.0,0.0,0.0,0.0,0.0,0.0,0.2857142857142857,1.0690449676496991,4.0,4.0,0.32142857142857145,1.055973183882697,9.0,4.0,0.8928571428571429,1.8554937733275065,50.0,8.0,0.6904761904761905,1.6499447999250674,58.0,8.0,0.0,0.0,-5.0,954,0.279874213836478,0.16666666666666666,0.24423480083857443,0.2526205450733753,0.09538784067085954,0.31551362683438156,40.0,5.9958071278826
2025-06-19,0,0,0,0,0,0,0,0,0,0,0,0,2025,6,19,3,170,25,2,0,0,0,0.43388373911755823,-0.900968867902419,0.21352091543979612,-0.9769384927771817,0.12053668025532308,-0.992708874098054,1.2246467991473532e-16,-1.0,0.0,0.0,0.0,0.0,0.0,0.0,0.0,0.0,0.0,0.0,0.0,0.0,0.0,0.0,0.2857142857142857,1.0690449676496991,4.0,4.0,0.32142857142857145,1.055973183882697,9.0,4.0,0.8928571428571429,1.8554937733275065,50.0,8.0,0.6904761904761905,1.6499447999250674,58.0,8.0,0.0,0.0,0.0,954,0.279874213836478,0.16666666666666666,0.24423480083857443,0.2526205450733753,0.09538784067085954,0.31551362683438156,40.0,5.9958071278826
2025-06-20,0,0,0,0,0,0,0,0,0,0,0,0,2025,6,20,4,171,25,2,0,0,1,-0.433883739117558,-0.9009688679024191,0.19667288979357647,-0.980469160361632,0.12053668025532308,-0.992708874098054,1.2246467991473532e-16,-1.0,0.0,0.0,0.0,0.0,0.0,0.0,0.0,0.0,0.0,0.0,0.0,0.0,0.0,0.0,0.2857142857142857,1.0690449676496991,4.0,4.0,0.32142857142857145,1.055973183882697,9.0,4.0,0.8214285714285714,1.8101445734038433,46.0,8.0,0.6904761904761905,1.6499447999250674,58.0,8.0,0.0,0.0,0.0,954,0.279874213836478,0.16666666666666666,0.24423480083857443,0.2526205450733753,0.09538784067085954,0.31551362683438156,40.0,5.9958071278826
2025-06-21,4,4,0,4,0,0,0,0,8,0,0,0,2025,6,21,5,172,25,2,1,0,0,-0.9749279121818236,-0.2225209339563146,0.1797665857255624,-0.9837092937736097,0.12053668025532308,-0.992708874098054,1.2246467991473532e-16,-1.0,0.0,0.0,0.0,0.0,0.0,0.0,1.3333333333333333,2.3094010767585034,4.0,4.0,0.5714285714285714,1.511857892036906,4.0,4.0,0.5714285714285714,1.452546078405127,8.0,4.0,0.4642857142857143,1.2614554456142462,13.0,4.0,0.8928571428571429,1.8554937733275065,50.0,8.0,0.7380952380952381,1.6870809439094356,62.0,8.0,4.0,4.0,4.0,954,0.279874213836478,0.16666666666666666,0.24423480083857443,0.2526205450733753,0.09538784067085954,0.31551362683438156,40.0,5.9958071278826
2025-06-22,0,0,0,0,0,0,0,0,0,0,0,0,2025,6,22,6,173,25,2,1,0,0,-0.7818314824680299,0.6234898018587334,0.16280701293851715,-0.986657932891657,0.12053668025532308,-0.992708874098054,1.2246467991473532e-16,-1.0,4.0,0.0,0.0,0.0,4.0,0.0,1.3333333333333333,2.3094010767585034,4.0,4.0,0.5714285714285714,1.5118578920369061,4.0,4.0,0.2857142857142857,1.0690449676496991,4.0,4.0,0.4642857142857143,1.2614554456142462,13.0,4.0,0.8214285714285714,1.8101445734038433,46.0,8.0,0.7380952380952381,1.6870809439094356,62.0,8.0,-4.0,0.0,0.0,954,0.279874213836478,0.16666666666666666,0.24423480083857443,0.2526205450733753,0.09538784067085954,0.31551362683438156,40.0,5.9958071278826
2025-06-23,0,0,0,0,0,0,0,0,0,0,0,0,2025,6,23,0,174,26,2,0,1,0,0.0,1.0,0.1457991969198751,-0.9893142039703663,-3.216245299353273e-16,-1.0,1.2246467991473532e-16,-1.0,0.0,4.0,0.0,0.0,0.0,0.0,1.3333333333333333,2.3094010767585034,4.0,4.0,0.5714285714285714,1.5118578920369061,4.0,4.0,0.2857142857142857,1.0690449676496991,4.0,4.0,0.4642857142857143,1.2614554456142462,13.0,4.0,0.8214285714285714,1.8101445734038433,46.0,8.0,0.7380952380952381,1.6870809439094356,62.0,8.0,0.0,0.0,0.0,954,0.279874213836478,0.16666666666666666,0.24423480083857443,0.2526205450733753,0.09538784067085954,0.31551362683438156,40.0,5.9958071278826
2025-06-24,0,0,0,0,0,0,0,0,0,0,0,0,2025,6,24,1,175,26,2,0,0,0,0.7818314824680298,0.6234898018587336,0.12874817745258132,-0.99167731989929,-3.216245299353273e-16,-1.0,1.2246467991473532e-16,-1.0,0.0,0.0,4.0,0.0,0.0,1.0,0.0,0.0,0.0,0.0,0.5714285714285714,1.5118578920369061,4.0,4.0,0.2857142857142857,1.0690449676496991,4.0,4.0,0.42857142857142855,1.259881576697422,12.0,4.0,0.8214285714285714,1.8101445734038433,46.0,8.0,0.7380952380952381,1.6870809439094356,62.0,8.0,0.0,0.0,-1.0,954,0.279874213836478,0.16666666666666666,0.24423480083857443,0.2526205450733753,0.09538784067085954,0.31551362683438156,40.0,5.9958071278826
2025-06-25,0,0,0,0,0,0,0,0,0,0,0,0,2025,6,25,2,176,26,2,0,0,0,0.9749279121818236,-0.22252093395631434,0.11165900712169512,-0.993746580436178,-3.216245299353273e-16,-1.0,1.2246467991473532e-16,-1.0,0.0,0.0,0.0,0.0,0.0,0.0,0.0,0.0,0.0,0.0,0.5714285714285714,1.5118578920369061,4.0,4.0,0.2857142857142857,1.0690449676496991,4.0,4.0,0.42857142857142855,1.259881576697422,12.0,4.0,0.8214285714285714,1.8101445734038433,46.0,8.0,0.7380952380952381,1.6870809439094356,62.0,8.0,0.0,0.0,0.0,954,0.279874213836478,0.16666666666666666,0.24423480083857443,0.2526205450733753,0.09538784067085954,0.31551362683438156,40.0,5.9958071278826
2025-06-26,4,0,0,0,0,0,0,0,8,0,0,0,2025,6,26,3,177,26,2,0,0,0,0.43388373911755823,-0.900968867902419,0.09453674981719912,-0.9955213724144752,-3.216245299353273e-16,-1.0,1.2246467991473532e-16,-1.0,0.0,0.0,0.0,0.0,0.0,0.0,1.3333333333333333,2.3094010767585034,4.0,4.0,1.1428571428571428,1.9518001458970646,8.0,4.0,0.5714285714285714,1.452546078405127,8.0,4.0,0.5714285714285714,1.425393290199595,16.0,4.0,0.75,1.5868780098614461,42.0,5.0,0.7857142857142857,1.7220849549550732,66.0,8.0,4.0,4.0,4.0,954,0.279874213836478,0.16666666666666666,0.24423480083857443,0.2526205450733753,0.09538784067085954,0.31551362683438156,40.0,5.9958071278826
2025-06-27,0,0,0,0,0,0,0,0,0,0,0,0,2025,6,27,4,178,26,2,0,0,1,-0.433883739117558,-0.9009688679024191,0.07738647923346301,-0.9970011699250151,-3.216245299353273e-16,-1.0,1.2246467991473532e-16,-1.0,4.0,0.0,0.0,0.0,0.0,0.0,1.3333333333333333,2.3094010767585034,4.0,4.0,1.1428571428571428,1.9518001458970646,8.0,4.0,0.5714285714285714,1.452546078405127,8.0,4.0,0.5714285714285714,1.425393290199595,16.0,4.0,0.6785714285714286,1.5268165676232484,38.0,5.0,0.7857142857142857,1.7220849549550732,66.0,8.0,-4.0,0.0,0.0,954,0.279874213836478,0.16666666666666666,0.24423480083857443,0.2526205450733753,0.09538784067085954,0.31551362683438156,40.0,5.9958071278826
2025-06-28,0,0,0,0,0,0,0,0,0,0,0,0,2025,6,28,5,179,26,2,1,0,0,-0.9749279121818236,-0.2225209339563146,0.06021327736579302,-0.9981855344718586,-3.216245299353273e-16,-1.0,1.2246467991473532e-16,-1.0,0.0,4.0,0.0,4.0,0.0,0.0,1.3333333333333333,2.3094010767585034,4.0,4.0,0.5714285714285714,1.511857892036906,4.0,4.0,0.5714285714285714,1.452546078405127,8.0,4.0,0.5714285714285714,1.425393290199595,16.0,4.0,0.6785714285714286,1.5268165676232484,38.0,5.0,0.7857142857142857,1.7220849549550732,66.0,8.0,0.0,-4.0,0.0,954,0.279874213836478,0.16666666666666666,0.24423480083857443,0.2526205450733753,0.09538784067085954,0.31551362683438156,40.0,5.9958071278826
2025-06-29,4,0,0,0,0,0,0,0,8,0,0,0,2025,6,29,6,180,26,2,1,0,0,-0.7818314824680299,0.6234898018587334,0.04302223300453059,-0.99907411510223,-3.216245299353273e-16,-1.0,1.2246467991473532e-16,-1.0,0.0,0.0,4.0,0.0,0.0,0.0,1.3333333333333333,2.3094010767585034,4.0,4.0,1.1428571428571428,1.9518001458970646,8.0,4.0,0.8571428571428571,1.7032612545052812,12.0,4.0,0.7142857142857143,1.5600841111499177,20.0,4.0,0.75,1.5868780098614461,42.0,5.0,0.8333333333333334,1.7550844096910445,70.0,8.0,4.0,4.0,4.0,954,0.279874213836478,0.16666666666666666,0.24423480083857443,0.2526205450733753,0.09538784067085954,0.31551362683438156,40.0,5.9958071278826
2025-06-30,4,0,0,0,0,4,0,4,8,0,0,0,2025,6,30,0,181,27,2,0,1,0,0.0,1.0,0.02581844022713308,-0.9996666485105112,-0.12053668025532283,-0.992708874098054,1.2246467991473532e-16,-1.0,4.0,0.0,0.0,0.0,0.0,0.0,2.6666666666666665,2.309401076758505,8.0,4.0,1.7142857142857142,2.1380899352993943,12.0,4.0,1.1428571428571428,1.8752289237539823,16.0,4.0,0.8571428571428571,1.6714217880746884,24.0,4.0,0.8214285714285714,1.6415861825701386,46.0,5.0,0.8809523809523809,1.7861904127153383,74.0,8.0,0.0,4.0,4.0,954,0.279874213836478,0.16666666666666666,0.24423480083857443,0.2526205450733753,0.09538784067085954,0.31551362683438156,40.0,5.9958071278826
2025-07-01,4,0,0,0,0,0,0,0,8,0,0,0,2025,7,1,1,182,27,3,0,0,0,0.7818314824680298,0.6234898018587336,0.008606996888688698,-0.9999629591162655,-0.12053668025532283,-0.992708874098054,-0.4999999999999997,-0.8660254037844388,4.0,4.0,0.0,0.0,0.0,0.0,4.0,0.0,12.0,4.0,2.2857142857142856,2.1380899352993947,16.0,4.0,1.4285714285714286,1.9889806323953882,20.0,4.0,1.0,1.7638342073763922,28.0,4.0,0.8928571428571429,1.6914605999073602,50.0,5.0,0.9285714285714286,1.815500291404411,78.0,8.0,0.0,4.0,4.0,954,0.279874213836478,0.16666666666666666,0.24423480083857443,0.2526205450733753,0.09538784067085954,0.31551362683438156,40.0,5.9958071278826
2025-07-02,4,4,0,4,0,0,0,0,12,0,0,0,2025,7,2,2,183,27,3,0,0,0,0.9749279121818236,-0.22252093395631434,-0.008606996888688009,-0.9999629591162655,-0.12053668025532283,-0.992708874098054,-0.4999999999999997,-0.8660254037844388,4.0,4.0,4.0,0.0,0.0,4.0,4.0,0.0,12.0,4.0,2.857142857142857,1.9518001458970666,20.0,4.0,1.7142857142857142,2.0542103640523828,24.0,4.0,1.0,1.7638342073763922,28.0,4.0,0.9642857142857143,1.7369177058465155,54.0,5.0,0.9761904761904762,1.8430997363085082,82.0,8.0,0.0,4.0,0.0,954,0.279874213836478,0.16666666666666666,0.24423480083857443,0.2526205450733753,0.09538784067085954,0.31551362683438156,40.0,5.9958071278826
2025-07-03,0,0,0,0,0,0,0,0,0,0,0,0,2025,7,3,3,184,27,3,0,0,0,0.43388373911755823,-0.900968867902419,-0.02581844022713239,-0.9996666485105112,-0.12053668025532283,-0.992708874098054,-0.4999999999999997,-0.8660254037844388,4.0,4.0,4.0,4.0,0.0,0.0,2.6666666666666665,2.309401076758505,8.0,4.0,2.2857142857142856,2.1380899352993947,16.0,4.0,1.7142857142857142,2.0542103640523828,24.0,4.0,1.0,1.7638342073763922,28.0,4.0,0.9642857142857143,1.7369177058465155,54.0,5.0,0.9285714285714286,1.815500291404411,78.0,8.0,-4.0,-4.0,0.0,954,0.279874213836478,0.16666666666666666,0.24423480083857443,0.2526205450733753,0.09538784067085954,0.31551362683438156,40.0,5.9958071278826
2025-07-04,0,0,0,0,0,0,0,0,0,0,0,0,2025,7,4,4,185,27,3,0,0,1,-0.433883739117558,-0.9009688679024191,-0.04302223300453034,-0.99907411510223,-0.12053668025532283,-0.992708874098054,-0.4999999999999997,-0.8660254037844388,0.0,4.0,4.0,0.0,0.0,0.0,1.3333333333333333,2.3094010767585034,4.0,4.0,2.2857142857142856,2.1380899352993947,16.0,4.0,1.7142857142857142,2.0542103640523828,24.0,4.0,1.0,1.7638342073763922,28.0,4.0,0.9642857142857143,1.7369177058465155,54.0,5.0,0.9285714285714286,1.815500291404411,78.0,8.0,0.0,0.0,0.0,954,0.279874213836478,0.16666666666666666,0.24423480083857443,0.2526205450733753,0.09538784067085954,0.31551362683438156,40.0,5.9958071278826
2025-07-05,8,0,4,0,0,0,0,0,12,0,0,4,2025,7,5,5,186,27,3,1,0,0,-0.9749279121818236,-0.2225209339563146,-0.060213277365792774,-0.9981855344718586,-0.12053668025532283,-0.992708874098054,-0.4999999999999997,-0.8660254037844388,0.0,0.0,4.0,0.0,4.0,0.0,2.6666666666666665,4.618802153517007,8.0,8.0,3.4285714285714284,2.7602622373694174,24.0,8.0,2.0,2.601774542351964,28.0,8.0,1.2857142857142858,2.1918560181345854,36.0,8.0,1.0357142857142858,1.9349821301903152,58.0,8.0,1.0238095238095237,1.969503579286889,86.0,8.0,8.0,8.0,8.0,954,0.279874213836478,0.16666666666666666,0.24423480083857443,0.2526205450733753,0.09538784067085954,0.31551362683438156,40.0,5.9958071278826
2025-07-06,0,0,0,0,0,0,0,0,0,0,0,0,2025,7,6,6,187,27,3,1,0,0,-0.7818314824680299,0.6234898018587334,-0.07738647923346322,-0.9970011699250151,-0.12053668025532283,-0.992708874098054,-0.4999999999999997,-0.8660254037844388,8.0,0.0,0.0,4.0,0.0,4.0,2.6666666666666665,4.618802153517007,8.0,8.0,2.857142857142857,3.023715784073818,20.0,8.0,2.0,2.601774542351964,28.0,8.0,1.1428571428571428,2.138089935299394,32.0,8.0,1.0357142857142858,1.9349821301903152,58.0,8.0,1.0238095238095237,1.969503579286889,86.0,8.0,-8.0,-4.0,-4.0,954,0.279874213836478,0.16666666666666666,0.24423480083857443,0.2526205450733753,0.09538784067085954,0.31551362683438156,40.0,5.9958071278826
2025-07-07,0,0,0,0,0,0,0,0,0,0,0,0,2025,7,7,0,188,28,3,0,1,0,0.0,1.0,-0.09453674981719933,-0.9955213724144752,-0.23931566428755743,-0.9709418174260521,-0.4999999999999997,-0.8660254037844388,0.0,8.0,0.0,4.0,0.0,0.0,2.6666666666666665,4.618802153517007,8.0,8.0,2.2857142857142856,3.1471831698777724,16.0,8.0,2.0,2.601774542351964,28.0,8.0,1.1428571428571428,2.138089935299394,32.0,8.0,1.0357142857142858,1.9349821301903152,58.0,8.0,1.0238095238095237,1.969503579286889,86.0,8.0,0.0,-4.0,0.0,954,0.279874213836478,0.16666666666666666,0.24423480083857443,0.2526205450733753,0.09538784067085954,0.31551362683438156,40.0,5.9958071278826
2025-07-08,0,0,0,0,0,0,0,0,0,0,0,0,2025,7,8,1,189,28,3,0,0,0,0.7818314824680298,0.6234898018587336,-0.11165900712169444,-0.9937465804361781,-0.23931566428755743,-0.9709418174260521,-0.4999999999999997,-0.8660254037844388,0.0,0.0,8.0,4.0,0.0,0.0,0.0,0.0,0.0,0.0,1.7142857142857142,3.147183169877772,12.0,8.0,2.0,2.601774542351964,28.0,8.0,1.1428571428571428,2.138089935299394,32.0,8.0,1.0357142857142858,1.9349821301903152,58.0,8.0,1.0238095238095237,1.969503579286889,86.0,8.0,0.0,-4.0,0.0,954,0.279874213836478,0.16666666666666666,0.24423480083857443,0.2526205450733753,0.09538784067085954,0.31551362683438156,40.0,5.9958071278826
2025-07-09,0,0,0,0,0,0,0,0,0,0,0,0,2025,7,9,2,190,28,3,0,0,0,0.9749279121818236,-0.22252093395631434,-0.12874817745258066,-0.99167731989929,-0.23931566428755743,-0.9709418174260521,-0.4999999999999997,-0.8660254037844388,0.0,0.0,0.0,4.0,0.0,0.0,0.0,0.0,0.0,0.0,1.1428571428571428,3.0237157840738167,8.0,8.0,2.0,2.601774542351964,28.0,8.0,1.1428571428571428,2.138089935299394,32.0,8.0,0.9642857142857143,1.8970243273878447,54.0,8.0,1.0238095238095237,1.969503579286889,86.0,8.0,0.0,-4.0,0.0,954,0.279874213836478,0.16666666666666666,0.24423480083857443,0.2526205450733753,0.09538784067085954,0.31551362683438156,40.0,5.9958071278826
2025-07-10,0,0,0,0,0,0,0,0,0,0,0,0,2025,7,10,3,191,28,3,0,0,0,0.43388373911755823,-0.900968867902419,-0.14579919691987442,-0.9893142039703664,-0.23931566428755743,-0.9709418174260521,-0.4999999999999997,-0.8660254037844388,0.0,0.0,0.0,0.0,4.0,0.0,0.0,0.0,0.0,0.0,1.1428571428571428,3.0237157840738167,8.0,8.0,1.7142857142857142,2.5848246906354566,24.0,8.0,1.1428571428571428,2.138089935299394,32.0,8.0,0.9642857142857143,1.8970243273878447,54.0,8.0,1.0238095238095237,1.969503579286889,86.0,8.0,0.0,0.0,0.0,954,0.279874213836478,0.16666666666666666,0.24423480083857443,0.2526205450733753,0.09538784067085954,0.31551362683438156,40.0,5.9958071278826
2025-07-11,0,0,0,0,0,0,0,0,0,0,0,0,2025,7,11,4,192,28,3,0,0,1,-0.433883739117558,-0.9009688679024191,-0.16280701293851646,-0.9866579328916572,-0.23931566428755743,-0.9709418174260521,-0.4999999999999997,-0.8660254037844388,0.0,0.0,0.0,0.0,0.0,0.0,0.0,0.0,0.0,0.0,1.1428571428571428,3.0237157840738167,8.0,8.0,1.7142857142857142,2.5848246906354566,24.0,8.0,1.1428571428571428,2.138089935299394,32.0,8.0,0.9642857142857143,1.8970243273878447,54.0,8.0,1.0238095238095237,1.969503579286889,86.0,8.0,0.0,0.0,0.0,954,0.279874213836478,0.16666666666666666,0.24423480083857443,0.2526205450733753,0.09538784067085954,0.31551362683438156,40.0,5.9958071278826
2025-07-12,0,0,0,0,0,0,0,0,0,0,0,0,2025,7,12,5,193,28,3,1,0,0,-0.9749279121818236,-0.2225209339563146,-0.17976658572556214,-0.9837092937736098,-0.23931566428755743,-0.9709418174260521,-0.4999999999999997,-0.8660254037844388,0.0,0.0,0.0,8.0,0.0,0.0,0.0,0.0,0.0,0.0,0.0,0.0,0.0,0.0,1.7142857142857142,2.5848246906354566,24.0,8.0,1.1428571428571428,2.138089935299394,32.0,8.0,0.9642857142857143,1.8970243273878447,54.0,8.0,1.0238095238095237,1.969503579286889,86.0,8.0,0.0,-8.0,0.0,954,0.279874213836478,0.16666666666666666,0.24423480083857443,0.2526205450733753,0.09538784067085954,0.31551362683438156,40.0,5.9958071278826
2025-07-13,0,0,0,0,0,0,0,0,0,0,0,0,2025,7,13,6,194,28,3,1,0,0,-0.7818314824680299,0.6234898018587334,-0.19667288979357622,-0.9804691603616321,-0.23931566428755743,-0.9709418174260521,-0.4999999999999997,-0.8660254037844388,0.0,0.0,0.0,0.0,4.0,0.0,0.0,0.0,0.0,0.0,0.0,0.0,0.0,0.0,1.4285714285714286,2.5332947751066044,20.0,8.0,1.1428571428571428,2.138089935299394,32.0,8.0,0.8928571428571429,1.8554937733275068,50.0,8.0,1.0238095238095237,1.969503579286889,86.0,8.0,0.0,0.0,0.0,954,0.279874213836478,0.16666666666666666,0.24423480083857443,0.2526205450733753,0.09538784067085954,0.31551362683438156,40.0,5.9958071278826
2025-07-14,0,0,0,0,0,0,0,0,0,0,0,0,2025,7,14,0,195,29,3,0,1,0,0.0,1.0,-0.2135209154397959,-0.9769384927771817,-0.3546048870425356,-0.9350162426854148,-0.4999999999999997,-0.8660254037844388,0.0,0.0,0.0,0.0,4.0,0.0,0.0,0.0,0.0,0.0,0.0,0.0,0.0,0.0,1.1428571428571428,2.4449993820085067,16.0,8.0,1.1428571428571428,2.138089935299394,32.0,8.0,0.8214285714285714,1.8101445734038435,46.0,8.0,1.0238095238095237,1.969503579286889,86.0,8.0,0.0,0.0,0.0,954,0.279874213836478,0.16666666666666666,0.24423480083857443,0.2526205450733753,0.09538784067085954,0.31551362683438156,40.0,5.9958071278826
2025-07-15,0,0,0,0,0,0,0,0,0,0,0,0,2025,7,15,1,196,29,3,0,0,0,0.7818314824680298,0.6234898018587336,-0.23030567023061196,-0.973118337233262,-0.3546048870425356,-0.9350162426854148,-0.4999999999999997,-0.8660254037844388,0.0,0.0,0.0,0.0,4.0,0.0,0.0,0.0,0.0,0.0,0.0,0.0,0.0,0.0,0.8571428571428571,2.3157368940873586,12.0,8.0,1.1428571428571428,2.138089935299394,32.0,8.0,0.8214285714285714,1.8101445734038435,46.0,8.0,0.9761904761904762,1.94488015226008,82.0,8.0,0.0,0.0,0.0,954,0.279874213836478,0.16666666666666666,0.24423480083857443,0.2526205450733753,0.09538784067085954,0.31551362683438156,40.0,5.9958071278826
2025-07-16,4,4,0,0,0,0,0,0,8,0,0,0,2025,7,16,2,197,29,3,0,0,0,0.9749279121818236,-0.22252093395631434,-0.24702218048093527,-0.9690098257244063,-0.3546048870425356,-0.9350162426854148,-0.4999999999999997,-0.8660254037844388,0.0,0.0,0.0,0.0,4.0,0.0,1.3333333333333333,2.3094010767585025,4.0,4.0,0.5714285714285714,1.5118578920369063,4.0,4.0,0.8571428571428571,2.3157368940873586,12.0,8.0,1.2857142857142858,2.1918560181345854,36.0,8.0,0.8035714285714286,1.7727189476994014,45.0,8.0,1.0238095238095237,1.969503579286889,86.0,8.0,4.0,4.0,4.0,954,0.279874213836478,0.16666666666666666,0.24423480083857443,0.2526205450733753,0.09538784067085954,0.31551362683438156,40.0,5.9958071278826
2025-07-17,0,0,0,0,0,0,0,0,0,0,0,0,2025,7,17,3,198,29,3,0,0,0,0.43388373911755823,-0.900968867902419,-0.2636654927280072,-0.9646141756912435,-0.3546048870425356,-0.9350162426854148,-0.4999999999999997,-0.8660254037844388,4.0,0.0,0.0,0.0,0.0,0.0,1.3333333333333333,2.3094010767585025,4.0,4.0,0.5714285714285714,1.5118578920369063,4.0,4.0,0.8571428571428571,2.3157368940873586,12.0,8.0,1.2857142857142858,2.1918560181345854,36.0,8.0,0.8035714285714286,1.7727189476994014,45.0,8.0,1.0238095238095237,1.969503579286889,86.0,8.0,-4.0,0.0,0.0,954,0.279874213836478,0.16666666666666666,0.24423480083857443,0.2526205450733753,0.09538784067085954,0.31551362683438156,40.0,5.9958071278826
2025-07-18,0,0,0,0,0,0,0,0,0,0,0,0,2025,7,18,4,199,29,3,0,0,1,-0.433883739117558,-0.9009688679024191,-0.2802306751992161,-0.9599326896597445,-0.3546048870425356,-0.9350162426854148,-0.4999999999999997,-0.8660254037844388,0.0,4.0,0.0,0.0,0.0,0.0,1.3333333333333333,2.3094010767585025,4.0,4.0,0.5714285714285714,1.5118578920369063,4.0,4.0,0.8571428571428571,2.3157368940873586,12.0,8.0,1.2857142857142858,2.1918560181345854,36.0,8.0,0.8035714285714286,1.7727189476994014,45.0,8.0,0.9761904761904762,1.94488015226008,82.0,8.0,0.0,0.0,0.0,954,0.279874213836478,0.16666666666666666,0.24423480083857443,0.2526205450733753,0.09538784067085954,0.31551362683438156,40.0,5.9958071278826
2025-07-19,4,0,4,0,0,0,0,0,8,0,0,4,2025,7,19,5,200,29,3,1,0,0,-0.9749279121818236,-0.2225209339563146,-0.2967128192734901,-0.9549667548552553,-0.3546048870425356,-0.9350162426854148,-0.4999999999999997,-0.8660254037844388,0.0,0.0,4.0,0.0,8.0,4.0,1.3333333333333333,2.3094010767585025,4.0,4.0,1.1428571428571428,1.9518001458970649,8.0,4.0,0.5714285714285714,1.452546078405127,8.0,4.0,1.2857142857142858,2.1918560181345854,36.0,8.0,0.875,1.8197152624418036,49.0,8.0,1.0238095238095237,1.969503579286889,86.0,8.0,4.0,4.0,0.0,954,0.279874213836478,0.16666666666666666,0.24423480083857443,0.2526205450733753,0.09538784067085954,0.31551362683438156,40.0,5.9958071278826
2025-07-20,0,0,0,0,0,0,0,0,0,0,0,0,2025,7,20,6,201,29,3,1,0,0,-0.7818314824680299,0.6234898018587334,-0.3131070409358267,-0.9497178427914317,-0.3546048870425356,-0.9350162426854148,-0.4999999999999997,-0.8660254037844388,4.0,0.0,0.0,0.0,0.0,0.0,1.3333333333333333,2.3094010767585025,4.0,4.0,1.1428571428571428,1.9518001458970646,8.0,4.0,0.5714285714285714,1.452546078405127,8.0,4.0,1.2857142857142858,2.1918560181345854,36.0,8.0,0.875,1.8197152624418036,49.0,8.0,0.9761904761904762,1.94488015226008,82.0,8.0,-4.0,0.0,0.0,954,0.279874213836478,0.16666666666666666,0.24423480083857443,0.2526205450733753,0.09538784067085954,0.31551362683438156,40.0,5.9958071278826
2025-07-21,0,0,0,0,0,0,0,0,0,0,0,0,2025,7,21,0,202,30,3,0,1,0,0.0,1.0,-0.3294084822245302,-0.9441875088341994,-0.46472317204376806,-0.8854560256532101,-0.4999999999999997,-0.8660254037844388,0.0,4.0,0.0,0.0,0.0,0.0,1.3333333333333333,2.3094010767585025,4.0,4.0,1.1428571428571428,1.9518001458970646,8.0,4.0,0.5714285714285714,1.452546078405127,8.0,4.0,1.2857142857142858,2.1918560181345854,36.0,8.0,0.875,1.8197152624418036,49.0,8.0,0.9761904761904762,1.94488015226008,82.0,8.0,0.0,0.0,0.0,954,0.279874213836478,0.16666666666666666,0.24423480083857443,0.2526205450733753,0.09538784067085954,0.31551362683438156,40.0,5.9958071278826
2025-07-22,1,1,0,0,0,0,0,0,2,0,0,0,2025,7,22,1,203,30,3,0,0,0,0.7818314824680298,0.6234898018587336,-0.3456123126707333,-0.9383773917408642,-0.46472317204376806,-0.8854560256532101,-0.4999999999999997,-0.8660254037844388,0.0,0.0,4.0,0.0,0.0,0.0,0.3333333333333333,0.577350269189618,1.0,1.0,1.2857142857142858,1.8898223650461348,9.0,4.0,0.6428571428571429,1.4468609447374676,9.0,4.0,1.3214285714285714,2.178235293697398,37.0,8.0,0.875,1.8197152624418036,49.0,8.0,0.9880952380952381,1.941891064525267,83.0,8.0,1.0,1.0,1.0,954,0.279874213836478,0.16666666666666666,0.24423480083857443,0.2526205450733753,0.09538784067085954,0.31551362683438156,40.0,5.9958071278826
2025-07-23,0,0,0,0,0,0,0,0,0,0,0,0,2025,7,23,2,204,30,3,0,0,0,0.9749279121818236,-0.22252093395631434,-0.3617137307297674,-0.9322892131745134,-0.46472317204376806,-0.8854560256532101,-0.4999999999999997,-0.8660254037844388,1.0,0.0,0.0,4.0,0.0,0.0,0.3333333333333333,0.577350269189618,1.0,1.0,0.7142857142857143,1.4960264830861887,5.0,4.0,0.6428571428571429,1.4468609447374676,9.0,4.0,1.3214285714285714,2.178235293697398,37.0,8.0,0.875,1.8197152624418036,49.0,8.0,0.9880952380952381,1.941891064525267,83.0,8.0,-1.0,-4.0,0.0,954,0.279874213836478,0.16666666666666666,0.24423480083857443,0.2526205450733753,0.09538784067085954,0.31551362683438156,40.0,5.9958071278826
2025-07-24,0,0,0,0,0,0,0,0,0,0,0,0,2025,7,24,3,205,30,3,0,0,0,0.43388373911755823,-0.900968867902419,-0.37770796520396466,-0.9259247771938499,-0.46472317204376806,-0.8854560256532101,-0.4999999999999997,-0.8660254037844388,0.0,1.0,0.0,0.0,0.0,4.0,0.3333333333333333,0.577350269189618,1.0,1.0,0.7142857142857143,1.4960264830861887,5.0,4.0,0.6428571428571429,1.4468609447374676,9.0,4.0,1.1785714285714286,2.1266139218219107,33.0,8.0,0.875,1.8197152624418036,49.0,8.0,0.8928571428571429,1.7835787574887831,75.0,8.0,0.0,0.0,-4.0,954,0.279874213836478,0.16666666666666666,0.24423480083857443,0.2526205450733753,0.09538784067085954,0.31551362683438156,40.0,5.9958071278826
2025-07-25,0,0,0,0,0,0,0,0,0,0,0,0,2025,7,25,4,206,30,3,0,0,1,-0.433883739117558,-0.9009688679024191,-0.39359027665646645,-0.9192859697186105,-0.46472317204376806,-0.8854560256532101,-0.4999999999999997,-0.8660254037844388,0.0,0.0,1.0,0.0,0.0,0.0,0.0,0.0,0.0,0.0,0.7142857142857143,1.4960264830861887,5.0,4.0,0.6428571428571429,1.4468609447374676,9.0,4.0,1.1785714285714286,2.1266139218219107,33.0,8.0,0.875,1.8197152624418036,49.0,8.0,0.8452380952380952,1.752753755026696,71.0,8.0,0.0,0.0,0.0,954,0.279874213836478,0.16666666666666666,0.24423480083857443,0.2526205450733753,0.09538784067085954,0.31551362683438156,40.0,5.9958071278826
2025-07-26,0,0,0,0,0,0,0,0,0,0,0,0,2025,7,26,5,207,30,3,1,0,0,-0.9749279121818236,-0.2225209339563146,-0.4093559588156211,-0.9123747579707274,-0.46472317204376806,-0.8854560256532101,-0.4999999999999997,-0.8660254037844388,0.0,0.0,0.0,4.0,0.0,0.0,0.0,0.0,0.0,0.0,0.14285714285714285,0.3779644730092151,1.0,1.0,0.6428571428571429,1.4468609447374676,9.0,4.0,1.1785714285714286,2.1266139218219107,33.0,8.0,0.875,1.8197152624418036,49.0,8.0,0.8452380952380952,1.752753755026696,71.0,8.0,0.0,-4.0,0.0,954,0.279874213836478,0.16666666666666666,0.24423480083857443,0.2526205450733753,0.09538784067085954,0.31551362683438156,40.0,5.9958071278826
2025-07-27,0,0,0,0,0,0,0,0,0,0,0,0,2025,7,27,6,208,30,3,1,0,0,-0.7818314824680299,0.6234898018587334,-0.42500033996955394,-0.9051931898913975,-0.46472317204376806,-0.8854560256532101,-0.4999999999999997,-0.8660254037844388,0.0,0.0,0.0,0.0,0.0,4.0,0.0,0.0,0.0,0.0,0.14285714285714285,0.3779644730092151,1.0,1.0,0.6428571428571429,1.4468609447374676,9.0,4.0,1.0357142857142858,2.063476800920355,29.0,8.0,0.875,1.8197152624418036,49.0,8.0,0.8452380952380952,1.752753755026696,71.0,8.0,0.0,0.0,-4.0,954,0.279874213836478,0.16666666666666666,0.24423480083857443,0.2526205450733753,0.09538784067085954,0.31551362683438156,40.0,5.9958071278826
2025-07-28,0,0,0,0,0,0,0,0,0,0,0,0,2025,7,28,0,209,31,3,0,1,0,0.0,1.0,-0.4405187843504952,-0.8977433935342336,-0.5680647467311556,-0.8229838658936566,-0.4999999999999997,-0.8660254037844388,0.0,0.0,0.0,0.0,0.0,4.0,0.0,0.0,0.0,0.0,0.14285714285714285,0.3779644730092151,1.0,1.0,0.6428571428571429,1.4468609447374676,9.0,4.0,0.8928571428571429,1.9877268929755405,25.0,8.0,0.875,1.8197152624418036,49.0,8.0,0.8452380952380952,1.752753755026696,71.0,8.0,0.0,0.0,-4.0,954,0.279874213836478,0.16666666666666666,0.24423480083857443,0.2526205450733753,0.09538784067085954,0.31551362683438156,40.0,5.9958071278826
2025-07-29,0,0,0,0,0,0,0,0,0,0,0,0,2025,7,29,1,210,31,3,0,0,0,0.7818314824680298,0.6234898018587336,-0.455906693508459,-0.8900275764346766,-0.5680647467311556,-0.8229838658936566,-0.4999999999999997,-0.8660254037844388,0.0,0.0,0.0,1.0,0.0,4.0,0.0,0.0,0.0,0.0,0.0,0.0,0.0,0.0,0.6428571428571429,1.4468609447374676,9.0,4.0,0.75,1.8978545391709678,21.0,8.0,0.875,1.8197152624418036,49.0,8.0,0.8452380952380952,1.752753755026696,71.0,8.0,0.0,-1.0,-4.0,954,0.279874213836478,0.16666666666666666,0.24423480083857443,0.2526205450733753,0.09538784067085954,0.31551362683438156,40.0,5.9958071278826
2025-07-30,0,0,0,0,0,0,0,0,0,0,0,0,2025,7,30,2,211,31,3,0,0,0,0.9749279121818236,-0.22252093395631434,-0.47115950767386394,-0.8820480249558535,-0.5680647467311556,-0.8229838658936566,-0.4999999999999997,-0.8660254037844388,0.0,0.0,0.0,0.0,4.0,4.0,0.0,0.0,0.0,0.0,0.0,0.0,0.0,0.0,0.35714285714285715,1.0818177620697833,5.0,4.0,0.6071428571428571,1.791735879061826,17.0,8.0,0.8035714285714286,1.7727189476994014,45.0,8.0,0.8452380952380952,1.752753755026696,71.0,8.0,0.0,0.0,-4.0,954,0.279874213836478,0.16666666666666666,0.24423480083857443,0.2526205450733753,0.09538784067085954,0.31551362683438156,40.0,5.9958071278826
2025-07-31,0,0,0,0,0,0,0,0,0,0,0,0,2025,7,31,3,212,31,3,0,0,0,0.43388373911755823,-0.900968867902419,-0.4862727071086902,-0.8738071036110807,-0.5680647467311556,-0.8229838658936566,-0.4999999999999997,-0.8660254037844388,0.0,0.0,0.0,0.0,0.0,0.0,0.0,0.0,0.0,0.0,0.0,0.0,0.0,0.0,0.35714285714285715,1.0818177620697833,5.0,4.0,0.6071428571428571,1.791735879061826,17.0,8.0,0.8035714285714286,1.7727189476994014,45.0,8.0,0.8452380952380952,1.752753755026696,71.0,8.0,0.0,0.0,0.0,954,0.279874213836478,0.16666666666666666,0.24423480083857443,0.2526205450733753,0.09538784067085954,0.31551362683438156,40.0,5.9958071278826
2025-08-01,0,0,0,0,0,0,0,0,0,0,0,0,2025,8,1,4,213,31,3,0,0,1,-0.433883739117558,-0.9009688679024191,-0.5012418134457756,-0.8653072543632061,-0.5680647467311556,-0.8229838658936566,-0.8660254037844385,-0.5000000000000004,0.0,0.0,0.0,0.0,0.0,0.0,0.0,0.0,0.0,0.0,0.0,0.0,0.0,0.0,0.35714285714285715,1.0818177620697833,5.0,4.0,0.6071428571428571,1.791735879061826,17.0,8.0,0.8035714285714286,1.7727189476994014,45.0,8.0,0.8452380952380952,1.752753755026696,71.0,8.0,0.0,0.0,0.0,954,0.279874213836478,0.16666666666666666,0.24423480083857443,0.2526205450733753,0.09538784067085954,0.31551362683438156,40.0,5.9958071278826
2025-08-02,0,0,0,0,0,0,0,0,0,0,0,0,2025,8,2,5,214,31,3,1,0,0,-0.9749279121818236,-0.2225209339563146,-0.5160623910158526,-0.8565509959010037,-0.5680647467311556,-0.8229838658936566,-0.8660254037844385,-0.5000000000000004,0.0,0.0,0.0,0.0,4.0,8.0,0.0,0.0,0.0,0.0,0.0,0.0,0.0,0.0,0.07142857142857142,0.26726124191243184,1.0,1.0,0.32142857142857145,1.0559731838826967,9.0,4.0,0.8035714285714286,1.7727189476994014,45.0,8.0,0.7976190476190477,1.720043162142397,67.0,8.0,0.0,0.0,-8.0,954,0.279874213836478,0.16666666666666666,0.24423480083857443,0.2526205450733753,0.09538784067085954,0.31551362683438156,40.0,5.9958071278826
2025-08-03,0,0,0,0,0,0,0,0,0,0,0,0,2025,8,3,6,215,31,3,1,0,0,-0.7818314824680299,0.6234898018587334,-0.5307300481619331,-0.8475409228928312,-0.5680647467311556,-0.8229838658936566,-0.8660254037844385,-0.5000000000000004,0.0,0.0,0.0,0.0,0.0,0.0,0.0,0.0,0.0,0.0,0.0,0.0,0.0,0.0,0.07142857142857142,0.26726124191243184,1.0,1.0,0.32142857142857145,1.0559731838826967,9.0,4.0,0.7321428571428571,1.7214272242275286,41.0,8.0,0.7976190476190477,1.720043162142397,67.0,8.0,0.0,0.0,0.0,954,0.279874213836478,0.16666666666666666,0.24423480083857443,0.2526205450733753,0.09538784067085954,0.31551362683438156,40.0,5.9958071278826
2025-08-04,0,0,0,0,0,0,0,0,0,0,0,0,2025,8,4,0,216,32,3,0,1,0,0.0,1.0,-0.5452404385406507,-0.8382797052177745,-0.663122658240795,-0.7485107481711013,-0.8660254037844385,-0.5000000000000004,0.0,0.0,0.0,0.0,0.0,0.0,0.0,0.0,0.0,0.0,0.0,0.0,0.0,0.0,0.07142857142857142,0.26726124191243184,1.0,1.0,0.32142857142857145,1.0559731838826967,9.0,4.0,0.7321428571428571,1.7214272242275286,41.0,8.0,0.7976190476190477,1.720043162142397,67.0,8.0,0.0,0.0,0.0,954,0.279874213836478,0.16666666666666666,0.24423480083857443,0.2526205450733753,0.09538784067085954,0.31551362683438156,40.0,5.9958071278826
2025-08-05,0,0,0,0,0,0,0,0,0,0,0,0,2025,8,5,1,217,32,3,0,0,0,0.7818314824680298,0.6234898018587336,-0.5595892624101763,-0.828770087174504,-0.663122658240795,-0.7485107481711013,-0.8660254037844385,-0.5000000000000004,0.0,0.0,0.0,0.0,1.0,0.0,0.0,0.0,0.0,0.0,0.0,0.0,0.0,0.0,0.0,0.0,0.0,0.0,0.32142857142857145,1.0559731838826967,9.0,4.0,0.7321428571428571,1.7214272242275286,41.0,8.0,0.7976190476190477,1.720043162142397,67.0,8.0,0.0,0.0,0.0,954,0.279874213836478,0.16666666666666666,0.24423480083857443,0.2526205450733753,0.09538784067085954,0.31551362683438156,40.0,5.9958071278826
2025-08-06,0,0,0,0,0,0,0,0,0,0,0,0,2025,8,6,2,218,32,3,0,0,0,0.9749279121818236,-0.22252093395631434,-0.5737722679043243,-0.8190148866680802,-0.663122658240795,-0.7485107481711013,-0.8660254037844385,-0.5000000000000004,0.0,0.0,0.0,0.0,0.0,0.0,0.0,0.0,0.0,0.0,0.0,0.0,0.0,0.0,0.0,0.0,0.0,0.0,0.32142857142857145,1.0559731838826967,9.0,4.0,0.7321428571428571,1.7214272242275286,41.0,8.0,0.75,1.685337190529875,63.0,8.0,0.0,0.0,0.0,954,0.279874213836478,0.16666666666666666,0.24423480083857443,0.2526205450733753,0.09538784067085954,0.31551362683438156,40.0,5.9958071278826
2025-08-07,4,0,0,0,0,0,0,0,8,0,0,0,2025,8,7,3,219,32,3,0,0,0,0.43388373911755823,-0.900968867902419,-0.5877852522924734,-0.8090169943749472,-0.663122658240795,-0.7485107481711013,-0.8660254037844385,-0.5000000000000004,0.0,0.0,0.0,0.0,0.0,0.0,1.3333333333333333,2.3094010767585025,4.0,4.0,0.5714285714285714,1.5118578920369061,4.0,4.0,0.2857142857142857,1.0690449676496994,4.0,4.0,0.4642857142857143,1.261455445614246,13.0,4.0,0.8035714285714286,1.7727189476994014,45.0,8.0,0.7976190476190477,1.720043162142397,67.0,8.0,4.0,4.0,4.0,954,0.279874213836478,0.16666666666666666,0.24423480083857443,0.2526205450733753,0.09538784067085954,0.31551362683438156,40.0,5.9958071278826
2025-08-08,0,0,0,0,0,0,0,0,0,0,0,0,2025,8,8,4,220,32,3,0,0,1,-0.433883739117558,-0.9009688679024191,-0.6016240632249227,-0.7987793728863648,-0.663122658240795,-0.7485107481711013,-0.8660254037844385,-0.5000000000000004,4.0,0.0,0.0,0.0,0.0,0.0,1.3333333333333333,2.3094010767585025,4.0,4.0,0.5714285714285714,1.5118578920369061,4.0,4.0,0.2857142857142857,1.0690449676496994,4.0,4.0,0.4642857142857143,1.261455445614246,13.0,4.0,0.8035714285714286,1.7727189476994014,45.0,8.0,0.7976190476190477,1.720043162142397,67.0,8.0,-4.0,0.0,0.0,954,0.279874213836478,0.16666666666666666,0.24423480083857443,0.2526205450733753,0.09538784067085954,0.31551362683438156,40.0,5.9958071278826
2025-08-09,0,0,0,0,0,0,0,0,0,0,0,0,2025,8,9,5,221,32,3,1,0,0,-0.9749279121818236,-0.2225209339563146,-0.6152845999633277,-0.7883050558305253,-0.663122658240795,-0.7485107481711013,-0.8660254037844385,-0.5000000000000004,0.0,4.0,0.0,0.0,0.0,0.0,1.3333333333333333,2.3094010767585025,4.0,4.0,0.5714285714285714,1.5118578920369061,4.0,4.0,0.2857142857142857,1.0690449676496994,4.0,4.0,0.4642857142857143,1.261455445614246,13.0,4.0,0.8035714285714286,1.7727189476994014,45.0,8.0,0.7976190476190477,1.720043162142397,67.0,8.0,0.0,0.0,0.0,954,0.279874213836478,0.16666666666666666,0.24423480083857443,0.2526205450733753,0.09538784067085954,0.31551362683438156,40.0,5.9958071278826
2025-08-10,0,0,0,0,0,0,0,0,0,0,0,0,2025,8,10,6,222,32,3,1,0,0,-0.7818314824680299,0.6234898018587334,-0.6287628145958345,-0.7775971469736268,-0.663122658240795,-0.7485107481711013,-0.8660254037844385,-0.5000000000000004,0.0,0.0,4.0,0.0,0.0,0.0,0.0,0.0,0.0,0.0,0.5714285714285714,1.5118578920369061,4.0,4.0,0.2857142857142857,1.0690449676496994,4.0,4.0,0.4642857142857143,1.261455445614246,13.0,4.0,0.8035714285714286,1.7727189476994014,45.0,8.0,0.75,1.685337190529875,63.0,8.0,0.0,0.0,0.0,954,0.279874213836478,0.16666666666666666,0.24423480083857443,0.2526205450733753,0.09538784067085954,0.31551362683438156,40.0,5.9958071278826
2025-08-11,0,0,0,0,0,0,0,0,0,0,0,0,2025,8,11,0,223,33,3,0,1,0,0.0,1.0,-0.6420547132365636,-0.7666588193001592,-0.7485107481711011,-0.6631226582407952,-0.8660254037844385,-0.5000000000000004,0.0,0.0,0.0,0.0,0.0,0.0,0.0,0.0,0.0,0.0,0.5714285714285714,1.5118578920369061,4.0,4.0,0.2857142857142857,1.0690449676496994,4.0,4.0,0.4642857142857143,1.261455445614246,13.0,4.0,0.8035714285714286,1.7727189476994014,45.0,8.0,0.7023809523809523,1.6485098192643954,59.0,8.0,0.0,0.0,0.0,954,0.279874213836478,0.16666666666666666,0.24423480083857443,0.2526205450733753,0.09538784067085954,0.31551362683438156,40.0,5.9958071278826
2025-08-12,0,0,0,0,0,0,0,0,0,0,0,0,2025,8,12,1,224,33,3,0,0,0,0.7818314824680298,0.6234898018587336,-0.655156357209085,-0.7554933140726804,-0.7485107481711011,-0.6631226582407952,-0.8660254037844385,-0.5000000000000004,0.0,0.0,0.0,0.0,0.0,0.0,0.0,0.0,0.0,0.0,0.5714285714285714,1.5118578920369061,4.0,4.0,0.2857142857142857,1.0690449676496994,4.0,4.0,0.4642857142857143,1.261455445614246,13.0,4.0,0.8035714285714286,1.7727189476994014,45.0,8.0,0.7023809523809523,1.6485098192643954,59.0,8.0,0.0,0.0,0.0,954,0.279874213836478,0.16666666666666666,0.24423480083857443,0.2526205450733753,0.09538784067085954,0.31551362683438156,40.0,5.9958071278826
2025-08-13,0,0,0,0,0,0,0,0,0,0,0,0,2025,8,13,2,225,33,3,0,0,0,0.9749279121818236,-0.22252093395631434,-0.6680638642135333,-0.7441039398713608,-0.7485107481711011,-0.6631226582407952,-0.8660254037844385,-0.5000000000000004,0.0,0.0,0.0,0.0,0.0,4.0,0.0,0.0,0.0,0.0,0.5714285714285714,1.5118578920369061,4.0,4.0,0.2857142857142857,1.0690449676496994,4.0,4.0,0.32142857142857145,1.0559731838826967,9.0,4.0,0.8035714285714286,1.7727189476994014,45.0,8.0,0.6428571428571429,1.5803221963910385,54.0,8.0,0.0,0.0,-4.0,954,0.279874213836478,0.16666666666666666,0.24423480083857443,0.2526205450733753,0.09538784067085954,0.31551362683438156,40.0,5.9958071278826
2025-08-14,0,0,0,0,0,0,0,0,0,0,0,0,2025,8,14,3,226,33,3,0,0,0,0.43388373911755823,-0.900968867902419,-0.6807734094770159,-0.7324940716135792,-0.7485107481711011,-0.6631226582407952,-0.8660254037844385,-0.5000000000000004,0.0,0.0,0.0,4.0,0.0,0.0,0.0,0.0,0.0,0.0,0.0,0.0,0.0,0.0,0.2857142857142857,1.0690449676496994,4.0,4.0,0.32142857142857145,1.0559731838826967,9.0,4.0,0.8035714285714286,1.7727189476994014,45.0,8.0,0.6428571428571429,1.5803221963910385,54.0,8.0,0.0,-4.0,0.0,954,0.279874213836478,0.16666666666666666,0.24423480083857443,0.2526205450733753,0.09538784067085954,0.31551362683438156,40.0,5.9958071278826
2025-08-15,0,0,0,0,0,0,0,0,0,0,0,0,2025,8,15,4,227,33,3,0,0,1,-0.433883739117558,-0.9009688679024191,-0.6932812268869771,-0.7206671495538615,-0.7485107481711011,-0.6631226582407952,-0.8660254037844385,-0.5000000000000004,0.0,0.0,0.0,0.0,0.0,0.0,0.0,0.0,0.0,0.0,0.0,0.0,0.0,0.0,0.2857142857142857,1.0690449676496994,4.0,4.0,0.32142857142857145,1.0559731838826967,9.0,4.0,0.8035714285714286,1.7727189476994014,45.0,8.0,0.6428571428571429,1.5803221963910385,54.0,8.0,0.0,0.0,0.0,954,0.279874213836478,0.16666666666666666,0.24423480083857443,0.2526205450733753,0.09538784067085954,0.31551362683438156,40.0,5.9958071278826
2025-08-16,0,0,0,0,0,0,0,0,0,0,0,0,2025,8,16,5,228,33,3,1,0,0,-0.9749279121818236,-0.2225209339563146,-0.7055836101071774,-0.70862667826446,-0.7485107481711011,-0.6631226582407952,-0.8660254037844385,-0.5000000000000004,0.0,0.0,0.0,0.0,0.0,4.0,0.0,0.0,0.0,0.0,0.0,0.0,0.0,0.0,0.2857142857142857,1.0690449676496994,4.0,4.0,0.17857142857142858,0.7723735149270983,5.0,4.0,0.7321428571428571,1.7214272242275286,41.0,8.0,0.6428571428571429,1.5803221963910385,54.0,8.0,0.0,0.0,-4.0,954,0.279874213836478,0.16666666666666666,0.24423480083857443,0.2526205450733753,0.09538784067085954,0.31551362683438156,40.0,5.9958071278826
2025-08-17,0,0,0,0,0,0,0,0,0,0,0,0,2025,8,17,6,229,33,3,1,0,0,-0.7818314824680299,0.6234898018587334,-0.7176769136759615,-0.6963762255968726,-0.7485107481711011,-0.6631226582407952,-0.8660254037844385,-0.5000000000000004,0.0,0.0,0.0,0.0,0.0,0.0,0.0,0.0,0.0,0.0,0.0,0.0,0.0,0.0,0.2857142857142857,1.0690449676496994,4.0,4.0,0.17857142857142858,0.7723735149270983,5.0,4.0,0.7321428571428571,1.7214272242275286,41.0,8.0,0.6428571428571429,1.5803221963910385,54.0,8.0,0.0,0.0,0.0,954,0.279874213836478,0.16666666666666666,0.24423480083857443,0.2526205450733753,0.09538784067085954,0.31551362683438156,40.0,5.9958071278826
2025-08-18,0,0,0,0,0,0,0,0,0,0,0,0,2025,8,18,0,230,34,3,0,1,0,0.0,1.0,-0.7295575540864876,-0.6839194216246105,-0.8229838658936564,-0.5680647467311559,-0.8660254037844385,-0.5000000000000004,0.0,0.0,0.0,0.0,0.0,0.0,0.0,0.0,0.0,0.0,0.0,0.0,0.0,0.0,0.2857142857142857,1.0690449676496994,4.0,4.0,0.17857142857142858,0.7723735149270983,5.0,4.0,0.7321428571428571,1.7214272242275286,41.0,8.0,0.6428571428571429,1.5803221963910385,54.0,8.0,0.0,0.0,0.0,954,0.279874213836478,0.16666666666666666,0.24423480083857443,0.2526205450733753,0.09538784067085954,0.31551362683438156,40.0,5.9958071278826
2025-08-19,4,0,0,4,0,4,0,4,8,0,0,0,2025,8,19,1,231,34,3,0,0,0,0.7818314824680298,0.6234898018587336,-0.7412220108485957,-0.6712599575675315,-0.8229838658936564,-0.5680647467311559,-0.8660254037844385,-0.5000000000000004,0.0,0.0,0.0,0.0,0.0,1.0,1.3333333333333333,2.3094010767585025,4.0,4.0,0.5714285714285714,1.5118578920369061,4.0,4.0,0.5714285714285714,1.452546078405127,8.0,4.0,0.2857142857142857,1.0490610566259213,8.0,4.0,0.8035714285714286,1.7727189476994014,45.0,8.0,0.6785714285714286,1.621844214925432,57.0,8.0,4.0,4.0,3.0,954,0.279874213836478,0.16666666666666666,0.24423480083857443,0.2526205450733753,0.09538784067085954,0.31551362683438156,40.0,5.9958071278826
2025-08-20,0,0,0,0,0,0,0,0,0,0,0,0,2025,8,20,2,232,34,3,0,0,0,0.9749279121818236,-0.22252093395631434,-0.7526668275320083,-0.6584015846980489,-0.8229838658936564,-0.5680647467311559,-0.8660254037844385,-0.5000000000000004,4.0,0.0,0.0,0.0,0.0,0.0,1.3333333333333333,2.3094010767585025,4.0,4.0,0.5714285714285714,1.5118578920369061,4.0,4.0,0.5714285714285714,1.452546078405127,8.0,4.0,0.2857142857142857,1.0490610566259213,8.0,4.0,0.8035714285714286,1.7727189476994014,45.0,8.0,0.6785714285714286,1.621844214925432,57.0,8.0,-4.0,0.0,0.0,954,0.279874213836478,0.16666666666666666,0.24423480083857443,0.2526205450733753,0.09538784067085954,0.31551362683438156,40.0,5.9958071278826
2025-08-21,0,0,0,0,0,0,0,0,0,0,0,0,2025,8,21,3,233,34,3,0,0,0,0.43388373911755823,-0.900968867902419,-0.7638886127905429,-0.64534811322955,-0.8229838658936564,-0.5680647467311559,-0.8660254037844385,-0.5000000000000004,0.0,4.0,0.0,0.0,4.0,0.0,1.3333333333333333,2.3094010767585025,4.0,4.0,0.5714285714285714,1.5118578920369061,4.0,4.0,0.2857142857142857,1.0690449676496994,4.0,4.0,0.2857142857142857,1.0490610566259213,8.0,4.0,0.7321428571428571,1.7214272242275286,41.0,8.0,0.6785714285714286,1.621844214925432,57.0,8.0,0.0,0.0,0.0,954,0.279874213836478,0.16666666666666666,0.24423480083857443,0.2526205450733753,0.09538784067085954,0.31551362683438156,40.0,5.9958071278826
2025-08-22,0,0,0,0,0,0,0,0,0,0,0,0,2025,8,22,4,234,34,3,0,0,1,-0.433883739117558,-0.9009688679024191,-0.7748840413670406,-0.6321034111873488,-0.8229838658936564,-0.5680647467311559,-0.8660254037844385,-0.5000000000000004,0.0,0.0,4.0,0.0,0.0,0.0,0.0,0.0,0.0,0.0,0.5714285714285714,1.5118578920369061,4.0,4.0,0.2857142857142857,1.0690449676496994,4.0,4.0,0.2857142857142857,1.0490610566259213,8.0,4.0,0.7321428571428571,1.7214272242275286,41.0,8.0,0.6785714285714286,1.621844214925432,57.0,8.0,0.0,0.0,0.0,954,0.279874213836478,0.16666666666666666,0.24423480083857443,0.2526205450733753,0.09538784067085954,0.31551362683438156,40.0,5.9958071278826
2025-08-23,0,0,0,0,0,0,0,0,0,0,0,0,2025,8,23,5,235,34,3,1,0,0,-0.9749279121818236,-0.2225209339563146,-0.7856498550787144,-0.6186714032625032,-0.8229838658936564,-0.5680647467311559,-0.8660254037844385,-0.5000000000000004,0.0,0.0,0.0,0.0,0.0,0.0,0.0,0.0,0.0,0.0,0.5714285714285714,1.5118578920369061,4.0,4.0,0.2857142857142857,1.0690449676496994,4.0,4.0,0.2857142857142857,1.0490610566259213,8.0,4.0,0.7321428571428571,1.7214272242275286,41.0,8.0,0.6785714285714286,1.621844214925432,57.0,8.0,0.0,0.0,0.0,954,0.279874213836478,0.16666666666666666,0.24423480083857443,0.2526205450733753,0.09538784067085954,0.31551362683438156,40.0,5.9958071278826
2025-08-24,0,0,0,0,0,0,0,0,0,0,0,0,2025,8,24,6,236,34,3,1,0,0,-0.7818314824680299,0.6234898018587334,-0.7961828637826154,-0.6050560696488494,-0.8229838658936564,-0.5680647467311559,-0.8660254037844385,-0.5000000000000004,0.0,0.0,0.0,0.0,0.0,0.0,0.0,0.0,0.0,0.0,0.5714285714285714,1.5118578920369061,4.0,4.0,0.2857142857142857,1.0690449676496994,4.0,4.0,0.2857142857142857,1.0490610566259213,8.0,4.0,0.6607142857142857,1.6654432739367933,37.0,8.0,0.6785714285714286,1.621844214925432,57.0,8.0,0.0,0.0,0.0,954,0.279874213836478,0.16666666666666666,0.24423480083857443,0.2526205450733753,0.09538784067085954,0.31551362683438156,40.0,5.9958071278826
2025-08-25,8,4,0,0,0,4,0,4,16,0,0,0,2025,8,25,0,237,35,3,0,1,0,0.0,1.0,-0.8064799463209447,-0.5912614448635782,-0.8854560256532096,-0.4647231720437691,-0.8660254037844385,-0.5000000000000004,0.0,0.0,0.0,0.0,0.0,0.0,2.6666666666666665,4.618802153517007,8.0,8.0,1.7142857142857142,3.147183169877772,12.0,8.0,0.8571428571428571,2.3157368940873586,12.0,8.0,0.5714285714285714,1.7935805576921298,16.0,8.0,0.7321428571428571,1.8828515263105257,41.0,8.0,0.7738095238095238,1.805955278877579,65.0,8.0,8.0,8.0,8.0,954,0.279874213836478,0.16666666666666666,0.24423480083857443,0.2526205450733753,0.09538784067085954,0.31551362683438156,40.0,5.9958071278826
2025-08-26,4,0,0,0,0,4,0,4,8,0,0,0,2025,8,26,1,238,35,3,0,0,0,0.7818314824680298,0.6234898018587336,-0.8165380514459157,-0.5772916165517278,-0.8854560256532096,-0.4647231720437691,-0.8660254037844385,-0.5000000000000004,8.0,0.0,0.0,4.0,0.0,0.0,4.0,4.000000000000002,12.0,8.0,1.7142857142857142,3.147183169877772,12.0,8.0,1.1428571428571428,2.4449993820085067,16.0,8.0,0.7142857142857143,1.9023794624226822,20.0,8.0,0.7321428571428571,1.8828515263105257,41.0,8.0,0.8214285714285714,1.8377613036774714,69.0,8.0,-4.0,0.0,4.0,954,0.279874213836478,0.16666666666666666,0.24423480083857443,0.2526205450733753,0.09538784067085954,0.31551362683438156,40.0,5.9958071278826
2025-08-27,0,0,0,0,0,0,0,0,0,0,0,0,2025,8,27,2,239,35,3,0,0,0,0.9749279121818236,-0.22252093395631434,-0.8263541987239094,-0.5631507242749187,-0.8854560256532096,-0.4647231720437691,-0.8660254037844385,-0.5000000000000004,4.0,8.0,0.0,0.0,0.0,0.0,4.0,4.000000000000002,12.0,8.0,1.7142857142857142,3.147183169877772,12.0,8.0,1.1428571428571428,2.4449993820085067,16.0,8.0,0.7142857142857143,1.9023794624226822,20.0,8.0,0.6607142857142857,1.8318077083906723,37.0,8.0,0.7738095238095238,1.805955278877579,65.0,8.0,-4.0,0.0,0.0,954,0.279874213836478,0.16666666666666666,0.24423480083857443,0.2526205450733753,0.09538784067085954,0.31551362683438156,40.0,5.9958071278826
2025-08-28,0,0,0,0,0,0,0,0,0,0,0,0,2025,8,28,3,240,35,3,0,0,0,0.43388373911755823,-0.900968867902419,-0.8359254794186365,-0.5488429582847199,-0.8854560256532096,-0.4647231720437691,-0.8660254037844385,-0.5000000000000004,0.0,4.0,8.0,0.0,0.0,0.0,1.3333333333333333,2.3094010767585025,4.0,4.0,1.7142857142857142,3.147183169877772,12.0,8.0,1.1428571428571428,2.4449993820085067,16.0,8.0,0.7142857142857143,1.9023794624226822,20.0,8.0,0.6607142857142857,1.8318077083906723,37.0,8.0,0.7738095238095238,1.805955278877579,65.0,8.0,0.0,0.0,0.0,954,0.279874213836478,0.16666666666666666,0.24423480083857443,0.2526205450733753,0.09538784067085954,0.31551362683438156,40.0,5.9958071278826
2025-08-29,0,0,0,0,0,0,0,0,0,0,0,0,2025,8,29,4,241,35,3,0,0,1,-0.433883739117558,-0.9009688679024191,-0.8452490573530634,-0.5343725582809785,-0.8854560256532096,-0.4647231720437691,-0.8660254037844385,-0.5000000000000004,0.0,0.0,4.0,0.0,0.0,0.0,0.0,0.0,0.0,0.0,1.7142857142857142,3.147183169877772,12.0,8.0,1.1428571428571428,2.4449993820085067,16.0,8.0,0.7142857142857143,1.9023794624226822,20.0,8.0,0.6607142857142857,1.8318077083906723,37.0,8.0,0.7738095238095238,1.805955278877579,65.0,8.0,0.0,0.0,0.0,954,0.279874213836478,0.16666666666666666,0.24423480083857443,0.2526205450733753,0.09538784067085954,0.31551362683438156,40.0,5.9958071278826
2025-08-30,0,0,0,0,0,0,0,0,0,0,0,0,2025,8,30,5,242,35,3,1,0,0,-0.9749279121818236,-0.2225209339563146,-0.8543221697498269,-0.5197438121555157,-0.8854560256532096,-0.4647231720437691,-0.8660254037844385,-0.5000000000000004,0.0,0.0,0.0,0.0,0.0,0.0,0.0,0.0,0.0,0.0,1.7142857142857142,3.147183169877772,12.0,8.0,1.1428571428571428,2.4449993820085067,16.0,8.0,0.7142857142857143,1.9023794624226822,20.0,8.0,0.5178571428571429,1.5373066344460022,29.0,8.0,0.7738095238095238,1.805955278877579,65.0,8.0,0.0,0.0,0.0,954,0.279874213836478,0.16666666666666666,0.24423480083857443,0.2526205450733753,0.09538784067085954,0.31551362683438156,40.0,5.9958071278826
2025-08-31,4,0,4,0,0,0,0,0,8,0,0,4,2025,8,31,6,243,35,3,1,0,0,-0.7818314824680299,0.6234898018587334,-0.8631421280499115,-0.5049610547215202,-0.8854560256532096,-0.4647231720437691,-0.8660254037844385,-0.5000000000000004,0.0,0.0,0.0,0.0,0.0,0.0,1.3333333333333333,2.3094010767585025,4.0,4.0,2.2857142857142856,3.147183169877772,16.0,8.0,1.4285714285714286,2.5332947751066044,20.0,8.0,0.8571428571428571,1.9947019774482535,24.0,8.0,0.5892857142857143,1.6042759421936441,33.0,8.0,0.7738095238095238,1.805955278877579,65.0,8.0,4.0,4.0,4.0,954,0.279874213836478,0.16666666666666666,0.24423480083857443,0.2526205450733753,0.09538784067085954,0.31551362683438156,40.0,5.9958071278826
2025-09-01,0,0,0,0,0,0,0,0,0,0,0,0,2025,9,1,0,244,36,3,0,1,0,0.0,1.0,-0.8717063187093217,-0.4900286664290594,-0.9350162426854147,-0.3546048870425359,-1.0,-1.8369701987210297e-16,4.0,0.0,0.0,8.0,0.0,0.0,1.3333333333333333,2.3094010767585025,4.0,4.0,1.1428571428571428,1.9518001458970646,8.0,4.0,1.4285714285714286,2.5332947751066044,20.0,8.0,0.8571428571428571,1.9947019774482535,24.0,8.0,0.5892857142857143,1.6042759421936441,33.0,8.0,0.7738095238095238,1.805955278877579,65.0,8.0,-4.0,-8.0,0.0,954,0.279874213836478,0.16666666666666666,0.24423480083857443,0.2526205450733753,0.09538784067085954,0.31551362683438156,40.0,5.9958071278826
2025-09-02,0,0,0,0,0,0,0,0,0,0,0,0,2025,9,2,1,245,36,3,0,0,0,0.7818314824680298,0.6234898018587336,-0.8800122039735356,-0.4749510720670502,-0.9350162426854147,-0.3546048870425359,-1.0,-1.8369701987210297e-16,0.0,4.0,0.0,4.0,4.0,0.0,1.3333333333333333,2.3094010767585025,4.0,4.0,0.5714285714285714,1.5118578920369061,4.0,4.0,1.1428571428571428,2.4449993820085067,16.0,8.0,0.8571428571428571,1.9947019774482535,24.0,8.0,0.5892857142857143,1.6042759421936441,33.0,8.0,0.7738095238095238,1.805955278877579,65.0,8.0,0.0,-4.0,0.0,954,0.279874213836478,0.16666666666666666,0.24423480083857443,0.2526205450733753,0.09538784067085954,0.31551362683438156,40.0,5.9958071278826
2025-09-03,0,0,0,0,0,0,0,0,0,0,0,0,2025,9,3,2,246,36,3,0,0,0,0.9749279121818236,-0.22252093395631434,-0.888057322629493,-0.4597327394521046,-0.9350162426854147,-0.3546048870425359,-1.0,-1.8369701987210297e-16,0.0,0.0,4.0,0.0,0.0,0.0,0.0,0.0,0.0,0.0,0.5714285714285714,1.5118578920369061,4.0,4.0,1.1428571428571428,2.4449993820085067,16.0,8.0,0.8571428571428571,1.9947019774482535,24.0,8.0,0.5892857142857143,1.6042759421936441,33.0,8.0,0.7738095238095238,1.805955278877579,65.0,8.0,0.0,0.0,0.0,954,0.279874213836478,0.16666666666666666,0.24423480083857443,0.2526205450733753,0.09538784067085954,0.31551362683438156,40.0,5.9958071278826
2025-09-04,0,0,0,0,0,0,0,0,0,0,0,0,2025,9,4,3,247,36,3,0,0,0,0.43388373911755823,-0.900968867902419,-0.8958392907349089,-0.4443781781046134,-0.9350162426854147,-0.3546048870425359,-1.0,-1.8369701987210297e-16,0.0,0.0,0.0,0.0,0.0,4.0,0.0,0.0,0.0,0.0,0.5714285714285714,1.5118578920369061,4.0,4.0,1.1428571428571428,2.4449993820085067,16.0,8.0,0.7142857142857143,1.9023794624226822,20.0,8.0,0.5892857142857143,1.6042759421936441,33.0,8.0,0.7738095238095238,1.805955278877579,65.0,8.0,0.0,0.0,-4.0,954,0.279874213836478,0.16666666666666666,0.24423480083857443,0.2526205450733753,0.09538784067085954,0.31551362683438156,40.0,5.9958071278826
2025-09-05,0,0,0,0,0,0,0,0,0,0,0,0,2025,9,5,4,248,36,3,0,0,1,-0.433883739117558,-0.9009688679024191,-0.9033558023246842,-0.4288919379124841,-0.9350162426854147,-0.3546048870425359,-1.0,-1.8369701987210297e-16,0.0,0.0,0.0,0.0,0.0,0.0,0.0,0.0,0.0,0.0,0.5714285714285714,1.5118578920369061,4.0,4.0,1.1428571428571428,2.4449993820085067,16.0,8.0,0.7142857142857143,1.9023794624226822,20.0,8.0,0.5892857142857143,1.6042759421936441,33.0,8.0,0.7738095238095238,1.805955278877579,65.0,8.0,0.0,0.0,0.0,954,0.279874213836478,0.16666666666666666,0.24423480083857443,0.2526205450733753,0.09538784067085954,0.31551362683438156,40.0,5.9958071278826
2025-09-06,0,0,0,0,0,0,0,0,0,0,0,0,2025,9,6,5,249,36,3,1,0,0,-0.9749279121818236,-0.2225209339563146,-0.9106046300942162,-0.41327860778290443,-0.9350162426854147,-0.3546048870425359,-1.0,-1.8369701987210297e-16,0.0,0.0,0.0,0.0,0.0,0.0,0.0,0.0,0.0,0.0,0.5714285714285714,1.5118578920369061,4.0,4.0,1.1428571428571428,2.4449993820085067,16.0,8.0,0.7142857142857143,1.9023794624226822,20.0,8.0,0.5892857142857143,1.6042759421936441,33.0,8.0,0.7738095238095238,1.805955278877579,65.0,8.0,0.0,0.0,0.0,954,0.279874213836478,0.16666666666666666,0.24423480083857443,0.2526205450733753,0.09538784067085954,0.31551362683438156,40.0,5.9958071278826
2025-09-07,0,0,0,0,0,0,0,0,0,0,0,0,2025,9,7,6,250,36,3,1,0,0,-0.7818314824680299,0.6234898018587334,-0.9175836260593934,-0.3975428142825566,-0.9350162426854147,-0.3546048870425359,-1.0,-1.8369701987210297e-16,0.0,0.0,0.0,4.0,0.0,0.0,0.0,0.0,0.0,0.0,0.0,0.0,0.0,0.0,1.1428571428571428,2.4449993820085067,16.0,8.0,0.7142857142857143,1.9023794624226822,20.0,8.0,0.5892857142857143,1.6042759421936441,33.0,8.0,0.7738095238095238,1.805955278877579,65.0,8.0,0.0,-4.0,0.0,954,0.279874213836478,0.16666666666666666,0.24423480083857443,0.2526205450733753,0.09538784067085954,0.31551362683438156,40.0,5.9958071278826
2025-09-08,4,0,4,0,0,0,0,0,8,0,0,4,2025,9,8,0,251,37,3,0,1,0,0.0,1.0,-0.9242907221930934,-0.3816892202666586,-0.970941817426052,-0.23931566428755774,-1.0,-1.8369701987210297e-16,0.0,0.0,0.0,0.0,8.0,0.0,1.3333333333333333,2.3094010767585025,4.0,4.0,0.5714285714285714,1.5118578920369061,4.0,4.0,0.8571428571428571,1.7032612545052812,12.0,4.0,0.8571428571428571,1.9947019774482535,24.0,8.0,0.6607142857142857,1.6654432739367933,37.0,8.0,0.8214285714285714,1.8377613036774714,69.0,8.0,4.0,4.0,4.0,954,0.279874213836478,0.16666666666666666,0.24423480083857443,0.2526205450733753,0.09538784067085954,0.31551362683438156,40.0,5.9958071278826
2025-09-09,0,0,0,0,0,0,0,0,0,0,0,0,2025,9,9,1,252,37,3,0,0,0,0.7818314824680298,0.6234898018587336,-0.9307239310379793,-0.3657225234972692,-0.970941817426052,-0.23931566428755774,-1.0,-1.8369701987210297e-16,4.0,0.0,0.0,0.0,4.0,0.0,1.3333333333333333,2.3094010767585025,4.0,4.0,0.5714285714285714,1.5118578920369061,4.0,4.0,0.5714285714285714,1.452546078405127,8.0,4.0,0.8571428571428571,1.9947019774482535,24.0,8.0,0.6607142857142857,1.6654432739367933,37.0,8.0,0.8214285714285714,1.8377613036774714,69.0,8.0,-4.0,0.0,0.0,954,0.279874213836478,0.16666666666666666,0.24423480083857443,0.2526205450733753,0.09538784067085954,0.31551362683438156,40.0,5.9958071278826
2025-09-10,0,0,0,0,0,0,0,0,0,0,0,0,2025,9,10,2,253,37,3,0,0,0,0.9749279121818236,-0.22252093395631434,-0.9368813462954315,-0.34964745525122826,-0.970941817426052,-0.23931566428755774,-1.0,-1.8369701987210297e-16,0.0,4.0,0.0,0.0,0.0,0.0,1.3333333333333333,2.3094010767585025,4.0,4.0,0.5714285714285714,1.5118578920369061,4.0,4.0,0.5714285714285714,1.452546078405127,8.0,4.0,0.8571428571428571,1.9947019774482535,24.0,8.0,0.5892857142857143,1.6042759421936441,33.0,8.0,0.8214285714285714,1.8377613036774714,69.0,8.0,0.0,0.0,0.0,954,0.279874213836478,0.16666666666666666,0.24423480083857443,0.2526205450733753,0.09538784067085954,0.31551362683438156,40.0,5.9958071278826
2025-09-11,0,0,0,0,0,0,0,0,0,0,0,0,2025,9,11,3,254,37,3,0,0,0,0.43388373911755823,-0.900968867902419,-0.9427611433904206,-0.33346877891818705,-0.970941817426052,-0.23931566428755774,-1.0,-1.8369701987210297e-16,0.0,0.0,4.0,0.0,0.0,0.0,0.0,0.0,0.0,0.0,0.5714285714285714,1.5118578920369061,4.0,4.0,0.5714285714285714,1.452546078405127,8.0,4.0,0.8571428571428571,1.9947019774482535,24.0,8.0,0.5892857142857143,1.6042759421936441,33.0,8.0,0.8214285714285714,1.8377613036774714,69.0,8.0,0.0,0.0,0.0,954,0.279874213836478,0.16666666666666666,0.24423480083857443,0.2526205450733753,0.09538784067085954,0.31551362683438156,40.0,5.9958071278826
2025-09-12,4,0,0,0,0,0,0,0,8,0,0,4,2025,9,12,4,255,37,3,0,0,1,-0.433883739117558,-0.9009688679024191,-0.9483615800121716,-0.31719128858910595,-0.970941817426052,-0.23931566428755774,-1.0,-1.8369701987210297e-16,0.0,0.0,0.0,0.0,0.0,0.0,1.3333333333333333,2.3094010767585025,4.0,4.0,1.1428571428571428,1.9518001458970646,8.0,4.0,0.8571428571428571,1.7032612545052812,12.0,4.0,1.0,2.0727509006864016,28.0,8.0,0.6607142857142857,1.6654432739367933,37.0,8.0,0.8690476190476191,1.8677978909829958,73.0,8.0,4.0,4.0,4.0,954,0.279874213836478,0.16666666666666666,0.24423480083857443,0.2526205450733753,0.09538784067085954,0.31551362683438156,40.0,5.9958071278826
2025-09-13,0,0,0,0,0,0,0,0,0,0,0,0,2025,9,13,5,256,37,3,1,0,0,-0.9749279121818236,-0.2225209339563146,-0.9536809966304455,-0.300819807635668,-0.970941817426052,-0.23931566428755774,-1.0,-1.8369701987210297e-16,4.0,0.0,0.0,0.0,0.0,0.0,1.3333333333333333,2.3094010767585025,4.0,4.0,1.1428571428571428,1.9518001458970646,8.0,4.0,0.8571428571428571,1.7032612545052812,12.0,4.0,1.0,2.0727509006864016,28.0,8.0,0.5892857142857143,1.6042759421936441,33.0,8.0,0.8214285714285714,1.8377613036774714,69.0,8.0,-4.0,0.0,0.0,954,0.279874213836478,0.16666666666666666,0.24423480083857443,0.2526205450733753,0.09538784067085954,0.31551362683438156,40.0,5.9958071278826
2025-09-14,1,0,0,0,0,1,0,1,2,0,0,0,2025,9,14,6,257,37,3,1,0,0,-0.7818314824680299,0.6234898018587334,-0.9587178169872964,-0.2843591872810036,-0.970941817426052,-0.23931566428755774,-1.0,-1.8369701987210297e-16,0.0,4.0,0.0,0.0,4.0,0.0,1.6666666666666667,2.0816659994661326,5.0,4.0,1.2857142857142858,1.8898223650461343,9.0,4.0,0.6428571428571429,1.4468609447374676,9.0,4.0,1.0357142857142858,2.063476800920355,29.0,8.0,0.6071428571428571,1.6031624590570588,34.0,8.0,0.8333333333333334,1.835613769736593,70.0,8.0,1.0,1.0,1.0,954,0.279874213836478,0.16666666666666666,0.24423480083857443,0.2526205450733753,0.09538784067085954,0.31551362683438156,40.0,5.9958071278826
2025-09-15,1,0,0,0,0,0,0,0,3,0,0,1,2025,9,15,0,258,38,3,0,1,0,0.0,1.0,-0.9634705485641486,-0.26781430516217486,-0.992708874098054,-0.12053668025532357,-1.0,-1.8369701987210297e-16,1.0,0.0,4.0,4.0,0.0,0.0,0.6666666666666666,0.5773502691896184,2.0,1.0,0.8571428571428571,1.463850109422797,6.0,4.0,0.7142857142857143,1.4373357526806567,10.0,4.0,1.0714285714285714,2.053516792463897,30.0,8.0,0.625,1.6018455265440226,35.0,8.0,0.8452380952380952,1.8333854892701118,71.0,8.0,0.0,-3.0,1.0,954,0.279874213836478,0.16666666666666666,0.24423480083857443,0.2526205450733753,0.09538784067085954,0.31551362683438156,40.0,5.9958071278826
2025-09-16,4,0,0,0,0,0,0,0,12,0,0,4,2025,9,16,1,259,38,3,0,0,0,0.7818314824680298,0.6234898018587336,-0.9679377830240642,-0.25119006388481957,-0.992708874098054,-0.12053668025532357,-1.0,-1.8369701987210297e-16,1.0,1.0,0.0,0.0,0.0,4.0,2.0,1.7320508075688779,6.0,4.0,1.4285714285714286,1.8126539343499297,10.0,4.0,1.0,1.6641005886756883,14.0,4.0,1.0714285714285714,2.053516792463897,30.0,8.0,0.6785714285714286,1.6635902342621736,38.0,8.0,0.8928571428571429,1.8628767567048703,75.0,8.0,3.0,4.0,0.0,954,0.279874213836478,0.16666666666666666,0.24423480083857443,0.2526205450733753,0.09538784067085954,0.31551362683438156,40.0,5.9958071278826
2025-09-17,0,0,0,0,0,0,0,0,0,0,0,0,2025,9,17,2,260,38,3,0,0,0,0.9749279121818236,-0.22252093395631434,-0.9721181966290612,-0.23449138957041052,-0.992708874098054,-0.12053668025532357,-1.0,-1.8369701987210297e-16,4.0,1.0,1.0,0.0,0.0,0.0,1.6666666666666667,2.0816659994661326,5.0,4.0,1.4285714285714286,1.8126539343499297,10.0,4.0,1.0,1.6641005886756883,14.0,4.0,1.0714285714285714,2.053516792463897,30.0,8.0,0.6785714285714286,1.6635902342621736,38.0,8.0,0.8928571428571429,1.8628767567048703,75.0,8.0,-4.0,0.0,0.0,954,0.279874213836478,0.16666666666666666,0.24423480083857443,0.2526205450733753,0.09538784067085954,0.31551362683438156,40.0,5.9958071278826
2025-09-18,0,0,0,0,0,0,0,0,0,0,0,0,2025,9,18,3,261,38,3,0,0,0,0.43388373911755823,-0.900968867902419,-0.9760105506323682,-0.21772323039653224,-0.992708874098054,-0.12053668025532357,-1.0,-1.8369701987210297e-16,0.0,4.0,1.0,0.0,0.0,0.0,1.3333333333333333,2.309401076758502,4.0,4.0,1.4285714285714286,1.8126539343499297,10.0,4.0,1.0,1.6641005886756883,14.0,4.0,1.0714285714285714,2.053516792463897,30.0,8.0,0.6785714285714286,1.6635902342621736,38.0,8.0,0.8452380952380952,1.8333854892701118,71.0,8.0,0.0,0.0,0.0,954,0.279874213836478,0.16666666666666666,0.24423480083857443,0.2526205450733753,0.09538784067085954,0.31551362683438156,40.0,5.9958071278826
2025-09-19,0,0,0,0,0,0,0,0,0,0,0,0,2025,9,19,4,262,38,3,0,0,1,-0.433883739117558,-0.9009688679024191,-0.9796136916454901,-0.20089055513063528,-0.992708874098054,-0.12053668025532357,-1.0,-1.8369701987210297e-16,0.0,0.0,4.0,4.0,0.0,0.0,0.0,0.0,0.0,0.0,0.8571428571428571,1.463850109422797,6.0,4.0,1.0,1.6641005886756883,14.0,4.0,1.0714285714285714,2.053516792463897,30.0,8.0,0.6785714285714286,1.6635902342621736,38.0,8.0,0.8452380952380952,1.8333854892701118,71.0,8.0,0.0,-4.0,0.0,954,0.279874213836478,0.16666666666666666,0.24423480083857443,0.2526205450733753,0.09538784067085954,0.31551362683438156,40.0,5.9958071278826
2025-09-20,4,0,0,0,0,8,0,4,8,0,0,4,2025,9,20,5,263,38,3,1,0,0,-0.9749279121818236,-0.2225209339563146,-0.9829265519799822,-0.18399835165767986,-0.992708874098054,-0.12053668025532357,-1.0,-1.8369701987210297e-16,0.0,0.0,0.0,0.0,0.0,0.0,1.3333333333333333,2.309401076758502,4.0,4.0,1.4285714285714286,1.8126539343499297,10.0,4.0,1.2857142857142858,1.815682598006408,18.0,4.0,1.2142857142857142,2.1144501580551536,34.0,8.0,0.75,1.7188791273808233,42.0,8.0,0.8928571428571429,1.8628767567048703,75.0,8.0,4.0,4.0,4.0,954,0.279874213836478,0.16666666666666666,0.24423480083857443,0.2526205450733753,0.09538784067085954,0.31551362683438156,40.0,5.9958071278826
2025-09-21,0,0,0,0,0,0,0,0,0,0,0,0,2025,9,21,6,264,38,3,1,0,0,-0.7818314824680299,0.6234898018587334,-0.9859481499638303,-0.1670516255021195,-0.992708874098054,-0.12053668025532357,-1.0,-1.8369701987210297e-16,4.0,0.0,0.0,1.0,0.0,0.0,1.3333333333333333,2.309401076758502,4.0,4.0,1.2857142857142858,1.889822365046134,9.0,4.0,1.2857142857142858,1.815682598006408,18.0,4.0,1.2142857142857142,2.1144501580551536,34.0,8.0,0.75,1.7188791273808233,42.0,8.0,0.8452380952380952,1.8333854892701118,71.0,8.0,-4.0,-1.0,0.0,954,0.279874213836478,0.16666666666666666,0.24423480083857443,0.2526205450733753,0.09538784067085954,0.31551362683438156,40.0,5.9958071278826
2025-09-22,0,0,0,0,0,0,0,0,0,0,0,0,2025,9,22,0,265,39,3,0,1,0,0.0,1.0,-0.9886775902323404,-0.15005539834465262,-1.0,-1.8369701987210297e-16,-1.0,-1.8369701987210297e-16,0.0,4.0,0.0,1.0,4.0,8.0,1.3333333333333333,2.309401076758502,4.0,4.0,1.1428571428571428,1.9518001458970644,8.0,4.0,1.0,1.6641005886756883,14.0,4.0,0.9285714285714286,1.6539195069439532,26.0,4.0,0.75,1.7188791273808233,42.0,8.0,0.7976190476190477,1.8021390362951581,67.0,8.0,0.0,-1.0,-8.0,954,0.279874213836478,0.16666666666666666,0.24423480083857443,0.2526205450733753,0.09538784067085954,0.31551362683438156,40.0,5.9958071278826
2025-09-23,0,0,0,0,0,0,0,0,0,0,0,0,2025,9,23,1,266,39,3,0,0,0,0.7818314824680298,0.6234898018587336,-0.9911140639934546,-0.13301470653419636,-1.0,-1.8369701987210297e-16,-1.0,-1.8369701987210297e-16,0.0,0.0,4.0,4.0,0.0,4.0,0.0,0.0,0.0,0.0,0.5714285714285714,1.5118578920369057,4.0,4.0,1.0,1.6641005886756883,14.0,4.0,0.7857142857142857,1.5481684006675085,22.0,4.0,0.75,1.7188791273808233,42.0,8.0,0.75,1.7690443952284398,63.0,8.0,0.0,-4.0,-4.0,954,0.279874213836478,0.16666666666666666,0.24423480083857443,0.2526205450733753,0.09538784067085954,0.31551362683438156,40.0,5.9958071278826
2025-09-24,4,0,0,0,0,0,0,0,8,0,0,4,2025,9,24,2,267,39,3,0,0,0,0.9749279121818236,-0.22252093395631434,-0.9932568492674143,-0.11593459959550066,-1.0,-1.8369701987210297e-16,-1.0,-1.8369701987210297e-16,0.0,0.0,0.0,0.0,0.0,0.0,1.3333333333333333,2.309401076758502,4.0,4.0,1.1428571428571428,1.9518001458970644,8.0,4.0,1.2857142857142858,1.815682598006408,18.0,4.0,0.9285714285714286,1.6539195069439532,26.0,4.0,0.8214285714285714,1.7695109016812631,46.0,8.0,0.75,1.7690443952284398,63.0,8.0,4.0,4.0,4.0,954,0.279874213836478,0.16666666666666666,0.24423480083857443,0.2526205450733753,0.09538784067085954,0.31551362683438156,40.0,5.9958071278826
2025-09-25,0,0,0,0,0,0,0,0,0,0,0,0,2025,9,25,3,268,39,3,0,0,0,0.43388373911755823,-0.900968867902419,-0.9951053111006974,-0.09882013873287211,-1.0,-1.8369701987210297e-16,-1.0,-1.8369701987210297e-16,4.0,0.0,0.0,0.0,0.0,0.0,1.3333333333333333,2.309401076758502,4.0,4.0,1.1428571428571428,1.9518001458970644,8.0,4.0,1.2857142857142858,1.815682598006408,18.0,4.0,0.9285714285714286,1.6539195069439532,26.0,4.0,0.8214285714285714,1.7695109016812631,46.0,8.0,0.75,1.7690443952284398,63.0,8.0,-4.0,0.0,0.0,954,0.279874213836478,0.16666666666666666,0.24423480083857443,0.2526205450733753,0.09538784067085954,0.31551362683438156,40.0,5.9958071278826
2025-09-26,0,0,0,0,0,0,0,0,0,0,0,0,2025,9,26,4,269,39,3,0,0,1,-0.433883739117558,-0.9009688679024191,-0.99665890175417,-0.08167639533042288,-1.0,-1.8369701987210297e-16,-1.0,-1.8369701987210297e-16,0.0,4.0,0.0,0.0,4.0,0.0,1.3333333333333333,2.309401076758502,4.0,4.0,1.1428571428571428,1.9518001458970644,8.0,4.0,1.0,1.6641005886756883,14.0,4.0,0.9285714285714286,1.6539195069439532,26.0,4.0,0.8214285714285714,1.7695109016812631,46.0,8.0,0.75,1.7690443952284398,63.0,8.0,0.0,0.0,0.0,954,0.279874213836478,0.16666666666666666,0.24423480083857443,0.2526205450733753,0.09538784067085954,0.31551362683438156,40.0,5.9958071278826
2025-09-27,0,0,0,0,0,0,0,0,0,0,0,0,2025,9,27,5,270,39,3,1,0,0,-0.9749279121818236,-0.2225209339563146,-0.9979171608653922,-0.06450844944931625,-1.0,-1.8369701987210297e-16,-1.0,-1.8369701987210297e-16,0.0,0.0,4.0,4.0,0.0,0.0,0.0,0.0,0.0,0.0,0.5714285714285714,1.5118578920369057,4.0,4.0,1.0,1.6641005886756883,14.0,4.0,0.9285714285714286,1.6539195069439532,26.0,4.0,0.8214285714285714,1.7695109016812631,46.0,8.0,0.6547619047619048,1.579187282353849,55.0,8.0,0.0,-4.0,0.0,954,0.279874213836478,0.16666666666666666,0.24423480083857443,0.2526205450733753,0.09538784067085954,0.31551362683438156,40.0,5.9958071278826
2025-09-28,1,0,0,1,0,0,0,0,2,0,0,0,2025,9,28,6,271,39,3,1,0,0,-0.7818314824680299,0.6234898018587334,-0.9988797155850335,-0.04732138832243232,-1.0,-1.8369701987210297e-16,-1.0,-1.8369701987210297e-16,0.0,0.0,0.0,0.0,1.0,4.0,0.3333333333333333,0.5773502691896145,1.0,1.0,0.7142857142857143,1.4960264830861882,5.0,4.0,1.0,1.6641005886756883,14.0,4.0,0.8214285714285714,1.540888907202144,23.0,4.0,0.8392857142857143,1.7661132025314374,47.0,8.0,0.6666666666666666,1.5779606583680819,56.0,8.0,1.0,1.0,-3.0,954,0.279874213836478,0.16666666666666666,0.24423480083857443,0.2526205450733753,0.09538784067085954,0.31551362683438156,40.0,5.9958071278826
2025-09-29,0,0,0,0,0,0,0,0,0,0,0,0,2025,9,29,0,272,40,3,0,1,0,0.0,1.0,-0.9995462806873573,-0.03012030484690836,-0.992708874098054,0.1205366802553232,-1.0,-1.8369701987210297e-16,1.0,0.0,0.0,0.0,1.0,0.0,0.3333333333333333,0.5773502691896145,1.0,1.0,0.7142857142857143,1.4960264830861882,5.0,4.0,0.9285714285714286,1.6854255666327551,13.0,4.0,0.8214285714285714,1.540888907202144,23.0,4.0,0.8392857142857143,1.7661132025314374,47.0,8.0,0.6666666666666666,1.5779606583680819,56.0,8.0,-1.0,0.0,0.0,954,0.279874213836478,0.16666666666666666,0.24423480083857443,0.2526205450733753,0.09538784067085954,0.31551362683438156,40.0,5.9958071278826
2025-09-30,0,0,0,0,0,0,0,0,0,0,0,0,2025,9,30,1,273,40,3,0,0,0,0.7818314824680298,0.6234898018587336,-0.9999166586547379,-0.012910296075008843,-0.992708874098054,0.1205366802553232,-1.0,-1.8369701987210297e-16,0.0,1.0,0.0,0.0,4.0,0.0,0.3333333333333333,0.5773502691896145,1.0,1.0,0.7142857142857143,1.4960264830861882,5.0,4.0,0.6428571428571429,1.4468609447374676,9.0,4.0,0.8214285714285714,1.540888907202144,23.0,4.0,0.8392857142857143,1.7661132025314374,47.0,8.0,0.6666666666666666,1.5779606583680819,56.0,8.0,0.0,0.0,0.0,954,0.279874213836478,0.16666666666666666,0.24423480083857443,0.2526205450733753,0.09538784067085954,0.31551362683438156,40.0,5.9958071278826
2025-10-01,0,0,0,0,0,0,0,0,0,0,0,0,2025,10,1,2,274,40,4,0,0,0,0.9749279121818236,-0.22252093395631434,-0.9999907397361901,0.004303538296243821,-0.992708874098054,0.1205366802553232,-0.8660254037844386,0.5000000000000001,0.0,0.0,1.0,4.0,0.0,0.0,0.0,0.0,0.0,0.0,0.14285714285714285,0.37796447300921315,1.0,1.0,0.6428571428571429,1.4468609447374676,9.0,4.0,0.8214285714285714,1.540888907202144,23.0,4.0,0.8392857142857143,1.7661132025314374,47.0,8.0,0.6666666666666666,1.5779606583680819,56.0,8.0,0.0,-4.0,0.0,954,0.279874213836478,0.16666666666666666,0.24423480083857443,0.2526205450733753,0.09538784067085954,0.31551362683438156,40.0,5.9958071278826
2025-10-02,0,0,0,0,0,0,0,0,0,0,0,0,2025,10,2,3,275,40,4,0,0,0,0.43388373911755823,-0.900968867902419,-0.9997685019798909,0.021516097436222233,-0.992708874098054,0.1205366802553232,-0.8660254037844386,0.5000000000000001,0.0,0.0,0.0,0.0,0.0,0.0,0.0,0.0,0.0,0.0,0.14285714285714285,0.37796447300921315,1.0,1.0,0.6428571428571429,1.4468609447374676,9.0,4.0,0.8214285714285714,1.540888907202144,23.0,4.0,0.7678571428571429,1.7161380684927061,43.0,8.0,0.6666666666666666,1.5779606583680819,56.0,8.0,0.0,0.0,0.0,954,0.279874213836478,0.16666666666666666,0.24423480083857443,0.2526205450733753,0.09538784067085954,0.31551362683438156,40.0,5.9958071278826
2025-10-03,4,4,0,0,0,0,0,0,8,0,0,0,2025,10,3,4,276,40,4,0,0,1,-0.433883739117558,-0.9009688679024191,-0.9992500112396835,0.03872228089217399,-0.992708874098054,0.1205366802553232,-0.8660254037844386,0.5000000000000001,0.0,0.0,0.0,0.0,0.0,0.0,1.3333333333333333,2.309401076758502,4.0,4.0,0.7142857142857143,1.4960264830861882,5.0,4.0,0.9285714285714286,1.6854255666327551,13.0,4.0,0.9642857142857143,1.6438920136009378,27.0,4.0,0.8392857142857143,1.7661132025314374,47.0,8.0,0.7142857142857143,1.6174606646596295,60.0,8.0,4.0,4.0,4.0,954,0.279874213836478,0.16666666666666666,0.24423480083857443,0.2526205450733753,0.09538784067085954,0.31551362683438156,40.0,5.9958071278826
2025-10-04,0,0,0,0,0,0,0,0,0,0,0,0,2025,10,4,5,277,40,4,1,0,0,-0.9749279121818236,-0.2225209339563146,-0.9984354211555643,0.05591699010060302,-0.992708874098054,0.1205366802553232,-0.8660254037844386,0.5000000000000001,4.0,0.0,0.0,0.0,4.0,0.0,1.3333333333333333,2.309401076758502,4.0,4.0,0.7142857142857143,1.4960264830861882,5.0,4.0,0.6428571428571429,1.4468609447374676,9.0,4.0,0.9642857142857143,1.6438920136009378,27.0,4.0,0.8392857142857143,1.7661132025314374,47.0,8.0,0.7142857142857143,1.6174606646596295,60.0,8.0,-4.0,0.0,0.0,954,0.279874213836478,0.16666666666666666,0.24423480083857443,0.2526205450733753,0.09538784067085954,0.31551362683438156,40.0,5.9958071278826
2025-10-05,0,0,0,0,0,0,0,0,0,0,0,0,2025,10,5,6,278,40,4,1,0,0,-0.7818314824680299,0.6234898018587334,-0.9973249731081555,0.07309512989807776,-0.992708874098054,0.1205366802553232,-0.8660254037844386,0.5000000000000001,0.0,4.0,0.0,1.0,0.0,0.0,1.3333333333333333,2.309401076758502,4.0,4.0,0.5714285714285714,1.5118578920369057,4.0,4.0,0.6428571428571429,1.4468609447374676,9.0,4.0,0.9642857142857143,1.6438920136009378,27.0,4.0,0.8392857142857143,1.7661132025314374,47.0,8.0,0.7142857142857143,1.6174606646596295,60.0,8.0,0.0,-1.0,0.0,954,0.279874213836478,0.16666666666666666,0.24423480083857443,0.2526205450733753,0.09538784067085954,0.31551362683438156,40.0,5.9958071278826
2025-10-06,0,0,0,0,0,0,0,0,0,0,0,0,2025,10,6,0,279,41,4,0,1,0,0.0,1.0,-0.9959189961471792,0.0902516100310407,-0.9709418174260521,0.23931566428755738,-0.8660254037844386,0.5000000000000001,0.0,0.0,4.0,0.0,0.0,4.0,0.0,0.0,0.0,0.0,0.5714285714285714,1.5118578920369057,4.0,4.0,0.6428571428571429,1.4468609447374676,9.0,4.0,0.8214285714285714,1.5408889072021443,23.0,4.0,0.8392857142857143,1.7661132025314374,47.0,8.0,0.7142857142857143,1.6174606646596295,60.0,8.0,0.0,0.0,-4.0,954,0.279874213836478,0.16666666666666666,0.24423480083857443,0.2526205450733753,0.09538784067085954,0.31551362683438156,40.0,5.9958071278826
2025-10-07,0,0,0,0,0,0,0,0,0,0,0,0,2025,10,7,1,280,41,4,0,0,0,0.7818314824680298,0.6234898018587336,-0.994217906893952,0.10738134666416306,-0.9709418174260521,0.23931566428755738,-0.8660254037844386,0.5000000000000001,0.0,0.0,0.0,0.0,0.0,0.0,0.0,0.0,0.0,0.0,0.5714285714285714,1.5118578920369057,4.0,4.0,0.6428571428571429,1.4468609447374676,9.0,4.0,0.8214285714285714,1.5408889072021443,23.0,4.0,0.8392857142857143,1.7661132025314374,47.0,8.0,0.7142857142857143,1.6174606646596295,60.0,8.0,0.0,0.0,0.0,954,0.279874213836478,0.16666666666666666,0.24423480083857443,0.2526205450733753,0.09538784067085954,0.31551362683438156,40.0,5.9958071278826
2025-10-08,0,0,0,0,0,0,0,0,0,0,0,0,2025,10,8,2,281,41,4,0,0,0,0.9749279121818236,-0.22252093395631434,-0.9922222094179324,0.12447926388678869,-0.9709418174260521,0.23931566428755738,-0.8660254037844386,0.5000000000000001,0.0,0.0,0.0,0.0,4.0,0.0,0.0,0.0,0.0,0.0,0.5714285714285714,1.5118578920369057,4.0,4.0,0.35714285714285715,1.0818177620697833,5.0,4.0,0.8214285714285714,1.5408889072021443,23.0,4.0,0.8392857142857143,1.7661132025314374,47.0,8.0,0.6666666666666666,1.5779606583680819,56.0,8.0,0.0,0.0,0.0,954,0.279874213836478,0.16666666666666666,0.24423480083857443,0.2526205450733753,0.09538784067085954,0.31551362683438156,40.0,5.9958071278826
2025-10-09,0,0,0,0,0,0,0,0,0,0,0,0,2025,10,9,3,282,41,4,0,0,0,0.43388373911755823,-0.900968867902419,-0.989932495087353,0.141540295217043,-0.9709418174260521,0.23931566428755738,-0.8660254037844386,0.5000000000000001,0.0,0.0,0.0,0.0,0.0,0.0,0.0,0.0,0.0,0.0,0.5714285714285714,1.5118578920369057,4.0,4.0,0.35714285714285715,1.0818177620697833,5.0,4.0,0.8214285714285714,1.5408889072021443,23.0,4.0,0.8392857142857143,1.7661132025314374,47.0,8.0,0.6666666666666666,1.5779606583680819,56.0,8.0,0.0,0.0,0.0,954,0.279874213836478,0.16666666666666666,0.24423480083857443,0.2526205450733753,0.09538784067085954,0.31551362683438156,40.0,5.9958071278826
2025-10-10,0,0,0,0,0,0,0,0,0,0,0,0,2025,10,10,4,283,41,4,0,0,1,-0.433883739117558,-0.9009688679024191,-0.9873494423939864,0.15855938510313475,-0.9709418174260521,0.23931566428755738,-0.8660254037844386,0.5000000000000001,0.0,0.0,0.0,4.0,0.0,4.0,0.0,0.0,0.0,0.0,0.0,0.0,0.0,0.0,0.35714285714285715,1.0818177620697833,5.0,4.0,0.6785714285714286,1.4156158567804502,19.0,4.0,0.8392857142857143,1.7661132025314374,47.0,8.0,0.6666666666666666,1.5779606583680819,56.0,8.0,0.0,-4.0,-4.0,954,0.279874213836478,0.16666666666666666,0.24423480083857443,0.2526205450733753,0.09538784067085954,0.31551362683438156,40.0,5.9958071278826
2025-10-11,0,0,0,0,0,0,0,0,0,0,0,0,2025,10,11,5,284,41,4,1,0,0,-0.9749279121818236,-0.2225209339563146,-0.9844738167520923,0.17553149042142777,-0.9709418174260521,0.23931566428755738,-0.8660254037844386,0.5000000000000001,0.0,0.0,0.0,0.0,0.0,0.0,0.0,0.0,0.0,0.0,0.0,0.0,0.0,0.0,0.35714285714285715,1.0818177620697833,5.0,4.0,0.6785714285714286,1.4156158567804502,19.0,4.0,0.8392857142857143,1.7661132025314374,47.0,8.0,0.6190476190476191,1.5359527627083365,52.0,8.0,0.0,0.0,0.0,954,0.279874213836478,0.16666666666666666,0.24423480083857443,0.2526205450733753,0.09538784067085954,0.31551362683438156,40.0,5.9958071278826
2025-10-12,0,0,0,0,0,0,0,0,0,0,0,0,2025,10,12,6,285,41,4,1,0,0,-0.7818314824680299,0.6234898018587334,-0.9813064702716093,0.19245158197082995,-0.9709418174260521,0.23931566428755738,-0.8660254037844386,0.5000000000000001,0.0,0.0,0.0,0.0,1.0,1.0,0.0,0.0,0.0,0.0,0.0,0.0,0.0,0.0,0.2857142857142857,1.0690449676496994,4.0,4.0,0.6428571428571429,1.4198144300833861,18.0,4.0,0.8392857142857143,1.7661132025314374,47.0,8.0,0.6190476190476191,1.5359527627083365,52.0,8.0,0.0,0.0,-1.0,954,0.279874213836478,0.16666666666666666,0.24423480083857443,0.2526205450733753,0.09538784067085954,0.31551362683438156,40.0,5.9958071278826
2025-10-13,0,0,0,0,0,0,0,0,0,0,0,0,2025,10,13,0,286,42,4,0,1,0,0.0,1.0,-0.9778483415056567,0.20931464596304888,-0.9350162426854148,0.35460488704253557,-0.8660254037844386,0.5000000000000001,0.0,0.0,0.0,0.0,0.0,1.0,0.0,0.0,0.0,0.0,0.0,0.0,0.0,0.0,0.2857142857142857,1.0690449676496994,4.0,4.0,0.6071428571428571,1.4230714230607926,17.0,4.0,0.8392857142857143,1.7661132025314374,47.0,8.0,0.6190476190476191,1.5359527627083365,52.0,8.0,0.0,0.0,-1.0,954,0.279874213836478,0.16666666666666666,0.24423480083857443,0.2526205450733753,0.09538784067085954,0.31551362683438156,40.0,5.9958071278826
2025-10-14,0,0,0,0,0,0,0,0,0,0,0,0,2025,10,14,1,287,42,4,0,0,0,0.7818314824680298,0.6234898018587336,-0.9741004551724206,0.22611568550828803,-0.9350162426854148,0.35460488704253557,-0.8660254037844386,0.5000000000000001,0.0,0.0,0.0,0.0,0.0,4.0,0.0,0.0,0.0,0.0,0.0,0.0,0.0,0.0,0.2857142857142857,1.0690449676496994,4.0,4.0,0.4642857142857143,1.261455445614246,13.0,4.0,0.7678571428571429,1.7161380684927061,43.0,8.0,0.6071428571428571,1.5368396389121077,51.0,8.0,0.0,0.0,-4.0,954,0.279874213836478,0.16666666666666666,0.24423480083857443,0.2526205450733753,0.09538784067085954,0.31551362683438156,40.0,5.9958071278826
2025-10-15,0,0,0,0,0,0,0,0,0,0,0,0,2025,10,15,2,288,42,4,0,0,0,0.9749279121818236,-0.22252093395631434,-0.970063921851507,0.2428497220959358,-0.9350162426854148,0.35460488704253557,-0.8660254037844386,0.5000000000000001,0.0,0.0,0.0,0.0,0.0,0.0,0.0,0.0,0.0,0.0,0.0,0.0,0.0,0.0,0.2857142857142857,1.0690449676496994,4.0,4.0,0.4642857142857143,1.261455445614246,13.0,4.0,0.7678571428571429,1.7161380684927061,43.0,8.0,0.6071428571428571,1.5368396389121077,51.0,8.0,0.0,0.0,0.0,954,0.279874213836478,0.16666666666666666,0.24423480083857443,0.2526205450733753,0.09538784067085954,0.31551362683438156,40.0,5.9958071278826
2025-10-16,0,0,0,0,0,0,0,0,0,0,0,0,2025,10,16,3,289,42,4,0,0,0,0.43388373911755823,-0.900968867902419,-0.965739937654855,0.25951179706979943,-0.9350162426854148,0.35460488704253557,-0.8660254037844386,0.5000000000000001,0.0,0.0,0.0,0.0,0.0,0.0,0.0,0.0,0.0,0.0,0.0,0.0,0.0,0.0,0.2857142857142857,1.0690449676496994,4.0,4.0,0.4642857142857143,1.261455445614246,13.0,4.0,0.7678571428571429,1.7161380684927061,43.0,8.0,0.6071428571428571,1.5368396389121077,51.0,8.0,0.0,0.0,0.0,954,0.279874213836478,0.16666666666666666,0.24423480083857443,0.2526205450733753,0.09538784067085954,0.31551362683438156,40.0,5.9958071278826
2025-10-17,4,4,0,0,0,0,0,0,12,0,0,0,2025,10,17,4,290,42,4,0,0,1,-0.433883739117558,-0.9009688679024191,-0.9611297838723007,0.27609697309746883,-0.9350162426854148,0.35460488704253557,-0.8660254037844386,0.5000000000000001,0.0,0.0,0.0,0.0,4.0,0.0,1.3333333333333333,2.309401076758502,4.0,4.0,0.5714285714285714,1.5118578920369057,4.0,4.0,0.2857142857142857,1.0690449676496994,4.0,4.0,0.6071428571428571,1.4230714230607926,17.0,4.0,0.8392857142857143,1.7661132025314374,47.0,8.0,0.6547619047619048,1.579187282353849,55.0,8.0,4.0,4.0,4.0,954,0.279874213836478,0.16666666666666666,0.24423480083857443,0.2526205450733753,0.09538784067085954,0.31551362683438156,40.0,5.9958071278826
2025-10-18,0,0,0,0,0,0,0,0,0,0,0,0,2025,10,18,5,291,42,4,1,0,0,-0.9749279121818236,-0.2225209339563146,-0.9562348265919058,0.2926003356333479,-0.9350162426854148,0.35460488704253557,-0.8660254037844386,0.5000000000000001,4.0,0.0,0.0,0.0,0.0,4.0,1.3333333333333333,2.309401076758502,4.0,4.0,0.5714285714285714,1.5118578920369057,4.0,4.0,0.2857142857142857,1.0690449676496994,4.0,4.0,0.4642857142857143,1.261455445614246,13.0,4.0,0.8392857142857143,1.7661132025314374,47.0,8.0,0.6547619047619048,1.579187282353849,55.0,8.0,-4.0,0.0,-4.0,954,0.279874213836478,0.16666666666666666,0.24423480083857443,0.2526205450733753,0.09538784067085954,0.31551362683438156,40.0,5.9958071278826
2025-10-19,0,0,0,0,0,0,0,0,0,0,0,0,2025,10,19,6,292,42,4,1,0,0,-0.7818314824680299,0.6234898018587334,-0.9510565162951536,0.30901699437494723,-0.9350162426854148,0.35460488704253557,-0.8660254037844386,0.5000000000000001,0.0,4.0,0.0,0.0,0.0,0.0,1.3333333333333333,2.309401076758502,4.0,4.0,0.5714285714285714,1.5118578920369057,4.0,4.0,0.2857142857142857,1.0690449676496994,4.0,4.0,0.4642857142857143,1.261455445614246,13.0,4.0,0.8392857142857143,1.7661132025314374,47.0,8.0,0.6547619047619048,1.579187282353849,55.0,8.0,0.0,0.0,0.0,954,0.279874213836478,0.16666666666666666,0.24423480083857443,0.2526205450733753,0.09538784067085954,0.31551362683438156,40.0,5.9958071278826
2025-10-20,0,0,0,0,0,0,0,0,0,0,0,0,2025,10,20,0,293,43,4,0,1,0,0.0,1.0,-0.9455963874271428,0.3253420847119795,-0.8854560256532101,0.464723172043768,-0.8660254037844386,0.5000000000000001,0.0,0.0,4.0,0.0,0.0,0.0,0.0,0.0,0.0,0.0,0.5714285714285714,1.5118578920369057,4.0,4.0,0.2857142857142857,1.0690449676496994,4.0,4.0,0.4642857142857143,1.261455445614246,13.0,4.0,0.6964285714285714,1.4761084322962557,39.0,4.0,0.6547619047619048,1.579187282353849,55.0,8.0,0.0,0.0,0.0,954,0.279874213836478,0.16666666666666666,0.24423480083857443,0.2526205450733753,0.09538784067085954,0.31551362683438156,40.0,5.9958071278826
2025-10-21,0,0,0,0,0,0,0,0,0,0,0,0,2025,10,21,1,294,43,4,0,0,0,0.7818314824680298,0.6234898018587336,-0.9398560579418953,0.341570769167856,-0.8854560256532101,0.464723172043768,-0.8660254037844386,0.5000000000000001,0.0,0.0,0.0,0.0,0.0,0.0,0.0,0.0,0.0,0.0,0.5714285714285714,1.5118578920369057,4.0,4.0,0.2857142857142857,1.0690449676496994,4.0,4.0,0.4642857142857143,1.261455445614246,13.0,4.0,0.625,1.408577619121827,35.0,4.0,0.6547619047619048,1.579187282353849,55.0,8.0,0.0,0.0,0.0,954,0.279874213836478,0.16666666666666666,0.24423480083857443,0.2526205450733753,0.09538784067085954,0.31551362683438156,40.0,5.9958071278826
2025-10-22,0,0,0,0,0,0,0,0,0,0,0,0,2025,10,22,2,295,43,4,0,0,0,0.9749279121818236,-0.22252093395631434,-0.9338372288229252,0.35769823883312546,-0.8854560256532101,0.464723172043768,-0.8660254037844386,0.5000000000000001,0.0,0.0,0.0,0.0,0.0,4.0,0.0,0.0,0.0,0.0,0.5714285714285714,1.5118578920369057,4.0,4.0,0.2857142857142857,1.0690449676496994,4.0,4.0,0.32142857142857145,1.0559731838826967,9.0,4.0,0.625,1.408577619121827,35.0,4.0,0.6547619047619048,1.579187282353849,55.0,8.0,0.0,0.0,-4.0,954,0.279874213836478,0.16666666666666666,0.24423480083857443,0.2526205450733753,0.09538784067085954,0.31551362683438156,40.0,5.9958071278826
2025-10-23,0,0,0,0,0,0,0,0,0,0,0,0,2025,10,23,3,296,43,4,0,0,0,0.43388373911755823,-0.900968867902419,-0.9275416835791965,0.3737197147904692,-0.8854560256532101,0.464723172043768,-0.8660254037844386,0.5000000000000001,0.0,0.0,0.0,0.0,0.0,0.0,0.0,0.0,0.0,0.0,0.5714285714285714,1.5118578920369057,4.0,4.0,0.2857142857142857,1.0690449676496994,4.0,4.0,0.32142857142857145,1.0559731838826967,9.0,4.0,0.625,1.408577619121827,35.0,4.0,0.6547619047619048,1.579187282353849,55.0,8.0,0.0,0.0,0.0,954,0.279874213836478,0.16666666666666666,0.24423480083857443,0.2526205450733753,0.09538784067085954,0.31551362683438156,40.0,5.9958071278826
2025-10-24,0,0,0,0,0,0,0,0,0,0,0,0,2025,10,24,4,297,43,4,0,0,1,-0.433883739117558,-0.9009688679024191,-0.9209712877166347,0.38963044953078774,-0.8854560256532101,0.464723172043768,-0.8660254037844386,0.5000000000000001,0.0,0.0,0.0,4.0,0.0,0.0,0.0,0.0,0.0,0.0,0.0,0.0,0.0,0.0,0.2857142857142857,1.0690449676496994,4.0,4.0,0.32142857142857145,1.0559731838826967,9.0,4.0,0.625,1.408577619121827,35.0,4.0,0.6547619047619048,1.579187282353849,55.0,8.0,0.0,-4.0,0.0,954,0.279874213836478,0.16666666666666666,0.24423480083857443,0.2526205450733753,0.09538784067085954,0.31551362683438156,40.0,5.9958071278826
2025-10-25,0,0,0,0,0,0,0,0,0,0,0,0,2025,10,25,5,298,43,4,1,0,0,-0.9749279121818236,-0.2225209339563146,-0.9141279881853337,0.4054257283599973,-0.8854560256532101,0.464723172043768,-0.8660254037844386,0.5000000000000001,0.0,0.0,0.0,0.0,0.0,0.0,0.0,0.0,0.0,0.0,0.0,0.0,0.0,0.0,0.2857142857142857,1.0690449676496994,4.0,4.0,0.32142857142857145,1.0559731838826967,9.0,4.0,0.625,1.408577619121827,35.0,4.0,0.6547619047619048,1.579187282353849,55.0,8.0,0.0,0.0,0.0,954,0.279874213836478,0.16666666666666666,0.24423480083857443,0.2526205450733753,0.09538784067085954,0.31551362683438156,40.0,5.9958071278826
2025-10-26,0,0,0,0,0,0,0,0,0,0,0,0,2025,10,26,6,299,43,4,1,0,0,-0.7818314824680299,0.6234898018587334,-0.9070138128026362,0.42110087079608916,-0.8854560256532101,0.464723172043768,-0.8660254037844386,0.5000000000000001,0.0,0.0,0.0,0.0,0.0,1.0,0.0,0.0,0.0,0.0,0.0,0.0,0.0,0.0,0.2857142857142857,1.0690449676496994,4.0,4.0,0.2857142857142857,1.0490610566259215,8.0,4.0,0.5535714285714286,1.3337526396960233,31.0,4.0,0.6547619047619048,1.579187282353849,55.0,8.0,0.0,0.0,-1.0,954,0.279874213836478,0.16666666666666666,0.24423480083857443,0.2526205450733753,0.09538784067085954,0.31551362683438156,40.0,5.9958071278826
2025-10-27,0,0,0,0,0,0,0,0,0,0,0,0,2025,10,27,0,300,44,4,0,1,0,0.0,1.0,-0.8996308696522434,0.4366512319560638,-0.822983865893657,0.5680647467311548,-0.8660254037844386,0.5000000000000001,0.0,0.0,0.0,0.0,0.0,0.0,0.0,0.0,0.0,0.0,0.0,0.0,0.0,0.0,0.2857142857142857,1.0690449676496994,4.0,4.0,0.2857142857142857,1.0490610566259215,8.0,4.0,0.5535714285714286,1.3337526396960233,31.0,4.0,0.6547619047619048,1.579187282353849,55.0,8.0,0.0,0.0,0.0,954,0.279874213836478,0.16666666666666666,0.24423480083857443,0.2526205450733753,0.09538784067085954,0.31551362683438156,40.0,5.9958071278826
2025-10-28,0,0,0,0,0,0,0,0,0,0,0,0,2025,10,28,1,301,44,4,0,0,0,0.7818314824680298,0.6234898018587336,-0.8919813464595487,0.45207220393230374,-0.822983865893657,0.5680647467311548,-0.8660254037844386,0.5000000000000001,0.0,0.0,0.0,0.0,0.0,0.0,0.0,0.0,0.0,0.0,0.0,0.0,0.0,0.0,0.2857142857142857,1.0690449676496994,4.0,4.0,0.2857142857142857,1.0490610566259215,8.0,4.0,0.5535714285714286,1.3337526396960233,31.0,4.0,0.6547619047619048,1.579187282353849,55.0,8.0,0.0,0.0,0.0,954,0.279874213836478,0.16666666666666666,0.24423480083857443,0.2526205450733753,0.09538784067085954,0.31551362683438156,40.0,5.9958071278826
2025-10-29,0,0,0,0,0,0,0,0,0,0,0,0,2025,10,29,2,302,44,4,0,0,0,0.9749279121818236,-0.22252093395631434,-0.8840675099433637,0.46735921715800205,-0.822983865893657,0.5680647467311548,-0.8660254037844386,0.5000000000000001,0.0,0.0,0.0,0.0,0.0,0.0,0.0,0.0,0.0,0.0,0.0,0.0,0.0,0.0,0.2857142857142857,1.0690449676496994,4.0,4.0,0.2857142857142857,1.0490610566259215,8.0,4.0,0.5535714285714286,1.3337526396960233,31.0,4.0,0.6547619047619048,1.579187282353849,55.0,8.0,0.0,0.0,0.0,954,0.279874213836478,0.16666666666666666,0.24423480083857443,0.2526205450733753,0.09538784067085954,0.31551362683438156,40.0,5.9958071278826
2025-10-30,0,0,0,0,0,0,0,0,0,0,0,0,2025,10,30,3,303,44,4,0,0,0,0.43388373911755823,-0.900968867902419,-0.8758917051442433,0.48250774176121763,-0.822983865893657,0.5680647467311548,-0.8660254037844386,0.5000000000000001,0.0,0.0,0.0,0.0,0.0,0.0,0.0,0.0,0.0,0.0,0.0,0.0,0.0,0.0,0.2857142857142857,1.0690449676496994,4.0,4.0,0.2857142857142857,1.0490610566259215,8.0,4.0,0.5535714285714286,1.3337526396960233,31.0,4.0,0.6071428571428571,1.5368396389121077,51.0,8.0,0.0,0.0,0.0,954,0.279874213836478,0.16666666666666666,0.24423480083857443,0.2526205450733753,0.09538784067085954,0.31551362683438156,40.0,5.9958071278826
2025-10-31,4,0,0,0,0,4,0,4,8,0,0,0,2025,10,31,4,304,44,4,0,0,1,-0.433883739117558,-0.9009688679024191,-0.8674563547295971,0.4975132889071803,-0.822983865893657,0.5680647467311548,-0.8660254037844386,0.5000000000000001,0.0,0.0,0.0,0.0,4.0,4.0,1.3333333333333333,2.309401076758502,4.0,4.0,0.5714285714285714,1.5118578920369057,4.0,4.0,0.2857142857142857,1.0690449676496994,4.0,4.0,0.2857142857142857,1.0490610566259215,8.0,4.0,0.625,1.408577619121827,35.0,4.0,0.6547619047619048,1.579187282353849,55.0,8.0,4.0,4.0,0.0,954,0.279874213836478,0.16666666666666666,0.24423480083857443,0.2526205450733753,0.09538784067085954,0.31551362683438156,40.0,5.9958071278826
2025-11-01,0,0,0,0,0,0,0,0,0,0,0,0,2025,11,1,5,305,44,4,1,0,0,-0.9749279121818236,-0.2225209339563146,-0.858763958275803,0.5123714121284235,-0.822983865893657,0.5680647467311548,-0.5000000000000004,0.8660254037844384,4.0,0.0,0.0,0.0,0.0,0.0,1.3333333333333333,2.309401076758502,4.0,4.0,0.5714285714285714,1.5118578920369057,4.0,4.0,0.2857142857142857,1.0690449676496994,4.0,4.0,0.2857142857142857,1.0490610566259215,8.0,4.0,0.625,1.408577619121827,35.0,4.0,0.6547619047619048,1.579187282353849,55.0,8.0,-4.0,0.0,0.0,954,0.279874213836478,0.16666666666666666,0.24423480083857443,0.2526205450733753,0.09538784067085954,0.31551362683438156,40.0,5.9958071278826
2025-11-02,0,0,0,0,0,0,0,0,0,0,0,0,2025,11,2,6,306,44,4,1,0,0,-0.7818314824680299,0.6234898018587334,-0.8498170915275277,0.5270777086423724,-0.822983865893657,0.5680647467311548,-0.5000000000000004,0.8660254037844384,0.0,4.0,0.0,0.0,0.0,0.0,1.3333333333333333,2.309401076758502,4.0,4.0,0.5714285714285714,1.5118578920369057,4.0,4.0,0.2857142857142857,1.0690449676496994,4.0,4.0,0.2857142857142857,1.0490610566259215,8.0,4.0,0.625,1.408577619121827,35.0,4.0,0.6547619047619048,1.579187282353849,55.0,8.0,0.0,0.0,0.0,954,0.279874213836478,0.16666666666666666,0.24423480083857443,0.2526205450733753,0.09538784067085954,0.31551362683438156,40.0,5.9958071278826
2025-11-03,0,0,0,0,0,0,0,0,0,0,0,0,2025,11,3,0,307,45,4,0,1,0,0.0,1.0,-0.8406184056344783,0.5416278206559811,-0.7485107481711011,0.6631226582407952,-0.5000000000000004,0.8660254037844384,0.0,0.0,4.0,0.0,0.0,0.0,0.0,0.0,0.0,0.0,0.5714285714285714,1.5118578920369057,4.0,4.0,0.2857142857142857,1.0690449676496994,4.0,4.0,0.2857142857142857,1.0490610566259215,8.0,4.0,0.5535714285714286,1.3337526396960233,31.0,4.0,0.6547619047619048,1.579187282353849,55.0,8.0,0.0,0.0,0.0,954,0.279874213836478,0.16666666666666666,0.24423480083857443,0.2526205450733753,0.09538784067085954,0.31551362683438156,40.0,5.9958071278826
2025-11-04,0,0,0,0,0,0,0,0,0,0,0,0,2025,11,4,1,308,45,4,0,0,0,0.7818314824680298,0.6234898018587336,-0.8311706263658079,0.5560174366570446,-0.7485107481711011,0.6631226582407952,-0.5000000000000004,0.8660254037844384,0.0,0.0,0.0,0.0,0.0,0.0,0.0,0.0,0.0,0.0,0.5714285714285714,1.5118578920369057,4.0,4.0,0.2857142857142857,1.0690449676496994,4.0,4.0,0.2857142857142857,1.0490610566259215,8.0,4.0,0.5535714285714286,1.3337526396960233,31.0,4.0,0.6547619047619048,1.579187282353849,55.0,8.0,0.0,0.0,0.0,954,0.279874213836478,0.16666666666666666,0.24423480083857443,0.2526205450733753,0.09538784067085954,0.31551362683438156,40.0,5.9958071278826
2025-11-05,0,0,0,0,0,0,0,0,0,0,0,0,2025,11,5,2,309,45,4,0,0,0,0.9749279121818236,-0.22252093395631434,-0.8214765533024145,0.5702422926917867,-0.7485107481711011,0.6631226582407952,-0.5000000000000004,0.8660254037844384,0.0,0.0,0.0,0.0,0.0,0.0,0.0,0.0,0.0,0.0,0.5714285714285714,1.5118578920369057,4.0,4.0,0.2857142857142857,1.0690449676496994,4.0,4.0,0.2857142857142857,1.0490610566259215,8.0,4.0,0.5535714285714286,1.3337526396960233,31.0,4.0,0.6547619047619048,1.579187282353849,55.0,8.0,0.0,0.0,0.0,954,0.279874213836478,0.16666666666666666,0.24423480083857443,0.2526205450733753,0.09538784067085954,0.31551362683438156,40.0,5.9958071278826
2025-11-06,0,0,0,0,0,0,0,0,0,0,0,0,2025,11,6,3,310,45,4,0,0,0,0.43388373911755823,-0.900968867902419,-0.8115390590073611,0.5842981736283683,-0.7485107481711011,0.6631226582407952,-0.5000000000000004,0.8660254037844384,0.0,0.0,0.0,0.0,0.0,0.0,0.0,0.0,0.0,0.0,0.5714285714285714,1.5118578920369057,4.0,4.0,0.2857142857142857,1.0690449676496994,4.0,4.0,0.2857142857142857,1.0490610566259215,8.0,4.0,0.5535714285714286,1.3337526396960233,31.0,4.0,0.6547619047619048,1.579187282353849,55.0,8.0,0.0,0.0,0.0,954,0.279874213836478,0.16666666666666666,0.24423480083857443,0.2526205450733753,0.09538784067085954,0.31551362683438156,40.0,5.9958071278826
2025-11-07,0,0,0,0,0,0,0,0,0,0,0,0,2025,11,7,4,311,45,4,0,0,1,-0.433883739117558,-0.9009688679024191,-0.801361088174677,0.5981809144059158,-0.7485107481711011,0.6631226582407952,-0.5000000000000004,0.8660254037844384,0.0,0.0,0.0,4.0,0.0,0.0,0.0,0.0,0.0,0.0,0.0,0.0,0.0,0.0,0.2857142857142857,1.0690449676496994,4.0,4.0,0.2857142857142857,1.0490610566259215,8.0,4.0,0.48214285714285715,1.2503246331699998,27.0,4.0,0.6547619047619048,1.579187282353849,55.0,8.0,0.0,-4.0,0.0,954,0.279874213836478,0.16666666666666666,0.24423480083857443,0.2526205450733753,0.09538784067085954,0.31551362683438156,40.0,5.9958071278826
2025-11-08,0,0,0,0,0,0,0,0,0,0,0,0,2025,11,8,5,312,45,4,1,0,0,-0.9749279121818236,-0.2225209339563146,-0.7909456567567774,0.6118864012687242,-0.7485107481711011,0.6631226582407952,-0.5000000000000004,0.8660254037844384,0.0,0.0,0.0,0.0,0.0,0.0,0.0,0.0,0.0,0.0,0.0,0.0,0.0,0.0,0.2857142857142857,1.0690449676496994,4.0,4.0,0.2857142857142857,1.0490610566259215,8.0,4.0,0.48214285714285715,1.2503246331699998,27.0,4.0,0.6547619047619048,1.579187282353849,55.0,8.0,0.0,0.0,0.0,954,0.279874213836478,0.16666666666666666,0.24423480083857443,0.2526205450733753,0.09538784067085954,0.31551362683438156,40.0,5.9958071278826
2025-11-09,0,0,0,0,0,0,0,0,0,0,0,0,2025,11,9,6,313,45,4,1,0,0,-0.7818314824680299,0.6234898018587334,-0.780295851070776,0.6254105729852457,-0.7485107481711011,0.6631226582407952,-0.5000000000000004,0.8660254037844384,0.0,0.0,0.0,0.0,0.0,0.0,0.0,0.0,0.0,0.0,0.0,0.0,0.0,0.0,0.2857142857142857,1.0690449676496994,4.0,4.0,0.2857142857142857,1.0490610566259215,8.0,4.0,0.4642857142857143,1.2499350632483546,26.0,4.0,0.6547619047619048,1.579187282353849,55.0,8.0,0.0,0.0,0.0,954,0.279874213836478,0.16666666666666666,0.24423480083857443,0.2526205450733753,0.09538784067085954,0.31551362683438156,40.0,5.9958071278826
2025-11-10,0,0,0,0,0,0,0,0,0,0,0,0,2025,11,10,0,314,46,4,0,1,0,0.0,1.0,-0.7694148268839381,0.6387494220515268,-0.6631226582407955,0.7485107481711007,-0.5000000000000004,0.8660254037844384,0.0,0.0,0.0,0.0,0.0,0.0,0.0,0.0,0.0,0.0,0.0,0.0,0.0,0.0,0.2857142857142857,1.0690449676496994,4.0,4.0,0.2857142857142857,1.0490610566259215,8.0,4.0,0.44642857142857145,1.2492855100873825,25.0,4.0,0.6547619047619048,1.579187282353849,55.0,8.0,0.0,0.0,0.0,954,0.279874213836478,0.16666666666666666,0.24423480083857443,0.2526205450733753,0.09538784067085954,0.31551362683438156,40.0,5.9958071278826
2025-11-11,0,0,0,0,0,0,0,0,0,0,0,0,2025,11,11,1,315,46,4,0,0,0,0.7818314824680298,0.6234898018587336,-0.7583058084785625,0.6518989958787125,-0.6631226582407955,0.7485107481711007,-0.5000000000000004,0.8660254037844384,0.0,0.0,0.0,0.0,0.0,0.0,0.0,0.0,0.0,0.0,0.0,0.0,0.0,0.0,0.2857142857142857,1.0690449676496994,4.0,4.0,0.2857142857142857,1.0490610566259215,8.0,4.0,0.375,1.1530591721787138,21.0,4.0,0.6071428571428571,1.5368396389121077,51.0,8.0,0.0,0.0,0.0,954,0.279874213836478,0.16666666666666666,0.24423480083857443,0.2526205450733753,0.09538784067085954,0.31551362683438156,40.0,5.9958071278826
2025-11-12,0,0,0,0,0,0,0,0,0,0,0,0,2025,11,12,2,316,46,4,0,0,0,0.9749279121818236,-0.22252093395631434,-0.7469720876965551,0.6648553979642866,-0.6631226582407955,0.7485107481711007,-0.5000000000000004,0.8660254037844384,0.0,0.0,0.0,0.0,0.0,0.0,0.0,0.0,0.0,0.0,0.0,0.0,0.0,0.0,0.2857142857142857,1.0690449676496994,4.0,4.0,0.2857142857142857,1.0490610566259215,8.0,4.0,0.375,1.1530591721787138,21.0,4.0,0.6071428571428571,1.5368396389121077,51.0,8.0,0.0,0.0,0.0,954,0.279874213836478,0.16666666666666666,0.24423480083857443,0.2526205450733753,0.09538784067085954,0.31551362683438156,40.0,5.9958071278826
2025-11-13,0,0,0,0,0,0,0,0,0,0,0,0,2025,11,13,3,317,46,4,0,0,0,0.43388373911755823,-0.900968867902419,-0.7354170229639858,0.6776147890466887,-0.6631226582407955,0.7485107481711007,-0.5000000000000004,0.8660254037844384,0.0,0.0,0.0,0.0,0.0,0.0,0.0,0.0,0.0,0.0,0.0,0.0,0.0,0.0,0.2857142857142857,1.0690449676496994,4.0,4.0,0.2857142857142857,1.0490610566259215,8.0,4.0,0.375,1.1530591721787138,21.0,4.0,0.6071428571428571,1.5368396389121077,51.0,8.0,0.0,0.0,0.0,954,0.279874213836478,0.16666666666666666,0.24423480083857443,0.2526205450733753,0.09538784067085954,0.31551362683438156,40.0,5.9958071278826
2025-11-14,0,0,0,0,0,0,0,0,0,0,0,0,2025,11,14,4,318,46,4,0,0,1,-0.433883739117558,-0.9009688679024191,-0.7236440382959124,0.690173388242972,-0.6631226582407955,0.7485107481711007,-0.5000000000000004,0.8660254037844384,0.0,0.0,0.0,0.0,4.0,4.0,0.0,0.0,0.0,0.0,0.0,0.0,0.0,0.0,0.0,0.0,0.0,0.0,0.14285714285714285,0.7559289460184507,4.0,4.0,0.375,1.1530591721787138,21.0,4.0,0.6071428571428571,1.5368396389121077,51.0,8.0,0.0,0.0,-4.0,954,0.279874213836478,0.16666666666666666,0.24423480083857443,0.2526205450733753,0.09538784067085954,0.31551362683438156,40.0,5.9958071278826
2025-11-15,0,0,0,0,0,0,0,0,0,0,0,0,2025,11,15,5,319,46,4,1,0,0,-0.9749279121818236,-0.2225209339563146,-0.711656622281775,0.7025274741691566,-0.6631226582407955,0.7485107481711007,-0.5000000000000004,0.8660254037844384,0.0,0.0,0.0,0.0,0.0,0.0,0.0,0.0,0.0,0.0,0.0,0.0,0.0,0.0,0.0,0.0,0.0,0.0,0.14285714285714285,0.7559289460184507,4.0,4.0,0.30357142857142855,1.0430661594486799,17.0,4.0,0.6071428571428571,1.5368396389121077,51.0,8.0,0.0,0.0,0.0,954,0.279874213836478,0.16666666666666666,0.24423480083857443,0.2526205450733753,0.09538784067085954,0.31551362683438156,40.0,5.9958071278826
2025-11-16,0,0,0,0,0,0,0,0,0,0,0,0,2025,11,16,6,320,46,4,1,0,0,-0.7818314824680299,0.6234898018587334,-0.6994583270516471,0.7146733860429608,-0.6631226582407955,0.7485107481711007,-0.5000000000000004,0.8660254037844384,0.0,0.0,0.0,0.0,0.0,0.0,0.0,0.0,0.0,0.0,0.0,0.0,0.0,0.0,0.0,0.0,0.0,0.0,0.14285714285714285,0.7559289460184507,4.0,4.0,0.30357142857142855,1.0430661594486799,17.0,4.0,0.6071428571428571,1.5368396389121077,51.0,8.0,0.0,0.0,0.0,954,0.279874213836478,0.16666666666666666,0.24423480083857443,0.2526205450733753,0.09538784067085954,0.31551362683438156,40.0,5.9958071278826
2025-11-17,0,0,0,0,0,0,0,0,0,0,0,0,2025,11,17,0,321,47,4,0,1,0,0.0,1.0,-0.6870527672236675,0.7266075247685652,-0.5680647467311559,0.8229838658936564,-0.5000000000000004,0.8660254037844384,0.0,0.0,0.0,0.0,0.0,0.0,0.0,0.0,0.0,0.0,0.0,0.0,0.0,0.0,0.0,0.0,0.0,0.0,0.14285714285714285,0.7559289460184507,4.0,4.0,0.30357142857142855,1.0430661594486799,17.0,4.0,0.5119047619047619,1.3033233481590705,43.0,4.0,0.0,0.0,0.0,954,0.279874213836478,0.16666666666666666,0.24423480083857443,0.2526205450733753,0.09538784067085954,0.31551362683438156,40.0,5.9958071278826
2025-11-18,0,0,0,0,0,0,0,0,0,0,0,0,2025,11,18,1,322,47,4,0,0,0,0.7818314824680298,0.6234898018587336,-0.6744436188329457,0.7383263540031063,-0.5680647467311559,0.8229838658936564,-0.5000000000000004,0.8660254037844384,0.0,0.0,0.0,0.0,0.0,0.0,0.0,0.0,0.0,0.0,0.0,0.0,0.0,0.0,0.0,0.0,0.0,0.0,0.14285714285714285,0.7559289460184507,4.0,4.0,0.30357142857142855,1.0430661594486799,17.0,4.0,0.4642857142857143,1.2461645114803175,39.0,4.0,0.0,0.0,0.0,954,0.279874213836478,0.16666666666666666,0.24423480083857443,0.2526205450733753,0.09538784067085954,0.31551362683438156,40.0,5.9958071278826
2025-11-19,0,0,0,0,0,0,0,0,0,0,0,0,2025,11,19,2,323,47,4,0,0,0,0.9749279121818236,-0.22252093395631434,-0.661634618242279,0.749826401204568,-0.5680647467311559,0.8229838658936564,-0.5000000000000004,0.8660254037844384,0.0,0.0,0.0,0.0,0.0,0.0,0.0,0.0,0.0,0.0,0.0,0.0,0.0,0.0,0.0,0.0,0.0,0.0,0.14285714285714285,0.7559289460184507,4.0,4.0,0.23214285714285715,0.9143516615826577,13.0,4.0,0.4642857142857143,1.2461645114803175,39.0,4.0,0.0,0.0,0.0,954,0.279874213836478,0.16666666666666666,0.24423480083857443,0.2526205450733753,0.09538784067085954,0.31551362683438156,40.0,5.9958071278826
2025-11-20,4,0,0,4,0,0,0,0,12,4,4,0,2025,11,20,3,324,47,4,0,0,0,0.43388373911755823,-0.900968867902419,-0.6486295610349818,0.7611042586607742,-0.5680647467311559,0.8229838658936564,-0.5000000000000004,0.8660254037844384,0.0,0.0,0.0,0.0,0.0,0.0,1.3333333333333333,2.309401076758502,4.0,4.0,0.5714285714285714,1.5118578920369057,4.0,4.0,0.2857142857142857,1.0690449676496994,4.0,4.0,0.2857142857142857,1.0490610566259215,8.0,4.0,0.30357142857142855,1.0430661594486799,17.0,4.0,0.5119047619047619,1.3033233481590705,43.0,4.0,4.0,4.0,4.0,954,0.279874213836478,0.16666666666666666,0.24423480083857443,0.2526205450733753,0.09538784067085954,0.31551362683438156,40.0,5.9958071278826
2025-11-21,0,0,0,0,0,0,0,0,0,0,0,0,2025,11,21,4,325,47,4,0,0,1,-0.433883739117558,-0.9009688679024191,-0.6354323008901775,0.7721565844991641,-0.5680647467311559,0.8229838658936564,-0.5000000000000004,0.8660254037844384,4.0,0.0,0.0,0.0,0.0,0.0,1.3333333333333333,2.309401076758502,4.0,4.0,0.5714285714285714,1.5118578920369057,4.0,4.0,0.2857142857142857,1.0690449676496994,4.0,4.0,0.2857142857142857,1.0490610566259215,8.0,4.0,0.30357142857142855,1.0430661594486799,17.0,4.0,0.5119047619047619,1.3033233481590705,43.0,4.0,-4.0,0.0,0.0,954,0.279874213836478,0.16666666666666666,0.24423480083857443,0.2526205450733753,0.09538784067085954,0.31551362683438156,40.0,5.9958071278826
2025-11-22,0,0,0,0,0,0,0,0,0,0,0,0,2025,11,22,5,326,47,4,1,0,0,-0.9749279121818236,-0.2225209339563146,-0.622046748440868,0.7829801036770624,-0.5680647467311559,0.8229838658936564,-0.5000000000000004,0.8660254037844384,0.0,4.0,0.0,0.0,0.0,0.0,1.3333333333333333,2.309401076758502,4.0,4.0,0.5714285714285714,1.5118578920369057,4.0,4.0,0.2857142857142857,1.0690449676496994,4.0,4.0,0.2857142857142857,1.0490610566259215,8.0,4.0,0.30357142857142855,1.0430661594486799,17.0,4.0,0.5119047619047619,1.3033233481590705,43.0,4.0,0.0,0.0,0.0,954,0.279874213836478,0.16666666666666666,0.24423480083857443,0.2526205450733753,0.09538784067085954,0.31551362683438156,40.0,5.9958071278826
2025-11-23,0,0,0,0,0,0,0,0,0,0,0,0,2025,11,23,6,327,47,4,1,0,0,-0.7818314824680299,0.6234898018587334,-0.6084768701151264,0.7935716089521472,-0.5680647467311559,0.8229838658936564,-0.5000000000000004,0.8660254037844384,0.0,0.0,4.0,0.0,0.0,0.0,0.0,0.0,0.0,0.0,0.5714285714285714,1.5118578920369057,4.0,4.0,0.2857142857142857,1.0690449676496994,4.0,4.0,0.2857142857142857,1.0490610566259215,8.0,4.0,0.2857142857142857,1.0394803896752869,16.0,4.0,0.4642857142857143,1.2461645114803175,39.0,4.0,0.0,0.0,0.0,954,0.279874213836478,0.16666666666666666,0.24423480083857443,0.2526205450733753,0.09538784067085954,0.31551362683438156,40.0,5.9958071278826
2025-11-24,1,1,0,1,0,0,0,0,2,1,1,0,2025,11,24,0,328,48,4,0,1,0,0.0,1.0,-0.594726686960764,0.8039279618328208,-0.4647231720437684,0.88545602565321,-0.5000000000000004,0.8660254037844384,0.0,0.0,0.0,0.0,0.0,0.0,0.3333333333333333,0.5773502691896145,1.0,1.0,0.7142857142857143,1.4960264830861882,5.0,4.0,0.35714285714285715,1.0818177620697833,5.0,4.0,0.32142857142857145,1.0559731838826967,9.0,4.0,0.30357142857142855,1.0430661594486799,17.0,4.0,0.47619047619047616,1.2464522229129325,40.0,4.0,1.0,1.0,1.0,954,0.279874213836478,0.16666666666666666,0.24423480083857443,0.2526205450733753,0.09538784067085954,0.31551362683438156,40.0,5.9958071278826
2025-11-25,0,0,0,0,0,0,0,0,0,0,0,0,2025,11,25,1,329,48,4,0,0,0,0.7818314824680298,0.6234898018587336,-0.5808002734538013,0.8140460935082175,-0.4647231720437684,0.88545602565321,-0.5000000000000004,0.8660254037844384,1.0,0.0,0.0,0.0,0.0,0.0,0.3333333333333333,0.5773502691896145,1.0,1.0,0.7142857142857143,1.4960264830861882,5.0,4.0,0.35714285714285715,1.0818177620697833,5.0,4.0,0.32142857142857145,1.0559731838826967,9.0,4.0,0.30357142857142855,1.0430661594486799,17.0,4.0,0.47619047619047616,1.2464522229129325,40.0,4.0,-1.0,0.0,0.0,954,0.279874213836478,0.16666666666666666,0.24423480083857443,0.2526205450733753,0.09538784067085954,0.31551362683438156,40.0,5.9958071278826
2025-11-26,0,0,0,0,0,0,0,0,0,0,0,0,2025,11,26,2,330,48,4,0,0,0,0.9749279121818236,-0.22252093395631434,-0.5667017562911184,0.8239230057575536,-0.4647231720437684,0.88545602565321,-0.5000000000000004,0.8660254037844384,0.0,1.0,0.0,0.0,0.0,0.0,0.3333333333333333,0.5773502691896145,1.0,1.0,0.7142857142857143,1.4960264830861882,5.0,4.0,0.35714285714285715,1.0818177620697833,5.0,4.0,0.32142857142857145,1.0559731838826967,9.0,4.0,0.30357142857142855,1.0430661594486799,17.0,4.0,0.47619047619047616,1.2464522229129325,40.0,4.0,0.0,0.0,0.0,954,0.279874213836478,0.16666666666666666,0.24423480083857443,0.2526205450733753,0.09538784067085954,0.31551362683438156,40.0,5.9958071278826
2025-11-27,0,0,0,0,0,0,0,0,0,0,0,0,2025,11,27,3,331,48,4,0,0,0,0.43388373911755823,-0.900968867902419,-0.5524353131676203,0.8335557718385695,-0.4647231720437684,0.88545602565321,-0.5000000000000004,0.8660254037844384,0.0,0.0,1.0,4.0,0.0,0.0,0.0,0.0,0.0,0.0,0.14285714285714285,0.37796447300921276,1.0,1.0,0.35714285714285715,1.0818177620697833,5.0,4.0,0.32142857142857145,1.0559731838826967,9.0,4.0,0.30357142857142855,1.0430661594486799,17.0,4.0,0.47619047619047616,1.2464522229129325,40.0,4.0,0.0,-4.0,0.0,954,0.279874213836478,0.16666666666666666,0.24423480083857443,0.2526205450733753,0.09538784067085954,0.31551362683438156,40.0,5.9958071278826
2025-11-28,4,0,4,0,0,0,0,0,8,0,0,4,2025,11,28,4,332,48,4,0,0,1,-0.433883739117558,-0.9009688679024191,-0.5380051715382992,0.8429415373547832,-0.4647231720437684,0.88545602565321,-0.5000000000000004,0.8660254037844384,0.0,0.0,0.0,0.0,0.0,4.0,1.3333333333333333,2.309401076758502,4.0,4.0,0.7142857142857143,1.4960264830861882,5.0,4.0,0.6428571428571429,1.4468609447374676,9.0,4.0,0.32142857142857145,1.0559731838826967,9.0,4.0,0.30357142857142855,1.0430661594486799,17.0,4.0,0.5238095238095238,1.3031582625520213,44.0,4.0,4.0,4.0,0.0,954,0.279874213836478,0.16666666666666666,0.24423480083857443,0.2526205450733753,0.09538784067085954,0.31551362683438156,40.0,5.9958071278826
2025-11-29,0,0,0,0,0,0,0,0,0,0,0,0,2025,11,29,5,333,48,4,1,0,0,-0.9749279121818236,-0.2225209339563146,-0.5234156073655503,0.8520775211013093,-0.4647231720437684,0.88545602565321,-0.5000000000000004,0.8660254037844384,4.0,0.0,0.0,0.0,0.0,0.0,1.3333333333333333,2.309401076758502,4.0,4.0,0.7142857142857143,1.4960264830861882,5.0,4.0,0.6428571428571429,1.4468609447374676,9.0,4.0,0.32142857142857145,1.0559731838826967,9.0,4.0,0.30357142857142855,1.0430661594486799,17.0,4.0,0.5238095238095238,1.3031582625520213,44.0,4.0,-4.0,0.0,0.0,954,0.279874213836478,0.16666666666666666,0.24423480083857443,0.2526205450733753,0.09538784067085954,0.31551362683438156,40.0,5.9958071278826
2025-11-30,0,0,0,0,0,0,0,0,0,0,0,0,2025,11,30,6,334,48,4,1,0,0,-0.7818314824680299,0.6234898018587334,-0.5086709438521042,0.8609610158889945,-0.4647231720437684,0.88545602565321,-0.5000000000000004,0.8660254037844384,0.0,4.0,0.0,0.0,0.0,0.0,1.3333333333333333,2.309401076758502,4.0,4.0,0.7142857142857143,1.4960264830861882,5.0,4.0,0.6428571428571429,1.4468609447374676,9.0,4.0,0.32142857142857145,1.0559731838826967,9.0,4.0,0.30357142857142855,1.0430661594486799,17.0,4.0,0.5238095238095238,1.3031582625520213,44.0,4.0,0.0,0.0,0.0,954,0.279874213836478,0.16666666666666666,0.24423480083857443,0.2526205450733753,0.09538784067085954,0.31551362683438156,40.0,5.9958071278826
2025-12-01,1,1,0,0,0,0,0,0,2,0,0,0,2025,12,1,0,335,49,4,0,1,0,0.0,1.0,-0.49377555015997737,0.8695893893466109,-0.35460488704253595,0.9350162426854147,-2.4492935982947064e-16,1.0,0.0,0.0,4.0,1.0,0.0,0.0,0.3333333333333333,0.5773502691896145,1.0,1.0,0.7142857142857143,1.4960264830861882,5.0,4.0,0.7142857142857143,1.4373357526806567,10.0,4.0,0.35714285714285715,1.0615950861718046,10.0,4.0,0.32142857142857145,1.0463293911599734,18.0,4.0,0.4880952380952381,1.2466248178997392,41.0,4.0,1.0,0.0,1.0,954,0.279874213836478,0.16666666666666666,0.24423480083857443,0.2526205450733753,0.09538784067085954,0.31551362683438156,40.0,5.9958071278826
2025-12-02,0,0,0,0,0,0,0,0,0,0,0,0,2025,12,2,1,336,49,4,0,0,0,0.7818314824680298,0.6234898018587336,-0.4787338401157883,0.8779600847008883,-0.35460488704253595,0.9350162426854147,-2.4492935982947064e-16,1.0,1.0,0.0,0.0,0.0,0.0,0.0,0.3333333333333333,0.5773502691896145,1.0,1.0,0.7142857142857143,1.4960264830861882,5.0,4.0,0.7142857142857143,1.4373357526806567,10.0,4.0,0.35714285714285715,1.0615950861718046,10.0,4.0,0.32142857142857145,1.0463293911599734,18.0,4.0,0.4880952380952381,1.2466248178997392,41.0,4.0,-1.0,0.0,0.0,954,0.279874213836478,0.16666666666666666,0.24423480083857443,0.2526205450733753,0.09538784067085954,0.31551362683438156,40.0,5.9958071278826
2025-12-03,0,0,0,0,0,0,0,0,0,0,0,0,2025,12,3,2,337,49,4,0,0,0,0.9749279121818236,-0.22252093395631434,-0.4635502709028512,0.8860706215341378,-0.35460488704253595,0.9350162426854147,-2.4492935982947064e-16,1.0,0.0,1.0,0.0,0.0,0.0,0.0,0.3333333333333333,0.5773502691896145,1.0,1.0,0.7142857142857143,1.4960264830861882,5.0,4.0,0.7142857142857143,1.4373357526806567,10.0,4.0,0.35714285714285715,1.0615950861718046,10.0,4.0,0.32142857142857145,1.0463293911599734,18.0,4.0,0.4880952380952381,1.2466248178997392,41.0,4.0,0.0,0.0,0.0,954,0.279874213836478,0.16666666666666666,0.24423480083857443,0.2526205450733753,0.09538784067085954,0.31551362683438156,40.0,5.9958071278826
2025-12-04,4,4,0,4,0,0,0,0,8,4,4,0,2025,12,4,3,338,49,4,0,0,0,0.43388373911755823,-0.900968867902419,-0.4482293417404106,0.893918596519257,-0.35460488704253595,0.9350162426854147,-2.4492935982947064e-16,1.0,0.0,0.0,1.0,0.0,4.0,0.0,1.3333333333333333,2.309401076758502,4.0,4.0,1.2857142857142858,1.8898223650461343,9.0,4.0,0.7142857142857143,1.4373357526806567,10.0,4.0,0.5,1.2619796324000585,14.0,4.0,0.39285714285714285,1.1548879745526142,22.0,4.0,0.5357142857142857,1.3028830733899304,45.0,4.0,4.0,4.0,4.0,954,0.279874213836478,0.16666666666666666,0.24423480083857443,0.2526205450733753,0.09538784067085954,0.31551362683438156,40.0,5.9958071278826
2025-12-05,0,0,0,0,0,0,0,0,0,0,0,0,2025,12,5,4,339,49,4,0,0,1,-0.433883739117558,-0.9009688679024191,-0.4327755925504317,0.9015016841318838,-0.35460488704253595,0.9350162426854147,-2.4492935982947064e-16,1.0,4.0,0.0,0.0,4.0,0.0,0.0,1.3333333333333333,2.309401076758502,4.0,4.0,0.7142857142857143,1.4960264830861885,5.0,4.0,0.7142857142857143,1.4373357526806567,10.0,4.0,0.5,1.2619796324000585,14.0,4.0,0.39285714285714285,1.1548879745526142,22.0,4.0,0.4880952380952381,1.2466248178997392,41.0,4.0,-4.0,-4.0,0.0,954,0.279874213836478,0.16666666666666666,0.24423480083857443,0.2526205450733753,0.09538784067085954,0.31551362683438156,40.0,5.9958071278826
2025-12-06,0,0,0,0,0,0,0,0,0,0,0,0,2025,12,6,5,340,49,4,1,0,0,-0.9749279121818236,-0.2225209339563146,-0.41719360261231697,0.9088176373395028,-0.35460488704253595,0.9350162426854147,-2.4492935982947064e-16,1.0,0.0,4.0,0.0,0.0,0.0,0.0,1.3333333333333333,2.309401076758502,4.0,4.0,0.7142857142857143,1.4960264830861885,5.0,4.0,0.7142857142857143,1.4373357526806567,10.0,4.0,0.5,1.2619796324000585,14.0,4.0,0.39285714285714285,1.1548879745526142,22.0,4.0,0.4880952380952381,1.2466248178997392,41.0,4.0,0.0,0.0,0.0,954,0.279874213836478,0.16666666666666666,0.24423480083857443,0.2526205450733753,0.09538784067085954,0.31551362683438156,40.0,5.9958071278826
2025-12-07,0,0,0,0,0,0,0,0,0,0,0,0,2025,12,7,6,341,49,4,1,0,0,-0.7818314824680299,0.6234898018587334,-0.4014879892059737,0.9158642882672868,-0.35460488704253595,0.9350162426854147,-2.4492935982947064e-16,1.0,0.0,0.0,4.0,0.0,0.0,0.0,0.0,0.0,0.0,0.0,0.7142857142857143,1.4960264830861885,5.0,4.0,0.7142857142857143,1.4373357526806567,10.0,4.0,0.5,1.2619796324000585,14.0,4.0,0.39285714285714285,1.1548879745526142,22.0,4.0,0.47619047619047616,1.2464522229129325,40.0,4.0,0.0,0.0,0.0,954,0.279874213836478,0.16666666666666666,0.24423480083857443,0.2526205450733753,0.09538784067085954,0.31551362683438156,40.0,5.9958071278826
2025-12-08,0,0,0,0,0,0,0,0,0,0,0,0,2025,12,8,0,342,50,4,0,1,0,0.0,1.0,-0.38566340624360745,0.9226395488404875,-0.2393156642875578,0.970941817426052,-2.4492935982947064e-16,1.0,0.0,0.0,0.0,1.0,1.0,0.0,0.0,0.0,0.0,0.0,0.5714285714285714,1.511857892036906,4.0,4.0,0.6428571428571429,1.4468609447374676,9.0,4.0,0.5,1.2619796324000585,14.0,4.0,0.39285714285714285,1.1548879745526142,22.0,4.0,0.4642857142857143,1.2461645114803175,39.0,4.0,0.0,-1.0,0.0,954,0.279874213836478,0.16666666666666666,0.24423480083857443,0.2526205450733753,0.09538784067085954,0.31551362683438156,40.0,5.9958071278826
2025-12-09,0,0,0,0,0,0,0,0,0,0,0,0,2025,12,9,1,343,50,4,0,0,0,0.7818314824680298,0.6234898018587336,-0.3697245428906732,0.9291414114031743,-0.2393156642875578,0.970941817426052,-2.4492935982947064e-16,1.0,0.0,0.0,0.0,0.0,0.0,0.0,0.0,0.0,0.0,0.0,0.5714285714285714,1.511857892036906,4.0,4.0,0.6428571428571429,1.4468609447374676,9.0,4.0,0.5,1.2619796324000585,14.0,4.0,0.39285714285714285,1.1548879745526142,22.0,4.0,0.4166666666666667,1.1843185558653841,35.0,4.0,0.0,0.0,0.0,954,0.279874213836478,0.16666666666666666,0.24423480083857443,0.2526205450733753,0.09538784067085954,0.31551362683438156,40.0,5.9958071278826
2025-12-10,0,0,0,0,0,0,0,0,0,0,0,0,2025,12,10,2,344,50,4,0,0,0,0.9749279121818236,-0.22252093395631434,-0.3536761221763721,0.935367949313148,-0.2393156642875578,0.970941817426052,-2.4492935982947064e-16,1.0,0.0,0.0,0.0,0.0,0.0,0.0,0.0,0.0,0.0,0.0,0.5714285714285714,1.511857892036906,4.0,4.0,0.6428571428571429,1.4468609447374676,9.0,4.0,0.5,1.2619796324000585,14.0,4.0,0.39285714285714285,1.1548879745526142,22.0,4.0,0.4166666666666667,1.1843185558653841,35.0,4.0,0.0,0.0,0.0,954,0.279874213836478,0.16666666666666666,0.24423480083857443,0.2526205450733753,0.09538784067085954,0.31551362683438156,40.0,5.9958071278826
2025-12-11,0,0,0,0,0,0,0,0,0,0,0,0,2025,12,11,3,345,50,4,0,0,0,0.43388373911755823,-0.900968867902419,-0.33752289959411347,0.941317317512847,-0.2393156642875578,0.970941817426052,-2.4492935982947064e-16,1.0,0.0,0.0,0.0,4.0,0.0,0.0,0.0,0.0,0.0,0.0,0.0,0.0,0.0,0.0,0.6428571428571429,1.4468609447374676,9.0,4.0,0.5,1.2619796324000585,14.0,4.0,0.39285714285714285,1.1548879745526142,22.0,4.0,0.4166666666666667,1.1843185558653841,35.0,4.0,0.0,-4.0,0.0,954,0.279874213836478,0.16666666666666666,0.24423480083857443,0.2526205450733753,0.09538784067085954,0.31551362683438156,40.0,5.9958071278826
2025-12-12,0,0,0,0,0,0,0,0,0,0,0,0,2025,12,12,4,346,50,4,0,0,1,-0.433883739117558,-0.9009688679024191,-0.32126966169236515,0.9469877530760751,-0.2393156642875578,0.970941817426052,-2.4492935982947064e-16,1.0,0.0,0.0,0.0,0.0,4.0,0.0,0.0,0.0,0.0,0.0,0.0,0.0,0.0,0.0,0.35714285714285715,1.0818177620697833,5.0,4.0,0.5,1.2619796324000585,14.0,4.0,0.32142857142857145,1.0463293911599734,18.0,4.0,0.4166666666666667,1.1843185558653841,35.0,4.0,0.0,0.0,0.0,954,0.279874213836478,0.16666666666666666,0.24423480083857443,0.2526205450733753,0.09538784067085954,0.31551362683438156,40.0,5.9958071278826
2025-12-13,0,0,0,0,0,0,0,0,0,0,0,0,2025,12,13,5,347,50,4,1,0,0,-0.9749279121818236,-0.2225209339563146,-0.3049212246562894,0.9523775757303973,-0.2393156642875578,0.970941817426052,-2.4492935982947064e-16,1.0,0.0,0.0,0.0,0.0,0.0,0.0,0.0,0.0,0.0,0.0,0.0,0.0,0.0,0.0,0.35714285714285715,1.0818177620697833,5.0,4.0,0.5,1.2619796324000585,14.0,4.0,0.32142857142857145,1.0463293911599734,18.0,4.0,0.36904761904761907,1.1170072095285877,31.0,4.0,0.0,0.0,0.0,954,0.279874213836478,0.16666666666666666,0.24423480083857443,0.2526205450733753,0.09538784067085954,0.31551362683438156,40.0,5.9958071278826
2025-12-14,0,0,0,0,0,0,0,0,0,0,0,0,2025,12,14,6,348,50,4,1,0,0,-0.7818314824680299,0.6234898018587334,-0.2884824328806098,0.9574851883550389,-0.2393156642875578,0.970941817426052,-2.4492935982947064e-16,1.0,0.0,0.0,0.0,0.0,0.0,0.0,0.0,0.0,0.0,0.0,0.0,0.0,0.0,0.0,0.35714285714285715,1.0818177620697833,5.0,4.0,0.5,1.2619796324000585,14.0,4.0,0.32142857142857145,1.0463293911599734,18.0,4.0,0.36904761904761907,1.1170072095285877,31.0,4.0,0.0,0.0,0.0,954,0.279874213836478,0.16666666666666666,0.24423480083857443,0.2526205450733753,0.09538784067085954,0.31551362683438156,40.0,5.9958071278826
2025-12-15,0,0,0,0,0,0,0,0,0,0,0,0,2025,12,15,0,349,51,4,0,1,0,0.0,1.0,-0.27195815753410524,0.9623090774541487,-0.12053668025532363,0.992708874098054,-2.4492935982947064e-16,1.0,0.0,0.0,0.0,0.0,1.0,0.0,0.0,0.0,0.0,0.0,0.0,0.0,0.0,0.0,0.2857142857142857,1.0690449676496994,4.0,4.0,0.5,1.2619796324000585,14.0,4.0,0.32142857142857145,1.0463293911599734,18.0,4.0,0.36904761904761907,1.1170072095285877,31.0,4.0,0.0,0.0,0.0,954,0.279874213836478,0.16666666666666666,0.24423480083857443,0.2526205450733753,0.09538784067085954,0.31551362683438156,40.0,5.9958071278826
2025-12-16,0,0,0,0,0,0,0,0,0,0,0,0,2025,12,16,1,350,51,4,0,0,0,0.7818314824680298,0.6234898018587336,-0.2553532951161881,0.9668478136052773,-0.12053668025532363,0.992708874098054,-2.4492935982947064e-16,1.0,0.0,0.0,0.0,0.0,0.0,0.0,0.0,0.0,0.0,0.0,0.0,0.0,0.0,0.0,0.2857142857142857,1.0690449676496994,4.0,4.0,0.5,1.2619796324000585,14.0,4.0,0.32142857142857145,1.0463293911599734,18.0,4.0,0.36904761904761907,1.1170072095285877,31.0,4.0,0.0,0.0,0.0,954,0.279874213836478,0.16666666666666666,0.24423480083857443,0.2526205450733753,0.09538784067085954,0.31551362683438156,40.0,5.9958071278826
2025-12-17,0,0,0,0,0,0,0,0,0,0,0,0,2025,12,17,2,351,51,4,0,0,0,0.9749279121818236,-0.22252093395631434,-0.23867276600594997,0.9711000518829505,-0.12053668025532363,0.992708874098054,-2.4492935982947064e-16,1.0,0.0,0.0,0.0,0.0,0.0,0.0,0.0,0.0,0.0,0.0,0.0,0.0,0.0,0.0,0.2857142857142857,1.0690449676496994,4.0,4.0,0.5,1.2619796324000585,14.0,4.0,0.32142857142857145,1.0463293911599734,18.0,4.0,0.32142857142857145,1.043173035880576,27.0,4.0,0.0,0.0,0.0,954,0.279874213836478,0.16666666666666666,0.24423480083857443,0.2526205450733753,0.09538784067085954,0.31551362683438156,40.0,5.9958071278826
2025-12-18,0,0,0,0,0,0,0,0,0,0,0,0,2025,12,18,3,352,51,4,0,0,0,0.43388373911755823,-0.900968867902419,-0.22192151300416674,0.9750645322571945,-0.12053668025532363,0.992708874098054,-2.4492935982947064e-16,1.0,0.0,0.0,0.0,0.0,4.0,4.0,0.0,0.0,0.0,0.0,0.0,0.0,0.0,0.0,0.0,0.0,0.0,0.0,0.35714285714285715,1.0615950861718046,10.0,4.0,0.32142857142857145,1.0463293911599734,18.0,4.0,0.32142857142857145,1.043173035880576,27.0,4.0,0.0,0.0,-4.0,954,0.279874213836478,0.16666666666666666,0.24423480083857443,0.2526205450733753,0.09538784067085954,0.31551362683438156,40.0,5.9958071278826
2025-12-19,0,0,0,0,0,0,0,0,0,0,0,0,2025,12,19,4,353,51,4,0,0,1,-0.433883739117558,-0.9009688679024191,-0.20510449986861926,0.9787400799669153,-0.12053668025532363,0.992708874098054,-2.4492935982947064e-16,1.0,0.0,0.0,0.0,0.0,0.0,0.0,0.0,0.0,0.0,0.0,0.0,0.0,0.0,0.0,0.0,0.0,0.0,0.0,0.35714285714285715,1.0615950861718046,10.0,4.0,0.32142857142857145,1.0463293911599734,18.0,4.0,0.32142857142857145,1.043173035880576,27.0,4.0,0.0,0.0,0.0,954,0.279874213836478,0.16666666666666666,0.24423480083857443,0.2526205450733753,0.09538784067085954,0.31551362683438156,40.0,5.9958071278826
2025-12-20,4,0,0,0,0,0,0,0,8,0,0,0,2025,12,20,5,354,51,4,1,0,0,-0.9749279121818236,-0.2225209339563146,-0.1882267098432439,0.9821256058680006,-0.12053668025532363,0.992708874098054,-2.4492935982947064e-16,1.0,0.0,0.0,0.0,0.0,0.0,0.0,1.3333333333333333,2.309401076758502,4.0,4.0,0.5714285714285714,1.511857892036906,4.0,4.0,0.2857142857142857,1.0690449676496994,4.0,4.0,0.5,1.2619796324000585,14.0,4.0,0.39285714285714285,1.1548879745526142,22.0,4.0,0.36904761904761907,1.1170072095285877,31.0,4.0,4.0,4.0,4.0,954,0.279874213836478,0.16666666666666666,0.24423480083857443,0.2526205450733753,0.09538784067085954,0.31551362683438156,40.0,5.9958071278826
