Model,MAE,RMSE,R²
Baseline (Seasonal),2.075471698113208,2.3897053843307487,-1.065585028757833
ML Ensemble (Mean),0.14911726678037035,0.21082589623753684,0.9839231017389996
