Model,MAE,RMSE,R²
Baseline (Seasonal),2.943396226415094,3.712972329820488,-0.7988356249225816
ML Ensemble (Mean),0.2262215613686244,0.4096059544694724,0.9781082450964045
