Model,MAE,RMSE,R²
Baseline (Seasonal),0.9764150943396226,1.1655992421460322,-0.7917220918101193
ML Ensemble (Mean),0.032391125946355036,0.11179471082669855,0.9835178201178264
