Model,MAE,RMSE,R²
Baseline (Seasonal),1.7327044025157232,2.0349411109286653,-0.4624123431955969
ML Ensemble (Mean),0.10288090487708948,0.19765739948834055,0.9862027572000083
