Model,MAE,RMSE,R²
Baseline (Seasonal),1.419811320754717,1.7760121276523237,-0.2733833556896941
ML Ensemble (Mean),0.12755129962646664,0.21973171295250785,0.9805081618098858
