Model,MAE,RMSE,R²
Baseline (Seasonal),1.0817610062893082,1.426023484006909,-0.07899928640389553
ML Ensemble (Mean),0.044803480569183596,0.09201407379802043,0.9955076217069638
