Model,MAE,RMSE,R²
Baseline (Seasonal),1.216981132075472,1.5034900000643505,-0.6570183832057521
ML Ensemble (Mean),0.07244818913170457,0.10950832669611173,0.9912093593980343
