Model,MAE,RMSE,R²
Baseline (Seasonal),1.2138364779874216,1.4558491870196966,-0.32657456922162753
ML Ensemble (Mean),0.09818333957128123,0.17624678434229685,0.9805579840606686
