date,crash_count,rush_hour_crashes,night_crashes,peak_crash_hour_crashes,total_killed,total_injured,fatal_crashes,injury_crashes,total_vehicles,rain_crashes,adverse_weather_crashes,dark_crashes,year,month,day,day_of_week,day_of_year,week_of_year,quarter,is_weekend,is_monday,is_friday,day_of_week_sin,day_of_week_cos,day_of_year_sin,day_of_year_cos,week_sin,week_cos,month_sin,month_cos,crashes_lag_1d,crashes_lag_2d,crashes_lag_3d,crashes_lag_7d,crashes_lag_14d,crashes_lag_28d,crashes_rolling_mean_3d,crashes_rolling_std_3d,crashes_rolling_sum_3d,crashes_rolling_max_3d,crashes_rolling_mean_7d,crashes_rolling_std_7d,crashes_rolling_sum_7d,crashes_rolling_max_7d,crashes_rolling_mean_14d,crashes_rolling_std_14d,crashes_rolling_sum_14d,crashes_rolling_max_14d,crashes_rolling_mean_28d,crashes_rolling_std_28d,crashes_rolling_sum_28d,crashes_rolling_max_28d,crashes_rolling_mean_56d,crashes_rolling_std_56d,crashes_rolling_sum_56d,crashes_rolling_max_56d,crashes_rolling_mean_84d,crashes_rolling_std_84d,crashes_rolling_sum_84d,crashes_rolling_max_84d,crash_change_1d,crash_change_7d,crash_change_28d,total_crashes_hist,pct_rush_hour,pct_night,pct_peak_hour,pct_weekend,pct_rain,pct_dark,avg_spd_limit,avg_lanes
2022-01-01,1,0,1,0,0,0,0,0,2,0,0,1,2022,1,1,5,1,52,1,1,0,0,-0.9749279121818236,-0.2225209339563146,0.017213356155834685,0.9998518392091162,6.432490598706546e-16,1.0,0.49999999999999994,0.8660254037844387,0.0,0.0,0.0,0.0,0.0,0.0,1.0,0.0,1.0,1.0,1.0,0.0,1.0,1.0,1.0,0.0,1.0,1.0,1.0,0.0,1.0,1.0,1.0,0.0,1.0,1.0,1.0,0.0,1.0,1.0,0.0,0.0,0.0,819,0.36752136752136755,0.07448107448107448,0.38217338217338215,0.32722832722832723,0.09523809523809523,0.2600732600732601,48.207196029776675,6.882783882783883
2022-01-02,0,0,0,0,0,0,0,0,0,0,0,0,2022,1,2,6,2,52,1,1,0,0,-0.7818314824680299,0.6234898018587334,0.03442161162274574,0.9994074007397048,6.432490598706546e-16,1.0,0.49999999999999994,0.8660254037844387,1.0,0.0,0.0,0.0,0.0,0.0,0.5,0.7071067811865476,1.0,1.0,0.5,0.7071067811865476,1.0,1.0,0.5,0.7071067811865476,1.0,1.0,0.5,0.7071067811865476,1.0,1.0,0.5,0.7071067811865476,1.0,1.0,0.5,0.7071067811865476,1.0,1.0,-1.0,0.0,0.0,819,0.36752136752136755,0.07448107448107448,0.38217338217338215,0.32722832722832723,0.09523809523809523,0.2600732600732601,48.207196029776675,6.882783882783883
2022-01-03,0,0,0,0,0,0,0,0,0,0,0,0,2022,1,3,0,3,1,1,0,1,0,0.0,1.0,0.051619667223253764,0.998666816288476,0.12053668025532305,0.992708874098054,0.49999999999999994,0.8660254037844387,0.0,1.0,0.0,0.0,0.0,0.0,0.3333333333333333,0.5773502691896258,1.0,1.0,0.3333333333333333,0.5773502691896258,1.0,1.0,0.3333333333333333,0.5773502691896258,1.0,1.0,0.3333333333333333,0.5773502691896258,1.0,1.0,0.3333333333333333,0.5773502691896258,1.0,1.0,0.3333333333333333,0.5773502691896258,1.0,1.0,0.0,0.0,0.0,819,0.36752136752136755,0.07448107448107448,0.38217338217338215,0.32722832722832723,0.09523809523809523,0.2600732600732601,48.207196029776675,6.882783882783883
2022-01-04,0,0,0,0,0,0,0,0,0,0,0,0,2022,1,4,1,4,1,1,0,0,0,0.7818314824680298,0.6234898018587336,0.06880242680231986,0.9976303053065857,0.12053668025532305,0.992708874098054,0.49999999999999994,0.8660254037844387,0.0,0.0,1.0,0.0,0.0,0.0,0.0,0.0,0.0,0.0,0.25,0.5,1.0,1.0,0.25,0.5,1.0,1.0,0.25,0.5,1.0,1.0,0.25,0.5,1.0,1.0,0.25,0.5,1.0,1.0,0.0,0.0,0.0,819,0.36752136752136755,0.07448107448107448,0.38217338217338215,0.32722832722832723,0.09523809523809523,0.2600732600732601,48.207196029776675,6.882783882783883
2022-01-05,1,0,0,0,0,0,0,0,2,0,0,0,2022,1,5,2,5,1,1,0,0,0,0.9749279121818236,-0.22252093395631434,0.08596479873744647,0.9962981749346078,0.12053668025532305,0.992708874098054,0.49999999999999994,0.8660254037844387,0.0,0.0,0.0,0.0,0.0,0.0,0.3333333333333333,0.5773502691896258,1.0,1.0,0.4,0.5477225575051662,2.0,1.0,0.4,0.5477225575051662,2.0,1.0,0.4,0.5477225575051662,2.0,1.0,0.4,0.5477225575051662,2.0,1.0,0.4,0.5477225575051662,2.0,1.0,1.0,0.0,0.0,819,0.36752136752136755,0.07448107448107448,0.38217338217338215,0.32722832722832723,0.09523809523809523,0.2600732600732601,48.207196029776675,6.882783882783883
2022-01-06,0,0,0,0,0,0,0,0,0,0,0,0,2022,1,6,3,6,1,1,0,0,0,0.43388373911755823,-0.900968867902419,0.10310169744743485,0.9946708199115211,0.12053668025532305,0.992708874098054,0.49999999999999994,0.8660254037844387,1.0,0.0,0.0,0.0,0.0,0.0,0.3333333333333333,0.5773502691896258,1.0,1.0,0.3333333333333333,0.5163977794943223,2.0,1.0,0.3333333333333333,0.5163977794943223,2.0,1.0,0.3333333333333333,0.5163977794943223,2.0,1.0,0.3333333333333333,0.5163977794943223,2.0,1.0,0.3333333333333333,0.5163977794943223,2.0,1.0,-1.0,0.0,0.0,819,0.36752136752136755,0.07448107448107448,0.38217338217338215,0.32722832722832723,0.09523809523809523,0.2600732600732601,48.207196029776675,6.882783882783883
2022-01-07,1,0,0,0,0,0,0,0,2,0,0,0,2022,1,7,4,7,1,1,0,0,1,-0.433883739117558,-0.9009688679024191,0.1202080448993527,0.9927487224577402,0.12053668025532305,0.992708874098054,0.49999999999999994,0.8660254037844387,0.0,1.0,0.0,0.0,0.0,0.0,0.6666666666666666,0.5773502691896258,2.0,1.0,0.42857142857142855,0.5345224838248488,3.0,1.0,0.42857142857142855,0.5345224838248488,3.0,1.0,0.42857142857142855,0.5345224838248488,3.0,1.0,0.42857142857142855,0.5345224838248488,3.0,1.0,0.42857142857142855,0.5345224838248488,3.0,1.0,1.0,0.0,0.0,819,0.36752136752136755,0.07448107448107448,0.38217338217338215,0.32722832722832723,0.09523809523809523,0.2600732600732601,48.207196029776675,6.882783882783883
2022-01-08,1,1,0,1,0,0,0,0,2,0,0,0,2022,1,8,5,8,1,1,1,0,0,-0.9749279121818236,-0.2225209339563146,0.13727877211326478,0.9905324521322229,0.12053668025532305,0.992708874098054,0.49999999999999994,0.8660254037844387,1.0,0.0,1.0,1.0,0.0,0.0,0.6666666666666666,0.5773502691896258,2.0,1.0,0.42857142857142855,0.5345224838248488,3.0,1.0,0.5,0.5345224838248488,4.0,1.0,0.5,0.5345224838248488,4.0,1.0,0.5,0.5345224838248488,4.0,1.0,0.5,0.5345224838248488,4.0,1.0,0.0,0.0,0.0,819,0.36752136752136755,0.07448107448107448,0.38217338217338215,0.32722832722832723,0.09523809523809523,0.2600732600732601,48.207196029776675,6.882783882783883
2022-01-09,0,0,0,0,0,0,0,0,0,0,0,0,2022,1,9,6,9,1,1,1,0,0,-0.7818314824680299,0.6234898018587334,0.15430882066428117,0.9880226656636976,0.12053668025532305,0.992708874098054,0.49999999999999994,0.8660254037844387,1.0,1.0,0.0,0.0,0.0,0.0,0.6666666666666666,0.5773502691896258,2.0,1.0,0.42857142857142855,0.5345224838248488,3.0,1.0,0.4444444444444444,0.5270462766947299,4.0,1.0,0.4444444444444444,0.5270462766947299,4.0,1.0,0.4444444444444444,0.5270462766947299,4.0,1.0,0.4444444444444444,0.5270462766947299,4.0,1.0,-1.0,0.0,0.0,819,0.36752136752136755,0.07448107448107448,0.38217338217338215,0.32722832722832723,0.09523809523809523,0.2600732600732601,48.207196029776675,6.882783882783883
2022-01-10,0,0,0,0,0,0,0,0,0,0,0,0,2022,1,10,0,10,2,1,0,1,0,0.0,1.0,0.1712931441814776,0.9852201067560606,0.23931566428755774,0.970941817426052,0.49999999999999994,0.8660254037844387,0.0,1.0,1.0,0.0,0.0,0.0,0.3333333333333333,0.5773502691896258,1.0,1.0,0.42857142857142855,0.5345224838248488,3.0,1.0,0.4,0.5163977794943222,4.0,1.0,0.4,0.5163977794943222,4.0,1.0,0.4,0.5163977794943222,4.0,1.0,0.4,0.5163977794943222,4.0,1.0,0.0,0.0,0.0,819,0.36752136752136755,0.07448107448107448,0.38217338217338215,0.32722832722832723,0.09523809523809523,0.2600732600732601,48.207196029776675,6.882783882783883
2022-01-11,0,0,0,0,0,0,0,0,0,0,0,0,2022,1,11,1,11,2,1,0,0,0,0.7818314824680298,0.6234898018587336,0.1882267098432442,0.9821256058680006,0.23931566428755774,0.970941817426052,0.49999999999999994,0.8660254037844387,0.0,0.0,1.0,0.0,0.0,0.0,0.0,0.0,0.0,0.0,0.42857142857142855,0.5345224838248488,3.0,1.0,0.36363636363636365,0.504524979109513,4.0,1.0,0.36363636363636365,0.504524979109513,4.0,1.0,0.36363636363636365,0.504524979109513,4.0,1.0,0.36363636363636365,0.504524979109513,4.0,1.0,0.0,0.0,0.0,819,0.36752136752136755,0.07448107448107448,0.38217338217338215,0.32722832722832723,0.09523809523809523,0.2600732600732601,48.207196029776675,6.882783882783883
2022-01-12,0,0,0,0,0,0,0,0,0,0,0,0,2022,1,12,2,12,2,1,0,0,0,0.9749279121818236,-0.22252093395631434,0.2051044998686192,0.9787400799669153,0.23931566428755774,0.970941817426052,0.49999999999999994,0.8660254037844387,0.0,0.0,0.0,1.0,0.0,0.0,0.0,0.0,0.0,0.0,0.2857142857142857,0.48795003647426666,2.0,1.0,0.3333333333333333,0.4923659639173309,4.0,1.0,0.3333333333333333,0.4923659639173309,4.0,1.0,0.3333333333333333,0.4923659639173309,4.0,1.0,0.3333333333333333,0.4923659639173309,4.0,1.0,0.0,-1.0,0.0,819,0.36752136752136755,0.07448107448107448,0.38217338217338215,0.32722832722832723,0.09523809523809523,0.2600732600732601,48.207196029776675,6.882783882783883
2022-01-13,0,0,0,0,0,0,0,0,0,0,0,0,2022,1,13,3,13,2,1,0,0,0,0.43388373911755823,-0.900968867902419,0.2219215130041655,0.9750645322571948,0.23931566428755774,0.970941817426052,0.49999999999999994,0.8660254037844387,0.0,0.0,0.0,0.0,0.0,0.0,0.0,0.0,0.0,0.0,0.2857142857142857,0.48795003647426666,2.0,1.0,0.3076923076923077,0.48038446141526137,4.0,1.0,0.3076923076923077,0.48038446141526137,4.0,1.0,0.3076923076923077,0.48038446141526137,4.0,1.0,0.3076923076923077,0.48038446141526137,4.0,1.0,0.0,0.0,0.0,819,0.36752136752136755,0.07448107448107448,0.38217338217338215,0.32722832722832723,0.09523809523809523,0.2600732600732601,48.207196029776675,6.882783882783883
2022-01-14,0,0,0,0,0,0,0,0,0,0,0,0,2022,1,14,4,14,2,1,0,0,1,-0.433883739117558,-0.9009688679024191,0.2386727660059501,0.9711000518829505,0.23931566428755774,0.970941817426052,0.49999999999999994,0.8660254037844387,0.0,0.0,0.0,1.0,0.0,0.0,0.0,0.0,0.0,0.0,0.14285714285714285,0.3779644730092273,1.0,1.0,0.2857142857142857,0.4688072309384954,4.0,1.0,0.2857142857142857,0.4688072309384954,4.0,1.0,0.2857142857142857,0.4688072309384954,4.0,1.0,0.2857142857142857,0.4688072309384954,4.0,1.0,0.0,-1.0,0.0,819,0.36752136752136755,0.07448107448107448,0.38217338217338215,0.32722832722832723,0.09523809523809523,0.2600732600732601,48.207196029776675,6.882783882783883
2022-01-15,0,0,0,0,0,0,0,0,0,0,0,0,2022,1,15,5,15,2,1,1,0,0,-0.9749279121818236,-0.2225209339563146,0.255353295116187,0.9668478136052775,0.23931566428755774,0.970941817426052,0.49999999999999994,0.8660254037844387,0.0,0.0,0.0,1.0,1.0,0.0,0.0,0.0,0.0,0.0,0.0,0.0,0.0,0.0,0.21428571428571427,0.42581531362632,3.0,1.0,0.26666666666666666,0.45773770821706344,4.0,1.0,0.26666666666666666,0.45773770821706344,4.0,1.0,0.26666666666666666,0.45773770821706344,4.0,1.0,0.0,-1.0,0.0,819,0.36752136752136755,0.07448107448107448,0.38217338217338215,0.32722832722832723,0.09523809523809523,0.2600732600732601,48.207196029776675,6.882783882783883
2022-01-16,1,1,0,0,0,0,0,0,3,0,1,0,2022,1,16,6,16,2,1,1,0,0,-0.7818314824680299,0.6234898018587334,0.2719581575341055,0.9623090774541486,0.23931566428755774,0.970941817426052,0.49999999999999994,0.8660254037844387,0.0,0.0,0.0,0.0,0.0,0.0,0.3333333333333333,0.5773502691896258,1.0,1.0,0.14285714285714285,0.3779644730092273,1.0,1.0,0.2857142857142857,0.4688072309384954,4.0,1.0,0.3125,0.47871355387816905,5.0,1.0,0.3125,0.47871355387816905,5.0,1.0,0.3125,0.47871355387816905,5.0,1.0,1.0,1.0,0.0,819,0.36752136752136755,0.07448107448107448,0.38217338217338215,0.32722832722832723,0.09523809523809523,0.2600732600732601,48.207196029776675,6.882783882783883
2022-01-17,1,1,0,1,0,0,0,0,3,0,0,1,2022,1,17,0,17,3,1,0,1,0,0.0,1.0,0.288482432880609,0.9574851883550393,0.3546048870425356,0.9350162426854148,0.49999999999999994,0.8660254037844387,1.0,0.0,0.0,0.0,0.0,0.0,0.6666666666666666,0.5773502691896258,2.0,1.0,0.2857142857142857,0.48795003647426666,2.0,1.0,0.35714285714285715,0.4972451580988469,5.0,1.0,0.35294117647058826,0.492592183071889,6.0,1.0,0.35294117647058826,0.492592183071889,6.0,1.0,0.35294117647058826,0.492592183071889,6.0,1.0,0.0,1.0,0.0,819,0.36752136752136755,0.07448107448107448,0.38217338217338215,0.32722832722832723,0.09523809523809523,0.2600732600732601,48.207196029776675,6.882783882783883
2022-01-18,0,0,0,0,0,0,0,0,0,0,0,0,2022,1,18,1,18,3,1,0,0,0,0.7818314824680298,0.6234898018587336,0.30492122465628907,0.9523775757303974,0.3546048870425356,0.9350162426854148,0.49999999999999994,0.8660254037844387,1.0,1.0,0.0,0.0,0.0,0.0,0.6666666666666666,0.577350269189626,2.0,1.0,0.2857142857142857,0.48795003647426666,2.0,1.0,0.35714285714285715,0.4972451580988469,5.0,1.0,0.3333333333333333,0.48507125007266594,6.0,1.0,0.3333333333333333,0.48507125007266594,6.0,1.0,0.3333333333333333,0.48507125007266594,6.0,1.0,-1.0,0.0,0.0,819,0.36752136752136755,0.07448107448107448,0.38217338217338215,0.32722832722832723,0.09523809523809523,0.2600732600732601,48.207196029776675,6.882783882783883
2022-01-19,2,1,1,1,0,2,0,1,7,0,0,1,2022,1,19,2,19,3,1,0,0,0,0.9749279121818236,-0.22252093395631434,0.3212696616923644,0.9469877530760753,0.3546048870425356,0.9350162426854148,0.49999999999999994,0.8660254037844387,0.0,1.0,1.0,0.0,1.0,0.0,1.0,1.0,3.0,2.0,0.5714285714285714,0.7867957924694431,4.0,2.0,0.42857142857142855,0.646206172658864,6.0,2.0,0.42105263157894735,0.606976978666884,8.0,2.0,0.42105263157894735,0.606976978666884,8.0,2.0,0.42105263157894735,0.606976978666884,8.0,2.0,2.0,2.0,0.0,819,0.36752136752136755,0.07448107448107448,0.38217338217338215,0.32722832722832723,0.09523809523809523,0.2600732600732601,48.207196029776675,6.882783882783883
2022-01-20,1,0,0,0,0,0,0,0,2,0,0,0,2022,1,20,3,20,3,1,0,0,0,0.43388373911755823,-0.900968867902419,0.3375228995941133,0.9413173175128471,0.3546048870425356,0.9350162426854148,0.49999999999999994,0.8660254037844387,2.0,0.0,1.0,0.0,0.0,0.0,1.0,1.0,3.0,2.0,0.7142857142857143,0.7559289460184544,5.0,2.0,0.5,0.6504436355879908,7.0,2.0,0.45,0.6048053188292994,9.0,2.0,0.45,0.6048053188292994,9.0,2.0,0.45,0.6048053188292994,9.0,2.0,-1.0,1.0,0.0,819,0.36752136752136755,0.07448107448107448,0.38217338217338215,0.32722832722832723,0.09523809523809523,0.2600732600732601,48.207196029776675,6.882783882783883
2022-01-21,0,0,0,0,0,0,0,0,0,0,0,0,2022,1,21,4,21,3,1,0,0,1,-0.433883739117558,-0.9009688679024191,0.3536761221763716,0.9353679493131483,0.3546048870425356,0.9350162426854148,0.49999999999999994,0.8660254037844387,1.0,2.0,0.0,0.0,1.0,0.0,1.0,1.0,3.0,2.0,0.7142857142857143,0.7559289460184544,5.0,2.0,0.42857142857142855,0.646206172658864,6.0,2.0,0.42857142857142855,0.5976143046671968,9.0,2.0,0.42857142857142855,0.5976143046671968,9.0,2.0,0.42857142857142855,0.5976143046671968,9.0,2.0,-1.0,0.0,0.0,819,0.36752136752136755,0.07448107448107448,0.38217338217338215,0.32722832722832723,0.09523809523809523,0.2600732600732601,48.207196029776675,6.882783882783883
2022-01-22,0,0,0,0,0,0,0,0,0,0,0,0,2022,1,22,5,22,3,1,1,0,0,-0.9749279121818236,-0.2225209339563146,0.3697245428906731,0.9291414114031743,0.3546048870425356,0.9350162426854148,0.49999999999999994,0.8660254037844387,0.0,1.0,2.0,0.0,1.0,0.0,0.3333333333333333,0.577350269189626,1.0,1.0,0.7142857142857143,0.7559289460184544,5.0,2.0,0.35714285714285715,0.6333236937766509,5.0,2.0,0.4090909090909091,0.5903260526902472,9.0,2.0,0.4090909090909091,0.5903260526902472,9.0,2.0,0.4090909090909091,0.5903260526902472,9.0,2.0,0.0,0.0,0.0,819,0.36752136752136755,0.07448107448107448,0.38217338217338215,0.32722832722832723,0.09523809523809523,0.2600732600732601,48.207196029776675,6.882783882783883
2022-01-23,0,0,0,0,0,0,0,0,0,0,0,0,2022,1,23,6,23,3,1,1,0,0,-0.7818314824680299,0.6234898018587334,0.38566340624360707,0.9226395488404876,0.3546048870425356,0.9350162426854148,0.49999999999999994,0.8660254037844387,0.0,0.0,1.0,1.0,0.0,0.0,0.0,0.0,0.0,0.0,0.5714285714285714,0.7867957924694431,4.0,2.0,0.35714285714285715,0.6333236937766509,5.0,2.0,0.391304347826087,0.5830273995419091,9.0,2.0,0.391304347826087,0.5830273995419091,9.0,2.0,0.391304347826087,0.5830273995419091,9.0,2.0,0.0,-1.0,0.0,819,0.36752136752136755,0.07448107448107448,0.38217338217338215,0.32722832722832723,0.09523809523809523,0.2600732600732601,48.207196029776675,6.882783882783883
2022-01-24,1,1,0,1,0,0,0,0,2,0,0,0,2022,1,24,0,24,4,1,0,1,0,0.0,1.0,0.401487989205973,0.9158642882672872,0.4647231720437685,0.8854560256532099,0.49999999999999994,0.8660254037844387,0.0,0.0,0.0,1.0,0.0,0.0,0.3333333333333333,0.577350269189626,1.0,1.0,0.5714285714285714,0.7867957924694432,4.0,2.0,0.42857142857142855,0.646206172658864,6.0,2.0,0.4166666666666667,0.5835920751217648,10.0,2.0,0.4166666666666667,0.5835920751217648,10.0,2.0,0.4166666666666667,0.5835920751217648,10.0,2.0,1.0,0.0,0.0,819,0.36752136752136755,0.07448107448107448,0.38217338217338215,0.32722832722832723,0.09523809523809523,0.2600732600732601,48.207196029776675,6.882783882783883
2022-01-25,0,0,0,0,0,0,0,0,0,0,0,0,2022,1,25,1,25,4,1,0,0,0,0.7818314824680298,0.6234898018587336,0.4171936026123168,0.9088176373395029,0.4647231720437685,0.8854560256532099,0.49999999999999994,0.8660254037844387,1.0,0.0,0.0,0.0,0.0,0.0,0.3333333333333333,0.577350269189626,1.0,1.0,0.5714285714285714,0.7867957924694432,4.0,2.0,0.42857142857142855,0.646206172658864,6.0,2.0,0.4,0.5773502691896257,10.0,2.0,0.4,0.5773502691896257,10.0,2.0,0.4,0.5773502691896257,10.0,2.0,-1.0,0.0,0.0,819,0.36752136752136755,0.07448107448107448,0.38217338217338215,0.32722832722832723,0.09523809523809523,0.2600732600732601,48.207196029776675,6.882783882783883
2022-01-26,0,0,0,0,0,0,0,0,0,0,0,0,2022,1,26,2,26,4,1,0,0,0,0.9749279121818236,-0.22252093395631434,0.4327755925504312,0.901501684131884,0.4647231720437685,0.8854560256532099,0.49999999999999994,0.8660254037844387,0.0,1.0,0.0,2.0,0.0,0.0,0.3333333333333333,0.577350269189626,1.0,1.0,0.2857142857142857,0.4879500364742667,2.0,1.0,0.42857142857142855,0.646206172658864,6.0,2.0,0.38461538461538464,0.5710988059467872,10.0,2.0,0.38461538461538464,0.5710988059467872,10.0,2.0,0.38461538461538464,0.5710988059467872,10.0,2.0,0.0,-2.0,0.0,819,0.36752136752136755,0.07448107448107448,0.38217338217338215,0.32722832722832723,0.09523809523809523,0.2600732600732601,48.207196029776675,6.882783882783883
2022-01-27,0,0,0,0,0,0,0,0,0,0,0,0,2022,1,27,3,27,4,1,0,0,0,0.43388373911755823,-0.900968867902419,0.4482293417404106,0.893918596519257,0.4647231720437685,0.8854560256532099,0.49999999999999994,0.8660254037844387,0.0,0.0,1.0,1.0,0.0,0.0,0.0,0.0,0.0,0.0,0.14285714285714285,0.3779644730092274,1.0,1.0,0.42857142857142855,0.646206172658864,6.0,2.0,0.37037037037037035,0.5648790304908823,10.0,2.0,0.37037037037037035,0.5648790304908823,10.0,2.0,0.37037037037037035,0.5648790304908823,10.0,2.0,0.0,-1.0,0.0,819,0.36752136752136755,0.07448107448107448,0.38217338217338215,0.32722832722832723,0.09523809523809523,0.2600732600732601,48.207196029776675,6.882783882783883
2022-01-28,0,0,0,0,0,0,0,0,0,0,0,0,2022,1,28,4,28,4,1,0,0,1,-0.433883739117558,-0.9009688679024191,0.4635502709028509,0.886070621534138,0.4647231720437685,0.8854560256532099,0.49999999999999994,0.8660254037844387,0.0,0.0,0.0,0.0,0.0,0.0,0.0,0.0,0.0,0.0,0.14285714285714285,0.3779644730092274,1.0,1.0,0.42857142857142855,0.646206172658864,6.0,2.0,0.35714285714285715,0.5587211398983505,10.0,2.0,0.35714285714285715,0.5587211398983505,10.0,2.0,0.35714285714285715,0.5587211398983505,10.0,2.0,0.0,0.0,0.0,819,0.36752136752136755,0.07448107448107448,0.38217338217338215,0.32722832722832723,0.09523809523809523,0.2600732600732601,48.207196029776675,6.882783882783883
2022-01-29,3,2,0,2,0,0,0,0,6,0,0,2,2022,1,29,5,29,4,1,1,0,0,-0.9749279121818236,-0.2225209339563146,0.47873384011578846,0.8779600847008882,0.4647231720437685,0.8854560256532099,0.49999999999999994,0.8660254037844387,0.0,0.0,0.0,0.0,0.0,1.0,1.0,1.7320508075688774,3.0,3.0,0.5714285714285714,1.1338934190276817,4.0,3.0,0.6428571428571429,0.928782731664065,9.0,3.0,0.42857142857142855,0.7417981870189158,12.0,3.0,0.4482758620689655,0.7361195019711583,13.0,3.0,0.4482758620689655,0.7361195019711583,13.0,3.0,3.0,3.0,2.0,819,0.36752136752136755,0.07448107448107448,0.38217338217338215,0.32722832722832723,0.09523809523809523,0.2600732600732601,48.207196029776675,6.882783882783883
2022-01-30,0,0,0,0,0,0,0,0,0,0,0,0,2022,1,30,6,30,4,1,1,0,0,-0.7818314824680299,0.6234898018587334,0.49377555015997715,0.869589389346611,0.4647231720437685,0.8854560256532099,0.49999999999999994,0.8660254037844387,3.0,0.0,0.0,0.0,1.0,0.0,1.0,1.7320508075688774,3.0,3.0,0.5714285714285714,1.1338934190276817,4.0,3.0,0.5714285714285714,0.9376144618769908,8.0,3.0,0.42857142857142855,0.7417981870189158,12.0,3.0,0.43333333333333335,0.7279320417946062,13.0,3.0,0.43333333333333335,0.7279320417946062,13.0,3.0,-3.0,0.0,0.0,819,0.36752136752136755,0.07448107448107448,0.38217338217338215,0.32722832722832723,0.09523809523809523,0.2600732600732601,48.207196029776675,6.882783882783883
2022-01-31,0,0,0,0,0,0,0,0,0,0,0,0,2022,1,31,0,31,5,1,0,1,0,0.0,1.0,0.5086709438521044,0.8609610158889943,0.5680647467311558,0.8229838658936564,0.49999999999999994,0.8660254037844387,0.0,3.0,0.0,1.0,1.0,0.0,1.0,1.7320508075688774,3.0,3.0,0.42857142857142855,1.1338934190276817,3.0,3.0,0.5,0.9405399431259603,7.0,3.0,0.42857142857142855,0.7417981870189158,12.0,3.0,0.41935483870967744,0.7199163631231569,13.0,3.0,0.41935483870967744,0.7199163631231569,13.0,3.0,0.0,-1.0,0.0,819,0.36752136752136755,0.07448107448107448,0.38217338217338215,0.32722832722832723,0.09523809523809523,0.2600732600732601,48.207196029776675,6.882783882783883
2022-02-01,2,0,0,2,0,0,0,0,4,0,0,0,2022,2,1,1,32,5,1,0,0,0,0.7818314824680298,0.6234898018587336,0.5234156073655503,0.8520775211013093,0.5680647467311558,0.8229838658936564,0.8660254037844386,0.5000000000000001,0.0,0.0,3.0,0.0,0.0,0.0,0.6666666666666666,1.1547005383792517,2.0,2.0,0.7142857142857143,1.2535663410560174,5.0,3.0,0.6428571428571429,1.0082080720186268,9.0,3.0,0.5,0.7934920476158722,14.0,3.0,0.46875,0.7613390156652905,15.0,3.0,0.46875,0.7613390156652905,15.0,3.0,2.0,2.0,2.0,819,0.36752136752136755,0.07448107448107448,0.38217338217338215,0.32722832722832723,0.09523809523809523,0.2600732600732601,48.207196029776675,6.882783882783883
2022-02-02,0,0,0,0,0,0,0,0,0,0,0,0,2022,2,2,2,33,5,1,0,0,0,0.9749279121818236,-0.22252093395631434,0.5380051715382996,0.8429415373547828,0.5680647467311558,0.8229838658936564,0.8660254037844386,0.5000000000000001,2.0,0.0,0.0,0.0,2.0,1.0,0.6666666666666666,1.1547005383792517,2.0,2.0,0.7142857142857143,1.2535663410560174,5.0,3.0,0.5,0.9405399431259603,7.0,3.0,0.4642857142857143,0.7926581093427849,13.0,3.0,0.45454545454545453,0.7537783614444091,15.0,3.0,0.45454545454545453,0.7537783614444091,15.0,3.0,-2.0,0.0,-1.0,819,0.36752136752136755,0.07448107448107448,0.38217338217338215,0.32722832722832723,0.09523809523809523,0.2600732600732601,48.207196029776675,6.882783882783883
2022-02-03,0,0,0,0,0,0,0,0,0,0,0,0,2022,2,3,3,34,5,1,0,0,0,0.43388373911755823,-0.900968867902419,0.5524353131676196,0.8335557718385699,0.5680647467311558,0.8229838658936564,0.8660254037844386,0.5000000000000001,0.0,2.0,0.0,0.0,1.0,0.0,0.6666666666666666,1.1547005383792517,2.0,2.0,0.7142857142857143,1.2535663410560174,5.0,3.0,0.42857142857142855,0.9376144618769909,6.0,3.0,0.4642857142857143,0.7926581093427849,13.0,3.0,0.4411764705882353,0.7463517925331651,15.0,3.0,0.4411764705882353,0.7463517925331651,15.0,3.0,0.0,0.0,0.0,819,0.36752136752136755,0.07448107448107448,0.38217338217338215,0.32722832722832723,0.09523809523809523,0.2600732600732601,48.207196029776675,6.882783882783883
2022-02-04,0,0,0,0,0,0,0,0,0,0,0,0,2022,2,4,4,35,5,1,0,0,1,-0.433883739117558,-0.9009688679024191,0.5667017562911176,0.8239230057575542,0.5680647467311558,0.8229838658936564,0.8660254037844386,0.5000000000000001,0.0,0.0,2.0,0.0,0.0,1.0,0.0,0.0,0.0,0.0,0.7142857142857143,1.2535663410560174,5.0,3.0,0.42857142857142855,0.9376144618769909,6.0,3.0,0.42857142857142855,0.7901510136288027,12.0,3.0,0.42857142857142855,0.7390659560519331,15.0,3.0,0.42857142857142855,0.7390659560519331,15.0,3.0,0.0,0.0,-1.0,819,0.36752136752136755,0.07448107448107448,0.38217338217338215,0.32722832722832723,0.09523809523809523,0.2600732600732601,48.207196029776675,6.882783882783883
2022-02-05,2,0,0,2,0,0,0,0,5,0,0,0,2022,2,5,5,36,5,1,1,0,0,-0.9749279121818236,-0.2225209339563146,0.5808002734538009,0.8140460935082178,0.5680647467311558,0.8229838658936564,0.8660254037844386,0.5000000000000001,0.0,0.0,0.0,3.0,0.0,1.0,0.6666666666666666,1.1547005383792517,2.0,2.0,0.5714285714285714,0.9759000729485331,4.0,2.0,0.5714285714285714,1.0163498575623617,8.0,3.0,0.4642857142857143,0.8380817098475258,13.0,3.0,0.4722222222222222,0.7740842003337552,17.0,3.0,0.4722222222222222,0.7740842003337552,17.0,3.0,2.0,-1.0,1.0,819,0.36752136752136755,0.07448107448107448,0.38217338217338215,0.32722832722832723,0.09523809523809523,0.2600732600732601,48.207196029776675,6.882783882783883
2022-02-06,0,0,0,0,0,0,0,0,0,0,0,0,2022,2,6,6,37,5,1,1,0,0,-0.7818314824680299,0.6234898018587334,0.5947266869607634,0.8039279618328213,0.5680647467311558,0.8229838658936564,0.8660254037844386,0.5000000000000001,2.0,0.0,0.0,0.0,0.0,0.0,0.6666666666666666,1.1547005383792517,2.0,2.0,0.5714285714285714,0.9759000729485331,4.0,2.0,0.5714285714285714,1.0163498575623617,8.0,3.0,0.4642857142857143,0.8380817098475258,13.0,3.0,0.4594594594594595,0.7671952740916674,17.0,3.0,0.4594594594594595,0.7671952740916674,17.0,3.0,-2.0,0.0,0.0,819,0.36752136752136755,0.07448107448107448,0.38217338217338215,0.32722832722832723,0.09523809523809523,0.2600732600732601,48.207196029776675,6.882783882783883
2022-02-07,1,1,0,1,0,1,0,1,4,0,0,0,2022,2,7,0,38,6,1,0,1,0,0.0,1.0,0.6084768701151261,0.7935716089521474,0.6631226582407952,0.7485107481711011,0.8660254037844386,0.5000000000000001,0.0,2.0,0.0,0.0,1.0,0.0,1.0,1.0000000000000002,3.0,2.0,0.7142857142857143,0.9511897312113416,5.0,2.0,0.5714285714285714,1.0163498575623617,8.0,3.0,0.5,0.8388704928078611,14.0,3.0,0.47368421052631576,0.7618200860621478,18.0,3.0,0.47368421052631576,0.7618200860621478,18.0,3.0,1.0,1.0,1.0,819,0.36752136752136755,0.07448107448107448,0.38217338217338215,0.32722832722832723,0.09523809523809523,0.2600732600732601,48.207196029776675,6.882783882783883
2022-02-08,0,0,0,0,0,0,0,0,0,0,0,0,2022,2,8,1,39,6,1,0,0,0,0.7818314824680298,0.6234898018587336,0.6220467484408675,0.7829801036770629,0.6631226582407952,0.7485107481711011,0.8660254037844386,0.5000000000000001,1.0,0.0,2.0,2.0,0.0,0.0,0.3333333333333333,0.5773502691896262,1.0,1.0,0.42857142857142855,0.786795792469443,3.0,2.0,0.5714285714285714,1.0163498575623617,8.0,3.0,0.5,0.8388704928078611,14.0,3.0,0.46153846153846156,0.7555462940344224,18.0,3.0,0.46153846153846156,0.7555462940344224,18.0,3.0,-1.0,-2.0,0.0,819,0.36752136752136755,0.07448107448107448,0.38217338217338215,0.32722832722832723,0.09523809523809523,0.2600732600732601,48.207196029776675,6.882783882783883
2022-02-09,0,0,0,0,0,0,0,0,0,0,0,0,2022,2,9,2,40,6,1,0,0,0,0.9749279121818236,-0.22252093395631434,0.6354323008901774,0.7721565844991642,0.6631226582407952,0.7485107481711011,0.8660254037844386,0.5000000000000001,0.0,1.0,0.0,0.0,0.0,0.0,0.3333333333333333,0.5773502691896262,1.0,1.0,0.42857142857142855,0.786795792469443,3.0,2.0,0.5714285714285714,1.0163498575623617,8.0,3.0,0.5,0.8388704928078611,14.0,3.0,0.45,0.7493587001820033,18.0,3.0,0.45,0.7493587001820033,18.0,3.0,0.0,0.0,0.0,819,0.36752136752136755,0.07448107448107448,0.38217338217338215,0.32722832722832723,0.09523809523809523,0.2600732600732601,48.207196029776675,6.882783882783883
2022-02-10,0,0,0,0,0,0,0,0,0,0,0,0,2022,2,10,3,41,6,1,0,0,0,0.43388373911755823,-0.900968867902419,0.6486295610349814,0.7611042586607747,0.6631226582407952,0.7485107481711011,0.8660254037844386,0.5000000000000001,0.0,0.0,1.0,0.0,0.0,0.0,0.0,0.0,0.0,0.0,0.42857142857142855,0.786795792469443,3.0,2.0,0.5714285714285714,1.0163498575623617,8.0,3.0,0.5,0.8388704928078611,14.0,3.0,0.43902439024390244,0.743262419600402,18.0,3.0,0.43902439024390244,0.743262419600402,18.0,3.0,0.0,0.0,0.0,819,0.36752136752136755,0.07448107448107448,0.38217338217338215,0.32722832722832723,0.09523809523809523,0.2600732600732601,48.207196029776675,6.882783882783883
2022-02-11,0,0,0,0,0,0,0,0,0,0,0,0,2022,2,11,4,42,6,1,0,0,1,-0.433883739117558,-0.9009688679024191,0.6616346182422783,0.7498264012045686,0.6631226582407952,0.7485107481711011,0.8660254037844386,0.5000000000000001,0.0,0.0,0.0,0.0,0.0,0.0,0.0,0.0,0.0,0.0,0.42857142857142855,0.786795792469443,3.0,2.0,0.5714285714285714,1.0163498575623617,8.0,3.0,0.5,0.8388704928078611,14.0,3.0,0.42857142857142855,0.7372611524884797,18.0,3.0,0.42857142857142855,0.7372611524884797,18.0,3.0,0.0,0.0,0.0,819,0.36752136752136755,0.07448107448107448,0.38217338217338215,0.32722832722832723,0.09523809523809523,0.2600732600732601,48.207196029776675,6.882783882783883
2022-02-12,1,1,0,1,0,0,0,0,2,0,0,0,2022,2,12,5,43,6,1,1,0,0,-0.9749279121818236,-0.2225209339563146,0.6744436188329455,0.7383263540031065,0.6631226582407952,0.7485107481711011,0.8660254037844386,0.5000000000000001,0.0,0.0,0.0,2.0,3.0,0.0,0.3333333333333333,0.5773502691896262,1.0,1.0,0.2857142857142857,0.4879500364742662,2.0,1.0,0.42857142857142855,0.7559289460184546,6.0,2.0,0.5357142857142857,0.8380817098475258,15.0,3.0,0.4418604651162791,0.7336252313453001,19.0,3.0,0.4418604651162791,0.7336252313453001,19.0,3.0,1.0,-1.0,1.0,819,0.36752136752136755,0.07448107448107448,0.38217338217338215,0.32722832722832723,0.09523809523809523,0.2600732600732601,48.207196029776675,6.882783882783883
2022-02-13,0,0,0,0,0,0,0,0,0,0,0,0,2022,2,13,6,44,6,1,1,0,0,-0.7818314824680299,0.6234898018587334,0.6870527672236669,0.7266075247685656,0.6631226582407952,0.7485107481711011,0.8660254037844386,0.5000000000000001,1.0,0.0,0.0,0.0,0.0,1.0,0.3333333333333333,0.5773502691896262,1.0,1.0,0.2857142857142857,0.4879500364742662,2.0,1.0,0.42857142857142855,0.7559289460184546,6.0,2.0,0.5,0.8388704928078611,14.0,3.0,0.4318181818181818,0.728098104580895,19.0,3.0,0.4318181818181818,0.728098104580895,19.0,3.0,-1.0,0.0,-1.0,819,0.36752136752136755,0.07448107448107448,0.38217338217338215,0.32722832722832723,0.09523809523809523,0.2600732600732601,48.207196029776675,6.882783882783883
2022-02-14,1,0,0,0,0,1,0,1,2,0,0,0,2022,2,14,0,45,7,1,0,1,0,0.0,1.0,0.699458327051647,0.7146733860429609,0.7485107481711011,0.6631226582407953,0.8660254037844386,0.5000000000000001,0.0,1.0,0.0,1.0,0.0,1.0,0.6666666666666666,0.5773502691896262,2.0,1.0,0.2857142857142857,0.4879500364742662,2.0,1.0,0.5,0.75955452531275,7.0,2.0,0.5,0.8388704928078611,14.0,3.0,0.4444444444444444,0.7247430753394787,20.0,3.0,0.4444444444444444,0.7247430753394787,20.0,3.0,1.0,0.0,0.0,819,0.36752136752136755,0.07448107448107448,0.38217338217338215,0.32722832722832723,0.09523809523809523,0.2600732600732601,48.207196029776675,6.882783882783883
2022-02-15,2,1,0,1,0,2,0,2,5,0,0,0,2022,2,15,1,46,7,1,0,0,0,0.7818314824680298,0.6234898018587336,0.7116566222817746,0.7025274741691571,0.7485107481711011,0.6631226582407953,0.8660254037844386,0.5000000000000001,1.0,0.0,1.0,0.0,2.0,0.0,1.0,1.0000000000000002,3.0,2.0,0.5714285714285714,0.7867957924694429,4.0,2.0,0.5,0.75955452531275,7.0,2.0,0.5714285714285714,0.87891226666077,16.0,3.0,0.4782608695652174,0.7524517093337134,22.0,3.0,0.4782608695652174,0.7524517093337134,22.0,3.0,1.0,2.0,2.0,819,0.36752136752136755,0.07448107448107448,0.38217338217338215,0.32722832722832723,0.09523809523809523,0.2600732600732601,48.207196029776675,6.882783882783883
2022-02-16,0,0,0,0,0,0,0,0,0,0,0,0,2022,2,16,2,47,7,1,0,0,0,0.9749279121818236,-0.22252093395631434,0.7236440382959124,0.6901733882429719,0.7485107481711011,0.6631226582407953,0.8660254037844386,0.5000000000000001,2.0,1.0,0.0,0.0,0.0,2.0,1.0,1.0000000000000002,3.0,2.0,0.5714285714285714,0.7867957924694429,4.0,2.0,0.5,0.75955452531275,7.0,2.0,0.5,0.8388704928078611,14.0,3.0,0.46808510638297873,0.7474904050507427,22.0,3.0,0.46808510638297873,0.7474904050507427,22.0,3.0,-2.0,0.0,-2.0,819,0.36752136752136755,0.07448107448107448,0.38217338217338215,0.32722832722832723,0.09523809523809523,0.2600732600732601,48.207196029776675,6.882783882783883
2022-02-17,0,0,0,0,0,0,0,0,0,0,0,0,2022,2,17,3,48,7,1,0,0,0,0.43388373911755823,-0.900968867902419,0.7354170229639855,0.6776147890466889,0.7485107481711011,0.6631226582407953,0.8660254037844386,0.5000000000000001,0.0,2.0,1.0,0.0,0.0,1.0,0.6666666666666666,1.1547005383792517,2.0,2.0,0.5714285714285714,0.7867957924694429,4.0,2.0,0.5,0.75955452531275,7.0,2.0,0.4642857142857143,0.8380817098475258,13.0,3.0,0.4583333333333333,0.7425755447874055,22.0,3.0,0.4583333333333333,0.7425755447874055,22.0,3.0,0.0,0.0,-1.0,819,0.36752136752136755,0.07448107448107448,0.38217338217338215,0.32722832722832723,0.09523809523809523,0.2600732600732601,48.207196029776675,6.882783882783883
2022-02-18,0,0,0,0,0,0,0,0,0,0,0,0,2022,2,18,4,49,7,1,0,0,1,-0.433883739117558,-0.9009688679024191,0.7469720876965552,0.6648553979642865,0.7485107481711011,0.6631226582407953,0.8660254037844386,0.5000000000000001,0.0,0.0,2.0,0.0,0.0,0.0,0.0,0.0,0.0,0.0,0.5714285714285714,0.7867957924694429,4.0,2.0,0.5,0.75955452531275,7.0,2.0,0.4642857142857143,0.8380817098475258,13.0,3.0,0.4489795918367347,0.7377111135633175,22.0,3.0,0.4489795918367347,0.7377111135633175,22.0,3.0,0.0,0.0,0.0,819,0.36752136752136755,0.07448107448107448,0.38217338217338215,0.32722832722832723,0.09523809523809523,0.2600732600732601,48.207196029776675,6.882783882783883
2022-02-19,1,1,0,1,0,0,0,0,2,0,0,1,2022,2,19,5,50,7,1,1,0,0,-0.9749279121818236,-0.2225209339563146,0.7583058084785624,0.6518989958787126,0.7485107481711011,0.6631226582407953,0.8660254037844386,0.5000000000000001,0.0,0.0,0.0,1.0,2.0,0.0,0.3333333333333333,0.5773502691896262,1.0,1.0,0.5714285714285714,0.7867957924694429,4.0,2.0,0.42857142857142855,0.646206172658864,6.0,2.0,0.5,0.8388704928078611,14.0,3.0,0.46,0.7342912729083656,23.0,3.0,0.46,0.7342912729083656,23.0,3.0,1.0,0.0,1.0,819,0.36752136752136755,0.07448107448107448,0.38217338217338215,0.32722832722832723,0.09523809523809523,0.2600732600732601,48.207196029776675,6.882783882783883
2022-02-20,0,0,0,0,0,0,0,0,0,0,0,0,2022,2,20,6,51,7,1,1,0,0,-0.7818314824680299,0.6234898018587334,0.7694148268839378,0.6387494220515272,0.7485107481711011,0.6631226582407953,0.8660254037844386,0.5000000000000001,1.0,0.0,0.0,0.0,0.0,0.0,0.3333333333333333,0.5773502691896262,1.0,1.0,0.5714285714285714,0.7867957924694429,4.0,2.0,0.42857142857142855,0.646206172658864,6.0,2.0,0.5,0.8388704928078611,14.0,3.0,0.45098039215686275,0.7297595628752276,23.0,3.0,0.45098039215686275,0.7297595628752276,23.0,3.0,-1.0,0.0,0.0,819,0.36752136752136755,0.07448107448107448,0.38217338217338215,0.32722832722832723,0.09523809523809523,0.2600732600732601,48.207196029776675,6.882783882783883
2022-02-21,0,0,0,0,0,0,0,0,0,0,0,0,2022,2,21,0,52,8,1,0,1,0,0.0,1.0,0.7802958510707755,0.6254105729852463,0.8229838658936564,0.5680647467311559,0.8660254037844386,0.5000000000000001,0.0,1.0,0.0,1.0,1.0,1.0,0.3333333333333333,0.5773502691896263,1.0,1.0,0.42857142857142855,0.7867957924694429,3.0,2.0,0.35714285714285715,0.633323693776651,5.0,2.0,0.4642857142857143,0.8380817098475258,13.0,3.0,0.4423076923076923,0.7252710524676352,23.0,3.0,0.4423076923076923,0.7252710524676352,23.0,3.0,0.0,-1.0,-1.0,819,0.36752136752136755,0.07448107448107448,0.38217338217338215,0.32722832722832723,0.09523809523809523,0.2600732600732601,48.207196029776675,6.882783882783883
2022-02-22,1,0,0,0,0,0,0,0,2,1,1,0,2022,2,22,1,53,8,1,0,0,0,0.7818314824680298,0.6234898018587336,0.7909456567567772,0.6118864012687243,0.8229838658936564,0.5680647467311559,0.8660254037844386,0.5000000000000001,0.0,0.0,1.0,2.0,0.0,0.0,0.3333333333333333,0.5773502691896263,1.0,1.0,0.2857142857142857,0.48795003647426616,2.0,1.0,0.42857142857142855,0.646206172658864,6.0,2.0,0.5,0.8388704928078611,14.0,3.0,0.4528301886792453,0.7223369588689483,24.0,3.0,0.4528301886792453,0.7223369588689483,24.0,3.0,1.0,-1.0,1.0,819,0.36752136752136755,0.07448107448107448,0.38217338217338215,0.32722832722832723,0.09523809523809523,0.2600732600732601,48.207196029776675,6.882783882783883
2022-02-23,2,1,0,1,0,1,0,1,4,1,1,1,2022,2,23,2,54,8,1,0,0,0,0.9749279121818236,-0.22252093395631434,0.8013610881746766,0.5981809144059165,0.8229838658936564,0.5680647467311559,0.8660254037844386,0.5000000000000001,1.0,0.0,0.0,0.0,0.0,0.0,1.0,1.0000000000000002,3.0,2.0,0.5714285714285714,0.7867957924694428,4.0,2.0,0.5714285714285714,0.7559289460184544,8.0,2.0,0.5714285714285714,0.87891226666077,16.0,3.0,0.48148148148148145,0.7458246225320818,26.0,3.0,0.48148148148148145,0.7458246225320818,26.0,3.0,1.0,2.0,2.0,819,0.36752136752136755,0.07448107448107448,0.38217338217338215,0.32722832722832723,0.09523809523809523,0.2600732600732601,48.207196029776675,6.882783882783883
2022-02-24,0,0,0,0,0,0,0,0,0,0,0,0,2022,2,24,3,55,8,1,0,0,0,0.43388373911755823,-0.900968867902419,0.8115390590073611,0.5842981736283684,0.8229838658936564,0.5680647467311559,0.8660254037844386,0.5000000000000001,2.0,1.0,0.0,0.0,0.0,0.0,1.0,1.0000000000000002,3.0,2.0,0.5714285714285714,0.7867957924694428,4.0,2.0,0.5714285714285714,0.7559289460184544,8.0,2.0,0.5714285714285714,0.87891226666077,16.0,3.0,0.4727272727272727,0.7417333416857774,26.0,3.0,0.4727272727272727,0.7417333416857774,26.0,3.0,-2.0,0.0,0.0,819,0.36752136752136755,0.07448107448107448,0.38217338217338215,0.32722832722832723,0.09523809523809523,0.2600732600732601,48.207196029776675,6.882783882783883
2022-02-25,0,0,0,0,0,0,0,0,0,0,0,0,2022,2,25,4,56,8,1,0,0,1,-0.433883739117558,-0.9009688679024191,0.8214765533024142,0.5702422926917871,0.8229838658936564,0.5680647467311559,0.8660254037844386,0.5000000000000001,0.0,2.0,1.0,0.0,0.0,0.0,0.6666666666666666,1.1547005383792517,2.0,2.0,0.5714285714285714,0.7867957924694428,4.0,2.0,0.5714285714285714,0.7559289460184544,8.0,2.0,0.5714285714285714,0.87891226666077,16.0,3.0,0.4642857142857143,0.7376691969682916,26.0,3.0,0.4642857142857143,0.7376691969682916,26.0,3.0,0.0,0.0,0.0,819,0.36752136752136755,0.07448107448107448,0.38217338217338215,0.32722832722832723,0.09523809523809523,0.2600732600732601,48.207196029776675,6.882783882783883
2022-02-26,1,1,0,1,0,0,0,0,2,0,0,0,2022,2,26,5,57,8,1,1,0,0,-0.9749279121818236,-0.2225209339563146,0.8311706263658079,0.5560174366570446,0.8229838658936564,0.5680647467311559,0.8660254037844386,0.5000000000000001,0.0,0.0,2.0,1.0,1.0,3.0,0.3333333333333333,0.5773502691896262,1.0,1.0,0.5714285714285714,0.7867957924694428,4.0,2.0,0.5714285714285714,0.7559289460184544,8.0,2.0,0.5,0.7453559924999299,14.0,2.0,0.4642857142857143,0.7376691969682916,26.0,3.0,0.47368421052631576,0.7344887229975191,27.0,3.0,1.0,0.0,-2.0,819,0.36752136752136755,0.07448107448107448,0.38217338217338215,0.32722832722832723,0.09523809523809523,0.2600732600732601,48.207196029776675,6.882783882783883
2022-02-27,1,0,0,0,0,0,0,0,2,0,0,0,2022,2,27,6,58,8,1,1,0,0,-0.7818314824680299,0.6234898018587334,0.8406184056344782,0.5416278206559814,0.8229838658936564,0.5680647467311559,0.8660254037844386,0.5000000000000001,1.0,0.0,0.0,0.0,0.0,0.0,0.6666666666666666,0.5773502691896262,2.0,1.0,0.7142857142857143,0.7559289460184541,5.0,2.0,0.6428571428571429,0.7449463436684919,9.0,2.0,0.5357142857142857,0.7444681351359534,15.0,2.0,0.48214285714285715,0.7383291069231052,27.0,3.0,0.4827586206896552,0.7312901195554796,28.0,3.0,0.0,1.0,1.0,819,0.36752136752136755,0.07448107448107448,0.38217338217338215,0.32722832722832723,0.09523809523809523,0.2600732600732601,48.207196029776675,6.882783882783883
2022-02-28,0,0,0,0,0,0,0,0,0,0,0,0,2022,2,28,0,59,9,1,0,1,0,0.0,1.0,0.8498170915275278,0.5270777086423722,0.8854560256532099,0.4647231720437686,0.8660254037844386,0.5000000000000001,1.0,1.0,0.0,0.0,1.0,0.0,0.6666666666666666,0.5773502691896262,2.0,1.0,0.7142857142857143,0.7559289460184541,5.0,2.0,0.5714285714285714,0.7559289460184544,8.0,2.0,0.5357142857142857,0.7444681351359534,15.0,2.0,0.48214285714285715,0.7383291069231052,27.0,3.0,0.4745762711864407,0.7276777470592093,28.0,3.0,-1.0,0.0,0.0,819,0.36752136752136755,0.07448107448107448,0.38217338217338215,0.32722832722832723,0.09523809523809523,0.2600732600732601,48.207196029776675,6.882783882783883
2022-03-01,0,0,0,0,0,0,0,0,0,0,0,0,2022,3,1,1,60,9,1,0,0,0,0.7818314824680298,0.6234898018587336,0.8587639582758029,0.5123714121284237,0.8854560256532099,0.4647231720437686,1.0,6.123233995736766e-17,0.0,1.0,1.0,1.0,2.0,2.0,0.3333333333333333,0.5773502691896262,1.0,1.0,0.5714285714285714,0.7867957924694428,4.0,2.0,0.42857142857142855,0.646206172658864,6.0,2.0,0.4642857142857143,0.6929348671835832,13.0,2.0,0.48214285714285715,0.7383291069231052,27.0,3.0,0.4666666666666667,0.7240813388775701,28.0,3.0,0.0,-1.0,-2.0,819,0.36752136752136755,0.07448107448107448,0.38217338217338215,0.32722832722832723,0.09523809523809523,0.2600732600732601,48.207196029776675,6.882783882783883
2022-03-02,1,0,0,0,0,0,0,0,2,0,0,1,2022,3,2,2,61,9,1,0,0,0,0.9749279121818236,-0.22252093395631434,0.8674563547295969,0.49751328890718066,0.8854560256532099,0.4647231720437686,1.0,6.123233995736766e-17,0.0,0.0,1.0,2.0,0.0,0.0,0.3333333333333333,0.5773502691896262,1.0,1.0,0.42857142857142855,0.5345224838248482,3.0,1.0,0.5,0.6504436355879909,7.0,2.0,0.5,0.693888666488711,14.0,2.0,0.48214285714285715,0.7383291069231052,27.0,3.0,0.47540983606557374,0.7212617966002169,29.0,3.0,1.0,-1.0,1.0,819,0.36752136752136755,0.07448107448107448,0.38217338217338215,0.32722832722832723,0.09523809523809523,0.2600732600732601,48.207196029776675,6.882783882783883
2022-03-03,2,0,0,0,0,0,0,0,4,0,0,0,2022,3,3,3,62,9,1,0,0,0,0.43388373911755823,-0.900968867902419,0.8758917051442429,0.48250774176121847,0.8854560256532099,0.4647231720437686,1.0,6.123233995736766e-17,1.0,0.0,0.0,0.0,0.0,0.0,1.0,1.0000000000000002,3.0,2.0,0.7142857142857143,0.7559289460184541,5.0,2.0,0.6428571428571429,0.744946343668492,9.0,2.0,0.5714285714285714,0.7417981870189158,16.0,2.0,0.5178571428571429,0.7625572152261799,29.0,3.0,0.5,0.7410670198226693,31.0,3.0,1.0,2.0,2.0,819,0.36752136752136755,0.07448107448107448,0.38217338217338215,0.32722832722832723,0.09523809523809523,0.2600732600732601,48.207196029776675,6.882783882783883
2022-03-04,3,1,1,1,0,0,0,0,7,0,0,2,2022,3,4,4,63,9,1,0,0,1,-0.433883739117558,-0.9009688679024191,0.8840675099433636,0.4673592171580022,0.8854560256532099,0.4647231720437686,1.0,6.123233995736766e-17,2.0,1.0,0.0,0.0,0.0,0.0,2.0,1.0000000000000002,6.0,3.0,1.1428571428571428,1.0690449676496971,8.0,3.0,0.8571428571428571,0.9492622930986468,12.0,3.0,0.6785714285714286,0.8629652337776967,19.0,3.0,0.5535714285714286,0.8294498254789213,31.0,3.0,0.5396825396825397,0.7997055269607123,34.0,3.0,1.0,3.0,3.0,819,0.36752136752136755,0.07448107448107448,0.38217338217338215,0.32722832722832723,0.09523809523809523,0.2600732600732601,48.207196029776675,6.882783882783883
2022-03-05,1,0,0,0,0,0,0,0,4,0,0,0,2022,3,5,5,64,9,1,1,0,0,-0.9749279121818236,-0.2225209339563146,0.8919813464595485,0.45207220393230435,0.8854560256532099,0.4647231720437686,1.0,6.123233995736766e-17,3.0,2.0,1.0,1.0,1.0,2.0,2.0,1.0000000000000002,6.0,3.0,1.1428571428571428,1.0690449676496971,8.0,3.0,0.8571428571428571,0.9492622930986468,12.0,3.0,0.6428571428571429,0.8261595987094035,18.0,3.0,0.5535714285714286,0.8294498254789213,31.0,3.0,0.546875,0.7954171811467817,35.0,3.0,-2.0,0.0,-1.0,819,0.36752136752136755,0.07448107448107448,0.38217338217338215,0.32722832722832723,0.09523809523809523,0.2600732600732601,48.207196029776675,6.882783882783883
2022-03-06,2,0,0,0,0,0,0,0,4,0,0,0,2022,3,6,6,65,9,1,1,0,0,-0.7818314824680299,0.6234898018587334,0.8996308696522433,0.43665123195606403,0.8854560256532099,0.4647231720437686,1.0,6.123233995736766e-17,1.0,3.0,2.0,1.0,0.0,0.0,2.0,1.0000000000000002,6.0,3.0,1.2857142857142858,1.1126972805283732,9.0,3.0,1.0,0.9607689228305228,14.0,3.0,0.7142857142857143,0.8544932592822078,20.0,3.0,0.5892857142857143,0.848030567937173,33.0,3.0,0.5692307692307692,0.8094988953287469,37.0,3.0,1.0,1.0,2.0,819,0.36752136752136755,0.07448107448107448,0.38217338217338215,0.32722832722832723,0.09523809523809523,0.2600732600732601,48.207196029776675,6.882783882783883
2022-03-07,0,0,0,0,0,0,0,0,0,0,0,0,2022,3,7,0,66,10,1,0,1,0,0.0,1.0,0.9070138128026359,0.4211008707960896,0.9350162426854148,0.35460488704253557,1.0,6.123233995736766e-17,2.0,1.0,3.0,0.0,0.0,1.0,1.0,1.0000000000000002,3.0,2.0,1.2857142857142858,1.1126972805283732,9.0,3.0,1.0,0.9607689228305228,14.0,3.0,0.6785714285714286,0.8629652337776967,19.0,3.0,0.5892857142857143,0.848030567937173,33.0,3.0,0.5606060606060606,0.8062980529038565,37.0,3.0,-2.0,0.0,-1.0,819,0.36752136752136755,0.07448107448107448,0.38217338217338215,0.32722832722832723,0.09523809523809523,0.2600732600732601,48.207196029776675,6.882783882783883
2022-03-08,0,0,0,0,0,0,0,0,0,0,0,0,2022,3,8,1,67,10,1,0,0,0,0.7818314824680298,0.6234898018587336,0.9141279881853337,0.40542572835999735,0.9350162426854148,0.35460488704253557,1.0,6.123233995736766e-17,0.0,2.0,1.0,0.0,1.0,0.0,0.6666666666666666,1.1547005383792517,2.0,2.0,1.2857142857142858,1.1126972805283732,9.0,3.0,0.9285714285714286,0.9972489631508746,13.0,3.0,0.6785714285714286,0.8629652337776967,19.0,3.0,0.5892857142857143,0.848030567937173,33.0,3.0,0.5522388059701493,0.8030921696895909,37.0,3.0,0.0,0.0,0.0,819,0.36752136752136755,0.07448107448107448,0.38217338217338215,0.32722832722832723,0.09523809523809523,0.2600732600732601,48.207196029776675,6.882783882783883
2022-03-09,0,0,0,0,0,0,0,0,0,0,0,0,2022,3,9,2,68,10,1,0,0,0,0.9749279121818236,-0.22252093395631434,0.9209712877166346,0.38963044953078796,0.9350162426854148,0.35460488704253557,1.0,6.123233995736766e-17,0.0,0.0,2.0,1.0,2.0,0.0,0.0,0.0,0.0,0.0,1.1428571428571428,1.2149857925879115,8.0,3.0,0.7857142857142857,0.9749612559222293,11.0,3.0,0.6785714285714286,0.8629652337776967,19.0,3.0,0.5892857142857143,0.848030567937173,33.0,3.0,0.5441176470588235,0.7998847590394723,37.0,3.0,0.0,-1.0,0.0,819,0.36752136752136755,0.07448107448107448,0.38217338217338215,0.32722832722832723,0.09523809523809523,0.2600732600732601,48.207196029776675,6.882783882783883
2022-03-10,0,0,0,0,0,0,0,0,0,0,0,0,2022,3,10,3,69,10,1,0,0,0,0.43388373911755823,-0.900968867902419,0.9275416835791966,0.37371971479046906,0.9350162426854148,0.35460488704253557,1.0,6.123233995736766e-17,0.0,0.0,0.0,2.0,0.0,0.0,0.0,0.0,0.0,0.0,0.8571428571428571,1.2149857925879115,6.0,3.0,0.7857142857142857,0.9749612559222293,11.0,3.0,0.6785714285714286,0.8629652337776967,19.0,3.0,0.5892857142857143,0.848030567937173,33.0,3.0,0.5362318840579711,0.7966789549145572,37.0,3.0,0.0,-2.0,0.0,819,0.36752136752136755,0.07448107448107448,0.38217338217338215,0.32722832722832723,0.09523809523809523,0.2600732600732601,48.207196029776675,6.882783882783883
2022-03-11,0,0,0,0,0,0,0,0,0,0,0,0,2022,3,11,4,70,10,1,0,0,1,-0.433883739117558,-0.9009688679024191,0.9338372288229252,0.35769823883312546,0.9350162426854148,0.35460488704253557,1.0,6.123233995736766e-17,0.0,0.0,0.0,3.0,0.0,0.0,0.0,0.0,0.0,0.0,0.42857142857142855,0.7867957924694431,3.0,2.0,0.7857142857142857,0.9749612559222293,11.0,3.0,0.6785714285714286,0.8629652337776967,19.0,3.0,0.5892857142857143,0.848030567937173,33.0,3.0,0.5285714285714286,0.7934775518304215,37.0,3.0,0.0,-3.0,0.0,819,0.36752136752136755,0.07448107448107448,0.38217338217338215,0.32722832722832723,0.09523809523809523,0.2600732600732601,48.207196029776675,6.882783882783883
2022-03-12,0,0,0,0,0,0,0,0,0,0,0,0,2022,3,12,5,71,10,1,1,0,0,-0.9749279121818236,-0.2225209339563146,0.9398560579418954,0.3415707691678556,0.9350162426854148,0.35460488704253557,1.0,6.123233995736766e-17,0.0,0.0,0.0,1.0,1.0,1.0,0.0,0.0,0.0,0.0,0.2857142857142857,0.7559289460184545,2.0,2.0,0.7142857142857143,0.9944903161976938,10.0,3.0,0.6428571428571429,0.8698354767504926,18.0,3.0,0.5892857142857143,0.848030567937173,33.0,3.0,0.5211267605633803,0.7902830402471087,37.0,3.0,0.0,-1.0,-1.0,819,0.36752136752136755,0.07448107448107448,0.38217338217338215,0.32722832722832723,0.09523809523809523,0.2600732600732601,48.207196029776675,6.882783882783883
2022-03-13,0,0,0,0,0,0,0,0,0,0,0,0,2022,3,13,6,72,10,1,1,0,0,-0.7818314824680299,0.6234898018587334,0.9455963874271426,0.3253420847119801,0.9350162426854148,0.35460488704253557,1.0,6.123233995736766e-17,0.0,0.0,0.0,2.0,1.0,0.0,0.0,0.0,0.0,0.0,0.0,0.0,0.0,0.0,0.6428571428571429,1.0082080720186268,9.0,3.0,0.6428571428571429,0.8698354767504926,18.0,3.0,0.5714285714285714,0.8497516825978764,32.0,3.0,0.5138888888888888,0.7870976379749784,37.0,3.0,0.0,-2.0,0.0,819,0.36752136752136755,0.07448107448107448,0.38217338217338215,0.32722832722832723,0.09523809523809523,0.2600732600732601,48.207196029776675,6.882783882783883
2022-03-14,0,0,0,0,0,0,0,0,0,0,0,0,2022,3,14,0,73,11,1,0,1,0,0.0,1.0,0.9510565162951535,0.30901699437494745,0.970941817426052,0.23931566428755804,1.0,6.123233995736766e-17,0.0,0.0,0.0,0.0,0.0,1.0,0.0,0.0,0.0,0.0,0.0,0.0,0.0,0.0,0.6428571428571429,1.0082080720186268,9.0,3.0,0.6071428571428571,0.8751417118804337,17.0,3.0,0.5535714285714286,0.8510879210461452,31.0,3.0,0.5068493150684932,0.783923318090078,37.0,3.0,0.0,0.0,-1.0,819,0.36752136752136755,0.07448107448107448,0.38217338217338215,0.32722832722832723,0.09523809523809523,0.2600732600732601,48.207196029776675,6.882783882783883
2022-03-15,0,0,0,0,0,0,0,0,0,0,0,0,2022,3,15,1,74,11,1,0,0,0,0.7818314824680298,0.6234898018587336,0.9562348265919056,0.29260033563334836,0.970941817426052,0.23931566428755804,1.0,6.123233995736766e-17,0.0,0.0,0.0,0.0,0.0,2.0,0.0,0.0,0.0,0.0,0.0,0.0,0.0,0.0,0.6428571428571429,1.0082080720186268,9.0,3.0,0.5357142857142857,0.8380817098475258,15.0,3.0,0.5535714285714286,0.8510879210461452,31.0,3.0,0.5,0.7807618337853678,37.0,3.0,0.0,0.0,-2.0,819,0.36752136752136755,0.07448107448107448,0.38217338217338215,0.32722832722832723,0.09523809523809523,0.2600732600732601,48.207196029776675,6.882783882783883
2022-03-16,0,0,0,0,0,0,0,0,0,0,0,0,2022,3,16,2,75,11,1,0,0,0,0.9749279121818236,-0.22252093395631434,0.9611297838723007,0.27609697309746883,0.970941817426052,0.23931566428755804,1.0,6.123233995736766e-17,0.0,0.0,0.0,0.0,1.0,0.0,0.0,0.0,0.0,0.0,0.0,0.0,0.0,0.0,0.5714285714285714,1.0163498575623617,8.0,3.0,0.5357142857142857,0.8380817098475258,15.0,3.0,0.5178571428571429,0.8310140886798585,29.0,3.0,0.49333333333333335,0.7776147405268785,37.0,3.0,0.0,0.0,0.0,819,0.36752136752136755,0.07448107448107448,0.38217338217338215,0.32722832722832723,0.09523809523809523,0.2600732600732601,48.207196029776675,6.882783882783883
2022-03-17,1,0,0,0,0,0,0,0,2,0,0,0,2022,3,17,3,76,11,1,0,0,0,0.43388373911755823,-0.900968867902419,0.9657399376548549,0.2595117970697999,0.970941817426052,0.23931566428755804,1.0,6.123233995736766e-17,0.0,0.0,0.0,0.0,2.0,0.0,0.3333333333333333,0.5773502691896262,1.0,1.0,0.14285714285714285,0.3779644730092275,1.0,1.0,0.5,0.9405399431259605,7.0,3.0,0.5714285714285714,0.835710894037345,16.0,3.0,0.5178571428571429,0.8310140886798585,29.0,3.0,0.5,0.7745966692414833,38.0,3.0,1.0,1.0,1.0,819,0.36752136752136755,0.07448107448107448,0.38217338217338215,0.32722832722832723,0.09523809523809523,0.2600732600732601,48.207196029776675,6.882783882783883
2022-03-18,1,0,0,0,0,0,0,0,2,0,0,0,2022,3,18,4,77,11,1,0,0,1,-0.433883739117558,-0.9009688679024191,0.9700639218515071,0.2428497220959356,0.970941817426052,0.23931566428755804,1.0,6.123233995736766e-17,1.0,0.0,0.0,0.0,3.0,0.0,0.6666666666666666,0.5773502691896262,2.0,1.0,0.2857142857142857,0.48795003647426666,2.0,1.0,0.35714285714285715,0.6333236937766511,5.0,2.0,0.6071428571428571,0.8317445171439015,17.0,3.0,0.5357142857142857,0.8304278352815431,30.0,3.0,0.5064935064935064,0.7715905756323413,39.0,3.0,0.0,1.0,1.0,819,0.36752136752136755,0.07448107448107448,0.38217338217338215,0.32722832722832723,0.09523809523809523,0.2600732600732601,48.207196029776675,6.882783882783883
2022-03-19,1,1,0,1,0,0,0,0,2,0,0,0,2022,3,19,5,78,11,1,1,0,0,-0.9749279121818236,-0.2225209339563146,0.9741004551724205,0.22611568550828828,0.970941817426052,0.23931566428755804,1.0,6.123233995736766e-17,1.0,1.0,0.0,0.0,1.0,1.0,1.0,0.0,3.0,1.0,0.42857142857142855,0.5345224838248487,3.0,1.0,0.35714285714285715,0.6333236937766511,5.0,2.0,0.6071428571428571,0.8317445171439015,17.0,3.0,0.5535714285714286,0.8294498254789213,31.0,3.0,0.5128205128205128,0.7685978081822707,40.0,3.0,0.0,1.0,0.0,819,0.36752136752136755,0.07448107448107448,0.38217338217338215,0.32722832722832723,0.09523809523809523,0.2600732600732601,48.207196029776675,6.882783882783883
2022-03-20,0,0,0,0,0,0,0,0,0,0,0,0,2022,3,20,6,79,11,1,1,0,0,-0.7818314824680299,0.6234898018587334,0.9778483415056568,0.20931464596304847,0.970941817426052,0.23931566428755804,1.0,6.123233995736766e-17,1.0,1.0,1.0,0.0,2.0,0.0,0.6666666666666666,0.5773502691896262,2.0,1.0,0.42857142857142855,0.5345224838248487,3.0,1.0,0.21428571428571427,0.4258153136263203,3.0,1.0,0.6071428571428571,0.8317445171439015,17.0,3.0,0.5535714285714286,0.8294498254789213,31.0,3.0,0.5063291139240507,0.7658315025482815,40.0,3.0,-1.0,0.0,0.0,819,0.36752136752136755,0.07448107448107448,0.38217338217338215,0.32722832722832723,0.09523809523809523,0.2600732600732601,48.207196029776675,6.882783882783883
2022-03-21,1,0,0,0,0,1,0,1,2,0,0,0,2022,3,21,0,80,12,1,0,1,0,0.0,1.0,0.9813064702716093,0.19245158197082998,0.992708874098054,0.120536680255323,1.0,6.123233995736766e-17,0.0,1.0,1.0,0.0,0.0,0.0,0.6666666666666666,0.5773502691896262,2.0,1.0,0.5714285714285714,0.5345224838248486,4.0,1.0,0.2857142857142857,0.46880723093849563,4.0,1.0,0.6428571428571429,0.8261595987094035,18.0,3.0,0.5535714285714286,0.8294498254789213,31.0,3.0,0.5125,0.7629680551402901,41.0,3.0,1.0,1.0,1.0,819,0.36752136752136755,0.07448107448107448,0.38217338217338215,0.32722832722832723,0.09523809523809523,0.2600732600732601,48.207196029776675,6.882783882783883
2022-03-22,1,1,0,0,0,1,0,1,2,1,1,0,2022,3,22,1,81,12,1,0,0,0,0.7818314824680298,0.6234898018587336,0.9844738167520922,0.1755314904214282,0.992708874098054,0.120536680255323,1.0,6.123233995736766e-17,1.0,0.0,1.0,0.0,0.0,1.0,0.6666666666666666,0.5773502691896262,2.0,1.0,0.7142857142857143,0.4879500364742662,5.0,1.0,0.35714285714285715,0.4972451580988471,5.0,1.0,0.6428571428571429,0.8261595987094035,18.0,3.0,0.5714285714285714,0.828078671210825,32.0,3.0,0.5185185185185185,0.7601169500660919,42.0,3.0,0.0,1.0,0.0,819,0.36752136752136755,0.07448107448107448,0.38217338217338215,0.32722832722832723,0.09523809523809523,0.2600732600732601,48.207196029776675,6.882783882783883
2022-03-23,1,0,0,0,0,0,0,0,2,0,0,1,2022,3,23,2,82,12,1,0,0,0,0.9749279121818236,-0.22252093395631434,0.9873494423939864,0.15855938510313475,0.992708874098054,0.120536680255323,1.0,6.123233995736766e-17,1.0,1.0,0.0,0.0,0.0,2.0,1.0,0.0,3.0,1.0,0.8571428571428571,0.37796447300922653,6.0,1.0,0.42857142857142855,0.5135525910130957,6.0,1.0,0.6071428571428571,0.7859547491585427,17.0,3.0,0.5892857142857143,0.8263124153685505,33.0,3.0,0.524390243902439,0.7572792390060414,43.0,3.0,0.0,1.0,-1.0,819,0.36752136752136755,0.07448107448107448,0.38217338217338215,0.32722832722832723,0.09523809523809523,0.2600732600732601,48.207196029776675,6.882783882783883
2022-03-24,0,0,0,0,0,0,0,0,0,0,0,0,2022,3,24,3,83,12,1,0,0,0,0.43388373911755823,-0.900968867902419,0.989932495087353,0.141540295217043,0.992708874098054,0.120536680255323,1.0,6.123233995736766e-17,1.0,1.0,1.0,1.0,0.0,0.0,0.6666666666666666,0.5773502691896262,2.0,1.0,0.7142857142857143,0.4879500364742662,5.0,1.0,0.42857142857142855,0.5135525910130957,6.0,1.0,0.6071428571428571,0.7859547491585427,17.0,3.0,0.5892857142857143,0.8263124153685505,33.0,3.0,0.5180722891566265,0.7548452560387512,43.0,3.0,-1.0,-1.0,0.0,819,0.36752136752136755,0.07448107448107448,0.38217338217338215,0.32722832722832723,0.09523809523809523,0.2600732600732601,48.207196029776675,6.882783882783883
2022-03-25,1,0,0,0,0,0,0,0,2,0,0,0,2022,3,25,4,84,12,1,0,0,1,-0.433883739117558,-0.9009688679024191,0.9922222094179323,0.12447926388678915,0.992708874098054,0.120536680255323,1.0,6.123233995736766e-17,0.0,1.0,1.0,1.0,0.0,0.0,0.6666666666666666,0.5773502691896262,2.0,1.0,0.7142857142857143,0.4879500364742662,5.0,1.0,0.5,0.518874521662771,7.0,1.0,0.6428571428571429,0.7800420555749596,18.0,3.0,0.6071428571428571,0.8241485176961609,34.0,3.0,0.5238095238095238,0.7521245487122954,44.0,3.0,1.0,0.0,1.0,819,0.36752136752136755,0.07448107448107448,0.38217338217338215,0.32722832722832723,0.09523809523809523,0.2600732600732601,48.207196029776675,6.882783882783883
2022-03-26,1,1,0,1,0,0,0,0,2,0,0,0,2022,3,26,5,85,12,1,1,0,0,-0.9749279121818236,-0.2225209339563146,0.994217906893952,0.10738134666416309,0.992708874098054,0.120536680255323,1.0,6.123233995736766e-17,1.0,0.0,1.0,1.0,0.0,1.0,0.6666666666666666,0.5773502691896262,2.0,1.0,0.7142857142857143,0.4879500364742662,5.0,1.0,0.5714285714285714,0.5135525910130957,8.0,1.0,0.6428571428571429,0.7800420555749596,18.0,3.0,0.5714285714285714,0.7593572127947272,32.0,3.0,0.5238095238095238,0.7521245487122954,44.0,3.0,0.0,0.0,0.0,819,0.36752136752136755,0.07448107448107448,0.38217338217338215,0.32722832722832723,0.09523809523809523,0.2600732600732601,48.207196029776675,6.882783882783883
2022-03-27,0,0,0,0,0,0,0,0,0,0,0,0,2022,3,27,6,86,12,1,1,0,0,-0.7818314824680299,0.6234898018587334,0.995918996147179,0.09025161003104117,0.992708874098054,0.120536680255323,1.0,6.123233995736766e-17,1.0,1.0,0.0,0.0,0.0,1.0,0.6666666666666666,0.5773502691896262,2.0,1.0,0.7142857142857143,0.4879500364742662,5.0,1.0,0.5714285714285714,0.5135525910130957,8.0,1.0,0.6071428571428571,0.7859547491585427,17.0,3.0,0.5714285714285714,0.7593572127947272,32.0,3.0,0.5238095238095238,0.7521245487122954,44.0,3.0,-1.0,0.0,-1.0,819,0.36752136752136755,0.07448107448107448,0.38217338217338215,0.32722832722832723,0.09523809523809523,0.2600732600732601,48.207196029776675,6.882783882783883
2022-03-28,0,0,0,0,0,0,0,0,0,0,0,0,2022,3,28,0,87,13,1,0,1,0,0.0,1.0,0.9973249731081555,0.07309512989807777,1.0,-1.6081226496766366e-16,1.0,6.123233995736766e-17,0.0,1.0,1.0,1.0,0.0,0.0,0.3333333333333333,0.5773502691896262,1.0,1.0,0.5714285714285714,0.5345224838248486,4.0,1.0,0.5714285714285714,0.5135525910130957,8.0,1.0,0.6071428571428571,0.7859547491585427,17.0,3.0,0.5714285714285714,0.7593572127947272,32.0,3.0,0.5238095238095238,0.7521245487122954,44.0,3.0,0.0,-1.0,0.0,819,0.36752136752136755,0.07448107448107448,0.38217338217338215,0.32722832722832723,0.09523809523809523,0.2600732600732601,48.207196029776675,6.882783882783883
2022-03-29,1,1,0,1,0,0,0,0,5,0,0,0,2022,3,29,1,88,13,1,0,0,0,0.7818314824680298,0.6234898018587336,0.9984354211555643,0.055916990100603484,1.0,-1.6081226496766366e-16,1.0,6.123233995736766e-17,0.0,0.0,1.0,1.0,0.0,0.0,0.3333333333333333,0.5773502691896262,1.0,1.0,0.5714285714285714,0.5345224838248486,4.0,1.0,0.6428571428571429,0.4972451580988471,9.0,1.0,0.6428571428571429,0.7800420555749596,18.0,3.0,0.5535714285714286,0.7365680332002384,31.0,3.0,0.5357142857142857,0.7516476451397036,45.0,3.0,1.0,0.0,1.0,819,0.36752136752136755,0.07448107448107448,0.38217338217338215,0.32722832722832723,0.09523809523809523,0.2600732600732601,48.207196029776675,6.882783882783883
2022-03-30,0,0,0,0,0,0,0,0,0,0,0,0,2022,3,30,2,89,13,1,0,0,0,0.9749279121818236,-0.22252093395631434,0.9992500112396835,0.03872228089217446,1.0,-1.6081226496766366e-16,1.0,6.123233995736766e-17,1.0,0.0,0.0,1.0,0.0,1.0,0.3333333333333333,0.5773502691896263,1.0,1.0,0.42857142857142855,0.5345224838248487,3.0,1.0,0.6428571428571429,0.4972451580988471,9.0,1.0,0.6071428571428571,0.7859547491585427,17.0,3.0,0.5535714285714286,0.7365680332002384,31.0,3.0,0.5238095238095238,0.7521245487122954,44.0,3.0,-1.0,-1.0,-1.0,819,0.36752136752136755,0.07448107448107448,0.38217338217338215,0.32722832722832723,0.09523809523809523,0.2600732600732601,48.207196029776675,6.882783882783883
2022-03-31,2,1,0,1,0,3,0,1,4,1,1,1,2022,3,31,3,90,13,1,0,0,0,0.43388373911755823,-0.900968867902419,0.9997685019798909,0.021516097436222254,1.0,-1.6081226496766366e-16,1.0,6.123233995736766e-17,0.0,1.0,0.0,0.0,1.0,2.0,1.0,1.0000000000000002,3.0,2.0,0.7142857142857143,0.7559289460184542,5.0,2.0,0.7142857142857143,0.6112498455021268,10.0,2.0,0.6071428571428571,0.7859547491585427,17.0,3.0,0.5892857142857143,0.757430722047435,33.0,3.0,0.5476190476190477,0.7668549745042889,46.0,3.0,2.0,2.0,0.0,819,0.36752136752136755,0.07448107448107448,0.38217338217338215,0.32722832722832723,0.09523809523809523,0.2600732600732601,48.207196029776675,6.882783882783883
2022-04-01,2,0,0,2,0,0,0,0,4,0,0,0,2022,4,1,4,91,13,2,0,0,1,-0.433883739117558,-0.9009688679024191,0.9999907397361901,0.004303538296244289,1.0,-1.6081226496766366e-16,0.8660254037844387,-0.4999999999999998,2.0,0.0,1.0,1.0,1.0,3.0,1.3333333333333333,1.1547005383792517,4.0,2.0,0.8571428571428571,0.899735410842437,6.0,2.0,0.7857142857142857,0.6992932067530682,11.0,2.0,0.5714285714285714,0.6900655593423544,16.0,2.0,0.625,0.7760623217710851,35.0,3.0,0.5595238095238095,0.7815830471979547,47.0,3.0,0.0,1.0,-1.0,819,0.36752136752136755,0.07448107448107448,0.38217338217338215,0.32722832722832723,0.09523809523809523,0.2600732600732601,48.207196029776675,6.882783882783883
2022-04-02,1,0,0,1,0,0,0,0,2,0,0,0,2022,4,2,5,92,13,2,1,0,0,-0.9749279121818236,-0.2225209339563146,0.9999166586547379,-0.01291029607500882,1.0,-1.6081226496766366e-16,0.8660254037844387,-0.4999999999999998,2.0,2.0,0.0,1.0,1.0,1.0,1.6666666666666667,0.5773502691896264,5.0,2.0,0.8571428571428571,0.899735410842437,6.0,2.0,0.7857142857142857,0.6992932067530682,11.0,2.0,0.5714285714285714,0.6900655593423544,16.0,2.0,0.6071428571428571,0.755069447223148,34.0,3.0,0.5595238095238095,0.7815830471979547,47.0,3.0,-1.0,0.0,0.0,819,0.36752136752136755,0.07448107448107448,0.38217338217338215,0.32722832722832723,0.09523809523809523,0.2600732600732601,48.207196029776675,6.882783882783883
2022-04-03,1,1,0,1,0,0,0,0,2,0,0,0,2022,4,3,6,93,13,2,1,0,0,-0.7818314824680299,0.6234898018587334,0.9995462806873573,-0.030120304846908114,1.0,-1.6081226496766366e-16,0.8660254037844387,-0.4999999999999998,1.0,2.0,2.0,0.0,0.0,2.0,1.3333333333333333,0.5773502691896264,4.0,2.0,1.0,0.8164965809277257,7.0,2.0,0.8571428571428571,0.6629935441317961,12.0,2.0,0.5357142857142857,0.637247719560185,15.0,2.0,0.625,0.7522692941421251,35.0,3.0,0.5714285714285714,0.7805730716196232,48.0,3.0,0.0,1.0,-1.0,819,0.36752136752136755,0.07448107448107448,0.38217338217338215,0.32722832722832723,0.09523809523809523,0.2600732600732601,48.207196029776675,6.882783882783883
2022-04-04,1,0,0,0,0,1,0,1,2,0,0,0,2022,4,4,0,94,14,2,0,1,0,0.0,1.0,0.9988797155850336,-0.04732138832243185,0.992708874098054,-0.12053668025532288,0.8660254037844387,-0.4999999999999998,1.0,1.0,2.0,0.0,1.0,0.0,1.0,0.0,3.0,1.0,1.1428571428571428,0.6900655593423536,8.0,2.0,0.8571428571428571,0.6629935441317961,12.0,2.0,0.5714285714285714,0.634126487474228,16.0,2.0,0.625,0.7522692941421251,35.0,3.0,0.5833333333333334,0.7793777767395615,49.0,3.0,0.0,1.0,1.0,819,0.36752136752136755,0.07448107448107448,0.38217338217338215,0.32722832722832723,0.09523809523809523,0.2600732600732601,48.207196029776675,6.882783882783883
2022-04-05,0,0,0,0,0,0,0,0,0,0,0,0,2022,4,5,1,95,14,2,0,0,0,0.7818314824680298,0.6234898018587336,0.9979171608653922,-0.06450844944931623,0.992708874098054,-0.12053668025532288,0.8660254037844387,-0.4999999999999998,1.0,1.0,1.0,1.0,1.0,0.0,0.6666666666666666,0.5773502691896262,2.0,1.0,1.0,0.8164965809277257,7.0,2.0,0.7857142857142857,0.6992932067530682,11.0,2.0,0.5714285714285714,0.634126487474228,16.0,2.0,0.625,0.7522692941421251,35.0,3.0,0.5833333333333334,0.7793777767395615,49.0,3.0,-1.0,-1.0,0.0,819,0.36752136752136755,0.07448107448107448,0.38217338217338215,0.32722832722832723,0.09523809523809523,0.2600732600732601,48.207196029776675,6.882783882783883
2022-04-06,0,0,0,0,0,0,0,0,0,0,0,0,2022,4,6,2,96,14,2,0,0,0,0.9749279121818236,-0.22252093395631434,0.9966589017541702,-0.08167639533042241,0.992708874098054,-0.12053668025532288,0.8660254037844387,-0.4999999999999998,0.0,1.0,1.0,0.0,1.0,0.0,0.3333333333333333,0.5773502691896261,1.0,1.0,1.0,0.8164965809277257,7.0,2.0,0.7142857142857143,0.7262730392025631,10.0,2.0,0.5714285714285714,0.634126487474228,16.0,2.0,0.625,0.7522692941421251,35.0,3.0,0.5833333333333334,0.7793777767395615,49.0,3.0,0.0,0.0,0.0,819,0.36752136752136755,0.07448107448107448,0.38217338217338215,0.32722832722832723,0.09523809523809523,0.2600732600732601,48.207196029776675,6.882783882783883
2022-04-07,0,0,0,0,0,0,0,0,0,0,0,0,2022,4,7,3,97,14,2,0,0,0,0.43388373911755823,-0.900968867902419,0.9951053111006976,-0.09882013873287143,0.992708874098054,-0.12053668025532288,0.8660254037844387,-0.4999999999999998,0.0,0.0,1.0,2.0,0.0,0.0,0.0,0.0,0.0,0.0,0.7142857142857143,0.7559289460184543,5.0,2.0,0.7142857142857143,0.7262730392025631,10.0,2.0,0.5714285714285714,0.634126487474228,16.0,2.0,0.625,0.7522692941421251,35.0,3.0,0.5833333333333334,0.7793777767395615,49.0,3.0,0.0,-2.0,0.0,819,0.36752136752136755,0.07448107448107448,0.38217338217338215,0.32722832722832723,0.09523809523809523,0.2600732600732601,48.207196029776675,6.882783882783883
2022-04-08,1,0,0,0,0,0,0,0,1,0,0,0,2022,4,8,4,98,14,2,0,0,1,-0.433883739117558,-0.9009688679024191,0.9932568492674143,-0.11593459959550041,0.992708874098054,-0.12053668025532288,0.8660254037844387,-0.4999999999999998,0.0,0.0,0.0,2.0,1.0,0.0,0.3333333333333333,0.5773502691896261,1.0,1.0,0.5714285714285714,0.5345224838248487,4.0,1.0,0.7142857142857143,0.7262730392025631,10.0,2.0,0.6071428571428571,0.6288900106557948,17.0,2.0,0.6428571428571429,0.7490253407188312,36.0,3.0,0.5952380952380952,0.777996308397839,50.0,3.0,1.0,-1.0,1.0,819,0.36752136752136755,0.07448107448107448,0.38217338217338215,0.32722832722832723,0.09523809523809523,0.2600732600732601,48.207196029776675,6.882783882783883
2022-04-09,1,0,0,0,0,0,0,0,2,0,0,0,2022,4,9,5,99,14,2,1,0,0,-0.9749279121818236,-0.2225209339563146,0.9911140639934547,-0.1330147065341959,0.992708874098054,-0.12053668025532288,0.8660254037844387,-0.4999999999999998,1.0,0.0,0.0,1.0,1.0,0.0,0.6666666666666666,0.5773502691896262,2.0,1.0,0.5714285714285714,0.5345224838248487,4.0,1.0,0.7142857142857143,0.7262730392025631,10.0,2.0,0.6428571428571429,0.6214848238238697,18.0,2.0,0.6428571428571429,0.7490253407188312,36.0,3.0,0.6071428571428571,0.7764276728409312,51.0,3.0,0.0,0.0,1.0,819,0.36752136752136755,0.07448107448107448,0.38217338217338215,0.32722832722832723,0.09523809523809523,0.2600732600732601,48.207196029776675,6.882783882783883
2022-04-10,1,0,0,0,0,1,0,1,2,0,0,0,2022,4,10,6,100,14,2,1,0,0,-0.7818314824680299,0.6234898018587334,0.9886775902323405,-0.1500553983446526,0.992708874098054,-0.12053668025532288,0.8660254037844387,-0.4999999999999998,1.0,1.0,0.0,1.0,0.0,0.0,1.0,0.0,3.0,1.0,0.5714285714285714,0.5345224838248487,4.0,1.0,0.7857142857142857,0.6992932067530682,11.0,2.0,0.6785714285714286,0.6118321864193027,19.0,2.0,0.6607142857142857,0.7453317922371758,37.0,3.0,0.6071428571428571,0.7764276728409312,51.0,3.0,0.0,0.0,1.0,819,0.36752136752136755,0.07448107448107448,0.38217338217338215,0.32722832722832723,0.09523809523809523,0.2600732600732601,48.207196029776675,6.882783882783883
2022-04-11,0,0,0,0,0,0,0,0,0,0,0,0,2022,4,11,0,101,15,2,0,1,0,0.0,1.0,0.9859481499638304,-0.16705162550211924,0.9709418174260521,-0.2393156642875575,0.8660254037844387,-0.4999999999999998,1.0,1.0,1.0,1.0,0.0,0.0,0.6666666666666666,0.5773502691896262,2.0,1.0,0.42857142857142855,0.5345224838248489,3.0,1.0,0.7857142857142857,0.6992932067530682,11.0,2.0,0.6785714285714286,0.6118321864193027,19.0,2.0,0.6428571428571429,0.7490253407188312,36.0,3.0,0.5952380952380952,0.777996308397839,50.0,3.0,-1.0,-1.0,0.0,819,0.36752136752136755,0.07448107448107448,0.38217338217338215,0.32722832722832723,0.09523809523809523,0.2600732600732601,48.207196029776675,6.882783882783883
2022-04-12,0,0,0,0,0,0,0,0,0,0,0,0,2022,4,12,1,102,15,2,0,0,0,0.7818314824680298,0.6234898018587336,0.9829265519799822,-0.18399835165768005,0.9709418174260521,-0.2393156642875575,0.8660254037844387,-0.4999999999999998,0.0,1.0,1.0,0.0,1.0,0.0,0.3333333333333333,0.5773502691896261,1.0,1.0,0.42857142857142855,0.5345224838248489,3.0,1.0,0.7142857142857143,0.7262730392025631,10.0,2.0,0.6785714285714286,0.6118321864193027,19.0,2.0,0.6071428571428571,0.7305930698865367,34.0,3.0,0.5952380952380952,0.777996308397839,50.0,3.0,0.0,0.0,0.0,819,0.36752136752136755,0.07448107448107448,0.38217338217338215,0.32722832722832723,0.09523809523809523,0.2600732600732601,48.207196029776675,6.882783882783883
2022-04-13,0,0,0,0,0,0,0,0,0,0,0,0,2022,4,13,2,103,15,2,0,0,0,0.9749279121818236,-0.22252093395631434,0.9796136916454901,-0.20089055513063506,0.9709418174260521,-0.2393156642875575,0.8660254037844387,-0.4999999999999998,0.0,0.0,1.0,0.0,0.0,0.0,0.0,0.0,0.0,0.0,0.42857142857142855,0.5345224838248489,3.0,1.0,0.7142857142857143,0.7262730392025631,10.0,2.0,0.6785714285714286,0.6118321864193027,19.0,2.0,0.6071428571428571,0.7305930698865367,34.0,3.0,0.5714285714285714,0.7649823099886198,48.0,3.0,0.0,0.0,0.0,819,0.36752136752136755,0.07448107448107448,0.38217338217338215,0.32722832722832723,0.09523809523809523,0.2600732600732601,48.207196029776675,6.882783882783883
2022-04-14,1,0,0,0,0,0,0,0,2,0,0,1,2022,4,14,3,104,15,2,0,0,0,0.43388373911755823,-0.900968867902419,0.9760105506323683,-0.21772323039653177,0.9709418174260521,-0.2393156642875575,0.8660254037844387,-0.4999999999999998,0.0,0.0,0.0,0.0,2.0,1.0,0.3333333333333333,0.5773502691896261,1.0,1.0,0.5714285714285714,0.5345224838248487,4.0,1.0,0.6428571428571429,0.6333236937766511,9.0,2.0,0.6785714285714286,0.6118321864193027,19.0,2.0,0.625,0.7276987388648235,35.0,3.0,0.5714285714285714,0.7649823099886198,48.0,3.0,1.0,1.0,0.0,819,0.36752136752136755,0.07448107448107448,0.38217338217338215,0.32722832722832723,0.09523809523809523,0.2600732600732601,48.207196029776675,6.882783882783883
2022-04-15,1,1,0,0,0,1,0,1,2,0,0,0,2022,4,15,4,105,15,2,0,0,1,-0.433883739117558,-0.9009688679024191,0.9721181966290613,-0.23449138957040985,0.9709418174260521,-0.2393156642875575,0.8660254037844387,-0.4999999999999998,1.0,0.0,0.0,1.0,2.0,1.0,0.6666666666666666,0.5773502691896262,2.0,1.0,0.5714285714285714,0.5345224838248487,4.0,1.0,0.5714285714285714,0.5135525910130958,8.0,1.0,0.6785714285714286,0.6118321864193027,19.0,2.0,0.6428571428571429,0.7243447553998889,36.0,3.0,0.5833333333333334,0.7637626158259733,49.0,3.0,0.0,0.0,0.0,819,0.36752136752136755,0.07448107448107448,0.38217338217338215,0.32722832722832723,0.09523809523809523,0.2600732600732601,48.207196029776675,6.882783882783883
2022-04-16,1,0,0,0,0,1,0,1,2,0,0,1,2022,4,16,5,106,15,2,1,0,0,-0.9749279121818236,-0.2225209339563146,0.9679377830240642,-0.25119006388481935,0.9709418174260521,-0.2393156642875575,0.8660254037844387,-0.4999999999999998,1.0,1.0,0.0,1.0,1.0,1.0,1.0,0.0,3.0,1.0,0.5714285714285714,0.5345224838248487,4.0,1.0,0.5714285714285714,0.5135525910130958,8.0,1.0,0.6785714285714286,0.6118321864193027,19.0,2.0,0.6428571428571429,0.7243447553998889,36.0,3.0,0.5952380952380952,0.762352851597275,50.0,3.0,0.0,0.0,0.0,819,0.36752136752136755,0.07448107448107448,0.38217338217338215,0.32722832722832723,0.09523809523809523,0.2600732600732601,48.207196029776675,6.882783882783883
2022-04-17,0,0,0,0,0,0,0,0,0,0,0,0,2022,4,17,6,107,15,2,1,0,0,-0.7818314824680299,0.6234898018587334,0.9634705485641488,-0.2678143051621742,0.9709418174260521,-0.2393156642875575,0.8660254037844387,-0.4999999999999998,1.0,1.0,1.0,1.0,1.0,0.0,0.6666666666666666,0.5773502691896262,2.0,1.0,0.42857142857142855,0.5345224838248489,3.0,1.0,0.5,0.518874521662771,7.0,1.0,0.6785714285714286,0.6118321864193027,19.0,2.0,0.6428571428571429,0.7243447553998889,36.0,3.0,0.5952380952380952,0.762352851597275,50.0,3.0,-1.0,-1.0,0.0,819,0.36752136752136755,0.07448107448107448,0.38217338217338215,0.32722832722832723,0.09523809523809523,0.2600732600732601,48.207196029776675,6.882783882783883
2022-04-18,1,1,0,1,0,0,0,0,2,0,0,0,2022,4,18,0,108,16,2,0,1,0,0.0,1.0,0.9587178169872964,-0.2843591872810034,0.9350162426854148,-0.35460488704253545,0.8660254037844387,-0.4999999999999998,0.0,1.0,1.0,0.0,1.0,1.0,0.6666666666666666,0.5773502691896262,2.0,1.0,0.5714285714285714,0.5345224838248487,4.0,1.0,0.5,0.518874521662771,7.0,1.0,0.6785714285714286,0.6118321864193027,19.0,2.0,0.6607142857142857,0.7205247005869017,37.0,3.0,0.5952380952380952,0.762352851597275,50.0,3.0,1.0,1.0,0.0,819,0.36752136752136755,0.07448107448107448,0.38217338217338215,0.32722832722832723,0.09523809523809523,0.2600732600732601,48.207196029776675,6.882783882783883
2022-04-19,0,0,0,0,0,0,0,0,0,0,0,0,2022,4,19,1,109,16,2,0,0,0,0.7818314824680298,0.6234898018587336,0.9536809966304457,-0.30081980763566735,0.9350162426854148,-0.35460488704253545,0.8660254037844387,-0.4999999999999998,1.0,0.0,1.0,0.0,0.0,1.0,0.3333333333333333,0.5773502691896261,1.0,1.0,0.5714285714285714,0.5345224838248487,4.0,1.0,0.5,0.518874521662771,7.0,1.0,0.6428571428571429,0.6214848238238697,18.0,2.0,0.6428571428571429,0.7243447553998889,36.0,3.0,0.5952380952380952,0.762352851597275,50.0,3.0,-1.0,0.0,-1.0,819,0.36752136752136755,0.07448107448107448,0.38217338217338215,0.32722832722832723,0.09523809523809523,0.2600732600732601,48.207196029776675,6.882783882783883
2022-04-20,0,0,0,0,0,0,0,0,0,0,0,0,2022,4,20,2,110,16,2,0,0,0,0.9749279121818236,-0.22252093395631434,0.9483615800121715,-0.3171912885891061,0.9350162426854148,-0.35460488704253545,0.8660254037844387,-0.4999999999999998,0.0,1.0,0.0,0.0,0.0,1.0,0.3333333333333333,0.5773502691896261,1.0,1.0,0.5714285714285714,0.5345224838248487,4.0,1.0,0.5,0.518874521662771,7.0,1.0,0.6071428571428571,0.6288900106557948,17.0,2.0,0.6071428571428571,0.7052677487327755,34.0,3.0,0.5952380952380952,0.762352851597275,50.0,3.0,0.0,0.0,-1.0,819,0.36752136752136755,0.07448107448107448,0.38217338217338215,0.32722832722832723,0.09523809523809523,0.2600732600732601,48.207196029776675,6.882783882783883
2022-04-21,0,0,0,0,0,0,0,0,0,0,0,0,2022,4,21,3,111,16,2,0,0,0,0.43388373911755823,-0.900968867902419,0.9427611433904207,-0.3334687789181868,0.9350162426854148,-0.35460488704253545,0.8660254037844387,-0.4999999999999998,0.0,0.0,1.0,1.0,0.0,0.0,0.0,0.0,0.0,0.0,0.42857142857142855,0.5345224838248489,3.0,1.0,0.5,0.518874521662771,7.0,1.0,0.6071428571428571,0.6288900106557948,17.0,2.0,0.6071428571428571,0.7052677487327755,34.0,3.0,0.5952380952380952,0.762352851597275,50.0,3.0,0.0,-1.0,0.0,819,0.36752136752136755,0.07448107448107448,0.38217338217338215,0.32722832722832723,0.09523809523809523,0.2600732600732601,48.207196029776675,6.882783882783883
2022-04-22,0,0,0,0,0,0,0,0,0,0,0,0,2022,4,22,4,112,16,2,0,0,1,-0.433883739117558,-0.9009688679024191,0.9368813462954315,-0.3496474552512284,0.9350162426854148,-0.35460488704253545,0.8660254037844387,-0.4999999999999998,0.0,0.0,0.0,1.0,1.0,1.0,0.0,0.0,0.0,0.0,0.2857142857142857,0.4879500364742669,2.0,1.0,0.42857142857142855,0.5135525910130958,6.0,1.0,0.5714285714285714,0.634126487474228,16.0,2.0,0.6071428571428571,0.7052677487327755,34.0,3.0,0.5952380952380952,0.762352851597275,50.0,3.0,0.0,-1.0,-1.0,819,0.36752136752136755,0.07448107448107448,0.38217338217338215,0.32722832722832723,0.09523809523809523,0.2600732600732601,48.207196029776675,6.882783882783883
2022-04-23,3,0,0,0,0,0,0,0,6,0,0,0,2022,4,23,5,113,16,2,1,0,0,-0.9749279121818236,-0.2225209339563146,0.9307239310379795,-0.36572252349726897,0.9350162426854148,-0.35460488704253545,0.8660254037844387,-0.4999999999999998,0.0,0.0,0.0,1.0,1.0,1.0,1.0,1.7320508075688776,3.0,3.0,0.5714285714285714,1.1338934190276817,4.0,3.0,0.5714285714285714,0.8516306272526403,8.0,3.0,0.6428571428571429,0.7800420555749596,18.0,3.0,0.6428571428571429,0.7729182346164422,36.0,3.0,0.5952380952380952,0.762352851597275,50.0,3.0,3.0,2.0,2.0,819,0.36752136752136755,0.07448107448107448,0.38217338217338215,0.32722832722832723,0.09523809523809523,0.2600732600732601,48.207196029776675,6.882783882783883
2022-04-24,0,0,0,0,0,0,0,0,0,0,0,0,2022,4,24,6,114,16,2,1,0,0,-0.7818314824680299,0.6234898018587334,0.9242907221930933,-0.3816892202666588,0.9350162426854148,-0.35460488704253545,0.8660254037844387,-0.4999999999999998,3.0,0.0,0.0,0.0,1.0,0.0,1.0,1.7320508075688776,3.0,3.0,0.5714285714285714,1.1338934190276817,4.0,3.0,0.5,0.8548504142651105,7.0,3.0,0.6428571428571429,0.7800420555749596,18.0,3.0,0.625,0.7760623217710853,35.0,3.0,0.5952380952380952,0.762352851597275,50.0,3.0,-3.0,0.0,0.0,819,0.36752136752136755,0.07448107448107448,0.38217338217338215,0.32722832722832723,0.09523809523809523,0.2600732600732601,48.207196029776675,6.882783882783883
2022-04-25,0,0,0,0,0,0,0,0,0,0,0,0,2022,4,25,0,115,17,2,0,1,0,0.0,1.0,0.9175836260593937,-0.39754281428255595,0.8854560256532099,-0.4647231720437685,0.8660254037844387,-0.4999999999999998,0.0,3.0,0.0,1.0,0.0,0.0,1.0,1.7320508075688776,3.0,3.0,0.42857142857142855,1.1338934190276817,3.0,3.0,0.5,0.8548504142651105,7.0,3.0,0.6428571428571429,0.7800420555749596,18.0,3.0,0.625,0.7760623217710853,35.0,3.0,0.5952380952380952,0.762352851597275,50.0,3.0,0.0,-1.0,0.0,819,0.36752136752136755,0.07448107448107448,0.38217338217338215,0.32722832722832723,0.09523809523809523,0.2600732600732601,48.207196029776675,6.882783882783883
2022-04-26,2,0,0,0,0,0,0,0,4,0,0,0,2022,4,26,1,116,17,2,0,0,0,0.7818314824680298,0.6234898018587336,0.9106046300942162,-0.4132786077829042,0.8854560256532099,-0.4647231720437685,0.8660254037844387,-0.4999999999999998,0.0,0.0,3.0,0.0,0.0,1.0,0.6666666666666666,1.154700538379252,2.0,2.0,0.7142857142857143,1.2535663410560174,5.0,3.0,0.6428571428571429,0.9287827316640652,9.0,3.0,0.6785714285714286,0.8189230248533257,19.0,3.0,0.6607142857142857,0.7926201822100882,37.0,3.0,0.5952380952380952,0.762352851597275,50.0,3.0,2.0,2.0,1.0,819,0.36752136752136755,0.07448107448107448,0.38217338217338215,0.32722832722832723,0.09523809523809523,0.2600732600732601,48.207196029776675,6.882783882783883
2022-04-27,0,0,0,0,0,0,0,0,0,0,0,0,2022,4,27,2,117,17,2,0,0,0,0.9749279121818236,-0.22252093395631434,0.9033558023246845,-0.4288919379124835,0.8854560256532099,-0.4647231720437685,0.8660254037844387,-0.4999999999999998,2.0,0.0,0.0,0.0,0.0,0.0,0.6666666666666666,1.154700538379252,2.0,2.0,0.7142857142857143,1.2535663410560174,5.0,3.0,0.6428571428571429,0.9287827316640652,9.0,3.0,0.6785714285714286,0.8189230248533257,19.0,3.0,0.6428571428571429,0.7960943623504905,36.0,3.0,0.5952380952380952,0.762352851597275,50.0,3.0,-2.0,0.0,0.0,819,0.36752136752136755,0.07448107448107448,0.38217338217338215,0.32722832722832723,0.09523809523809523,0.2600732600732601,48.207196029776675,6.882783882783883
2022-04-28,0,0,0,0,0,0,0,0,0,0,0,0,2022,4,28,3,118,17,2,0,0,0,0.43388373911755823,-0.900968867902419,0.895839290734909,-0.4443781781046132,0.8854560256532099,-0.4647231720437685,0.8660254037844387,-0.4999999999999998,0.0,2.0,0.0,0.0,1.0,2.0,0.6666666666666666,1.154700538379252,2.0,2.0,0.7142857142857143,1.2535663410560174,5.0,3.0,0.5714285714285714,0.937614461876991,8.0,3.0,0.6071428571428571,0.7859547491585427,17.0,3.0,0.6071428571428571,0.7787769298672803,34.0,3.0,0.5952380952380952,0.762352851597275,50.0,3.0,0.0,0.0,-2.0,819,0.36752136752136755,0.07448107448107448,0.38217338217338215,0.32722832722832723,0.09523809523809523,0.2600732600732601,48.207196029776675,6.882783882783883
2022-04-29,2,1,0,0,0,0,0,0,5,0,0,0,2022,4,29,4,119,17,2,0,0,1,-0.433883739117558,-0.9009688679024191,0.8880573226294932,-0.45973273945210397,0.8854560256532099,-0.4647231720437685,0.8660254037844387,-0.4999999999999998,0.0,0.0,2.0,0.0,1.0,2.0,0.6666666666666666,1.154700538379252,2.0,2.0,1.0,1.2909944487358054,7.0,3.0,0.6428571428571429,1.008208072018627,9.0,3.0,0.6071428571428571,0.7859547491585427,17.0,3.0,0.5892857142857143,0.7330331932031882,33.0,3.0,0.6190476190476191,0.7746707330815188,52.0,3.0,2.0,2.0,0.0,819,0.36752136752136755,0.07448107448107448,0.38217338217338215,0.32722832722832723,0.09523809523809523,0.2600732600732601,48.207196029776675,6.882783882783883
2022-04-30,0,0,0,0,0,0,0,0,0,0,0,0,2022,4,30,5,120,17,2,1,0,0,-0.9749279121818236,-0.2225209339563146,0.8800122039735357,-0.47495107206704995,0.8854560256532099,-0.4647231720437685,0.8660254037844387,-0.4999999999999998,2.0,0.0,0.0,3.0,1.0,1.0,0.6666666666666666,1.154700538379252,2.0,2.0,0.5714285714285714,0.9759000729485333,4.0,2.0,0.5714285714285714,1.016349857562362,8.0,3.0,0.5714285714285714,0.7901510136288027,16.0,3.0,0.5714285714285714,0.7350236324498284,32.0,3.0,0.5952380952380952,0.762352851597275,50.0,3.0,-2.0,-3.0,-1.0,819,0.36752136752136755,0.07448107448107448,0.38217338217338215,0.32722832722832723,0.09523809523809523,0.2600732600732601,48.207196029776675,6.882783882783883
2022-05-01,0,0,0,0,0,0,0,0,0,0,0,0,2022,5,1,6,121,17,2,1,0,0,-0.7818314824680299,0.6234898018587334,0.8717063187093218,-0.4900286664290592,0.8854560256532099,-0.4647231720437685,0.49999999999999994,-0.8660254037844387,0.0,2.0,0.0,0.0,0.0,1.0,0.6666666666666666,1.154700538379252,2.0,2.0,0.5714285714285714,0.9759000729485333,4.0,2.0,0.5714285714285714,1.016349857562362,8.0,3.0,0.5357142857142857,0.7926581093427849,15.0,3.0,0.5357142857142857,0.7125954025898623,30.0,3.0,0.5952380952380952,0.762352851597275,50.0,3.0,0.0,0.0,-1.0,819,0.36752136752136755,0.07448107448107448,0.38217338217338215,0.32722832722832723,0.09523809523809523,0.2600732600732601,48.207196029776675,6.882783882783883
2022-05-02,1,0,0,0,0,0,0,0,2,0,0,0,2022,5,2,0,122,18,2,0,1,0,0.0,1.0,0.8631421280499114,-0.5049610547215204,0.8229838658936565,-0.5680647467311557,0.49999999999999994,-0.8660254037844387,0.0,0.0,2.0,0.0,1.0,1.0,0.3333333333333333,0.5773502691896266,1.0,1.0,0.7142857142857143,0.9511897312113419,5.0,2.0,0.5714285714285714,1.016349857562362,8.0,3.0,0.5357142857142857,0.7926581093427849,15.0,3.0,0.5535714285714286,0.711455431611026,31.0,3.0,0.5952380952380952,0.762352851597275,50.0,3.0,1.0,1.0,0.0,819,0.36752136752136755,0.07448107448107448,0.38217338217338215,0.32722832722832723,0.09523809523809523,0.2600732600732601,48.207196029776675,6.882783882783883
2022-05-03,0,0,0,0,0,0,0,0,0,0,0,0,2022,5,3,1,123,18,2,0,0,0,0.7818314824680298,0.6234898018587336,0.854322169749827,-0.5197438121555155,0.8229838658936565,-0.5680647467311557,0.49999999999999994,-0.8660254037844387,1.0,0.0,0.0,2.0,0.0,0.0,0.3333333333333333,0.5773502691896266,1.0,1.0,0.42857142857142855,0.7867957924694434,3.0,2.0,0.5714285714285714,1.016349857562362,8.0,3.0,0.5357142857142857,0.7926581093427849,15.0,3.0,0.5535714285714286,0.711455431611026,31.0,3.0,0.5952380952380952,0.762352851597275,50.0,3.0,-1.0,-2.0,0.0,819,0.36752136752136755,0.07448107448107448,0.38217338217338215,0.32722832722832723,0.09523809523809523,0.2600732600732601,48.207196029776675,6.882783882783883
2022-05-04,0,0,0,0,0,0,0,0,0,0,0,0,2022,5,4,2,124,18,2,0,0,0,0.9749279121818236,-0.22252093395631434,0.8452490573530633,-0.5343725582809786,0.8229838658936565,-0.5680647467311557,0.49999999999999994,-0.8660254037844387,0.0,1.0,0.0,0.0,0.0,0.0,0.3333333333333333,0.5773502691896266,1.0,1.0,0.42857142857142855,0.7867957924694434,3.0,2.0,0.5714285714285714,1.016349857562362,8.0,3.0,0.5357142857142857,0.7926581093427849,15.0,3.0,0.5535714285714286,0.711455431611026,31.0,3.0,0.5952380952380952,0.762352851597275,50.0,3.0,0.0,0.0,0.0,819,0.36752136752136755,0.07448107448107448,0.38217338217338215,0.32722832722832723,0.09523809523809523,0.2600732600732601,48.207196029776675,6.882783882783883
2022-05-05,0,0,0,0,0,0,0,0,0,0,0,0,2022,5,5,3,125,18,2,0,0,0,0.43388373911755823,-0.900968867902419,0.8359254794186372,-0.548842958284719,0.8229838658936565,-0.5680647467311557,0.49999999999999994,-0.8660254037844387,0.0,0.0,1.0,0.0,0.0,0.0,0.0,0.0,0.0,0.0,0.42857142857142855,0.7867957924694434,3.0,2.0,0.5714285714285714,1.016349857562362,8.0,3.0,0.5357142857142857,0.7926581093427849,15.0,3.0,0.5535714285714286,0.711455431611026,31.0,3.0,0.5952380952380952,0.762352851597275,50.0,3.0,0.0,0.0,0.0,819,0.36752136752136755,0.07448107448107448,0.38217338217338215,0.32722832722832723,0.09523809523809523,0.2600732600732601,48.207196029776675,6.882783882783883
2022-05-06,0,0,0,0,0,0,0,0,0,0,0,0,2022,5,6,4,126,18,2,0,0,1,-0.433883739117558,-0.9009688679024191,0.8263541987239096,-0.5631507242749186,0.8229838658936565,-0.5680647467311557,0.49999999999999994,-0.8660254037844387,0.0,0.0,0.0,2.0,0.0,1.0,0.0,0.0,0.0,0.0,0.14285714285714285,0.3779644730092284,1.0,1.0,0.5714285714285714,1.016349857562362,8.0,3.0,0.5,0.7934920476158722,14.0,3.0,0.5535714285714286,0.711455431611026,31.0,3.0,0.5952380952380952,0.762352851597275,50.0,3.0,0.0,-2.0,-1.0,819,0.36752136752136755,0.07448107448107448,0.38217338217338215,0.32722832722832723,0.09523809523809523,0.2600732600732601,48.207196029776675,6.882783882783883
2022-05-07,0,0,0,0,0,0,0,0,0,0,0,0,2022,5,7,5,127,18,2,1,0,0,-0.9749279121818236,-0.2225209339563146,0.8165380514459161,-0.5772916165517272,0.8229838658936565,-0.5680647467311557,0.49999999999999994,-0.8660254037844387,0.0,0.0,0.0,0.0,3.0,1.0,0.0,0.0,0.0,0.0,0.14285714285714285,0.3779644730092284,1.0,1.0,0.35714285714285715,0.7449463436684923,5.0,2.0,0.4642857142857143,0.7926581093427849,13.0,3.0,0.5535714285714286,0.711455431611026,31.0,3.0,0.5833333333333334,0.7637626158259733,49.0,3.0,0.0,0.0,-1.0,819,0.36752136752136755,0.07448107448107448,0.38217338217338215,0.32722832722832723,0.09523809523809523,0.2600732600732601,48.207196029776675,6.882783882783883
2022-05-08,1,1,0,1,0,0,0,0,2,0,0,0,2022,5,8,6,128,18,2,1,0,0,-0.7818314824680299,0.6234898018587334,0.8064799463209448,-0.5912614448635781,0.8229838658936565,-0.5680647467311557,0.49999999999999994,-0.8660254037844387,0.0,0.0,0.0,0.0,0.0,1.0,0.3333333333333333,0.5773502691896266,1.0,1.0,0.2857142857142857,0.4879500364742672,2.0,1.0,0.42857142857142855,0.7559289460184548,6.0,2.0,0.4642857142857143,0.7926581093427849,13.0,3.0,0.5714285714285714,0.7098563966719635,32.0,3.0,0.5952380952380952,0.762352851597275,50.0,3.0,1.0,1.0,0.0,819,0.36752136752136755,0.07448107448107448,0.38217338217338215,0.32722832722832723,0.09523809523809523,0.2600732600732601,48.207196029776675,6.882783882783883
2022-05-09,0,0,0,0,0,0,0,0,0,0,0,0,2022,5,9,0,129,19,2,0,1,0,0.0,1.0,0.7961828637826158,-0.6050560696488488,0.7485107481711013,-0.663122658240795,0.49999999999999994,-0.8660254037844387,1.0,0.0,0.0,1.0,0.0,0.0,0.3333333333333333,0.5773502691896266,1.0,1.0,0.14285714285714285,0.3779644730092284,1.0,1.0,0.42857142857142855,0.7559289460184548,6.0,2.0,0.4642857142857143,0.7926581093427849,13.0,3.0,0.5714285714285714,0.7098563966719635,32.0,3.0,0.5833333333333334,0.7637626158259733,49.0,3.0,-1.0,-1.0,0.0,819,0.36752136752136755,0.07448107448107448,0.38217338217338215,0.32722832722832723,0.09523809523809523,0.2600732600732601,48.207196029776675,6.882783882783883
2022-05-10,1,0,0,0,0,0,0,0,2,0,0,0,2022,5,10,1,130,19,2,0,0,0,0.7818314824680298,0.6234898018587336,0.7856498550787147,-0.6186714032625031,0.7485107481711013,-0.663122658240795,0.49999999999999994,-0.8660254037844387,0.0,1.0,0.0,0.0,2.0,0.0,0.6666666666666666,0.5773502691896266,2.0,1.0,0.2857142857142857,0.4879500364742672,2.0,1.0,0.35714285714285715,0.6333236937766513,5.0,2.0,0.5,0.7934920476158722,14.0,3.0,0.5892857142857143,0.7077951864586437,33.0,3.0,0.5714285714285714,0.7490671191911684,48.0,3.0,1.0,1.0,1.0,819,0.36752136752136755,0.07448107448107448,0.38217338217338215,0.32722832722832723,0.09523809523809523,0.2600732600732601,48.207196029776675,6.882783882783883
2022-05-11,0,0,0,0,0,0,0,0,0,0,0,0,2022,5,11,2,131,19,2,0,0,0,0.9749279121818236,-0.22252093395631434,0.7748840413670407,-0.6321034111873487,0.7485107481711013,-0.663122658240795,0.49999999999999994,-0.8660254037844387,1.0,0.0,1.0,0.0,0.0,0.0,0.3333333333333333,0.5773502691896266,1.0,1.0,0.2857142857142857,0.4879500364742672,2.0,1.0,0.35714285714285715,0.6333236937766513,5.0,2.0,0.5,0.7934920476158722,14.0,3.0,0.5892857142857143,0.7077951864586437,33.0,3.0,0.5714285714285714,0.7490671191911684,48.0,3.0,-1.0,0.0,0.0,819,0.36752136752136755,0.07448107448107448,0.38217338217338215,0.32722832722832723,0.09523809523809523,0.2600732600732601,48.207196029776675,6.882783882783883
2022-05-12,1,0,0,0,0,0,0,0,2,1,1,0,2022,5,12,3,132,19,2,0,0,0,0.43388373911755823,-0.900968867902419,0.7638886127905428,-0.6453481132295501,0.7485107481711013,-0.663122658240795,0.49999999999999994,-0.8660254037844387,0.0,1.0,0.0,0.0,0.0,1.0,0.6666666666666666,0.5773502691896266,2.0,1.0,0.42857142857142855,0.5345224838248491,3.0,1.0,0.42857142857142855,0.6462061726588645,6.0,2.0,0.5,0.7934920476158722,14.0,3.0,0.5892857142857143,0.7077951864586437,33.0,3.0,0.5833333333333334,0.7478214678592509,49.0,3.0,1.0,1.0,0.0,819,0.36752136752136755,0.07448107448107448,0.38217338217338215,0.32722832722832723,0.09523809523809523,0.2600732600732601,48.207196029776675,6.882783882783883
2022-05-13,3,0,0,2,0,0,0,0,6,2,2,1,2022,5,13,4,133,19,2,0,0,1,-0.433883739117558,-0.9009688679024191,0.7526668275320085,-0.6584015846980488,0.7485107481711013,-0.663122658240795,0.49999999999999994,-0.8660254037844387,1.0,0.0,1.0,0.0,2.0,1.0,1.3333333333333333,1.527525231651947,4.0,3.0,0.8571428571428571,1.0690449676496974,6.0,3.0,0.5,0.8548504142651107,7.0,3.0,0.5714285714285714,0.9200874124564723,16.0,3.0,0.625,0.7760623217710853,35.0,3.0,0.6190476190476191,0.7900703324611212,52.0,3.0,2.0,3.0,2.0,819,0.36752136752136755,0.07448107448107448,0.38217338217338215,0.32722832722832723,0.09523809523809523,0.2600732600732601,48.207196029776675,6.882783882783883
2022-05-14,1,0,0,1,0,1,0,1,2,0,0,0,2022,5,14,5,134,19,2,1,0,0,-0.9749279121818236,-0.2225209339563146,0.7412220108485958,-0.6712599575675313,0.7485107481711013,-0.663122658240795,0.49999999999999994,-0.8660254037844387,3.0,1.0,0.0,0.0,0.0,1.0,1.6666666666666667,1.154700538379252,5.0,3.0,1.0,0.9999999999999998,7.0,3.0,0.5714285714285714,0.8516306272526405,8.0,3.0,0.5714285714285714,0.9200874124564723,16.0,3.0,0.625,0.7760623217710853,35.0,3.0,0.6190476190476191,0.7900703324611212,52.0,3.0,-2.0,1.0,0.0,819,0.36752136752136755,0.07448107448107448,0.38217338217338215,0.32722832722832723,0.09523809523809523,0.2600732600732601,48.207196029776675,6.882783882783883
2022-05-15,1,0,0,0,0,0,0,0,2,0,0,0,2022,5,15,6,135,19,2,1,0,0,-0.7818314824680299,0.6234898018587334,0.7295575540864875,-0.6839194216246106,0.7485107481711013,-0.663122658240795,0.49999999999999994,-0.8660254037844387,1.0,3.0,1.0,1.0,0.0,0.0,1.6666666666666667,1.154700538379252,5.0,3.0,1.0,0.9999999999999998,7.0,3.0,0.6428571428571429,0.8418973861410958,9.0,3.0,0.6071428571428571,0.9164862737363227,17.0,3.0,0.6428571428571429,0.7729182346164422,36.0,3.0,0.6309523809523809,0.7881618374689652,53.0,3.0,0.0,0.0,1.0,819,0.36752136752136755,0.07448107448107448,0.38217338217338215,0.32722832722832723,0.09523809523809523,0.2600732600732601,48.207196029776675,6.882783882783883
2022-05-16,1,0,1,0,0,0,0,0,2,0,0,0,2022,5,16,0,136,20,2,0,1,0,0.0,1.0,0.717676913675962,-0.6963762255968722,0.6631226582407952,-0.7485107481711012,0.49999999999999994,-0.8660254037844387,1.0,1.0,3.0,0.0,1.0,1.0,1.0,0.0,3.0,1.0,1.1428571428571428,0.8997354108424369,8.0,3.0,0.6428571428571429,0.8418973861410958,9.0,3.0,0.6071428571428571,0.9164862737363227,17.0,3.0,0.6428571428571429,0.7729182346164422,36.0,3.0,0.6428571428571429,0.786066264456782,54.0,3.0,0.0,1.0,0.0,819,0.36752136752136755,0.07448107448107448,0.38217338217338215,0.32722832722832723,0.09523809523809523,0.2600732600732601,48.207196029776675,6.882783882783883
2022-05-17,0,0,0,0,0,0,0,0,0,0,0,0,2022,5,17,1,137,20,2,0,0,0,0.7818314824680298,0.6234898018587336,0.705583610107178,-0.7086266782644596,0.6631226582407952,-0.7485107481711012,0.49999999999999994,-0.8660254037844387,1.0,1.0,1.0,1.0,0.0,0.0,0.6666666666666666,0.5773502691896267,2.0,1.0,1.0,0.9999999999999997,7.0,3.0,0.6428571428571429,0.8418973861410958,9.0,3.0,0.6071428571428571,0.9164862737363227,17.0,3.0,0.625,0.7760623217710853,35.0,3.0,0.6309523809523809,0.7881618374689652,53.0,3.0,-1.0,-1.0,0.0,819,0.36752136752136755,0.07448107448107448,0.38217338217338215,0.32722832722832723,0.09523809523809523,0.2600732600732601,48.207196029776675,6.882783882783883
2022-05-18,0,0,0,0,0,0,0,0,0,0,0,0,2022,5,18,2,138,20,2,0,0,0,0.9749279121818236,-0.22252093395631434,0.6932812268869777,-0.7206671495538609,0.6631226582407952,-0.7485107481711012,0.49999999999999994,-0.8660254037844387,0.0,1.0,1.0,0.0,0.0,0.0,0.3333333333333333,0.5773502691896268,1.0,1.0,1.0,0.9999999999999997,7.0,3.0,0.6428571428571429,0.8418973861410958,9.0,3.0,0.6071428571428571,0.9164862737363227,17.0,3.0,0.6071428571428571,0.7787769298672803,34.0,3.0,0.6071428571428571,0.7764276728409312,51.0,3.0,0.0,0.0,0.0,819,0.36752136752136755,0.07448107448107448,0.38217338217338215,0.32722832722832723,0.09523809523809523,0.2600732600732601,48.207196029776675,6.882783882783883
2022-05-19,0,0,0,0,0,0,0,0,0,0,0,0,2022,5,19,3,139,20,2,0,0,0,0.43388373911755823,-0.900968867902419,0.6807734094770161,-0.7324940716135789,0.6631226582407952,-0.7485107481711012,0.49999999999999994,-0.8660254037844387,0.0,0.0,1.0,1.0,0.0,0.0,0.0,0.0,0.0,0.0,0.8571428571428571,1.0690449676496974,6.0,3.0,0.6428571428571429,0.8418973861410958,9.0,3.0,0.6071428571428571,0.9164862737363227,17.0,3.0,0.6071428571428571,0.7787769298672803,34.0,3.0,0.6071428571428571,0.7764276728409312,51.0,3.0,0.0,-1.0,0.0,819,0.36752136752136755,0.07448107448107448,0.38217338217338215,0.32722832722832723,0.09523809523809523,0.2600732600732601,48.207196029776675,6.882783882783883
2022-05-20,0,0,0,0,0,0,0,0,0,0,0,0,2022,5,20,4,140,20,2,0,0,1,-0.433883739117558,-0.9009688679024191,0.6680638642135335,-0.7441039398713607,0.6631226582407952,-0.7485107481711012,0.49999999999999994,-0.8660254037844387,0.0,0.0,0.0,3.0,0.0,0.0,0.0,0.0,0.0,0.0,0.42857142857142855,0.534522483824849,3.0,1.0,0.6428571428571429,0.8418973861410958,9.0,3.0,0.6071428571428571,0.9164862737363227,17.0,3.0,0.5892857142857143,0.7810665368999847,33.0,3.0,0.6071428571428571,0.7764276728409312,51.0,3.0,0.0,-3.0,0.0,819,0.36752136752136755,0.07448107448107448,0.38217338217338215,0.32722832722832723,0.09523809523809523,0.2600732600732601,48.207196029776675,6.882783882783883
2022-05-21,0,0,0,0,0,0,0,0,0,0,0,0,2022,5,21,5,141,20,2,1,0,0,-0.9749279121818236,-0.2225209339563146,0.6551563572090853,-0.7554933140726803,0.6631226582407952,-0.7485107481711012,0.49999999999999994,-0.8660254037844387,0.0,0.0,0.0,1.0,0.0,3.0,0.0,0.0,0.0,0.0,0.2857142857142857,0.4879500364742671,2.0,1.0,0.6428571428571429,0.8418973861410958,9.0,3.0,0.5,0.7934920476158722,14.0,3.0,0.5714285714285714,0.7829348714848593,32.0,3.0,0.5952380952380952,0.7779963083978391,50.0,3.0,0.0,-1.0,-3.0,819,0.36752136752136755,0.07448107448107448,0.38217338217338215,0.32722832722832723,0.09523809523809523,0.2600732600732601,48.207196029776675,6.882783882783883
2022-05-22,0,0,0,0,0,0,0,0,0,0,0,0,2022,5,22,6,142,20,2,1,0,0,-0.7818314824680299,0.6234898018587334,0.6420547132365637,-0.766658819300159,0.6631226582407952,-0.7485107481711012,0.49999999999999994,-0.8660254037844387,0.0,0.0,0.0,1.0,1.0,0.0,0.0,0.0,0.0,0.0,0.14285714285714285,0.3779644730092283,1.0,1.0,0.5714285714285714,0.8516306272526405,8.0,3.0,0.5,0.7934920476158722,14.0,3.0,0.5714285714285714,0.7829348714848593,32.0,3.0,0.5833333333333334,0.7793777767395617,49.0,3.0,0.0,-1.0,0.0,819,0.36752136752136755,0.07448107448107448,0.38217338217338215,0.32722832722832723,0.09523809523809523,0.2600732600732601,48.207196029776675,6.882783882783883
2022-05-23,0,0,0,0,0,0,0,0,0,0,0,0,2022,5,23,0,143,21,2,0,1,0,0.0,1.0,0.6287628145958344,-0.7775971469736269,0.5680647467311558,-0.8229838658936564,0.49999999999999994,-0.8660254037844387,0.0,0.0,0.0,1.0,0.0,0.0,0.0,0.0,0.0,0.0,0.0,0.0,0.0,0.0,0.5714285714285714,0.8516306272526405,8.0,3.0,0.5,0.7934920476158722,14.0,3.0,0.5714285714285714,0.7829348714848593,32.0,3.0,0.5833333333333334,0.7793777767395617,49.0,3.0,0.0,-1.0,0.0,819,0.36752136752136755,0.07448107448107448,0.38217338217338215,0.32722832722832723,0.09523809523809523,0.2600732600732601,48.207196029776675,6.882783882783883
2022-05-24,0,0,0,0,0,0,0,0,0,0,0,0,2022,5,24,1,144,21,2,0,0,0,0.7818314824680298,0.6234898018587336,0.6152845999633276,-0.7883050558305255,0.5680647467311558,-0.8229838658936564,0.49999999999999994,-0.8660254037844387,0.0,0.0,0.0,0.0,1.0,2.0,0.0,0.0,0.0,0.0,0.0,0.0,0.0,0.0,0.5,0.8548504142651107,7.0,3.0,0.42857142857142855,0.7417981870189158,12.0,3.0,0.5535714285714286,0.7843849439272406,31.0,3.0,0.5833333333333334,0.7793777767395617,49.0,3.0,0.0,0.0,-2.0,819,0.36752136752136755,0.07448107448107448,0.38217338217338215,0.32722832722832723,0.09523809523809523,0.2600732600732601,48.207196029776675,6.882783882783883
2022-05-25,0,0,0,0,0,0,0,0,0,0,0,0,2022,5,25,2,145,21,2,0,0,0,0.9749279121818236,-0.22252093395631434,0.6016240632249226,-0.7987793728863649,0.5680647467311558,-0.8229838658936564,0.49999999999999994,-0.8660254037844387,0.0,0.0,0.0,0.0,0.0,0.0,0.0,0.0,0.0,0.0,0.0,0.0,0.0,0.0,0.5,0.8548504142651107,7.0,3.0,0.42857142857142855,0.7417981870189158,12.0,3.0,0.5535714285714286,0.7843849439272406,31.0,3.0,0.5714285714285714,0.7805730716196234,48.0,3.0,0.0,0.0,0.0,819,0.36752136752136755,0.07448107448107448,0.38217338217338215,0.32722832722832723,0.09523809523809523,0.2600732600732601,48.207196029776675,6.882783882783883
2022-05-26,0,0,0,0,0,0,0,0,0,0,0,0,2022,5,26,3,146,21,2,0,0,0,0.43388373911755823,-0.900968867902419,0.5877852522924732,-0.8090169943749473,0.5680647467311558,-0.8229838658936564,0.49999999999999994,-0.8660254037844387,0.0,0.0,0.0,0.0,1.0,0.0,0.0,0.0,0.0,0.0,0.0,0.0,0.0,0.0,0.42857142857142855,0.8516306272526404,6.0,3.0,0.42857142857142855,0.7417981870189158,12.0,3.0,0.5178571428571429,0.76255721522618,29.0,3.0,0.5476190476190477,0.766854974504289,46.0,3.0,0.0,0.0,0.0,819,0.36752136752136755,0.07448107448107448,0.38217338217338215,0.32722832722832723,0.09523809523809523,0.2600732600732601,48.207196029776675,6.882783882783883
2022-05-27,0,0,0,0,0,0,0,0,0,0,0,0,2022,5,27,4,147,21,2,0,0,1,-0.433883739117558,-0.9009688679024191,0.5737722679043246,-0.8190148866680801,0.5680647467311558,-0.8229838658936564,0.49999999999999994,-0.8660254037844387,0.0,0.0,0.0,0.0,3.0,2.0,0.0,0.0,0.0,0.0,0.0,0.0,0.0,0.0,0.21428571428571427,0.4258153136263205,3.0,1.0,0.35714285714285715,0.6784669927988098,10.0,3.0,0.48214285714285715,0.7383291069231053,27.0,3.0,0.5119047619047619,0.7196727438845409,43.0,3.0,0.0,0.0,-2.0,819,0.36752136752136755,0.07448107448107448,0.38217338217338215,0.32722832722832723,0.09523809523809523,0.2600732600732601,48.207196029776675,6.882783882783883
2022-05-28,0,0,0,0,0,0,0,0,0,0,0,0,2022,5,28,5,148,21,2,1,0,0,-0.9749279121818236,-0.2225209339563146,0.5595892624101765,-0.8287700871745038,0.5680647467311558,-0.8229838658936564,0.49999999999999994,-0.8660254037844387,0.0,0.0,0.0,0.0,1.0,0.0,0.0,0.0,0.0,0.0,0.0,0.0,0.0,0.0,0.14285714285714285,0.36313651960128196,2.0,1.0,0.35714285714285715,0.6784669927988098,10.0,3.0,0.4642857142857143,0.7376691969682917,26.0,3.0,0.5,0.7197723870478963,42.0,3.0,0.0,0.0,0.0,819,0.36752136752136755,0.07448107448107448,0.38217338217338215,0.32722832722832723,0.09523809523809523,0.2600732600732601,48.207196029776675,6.882783882783883
2022-05-29,0,0,0,0,0,0,0,0,0,0,0,0,2022,5,29,6,149,21,2,1,0,0,-0.7818314824680299,0.6234898018587334,0.545240438540651,-0.8382797052177744,0.5680647467311558,-0.8229838658936564,0.49999999999999994,-0.8660254037844387,0.0,0.0,0.0,0.0,1.0,0.0,0.0,0.0,0.0,0.0,0.0,0.0,0.0,0.0,0.07142857142857142,0.267261241912425,1.0,1.0,0.35714285714285715,0.6784669927988098,10.0,3.0,0.44642857142857145,0.7365680332002386,25.0,3.0,0.47619047619047616,0.7024259250263819,40.0,3.0,0.0,0.0,0.0,819,0.36752136752136755,0.07448107448107448,0.38217338217338215,0.32722832722832723,0.09523809523809523,0.2600732600732601,48.207196029776675,6.882783882783883
2022-05-30,0,0,0,0,0,0,0,0,0,0,0,0,2022,5,30,0,150,22,2,0,1,0,0.0,1.0,0.5307300481619334,-0.8475409228928311,0.46472317204376906,-0.8854560256532096,0.49999999999999994,-0.8660254037844387,0.0,0.0,0.0,0.0,1.0,1.0,0.0,0.0,0.0,0.0,0.0,0.0,0.0,0.0,0.0,0.0,0.0,0.0,0.32142857142857145,0.6696362433535825,9.0,3.0,0.42857142857142855,0.7350236324498284,24.0,3.0,0.47619047619047616,0.7024259250263819,40.0,3.0,0.0,0.0,-1.0,819,0.36752136752136755,0.07448107448107448,0.38217338217338215,0.32722832722832723,0.09523809523809523,0.2600732600732601,48.207196029776675,6.882783882783883
2022-05-31,1,0,0,0,0,1,0,1,2,0,0,0,2022,5,31,1,151,22,2,0,0,0,0.7818314824680298,0.6234898018587336,0.5160623910158528,-0.8565509959010036,0.46472317204376906,-0.8854560256532096,0.49999999999999994,-0.8660254037844387,0.0,0.0,0.0,0.0,0.0,0.0,0.3333333333333333,0.5773502691896268,1.0,1.0,0.14285714285714285,0.3779644730092283,1.0,1.0,0.07142857142857142,0.267261241912425,1.0,1.0,0.35714285714285715,0.6784669927988098,10.0,3.0,0.44642857142857145,0.7365680332002386,25.0,3.0,0.4880952380952381,0.7027321486513446,41.0,3.0,1.0,1.0,1.0,819,0.36752136752136755,0.07448107448107448,0.38217338217338215,0.32722832722832723,0.09523809523809523,0.2600732600732601,48.207196029776675,6.882783882783883
2022-06-01,0,0,0,0,0,0,0,0,0,0,0,0,2022,6,1,2,152,22,2,0,0,0,0.9749279121818236,-0.22252093395631434,0.5012418134457758,-0.865307254363206,0.46472317204376906,-0.8854560256532096,1.2246467991473532e-16,-1.0,1.0,0.0,0.0,0.0,0.0,0.0,0.3333333333333333,0.5773502691896268,1.0,1.0,0.14285714285714285,0.3779644730092283,1.0,1.0,0.07142857142857142,0.267261241912425,1.0,1.0,0.35714285714285715,0.6784669927988098,10.0,3.0,0.44642857142857145,0.7365680332002386,25.0,3.0,0.4880952380952381,0.7027321486513446,41.0,3.0,-1.0,0.0,0.0,819,0.36752136752136755,0.07448107448107448,0.38217338217338215,0.32722832722832723,0.09523809523809523,0.2600732600732601,48.207196029776675,6.882783882783883
2022-06-02,0,0,0,0,0,0,0,0,0,0,0,0,2022,6,2,3,153,22,2,0,0,0,0.43388373911755823,-0.900968867902419,0.48627270710868997,-0.8738071036110808,0.46472317204376906,-0.8854560256532096,1.2246467991473532e-16,-1.0,0.0,1.0,0.0,0.0,0.0,0.0,0.3333333333333333,0.5773502691896268,1.0,1.0,0.14285714285714285,0.3779644730092283,1.0,1.0,0.07142857142857142,0.267261241912425,1.0,1.0,0.35714285714285715,0.6784669927988098,10.0,3.0,0.44642857142857145,0.7365680332002386,25.0,3.0,0.4880952380952381,0.7027321486513446,41.0,3.0,0.0,0.0,0.0,819,0.36752136752136755,0.07448107448107448,0.38217338217338215,0.32722832722832723,0.09523809523809523,0.2600732600732601,48.207196029776675,6.882783882783883
2022-06-03,0,0,0,0,0,0,0,0,0,0,0,0,2022,6,3,4,154,22,2,0,0,1,-0.433883739117558,-0.9009688679024191,0.4711595076738638,-0.8820480249558537,0.46472317204376906,-0.8854560256532096,1.2246467991473532e-16,-1.0,0.0,0.0,1.0,0.0,0.0,0.0,0.0,0.0,0.0,0.0,0.14285714285714285,0.3779644730092283,1.0,1.0,0.07142857142857142,0.267261241912425,1.0,1.0,0.35714285714285715,0.6784669927988098,10.0,3.0,0.42857142857142855,0.7350236324498284,24.0,3.0,0.4880952380952381,0.7027321486513446,41.0,3.0,0.0,0.0,0.0,819,0.36752136752136755,0.07448107448107448,0.38217338217338215,0.32722832722832723,0.09523809523809523,0.2600732600732601,48.207196029776675,6.882783882783883
2022-06-04,0,0,0,0,0,0,0,0,0,0,0,0,2022,6,4,5,155,22,2,1,0,0,-0.9749279121818236,-0.2225209339563146,0.4559066935084588,-0.8900275764346767,0.46472317204376906,-0.8854560256532096,1.2246467991473532e-16,-1.0,0.0,0.0,0.0,0.0,0.0,0.0,0.0,0.0,0.0,0.0,0.14285714285714285,0.3779644730092283,1.0,1.0,0.07142857142857142,0.267261241912425,1.0,1.0,0.35714285714285715,0.6784669927988098,10.0,3.0,0.4107142857142857,0.7330331932031882,23.0,3.0,0.4880952380952381,0.7027321486513446,41.0,3.0,0.0,0.0,0.0,819,0.36752136752136755,0.07448107448107448,0.38217338217338215,0.32722832722832723,0.09523809523809523,0.2600732600732601,48.207196029776675,6.882783882783883
2022-06-05,0,0,0,0,0,0,0,0,0,0,0,0,2022,6,5,6,156,22,2,1,0,0,-0.7818314824680299,0.6234898018587334,0.440518784350495,-0.8977433935342337,0.46472317204376906,-0.8854560256532096,1.2246467991473532e-16,-1.0,0.0,0.0,0.0,0.0,0.0,1.0,0.0,0.0,0.0,0.0,0.14285714285714285,0.3779644730092283,1.0,1.0,0.07142857142857142,0.267261241912425,1.0,1.0,0.32142857142857145,0.6696362433535825,9.0,3.0,0.39285714285714285,0.7305930698865367,22.0,3.0,0.4880952380952381,0.7027321486513446,41.0,3.0,0.0,0.0,-1.0,819,0.36752136752136755,0.07448107448107448,0.38217338217338215,0.32722832722832723,0.09523809523809523,0.2600732600732601,48.207196029776675,6.882783882783883
2022-06-06,1,0,0,0,0,0,0,0,3,1,1,1,2022,6,6,0,157,23,2,0,1,0,0.0,1.0,0.42500033996955416,-0.9051931898913974,0.35460488704253584,-0.9350162426854147,1.2246467991473532e-16,-1.0,0.0,0.0,0.0,0.0,0.0,0.0,0.3333333333333333,0.5773502691896268,1.0,1.0,0.2857142857142857,0.4879500364742671,2.0,1.0,0.14285714285714285,0.36313651960128196,2.0,1.0,0.35714285714285715,0.6784669927988098,10.0,3.0,0.4107142857142857,0.7330331932031882,23.0,3.0,0.5,0.702834193543867,42.0,3.0,1.0,1.0,1.0,819,0.36752136752136755,0.07448107448107448,0.38217338217338215,0.32722832722832723,0.09523809523809523,0.2600732600732601,48.207196029776675,6.882783882783883
2022-06-07,0,0,0,0,0,0,0,0,0,0,0,0,2022,6,7,1,158,23,2,0,0,0,0.7818314824680298,0.6234898018587336,0.4093559588156213,-0.9123747579707273,0.35460488704253584,-0.9350162426854147,1.2246467991473532e-16,-1.0,1.0,0.0,0.0,1.0,0.0,1.0,0.3333333333333333,0.5773502691896268,1.0,1.0,0.14285714285714285,0.3779644730092283,1.0,1.0,0.14285714285714285,0.36313651960128196,2.0,1.0,0.32142857142857145,0.6696362433535825,9.0,3.0,0.4107142857142857,0.7330331932031882,23.0,3.0,0.5,0.702834193543867,42.0,3.0,-1.0,-1.0,-1.0,819,0.36752136752136755,0.07448107448107448,0.38217338217338215,0.32722832722832723,0.09523809523809523,0.2600732600732601,48.207196029776675,6.882783882783883
2022-06-08,3,3,0,1,0,0,0,0,6,0,0,0,2022,6,8,2,159,23,2,0,0,0,0.9749279121818236,-0.22252093395631434,0.39359027665646673,-0.9192859697186104,0.35460488704253584,-0.9350162426854147,1.2246467991473532e-16,-1.0,0.0,1.0,0.0,0.0,0.0,0.0,1.3333333333333333,1.527525231651947,4.0,3.0,0.5714285714285714,1.1338934190276817,4.0,3.0,0.35714285714285715,0.8418973861410958,5.0,3.0,0.42857142857142855,0.835710894037345,12.0,3.0,0.4642857142857143,0.8082368175521042,26.0,3.0,0.5357142857142857,0.7516476451397037,45.0,3.0,3.0,3.0,3.0,819,0.36752136752136755,0.07448107448107448,0.38217338217338215,0.32722832722832723,0.09523809523809523,0.2600732600732601,48.207196029776675,6.882783882783883
2022-06-09,0,0,0,0,0,0,0,0,0,0,0,0,2022,6,9,3,160,23,2,0,0,0,0.43388373911755823,-0.900968867902419,0.3777079652039649,-0.9259247771938498,0.35460488704253584,-0.9350162426854147,1.2246467991473532e-16,-1.0,3.0,0.0,1.0,0.0,0.0,1.0,1.0,1.7320508075688776,3.0,3.0,0.5714285714285714,1.1338934190276817,4.0,3.0,0.35714285714285715,0.8418973861410958,5.0,3.0,0.39285714285714285,0.8317445171439015,11.0,3.0,0.44642857142857145,0.8072319224506528,25.0,3.0,0.5238095238095238,0.7521245487122956,44.0,3.0,-3.0,0.0,-1.0,819,0.36752136752136755,0.07448107448107448,0.38217338217338215,0.32722832722832723,0.09523809523809523,0.2600732600732601,48.207196029776675,6.882783882783883
2022-06-10,1,0,1,0,0,1,0,1,2,0,0,1,2022,6,10,4,161,23,2,0,0,1,-0.433883739117558,-0.9009688679024191,0.36171373072976765,-0.9322892131745133,0.35460488704253584,-0.9350162426854147,1.2246467991473532e-16,-1.0,0.0,3.0,0.0,0.0,0.0,3.0,1.3333333333333333,1.527525231651947,4.0,3.0,0.7142857142857143,1.1126972805283735,5.0,3.0,0.42857142857142855,0.8516306272526405,6.0,3.0,0.32142857142857145,0.6696362433535826,9.0,3.0,0.44642857142857145,0.8072319224506528,25.0,3.0,0.5238095238095238,0.7521245487122956,44.0,3.0,1.0,1.0,-2.0,819,0.36752136752136755,0.07448107448107448,0.38217338217338215,0.32722832722832723,0.09523809523809523,0.2600732600732601,48.207196029776675,6.882783882783883
2022-06-11,1,1,0,0,0,0,0,0,2,0,0,0,2022,6,11,5,162,23,2,1,0,0,-0.9749279121818236,-0.2225209339563146,0.3456123126707335,-0.9383773917408641,0.35460488704253584,-0.9350162426854147,1.2246467991473532e-16,-1.0,1.0,0.0,3.0,0.0,0.0,1.0,0.6666666666666666,0.5773502691896266,2.0,1.0,0.8571428571428571,1.0690449676496971,6.0,3.0,0.5,0.8548504142651108,7.0,3.0,0.32142857142857145,0.6696362433535826,9.0,3.0,0.44642857142857145,0.8072319224506528,25.0,3.0,0.5238095238095238,0.7521245487122956,44.0,3.0,0.0,1.0,0.0,819,0.36752136752136755,0.07448107448107448,0.38217338217338215,0.32722832722832723,0.09523809523809523,0.2600732600732601,48.207196029776675,6.882783882783883
2022-06-12,0,0,0,0,0,0,0,0,0,0,0,0,2022,6,12,6,163,23,2,1,0,0,-0.7818314824680299,0.6234898018587334,0.3294084822245304,-0.9441875088341993,0.35460488704253584,-0.9350162426854147,1.2246467991473532e-16,-1.0,1.0,1.0,0.0,0.0,0.0,1.0,0.6666666666666666,0.5773502691896266,2.0,1.0,0.8571428571428571,1.0690449676496971,6.0,3.0,0.5,0.8548504142651108,7.0,3.0,0.2857142857142857,0.6586823467062358,8.0,3.0,0.44642857142857145,0.8072319224506528,25.0,3.0,0.5238095238095238,0.7521245487122956,44.0,3.0,-1.0,0.0,-1.0,819,0.36752136752136755,0.07448107448107448,0.38217338217338215,0.32722832722832723,0.09523809523809523,0.2600732600732601,48.207196029776675,6.882783882783883
2022-06-13,0,0,0,0,0,0,0,0,0,0,0,0,2022,6,13,0,164,24,2,0,1,0,0.0,1.0,0.3131070409358269,-0.9497178427914316,0.23931566428755768,-0.970941817426052,1.2246467991473532e-16,-1.0,0.0,1.0,1.0,1.0,0.0,1.0,0.3333333333333333,0.5773502691896266,1.0,1.0,0.7142857142857143,1.1126972805283735,5.0,3.0,0.5,0.8548504142651108,7.0,3.0,0.25,0.6454972243679029,7.0,3.0,0.42857142857142855,0.8058229640253803,24.0,3.0,0.5119047619047619,0.7524105457625122,43.0,3.0,0.0,-1.0,-1.0,819,0.36752136752136755,0.07448107448107448,0.38217338217338215,0.32722832722832723,0.09523809523809523,0.2600732600732601,48.207196029776675,6.882783882783883
2022-06-14,0,0,0,0,0,0,0,0,0,0,0,0,2022,6,14,1,165,24,2,0,0,0,0.7818314824680298,0.6234898018587336,0.29671281927349075,-0.9549667548552551,0.23931566428755768,-0.970941817426052,1.2246467991473532e-16,-1.0,0.0,0.0,1.0,0.0,1.0,0.0,0.0,0.0,0.0,0.0,0.7142857142857143,1.1126972805283735,5.0,3.0,0.42857142857142855,0.8516306272526405,6.0,3.0,0.25,0.6454972243679029,7.0,3.0,0.42857142857142855,0.8058229640253803,24.0,3.0,0.5,0.752505853957937,42.0,3.0,0.0,0.0,0.0,819,0.36752136752136755,0.07448107448107448,0.38217338217338215,0.32722832722832723,0.09523809523809523,0.2600732600732601,48.207196029776675,6.882783882783883
2022-06-15,0,0,0,0,0,0,0,0,0,0,0,0,2022,6,15,2,166,24,2,0,0,0,0.9749279121818236,-0.22252093395631434,0.28023067519921585,-0.9599326896597447,0.23931566428755768,-0.970941817426052,1.2246467991473532e-16,-1.0,0.0,0.0,0.0,3.0,0.0,0.0,0.0,0.0,0.0,0.0,0.2857142857142857,0.48795003647426677,2.0,1.0,0.42857142857142855,0.8516306272526405,6.0,3.0,0.25,0.6454972243679029,7.0,3.0,0.42857142857142855,0.8058229640253803,24.0,3.0,0.4880952380952381,0.7524105457625122,41.0,3.0,0.0,-3.0,0.0,819,0.36752136752136755,0.07448107448107448,0.38217338217338215,0.32722832722832723,0.09523809523809523,0.2600732600732601,48.207196029776675,6.882783882783883
2022-06-16,0,0,0,0,0,0,0,0,0,0,0,0,2022,6,16,3,167,24,2,0,0,0,0.43388373911755823,-0.900968867902419,0.26366549272800704,-0.9646141756912435,0.23931566428755768,-0.970941817426052,1.2246467991473532e-16,-1.0,0.0,0.0,0.0,0.0,0.0,0.0,0.0,0.0,0.0,0.0,0.2857142857142857,0.48795003647426677,2.0,1.0,0.42857142857142855,0.8516306272526405,6.0,3.0,0.25,0.6454972243679029,7.0,3.0,0.42857142857142855,0.8058229640253803,24.0,3.0,0.4880952380952381,0.7524105457625122,41.0,3.0,0.0,0.0,0.0,819,0.36752136752136755,0.07448107448107448,0.38217338217338215,0.32722832722832723,0.09523809523809523,0.2600732600732601,48.207196029776675,6.882783882783883
2022-06-17,1,0,0,0,0,0,0,0,2,0,0,1,2022,6,17,4,168,24,2,0,0,1,-0.433883739117558,-0.9009688679024191,0.24702218048093552,-0.9690098257244062,0.23931566428755768,-0.970941817426052,1.2246467991473532e-16,-1.0,0.0,0.0,0.0,1.0,0.0,0.0,0.3333333333333333,0.5773502691896266,1.0,1.0,0.2857142857142857,0.48795003647426677,2.0,1.0,0.5,0.8548504142651108,7.0,3.0,0.2857142857142857,0.6586823467062358,8.0,3.0,0.44642857142857145,0.8072319224506528,25.0,3.0,0.4880952380952381,0.7524105457625122,41.0,3.0,1.0,0.0,1.0,819,0.36752136752136755,0.07448107448107448,0.38217338217338215,0.32722832722832723,0.09523809523809523,0.2600732600732601,48.207196029776675,6.882783882783883
2022-06-18,0,0,0,0,0,0,0,0,0,0,0,0,2022,6,18,5,169,24,2,1,0,0,-0.9749279121818236,-0.2225209339563146,0.23030567023061221,-0.9731183372332619,0.23931566428755768,-0.970941817426052,1.2246467991473532e-16,-1.0,1.0,0.0,0.0,1.0,0.0,0.0,0.3333333333333333,0.5773502691896266,1.0,1.0,0.14285714285714285,0.37796447300922775,1.0,1.0,0.5,0.8548504142651108,7.0,3.0,0.2857142857142857,0.6586823467062358,8.0,3.0,0.39285714285714285,0.7305930698865367,22.0,3.0,0.47619047619047616,0.7521245487122956,40.0,3.0,-1.0,-1.0,0.0,819,0.36752136752136755,0.07448107448107448,0.38217338217338215,0.32722832722832723,0.09523809523809523,0.2600732600732601,48.207196029776675,6.882783882783883
2022-06-19,1,0,0,0,0,0,0,0,2,0,0,0,2022,6,19,6,170,24,2,1,0,0,-0.7818314824680299,0.6234898018587334,0.21352091543979612,-0.9769384927771817,0.23931566428755768,-0.970941817426052,1.2246467991473532e-16,-1.0,0.0,1.0,0.0,0.0,0.0,0.0,0.6666666666666666,0.5773502691896266,2.0,1.0,0.2857142857142857,0.48795003647426677,2.0,1.0,0.5714285714285714,0.8516306272526406,8.0,3.0,0.32142857142857145,0.6696362433535826,9.0,3.0,0.4107142857142857,0.7330331932031882,23.0,3.0,0.4880952380952381,0.7524105457625122,41.0,3.0,1.0,1.0,1.0,819,0.36752136752136755,0.07448107448107448,0.38217338217338215,0.32722832722832723,0.09523809523809523,0.2600732600732601,48.207196029776675,6.882783882783883
2022-06-20,0,0,0,0,0,0,0,0,0,0,0,0,2022,6,20,0,171,25,2,0,1,0,0.0,1.0,0.19667288979357647,-0.980469160361632,0.12053668025532308,-0.992708874098054,1.2246467991473532e-16,-1.0,1.0,0.0,1.0,0.0,1.0,0.0,0.3333333333333333,0.5773502691896266,1.0,1.0,0.2857142857142857,0.48795003647426677,2.0,1.0,0.5,0.8548504142651108,7.0,3.0,0.32142857142857145,0.6696362433535826,9.0,3.0,0.4107142857142857,0.7330331932031882,23.0,3.0,0.4880952380952381,0.7524105457625122,41.0,3.0,-1.0,0.0,0.0,819,0.36752136752136755,0.07448107448107448,0.38217338217338215,0.32722832722832723,0.09523809523809523,0.2600732600732601,48.207196029776675,6.882783882783883
2022-06-21,2,0,0,1,0,0,0,0,4,0,0,0,2022,6,21,1,172,25,2,0,0,0,0.7818314824680298,0.6234898018587336,0.1797665857255624,-0.9837092937736097,0.12053668025532308,-0.992708874098054,1.2246467991473532e-16,-1.0,0.0,1.0,0.0,0.0,0.0,0.0,1.0,1.0000000000000004,3.0,2.0,0.5714285714285714,0.786795792469443,4.0,2.0,0.6428571428571429,0.9287827316640654,9.0,3.0,0.39285714285714285,0.7373267889143821,11.0,3.0,0.4107142857142857,0.7330331932031882,23.0,3.0,0.5,0.7683498199278325,42.0,3.0,2.0,2.0,2.0,819,0.36752136752136755,0.07448107448107448,0.38217338217338215,0.32722832722832723,0.09523809523809523,0.2600732600732601,48.207196029776675,6.882783882783883
2022-06-22,3,1,1,1,0,2,0,1,6,0,0,1,2022,6,22,2,173,25,2,0,0,0,0.9749279121818236,-0.22252093395631434,0.16280701293851715,-0.986657932891657,0.12053668025532308,-0.992708874098054,1.2246467991473532e-16,-1.0,2.0,0.0,1.0,0.0,3.0,0.0,1.6666666666666667,1.527525231651947,5.0,3.0,1.0,1.154700538379251,7.0,3.0,0.6428571428571429,0.9287827316640654,9.0,3.0,0.5,0.8819171036881969,14.0,3.0,0.4642857142857143,0.8082368175521042,26.0,3.0,0.5357142857142857,0.8132402625379149,45.0,3.0,1.0,3.0,3.0,819,0.36752136752136755,0.07448107448107448,0.38217338217338215,0.32722832722832723,0.09523809523809523,0.2600732600732601,48.207196029776675,6.882783882783883
2022-06-23,0,0,0,0,0,0,0,0,0,0,0,0,2022,6,23,3,174,25,2,0,0,0,0.43388373911755823,-0.900968867902419,0.1457991969198751,-0.9893142039703663,0.12053668025532308,-0.992708874098054,1.2246467991473532e-16,-1.0,3.0,2.0,0.0,0.0,0.0,0.0,1.6666666666666667,1.527525231651947,5.0,3.0,1.0,1.154700538379251,7.0,3.0,0.6428571428571429,0.9287827316640654,9.0,3.0,0.5,0.8819171036881969,14.0,3.0,0.4642857142857143,0.8082368175521042,26.0,3.0,0.5119047619047619,0.7990061238821312,43.0,3.0,-3.0,0.0,0.0,819,0.36752136752136755,0.07448107448107448,0.38217338217338215,0.32722832722832723,0.09523809523809523,0.2600732600732601,48.207196029776675,6.882783882783883
2022-06-24,1,0,0,0,0,0,0,0,2,0,0,0,2022,6,24,4,175,25,2,0,0,1,-0.433883739117558,-0.9009688679024191,0.12874817745258132,-0.99167731989929,0.12053668025532308,-0.992708874098054,1.2246467991473532e-16,-1.0,0.0,3.0,2.0,1.0,1.0,0.0,1.3333333333333333,1.527525231651947,4.0,3.0,1.0,1.154700538379251,7.0,3.0,0.6428571428571429,0.9287827316640654,9.0,3.0,0.5357142857142857,0.8811668550592597,15.0,3.0,0.44642857142857145,0.7843849439272406,25.0,3.0,0.5,0.7838736067283433,42.0,3.0,1.0,0.0,1.0,819,0.36752136752136755,0.07448107448107448,0.38217338217338215,0.32722832722832723,0.09523809523809523,0.2600732600732601,48.207196029776675,6.882783882783883
2022-06-25,0,0,0,0,0,0,0,0,0,0,0,0,2022,6,25,5,176,25,2,1,0,0,-0.9749279121818236,-0.2225209339563146,0.11165900712169512,-0.993746580436178,0.12053668025532308,-0.992708874098054,1.2246467991473532e-16,-1.0,1.0,0.0,3.0,0.0,1.0,0.0,0.3333333333333333,0.5773502691896265,1.0,1.0,1.0,1.154700538379251,7.0,3.0,0.5714285714285714,0.9376144618769913,8.0,3.0,0.5357142857142857,0.8811668550592597,15.0,3.0,0.44642857142857145,0.7843849439272406,25.0,3.0,0.4880952380952381,0.7837821128725628,41.0,3.0,-1.0,0.0,0.0,819,0.36752136752136755,0.07448107448107448,0.38217338217338215,0.32722832722832723,0.09523809523809523,0.2600732600732601,48.207196029776675,6.882783882783883
2022-06-26,0,0,0,0,0,0,0,0,0,0,0,0,2022,6,26,6,177,25,2,1,0,0,-0.7818314824680299,0.6234898018587334,0.09453674981719912,-0.9955213724144752,0.12053668025532308,-0.992708874098054,1.2246467991473532e-16,-1.0,0.0,1.0,0.0,1.0,0.0,0.0,0.3333333333333333,0.5773502691896265,1.0,1.0,0.8571428571428571,1.2149857925879115,6.0,3.0,0.5714285714285714,0.9376144618769913,8.0,3.0,0.5357142857142857,0.8811668550592597,15.0,3.0,0.44642857142857145,0.7843849439272406,25.0,3.0,0.47619047619047616,0.7835075672002227,40.0,3.0,0.0,-1.0,0.0,819,0.36752136752136755,0.07448107448107448,0.38217338217338215,0.32722832722832723,0.09523809523809523,0.2600732600732601,48.207196029776675,6.882783882783883
2022-06-27,0,0,0,0,0,0,0,0,0,0,0,0,2022,6,27,0,178,26,2,0,1,0,0.0,1.0,0.07738647923346301,-0.9970011699250151,-3.216245299353273e-16,-1.0,1.2246467991473532e-16,-1.0,0.0,0.0,1.0,0.0,0.0,0.0,0.0,0.0,0.0,0.0,0.8571428571428571,1.2149857925879115,6.0,3.0,0.5714285714285714,0.9376144618769913,8.0,3.0,0.5357142857142857,0.8811668550592597,15.0,3.0,0.42857142857142855,0.7829348714848593,24.0,3.0,0.4642857142857143,0.7830497771715406,39.0,3.0,0.0,0.0,0.0,819,0.36752136752136755,0.07448107448107448,0.38217338217338215,0.32722832722832723,0.09523809523809523,0.2600732600732601,48.207196029776675,6.882783882783883
2022-06-28,0,0,0,0,0,0,0,0,0,0,0,0,2022,6,28,1,179,26,2,0,0,0,0.7818314824680298,0.6234898018587336,0.06021327736579302,-0.9981855344718586,-3.216245299353273e-16,-1.0,1.2246467991473532e-16,-1.0,0.0,0.0,0.0,2.0,0.0,1.0,0.0,0.0,0.0,0.0,0.5714285714285714,1.1338934190276817,4.0,3.0,0.5714285714285714,0.9376144618769913,8.0,3.0,0.5,0.8819171036881969,14.0,3.0,0.42857142857142855,0.7829348714848593,24.0,3.0,0.4642857142857143,0.7830497771715406,39.0,3.0,0.0,-2.0,-1.0,819,0.36752136752136755,0.07448107448107448,0.38217338217338215,0.32722832722832723,0.09523809523809523,0.2600732600732601,48.207196029776675,6.882783882783883
2022-06-29,0,0,0,0,0,0,0,0,0,0,0,0,2022,6,29,2,180,26,2,0,0,0,0.9749279121818236,-0.22252093395631434,0.04302223300453059,-0.99907411510223,-3.216245299353273e-16,-1.0,1.2246467991473532e-16,-1.0,0.0,0.0,0.0,3.0,0.0,0.0,0.0,0.0,0.0,0.0,0.14285714285714285,0.3779644730092282,1.0,1.0,0.5714285714285714,0.9376144618769913,8.0,3.0,0.5,0.8819171036881969,14.0,3.0,0.42857142857142855,0.7829348714848593,24.0,3.0,0.4642857142857143,0.7830497771715406,39.0,3.0,0.0,-3.0,0.0,819,0.36752136752136755,0.07448107448107448,0.38217338217338215,0.32722832722832723,0.09523809523809523,0.2600732600732601,48.207196029776675,6.882783882783883
2022-06-30,0,0,0,0,0,0,0,0,0,0,0,0,2022,6,30,3,181,26,2,0,0,0,0.43388373911755823,-0.900968867902419,0.02581844022713308,-0.9996666485105112,-3.216245299353273e-16,-1.0,1.2246467991473532e-16,-1.0,0.0,0.0,0.0,0.0,0.0,0.0,0.0,0.0,0.0,0.0,0.14285714285714285,0.3779644730092282,1.0,1.0,0.5714285714285714,0.9376144618769913,8.0,3.0,0.5,0.8819171036881969,14.0,3.0,0.42857142857142855,0.7829348714848593,24.0,3.0,0.4642857142857143,0.7830497771715406,39.0,3.0,0.0,0.0,0.0,819,0.36752136752136755,0.07448107448107448,0.38217338217338215,0.32722832722832723,0.09523809523809523,0.2600732600732601,48.207196029776675,6.882783882783883
2022-07-01,0,0,0,0,0,0,0,0,0,0,0,0,2022,7,1,4,182,26,3,0,0,1,-0.433883739117558,-0.9009688679024191,0.008606996888688698,-0.9999629591162655,-3.216245299353273e-16,-1.0,-0.4999999999999997,-0.8660254037844388,0.0,0.0,0.0,1.0,1.0,0.0,0.0,0.0,0.0,0.0,0.0,0.0,0.0,0.0,0.5,0.9405399431259608,7.0,3.0,0.5,0.8819171036881969,14.0,3.0,0.42857142857142855,0.7829348714848593,24.0,3.0,0.4523809523809524,0.7824084211357533,38.0,3.0,0.0,-1.0,0.0,819,0.36752136752136755,0.07448107448107448,0.38217338217338215,0.32722832722832723,0.09523809523809523,0.2600732600732601,48.207196029776675,6.882783882783883
2022-07-02,0,0,0,0,0,0,0,0,0,0,0,0,2022,7,2,5,183,26,3,1,0,0,-0.9749279121818236,-0.2225209339563146,-0.008606996888688009,-0.9999629591162655,-3.216245299353273e-16,-1.0,-0.4999999999999997,-0.8660254037844388,0.0,0.0,0.0,0.0,0.0,0.0,0.0,0.0,0.0,0.0,0.0,0.0,0.0,0.0,0.5,0.9405399431259608,7.0,3.0,0.5,0.8819171036881969,14.0,3.0,0.42857142857142855,0.7829348714848593,24.0,3.0,0.44047619047619047,0.7815830471979548,37.0,3.0,0.0,0.0,0.0,819,0.36752136752136755,0.07448107448107448,0.38217338217338215,0.32722832722832723,0.09523809523809523,0.2600732600732601,48.207196029776675,6.882783882783883
2022-07-03,0,0,0,0,0,0,0,0,0,0,0,0,2022,7,3,6,184,26,3,1,0,0,-0.7818314824680299,0.6234898018587334,-0.02581844022713239,-0.9996666485105112,-3.216245299353273e-16,-1.0,-0.4999999999999997,-0.8660254037844388,0.0,0.0,0.0,0.0,1.0,0.0,0.0,0.0,0.0,0.0,0.0,0.0,0.0,0.0,0.42857142857142855,0.9376144618769912,6.0,3.0,0.5,0.8819171036881969,14.0,3.0,0.4107142857142857,0.7810665368999847,23.0,3.0,0.42857142857142855,0.7805730716196234,36.0,3.0,0.0,0.0,0.0,819,0.36752136752136755,0.07448107448107448,0.38217338217338215,0.32722832722832723,0.09523809523809523,0.2600732600732601,48.207196029776675,6.882783882783883
2022-07-04,0,0,0,0,0,0,0,0,0,0,0,0,2022,7,4,0,185,27,3,0,1,0,0.0,1.0,-0.04302223300453034,-0.99907411510223,-0.12053668025532283,-0.992708874098054,-0.4999999999999997,-0.8660254037844388,0.0,0.0,0.0,0.0,0.0,1.0,0.0,0.0,0.0,0.0,0.0,0.0,0.0,0.0,0.42857142857142855,0.9376144618769912,6.0,3.0,0.4642857142857143,0.8811668550592597,13.0,3.0,0.4107142857142857,0.7810665368999847,23.0,3.0,0.42857142857142855,0.7805730716196234,36.0,3.0,0.0,0.0,-1.0,819,0.36752136752136755,0.07448107448107448,0.38217338217338215,0.32722832722832723,0.09523809523809523,0.2600732600732601,48.207196029776675,6.882783882783883
2022-07-05,2,1,0,1,0,1,0,1,4,0,0,0,2022,7,5,1,186,27,3,0,0,0,0.7818314824680298,0.6234898018587336,-0.060213277365792774,-0.9981855344718586,-0.12053668025532283,-0.992708874098054,-0.4999999999999997,-0.8660254037844388,0.0,0.0,0.0,0.0,2.0,0.0,0.6666666666666666,1.154700538379252,2.0,2.0,0.2857142857142857,0.7559289460184548,2.0,2.0,0.42857142857142855,0.9376144618769912,6.0,3.0,0.5357142857142857,0.9222413461394477,15.0,3.0,0.42857142857142855,0.8058229640253803,24.0,3.0,0.4523809523809524,0.7976586506810486,38.0,3.0,2.0,2.0,2.0,819,0.36752136752136755,0.07448107448107448,0.38217338217338215,0.32722832722832723,0.09523809523809523,0.2600732600732601,48.207196029776675,6.882783882783883
2022-07-06,1,1,0,1,0,1,0,1,2,0,0,0,2022,7,6,2,187,27,3,0,0,0,0.9749279121818236,-0.22252093395631434,-0.07738647923346322,-0.9970011699250151,-0.12053668025532283,-0.992708874098054,-0.4999999999999997,-0.8660254037844388,2.0,0.0,0.0,0.0,3.0,3.0,1.0,1.0000000000000004,3.0,2.0,0.42857142857142855,0.7867957924694433,3.0,2.0,0.2857142857142857,0.6112498455021271,4.0,2.0,0.4642857142857143,0.7926581093427849,13.0,3.0,0.44642857142857145,0.8072319224506528,25.0,3.0,0.4642857142857143,0.7982877545538125,39.0,3.0,-1.0,1.0,-2.0,819,0.36752136752136755,0.07448107448107448,0.38217338217338215,0.32722832722832723,0.09523809523809523,0.2600732600732601,48.207196029776675,6.882783882783883
2022-07-07,0,0,0,0,0,0,0,0,0,0,0,0,2022,7,7,3,188,27,3,0,0,0,0.43388373911755823,-0.900968867902419,-0.09453674981719933,-0.9955213724144752,-0.12053668025532283,-0.992708874098054,-0.4999999999999997,-0.8660254037844388,1.0,2.0,0.0,0.0,0.0,0.0,1.0,1.0000000000000004,3.0,2.0,0.42857142857142855,0.7867957924694433,3.0,2.0,0.2857142857142857,0.6112498455021271,4.0,2.0,0.4642857142857143,0.7926581093427849,13.0,3.0,0.42857142857142855,0.8058229640253803,24.0,3.0,0.4523809523809524,0.7976586506810486,38.0,3.0,-1.0,0.0,0.0,819,0.36752136752136755,0.07448107448107448,0.38217338217338215,0.32722832722832723,0.09523809523809523,0.2600732600732601,48.207196029776675,6.882783882783883
2022-07-08,0,0,0,0,0,0,0,0,0,0,0,0,2022,7,8,4,189,27,3,0,0,1,-0.433883739117558,-0.9009688679024191,-0.11165900712169444,-0.9937465804361781,-0.12053668025532283,-0.992708874098054,-0.4999999999999997,-0.8660254037844388,0.0,1.0,2.0,0.0,1.0,1.0,0.3333333333333333,0.5773502691896263,1.0,1.0,0.42857142857142855,0.7867957924694433,3.0,2.0,0.21428571428571427,0.57893422352184,3.0,2.0,0.42857142857142855,0.7901510136288027,12.0,3.0,0.375,0.7276987388648236,21.0,3.0,0.44047619047619047,0.7968490730429504,37.0,3.0,0.0,0.0,-1.0,819,0.36752136752136755,0.07448107448107448,0.38217338217338215,0.32722832722832723,0.09523809523809523,0.2600732600732601,48.207196029776675,6.882783882783883
2022-07-09,3,1,0,3,0,0,0,0,6,0,0,0,2022,7,9,5,190,27,3,1,0,0,-0.9749279121818236,-0.2225209339563146,-0.12874817745258066,-0.99167731989929,-0.12053668025532283,-0.992708874098054,-0.4999999999999997,-0.8660254037844388,0.0,0.0,1.0,0.0,0.0,1.0,1.0,1.7320508075688776,3.0,3.0,0.8571428571428571,1.2149857925879115,6.0,3.0,0.42857142857142855,0.9376144618769912,6.0,3.0,0.5,0.9229582069908973,14.0,3.0,0.4107142857142857,0.8040078180145834,23.0,3.0,0.4642857142857143,0.8423493905126744,39.0,3.0,3.0,3.0,2.0,819,0.36752136752136755,0.07448107448107448,0.38217338217338215,0.32722832722832723,0.09523809523809523,0.2600732600732601,48.207196029776675,6.882783882783883
2022-07-10,1,0,0,0,0,0,0,0,2,0,0,0,2022,7,10,6,191,27,3,1,0,0,-0.7818314824680299,0.6234898018587334,-0.14579919691987442,-0.9893142039703664,-0.12053668025532283,-0.992708874098054,-0.4999999999999997,-0.8660254037844388,3.0,0.0,0.0,0.0,0.0,0.0,1.3333333333333333,1.527525231651947,4.0,3.0,1.0,1.1547005383792512,7.0,3.0,0.5,0.9405399431259608,7.0,3.0,0.5357142857142857,0.9222413461394477,15.0,3.0,0.4107142857142857,0.8040078180145834,23.0,3.0,0.47619047619047616,0.8427749699823116,40.0,3.0,-2.0,1.0,1.0,819,0.36752136752136755,0.07448107448107448,0.38217338217338215,0.32722832722832723,0.09523809523809523,0.2600732600732601,48.207196029776675,6.882783882783883
2022-07-11,0,0,0,0,0,0,0,0,0,0,0,0,2022,7,11,0,192,28,3,0,1,0,0.0,1.0,-0.16280701293851646,-0.9866579328916572,-0.23931566428755743,-0.9709418174260521,-0.4999999999999997,-0.8660254037844388,1.0,3.0,0.0,0.0,0.0,0.0,1.3333333333333333,1.5275252316519472,4.0,3.0,1.0,1.154700538379251,7.0,3.0,0.5,0.9405399431259608,7.0,3.0,0.5357142857142857,0.9222413461394477,15.0,3.0,0.39285714285714285,0.8017837257372733,22.0,3.0,0.4642857142857143,0.8423493905126744,39.0,3.0,-1.0,0.0,0.0,819,0.36752136752136755,0.07448107448107448,0.38217338217338215,0.32722832722832723,0.09523809523809523,0.2600732600732601,48.207196029776675,6.882783882783883
2022-07-12,0,0,0,0,0,0,0,0,0,0,0,0,2022,7,12,1,193,28,3,0,0,0,0.7818314824680298,0.6234898018587336,-0.17976658572556214,-0.9837092937736098,-0.23931566428755743,-0.9709418174260521,-0.4999999999999997,-0.8660254037844388,0.0,1.0,3.0,2.0,0.0,0.0,0.3333333333333333,0.5773502691896274,1.0,1.0,0.7142857142857143,1.1126972805283735,5.0,3.0,0.5,0.9405399431259608,7.0,3.0,0.5357142857142857,0.9222413461394477,15.0,3.0,0.39285714285714285,0.8017837257372733,22.0,3.0,0.4642857142857143,0.8423493905126744,39.0,3.0,0.0,-2.0,0.0,819,0.36752136752136755,0.07448107448107448,0.38217338217338215,0.32722832722832723,0.09523809523809523,0.2600732600732601,48.207196029776675,6.882783882783883
2022-07-13,0,0,0,0,0,0,0,0,0,0,0,0,2022,7,13,2,194,28,3,0,0,0,0.9749279121818236,-0.22252093395631434,-0.19667288979357622,-0.9804691603616321,-0.23931566428755743,-0.9709418174260521,-0.4999999999999997,-0.8660254037844388,0.0,0.0,1.0,1.0,0.0,0.0,0.0,0.0,0.0,0.0,0.5714285714285714,1.1338934190276817,4.0,3.0,0.5,0.9405399431259608,7.0,3.0,0.5357142857142857,0.9222413461394477,15.0,3.0,0.39285714285714285,0.8017837257372733,22.0,3.0,0.4642857142857143,0.8423493905126744,39.0,3.0,0.0,-1.0,0.0,819,0.36752136752136755,0.07448107448107448,0.38217338217338215,0.32722832722832723,0.09523809523809523,0.2600732600732601,48.207196029776675,6.882783882783883
2022-07-14,1,1,0,1,0,0,0,0,2,0,0,0,2022,7,14,3,195,28,3,0,0,0,0.43388373911755823,-0.900968867902419,-0.2135209154397959,-0.9769384927771817,-0.23931566428755743,-0.9709418174260521,-0.4999999999999997,-0.8660254037844388,0.0,0.0,0.0,0.0,0.0,0.0,0.3333333333333333,0.5773502691896274,1.0,1.0,0.7142857142857143,1.1126972805283735,5.0,3.0,0.5714285714285714,0.9376144618769913,8.0,3.0,0.5714285714285714,0.9200874124564723,16.0,3.0,0.4107142857142857,0.8040078180145834,23.0,3.0,0.47619047619047616,0.8427749699823116,40.0,3.0,1.0,1.0,1.0,819,0.36752136752136755,0.07448107448107448,0.38217338217338215,0.32722832722832723,0.09523809523809523,0.2600732600732601,48.207196029776675,6.882783882783883
2022-07-15,3,0,1,2,0,1,0,1,6,0,0,1,2022,7,15,4,196,28,3,0,0,1,-0.433883739117558,-0.9009688679024191,-0.23030567023061196,-0.973118337233262,-0.23931566428755743,-0.9709418174260521,-0.4999999999999997,-0.8660254037844388,1.0,0.0,0.0,0.0,0.0,1.0,1.3333333333333333,1.5275252316519472,4.0,3.0,1.1428571428571428,1.345185418269098,8.0,3.0,0.7857142857142857,1.1217137594956028,11.0,3.0,0.6428571428571429,1.0261140545329515,18.0,3.0,0.4642857142857143,0.8731195006055371,26.0,3.0,0.5119047619047619,0.8848667127054557,43.0,3.0,2.0,3.0,2.0,819,0.36752136752136755,0.07448107448107448,0.38217338217338215,0.32722832722832723,0.09523809523809523,0.2600732600732601,48.207196029776675,6.882783882783883
2022-07-16,0,0,0,0,0,0,0,0,0,0,0,0,2022,7,16,5,197,28,3,1,0,0,-0.9749279121818236,-0.2225209339563146,-0.24702218048093527,-0.9690098257244063,-0.23931566428755743,-0.9709418174260521,-0.4999999999999997,-0.8660254037844388,3.0,1.0,0.0,3.0,0.0,0.0,1.3333333333333333,1.5275252316519472,4.0,3.0,0.7142857142857143,1.1126972805283735,5.0,3.0,0.7857142857142857,1.1217137594956028,11.0,3.0,0.6428571428571429,1.0261140545329515,18.0,3.0,0.4642857142857143,0.8731195006055371,26.0,3.0,0.47619047619047616,0.8427749699823116,40.0,3.0,-3.0,-3.0,0.0,819,0.36752136752136755,0.07448107448107448,0.38217338217338215,0.32722832722832723,0.09523809523809523,0.2600732600732601,48.207196029776675,6.882783882783883
2022-07-17,1,0,0,0,0,0,0,0,3,0,0,0,2022,7,17,6,198,28,3,1,0,0,-0.7818314824680299,0.6234898018587334,-0.2636654927280072,-0.9646141756912435,-0.23931566428755743,-0.9709418174260521,-0.4999999999999997,-0.8660254037844388,0.0,3.0,1.0,1.0,0.0,1.0,1.3333333333333333,1.5275252316519472,4.0,3.0,0.7142857142857143,1.1126972805283735,5.0,3.0,0.8571428571428571,1.099450412156551,12.0,3.0,0.6428571428571429,1.0261140545329515,18.0,3.0,0.48214285714285715,0.8736771075813355,27.0,3.0,0.4880952380952381,0.843030214540175,41.0,3.0,1.0,0.0,0.0,819,0.36752136752136755,0.07448107448107448,0.38217338217338215,0.32722832722832723,0.09523809523809523,0.2600732600732601,48.207196029776675,6.882783882783883
2022-07-18,0,0,0,0,0,0,0,0,0,0,0,0,2022,7,18,0,199,29,3,0,1,0,0.0,1.0,-0.2802306751992161,-0.9599326896597445,-0.3546048870425356,-0.9350162426854148,-0.4999999999999997,-0.8660254037844388,1.0,0.0,3.0,0.0,0.0,0.0,0.3333333333333333,0.5773502691896274,1.0,1.0,0.7142857142857143,1.1126972805283735,5.0,3.0,0.8571428571428571,1.099450412156551,12.0,3.0,0.6428571428571429,1.0261140545329515,18.0,3.0,0.48214285714285715,0.8736771075813355,27.0,3.0,0.4880952380952381,0.843030214540175,41.0,3.0,-1.0,0.0,0.0,819,0.36752136752136755,0.07448107448107448,0.38217338217338215,0.32722832722832723,0.09523809523809523,0.2600732600732601,48.207196029776675,6.882783882783883
2022-07-19,1,1,0,1,0,0,0,0,2,0,0,0,2022,7,19,1,200,29,3,0,0,0,0.7818314824680298,0.6234898018587336,-0.2967128192734901,-0.9549667548552553,-0.3546048870425356,-0.9350162426854148,-0.4999999999999997,-0.8660254037844388,0.0,1.0,0.0,0.0,2.0,2.0,0.6666666666666666,0.5773502691896273,2.0,1.0,0.8571428571428571,1.0690449676496974,6.0,3.0,0.7857142857142857,1.0509022810878303,11.0,3.0,0.6071428571428571,0.9940297973880049,17.0,3.0,0.5,0.8738628975053031,28.0,3.0,0.47619047619047616,0.8283557596145014,40.0,3.0,1.0,1.0,-1.0,819,0.36752136752136755,0.07448107448107448,0.38217338217338215,0.32722832722832723,0.09523809523809523,0.2600732600732601,48.207196029776675,6.882783882783883
2022-07-20,1,1,0,1,0,2,0,1,2,0,0,0,2022,7,20,2,201,29,3,0,0,0,0.9749279121818236,-0.22252093395631434,-0.3131070409358267,-0.9497178427914317,-0.3546048870425356,-0.9350162426854148,-0.4999999999999997,-0.8660254037844388,1.0,0.0,1.0,0.0,1.0,3.0,0.6666666666666666,0.5773502691896273,2.0,1.0,1.0,0.9999999999999996,7.0,3.0,0.7857142857142857,1.0509022810878303,11.0,3.0,0.5357142857142857,0.8811668550592598,15.0,3.0,0.5178571428571429,0.8736771075813355,29.0,3.0,0.4880952380952381,0.8286154458405206,41.0,3.0,0.0,1.0,-2.0,819,0.36752136752136755,0.07448107448107448,0.38217338217338215,0.32722832722832723,0.09523809523809523,0.2600732600732601,48.207196029776675,6.882783882783883
2022-07-21,2,1,0,1,0,1,0,1,6,0,0,1,2022,7,21,3,202,29,3,0,0,0,0.43388373911755823,-0.900968867902419,-0.3294084822245302,-0.9441875088341994,-0.3546048870425356,-0.9350162426854148,-0.4999999999999997,-0.8660254037844388,1.0,1.0,0.0,1.0,0.0,0.0,1.3333333333333333,0.577350269189627,4.0,2.0,1.1428571428571428,1.0690449676496971,8.0,3.0,0.9285714285714286,1.0716117059605357,13.0,3.0,0.6071428571428571,0.9164862737363229,17.0,3.0,0.5535714285714286,0.8927922054307611,31.0,3.0,0.5119047619047619,0.843030214540175,43.0,3.0,1.0,1.0,2.0,819,0.36752136752136755,0.07448107448107448,0.38217338217338215,0.32722832722832723,0.09523809523809523,0.2600732600732601,48.207196029776675,6.882783882783883
2022-07-22,0,0,0,0,0,0,0,0,0,0,0,0,2022,7,22,4,203,29,3,0,0,1,-0.433883739117558,-0.9009688679024191,-0.3456123126707333,-0.9383773917408642,-0.3546048870425356,-0.9350162426854148,-0.4999999999999997,-0.8660254037844388,2.0,1.0,1.0,3.0,0.0,1.0,1.0,1.0000000000000007,3.0,2.0,0.7142857142857143,0.7559289460184544,5.0,2.0,0.9285714285714286,1.0716117059605357,13.0,3.0,0.5714285714285714,0.9200874124564724,16.0,3.0,0.5535714285714286,0.8927922054307611,31.0,3.0,0.4880952380952381,0.8286154458405206,41.0,3.0,-2.0,-3.0,-1.0,819,0.36752136752136755,0.07448107448107448,0.38217338217338215,0.32722832722832723,0.09523809523809523,0.2600732600732601,48.207196029776675,6.882783882783883
2022-07-23,0,0,0,0,0,0,0,0,0,0,0,0,2022,7,23,5,204,29,3,1,0,0,-0.9749279121818236,-0.2225209339563146,-0.3617137307297674,-0.9322892131745134,-0.3546048870425356,-0.9350162426854148,-0.4999999999999997,-0.8660254037844388,0.0,2.0,1.0,0.0,3.0,0.0,0.6666666666666666,1.1547005383792521,2.0,2.0,0.7142857142857143,0.7559289460184544,5.0,2.0,0.7142857142857143,0.913873533463376,10.0,3.0,0.5714285714285714,0.9200874124564724,16.0,3.0,0.5535714285714286,0.8927922054307611,31.0,3.0,0.4880952380952381,0.8286154458405206,41.0,3.0,0.0,0.0,0.0,819,0.36752136752136755,0.07448107448107448,0.38217338217338215,0.32722832722832723,0.09523809523809523,0.2600732600732601,48.207196029776675,6.882783882783883
2022-07-24,1,0,1,0,0,0,0,0,2,0,0,1,2022,7,24,6,205,29,3,1,0,0,-0.7818314824680299,0.6234898018587334,-0.37770796520396466,-0.9259247771938499,-0.3546048870425356,-0.9350162426854148,-0.4999999999999997,-0.8660254037844388,0.0,0.0,2.0,1.0,1.0,0.0,0.3333333333333333,0.577350269189627,1.0,1.0,0.7142857142857143,0.7559289460184544,5.0,2.0,0.7142857142857143,0.913873533463376,10.0,3.0,0.6071428571428571,0.9164862737363229,17.0,3.0,0.5714285714285714,0.8915184769847425,32.0,3.0,0.5,0.8287019898321757,42.0,3.0,1.0,0.0,1.0,819,0.36752136752136755,0.07448107448107448,0.38217338217338215,0.32722832722832723,0.09523809523809523,0.2600732600732601,48.207196029776675,6.882783882783883
2022-07-25,0,0,0,0,0,0,0,0,0,0,0,0,2022,7,25,0,206,30,3,0,1,0,0.0,1.0,-0.39359027665646645,-0.9192859697186105,-0.46472317204376806,-0.8854560256532101,-0.4999999999999997,-0.8660254037844388,1.0,0.0,0.0,0.0,0.0,0.0,0.3333333333333333,0.577350269189627,1.0,1.0,0.7142857142857143,0.7559289460184544,5.0,2.0,0.7142857142857143,0.913873533463376,10.0,3.0,0.6071428571428571,0.9164862737363229,17.0,3.0,0.5714285714285714,0.8915184769847425,32.0,3.0,0.4880952380952381,0.8286154458405206,41.0,3.0,-1.0,0.0,0.0,819,0.36752136752136755,0.07448107448107448,0.38217338217338215,0.32722832722832723,0.09523809523809523,0.2600732600732601,48.207196029776675,6.882783882783883
2022-07-26,0,0,0,0,0,0,0,0,0,0,0,0,2022,7,26,1,207,30,3,0,0,0,0.7818314824680298,0.6234898018587336,-0.4093559588156211,-0.9123747579707274,-0.46472317204376806,-0.8854560256532101,-0.4999999999999997,-0.8660254037844388,0.0,1.0,0.0,1.0,0.0,0.0,0.3333333333333333,0.5773502691896271,1.0,1.0,0.5714285714285714,0.7867957924694433,4.0,2.0,0.7142857142857143,0.913873533463376,10.0,3.0,0.6071428571428571,0.9164862737363229,17.0,3.0,0.5535714285714286,0.8927922054307611,31.0,3.0,0.4880952380952381,0.8286154458405206,41.0,3.0,0.0,-1.0,0.0,819,0.36752136752136755,0.07448107448107448,0.38217338217338215,0.32722832722832723,0.09523809523809523,0.2600732600732601,48.207196029776675,6.882783882783883
2022-07-27,0,0,0,0,0,0,0,0,0,0,0,0,2022,7,27,2,208,30,3,0,0,0,0.9749279121818236,-0.22252093395631434,-0.42500033996955394,-0.9051931898913975,-0.46472317204376806,-0.8854560256532101,-0.4999999999999997,-0.8660254037844388,0.0,0.0,1.0,1.0,0.0,0.0,0.0,0.0,0.0,0.0,0.42857142857142855,0.7867957924694435,3.0,2.0,0.7142857142857143,0.913873533463376,10.0,3.0,0.6071428571428571,0.9164862737363229,17.0,3.0,0.5535714285714286,0.8927922054307611,31.0,3.0,0.4880952380952381,0.8286154458405206,41.0,3.0,0.0,-1.0,0.0,819,0.36752136752136755,0.07448107448107448,0.38217338217338215,0.32722832722832723,0.09523809523809523,0.2600732600732601,48.207196029776675,6.882783882783883
2022-07-28,0,0,0,0,0,0,0,0,0,0,0,0,2022,7,28,3,209,30,3,0,0,0,0.43388373911755823,-0.900968867902419,-0.4405187843504952,-0.8977433935342336,-0.46472317204376806,-0.8854560256532101,-0.4999999999999997,-0.8660254037844388,0.0,0.0,0.0,2.0,1.0,0.0,0.0,0.0,0.0,0.0,0.14285714285714285,0.3779644730092288,1.0,1.0,0.6428571428571429,0.9287827316640656,9.0,3.0,0.6071428571428571,0.9164862737363229,17.0,3.0,0.5535714285714286,0.8927922054307611,31.0,3.0,0.4880952380952381,0.8286154458405206,41.0,3.0,0.0,-2.0,0.0,819,0.36752136752136755,0.07448107448107448,0.38217338217338215,0.32722832722832723,0.09523809523809523,0.2600732600732601,48.207196029776675,6.882783882783883
2022-07-29,2,0,1,0,0,1,0,1,3,0,0,1,2022,7,29,4,210,30,3,0,0,1,-0.433883739117558,-0.9009688679024191,-0.455906693508459,-0.8900275764346766,-0.46472317204376806,-0.8854560256532101,-0.4999999999999997,-0.8660254037844388,0.0,0.0,0.0,0.0,3.0,0.0,0.6666666666666666,1.1547005383792521,2.0,2.0,0.42857142857142855,0.7867957924694435,3.0,2.0,0.5714285714285714,0.7559289460184552,8.0,2.0,0.6785714285714286,0.9449111825230682,19.0,3.0,0.5892857142857143,0.9100806300799691,33.0,3.0,0.5119047619047619,0.843030214540175,43.0,3.0,2.0,2.0,2.0,819,0.36752136752136755,0.07448107448107448,0.38217338217338215,0.32722832722832723,0.09523809523809523,0.2600732600732601,48.207196029776675,6.882783882783883
2022-07-30,2,1,0,1,0,1,0,1,4,0,0,0,2022,7,30,5,211,30,3,1,0,0,-0.9749279121818236,-0.2225209339563146,-0.47115950767386394,-0.8820480249558535,-0.46472317204376806,-0.8854560256532101,-0.4999999999999997,-0.8660254037844388,2.0,0.0,0.0,0.0,0.0,0.0,1.3333333333333333,1.1547005383792521,4.0,2.0,0.7142857142857143,0.9511897312113418,5.0,2.0,0.7142857142857143,0.8254203058555577,10.0,2.0,0.75,0.9670497325294006,21.0,3.0,0.625,0.9256447384489267,35.0,3.0,0.5357142857142857,0.8565330590463177,45.0,3.0,0.0,2.0,2.0,819,0.36752136752136755,0.07448107448107448,0.38217338217338215,0.32722832722832723,0.09523809523809523,0.2600732600732601,48.207196029776675,6.882783882783883
2022-07-31,0,0,0,0,0,0,0,0,0,0,0,0,2022,7,31,6,212,30,3,1,0,0,-0.7818314824680299,0.6234898018587334,-0.4862727071086902,-0.8738071036110807,-0.46472317204376806,-0.8854560256532101,-0.4999999999999997,-0.8660254037844388,2.0,2.0,0.0,1.0,1.0,0.0,1.3333333333333333,1.1547005383792524,4.0,2.0,0.5714285714285714,0.9759000729485333,4.0,2.0,0.6428571428571429,0.8418973861410961,9.0,2.0,0.75,0.9670497325294006,21.0,3.0,0.625,0.9256447384489267,35.0,3.0,0.5238095238095238,0.8569515946486446,44.0,3.0,-2.0,-1.0,0.0,819,0.36752136752136755,0.07448107448107448,0.38217338217338215,0.32722832722832723,0.09523809523809523,0.2600732600732601,48.207196029776675,6.882783882783883
2022-08-01,1,0,0,0,0,0,0,0,2,0,0,1,2022,8,1,0,213,31,3,0,1,0,0.0,1.0,-0.5012418134457756,-0.8653072543632061,-0.5680647467311556,-0.8229838658936566,-0.8660254037844385,-0.5000000000000004,0.0,2.0,2.0,0.0,0.0,0.0,1.0,1.0000000000000009,3.0,2.0,0.7142857142857143,0.9511897312113418,5.0,2.0,0.7142857142857143,0.8254203058555577,10.0,2.0,0.7857142857142857,0.9567360740266437,22.0,3.0,0.625,0.9256447384489267,35.0,3.0,0.5357142857142857,0.8565330590463177,45.0,3.0,1.0,1.0,1.0,819,0.36752136752136755,0.07448107448107448,0.38217338217338215,0.32722832722832723,0.09523809523809523,0.2600732600732601,48.207196029776675,6.882783882783883
2022-08-02,3,1,0,1,0,0,0,0,6,0,0,0,2022,8,2,1,214,31,3,0,0,0,0.7818314824680298,0.6234898018587336,-0.5160623910158526,-0.8565509959010037,-0.5680647467311556,-0.8229838658936566,-0.8660254037844385,-0.5000000000000004,1.0,0.0,2.0,0.0,1.0,2.0,1.3333333333333333,1.5275252316519472,4.0,3.0,1.1428571428571428,1.2149857925879113,8.0,3.0,0.8571428571428571,1.0271051820261916,12.0,3.0,0.8214285714285714,1.0202966681339753,23.0,3.0,0.6785714285714286,0.9743462676844662,38.0,3.0,0.5595238095238095,0.8964614570658292,47.0,3.0,2.0,3.0,1.0,819,0.36752136752136755,0.07448107448107448,0.38217338217338215,0.32722832722832723,0.09523809523809523,0.2600732600732601,48.207196029776675,6.882783882783883
2022-08-03,0,0,0,0,0,0,0,0,0,0,0,0,2022,8,3,2,215,31,3,0,0,0,0.9749279121818236,-0.22252093395631434,-0.5307300481619331,-0.8475409228928312,-0.5680647467311556,-0.8229838658936566,-0.8660254037844385,-0.5000000000000004,3.0,1.0,0.0,0.0,1.0,1.0,1.3333333333333333,1.5275252316519472,4.0,3.0,1.1428571428571428,1.2149857925879113,8.0,3.0,0.7857142857142857,1.0509022810878306,11.0,3.0,0.7857142857142857,1.0312575156051293,22.0,3.0,0.625,0.9256447384489267,35.0,3.0,0.5595238095238095,0.8964614570658292,47.0,3.0,-3.0,0.0,-1.0,819,0.36752136752136755,0.07448107448107448,0.38217338217338215,0.32722832722832723,0.09523809523809523,0.2600732600732601,48.207196029776675,6.882783882783883
2022-08-04,0,0,0,0,0,0,0,0,0,0,0,0,2022,8,4,3,216,31,3,0,0,0,0.43388373911755823,-0.900968867902419,-0.5452404385406507,-0.8382797052177745,-0.5680647467311556,-0.8229838658936566,-0.8660254037844385,-0.5000000000000004,0.0,3.0,1.0,0.0,2.0,0.0,1.0,1.7320508075688776,3.0,3.0,1.1428571428571428,1.2149857925879113,8.0,3.0,0.6428571428571429,1.0082080720186275,9.0,3.0,0.7857142857142857,1.0312575156051293,22.0,3.0,0.625,0.9256447384489267,35.0,3.0,0.5476190476190477,0.8971811532803683,46.0,3.0,0.0,0.0,0.0,819,0.36752136752136755,0.07448107448107448,0.38217338217338215,0.32722832722832723,0.09523809523809523,0.2600732600732601,48.207196029776675,6.882783882783883
2022-08-05,1,0,0,0,0,0,0,0,2,0,0,0,2022,8,5,4,217,31,3,0,0,1,-0.433883739117558,-0.9009688679024191,-0.5595892624101763,-0.828770087174504,-0.5680647467311556,-0.8229838658936566,-0.8660254037844385,-0.5000000000000004,0.0,0.0,3.0,2.0,0.0,0.0,0.3333333333333333,0.577350269189627,1.0,1.0,1.0,1.1547005383792512,7.0,3.0,0.7142857142857143,0.9944903161976943,10.0,3.0,0.8214285714285714,1.0202966681339753,23.0,3.0,0.625,0.9256447384489267,35.0,3.0,0.5238095238095238,0.8569515946486446,44.0,3.0,1.0,-1.0,1.0,819,0.36752136752136755,0.07448107448107448,0.38217338217338215,0.32722832722832723,0.09523809523809523,0.2600732600732601,48.207196029776675,6.882783882783883
2022-08-06,0,0,0,0,0,0,0,0,0,0,0,0,2022,8,6,5,218,31,3,1,0,0,-0.9749279121818236,-0.2225209339563146,-0.5737722679043243,-0.8190148866680802,-0.5680647467311556,-0.8229838658936566,-0.8660254037844385,-0.5000000000000004,1.0,0.0,0.0,2.0,0.0,3.0,0.3333333333333333,0.577350269189627,1.0,1.0,0.7142857142857143,1.1126972805283737,5.0,3.0,0.7142857142857143,0.9944903161976943,10.0,3.0,0.7142857142857143,0.9371802805793976,20.0,3.0,0.6071428571428571,0.9279218507174843,34.0,3.0,0.5119047619047619,0.8572026179205371,43.0,3.0,-1.0,-2.0,-3.0,819,0.36752136752136755,0.07448107448107448,0.38217338217338215,0.32722832722832723,0.09523809523809523,0.2600732600732601,48.207196029776675,6.882783882783883
2022-08-07,1,0,0,0,0,0,0,0,2,0,0,1,2022,8,7,6,219,31,3,1,0,0,-0.7818314824680299,0.6234898018587334,-0.5877852522924734,-0.8090169943749472,-0.5680647467311556,-0.8229838658936566,-0.8660254037844385,-0.5000000000000004,0.0,1.0,0.0,0.0,1.0,1.0,0.6666666666666666,0.577350269189627,2.0,1.0,0.8571428571428571,1.0690449676496974,6.0,3.0,0.7142857142857143,0.9944903161976943,10.0,3.0,0.7142857142857143,0.9371802805793976,20.0,3.0,0.625,0.9256447384489267,35.0,3.0,0.5119047619047619,0.8572026179205371,43.0,3.0,1.0,1.0,0.0,819,0.36752136752136755,0.07448107448107448,0.38217338217338215,0.32722832722832723,0.09523809523809523,0.2600732600732601,48.207196029776675,6.882783882783883
2022-08-08,0,0,0,0,0,0,0,0,0,0,0,0,2022,8,8,0,220,32,3,0,1,0,0.0,1.0,-0.6016240632249227,-0.7987793728863648,-0.663122658240795,-0.7485107481711013,-0.8660254037844385,-0.5000000000000004,1.0,0.0,1.0,1.0,0.0,0.0,0.3333333333333333,0.577350269189627,1.0,1.0,0.7142857142857143,1.1126972805283737,5.0,3.0,0.7142857142857143,0.9944903161976943,10.0,3.0,0.7142857142857143,0.9371802805793976,20.0,3.0,0.625,0.9256447384489267,35.0,3.0,0.5,0.8572862760106128,42.0,3.0,-1.0,-1.0,0.0,819,0.36752136752136755,0.07448107448107448,0.38217338217338215,0.32722832722832723,0.09523809523809523,0.2600732600732601,48.207196029776675,6.882783882783883
2022-08-09,0,0,0,0,0,0,0,0,0,0,0,0,2022,8,9,1,221,32,3,0,0,0,0.7818314824680298,0.6234898018587336,-0.6152845999633277,-0.7883050558305253,-0.663122658240795,-0.7485107481711013,-0.8660254037844385,-0.5000000000000004,0.0,1.0,0.0,3.0,0.0,0.0,0.3333333333333333,0.577350269189627,1.0,1.0,0.2857142857142857,0.48795003647426777,2.0,1.0,0.7142857142857143,0.9944903161976943,10.0,3.0,0.7142857142857143,0.9371802805793976,20.0,3.0,0.625,0.9256447384489267,35.0,3.0,0.5,0.8572862760106128,42.0,3.0,0.0,-3.0,0.0,819,0.36752136752136755,0.07448107448107448,0.38217338217338215,0.32722832722832723,0.09523809523809523,0.2600732600732601,48.207196029776675,6.882783882783883
2022-08-10,2,0,0,0,0,0,0,0,4,0,0,0,2022,8,10,2,222,32,3,0,0,0,0.9749279121818236,-0.22252093395631434,-0.6287628145958345,-0.7775971469736268,-0.663122658240795,-0.7485107481711013,-0.8660254037844385,-0.5000000000000004,0.0,0.0,1.0,0.0,0.0,0.0,0.6666666666666666,1.1547005383792521,2.0,2.0,0.5714285714285714,0.7867957924694434,4.0,2.0,0.8571428571428571,1.0271051820261916,12.0,3.0,0.7857142857142857,0.9567360740266437,22.0,3.0,0.6607142857142857,0.9395702250455832,37.0,3.0,0.5238095238095238,0.8708974802541477,44.0,3.0,2.0,2.0,2.0,819,0.36752136752136755,0.07448107448107448,0.38217338217338215,0.32722832722832723,0.09523809523809523,0.2600732600732601,48.207196029776675,6.882783882783883
2022-08-11,1,1,0,0,0,1,0,1,1,1,1,0,2022,8,11,3,223,32,3,0,0,0,0.43388373911755823,-0.900968867902419,-0.6420547132365636,-0.7666588193001592,-0.663122658240795,-0.7485107481711013,-0.8660254037844385,-0.5000000000000004,2.0,0.0,0.0,0.0,0.0,1.0,1.0,1.0000000000000007,3.0,2.0,0.7142857142857143,0.7559289460184544,5.0,2.0,0.9285714285714286,0.9972489631508752,13.0,3.0,0.7857142857142857,0.9567360740266437,22.0,3.0,0.6785714285714286,0.936281675898539,38.0,3.0,0.5357142857142857,0.8704856499572015,45.0,3.0,-1.0,1.0,0.0,819,0.36752136752136755,0.07448107448107448,0.38217338217338215,0.32722832722832723,0.09523809523809523,0.2600732600732601,48.207196029776675,6.882783882783883
2022-08-12,0,0,0,0,0,0,0,0,0,0,0,0,2022,8,12,4,224,32,3,0,0,1,-0.433883739117558,-0.9009688679024191,-0.655156357209085,-0.7554933140726804,-0.663122658240795,-0.7485107481711013,-0.8660254037844385,-0.5000000000000004,1.0,2.0,0.0,1.0,2.0,3.0,1.0,1.0000000000000007,3.0,2.0,0.5714285714285714,0.7867957924694434,4.0,2.0,0.7857142857142857,0.9749612559222298,11.0,3.0,0.6785714285714286,0.8629652337776967,19.0,3.0,0.6607142857142857,0.9395702250455832,37.0,3.0,0.5357142857142857,0.8704856499572015,45.0,3.0,-1.0,-1.0,-3.0,819,0.36752136752136755,0.07448107448107448,0.38217338217338215,0.32722832722832723,0.09523809523809523,0.2600732600732601,48.207196029776675,6.882783882783883
2022-08-13,0,0,0,0,0,0,0,0,0,0,0,0,2022,8,13,5,225,32,3,1,0,0,-0.9749279121818236,-0.2225209339563146,-0.6680638642135333,-0.7441039398713608,-0.663122658240795,-0.7485107481711013,-0.8660254037844385,-0.5000000000000004,0.0,1.0,2.0,0.0,2.0,0.0,0.3333333333333333,0.5773502691896266,1.0,1.0,0.5714285714285714,0.7867957924694434,4.0,2.0,0.6428571428571429,0.9287827316640657,9.0,3.0,0.6785714285714286,0.8629652337776967,19.0,3.0,0.6607142857142857,0.9395702250455832,37.0,3.0,0.5357142857142857,0.8704856499572015,45.0,3.0,0.0,0.0,0.0,819,0.36752136752136755,0.07448107448107448,0.38217338217338215,0.32722832722832723,0.09523809523809523,0.2600732600732601,48.207196029776675,6.882783882783883
2022-08-14,1,0,0,0,0,0,0,0,3,0,0,0,2022,8,14,6,226,32,3,1,0,0,-0.7818314824680299,0.6234898018587334,-0.6807734094770159,-0.7324940716135792,-0.663122658240795,-0.7485107481711013,-0.8660254037844385,-0.5000000000000004,0.0,0.0,1.0,1.0,0.0,1.0,0.3333333333333333,0.5773502691896266,1.0,1.0,0.5714285714285714,0.7867957924694434,4.0,2.0,0.7142857142857143,0.9138735334633761,10.0,3.0,0.6785714285714286,0.8629652337776967,19.0,3.0,0.6607142857142857,0.9395702250455832,37.0,3.0,0.5476190476190477,0.8699087599956413,46.0,3.0,1.0,0.0,0.0,819,0.36752136752136755,0.07448107448107448,0.38217338217338215,0.32722832722832723,0.09523809523809523,0.2600732600732601,48.207196029776675,6.882783882783883
2022-08-15,0,0,0,0,0,0,0,0,0,0,0,0,2022,8,15,0,227,33,3,0,1,0,0.0,1.0,-0.6932812268869771,-0.7206671495538615,-0.7485107481711011,-0.6631226582407952,-0.8660254037844385,-0.5000000000000004,1.0,0.0,0.0,0.0,1.0,0.0,0.3333333333333333,0.5773502691896266,1.0,1.0,0.5714285714285714,0.7867957924694434,4.0,2.0,0.6428571428571429,0.9287827316640657,9.0,3.0,0.6785714285714286,0.8629652337776967,19.0,3.0,0.6607142857142857,0.9395702250455832,37.0,3.0,0.5476190476190477,0.8699087599956413,46.0,3.0,-1.0,0.0,0.0,819,0.36752136752136755,0.07448107448107448,0.38217338217338215,0.32722832722832723,0.09523809523809523,0.2600732600732601,48.207196029776675,6.882783882783883
2022-08-16,0,0,0,0,0,0,0,0,0,0,0,0,2022,8,16,1,228,33,3,0,0,0,0.7818314824680298,0.6234898018587336,-0.7055836101071774,-0.70862667826446,-0.7485107481711011,-0.6631226582407952,-0.8660254037844385,-0.5000000000000004,0.0,1.0,0.0,0.0,3.0,1.0,0.3333333333333333,0.5773502691896266,1.0,1.0,0.5714285714285714,0.7867957924694434,4.0,2.0,0.42857142857142855,0.6462061726588649,6.0,2.0,0.6428571428571429,0.8698354767504926,18.0,3.0,0.625,0.9256447384489267,35.0,3.0,0.5476190476190477,0.8699087599956413,46.0,3.0,0.0,0.0,-1.0,819,0.36752136752136755,0.07448107448107448,0.38217338217338215,0.32722832722832723,0.09523809523809523,0.2600732600732601,48.207196029776675,6.882783882783883
2022-08-17,0,0,0,0,0,0,0,0,0,0,0,0,2022,8,17,2,229,33,3,0,0,0,0.9749279121818236,-0.22252093395631434,-0.7176769136759615,-0.6963762255968726,-0.7485107481711011,-0.6631226582407952,-0.8660254037844385,-0.5000000000000004,0.0,0.0,1.0,2.0,0.0,1.0,0.0,0.0,0.0,0.0,0.2857142857142857,0.48795003647426777,2.0,1.0,0.42857142857142855,0.6462061726588649,6.0,2.0,0.6071428571428571,0.8751417118804337,17.0,3.0,0.5714285714285714,0.8708855024867268,32.0,3.0,0.5476190476190477,0.8699087599956413,46.0,3.0,0.0,-2.0,-1.0,819,0.36752136752136755,0.07448107448107448,0.38217338217338215,0.32722832722832723,0.09523809523809523,0.2600732600732601,48.207196029776675,6.882783882783883
2022-08-18,0,0,0,0,0,0,0,0,0,0,0,0,2022,8,18,3,230,33,3,0,0,0,0.43388373911755823,-0.900968867902419,-0.7295575540864876,-0.6839194216246105,-0.7485107481711011,-0.6631226582407952,-0.8660254037844385,-0.5000000000000004,0.0,0.0,0.0,1.0,0.0,2.0,0.0,0.0,0.0,0.0,0.14285714285714285,0.37796447300922925,1.0,1.0,0.42857142857142855,0.6462061726588649,6.0,2.0,0.5357142857142857,0.8380817098475258,15.0,3.0,0.5714285714285714,0.8708855024867268,32.0,3.0,0.5476190476190477,0.8699087599956413,46.0,3.0,0.0,-1.0,-2.0,819,0.36752136752136755,0.07448107448107448,0.38217338217338215,0.32722832722832723,0.09523809523809523,0.2600732600732601,48.207196029776675,6.882783882783883
2022-08-19,0,0,0,0,0,0,0,0,0,0,0,0,2022,8,19,4,231,33,3,0,0,1,-0.433883739117558,-0.9009688679024191,-0.7412220108485957,-0.6712599575675315,-0.7485107481711011,-0.6631226582407952,-0.8660254037844385,-0.5000000000000004,0.0,0.0,0.0,0.0,1.0,0.0,0.0,0.0,0.0,0.0,0.14285714285714285,0.37796447300922925,1.0,1.0,0.35714285714285715,0.6333236937766519,5.0,2.0,0.5357142857142857,0.8380817098475258,15.0,3.0,0.5535714285714286,0.8721893634494093,31.0,3.0,0.5476190476190477,0.8699087599956413,46.0,3.0,0.0,0.0,0.0,819,0.36752136752136755,0.07448107448107448,0.38217338217338215,0.32722832722832723,0.09523809523809523,0.2600732600732601,48.207196029776675,6.882783882783883
2022-08-20,5,0,3,0,0,5,0,3,10,0,0,5,2022,8,20,5,232,33,3,1,0,0,-0.9749279121818236,-0.2225209339563146,-0.7526668275320083,-0.6584015846980489,-0.7485107481711011,-0.6631226582407952,-0.8660254037844385,-0.5000000000000004,0.0,0.0,0.0,0.0,0.0,0.0,1.6666666666666667,2.886751345948129,5.0,5.0,0.8571428571428571,1.8644544714716087,6.0,5.0,0.7142857142857143,1.382782669868231,10.0,5.0,0.7142857142857143,1.1818736805705579,20.0,5.0,0.6428571428571429,1.0518999508002207,36.0,5.0,0.6071428571428571,0.9941740792375765,51.0,5.0,5.0,5.0,5.0,819,0.36752136752136755,0.07448107448107448,0.38217338217338215,0.32722832722832723,0.09523809523809523,0.2600732600732601,48.207196029776675,6.882783882783883
2022-08-21,0,0,0,0,0,0,0,0,0,0,0,0,2022,8,21,6,233,33,3,1,0,0,-0.7818314824680299,0.6234898018587334,-0.7638886127905429,-0.64534811322955,-0.7485107481711011,-0.6631226582407952,-0.8660254037844385,-0.5000000000000004,5.0,0.0,0.0,1.0,1.0,1.0,1.6666666666666667,2.886751345948129,5.0,5.0,0.7142857142857143,1.889822365046136,5.0,5.0,0.6428571428571429,1.392681025777418,9.0,5.0,0.6785714285714286,1.1880133254200735,19.0,5.0,0.6428571428571429,1.0518999508002207,36.0,5.0,0.6071428571428571,0.9941740792375765,51.0,5.0,-5.0,-1.0,-1.0,819,0.36752136752136755,0.07448107448107448,0.38217338217338215,0.32722832722832723,0.09523809523809523,0.2600732600732601,48.207196029776675,6.882783882783883
2022-08-22,0,0,0,0,0,0,0,0,0,0,0,0,2022,8,22,0,234,34,3,0,1,0,0.0,1.0,-0.7748840413670406,-0.6321034111873488,-0.8229838658936564,-0.5680647467311559,-0.8660254037844385,-0.5000000000000004,0.0,5.0,0.0,0.0,0.0,0.0,1.6666666666666667,2.886751345948129,5.0,5.0,0.7142857142857143,1.889822365046136,5.0,5.0,0.6428571428571429,1.392681025777418,9.0,5.0,0.6785714285714286,1.1880133254200735,19.0,5.0,0.6428571428571429,1.0518999508002207,36.0,5.0,0.6071428571428571,0.9941740792375765,51.0,5.0,0.0,0.0,0.0,819,0.36752136752136755,0.07448107448107448,0.38217338217338215,0.32722832722832723,0.09523809523809523,0.2600732600732601,48.207196029776675,6.882783882783883
2022-08-23,0,0,0,0,0,0,0,0,0,0,0,0,2022,8,23,1,235,34,3,0,0,0,0.7818314824680298,0.6234898018587336,-0.7856498550787144,-0.6186714032625032,-0.8229838658936564,-0.5680647467311559,-0.8660254037844385,-0.5000000000000004,0.0,0.0,5.0,0.0,0.0,0.0,0.0,0.0,0.0,0.0,0.7142857142857143,1.889822365046136,5.0,5.0,0.6428571428571429,1.392681025777418,9.0,5.0,0.6785714285714286,1.1880133254200735,19.0,5.0,0.6428571428571429,1.0518999508002207,36.0,5.0,0.5952380952380952,0.995399630578274,50.0,5.0,0.0,0.0,0.0,819,0.36752136752136755,0.07448107448107448,0.38217338217338215,0.32722832722832723,0.09523809523809523,0.2600732600732601,48.207196029776675,6.882783882783883
2022-08-24,1,0,0,0,0,0,0,0,2,0,0,0,2022,8,24,2,236,34,3,0,0,0,0.9749279121818236,-0.22252093395631434,-0.7961828637826154,-0.6050560696488494,-0.8229838658936564,-0.5680647467311559,-0.8660254037844385,-0.5000000000000004,0.0,0.0,0.0,0.0,2.0,0.0,0.3333333333333333,0.5773502691896274,1.0,1.0,0.8571428571428571,1.8644544714716087,6.0,5.0,0.5714285714285714,1.3424596091494907,8.0,5.0,0.7142857142857143,1.1818736805705579,20.0,5.0,0.6607142857142857,1.0492730940865806,37.0,5.0,0.6071428571428571,0.9941740792375765,51.0,5.0,1.0,1.0,1.0,819,0.36752136752136755,0.07448107448107448,0.38217338217338215,0.32722832722832723,0.09523809523809523,0.2600732600732601,48.207196029776675,6.882783882783883
2022-08-25,1,0,0,0,0,0,0,0,2,0,0,0,2022,8,25,3,237,34,3,0,0,0,0.43388373911755823,-0.900968867902419,-0.8064799463209447,-0.5912614448635782,-0.8229838658936564,-0.5680647467311559,-0.8660254037844385,-0.5000000000000004,1.0,0.0,0.0,0.0,1.0,0.0,0.6666666666666666,0.5773502691896275,2.0,1.0,1.0,1.8257418583505536,7.0,5.0,0.5714285714285714,1.3424596091494907,8.0,5.0,0.75,1.174576361770332,21.0,5.0,0.6785714285714286,1.0463293911599707,38.0,5.0,0.6190476190476191,0.9928025550771697,52.0,5.0,0.0,1.0,1.0,819,0.36752136752136755,0.07448107448107448,0.38217338217338215,0.32722832722832723,0.09523809523809523,0.2600732600732601,48.207196029776675,6.882783882783883
2022-08-26,0,0,0,0,0,0,0,0,0,0,0,0,2022,8,26,4,238,34,3,0,0,1,-0.433883739117558,-0.9009688679024191,-0.8165380514459157,-0.5772916165517278,-0.8229838658936564,-0.5680647467311559,-0.8660254037844385,-0.5000000000000004,1.0,1.0,0.0,0.0,0.0,2.0,0.6666666666666666,0.5773502691896275,2.0,1.0,1.0,1.8257418583505536,7.0,5.0,0.5714285714285714,1.3424596091494907,8.0,5.0,0.6785714285714286,1.1564175661505611,19.0,5.0,0.6785714285714286,1.0463293911599707,38.0,5.0,0.6190476190476191,0.9928025550771697,52.0,5.0,-1.0,0.0,-2.0,819,0.36752136752136755,0.07448107448107448,0.38217338217338215,0.32722832722832723,0.09523809523809523,0.2600732600732601,48.207196029776675,6.882783882783883
2022-08-27,2,2,0,2,0,0,0,0,4,0,0,0,2022,8,27,5,239,34,3,1,0,0,-0.9749279121818236,-0.2225209339563146,-0.8263541987239094,-0.5631507242749187,-0.8229838658936564,-0.5680647467311559,-0.8660254037844385,-0.5000000000000004,0.0,1.0,1.0,5.0,0.0,2.0,1.0,1.0000000000000009,3.0,2.0,0.5714285714285714,0.7867957924694434,4.0,2.0,0.7142857142857143,1.382782669868231,10.0,5.0,0.6785714285714286,1.1564175661505611,19.0,5.0,0.7142857142857143,1.056826909613451,40.0,5.0,0.6428571428571429,1.001719691726053,54.0,5.0,2.0,-3.0,0.0,819,0.36752136752136755,0.07448107448107448,0.38217338217338215,0.32722832722832723,0.09523809523809523,0.2600732600732601,48.207196029776675,6.882783882783883
2022-08-28,0,0,0,0,0,0,0,0,0,0,0,0,2022,8,28,6,240,34,3,1,0,0,-0.7818314824680299,0.6234898018587334,-0.8359254794186365,-0.5488429582847199,-0.8229838658936564,-0.5680647467311559,-0.8660254037844385,-0.5000000000000004,2.0,0.0,1.0,0.0,1.0,0.0,0.6666666666666666,1.1547005383792524,2.0,2.0,0.5714285714285714,0.7867957924694434,4.0,2.0,0.6428571428571429,1.392681025777418,9.0,5.0,0.6785714285714286,1.1564175661505611,19.0,5.0,0.7142857142857143,1.056826909613451,40.0,5.0,0.6428571428571429,1.001719691726053,54.0,5.0,-2.0,0.0,0.0,819,0.36752136752136755,0.07448107448107448,0.38217338217338215,0.32722832722832723,0.09523809523809523,0.2600732600732601,48.207196029776675,6.882783882783883
2022-08-29,1,1,0,1,0,0,0,0,2,0,0,0,2022,8,29,0,241,35,3,0,1,0,0.0,1.0,-0.8452490573530634,-0.5343725582809785,-0.8854560256532096,-0.4647231720437691,-0.8660254037844385,-0.5000000000000004,0.0,2.0,0.0,0.0,0.0,1.0,1.0,1.0000000000000009,3.0,2.0,0.7142857142857143,0.7559289460184545,5.0,2.0,0.7142857142857143,1.382782669868231,10.0,5.0,0.6785714285714286,1.1564175661505611,19.0,5.0,0.7321428571428571,1.0529796929505497,41.0,5.0,0.6428571428571429,1.001719691726053,54.0,5.0,1.0,1.0,0.0,819,0.36752136752136755,0.07448107448107448,0.38217338217338215,0.32722832722832723,0.09523809523809523,0.2600732600732601,48.207196029776675,6.882783882783883
2022-08-30,0,0,0,0,0,0,0,0,0,0,0,0,2022,8,30,1,242,35,3,0,0,0,0.7818314824680298,0.6234898018587336,-0.8543221697498269,-0.5197438121555157,-0.8854560256532096,-0.4647231720437691,-0.8660254037844385,-0.5000000000000004,1.0,0.0,2.0,0.0,0.0,3.0,0.3333333333333333,0.5773502691896275,1.0,1.0,0.7142857142857143,0.7559289460184545,5.0,2.0,0.7142857142857143,1.382782669868231,10.0,5.0,0.5714285714285714,1.0690449676496976,16.0,5.0,0.6964285714285714,1.0430661594486772,39.0,5.0,0.6428571428571429,1.001719691726053,54.0,5.0,-1.0,0.0,-3.0,819,0.36752136752136755,0.07448107448107448,0.38217338217338215,0.32722832722832723,0.09523809523809523,0.2600732600732601,48.207196029776675,6.882783882783883
2022-08-31,0,0,0,0,0,0,0,0,0,0,0,0,2022,8,31,2,243,35,3,0,0,0,0.9749279121818236,-0.22252093395631434,-0.8631421280499115,-0.5049610547215202,-0.8854560256532096,-0.4647231720437691,-0.8660254037844385,-0.5000000000000004,0.0,1.0,0.0,1.0,0.0,0.0,0.3333333333333333,0.5773502691896275,1.0,1.0,0.5714285714285714,0.7867957924694434,4.0,2.0,0.7142857142857143,1.382782669868231,10.0,5.0,0.5714285714285714,1.0690449676496976,16.0,5.0,0.6785714285714286,1.0463293911599707,38.0,5.0,0.6071428571428571,0.9696336054116244,51.0,5.0,0.0,-1.0,0.0,819,0.36752136752136755,0.07448107448107448,0.38217338217338215,0.32722832722832723,0.09523809523809523,0.2600732600732601,48.207196029776675,6.882783882783883
2022-09-01,2,1,0,1,0,5,0,2,5,0,0,0,2022,9,1,3,244,35,3,0,0,0,0.43388373911755823,-0.900968867902419,-0.8717063187093217,-0.4900286664290594,-0.8854560256532096,-0.4647231720437691,-1.0,-1.8369701987210297e-16,0.0,0.0,1.0,1.0,0.0,0.0,0.6666666666666666,1.1547005383792524,2.0,2.0,0.7142857142857143,0.9511897312113419,5.0,2.0,0.8571428571428571,1.4064216928154867,12.0,5.0,0.6428571428571429,1.0959280090672932,18.0,5.0,0.7142857142857143,1.056826909613451,40.0,5.0,0.6309523809523809,0.9790548910213446,53.0,5.0,2.0,1.0,2.0,819,0.36752136752136755,0.07448107448107448,0.38217338217338215,0.32722832722832723,0.09523809523809523,0.2600732600732601,48.207196029776675,6.882783882783883
2022-09-02,1,0,0,0,0,0,0,0,2,0,0,0,2022,9,2,4,245,35,3,0,0,1,-0.433883739117558,-0.9009688679024191,-0.8800122039735356,-0.4749510720670502,-0.8854560256532096,-0.4647231720437691,-1.0,-1.8369701987210297e-16,2.0,0.0,0.0,0.0,0.0,1.0,1.0,1.000000000000001,3.0,2.0,0.8571428571428571,0.8997354108424372,6.0,2.0,0.9285714285714286,1.3847680013570571,13.0,5.0,0.6428571428571429,1.0959280090672932,18.0,5.0,0.7321428571428571,1.05297969295055,41.0,5.0,0.6309523809523809,0.9790548910213446,53.0,5.0,-1.0,1.0,0.0,819,0.36752136752136755,0.07448107448107448,0.38217338217338215,0.32722832722832723,0.09523809523809523,0.2600732600732601,48.207196029776675,6.882783882783883
2022-09-03,0,0,0,0,0,0,0,0,0,0,0,0,2022,9,3,5,246,35,3,1,0,0,-0.9749279121818236,-0.2225209339563146,-0.888057322629493,-0.4597327394521046,-0.8854560256532096,-0.4647231720437691,-1.0,-1.8369701987210297e-16,1.0,2.0,0.0,2.0,5.0,0.0,1.0,1.000000000000001,3.0,2.0,0.5714285714285714,0.7867957924694434,4.0,2.0,0.5714285714285714,0.7559289460184552,8.0,2.0,0.6428571428571429,1.0959280090672932,18.0,5.0,0.6785714285714286,1.0109786951651962,38.0,5.0,0.6190476190476191,0.9805919272692327,52.0,5.0,-1.0,-2.0,0.0,819,0.36752136752136755,0.07448107448107448,0.38217338217338215,0.32722832722832723,0.09523809523809523,0.2600732600732601,48.207196029776675,6.882783882783883
2022-09-04,1,1,0,1,0,0,0,0,2,0,0,0,2022,9,4,6,247,35,3,1,0,0,-0.7818314824680299,0.6234898018587334,-0.8958392907349089,-0.4443781781046134,-0.8854560256532096,-0.4647231720437691,-1.0,-1.8369701987210297e-16,0.0,1.0,2.0,0.0,0.0,1.0,0.6666666666666666,0.5773502691896274,2.0,1.0,0.7142857142857143,0.7559289460184545,5.0,2.0,0.6428571428571429,0.7449463436684927,9.0,2.0,0.6428571428571429,1.0959280090672932,18.0,5.0,0.6785714285714286,1.0109786951651962,38.0,5.0,0.6309523809523809,0.9790548910213446,53.0,5.0,1.0,1.0,0.0,819,0.36752136752136755,0.07448107448107448,0.38217338217338215,0.32722832722832723,0.09523809523809523,0.2600732600732601,48.207196029776675,6.882783882783883
2022-09-05,1,0,0,0,0,0,0,0,2,0,0,1,2022,9,5,0,248,36,3,0,1,0,0.0,1.0,-0.9033558023246842,-0.4288919379124841,-0.9350162426854147,-0.3546048870425359,-1.0,-1.8369701987210297e-16,1.0,0.0,1.0,1.0,0.0,0.0,0.6666666666666666,0.5773502691896274,2.0,1.0,0.7142857142857143,0.7559289460184545,5.0,2.0,0.7142857142857143,0.7262730392025636,10.0,2.0,0.6785714285714286,1.0904831219021407,19.0,5.0,0.6964285714285714,1.0076009826611627,39.0,5.0,0.6428571428571429,0.9773686969140157,54.0,5.0,0.0,0.0,1.0,819,0.36752136752136755,0.07448107448107448,0.38217338217338215,0.32722832722832723,0.09523809523809523,0.2600732600732601,48.207196029776675,6.882783882783883
2022-09-06,1,0,0,0,0,0,0,0,2,0,0,0,2022,9,6,1,249,36,3,0,0,0,0.7818314824680298,0.6234898018587336,-0.9106046300942162,-0.41327860778290443,-0.9350162426854147,-0.3546048870425359,-1.0,-1.8369701987210297e-16,1.0,1.0,0.0,0.0,0.0,0.0,1.0,0.0,3.0,1.0,0.8571428571428571,0.690065559342354,6.0,2.0,0.7857142857142857,0.6992932067530686,11.0,2.0,0.7142857142857143,1.0837911120705754,20.0,5.0,0.7142857142857143,1.0038885435107865,40.0,5.0,0.6547619047619048,0.9755325714958678,55.0,5.0,0.0,1.0,1.0,819,0.36752136752136755,0.07448107448107448,0.38217338217338215,0.32722832722832723,0.09523809523809523,0.2600732600732601,48.207196029776675,6.882783882783883
2022-09-07,2,0,0,0,0,0,0,0,4,0,0,0,2022,9,7,2,250,36,3,0,0,0,0.9749279121818236,-0.22252093395631434,-0.9175836260593934,-0.3975428142825566,-0.9350162426854147,-0.3546048870425359,-1.0,-1.8369701987210297e-16,1.0,1.0,1.0,0.0,1.0,2.0,1.3333333333333333,0.577350269189628,4.0,2.0,1.1428571428571428,0.6900655593423535,8.0,2.0,0.8571428571428571,0.7703288865196439,12.0,2.0,0.7142857142857143,1.0837911120705754,20.0,5.0,0.75,1.0135446350668171,42.0,5.0,0.6785714285714286,0.9837316987255482,57.0,5.0,1.0,2.0,0.0,819,0.36752136752136755,0.07448107448107448,0.38217338217338215,0.32722832722832723,0.09523809523809523,0.2600732600732601,48.207196029776675,6.882783882783883
2022-09-08,0,0,0,0,0,0,0,0,0,0,0,0,2022,9,8,3,251,36,3,0,0,0,0.43388373911755823,-0.900968867902419,-0.9242907221930934,-0.3816892202666586,-0.9350162426854147,-0.3546048870425359,-1.0,-1.8369701987210297e-16,2.0,1.0,1.0,2.0,1.0,1.0,1.0,1.000000000000001,3.0,2.0,0.8571428571428571,0.690065559342354,6.0,2.0,0.7857142857142857,0.8017837257372739,11.0,2.0,0.6785714285714286,1.0904831219021407,19.0,5.0,0.7321428571428571,1.0178599908823225,41.0,5.0,0.6785714285714286,0.9837316987255482,57.0,5.0,-2.0,-2.0,-1.0,819,0.36752136752136755,0.07448107448107448,0.38217338217338215,0.32722832722832723,0.09523809523809523,0.2600732600732601,48.207196029776675,6.882783882783883
2022-09-09,1,0,0,0,0,0,0,0,2,0,0,0,2022,9,9,4,252,36,3,0,0,1,-0.433883739117558,-0.9009688679024191,-0.9307239310379793,-0.3657225234972692,-0.9350162426854147,-0.3546048870425359,-1.0,-1.8369701987210297e-16,0.0,2.0,1.0,1.0,0.0,0.0,1.0,1.000000000000001,3.0,2.0,0.8571428571428571,0.690065559342354,6.0,2.0,0.8571428571428571,0.7703288865196439,12.0,2.0,0.7142857142857143,1.0837911120705754,20.0,5.0,0.6964285714285714,0.97084111343333,39.0,5.0,0.6785714285714286,0.9837316987255482,57.0,5.0,1.0,0.0,1.0,819,0.36752136752136755,0.07448107448107448,0.38217338217338215,0.32722832722832723,0.09523809523809523,0.2600732600732601,48.207196029776675,6.882783882783883
2022-09-10,0,0,0,0,0,0,0,0,0,0,0,0,2022,9,10,5,253,36,3,1,0,0,-0.9749279121818236,-0.2225209339563146,-0.9368813462954315,-0.34964745525122826,-0.9350162426854147,-0.3546048870425359,-1.0,-1.8369701987210297e-16,1.0,0.0,2.0,0.0,2.0,0.0,0.3333333333333333,0.5773502691896273,1.0,1.0,0.8571428571428571,0.690065559342354,6.0,2.0,0.7142857142857143,0.7262730392025636,10.0,2.0,0.7142857142857143,1.0837911120705754,20.0,5.0,0.6964285714285714,0.97084111343333,39.0,5.0,0.6785714285714286,0.9837316987255482,57.0,5.0,-1.0,0.0,0.0,819,0.36752136752136755,0.07448107448107448,0.38217338217338215,0.32722832722832723,0.09523809523809523,0.2600732600732601,48.207196029776675,6.882783882783883
2022-09-11,0,0,0,0,0,0,0,0,0,0,0,0,2022,9,11,6,254,36,3,1,0,0,-0.7818314824680299,0.6234898018587334,-0.9427611433904206,-0.33346877891818705,-0.9350162426854147,-0.3546048870425359,-1.0,-1.8369701987210297e-16,0.0,1.0,0.0,1.0,0.0,1.0,0.3333333333333333,0.5773502691896273,1.0,1.0,0.7142857142857143,0.7559289460184546,5.0,2.0,0.7142857142857143,0.7262730392025636,10.0,2.0,0.6785714285714286,1.0904831219021407,19.0,5.0,0.6785714285714286,0.9743462676844663,38.0,5.0,0.6666666666666666,0.9858435728860859,56.0,5.0,0.0,-1.0,-1.0,819,0.36752136752136755,0.07448107448107448,0.38217338217338215,0.32722832722832723,0.09523809523809523,0.2600732600732601,48.207196029776675,6.882783882783883
2022-09-12,0,0,0,0,0,0,0,0,0,0,0,0,2022,9,12,0,255,37,3,0,1,0,0.0,1.0,-0.9483615800121716,-0.31719128858910595,-0.970941817426052,-0.23931566428755774,-1.0,-1.8369701987210297e-16,0.0,0.0,1.0,1.0,1.0,0.0,0.0,0.0,0.0,0.0,0.5714285714285714,0.7867957924694435,4.0,2.0,0.6428571428571429,0.7449463436684927,9.0,2.0,0.6785714285714286,1.0904831219021407,19.0,5.0,0.6785714285714286,0.9743462676844663,38.0,5.0,0.6666666666666666,0.9858435728860859,56.0,5.0,0.0,-1.0,0.0,819,0.36752136752136755,0.07448107448107448,0.38217338217338215,0.32722832722832723,0.09523809523809523,0.2600732600732601,48.207196029776675,6.882783882783883
2022-09-13,2,0,0,0,0,0,0,0,4,0,0,0,2022,9,13,1,256,37,3,0,0,0,0.7818314824680298,0.6234898018587336,-0.9536809966304455,-0.300819807635668,-0.970941817426052,-0.23931566428755774,-1.0,-1.8369701987210297e-16,0.0,0.0,0.0,1.0,0.0,0.0,0.6666666666666666,1.1547005383792524,2.0,2.0,0.7142857142857143,0.951189731211342,5.0,2.0,0.7857142857142857,0.8017837257372739,11.0,2.0,0.75,1.1097213530798988,21.0,5.0,0.6964285714285714,0.9893917848335432,39.0,5.0,0.6666666666666666,0.9858435728860859,56.0,5.0,2.0,1.0,2.0,819,0.36752136752136755,0.07448107448107448,0.38217338217338215,0.32722832722832723,0.09523809523809523,0.2600732600732601,48.207196029776675,6.882783882783883
2022-09-14,1,1,0,0,0,0,0,0,2,0,0,0,2022,9,14,2,257,37,3,0,0,0,0.9749279121818236,-0.22252093395631434,-0.9587178169872964,-0.2843591872810036,-0.970941817426052,-0.23931566428755774,-1.0,-1.8369701987210297e-16,2.0,0.0,0.0,2.0,0.0,0.0,1.0,1.0000000000000009,3.0,2.0,0.5714285714285714,0.7867957924694435,4.0,2.0,0.8571428571428571,0.7703288865196439,12.0,2.0,0.7857142857142857,1.1007452982594164,22.0,5.0,0.6964285714285714,0.9893917848335432,39.0,5.0,0.6428571428571429,0.9523952953595812,54.0,5.0,-1.0,-1.0,1.0,819,0.36752136752136755,0.07448107448107448,0.38217338217338215,0.32722832722832723,0.09523809523809523,0.2600732600732601,48.207196029776675,6.882783882783883
2022-09-15,0,0,0,0,0,0,0,0,0,0,0,0,2022,9,15,3,258,37,3,0,0,0,0.43388373911755823,-0.900968867902419,-0.9634705485641486,-0.26781430516217486,-0.970941817426052,-0.23931566428755774,-1.0,-1.8369701987210297e-16,1.0,2.0,0.0,0.0,2.0,0.0,1.0,1.0000000000000009,3.0,2.0,0.5714285714285714,0.7867957924694435,4.0,2.0,0.7142857142857143,0.7262730392025635,10.0,2.0,0.7857142857142857,1.1007452982594164,22.0,5.0,0.6607142857142857,0.9775067675057196,37.0,5.0,0.6428571428571429,0.9523952953595812,54.0,5.0,-1.0,0.0,0.0,819,0.36752136752136755,0.07448107448107448,0.38217338217338215,0.32722832722832723,0.09523809523809523,0.2600732600732601,48.207196029776675,6.882783882783883
2022-09-16,1,1,0,0,0,0,0,0,4,0,0,0,2022,9,16,4,259,37,3,0,0,1,-0.433883739117558,-0.9009688679024191,-0.9679377830240642,-0.25119006388481957,-0.970941817426052,-0.23931566428755774,-1.0,-1.8369701987210297e-16,0.0,1.0,2.0,1.0,1.0,0.0,0.6666666666666666,0.5773502691896273,2.0,1.0,0.5714285714285714,0.7867957924694435,4.0,2.0,0.7142857142857143,0.7262730392025635,10.0,2.0,0.8214285714285714,1.090483121902141,23.0,5.0,0.6785714285714286,0.9743462676844663,38.0,5.0,0.6428571428571429,0.9523952953595812,54.0,5.0,1.0,0.0,1.0,819,0.36752136752136755,0.07448107448107448,0.38217338217338215,0.32722832722832723,0.09523809523809523,0.2600732600732601,48.207196029776675,6.882783882783883
2022-09-17,2,2,0,2,0,0,0,0,4,0,0,0,2022,9,17,5,260,37,3,1,0,0,-0.9749279121818236,-0.2225209339563146,-0.9721181966290612,-0.23449138957041052,-0.970941817426052,-0.23931566428755774,-1.0,-1.8369701987210297e-16,1.0,0.0,1.0,0.0,0.0,5.0,1.0,1.0000000000000009,3.0,2.0,0.8571428571428571,0.8997354108424372,6.0,2.0,0.8571428571428571,0.7703288865196439,12.0,2.0,0.7142857142857143,0.7628961803617725,20.0,2.0,0.7142857142857143,0.9856107606091625,40.0,5.0,0.6666666666666666,0.9610904115204074,56.0,5.0,1.0,2.0,-3.0,819,0.36752136752136755,0.07448107448107448,0.38217338217338215,0.32722832722832723,0.09523809523809523,0.2600732600732601,48.207196029776675,6.882783882783883
2022-09-18,0,0,0,0,0,0,0,0,0,0,0,0,2022,9,18,6,261,37,3,1,0,0,-0.7818314824680299,0.6234898018587334,-0.9760105506323682,-0.21772323039653224,-0.970941817426052,-0.23931566428755774,-1.0,-1.8369701987210297e-16,2.0,1.0,0.0,0.0,1.0,0.0,1.0,1.0000000000000009,3.0,2.0,0.8571428571428571,0.8997354108424372,6.0,2.0,0.7857142857142857,0.8017837257372739,11.0,2.0,0.7142857142857143,0.7628961803617725,20.0,2.0,0.6964285714285714,0.9893917848335433,39.0,5.0,0.6666666666666666,0.9610904115204074,56.0,5.0,-2.0,0.0,0.0,819,0.36752136752136755,0.07448107448107448,0.38217338217338215,0.32722832722832723,0.09523809523809523,0.2600732600732601,48.207196029776675,6.882783882783883
2022-09-19,0,0,0,0,0,0,0,0,0,0,0,0,2022,9,19,0,262,38,3,0,1,0,0.0,1.0,-0.9796136916454901,-0.20089055513063528,-0.992708874098054,-0.12053668025532357,-1.0,-1.8369701987210297e-16,0.0,2.0,1.0,0.0,1.0,0.0,0.6666666666666666,1.1547005383792524,2.0,2.0,0.8571428571428571,0.8997354108424372,6.0,2.0,0.7142857142857143,0.8254203058555577,10.0,2.0,0.7142857142857143,0.7628961803617725,20.0,2.0,0.6964285714285714,0.9893917848335433,39.0,5.0,0.6666666666666666,0.9610904115204074,56.0,5.0,0.0,0.0,0.0,819,0.36752136752136755,0.07448107448107448,0.38217338217338215,0.32722832722832723,0.09523809523809523,0.2600732600732601,48.207196029776675,6.882783882783883
2022-09-20,0,0,0,0,0,0,0,0,0,0,0,0,2022,9,20,1,263,38,3,0,0,0,0.7818314824680298,0.6234898018587336,-0.9829265519799822,-0.18399835165767986,-0.992708874098054,-0.12053668025532357,-1.0,-1.8369701987210297e-16,0.0,0.0,2.0,2.0,1.0,0.0,0.0,0.0,0.0,0.0,0.5714285714285714,0.7867957924694435,4.0,2.0,0.6428571428571429,0.8418973861410961,9.0,2.0,0.7142857142857143,0.7628961803617725,20.0,2.0,0.6964285714285714,0.9893917848335433,39.0,5.0,0.6666666666666666,0.9610904115204074,56.0,5.0,0.0,-2.0,0.0,819,0.36752136752136755,0.07448107448107448,0.38217338217338215,0.32722832722832723,0.09523809523809523,0.2600732600732601,48.207196029776675,6.882783882783883
2022-09-21,2,0,0,0,0,0,0,0,4,0,0,0,2022,9,21,2,264,38,3,0,0,0,0.9749279121818236,-0.22252093395631434,-0.9859481499638303,-0.1670516255021195,-0.992708874098054,-0.12053668025532357,-1.0,-1.8369701987210297e-16,0.0,0.0,0.0,1.0,2.0,1.0,0.6666666666666666,1.1547005383792524,2.0,2.0,0.7142857142857143,0.951189731211342,5.0,2.0,0.6428571428571429,0.8418973861410961,9.0,2.0,0.75,0.7993052538854533,21.0,2.0,0.7321428571428571,0.9998376491587647,41.0,5.0,0.6904761904761905,0.9691157375047053,58.0,5.0,2.0,1.0,1.0,819,0.36752136752136755,0.07448107448107448,0.38217338217338215,0.32722832722832723,0.09523809523809523,0.2600732600732601,48.207196029776675,6.882783882783883
2022-09-22,0,0,0,0,0,0,0,0,0,0,0,0,2022,9,22,3,265,38,3,0,0,0,0.43388373911755823,-0.900968867902419,-0.9886775902323404,-0.15005539834465262,-0.992708874098054,-0.12053668025532357,-1.0,-1.8369701987210297e-16,2.0,0.0,0.0,0.0,0.0,1.0,0.6666666666666666,1.1547005383792524,2.0,2.0,0.7142857142857143,0.951189731211342,5.0,2.0,0.6428571428571429,0.8418973861410961,9.0,2.0,0.7142857142857143,0.8099905283919411,20.0,2.0,0.7321428571428571,0.9998376491587647,41.0,5.0,0.6904761904761905,0.9691157375047053,58.0,5.0,-2.0,0.0,-1.0,819,0.36752136752136755,0.07448107448107448,0.38217338217338215,0.32722832722832723,0.09523809523809523,0.2600732600732601,48.207196029776675,6.882783882783883
2022-09-23,4,1,1,1,0,0,0,0,9,0,0,4,2022,9,23,4,266,38,3,0,0,1,-0.433883739117558,-0.9009688679024191,-0.9911140639934546,-0.13301470653419636,-0.992708874098054,-0.12053668025532357,-1.0,-1.8369701987210297e-16,0.0,2.0,0.0,1.0,1.0,0.0,2.0,2.0000000000000004,6.0,4.0,1.1428571428571428,1.573591584938886,8.0,4.0,0.8571428571428571,1.2314558524297645,12.0,4.0,0.8571428571428571,1.0079052613579393,24.0,4.0,0.7678571428571429,1.0785692784015726,43.0,5.0,0.7380952380952381,1.031072054311371,62.0,5.0,4.0,3.0,4.0,819,0.36752136752136755,0.07448107448107448,0.38217338217338215,0.32722832722832723,0.09523809523809523,0.2600732600732601,48.207196029776675,6.882783882783883
2022-09-24,2,0,0,0,0,1,0,1,4,0,0,1,2022,9,24,5,267,38,3,1,0,0,-0.9749279121818236,-0.2225209339563146,-0.9932568492674143,-0.11593459959550066,-0.992708874098054,-0.12053668025532357,-1.0,-1.8369701987210297e-16,4.0,0.0,2.0,2.0,0.0,2.0,2.0,2.0000000000000004,6.0,4.0,1.1428571428571428,1.573591584938886,8.0,4.0,1.0,1.240347345892085,14.0,4.0,0.8571428571428571,1.0079052613579393,24.0,4.0,0.7678571428571429,1.0785692784015726,43.0,5.0,0.7619047619047619,1.0368981502312342,64.0,5.0,-2.0,0.0,0.0,819,0.36752136752136755,0.07448107448107448,0.38217338217338215,0.32722832722832723,0.09523809523809523,0.2600732600732601,48.207196029776675,6.882783882783883
2022-09-25,0,0,0,0,0,0,0,0,0,0,0,0,2022,9,25,6,268,38,3,1,0,0,-0.7818314824680299,0.6234898018587334,-0.9951053111006974,-0.09882013873287211,-0.992708874098054,-0.12053668025532357,-1.0,-1.8369701987210297e-16,2.0,4.0,0.0,0.0,0.0,0.0,2.0,2.0000000000000004,6.0,4.0,1.1428571428571428,1.573591584938886,8.0,4.0,1.0,1.240347345892085,14.0,4.0,0.8571428571428571,1.0079052613579393,24.0,4.0,0.7678571428571429,1.0785692784015726,43.0,5.0,0.7619047619047619,1.0368981502312342,64.0,5.0,-2.0,0.0,0.0,819,0.36752136752136755,0.07448107448107448,0.38217338217338215,0.32722832722832723,0.09523809523809523,0.2600732600732601,48.207196029776675,6.882783882783883
2022-09-26,0,0,0,0,0,0,0,0,0,0,0,0,2022,9,26,0,269,39,3,0,1,0,0.0,1.0,-0.99665890175417,-0.08167639533042288,-1.0,-1.8369701987210297e-16,-1.0,-1.8369701987210297e-16,0.0,2.0,4.0,0.0,0.0,1.0,0.6666666666666666,1.1547005383792515,2.0,2.0,1.1428571428571428,1.573591584938886,8.0,4.0,1.0,1.240347345892085,14.0,4.0,0.8214285714285714,1.0202966681339751,23.0,4.0,0.75,1.0829253310950266,42.0,5.0,0.7619047619047619,1.0368981502312342,64.0,5.0,0.0,0.0,-1.0,819,0.36752136752136755,0.07448107448107448,0.38217338217338215,0.32722832722832723,0.09523809523809523,0.2600732600732601,48.207196029776675,6.882783882783883
2022-09-27,0,0,0,0,0,0,0,0,0,0,0,0,2022,9,27,1,270,39,3,0,0,0,0.7818314824680298,0.6234898018587336,-0.9979171608653922,-0.06450844944931625,-1.0,-1.8369701987210297e-16,-1.0,-1.8369701987210297e-16,0.0,0.0,2.0,0.0,2.0,0.0,0.0,0.0,0.0,0.0,1.1428571428571428,1.573591584938886,8.0,4.0,0.8571428571428571,1.2314558524297645,12.0,4.0,0.8214285714285714,1.0202966681339751,23.0,4.0,0.6964285714285714,1.0430661594486772,39.0,5.0,0.7380952380952381,1.031072054311371,62.0,5.0,0.0,0.0,0.0,819,0.36752136752136755,0.07448107448107448,0.38217338217338215,0.32722832722832723,0.09523809523809523,0.2600732600732601,48.207196029776675,6.882783882783883
2022-09-28,0,0,0,0,0,0,0,0,0,0,0,0,2022,9,28,2,271,39,3,0,0,0,0.9749279121818236,-0.22252093395631434,-0.9988797155850335,-0.04732138832243232,-1.0,-1.8369701987210297e-16,-1.0,-1.8369701987210297e-16,0.0,0.0,0.0,2.0,1.0,0.0,0.0,0.0,0.0,0.0,0.8571428571428571,1.5735915849388862,6.0,4.0,0.7857142857142857,1.2513728724621078,11.0,4.0,0.8214285714285714,1.0202966681339751,23.0,4.0,0.6964285714285714,1.0430661594486772,39.0,5.0,0.7261904761904762,1.0337811107620634,61.0,5.0,0.0,-2.0,0.0,819,0.36752136752136755,0.07448107448107448,0.38217338217338215,0.32722832722832723,0.09523809523809523,0.2600732600732601,48.207196029776675,6.882783882783883
2022-09-29,1,0,0,0,0,0,0,0,2,0,0,0,2022,9,29,3,272,39,3,0,0,0,0.43388373911755823,-0.900968867902419,-0.9995462806873573,-0.03012030484690836,-1.0,-1.8369701987210297e-16,-1.0,-1.8369701987210297e-16,0.0,0.0,0.0,0.0,0.0,2.0,0.3333333333333333,0.5773502691896253,1.0,1.0,1.0,1.5275252316519465,7.0,4.0,0.8571428571428571,1.2314558524297645,12.0,4.0,0.7857142857142857,0.9946949227868761,22.0,4.0,0.7142857142857143,1.0394803896752842,40.0,5.0,0.7380952380952381,1.031072054311371,62.0,5.0,1.0,1.0,-1.0,819,0.36752136752136755,0.07448107448107448,0.38217338217338215,0.32722832722832723,0.09523809523809523,0.2600732600732601,48.207196029776675,6.882783882783883
2022-09-30,0,0,0,0,0,0,0,0,0,0,0,0,2022,9,30,4,273,39,3,0,0,1,-0.433883739117558,-0.9009688679024191,-0.9999166586547379,-0.012910296075008843,-1.0,-1.8369701987210297e-16,-1.0,-1.8369701987210297e-16,1.0,0.0,0.0,4.0,1.0,1.0,0.3333333333333333,0.5773502691896253,1.0,1.0,0.42857142857142855,0.7867957924694436,3.0,2.0,0.7857142857142857,1.2513728724621078,11.0,4.0,0.75,1.0046189622236181,21.0,4.0,0.6964285714285714,1.0430661594486772,39.0,5.0,0.7380952380952381,1.031072054311371,62.0,5.0,-1.0,-4.0,-1.0,819,0.36752136752136755,0.07448107448107448,0.38217338217338215,0.32722832722832723,0.09523809523809523,0.2600732600732601,48.207196029776675,6.882783882783883
2022-10-01,1,0,0,0,0,1,0,1,2,0,0,1,2022,10,1,5,274,39,4,1,0,0,-0.9749279121818236,-0.2225209339563146,-0.9999907397361901,0.004303538296243821,-1.0,-1.8369701987210297e-16,-0.8660254037844386,0.5000000000000001,0.0,1.0,0.0,2.0,2.0,0.0,0.6666666666666666,0.5773502691896256,2.0,1.0,0.2857142857142857,0.48795003647426777,2.0,1.0,0.7142857142857143,1.20438758319299,10.0,4.0,0.7857142857142857,0.9946949227868761,22.0,4.0,0.7142857142857143,1.0394803896752842,40.0,5.0,0.7142857142857143,1.0008602152128285,60.0,5.0,1.0,-1.0,1.0,819,0.36752136752136755,0.07448107448107448,0.38217338217338215,0.32722832722832723,0.09523809523809523,0.2600732600732601,48.207196029776675,6.882783882783883
2022-10-02,1,1,0,1,0,0,0,0,2,0,0,0,2022,10,2,6,275,39,4,1,0,0,-0.7818314824680299,0.6234898018587334,-0.9997685019798909,0.021516097436222233,-1.0,-1.8369701987210297e-16,-0.8660254037844386,0.5000000000000001,1.0,0.0,1.0,0.0,0.0,1.0,0.6666666666666666,0.5773502691896256,2.0,1.0,0.42857142857142855,0.5345224838248495,3.0,1.0,0.7857142857142857,1.1883130530663681,11.0,4.0,0.7857142857142857,0.9946949227868761,22.0,4.0,0.7142857142857143,1.0394803896752842,40.0,5.0,0.7142857142857143,1.0008602152128285,60.0,5.0,0.0,1.0,0.0,819,0.36752136752136755,0.07448107448107448,0.38217338217338215,0.32722832722832723,0.09523809523809523,0.2600732600732601,48.207196029776675,6.882783882783883
2022-10-03,0,0,0,0,0,0,0,0,0,0,0,0,2022,10,3,0,276,40,4,0,1,0,0.0,1.0,-0.9992500112396835,0.03872228089217399,-0.992708874098054,0.1205366802553232,-0.8660254037844386,0.5000000000000001,1.0,1.0,0.0,0.0,0.0,1.0,0.6666666666666666,0.5773502691896256,2.0,1.0,0.42857142857142855,0.5345224838248495,3.0,1.0,0.7857142857142857,1.1883130530663681,11.0,4.0,0.75,1.0046189622236181,21.0,4.0,0.7142857142857143,1.0394803896752842,40.0,5.0,0.7142857142857143,1.0008602152128285,60.0,5.0,-1.0,0.0,-1.0,819,0.36752136752136755,0.07448107448107448,0.38217338217338215,0.32722832722832723,0.09523809523809523,0.2600732600732601,48.207196029776675,6.882783882783883
2022-10-04,1,1,0,1,0,0,0,0,2,0,0,0,2022,10,4,1,277,40,4,0,0,0,0.7818314824680298,0.6234898018587336,-0.9984354211555643,0.05591699010060302,-0.992708874098054,0.1205366802553232,-0.8660254037844386,0.5000000000000001,0.0,1.0,1.0,0.0,0.0,1.0,0.6666666666666666,0.5773502691896256,2.0,1.0,0.5714285714285714,0.5345224838248491,4.0,1.0,0.8571428571428571,1.1673205911990774,12.0,4.0,0.75,1.0046189622236181,21.0,4.0,0.7321428571428571,1.035568731375469,41.0,5.0,0.7261904761904762,0.9982055040631359,61.0,5.0,1.0,1.0,0.0,819,0.36752136752136755,0.07448107448107448,0.38217338217338215,0.32722832722832723,0.09523809523809523,0.2600732600732601,48.207196029776675,6.882783882783883
2022-10-05,1,0,0,0,0,0,0,0,2,0,0,0,2022,10,5,2,278,40,4,0,0,0,0.9749279121818236,-0.22252093395631434,-0.9973249731081555,0.07309512989807776,-0.992708874098054,0.1205366802553232,-0.8660254037844386,0.5000000000000001,1.0,0.0,1.0,0.0,2.0,2.0,0.6666666666666666,0.5773502691896256,2.0,1.0,0.7142857142857143,0.48795003647426655,5.0,1.0,0.7857142857142857,1.121713759495603,11.0,4.0,0.7142857142857143,0.9759000729485332,20.0,4.0,0.7142857142857143,1.021839441475932,40.0,5.0,0.7380952380952381,0.995399630578274,62.0,5.0,0.0,1.0,-1.0,819,0.36752136752136755,0.07448107448107448,0.38217338217338215,0.32722832722832723,0.09523809523809523,0.2600732600732601,48.207196029776675,6.882783882783883
2022-10-06,0,0,0,0,0,0,0,0,0,0,0,0,2022,10,6,3,279,40,4,0,0,0,0.43388373911755823,-0.900968867902419,-0.9959189961471792,0.0902516100310407,-0.992708874098054,0.1205366802553232,-0.8660254037844386,0.5000000000000001,1.0,1.0,0.0,1.0,0.0,0.0,0.6666666666666666,0.5773502691896256,2.0,1.0,0.5714285714285714,0.5345224838248491,4.0,1.0,0.7857142857142857,1.121713759495603,11.0,4.0,0.7142857142857143,0.9759000729485332,20.0,4.0,0.6964285714285714,1.0254868973435873,39.0,5.0,0.7261904761904762,0.9982055040631359,61.0,5.0,-1.0,-1.0,0.0,819,0.36752136752136755,0.07448107448107448,0.38217338217338215,0.32722832722832723,0.09523809523809523,0.2600732600732601,48.207196029776675,6.882783882783883
2022-10-07,0,0,0,0,0,0,0,0,0,0,0,0,2022,10,7,4,280,40,4,0,0,1,-0.433883739117558,-0.9009688679024191,-0.994217906893952,0.10738134666416306,-0.992708874098054,0.1205366802553232,-0.8660254037844386,0.5000000000000001,0.0,1.0,1.0,0.0,4.0,1.0,0.3333333333333333,0.5773502691896253,1.0,1.0,0.5714285714285714,0.5345224838248491,4.0,1.0,0.5,0.6504436355879919,7.0,2.0,0.6785714285714286,0.9833266074561477,19.0,4.0,0.6964285714285714,1.0254868973435873,39.0,5.0,0.6904761904761905,0.9691157375047053,58.0,5.0,0.0,0.0,-1.0,819,0.36752136752136755,0.07448107448107448,0.38217338217338215,0.32722832722832723,0.09523809523809523,0.2600732600732601,48.207196029776675,6.882783882783883
2022-10-08,1,1,0,1,0,1,0,1,2,0,0,0,2022,10,8,5,281,40,4,1,0,0,-0.9749279121818236,-0.2225209339563146,-0.9922222094179324,0.12447926388678869,-0.992708874098054,0.1205366802553232,-0.8660254037844386,0.5000000000000001,0.0,0.0,1.0,1.0,2.0,0.0,0.3333333333333333,0.5773502691896253,1.0,1.0,0.5714285714285714,0.5345224838248491,4.0,1.0,0.42857142857142855,0.5135525910130968,6.0,1.0,0.7142857142857143,0.9759000729485332,20.0,4.0,0.7142857142857143,1.021839441475932,40.0,5.0,0.7023809523809523,0.9666706233721227,59.0,5.0,1.0,0.0,1.0,819,0.36752136752136755,0.07448107448107448,0.38217338217338215,0.32722832722832723,0.09523809523809523,0.2600732600732601,48.207196029776675,6.882783882783883
2022-10-09,1,0,1,0,0,0,0,0,2,0,0,1,2022,10,9,6,282,40,4,1,0,0,-0.7818314824680299,0.6234898018587334,-0.989932495087353,0.141540295217043,-0.992708874098054,0.1205366802553232,-0.8660254037844386,0.5000000000000001,1.0,0.0,0.0,1.0,0.0,0.0,0.6666666666666666,0.5773502691896256,2.0,1.0,0.5714285714285714,0.5345224838248491,4.0,1.0,0.5,0.518874521662772,7.0,1.0,0.75,0.9670497325294006,21.0,4.0,0.7142857142857143,1.021839441475932,40.0,5.0,0.7023809523809523,0.9666706233721227,59.0,5.0,0.0,0.0,1.0,819,0.36752136752136755,0.07448107448107448,0.38217338217338215,0.32722832722832723,0.09523809523809523,0.2600732600732601,48.207196029776675,6.882783882783883
2022-10-10,0,0,0,0,0,0,0,0,0,0,0,0,2022,10,10,0,283,41,4,0,1,0,0.0,1.0,-0.9873494423939864,0.15855938510313475,-0.9709418174260521,0.23931566428755738,-0.8660254037844386,0.5000000000000001,1.0,1.0,0.0,0.0,0.0,0.0,0.6666666666666666,0.5773502691896256,2.0,1.0,0.5714285714285714,0.5345224838248491,4.0,1.0,0.5,0.518874521662772,7.0,1.0,0.75,0.9670497325294006,21.0,4.0,0.7142857142857143,1.021839441475932,40.0,5.0,0.7023809523809523,0.9666706233721227,59.0,5.0,-1.0,0.0,0.0,819,0.36752136752136755,0.07448107448107448,0.38217338217338215,0.32722832722832723,0.09523809523809523,0.2600732600732601,48.207196029776675,6.882783882783883
2022-10-11,0,0,0,0,0,0,0,0,0,0,0,0,2022,10,11,1,284,41,4,0,0,0,0.7818314824680298,0.6234898018587336,-0.9844738167520923,0.17553149042142777,-0.9709418174260521,0.23931566428755738,-0.8660254037844386,0.5000000000000001,0.0,1.0,1.0,1.0,0.0,2.0,0.3333333333333333,0.5773502691896253,1.0,1.0,0.42857142857142855,0.5345224838248495,3.0,1.0,0.5,0.518874521662772,7.0,1.0,0.6785714285714286,0.9449111825230682,19.0,4.0,0.7142857142857143,1.021839441475932,40.0,5.0,0.6904761904761905,0.9691157375047053,58.0,5.0,0.0,-1.0,-2.0,819,0.36752136752136755,0.07448107448107448,0.38217338217338215,0.32722832722832723,0.09523809523809523,0.2600732600732601,48.207196029776675,6.882783882783883
2022-10-12,0,0,0,0,0,0,0,0,0,0,0,0,2022,10,12,2,285,41,4,0,0,0,0.9749279121818236,-0.22252093395631434,-0.9813064702716093,0.19245158197082995,-0.9709418174260521,0.23931566428755738,-0.8660254037844386,0.5000000000000001,0.0,0.0,1.0,1.0,0.0,1.0,0.0,0.0,0.0,0.0,0.2857142857142857,0.48795003647426777,2.0,1.0,0.5,0.518874521662772,7.0,1.0,0.6428571428571429,0.9511897312113419,18.0,4.0,0.7142857142857143,1.021839441475932,40.0,5.0,0.6785714285714286,0.9714070565603712,57.0,5.0,0.0,-1.0,-1.0,819,0.36752136752136755,0.07448107448107448,0.38217338217338215,0.32722832722832723,0.09523809523809523,0.2600732600732601,48.207196029776675,6.882783882783883
2022-10-13,1,1,0,1,0,0,0,0,3,0,0,0,2022,10,13,3,286,41,4,0,0,0,0.43388373911755823,-0.900968867902419,-0.9778483415056567,0.20931464596304888,-0.9709418174260521,0.23931566428755738,-0.8660254037844386,0.5000000000000001,0.0,0.0,0.0,0.0,1.0,0.0,0.3333333333333333,0.5773502691896253,1.0,1.0,0.42857142857142855,0.5345224838248495,3.0,1.0,0.5,0.518874521662772,7.0,1.0,0.6785714285714286,0.9449111825230682,19.0,4.0,0.7321428571428571,1.0178599908823225,41.0,5.0,0.6666666666666666,0.9610904115204073,56.0,5.0,1.0,1.0,1.0,819,0.36752136752136755,0.07448107448107448,0.38217338217338215,0.32722832722832723,0.09523809523809523,0.2600732600732601,48.207196029776675,6.882783882783883
2022-10-14,0,0,0,0,0,0,0,0,0,0,0,0,2022,10,14,4,287,41,4,0,0,1,-0.433883739117558,-0.9009688679024191,-0.9741004551724206,0.22611568550828803,-0.9709418174260521,0.23931566428755738,-0.8660254037844386,0.5000000000000001,1.0,0.0,0.0,0.0,0.0,1.0,0.3333333333333333,0.5773502691896253,1.0,1.0,0.42857142857142855,0.5345224838248495,3.0,1.0,0.5,0.518874521662772,7.0,1.0,0.6428571428571429,0.9511897312113419,18.0,4.0,0.7321428571428571,1.0178599908823225,41.0,5.0,0.6666666666666666,0.9610904115204073,56.0,5.0,-1.0,0.0,-1.0,819,0.36752136752136755,0.07448107448107448,0.38217338217338215,0.32722832722832723,0.09523809523809523,0.2600732600732601,48.207196029776675,6.882783882783883
2022-10-15,0,0,0,0,0,0,0,0,0,0,0,0,2022,10,15,5,288,41,4,1,0,0,-0.9749279121818236,-0.2225209339563146,-0.970063921851507,0.2428497220959358,-0.9709418174260521,0.23931566428755738,-0.8660254037844386,0.5000000000000001,0.0,1.0,0.0,1.0,1.0,2.0,0.3333333333333333,0.5773502691896253,1.0,1.0,0.2857142857142857,0.48795003647426777,2.0,1.0,0.42857142857142855,0.5135525910130968,6.0,1.0,0.5714285714285714,0.9200874124564723,16.0,4.0,0.6428571428571429,0.8405316808386862,36.0,4.0,0.6666666666666666,0.9610904115204073,56.0,5.0,0.0,-1.0,-2.0,819,0.36752136752136755,0.07448107448107448,0.38217338217338215,0.32722832722832723,0.09523809523809523,0.2600732600732601,48.207196029776675,6.882783882783883
2022-10-16,1,1,0,0,0,1,0,1,1,0,0,0,2022,10,16,6,289,41,4,1,0,0,-0.7818314824680299,0.6234898018587334,-0.965739937654855,0.25951179706979943,-0.9709418174260521,0.23931566428755738,-0.8660254037844386,0.5000000000000001,0.0,0.0,1.0,1.0,1.0,0.0,0.3333333333333333,0.5773502691896253,1.0,1.0,0.2857142857142857,0.48795003647426777,2.0,1.0,0.42857142857142855,0.5135525910130968,6.0,1.0,0.6071428571428571,0.9164862737363227,17.0,4.0,0.6607142857142857,0.8372419160398186,37.0,4.0,0.6666666666666666,0.9610904115204073,56.0,5.0,1.0,0.0,1.0,819,0.36752136752136755,0.07448107448107448,0.38217338217338215,0.32722832722832723,0.09523809523809523,0.2600732600732601,48.207196029776675,6.882783882783883
2022-10-17,0,0,0,0,0,0,0,0,0,0,0,0,2022,10,17,0,290,42,4,0,1,0,0.0,1.0,-0.9611297838723007,0.27609697309746883,-0.9350162426854148,0.35460488704253557,-0.8660254037844386,0.5000000000000001,1.0,0.0,0.0,0.0,0.0,0.0,0.3333333333333333,0.5773502691896253,1.0,1.0,0.2857142857142857,0.48795003647426777,2.0,1.0,0.42857142857142855,0.5135525910130968,6.0,1.0,0.6071428571428571,0.9164862737363227,17.0,4.0,0.6607142857142857,0.8372419160398186,37.0,4.0,0.6666666666666666,0.9610904115204073,56.0,5.0,-1.0,0.0,0.0,819,0.36752136752136755,0.07448107448107448,0.38217338217338215,0.32722832722832723,0.09523809523809523,0.2600732600732601,48.207196029776675,6.882783882783883
2022-10-18,0,0,0,0,0,0,0,0,0,0,0,0,2022,10,18,1,291,42,4,0,0,0,0.7818314824680298,0.6234898018587336,-0.9562348265919058,0.2926003356333479,-0.9350162426854148,0.35460488704253557,-0.8660254037844386,0.5000000000000001,0.0,1.0,0.0,0.0,1.0,0.0,0.3333333333333333,0.5773502691896253,1.0,1.0,0.2857142857142857,0.48795003647426777,2.0,1.0,0.35714285714285715,0.49724515809884823,5.0,1.0,0.6071428571428571,0.9164862737363227,17.0,4.0,0.6607142857142857,0.8372419160398186,37.0,4.0,0.6666666666666666,0.9610904115204073,56.0,5.0,0.0,0.0,0.0,819,0.36752136752136755,0.07448107448107448,0.38217338217338215,0.32722832722832723,0.09523809523809523,0.2600732600732601,48.207196029776675,6.882783882783883
2022-10-19,0,0,0,0,0,0,0,0,0,0,0,0,2022,10,19,2,292,42,4,0,0,0,0.9749279121818236,-0.22252093395631434,-0.9510565162951536,0.30901699437494723,-0.9350162426854148,0.35460488704253557,-0.8660254037844386,0.5000000000000001,0.0,0.0,1.0,0.0,1.0,2.0,0.0,0.0,0.0,0.0,0.2857142857142857,0.48795003647426777,2.0,1.0,0.2857142857142857,0.46880723093849686,4.0,1.0,0.5357142857142857,0.8811668550592597,15.0,4.0,0.6428571428571429,0.8405316808386862,36.0,4.0,0.6666666666666666,0.9610904115204073,56.0,5.0,0.0,0.0,-2.0,819,0.36752136752136755,0.07448107448107448,0.38217338217338215,0.32722832722832723,0.09523809523809523,0.2600732600732601,48.207196029776675,6.882783882783883
2022-10-20,0,0,0,0,0,0,0,0,0,0,0,0,2022,10,20,3,293,42,4,0,0,0,0.43388373911755823,-0.900968867902419,-0.9455963874271428,0.3253420847119795,-0.9350162426854148,0.35460488704253557,-0.8660254037844386,0.5000000000000001,0.0,0.0,0.0,1.0,0.0,0.0,0.0,0.0,0.0,0.0,0.14285714285714285,0.37796447300922925,1.0,1.0,0.2857142857142857,0.46880723093849686,4.0,1.0,0.5357142857142857,0.8811668550592597,15.0,4.0,0.625,0.8434237584770997,35.0,4.0,0.6666666666666666,0.9610904115204073,56.0,5.0,0.0,-1.0,0.0,819,0.36752136752136755,0.07448107448107448,0.38217338217338215,0.32722832722832723,0.09523809523809523,0.2600732600732601,48.207196029776675,6.882783882783883
2022-10-21,0,0,0,0,0,0,0,0,0,0,0,0,2022,10,21,4,294,42,4,0,0,1,-0.433883739117558,-0.9009688679024191,-0.9398560579418953,0.341570769167856,-0.9350162426854148,0.35460488704253557,-0.8660254037844386,0.5000000000000001,0.0,0.0,0.0,0.0,0.0,4.0,0.0,0.0,0.0,0.0,0.14285714285714285,0.37796447300922925,1.0,1.0,0.2857142857142857,0.46880723093849686,4.0,1.0,0.39285714285714285,0.5669467095138409,11.0,2.0,0.625,0.8434237584770997,35.0,4.0,0.6428571428571429,0.9523952953595811,54.0,5.0,0.0,0.0,-4.0,819,0.36752136752136755,0.07448107448107448,0.38217338217338215,0.32722832722832723,0.09523809523809523,0.2600732600732601,48.207196029776675,6.882783882783883
2022-10-22,1,0,0,1,0,0,0,0,2,0,0,0,2022,10,22,5,295,42,4,1,0,0,-0.9749279121818236,-0.2225209339563146,-0.9338372288229252,0.35769823883312546,-0.9350162426854148,0.35460488704253557,-0.8660254037844386,0.5000000000000001,0.0,0.0,0.0,0.0,1.0,2.0,0.3333333333333333,0.5773502691896253,1.0,1.0,0.2857142857142857,0.48795003647426777,2.0,1.0,0.2857142857142857,0.46880723093849686,4.0,1.0,0.35714285714285715,0.4879500364742665,10.0,1.0,0.6071428571428571,0.8241485176961614,34.0,4.0,0.6309523809523809,0.9414134708013854,53.0,5.0,1.0,1.0,-1.0,819,0.36752136752136755,0.07448107448107448,0.38217338217338215,0.32722832722832723,0.09523809523809523,0.2600732600732601,48.207196029776675,6.882783882783883
2022-10-23,0,0,0,0,0,0,0,0,0,0,0,0,2022,10,23,6,296,42,4,1,0,0,-0.7818314824680299,0.6234898018587334,-0.9275416835791965,0.3737197147904692,-0.9350162426854148,0.35460488704253557,-0.8660254037844386,0.5000000000000001,1.0,0.0,0.0,1.0,1.0,0.0,0.3333333333333333,0.5773502691896253,1.0,1.0,0.14285714285714285,0.37796447300922925,1.0,1.0,0.21428571428571427,0.42581531362632163,3.0,1.0,0.35714285714285715,0.4879500364742665,10.0,1.0,0.6071428571428571,0.8241485176961614,34.0,4.0,0.6309523809523809,0.9414134708013854,53.0,5.0,-1.0,-1.0,0.0,819,0.36752136752136755,0.07448107448107448,0.38217338217338215,0.32722832722832723,0.09523809523809523,0.2600732600732601,48.207196029776675,6.882783882783883
2022-10-24,0,0,0,0,0,0,0,0,0,0,0,0,2022,10,24,0,297,43,4,0,1,0,0.0,1.0,-0.9209712877166347,0.38963044953078774,-0.8854560256532101,0.464723172043768,-0.8660254037844386,0.5000000000000001,0.0,1.0,0.0,0.0,0.0,0.0,0.3333333333333333,0.5773502691896253,1.0,1.0,0.14285714285714285,0.37796447300922925,1.0,1.0,0.21428571428571427,0.42581531362632163,3.0,1.0,0.35714285714285715,0.4879500364742665,10.0,1.0,0.5892857142857143,0.8263124153685508,33.0,4.0,0.6190476190476191,0.9430118616428332,52.0,5.0,0.0,0.0,0.0,819,0.36752136752136755,0.07448107448107448,0.38217338217338215,0.32722832722832723,0.09523809523809523,0.2600732600732601,48.207196029776675,6.882783882783883
2022-10-25,0,0,0,0,0,0,0,0,0,0,0,0,2022,10,25,1,298,43,4,0,0,0,0.7818314824680298,0.6234898018587336,-0.9141279881853337,0.4054257283599973,-0.8854560256532101,0.464723172043768,-0.8660254037844386,0.5000000000000001,0.0,0.0,1.0,0.0,0.0,0.0,0.0,0.0,0.0,0.0,0.14285714285714285,0.37796447300922925,1.0,1.0,0.21428571428571427,0.42581531362632163,3.0,1.0,0.35714285714285715,0.4879500364742665,10.0,1.0,0.5892857142857143,0.8263124153685508,33.0,4.0,0.5833333333333334,0.9079081389408402,49.0,5.0,0.0,0.0,0.0,819,0.36752136752136755,0.07448107448107448,0.38217338217338215,0.32722832722832723,0.09523809523809523,0.2600732600732601,48.207196029776675,6.882783882783883
2022-10-26,1,1,0,1,0,0,0,0,2,0,0,0,2022,10,26,2,299,43,4,0,0,0,0.9749279121818236,-0.22252093395631434,-0.9070138128026362,0.42110087079608916,-0.8854560256532101,0.464723172043768,-0.8660254037844386,0.5000000000000001,0.0,0.0,0.0,0.0,0.0,0.0,0.3333333333333333,0.5773502691896253,1.0,1.0,0.2857142857142857,0.48795003647426777,2.0,1.0,0.2857142857142857,0.46880723093849686,4.0,1.0,0.39285714285714285,0.497347461393438,11.0,1.0,0.6071428571428571,0.8241485176961614,34.0,4.0,0.5952380952380952,0.9067225186131552,50.0,5.0,1.0,1.0,1.0,819,0.36752136752136755,0.07448107448107448,0.38217338217338215,0.32722832722832723,0.09523809523809523,0.2600732600732601,48.207196029776675,6.882783882783883
2022-10-27,0,0,0,0,0,0,0,0,0,0,0,0,2022,10,27,3,300,43,4,0,0,0,0.43388373911755823,-0.900968867902419,-0.8996308696522434,0.4366512319560638,-0.8854560256532101,0.464723172043768,-0.8660254037844386,0.5000000000000001,1.0,0.0,0.0,0.0,1.0,1.0,0.3333333333333333,0.5773502691896253,1.0,1.0,0.2857142857142857,0.48795003647426777,2.0,1.0,0.21428571428571427,0.42581531362632163,3.0,1.0,0.35714285714285715,0.4879500364742665,10.0,1.0,0.5714285714285714,0.8058229640253807,32.0,4.0,0.5952380952380952,0.9067225186131552,50.0,5.0,-1.0,0.0,-1.0,819,0.36752136752136755,0.07448107448107448,0.38217338217338215,0.32722832722832723,0.09523809523809523,0.2600732600732601,48.207196029776675,6.882783882783883
2022-10-28,1,0,0,0,0,0,0,0,2,0,0,0,2022,10,28,4,301,43,4,0,0,1,-0.433883739117558,-0.9009688679024191,-0.8919813464595487,0.45207220393230374,-0.8854560256532101,0.464723172043768,-0.8660254037844386,0.5000000000000001,0.0,1.0,0.0,0.0,0.0,0.0,0.6666666666666666,0.5773502691896256,2.0,1.0,0.42857142857142855,0.5345224838248495,3.0,1.0,0.2857142857142857,0.46880723093849686,4.0,1.0,0.39285714285714285,0.497347461393438,11.0,1.0,0.5714285714285714,0.8058229640253807,32.0,4.0,0.5952380952380952,0.9067225186131552,50.0,5.0,1.0,1.0,1.0,819,0.36752136752136755,0.07448107448107448,0.38217338217338215,0.32722832722832723,0.09523809523809523,0.2600732600732601,48.207196029776675,6.882783882783883
2022-10-29,1,1,0,1,0,2,0,1,2,1,1,0,2022,10,29,5,302,43,4,1,0,0,-0.9749279121818236,-0.2225209339563146,-0.8840675099433637,0.46735921715800205,-0.8854560256532101,0.464723172043768,-0.8660254037844386,0.5000000000000001,1.0,0.0,1.0,1.0,0.0,1.0,0.6666666666666666,0.5773502691896256,2.0,1.0,0.42857142857142855,0.5345224838248495,3.0,1.0,0.35714285714285715,0.49724515809884823,5.0,1.0,0.39285714285714285,0.497347461393438,11.0,1.0,0.5892857142857143,0.8040078180145838,33.0,4.0,0.6071428571428571,0.9053769386463864,51.0,5.0,0.0,0.0,0.0,819,0.36752136752136755,0.07448107448107448,0.38217338217338215,0.32722832722832723,0.09523809523809523,0.2600732600732601,48.207196029776675,6.882783882783883
2022-10-30,0,0,0,0,0,0,0,0,0,0,0,0,2022,10,30,6,303,43,4,1,0,0,-0.7818314824680299,0.6234898018587334,-0.8758917051442433,0.48250774176121763,-0.8854560256532101,0.464723172043768,-0.8660254037844386,0.5000000000000001,1.0,1.0,0.0,0.0,1.0,1.0,0.6666666666666666,0.5773502691896256,2.0,1.0,0.42857142857142855,0.5345224838248495,3.0,1.0,0.2857142857142857,0.46880723093849686,4.0,1.0,0.35714285714285715,0.4879500364742665,10.0,1.0,0.5714285714285714,0.8058229640253807,32.0,4.0,0.5952380952380952,0.9067225186131552,50.0,5.0,-1.0,0.0,-1.0,819,0.36752136752136755,0.07448107448107448,0.38217338217338215,0.32722832722832723,0.09523809523809523,0.2600732600732601,48.207196029776675,6.882783882783883
2022-10-31,1,0,0,0,0,0,0,0,2,0,0,1,2022,10,31,0,304,44,4,0,1,0,0.0,1.0,-0.8674563547295971,0.4975132889071803,-0.822983865893657,0.5680647467311548,-0.8660254037844386,0.5000000000000001,0.0,1.0,1.0,0.0,0.0,0.0,0.6666666666666666,0.5773502691896256,2.0,1.0,0.5714285714285714,0.5345224838248491,4.0,1.0,0.35714285714285715,0.49724515809884823,5.0,1.0,0.39285714285714285,0.497347461393438,11.0,1.0,0.5714285714285714,0.8058229640253807,32.0,4.0,0.6071428571428571,0.9053769386463864,51.0,5.0,1.0,1.0,1.0,819,0.36752136752136755,0.07448107448107448,0.38217338217338215,0.32722832722832723,0.09523809523809523,0.2600732600732601,48.207196029776675,6.882783882783883
2022-11-01,0,0,0,0,0,0,0,0,0,0,0,0,2022,11,1,1,305,44,4,0,0,0,0.7818314824680298,0.6234898018587336,-0.858763958275803,0.5123714121284235,-0.822983865893657,0.5680647467311548,-0.5000000000000004,0.8660254037844384,1.0,0.0,1.0,0.0,0.0,1.0,0.3333333333333333,0.5773502691896253,1.0,1.0,0.5714285714285714,0.5345224838248491,4.0,1.0,0.35714285714285715,0.49724515809884823,5.0,1.0,0.35714285714285715,0.4879500364742665,10.0,1.0,0.5535714285714286,0.8072319224506531,31.0,4.0,0.6071428571428571,0.9053769386463864,51.0,5.0,-1.0,0.0,-1.0,819,0.36752136752136755,0.07448107448107448,0.38217338217338215,0.32722832722832723,0.09523809523809523,0.2600732600732601,48.207196029776675,6.882783882783883
2022-11-02,1,0,0,0,0,1,0,1,2,0,0,0,2022,11,2,2,306,44,4,0,0,0,0.9749279121818236,-0.22252093395631434,-0.8498170915275277,0.5270777086423724,-0.822983865893657,0.5680647467311548,-0.5000000000000004,0.8660254037844384,0.0,1.0,0.0,1.0,0.0,1.0,0.6666666666666666,0.5773502691896256,2.0,1.0,0.5714285714285714,0.5345224838248491,4.0,1.0,0.42857142857142855,0.5135525910130968,6.0,1.0,0.35714285714285715,0.4879500364742665,10.0,1.0,0.5357142857142857,0.7854190708679778,30.0,4.0,0.5952380952380952,0.8933360735009054,50.0,5.0,1.0,0.0,0.0,819,0.36752136752136755,0.07448107448107448,0.38217338217338215,0.32722832722832723,0.09523809523809523,0.2600732600732601,48.207196029776675,6.882783882783883
2022-11-03,0,0,0,0,0,0,0,0,0,0,0,0,2022,11,3,3,307,44,4,0,0,0,0.43388373911755823,-0.900968867902419,-0.8406184056344783,0.5416278206559811,-0.822983865893657,0.5680647467311548,-0.5000000000000004,0.8660254037844384,1.0,0.0,1.0,0.0,0.0,0.0,0.3333333333333333,0.5773502691896253,1.0,1.0,0.5714285714285714,0.5345224838248491,4.0,1.0,0.42857142857142855,0.5135525910130968,6.0,1.0,0.35714285714285715,0.4879500364742665,10.0,1.0,0.5357142857142857,0.7854190708679778,30.0,4.0,0.5833333333333334,0.8945394363653575,49.0,5.0,-1.0,0.0,0.0,819,0.36752136752136755,0.07448107448107448,0.38217338217338215,0.32722832722832723,0.09523809523809523,0.2600732600732601,48.207196029776675,6.882783882783883
2022-11-04,0,0,0,0,0,0,0,0,0,0,0,0,2022,11,4,4,308,44,4,0,0,1,-0.433883739117558,-0.9009688679024191,-0.8311706263658079,0.5560174366570446,-0.822983865893657,0.5680647467311548,-0.5000000000000004,0.8660254037844384,0.0,1.0,0.0,1.0,0.0,0.0,0.3333333333333333,0.5773502691896253,1.0,1.0,0.42857142857142855,0.5345224838248495,3.0,1.0,0.42857142857142855,0.5135525910130968,6.0,1.0,0.35714285714285715,0.4879500364742665,10.0,1.0,0.5178571428571429,0.7860388939849883,29.0,4.0,0.5833333333333334,0.8945394363653575,49.0,5.0,0.0,-1.0,0.0,819,0.36752136752136755,0.07448107448107448,0.38217338217338215,0.32722832722832723,0.09523809523809523,0.2600732600732601,48.207196029776675,6.882783882783883
2022-11-05,1,0,0,0,0,0,0,0,2,0,0,0,2022,11,5,5,309,44,4,1,0,0,-0.9749279121818236,-0.2225209339563146,-0.8214765533024145,0.5702422926917867,-0.822983865893657,0.5680647467311548,-0.5000000000000004,0.8660254037844384,0.0,0.0,1.0,1.0,1.0,1.0,0.3333333333333333,0.5773502691896253,1.0,1.0,0.42857142857142855,0.5345224838248495,3.0,1.0,0.42857142857142855,0.5135525910130968,6.0,1.0,0.35714285714285715,0.4879500364742665,10.0,1.0,0.5357142857142857,0.7854190708679778,30.0,4.0,0.5952380952380952,0.8933360735009054,50.0,5.0,1.0,0.0,0.0,819,0.36752136752136755,0.07448107448107448,0.38217338217338215,0.32722832722832723,0.09523809523809523,0.2600732600732601,48.207196029776675,6.882783882783883
2022-11-06,1,1,0,1,0,0,0,0,2,0,0,1,2022,11,6,6,310,44,4,1,0,0,-0.7818314824680299,0.6234898018587334,-0.8115390590073611,0.5842981736283683,-0.822983865893657,0.5680647467311548,-0.5000000000000004,0.8660254037844384,1.0,0.0,0.0,0.0,0.0,1.0,0.6666666666666666,0.5773502691896256,2.0,1.0,0.5714285714285714,0.5345224838248491,4.0,1.0,0.5,0.518874521662772,7.0,1.0,0.35714285714285715,0.4879500364742665,10.0,1.0,0.5535714285714286,0.784384943927241,31.0,4.0,0.5952380952380952,0.8933360735009054,50.0,5.0,0.0,1.0,0.0,819,0.36752136752136755,0.07448107448107448,0.38217338217338215,0.32722832722832723,0.09523809523809523,0.2600732600732601,48.207196029776675,6.882783882783883
2022-11-07,0,0,0,0,0,0,0,0,0,0,0,0,2022,11,7,0,311,45,4,0,1,0,0.0,1.0,-0.801361088174677,0.5981809144059158,-0.7485107481711011,0.6631226582407952,-0.5000000000000004,0.8660254037844384,1.0,1.0,0.0,1.0,0.0,0.0,0.6666666666666666,0.5773502691896256,2.0,1.0,0.42857142857142855,0.5345224838248495,3.0,1.0,0.5,0.518874521662772,7.0,1.0,0.35714285714285715,0.4879500364742665,10.0,1.0,0.5535714285714286,0.784384943927241,31.0,4.0,0.5952380952380952,0.8933360735009054,50.0,5.0,-1.0,-1.0,0.0,819,0.36752136752136755,0.07448107448107448,0.38217338217338215,0.32722832722832723,0.09523809523809523,0.2600732600732601,48.207196029776675,6.882783882783883
2022-11-08,1,1,0,0,0,0,0,0,2,0,0,0,2022,11,8,1,312,45,4,0,0,0,0.7818314824680298,0.6234898018587336,-0.7909456567567774,0.6118864012687242,-0.7485107481711011,0.6631226582407952,-0.5000000000000004,0.8660254037844384,0.0,1.0,1.0,0.0,0.0,0.0,0.6666666666666666,0.5773502691896256,2.0,1.0,0.5714285714285714,0.5345224838248491,4.0,1.0,0.5714285714285714,0.5135525910130967,8.0,1.0,0.39285714285714285,0.497347461393438,11.0,1.0,0.5357142857142857,0.761918289923192,30.0,4.0,0.6071428571428571,0.891970299668399,51.0,5.0,1.0,1.0,1.0,819,0.36752136752136755,0.07448107448107448,0.38217338217338215,0.32722832722832723,0.09523809523809523,0.2600732600732601,48.207196029776675,6.882783882783883
2022-11-09,0,0,0,0,0,0,0,0,0,0,0,0,2022,11,9,2,313,45,4,0,0,0,0.9749279121818236,-0.22252093395631434,-0.780295851070776,0.6254105729852457,-0.7485107481711011,0.6631226582407952,-0.5000000000000004,0.8660254037844384,1.0,0.0,1.0,1.0,1.0,0.0,0.3333333333333333,0.5773502691896253,1.0,1.0,0.42857142857142855,0.5345224838248495,3.0,1.0,0.5,0.518874521662772,7.0,1.0,0.39285714285714285,0.497347461393438,11.0,1.0,0.5178571428571429,0.7625572152261804,29.0,4.0,0.6071428571428571,0.891970299668399,51.0,5.0,-1.0,-1.0,0.0,819,0.36752136752136755,0.07448107448107448,0.38217338217338215,0.32722832722832723,0.09523809523809523,0.2600732600732601,48.207196029776675,6.882783882783883
2022-11-10,1,1,0,0,0,1,0,1,2,0,0,0,2022,11,10,3,314,45,4,0,0,0,0.43388373911755823,-0.900968867902419,-0.7694148268839381,0.6387494220515268,-0.7485107481711011,0.6631226582407952,-0.5000000000000004,0.8660254037844384,0.0,1.0,0.0,0.0,0.0,1.0,0.6666666666666666,0.5773502691896256,2.0,1.0,0.5714285714285714,0.5345224838248491,4.0,1.0,0.5714285714285714,0.5135525910130967,8.0,1.0,0.39285714285714285,0.497347461393438,11.0,1.0,0.5357142857142857,0.761918289923192,30.0,4.0,0.6190476190476191,0.890441367542191,52.0,5.0,1.0,1.0,0.0,819,0.36752136752136755,0.07448107448107448,0.38217338217338215,0.32722832722832723,0.09523809523809523,0.2600732600732601,48.207196029776675,6.882783882783883
2022-11-11,1,0,0,0,0,0,0,0,2,0,0,0,2022,11,11,4,315,45,4,0,0,1,-0.433883739117558,-0.9009688679024191,-0.7583058084785625,0.6518989958787125,-0.7485107481711011,0.6631226582407952,-0.5000000000000004,0.8660254037844384,1.0,0.0,1.0,0.0,1.0,0.0,0.6666666666666666,0.5773502691896256,2.0,1.0,0.7142857142857143,0.48795003647426655,5.0,1.0,0.5714285714285714,0.5135525910130967,8.0,1.0,0.42857142857142855,0.5039526306789697,12.0,1.0,0.5357142857142857,0.761918289923192,30.0,4.0,0.6309523809523809,0.8887484350690223,53.0,5.0,0.0,1.0,1.0,819,0.36752136752136755,0.07448107448107448,0.38217338217338215,0.32722832722832723,0.09523809523809523,0.2600732600732601,48.207196029776675,6.882783882783883
2022-11-12,1,0,0,0,0,0,0,0,2,0,0,0,2022,11,12,5,316,45,4,1,0,0,-0.9749279121818236,-0.2225209339563146,-0.7469720876965551,0.6648553979642866,-0.7485107481711011,0.6631226582407952,-0.5000000000000004,0.8660254037844384,1.0,1.0,0.0,1.0,1.0,0.0,1.0,0.0,3.0,1.0,0.7142857142857143,0.48795003647426655,5.0,1.0,0.5714285714285714,0.5135525910130967,8.0,1.0,0.4642857142857143,0.5078745001833701,13.0,1.0,0.5178571428571429,0.7383291069231057,29.0,4.0,0.5833333333333334,0.7478214678592509,49.0,4.0,0.0,0.0,1.0,819,0.36752136752136755,0.07448107448107448,0.38217338217338215,0.32722832722832723,0.09523809523809523,0.2600732600732601,48.207196029776675,6.882783882783883
2022-11-13,1,0,1,0,0,0,0,0,1,0,0,1,2022,11,13,6,317,45,4,1,0,0,-0.7818314824680299,0.6234898018587334,-0.7354170229639858,0.6776147890466887,-0.7485107481711011,0.6631226582407952,-0.5000000000000004,0.8660254037844384,1.0,1.0,1.0,1.0,0.0,1.0,1.0,0.0,3.0,1.0,0.7142857142857143,0.48795003647426655,5.0,1.0,0.6428571428571429,0.4972451580988481,9.0,1.0,0.4642857142857143,0.5078745001833701,13.0,1.0,0.5357142857142857,0.7376691969682921,30.0,4.0,0.5952380952380952,0.7463815946259179,50.0,4.0,0.0,0.0,0.0,819,0.36752136752136755,0.07448107448107448,0.38217338217338215,0.32722832722832723,0.09523809523809523,0.2600732600732601,48.207196029776675,6.882783882783883
2022-11-14,1,1,0,1,0,0,0,0,2,0,0,1,2022,11,14,0,318,46,4,0,1,0,0.0,1.0,-0.7236440382959124,0.690173388242972,-0.6631226582407955,0.7485107481711007,-0.5000000000000004,0.8660254037844384,1.0,1.0,1.0,0.0,1.0,0.0,1.0,0.0,3.0,1.0,0.8571428571428571,0.37796447300922664,6.0,1.0,0.6428571428571429,0.4972451580988481,9.0,1.0,0.5,0.5091750772173156,14.0,1.0,0.5535714285714286,0.736568033200239,31.0,4.0,0.6071428571428571,0.7447463729813303,51.0,4.0,0.0,1.0,1.0,819,0.36752136752136755,0.07448107448107448,0.38217338217338215,0.32722832722832723,0.09523809523809523,0.2600732600732601,48.207196029776675,6.882783882783883
2022-11-15,0,0,0,0,0,0,0,0,0,0,0,0,2022,11,15,1,319,46,4,0,0,0,0.7818314824680298,0.6234898018587336,-0.711656622281775,0.7025274741691566,-0.6631226582407955,0.7485107481711007,-0.5000000000000004,0.8660254037844384,1.0,1.0,1.0,1.0,0.0,0.0,0.6666666666666666,0.5773502691896256,2.0,1.0,0.7142857142857143,0.48795003647426655,5.0,1.0,0.6428571428571429,0.4972451580988481,9.0,1.0,0.5,0.5091750772173156,14.0,1.0,0.5535714285714286,0.736568033200239,31.0,4.0,0.6071428571428571,0.7447463729813303,51.0,4.0,-1.0,-1.0,0.0,819,0.36752136752136755,0.07448107448107448,0.38217338217338215,0.32722832722832723,0.09523809523809523,0.2600732600732601,48.207196029776675,6.882783882783883
2022-11-16,1,0,0,0,0,1,0,1,2,0,0,0,2022,11,16,2,320,46,4,0,0,0,0.9749279121818236,-0.22252093395631434,-0.6994583270516471,0.7146733860429608,-0.6631226582407955,0.7485107481711007,-0.5000000000000004,0.8660254037844384,0.0,1.0,1.0,0.0,1.0,0.0,0.6666666666666666,0.5773502691896256,2.0,1.0,0.8571428571428571,0.37796447300922664,6.0,1.0,0.6428571428571429,0.4972451580988481,9.0,1.0,0.5357142857142857,0.5078745001833701,15.0,1.0,0.5357142857142857,0.7125954025898628,30.0,4.0,0.6071428571428571,0.7447463729813303,51.0,4.0,1.0,1.0,1.0,819,0.36752136752136755,0.07448107448107448,0.38217338217338215,0.32722832722832723,0.09523809523809523,0.2600732600732601,48.207196029776675,6.882783882783883
2022-11-17,0,0,0,0,0,0,0,0,0,0,0,0,2022,11,17,3,321,46,4,0,0,0,0.43388373911755823,-0.900968867902419,-0.6870527672236675,0.7266075247685652,-0.6631226582407955,0.7485107481711007,-0.5000000000000004,0.8660254037844384,1.0,0.0,1.0,1.0,0.0,0.0,0.3333333333333333,0.5773502691896253,1.0,1.0,0.7142857142857143,0.48795003647426655,5.0,1.0,0.6428571428571429,0.4972451580988481,9.0,1.0,0.5357142857142857,0.5078745001833701,15.0,1.0,0.5357142857142857,0.7125954025898628,30.0,4.0,0.5952380952380952,0.7463815946259179,50.0,4.0,-1.0,-1.0,0.0,819,0.36752136752136755,0.07448107448107448,0.38217338217338215,0.32722832722832723,0.09523809523809523,0.2600732600732601,48.207196029776675,6.882783882783883
2022-11-18,1,0,0,0,0,0,0,0,2,0,0,1,2022,11,18,4,322,46,4,0,0,1,-0.433883739117558,-0.9009688679024191,-0.6744436188329457,0.7383263540031063,-0.6631226582407955,0.7485107481711007,-0.5000000000000004,0.8660254037844384,0.0,1.0,0.0,1.0,0.0,0.0,0.6666666666666666,0.5773502691896256,2.0,1.0,0.7142857142857143,0.48795003647426655,5.0,1.0,0.7142857142857143,0.46880723093849674,10.0,1.0,0.5714285714285714,0.5039526306789698,16.0,1.0,0.48214285714285715,0.539058823862866,27.0,2.0,0.6071428571428571,0.7447463729813303,51.0,4.0,1.0,0.0,1.0,819,0.36752136752136755,0.07448107448107448,0.38217338217338215,0.32722832722832723,0.09523809523809523,0.2600732600732601,48.207196029776675,6.882783882783883
2022-11-19,0,0,0,0,0,0,0,0,0,0,0,0,2022,11,19,5,323,46,4,1,0,0,-0.9749279121818236,-0.2225209339563146,-0.661634618242279,0.749826401204568,-0.6631226582407955,0.7485107481711007,-0.5000000000000004,0.8660254037844384,1.0,0.0,1.0,1.0,1.0,1.0,0.3333333333333333,0.5773502691896253,1.0,1.0,0.5714285714285714,0.5345224838248491,4.0,1.0,0.6428571428571429,0.4972451580988481,9.0,1.0,0.5357142857142857,0.5078745001833701,15.0,1.0,0.44642857142857145,0.5016207497934844,25.0,1.0,0.5833333333333334,0.7315330219812335,49.0,4.0,-1.0,-1.0,-1.0,819,0.36752136752136755,0.07448107448107448,0.38217338217338215,0.32722832722832723,0.09523809523809523,0.2600732600732601,48.207196029776675,6.882783882783883
2022-11-20,2,0,1,1,0,1,0,1,4,0,0,1,2022,11,20,6,324,46,4,1,0,0,-0.7818314824680299,0.6234898018587334,-0.6486295610349818,0.7611042586607742,-0.6631226582407955,0.7485107481711007,-0.5000000000000004,0.8660254037844384,0.0,1.0,0.0,1.0,1.0,0.0,1.0,1.0000000000000002,3.0,2.0,0.7142857142857143,0.7559289460184545,5.0,2.0,0.7142857142857143,0.6112498455021276,10.0,2.0,0.6071428571428571,0.566946709513841,17.0,2.0,0.48214285714285715,0.5390588238628661,27.0,2.0,0.6071428571428571,0.7447463729813303,51.0,4.0,2.0,1.0,2.0,819,0.36752136752136755,0.07448107448107448,0.38217338217338215,0.32722832722832723,0.09523809523809523,0.2600732600732601,48.207196029776675,6.882783882783883
2022-11-21,0,0,0,0,0,0,0,0,0,0,0,0,2022,11,21,0,325,47,4,0,1,0,0.0,1.0,-0.6354323008901775,0.7721565844991641,-0.5680647467311559,0.8229838658936564,-0.5000000000000004,0.8660254037844384,2.0,0.0,1.0,1.0,0.0,0.0,0.6666666666666666,1.1547005383792517,2.0,2.0,0.5714285714285714,0.7867957924694434,4.0,2.0,0.7142857142857143,0.6112498455021276,10.0,2.0,0.6071428571428571,0.566946709513841,17.0,2.0,0.48214285714285715,0.5390588238628661,27.0,2.0,0.5952380952380952,0.7463815946259179,50.0,4.0,-2.0,-1.0,0.0,819,0.36752136752136755,0.07448107448107448,0.38217338217338215,0.32722832722832723,0.09523809523809523,0.2600732600732601,48.207196029776675,6.882783882783883
2022-11-22,0,0,0,0,0,0,0,0,0,0,0,0,2022,11,22,1,326,47,4,0,0,0,0.7818314824680298,0.6234898018587336,-0.622046748440868,0.7829801036770624,-0.5680647467311559,0.8229838658936564,-0.5000000000000004,0.8660254037844384,0.0,2.0,0.0,0.0,1.0,0.0,0.6666666666666666,1.1547005383792517,2.0,2.0,0.5714285714285714,0.7867957924694434,4.0,2.0,0.6428571428571429,0.6333236937766519,9.0,2.0,0.6071428571428571,0.566946709513841,17.0,2.0,0.48214285714285715,0.5390588238628661,27.0,2.0,0.5952380952380952,0.7463815946259179,50.0,4.0,0.0,0.0,0.0,819,0.36752136752136755,0.07448107448107448,0.38217338217338215,0.32722832722832723,0.09523809523809523,0.2600732600732601,48.207196029776675,6.882783882783883
2022-11-23,2,2,0,2,0,1,0,1,4,0,0,1,2022,11,23,2,327,47,4,0,0,0,0.9749279121818236,-0.22252093395631434,-0.6084768701151264,0.7935716089521472,-0.5680647467311559,0.8229838658936564,-0.5000000000000004,0.8660254037844384,0.0,0.0,2.0,1.0,0.0,1.0,0.6666666666666666,1.1547005383792517,2.0,2.0,0.7142857142857143,0.9511897312113419,5.0,2.0,0.7857142857142857,0.6992932067530688,11.0,2.0,0.6428571428571429,0.6214848238238697,18.0,2.0,0.5178571428571429,0.5717937145055486,29.0,2.0,0.6190476190476191,0.7589587334966831,52.0,4.0,2.0,1.0,1.0,819,0.36752136752136755,0.07448107448107448,0.38217338217338215,0.32722832722832723,0.09523809523809523,0.2600732600732601,48.207196029776675,6.882783882783883
2022-11-24,0,0,0,0,0,0,0,0,0,0,0,0,2022,11,24,3,328,47,4,0,0,0,0.43388373911755823,-0.900968867902419,-0.594726686960764,0.8039279618328208,-0.5680647467311559,0.8229838658936564,-0.5000000000000004,0.8660254037844384,2.0,0.0,0.0,0.0,1.0,0.0,0.6666666666666666,1.1547005383792517,2.0,2.0,0.7142857142857143,0.9511897312113419,5.0,2.0,0.7142857142857143,0.7262730392025638,10.0,2.0,0.6428571428571429,0.6214848238238697,18.0,2.0,0.5,0.5720775535473561,28.0,2.0,0.5952380952380952,0.7463815946259179,50.0,4.0,-2.0,0.0,0.0,819,0.36752136752136755,0.07448107448107448,0.38217338217338215,0.32722832722832723,0.09523809523809523,0.2600732600732601,48.207196029776675,6.882783882783883
2022-11-25,0,0,0,0,0,0,0,0,0,0,0,0,2022,11,25,4,329,47,4,0,0,1,-0.433883739117558,-0.9009688679024191,-0.5808002734538013,0.8140460935082175,-0.5680647467311559,0.8229838658936564,-0.5000000000000004,0.8660254037844384,0.0,2.0,0.0,1.0,1.0,1.0,0.6666666666666666,1.1547005383792517,2.0,2.0,0.5714285714285714,0.9759000729485333,4.0,2.0,0.6428571428571429,0.7449463436684929,9.0,2.0,0.6071428571428571,0.6288900106557948,17.0,2.0,0.5,0.5720775535473561,28.0,2.0,0.5833333333333334,0.7478214678592509,49.0,4.0,0.0,-1.0,-1.0,819,0.36752136752136755,0.07448107448107448,0.38217338217338215,0.32722832722832723,0.09523809523809523,0.2600732600732601,48.207196029776675,6.882783882783883
2022-11-26,0,0,0,0,0,0,0,0,0,0,0,0,2022,11,26,5,330,47,4,1,0,0,-0.9749279121818236,-0.2225209339563146,-0.5667017562911184,0.8239230057575536,-0.5680647467311559,0.8229838658936564,-0.5000000000000004,0.8660254037844384,0.0,0.0,2.0,0.0,1.0,1.0,0.0,0.0,0.0,0.0,0.5714285714285714,0.9759000729485333,4.0,2.0,0.5714285714285714,0.7559289460184553,8.0,2.0,0.5714285714285714,0.634126487474228,16.0,2.0,0.48214285714285715,0.5717937145055486,27.0,2.0,0.5833333333333334,0.7478214678592509,49.0,4.0,0.0,0.0,-1.0,819,0.36752136752136755,0.07448107448107448,0.38217338217338215,0.32722832722832723,0.09523809523809523,0.2600732600732601,48.207196029776675,6.882783882783883
2022-11-27,0,0,0,0,0,0,0,0,0,0,0,0,2022,11,27,6,331,47,4,1,0,0,-0.7818314824680299,0.6234898018587334,-0.5524353131676203,0.8335557718385695,-0.5680647467311559,0.8229838658936564,-0.5000000000000004,0.8660254037844384,0.0,0.0,0.0,2.0,1.0,0.0,0.0,0.0,0.0,0.0,0.2857142857142857,0.7559289460184551,2.0,2.0,0.5,0.7595545253127508,7.0,2.0,0.5714285714285714,0.634126487474228,16.0,2.0,0.4642857142857143,0.5709413507305517,26.0,2.0,0.5714285714285714,0.7490671191911685,48.0,4.0,0.0,-2.0,0.0,819,0.36752136752136755,0.07448107448107448,0.38217338217338215,0.32722832722832723,0.09523809523809523,0.2600732600732601,48.207196029776675,6.882783882783883
2022-11-28,0,0,0,0,0,0,0,0,0,0,0,0,2022,11,28,0,332,48,4,0,1,0,0.0,1.0,-0.5380051715382992,0.8429415373547832,-0.4647231720437684,0.88545602565321,-0.5000000000000004,0.8660254037844384,0.0,0.0,0.0,0.0,1.0,1.0,0.0,0.0,0.0,0.0,0.2857142857142857,0.7559289460184551,2.0,2.0,0.42857142857142855,0.7559289460184553,6.0,2.0,0.5357142857142857,0.637247719560185,15.0,2.0,0.4642857142857143,0.5709413507305517,26.0,2.0,0.5595238095238095,0.7501195161991874,47.0,4.0,0.0,0.0,-1.0,819,0.36752136752136755,0.07448107448107448,0.38217338217338215,0.32722832722832723,0.09523809523809523,0.2600732600732601,48.207196029776675,6.882783882783883
2022-11-29,0,0,0,0,0,0,0,0,0,0,0,0,2022,11,29,1,333,48,4,0,0,0,0.7818314824680298,0.6234898018587336,-0.5234156073655503,0.8520775211013093,-0.4647231720437684,0.88545602565321,-0.5000000000000004,0.8660254037844384,0.0,0.0,0.0,0.0,0.0,0.0,0.0,0.0,0.0,0.0,0.2857142857142857,0.7559289460184551,2.0,2.0,0.42857142857142855,0.7559289460184553,6.0,2.0,0.5357142857142857,0.637247719560185,15.0,2.0,0.44642857142857145,0.5695179095960462,25.0,2.0,0.5476190476190477,0.7509794713437944,46.0,4.0,0.0,0.0,0.0,819,0.36752136752136755,0.07448107448107448,0.38217338217338215,0.32722832722832723,0.09523809523809523,0.2600732600732601,48.207196029776675,6.882783882783883
2022-11-30,0,0,0,0,0,0,0,0,0,0,0,0,2022,11,30,2,334,48,4,0,0,0,0.9749279121818236,-0.22252093395631434,-0.5086709438521042,0.8609610158889945,-0.4647231720437684,0.88545602565321,-0.5000000000000004,0.8660254037844384,0.0,0.0,0.0,2.0,1.0,1.0,0.0,0.0,0.0,0.0,0.0,0.0,0.0,0.0,0.35714285714285715,0.7449463436684929,5.0,2.0,0.5,0.6382847385042255,14.0,2.0,0.42857142857142855,0.5675190940205651,24.0,2.0,0.5238095238095238,0.7359313495384644,44.0,4.0,0.0,-2.0,-1.0,819,0.36752136752136755,0.07448107448107448,0.38217338217338215,0.32722832722832723,0.09523809523809523,0.2600732600732601,48.207196029776675,6.882783882783883
2022-12-01,1,0,0,0,0,0,0,0,2,0,0,0,2022,12,1,3,335,48,4,0,0,0,0.43388373911755823,-0.900968867902419,-0.49377555015997737,0.8695893893466109,-0.4647231720437684,0.88545602565321,-2.4492935982947064e-16,1.0,0.0,0.0,0.0,0.0,0.0,0.0,0.3333333333333333,0.5773502691896257,1.0,1.0,0.14285714285714285,0.3779644730092288,1.0,1.0,0.42857142857142855,0.7559289460184553,6.0,2.0,0.5357142857142857,0.637247719560185,15.0,2.0,0.44642857142857145,0.5695179095960462,25.0,2.0,0.5357142857142857,0.7354439454519244,45.0,4.0,1.0,1.0,1.0,819,0.36752136752136755,0.07448107448107448,0.38217338217338215,0.32722832722832723,0.09523809523809523,0.2600732600732601,48.207196029776675,6.882783882783883
2022-12-02,0,0,0,0,0,0,0,0,0,0,0,0,2022,12,2,4,336,48,4,0,0,1,-0.433883739117558,-0.9009688679024191,-0.4787338401157883,0.8779600847008883,-0.4647231720437684,0.88545602565321,-2.4492935982947064e-16,1.0,1.0,0.0,0.0,0.0,1.0,0.0,0.3333333333333333,0.5773502691896257,1.0,1.0,0.14285714285714285,0.3779644730092288,1.0,1.0,0.35714285714285715,0.7449463436684929,5.0,2.0,0.5357142857142857,0.637247719560185,15.0,2.0,0.44642857142857145,0.5695179095960462,25.0,2.0,0.5238095238095238,0.7359313495384644,44.0,4.0,-1.0,0.0,0.0,819,0.36752136752136755,0.07448107448107448,0.38217338217338215,0.32722832722832723,0.09523809523809523,0.2600732600732601,48.207196029776675,6.882783882783883
2022-12-03,2,0,0,0,0,1,0,1,3,0,0,0,2022,12,3,5,337,48,4,1,0,0,-0.9749279121818236,-0.2225209339563146,-0.4635502709028512,0.8860706215341378,-0.4647231720437684,0.88545602565321,-2.4492935982947064e-16,1.0,0.0,1.0,0.0,0.0,0.0,1.0,1.0,1.0000000000000004,3.0,2.0,0.42857142857142855,0.7867957924694434,3.0,2.0,0.5,0.8548504142651112,7.0,2.0,0.5714285714285714,0.6900655593423544,16.0,2.0,0.4642857142857143,0.601944899752181,26.0,2.0,0.5476190476190477,0.7509794713437944,46.0,4.0,2.0,2.0,1.0,819,0.36752136752136755,0.07448107448107448,0.38217338217338215,0.32722832722832723,0.09523809523809523,0.2600732600732601,48.207196029776675,6.882783882783883
2022-12-04,4,4,0,4,0,2,0,2,10,0,0,0,2022,12,4,6,338,48,4,1,0,0,-0.7818314824680299,0.6234898018587334,-0.4482293417404106,0.893918596519257,-0.4647231720437684,0.88545602565321,-2.4492935982947064e-16,1.0,2.0,0.0,1.0,0.0,2.0,1.0,2.0,2.0000000000000004,6.0,4.0,1.0,1.5275252316519465,7.0,4.0,0.6428571428571429,1.2157392722216303,9.0,4.0,0.6785714285714286,0.9449111825230682,19.0,4.0,0.5178571428571429,0.7625572152261805,29.0,4.0,0.5952380952380952,0.8376537459173332,50.0,4.0,2.0,4.0,3.0,819,0.36752136752136755,0.07448107448107448,0.38217338217338215,0.32722832722832723,0.09523809523809523,0.2600732600732601,48.207196029776675,6.882783882783883
2022-12-05,1,1,0,1,0,0,0,0,2,1,1,1,2022,12,5,0,339,49,4,0,1,0,0.0,1.0,-0.4327755925504317,0.9015016841318838,-0.35460488704253595,0.9350162426854147,-2.4492935982947064e-16,1.0,4.0,2.0,0.0,0.0,0.0,0.0,2.3333333333333335,1.5275252316519474,7.0,4.0,1.1428571428571428,1.4638501094227994,8.0,4.0,0.7142857142857143,1.20438758319299,10.0,4.0,0.7142857142857143,0.9371802805793976,20.0,4.0,0.5357142857142857,0.7619182899231921,30.0,4.0,0.6071428571428571,0.836197030203922,51.0,4.0,-3.0,1.0,1.0,819,0.36752136752136755,0.07448107448107448,0.38217338217338215,0.32722832722832723,0.09523809523809523,0.2600732600732601,48.207196029776675,6.882783882783883
2022-12-06,1,1,0,0,0,0,0,0,2,0,0,0,2022,12,6,1,340,49,4,0,0,0,0.7818314824680298,0.6234898018587336,-0.41719360261231697,0.9088176373395028,-0.35460488704253595,0.9350162426854147,-2.4492935982947064e-16,1.0,1.0,4.0,2.0,0.0,0.0,1.0,2.0,1.7320508075688779,6.0,4.0,1.2857142857142858,1.3801311186847078,9.0,4.0,0.7857142857142857,1.1883130530663681,11.0,4.0,0.7142857142857143,0.9371802805793976,20.0,4.0,0.5535714285714286,0.7608522221141927,31.0,4.0,0.5952380952380952,0.8231448308209021,50.0,4.0,0.0,1.0,0.0,819,0.36752136752136755,0.07448107448107448,0.38217338217338215,0.32722832722832723,0.09523809523809523,0.2600732600732601,48.207196029776675,6.882783882783883
2022-12-07,0,0,0,0,0,0,0,0,0,0,0,0,2022,12,7,2,341,49,4,0,0,0,0.9749279121818236,-0.22252093395631434,-0.4014879892059737,0.9158642882672868,-0.35460488704253595,0.9350162426854147,-2.4492935982947064e-16,1.0,1.0,1.0,4.0,0.0,2.0,0.0,0.6666666666666666,0.5773502691896247,2.0,1.0,1.2857142857142858,1.3801311186847076,9.0,4.0,0.6428571428571429,1.1507283885330306,9.0,4.0,0.7142857142857143,0.9371802805793976,20.0,4.0,0.5535714285714286,0.7608522221141927,31.0,4.0,0.5833333333333334,0.8244506507378158,49.0,4.0,-1.0,0.0,0.0,819,0.36752136752136755,0.07448107448107448,0.38217338217338215,0.32722832722832723,0.09523809523809523,0.2600732600732601,48.207196029776675,6.882783882783883
2022-12-08,0,0,0,0,0,0,0,0,0,0,0,0,2022,12,8,3,342,49,4,0,0,0,0.43388373911755823,-0.900968867902419,-0.38566340624360745,0.9226395488404875,-0.35460488704253595,0.9350162426854147,-2.4492935982947064e-16,1.0,0.0,1.0,1.0,1.0,0.0,1.0,0.3333333333333333,0.577350269189624,1.0,1.0,1.1428571428571428,1.4638501094227991,8.0,4.0,0.6428571428571429,1.1507283885330306,9.0,4.0,0.6785714285714286,0.9449111825230682,19.0,4.0,0.5357142857142857,0.7619182899231921,30.0,4.0,0.5833333333333334,0.8244506507378158,49.0,4.0,0.0,-1.0,-1.0,819,0.36752136752136755,0.07448107448107448,0.38217338217338215,0.32722832722832723,0.09523809523809523,0.2600732600732601,48.207196029776675,6.882783882783883
2022-12-09,1,0,0,0,0,0,0,0,2,0,0,1,2022,12,9,4,343,49,4,0,0,1,-0.433883739117558,-0.9009688679024191,-0.3697245428906732,0.9291414114031743,-0.35460488704253595,0.9350162426854147,-2.4492935982947064e-16,1.0,0.0,0.0,1.0,0.0,0.0,1.0,0.3333333333333333,0.577350269189624,1.0,1.0,1.2857142857142858,1.3801311186847076,9.0,4.0,0.7142857142857143,1.1387288073563864,10.0,4.0,0.6785714285714286,0.9449111825230682,19.0,4.0,0.5535714285714286,0.7608522221141927,31.0,4.0,0.5833333333333334,0.8244506507378158,49.0,4.0,1.0,1.0,0.0,819,0.36752136752136755,0.07448107448107448,0.38217338217338215,0.32722832722832723,0.09523809523809523,0.2600732600732601,48.207196029776675,6.882783882783883
2022-12-10,0,0,0,0,0,0,0,0,0,0,0,0,2022,12,10,5,344,49,4,1,0,0,-0.9749279121818236,-0.2225209339563146,-0.3536761221763721,0.935367949313148,-0.35460488704253595,0.9350162426854147,-2.4492935982947064e-16,1.0,1.0,0.0,0.0,2.0,0.0,1.0,0.3333333333333333,0.577350269189624,1.0,1.0,1.0,1.4142135623730947,7.0,4.0,0.7142857142857143,1.1387288073563864,10.0,4.0,0.6428571428571429,0.9511897312113419,18.0,4.0,0.5535714285714286,0.7608522221141927,31.0,4.0,0.5595238095238095,0.8118280795535331,47.0,4.0,-1.0,-2.0,-1.0,819,0.36752136752136755,0.07448107448107448,0.38217338217338215,0.32722832722832723,0.09523809523809523,0.2600732600732601,48.207196029776675,6.882783882783883
2022-12-11,1,0,1,0,0,3,0,1,2,1,1,1,2022,12,11,6,345,49,4,1,0,0,-0.7818314824680299,0.6234898018587334,-0.33752289959411347,0.941317317512847,-0.35460488704253595,0.9350162426854147,-2.4492935982947064e-16,1.0,0.0,1.0,0.0,4.0,0.0,1.0,0.6666666666666666,0.5773502691896247,2.0,1.0,0.5714285714285714,0.5345224838248486,4.0,1.0,0.7857142857142857,1.121713759495603,11.0,4.0,0.6428571428571429,0.9511897312113419,18.0,4.0,0.5535714285714286,0.7608522221141927,31.0,4.0,0.5714285714285714,0.8108557770787792,48.0,4.0,1.0,-3.0,0.0,819,0.36752136752136755,0.07448107448107448,0.38217338217338215,0.32722832722832723,0.09523809523809523,0.2600732600732601,48.207196029776675,6.882783882783883
2022-12-12,4,1,1,1,1,0,1,0,7,0,0,2,2022,12,12,0,346,50,4,0,1,0,0.0,1.0,-0.32126966169236515,0.9469877530760751,-0.2393156642875578,0.970941817426052,-2.4492935982947064e-16,1.0,1.0,0.0,1.0,1.0,0.0,1.0,1.6666666666666667,2.081665999466133,5.0,4.0,1.0,1.4142135623730947,7.0,4.0,1.0714285714285714,1.3847680013570571,15.0,4.0,0.75,1.1426091000668408,21.0,4.0,0.625,0.8854890790353712,35.0,4.0,0.6190476190476191,0.8904413675421909,52.0,4.0,3.0,3.0,3.0,819,0.36752136752136755,0.07448107448107448,0.38217338217338215,0.32722832722832723,0.09523809523809523,0.2600732600732601,48.207196029776675,6.882783882783883
2022-12-13,1,1,0,1,0,0,0,0,2,0,0,0,2022,12,13,1,347,50,4,0,0,0,0.7818314824680298,0.6234898018587336,-0.3049212246562894,0.9523775757303973,-0.2393156642875578,0.970941817426052,-2.4492935982947064e-16,1.0,4.0,1.0,0.0,1.0,0.0,0.0,2.0,1.7320508075688776,6.0,4.0,1.0,1.4142135623730947,7.0,4.0,1.1428571428571428,1.3506205330054128,16.0,4.0,0.7857142857142857,1.1338934190276817,22.0,4.0,0.6428571428571429,0.8827348295047499,36.0,4.0,0.6309523809523809,0.8887484350690222,53.0,4.0,-3.0,0.0,1.0,819,0.36752136752136755,0.07448107448107448,0.38217338217338215,0.32722832722832723,0.09523809523809523,0.2600732600732601,48.207196029776675,6.882783882783883
2022-12-14,1,0,0,1,0,0,0,0,3,1,1,0,2022,12,14,2,348,50,4,0,0,0,0.9749279121818236,-0.22252093395631434,-0.2884824328806098,0.9574851883550389,-0.2393156642875578,0.970941817426052,-2.4492935982947064e-16,1.0,1.0,4.0,1.0,0.0,0.0,1.0,2.0,1.7320508075688776,6.0,4.0,1.1428571428571428,1.3451854182690979,8.0,4.0,1.2142857142857142,1.3114039117603016,17.0,4.0,0.7857142857142857,1.1338934190276817,22.0,4.0,0.6607142857142857,0.8796029210395446,37.0,4.0,0.6190476190476191,0.8768063888272248,52.0,4.0,0.0,1.0,0.0,819,0.36752136752136755,0.07448107448107448,0.38217338217338215,0.32722832722832723,0.09523809523809523,0.2600732600732601,48.207196029776675,6.882783882783883
2022-12-15,1,1,0,1,0,0,0,0,2,0,0,1,2022,12,15,3,349,50,4,0,0,0,0.43388373911755823,-0.900968867902419,-0.27195815753410524,0.9623090774541487,-0.2393156642875578,0.970941817426052,-2.4492935982947064e-16,1.0,1.0,1.0,4.0,0.0,1.0,0.0,1.0,0.0,3.0,1.0,1.2857142857142858,1.2535663410560167,9.0,4.0,1.2142857142857142,1.3114039117603016,17.0,4.0,0.8214285714285714,1.1239339452243238,23.0,4.0,0.6785714285714286,0.8760893034003259,38.0,4.0,0.6309523809523809,0.8750870786930106,53.0,4.0,0.0,1.0,1.0,819,0.36752136752136755,0.07448107448107448,0.38217338217338215,0.32722832722832723,0.09523809523809523,0.2600732600732601,48.207196029776675,6.882783882783883
2022-12-16,1,1,0,1,0,0,0,0,3,0,0,1,2022,12,16,4,350,50,4,0,0,1,-0.433883739117558,-0.9009688679024191,-0.2553532951161881,0.9668478136052773,-0.2393156642875578,0.970941817426052,-2.4492935982947064e-16,1.0,1.0,1.0,1.0,1.0,0.0,1.0,1.0,0.0,3.0,1.0,1.2857142857142858,1.2535663410560167,9.0,4.0,1.2857142857142858,1.2666473875533022,18.0,4.0,0.8214285714285714,1.1239339452243238,23.0,4.0,0.6964285714285714,0.8721893634494096,39.0,4.0,0.5952380952380952,0.7933313566365784,50.0,4.0,0.0,0.0,0.0,819,0.36752136752136755,0.07448107448107448,0.38217338217338215,0.32722832722832723,0.09523809523809523,0.2600732600732601,48.207196029776675,6.882783882783883
2022-12-17,0,0,0,0,0,0,0,0,0,0,0,0,2022,12,17,5,351,50,4,1,0,0,-0.9749279121818236,-0.2225209339563146,-0.23867276600594997,0.9711000518829505,-0.2393156642875578,0.970941817426052,-2.4492935982947064e-16,1.0,1.0,1.0,1.0,0.0,2.0,0.0,0.6666666666666666,0.5773502691896243,2.0,1.0,1.2857142857142858,1.2535663410560167,9.0,4.0,1.1428571428571428,1.2924123453177285,16.0,4.0,0.8214285714285714,1.1239339452243238,23.0,4.0,0.6785714285714286,0.8760893034003259,38.0,4.0,0.5714285714285714,0.7805730716196232,48.0,4.0,-1.0,0.0,0.0,819,0.36752136752136755,0.07448107448107448,0.38217338217338215,0.32722832722832723,0.09523809523809523,0.2600732600732601,48.207196029776675,6.882783882783883
2022-12-18,2,0,1,0,0,0,0,0,4,0,0,0,2022,12,18,6,352,50,4,1,0,0,-0.7818314824680299,0.6234898018587334,-0.22192151300416674,0.9750645322571945,-0.2393156642875578,0.970941817426052,-2.4492935982947064e-16,1.0,0.0,1.0,1.0,1.0,4.0,2.0,1.0,0.9999999999999996,3.0,2.0,1.4285714285714286,1.2724180205607025,10.0,4.0,1.0,1.0377490433255425,14.0,4.0,0.8214285714285714,1.1239339452243238,23.0,4.0,0.7142857142857143,0.8886002417343754,40.0,4.0,0.5952380952380952,0.7933313566365784,50.0,4.0,2.0,1.0,0.0,819,0.36752136752136755,0.07448107448107448,0.38217338217338215,0.32722832722832723,0.09523809523809523,0.2600732600732601,48.207196029776675,6.882783882783883
2022-12-19,0,0,0,0,0,0,0,0,0,0,0,0,2022,12,19,0,353,51,4,0,1,0,0.0,1.0,-0.20510449986861926,0.9787400799669153,-0.12053668025532363,0.992708874098054,-2.4492935982947064e-16,1.0,2.0,0.0,1.0,4.0,1.0,0.0,0.6666666666666666,1.1547005383792508,2.0,2.0,0.8571428571428571,0.6900655593423534,6.0,2.0,0.9285714285714286,1.071611705960536,13.0,4.0,0.8214285714285714,1.1239339452243238,23.0,4.0,0.7142857142857143,0.8886002417343754,40.0,4.0,0.5952380952380952,0.7933313566365784,50.0,4.0,-2.0,-4.0,0.0,819,0.36752136752136755,0.07448107448107448,0.38217338217338215,0.32722832722832723,0.09523809523809523,0.2600732600732601,48.207196029776675,6.882783882783883
2022-12-20,1,0,0,0,0,0,0,0,2,0,0,0,2022,12,20,1,354,51,4,0,0,0,0.7818314824680298,0.6234898018587336,-0.1882267098432439,0.9821256058680006,-0.12053668025532363,0.992708874098054,-2.4492935982947064e-16,1.0,0.0,2.0,0.0,1.0,1.0,0.0,1.0,0.9999999999999996,3.0,2.0,0.8571428571428571,0.6900655593423534,6.0,2.0,0.9285714285714286,1.071611705960536,13.0,4.0,0.8571428571428571,1.1126972805283737,24.0,4.0,0.7321428571428571,0.8840212138254983,41.0,4.0,0.6071428571428571,0.791793102202433,51.0,4.0,1.0,0.0,1.0,819,0.36752136752136755,0.07448107448107448,0.38217338217338215,0.32722832722832723,0.09523809523809523,0.2600732600732601,48.207196029776675,6.882783882783883
2022-12-21,1,0,0,0,0,1,0,1,3,0,0,0,2022,12,21,2,355,51,4,0,0,0,0.9749279121818236,-0.22252093395631434,-0.1712931441814778,0.9852201067560606,-0.12053668025532363,0.992708874098054,-2.4492935982947064e-16,1.0,1.0,0.0,2.0,1.0,0.0,2.0,0.6666666666666666,0.5773502691896242,2.0,1.0,0.8571428571428571,0.6900655593423534,6.0,2.0,1.0,1.0377490433255425,14.0,4.0,0.8214285714285714,1.090483121902141,23.0,4.0,0.7321428571428571,0.8840212138254983,41.0,4.0,0.6190476190476191,0.790070332461121,52.0,4.0,0.0,0.0,-1.0,819,0.36752136752136755,0.07448107448107448,0.38217338217338215,0.32722832722832723,0.09523809523809523,0.2600732600732601,48.207196029776675,6.882783882783883
2022-12-22,1,0,0,1,0,0,0,0,2,0,0,0,2022,12,22,3,356,51,4,0,0,0,0.43388373911755823,-0.900968867902419,-0.154308820664281,0.9880226656636976,-0.12053668025532363,0.992708874098054,-2.4492935982947064e-16,1.0,1.0,1.0,0.0,1.0,0.0,0.0,1.0,0.0,3.0,1.0,0.8571428571428571,0.6900655593423534,6.0,2.0,1.0714285714285714,0.9972489631508754,15.0,4.0,0.8571428571428571,1.0788981249502494,24.0,4.0,0.75,0.8790490729915329,42.0,4.0,0.6190476190476191,0.790070332461121,52.0,4.0,0.0,0.0,1.0,819,0.36752136752136755,0.07448107448107448,0.38217338217338215,0.32722832722832723,0.09523809523809523,0.2600732600732601,48.207196029776675,6.882783882783883
2022-12-23,0,0,0,0,0,0,0,0,0,0,0,0,2022,12,23,4,357,51,4,0,0,1,-0.433883739117558,-0.9009688679024191,-0.13727877211326517,0.9905324521322227,-0.12053668025532363,0.992708874098054,-2.4492935982947064e-16,1.0,1.0,1.0,1.0,1.0,1.0,0.0,0.6666666666666666,0.5773502691896242,2.0,1.0,0.7142857142857143,0.755928946018454,5.0,2.0,1.0,1.0377490433255425,14.0,4.0,0.8571428571428571,1.0788981249502494,24.0,4.0,0.7321428571428571,0.8840212138254983,41.0,4.0,0.6190476190476191,0.790070332461121,52.0,4.0,-1.0,-1.0,0.0,819,0.36752136752136755,0.07448107448107448,0.38217338217338215,0.32722832722832723,0.09523809523809523,0.2600732600732601,48.207196029776675,6.882783882783883
2022-12-24,1,1,0,0,0,0,0,0,2,0,1,0,2022,12,24,5,358,51,4,1,0,0,-0.9749279121818236,-0.2225209339563146,-0.12020804489935275,0.9927487224577402,-0.12053668025532363,0.992708874098054,-2.4492935982947064e-16,1.0,0.0,1.0,1.0,0.0,0.0,0.0,0.6666666666666666,0.5773502691896242,2.0,1.0,0.8571428571428571,0.6900655593423534,6.0,2.0,1.0714285714285714,0.9972489631508754,15.0,4.0,0.8928571428571429,1.0659471779799348,25.0,4.0,0.7321428571428571,0.8840212138254983,41.0,4.0,0.6190476190476191,0.790070332461121,52.0,4.0,1.0,1.0,1.0,819,0.36752136752136755,0.07448107448107448,0.38217338217338215,0.32722832722832723,0.09523809523809523,0.2600732600732601,48.207196029776675,6.882783882783883
2022-12-25,0,0,0,0,0,0,0,0,0,0,0,0,2022,12,25,6,359,51,4,1,0,0,-0.7818314824680299,0.6234898018587334,-0.10310169744743544,0.9946708199115211,-0.12053668025532363,0.992708874098054,-2.4492935982947064e-16,1.0,1.0,0.0,1.0,2.0,1.0,0.0,0.3333333333333333,0.5773502691896235,1.0,1.0,0.5714285714285714,0.5345224838248482,4.0,1.0,1.0,1.0377490433255425,14.0,4.0,0.8928571428571429,1.0659471779799348,25.0,4.0,0.7321428571428571,0.8840212138254983,41.0,4.0,0.6071428571428571,0.791793102202433,51.0,4.0,-1.0,-2.0,0.0,819,0.36752136752136755,0.07448107448107448,0.38217338217338215,0.32722832722832723,0.09523809523809523,0.2600732600732601,48.207196029776675,6.882783882783883
2022-12-26,0,0,0,0,0,0,0,0,0,0,0,0,2022,12,26,0,360,52,4,0,1,0,0.0,1.0,-0.0859647987374467,0.9962981749346077,6.432490598706546e-16,1.0,-2.4492935982947064e-16,1.0,0.0,1.0,0.0,0.0,4.0,0.0,0.3333333333333333,0.5773502691896235,1.0,1.0,0.5714285714285714,0.5345224838248482,4.0,1.0,0.7142857142857143,0.6112498455021281,10.0,2.0,0.8928571428571429,1.0659471779799348,25.0,4.0,0.7142857142857143,0.8886002417343754,40.0,4.0,0.6071428571428571,0.791793102202433,51.0,4.0,0.0,0.0,0.0,819,0.36752136752136755,0.07448107448107448,0.38217338217338215,0.32722832722832723,0.09523809523809523,0.2600732600732601,48.207196029776675,6.882783882783883
2022-12-27,0,0,0,0,0,0,0,0,0,0,0,0,2022,12,27,1,361,52,4,0,0,0,0.7818314824680298,0.6234898018587336,-0.06880242680232064,0.9976303053065857,6.432490598706546e-16,1.0,-2.4492935982947064e-16,1.0,0.0,0.0,1.0,1.0,1.0,0.0,0.0,0.0,0.0,0.0,0.42857142857142855,0.5345224838248486,3.0,1.0,0.6428571428571429,0.6333236937766525,9.0,2.0,0.8928571428571429,1.0659471779799348,25.0,4.0,0.7142857142857143,0.8886002417343754,40.0,4.0,0.5952380952380952,0.7933313566365784,50.0,4.0,0.0,-1.0,0.0,819,0.36752136752136755,0.07448107448107448,0.38217338217338215,0.32722832722832723,0.09523809523809523,0.2600732600732601,48.207196029776675,6.882783882783883
2022-12-28,1,0,1,0,0,0,0,0,2,0,0,1,2022,12,28,2,362,52,4,0,0,0,0.9749279121818236,-0.22252093395631434,-0.05161966722325418,0.9986668162884759,6.432490598706546e-16,1.0,-2.4492935982947064e-16,1.0,0.0,0.0,0.0,1.0,1.0,0.0,0.3333333333333333,0.5773502691896235,1.0,1.0,0.42857142857142855,0.5345224838248486,3.0,1.0,0.6428571428571429,0.6333236937766525,9.0,2.0,0.9285714285714286,1.0515798142890087,26.0,4.0,0.7142857142857143,0.8886002417343754,40.0,4.0,0.5952380952380952,0.7933313566365784,50.0,4.0,1.0,0.0,1.0,819,0.36752136752136755,0.07448107448107448,0.38217338217338215,0.32722832722832723,0.09523809523809523,0.2600732600732601,48.207196029776675,6.882783882783883
2022-12-29,2,2,0,2,0,0,0,0,7,2,2,2,2022,12,29,3,363,52,4,0,0,0,0.43388373911755823,-0.900968867902419,-0.034421611622745804,0.9994074007397048,6.432490598706546e-16,1.0,-2.4492935982947064e-16,1.0,1.0,0.0,0.0,1.0,1.0,1.0,1.0,0.9999999999999996,3.0,2.0,0.5714285714285714,0.7867957924694428,4.0,2.0,0.7142857142857143,0.7262730392025643,10.0,2.0,0.9642857142857143,1.0708993401928106,27.0,4.0,0.75,0.8994948077064758,42.0,4.0,0.6190476190476191,0.8051754565170222,52.0,4.0,1.0,1.0,1.0,819,0.36752136752136755,0.07448107448107448,0.38217338217338215,0.32722832722832723,0.09523809523809523,0.2600732600732601,48.207196029776675,6.882783882783883
2022-12-30,5,1,0,1,0,1,0,1,10,1,1,2,2022,12,30,4,364,52,4,0,0,1,-0.433883739117558,-0.9009688679024191,-0.01721335615583528,0.9998518392091162,6.432490598706546e-16,1.0,-2.4492935982947064e-16,1.0,2.0,1.0,0.0,0.0,1.0,0.0,2.6666666666666665,2.0816659994661335,8.0,5.0,1.2857142857142858,1.799470821684874,9.0,5.0,1.0,1.3587324409735155,14.0,5.0,1.1428571428571428,1.2971274735120226,32.0,5.0,0.8392857142857143,1.0579016230991636,47.0,5.0,0.6785714285714286,0.9334572903506501,57.0,5.0,3.0,5.0,5.0,819,0.36752136752136755,0.07448107448107448,0.38217338217338215,0.32722832722832723,0.09523809523809523,0.2600732600732601,48.207196029776675,6.882783882783883
2022-12-31,0,0,0,0,0,0,0,0,0,0,0,0,2022,12,31,5,365,52,4,1,0,0,-0.9749279121818236,-0.2225209339563146,6.432490598706546e-16,1.0,6.432490598706546e-16,1.0,-2.4492935982947064e-16,1.0,5.0,2.0,1.0,1.0,0.0,2.0,2.3333333333333335,2.5166114784235836,7.0,5.0,1.1428571428571428,1.8644544714716085,8.0,5.0,1.0,1.3587324409735155,14.0,5.0,1.0714285714285714,1.3032316365146677,30.0,5.0,0.8214285714285714,1.0635642111169554,46.0,5.0,0.6666666666666666,0.935682642797294,56.0,5.0,-5.0,-1.0,-2.0,819,0.36752136752136755,0.07448107448107448,0.38217338217338215,0.32722832722832723,0.09523809523809523,0.2600732600732601,48.207196029776675,6.882783882783883
2023-01-01,0,0,0,0,0,0,0,0,0,0,0,0,2023,1,1,6,1,52,1,1,0,0,-0.7818314824680299,0.6234898018587334,0.017213356155834685,0.9998518392091162,6.432490598706546e-16,1.0,0.49999999999999994,0.8660254037844387,0.0,5.0,2.0,0.0,2.0,4.0,1.6666666666666667,2.886751345948129,5.0,5.0,1.1428571428571428,1.8644544714716085,8.0,5.0,0.8571428571428571,1.350620533005413,12.0,5.0,0.9285714285714286,1.1841099620036994,26.0,5.0,0.8035714285714286,1.0688931038847937,45.0,5.0,0.6547619047619048,0.9377497754853553,55.0,5.0,0.0,0.0,-4.0,819,0.36752136752136755,0.07448107448107448,0.38217338217338215,0.32722832722832723,0.09523809523809523,0.2600732600732601,48.207196029776675,6.882783882783883
2023-01-02,3,3,0,3,0,4,0,2,6,1,1,2,2023,1,2,0,2,1,1,0,1,0,0.0,1.0,0.03442161162274574,0.9994074007397048,0.12053668025532305,0.992708874098054,0.49999999999999994,0.8660254037844387,0.0,0.0,5.0,0.0,0.0,1.0,1.0,1.7320508075688779,3.0,3.0,1.5714285714285714,1.902379462422683,11.0,5.0,1.0714285714285714,1.4392458342578494,15.0,5.0,1.0,1.2472191289246473,28.0,5.0,0.8571428571428571,1.1025354486747427,48.0,5.0,0.6904761904761905,0.9691157375047051,58.0,5.0,3.0,3.0,2.0,819,0.36752136752136755,0.07448107448107448,0.38217338217338215,0.32722832722832723,0.09523809523809523,0.2600732600732601,48.207196029776675,6.882783882783883
2023-01-03,1,0,0,1,0,0,0,0,2,0,0,0,2023,1,3,1,3,1,1,0,0,0,0.7818314824680298,0.6234898018587336,0.051619667223253764,0.998666816288476,0.12053668025532305,0.992708874098054,0.49999999999999994,0.8660254037844387,3.0,0.0,0.0,0.0,1.0,1.0,1.3333333333333333,1.5275252316519472,4.0,3.0,1.7142857142857142,1.799470821684874,12.0,5.0,1.0714285714285714,1.4392458342578494,15.0,5.0,1.0,1.2472191289246473,28.0,5.0,0.8571428571428571,1.1025354486747427,48.0,5.0,0.7023809523809523,0.9666706233721227,59.0,5.0,-2.0,1.0,0.0,819,0.36752136752136755,0.07448107448107448,0.38217338217338215,0.32722832722832723,0.09523809523809523,0.2600732600732601,48.207196029776675,6.882783882783883
2023-01-04,0,0,0,0,0,0,0,0,0,0,0,0,2023,1,4,2,4,1,1,0,0,0,0.9749279121818236,-0.22252093395631434,0.06880242680231986,0.9976303053065857,0.12053668025532305,0.992708874098054,0.49999999999999994,0.8660254037844387,1.0,3.0,0.0,1.0,1.0,0.0,1.3333333333333333,1.5275252316519472,4.0,3.0,1.5714285714285714,1.9023794624226833,11.0,5.0,1.0,1.467598771410686,14.0,5.0,1.0,1.2472191289246473,28.0,5.0,0.8571428571428571,1.1025354486747427,48.0,5.0,0.7023809523809523,0.9666706233721227,59.0,5.0,-1.0,-1.0,0.0,819,0.36752136752136755,0.07448107448107448,0.38217338217338215,0.32722832722832723,0.09523809523809523,0.2600732600732601,48.207196029776675,6.882783882783883
2023-01-05,0,0,0,0,0,0,0,0,0,0,0,0,2023,1,5,3,5,1,1,0,0,0,0.43388373911755823,-0.900968867902419,0.08596479873744647,0.9962981749346078,0.12053668025532305,0.992708874098054,0.49999999999999994,0.8660254037844387,0.0,1.0,3.0,2.0,1.0,0.0,0.3333333333333333,0.5773502691896268,1.0,1.0,1.2857142857142858,1.9760470401187071,9.0,5.0,0.9285714285714286,1.4917354742965412,13.0,5.0,1.0,1.2472191289246473,28.0,5.0,0.8392857142857143,1.108262944091678,47.0,5.0,0.6904761904761905,0.9691157375047051,58.0,5.0,0.0,-2.0,0.0,819,0.36752136752136755,0.07448107448107448,0.38217338217338215,0.32722832722832723,0.09523809523809523,0.2600732600732601,48.207196029776675,6.882783882783883
2023-01-06,3,0,1,0,0,0,0,0,6,0,0,3,2023,1,6,4,6,1,1,0,0,1,-0.433883739117558,-0.9009688679024191,0.10310169744743485,0.9946708199115211,0.12053668025532305,0.992708874098054,0.49999999999999994,0.8660254037844387,0.0,0.0,1.0,5.0,0.0,1.0,1.0,1.7320508075688776,3.0,3.0,1.0,1.4142135623730951,7.0,3.0,1.1428571428571428,1.5619092289760121,16.0,5.0,1.0714285714285714,1.3032316365146677,30.0,5.0,0.875,1.1451478665934969,49.0,5.0,0.7261904761904762,0.9982055040631359,61.0,5.0,3.0,-2.0,2.0,819,0.36752136752136755,0.07448107448107448,0.38217338217338215,0.32722832722832723,0.09523809523809523,0.2600732600732601,48.207196029776675,6.882783882783883
2023-01-07,0,0,0,0,0,0,0,0,0,0,0,0,2023,1,7,5,7,1,1,1,0,0,-0.9749279121818236,-0.2225209339563146,0.1202080448993527,0.9927487224577402,0.12053668025532305,0.992708874098054,0.49999999999999994,0.8660254037844387,3.0,0.0,0.0,0.0,1.0,0.0,1.0,1.7320508075688776,3.0,3.0,1.0,1.4142135623730951,7.0,3.0,1.0714285714285714,1.5915297775935686,15.0,5.0,1.0714285714285714,1.3032316365146677,30.0,5.0,0.8571428571428571,1.150945404732703,48.0,5.0,0.7261904761904762,0.9982055040631359,61.0,5.0,-3.0,0.0,0.0,819,0.36752136752136755,0.07448107448107448,0.38217338217338215,0.32722832722832723,0.09523809523809523,0.2600732600732601,48.207196029776675,6.882783882783883
2023-01-08,0,0,0,0,0,0,0,0,0,0,0,0,2023,1,8,6,8,1,1,1,0,0,-0.7818314824680299,0.6234898018587334,0.13727877211326478,0.9905324521322229,0.12053668025532305,0.992708874098054,0.49999999999999994,0.8660254037844387,0.0,3.0,0.0,0.0,0.0,1.0,1.0,1.7320508075688776,3.0,3.0,1.0,1.4142135623730951,7.0,3.0,1.0714285714285714,1.5915297775935686,15.0,5.0,1.0357142857142858,1.318869966834483,29.0,5.0,0.8392857142857143,1.1564331638005125,47.0,5.0,0.7142857142857143,1.0008602152128283,60.0,5.0,0.0,0.0,-1.0,819,0.36752136752136755,0.07448107448107448,0.38217338217338215,0.32722832722832723,0.09523809523809523,0.2600732600732601,48.207196029776675,6.882783882783883
2023-01-09,0,0,0,0,0,0,0,0,0,0,0,0,2023,1,9,0,9,2,1,0,1,0,0.0,1.0,0.15430882066428117,0.9880226656636976,0.23931566428755774,0.970941817426052,0.49999999999999994,0.8660254037844387,0.0,0.0,3.0,3.0,0.0,4.0,0.0,0.0,0.0,0.0,0.5714285714285714,1.133893419027682,4.0,3.0,1.0714285714285714,1.5915297775935686,15.0,5.0,0.8928571428571429,1.196887497862553,25.0,5.0,0.8214285714285714,1.1616155342240608,46.0,5.0,0.7142857142857143,1.0008602152128283,60.0,5.0,0.0,-3.0,-4.0,819,0.36752136752136755,0.07448107448107448,0.38217338217338215,0.32722832722832723,0.09523809523809523,0.2600732600732601,48.207196029776675,6.882783882783883
2023-01-10,0,0,0,0,0,0,0,0,0,0,0,0,2023,1,10,1,10,2,1,0,0,0,0.7818314824680298,0.6234898018587336,0.1712931441814776,0.9852201067560606,0.23931566428755774,0.970941817426052,0.49999999999999994,0.8660254037844387,0.0,0.0,0.0,1.0,0.0,1.0,0.0,0.0,0.0,0.0,0.42857142857142855,1.1338934190276821,3.0,3.0,1.0714285714285714,1.5915297775935686,15.0,5.0,0.8571428571428571,1.2084359562332878,24.0,5.0,0.8214285714285714,1.1616155342240608,46.0,5.0,0.7142857142857143,1.0008602152128283,60.0,5.0,0.0,-1.0,-1.0,819,0.36752136752136755,0.07448107448107448,0.38217338217338215,0.32722832722832723,0.09523809523809523,0.2600732600732601,48.207196029776675,6.882783882783883
2023-01-11,1,0,1,0,0,0,0,0,2,0,0,1,2023,1,11,2,11,2,1,0,0,0,0.9749279121818236,-0.22252093395631434,0.1882267098432442,0.9821256058680006,0.23931566428755774,0.970941817426052,0.49999999999999994,0.8660254037844387,0.0,0.0,0.0,0.0,1.0,1.0,0.3333333333333333,0.577350269189627,1.0,1.0,0.5714285714285714,1.133893419027682,4.0,3.0,1.0714285714285714,1.5915297775935686,15.0,5.0,0.8571428571428571,1.2084359562332878,24.0,5.0,0.8214285714285714,1.1616155342240608,46.0,5.0,0.7261904761904762,0.9982055040631359,61.0,5.0,1.0,1.0,0.0,819,0.36752136752136755,0.07448107448107448,0.38217338217338215,0.32722832722832723,0.09523809523809523,0.2600732600732601,48.207196029776675,6.882783882783883
2023-01-12,0,0,0,0,0,0,0,0,0,0,0,0,2023,1,12,3,12,2,1,0,0,0,0.43388373911755823,-0.900968867902419,0.2051044998686192,0.9787400799669153,0.23931566428755774,0.970941817426052,0.49999999999999994,0.8660254037844387,1.0,0.0,0.0,0.0,2.0,1.0,0.3333333333333333,0.577350269189627,1.0,1.0,0.5714285714285714,1.133893419027682,4.0,3.0,0.9285714285714286,1.5915297775935686,13.0,5.0,0.8214285714285714,1.2187902754164621,23.0,5.0,0.8214285714285714,1.1616155342240608,46.0,5.0,0.7261904761904762,0.9982055040631359,61.0,5.0,-1.0,0.0,-1.0,819,0.36752136752136755,0.07448107448107448,0.38217338217338215,0.32722832722832723,0.09523809523809523,0.2600732600732601,48.207196029776675,6.882783882783883
2023-01-13,0,0,0,0,0,0,0,0,0,0,0,0,2023,1,13,4,13,2,1,0,0,1,-0.433883739117558,-0.9009688679024191,0.2219215130041655,0.9750645322571948,0.23931566428755774,0.970941817426052,0.49999999999999994,0.8660254037844387,0.0,1.0,0.0,3.0,5.0,1.0,0.3333333333333333,0.577350269189627,1.0,1.0,0.14285714285714285,0.37796447300922914,1.0,1.0,0.5714285714285714,1.089409558803845,8.0,3.0,0.7857142857142857,1.2279806626883454,22.0,5.0,0.8035714285714286,1.16649658624202,45.0,5.0,0.7261904761904762,0.9982055040631359,61.0,5.0,0.0,-3.0,-1.0,819,0.36752136752136755,0.07448107448107448,0.38217338217338215,0.32722832722832723,0.09523809523809523,0.2600732600732601,48.207196029776675,6.882783882783883
2023-01-14,2,1,0,1,0,1,0,1,5,0,0,0,2023,1,14,5,14,2,1,1,0,0,-0.9749279121818236,-0.2225209339563146,0.2386727660059501,0.9711000518829505,0.23931566428755774,0.970941817426052,0.49999999999999994,0.8660254037844387,0.0,0.0,1.0,0.0,0.0,0.0,0.6666666666666666,1.1547005383792524,2.0,2.0,0.42857142857142855,0.7867957924694438,3.0,2.0,0.7142857142857143,1.1387288073563864,10.0,3.0,0.8571428571428571,1.238705588262011,24.0,5.0,0.8392857142857143,1.1720500410397585,47.0,5.0,0.7380952380952381,1.0074307966791232,62.0,5.0,2.0,2.0,2.0,819,0.36752136752136755,0.07448107448107448,0.38217338217338215,0.32722832722832723,0.09523809523809523,0.2600732600732601,48.207196029776675,6.882783882783883
2023-01-15,1,0,0,0,0,0,0,0,2,0,0,0,2023,1,15,6,15,2,1,1,0,0,-0.7818314824680299,0.6234898018587334,0.255353295116187,0.9668478136052775,0.23931566428755774,0.970941817426052,0.49999999999999994,0.8660254037844387,2.0,0.0,0.0,0.0,0.0,2.0,1.0,1.0000000000000009,3.0,2.0,0.5714285714285714,0.7867957924694436,4.0,2.0,0.7857142857142857,1.121713759495603,11.0,3.0,0.8214285714285714,1.2187902754164621,23.0,5.0,0.8214285714285714,1.1616155342240608,46.0,5.0,0.75,1.00450791165541,63.0,5.0,-1.0,1.0,-1.0,819,0.36752136752136755,0.07448107448107448,0.38217338217338215,0.32722832722832723,0.09523809523809523,0.2600732600732601,48.207196029776675,6.882783882783883
2023-01-16,0,0,0,0,0,0,0,0,0,0,0,0,2023,1,16,0,16,3,1,0,1,0,0.0,1.0,0.2719581575341055,0.9623090774541486,0.3546048870425356,0.9350162426854148,0.49999999999999994,0.8660254037844387,1.0,2.0,0.0,0.0,3.0,0.0,1.0,1.0000000000000009,3.0,2.0,0.5714285714285714,0.7867957924694436,4.0,2.0,0.5714285714285714,0.9376144618769917,8.0,3.0,0.8214285714285714,1.2187902754164621,23.0,5.0,0.8214285714285714,1.1616155342240608,46.0,5.0,0.75,1.00450791165541,63.0,5.0,-1.0,0.0,0.0,819,0.36752136752136755,0.07448107448107448,0.38217338217338215,0.32722832722832723,0.09523809523809523,0.2600732600732601,48.207196029776675,6.882783882783883
2023-01-17,0,0,0,0,0,0,0,0,0,0,0,0,2023,1,17,1,17,3,1,0,0,0,0.7818314824680298,0.6234898018587336,0.288482432880609,0.9574851883550393,0.3546048870425356,0.9350162426854148,0.49999999999999994,0.8660254037844387,0.0,1.0,2.0,0.0,1.0,1.0,0.3333333333333333,0.5773502691896268,1.0,1.0,0.5714285714285714,0.7867957924694436,4.0,2.0,0.5,0.9405399431259612,7.0,3.0,0.7857142857142857,1.2279806626883454,22.0,5.0,0.8214285714285714,1.1616155342240608,46.0,5.0,0.75,1.00450791165541,63.0,5.0,0.0,0.0,-1.0,819,0.36752136752136755,0.07448107448107448,0.38217338217338215,0.32722832722832723,0.09523809523809523,0.2600732600732601,48.207196029776675,6.882783882783883
2023-01-18,0,0,0,0,0,0,0,0,0,0,0,0,2023,1,18,2,18,3,1,0,0,0,0.9749279121818236,-0.22252093395631434,0.30492122465628907,0.9523775757303974,0.3546048870425356,0.9350162426854148,0.49999999999999994,0.8660254037844387,0.0,0.0,1.0,1.0,0.0,1.0,0.0,0.0,0.0,0.0,0.42857142857142855,0.7867957924694438,3.0,2.0,0.5,0.9405399431259612,7.0,3.0,0.75,1.2360330811826106,21.0,5.0,0.7857142857142857,1.1554501006382474,44.0,5.0,0.7380952380952381,1.0074307966791232,62.0,5.0,0.0,-1.0,-1.0,819,0.36752136752136755,0.07448107448107448,0.38217338217338215,0.32722832722832723,0.09523809523809523,0.2600732600732601,48.207196029776675,6.882783882783883
2023-01-19,0,0,0,0,0,0,0,0,0,0,0,0,2023,1,19,3,19,3,1,0,0,0,0.43388373911755823,-0.900968867902419,0.3212696616923644,0.9469877530760753,0.3546048870425356,0.9350162426854148,0.49999999999999994,0.8660254037844387,0.0,0.0,0.0,0.0,0.0,1.0,0.0,0.0,0.0,0.0,0.42857142857142855,0.7867957924694438,3.0,2.0,0.5,0.9405399431259612,7.0,3.0,0.7142857142857143,1.2429696476477394,20.0,5.0,0.7857142857142857,1.1554501006382474,44.0,5.0,0.7380952380952381,1.0074307966791232,62.0,5.0,0.0,0.0,-1.0,819,0.36752136752136755,0.07448107448107448,0.38217338217338215,0.32722832722832723,0.09523809523809523,0.2600732600732601,48.207196029776675,6.882783882783883
2023-01-20,0,0,0,0,0,0,0,0,0,0,0,0,2023,1,20,4,20,3,1,0,0,1,-0.433883739117558,-0.9009688679024191,0.3375228995941133,0.9413173175128471,0.3546048870425356,0.9350162426854148,0.49999999999999994,0.8660254037844387,0.0,0.0,0.0,0.0,3.0,0.0,0.0,0.0,0.0,0.0,0.42857142857142855,0.7867957924694438,3.0,2.0,0.2857142857142857,0.6112498455021281,4.0,2.0,0.7142857142857143,1.2429696476477394,20.0,5.0,0.7857142857142857,1.1554501006382474,44.0,5.0,0.7261904761904762,1.0102032537485257,61.0,5.0,0.0,0.0,0.0,819,0.36752136752136755,0.07448107448107448,0.38217338217338215,0.32722832722832723,0.09523809523809523,0.2600732600732601,48.207196029776675,6.882783882783883
2023-01-21,2,1,1,1,0,0,0,0,5,0,0,2,2023,1,21,5,21,3,1,1,0,0,-0.9749279121818236,-0.2225209339563146,0.3536761221763716,0.9353679493131483,0.3546048870425356,0.9350162426854148,0.49999999999999994,0.8660254037844387,0.0,0.0,0.0,2.0,0.0,1.0,0.6666666666666666,1.1547005383792521,2.0,2.0,0.42857142857142855,0.7867957924694438,3.0,2.0,0.42857142857142855,0.7559289460184556,6.0,2.0,0.75,1.265642861099391,21.0,5.0,0.8214285714285714,1.1616155342240608,46.0,5.0,0.7380952380952381,1.0193199672525315,62.0,5.0,2.0,0.0,1.0,819,0.36752136752136755,0.07448107448107448,0.38217338217338215,0.32722832722832723,0.09523809523809523,0.2600732600732601,48.207196029776675,6.882783882783883
2023-01-22,1,1,0,1,0,0,0,0,2,0,0,0,2023,1,22,6,22,3,1,1,0,0,-0.7818314824680299,0.6234898018587334,0.3697245428906731,0.9291414114031743,0.3546048870425356,0.9350162426854148,0.49999999999999994,0.8660254037844387,2.0,0.0,0.0,1.0,0.0,0.0,1.0,1.0000000000000007,3.0,2.0,0.42857142857142855,0.7867957924694438,3.0,2.0,0.5,0.7595545253127511,7.0,2.0,0.7857142857142857,1.2577800213115895,22.0,5.0,0.8392857142857143,1.1564331638005125,47.0,5.0,0.75,1.0164312717151525,63.0,5.0,-1.0,0.0,1.0,819,0.36752136752136755,0.07448107448107448,0.38217338217338215,0.32722832722832723,0.09523809523809523,0.2600732600732601,48.207196029776675,6.882783882783883
2023-01-23,0,0,0,0,0,0,0,0,0,0,0,0,2023,1,23,0,23,4,1,0,1,0,0.0,1.0,0.38566340624360707,0.9226395488404876,0.4647231720437685,0.8854560256532099,0.49999999999999994,0.8660254037844387,1.0,2.0,0.0,0.0,0.0,0.0,1.0,1.0000000000000007,3.0,2.0,0.42857142857142855,0.7867957924694438,3.0,2.0,0.5,0.7595545253127511,7.0,2.0,0.7857142857142857,1.2577800213115895,22.0,5.0,0.8392857142857143,1.1564331638005125,47.0,5.0,0.7380952380952381,1.0193199672525315,62.0,5.0,-1.0,0.0,0.0,819,0.36752136752136755,0.07448107448107448,0.38217338217338215,0.32722832722832723,0.09523809523809523,0.2600732600732601,48.207196029776675,6.882783882783883
2023-01-24,0,0,0,0,0,0,0,0,0,0,0,0,2023,1,24,1,24,4,1,0,0,0,0.7818314824680298,0.6234898018587336,0.401487989205973,0.9158642882672872,0.4647231720437685,0.8854560256532099,0.49999999999999994,0.8660254037844387,0.0,1.0,2.0,0.0,0.0,0.0,0.3333333333333333,0.5773502691896266,1.0,1.0,0.42857142857142855,0.7867957924694438,3.0,2.0,0.5,0.7595545253127511,7.0,2.0,0.7857142857142857,1.2577800213115895,22.0,5.0,0.8392857142857143,1.1564331638005125,47.0,5.0,0.7380952380952381,1.0193199672525315,62.0,5.0,0.0,0.0,0.0,819,0.36752136752136755,0.07448107448107448,0.38217338217338215,0.32722832722832723,0.09523809523809523,0.2600732600732601,48.207196029776675,6.882783882783883
2023-01-25,1,0,0,1,0,0,0,0,2,0,0,0,2023,1,25,2,25,4,1,0,0,0,0.9749279121818236,-0.22252093395631434,0.4171936026123168,0.9088176373395029,0.4647231720437685,0.8854560256532099,0.49999999999999994,0.8660254037844387,0.0,0.0,1.0,0.0,1.0,1.0,0.3333333333333333,0.5773502691896266,1.0,1.0,0.5714285714285714,0.7867957924694436,4.0,2.0,0.5,0.7595545253127511,7.0,2.0,0.7857142857142857,1.2577800213115895,22.0,5.0,0.8571428571428571,1.150945404732703,48.0,5.0,0.7380952380952381,1.0193199672525315,62.0,5.0,1.0,1.0,0.0,819,0.36752136752136755,0.07448107448107448,0.38217338217338215,0.32722832722832723,0.09523809523809523,0.2600732600732601,48.207196029776675,6.882783882783883
2023-01-26,2,2,0,0,0,0,0,0,4,0,0,0,2023,1,26,3,26,4,1,0,0,0,0.43388373911755823,-0.900968867902419,0.4327755925504312,0.901501684131884,0.4647231720437685,0.8854560256532099,0.49999999999999994,0.8660254037844387,1.0,0.0,0.0,0.0,0.0,2.0,1.0,1.0000000000000007,3.0,2.0,0.8571428571428571,0.8997354108424376,6.0,2.0,0.6428571428571429,0.8418973861410964,9.0,2.0,0.7857142857142857,1.2577800213115895,22.0,5.0,0.875,1.1609165657907003,49.0,5.0,0.7619047619047619,1.0252128502953843,64.0,5.0,1.0,2.0,0.0,819,0.36752136752136755,0.07448107448107448,0.38217338217338215,0.32722832722832723,0.09523809523809523,0.2600732600732601,48.207196029776675,6.882783882783883
2023-01-27,0,0,0,0,0,0,0,0,0,0,0,0,2023,1,27,4,27,4,1,0,0,1,-0.433883739117558,-0.9009688679024191,0.4482293417404106,0.893918596519257,0.4647231720437685,0.8854560256532099,0.49999999999999994,0.8660254037844387,2.0,1.0,0.0,0.0,0.0,5.0,1.0,1.0000000000000007,3.0,2.0,0.8571428571428571,0.8997354108424376,6.0,2.0,0.6428571428571429,0.8418973861410964,9.0,2.0,0.6071428571428571,0.9560445408144772,17.0,3.0,0.875,1.1609165657907003,49.0,5.0,0.7619047619047619,1.0252128502953843,64.0,5.0,-2.0,0.0,-5.0,819,0.36752136752136755,0.07448107448107448,0.38217338217338215,0.32722832722832723,0.09523809523809523,0.2600732600732601,48.207196029776675,6.882783882783883
2023-01-28,2,1,0,1,0,2,0,1,4,1,1,1,2023,1,28,5,28,4,1,1,0,0,-0.9749279121818236,-0.2225209339563146,0.4635502709028509,0.886070621534138,0.4647231720437685,0.8854560256532099,0.49999999999999994,0.8660254037844387,0.0,2.0,1.0,2.0,2.0,0.0,1.3333333333333333,1.1547005383792524,4.0,2.0,0.8571428571428571,0.8997354108424376,6.0,2.0,0.6428571428571429,0.8418973861410964,9.0,2.0,0.6785714285714286,0.9833266074561481,19.0,3.0,0.875,1.1609165657907003,49.0,5.0,0.7738095238095238,1.0337811107620634,65.0,5.0,2.0,0.0,2.0,819,0.36752136752136755,0.07448107448107448,0.38217338217338215,0.32722832722832723,0.09523809523809523,0.2600732600732601,48.207196029776675,6.882783882783883
2023-01-29,2,1,0,1,0,2,0,1,5,1,1,0,2023,1,29,6,29,4,1,1,0,0,-0.7818314824680299,0.6234898018587334,0.47873384011578846,0.8779600847008882,0.4647231720437685,0.8854560256532099,0.49999999999999994,0.8660254037844387,2.0,0.0,2.0,1.0,1.0,0.0,1.3333333333333333,1.1547005383792524,4.0,2.0,1.0,1.0,7.0,2.0,0.7142857142857143,0.9138735334633763,10.0,2.0,0.75,1.0046189622236184,21.0,3.0,0.8392857142857143,1.091733995478348,47.0,5.0,0.7857142857142857,1.0421413146946337,66.0,5.0,0.0,1.0,2.0,819,0.36752136752136755,0.07448107448107448,0.38217338217338215,0.32722832722832723,0.09523809523809523,0.2600732600732601,48.207196029776675,6.882783882783883
2023-01-30,1,0,0,0,0,1,0,1,2,0,0,0,2023,1,30,0,30,5,1,0,1,0,0.0,1.0,0.49377555015997715,0.869589389346611,0.5680647467311558,0.8229838658936564,0.49999999999999994,0.8660254037844387,2.0,2.0,0.0,0.0,0.0,3.0,1.6666666666666667,0.5773502691896274,5.0,2.0,1.1428571428571428,0.8997354108424375,8.0,2.0,0.7857142857142857,0.8925823753039818,11.0,2.0,0.6785714285714286,0.9048663264720758,19.0,3.0,0.8392857142857143,1.091733995478348,47.0,5.0,0.7976190476190477,1.0387638843084892,67.0,5.0,-1.0,1.0,-2.0,819,0.36752136752136755,0.07448107448107448,0.38217338217338215,0.32722832722832723,0.09523809523809523,0.2600732600732601,48.207196029776675,6.882783882783883
2023-01-31,0,0,0,0,0,0,0,0,0,0,0,0,2023,1,31,1,31,5,1,0,0,0,0.7818314824680298,0.6234898018587336,0.5086709438521044,0.8609610158889943,0.5680647467311558,0.8229838658936564,0.49999999999999994,0.8660254037844387,1.0,2.0,2.0,0.0,0.0,1.0,1.0,1.0000000000000007,3.0,2.0,1.1428571428571428,0.8997354108424375,8.0,2.0,0.7857142857142857,0.8925823753039818,11.0,2.0,0.6428571428571429,0.9114207758701965,18.0,3.0,0.8214285714285714,1.0972219938991858,46.0,5.0,0.7857142857142857,1.0421413146946337,66.0,5.0,-1.0,0.0,-1.0,819,0.36752136752136755,0.07448107448107448,0.38217338217338215,0.32722832722832723,0.09523809523809523,0.2600732600732601,48.207196029776675,6.882783882783883
2023-02-01,0,0,0,0,0,0,0,0,0,0,0,0,2023,2,1,2,32,5,1,0,0,0,0.9749279121818236,-0.22252093395631434,0.5234156073655503,0.8520775211013093,0.5680647467311558,0.8229838658936564,0.8660254037844386,0.5000000000000001,0.0,1.0,2.0,1.0,0.0,0.0,0.3333333333333333,0.5773502691896265,1.0,1.0,1.0,1.0,7.0,2.0,0.7857142857142857,0.8925823753039818,11.0,2.0,0.6428571428571429,0.9114207758701965,18.0,3.0,0.8214285714285714,1.0972219938991858,46.0,5.0,0.7857142857142857,1.0421413146946337,66.0,5.0,0.0,-1.0,0.0,819,0.36752136752136755,0.07448107448107448,0.38217338217338215,0.32722832722832723,0.09523809523809523,0.2600732600732601,48.207196029776675,6.882783882783883
2023-02-02,0,0,0,0,0,0,0,0,0,0,0,0,2023,2,2,3,33,5,1,0,0,0,0.43388373911755823,-0.900968867902419,0.5380051715382996,0.8429415373547828,0.5680647467311558,0.8229838658936564,0.8660254037844386,0.5000000000000001,0.0,0.0,1.0,2.0,0.0,0.0,0.0,0.0,0.0,0.0,0.7142857142857143,0.9511897312113421,5.0,2.0,0.7857142857142857,0.8925823753039818,11.0,2.0,0.6428571428571429,0.9114207758701965,18.0,3.0,0.8214285714285714,1.0972219938991858,46.0,5.0,0.7738095238095238,1.0453706378651613,65.0,5.0,0.0,-2.0,0.0,819,0.36752136752136755,0.07448107448107448,0.38217338217338215,0.32722832722832723,0.09523809523809523,0.2600732600732601,48.207196029776675,6.882783882783883
2023-02-03,0,0,0,0,0,0,0,0,0,0,0,0,2023,2,3,4,34,5,1,0,0,1,-0.433883739117558,-0.9009688679024191,0.5524353131676196,0.8335557718385699,0.5680647467311558,0.8229838658936564,0.8660254037844386,0.5000000000000001,0.0,0.0,0.0,0.0,0.0,3.0,0.0,0.0,0.0,0.0,0.7142857142857143,0.9511897312113421,5.0,2.0,0.7857142857142857,0.8925823753039818,11.0,2.0,0.5357142857142857,0.792658109342785,15.0,2.0,0.8035714285714286,1.1023881985306905,45.0,5.0,0.7619047619047619,1.0484532223686107,64.0,5.0,0.0,0.0,-3.0,819,0.36752136752136755,0.07448107448107448,0.38217338217338215,0.32722832722832723,0.09523809523809523,0.2600732600732601,48.207196029776675,6.882783882783883
2023-02-04,0,0,0,0,0,0,0,0,0,0,0,0,2023,2,4,5,35,5,1,1,0,0,-0.9749279121818236,-0.2225209339563146,0.5667017562911176,0.8239230057575542,0.5680647467311558,0.8229838658936564,0.8660254037844386,0.5000000000000001,0.0,0.0,0.0,2.0,2.0,0.0,0.0,0.0,0.0,0.0,0.42857142857142855,0.7867957924694436,3.0,2.0,0.6428571428571429,0.8418973861410964,9.0,2.0,0.5357142857142857,0.792658109342785,15.0,2.0,0.8035714285714286,1.1023881985306905,45.0,5.0,0.75,1.0513903588805578,63.0,5.0,0.0,-2.0,0.0,819,0.36752136752136755,0.07448107448107448,0.38217338217338215,0.32722832722832723,0.09523809523809523,0.2600732600732601,48.207196029776675,6.882783882783883
2023-02-05,0,0,0,0,0,0,0,0,0,0,0,0,2023,2,5,6,36,5,1,1,0,0,-0.7818314824680299,0.6234898018587334,0.5808002734538009,0.8140460935082178,0.5680647467311558,0.8229838658936564,0.8660254037844386,0.5000000000000001,0.0,0.0,0.0,2.0,1.0,0.0,0.0,0.0,0.0,0.0,0.14285714285714285,0.37796447300922875,1.0,1.0,0.5714285714285714,0.851630627252641,8.0,2.0,0.5357142857142857,0.792658109342785,15.0,2.0,0.7857142857142857,1.1072371137087245,44.0,5.0,0.7380952380952381,1.0541832631313248,62.0,5.0,0.0,-2.0,0.0,819,0.36752136752136755,0.07448107448107448,0.38217338217338215,0.32722832722832723,0.09523809523809523,0.2600732600732601,48.207196029776675,6.882783882783883
2023-02-06,0,0,0,0,0,0,0,0,0,0,0,0,2023,2,6,0,37,6,1,0,1,0,0.0,1.0,0.5947266869607634,0.8039279618328213,0.6631226582407952,0.7485107481711011,0.8660254037844386,0.5000000000000001,0.0,0.0,0.0,1.0,0.0,0.0,0.0,0.0,0.0,0.0,0.0,0.0,0.0,0.0,0.5714285714285714,0.851630627252641,8.0,2.0,0.5357142857142857,0.792658109342785,15.0,2.0,0.7142857142857143,1.0218394414759322,40.0,5.0,0.7261904761904762,1.0568330786140179,61.0,5.0,0.0,-1.0,0.0,819,0.36752136752136755,0.07448107448107448,0.38217338217338215,0.32722832722832723,0.09523809523809523,0.2600732600732601,48.207196029776675,6.882783882783883
2023-02-07,0,0,0,0,0,0,0,0,0,0,0,0,2023,2,7,1,38,6,1,0,0,0,0.7818314824680298,0.6234898018587336,0.6084768701151261,0.7935716089521474,0.6631226582407952,0.7485107481711011,0.8660254037844386,0.5000000000000001,0.0,0.0,0.0,0.0,0.0,0.0,0.0,0.0,0.0,0.0,0.0,0.0,0.0,0.0,0.5714285714285714,0.851630627252641,8.0,2.0,0.5357142857142857,0.792658109342785,15.0,2.0,0.6964285714285714,1.0254868973435876,39.0,5.0,0.7261904761904762,1.0568330786140179,61.0,5.0,0.0,0.0,0.0,819,0.36752136752136755,0.07448107448107448,0.38217338217338215,0.32722832722832723,0.09523809523809523,0.2600732600732601,48.207196029776675,6.882783882783883
2023-02-08,1,0,0,0,0,0,0,0,2,1,1,0,2023,2,8,2,39,6,1,0,0,0,0.9749279121818236,-0.22252093395631434,0.6220467484408675,0.7829801036770629,0.6631226582407952,0.7485107481711011,0.8660254037844386,0.5000000000000001,0.0,0.0,0.0,0.0,1.0,1.0,0.3333333333333333,0.5773502691896265,1.0,1.0,0.14285714285714285,0.37796447300922875,1.0,1.0,0.5714285714285714,0.851630627252641,8.0,2.0,0.5357142857142857,0.792658109342785,15.0,2.0,0.6964285714285714,1.0254868973435876,39.0,5.0,0.7261904761904762,1.0568330786140179,61.0,5.0,1.0,1.0,0.0,819,0.36752136752136755,0.07448107448107448,0.38217338217338215,0.32722832722832723,0.09523809523809523,0.2600732600732601,48.207196029776675,6.882783882783883
2023-02-09,1,0,0,0,0,0,0,0,2,0,0,0,2023,2,9,3,40,6,1,0,0,0,0.43388373911755823,-0.900968867902419,0.6354323008901774,0.7721565844991642,0.6631226582407952,0.7485107481711011,0.8660254037844386,0.5000000000000001,1.0,0.0,0.0,0.0,2.0,0.0,0.6666666666666666,0.5773502691896266,2.0,1.0,0.2857142857142857,0.4879500364742676,2.0,1.0,0.5,0.7595545253127511,7.0,2.0,0.5714285714285714,0.7901510136288028,16.0,2.0,0.6964285714285714,1.0254868973435876,39.0,5.0,0.7380952380952381,1.0541832631313248,62.0,5.0,0.0,1.0,1.0,819,0.36752136752136755,0.07448107448107448,0.38217338217338215,0.32722832722832723,0.09523809523809523,0.2600732600732601,48.207196029776675,6.882783882783883
2023-02-10,0,0,0,0,0,0,0,0,0,0,0,0,2023,2,10,4,41,6,1,0,0,1,-0.433883739117558,-0.9009688679024191,0.6486295610349814,0.7611042586607747,0.6631226582407952,0.7485107481711011,0.8660254037844386,0.5000000000000001,1.0,1.0,0.0,0.0,0.0,0.0,0.6666666666666666,0.5773502691896266,2.0,1.0,0.2857142857142857,0.4879500364742676,2.0,1.0,0.5,0.7595545253127511,7.0,2.0,0.5714285714285714,0.7901510136288028,16.0,2.0,0.6785714285714286,1.0288058895834336,38.0,5.0,0.7261904761904762,1.0568330786140179,61.0,5.0,-1.0,0.0,0.0,819,0.36752136752136755,0.07448107448107448,0.38217338217338215,0.32722832722832723,0.09523809523809523,0.2600732600732601,48.207196029776675,6.882783882783883
2023-02-11,0,0,0,0,0,0,0,0,0,0,0,0,2023,2,11,5,42,6,1,1,0,0,-0.9749279121818236,-0.2225209339563146,0.6616346182422783,0.7498264012045686,0.6631226582407952,0.7485107481711011,0.8660254037844386,0.5000000000000001,0.0,1.0,1.0,0.0,2.0,2.0,0.3333333333333333,0.5773502691896265,1.0,1.0,0.2857142857142857,0.4879500364742676,2.0,1.0,0.35714285714285715,0.6333236937766523,5.0,2.0,0.5,0.74535599249993,14.0,2.0,0.6785714285714286,1.0288058895834336,38.0,5.0,0.7261904761904762,1.0568330786140179,61.0,5.0,0.0,0.0,-2.0,819,0.36752136752136755,0.07448107448107448,0.38217338217338215,0.32722832722832723,0.09523809523809523,0.2600732600732601,48.207196029776675,6.882783882783883
2023-02-12,0,0,0,0,0,0,0,0,0,0,0,0,2023,2,12,6,43,6,1,1,0,0,-0.7818314824680299,0.6234898018587334,0.6744436188329455,0.7383263540031065,0.6631226582407952,0.7485107481711011,0.8660254037844386,0.5000000000000001,0.0,0.0,1.0,0.0,2.0,1.0,0.0,0.0,0.0,0.0,0.2857142857142857,0.4879500364742676,2.0,1.0,0.21428571428571427,0.4258153136263223,3.0,1.0,0.4642857142857143,0.7444681351359534,13.0,2.0,0.6428571428571429,1.0167429536349073,36.0,5.0,0.7023809523809523,1.050298430392919,59.0,5.0,0.0,0.0,-1.0,819,0.36752136752136755,0.07448107448107448,0.38217338217338215,0.32722832722832723,0.09523809523809523,0.2600732600732601,48.207196029776675,6.882783882783883
2023-02-13,0,0,0,0,0,0,0,0,0,0,0,0,2023,2,13,0,44,7,1,0,1,0,0.0,1.0,0.6870527672236669,0.7266075247685656,0.7485107481711011,0.6631226582407953,0.8660254037844386,0.5000000000000001,0.0,0.0,0.0,0.0,1.0,0.0,0.0,0.0,0.0,0.0,0.2857142857142857,0.4879500364742676,2.0,1.0,0.14285714285714285,0.36313651960128407,2.0,1.0,0.4642857142857143,0.7444681351359534,13.0,2.0,0.6428571428571429,1.0167429536349073,36.0,5.0,0.7023809523809523,1.050298430392919,59.0,5.0,0.0,0.0,0.0,819,0.36752136752136755,0.07448107448107448,0.38217338217338215,0.32722832722832723,0.09523809523809523,0.2600732600732601,48.207196029776675,6.882783882783883
2023-02-14,0,0,0,0,0,0,0,0,0,0,0,0,2023,2,14,1,45,7,1,0,0,0,0.7818314824680298,0.6234898018587336,0.699458327051647,0.7146733860429609,0.7485107481711011,0.6631226582407953,0.8660254037844386,0.5000000000000001,0.0,0.0,0.0,0.0,0.0,0.0,0.0,0.0,0.0,0.0,0.2857142857142857,0.4879500364742676,2.0,1.0,0.14285714285714285,0.36313651960128407,2.0,1.0,0.4642857142857143,0.7444681351359534,13.0,2.0,0.625,1.0191351056834246,35.0,5.0,0.7023809523809523,1.050298430392919,59.0,5.0,0.0,0.0,0.0,819,0.36752136752136755,0.07448107448107448,0.38217338217338215,0.32722832722832723,0.09523809523809523,0.2600732600732601,48.207196029776675,6.882783882783883
2023-02-15,1,0,0,0,0,0,0,0,2,0,0,0,2023,2,15,2,46,7,1,0,0,0,0.9749279121818236,-0.22252093395631434,0.7116566222817746,0.7025274741691571,0.7485107481711011,0.6631226582407953,0.8660254037844386,0.5000000000000001,0.0,0.0,0.0,1.0,0.0,0.0,0.3333333333333333,0.5773502691896265,1.0,1.0,0.2857142857142857,0.4879500364742676,2.0,1.0,0.21428571428571427,0.4258153136263223,3.0,1.0,0.5,0.74535599249993,14.0,2.0,0.625,1.0191351056834246,35.0,5.0,0.6904761904761905,1.041039685090007,58.0,5.0,1.0,0.0,1.0,819,0.36752136752136755,0.07448107448107448,0.38217338217338215,0.32722832722832723,0.09523809523809523,0.2600732600732601,48.207196029776675,6.882783882783883
2023-02-16,0,0,0,0,0,0,0,0,0,0,0,0,2023,2,16,3,47,7,1,0,0,0,0.43388373911755823,-0.900968867902419,0.7236440382959124,0.6901733882429719,0.7485107481711011,0.6631226582407953,0.8660254037844386,0.5000000000000001,1.0,0.0,0.0,1.0,0.0,0.0,0.3333333333333333,0.5773502691896265,1.0,1.0,0.14285714285714285,0.37796447300922875,1.0,1.0,0.21428571428571427,0.4258153136263223,3.0,1.0,0.5,0.74535599249993,14.0,2.0,0.6071428571428571,1.021203771466373,34.0,5.0,0.6904761904761905,1.041039685090007,58.0,5.0,-1.0,-1.0,0.0,819,0.36752136752136755,0.07448107448107448,0.38217338217338215,0.32722832722832723,0.09523809523809523,0.2600732600732601,48.207196029776675,6.882783882783883
2023-02-17,0,0,0,0,0,0,0,0,0,0,0,0,2023,2,17,4,48,7,1,0,0,1,-0.433883739117558,-0.9009688679024191,0.7354170229639855,0.6776147890466889,0.7485107481711011,0.6631226582407953,0.8660254037844386,0.5000000000000001,0.0,1.0,0.0,0.0,0.0,0.0,0.3333333333333333,0.5773502691896265,1.0,1.0,0.14285714285714285,0.37796447300922875,1.0,1.0,0.21428571428571427,0.4258153136263223,3.0,1.0,0.5,0.74535599249993,14.0,2.0,0.6071428571428571,1.021203771466373,34.0,5.0,0.6904761904761905,1.041039685090007,58.0,5.0,0.0,0.0,0.0,819,0.36752136752136755,0.07448107448107448,0.38217338217338215,0.32722832722832723,0.09523809523809523,0.2600732600732601,48.207196029776675,6.882783882783883
2023-02-18,3,0,0,0,0,0,0,0,5,0,0,0,2023,2,18,5,49,7,1,1,0,0,-0.9749279121818236,-0.2225209339563146,0.7469720876965552,0.6648553979642865,0.7485107481711011,0.6631226582407953,0.8660254037844386,0.5000000000000001,0.0,0.0,1.0,0.0,0.0,2.0,1.0,1.7320508075688776,3.0,3.0,0.5714285714285714,1.133893419027682,4.0,3.0,0.42857142857142855,0.8516306272526412,6.0,3.0,0.5357142857142857,0.8380817098475258,15.0,3.0,0.6428571428571429,1.069044967649698,36.0,5.0,0.7261904761904762,1.0681725242651356,61.0,5.0,3.0,3.0,1.0,819,0.36752136752136755,0.07448107448107448,0.38217338217338215,0.32722832722832723,0.09523809523809523,0.2600732600732601,48.207196029776675,6.882783882783883
2023-02-19,1,1,0,1,0,0,0,0,2,0,0,0,2023,2,19,6,50,7,1,1,0,0,-0.7818314824680299,0.6234898018587334,0.7583058084785624,0.6518989958787126,0.7485107481711011,0.6631226582407953,0.8660254037844386,0.5000000000000001,3.0,0.0,0.0,0.0,0.0,1.0,1.3333333333333333,1.527525231651947,4.0,3.0,0.7142857142857143,1.1126972805283737,5.0,3.0,0.5,0.8548504142651113,7.0,3.0,0.5357142857142857,0.8380817098475258,15.0,3.0,0.6607142857142857,1.0664603425996035,37.0,5.0,0.7380952380952381,1.0655509081261096,62.0,5.0,-2.0,1.0,0.0,819,0.36752136752136755,0.07448107448107448,0.38217338217338215,0.32722832722832723,0.09523809523809523,0.2600732600732601,48.207196029776675,6.882783882783883
2023-02-20,0,0,0,0,0,0,0,0,0,0,0,0,2023,2,20,0,51,8,1,0,1,0,0.0,1.0,0.7694148268839378,0.6387494220515272,0.8229838658936564,0.5680647467311559,0.8660254037844386,0.5000000000000001,1.0,3.0,0.0,0.0,0.0,0.0,1.3333333333333333,1.5275252316519472,4.0,3.0,0.7142857142857143,1.1126972805283737,5.0,3.0,0.5,0.8548504142651113,7.0,3.0,0.5357142857142857,0.8380817098475258,15.0,3.0,0.6607142857142857,1.0664603425996035,37.0,5.0,0.7380952380952381,1.0655509081261096,62.0,5.0,-1.0,0.0,0.0,819,0.36752136752136755,0.07448107448107448,0.38217338217338215,0.32722832722832723,0.09523809523809523,0.2600732600732601,48.207196029776675,6.882783882783883
2023-02-21,1,0,0,0,0,0,0,0,2,0,0,1,2023,2,21,1,52,8,1,0,0,0,0.7818314824680298,0.6234898018587336,0.7802958510707755,0.6254105729852463,0.8229838658936564,0.5680647467311559,0.8660254037844386,0.5000000000000001,0.0,1.0,3.0,0.0,0.0,0.0,0.6666666666666666,0.5773502691896273,2.0,1.0,0.8571428571428571,1.0690449676496976,6.0,3.0,0.5714285714285714,0.851630627252641,8.0,3.0,0.5714285714285714,0.8357108940373451,16.0,3.0,0.6785714285714286,1.0635642111169556,38.0,5.0,0.75,1.0627878773721298,63.0,5.0,1.0,1.0,1.0,819,0.36752136752136755,0.07448107448107448,0.38217338217338215,0.32722832722832723,0.09523809523809523,0.2600732600732601,48.207196029776675,6.882783882783883
2023-02-22,1,0,0,0,2,1,1,1,2,0,0,1,2023,2,22,2,53,8,1,0,0,0,0.9749279121818236,-0.22252093395631434,0.7909456567567772,0.6118864012687243,0.8229838658936564,0.5680647467311559,0.8660254037844386,0.5000000000000001,1.0,0.0,1.0,1.0,1.0,1.0,0.6666666666666666,0.5773502691896273,2.0,1.0,0.8571428571428571,1.0690449676496976,6.0,3.0,0.5714285714285714,0.851630627252641,8.0,3.0,0.5714285714285714,0.8357108940373451,16.0,3.0,0.6785714285714286,1.0635642111169556,38.0,5.0,0.7619047619047619,1.05988232603308,64.0,5.0,0.0,0.0,0.0,819,0.36752136752136755,0.07448107448107448,0.38217338217338215,0.32722832722832723,0.09523809523809523,0.2600732600732601,48.207196029776675,6.882783882783883
2023-02-23,0,0,0,0,0,0,0,0,0,0,0,0,2023,2,23,3,54,8,1,0,0,0,0.43388373911755823,-0.900968867902419,0.8013610881746766,0.5981809144059165,0.8229838658936564,0.5680647467311559,0.8660254037844386,0.5000000000000001,1.0,1.0,0.0,0.0,1.0,2.0,0.6666666666666666,0.5773502691896272,2.0,1.0,0.8571428571428571,1.0690449676496976,6.0,3.0,0.5,0.8548504142651113,7.0,3.0,0.5,0.7934920476158723,14.0,3.0,0.6428571428571429,1.0518999508002211,36.0,5.0,0.75,1.0627878773721298,63.0,5.0,-1.0,0.0,-2.0,819,0.36752136752136755,0.07448107448107448,0.38217338217338215,0.32722832722832723,0.09523809523809523,0.2600732600732601,48.207196029776675,6.882783882783883
2023-02-24,0,0,0,0,0,0,0,0,0,0,0,0,2023,2,24,4,55,8,1,0,0,1,-0.433883739117558,-0.9009688679024191,0.8115390590073611,0.5842981736283684,0.8229838658936564,0.5680647467311559,0.8660254037844386,0.5000000000000001,0.0,1.0,1.0,0.0,0.0,0.0,0.3333333333333333,0.5773502691896273,1.0,1.0,0.8571428571428571,1.0690449676496976,6.0,3.0,0.5,0.8548504142651113,7.0,3.0,0.5,0.7934920476158723,14.0,3.0,0.5535714285714286,0.8721893634494101,31.0,3.0,0.75,1.0627878773721298,63.0,5.0,0.0,0.0,0.0,819,0.36752136752136755,0.07448107448107448,0.38217338217338215,0.32722832722832723,0.09523809523809523,0.2600732600732601,48.207196029776675,6.882783882783883
2023-02-25,0,0,0,0,0,0,0,0,0,0,0,0,2023,2,25,5,56,8,1,1,0,0,-0.9749279121818236,-0.2225209339563146,0.8214765533024142,0.5702422926917871,0.8229838658936564,0.5680647467311559,0.8660254037844386,0.5000000000000001,0.0,0.0,1.0,3.0,0.0,2.0,0.0,0.0,0.0,0.0,0.42857142857142855,0.5345224838248496,3.0,1.0,0.5,0.8548504142651113,7.0,3.0,0.42857142857142855,0.7417981870189158,12.0,3.0,0.5535714285714286,0.8721893634494101,31.0,3.0,0.7261904761904762,1.0568330786140179,61.0,5.0,0.0,-3.0,-2.0,819,0.36752136752136755,0.07448107448107448,0.38217338217338215,0.32722832722832723,0.09523809523809523,0.2600732600732601,48.207196029776675,6.882783882783883
2023-02-26,0,0,0,0,0,0,0,0,0,0,0,0,2023,2,26,6,57,8,1,1,0,0,-0.7818314824680299,0.6234898018587334,0.8311706263658079,0.5560174366570446,0.8229838658936564,0.5680647467311559,0.8660254037844386,0.5000000000000001,0.0,0.0,0.0,1.0,0.0,2.0,0.0,0.0,0.0,0.0,0.2857142857142857,0.48795003647426766,2.0,1.0,0.5,0.8548504142651113,7.0,3.0,0.35714285714285715,0.67846699279881,10.0,3.0,0.5535714285714286,0.8721893634494101,31.0,3.0,0.6785714285714286,0.995903831009612,57.0,5.0,0.0,-1.0,-2.0,819,0.36752136752136755,0.07448107448107448,0.38217338217338215,0.32722832722832723,0.09523809523809523,0.2600732600732601,48.207196029776675,6.882783882783883
2023-02-27,0,0,0,0,0,0,0,0,0,0,0,0,2023,2,27,0,58,9,1,0,1,0,0.0,1.0,0.8406184056344782,0.5416278206559814,0.8854560256532099,0.4647231720437686,0.8660254037844386,0.5000000000000001,0.0,0.0,0.0,0.0,0.0,1.0,0.0,0.0,0.0,0.0,0.2857142857142857,0.48795003647426766,2.0,1.0,0.5,0.8548504142651113,7.0,3.0,0.32142857142857145,0.6696362433535826,9.0,3.0,0.5,0.8090398349558915,28.0,3.0,0.6666666666666666,0.9979899477163948,56.0,5.0,0.0,0.0,-1.0,819,0.36752136752136755,0.07448107448107448,0.38217338217338215,0.32722832722832723,0.09523809523809523,0.2600732600732601,48.207196029776675,6.882783882783883
2023-02-28,1,1,0,1,0,0,0,0,2,0,0,0,2023,2,28,1,59,9,1,0,0,0,0.7818314824680298,0.6234898018587336,0.8498170915275278,0.5270777086423722,0.8854560256532099,0.4647231720437686,0.8660254037844386,0.5000000000000001,0.0,0.0,0.0,1.0,0.0,0.0,0.3333333333333333,0.5773502691896273,1.0,1.0,0.2857142857142857,0.48795003647426766,2.0,1.0,0.5714285714285714,0.851630627252641,8.0,3.0,0.35714285714285715,0.67846699279881,10.0,3.0,0.5,0.8090398349558915,28.0,3.0,0.6666666666666666,0.9979899477163948,56.0,5.0,1.0,0.0,1.0,819,0.36752136752136755,0.07448107448107448,0.38217338217338215,0.32722832722832723,0.09523809523809523,0.2600732600732601,48.207196029776675,6.882783882783883
2023-03-01,1,1,0,1,0,0,0,0,2,1,1,1,2023,3,1,2,60,9,1,0,0,0,0.9749279121818236,-0.22252093395631434,0.8587639582758029,0.5123714121284237,0.8854560256532099,0.4647231720437686,1.0,6.123233995736766e-17,1.0,0.0,0.0,1.0,1.0,0.0,0.6666666666666666,0.5773502691896273,2.0,1.0,0.2857142857142857,0.48795003647426766,2.0,1.0,0.5714285714285714,0.851630627252641,8.0,3.0,0.39285714285714285,0.6852566815265063,11.0,3.0,0.5178571428571429,0.8088391553459691,29.0,3.0,0.6785714285714286,0.995903831009612,57.0,5.0,0.0,0.0,1.0,819,0.36752136752136755,0.07448107448107448,0.38217338217338215,0.32722832722832723,0.09523809523809523,0.2600732600732601,48.207196029776675,6.882783882783883
2023-03-02,0,0,0,0,0,0,0,0,0,0,0,0,2023,3,2,3,61,9,1,0,0,0,0.43388373911755823,-0.900968867902419,0.8674563547295969,0.49751328890718066,0.8854560256532099,0.4647231720437686,1.0,6.123233995736766e-17,1.0,1.0,0.0,0.0,0.0,0.0,0.6666666666666666,0.5773502691896273,2.0,1.0,0.2857142857142857,0.48795003647426766,2.0,1.0,0.5714285714285714,0.851630627252641,8.0,3.0,0.39285714285714285,0.6852566815265063,11.0,3.0,0.5178571428571429,0.8088391553459691,29.0,3.0,0.6785714285714286,0.995903831009612,57.0,5.0,-1.0,0.0,0.0,819,0.36752136752136755,0.07448107448107448,0.38217338217338215,0.32722832722832723,0.09523809523809523,0.2600732600732601,48.207196029776675,6.882783882783883
2023-03-03,4,2,0,2,0,4,0,2,8,0,0,0,2023,3,3,4,62,9,1,0,0,1,-0.433883739117558,-0.9009688679024191,0.8758917051442429,0.48250774176121847,0.8854560256532099,0.4647231720437686,1.0,6.123233995736766e-17,0.0,1.0,1.0,0.0,0.0,0.0,1.6666666666666667,2.081665999466133,5.0,4.0,0.8571428571428571,1.4638501094227998,6.0,4.0,0.8571428571428571,1.2314558524297645,12.0,4.0,0.5357142857142857,0.961562881252794,15.0,4.0,0.5357142857142857,0.8731195006055378,30.0,4.0,0.7142857142857143,1.0593408790878944,60.0,5.0,4.0,4.0,4.0,819,0.36752136752136755,0.07448107448107448,0.38217338217338215,0.32722832722832723,0.09523809523809523,0.2600732600732601,48.207196029776675,6.882783882783883
2023-03-04,3,1,0,0,0,0,0,0,6,0,0,1,2023,3,4,5,63,9,1,1,0,0,-0.9749279121818236,-0.2225209339563146,0.8840675099433636,0.4673592171580022,0.8854560256532099,0.4647231720437686,1.0,6.123233995736766e-17,4.0,0.0,1.0,0.0,3.0,0.0,2.3333333333333335,2.081665999466133,7.0,4.0,1.2857142857142858,1.6035674514745462,9.0,4.0,0.8571428571428571,1.2314558524297645,12.0,4.0,0.6428571428571429,1.0615950861718073,18.0,4.0,0.5892857142857143,0.9298442824529229,33.0,4.0,0.75,1.085223867860219,63.0,5.0,-1.0,3.0,3.0,819,0.36752136752136755,0.07448107448107448,0.38217338217338215,0.32722832722832723,0.09523809523809523,0.2600732600732601,48.207196029776675,6.882783882783883
2023-03-05,1,0,0,0,0,0,0,0,2,0,0,0,2023,3,5,6,64,9,1,1,0,0,-0.7818314824680299,0.6234898018587334,0.8919813464595485,0.45207220393230435,0.8854560256532099,0.4647231720437686,1.0,6.123233995736766e-17,3.0,4.0,0.0,0.0,1.0,0.0,2.6666666666666665,1.5275252316519465,8.0,4.0,1.4285714285714286,1.5118578920369088,10.0,4.0,0.8571428571428571,1.2314558524297645,12.0,4.0,0.6785714285714286,1.0559731838826993,19.0,4.0,0.6071428571428571,0.927921850717485,34.0,4.0,0.75,1.085223867860219,63.0,5.0,-2.0,1.0,1.0,819,0.36752136752136755,0.07448107448107448,0.38217338217338215,0.32722832722832723,0.09523809523809523,0.2600732600732601,48.207196029776675,6.882783882783883
2023-03-06,0,0,0,0,0,0,0,0,0,0,0,0,2023,3,6,0,65,10,1,0,1,0,0.0,1.0,0.8996308696522433,0.43665123195606403,0.9350162426854148,0.35460488704253557,1.0,6.123233995736766e-17,1.0,3.0,4.0,0.0,0.0,0.0,1.3333333333333333,1.5275252316519463,4.0,3.0,1.4285714285714286,1.5118578920369088,10.0,4.0,0.8571428571428571,1.2314558524297645,12.0,4.0,0.6785714285714286,1.0559731838826993,19.0,4.0,0.6071428571428571,0.927921850717485,34.0,4.0,0.7023809523809523,1.0270998110220313,59.0,5.0,-1.0,0.0,0.0,819,0.36752136752136755,0.07448107448107448,0.38217338217338215,0.32722832722832723,0.09523809523809523,0.2600732600732601,48.207196029776675,6.882783882783883
2023-03-07,2,2,0,2,0,0,0,0,4,0,0,0,2023,3,7,1,66,10,1,0,0,0,0.7818314824680298,0.6234898018587336,0.9070138128026359,0.4211008707960896,0.9350162426854148,0.35460488704253557,1.0,6.123233995736766e-17,0.0,1.0,3.0,1.0,1.0,0.0,1.0,0.9999999999999993,3.0,2.0,1.5714285714285714,1.5118578920369088,11.0,4.0,0.9285714285714286,1.268814450536449,13.0,4.0,0.75,1.075828707279838,21.0,4.0,0.6428571428571429,0.9425028850415736,36.0,4.0,0.7142857142857143,1.0363446950809252,60.0,5.0,2.0,1.0,2.0,819,0.36752136752136755,0.07448107448107448,0.38217338217338215,0.32722832722832723,0.09523809523809523,0.2600732600732601,48.207196029776675,6.882783882783883
2023-03-08,0,0,0,0,0,0,0,0,0,0,0,0,2023,3,8,2,67,10,1,0,0,0,0.9749279121818236,-0.22252093395631434,0.9141279881853337,0.40542572835999735,0.9350162426854148,0.35460488704253557,1.0,6.123233995736766e-17,2.0,0.0,1.0,1.0,1.0,1.0,0.6666666666666666,1.1547005383792508,2.0,2.0,1.4285714285714286,1.618347187425374,10.0,4.0,0.8571428571428571,1.2924123453177285,12.0,4.0,0.7142857142857143,1.0837911120705757,20.0,4.0,0.625,0.9450829689407273,35.0,4.0,0.7023809523809523,1.0387638843084894,59.0,5.0,-2.0,-1.0,-1.0,819,0.36752136752136755,0.07448107448107448,0.38217338217338215,0.32722832722832723,0.09523809523809523,0.2600732600732601,48.207196029776675,6.882783882783883
2023-03-09,2,0,0,0,0,2,0,2,4,2,2,2,2023,3,9,3,68,10,1,0,0,0,0.43388373911755823,-0.900968867902419,0.9209712877166346,0.38963044953078796,0.9350162426854148,0.35460488704253557,1.0,6.123233995736766e-17,0.0,2.0,0.0,0.0,0.0,1.0,1.3333333333333333,1.154700538379251,4.0,2.0,1.7142857142857142,1.496026483086191,12.0,4.0,1.0,1.3008872711759822,14.0,4.0,0.75,1.109721353079899,21.0,4.0,0.6607142857142857,0.9587261570207865,37.0,4.0,0.7142857142857143,1.0479058700878359,60.0,5.0,2.0,2.0,1.0,819,0.36752136752136755,0.07448107448107448,0.38217338217338215,0.32722832722832723,0.09523809523809523,0.2600732600732601,48.207196029776675,6.882783882783883
2023-03-10,0,0,0,0,0,0,0,0,0,0,0,0,2023,3,10,4,69,10,1,0,0,1,-0.433883739117558,-0.9009688679024191,0.9275416835791966,0.37371971479046906,0.9350162426854148,0.35460488704253557,1.0,6.123233995736766e-17,2.0,0.0,2.0,4.0,0.0,0.0,0.6666666666666666,1.1547005383792508,2.0,2.0,1.1428571428571428,1.2149857925879117,8.0,3.0,1.0,1.3008872711759822,14.0,4.0,0.75,1.109721353079899,21.0,4.0,0.6607142857142857,0.9587261570207865,37.0,4.0,0.7023809523809523,1.050298430392919,59.0,5.0,-2.0,-4.0,0.0,819,0.36752136752136755,0.07448107448107448,0.38217338217338215,0.32722832722832723,0.09523809523809523,0.2600732600732601,48.207196029776675,6.882783882783883
2023-03-11,2,0,0,0,0,0,0,0,3,2,2,2,2023,3,11,5,70,10,1,1,0,0,-0.9749279121818236,-0.2225209339563146,0.9338372288229252,0.35769823883312546,0.9350162426854148,0.35460488704253557,1.0,6.123233995736766e-17,0.0,2.0,0.0,3.0,0.0,0.0,1.3333333333333333,1.154700538379251,4.0,2.0,1.0,1.0,7.0,2.0,1.1428571428571428,1.2924123453177285,16.0,4.0,0.8214285714285714,1.1239339452243238,23.0,4.0,0.6607142857142857,0.9587261570207865,37.0,4.0,0.7261904761904762,1.0568330786140179,61.0,5.0,2.0,-1.0,2.0,819,0.36752136752136755,0.07448107448107448,0.38217338217338215,0.32722832722832723,0.09523809523809523,0.2600732600732601,48.207196029776675,6.882783882783883
2023-03-12,1,0,0,0,0,1,0,1,2,0,0,0,2023,3,12,6,71,10,1,1,0,0,-0.7818314824680299,0.6234898018587334,0.9398560579418954,0.3415707691678556,0.9350162426854148,0.35460488704253557,1.0,6.123233995736766e-17,2.0,0.0,2.0,1.0,0.0,0.0,1.0,0.9999999999999993,3.0,2.0,1.0,1.0,7.0,2.0,1.2142857142857142,1.2513728724621083,17.0,4.0,0.8571428571428571,1.1126972805283737,24.0,4.0,0.6607142857142857,0.9587261570207865,37.0,4.0,0.7142857142857143,1.0479058700878359,60.0,5.0,-1.0,0.0,1.0,819,0.36752136752136755,0.07448107448107448,0.38217338217338215,0.32722832722832723,0.09523809523809523,0.2600732600732601,48.207196029776675,6.882783882783883
2023-03-13,1,0,0,0,0,1,0,1,2,0,0,1,2023,3,13,0,72,11,1,0,1,0,0.0,1.0,0.9455963874271426,0.3253420847119801,0.970941817426052,0.23931566428755804,1.0,6.123233995736766e-17,1.0,2.0,0.0,0.0,0.0,0.0,1.3333333333333333,0.5773502691896248,4.0,2.0,1.1428571428571428,0.8997354108424372,8.0,2.0,1.2857142857142858,1.2043875831929904,18.0,4.0,0.8928571428571429,1.1001442906807546,25.0,4.0,0.6785714285714286,0.9555035389714758,38.0,4.0,0.7261904761904762,1.0453706378651613,61.0,5.0,0.0,1.0,1.0,819,0.36752136752136755,0.07448107448107448,0.38217338217338215,0.32722832722832723,0.09523809523809523,0.2600732600732601,48.207196029776675,6.882783882783883
2023-03-14,0,0,0,0,0,0,0,0,0,0,0,0,2023,3,14,1,73,11,1,0,0,0,0.7818314824680298,0.6234898018587336,0.9510565162951535,0.30901699437494745,0.970941817426052,0.23931566428755804,1.0,6.123233995736766e-17,1.0,1.0,2.0,2.0,1.0,0.0,0.6666666666666666,0.5773502691896243,2.0,1.0,0.8571428571428571,0.8997354108424375,6.0,2.0,1.2142857142857142,1.2513728724621083,17.0,4.0,0.8928571428571429,1.1001442906807546,25.0,4.0,0.6785714285714286,0.9555035389714758,38.0,4.0,0.7142857142857143,1.0479058700878359,60.0,5.0,-1.0,-2.0,0.0,819,0.36752136752136755,0.07448107448107448,0.38217338217338215,0.32722832722832723,0.09523809523809523,0.2600732600732601,48.207196029776675,6.882783882783883
2023-03-15,0,0,0,0,0,0,0,0,0,0,0,0,2023,3,15,2,74,11,1,0,0,0,0.9749279121818236,-0.22252093395631434,0.9562348265919056,0.29260033563334836,0.970941817426052,0.23931566428755804,1.0,6.123233995736766e-17,0.0,1.0,1.0,0.0,1.0,1.0,0.3333333333333333,0.577350269189624,1.0,1.0,0.8571428571428571,0.8997354108424375,6.0,2.0,1.1428571428571428,1.2924123453177288,16.0,4.0,0.8571428571428571,1.1126972805283737,24.0,4.0,0.6785714285714286,0.9555035389714758,38.0,4.0,0.7023809523809523,1.050298430392919,59.0,5.0,0.0,0.0,-1.0,819,0.36752136752136755,0.07448107448107448,0.38217338217338215,0.32722832722832723,0.09523809523809523,0.2600732600732601,48.207196029776675,6.882783882783883
2023-03-16,0,0,0,0,0,0,0,0,0,0,0,0,2023,3,16,3,75,11,1,0,0,0,0.43388373911755823,-0.900968867902419,0.9611297838723007,0.27609697309746883,0.970941817426052,0.23931566428755804,1.0,6.123233995736766e-17,0.0,0.0,1.0,2.0,0.0,0.0,0.0,0.0,0.0,0.0,0.5714285714285714,0.7867957924694433,4.0,2.0,1.1428571428571428,1.2924123453177288,16.0,4.0,0.8571428571428571,1.1126972805283737,24.0,4.0,0.6785714285714286,0.9555035389714758,38.0,4.0,0.6904761904761905,1.0525492917077421,58.0,5.0,0.0,-2.0,0.0,819,0.36752136752136755,0.07448107448107448,0.38217338217338215,0.32722832722832723,0.09523809523809523,0.2600732600732601,48.207196029776675,6.882783882783883
2023-03-17,3,2,1,2,0,0,0,0,6,0,0,1,2023,3,17,4,76,11,1,0,0,1,-0.433883739117558,-0.9009688679024191,0.9657399376548549,0.2595117970697999,0.970941817426052,0.23931566428755804,1.0,6.123233995736766e-17,0.0,0.0,0.0,0.0,4.0,0.0,1.0,1.732050807568877,3.0,3.0,1.0,1.1547005383792515,7.0,3.0,1.0714285714285714,1.1411388181101385,15.0,3.0,0.9642857142857143,1.1700630833624397,27.0,4.0,0.7321428571428571,0.9998376491587653,41.0,4.0,0.7261904761904762,1.0793928511608368,61.0,5.0,3.0,3.0,3.0,819,0.36752136752136755,0.07448107448107448,0.38217338217338215,0.32722832722832723,0.09523809523809523,0.2600732600732601,48.207196029776675,6.882783882783883
2023-03-18,0,0,0,0,0,0,0,0,0,0,0,0,2023,3,18,5,77,11,1,1,0,0,-0.9749279121818236,-0.2225209339563146,0.9700639218515071,0.2428497220959356,0.970941817426052,0.23931566428755804,1.0,6.123233995736766e-17,3.0,0.0,0.0,2.0,3.0,3.0,1.0,1.7320508075688767,3.0,3.0,0.7142857142857143,1.1126972805283737,5.0,3.0,0.8571428571428571,1.027105182026192,12.0,3.0,0.8571428571428571,1.1126972805283737,24.0,4.0,0.6964285714285714,0.9893917848335438,39.0,4.0,0.7142857142857143,1.0818483577614055,60.0,5.0,-3.0,-2.0,-3.0,819,0.36752136752136755,0.07448107448107448,0.38217338217338215,0.32722832722832723,0.09523809523809523,0.2600732600732601,48.207196029776675,6.882783882783883
2023-03-19,1,1,0,1,0,0,0,0,2,0,0,0,2023,3,19,6,78,11,1,1,0,0,-0.7818314824680299,0.6234898018587334,0.9741004551724205,0.22611568550828828,0.970941817426052,0.23931566428755804,1.0,6.123233995736766e-17,0.0,3.0,0.0,1.0,1.0,1.0,1.3333333333333333,1.5275252316519463,4.0,3.0,0.7142857142857143,1.1126972805283737,5.0,3.0,0.8571428571428571,1.027105182026192,12.0,3.0,0.8571428571428571,1.1126972805283737,24.0,4.0,0.6964285714285714,0.9893917848335438,39.0,4.0,0.7261904761904762,1.0793928511608368,61.0,5.0,1.0,0.0,0.0,819,0.36752136752136755,0.07448107448107448,0.38217338217338215,0.32722832722832723,0.09523809523809523,0.2600732600732601,48.207196029776675,6.882783882783883
2023-03-20,1,0,0,0,0,0,0,0,2,0,0,0,2023,3,20,0,79,12,1,0,1,0,0.0,1.0,0.9778483415056568,0.20931464596304847,0.992708874098054,0.120536680255323,1.0,6.123233995736766e-17,1.0,0.0,3.0,1.0,0.0,0.0,0.6666666666666666,0.5773502691896237,2.0,1.0,0.7142857142857143,1.1126972805283737,5.0,3.0,0.9285714285714286,0.9972489631508756,13.0,3.0,0.8928571428571429,1.1001442906807546,25.0,4.0,0.7142857142857143,0.9856107606091631,40.0,4.0,0.7380952380952381,1.0767985528178172,62.0,5.0,0.0,0.0,1.0,819,0.36752136752136755,0.07448107448107448,0.38217338217338215,0.32722832722832723,0.09523809523809523,0.2600732600732601,48.207196029776675,6.882783882783883
2023-03-21,1,0,1,0,0,0,0,0,2,0,0,1,2023,3,21,1,80,12,1,0,0,0,0.7818314824680298,0.6234898018587336,0.9813064702716093,0.19245158197082998,0.992708874098054,0.120536680255323,1.0,6.123233995736766e-17,1.0,1.0,0.0,0.0,2.0,1.0,1.0,0.0,3.0,1.0,0.8571428571428571,1.0690449676496976,6.0,3.0,0.8571428571428571,0.9492622930986478,12.0,3.0,0.8928571428571429,1.1001442906807546,25.0,4.0,0.7321428571428571,0.9814844310083017,41.0,4.0,0.75,1.07406445701891,63.0,5.0,0.0,1.0,0.0,819,0.36752136752136755,0.07448107448107448,0.38217338217338215,0.32722832722832723,0.09523809523809523,0.2600732600732601,48.207196029776675,6.882783882783883
2023-03-22,0,0,0,0,0,0,0,0,0,0,0,0,2023,3,22,2,81,12,1,0,0,0,0.9749279121818236,-0.22252093395631434,0.9844738167520922,0.1755314904214282,0.992708874098054,0.120536680255323,1.0,6.123233995736766e-17,1.0,1.0,1.0,0.0,0.0,1.0,0.6666666666666666,0.5773502691896237,2.0,1.0,0.8571428571428571,1.0690449676496976,6.0,3.0,0.8571428571428571,0.9492622930986478,12.0,3.0,0.8571428571428571,1.1126972805283737,24.0,4.0,0.7142857142857143,0.9856107606091631,40.0,4.0,0.7380952380952381,1.0767985528178172,62.0,5.0,-1.0,0.0,-1.0,819,0.36752136752136755,0.07448107448107448,0.38217338217338215,0.32722832722832723,0.09523809523809523,0.2600732600732601,48.207196029776675,6.882783882783883
2023-03-23,1,0,0,0,0,1,0,1,3,0,0,0,2023,3,23,3,82,12,1,0,0,0,0.43388373911755823,-0.900968867902419,0.9873494423939864,0.15855938510313475,0.992708874098054,0.120536680255323,1.0,6.123233995736766e-17,0.0,1.0,1.0,0.0,2.0,0.0,0.6666666666666666,0.5773502691896237,2.0,1.0,1.0,1.0,7.0,3.0,0.7857142857142857,0.8925823753039821,11.0,3.0,0.8928571428571429,1.1001442906807546,25.0,4.0,0.6964285714285714,0.9708411134333306,39.0,4.0,0.7261904761904762,1.0681725242651354,61.0,5.0,1.0,1.0,1.0,819,0.36752136752136755,0.07448107448107448,0.38217338217338215,0.32722832722832723,0.09523809523809523,0.2600732600732601,48.207196029776675,6.882783882783883
2023-03-24,1,1,0,0,0,0,0,0,2,0,0,0,2023,3,24,4,83,12,1,0,0,1,-0.433883739117558,-0.9009688679024191,0.989932495087353,0.141540295217043,0.992708874098054,0.120536680255323,1.0,6.123233995736766e-17,1.0,0.0,1.0,3.0,0.0,0.0,0.6666666666666666,0.5773502691896237,2.0,1.0,0.7142857142857143,0.4879500364742668,5.0,1.0,0.8571428571428571,0.8644378215075675,12.0,3.0,0.9285714285714286,1.0862293403762302,26.0,4.0,0.7142857142857143,0.9669875568304571,40.0,4.0,0.6785714285714286,0.9589240240984245,57.0,4.0,0.0,-2.0,1.0,819,0.36752136752136755,0.07448107448107448,0.38217338217338215,0.32722832722832723,0.09523809523809523,0.2600732600732601,48.207196029776675,6.882783882783883
2023-03-25,0,0,0,0,0,0,0,0,0,0,0,0,2023,3,25,5,84,12,1,1,0,0,-0.9749279121818236,-0.2225209339563146,0.9922222094179323,0.12447926388678915,0.992708874098054,0.120536680255323,1.0,6.123233995736766e-17,1.0,1.0,0.0,0.0,2.0,0.0,0.6666666666666666,0.5773502691896237,2.0,1.0,0.7142857142857143,0.4879500364742668,5.0,1.0,0.7142857142857143,0.8254203058555581,10.0,3.0,0.9285714285714286,1.0862293403762302,26.0,4.0,0.6785714285714286,0.9555035389714758,38.0,4.0,0.6785714285714286,0.9589240240984245,57.0,4.0,-1.0,0.0,0.0,819,0.36752136752136755,0.07448107448107448,0.38217338217338215,0.32722832722832723,0.09523809523809523,0.2600732600732601,48.207196029776675,6.882783882783883
2023-03-26,0,0,0,0,0,0,0,0,0,0,0,0,2023,3,26,6,85,12,1,1,0,0,-0.7818314824680299,0.6234898018587334,0.994217906893952,0.10738134666416309,0.992708874098054,0.120536680255323,1.0,6.123233995736766e-17,0.0,1.0,1.0,1.0,1.0,0.0,0.3333333333333333,0.5773502691896234,1.0,1.0,0.5714285714285714,0.534522483824849,4.0,1.0,0.6428571428571429,0.8418973861410967,9.0,3.0,0.9285714285714286,1.0862293403762302,26.0,4.0,0.6428571428571429,0.9425028850415736,36.0,4.0,0.6785714285714286,0.9589240240984245,57.0,4.0,0.0,-1.0,0.0,819,0.36752136752136755,0.07448107448107448,0.38217338217338215,0.32722832722832723,0.09523809523809523,0.2600732600732601,48.207196029776675,6.882783882783883
2023-03-27,1,0,1,0,0,1,0,1,2,0,0,1,2023,3,27,0,86,13,1,0,1,0,0.0,1.0,0.995918996147179,0.09025161003104117,1.0,-1.6081226496766366e-16,1.0,6.123233995736766e-17,0.0,0.0,1.0,1.0,1.0,0.0,0.3333333333333333,0.5773502691896234,1.0,1.0,0.5714285714285714,0.534522483824849,4.0,1.0,0.6428571428571429,0.8418973861410967,9.0,3.0,0.9642857142857143,1.0708993401928106,27.0,4.0,0.6428571428571429,0.9425028850415736,36.0,4.0,0.6547619047619048,0.9248125517534166,55.0,4.0,1.0,0.0,1.0,819,0.36752136752136755,0.07448107448107448,0.38217338217338215,0.32722832722832723,0.09523809523809523,0.2600732600732601,48.207196029776675,6.882783882783883
2023-03-28,0,0,0,0,0,0,0,0,0,0,0,0,2023,3,28,1,87,13,1,0,0,0,0.7818314824680298,0.6234898018587336,0.9973249731081555,0.07309512989807777,1.0,-1.6081226496766366e-16,1.0,6.123233995736766e-17,1.0,0.0,0.0,1.0,0.0,1.0,0.3333333333333333,0.5773502691896234,1.0,1.0,0.42857142857142855,0.5345224838248491,3.0,1.0,0.6428571428571429,0.8418973861410967,9.0,3.0,0.9285714285714286,1.0862293403762302,26.0,4.0,0.6428571428571429,0.9425028850415736,36.0,4.0,0.6428571428571429,0.9267491718575888,54.0,4.0,-1.0,-1.0,-1.0,819,0.36752136752136755,0.07448107448107448,0.38217338217338215,0.32722832722832723,0.09523809523809523,0.2600732600732601,48.207196029776675,6.882783882783883
2023-03-29,0,0,0,0,0,0,0,0,0,0,0,0,2023,3,29,2,88,13,1,0,0,0,0.9749279121818236,-0.22252093395631434,0.9984354211555643,0.055916990100603484,1.0,-1.6081226496766366e-16,1.0,6.123233995736766e-17,0.0,1.0,0.0,0.0,0.0,1.0,0.3333333333333333,0.5773502691896234,1.0,1.0,0.42857142857142855,0.5345224838248491,3.0,1.0,0.6428571428571429,0.8418973861410967,9.0,3.0,0.8928571428571429,1.1001442906807546,25.0,4.0,0.6428571428571429,0.9425028850415736,36.0,4.0,0.6428571428571429,0.9267491718575888,54.0,4.0,0.0,0.0,-1.0,819,0.36752136752136755,0.07448107448107448,0.38217338217338215,0.32722832722832723,0.09523809523809523,0.2600732600732601,48.207196029776675,6.882783882783883
2023-03-30,0,0,0,0,0,0,0,0,0,0,0,0,2023,3,30,3,89,13,1,0,0,0,0.43388373911755823,-0.900968867902419,0.9992500112396835,0.03872228089217446,1.0,-1.6081226496766366e-16,1.0,6.123233995736766e-17,0.0,0.0,1.0,1.0,0.0,0.0,0.0,0.0,0.0,0.0,0.2857142857142857,0.4879500364742671,2.0,1.0,0.6428571428571429,0.8418973861410967,9.0,3.0,0.8928571428571429,1.1001442906807546,25.0,4.0,0.6428571428571429,0.9425028850415736,36.0,4.0,0.6428571428571429,0.9267491718575888,54.0,4.0,0.0,-1.0,0.0,819,0.36752136752136755,0.07448107448107448,0.38217338217338215,0.32722832722832723,0.09523809523809523,0.2600732600732601,48.207196029776675,6.882783882783883
2023-03-31,0,0,0,0,0,0,0,0,0,0,0,0,2023,3,31,4,90,13,1,0,0,1,-0.433883739117558,-0.9009688679024191,0.9997685019798909,0.021516097436222254,1.0,-1.6081226496766366e-16,1.0,6.123233995736766e-17,0.0,0.0,0.0,1.0,3.0,4.0,0.0,0.0,0.0,0.0,0.14285714285714285,0.377964473009228,1.0,1.0,0.42857142857142855,0.5135525910130975,6.0,1.0,0.75,0.9279607271383369,21.0,3.0,0.6428571428571429,0.9425028850415736,36.0,4.0,0.6071428571428571,0.8919702996683991,51.0,4.0,0.0,-1.0,-4.0,819,0.36752136752136755,0.07448107448107448,0.38217338217338215,0.32722832722832723,0.09523809523809523,0.2600732600732601,48.207196029776675,6.882783882783883
2023-04-01,5,5,0,5,0,0,0,0,11,0,0,0,2023,4,1,5,91,13,2,1,0,0,-0.9749279121818236,-0.2225209339563146,0.9999907397361901,0.004303538296244289,1.0,-1.6081226496766366e-16,0.8660254037844387,-0.4999999999999998,0.0,0.0,0.0,0.0,0.0,3.0,1.6666666666666667,2.8867513459481287,5.0,5.0,0.8571428571428571,1.8644544714716087,6.0,5.0,0.7857142857142857,1.3114039117603018,11.0,5.0,0.8214285714285714,1.1564175661505611,23.0,5.0,0.7321428571428571,1.1035656495456645,41.0,5.0,0.6666666666666666,1.0099902580149676,56.0,5.0,5.0,5.0,2.0,819,0.36752136752136755,0.07448107448107448,0.38217338217338215,0.32722832722832723,0.09523809523809523,0.2600732600732601,48.207196029776675,6.882783882783883
2023-04-02,1,0,0,0,0,1,0,1,2,0,0,0,2023,4,2,6,92,13,2,1,0,0,-0.7818314824680299,0.6234898018587334,0.9999166586547379,-0.01291029607500882,1.0,-1.6081226496766366e-16,0.8660254037844387,-0.4999999999999998,5.0,0.0,0.0,0.0,1.0,1.0,2.0,2.6457513110645907,6.0,5.0,1.0,1.8257418583505536,7.0,5.0,0.7857142857142857,1.3114039117603018,11.0,5.0,0.8214285714285714,1.1564175661505611,23.0,5.0,0.75,1.0995866992151688,42.0,5.0,0.6785714285714286,1.0079289787290522,57.0,5.0,-4.0,1.0,0.0,819,0.36752136752136755,0.07448107448107448,0.38217338217338215,0.32722832722832723,0.09523809523809523,0.2600732600732601,48.207196029776675,6.882783882783883
2023-04-03,2,1,0,1,0,0,0,0,4,0,0,0,2023,4,3,0,93,14,2,0,1,0,0.0,1.0,0.9995462806873573,-0.030120304846908114,0.992708874098054,-0.12053668025532288,0.8660254037844387,-0.4999999999999998,1.0,5.0,0.0,1.0,1.0,0.0,2.6666666666666665,2.081665999466133,8.0,5.0,1.1428571428571428,1.8644544714716087,8.0,5.0,0.8571428571428571,1.350620533005413,12.0,5.0,0.8928571428571429,1.1655323283657164,25.0,5.0,0.7857142857142857,1.1072371137087247,44.0,5.0,0.7023809523809523,1.015301746408093,59.0,5.0,1.0,1.0,2.0,819,0.36752136752136755,0.07448107448107448,0.38217338217338215,0.32722832722832723,0.09523809523809523,0.2600732600732601,48.207196029776675,6.882783882783883
2023-04-04,1,0,0,0,0,0,0,0,2,0,0,0,2023,4,4,1,94,14,2,0,0,0,0.7818314824680298,0.6234898018587336,0.9988797155850336,-0.04732138832243185,0.992708874098054,-0.12053668025532288,0.8660254037844387,-0.4999999999999998,2.0,1.0,5.0,0.0,1.0,2.0,1.3333333333333333,0.5773502691896257,4.0,2.0,1.2857142857142858,1.7994708216848745,9.0,5.0,0.8571428571428571,1.350620533005413,12.0,5.0,0.8571428571428571,1.1454995906456327,24.0,5.0,0.8035714285714286,1.1023881985306907,45.0,5.0,0.7142857142857143,1.0128265181846485,60.0,5.0,-1.0,1.0,-1.0,819,0.36752136752136755,0.07448107448107448,0.38217338217338215,0.32722832722832723,0.09523809523809523,0.2600732600732601,48.207196029776675,6.882783882783883
2023-04-05,0,0,0,0,0,0,0,0,0,0,0,0,2023,4,5,2,95,14,2,0,0,0,0.9749279121818236,-0.22252093395631434,0.9979171608653922,-0.06450844944931623,0.992708874098054,-0.12053668025532288,0.8660254037844387,-0.4999999999999998,1.0,2.0,1.0,0.0,0.0,0.0,1.0,1.0,3.0,2.0,1.2857142857142858,1.7994708216848745,9.0,5.0,0.8571428571428571,1.350620533005413,12.0,5.0,0.8571428571428571,1.1454995906456327,24.0,5.0,0.7857142857142857,1.1072371137087247,44.0,5.0,0.7023809523809523,1.015301746408093,59.0,5.0,-1.0,0.0,0.0,819,0.36752136752136755,0.07448107448107448,0.38217338217338215,0.32722832722832723,0.09523809523809523,0.2600732600732601,48.207196029776675,6.882783882783883
2023-04-06,1,0,0,0,0,0,0,0,2,1,1,0,2023,4,6,3,96,14,2,0,0,0,0.43388373911755823,-0.900968867902419,0.9966589017541702,-0.08167639533042241,0.992708874098054,-0.12053668025532288,0.8660254037844387,-0.4999999999999998,0.0,1.0,2.0,0.0,1.0,2.0,0.6666666666666666,0.5773502691896258,2.0,1.0,1.4285714285714286,1.7182493859684487,10.0,5.0,0.8571428571428571,1.350620533005413,12.0,5.0,0.8214285714285714,1.1239339452243238,23.0,5.0,0.7857142857142857,1.1072371137087247,44.0,5.0,0.7142857142857143,1.0128265181846485,60.0,5.0,1.0,1.0,-1.0,819,0.36752136752136755,0.07448107448107448,0.38217338217338215,0.32722832722832723,0.09523809523809523,0.2600732600732601,48.207196029776675,6.882783882783883
2023-04-07,0,0,0,0,0,0,0,0,0,0,0,0,2023,4,7,4,97,14,2,0,0,1,-0.433883739117558,-0.9009688679024191,0.9951053111006976,-0.09882013873287143,0.992708874098054,-0.12053668025532288,0.8660254037844387,-0.4999999999999998,1.0,0.0,1.0,0.0,1.0,0.0,0.3333333333333333,0.5773502691896257,1.0,1.0,1.4285714285714286,1.7182493859684487,10.0,5.0,0.7857142857142857,1.368804724431639,11.0,5.0,0.8214285714285714,1.1239339452243238,23.0,5.0,0.7857142857142857,1.1072371137087247,44.0,5.0,0.7142857142857143,1.0128265181846485,60.0,5.0,-1.0,0.0,0.0,819,0.36752136752136755,0.07448107448107448,0.38217338217338215,0.32722832722832723,0.09523809523809523,0.2600732600732601,48.207196029776675,6.882783882783883
2023-04-08,2,1,0,1,0,0,0,0,4,0,0,0,2023,4,8,5,98,14,2,1,0,0,-0.9749279121818236,-0.2225209339563146,0.9932568492674143,-0.11593459959550041,0.992708874098054,-0.12053668025532288,0.8660254037844387,-0.4999999999999998,0.0,1.0,0.0,5.0,0.0,2.0,1.0,1.0,3.0,2.0,1.0,0.8164965809277256,7.0,2.0,0.9285714285714286,1.3847680013570574,13.0,5.0,0.8214285714285714,1.1239339452243238,23.0,5.0,0.8214285714285714,1.1136694932787472,46.0,5.0,0.7142857142857143,1.0128265181846485,60.0,5.0,2.0,-3.0,0.0,819,0.36752136752136755,0.07448107448107448,0.38217338217338215,0.32722832722832723,0.09523809523809523,0.2600732600732601,48.207196029776675,6.882783882783883
2023-04-09,0,0,0,0,0,0,0,0,0,0,0,0,2023,4,9,6,99,14,2,1,0,0,-0.7818314824680299,0.6234898018587334,0.9911140639934547,-0.1330147065341959,0.992708874098054,-0.12053668025532288,0.8660254037844387,-0.4999999999999998,2.0,0.0,1.0,1.0,0.0,1.0,0.6666666666666666,1.1547005383792515,2.0,2.0,0.8571428571428571,0.899735410842437,6.0,2.0,0.9285714285714286,1.3847680013570574,13.0,5.0,0.7857142857142857,1.1338934190276817,22.0,5.0,0.8214285714285714,1.1136694932787472,46.0,5.0,0.7023809523809523,1.015301746408093,59.0,5.0,-2.0,-1.0,-1.0,819,0.36752136752136755,0.07448107448107448,0.38217338217338215,0.32722832722832723,0.09523809523809523,0.2600732600732601,48.207196029776675,6.882783882783883
2023-04-10,0,0,0,0,0,0,0,0,0,0,0,0,2023,4,10,0,100,15,2,0,1,0,0.0,1.0,0.9886775902323405,-0.1500553983446526,0.9709418174260521,-0.2393156642875575,0.8660254037844387,-0.4999999999999998,0.0,2.0,0.0,2.0,1.0,1.0,0.6666666666666666,1.1547005383792515,2.0,2.0,0.5714285714285714,0.786795792469443,4.0,2.0,0.8571428571428571,1.406421692815487,12.0,5.0,0.75,1.1426091000668406,21.0,5.0,0.8214285714285714,1.1136694932787472,46.0,5.0,0.7023809523809523,1.015301746408093,59.0,5.0,0.0,-2.0,-1.0,819,0.36752136752136755,0.07448107448107448,0.38217338217338215,0.32722832722832723,0.09523809523809523,0.2600732600732601,48.207196029776675,6.882783882783883
2023-04-11,0,0,0,0,0,0,0,0,0,0,0,0,2023,4,11,1,101,15,2,0,0,0,0.7818314824680298,0.6234898018587336,0.9859481499638304,-0.16705162550211924,0.9709418174260521,-0.2393156642875575,0.8660254037844387,-0.4999999999999998,0.0,0.0,2.0,1.0,0.0,0.0,0.0,0.0,0.0,0.0,0.42857142857142855,0.7867957924694431,3.0,2.0,0.8571428571428571,1.406421692815487,12.0,5.0,0.75,1.1426091000668406,21.0,5.0,0.8214285714285714,1.1136694932787472,46.0,5.0,0.7023809523809523,1.015301746408093,59.0,5.0,0.0,-1.0,0.0,819,0.36752136752136755,0.07448107448107448,0.38217338217338215,0.32722832722832723,0.09523809523809523,0.2600732600732601,48.207196029776675,6.882783882783883
2023-04-12,0,0,0,0,0,0,0,0,0,0,0,0,2023,4,12,2,102,15,2,0,0,0,0.9749279121818236,-0.22252093395631434,0.9829265519799822,-0.18399835165768005,0.9709418174260521,-0.2393156642875575,0.8660254037844387,-0.4999999999999998,0.0,0.0,0.0,0.0,0.0,0.0,0.0,0.0,0.0,0.0,0.42857142857142855,0.7867957924694431,3.0,2.0,0.8571428571428571,1.406421692815487,12.0,5.0,0.75,1.1426091000668406,21.0,5.0,0.8035714285714286,1.118759749286404,45.0,5.0,0.7023809523809523,1.015301746408093,59.0,5.0,0.0,0.0,0.0,819,0.36752136752136755,0.07448107448107448,0.38217338217338215,0.32722832722832723,0.09523809523809523,0.2600732600732601,48.207196029776675,6.882783882783883
2023-04-13,1,1,0,1,0,0,0,0,2,0,0,0,2023,4,13,3,103,15,2,0,0,0,0.43388373911755823,-0.900968867902419,0.9796136916454901,-0.20089055513063506,0.9709418174260521,-0.2393156642875575,0.8660254037844387,-0.4999999999999998,0.0,0.0,0.0,1.0,0.0,0.0,0.3333333333333333,0.5773502691896256,1.0,1.0,0.42857142857142855,0.7867957924694431,3.0,2.0,0.9285714285714286,1.3847680013570574,13.0,5.0,0.7857142857142857,1.1338934190276817,22.0,5.0,0.8214285714285714,1.1136694932787472,46.0,5.0,0.7142857142857143,1.0128265181846485,60.0,5.0,1.0,0.0,1.0,819,0.36752136752136755,0.07448107448107448,0.38217338217338215,0.32722832722832723,0.09523809523809523,0.2600732600732601,48.207196029776675,6.882783882783883
2023-04-14,0,0,0,0,0,0,0,0,0,0,0,0,2023,4,14,4,104,15,2,0,0,1,-0.433883739117558,-0.9009688679024191,0.9760105506323683,-0.21772323039653177,0.9709418174260521,-0.2393156642875575,0.8660254037844387,-0.4999999999999998,1.0,0.0,0.0,0.0,0.0,3.0,0.3333333333333333,0.5773502691896256,1.0,1.0,0.42857142857142855,0.7867957924694431,3.0,2.0,0.9285714285714286,1.3847680013570574,13.0,5.0,0.6785714285714286,1.0559731838826991,19.0,5.0,0.8214285714285714,1.1136694932787472,46.0,5.0,0.7142857142857143,1.0128265181846485,60.0,5.0,-1.0,0.0,-3.0,819,0.36752136752136755,0.07448107448107448,0.38217338217338215,0.32722832722832723,0.09523809523809523,0.2600732600732601,48.207196029776675,6.882783882783883
2023-04-15,0,0,0,0,0,0,0,0,0,0,0,0,2023,4,15,5,105,15,2,1,0,0,-0.9749279121818236,-0.2225209339563146,0.9721181966290613,-0.23449138957040985,0.9709418174260521,-0.2393156642875575,0.8660254037844387,-0.4999999999999998,0.0,1.0,0.0,2.0,5.0,0.0,0.3333333333333333,0.5773502691896256,1.0,1.0,0.14285714285714285,0.3779644730092273,1.0,1.0,0.5714285714285714,0.755928946018456,8.0,2.0,0.6785714285714286,1.0559731838826991,19.0,5.0,0.7678571428571429,1.0785692784015728,43.0,5.0,0.6904761904761905,1.0057208704734106,58.0,5.0,0.0,-2.0,0.0,819,0.36752136752136755,0.07448107448107448,0.38217338217338215,0.32722832722832723,0.09523809523809523,0.2600732600732601,48.207196029776675,6.882783882783883
2023-04-16,0,0,0,0,0,0,0,0,0,0,0,0,2023,4,16,6,106,15,2,1,0,0,-0.7818314824680299,0.6234898018587334,0.9679377830240642,-0.25119006388481935,0.9709418174260521,-0.2393156642875575,0.8660254037844387,-0.4999999999999998,0.0,0.0,1.0,0.0,1.0,1.0,0.0,0.0,0.0,0.0,0.14285714285714285,0.3779644730092273,1.0,1.0,0.5,0.7595545253127514,7.0,2.0,0.6428571428571429,1.061595086171807,18.0,5.0,0.75,1.082925331095027,42.0,5.0,0.6785714285714286,1.0079289787290522,57.0,5.0,0.0,0.0,-1.0,819,0.36752136752136755,0.07448107448107448,0.38217338217338215,0.32722832722832723,0.09523809523809523,0.2600732600732601,48.207196029776675,6.882783882783883
2023-04-17,0,0,0,0,0,0,0,0,0,0,0,0,2023,4,17,0,107,16,2,0,1,0,0.0,1.0,0.9634705485641488,-0.2678143051621742,0.9350162426854148,-0.35460488704253545,0.8660254037844387,-0.4999999999999998,0.0,0.0,0.0,0.0,2.0,1.0,0.0,0.0,0.0,0.0,0.14285714285714285,0.3779644730092273,1.0,1.0,0.35714285714285715,0.6333236937766527,5.0,2.0,0.6071428571428571,1.0659471779799343,17.0,5.0,0.75,1.082925331095027,42.0,5.0,0.6785714285714286,1.0079289787290522,57.0,5.0,0.0,0.0,-1.0,819,0.36752136752136755,0.07448107448107448,0.38217338217338215,0.32722832722832723,0.09523809523809523,0.2600732600732601,48.207196029776675,6.882783882783883
2023-04-18,0,0,0,0,0,0,0,0,0,0,0,0,2023,4,18,1,108,16,2,0,0,0,0.7818314824680298,0.6234898018587336,0.9587178169872964,-0.2843591872810034,0.9350162426854148,-0.35460488704253545,0.8660254037844387,-0.4999999999999998,0.0,0.0,0.0,0.0,1.0,1.0,0.0,0.0,0.0,0.0,0.14285714285714285,0.3779644730092273,1.0,1.0,0.2857142857142857,0.6112498455021285,4.0,2.0,0.5714285714285714,1.0690449676496974,16.0,5.0,0.7321428571428571,1.0869652738213433,41.0,5.0,0.6785714285714286,1.0079289787290522,57.0,5.0,0.0,0.0,-1.0,819,0.36752136752136755,0.07448107448107448,0.38217338217338215,0.32722832722832723,0.09523809523809523,0.2600732600732601,48.207196029776675,6.882783882783883
2023-04-19,0,0,0,0,0,0,0,0,0,0,0,0,2023,4,19,2,109,16,2,0,0,0,0.9749279121818236,-0.22252093395631434,0.9536809966304457,-0.30081980763566735,0.9350162426854148,-0.35460488704253545,0.8660254037844387,-0.4999999999999998,0.0,0.0,0.0,0.0,0.0,0.0,0.0,0.0,0.0,0.0,0.14285714285714285,0.3779644730092273,1.0,1.0,0.2857142857142857,0.6112498455021285,4.0,2.0,0.5714285714285714,1.0690449676496974,16.0,5.0,0.7142857142857143,1.0906926192151438,40.0,5.0,0.6666666666666666,1.0099902580149676,56.0,5.0,0.0,0.0,0.0,819,0.36752136752136755,0.07448107448107448,0.38217338217338215,0.32722832722832723,0.09523809523809523,0.2600732600732601,48.207196029776675,6.882783882783883
2023-04-20,1,0,0,0,0,0,0,0,2,0,0,0,2023,4,20,3,110,16,2,0,0,0,0.43388373911755823,-0.900968867902419,0.9483615800121715,-0.3171912885891061,0.9350162426854148,-0.35460488704253545,0.8660254037844387,-0.4999999999999998,0.0,0.0,0.0,1.0,1.0,1.0,0.3333333333333333,0.5773502691896256,1.0,1.0,0.14285714285714285,0.3779644730092273,1.0,1.0,0.2857142857142857,0.6112498455021285,4.0,2.0,0.5714285714285714,1.0690449676496974,16.0,5.0,0.7321428571428571,1.0869652738213433,41.0,5.0,0.6547619047619048,0.9999282819951028,55.0,5.0,1.0,0.0,0.0,819,0.36752136752136755,0.07448107448107448,0.38217338217338215,0.32722832722832723,0.09523809523809523,0.2600732600732601,48.207196029776675,6.882783882783883
2023-04-21,2,1,0,1,0,1,0,1,4,1,1,1,2023,4,21,4,111,16,2,0,0,1,-0.433883739117558,-0.9009688679024191,0.9427611433904207,-0.3334687789181868,0.9350162426854148,-0.35460488704253545,0.8660254037844387,-0.4999999999999998,1.0,0.0,0.0,0.0,0.0,1.0,1.0,1.0,3.0,2.0,0.42857142857142855,0.7867957924694431,3.0,2.0,0.42857142857142855,0.755928946018456,6.0,2.0,0.6071428571428571,1.1001442906807541,17.0,5.0,0.7678571428571429,1.0952969116524185,43.0,5.0,0.6785714285714286,1.0079289787290522,57.0,5.0,1.0,2.0,1.0,819,0.36752136752136755,0.07448107448107448,0.38217338217338215,0.32722832722832723,0.09523809523809523,0.2600732600732601,48.207196029776675,6.882783882783883
2023-04-22,2,0,1,0,0,3,0,2,6,0,0,1,2023,4,22,5,112,16,2,1,0,0,-0.9749279121818236,-0.2225209339563146,0.9368813462954315,-0.3496474552512284,0.9350162426854148,-0.35460488704253545,0.8660254037844387,-0.4999999999999998,2.0,1.0,0.0,0.0,2.0,0.0,1.6666666666666667,0.5773502691896264,5.0,2.0,0.7142857142857143,0.9511897312113416,5.0,2.0,0.42857142857142855,0.755928946018456,6.0,2.0,0.6785714285714286,1.1239339452243235,19.0,5.0,0.8035714285714286,1.1023881985306907,45.0,5.0,0.6785714285714286,1.0079289787290522,57.0,5.0,0.0,2.0,2.0,819,0.36752136752136755,0.07448107448107448,0.38217338217338215,0.32722832722832723,0.09523809523809523,0.2600732600732601,48.207196029776675,6.882783882783883
2023-04-23,0,0,0,0,0,0,0,0,0,0,0,0,2023,4,23,6,113,16,2,1,0,0,-0.7818314824680299,0.6234898018587334,0.9307239310379795,-0.36572252349726897,0.9350162426854148,-0.35460488704253545,0.8660254037844387,-0.4999999999999998,2.0,2.0,1.0,0.0,0.0,0.0,1.3333333333333333,1.1547005383792517,4.0,2.0,0.7142857142857143,0.9511897312113416,5.0,2.0,0.42857142857142855,0.755928946018456,6.0,2.0,0.6785714285714286,1.1239339452243235,19.0,5.0,0.8035714285714286,1.1023881985306907,45.0,5.0,0.6547619047619048,0.9999282819951028,55.0,5.0,-2.0,0.0,0.0,819,0.36752136752136755,0.07448107448107448,0.38217338217338215,0.32722832722832723,0.09523809523809523,0.2600732600732601,48.207196029776675,6.882783882783883
2023-04-24,0,0,0,0,0,0,0,0,0,0,0,0,2023,4,24,0,114,17,2,0,1,0,0.0,1.0,0.9242907221930933,-0.3816892202666588,0.8854560256532099,-0.4647231720437685,0.8660254037844387,-0.4999999999999998,0.0,2.0,2.0,0.0,0.0,1.0,0.6666666666666666,1.1547005383792515,2.0,2.0,0.7142857142857143,0.9511897312113416,5.0,2.0,0.42857142857142855,0.755928946018456,6.0,2.0,0.6428571428571429,1.1292175499576134,18.0,5.0,0.8035714285714286,1.1023881985306907,45.0,5.0,0.6428571428571429,1.001719691726053,54.0,5.0,0.0,0.0,-1.0,819,0.36752136752136755,0.07448107448107448,0.38217338217338215,0.32722832722832723,0.09523809523809523,0.2600732600732601,48.207196029776675,6.882783882783883
2023-04-25,1,1,0,1,0,0,0,0,2,0,0,0,2023,4,25,1,115,17,2,0,0,0,0.7818314824680298,0.6234898018587336,0.9175836260593937,-0.39754281428255595,0.8854560256532099,-0.4647231720437685,0.8660254037844387,-0.4999999999999998,0.0,0.0,2.0,0.0,0.0,0.0,0.3333333333333333,0.5773502691896255,1.0,1.0,0.8571428571428571,0.899735410842437,6.0,2.0,0.5,0.7595545253127515,7.0,2.0,0.6785714285714286,1.1239339452243235,19.0,5.0,0.8035714285714286,1.1023881985306907,45.0,5.0,0.6547619047619048,0.9999282819951028,55.0,5.0,1.0,1.0,1.0,819,0.36752136752136755,0.07448107448107448,0.38217338217338215,0.32722832722832723,0.09523809523809523,0.2600732600732601,48.207196029776675,6.882783882783883
2023-04-26,1,1,0,1,0,0,0,0,3,0,0,0,2023,4,26,2,116,17,2,0,0,0,0.9749279121818236,-0.22252093395631434,0.9106046300942162,-0.4132786077829042,0.8854560256532099,-0.4647231720437685,0.8660254037844387,-0.4999999999999998,1.0,0.0,0.0,0.0,0.0,0.0,0.6666666666666666,0.5773502691896258,2.0,1.0,1.0,0.8164965809277257,7.0,2.0,0.5714285714285714,0.755928946018456,8.0,2.0,0.7142857142857143,1.1174422797967007,20.0,5.0,0.8035714285714286,1.1023881985306907,45.0,5.0,0.6666666666666666,0.9979899477163946,56.0,5.0,0.0,1.0,1.0,819,0.36752136752136755,0.07448107448107448,0.38217338217338215,0.32722832722832723,0.09523809523809523,0.2600732600732601,48.207196029776675,6.882783882783883
2023-04-27,0,0,0,0,0,0,0,0,0,0,0,0,2023,4,27,3,117,17,2,0,0,0,0.43388373911755823,-0.900968867902419,0.9033558023246845,-0.4288919379124835,0.8854560256532099,-0.4647231720437685,0.8660254037844387,-0.4999999999999998,1.0,1.0,0.0,1.0,1.0,0.0,0.6666666666666666,0.5773502691896258,2.0,1.0,0.8571428571428571,0.899735410842437,6.0,2.0,0.5,0.7595545253127515,7.0,2.0,0.7142857142857143,1.1174422797967007,20.0,5.0,0.8035714285714286,1.1023881985306907,45.0,5.0,0.6666666666666666,0.9979899477163946,56.0,5.0,-1.0,-1.0,0.0,819,0.36752136752136755,0.07448107448107448,0.38217338217338215,0.32722832722832723,0.09523809523809523,0.2600732600732601,48.207196029776675,6.882783882783883
2023-04-28,0,0,0,0,0,0,0,0,0,0,0,0,2023,4,28,4,118,17,2,0,0,1,-0.433883739117558,-0.9009688679024191,0.895839290734909,-0.4443781781046132,0.8854560256532099,-0.4647231720437685,0.8660254037844387,-0.4999999999999998,0.0,1.0,1.0,2.0,0.0,0.0,0.3333333333333333,0.5773502691896255,1.0,1.0,0.5714285714285714,0.786795792469443,4.0,2.0,0.5,0.7595545253127515,7.0,2.0,0.7142857142857143,1.1174422797967007,20.0,5.0,0.7321428571428571,1.017859990882323,41.0,5.0,0.6666666666666666,0.9979899477163946,56.0,5.0,0.0,-2.0,0.0,819,0.36752136752136755,0.07448107448107448,0.38217338217338215,0.32722832722832723,0.09523809523809523,0.2600732600732601,48.207196029776675,6.882783882783883
2023-04-29,0,0,0,0,0,0,0,0,0,0,0,0,2023,4,29,5,119,17,2,1,0,0,-0.9749279121818236,-0.2225209339563146,0.8880573226294932,-0.45973273945210397,0.8854560256532099,-0.4647231720437685,0.8660254037844387,-0.4999999999999998,0.0,0.0,1.0,2.0,0.0,5.0,0.0,0.0,0.0,0.0,0.2857142857142857,0.4879500364742666,2.0,1.0,0.5,0.7595545253127515,7.0,2.0,0.5357142857142857,0.7444681351359531,15.0,2.0,0.6785714285714286,0.9743462676844669,38.0,5.0,0.6666666666666666,0.9979899477163946,56.0,5.0,0.0,-2.0,-5.0,819,0.36752136752136755,0.07448107448107448,0.38217338217338215,0.32722832722832723,0.09523809523809523,0.2600732600732601,48.207196029776675,6.882783882783883
2023-04-30,0,0,0,0,0,0,0,0,0,0,0,0,2023,4,30,6,120,17,2,1,0,0,-0.7818314824680299,0.6234898018587334,0.8800122039735357,-0.47495107206704995,0.8854560256532099,-0.4647231720437685,0.8660254037844387,-0.4999999999999998,0.0,0.0,0.0,0.0,0.0,1.0,0.0,0.0,0.0,0.0,0.2857142857142857,0.4879500364742666,2.0,1.0,0.5,0.7595545253127515,7.0,2.0,0.5,0.7453559924999296,14.0,2.0,0.6607142857142857,0.9775067675057201,37.0,5.0,0.6666666666666666,0.9979899477163946,56.0,5.0,0.0,0.0,-1.0,819,0.36752136752136755,0.07448107448107448,0.38217338217338215,0.32722832722832723,0.09523809523809523,0.2600732600732601,48.207196029776675,6.882783882783883
2023-05-01,0,0,0,0,0,0,0,0,0,0,0,0,2023,5,1,0,121,18,2,0,1,0,0.0,1.0,0.8717063187093218,-0.4900286664290592,0.8229838658936565,-0.5680647467311557,0.49999999999999994,-0.8660254037844387,0.0,0.0,0.0,0.0,0.0,2.0,0.0,0.0,0.0,0.0,0.2857142857142857,0.4879500364742666,2.0,1.0,0.5,0.7595545253127515,7.0,2.0,0.42857142857142855,0.6900655593423538,12.0,2.0,0.6607142857142857,0.9775067675057201,37.0,5.0,0.6666666666666666,0.9979899477163946,56.0,5.0,0.0,0.0,-2.0,819,0.36752136752136755,0.07448107448107448,0.38217338217338215,0.32722832722832723,0.09523809523809523,0.2600732600732601,48.207196029776675,6.882783882783883
2023-05-02,0,0,0,0,0,0,0,0,0,0,0,0,2023,5,2,1,122,18,2,0,0,0,0.7818314824680298,0.6234898018587336,0.8631421280499114,-0.5049610547215204,0.8229838658936565,-0.5680647467311557,0.49999999999999994,-0.8660254037844387,0.0,0.0,0.0,1.0,0.0,1.0,0.0,0.0,0.0,0.0,0.14285714285714285,0.3779644730092274,1.0,1.0,0.5,0.7595545253127515,7.0,2.0,0.39285714285714285,0.6852566815265059,11.0,2.0,0.625,0.9641293764560107,35.0,5.0,0.6666666666666666,0.9979899477163946,56.0,5.0,0.0,-1.0,-1.0,819,0.36752136752136755,0.07448107448107448,0.38217338217338215,0.32722832722832723,0.09523809523809523,0.2600732600732601,48.207196029776675,6.882783882783883
2023-05-03,0,0,0,0,0,0,0,0,0,0,0,0,2023,5,3,2,123,18,2,0,0,0,0.9749279121818236,-0.22252093395631434,0.854322169749827,-0.5197438121555155,0.8229838658936565,-0.5680647467311557,0.49999999999999994,-0.8660254037844387,0.0,0.0,0.0,1.0,0.0,0.0,0.0,0.0,0.0,0.0,0.0,0.0,0.0,0.0,0.5,0.7595545253127515,7.0,2.0,0.39285714285714285,0.6852566815265059,11.0,2.0,0.625,0.9641293764560107,35.0,5.0,0.6547619047619048,0.9999282819951028,55.0,5.0,0.0,-1.0,0.0,819,0.36752136752136755,0.07448107448107448,0.38217338217338215,0.32722832722832723,0.09523809523809523,0.2600732600732601,48.207196029776675,6.882783882783883
2023-05-04,1,0,0,0,0,2,0,1,2,0,0,0,2023,5,4,3,124,18,2,0,0,0,0.43388373911755823,-0.900968867902419,0.8452490573530633,-0.5343725582809786,0.8229838658936565,-0.5680647467311557,0.49999999999999994,-0.8660254037844387,0.0,0.0,0.0,0.0,1.0,1.0,0.3333333333333333,0.5773502691896255,1.0,1.0,0.14285714285714285,0.3779644730092274,1.0,1.0,0.5,0.7595545253127515,7.0,2.0,0.39285714285714285,0.6852566815265059,11.0,2.0,0.6071428571428571,0.9473133575552489,34.0,5.0,0.6547619047619048,0.9999282819951028,55.0,5.0,1.0,1.0,0.0,819,0.36752136752136755,0.07448107448107448,0.38217338217338215,0.32722832722832723,0.09523809523809523,0.2600732600732601,48.207196029776675,6.882783882783883
2023-05-05,1,0,0,0,0,0,0,0,2,0,0,0,2023,5,5,4,125,18,2,0,0,1,-0.433883739117558,-0.9009688679024191,0.8359254794186372,-0.548842958284719,0.8229838658936565,-0.5680647467311557,0.49999999999999994,-0.8660254037844387,1.0,0.0,0.0,0.0,2.0,0.0,0.6666666666666666,0.5773502691896258,2.0,1.0,0.2857142857142857,0.4879500364742666,2.0,1.0,0.42857142857142855,0.6462061726588658,6.0,2.0,0.42857142857142855,0.6900655593423538,12.0,2.0,0.625,0.9450829689407273,35.0,5.0,0.6666666666666666,0.9979899477163946,56.0,5.0,0.0,1.0,1.0,819,0.36752136752136755,0.07448107448107448,0.38217338217338215,0.32722832722832723,0.09523809523809523,0.2600732600732601,48.207196029776675,6.882783882783883
2023-05-06,1,0,1,0,0,1,0,1,2,0,0,1,2023,5,6,5,126,18,2,1,0,0,-0.9749279121818236,-0.2225209339563146,0.8263541987239096,-0.5631507242749186,0.8229838658936565,-0.5680647467311557,0.49999999999999994,-0.8660254037844387,1.0,1.0,0.0,0.0,2.0,2.0,1.0,0.0,3.0,1.0,0.42857142857142855,0.5345224838248487,3.0,1.0,0.35714285714285715,0.49724515809884934,5.0,1.0,0.39285714285714285,0.6288900106557942,11.0,2.0,0.6071428571428571,0.927921850717485,34.0,5.0,0.6785714285714286,0.9959038310096118,57.0,5.0,0.0,1.0,-1.0,819,0.36752136752136755,0.07448107448107448,0.38217338217338215,0.32722832722832723,0.09523809523809523,0.2600732600732601,48.207196029776675,6.882783882783883
2023-05-07,1,0,0,0,0,0,0,0,2,0,0,1,2023,5,7,6,127,18,2,1,0,0,-0.7818314824680299,0.6234898018587334,0.8165380514459161,-0.5772916165517272,0.8229838658936565,-0.5680647467311557,0.49999999999999994,-0.8660254037844387,1.0,1.0,1.0,0.0,0.0,0.0,1.0,0.0,3.0,1.0,0.5714285714285714,0.5345224838248486,4.0,1.0,0.42857142857142855,0.5135525910130978,6.0,1.0,0.42857142857142855,0.6341264874742275,12.0,2.0,0.6071428571428571,0.927921850717485,34.0,5.0,0.6904761904761905,0.9936690011083299,58.0,5.0,0.0,1.0,1.0,819,0.36752136752136755,0.07448107448107448,0.38217338217338215,0.32722832722832723,0.09523809523809523,0.2600732600732601,48.207196029776675,6.882783882783883
2023-05-08,2,0,0,0,0,0,0,0,4,0,0,2,2023,5,8,0,128,19,2,0,1,0,0.0,1.0,0.8064799463209448,-0.5912614448635781,0.7485107481711013,-0.663122658240795,0.49999999999999994,-0.8660254037844387,1.0,1.0,1.0,0.0,0.0,0.0,1.3333333333333333,0.5773502691896264,4.0,2.0,0.8571428571428571,0.6900655593423538,6.0,2.0,0.5714285714285714,0.6462061726588658,8.0,2.0,0.5,0.6938886664887106,14.0,2.0,0.625,0.9450829689407273,35.0,5.0,0.7142857142857143,1.0008602152128285,60.0,5.0,1.0,2.0,2.0,819,0.36752136752136755,0.07448107448107448,0.38217338217338215,0.32722832722832723,0.09523809523809523,0.2600732600732601,48.207196029776675,6.882783882783883
2023-05-09,0,0,0,0,0,0,0,0,0,0,0,0,2023,5,9,1,129,19,2,0,0,0,0.7818314824680298,0.6234898018587336,0.7961828637826158,-0.6050560696488488,0.7485107481711013,-0.663122658240795,0.49999999999999994,-0.8660254037844387,2.0,1.0,1.0,0.0,1.0,0.0,1.0,1.0000000000000002,3.0,2.0,0.8571428571428571,0.6900655593423538,6.0,2.0,0.5,0.6504436355879927,7.0,2.0,0.5,0.6938886664887106,14.0,2.0,0.625,0.9450829689407273,35.0,5.0,0.7142857142857143,1.0008602152128285,60.0,5.0,-2.0,0.0,0.0,819,0.36752136752136755,0.07448107448107448,0.38217338217338215,0.32722832722832723,0.09523809523809523,0.2600732600732601,48.207196029776675,6.882783882783883
2023-05-10,1,0,0,0,0,0,0,0,2,0,0,0,2023,5,10,2,130,19,2,0,0,0,0.9749279121818236,-0.22252093395631434,0.7856498550787147,-0.6186714032625031,0.7485107481711013,-0.663122658240795,0.49999999999999994,-0.8660254037844387,0.0,2.0,1.0,0.0,1.0,0.0,1.0,1.0000000000000002,3.0,2.0,1.0,0.5773502691896252,7.0,2.0,0.5,0.6504436355879927,7.0,2.0,0.5357142857142857,0.6929348671835829,15.0,2.0,0.6428571428571429,0.9425028850415736,36.0,5.0,0.7142857142857143,1.0008602152128285,60.0,5.0,1.0,1.0,1.0,819,0.36752136752136755,0.07448107448107448,0.38217338217338215,0.32722832722832723,0.09523809523809523,0.2600732600732601,48.207196029776675,6.882783882783883
2023-05-11,2,1,0,1,0,0,0,0,4,0,0,0,2023,5,11,3,131,19,2,0,0,0,0.43388373911755823,-0.900968867902419,0.7748840413670407,-0.6321034111873487,0.7485107481711013,-0.663122658240795,0.49999999999999994,-0.8660254037844387,1.0,0.0,2.0,1.0,0.0,1.0,1.0,1.0000000000000002,3.0,2.0,1.1428571428571428,0.6900655593423535,8.0,2.0,0.6428571428571429,0.7449463436684934,9.0,2.0,0.5714285714285714,0.7417981870189154,16.0,2.0,0.6785714285714286,0.9555035389714757,38.0,5.0,0.7380952380952381,1.0074307966791234,62.0,5.0,1.0,1.0,1.0,819,0.36752136752136755,0.07448107448107448,0.38217338217338215,0.32722832722832723,0.09523809523809523,0.2600732600732601,48.207196029776675,6.882783882783883
2023-05-12,0,0,0,0,0,0,0,0,0,0,0,0,2023,5,12,4,132,19,2,0,0,1,-0.433883739117558,-0.9009688679024191,0.7638886127905428,-0.6453481132295501,0.7485107481711013,-0.663122658240795,0.49999999999999994,-0.8660254037844387,2.0,1.0,0.0,1.0,0.0,0.0,1.0,1.0000000000000002,3.0,2.0,1.0,0.8164965809277256,7.0,2.0,0.6428571428571429,0.7449463436684934,9.0,2.0,0.5714285714285714,0.7417981870189154,16.0,2.0,0.625,0.9057894597833134,35.0,5.0,0.7380952380952381,1.0074307966791234,62.0,5.0,-2.0,-1.0,0.0,819,0.36752136752136755,0.07448107448107448,0.38217338217338215,0.32722832722832723,0.09523809523809523,0.2600732600732601,48.207196029776675,6.882783882783883
2023-05-13,3,0,0,2,0,0,0,0,6,0,0,0,2023,5,13,5,133,19,2,1,0,0,-0.9749279121818236,-0.2225209339563146,0.7526668275320085,-0.6584015846980488,0.7485107481711013,-0.663122658240795,0.49999999999999994,-0.8660254037844387,0.0,2.0,1.0,1.0,0.0,0.0,1.6666666666666667,1.5275252316519468,5.0,3.0,1.2857142857142858,1.112697280528373,9.0,3.0,0.8571428571428571,0.9492622930986478,12.0,3.0,0.6785714285714286,0.8629652337776965,19.0,3.0,0.6785714285714286,0.9555035389714757,38.0,5.0,0.7380952380952381,1.0074307966791234,62.0,5.0,3.0,2.0,3.0,819,0.36752136752136755,0.07448107448107448,0.38217338217338215,0.32722832722832723,0.09523809523809523,0.2600732600732601,48.207196029776675,6.882783882783883
2023-05-14,0,0,0,0,0,0,0,0,0,0,0,0,2023,5,14,6,134,19,2,1,0,0,-0.7818314824680299,0.6234898018587334,0.7412220108485958,-0.6712599575675313,0.7485107481711013,-0.663122658240795,0.49999999999999994,-0.8660254037844387,3.0,0.0,2.0,1.0,0.0,0.0,1.0,1.7320508075688772,3.0,3.0,1.1428571428571428,1.2149857925879113,8.0,3.0,0.8571428571428571,0.9492622930986478,12.0,3.0,0.6785714285714286,0.8629652337776965,19.0,3.0,0.6607142857142857,0.9587261570207863,37.0,5.0,0.7261904761904762,1.0102032537485257,61.0,5.0,-3.0,-1.0,0.0,819,0.36752136752136755,0.07448107448107448,0.38217338217338215,0.32722832722832723,0.09523809523809523,0.2600732600732601,48.207196029776675,6.882783882783883
2023-05-15,0,0,0,0,0,0,0,0,0,0,0,0,2023,5,15,0,135,20,2,0,1,0,0.0,1.0,0.7295575540864875,-0.6839194216246106,0.6631226582407952,-0.7485107481711012,0.49999999999999994,-0.8660254037844387,0.0,3.0,0.0,2.0,0.0,0.0,1.0,1.7320508075688772,3.0,3.0,0.8571428571428571,1.2149857925879115,6.0,3.0,0.8571428571428571,0.9492622930986478,12.0,3.0,0.6785714285714286,0.8629652337776965,19.0,3.0,0.6428571428571429,0.9616003976056406,36.0,5.0,0.7261904761904762,1.0102032537485257,61.0,5.0,0.0,-2.0,0.0,819,0.36752136752136755,0.07448107448107448,0.38217338217338215,0.32722832722832723,0.09523809523809523,0.2600732600732601,48.207196029776675,6.882783882783883
2023-05-16,1,0,0,0,0,1,0,1,2,0,0,0,2023,5,16,1,136,20,2,0,0,0,0.7818314824680298,0.6234898018587336,0.717676913675962,-0.6963762255968722,0.6631226582407952,-0.7485107481711012,0.49999999999999994,-0.8660254037844387,0.0,0.0,3.0,0.0,0.0,0.0,0.3333333333333333,0.5773502691896258,1.0,1.0,1.0,1.1547005383792512,7.0,3.0,0.9285714285714286,0.916874768253191,13.0,3.0,0.7142857142857143,0.8544932592822074,20.0,3.0,0.6428571428571429,0.9616003976056406,36.0,5.0,0.7261904761904762,1.0102032537485257,61.0,5.0,1.0,1.0,1.0,819,0.36752136752136755,0.07448107448107448,0.38217338217338215,0.32722832722832723,0.09523809523809523,0.2600732600732601,48.207196029776675,6.882783882783883
2023-05-17,0,0,0,0,0,0,0,0,0,0,0,0,2023,5,17,2,137,20,2,0,0,0,0.9749279121818236,-0.22252093395631434,0.705583610107178,-0.7086266782644596,0.6631226582407952,-0.7485107481711012,0.49999999999999994,-0.8660254037844387,1.0,0.0,0.0,1.0,0.0,0.0,0.3333333333333333,0.5773502691896258,1.0,1.0,0.8571428571428571,1.2149857925879115,6.0,3.0,0.9285714285714286,0.916874768253191,13.0,3.0,0.7142857142857143,0.8544932592822074,20.0,3.0,0.6428571428571429,0.9616003976056406,36.0,5.0,0.7142857142857143,1.0128265181846485,60.0,5.0,-1.0,-1.0,0.0,819,0.36752136752136755,0.07448107448107448,0.38217338217338215,0.32722832722832723,0.09523809523809523,0.2600732600732601,48.207196029776675,6.882783882783883
2023-05-18,0,0,0,0,0,0,0,0,0,0,0,0,2023,5,18,3,138,20,2,0,0,0,0.43388373911755823,-0.900968867902419,0.6932812268869777,-0.7206671495538609,0.6631226582407952,-0.7485107481711012,0.49999999999999994,-0.8660254037844387,0.0,1.0,0.0,2.0,1.0,1.0,0.3333333333333333,0.5773502691896258,1.0,1.0,0.5714285714285714,1.1338934190276817,4.0,3.0,0.8571428571428571,0.9492622930986478,12.0,3.0,0.6785714285714286,0.8629652337776965,19.0,3.0,0.625,0.9641293764560107,35.0,5.0,0.7142857142857143,1.0128265181846485,60.0,5.0,0.0,-2.0,-1.0,819,0.36752136752136755,0.07448107448107448,0.38217338217338215,0.32722832722832723,0.09523809523809523,0.2600732600732601,48.207196029776675,6.882783882783883
2023-05-19,2,2,0,2,0,0,0,0,4,0,0,0,2023,5,19,4,139,20,2,0,0,1,-0.433883739117558,-0.9009688679024191,0.6807734094770161,-0.7324940716135789,0.6631226582407952,-0.7485107481711012,0.49999999999999994,-0.8660254037844387,0.0,0.0,1.0,0.0,1.0,2.0,0.6666666666666666,1.1547005383792517,2.0,2.0,0.8571428571428571,1.2149857925879115,6.0,3.0,0.9285714285714286,0.9972489631508756,13.0,3.0,0.6785714285714286,0.8629652337776965,19.0,3.0,0.6428571428571429,0.9803259463254875,36.0,5.0,0.7380952380952381,1.0193199672525315,62.0,5.0,2.0,2.0,0.0,819,0.36752136752136755,0.07448107448107448,0.38217338217338215,0.32722832722832723,0.09523809523809523,0.2600732600732601,48.207196029776675,6.882783882783883
2023-05-20,4,0,1,2,0,1,0,1,8,1,1,1,2023,5,20,5,140,20,2,1,0,0,-0.9749279121818236,-0.2225209339563146,0.6680638642135335,-0.7441039398713607,0.6631226582407952,-0.7485107481711012,0.49999999999999994,-0.8660254037844387,2.0,0.0,0.0,3.0,1.0,2.0,2.0,2.0,6.0,4.0,1.0,1.5275252316519465,7.0,4.0,1.1428571428571428,1.2924123453177288,16.0,4.0,0.75,1.0408329997330663,21.0,4.0,0.7142857142857143,1.0738932690201362,40.0,5.0,0.7857142857142857,1.0762656161096877,66.0,5.0,2.0,1.0,2.0,819,0.36752136752136755,0.07448107448107448,0.38217338217338215,0.32722832722832723,0.09523809523809523,0.2600732600732601,48.207196029776675,6.882783882783883
2023-05-21,0,0,0,0,0,0,0,0,0,0,0,0,2023,5,21,6,141,20,2,1,0,0,-0.7818314824680299,0.6234898018587334,0.6551563572090853,-0.7554933140726803,0.6631226582407952,-0.7485107481711012,0.49999999999999994,-0.8660254037844387,4.0,2.0,0.0,0.0,1.0,0.0,2.0,2.0,6.0,4.0,1.0,1.5275252316519463,7.0,4.0,1.0714285714285714,1.3280573269766127,15.0,4.0,0.75,1.0408329997330663,21.0,4.0,0.7142857142857143,1.0738932690201362,40.0,5.0,0.7857142857142857,1.0762656161096877,66.0,5.0,-4.0,0.0,0.0,819,0.36752136752136755,0.07448107448107448,0.38217338217338215,0.32722832722832723,0.09523809523809523,0.2600732600732601,48.207196029776675,6.882783882783883
2023-05-22,0,0,0,0,0,0,0,0,0,0,0,0,2023,5,22,0,142,21,2,0,1,0,0.0,1.0,0.6420547132365637,-0.766658819300159,0.5680647467311558,-0.8229838658936564,0.49999999999999994,-0.8660254037844387,0.0,4.0,2.0,0.0,2.0,0.0,1.3333333333333333,2.309401076758503,4.0,4.0,1.0,1.5275252316519463,7.0,4.0,0.9285714285714286,1.3280573269766127,13.0,4.0,0.75,1.0408329997330663,21.0,4.0,0.6964285714285714,1.077364509214169,39.0,5.0,0.7857142857142857,1.0762656161096877,66.0,5.0,0.0,0.0,0.0,819,0.36752136752136755,0.07448107448107448,0.38217338217338215,0.32722832722832723,0.09523809523809523,0.2600732600732601,48.207196029776675,6.882783882783883
2023-05-23,1,0,0,0,0,0,0,0,2,0,0,0,2023,5,23,1,143,21,2,0,0,0,0.7818314824680298,0.6234898018587336,0.6287628145958344,-0.7775971469736269,0.5680647467311558,-0.8229838658936564,0.49999999999999994,-0.8660254037844387,0.0,0.0,4.0,1.0,0.0,1.0,0.3333333333333333,0.5773502691896245,1.0,1.0,1.0,1.5275252316519463,7.0,4.0,1.0,1.3008872711759825,14.0,4.0,0.75,1.0408329997330663,21.0,4.0,0.7142857142857143,1.0738932690201362,40.0,5.0,0.7857142857142857,1.0762656161096877,66.0,5.0,1.0,0.0,0.0,819,0.36752136752136755,0.07448107448107448,0.38217338217338215,0.32722832722832723,0.09523809523809523,0.2600732600732601,48.207196029776675,6.882783882783883
2023-05-24,2,2,0,0,0,0,0,0,4,0,0,0,2023,5,24,2,144,21,2,0,0,0,0.9749279121818236,-0.22252093395631434,0.6152845999633276,-0.7883050558305255,0.5680647467311558,-0.8229838658936564,0.49999999999999994,-0.8660254037844387,1.0,0.0,0.0,0.0,1.0,1.0,1.0,0.9999999999999996,3.0,2.0,1.2857142857142858,1.4960264830861907,9.0,4.0,1.0714285714285714,1.3280573269766127,15.0,4.0,0.7857142857142857,1.0665674557036406,22.0,4.0,0.75,1.082925331095027,42.0,5.0,0.7976190476190477,1.084166015660118,67.0,5.0,1.0,2.0,1.0,819,0.36752136752136755,0.07448107448107448,0.38217338217338215,0.32722832722832723,0.09523809523809523,0.2600732600732601,48.207196029776675,6.882783882783883
2023-05-25,1,0,0,0,0,1,0,1,2,0,0,0,2023,5,25,3,145,21,2,0,0,0,0.43388373911755823,-0.900968867902419,0.6016240632249226,-0.7987793728863649,0.5680647467311558,-0.8229838658936564,0.49999999999999994,-0.8660254037844387,2.0,1.0,0.0,0.0,2.0,0.0,1.3333333333333333,0.5773502691896254,4.0,2.0,1.4285714285714286,1.397276262011543,10.0,4.0,1.0,1.3008872711759825,14.0,4.0,0.8214285714285714,1.0559731838826991,23.0,4.0,0.7678571428571429,1.078569278401573,43.0,5.0,0.8095238095238095,1.0807872016867572,68.0,5.0,-1.0,1.0,1.0,819,0.36752136752136755,0.07448107448107448,0.38217338217338215,0.32722832722832723,0.09523809523809523,0.2600732600732601,48.207196029776675,6.882783882783883
2023-05-26,3,0,0,0,0,0,0,0,10,0,0,2,2023,5,26,4,146,21,2,0,0,1,-0.433883739117558,-0.9009688679024191,0.5877852522924732,-0.8090169943749473,0.5680647467311558,-0.8229838658936564,0.49999999999999994,-0.8660254037844387,1.0,2.0,1.0,2.0,0.0,0.0,2.0,1.0,6.0,3.0,1.5714285714285714,1.5118578920369081,11.0,4.0,1.2142857142857142,1.3688047244316393,17.0,4.0,0.9285714285714286,1.1198072396480805,26.0,4.0,0.8214285714285714,1.1136694932787474,46.0,5.0,0.7976190476190477,1.050298430392919,67.0,5.0,2.0,1.0,3.0,819,0.36752136752136755,0.07448107448107448,0.38217338217338215,0.32722832722832723,0.09523809523809523,0.2600732600732601,48.207196029776675,6.882783882783883
2023-05-27,1,0,0,1,0,0,0,0,2,0,0,0,2023,5,27,5,147,21,2,1,0,0,-0.9749279121818236,-0.2225209339563146,0.5737722679043246,-0.8190148866680801,0.5680647467311558,-0.8229838658936564,0.49999999999999994,-0.8660254037844387,3.0,1.0,2.0,4.0,3.0,0.0,1.6666666666666667,1.1547005383792515,5.0,3.0,1.1428571428571428,1.0690449676496967,8.0,3.0,1.0714285714285714,1.2688144505364494,15.0,4.0,0.9642857142857143,1.1049431980420852,27.0,4.0,0.75,0.9582180431310088,42.0,4.0,0.7738095238095238,1.0220601740730715,65.0,5.0,-2.0,-3.0,1.0,819,0.36752136752136755,0.07448107448107448,0.38217338217338215,0.32722832722832723,0.09523809523809523,0.2600732600732601,48.207196029776675,6.882783882783883
2023-05-28,0,0,0,0,0,0,0,0,0,0,0,0,2023,5,28,6,148,21,2,1,0,0,-0.7818314824680299,0.6234898018587334,0.5595892624101765,-0.8287700871745038,0.5680647467311558,-0.8229838658936564,0.49999999999999994,-0.8660254037844387,1.0,3.0,1.0,0.0,0.0,0.0,1.3333333333333333,1.5275252316519465,4.0,3.0,1.1428571428571428,1.0690449676496967,8.0,3.0,1.0714285714285714,1.2688144505364494,15.0,4.0,0.9642857142857143,1.1049431980420852,27.0,4.0,0.7321428571428571,0.9627814144176514,41.0,4.0,0.7619047619047619,1.0252128502953846,64.0,5.0,-1.0,0.0,0.0,819,0.36752136752136755,0.07448107448107448,0.38217338217338215,0.32722832722832723,0.09523809523809523,0.2600732600732601,48.207196029776675,6.882783882783883
2023-05-29,0,0,0,0,0,0,0,0,0,0,0,0,2023,5,29,0,149,22,2,0,1,0,0.0,1.0,0.545240438540651,-0.8382797052177744,0.46472317204376906,-0.8854560256532096,0.49999999999999994,-0.8660254037844387,0.0,1.0,3.0,0.0,0.0,0.0,0.3333333333333333,0.5773502691896248,1.0,1.0,1.1428571428571428,1.0690449676496967,8.0,3.0,1.0714285714285714,1.2688144505364494,15.0,4.0,0.9642857142857143,1.1049431980420852,27.0,4.0,0.6964285714285714,0.9519290053196366,39.0,4.0,0.7619047619047619,1.0252128502953846,64.0,5.0,0.0,0.0,0.0,819,0.36752136752136755,0.07448107448107448,0.38217338217338215,0.32722832722832723,0.09523809523809523,0.2600732600732601,48.207196029776675,6.882783882783883
2023-05-30,1,1,0,0,0,1,0,1,3,0,0,0,2023,5,30,1,150,22,2,0,0,0,0.7818314824680298,0.6234898018587336,0.5307300481619334,-0.8475409228928311,0.46472317204376906,-0.8854560256532096,0.49999999999999994,-0.8660254037844387,0.0,0.0,1.0,1.0,1.0,0.0,0.3333333333333333,0.5773502691896248,1.0,1.0,1.1428571428571428,1.0690449676496967,8.0,3.0,1.0714285714285714,1.2688144505364494,15.0,4.0,1.0,1.0886621079036345,28.0,4.0,0.6964285714285714,0.9519290053196366,39.0,4.0,0.75,1.0164312717151527,63.0,5.0,1.0,0.0,1.0,819,0.36752136752136755,0.07448107448107448,0.38217338217338215,0.32722832722832723,0.09523809523809523,0.2600732600732601,48.207196029776675,6.882783882783883
2023-05-31,0,0,0,0,0,0,0,0,0,0,0,0,2023,5,31,2,151,22,2,0,0,0,0.9749279121818236,-0.22252093395631434,0.5160623910158528,-0.8565509959010036,0.46472317204376906,-0.8854560256532096,0.49999999999999994,-0.8660254037844387,1.0,0.0,0.0,2.0,0.0,0.0,0.3333333333333333,0.5773502691896248,1.0,1.0,0.8571428571428571,1.069044967649697,6.0,3.0,1.0714285714285714,1.2688144505364494,15.0,4.0,1.0,1.0886621079036345,28.0,4.0,0.6964285714285714,0.9519290053196366,39.0,4.0,0.75,1.0164312717151527,63.0,5.0,-1.0,-2.0,0.0,819,0.36752136752136755,0.07448107448107448,0.38217338217338215,0.32722832722832723,0.09523809523809523,0.2600732600732601,48.207196029776675,6.882783882783883
2023-06-01,0,0,0,0,0,0,0,0,0,0,0,0,2023,6,1,3,152,22,2,0,0,0,0.43388373911755823,-0.900968867902419,0.5012418134457758,-0.865307254363206,0.46472317204376906,-0.8854560256532096,1.2246467991473532e-16,-1.0,0.0,1.0,0.0,1.0,0.0,1.0,0.3333333333333333,0.5773502691896248,1.0,1.0,0.7142857142857143,1.112697280528373,5.0,3.0,1.0714285714285714,1.2688144505364494,15.0,4.0,0.9642857142857143,1.1049431980420852,27.0,4.0,0.6785714285714286,0.9555035389714759,38.0,4.0,0.7261904761904762,1.010203253748526,61.0,5.0,0.0,-1.0,-1.0,819,0.36752136752136755,0.07448107448107448,0.38217338217338215,0.32722832722832723,0.09523809523809523,0.2600732600732601,48.207196029776675,6.882783882783883
2023-06-02,1,0,0,0,0,0,0,0,2,0,0,0,2023,6,2,4,153,22,2,0,0,1,-0.433883739117558,-0.9009688679024191,0.48627270710868997,-0.8738071036110808,0.46472317204376906,-0.8854560256532096,1.2246467991473532e-16,-1.0,0.0,0.0,1.0,3.0,2.0,1.0,0.3333333333333333,0.5773502691896248,1.0,1.0,0.42857142857142855,0.5345224838248482,3.0,1.0,1.0,1.2403473458920855,14.0,4.0,0.9642857142857143,1.1049431980420852,27.0,4.0,0.6964285714285714,0.9519290053196366,39.0,4.0,0.7380952380952381,1.0074307966791234,62.0,5.0,1.0,-2.0,0.0,819,0.36752136752136755,0.07448107448107448,0.38217338217338215,0.32722832722832723,0.09523809523809523,0.2600732600732601,48.207196029776675,6.882783882783883
2023-06-03,0,0,0,0,0,0,0,0,0,0,0,0,2023,6,3,5,154,22,2,1,0,0,-0.9749279121818236,-0.2225209339563146,0.4711595076738638,-0.8820480249558537,0.46472317204376906,-0.8854560256532096,1.2246467991473532e-16,-1.0,1.0,0.0,0.0,1.0,4.0,1.0,0.3333333333333333,0.5773502691896248,1.0,1.0,0.2857142857142857,0.48795003647426616,2.0,1.0,0.7142857142857143,0.9138735334633766,10.0,3.0,0.9285714285714286,1.1198072396480805,26.0,4.0,0.6607142857142857,0.9395702250455841,37.0,4.0,0.7142857142857143,1.0008602152128288,60.0,5.0,-1.0,-1.0,-1.0,819,0.36752136752136755,0.07448107448107448,0.38217338217338215,0.32722832722832723,0.09523809523809523,0.2600732600732601,48.207196029776675,6.882783882783883
2023-06-04,0,0,0,0,0,0,0,0,0,0,0,0,2023,6,4,6,155,22,2,1,0,0,-0.7818314824680299,0.6234898018587334,0.4559066935084588,-0.8900275764346767,0.46472317204376906,-0.8854560256532096,1.2246467991473532e-16,-1.0,0.0,1.0,0.0,0.0,0.0,1.0,0.3333333333333333,0.5773502691896248,1.0,1.0,0.2857142857142857,0.48795003647426616,2.0,1.0,0.7142857142857143,0.9138735334633766,10.0,3.0,0.8928571428571429,1.1333099904225383,25.0,4.0,0.6607142857142857,0.9395702250455841,37.0,4.0,0.7023809523809523,1.003364963867662,59.0,5.0,0.0,0.0,-1.0,819,0.36752136752136755,0.07448107448107448,0.38217338217338215,0.32722832722832723,0.09523809523809523,0.2600732600732601,48.207196029776675,6.882783882783883
2023-06-05,0,0,0,0,0,0,0,0,0,0,0,0,2023,6,5,0,156,23,2,0,1,0,0.0,1.0,0.440518784350495,-0.8977433935342337,0.35460488704253584,-0.9350162426854147,1.2246467991473532e-16,-1.0,0.0,0.0,1.0,0.0,0.0,2.0,0.0,0.0,0.0,0.0,0.2857142857142857,0.48795003647426616,2.0,1.0,0.7142857142857143,0.9138735334633766,10.0,3.0,0.8214285714285714,1.1239339452243235,23.0,4.0,0.6607142857142857,0.9395702250455841,37.0,4.0,0.6904761904761905,1.0057208704734109,58.0,5.0,0.0,0.0,-2.0,819,0.36752136752136755,0.07448107448107448,0.38217338217338215,0.32722832722832723,0.09523809523809523,0.2600732600732601,48.207196029776675,6.882783882783883
2023-06-06,0,0,0,0,0,0,0,0,0,0,0,0,2023,6,6,1,157,23,2,0,0,0,0.7818314824680298,0.6234898018587336,0.42500033996955416,-0.9051931898913974,0.35460488704253584,-0.9350162426854147,1.2246467991473532e-16,-1.0,0.0,0.0,0.0,1.0,1.0,0.0,0.0,0.0,0.0,0.0,0.14285714285714285,0.37796447300922686,1.0,1.0,0.6428571428571429,0.9287827316640662,9.0,3.0,0.8214285714285714,1.1239339452243235,23.0,4.0,0.6607142857142857,0.9395702250455841,37.0,4.0,0.6904761904761905,1.0057208704734109,58.0,5.0,0.0,-1.0,0.0,819,0.36752136752136755,0.07448107448107448,0.38217338217338215,0.32722832722832723,0.09523809523809523,0.2600732600732601,48.207196029776675,6.882783882783883
2023-06-07,0,0,0,0,0,0,0,0,0,0,0,0,2023,6,7,2,158,23,2,0,0,0,0.9749279121818236,-0.22252093395631434,0.4093559588156213,-0.9123747579707273,0.35460488704253584,-0.9350162426854147,1.2246467991473532e-16,-1.0,0.0,0.0,0.0,0.0,2.0,1.0,0.0,0.0,0.0,0.0,0.14285714285714285,0.37796447300922686,1.0,1.0,0.5,0.8548504142651117,7.0,3.0,0.7857142857142857,1.1338934190276815,22.0,4.0,0.6607142857142857,0.9395702250455841,37.0,4.0,0.6904761904761905,1.0057208704734109,58.0,5.0,0.0,0.0,-1.0,819,0.36752136752136755,0.07448107448107448,0.38217338217338215,0.32722832722832723,0.09523809523809523,0.2600732600732601,48.207196029776675,6.882783882783883
2023-06-08,1,0,0,0,0,1,0,1,1,0,0,0,2023,6,8,3,159,23,2,0,0,0,0.43388373911755823,-0.900968867902419,0.39359027665646673,-0.9192859697186104,0.35460488704253584,-0.9350162426854147,1.2246467991473532e-16,-1.0,0.0,0.0,0.0,0.0,1.0,2.0,0.3333333333333333,0.5773502691896248,1.0,1.0,0.2857142857142857,0.48795003647426616,2.0,1.0,0.5,0.8548504142651117,7.0,3.0,0.75,1.1097213530798986,21.0,4.0,0.6607142857142857,0.9395702250455841,37.0,4.0,0.7023809523809523,1.003364963867662,59.0,5.0,1.0,1.0,-1.0,819,0.36752136752136755,0.07448107448107448,0.38217338217338215,0.32722832722832723,0.09523809523809523,0.2600732600732601,48.207196029776675,6.882783882783883
2023-06-09,0,0,0,0,0,0,0,0,0,0,0,0,2023,6,9,4,160,23,2,0,0,1,-0.433883739117558,-0.9009688679024191,0.3777079652039649,-0.9259247771938498,0.35460488704253584,-0.9350162426854147,1.2246467991473532e-16,-1.0,1.0,0.0,0.0,1.0,3.0,0.0,0.3333333333333333,0.5773502691896248,1.0,1.0,0.14285714285714285,0.37796447300922686,1.0,1.0,0.2857142857142857,0.46880723093849785,4.0,1.0,0.75,1.1097213530798986,21.0,4.0,0.6607142857142857,0.9395702250455841,37.0,4.0,0.6666666666666666,0.9735456664474631,56.0,5.0,-1.0,-1.0,0.0,819,0.36752136752136755,0.07448107448107448,0.38217338217338215,0.32722832722832723,0.09523809523809523,0.2600732600732601,48.207196029776675,6.882783882783883
2023-06-10,1,1,0,1,0,0,0,0,2,1,1,0,2023,6,10,5,161,23,2,1,0,0,-0.9749279121818236,-0.2225209339563146,0.36171373072976765,-0.9322892131745133,0.35460488704253584,-0.9350162426854147,1.2246467991473532e-16,-1.0,0.0,1.0,0.0,0.0,1.0,3.0,0.6666666666666666,0.5773502691896252,2.0,1.0,0.2857142857142857,0.48795003647426616,2.0,1.0,0.2857142857142857,0.46880723093849785,4.0,1.0,0.6785714285714286,1.020296668133975,19.0,4.0,0.6785714285714286,0.9362816758985398,38.0,4.0,0.6785714285714286,0.9714070565603713,57.0,5.0,1.0,1.0,-2.0,819,0.36752136752136755,0.07448107448107448,0.38217338217338215,0.32722832722832723,0.09523809523809523,0.2600732600732601,48.207196029776675,6.882783882783883
2023-06-11,1,0,0,0,0,1,0,1,2,0,0,0,2023,6,11,6,162,23,2,1,0,0,-0.7818314824680299,0.6234898018587334,0.3456123126707335,-0.9383773917408641,0.35460488704253584,-0.9350162426854147,1.2246467991473532e-16,-1.0,1.0,0.0,1.0,0.0,0.0,0.0,0.6666666666666666,0.5773502691896252,2.0,1.0,0.42857142857142855,0.5345224838248482,3.0,1.0,0.35714285714285715,0.49724515809884917,5.0,1.0,0.7142857142857143,1.0131411680782823,20.0,4.0,0.6964285714285714,0.932633472916985,39.0,4.0,0.6785714285714286,0.9714070565603713,57.0,5.0,0.0,1.0,1.0,819,0.36752136752136755,0.07448107448107448,0.38217338217338215,0.32722832722832723,0.09523809523809523,0.2600732600732601,48.207196029776675,6.882783882783883
2023-06-12,0,0,0,0,0,0,0,0,0,0,0,0,2023,6,12,0,163,24,2,0,1,0,0.0,1.0,0.3294084822245304,-0.9441875088341993,0.23931566428755768,-0.970941817426052,1.2246467991473532e-16,-1.0,1.0,1.0,0.0,0.0,0.0,0.0,0.6666666666666666,0.5773502691896251,2.0,1.0,0.42857142857142855,0.5345224838248482,3.0,1.0,0.35714285714285715,0.49724515809884917,5.0,1.0,0.7142857142857143,1.0131411680782823,20.0,4.0,0.6964285714285714,0.932633472916985,39.0,4.0,0.6666666666666666,0.9735456664474631,56.0,5.0,-1.0,0.0,0.0,819,0.36752136752136755,0.07448107448107448,0.38217338217338215,0.32722832722832723,0.09523809523809523,0.2600732600732601,48.207196029776675,6.882783882783883
2023-06-13,0,0,0,0,0,0,0,0,0,0,0,0,2023,6,13,1,164,24,2,0,0,0,0.7818314824680298,0.6234898018587336,0.3131070409358269,-0.9497178427914316,0.23931566428755768,-0.970941817426052,1.2246467991473532e-16,-1.0,0.0,1.0,1.0,0.0,1.0,1.0,0.3333333333333333,0.5773502691896247,1.0,1.0,0.42857142857142855,0.5345224838248482,3.0,1.0,0.2857142857142857,0.46880723093849785,4.0,1.0,0.6785714285714286,1.020296668133975,19.0,4.0,0.6964285714285714,0.932633472916985,39.0,4.0,0.6547619047619048,0.9755325714958681,55.0,5.0,0.0,0.0,-1.0,819,0.36752136752136755,0.07448107448107448,0.38217338217338215,0.32722832722832723,0.09523809523809523,0.2600732600732601,48.207196029776675,6.882783882783883
2023-06-14,0,0,0,0,0,0,0,0,0,0,0,0,2023,6,14,2,165,24,2,0,0,0,0.9749279121818236,-0.22252093395631434,0.29671281927349075,-0.9549667548552551,0.23931566428755768,-0.970941817426052,1.2246467991473532e-16,-1.0,0.0,0.0,1.0,0.0,0.0,0.0,0.0,0.0,0.0,0.0,0.42857142857142855,0.5345224838248482,3.0,1.0,0.2857142857142857,0.46880723093849785,4.0,1.0,0.6785714285714286,1.020296668133975,19.0,4.0,0.6964285714285714,0.932633472916985,39.0,4.0,0.6547619047619048,0.9755325714958681,55.0,5.0,0.0,0.0,0.0,819,0.36752136752136755,0.07448107448107448,0.38217338217338215,0.32722832722832723,0.09523809523809523,0.2600732600732601,48.207196029776675,6.882783882783883
2023-06-15,0,0,0,0,0,0,0,0,0,0,0,0,2023,6,15,3,166,24,2,0,0,0,0.43388373911755823,-0.900968867902419,0.28023067519921585,-0.9599326896597447,0.23931566428755768,-0.970941817426052,1.2246467991473532e-16,-1.0,0.0,0.0,0.0,1.0,0.0,0.0,0.0,0.0,0.0,0.0,0.2857142857142857,0.48795003647426616,2.0,1.0,0.2857142857142857,0.46880723093849785,4.0,1.0,0.6785714285714286,1.020296668133975,19.0,4.0,0.6785714285714286,0.9362816758985398,38.0,4.0,0.6428571428571429,0.977368696914016,54.0,5.0,0.0,-1.0,0.0,819,0.36752136752136755,0.07448107448107448,0.38217338217338215,0.32722832722832723,0.09523809523809523,0.2600732600732601,48.207196029776675,6.882783882783883
2023-06-16,1,0,0,0,0,0,0,0,2,1,1,0,2023,6,16,4,167,24,2,0,0,1,-0.433883739117558,-0.9009688679024191,0.26366549272800704,-0.9646141756912435,0.23931566428755768,-0.970941817426052,1.2246467991473532e-16,-1.0,0.0,0.0,0.0,0.0,1.0,2.0,0.3333333333333333,0.5773502691896247,1.0,1.0,0.42857142857142855,0.5345224838248482,3.0,1.0,0.2857142857142857,0.46880723093849785,4.0,1.0,0.6428571428571429,0.9893613995077726,18.0,4.0,0.6607142857142857,0.9200155278192718,37.0,4.0,0.6428571428571429,0.977368696914016,54.0,5.0,1.0,1.0,-1.0,819,0.36752136752136755,0.07448107448107448,0.38217338217338215,0.32722832722832723,0.09523809523809523,0.2600732600732601,48.207196029776675,6.882783882783883
2023-06-17,1,0,0,0,0,0,0,0,2,0,0,1,2023,6,17,5,168,24,2,1,0,0,-0.9749279121818236,-0.2225209339563146,0.24702218048093552,-0.9690098257244062,0.23931566428755768,-0.970941817426052,1.2246467991473532e-16,-1.0,1.0,0.0,0.0,1.0,0.0,4.0,0.6666666666666666,0.5773502691896251,2.0,1.0,0.42857142857142855,0.5345224838248482,3.0,1.0,0.35714285714285715,0.49724515809884917,5.0,1.0,0.5357142857142857,0.744468135135953,15.0,3.0,0.6428571428571429,0.903097124114797,36.0,4.0,0.6547619047619048,0.9755325714958681,55.0,5.0,0.0,0.0,-3.0,819,0.36752136752136755,0.07448107448107448,0.38217338217338215,0.32722832722832723,0.09523809523809523,0.2600732600732601,48.207196029776675,6.882783882783883
2023-06-18,0,0,0,0,0,0,0,0,0,0,0,0,2023,6,18,6,169,24,2,1,0,0,-0.7818314824680299,0.6234898018587334,0.23030567023061221,-0.9731183372332619,0.23931566428755768,-0.970941817426052,1.2246467991473532e-16,-1.0,1.0,1.0,0.0,1.0,0.0,0.0,0.6666666666666666,0.5773502691896251,2.0,1.0,0.2857142857142857,0.48795003647426616,2.0,1.0,0.35714285714285715,0.49724515809884917,5.0,1.0,0.5357142857142857,0.744468135135953,15.0,3.0,0.6428571428571429,0.903097124114797,36.0,4.0,0.6547619047619048,0.9755325714958681,55.0,5.0,-1.0,-1.0,0.0,819,0.36752136752136755,0.07448107448107448,0.38217338217338215,0.32722832722832723,0.09523809523809523,0.2600732600732601,48.207196029776675,6.882783882783883
2023-06-19,1,1,0,0,0,0,0,0,2,0,0,0,2023,6,19,0,170,25,2,0,1,0,0.0,1.0,0.21352091543979612,-0.9769384927771817,0.12053668025532308,-0.992708874098054,1.2246467991473532e-16,-1.0,0.0,1.0,1.0,0.0,0.0,0.0,0.6666666666666666,0.5773502691896251,2.0,1.0,0.42857142857142855,0.5345224838248482,3.0,1.0,0.42857142857142855,0.5135525910130977,6.0,1.0,0.5714285714285714,0.7417981870189154,16.0,3.0,0.6607142857142857,0.9000360743131003,37.0,4.0,0.6547619047619048,0.9755325714958681,55.0,5.0,1.0,1.0,1.0,819,0.36752136752136755,0.07448107448107448,0.38217338217338215,0.32722832722832723,0.09523809523809523,0.2600732600732601,48.207196029776675,6.882783882783883
2023-06-20,0,0,0,0,0,0,0,0,0,0,0,0,2023,6,20,1,171,25,2,0,0,0,0.7818314824680298,0.6234898018587336,0.19667288979357647,-0.980469160361632,0.12053668025532308,-0.992708874098054,1.2246467991473532e-16,-1.0,1.0,0.0,1.0,0.0,0.0,1.0,0.3333333333333333,0.5773502691896247,1.0,1.0,0.42857142857142855,0.5345224838248482,3.0,1.0,0.42857142857142855,0.5135525910130977,6.0,1.0,0.5357142857142857,0.744468135135953,15.0,3.0,0.6428571428571429,0.903097124114797,36.0,4.0,0.6547619047619048,0.9755325714958681,55.0,5.0,-1.0,0.0,-1.0,819,0.36752136752136755,0.07448107448107448,0.38217338217338215,0.32722832722832723,0.09523809523809523,0.2600732600732601,48.207196029776675,6.882783882783883
2023-06-21,1,0,0,0,0,2,0,1,2,0,0,0,2023,6,21,2,172,25,2,0,0,0,0.9749279121818236,-0.22252093395631434,0.1797665857255624,-0.9837092937736097,0.12053668025532308,-0.992708874098054,1.2246467991473532e-16,-1.0,0.0,1.0,0.0,0.0,0.0,2.0,0.6666666666666666,0.5773502691896251,2.0,1.0,0.5714285714285714,0.534522483824848,4.0,1.0,0.5,0.5188745216627729,7.0,1.0,0.5,0.6938886664887105,14.0,3.0,0.6428571428571429,0.903097124114797,36.0,4.0,0.6666666666666666,0.9735456664474631,56.0,5.0,1.0,1.0,-1.0,819,0.36752136752136755,0.07448107448107448,0.38217338217338215,0.32722832722832723,0.09523809523809523,0.2600732600732601,48.207196029776675,6.882783882783883
2023-06-22,0,0,0,0,0,0,0,0,0,0,0,0,2023,6,22,3,173,25,2,0,0,0,0.43388373911755823,-0.900968867902419,0.16280701293851715,-0.986657932891657,0.12053668025532308,-0.992708874098054,1.2246467991473532e-16,-1.0,1.0,0.0,1.0,0.0,1.0,1.0,0.3333333333333333,0.5773502691896247,1.0,1.0,0.5714285714285714,0.534522483824848,4.0,1.0,0.42857142857142855,0.5135525910130977,6.0,1.0,0.4642857142857143,0.6929348671835828,13.0,3.0,0.6428571428571429,0.903097124114797,36.0,4.0,0.6666666666666666,0.9735456664474631,56.0,5.0,-1.0,0.0,-1.0,819,0.36752136752136755,0.07448107448107448,0.38217338217338215,0.32722832722832723,0.09523809523809523,0.2600732600732601,48.207196029776675,6.882783882783883
2023-06-23,0,0,0,0,0,0,0,0,0,0,0,0,2023,6,23,4,174,25,2,0,0,1,-0.433883739117558,-0.9009688679024191,0.1457991969198751,-0.9893142039703663,0.12053668025532308,-0.992708874098054,1.2246467991473532e-16,-1.0,0.0,1.0,0.0,1.0,0.0,3.0,0.3333333333333333,0.5773502691896247,1.0,1.0,0.42857142857142855,0.5345224838248482,3.0,1.0,0.42857142857142855,0.5135525910130977,6.0,1.0,0.35714285714285715,0.4879500364742659,10.0,1.0,0.6428571428571429,0.903097124114797,36.0,4.0,0.6666666666666666,0.9735456664474631,56.0,5.0,0.0,-1.0,-3.0,819,0.36752136752136755,0.07448107448107448,0.38217338217338215,0.32722832722832723,0.09523809523809523,0.2600732600732601,48.207196029776675,6.882783882783883
2023-06-24,0,0,0,0,0,0,0,0,0,0,0,0,2023,6,24,5,175,25,2,1,0,0,-0.9749279121818236,-0.2225209339563146,0.12874817745258132,-0.99167731989929,0.12053668025532308,-0.992708874098054,1.2246467991473532e-16,-1.0,0.0,0.0,1.0,1.0,1.0,1.0,0.0,0.0,0.0,0.0,0.2857142857142857,0.48795003647426616,2.0,1.0,0.35714285714285715,0.49724515809884917,5.0,1.0,0.32142857142857145,0.4755948656056702,9.0,1.0,0.6428571428571429,0.903097124114797,36.0,4.0,0.6071428571428571,0.8504833089861483,51.0,4.0,0.0,-1.0,-1.0,819,0.36752136752136755,0.07448107448107448,0.38217338217338215,0.32722832722832723,0.09523809523809523,0.2600732600732601,48.207196029776675,6.882783882783883
2023-06-25,0,0,0,0,0,0,0,0,0,0,0,0,2023,6,25,6,176,25,2,1,0,0,-0.7818314824680299,0.6234898018587334,0.11165900712169512,-0.993746580436178,0.12053668025532308,-0.992708874098054,1.2246467991473532e-16,-1.0,0.0,0.0,0.0,0.0,1.0,0.0,0.0,0.0,0.0,0.0,0.2857142857142857,0.48795003647426616,2.0,1.0,0.2857142857142857,0.46880723093849785,4.0,1.0,0.32142857142857145,0.4755948656056702,9.0,1.0,0.6428571428571429,0.903097124114797,36.0,4.0,0.5952380952380952,0.8519155965185222,50.0,4.0,0.0,0.0,0.0,819,0.36752136752136755,0.07448107448107448,0.38217338217338215,0.32722832722832723,0.09523809523809523,0.2600732600732601,48.207196029776675,6.882783882783883
2023-06-26,0,0,0,0,0,0,0,0,0,0,0,0,2023,6,26,0,177,26,2,0,1,0,0.0,1.0,0.09453674981719912,-0.9955213724144752,-3.216245299353273e-16,-1.0,1.2246467991473532e-16,-1.0,0.0,0.0,0.0,1.0,0.0,0.0,0.0,0.0,0.0,0.0,0.14285714285714285,0.37796447300922686,1.0,1.0,0.2857142857142857,0.46880723093849785,4.0,1.0,0.32142857142857145,0.4755948656056702,9.0,1.0,0.6428571428571429,0.903097124114797,36.0,4.0,0.5714285714285714,0.8400475357420966,48.0,4.0,0.0,-1.0,0.0,819,0.36752136752136755,0.07448107448107448,0.38217338217338215,0.32722832722832723,0.09523809523809523,0.2600732600732601,48.207196029776675,6.882783882783883
2023-06-27,1,0,0,0,0,3,0,1,2,0,0,0,2023,6,27,1,178,26,2,0,0,0,0.7818314824680298,0.6234898018587336,0.07738647923346301,-0.9970011699250151,-3.216245299353273e-16,-1.0,1.2246467991473532e-16,-1.0,0.0,0.0,0.0,0.0,0.0,1.0,0.3333333333333333,0.5773502691896247,1.0,1.0,0.2857142857142857,0.48795003647426616,2.0,1.0,0.35714285714285715,0.49724515809884917,5.0,1.0,0.32142857142857145,0.4755948656056702,9.0,1.0,0.6607142857142857,0.9000360743131003,37.0,4.0,0.5714285714285714,0.8400475357420966,48.0,4.0,1.0,1.0,0.0,819,0.36752136752136755,0.07448107448107448,0.38217338217338215,0.32722832722832723,0.09523809523809523,0.2600732600732601,48.207196029776675,6.882783882783883
2023-06-28,0,0,0,0,0,0,0,0,0,0,0,0,2023,6,28,2,179,26,2,0,0,0,0.9749279121818236,-0.22252093395631434,0.06021327736579302,-0.9981855344718586,-3.216245299353273e-16,-1.0,1.2246467991473532e-16,-1.0,1.0,0.0,0.0,1.0,0.0,0.0,0.3333333333333333,0.5773502691896247,1.0,1.0,0.14285714285714285,0.37796447300922686,1.0,1.0,0.35714285714285715,0.49724515809884917,5.0,1.0,0.32142857142857145,0.4755948656056702,9.0,1.0,0.6607142857142857,0.9000360743131003,37.0,4.0,0.5714285714285714,0.8400475357420966,48.0,4.0,-1.0,-1.0,0.0,819,0.36752136752136755,0.07448107448107448,0.38217338217338215,0.32722832722832723,0.09523809523809523,0.2600732600732601,48.207196029776675,6.882783882783883
2023-06-29,1,1,0,1,0,0,0,0,2,0,0,0,2023,6,29,3,180,26,2,0,0,0,0.43388373911755823,-0.900968867902419,0.04302223300453059,-0.99907411510223,-3.216245299353273e-16,-1.0,1.2246467991473532e-16,-1.0,0.0,1.0,0.0,0.0,0.0,0.0,0.6666666666666666,0.5773502691896251,2.0,1.0,0.2857142857142857,0.48795003647426616,2.0,1.0,0.42857142857142855,0.5135525910130977,6.0,1.0,0.35714285714285715,0.4879500364742659,10.0,1.0,0.6607142857142857,0.9000360743131003,37.0,4.0,0.5714285714285714,0.8400475357420966,48.0,4.0,1.0,1.0,1.0,819,0.36752136752136755,0.07448107448107448,0.38217338217338215,0.32722832722832723,0.09523809523809523,0.2600732600732601,48.207196029776675,6.882783882783883
2023-06-30,1,0,0,0,0,2,0,1,2,0,0,0,2023,6,30,4,181,26,2,0,0,1,-0.433883739117558,-0.9009688679024191,0.02581844022713308,-0.9996666485105112,-3.216245299353273e-16,-1.0,1.2246467991473532e-16,-1.0,1.0,0.0,1.0,0.0,1.0,1.0,0.6666666666666666,0.5773502691896251,2.0,1.0,0.42857142857142855,0.5345224838248482,3.0,1.0,0.42857142857142855,0.5135525910130977,6.0,1.0,0.35714285714285715,0.4879500364742659,10.0,1.0,0.6607142857142857,0.9000360743131003,37.0,4.0,0.5833333333333334,0.838936982761028,49.0,4.0,0.0,1.0,0.0,819,0.36752136752136755,0.07448107448107448,0.38217338217338215,0.32722832722832723,0.09523809523809523,0.2600732600732601,48.207196029776675,6.882783882783883
2023-07-01,3,0,0,0,0,0,0,0,8,0,0,0,2023,7,1,5,182,26,3,1,0,0,-0.9749279121818236,-0.2225209339563146,0.008606996888688698,-0.9999629591162655,-3.216245299353273e-16,-1.0,-0.4999999999999997,-0.8660254037844388,1.0,1.0,0.0,0.0,1.0,0.0,1.6666666666666667,1.1547005383792517,5.0,3.0,0.8571428571428571,1.069044967649697,6.0,3.0,0.5714285714285714,0.8516306272526414,8.0,3.0,0.4642857142857143,0.6929348671835828,13.0,3.0,0.6964285714285714,0.9519290053196366,39.0,4.0,0.5952380952380952,0.8659425899756162,50.0,4.0,2.0,3.0,3.0,819,0.36752136752136755,0.07448107448107448,0.38217338217338215,0.32722832722832723,0.09523809523809523,0.2600732600732601,48.207196029776675,6.882783882783883
2023-07-02,0,0,0,0,0,0,0,0,0,0,0,0,2023,7,2,6,183,26,3,1,0,0,-0.7818314824680299,0.6234898018587334,-0.008606996888688009,-0.9999629591162655,-3.216245299353273e-16,-1.0,-0.4999999999999997,-0.8660254037844388,3.0,1.0,1.0,0.0,0.0,0.0,1.3333333333333333,1.5275252316519465,4.0,3.0,0.8571428571428571,1.069044967649697,6.0,3.0,0.5714285714285714,0.8516306272526414,8.0,3.0,0.4642857142857143,0.6929348671835828,13.0,3.0,0.6785714285714286,0.9555035389714758,38.0,4.0,0.5952380952380952,0.8659425899756162,50.0,4.0,-3.0,0.0,0.0,819,0.36752136752136755,0.07448107448107448,0.38217338217338215,0.32722832722832723,0.09523809523809523,0.2600732600732601,48.207196029776675,6.882783882783883
2023-07-03,1,1,0,1,0,0,0,0,2,0,0,0,2023,7,3,0,184,27,3,0,1,0,0.0,1.0,-0.02581844022713239,-0.9996666485105112,-0.12053668025532283,-0.992708874098054,-0.4999999999999997,-0.8660254037844388,0.0,3.0,1.0,0.0,1.0,0.0,1.3333333333333333,1.5275252316519465,4.0,3.0,1.0,0.9999999999999992,7.0,3.0,0.5714285714285714,0.8516306272526414,8.0,3.0,0.5,0.6938886664887105,14.0,3.0,0.6607142857142857,0.939570225045584,37.0,4.0,0.6071428571428571,0.8645335415159997,51.0,4.0,1.0,1.0,1.0,819,0.36752136752136755,0.07448107448107448,0.38217338217338215,0.32722832722832723,0.09523809523809523,0.2600732600732601,48.207196029776675,6.882783882783883
2023-07-04,0,0,0,0,0,0,0,0,0,0,0,0,2023,7,4,1,185,27,3,0,0,0,0.7818314824680298,0.6234898018587336,-0.04302223300453034,-0.99907411510223,-0.12053668025532283,-0.992708874098054,-0.4999999999999997,-0.8660254037844388,1.0,0.0,3.0,1.0,0.0,0.0,0.3333333333333333,0.5773502691896248,1.0,1.0,0.8571428571428571,1.069044967649697,6.0,3.0,0.5714285714285714,0.8516306272526414,8.0,3.0,0.5,0.6938886664887105,14.0,3.0,0.6607142857142857,0.939570225045584,37.0,4.0,0.6071428571428571,0.8645335415159997,51.0,4.0,-1.0,-1.0,0.0,819,0.36752136752136755,0.07448107448107448,0.38217338217338215,0.32722832722832723,0.09523809523809523,0.2600732600732601,48.207196029776675,6.882783882783883
2023-07-05,0,0,0,0,0,0,0,0,0,0,0,0,2023,7,5,2,186,27,3,0,0,0,0.9749279121818236,-0.22252093395631434,-0.060213277365792774,-0.9981855344718586,-0.12053668025532283,-0.992708874098054,-0.4999999999999997,-0.8660254037844388,0.0,1.0,0.0,0.0,1.0,0.0,0.3333333333333333,0.5773502691896248,1.0,1.0,0.8571428571428571,1.069044967649697,6.0,3.0,0.5,0.8548504142651117,7.0,3.0,0.5,0.6938886664887105,14.0,3.0,0.6428571428571429,0.9425028850415738,36.0,4.0,0.6071428571428571,0.8645335415159997,51.0,4.0,0.0,0.0,0.0,819,0.36752136752136755,0.07448107448107448,0.38217338217338215,0.32722832722832723,0.09523809523809523,0.2600732600732601,48.207196029776675,6.882783882783883
2023-07-06,0,0,0,0,0,0,0,0,0,0,0,0,2023,7,6,3,187,27,3,0,0,0,0.43388373911755823,-0.900968867902419,-0.07738647923346322,-0.9970011699250151,-0.12053668025532283,-0.992708874098054,-0.4999999999999997,-0.8660254037844388,0.0,0.0,1.0,1.0,0.0,1.0,0.0,0.0,0.0,0.0,0.7142857142857143,1.112697280528373,5.0,3.0,0.5,0.8548504142651117,7.0,3.0,0.4642857142857143,0.6929348671835828,13.0,3.0,0.6071428571428571,0.9279218507174851,34.0,4.0,0.5952380952380952,0.8659425899756162,50.0,4.0,0.0,-1.0,-1.0,819,0.36752136752136755,0.07448107448107448,0.38217338217338215,0.32722832722832723,0.09523809523809523,0.2600732600732601,48.207196029776675,6.882783882783883
2023-07-07,0,0,0,0,0,0,0,0,0,0,0,0,2023,7,7,4,188,27,3,0,0,1,-0.433883739117558,-0.9009688679024191,-0.09453674981719933,-0.9955213724144752,-0.12053668025532283,-0.992708874098054,-0.4999999999999997,-0.8660254037844388,0.0,0.0,0.0,1.0,0.0,0.0,0.0,0.0,0.0,0.0,0.5714285714285714,1.1338934190276813,4.0,3.0,0.5,0.8548504142651117,7.0,3.0,0.4642857142857143,0.6929348671835828,13.0,3.0,0.6071428571428571,0.9279218507174851,34.0,4.0,0.5952380952380952,0.8659425899756162,50.0,4.0,0.0,-1.0,0.0,819,0.36752136752136755,0.07448107448107448,0.38217338217338215,0.32722832722832723,0.09523809523809523,0.2600732600732601,48.207196029776675,6.882783882783883
2023-07-08,0,0,0,0,0,0,0,0,0,0,0,0,2023,7,8,5,189,27,3,1,0,0,-0.9749279121818236,-0.2225209339563146,-0.11165900712169444,-0.9937465804361781,-0.12053668025532283,-0.992708874098054,-0.4999999999999997,-0.8660254037844388,0.0,0.0,0.0,3.0,0.0,1.0,0.0,0.0,0.0,0.0,0.14285714285714285,0.3779644730092272,1.0,1.0,0.5,0.8548504142651117,7.0,3.0,0.42857142857142855,0.6900655593423538,12.0,3.0,0.5535714285714286,0.8721893634494101,31.0,4.0,0.5952380952380952,0.8659425899756162,50.0,4.0,0.0,-3.0,-1.0,819,0.36752136752136755,0.07448107448107448,0.38217338217338215,0.32722832722832723,0.09523809523809523,0.2600732600732601,48.207196029776675,6.882783882783883
2023-07-09,3,1,0,1,0,0,0,0,6,1,1,0,2023,7,9,6,190,27,3,1,0,0,-0.7818314824680299,0.6234898018587334,-0.12874817745258066,-0.99167731989929,-0.12053668025532283,-0.992708874098054,-0.4999999999999997,-0.8660254037844388,0.0,0.0,0.0,0.0,0.0,1.0,1.0,1.732050807568877,3.0,3.0,0.5714285714285714,1.1338934190276813,4.0,3.0,0.7142857142857143,1.0690449676496985,10.0,3.0,0.5,0.8388704928078607,14.0,3.0,0.6071428571428571,0.9279218507174851,34.0,4.0,0.6309523809523809,0.9022029518793461,53.0,4.0,3.0,3.0,2.0,819,0.36752136752136755,0.07448107448107448,0.38217338217338215,0.32722832722832723,0.09523809523809523,0.2600732600732601,48.207196029776675,6.882783882783883
2023-07-10,0,0,0,0,0,0,0,0,0,0,0,0,2023,7,10,0,191,28,3,0,1,0,0.0,1.0,-0.14579919691987442,-0.9893142039703664,-0.23931566428755743,-0.9709418174260521,-0.4999999999999997,-0.8660254037844388,3.0,0.0,0.0,1.0,0.0,0.0,1.0,1.732050807568877,3.0,3.0,0.42857142857142855,1.1338934190276815,3.0,3.0,0.7142857142857143,1.0690449676496985,10.0,3.0,0.5,0.8388704928078607,14.0,3.0,0.6071428571428571,0.9279218507174851,34.0,4.0,0.6309523809523809,0.9022029518793461,53.0,4.0,-3.0,-1.0,0.0,819,0.36752136752136755,0.07448107448107448,0.38217338217338215,0.32722832722832723,0.09523809523809523,0.2600732600732601,48.207196029776675,6.882783882783883
2023-07-11,0,0,0,0,0,0,0,0,0,0,0,0,2023,7,11,1,192,28,3,0,0,0,0.7818314824680298,0.6234898018587336,-0.16280701293851646,-0.9866579328916572,-0.23931566428755743,-0.9709418174260521,-0.4999999999999997,-0.8660254037844388,0.0,3.0,0.0,0.0,1.0,0.0,1.0,1.732050807568877,3.0,3.0,0.42857142857142855,1.1338934190276815,3.0,3.0,0.6428571428571429,1.0818177620697826,9.0,3.0,0.5,0.8388704928078607,14.0,3.0,0.5892857142857143,0.9298442824529229,33.0,4.0,0.6309523809523809,0.9022029518793461,53.0,4.0,0.0,0.0,0.0,819,0.36752136752136755,0.07448107448107448,0.38217338217338215,0.32722832722832723,0.09523809523809523,0.2600732600732601,48.207196029776675,6.882783882783883
2023-07-12,2,1,0,1,0,0,0,0,4,0,0,0,2023,7,12,2,193,28,3,0,0,0,0.9749279121818236,-0.22252093395631434,-0.17976658572556214,-0.9837092937736098,-0.23931566428755743,-0.9709418174260521,-0.4999999999999997,-0.8660254037844388,0.0,0.0,3.0,0.0,0.0,0.0,0.6666666666666666,1.1547005383792512,2.0,2.0,0.7142857142857143,1.2535663410560172,5.0,3.0,0.7857142857142857,1.1217137594956035,11.0,3.0,0.5714285714285714,0.8789122666607697,16.0,3.0,0.625,0.9450829689407273,35.0,4.0,0.6547619047619048,0.9116917627896489,55.0,4.0,2.0,2.0,2.0,819,0.36752136752136755,0.07448107448107448,0.38217338217338215,0.32722832722832723,0.09523809523809523,0.2600732600732601,48.207196029776675,6.882783882783883
2023-07-13,1,1,0,1,0,0,0,0,2,0,0,0,2023,7,13,3,194,28,3,0,0,0,0.43388373911755823,-0.900968867902419,-0.19667288979357622,-0.9804691603616321,-0.23931566428755743,-0.9709418174260521,-0.4999999999999997,-0.8660254037844388,2.0,0.0,0.0,0.0,1.0,0.0,1.0,0.9999999999999998,3.0,2.0,0.8571428571428571,1.2149857925879113,6.0,3.0,0.7857142857142857,1.1217137594956035,11.0,3.0,0.6071428571428571,0.8751417118804333,17.0,3.0,0.6428571428571429,0.9425028850415736,36.0,4.0,0.6547619047619048,0.9116917627896489,55.0,4.0,-1.0,1.0,1.0,819,0.36752136752136755,0.07448107448107448,0.38217338217338215,0.32722832722832723,0.09523809523809523,0.2600732600732601,48.207196029776675,6.882783882783883
2023-07-14,0,0,0,0,0,0,0,0,0,0,0,0,2023,7,14,4,195,28,3,0,0,1,-0.433883739117558,-0.9009688679024191,-0.2135209154397959,-0.9769384927771817,-0.23931566428755743,-0.9709418174260521,-0.4999999999999997,-0.8660254037844388,1.0,2.0,0.0,0.0,1.0,1.0,1.0,0.9999999999999998,3.0,2.0,0.8571428571428571,1.2149857925879113,6.0,3.0,0.7142857142857143,1.1387288073563868,10.0,3.0,0.5714285714285714,0.8789122666607697,16.0,3.0,0.6071428571428571,0.927921850717485,34.0,4.0,0.6309523809523809,0.9022029518793461,53.0,4.0,-1.0,0.0,-1.0,819,0.36752136752136755,0.07448107448107448,0.38217338217338215,0.32722832722832723,0.09523809523809523,0.2600732600732601,48.207196029776675,6.882783882783883
2023-07-15,0,0,0,0,0,0,0,0,0,0,0,0,2023,7,15,5,196,28,3,1,0,0,-0.9749279121818236,-0.2225209339563146,-0.23030567023061196,-0.973118337233262,-0.23931566428755743,-0.9709418174260521,-0.4999999999999997,-0.8660254037844388,0.0,1.0,2.0,0.0,3.0,1.0,0.3333333333333333,0.577350269189625,1.0,1.0,0.8571428571428571,1.2149857925879113,6.0,3.0,0.5,0.9405399431259615,7.0,3.0,0.5357142857142857,0.8811668550592594,15.0,3.0,0.5357142857142857,0.8082368175521051,30.0,3.0,0.6071428571428571,0.8919702996683995,51.0,4.0,0.0,0.0,-1.0,819,0.36752136752136755,0.07448107448107448,0.38217338217338215,0.32722832722832723,0.09523809523809523,0.2600732600732601,48.207196029776675,6.882783882783883
2023-07-16,0,0,0,0,0,0,0,0,0,0,0,0,2023,7,16,6,197,28,3,1,0,0,-0.7818314824680299,0.6234898018587334,-0.24702218048093527,-0.9690098257244063,-0.23931566428755743,-0.9709418174260521,-0.4999999999999997,-0.8660254037844388,0.0,0.0,1.0,3.0,0.0,0.0,0.0,0.0,0.0,0.0,0.42857142857142855,0.7867957924694428,3.0,2.0,0.5,0.9405399431259615,7.0,3.0,0.5357142857142857,0.8811668550592594,15.0,3.0,0.5357142857142857,0.8082368175521051,30.0,3.0,0.6071428571428571,0.8919702996683995,51.0,4.0,0.0,-3.0,0.0,819,0.36752136752136755,0.07448107448107448,0.38217338217338215,0.32722832722832723,0.09523809523809523,0.2600732600732601,48.207196029776675,6.882783882783883
2023-07-17,1,0,0,0,0,1,0,1,2,0,0,0,2023,7,17,0,198,29,3,0,1,0,0.0,1.0,-0.2636654927280072,-0.9646141756912435,-0.3546048870425356,-0.9350162426854148,-0.4999999999999997,-0.8660254037844388,0.0,0.0,0.0,0.0,1.0,1.0,0.3333333333333333,0.577350269189625,1.0,1.0,0.5714285714285714,0.7867957924694426,4.0,2.0,0.5,0.9405399431259615,7.0,3.0,0.5357142857142857,0.8811668550592594,15.0,3.0,0.5535714285714286,0.8072319224506537,31.0,3.0,0.6190476190476191,0.8904413675421914,52.0,4.0,1.0,1.0,0.0,819,0.36752136752136755,0.07448107448107448,0.38217338217338215,0.32722832722832723,0.09523809523809523,0.2600732600732601,48.207196029776675,6.882783882783883
2023-07-18,1,1,0,1,0,0,0,0,2,0,0,0,2023,7,18,1,199,29,3,0,0,0,0.7818314824680298,0.6234898018587336,-0.2802306751992161,-0.9599326896597445,-0.3546048870425356,-0.9350162426854148,-0.4999999999999997,-0.8660254037844388,1.0,0.0,0.0,0.0,0.0,0.0,0.6666666666666666,0.5773502691896251,2.0,1.0,0.7142857142857143,0.7559289460184538,5.0,2.0,0.5714285714285714,0.9376144618769919,8.0,3.0,0.5714285714285714,0.8789122666607697,16.0,3.0,0.5535714285714286,0.8072319224506537,31.0,3.0,0.6190476190476191,0.8904413675421914,52.0,4.0,0.0,1.0,1.0,819,0.36752136752136755,0.07448107448107448,0.38217338217338215,0.32722832722832723,0.09523809523809523,0.2600732600732601,48.207196029776675,6.882783882783883
2023-07-19,0,0,0,0,0,0,0,0,0,0,0,0,2023,7,19,2,200,29,3,0,0,0,0.9749279121818236,-0.22252093395631434,-0.2967128192734901,-0.9549667548552553,-0.3546048870425356,-0.9350162426854148,-0.4999999999999997,-0.8660254037844388,1.0,1.0,0.0,2.0,0.0,1.0,0.6666666666666666,0.5773502691896251,2.0,1.0,0.42857142857142855,0.5345224838248482,3.0,1.0,0.5714285714285714,0.9376144618769919,8.0,3.0,0.5357142857142857,0.8811668550592594,15.0,3.0,0.5178571428571429,0.7860388939849887,29.0,3.0,0.6071428571428571,0.8919702996683995,51.0,4.0,-1.0,-2.0,-1.0,819,0.36752136752136755,0.07448107448107448,0.38217338217338215,0.32722832722832723,0.09523809523809523,0.2600732600732601,48.207196029776675,6.882783882783883
2023-07-20,2,0,0,0,0,1,0,1,5,0,0,0,2023,7,20,3,201,29,3,0,0,0,0.43388373911755823,-0.900968867902419,-0.3131070409358267,-0.9497178427914317,-0.3546048870425356,-0.9350162426854148,-0.4999999999999997,-0.8660254037844388,0.0,1.0,1.0,1.0,0.0,0.0,1.0,0.9999999999999996,3.0,2.0,0.5714285714285714,0.7867957924694426,4.0,2.0,0.7142857142857143,0.9944903161976948,10.0,3.0,0.6071428571428571,0.9164862737363225,17.0,3.0,0.5357142857142857,0.8082368175521051,30.0,3.0,0.6309523809523809,0.9022029518793461,53.0,4.0,2.0,1.0,2.0,819,0.36752136752136755,0.07448107448107448,0.38217338217338215,0.32722832722832723,0.09523809523809523,0.2600732600732601,48.207196029776675,6.882783882783883
2023-07-21,0,0,0,0,0,0,0,0,0,0,0,0,2023,7,21,4,202,29,3,0,0,1,-0.433883739117558,-0.9009688679024191,-0.3294084822245302,-0.9441875088341994,-0.3546048870425356,-0.9350162426854148,-0.4999999999999997,-0.8660254037844388,2.0,0.0,1.0,0.0,0.0,0.0,0.6666666666666666,1.154700538379251,2.0,2.0,0.5714285714285714,0.7867957924694426,4.0,2.0,0.7142857142857143,0.9944903161976948,10.0,3.0,0.6071428571428571,0.9164862737363225,17.0,3.0,0.48214285714285715,0.7383291069231062,27.0,3.0,0.6309523809523809,0.9022029518793461,53.0,4.0,-2.0,0.0,0.0,819,0.36752136752136755,0.07448107448107448,0.38217338217338215,0.32722832722832723,0.09523809523809523,0.2600732600732601,48.207196029776675,6.882783882783883
2023-07-22,1,0,0,0,0,2,0,1,3,0,0,0,2023,7,22,5,203,29,3,1,0,0,-0.9749279121818236,-0.2225209339563146,-0.3456123126707333,-0.9383773917408642,-0.3546048870425356,-0.9350162426854148,-0.4999999999999997,-0.8660254037844388,0.0,2.0,0.0,0.0,0.0,0.0,1.0,0.9999999999999996,3.0,2.0,0.7142857142857143,0.7559289460184538,5.0,2.0,0.7857142857142857,0.9749612559222303,11.0,3.0,0.6428571428571429,0.9114207758701961,18.0,3.0,0.48214285714285715,0.7383291069231062,27.0,3.0,0.6428571428571429,0.9003728430235942,54.0,4.0,1.0,1.0,1.0,819,0.36752136752136755,0.07448107448107448,0.38217338217338215,0.32722832722832723,0.09523809523809523,0.2600732600732601,48.207196029776675,6.882783882783883
2023-07-23,0,0,0,0,0,0,0,0,0,0,0,0,2023,7,23,6,204,29,3,1,0,0,-0.7818314824680299,0.6234898018587334,-0.3617137307297674,-0.9322892131745134,-0.3546048870425356,-0.9350162426854148,-0.4999999999999997,-0.8660254037844388,1.0,0.0,2.0,0.0,3.0,0.0,0.3333333333333333,0.577350269189625,1.0,1.0,0.7142857142857143,0.7559289460184538,5.0,2.0,0.5714285714285714,0.7559289460184557,8.0,2.0,0.6428571428571429,0.9114207758701961,18.0,3.0,0.48214285714285715,0.7383291069231062,27.0,3.0,0.6428571428571429,0.9003728430235942,54.0,4.0,-1.0,0.0,0.0,819,0.36752136752136755,0.07448107448107448,0.38217338217338215,0.32722832722832723,0.09523809523809523,0.2600732600732601,48.207196029776675,6.882783882783883
2023-07-24,0,0,0,0,0,0,0,0,0,0,0,0,2023,7,24,0,205,30,3,0,1,0,0.0,1.0,-0.37770796520396466,-0.9259247771938499,-0.46472317204376806,-0.8854560256532101,-0.4999999999999997,-0.8660254037844388,0.0,1.0,0.0,1.0,0.0,0.0,0.3333333333333333,0.577350269189625,1.0,1.0,0.5714285714285714,0.7867957924694426,4.0,2.0,0.5714285714285714,0.7559289460184557,8.0,2.0,0.6428571428571429,0.9114207758701961,18.0,3.0,0.48214285714285715,0.7383291069231062,27.0,3.0,0.6428571428571429,0.9003728430235942,54.0,4.0,0.0,-1.0,0.0,819,0.36752136752136755,0.07448107448107448,0.38217338217338215,0.32722832722832723,0.09523809523809523,0.2600732600732601,48.207196029776675,6.882783882783883
2023-07-25,0,0,0,0,0,0,0,0,0,0,0,0,2023,7,25,1,206,30,3,0,0,0,0.7818314824680298,0.6234898018587336,-0.39359027665646645,-0.9192859697186105,-0.46472317204376806,-0.8854560256532101,-0.4999999999999997,-0.8660254037844388,0.0,0.0,1.0,1.0,0.0,1.0,0.0,0.0,0.0,0.0,0.42857142857142855,0.7867957924694428,3.0,2.0,0.5714285714285714,0.7559289460184557,8.0,2.0,0.6071428571428571,0.9164862737363225,17.0,3.0,0.4642857142857143,0.7376691969682926,26.0,3.0,0.6428571428571429,0.9003728430235942,54.0,4.0,0.0,-1.0,-1.0,819,0.36752136752136755,0.07448107448107448,0.38217338217338215,0.32722832722832723,0.09523809523809523,0.2600732600732601,48.207196029776675,6.882783882783883
2023-07-26,1,0,0,0,0,0,0,0,2,0,0,0,2023,7,26,2,207,30,3,0,0,0,0.9749279121818236,-0.22252093395631434,-0.4093559588156211,-0.9123747579707274,-0.46472317204376806,-0.8854560256532101,-0.4999999999999997,-0.8660254037844388,0.0,0.0,0.0,0.0,2.0,0.0,0.3333333333333333,0.577350269189625,1.0,1.0,0.5714285714285714,0.7867957924694426,4.0,2.0,0.5,0.6504436355879925,7.0,2.0,0.6428571428571429,0.9114207758701961,18.0,3.0,0.48214285714285715,0.7383291069231062,27.0,3.0,0.6547619047619048,0.8983793657449669,55.0,4.0,1.0,1.0,1.0,819,0.36752136752136755,0.07448107448107448,0.38217338217338215,0.32722832722832723,0.09523809523809523,0.2600732600732601,48.207196029776675,6.882783882783883
2023-07-27,0,0,0,0,0,0,0,0,0,0,0,0,2023,7,27,3,208,30,3,0,0,0,0.43388373911755823,-0.900968867902419,-0.42500033996955394,-0.9051931898913975,-0.46472317204376806,-0.8854560256532101,-0.4999999999999997,-0.8660254037844388,1.0,0.0,0.0,2.0,1.0,1.0,0.3333333333333333,0.5773502691896251,1.0,1.0,0.2857142857142857,0.4879500364742662,2.0,1.0,0.42857142857142855,0.6462061726588656,6.0,2.0,0.6071428571428571,0.9164862737363225,17.0,3.0,0.48214285714285715,0.7383291069231062,27.0,3.0,0.6428571428571429,0.9003728430235942,54.0,4.0,-1.0,-2.0,-1.0,819,0.36752136752136755,0.07448107448107448,0.38217338217338215,0.32722832722832723,0.09523809523809523,0.2600732600732601,48.207196029776675,6.882783882783883
2023-07-28,0,0,0,0,0,0,0,0,0,0,0,0,2023,7,28,4,209,30,3,0,0,1,-0.433883739117558,-0.9009688679024191,-0.4405187843504952,-0.8977433935342336,-0.46472317204376806,-0.8854560256532101,-0.4999999999999997,-0.8660254037844388,0.0,1.0,0.0,0.0,0.0,1.0,0.3333333333333333,0.5773502691896251,1.0,1.0,0.2857142857142857,0.4879500364742662,2.0,1.0,0.42857142857142855,0.6462061726588656,6.0,2.0,0.5714285714285714,0.9200874124564721,16.0,3.0,0.4642857142857143,0.7376691969682926,26.0,3.0,0.6309523809523809,0.9022029518793461,53.0,4.0,0.0,0.0,-1.0,819,0.36752136752136755,0.07448107448107448,0.38217338217338215,0.32722832722832723,0.09523809523809523,0.2600732600732601,48.207196029776675,6.882783882783883
2023-07-29,0,0,0,0,0,0,0,0,0,0,0,0,2023,7,29,5,210,30,3,1,0,0,-0.9749279121818236,-0.2225209339563146,-0.455906693508459,-0.8900275764346766,-0.46472317204376806,-0.8854560256532101,-0.4999999999999997,-0.8660254037844388,0.0,0.0,1.0,1.0,0.0,3.0,0.0,0.0,0.0,0.0,0.14285714285714285,0.377964473009227,1.0,1.0,0.42857142857142855,0.6462061726588656,6.0,2.0,0.4642857142857143,0.7926581093427846,13.0,3.0,0.4642857142857143,0.7376691969682926,26.0,3.0,0.6190476190476191,0.9038706846516136,52.0,4.0,0.0,-1.0,-3.0,819,0.36752136752136755,0.07448107448107448,0.38217338217338215,0.32722832722832723,0.09523809523809523,0.2600732600732601,48.207196029776675,6.882783882783883
2023-07-30,0,0,0,0,0,0,0,0,0,0,0,0,2023,7,30,6,211,30,3,1,0,0,-0.7818314824680299,0.6234898018587334,-0.47115950767386394,-0.8820480249558535,-0.46472317204376806,-0.8854560256532101,-0.4999999999999997,-0.8660254037844388,0.0,0.0,0.0,0.0,0.0,0.0,0.0,0.0,0.0,0.0,0.14285714285714285,0.377964473009227,1.0,1.0,0.42857142857142855,0.6462061726588656,6.0,2.0,0.4642857142857143,0.7926581093427846,13.0,3.0,0.4642857142857143,0.7376691969682926,26.0,3.0,0.6071428571428571,0.9053769386463867,51.0,4.0,0.0,0.0,0.0,819,0.36752136752136755,0.07448107448107448,0.38217338217338215,0.32722832722832723,0.09523809523809523,0.2600732600732601,48.207196029776675,6.882783882783883
2023-07-31,1,0,0,0,0,0,0,0,2,0,0,0,2023,7,31,0,212,31,3,0,1,0,0.0,1.0,-0.4862727071086902,-0.8738071036110807,-0.5680647467311556,-0.8229838658936566,-0.4999999999999997,-0.8660254037844388,0.0,0.0,0.0,0.0,1.0,1.0,0.3333333333333333,0.5773502691896251,1.0,1.0,0.2857142857142857,0.4879500364742662,2.0,1.0,0.42857142857142855,0.6462061726588656,6.0,2.0,0.4642857142857143,0.7926581093427846,13.0,3.0,0.48214285714285715,0.7383291069231062,27.0,3.0,0.5952380952380952,0.8933360735009057,50.0,4.0,1.0,1.0,0.0,819,0.36752136752136755,0.07448107448107448,0.38217338217338215,0.32722832722832723,0.09523809523809523,0.2600732600732601,48.207196029776675,6.882783882783883
2023-08-01,1,1,0,1,0,0,0,0,2,0,0,0,2023,8,1,1,213,31,3,0,0,0,0.7818314824680298,0.6234898018587336,-0.5012418134457756,-0.8653072543632061,-0.5680647467311556,-0.8229838658936566,-0.8660254037844385,-0.5000000000000004,1.0,0.0,0.0,0.0,1.0,0.0,0.6666666666666666,0.5773502691896252,2.0,1.0,0.42857142857142855,0.5345224838248482,3.0,1.0,0.42857142857142855,0.6462061726588656,6.0,2.0,0.5,0.7934920476158719,14.0,3.0,0.5,0.7385489458759974,28.0,3.0,0.6071428571428571,0.8919702996683995,51.0,4.0,0.0,1.0,1.0,819,0.36752136752136755,0.07448107448107448,0.38217338217338215,0.32722832722832723,0.09523809523809523,0.2600732600732601,48.207196029776675,6.882783882783883
2023-08-02,0,0,0,0,0,0,0,0,0,0,0,0,2023,8,2,2,214,31,3,0,0,0,0.9749279121818236,-0.22252093395631434,-0.5160623910158526,-0.8565509959010037,-0.5680647467311556,-0.8229838658936566,-0.8660254037844385,-0.5000000000000004,1.0,1.0,0.0,1.0,0.0,0.0,0.6666666666666666,0.5773502691896252,2.0,1.0,0.2857142857142857,0.4879500364742662,2.0,1.0,0.42857142857142855,0.6462061726588656,6.0,2.0,0.5,0.7934920476158719,14.0,3.0,0.5,0.7385489458759974,28.0,3.0,0.5952380952380952,0.8933360735009057,50.0,4.0,-1.0,-1.0,0.0,819,0.36752136752136755,0.07448107448107448,0.38217338217338215,0.32722832722832723,0.09523809523809523,0.2600732600732601,48.207196029776675,6.882783882783883
2023-08-03,1,1,0,1,0,0,0,0,3,0,0,0,2023,8,3,3,215,31,3,0,0,0,0.43388373911755823,-0.900968867902419,-0.5307300481619331,-0.8475409228928312,-0.5680647467311556,-0.8229838658936566,-0.8660254037844385,-0.5000000000000004,0.0,1.0,1.0,0.0,2.0,0.0,0.6666666666666666,0.5773502691896252,2.0,1.0,0.42857142857142855,0.5345224838248482,3.0,1.0,0.35714285714285715,0.497245158098849,5.0,1.0,0.5357142857142857,0.7926581093427846,15.0,3.0,0.5,0.7385489458759974,28.0,3.0,0.5833333333333334,0.8809678868555217,49.0,4.0,1.0,1.0,1.0,819,0.36752136752136755,0.07448107448107448,0.38217338217338215,0.32722832722832723,0.09523809523809523,0.2600732600732601,48.207196029776675,6.882783882783883
2023-08-04,2,2,0,1,0,3,0,2,5,1,1,0,2023,8,4,4,216,31,3,0,0,1,-0.433883739117558,-0.9009688679024191,-0.5452404385406507,-0.8382797052177745,-0.5680647467311556,-0.8229838658936566,-0.8660254037844385,-0.5000000000000004,1.0,0.0,1.0,0.0,0.0,0.0,1.0,0.9999999999999997,3.0,2.0,0.7142857142857143,0.7559289460184537,5.0,2.0,0.5,0.6504436355879925,7.0,2.0,0.6071428571428571,0.8317445171439012,17.0,3.0,0.5357142857142857,0.7619182899231924,30.0,3.0,0.6071428571428571,0.8919702996683994,51.0,4.0,1.0,2.0,2.0,819,0.36752136752136755,0.07448107448107448,0.38217338217338215,0.32722832722832723,0.09523809523809523,0.2600732600732601,48.207196029776675,6.882783882783883
2023-08-05,5,2,0,3,0,0,0,0,10,2,2,0,2023,8,5,5,217,31,3,1,0,0,-0.9749279121818236,-0.2225209339563146,-0.5595892624101763,-0.828770087174504,-0.5680647467311556,-0.8229838658936566,-0.8660254037844385,-0.5000000000000004,2.0,1.0,0.0,0.0,1.0,0.0,2.6666666666666665,2.081665999466133,8.0,5.0,1.4285714285714286,1.7182493859684485,10.0,5.0,0.7857142857142857,1.3688047244316393,11.0,5.0,0.7857142857142857,1.1660996354464568,22.0,5.0,0.6071428571428571,0.9663158043653406,34.0,5.0,0.6309523809523809,0.9790548910213449,53.0,5.0,3.0,5.0,5.0,819,0.36752136752136755,0.07448107448107448,0.38217338217338215,0.32722832722832723,0.09523809523809523,0.2600732600732601,48.207196029776675,6.882783882783883
2023-08-06,0,0,0,0,0,0,0,0,0,0,0,0,2023,8,6,6,218,31,3,1,0,0,-0.7818314824680299,0.6234898018587334,-0.5737722679043243,-0.8190148866680802,-0.5680647467311556,-0.8229838658936566,-0.8660254037844385,-0.5000000000000004,5.0,2.0,1.0,0.0,0.0,3.0,2.3333333333333335,2.5166114784235836,7.0,5.0,1.4285714285714286,1.7182493859684485,10.0,5.0,0.7857142857142857,1.3688047244316393,11.0,5.0,0.6785714285714286,1.0904831219021405,19.0,5.0,0.5892857142857143,0.9681620021141419,33.0,5.0,0.6309523809523809,0.9790548910213449,53.0,5.0,-5.0,0.0,-3.0,819,0.36752136752136755,0.07448107448107448,0.38217338217338215,0.32722832722832723,0.09523809523809523,0.2600732600732601,48.207196029776675,6.882783882783883
2023-08-07,0,0,0,0,0,0,0,0,0,0,0,0,2023,8,7,0,219,32,3,0,1,0,0.0,1.0,-0.5877852522924734,-0.8090169943749472,-0.663122658240795,-0.7485107481711013,-0.8660254037844385,-0.5000000000000004,0.0,5.0,2.0,1.0,0.0,0.0,1.6666666666666667,2.886751345948129,5.0,5.0,1.2857142857142858,1.799470821684874,9.0,5.0,0.7857142857142857,1.3688047244316393,11.0,5.0,0.6785714285714286,1.0904831219021405,19.0,5.0,0.5892857142857143,0.9681620021141419,33.0,5.0,0.6309523809523809,0.9790548910213449,53.0,5.0,0.0,-1.0,0.0,819,0.36752136752136755,0.07448107448107448,0.38217338217338215,0.32722832722832723,0.09523809523809523,0.2600732600732601,48.207196029776675,6.882783882783883
2023-08-08,0,0,0,0,0,0,0,0,0,0,0,0,2023,8,8,1,220,32,3,0,0,0,0.7818314824680298,0.6234898018587336,-0.6016240632249227,-0.7987793728863648,-0.663122658240795,-0.7485107481711013,-0.8660254037844385,-0.5000000000000004,0.0,0.0,5.0,1.0,0.0,0.0,0.0,0.0,0.0,0.0,1.1428571428571428,1.8644544714716085,8.0,5.0,0.7857142857142857,1.3688047244316393,11.0,5.0,0.6785714285714286,1.0904831219021405,19.0,5.0,0.5892857142857143,0.9681620021141419,33.0,5.0,0.6190476190476191,0.9805919272692329,52.0,5.0,0.0,-1.0,0.0,819,0.36752136752136755,0.07448107448107448,0.38217338217338215,0.32722832722832723,0.09523809523809523,0.2600732600732601,48.207196029776675,6.882783882783883
2023-08-09,0,0,0,0,0,0,0,0,0,0,0,0,2023,8,9,2,221,32,3,0,0,0,0.9749279121818236,-0.22252093395631434,-0.6152845999633277,-0.7883050558305253,-0.663122658240795,-0.7485107481711013,-0.8660254037844385,-0.5000000000000004,0.0,0.0,0.0,0.0,1.0,2.0,0.0,0.0,0.0,0.0,1.1428571428571428,1.8644544714716085,8.0,5.0,0.7142857142857143,1.3827826698682315,10.0,5.0,0.6071428571428571,1.0659471779799343,17.0,5.0,0.5892857142857143,0.9681620021141419,33.0,5.0,0.6190476190476191,0.9805919272692329,52.0,5.0,0.0,0.0,-2.0,819,0.36752136752136755,0.07448107448107448,0.38217338217338215,0.32722832722832723,0.09523809523809523,0.2600732600732601,48.207196029776675,6.882783882783883
2023-08-10,2,0,0,0,0,1,0,1,4,0,0,0,2023,8,10,3,222,32,3,0,0,0,0.43388373911755823,-0.900968867902419,-0.6287628145958345,-0.7775971469736268,-0.663122658240795,-0.7485107481711013,-0.8660254037844385,-0.5000000000000004,0.0,0.0,0.0,1.0,0.0,1.0,0.6666666666666666,1.1547005383792517,2.0,2.0,1.2857142857142858,1.8898223650461357,9.0,5.0,0.8571428571428571,1.406421692815487,12.0,5.0,0.6428571428571429,1.095928009067293,18.0,5.0,0.625,0.9828067413836213,35.0,5.0,0.6428571428571429,0.9896190960412851,54.0,5.0,2.0,1.0,1.0,819,0.36752136752136755,0.07448107448107448,0.38217338217338215,0.32722832722832723,0.09523809523809523,0.2600732600732601,48.207196029776675,6.882783882783883
2023-08-11,1,0,0,0,0,0,0,0,2,0,0,0,2023,8,11,4,223,32,3,0,0,1,-0.433883739117558,-0.9009688679024191,-0.6420547132365636,-0.7666588193001592,-0.663122658240795,-0.7485107481711013,-0.8660254037844385,-0.5000000000000004,2.0,0.0,0.0,2.0,0.0,0.0,1.0,1.0000000000000002,3.0,2.0,1.1428571428571428,1.8644544714716085,8.0,5.0,0.9285714285714286,1.3847680013570574,13.0,5.0,0.6785714285714286,1.0904831219021405,19.0,5.0,0.625,0.9828067413836213,35.0,5.0,0.6309523809523809,0.9790548910213449,53.0,5.0,-1.0,-1.0,1.0,819,0.36752136752136755,0.07448107448107448,0.38217338217338215,0.32722832722832723,0.09523809523809523,0.2600732600732601,48.207196029776675,6.882783882783883
2023-08-12,0,0,0,0,0,0,0,0,0,0,0,0,2023,8,12,5,224,32,3,1,0,0,-0.9749279121818236,-0.2225209339563146,-0.655156357209085,-0.7554933140726804,-0.663122658240795,-0.7485107481711013,-0.8660254037844385,-0.5000000000000004,1.0,2.0,0.0,5.0,0.0,0.0,1.0,1.0000000000000002,3.0,2.0,0.42857142857142855,0.7867957924694428,3.0,2.0,0.9285714285714286,1.3847680013570574,13.0,5.0,0.6785714285714286,1.0904831219021405,19.0,5.0,0.6071428571428571,0.9849517095420829,34.0,5.0,0.5833333333333334,0.9079081389408405,49.0,5.0,-1.0,-5.0,0.0,819,0.36752136752136755,0.07448107448107448,0.38217338217338215,0.32722832722832723,0.09523809523809523,0.2600732600732601,48.207196029776675,6.882783882783883
2023-08-13,1,0,0,0,0,0,0,0,2,0,0,0,2023,8,13,6,225,32,3,1,0,0,-0.7818314824680299,0.6234898018587334,-0.6680638642135333,-0.7441039398713608,-0.663122658240795,-0.7485107481711013,-0.8660254037844385,-0.5000000000000004,0.0,1.0,2.0,0.0,0.0,0.0,0.6666666666666666,0.5773502691896258,2.0,1.0,0.5714285714285714,0.7867957924694426,4.0,2.0,1.0,1.3587324409735155,14.0,5.0,0.7142857142857143,1.0837911120705752,20.0,5.0,0.625,0.9828067413836213,35.0,5.0,0.5952380952380952,0.9067225186131556,50.0,5.0,1.0,1.0,1.0,819,0.36752136752136755,0.07448107448107448,0.38217338217338215,0.32722832722832723,0.09523809523809523,0.2600732600732601,48.207196029776675,6.882783882783883
2023-08-14,0,0,0,0,0,0,0,0,0,0,0,0,2023,8,14,0,226,33,3,0,1,0,0.0,1.0,-0.6807734094770159,-0.7324940716135792,-0.7485107481711011,-0.6631226582407952,-0.8660254037844385,-0.5000000000000004,1.0,0.0,1.0,0.0,1.0,1.0,0.3333333333333333,0.5773502691896256,1.0,1.0,0.5714285714285714,0.7867957924694426,4.0,2.0,0.9285714285714286,1.3847680013570574,13.0,5.0,0.6785714285714286,1.0904831219021405,19.0,5.0,0.6071428571428571,0.9849517095420829,34.0,5.0,0.5952380952380952,0.9067225186131556,50.0,5.0,-1.0,0.0,-1.0,819,0.36752136752136755,0.07448107448107448,0.38217338217338215,0.32722832722832723,0.09523809523809523,0.2600732600732601,48.207196029776675,6.882783882783883
2023-08-15,0,0,0,0,0,0,0,0,0,0,0,0,2023,8,15,1,227,33,3,0,0,0,0.7818314824680298,0.6234898018587336,-0.6932812268869771,-0.7206671495538615,-0.7485107481711011,-0.6631226582407952,-0.8660254037844385,-0.5000000000000004,0.0,1.0,0.0,0.0,1.0,1.0,0.3333333333333333,0.5773502691896256,1.0,1.0,0.5714285714285714,0.7867957924694426,4.0,2.0,0.8571428571428571,1.406421692815487,12.0,5.0,0.6428571428571429,1.095928009067293,18.0,5.0,0.6071428571428571,0.9849517095420829,34.0,5.0,0.5833333333333334,0.9079081389408405,49.0,5.0,0.0,0.0,-1.0,819,0.36752136752136755,0.07448107448107448,0.38217338217338215,0.32722832722832723,0.09523809523809523,0.2600732600732601,48.207196029776675,6.882783882783883
2023-08-16,2,1,0,1,0,1,0,1,4,0,0,0,2023,8,16,2,228,33,3,0,0,0,0.9749279121818236,-0.22252093395631434,-0.7055836101071774,-0.70862667826446,-0.7485107481711011,-0.6631226582407952,-0.8660254037844385,-0.5000000000000004,0.0,0.0,1.0,0.0,0.0,0.0,0.6666666666666666,1.1547005383792515,2.0,2.0,0.8571428571428571,0.8997354108424367,6.0,2.0,1.0,1.4142135623730956,14.0,5.0,0.7142857142857143,1.1174422797967007,20.0,5.0,0.625,1.0011357187078727,35.0,5.0,0.5833333333333334,0.9079081389408405,49.0,5.0,2.0,2.0,2.0,819,0.36752136752136755,0.07448107448107448,0.38217338217338215,0.32722832722832723,0.09523809523809523,0.2600732600732601,48.207196029776675,6.882783882783883
2023-08-17,0,0,0,0,0,0,0,0,0,0,0,0,2023,8,17,3,229,33,3,0,0,0,0.43388373911755823,-0.900968867902419,-0.7176769136759615,-0.6963762255968726,-0.7485107481711011,-0.6631226582407952,-0.8660254037844385,-0.5000000000000004,2.0,0.0,0.0,2.0,1.0,2.0,0.6666666666666666,1.1547005383792515,2.0,2.0,0.5714285714285714,0.7867957924694426,4.0,2.0,0.9285714285714286,1.4392458342578496,13.0,5.0,0.6428571428571429,1.095928009067293,18.0,5.0,0.625,1.0011357187078727,35.0,5.0,0.5714285714285714,0.9089344255870235,48.0,5.0,-2.0,-2.0,-2.0,819,0.36752136752136755,0.07448107448107448,0.38217338217338215,0.32722832722832723,0.09523809523809523,0.2600732600732601,48.207196029776675,6.882783882783883
2023-08-18,0,0,0,0,0,0,0,0,0,0,0,0,2023,8,18,4,230,33,3,0,0,1,-0.433883739117558,-0.9009688679024191,-0.7295575540864876,-0.6839194216246105,-0.7485107481711011,-0.6631226582407952,-0.8660254037844385,-0.5000000000000004,0.0,2.0,0.0,1.0,2.0,0.0,0.6666666666666666,1.1547005383792515,2.0,2.0,0.42857142857142855,0.7867957924694428,3.0,2.0,0.7857142857142857,1.4238934396479708,11.0,5.0,0.6428571428571429,1.095928009067293,18.0,5.0,0.625,1.0011357187078727,35.0,5.0,0.5357142857142857,0.8704856499572018,45.0,5.0,0.0,-1.0,0.0,819,0.36752136752136755,0.07448107448107448,0.38217338217338215,0.32722832722832723,0.09523809523809523,0.2600732600732601,48.207196029776675,6.882783882783883
2023-08-19,0,0,0,0,0,0,0,0,0,0,0,0,2023,8,19,5,231,33,3,1,0,0,-0.9749279121818236,-0.2225209339563146,-0.7412220108485957,-0.6712599575675315,-0.7485107481711011,-0.6631226582407952,-0.8660254037844385,-0.5000000000000004,0.0,0.0,2.0,0.0,5.0,1.0,0.0,0.0,0.0,0.0,0.42857142857142855,0.7867957924694428,3.0,2.0,0.42857142857142855,0.7559289460184561,6.0,2.0,0.6071428571428571,1.1001442906807541,17.0,5.0,0.625,1.0011357187078727,35.0,5.0,0.5238095238095238,0.870897480254148,44.0,5.0,0.0,0.0,-1.0,819,0.36752136752136755,0.07448107448107448,0.38217338217338215,0.32722832722832723,0.09523809523809523,0.2600732600732601,48.207196029776675,6.882783882783883
2023-08-20,0,0,0,0,0,0,0,0,0,0,0,0,2023,8,20,6,232,33,3,1,0,0,-0.7818314824680299,0.6234898018587334,-0.7526668275320083,-0.6584015846980489,-0.7485107481711011,-0.6631226582407952,-0.8660254037844385,-0.5000000000000004,0.0,0.0,0.0,1.0,0.0,0.0,0.0,0.0,0.0,0.0,0.2857142857142857,0.7559289460184543,2.0,2.0,0.42857142857142855,0.7559289460184561,6.0,2.0,0.6071428571428571,1.1001442906807541,17.0,5.0,0.625,1.0011357187078727,35.0,5.0,0.5238095238095238,0.870897480254148,44.0,5.0,0.0,-1.0,0.0,819,0.36752136752136755,0.07448107448107448,0.38217338217338215,0.32722832722832723,0.09523809523809523,0.2600732600732601,48.207196029776675,6.882783882783883
2023-08-21,0,0,0,0,0,0,0,0,0,0,0,0,2023,8,21,0,233,34,3,0,1,0,0.0,1.0,-0.7638886127905429,-0.64534811322955,-0.8229838658936564,-0.5680647467311559,-0.8660254037844385,-0.5000000000000004,0.0,0.0,0.0,0.0,0.0,0.0,0.0,0.0,0.0,0.0,0.2857142857142857,0.7559289460184543,2.0,2.0,0.42857142857142855,0.7559289460184561,6.0,2.0,0.6071428571428571,1.1001442906807541,17.0,5.0,0.625,1.0011357187078727,35.0,5.0,0.5238095238095238,0.870897480254148,44.0,5.0,0.0,0.0,0.0,819,0.36752136752136755,0.07448107448107448,0.38217338217338215,0.32722832722832723,0.09523809523809523,0.2600732600732601,48.207196029776675,6.882783882783883
2023-08-22,0,0,0,0,0,0,0,0,0,0,0,0,2023,8,22,1,234,34,3,0,0,0,0.7818314824680298,0.6234898018587336,-0.7748840413670406,-0.6321034111873488,-0.8229838658936564,-0.5680647467311559,-0.8660254037844385,-0.5000000000000004,0.0,0.0,0.0,0.0,0.0,0.0,0.0,0.0,0.0,0.0,0.2857142857142857,0.7559289460184543,2.0,2.0,0.42857142857142855,0.7559289460184561,6.0,2.0,0.6071428571428571,1.1001442906807541,17.0,5.0,0.6071428571428571,1.0032414995869678,34.0,5.0,0.5119047619047619,0.8711444849805292,43.0,5.0,0.0,0.0,0.0,819,0.36752136752136755,0.07448107448107448,0.38217338217338215,0.32722832722832723,0.09523809523809523,0.2600732600732601,48.207196029776675,6.882783882783883
2023-08-23,1,0,0,0,0,0,0,0,2,0,0,0,2023,8,23,2,235,34,3,0,0,0,0.9749279121818236,-0.22252093395631434,-0.7856498550787144,-0.6186714032625032,-0.8229838658936564,-0.5680647467311559,-0.8660254037844385,-0.5000000000000004,0.0,0.0,0.0,2.0,0.0,1.0,0.3333333333333333,0.5773502691896255,1.0,1.0,0.14285714285714285,0.3779644730092272,1.0,1.0,0.5,0.7595545253127516,7.0,2.0,0.6071428571428571,1.1001442906807541,17.0,5.0,0.625,1.0011357187078727,35.0,5.0,0.5238095238095238,0.870897480254148,44.0,5.0,1.0,-1.0,0.0,819,0.36752136752136755,0.07448107448107448,0.38217338217338215,0.32722832722832723,0.09523809523809523,0.2600732600732601,48.207196029776675,6.882783882783883
2023-08-24,0,0,0,0,0,0,0,0,0,0,0,0,2023,8,24,3,236,34,3,0,0,0,0.43388373911755823,-0.900968867902419,-0.7961828637826154,-0.6050560696488494,-0.8229838658936564,-0.5680647467311559,-0.8660254037844385,-0.5000000000000004,1.0,0.0,0.0,0.0,2.0,0.0,0.3333333333333333,0.5773502691896255,1.0,1.0,0.14285714285714285,0.37796447300922714,1.0,1.0,0.35714285714285715,0.6333236937766529,5.0,2.0,0.6071428571428571,1.1001442906807541,17.0,5.0,0.6071428571428571,1.0032414995869678,34.0,5.0,0.5238095238095238,0.870897480254148,44.0,5.0,-1.0,0.0,0.0,819,0.36752136752136755,0.07448107448107448,0.38217338217338215,0.32722832722832723,0.09523809523809523,0.2600732600732601,48.207196029776675,6.882783882783883
2023-08-25,0,0,0,0,0,0,0,0,0,0,0,0,2023,8,25,4,237,34,3,0,0,1,-0.433883739117558,-0.9009688679024191,-0.8064799463209447,-0.5912614448635782,-0.8229838658936564,-0.5680647467311559,-0.8660254037844385,-0.5000000000000004,0.0,1.0,0.0,0.0,1.0,0.0,0.3333333333333333,0.5773502691896255,1.0,1.0,0.14285714285714285,0.37796447300922714,1.0,1.0,0.2857142857142857,0.6112498455021287,4.0,2.0,0.6071428571428571,1.1001442906807541,17.0,5.0,0.5892857142857143,1.0050198679951239,33.0,5.0,0.5119047619047619,0.8711444849805292,43.0,5.0,0.0,0.0,0.0,819,0.36752136752136755,0.07448107448107448,0.38217338217338215,0.32722832722832723,0.09523809523809523,0.2600732600732601,48.207196029776675,6.882783882783883
2023-08-26,0,0,0,0,0,0,0,0,0,0,0,0,2023,8,26,5,238,34,3,1,0,0,-0.9749279121818236,-0.2225209339563146,-0.8165380514459157,-0.5772916165517278,-0.8229838658936564,-0.5680647467311559,-0.8660254037844385,-0.5000000000000004,0.0,0.0,1.0,0.0,0.0,0.0,0.0,0.0,0.0,0.0,0.14285714285714285,0.37796447300922714,1.0,1.0,0.2857142857142857,0.6112498455021287,4.0,2.0,0.6071428571428571,1.1001442906807541,17.0,5.0,0.5357142857142857,0.9527813011348456,30.0,5.0,0.5119047619047619,0.8711444849805292,43.0,5.0,0.0,0.0,0.0,819,0.36752136752136755,0.07448107448107448,0.38217338217338215,0.32722832722832723,0.09523809523809523,0.2600732600732601,48.207196029776675,6.882783882783883
2023-08-27,0,0,0,0,0,0,0,0,0,0,0,0,2023,8,27,6,239,34,3,1,0,0,-0.7818314824680299,0.6234898018587334,-0.8263541987239094,-0.5631507242749187,-0.8229838658936564,-0.5680647467311559,-0.8660254037844385,-0.5000000000000004,0.0,0.0,0.0,0.0,1.0,0.0,0.0,0.0,0.0,0.0,0.14285714285714285,0.37796447300922714,1.0,1.0,0.21428571428571427,0.5789342235218418,3.0,2.0,0.6071428571428571,1.1001442906807541,17.0,5.0,0.5357142857142857,0.9527813011348456,30.0,5.0,0.5119047619047619,0.8711444849805292,43.0,5.0,0.0,0.0,0.0,819,0.36752136752136755,0.07448107448107448,0.38217338217338215,0.32722832722832723,0.09523809523809523,0.2600732600732601,48.207196029776675,6.882783882783883
2023-08-28,0,0,0,0,0,0,0,0,0,0,0,0,2023,8,28,0,240,35,3,0,1,0,0.0,1.0,-0.8359254794186365,-0.5488429582847199,-0.8854560256532096,-0.4647231720437691,-0.8660254037844385,-0.5000000000000004,0.0,0.0,0.0,0.0,0.0,1.0,0.0,0.0,0.0,0.0,0.14285714285714285,0.37796447300922714,1.0,1.0,0.21428571428571427,0.5789342235218418,3.0,2.0,0.5714285714285714,1.1031460542154952,16.0,5.0,0.5178571428571429,0.9532923128643361,29.0,5.0,0.5119047619047619,0.8711444849805292,43.0,5.0,0.0,0.0,-1.0,819,0.36752136752136755,0.07448107448107448,0.38217338217338215,0.32722832722832723,0.09523809523809523,0.2600732600732601,48.207196029776675,6.882783882783883
2023-08-29,3,2,0,2,0,1,0,1,6,0,0,0,2023,8,29,1,241,35,3,0,0,0,0.7818314824680298,0.6234898018587336,-0.8452490573530634,-0.5343725582809785,-0.8854560256532096,-0.4647231720437691,-0.8660254037844385,-0.5000000000000004,0.0,0.0,0.0,0.0,0.0,1.0,1.0,1.7320508075688774,3.0,3.0,0.5714285714285714,1.1338934190276813,4.0,3.0,0.42857142857142855,0.9376144618769922,6.0,3.0,0.6428571428571429,1.193013169784987,18.0,5.0,0.5714285714285714,1.0064725594803936,32.0,5.0,0.5476190476190477,0.9105110693141852,46.0,5.0,3.0,3.0,2.0,819,0.36752136752136755,0.07448107448107448,0.38217338217338215,0.32722832722832723,0.09523809523809523,0.2600732600732601,48.207196029776675,6.882783882783883
2023-08-30,1,0,0,0,0,0,0,0,2,0,0,0,2023,8,30,2,242,35,3,0,0,0,0.9749279121818236,-0.22252093395631434,-0.8543221697498269,-0.5197438121555157,-0.8854560256532096,-0.4647231720437691,-0.8660254037844385,-0.5000000000000004,3.0,0.0,0.0,1.0,2.0,0.0,1.3333333333333333,1.5275252316519468,4.0,3.0,0.5714285714285714,1.1338934190276813,4.0,3.0,0.35714285714285715,0.841897386141097,5.0,3.0,0.6785714285714286,1.188013325420073,19.0,5.0,0.5892857142857143,1.0050198679951239,33.0,5.0,0.5595238095238095,0.9098019177528475,47.0,5.0,-2.0,0.0,1.0,819,0.36752136752136755,0.07448107448107448,0.38217338217338215,0.32722832722832723,0.09523809523809523,0.2600732600732601,48.207196029776675,6.882783882783883
2023-08-31,1,0,0,0,0,0,0,0,2,0,0,1,2023,8,31,3,243,35,3,0,0,0,0.43388373911755823,-0.900968867902419,-0.8631421280499115,-0.5049610547215202,-0.8854560256532096,-0.4647231720437691,-0.8660254037844385,-0.5000000000000004,1.0,3.0,0.0,0.0,0.0,1.0,1.6666666666666667,1.1547005383792521,5.0,3.0,0.7142857142857143,1.1126972805283732,5.0,3.0,0.42857142857142855,0.8516306272526416,6.0,3.0,0.6785714285714286,1.188013325420073,19.0,5.0,0.6071428571428571,1.0032414995869678,34.0,5.0,0.5595238095238095,0.9098019177528475,47.0,5.0,0.0,1.0,0.0,819,0.36752136752136755,0.07448107448107448,0.38217338217338215,0.32722832722832723,0.09523809523809523,0.2600732600732601,48.207196029776675,6.882783882783883
2023-09-01,1,0,0,0,0,0,0,0,2,0,0,1,2023,9,1,4,244,35,3,0,0,1,-0.433883739117558,-0.9009688679024191,-0.8717063187093217,-0.4900286664290594,-0.8854560256532096,-0.4647231720437691,-1.0,-1.8369701987210297e-16,1.0,1.0,3.0,0.0,0.0,2.0,1.0,0.0,3.0,1.0,0.8571428571428571,1.069044967649697,6.0,3.0,0.5,0.8548504142651117,7.0,3.0,0.6428571428571429,1.1615534207286156,18.0,5.0,0.625,1.0011357187078727,35.0,5.0,0.5714285714285714,0.9089344255870234,48.0,5.0,0.0,1.0,-1.0,819,0.36752136752136755,0.07448107448107448,0.38217338217338215,0.32722832722832723,0.09523809523809523,0.2600732600732601,48.207196029776675,6.882783882783883
2023-09-02,0,0,0,0,0,0,0,0,0,0,0,0,2023,9,2,5,245,35,3,1,0,0,-0.9749279121818236,-0.2225209339563146,-0.8800122039735356,-0.4749510720670502,-0.8854560256532096,-0.4647231720437691,-1.0,-1.8369701987210297e-16,1.0,1.0,1.0,0.0,0.0,5.0,0.6666666666666666,0.5773502691896253,2.0,1.0,0.8571428571428571,1.069044967649697,6.0,3.0,0.5,0.8548504142651117,7.0,3.0,0.4642857142857143,0.792658109342784,13.0,3.0,0.625,1.0011357187078727,35.0,5.0,0.5595238095238095,0.9098019177528475,47.0,5.0,-1.0,0.0,-5.0,819,0.36752136752136755,0.07448107448107448,0.38217338217338215,0.32722832722832723,0.09523809523809523,0.2600732600732601,48.207196029776675,6.882783882783883
2023-09-03,0,0,0,0,0,0,0,0,0,0,0,0,2023,9,3,6,246,35,3,1,0,0,-0.7818314824680299,0.6234898018587334,-0.888057322629493,-0.4597327394521046,-0.8854560256532096,-0.4647231720437691,-1.0,-1.8369701987210297e-16,0.0,1.0,1.0,0.0,0.0,0.0,0.3333333333333333,0.5773502691896247,1.0,1.0,0.8571428571428571,1.069044967649697,6.0,3.0,0.5,0.8548504142651117,7.0,3.0,0.4642857142857143,0.792658109342784,13.0,3.0,0.5714285714285714,0.9507345075761715,32.0,5.0,0.5476190476190477,0.9105110693141852,46.0,5.0,0.0,0.0,0.0,819,0.36752136752136755,0.07448107448107448,0.38217338217338215,0.32722832722832723,0.09523809523809523,0.2600732600732601,48.207196029776675,6.882783882783883
2023-09-04,0,0,0,0,0,0,0,0,0,0,0,0,2023,9,4,0,247,36,3,0,1,0,0.0,1.0,-0.8958392907349089,-0.4443781781046134,-0.9350162426854147,-0.3546048870425359,-1.0,-1.8369701987210297e-16,0.0,0.0,1.0,0.0,0.0,0.0,0.0,0.0,0.0,0.0,0.8571428571428571,1.069044967649697,6.0,3.0,0.5,0.8548504142651117,7.0,3.0,0.4642857142857143,0.792658109342784,13.0,3.0,0.5714285714285714,0.9507345075761715,32.0,5.0,0.5476190476190477,0.9105110693141852,46.0,5.0,0.0,0.0,0.0,819,0.36752136752136755,0.07448107448107448,0.38217338217338215,0.32722832722832723,0.09523809523809523,0.2600732600732601,48.207196029776675,6.882783882783883
2023-09-05,1,0,0,0,0,0,0,0,3,0,0,0,2023,9,5,1,248,36,3,0,0,0,0.7818314824680298,0.6234898018587336,-0.9033558023246842,-0.4288919379124841,-0.9350162426854147,-0.3546048870425359,-1.0,-1.8369701987210297e-16,0.0,0.0,0.0,3.0,0.0,0.0,0.3333333333333333,0.5773502691896247,1.0,1.0,0.5714285714285714,0.5345224838248481,4.0,1.0,0.5714285714285714,0.8516306272526414,8.0,3.0,0.5,0.7934920476158713,14.0,3.0,0.5892857142857143,0.9491965159934098,33.0,5.0,0.5595238095238095,0.9098019177528475,47.0,5.0,1.0,-2.0,1.0,819,0.36752136752136755,0.07448107448107448,0.38217338217338215,0.32722832722832723,0.09523809523809523,0.2600732600732601,48.207196029776675,6.882783882783883
2023-09-06,0,0,0,0,0,0,0,0,0,0,0,0,2023,9,6,2,249,36,3,0,0,0,0.9749279121818236,-0.22252093395631434,-0.9106046300942162,-0.41327860778290443,-0.9350162426854147,-0.3546048870425359,-1.0,-1.8369701987210297e-16,1.0,0.0,0.0,1.0,1.0,0.0,0.3333333333333333,0.5773502691896247,1.0,1.0,0.42857142857142855,0.5345224838248483,3.0,1.0,0.5,0.8548504142651117,7.0,3.0,0.5,0.7934920476158713,14.0,3.0,0.5535714285714286,0.9326334729169848,31.0,5.0,0.5595238095238095,0.9098019177528475,47.0,5.0,-1.0,-1.0,0.0,819,0.36752136752136755,0.07448107448107448,0.38217338217338215,0.32722832722832723,0.09523809523809523,0.2600732600732601,48.207196029776675,6.882783882783883
2023-09-07,0,0,0,0,0,0,0,0,0,0,0,0,2023,9,7,3,250,36,3,0,0,0,0.43388373911755823,-0.900968867902419,-0.9175836260593934,-0.3975428142825566,-0.9350162426854147,-0.3546048870425359,-1.0,-1.8369701987210297e-16,0.0,1.0,0.0,1.0,0.0,2.0,0.3333333333333333,0.5773502691896247,1.0,1.0,0.2857142857142857,0.4879500364742664,2.0,1.0,0.5,0.8548504142651117,7.0,3.0,0.42857142857142855,0.7417981870189148,12.0,3.0,0.5357142857142857,0.9335033858688317,30.0,5.0,0.5595238095238095,0.9098019177528475,47.0,5.0,0.0,-1.0,-2.0,819,0.36752136752136755,0.07448107448107448,0.38217338217338215,0.32722832722832723,0.09523809523809523,0.2600732600732601,48.207196029776675,6.882783882783883
2023-09-08,0,0,0,0,0,0,0,0,0,0,0,0,2023,9,8,4,251,36,3,0,0,1,-0.433883739117558,-0.9009688679024191,-0.9242907221930934,-0.3816892202666586,-0.9350162426854147,-0.3546048870425359,-1.0,-1.8369701987210297e-16,0.0,0.0,1.0,1.0,0.0,1.0,0.0,0.0,0.0,0.0,0.14285714285714285,0.3779644730092273,1.0,1.0,0.5,0.8548504142651117,7.0,3.0,0.39285714285714285,0.737326788914381,11.0,3.0,0.5357142857142857,0.9335033858688317,30.0,5.0,0.5476190476190477,0.9105110693141852,46.0,5.0,0.0,-1.0,-1.0,819,0.36752136752136755,0.07448107448107448,0.38217338217338215,0.32722832722832723,0.09523809523809523,0.2600732600732601,48.207196029776675,6.882783882783883
2023-09-09,0,0,0,0,0,0,0,0,0,0,0,0,2023,9,9,5,252,36,3,1,0,0,-0.9749279121818236,-0.2225209339563146,-0.9307239310379793,-0.3657225234972692,-0.9350162426854147,-0.3546048870425359,-1.0,-1.8369701987210297e-16,0.0,0.0,0.0,0.0,0.0,0.0,0.0,0.0,0.0,0.0,0.14285714285714285,0.3779644730092273,1.0,1.0,0.5,0.8548504142651117,7.0,3.0,0.39285714285714285,0.737326788914381,11.0,3.0,0.5357142857142857,0.9335033858688317,30.0,5.0,0.5357142857142857,0.9110622500180315,45.0,5.0,0.0,0.0,0.0,819,0.36752136752136755,0.07448107448107448,0.38217338217338215,0.32722832722832723,0.09523809523809523,0.2600732600732601,48.207196029776675,6.882783882783883
2023-09-10,0,0,0,0,0,0,0,0,0,0,0,0,2023,9,10,6,253,36,3,1,0,0,-0.7818314824680299,0.6234898018587334,-0.9368813462954315,-0.34964745525122826,-0.9350162426854147,-0.3546048870425359,-1.0,-1.8369701987210297e-16,0.0,0.0,0.0,0.0,0.0,1.0,0.0,0.0,0.0,0.0,0.14285714285714285,0.3779644730092273,1.0,1.0,0.5,0.8548504142651117,7.0,3.0,0.35714285714285715,0.731020885058377,10.0,3.0,0.5357142857142857,0.9335033858688317,30.0,5.0,0.5357142857142857,0.9110622500180315,45.0,5.0,0.0,0.0,-1.0,819,0.36752136752136755,0.07448107448107448,0.38217338217338215,0.32722832722832723,0.09523809523809523,0.2600732600732601,48.207196029776675,6.882783882783883
2023-09-11,1,0,0,0,0,1,0,1,2,0,0,0,2023,9,11,0,254,37,3,0,1,0,0.0,1.0,-0.9427611433904206,-0.33346877891818705,-0.970941817426052,-0.23931566428755774,-1.0,-1.8369701987210297e-16,0.0,0.0,0.0,0.0,0.0,0.0,0.3333333333333333,0.5773502691896247,1.0,1.0,0.2857142857142857,0.4879500364742664,2.0,1.0,0.5714285714285714,0.8516306272526414,8.0,3.0,0.39285714285714285,0.737326788914381,11.0,3.0,0.5357142857142857,0.9335033858688317,30.0,5.0,0.5357142857142857,0.9110622500180315,45.0,5.0,1.0,1.0,1.0,819,0.36752136752136755,0.07448107448107448,0.38217338217338215,0.32722832722832723,0.09523809523809523,0.2600732600732601,48.207196029776675,6.882783882783883
2023-09-12,2,0,0,0,0,1,0,1,4,0,0,0,2023,9,12,1,255,37,3,0,0,0,0.7818314824680298,0.6234898018587336,-0.9483615800121716,-0.31719128858910595,-0.970941817426052,-0.23931566428755774,-1.0,-1.8369701987210297e-16,1.0,0.0,0.0,1.0,3.0,0.0,1.0,1.0,3.0,2.0,0.42857142857142855,0.7867957924694429,3.0,2.0,0.5,0.6504436355879926,7.0,2.0,0.4642857142857143,0.7926581093427839,13.0,3.0,0.5535714285714286,0.9519290053196365,31.0,5.0,0.5595238095238095,0.922949573426917,47.0,5.0,1.0,1.0,2.0,819,0.36752136752136755,0.07448107448107448,0.38217338217338215,0.32722832722832723,0.09523809523809523,0.2600732600732601,48.207196029776675,6.882783882783883
2023-09-13,3,1,0,1,0,0,0,0,7,0,0,2,2023,9,13,2,256,37,3,0,0,0,0.9749279121818236,-0.22252093395631434,-0.9536809966304455,-0.300819807635668,-0.970941817426052,-0.23931566428755774,-1.0,-1.8369701987210297e-16,2.0,1.0,0.0,0.0,1.0,2.0,2.0,1.0000000000000009,6.0,3.0,0.8571428571428571,1.2149857925879113,6.0,3.0,0.6428571428571429,0.9287827316640661,9.0,3.0,0.5,0.881917103688196,14.0,3.0,0.6071428571428571,1.0032414995869678,34.0,5.0,0.5833333333333334,0.9595221367554245,49.0,5.0,1.0,3.0,1.0,819,0.36752136752136755,0.07448107448107448,0.38217338217338215,0.32722832722832723,0.09523809523809523,0.2600732600732601,48.207196029776675,6.882783882783883
2023-09-14,0,0,0,0,0,0,0,0,0,0,0,0,2023,9,14,3,257,37,3,0,0,0,0.43388373911755823,-0.900968867902419,-0.9587178169872964,-0.2843591872810036,-0.970941817426052,-0.23931566428755774,-1.0,-1.8369701987210297e-16,3.0,2.0,1.0,0.0,1.0,0.0,1.6666666666666667,1.527525231651947,5.0,3.0,0.8571428571428571,1.2149857925879113,6.0,3.0,0.5714285714285714,0.9376144618769919,8.0,3.0,0.5,0.881917103688196,14.0,3.0,0.5714285714285714,0.9882425697283932,32.0,5.0,0.5833333333333334,0.9595221367554245,49.0,5.0,-3.0,0.0,0.0,819,0.36752136752136755,0.07448107448107448,0.38217338217338215,0.32722832722832723,0.09523809523809523,0.2600732600732601,48.207196029776675,6.882783882783883
2023-09-15,0,0,0,0,0,0,0,0,0,0,0,0,2023,9,15,4,258,37,3,0,0,1,-0.433883739117558,-0.9009688679024191,-0.9634705485641486,-0.26781430516217486,-0.970941817426052,-0.23931566428755774,-1.0,-1.8369701987210297e-16,0.0,3.0,2.0,0.0,1.0,0.0,1.0,1.7320508075688772,3.0,3.0,0.8571428571428571,1.2149857925879113,6.0,3.0,0.5,0.9405399431259615,7.0,3.0,0.5,0.881917103688196,14.0,3.0,0.5714285714285714,0.9882425697283932,32.0,5.0,0.5833333333333334,0.9595221367554245,49.0,5.0,0.0,0.0,0.0,819,0.36752136752136755,0.07448107448107448,0.38217338217338215,0.32722832722832723,0.09523809523809523,0.2600732600732601,48.207196029776675,6.882783882783883
2023-09-16,0,0,0,0,0,0,0,0,0,0,0,0,2023,9,16,5,259,37,3,1,0,0,-0.9749279121818236,-0.2225209339563146,-0.9679377830240642,-0.25119006388481957,-0.970941817426052,-0.23931566428755774,-1.0,-1.8369701987210297e-16,0.0,0.0,3.0,0.0,0.0,0.0,0.0,0.0,0.0,0.0,0.8571428571428571,1.2149857925879113,6.0,3.0,0.5,0.9405399431259615,7.0,3.0,0.5,0.881917103688196,14.0,3.0,0.5535714285714286,0.9893917848335437,31.0,5.0,0.5833333333333334,0.9595221367554245,49.0,5.0,0.0,0.0,0.0,819,0.36752136752136755,0.07448107448107448,0.38217338217338215,0.32722832722832723,0.09523809523809523,0.2600732600732601,48.207196029776675,6.882783882783883
2023-09-17,0,0,0,0,0,0,0,0,0,0,0,0,2023,9,17,6,260,37,3,1,0,0,-0.7818314824680299,0.6234898018587334,-0.9721181966290612,-0.23449138957041052,-0.970941817426052,-0.23931566428755774,-1.0,-1.8369701987210297e-16,0.0,0.0,0.0,0.0,0.0,0.0,0.0,0.0,0.0,0.0,0.8571428571428571,1.2149857925879113,6.0,3.0,0.5,0.9405399431259615,7.0,3.0,0.5,0.881917103688196,14.0,3.0,0.5535714285714286,0.9893917848335437,31.0,5.0,0.5833333333333334,0.9595221367554245,49.0,5.0,0.0,0.0,0.0,819,0.36752136752136755,0.07448107448107448,0.38217338217338215,0.32722832722832723,0.09523809523809523,0.2600732600732601,48.207196029776675,6.882783882783883
2023-09-18,0,0,0,0,0,0,0,0,0,0,0,0,2023,9,18,0,261,38,3,0,1,0,0.0,1.0,-0.9760105506323682,-0.21772323039653224,-0.992708874098054,-0.12053668025532357,-1.0,-1.8369701987210297e-16,0.0,0.0,0.0,1.0,0.0,0.0,0.0,0.0,0.0,0.0,0.7142857142857143,1.2535663410560172,5.0,3.0,0.5,0.9405399431259615,7.0,3.0,0.5,0.881917103688196,14.0,3.0,0.5535714285714286,0.9893917848335437,31.0,5.0,0.5833333333333334,0.9595221367554245,49.0,5.0,0.0,-1.0,0.0,819,0.36752136752136755,0.07448107448107448,0.38217338217338215,0.32722832722832723,0.09523809523809523,0.2600732600732601,48.207196029776675,6.882783882783883
2023-09-19,0,0,0,0,0,0,0,0,0,0,0,0,2023,9,19,1,262,38,3,0,0,0,0.7818314824680298,0.6234898018587336,-0.9796136916454901,-0.20089055513063528,-0.992708874098054,-0.12053668025532357,-1.0,-1.8369701987210297e-16,0.0,0.0,0.0,2.0,1.0,0.0,0.0,0.0,0.0,0.0,0.42857142857142855,1.1338934190276815,3.0,3.0,0.42857142857142855,0.937614461876992,6.0,3.0,0.5,0.881917103688196,14.0,3.0,0.5535714285714286,0.9893917848335437,31.0,5.0,0.5714285714285714,0.9604932754506339,48.0,5.0,0.0,-2.0,0.0,819,0.36752136752136755,0.07448107448107448,0.38217338217338215,0.32722832722832723,0.09523809523809523,0.2600732600732601,48.207196029776675,6.882783882783883
2023-09-20,1,0,0,1,0,1,0,1,2,0,0,0,2023,9,20,2,263,38,3,0,0,0,0.9749279121818236,-0.22252093395631434,-0.9829265519799822,-0.18399835165767986,-0.992708874098054,-0.12053668025532357,-1.0,-1.8369701987210297e-16,0.0,0.0,0.0,3.0,0.0,1.0,0.3333333333333333,0.5773502691896245,1.0,1.0,0.14285714285714285,0.3779644730092273,1.0,1.0,0.5,0.9405399431259615,7.0,3.0,0.5,0.881917103688196,14.0,3.0,0.5535714285714286,0.9893917848335437,31.0,5.0,0.5833333333333334,0.9595221367554245,49.0,5.0,1.0,-2.0,0.0,819,0.36752136752136755,0.07448107448107448,0.38217338217338215,0.32722832722832723,0.09523809523809523,0.2600732600732601,48.207196029776675,6.882783882783883
2023-09-21,0,0,0,0,0,0,0,0,0,0,0,0,2023,9,21,3,264,38,3,0,0,0,0.43388373911755823,-0.900968867902419,-0.9859481499638303,-0.1670516255021195,-0.992708874098054,-0.12053668025532357,-1.0,-1.8369701987210297e-16,1.0,0.0,0.0,0.0,0.0,0.0,0.3333333333333333,0.5773502691896245,1.0,1.0,0.14285714285714285,0.3779644730092273,1.0,1.0,0.5,0.9405399431259615,7.0,3.0,0.5,0.881917103688196,14.0,3.0,0.5535714285714286,0.9893917848335437,31.0,5.0,0.5714285714285714,0.9604932754506339,48.0,5.0,-1.0,0.0,0.0,819,0.36752136752136755,0.07448107448107448,0.38217338217338215,0.32722832722832723,0.09523809523809523,0.2600732600732601,48.207196029776675,6.882783882783883
2023-09-22,0,0,0,0,0,0,0,0,0,0,0,0,2023,9,22,4,265,38,3,0,0,1,-0.433883739117558,-0.9009688679024191,-0.9886775902323404,-0.15005539834465262,-0.992708874098054,-0.12053668025532357,-1.0,-1.8369701987210297e-16,0.0,1.0,0.0,0.0,0.0,0.0,0.3333333333333333,0.5773502691896245,1.0,1.0,0.14285714285714285,0.3779644730092273,1.0,1.0,0.5,0.9405399431259615,7.0,3.0,0.5,0.881917103688196,14.0,3.0,0.5535714285714286,0.9893917848335437,31.0,5.0,0.5595238095238095,0.9613142419185489,47.0,5.0,0.0,0.0,0.0,819,0.36752136752136755,0.07448107448107448,0.38217338217338215,0.32722832722832723,0.09523809523809523,0.2600732600732601,48.207196029776675,6.882783882783883
2023-09-23,0,0,0,0,0,0,0,0,0,0,0,0,2023,9,23,5,266,38,3,1,0,0,-0.9749279121818236,-0.2225209339563146,-0.9911140639934546,-0.13301470653419636,-0.992708874098054,-0.12053668025532357,-1.0,-1.8369701987210297e-16,0.0,0.0,1.0,0.0,0.0,0.0,0.0,0.0,0.0,0.0,0.14285714285714285,0.3779644730092273,1.0,1.0,0.5,0.9405399431259615,7.0,3.0,0.5,0.881917103688196,14.0,3.0,0.5535714285714286,0.9893917848335437,31.0,5.0,0.5238095238095238,0.9245798847485811,44.0,5.0,0.0,0.0,0.0,819,0.36752136752136755,0.07448107448107448,0.38217338217338215,0.32722832722832723,0.09523809523809523,0.2600732600732601,48.207196029776675,6.882783882783883
2023-09-24,0,0,0,0,0,0,0,0,0,0,0,0,2023,9,24,6,267,38,3,1,0,0,-0.7818314824680299,0.6234898018587334,-0.9932568492674143,-0.11593459959550066,-0.992708874098054,-0.12053668025532357,-1.0,-1.8369701987210297e-16,0.0,0.0,0.0,0.0,0.0,0.0,0.0,0.0,0.0,0.0,0.14285714285714285,0.3779644730092273,1.0,1.0,0.5,0.9405399431259615,7.0,3.0,0.5,0.881917103688196,14.0,3.0,0.5535714285714286,0.9893917848335437,31.0,5.0,0.5238095238095238,0.9245798847485811,44.0,5.0,0.0,0.0,0.0,819,0.36752136752136755,0.07448107448107448,0.38217338217338215,0.32722832722832723,0.09523809523809523,0.2600732600732601,48.207196029776675,6.882783882783883
2023-09-25,2,2,0,2,0,4,0,2,4,0,0,0,2023,9,25,0,268,39,3,0,1,0,0.0,1.0,-0.9951053111006974,-0.09882013873287211,-1.0,-1.8369701987210297e-16,-1.0,-1.8369701987210297e-16,0.0,0.0,0.0,0.0,1.0,0.0,0.6666666666666666,1.1547005383792512,2.0,2.0,0.42857142857142855,0.786795792469443,3.0,2.0,0.5714285714285714,1.0163498575623628,8.0,3.0,0.5714285714285714,0.9200874124564714,16.0,3.0,0.5714285714285714,1.0064725594803936,32.0,5.0,0.5357142857142857,0.9371377670824369,45.0,5.0,2.0,2.0,2.0,819,0.36752136752136755,0.07448107448107448,0.38217338217338215,0.32722832722832723,0.09523809523809523,0.2600732600732601,48.207196029776675,6.882783882783883
2023-09-26,0,0,0,0,0,0,0,0,0,0,0,0,2023,9,26,1,269,39,3,0,0,0,0.7818314824680298,0.6234898018587336,-0.99665890175417,-0.08167639533042288,-1.0,-1.8369701987210297e-16,-1.0,-1.8369701987210297e-16,2.0,0.0,0.0,0.0,2.0,3.0,0.6666666666666666,1.1547005383792512,2.0,2.0,0.42857142857142855,0.786795792469443,3.0,2.0,0.42857142857142855,0.937614461876992,6.0,3.0,0.4642857142857143,0.7926581093427839,13.0,3.0,0.5535714285714286,1.0076009826611632,31.0,5.0,0.5357142857142857,0.9371377670824369,45.0,5.0,-2.0,0.0,-3.0,819,0.36752136752136755,0.07448107448107448,0.38217338217338215,0.32722832722832723,0.09523809523809523,0.2600732600732601,48.207196029776675,6.882783882783883
2023-09-27,0,0,0,0,0,0,0,0,0,0,0,0,2023,9,27,2,270,39,3,0,0,0,0.9749279121818236,-0.22252093395631434,-0.9979171608653922,-0.06450844944931625,-1.0,-1.8369701987210297e-16,-1.0,-1.8369701987210297e-16,0.0,2.0,0.0,1.0,3.0,1.0,0.6666666666666666,1.1547005383792512,2.0,2.0,0.2857142857142857,0.7559289460184544,2.0,2.0,0.21428571428571427,0.5789342235218415,3.0,2.0,0.42857142857142855,0.7901510136288017,12.0,3.0,0.5535714285714286,1.0076009826611632,31.0,5.0,0.5357142857142857,0.9371377670824369,45.0,5.0,0.0,-1.0,-1.0,819,0.36752136752136755,0.07448107448107448,0.38217338217338215,0.32722832722832723,0.09523809523809523,0.2600732600732601,48.207196029776675,6.882783882783883
2023-09-28,1,0,1,0,0,0,0,0,1,0,0,1,2023,9,28,3,271,39,3,0,0,0,0.43388373911755823,-0.900968867902419,-0.9988797155850335,-0.04732138832243232,-1.0,-1.8369701987210297e-16,-1.0,-1.8369701987210297e-16,0.0,0.0,2.0,0.0,0.0,1.0,0.3333333333333333,0.5773502691896244,1.0,1.0,0.42857142857142855,0.786795792469443,3.0,2.0,0.2857142857142857,0.6112498455021286,4.0,2.0,0.42857142857142855,0.7901510136288017,12.0,3.0,0.5535714285714286,1.0076009826611632,31.0,5.0,0.5476190476190477,0.9366019316806894,46.0,5.0,1.0,1.0,0.0,819,0.36752136752136755,0.07448107448107448,0.38217338217338215,0.32722832722832723,0.09523809523809523,0.2600732600732601,48.207196029776675,6.882783882783883
2023-09-29,1,1,0,0,0,0,0,0,2,0,0,0,2023,9,29,4,272,39,3,0,0,1,-0.433883739117558,-0.9009688679024191,-0.9995462806873573,-0.03012030484690836,-1.0,-1.8369701987210297e-16,-1.0,-1.8369701987210297e-16,1.0,0.0,0.0,0.0,0.0,1.0,0.6666666666666666,0.5773502691896251,2.0,1.0,0.5714285714285714,0.7867957924694428,4.0,2.0,0.35714285714285715,0.6333236937766528,5.0,2.0,0.42857142857142855,0.7901510136288017,12.0,3.0,0.5357142857142857,0.9902118361842995,30.0,5.0,0.5595238095238095,0.9359125496706927,47.0,5.0,0.0,1.0,0.0,819,0.36752136752136755,0.07448107448107448,0.38217338217338215,0.32722832722832723,0.09523809523809523,0.2600732600732601,48.207196029776675,6.882783882783883
2023-09-30,3,2,0,2,0,0,0,0,6,0,0,1,2023,9,30,5,273,39,3,1,0,0,-0.9749279121818236,-0.2225209339563146,-0.9999166586547379,-0.012910296075008843,-1.0,-1.8369701987210297e-16,-1.0,-1.8369701987210297e-16,1.0,1.0,0.0,0.0,0.0,0.0,1.6666666666666667,1.1547005383792524,5.0,3.0,1.0,1.154700538379251,7.0,3.0,0.5714285714285714,0.937614461876992,8.0,3.0,0.5357142857142857,0.9222413461394469,15.0,3.0,0.5,0.8528028654224424,28.0,3.0,0.5952380952380952,0.9708901346038221,50.0,5.0,2.0,3.0,3.0,819,0.36752136752136755,0.07448107448107448,0.38217338217338215,0.32722832722832723,0.09523809523809523,0.2600732600732601,48.207196029776675,6.882783882783883
2023-10-01,0,0,0,0,0,0,0,0,0,0,0,0,2023,10,1,6,274,39,4,1,0,0,-0.7818314824680299,0.6234898018587334,-0.9999907397361901,0.004303538296243821,-1.0,-1.8369701987210297e-16,-0.8660254037844386,0.5000000000000001,3.0,1.0,1.0,0.0,0.0,0.0,1.3333333333333333,1.527525231651947,4.0,3.0,1.0,1.154700538379251,7.0,3.0,0.5714285714285714,0.937614461876992,8.0,3.0,0.5357142857142857,0.9222413461394469,15.0,3.0,0.5,0.8528028654224424,28.0,3.0,0.5595238095238095,0.9359125496706927,47.0,5.0,-3.0,0.0,0.0,819,0.36752136752136755,0.07448107448107448,0.38217338217338215,0.32722832722832723,0.09523809523809523,0.2600732600732601,48.207196029776675,6.882783882783883
2023-10-02,3,1,0,1,0,1,0,1,6,0,0,2,2023,10,2,0,275,40,4,0,1,0,0.0,1.0,-0.9997685019798909,0.021516097436222233,-0.992708874098054,0.1205366802553232,-0.8660254037844386,0.5000000000000001,0.0,3.0,1.0,2.0,0.0,0.0,2.0,1.732050807568878,6.0,3.0,1.1428571428571428,1.345185418269098,8.0,3.0,0.7857142857142857,1.1217137594956033,11.0,3.0,0.6428571428571429,1.0261140545329508,18.0,3.0,0.5535714285714286,0.9129302045838771,31.0,3.0,0.5952380952380952,0.9708901346038221,50.0,5.0,3.0,1.0,3.0,819,0.36752136752136755,0.07448107448107448,0.38217338217338215,0.32722832722832723,0.09523809523809523,0.2600732600732601,48.207196029776675,6.882783882783883
2023-10-03,0,0,0,0,0,0,0,0,0,0,0,0,2023,10,3,1,276,40,4,0,0,0,0.7818314824680298,0.6234898018587336,-0.9992500112396835,0.03872228089217399,-0.992708874098054,0.1205366802553232,-0.8660254037844386,0.5000000000000001,3.0,0.0,3.0,0.0,0.0,1.0,1.0,1.7320508075688772,3.0,3.0,1.1428571428571428,1.345185418269098,8.0,3.0,0.7857142857142857,1.1217137594956033,11.0,3.0,0.6071428571428571,1.0306159867619513,17.0,3.0,0.5535714285714286,0.9129302045838771,31.0,3.0,0.5952380952380952,0.9708901346038221,50.0,5.0,-3.0,0.0,-1.0,819,0.36752136752136755,0.07448107448107448,0.38217338217338215,0.32722832722832723,0.09523809523809523,0.2600732600732601,48.207196029776675,6.882783882783883
2023-10-04,0,0,0,0,0,0,0,0,0,0,0,0,2023,10,4,2,277,40,4,0,0,0,0.9749279121818236,-0.22252093395631434,-0.9984354211555643,0.05591699010060302,-0.992708874098054,0.1205366802553232,-0.8660254037844386,0.5000000000000001,0.0,3.0,0.0,0.0,1.0,0.0,1.0,1.7320508075688772,3.0,3.0,1.1428571428571428,1.345185418269098,8.0,3.0,0.7142857142857143,1.1387288073563866,10.0,3.0,0.6071428571428571,1.0306159867619513,17.0,3.0,0.5535714285714286,0.9129302045838771,31.0,3.0,0.5714285714285714,0.9604932754506339,48.0,5.0,0.0,0.0,0.0,819,0.36752136752136755,0.07448107448107448,0.38217338217338215,0.32722832722832723,0.09523809523809523,0.2600732600732601,48.207196029776675,6.882783882783883
2023-10-05,0,0,0,0,0,0,0,0,0,0,0,0,2023,10,5,3,278,40,4,0,0,0,0.43388373911755823,-0.900968867902419,-0.9973249731081555,0.07309512989807776,-0.992708874098054,0.1205366802553232,-0.8660254037844386,0.5000000000000001,0.0,0.0,3.0,1.0,0.0,0.0,0.0,0.0,0.0,0.0,1.0,1.4142135623730947,7.0,3.0,0.7142857142857143,1.1387288073563866,10.0,3.0,0.6071428571428571,1.0306159867619513,17.0,3.0,0.5178571428571429,0.8942456735569516,29.0,3.0,0.5595238095238095,0.9613142419185488,47.0,5.0,0.0,-1.0,0.0,819,0.36752136752136755,0.07448107448107448,0.38217338217338215,0.32722832722832723,0.09523809523809523,0.2600732600732601,48.207196029776675,6.882783882783883
2023-10-06,0,0,0,0,0,0,0,0,0,0,0,0,2023,10,6,4,279,40,4,0,0,1,-0.433883739117558,-0.9009688679024191,-0.9959189961471792,0.0902516100310407,-0.992708874098054,0.1205366802553232,-0.8660254037844386,0.5000000000000001,0.0,0.0,0.0,1.0,0.0,0.0,0.0,0.0,0.0,0.0,0.8571428571428571,1.4638501094227994,6.0,3.0,0.7142857142857143,1.1387288073563866,10.0,3.0,0.6071428571428571,1.0306159867619513,17.0,3.0,0.5,0.8944271909999166,28.0,3.0,0.5595238095238095,0.9613142419185488,47.0,5.0,0.0,-1.0,0.0,819,0.36752136752136755,0.07448107448107448,0.38217338217338215,0.32722832722832723,0.09523809523809523,0.2600732600732601,48.207196029776675,6.882783882783883
2023-10-07,0,0,0,0,0,0,0,0,0,0,0,0,2023,10,7,5,280,40,4,1,0,0,-0.9749279121818236,-0.2225209339563146,-0.994217906893952,0.10738134666416306,-0.992708874098054,0.1205366802553232,-0.8660254037844386,0.5000000000000001,0.0,0.0,0.0,3.0,0.0,0.0,0.0,0.0,0.0,0.0,0.42857142857142855,1.1338934190276817,3.0,3.0,0.7142857142857143,1.1387288073563866,10.0,3.0,0.6071428571428571,1.0306159867619513,17.0,3.0,0.5,0.8944271909999166,28.0,3.0,0.5595238095238095,0.9613142419185488,47.0,5.0,0.0,-3.0,0.0,819,0.36752136752136755,0.07448107448107448,0.38217338217338215,0.32722832722832723,0.09523809523809523,0.2600732600732601,48.207196029776675,6.882783882783883
2023-10-08,1,0,0,0,0,0,0,0,1,0,0,0,2023,10,8,6,281,40,4,1,0,0,-0.7818314824680299,0.6234898018587334,-0.9922222094179324,0.12447926388678869,-0.992708874098054,0.1205366802553232,-0.8660254037844386,0.5000000000000001,0.0,0.0,0.0,0.0,0.0,0.0,0.3333333333333333,0.5773502691896243,1.0,1.0,0.5714285714285714,1.1338934190276815,4.0,3.0,0.7857142857142857,1.1217137594956033,11.0,3.0,0.6428571428571429,1.0261140545329508,18.0,3.0,0.5,0.8944271909999166,28.0,3.0,0.5714285714285714,0.9604932754506339,48.0,5.0,1.0,1.0,1.0,819,0.36752136752136755,0.07448107448107448,0.38217338217338215,0.32722832722832723,0.09523809523809523,0.2600732600732601,48.207196029776675,6.882783882783883
2023-10-09,0,0,0,0,0,0,0,0,0,0,0,0,2023,10,9,0,282,41,4,0,1,0,0.0,1.0,-0.989932495087353,0.141540295217043,-0.9709418174260521,0.23931566428755738,-0.8660254037844386,0.5000000000000001,1.0,0.0,0.0,3.0,2.0,1.0,0.3333333333333333,0.5773502691896243,1.0,1.0,0.14285714285714285,0.3779644730092282,1.0,1.0,0.6428571428571429,1.0818177620697824,9.0,3.0,0.6071428571428571,1.0306159867619513,17.0,3.0,0.5,0.8944271909999166,28.0,3.0,0.5595238095238095,0.9613142419185488,47.0,5.0,-1.0,-3.0,-1.0,819,0.36752136752136755,0.07448107448107448,0.38217338217338215,0.32722832722832723,0.09523809523809523,0.2600732600732601,48.207196029776675,6.882783882783883
2023-10-10,0,0,0,0,0,0,0,0,0,0,0,0,2023,10,10,1,283,41,4,0,0,0,0.7818314824680298,0.6234898018587336,-0.9873494423939864,0.15855938510313475,-0.9709418174260521,0.23931566428755738,-0.8660254037844386,0.5000000000000001,0.0,1.0,0.0,0.0,0.0,2.0,0.3333333333333333,0.5773502691896243,1.0,1.0,0.14285714285714285,0.3779644730092282,1.0,1.0,0.6428571428571429,1.0818177620697824,9.0,3.0,0.5357142857142857,0.9993384054849724,15.0,3.0,0.5,0.8944271909999166,28.0,3.0,0.5476190476190477,0.9619854206339803,46.0,5.0,0.0,0.0,-2.0,819,0.36752136752136755,0.07448107448107448,0.38217338217338215,0.32722832722832723,0.09523809523809523,0.2600732600732601,48.207196029776675,6.882783882783883
2023-10-11,1,0,0,0,1,0,1,0,2,0,0,1,2023,10,11,2,284,41,4,0,0,0,0.9749279121818236,-0.22252093395631434,-0.9844738167520923,0.17553149042142777,-0.9709418174260521,0.23931566428755738,-0.8660254037844386,0.5000000000000001,0.0,0.0,1.0,0.0,0.0,3.0,0.3333333333333333,0.5773502691896243,1.0,1.0,0.2857142857142857,0.487950036474267,2.0,1.0,0.7142857142857143,1.0690449676496985,10.0,3.0,0.4642857142857143,0.8811668550592588,13.0,3.0,0.48214285714285715,0.8736771075813363,27.0,3.0,0.5595238095238095,0.9613142419185488,47.0,5.0,1.0,1.0,-2.0,819,0.36752136752136755,0.07448107448107448,0.38217338217338215,0.32722832722832723,0.09523809523809523,0.2600732600732601,48.207196029776675,6.882783882783883
2023-10-12,0,0,0,0,0,0,0,0,0,0,0,0,2023,10,12,3,285,41,4,0,0,0,0.43388373911755823,-0.900968867902419,-0.9813064702716093,0.19245158197082995,-0.9709418174260521,0.23931566428755738,-0.8660254037844386,0.5000000000000001,1.0,0.0,0.0,0.0,1.0,0.0,0.3333333333333333,0.5773502691896243,1.0,1.0,0.2857142857142857,0.487950036474267,2.0,1.0,0.6428571428571429,1.0818177620697824,9.0,3.0,0.4642857142857143,0.8811668550592588,13.0,3.0,0.48214285714285715,0.8736771075813363,27.0,3.0,0.5357142857142857,0.9499071428484073,45.0,5.0,-1.0,0.0,0.0,819,0.36752136752136755,0.07448107448107448,0.38217338217338215,0.32722832722832723,0.09523809523809523,0.2600732600732601,48.207196029776675,6.882783882783883
2023-10-13,0,0,0,0,0,0,0,0,0,0,0,0,2023,10,13,4,286,41,4,0,0,1,-0.433883739117558,-0.9009688679024191,-0.9778483415056567,0.20931464596304888,-0.9709418174260521,0.23931566428755738,-0.8660254037844386,0.5000000000000001,0.0,1.0,0.0,0.0,1.0,0.0,0.3333333333333333,0.5773502691896243,1.0,1.0,0.2857142857142857,0.487950036474267,2.0,1.0,0.5714285714285714,1.0894095588038453,8.0,3.0,0.4642857142857143,0.8811668550592588,13.0,3.0,0.48214285714285715,0.8736771075813363,27.0,3.0,0.5357142857142857,0.9499071428484073,45.0,5.0,0.0,0.0,0.0,819,0.36752136752136755,0.07448107448107448,0.38217338217338215,0.32722832722832723,0.09523809523809523,0.2600732600732601,48.207196029776675,6.882783882783883
2023-10-14,0,0,0,0,0,0,0,0,0,0,0,0,2023,10,14,5,287,41,4,1,0,0,-0.9749279121818236,-0.2225209339563146,-0.9741004551724206,0.22611568550828803,-0.9709418174260521,0.23931566428755738,-0.8660254037844386,0.5000000000000001,0.0,0.0,1.0,0.0,3.0,0.0,0.0,0.0,0.0,0.0,0.2857142857142857,0.487950036474267,2.0,1.0,0.35714285714285715,0.8418973861410968,5.0,3.0,0.4642857142857143,0.8811668550592588,13.0,3.0,0.48214285714285715,0.8736771075813363,27.0,3.0,0.5238095238095238,0.9502845544183262,44.0,5.0,0.0,0.0,0.0,819,0.36752136752136755,0.07448107448107448,0.38217338217338215,0.32722832722832723,0.09523809523809523,0.2600732600732601,48.207196029776675,6.882783882783883
2023-10-15,0,0,0,0,0,0,0,0,0,0,0,0,2023,10,15,6,288,41,4,1,0,0,-0.7818314824680299,0.6234898018587334,-0.970063921851507,0.2428497220959358,-0.9709418174260521,0.23931566428755738,-0.8660254037844386,0.5000000000000001,0.0,0.0,0.0,1.0,0.0,0.0,0.0,0.0,0.0,0.0,0.14285714285714285,0.3779644730092282,1.0,1.0,0.35714285714285715,0.8418973861410968,5.0,3.0,0.4642857142857143,0.8811668550592588,13.0,3.0,0.48214285714285715,0.8736771075813363,27.0,3.0,0.5238095238095238,0.9502845544183262,44.0,5.0,0.0,-1.0,0.0,819,0.36752136752136755,0.07448107448107448,0.38217338217338215,0.32722832722832723,0.09523809523809523,0.2600732600732601,48.207196029776675,6.882783882783883
2023-10-16,0,0,0,0,0,0,0,0,0,0,0,0,2023,10,16,0,289,42,4,0,1,0,0.0,1.0,-0.965739937654855,0.25951179706979943,-0.9350162426854148,0.35460488704253557,-0.8660254037844386,0.5000000000000001,0.0,0.0,0.0,0.0,3.0,0.0,0.0,0.0,0.0,0.0,0.14285714285714285,0.3779644730092282,1.0,1.0,0.14285714285714285,0.3631365196012845,2.0,1.0,0.4642857142857143,0.8811668550592588,13.0,3.0,0.48214285714285715,0.8736771075813363,27.0,3.0,0.5238095238095238,0.9502845544183262,44.0,5.0,0.0,0.0,0.0,819,0.36752136752136755,0.07448107448107448,0.38217338217338215,0.32722832722832723,0.09523809523809523,0.2600732600732601,48.207196029776675,6.882783882783883
2023-10-17,1,0,0,0,0,2,0,1,2,0,0,0,2023,10,17,1,290,42,4,0,0,0,0.7818314824680298,0.6234898018587336,-0.9611297838723007,0.27609697309746883,-0.9350162426854148,0.35460488704253557,-0.8660254037844386,0.5000000000000001,0.0,0.0,0.0,0.0,0.0,0.0,0.3333333333333333,0.5773502691896243,1.0,1.0,0.2857142857142857,0.487950036474267,2.0,1.0,0.21428571428571427,0.42581531362632263,3.0,1.0,0.5,0.881917103688196,14.0,3.0,0.5,0.8738628975053039,28.0,3.0,0.5357142857142857,0.9499071428484073,45.0,5.0,1.0,1.0,1.0,819,0.36752136752136755,0.07448107448107448,0.38217338217338215,0.32722832722832723,0.09523809523809523,0.2600732600732601,48.207196029776675,6.882783882783883
2023-10-18,1,0,1,0,0,0,0,0,2,0,0,1,2023,10,18,2,291,42,4,0,0,0,0.9749279121818236,-0.22252093395631434,-0.9562348265919058,0.2926003356333479,-0.9350162426854148,0.35460488704253557,-0.8660254037844386,0.5000000000000001,1.0,0.0,0.0,1.0,0.0,1.0,0.6666666666666666,0.577350269189625,2.0,1.0,0.2857142857142857,0.487950036474267,2.0,1.0,0.2857142857142857,0.46880723093849774,4.0,1.0,0.5,0.881917103688196,14.0,3.0,0.5,0.8738628975053039,28.0,3.0,0.5357142857142857,0.9499071428484073,45.0,5.0,0.0,0.0,0.0,819,0.36752136752136755,0.07448107448107448,0.38217338217338215,0.32722832722832723,0.09523809523809523,0.2600732600732601,48.207196029776675,6.882783882783883
2023-10-19,0,0,0,0,0,0,0,0,0,0,0,0,2023,10,19,3,292,42,4,0,0,0,0.43388373911755823,-0.900968867902419,-0.9510565162951536,0.30901699437494723,-0.9350162426854148,0.35460488704253557,-0.8660254037844386,0.5000000000000001,1.0,1.0,0.0,0.0,0.0,0.0,0.6666666666666666,0.577350269189625,2.0,1.0,0.2857142857142857,0.487950036474267,2.0,1.0,0.2857142857142857,0.46880723093849774,4.0,1.0,0.5,0.881917103688196,14.0,3.0,0.5,0.8738628975053039,28.0,3.0,0.5357142857142857,0.9499071428484073,45.0,5.0,-1.0,0.0,0.0,819,0.36752136752136755,0.07448107448107448,0.38217338217338215,0.32722832722832723,0.09523809523809523,0.2600732600732601,48.207196029776675,6.882783882783883
2023-10-20,0,0,0,0,0,0,0,0,0,0,0,0,2023,10,20,4,293,42,4,0,0,1,-0.433883739117558,-0.9009688679024191,-0.9455963874271428,0.3253420847119795,-0.9350162426854148,0.35460488704253557,-0.8660254037844386,0.5000000000000001,0.0,1.0,1.0,0.0,0.0,0.0,0.3333333333333333,0.5773502691896243,1.0,1.0,0.2857142857142857,0.487950036474267,2.0,1.0,0.2857142857142857,0.46880723093849774,4.0,1.0,0.5,0.881917103688196,14.0,3.0,0.5,0.8738628975053039,28.0,3.0,0.5357142857142857,0.9499071428484073,45.0,5.0,0.0,0.0,0.0,819,0.36752136752136755,0.07448107448107448,0.38217338217338215,0.32722832722832723,0.09523809523809523,0.2600732600732601,48.207196029776675,6.882783882783883
2023-10-21,1,1,0,1,0,0,0,0,2,0,0,0,2023,10,21,5,294,42,4,1,0,0,-0.9749279121818236,-0.2225209339563146,-0.9398560579418953,0.341570769167856,-0.9350162426854148,0.35460488704253557,-0.8660254037844386,0.5000000000000001,0.0,0.0,1.0,0.0,0.0,0.0,0.3333333333333333,0.5773502691896243,1.0,1.0,0.42857142857142855,0.5345224838248489,3.0,1.0,0.35714285714285715,0.49724515809884906,5.0,1.0,0.5357142857142857,0.8811668550592588,15.0,3.0,0.5178571428571429,0.8736771075813363,29.0,3.0,0.5476190476190477,0.9493785145926609,46.0,5.0,1.0,1.0,1.0,819,0.36752136752136755,0.07448107448107448,0.38217338217338215,0.32722832722832723,0.09523809523809523,0.2600732600732601,48.207196029776675,6.882783882783883
2023-10-22,0,0,0,0,0,0,0,0,0,0,0,0,2023,10,22,6,295,42,4,1,0,0,-0.7818314824680299,0.6234898018587334,-0.9338372288229252,0.35769823883312546,-0.9350162426854148,0.35460488704253557,-0.8660254037844386,0.5000000000000001,1.0,0.0,0.0,0.0,1.0,0.0,0.3333333333333333,0.5773502691896243,1.0,1.0,0.42857142857142855,0.5345224838248489,3.0,1.0,0.2857142857142857,0.46880723093849774,4.0,1.0,0.5357142857142857,0.8811668550592588,15.0,3.0,0.5178571428571429,0.8736771075813363,29.0,3.0,0.5476190476190477,0.9493785145926609,46.0,5.0,-1.0,0.0,0.0,819,0.36752136752136755,0.07448107448107448,0.38217338217338215,0.32722832722832723,0.09523809523809523,0.2600732600732601,48.207196029776675,6.882783882783883
2023-10-23,0,0,0,0,0,0,0,0,0,0,0,0,2023,10,23,0,296,43,4,0,1,0,0.0,1.0,-0.9275416835791965,0.3737197147904692,-0.8854560256532101,0.464723172043768,-0.8660254037844386,0.5000000000000001,0.0,1.0,0.0,0.0,0.0,2.0,0.3333333333333333,0.5773502691896243,1.0,1.0,0.42857142857142855,0.5345224838248489,3.0,1.0,0.2857142857142857,0.46880723093849774,4.0,1.0,0.4642857142857143,0.8380817098475248,13.0,3.0,0.5178571428571429,0.8736771075813363,29.0,3.0,0.5357142857142857,0.9499071428484073,45.0,5.0,0.0,0.0,-2.0,819,0.36752136752136755,0.07448107448107448,0.38217338217338215,0.32722832722832723,0.09523809523809523,0.2600732600732601,48.207196029776675,6.882783882783883
2023-10-24,0,0,0,0,0,0,0,0,0,0,0,0,2023,10,24,1,297,43,4,0,0,0,0.7818314824680298,0.6234898018587336,-0.9209712877166347,0.38963044953078774,-0.8854560256532101,0.464723172043768,-0.8660254037844386,0.5000000000000001,0.0,0.0,1.0,1.0,0.0,0.0,0.0,0.0,0.0,0.0,0.2857142857142857,0.487950036474267,2.0,1.0,0.2857142857142857,0.46880723093849774,4.0,1.0,0.4642857142857143,0.8380817098475248,13.0,3.0,0.4642857142857143,0.8082368175521051,26.0,3.0,0.5238095238095238,0.9502845544183262,44.0,5.0,0.0,-1.0,0.0,819,0.36752136752136755,0.07448107448107448,0.38217338217338215,0.32722832722832723,0.09523809523809523,0.2600732600732601,48.207196029776675,6.882783882783883
2023-10-25,0,0,0,0,0,0,0,0,0,0,0,0,2023,10,25,2,298,43,4,0,0,0,0.9749279121818236,-0.22252093395631434,-0.9141279881853337,0.4054257283599973,-0.8854560256532101,0.464723172043768,-0.8660254037844386,0.5000000000000001,0.0,0.0,0.0,1.0,1.0,0.0,0.0,0.0,0.0,0.0,0.14285714285714285,0.37796447300922814,1.0,1.0,0.21428571428571427,0.42581531362632263,3.0,1.0,0.4642857142857143,0.8380817098475248,13.0,3.0,0.44642857142857145,0.8072319224506537,25.0,3.0,0.5238095238095238,0.9502845544183262,44.0,5.0,0.0,-1.0,0.0,819,0.36752136752136755,0.07448107448107448,0.38217338217338215,0.32722832722832723,0.09523809523809523,0.2600732600732601,48.207196029776675,6.882783882783883
2023-10-26,0,0,0,0,0,0,0,0,0,0,0,0,2023,10,26,3,299,43,4,0,0,0,0.43388373911755823,-0.900968867902419,-0.9070138128026362,0.42110087079608916,-0.8854560256532101,0.464723172043768,-0.8660254037844386,0.5000000000000001,0.0,0.0,0.0,0.0,0.0,1.0,0.0,0.0,0.0,0.0,0.14285714285714285,0.37796447300922814,1.0,1.0,0.21428571428571427,0.42581531362632263,3.0,1.0,0.42857142857142855,0.835710894037344,12.0,3.0,0.42857142857142855,0.8058229640253812,24.0,3.0,0.5119047619047619,0.9505109294295379,43.0,5.0,0.0,0.0,-1.0,819,0.36752136752136755,0.07448107448107448,0.38217338217338215,0.32722832722832723,0.09523809523809523,0.2600732600732601,48.207196029776675,6.882783882783883
2023-10-27,1,0,0,0,0,0,0,0,2,0,0,0,2023,10,27,4,300,43,4,0,0,1,-0.433883739117558,-0.9009688679024191,-0.8996308696522434,0.4366512319560638,-0.8854560256532101,0.464723172043768,-0.8660254037844386,0.5000000000000001,0.0,0.0,0.0,0.0,0.0,1.0,0.3333333333333333,0.5773502691896243,1.0,1.0,0.2857142857142857,0.48795003647426693,2.0,1.0,0.2857142857142857,0.46880723093849774,4.0,1.0,0.42857142857142855,0.835710894037344,12.0,3.0,0.42857142857142855,0.8058229640253812,24.0,3.0,0.5,0.9378262484539222,42.0,5.0,1.0,1.0,0.0,819,0.36752136752136755,0.07448107448107448,0.38217338217338215,0.32722832722832723,0.09523809523809523,0.2600732600732601,48.207196029776675,6.882783882783883
2023-10-28,1,0,0,0,0,0,0,0,2,0,0,0,2023,10,28,5,301,43,4,1,0,0,-0.9749279121818236,-0.2225209339563146,-0.8919813464595487,0.45207220393230374,-0.8854560256532101,0.464723172043768,-0.8660254037844386,0.5000000000000001,1.0,0.0,0.0,1.0,0.0,3.0,0.6666666666666666,0.577350269189625,2.0,1.0,0.2857142857142857,0.48795003647426693,2.0,1.0,0.35714285714285715,0.49724515809884906,5.0,1.0,0.35714285714285715,0.6784669927988087,10.0,3.0,0.44642857142857145,0.8072319224506537,25.0,3.0,0.4523809523809524,0.7976586506810491,38.0,3.0,0.0,0.0,-2.0,819,0.36752136752136755,0.07448107448107448,0.38217338217338215,0.32722832722832723,0.09523809523809523,0.2600732600732601,48.207196029776675,6.882783882783883
2023-10-29,0,0,0,0,0,0,0,0,0,0,0,0,2023,10,29,6,302,43,4,1,0,0,-0.7818314824680299,0.6234898018587334,-0.8840675099433637,0.46735921715800205,-0.8854560256532101,0.464723172043768,-0.8660254037844386,0.5000000000000001,1.0,1.0,0.0,0.0,0.0,0.0,0.6666666666666666,0.577350269189625,2.0,1.0,0.2857142857142857,0.48795003647426693,2.0,1.0,0.35714285714285715,0.49724515809884906,5.0,1.0,0.35714285714285715,0.6784669927988087,10.0,3.0,0.44642857142857145,0.8072319224506537,25.0,3.0,0.4523809523809524,0.7976586506810491,38.0,3.0,-1.0,0.0,0.0,819,0.36752136752136755,0.07448107448107448,0.38217338217338215,0.32722832722832723,0.09523809523809523,0.2600732600732601,48.207196029776675,6.882783882783883
2023-10-30,0,0,0,0,0,0,0,0,0,0,0,0,2023,10,30,0,303,44,4,0,1,0,0.0,1.0,-0.8758917051442433,0.48250774176121763,-0.822983865893657,0.5680647467311548,-0.8660254037844386,0.5000000000000001,0.0,1.0,1.0,0.0,0.0,3.0,0.3333333333333333,0.5773502691896243,1.0,1.0,0.2857142857142857,0.48795003647426693,2.0,1.0,0.35714285714285715,0.49724515809884906,5.0,1.0,0.25,0.44095855184409666,7.0,1.0,0.44642857142857145,0.8072319224506537,25.0,3.0,0.4523809523809524,0.7976586506810491,38.0,3.0,0.0,0.0,-3.0,819,0.36752136752136755,0.07448107448107448,0.38217338217338215,0.32722832722832723,0.09523809523809523,0.2600732600732601,48.207196029776675,6.882783882783883
2023-10-31,1,0,0,1,0,0,0,0,2,0,0,0,2023,10,31,1,304,44,4,0,0,0,0.7818314824680298,0.6234898018587336,-0.8674563547295971,0.4975132889071803,-0.822983865893657,0.5680647467311548,-0.8660254037844386,0.5000000000000001,0.0,0.0,1.0,0.0,1.0,0.0,0.3333333333333333,0.5773502691896243,1.0,1.0,0.42857142857142855,0.5345224838248488,3.0,1.0,0.35714285714285715,0.49724515809884906,5.0,1.0,0.2857142857142857,0.46004370622823443,8.0,1.0,0.44642857142857145,0.8072319224506537,25.0,3.0,0.4642857142857143,0.7982877545538131,39.0,3.0,1.0,1.0,1.0,819,0.36752136752136755,0.07448107448107448,0.38217338217338215,0.32722832722832723,0.09523809523809523,0.2600732600732601,48.207196029776675,6.882783882783883
2023-11-01,1,1,0,1,0,0,0,0,3,0,0,0,2023,11,1,2,305,44,4,0,0,0,0.9749279121818236,-0.22252093395631434,-0.858763958275803,0.5123714121284235,-0.822983865893657,0.5680647467311548,-0.5000000000000004,0.8660254037844384,1.0,0.0,0.0,0.0,1.0,0.0,0.6666666666666666,0.577350269189625,2.0,1.0,0.5714285714285714,0.5345224838248485,4.0,1.0,0.35714285714285715,0.49724515809884906,5.0,1.0,0.32142857142857145,0.47559486560566927,9.0,1.0,0.4642857142857143,0.8082368175521051,26.0,3.0,0.47619047619047616,0.7987368110974861,40.0,3.0,0.0,1.0,1.0,819,0.36752136752136755,0.07448107448107448,0.38217338217338215,0.32722832722832723,0.09523809523809523,0.2600732600732601,48.207196029776675,6.882783882783883
2023-11-02,0,0,0,0,0,0,0,0,0,0,0,0,2023,11,2,3,306,44,4,0,0,0,0.43388373911755823,-0.900968867902419,-0.8498170915275277,0.5270777086423724,-0.822983865893657,0.5680647467311548,-0.5000000000000004,0.8660254037844384,1.0,1.0,0.0,0.0,0.0,0.0,0.6666666666666666,0.577350269189625,2.0,1.0,0.5714285714285714,0.5345224838248485,4.0,1.0,0.35714285714285715,0.49724515809884906,5.0,1.0,0.32142857142857145,0.47559486560566927,9.0,1.0,0.4642857142857143,0.8082368175521051,26.0,3.0,0.4523809523809524,0.7824084211357538,38.0,3.0,-1.0,0.0,0.0,819,0.36752136752136755,0.07448107448107448,0.38217338217338215,0.32722832722832723,0.09523809523809523,0.2600732600732601,48.207196029776675,6.882783882783883
2023-11-03,0,0,0,0,0,0,0,0,0,0,0,0,2023,11,3,4,307,44,4,0,0,1,-0.433883739117558,-0.9009688679024191,-0.8406184056344783,0.5416278206559811,-0.822983865893657,0.5680647467311548,-0.5000000000000004,0.8660254037844384,0.0,1.0,1.0,1.0,0.0,0.0,0.3333333333333333,0.5773502691896243,1.0,1.0,0.42857142857142855,0.5345224838248488,3.0,1.0,0.35714285714285715,0.49724515809884906,5.0,1.0,0.32142857142857145,0.47559486560566927,9.0,1.0,0.4642857142857143,0.8082368175521051,26.0,3.0,0.44047619047619047,0.7815830471979553,37.0,3.0,0.0,-1.0,0.0,819,0.36752136752136755,0.07448107448107448,0.38217338217338215,0.32722832722832723,0.09523809523809523,0.2600732600732601,48.207196029776675,6.882783882783883
2023-11-04,1,0,1,0,0,0,0,0,2,0,0,1,2023,11,4,5,308,44,4,1,0,0,-0.9749279121818236,-0.2225209339563146,-0.8311706263658079,0.5560174366570446,-0.822983865893657,0.5680647467311548,-0.5000000000000004,0.8660254037844384,0.0,0.0,1.0,1.0,1.0,0.0,0.3333333333333333,0.5773502691896243,1.0,1.0,0.42857142857142855,0.5345224838248488,3.0,1.0,0.35714285714285715,0.49724515809884906,5.0,1.0,0.35714285714285715,0.487950036474265,10.0,1.0,0.48214285714285715,0.8088391553459691,27.0,3.0,0.4523809523809524,0.7824084211357538,38.0,3.0,1.0,0.0,1.0,819,0.36752136752136755,0.07448107448107448,0.38217338217338215,0.32722832722832723,0.09523809523809523,0.2600732600732601,48.207196029776675,6.882783882783883
2023-11-05,2,1,0,1,0,0,0,0,4,0,0,1,2023,11,5,6,309,44,4,1,0,0,-0.7818314824680299,0.6234898018587334,-0.8214765533024145,0.5702422926917867,-0.822983865893657,0.5680647467311548,-0.5000000000000004,0.8660254037844384,1.0,0.0,0.0,0.0,0.0,1.0,1.0,1.0,3.0,2.0,0.7142857142857143,0.7559289460184541,5.0,2.0,0.5,0.6504436355879925,7.0,2.0,0.39285714285714285,0.5669467095138395,11.0,2.0,0.5178571428571429,0.8310140886798593,29.0,3.0,0.4642857142857143,0.7982877545538131,39.0,3.0,1.0,2.0,1.0,819,0.36752136752136755,0.07448107448107448,0.38217338217338215,0.32722832722832723,0.09523809523809523,0.2600732600732601,48.207196029776675,6.882783882783883
2023-11-06,0,0,0,0,0,0,0,0,0,0,0,0,2023,11,6,0,310,45,4,0,1,0,0.0,1.0,-0.8115390590073611,0.5842981736283683,-0.7485107481711011,0.6631226582407952,-0.5000000000000004,0.8660254037844384,2.0,1.0,0.0,0.0,0.0,0.0,1.0,1.0,3.0,2.0,0.7142857142857143,0.7559289460184541,5.0,2.0,0.5,0.6504436355879925,7.0,2.0,0.39285714285714285,0.5669467095138395,11.0,2.0,0.5,0.8312094145936344,28.0,3.0,0.4642857142857143,0.7982877545538131,39.0,3.0,-2.0,0.0,0.0,819,0.36752136752136755,0.07448107448107448,0.38217338217338215,0.32722832722832723,0.09523809523809523,0.2600732600732601,48.207196029776675,6.882783882783883
2023-11-07,3,2,0,2,0,0,0,0,6,0,0,1,2023,11,7,1,311,45,4,0,0,0,0.7818314824680298,0.6234898018587336,-0.801361088174677,0.5981809144059158,-0.7485107481711011,0.6631226582407952,-0.5000000000000004,0.8660254037844384,0.0,2.0,1.0,1.0,0.0,0.0,1.6666666666666667,1.5275252316519472,5.0,3.0,1.0,1.154700538379251,7.0,3.0,0.7142857142857143,0.9138735334633765,10.0,3.0,0.5,0.7453559924999289,14.0,3.0,0.5178571428571429,0.8736771075813363,29.0,3.0,0.5,0.8431152788877551,42.0,3.0,3.0,2.0,3.0,819,0.36752136752136755,0.07448107448107448,0.38217338217338215,0.32722832722832723,0.09523809523809523,0.2600732600732601,48.207196029776675,6.882783882783883
2023-11-08,1,0,0,0,0,0,0,0,2,0,0,0,2023,11,8,2,312,45,4,0,0,0,0.9749279121818236,-0.22252093395631434,-0.7909456567567774,0.6118864012687242,-0.7485107481711011,0.6631226582407952,-0.5000000000000004,0.8660254037844384,3.0,0.0,2.0,1.0,0.0,1.0,1.3333333333333333,1.527525231651947,4.0,3.0,1.0,1.154700538379251,7.0,3.0,0.7857142857142857,0.892582375303982,11.0,3.0,0.5,0.7453559924999289,14.0,3.0,0.48214285714285715,0.8088391553459692,27.0,3.0,0.4880952380952381,0.8286154458405213,41.0,3.0,-2.0,0.0,0.0,819,0.36752136752136755,0.07448107448107448,0.38217338217338215,0.32722832722832723,0.09523809523809523,0.2600732600732601,48.207196029776675,6.882783882783883
2023-11-09,0,0,0,0,0,0,0,0,0,0,0,0,2023,11,9,3,313,45,4,0,0,0,0.43388373911755823,-0.900968867902419,-0.780295851070776,0.6254105729852457,-0.7485107481711011,0.6631226582407952,-0.5000000000000004,0.8660254037844384,1.0,3.0,0.0,0.0,0.0,0.0,1.3333333333333333,1.5275252316519472,4.0,3.0,1.0,1.154700538379251,7.0,3.0,0.7857142857142857,0.892582375303982,11.0,3.0,0.5,0.7453559924999289,14.0,3.0,0.48214285714285715,0.8088391553459692,27.0,3.0,0.4880952380952381,0.8286154458405213,41.0,3.0,-1.0,0.0,0.0,819,0.36752136752136755,0.07448107448107448,0.38217338217338215,0.32722832722832723,0.09523809523809523,0.2600732600732601,48.207196029776675,6.882783882783883
2023-11-10,2,0,0,0,0,0,0,0,4,0,0,0,2023,11,10,4,314,45,4,0,0,1,-0.433883739117558,-0.9009688679024191,-0.7694148268839381,0.6387494220515268,-0.7485107481711011,0.6631226582407952,-0.5000000000000004,0.8660254037844384,0.0,1.0,3.0,0.0,1.0,0.0,1.0,1.0000000000000007,3.0,2.0,1.2857142857142858,1.1126972805283728,9.0,3.0,0.8571428571428571,0.9492622930986478,12.0,3.0,0.5714285714285714,0.7901510136288018,16.0,3.0,0.5178571428571429,0.8310140886798594,29.0,3.0,0.5119047619047619,0.8430302145401757,43.0,3.0,2.0,2.0,2.0,819,0.36752136752136755,0.07448107448107448,0.38217338217338215,0.32722832722832723,0.09523809523809523,0.2600732600732601,48.207196029776675,6.882783882783883
2023-11-11,0,0,0,0,0,0,0,0,0,0,0,0,2023,11,11,5,315,45,4,1,0,0,-0.9749279121818236,-0.2225209339563146,-0.7583058084785625,0.6518989958787125,-0.7485107481711011,0.6631226582407952,-0.5000000000000004,0.8660254037844384,2.0,0.0,1.0,1.0,1.0,0.0,0.6666666666666666,1.1547005383792517,2.0,2.0,1.1428571428571428,1.214985792587911,8.0,3.0,0.7857142857142857,0.9749612559222303,11.0,3.0,0.5714285714285714,0.7901510136288018,16.0,3.0,0.5178571428571429,0.8310140886798594,29.0,3.0,0.5119047619047619,0.8430302145401757,43.0,3.0,-2.0,-1.0,0.0,819,0.36752136752136755,0.07448107448107448,0.38217338217338215,0.32722832722832723,0.09523809523809523,0.2600732600732601,48.207196029776675,6.882783882783883
2023-11-12,0,0,0,0,0,0,0,0,0,0,0,0,2023,11,12,6,316,45,4,1,0,0,-0.7818314824680299,0.6234898018587334,-0.7469720876965551,0.6648553979642866,-0.7485107481711011,0.6631226582407952,-0.5000000000000004,0.8660254037844384,0.0,2.0,0.0,2.0,0.0,0.0,0.6666666666666666,1.1547005383792517,2.0,2.0,0.8571428571428571,1.2149857925879113,6.0,3.0,0.7857142857142857,0.9749612559222303,11.0,3.0,0.5714285714285714,0.7901510136288018,16.0,3.0,0.5178571428571429,0.8310140886798594,29.0,3.0,0.5119047619047619,0.8430302145401757,43.0,3.0,0.0,-2.0,0.0,819,0.36752136752136755,0.07448107448107448,0.38217338217338215,0.32722832722832723,0.09523809523809523,0.2600732600732601,48.207196029776675,6.882783882783883
2023-11-13,0,0,0,0,0,0,0,0,0,0,0,0,2023,11,13,0,317,46,4,0,1,0,0.0,1.0,-0.7354170229639858,0.6776147890466887,-0.6631226582407955,0.7485107481711007,-0.5000000000000004,0.8660254037844384,0.0,0.0,2.0,0.0,0.0,0.0,0.0,0.0,0.0,0.0,0.8571428571428571,1.2149857925879113,6.0,3.0,0.7857142857142857,0.9749612559222303,11.0,3.0,0.5714285714285714,0.7901510136288018,16.0,3.0,0.5178571428571429,0.8310140886798594,29.0,3.0,0.5119047619047619,0.8430302145401757,43.0,3.0,0.0,0.0,0.0,819,0.36752136752136755,0.07448107448107448,0.38217338217338215,0.32722832722832723,0.09523809523809523,0.2600732600732601,48.207196029776675,6.882783882783883
2023-11-14,0,0,0,0,0,0,0,0,0,0,0,0,2023,11,14,1,318,46,4,0,0,0,0.7818314824680298,0.6234898018587336,-0.7236440382959124,0.690173388242972,-0.6631226582407955,0.7485107481711007,-0.5000000000000004,0.8660254037844384,0.0,0.0,0.0,3.0,1.0,1.0,0.0,0.0,0.0,0.0,0.42857142857142855,0.7867957924694426,3.0,2.0,0.7142857142857143,0.9944903161976948,10.0,3.0,0.5357142857142857,0.792658109342784,15.0,3.0,0.5178571428571429,0.8310140886798594,29.0,3.0,0.5119047619047619,0.8430302145401757,43.0,3.0,0.0,-3.0,-1.0,819,0.36752136752136755,0.07448107448107448,0.38217338217338215,0.32722832722832723,0.09523809523809523,0.2600732600732601,48.207196029776675,6.882783882783883
2023-11-15,1,0,0,0,0,0,0,0,2,0,0,0,2023,11,15,2,319,46,4,0,0,0,0.9749279121818236,-0.22252093395631434,-0.711656622281775,0.7025274741691566,-0.6631226582407955,0.7485107481711007,-0.5000000000000004,0.8660254037844384,0.0,0.0,0.0,1.0,1.0,1.0,0.3333333333333333,0.5773502691896255,1.0,1.0,0.42857142857142855,0.7867957924694426,3.0,2.0,0.7142857142857143,0.9944903161976948,10.0,3.0,0.5357142857142857,0.792658109342784,15.0,3.0,0.5178571428571429,0.8310140886798594,29.0,3.0,0.5119047619047619,0.8430302145401757,43.0,3.0,1.0,0.0,0.0,819,0.36752136752136755,0.07448107448107448,0.38217338217338215,0.32722832722832723,0.09523809523809523,0.2600732600732601,48.207196029776675,6.882783882783883
2023-11-16,0,0,0,0,0,0,0,0,0,0,0,0,2023,11,16,3,320,46,4,0,0,0,0.43388373911755823,-0.900968867902419,-0.6994583270516471,0.7146733860429608,-0.6631226582407955,0.7485107481711007,-0.5000000000000004,0.8660254037844384,1.0,0.0,0.0,0.0,0.0,0.0,0.3333333333333333,0.5773502691896255,1.0,1.0,0.42857142857142855,0.7867957924694426,3.0,2.0,0.7142857142857143,0.9944903161976948,10.0,3.0,0.5357142857142857,0.792658109342784,15.0,3.0,0.5178571428571429,0.8310140886798594,29.0,3.0,0.5119047619047619,0.8430302145401757,43.0,3.0,-1.0,0.0,0.0,819,0.36752136752136755,0.07448107448107448,0.38217338217338215,0.32722832722832723,0.09523809523809523,0.2600732600732601,48.207196029776675,6.882783882783883
2023-11-17,2,1,1,1,0,0,0,0,4,0,0,1,2023,11,17,4,321,46,4,0,0,1,-0.433883739117558,-0.9009688679024191,-0.6870527672236675,0.7266075247685652,-0.6631226582407955,0.7485107481711007,-0.5000000000000004,0.8660254037844384,0.0,1.0,0.0,2.0,0.0,0.0,1.0,1.0000000000000007,3.0,2.0,0.42857142857142855,0.7867957924694426,3.0,2.0,0.8571428571428571,1.0271051820261918,12.0,3.0,0.6071428571428571,0.8317445171439006,17.0,3.0,0.5535714285714286,0.8510879210461461,31.0,3.0,0.5357142857142857,0.8565330590463184,45.0,3.0,2.0,0.0,2.0,819,0.36752136752136755,0.07448107448107448,0.38217338217338215,0.32722832722832723,0.09523809523809523,0.2600732600732601,48.207196029776675,6.882783882783883
2023-11-18,0,0,0,0,0,0,0,0,0,0,0,0,2023,11,18,5,322,46,4,1,0,0,-0.9749279121818236,-0.2225209339563146,-0.6744436188329457,0.7383263540031063,-0.6631226582407955,0.7485107481711007,-0.5000000000000004,0.8660254037844384,2.0,0.0,1.0,0.0,1.0,1.0,0.6666666666666666,1.1547005383792517,2.0,2.0,0.42857142857142855,0.7867957924694426,3.0,2.0,0.7857142857142857,1.0509022810878308,11.0,3.0,0.5714285714285714,0.8357108940373441,16.0,3.0,0.5535714285714286,0.8510879210461461,31.0,3.0,0.5357142857142857,0.8565330590463184,45.0,3.0,-2.0,0.0,-1.0,819,0.36752136752136755,0.07448107448107448,0.38217338217338215,0.32722832722832723,0.09523809523809523,0.2600732600732601,48.207196029776675,6.882783882783883
2023-11-19,3,0,0,0,0,0,0,0,6,0,0,2,2023,11,19,6,323,46,4,1,0,0,-0.7818314824680299,0.6234898018587334,-0.661634618242279,0.749826401204568,-0.6631226582407955,0.7485107481711007,-0.5000000000000004,0.8660254037844384,0.0,2.0,0.0,0.0,2.0,0.0,1.6666666666666667,1.5275252316519476,5.0,3.0,0.8571428571428571,1.2149857925879113,6.0,3.0,0.8571428571428571,1.1673205911990778,12.0,3.0,0.6785714285714286,0.9449111825230674,19.0,3.0,0.6071428571428571,0.9081163607574342,34.0,3.0,0.5714285714285714,0.8955810429408632,48.0,3.0,3.0,3.0,3.0,819,0.36752136752136755,0.07448107448107448,0.38217338217338215,0.32722832722832723,0.09523809523809523,0.2600732600732601,48.207196029776675,6.882783882783883
2023-11-20,0,0,0,0,0,0,0,0,0,0,0,0,2023,11,20,0,324,47,4,0,1,0,0.0,1.0,-0.6486295610349818,0.7611042586607742,-0.5680647467311559,0.8229838658936564,-0.5000000000000004,0.8660254037844384,3.0,0.0,2.0,0.0,0.0,0.0,1.0,1.7320508075688776,3.0,3.0,0.8571428571428571,1.2149857925879113,6.0,3.0,0.8571428571428571,1.1673205911990778,12.0,3.0,0.6785714285714286,0.9449111825230674,19.0,3.0,0.5714285714285714,0.8915184769847434,32.0,3.0,0.5714285714285714,0.8955810429408632,48.0,3.0,-3.0,0.0,0.0,819,0.36752136752136755,0.07448107448107448,0.38217338217338215,0.32722832722832723,0.09523809523809523,0.2600732600732601,48.207196029776675,6.882783882783883
2023-11-21,2,1,0,1,0,3,0,1,4,0,0,0,2023,11,21,1,325,47,4,0,0,0,0.7818314824680298,0.6234898018587336,-0.6354323008901775,0.7721565844991641,-0.5680647467311559,0.8229838658936564,-0.5000000000000004,0.8660254037844384,0.0,3.0,0.0,0.0,3.0,0.0,1.6666666666666667,1.5275252316519476,5.0,3.0,1.1428571428571428,1.214985792587911,8.0,3.0,0.7857142857142857,1.0509022810878308,11.0,3.0,0.75,0.9670497325293999,21.0,3.0,0.6071428571428571,0.9081163607574342,34.0,3.0,0.5595238095238095,0.8691664817054634,47.0,3.0,2.0,2.0,2.0,819,0.36752136752136755,0.07448107448107448,0.38217338217338215,0.32722832722832723,0.09523809523809523,0.2600732600732601,48.207196029776675,6.882783882783883
2023-11-22,0,0,0,0,0,0,0,0,0,0,0,0,2023,11,22,2,326,47,4,0,0,0,0.9749279121818236,-0.22252093395631434,-0.622046748440868,0.7829801036770624,-0.5680647467311559,0.8229838658936564,-0.5000000000000004,0.8660254037844384,2.0,0.0,3.0,1.0,1.0,0.0,0.6666666666666666,1.154700538379252,2.0,2.0,1.0,1.2909944487358052,7.0,3.0,0.7142857142857143,1.0690449676496983,10.0,3.0,0.75,0.9670497325293999,21.0,3.0,0.6071428571428571,0.9081163607574342,34.0,3.0,0.5476190476190477,0.869908759995642,46.0,3.0,-2.0,-1.0,0.0,819,0.36752136752136755,0.07448107448107448,0.38217338217338215,0.32722832722832723,0.09523809523809523,0.2600732600732601,48.207196029776675,6.882783882783883
2023-11-23,0,0,0,0,0,0,0,0,0,0,0,0,2023,11,23,3,327,47,4,0,0,0,0.43388373911755823,-0.900968867902419,-0.6084768701151264,0.7935716089521472,-0.5680647467311559,0.8229838658936564,-0.5000000000000004,0.8660254037844384,0.0,2.0,0.0,0.0,0.0,0.0,0.6666666666666666,1.154700538379252,2.0,2.0,1.0,1.2909944487358052,7.0,3.0,0.7142857142857143,1.0690449676496983,10.0,3.0,0.75,0.9670497325293999,21.0,3.0,0.5892857142857143,0.9100806300799698,33.0,3.0,0.5357142857142857,0.870485649957202,45.0,3.0,0.0,0.0,0.0,819,0.36752136752136755,0.07448107448107448,0.38217338217338215,0.32722832722832723,0.09523809523809523,0.2600732600732601,48.207196029776675,6.882783882783883
2023-11-24,0,0,0,0,0,0,0,0,0,0,0,0,2023,11,24,4,328,47,4,0,0,1,-0.433883739117558,-0.9009688679024191,-0.594726686960764,0.8039279618328208,-0.5680647467311559,0.8229838658936564,-0.5000000000000004,0.8660254037844384,0.0,0.0,2.0,2.0,2.0,1.0,0.0,0.0,0.0,0.0,0.7142857142857143,1.253566341056017,5.0,3.0,0.5714285714285714,1.0163498575623626,8.0,3.0,0.7142857142857143,0.9759000729485324,20.0,3.0,0.5714285714285714,0.9116846116771045,32.0,3.0,0.5238095238095238,0.8708974802541483,44.0,3.0,0.0,-2.0,-1.0,819,0.36752136752136755,0.07448107448107448,0.38217338217338215,0.32722832722832723,0.09523809523809523,0.2600732600732601,48.207196029776675,6.882783882783883
2023-11-25,0,0,0,0,0,0,0,0,0,0,0,0,2023,11,25,5,329,47,4,1,0,0,-0.9749279121818236,-0.2225209339563146,-0.5808002734538013,0.8140460935082175,-0.5680647467311559,0.8229838658936564,-0.5000000000000004,0.8660254037844384,0.0,0.0,0.0,0.0,0.0,1.0,0.0,0.0,0.0,0.0,0.7142857142857143,1.253566341056017,5.0,3.0,0.5714285714285714,1.0163498575623626,8.0,3.0,0.6785714285714286,0.983326607456147,19.0,3.0,0.5178571428571429,0.8526124863899506,29.0,3.0,0.5238095238095238,0.8708974802541483,44.0,3.0,0.0,0.0,-1.0,819,0.36752136752136755,0.07448107448107448,0.38217338217338215,0.32722832722832723,0.09523809523809523,0.2600732600732601,48.207196029776675,6.882783882783883
2023-11-26,0,0,0,0,0,0,0,0,0,0,0,0,2023,11,26,6,330,47,4,1,0,0,-0.7818314824680299,0.6234898018587334,-0.5667017562911184,0.8239230057575536,-0.5680647467311559,0.8229838658936564,-0.5000000000000004,0.8660254037844384,0.0,0.0,0.0,3.0,0.0,0.0,0.0,0.0,0.0,0.0,0.2857142857142857,0.7559289460184541,2.0,2.0,0.5714285714285714,1.0163498575623626,8.0,3.0,0.6785714285714286,0.983326607456147,19.0,3.0,0.5178571428571429,0.8526124863899506,29.0,3.0,0.5238095238095238,0.8708974802541483,44.0,3.0,0.0,-3.0,0.0,819,0.36752136752136755,0.07448107448107448,0.38217338217338215,0.32722832722832723,0.09523809523809523,0.2600732600732601,48.207196029776675,6.882783882783883
2023-11-27,0,0,0,0,0,0,0,0,0,0,0,0,2023,11,27,0,331,48,4,0,1,0,0.0,1.0,-0.5524353131676203,0.8335557718385695,-0.4647231720437684,0.88545602565321,-0.5000000000000004,0.8660254037844384,0.0,0.0,0.0,0.0,0.0,0.0,0.0,0.0,0.0,0.0,0.2857142857142857,0.7559289460184541,2.0,2.0,0.5714285714285714,1.0163498575623626,8.0,3.0,0.6785714285714286,0.983326607456147,19.0,3.0,0.4642857142857143,0.7854190708679784,26.0,3.0,0.5238095238095238,0.8708974802541483,44.0,3.0,0.0,0.0,0.0,819,0.36752136752136755,0.07448107448107448,0.38217338217338215,0.32722832722832723,0.09523809523809523,0.2600732600732601,48.207196029776675,6.882783882783883
2023-11-28,0,0,0,0,0,0,0,0,0,0,0,0,2023,11,28,1,332,48,4,0,0,0,0.7818314824680298,0.6234898018587336,-0.5380051715382992,0.8429415373547832,-0.4647231720437684,0.88545602565321,-0.5000000000000004,0.8660254037844384,0.0,0.0,0.0,2.0,0.0,1.0,0.0,0.0,0.0,0.0,0.0,0.0,0.0,0.0,0.5714285714285714,1.0163498575623626,8.0,3.0,0.6428571428571429,0.989361399507772,18.0,3.0,0.4642857142857143,0.7854190708679784,26.0,3.0,0.5119047619047619,0.8711444849805294,43.0,3.0,0.0,-2.0,-1.0,819,0.36752136752136755,0.07448107448107448,0.38217338217338215,0.32722832722832723,0.09523809523809523,0.2600732600732601,48.207196029776675,6.882783882783883
2023-11-29,0,0,0,0,0,0,0,0,0,0,0,0,2023,11,29,2,333,48,4,0,0,0,0.9749279121818236,-0.22252093395631434,-0.5234156073655503,0.8520775211013093,-0.4647231720437684,0.88545602565321,-0.5000000000000004,0.8660254037844384,0.0,0.0,0.0,0.0,1.0,1.0,0.0,0.0,0.0,0.0,0.0,0.0,0.0,0.0,0.5,1.0190493307301371,7.0,3.0,0.6071428571428571,0.9940297973880041,17.0,3.0,0.4642857142857143,0.7854190708679784,26.0,3.0,0.5119047619047619,0.8711444849805294,43.0,3.0,0.0,0.0,-1.0,819,0.36752136752136755,0.07448107448107448,0.38217338217338215,0.32722832722832723,0.09523809523809523,0.2600732600732601,48.207196029776675,6.882783882783883
2023-11-30,2,1,0,1,0,1,0,1,5,1,1,0,2023,11,30,3,334,48,4,0,0,0,0.43388373911755823,-0.900968867902419,-0.5086709438521042,0.8609610158889945,-0.4647231720437684,0.88545602565321,-0.5000000000000004,0.8660254037844384,0.0,0.0,0.0,0.0,0.0,0.0,0.6666666666666666,1.154700538379252,2.0,2.0,0.2857142857142857,0.7559289460184541,2.0,2.0,0.6428571428571429,1.0818177620697824,9.0,3.0,0.6785714285714286,1.0202966681339742,19.0,3.0,0.5,0.8090398349558915,28.0,3.0,0.5357142857142857,0.8842181022369884,45.0,3.0,2.0,2.0,2.0,819,0.36752136752136755,0.07448107448107448,0.38217338217338215,0.32722832722832723,0.09523809523809523,0.2600732600732601,48.207196029776675,6.882783882783883
2023-12-01,0,0,0,0,0,0,0,0,0,0,0,0,2023,12,1,4,335,48,4,0,0,1,-0.433883739117558,-0.9009688679024191,-0.49377555015997737,0.8695893893466109,-0.4647231720437684,0.88545602565321,-2.4492935982947064e-16,1.0,2.0,0.0,0.0,0.0,2.0,0.0,0.6666666666666666,1.154700538379252,2.0,2.0,0.2857142857142857,0.7559289460184541,2.0,2.0,0.5,1.0190493307301371,7.0,3.0,0.6785714285714286,1.0202966681339742,19.0,3.0,0.5,0.8090398349558915,28.0,3.0,0.5357142857142857,0.8842181022369884,45.0,3.0,-2.0,0.0,0.0,819,0.36752136752136755,0.07448107448107448,0.38217338217338215,0.32722832722832723,0.09523809523809523,0.2600732600732601,48.207196029776675,6.882783882783883
2023-12-02,2,1,0,1,0,1,0,1,5,0,0,1,2023,12,2,5,336,48,4,1,0,0,-0.9749279121818236,-0.2225209339563146,-0.4787338401157883,0.8779600847008883,-0.4647231720437684,0.88545602565321,-2.4492935982947064e-16,1.0,0.0,2.0,0.0,0.0,0.0,1.0,1.3333333333333333,1.1547005383792526,4.0,2.0,0.5714285714285714,0.9759000729485326,4.0,2.0,0.6428571428571429,1.0818177620697824,9.0,3.0,0.7142857142857143,1.0490610566259235,20.0,3.0,0.5357142857142857,0.830427835281544,30.0,3.0,0.5595238095238095,0.89646145706583,47.0,3.0,2.0,2.0,1.0,819,0.36752136752136755,0.07448107448107448,0.38217338217338215,0.32722832722832723,0.09523809523809523,0.2600732600732601,48.207196029776675,6.882783882783883
2023-12-03,0,0,0,0,0,0,0,0,0,0,0,0,2023,12,3,6,337,48,4,1,0,0,-0.7818314824680299,0.6234898018587334,-0.4635502709028512,0.8860706215341378,-0.4647231720437684,0.88545602565321,-2.4492935982947064e-16,1.0,2.0,0.0,2.0,0.0,3.0,2.0,0.6666666666666666,1.154700538379252,2.0,2.0,0.5714285714285714,0.9759000729485326,4.0,2.0,0.42857142857142855,0.8516306272526414,6.0,2.0,0.6428571428571429,1.0261140545329506,18.0,3.0,0.5178571428571429,0.8310140886798593,29.0,3.0,0.5595238095238095,0.89646145706583,47.0,3.0,-2.0,0.0,-2.0,819,0.36752136752136755,0.07448107448107448,0.38217338217338215,0.32722832722832723,0.09523809523809523,0.2600732600732601,48.207196029776675,6.882783882783883
2023-12-04,0,0,0,0,0,0,0,0,0,0,0,0,2023,12,4,0,338,49,4,0,1,0,0.0,1.0,-0.4482293417404106,0.893918596519257,-0.35460488704253595,0.9350162426854147,-2.4492935982947064e-16,1.0,0.0,2.0,0.0,0.0,0.0,0.0,0.6666666666666666,1.154700538379252,2.0,2.0,0.5714285714285714,0.9759000729485326,4.0,2.0,0.42857142857142855,0.8516306272526414,6.0,2.0,0.6428571428571429,1.0261140545329506,18.0,3.0,0.5178571428571429,0.8310140886798593,29.0,3.0,0.5476190476190477,0.897181153280369,46.0,3.0,0.0,0.0,0.0,819,0.36752136752136755,0.07448107448107448,0.38217338217338215,0.32722832722832723,0.09523809523809523,0.2600732600732601,48.207196029776675,6.882783882783883
2023-12-05,3,3,0,2,0,0,0,0,7,0,0,1,2023,12,5,1,339,49,4,0,0,0,0.7818314824680298,0.6234898018587336,-0.4327755925504317,0.9015016841318838,-0.35460488704253595,0.9350162426854147,-2.4492935982947064e-16,1.0,0.0,0.0,2.0,0.0,2.0,3.0,1.0,1.7320508075688779,3.0,3.0,1.0,1.290994448735805,7.0,3.0,0.5,1.0190493307301371,7.0,3.0,0.6428571428571429,1.0261140545329506,18.0,3.0,0.5714285714285714,0.8915184769847433,32.0,3.0,0.5595238095238095,0.9229495734269172,47.0,3.0,3.0,3.0,0.0,819,0.36752136752136755,0.07448107448107448,0.38217338217338215,0.32722832722832723,0.09523809523809523,0.2600732600732601,48.207196029776675,6.882783882783883
2023-12-06,1,0,1,0,0,0,0,0,2,0,0,1,2023,12,6,2,340,49,4,0,0,0,0.9749279121818236,-0.22252093395631434,-0.41719360261231697,0.9088176373395028,-0.35460488704253595,0.9350162426854147,-2.4492935982947064e-16,1.0,3.0,0.0,0.0,0.0,0.0,1.0,1.3333333333333333,1.5275252316519474,4.0,3.0,1.1428571428571428,1.214985792587911,8.0,3.0,0.5714285714285714,1.0163498575623626,8.0,3.0,0.6428571428571429,1.0261140545329506,18.0,3.0,0.5714285714285714,0.8915184769847433,32.0,3.0,0.5357142857142857,0.8842181022369884,45.0,3.0,-2.0,1.0,0.0,819,0.36752136752136755,0.07448107448107448,0.38217338217338215,0.32722832722832723,0.09523809523809523,0.2600732600732601,48.207196029776675,6.882783882783883
2023-12-07,3,3,0,3,0,1,0,1,8,0,0,2,2023,12,7,3,341,49,4,0,0,0,0.43388373911755823,-0.900968867902419,-0.4014879892059737,0.9158642882672868,-0.35460488704253595,0.9350162426854147,-2.4492935982947064e-16,1.0,1.0,3.0,0.0,2.0,0.0,0.0,2.3333333333333335,1.1547005383792535,7.0,3.0,1.2857142857142858,1.3801311186847076,9.0,3.0,0.7857142857142857,1.1883130530663684,11.0,3.0,0.75,1.1097213530798982,21.0,3.0,0.625,0.9450829689407273,35.0,3.0,0.5714285714285714,0.9220944504547143,48.0,3.0,2.0,1.0,3.0,819,0.36752136752136755,0.07448107448107448,0.38217338217338215,0.32722832722832723,0.09523809523809523,0.2600732600732601,48.207196029776675,6.882783882783883
2023-12-08,0,0,0,0,0,0,0,0,0,0,0,0,2023,12,8,4,342,49,4,0,0,1,-0.433883739117558,-0.9009688679024191,-0.38566340624360745,0.9226395488404875,-0.35460488704253595,0.9350162426854147,-2.4492935982947064e-16,1.0,3.0,1.0,3.0,0.0,0.0,2.0,1.3333333333333333,1.5275252316519474,4.0,3.0,1.2857142857142858,1.3801311186847076,9.0,3.0,0.7857142857142857,1.1883130530663684,11.0,3.0,0.6785714285714286,1.09048312190214,19.0,3.0,0.625,0.9450829689407273,35.0,3.0,0.5714285714285714,0.9220944504547143,48.0,3.0,-3.0,0.0,-2.0,819,0.36752136752136755,0.07448107448107448,0.38217338217338215,0.32722832722832723,0.09523809523809523,0.2600732600732601,48.207196029776675,6.882783882783883
2023-12-09,2,0,0,0,0,0,0,0,4,2,2,0,2023,12,9,5,343,49,4,1,0,0,-0.9749279121818236,-0.2225209339563146,-0.3697245428906732,0.9291414114031743,-0.35460488704253595,0.9350162426854147,-2.4492935982947064e-16,1.0,0.0,3.0,1.0,2.0,0.0,0.0,1.6666666666666667,1.5275252316519476,5.0,3.0,1.2857142857142858,1.3801311186847076,9.0,3.0,0.9285714285714286,1.2066664642907574,13.0,3.0,0.75,1.1097213530798982,21.0,3.0,0.6607142857142857,0.9587261570207865,37.0,3.0,0.5952380952380952,0.9329193410174977,50.0,3.0,2.0,0.0,2.0,819,0.36752136752136755,0.07448107448107448,0.38217338217338215,0.32722832722832723,0.09523809523809523,0.2600732600732601,48.207196029776675,6.882783882783883
2023-12-10,0,0,0,0,0,0,0,0,0,0,0,0,2023,12,10,6,344,49,4,1,0,0,-0.7818314824680299,0.6234898018587334,-0.3536761221763721,0.935367949313148,-0.35460488704253595,0.9350162426854147,-2.4492935982947064e-16,1.0,2.0,0.0,3.0,0.0,0.0,0.0,0.6666666666666666,1.154700538379252,2.0,2.0,1.2857142857142858,1.3801311186847076,9.0,3.0,0.9285714285714286,1.2066664642907574,13.0,3.0,0.75,1.1097213530798982,21.0,3.0,0.6607142857142857,0.9587261570207865,37.0,3.0,0.5952380952380952,0.9329193410174977,50.0,3.0,-2.0,0.0,0.0,819,0.36752136752136755,0.07448107448107448,0.38217338217338215,0.32722832722832723,0.09523809523809523,0.2600732600732601,48.207196029776675,6.882783882783883
2023-12-11,0,0,0,0,0,0,0,0,0,0,0,0,2023,12,11,0,345,50,4,0,1,0,0.0,1.0,-0.33752289959411347,0.941317317512847,-0.2393156642875578,0.970941817426052,-2.4492935982947064e-16,1.0,0.0,2.0,0.0,0.0,0.0,0.0,0.6666666666666666,1.154700538379252,2.0,2.0,1.2857142857142858,1.3801311186847076,9.0,3.0,0.9285714285714286,1.2066664642907574,13.0,3.0,0.75,1.1097213530798982,21.0,3.0,0.6607142857142857,0.9587261570207865,37.0,3.0,0.5952380952380952,0.9329193410174977,50.0,3.0,0.0,0.0,0.0,819,0.36752136752136755,0.07448107448107448,0.38217338217338215,0.32722832722832723,0.09523809523809523,0.2600732600732601,48.207196029776675,6.882783882783883
2023-12-12,0,0,0,0,0,0,0,0,0,0,0,0,2023,12,12,1,346,50,4,0,0,0,0.7818314824680298,0.6234898018587336,-0.32126966169236515,0.9469877530760751,-0.2393156642875578,0.970941817426052,-2.4492935982947064e-16,1.0,0.0,0.0,2.0,3.0,0.0,0.0,0.0,0.0,0.0,0.0,0.8571428571428571,1.2149857925879113,6.0,3.0,0.9285714285714286,1.2066664642907574,13.0,3.0,0.75,1.1097213530798982,21.0,3.0,0.6428571428571429,0.9616003976056406,36.0,3.0,0.5952380952380952,0.9329193410174977,50.0,3.0,0.0,-3.0,0.0,819,0.36752136752136755,0.07448107448107448,0.38217338217338215,0.32722832722832723,0.09523809523809523,0.2600732600732601,48.207196029776675,6.882783882783883
2023-12-13,0,0,0,0,0,0,0,0,0,0,0,0,2023,12,13,2,347,50,4,0,0,0,0.9749279121818236,-0.22252093395631434,-0.3049212246562894,0.9523775757303973,-0.2393156642875578,0.970941817426052,-2.4492935982947064e-16,1.0,0.0,0.0,0.0,1.0,0.0,1.0,0.0,0.0,0.0,0.0,0.7142857142857143,1.253566341056017,5.0,3.0,0.9285714285714286,1.2066664642907574,13.0,3.0,0.7142857142857143,1.1174422797967003,20.0,3.0,0.625,0.9641293764560107,35.0,3.0,0.5833333333333334,0.9340717102232348,49.0,3.0,0.0,-1.0,-1.0,819,0.36752136752136755,0.07448107448107448,0.38217338217338215,0.32722832722832723,0.09523809523809523,0.2600732600732601,48.207196029776675,6.882783882783883
2023-12-14,0,0,0,0,0,0,0,0,0,0,0,0,2023,12,14,3,348,50,4,0,0,0,0.43388373911755823,-0.900968867902419,-0.2884824328806098,0.9574851883550389,-0.2393156642875578,0.970941817426052,-2.4492935982947064e-16,1.0,0.0,0.0,0.0,3.0,2.0,0.0,0.0,0.0,0.0,0.0,0.2857142857142857,0.7559289460184541,2.0,2.0,0.7857142857142857,1.1883130530663684,11.0,3.0,0.7142857142857143,1.1174422797967003,20.0,3.0,0.625,0.9641293764560107,35.0,3.0,0.5833333333333334,0.9340717102232348,49.0,3.0,0.0,-3.0,0.0,819,0.36752136752136755,0.07448107448107448,0.38217338217338215,0.32722832722832723,0.09523809523809523,0.2600732600732601,48.207196029776675,6.882783882783883
2023-12-15,1,1,0,1,0,0,0,0,2,0,0,0,2023,12,15,4,349,50,4,0,0,1,-0.433883739117558,-0.9009688679024191,-0.27195815753410524,0.9623090774541487,-0.2393156642875578,0.970941817426052,-2.4492935982947064e-16,1.0,0.0,0.0,0.0,0.0,0.0,2.0,0.3333333333333333,0.5773502691896257,1.0,1.0,0.42857142857142855,0.7867957924694426,3.0,2.0,0.8571428571428571,1.1673205911990778,12.0,3.0,0.6785714285714286,1.09048312190214,19.0,3.0,0.6428571428571429,0.9616003976056406,36.0,3.0,0.5952380952380952,0.9329193410174977,50.0,3.0,1.0,1.0,-1.0,819,0.36752136752136755,0.07448107448107448,0.38217338217338215,0.32722832722832723,0.09523809523809523,0.2600732600732601,48.207196029776675,6.882783882783883
2023-12-16,0,0,0,0,0,0,0,0,0,0,0,0,2023,12,16,5,350,50,4,1,0,0,-0.9749279121818236,-0.2225209339563146,-0.2553532951161881,0.9668478136052773,-0.2393156642875578,0.970941817426052,-2.4492935982947064e-16,1.0,1.0,0.0,0.0,2.0,2.0,0.0,0.3333333333333333,0.5773502691896257,1.0,1.0,0.14285714285714285,0.3779644730092267,1.0,1.0,0.7142857142857143,1.1387288073563866,10.0,3.0,0.6785714285714286,1.09048312190214,19.0,3.0,0.625,0.9641293764560107,35.0,3.0,0.5952380952380952,0.9329193410174977,50.0,3.0,-1.0,-2.0,0.0,819,0.36752136752136755,0.07448107448107448,0.38217338217338215,0.32722832722832723,0.09523809523809523,0.2600732600732601,48.207196029776675,6.882783882783883
2023-12-17,1,0,0,1,0,2,0,1,2,0,0,0,2023,12,17,6,351,50,4,1,0,0,-0.7818314824680299,0.6234898018587334,-0.23867276600594997,0.9711000518829505,-0.2393156642875578,0.970941817426052,-2.4492935982947064e-16,1.0,0.0,1.0,0.0,0.0,0.0,3.0,0.6666666666666666,0.5773502691896264,2.0,1.0,0.2857142857142857,0.48795003647426605,2.0,1.0,0.7857142857142857,1.1217137594956033,11.0,3.0,0.6071428571428571,0.9940297973880041,17.0,3.0,0.6428571428571429,0.9616003976056406,36.0,3.0,0.6071428571428571,0.9316115993894886,51.0,3.0,1.0,1.0,-2.0,819,0.36752136752136755,0.07448107448107448,0.38217338217338215,0.32722832722832723,0.09523809523809523,0.2600732600732601,48.207196029776675,6.882783882783883
2023-12-18,0,0,0,0,0,0,0,0,0,0,0,0,2023,12,18,0,352,51,4,0,1,0,0.0,1.0,-0.22192151300416674,0.9750645322571945,-0.12053668025532363,0.992708874098054,-2.4492935982947064e-16,1.0,1.0,0.0,1.0,0.0,0.0,0.0,0.3333333333333333,0.5773502691896257,1.0,1.0,0.2857142857142857,0.48795003647426605,2.0,1.0,0.7857142857142857,1.1217137594956033,11.0,3.0,0.6071428571428571,0.9940297973880041,17.0,3.0,0.6428571428571429,0.9616003976056406,36.0,3.0,0.5833333333333334,0.9210828270558462,49.0,3.0,-1.0,0.0,0.0,819,0.36752136752136755,0.07448107448107448,0.38217338217338215,0.32722832722832723,0.09523809523809523,0.2600732600732601,48.207196029776675,6.882783882783883
2023-12-19,0,0,0,0,0,0,0,0,0,0,0,0,2023,12,19,1,353,51,4,0,0,0,0.7818314824680298,0.6234898018587336,-0.20510449986861926,0.9787400799669153,-0.12053668025532363,0.992708874098054,-2.4492935982947064e-16,1.0,0.0,1.0,0.0,0.0,3.0,2.0,0.3333333333333333,0.5773502691896257,1.0,1.0,0.2857142857142857,0.48795003647426605,2.0,1.0,0.5714285714285714,0.937614461876992,8.0,3.0,0.5357142857142857,0.9615628812527931,15.0,3.0,0.6428571428571429,0.9616003976056406,36.0,3.0,0.5833333333333334,0.9210828270558462,49.0,3.0,0.0,0.0,-2.0,819,0.36752136752136755,0.07448107448107448,0.38217338217338215,0.32722832722832723,0.09523809523809523,0.2600732600732601,48.207196029776675,6.882783882783883
2023-12-20,1,0,0,0,0,0,0,0,3,0,0,0,2023,12,20,2,354,51,4,0,0,0,0.9749279121818236,-0.22252093395631434,-0.1882267098432439,0.9821256058680006,-0.12053668025532363,0.992708874098054,-2.4492935982947064e-16,1.0,0.0,0.0,1.0,0.0,1.0,0.0,0.3333333333333333,0.5773502691896257,1.0,1.0,0.42857142857142855,0.5345224838248481,3.0,1.0,0.5714285714285714,0.937614461876992,8.0,3.0,0.5714285714285714,0.959497222838565,16.0,3.0,0.6607142857142857,0.9587261570207865,37.0,3.0,0.5952380952380952,0.9199141869230811,50.0,3.0,1.0,1.0,1.0,819,0.36752136752136755,0.07448107448107448,0.38217338217338215,0.32722832722832723,0.09523809523809523,0.2600732600732601,48.207196029776675,6.882783882783883
2023-12-21,1,0,1,0,2,3,1,1,2,0,0,1,2023,12,21,3,355,51,4,0,0,0,0.43388373911755823,-0.900968867902419,-0.1712931441814778,0.9852201067560606,-0.12053668025532363,0.992708874098054,-2.4492935982947064e-16,1.0,1.0,0.0,0.0,0.0,3.0,0.0,0.6666666666666666,0.5773502691896264,2.0,1.0,0.5714285714285714,0.5345224838248479,4.0,1.0,0.42857142857142855,0.6462061726588658,6.0,2.0,0.6071428571428571,0.9560445408144761,17.0,3.0,0.6785714285714286,0.9555035389714758,38.0,3.0,0.5952380952380952,0.9199141869230811,50.0,3.0,0.0,1.0,1.0,819,0.36752136752136755,0.07448107448107448,0.38217338217338215,0.32722832722832723,0.09523809523809523,0.2600732600732601,48.207196029776675,6.882783882783883
2023-12-22,2,1,0,1,0,0,0,0,4,0,0,1,2023,12,22,4,356,51,4,0,0,1,-0.433883739117558,-0.9009688679024191,-0.154308820664281,0.9880226656636976,-0.12053668025532363,0.992708874098054,-2.4492935982947064e-16,1.0,1.0,1.0,0.0,1.0,0.0,0.0,1.3333333333333333,0.5773502691896278,4.0,2.0,0.7142857142857143,0.7559289460184537,5.0,2.0,0.5714285714285714,0.755928946018456,8.0,2.0,0.6785714285714286,0.9833266074561469,19.0,3.0,0.6964285714285714,0.9708411134333306,39.0,3.0,0.6071428571428571,0.9316115993894886,51.0,3.0,1.0,1.0,2.0,819,0.36752136752136755,0.07448107448107448,0.38217338217338215,0.32722832722832723,0.09523809523809523,0.2600732600732601,48.207196029776675,6.882783882783883
2023-12-23,2,1,0,1,0,1,0,1,4,1,1,1,2023,12,23,5,357,51,4,1,0,0,-0.9749279121818236,-0.2225209339563146,-0.13727877211326517,0.9905324521322227,-0.12053668025532363,0.992708874098054,-2.4492935982947064e-16,1.0,2.0,1.0,1.0,0.0,2.0,0.0,1.6666666666666667,0.5773502691896284,5.0,2.0,1.0,0.8164965809277251,7.0,2.0,0.5714285714285714,0.755928946018456,8.0,2.0,0.75,1.0046189622236172,21.0,3.0,0.7142857142857143,0.985610760609163,40.0,3.0,0.5952380952380952,0.906722518613156,50.0,3.0,0.0,2.0,2.0,819,0.36752136752136755,0.07448107448107448,0.38217338217338215,0.32722832722832723,0.09523809523809523,0.2600732600732601,48.207196029776675,6.882783882783883
2023-12-24,1,1,0,1,0,1,0,1,2,0,0,1,2023,12,24,6,358,51,4,1,0,0,-0.7818314824680299,0.6234898018587334,-0.12020804489935275,0.9927487224577402,-0.12053668025532363,0.992708874098054,-2.4492935982947064e-16,1.0,2.0,2.0,1.0,1.0,0.0,0.0,1.6666666666666667,0.5773502691896284,5.0,2.0,1.0,0.8164965809277251,7.0,2.0,0.6428571428571429,0.7449463436684934,9.0,2.0,0.7857142857142857,0.9946949227868753,22.0,3.0,0.7321428571428571,0.9814844310083017,41.0,3.0,0.6071428571428571,0.905376938646387,51.0,3.0,-1.0,0.0,1.0,819,0.36752136752136755,0.07448107448107448,0.38217338217338215,0.32722832722832723,0.09523809523809523,0.2600732600732601,48.207196029776675,6.882783882783883
2023-12-25,0,0,0,0,0,0,0,0,0,0,0,0,2023,12,25,0,359,52,4,0,1,0,0.0,1.0,-0.10310169744743544,0.9946708199115211,6.432490598706546e-16,1.0,-2.4492935982947064e-16,1.0,1.0,2.0,2.0,0.0,0.0,0.0,1.0,1.0000000000000007,3.0,2.0,1.0,0.8164965809277251,7.0,2.0,0.6428571428571429,0.7449463436684934,9.0,2.0,0.7857142857142857,0.9946949227868753,22.0,3.0,0.7321428571428571,0.9814844310083017,41.0,3.0,0.5714285714285714,0.8682583909129281,48.0,3.0,-1.0,0.0,0.0,819,0.36752136752136755,0.07448107448107448,0.38217338217338215,0.32722832722832723,0.09523809523809523,0.2600732600732601,48.207196029776675,6.882783882783883
2023-12-26,0,0,0,0,0,0,0,0,0,0,0,0,2023,12,26,1,360,52,4,0,0,0,0.7818314824680298,0.6234898018587336,-0.0859647987374467,0.9962981749346077,6.432490598706546e-16,1.0,-2.4492935982947064e-16,1.0,0.0,1.0,2.0,0.0,0.0,0.0,0.3333333333333333,0.5773502691896254,1.0,1.0,1.0,0.8164965809277251,7.0,2.0,0.6428571428571429,0.7449463436684934,9.0,2.0,0.7857142857142857,0.9946949227868753,22.0,3.0,0.7142857142857143,0.985610760609163,40.0,3.0,0.5714285714285714,0.8682583909129281,48.0,3.0,0.0,0.0,0.0,819,0.36752136752136755,0.07448107448107448,0.38217338217338215,0.32722832722832723,0.09523809523809523,0.2600732600732601,48.207196029776675,6.882783882783883
2023-12-27,0,0,0,0,0,0,0,0,0,0,0,0,2023,12,27,2,361,52,4,0,0,0,0.9749279121818236,-0.22252093395631434,-0.06880242680232064,0.9976303053065857,6.432490598706546e-16,1.0,-2.4492935982947064e-16,1.0,0.0,0.0,1.0,1.0,0.0,0.0,0.0,0.0,0.0,0.0,0.8571428571428571,0.8997354108424367,6.0,2.0,0.6428571428571429,0.7449463436684934,9.0,2.0,0.7857142857142857,0.9946949227868753,22.0,3.0,0.6964285714285714,0.9893917848335438,39.0,3.0,0.5714285714285714,0.8682583909129281,48.0,3.0,0.0,-1.0,0.0,819,0.36752136752136755,0.07448107448107448,0.38217338217338215,0.32722832722832723,0.09523809523809523,0.2600732600732601,48.207196029776675,6.882783882783883
2023-12-28,0,0,0,0,0,0,0,0,0,0,0,0,2023,12,28,3,362,52,4,0,0,0,0.43388373911755823,-0.900968867902419,-0.05161966722325418,0.9986668162884759,6.432490598706546e-16,1.0,-2.4492935982947064e-16,1.0,0.0,0.0,0.0,1.0,0.0,2.0,0.0,0.0,0.0,0.0,0.7142857142857143,0.9511897312113413,5.0,2.0,0.6428571428571429,0.7449463436684934,9.0,2.0,0.7142857142857143,0.9759000729485323,20.0,3.0,0.6964285714285714,0.9893917848335438,39.0,3.0,0.5714285714285714,0.8682583909129281,48.0,3.0,0.0,-1.0,-2.0,819,0.36752136752136755,0.07448107448107448,0.38217338217338215,0.32722832722832723,0.09523809523809523,0.2600732600732601,48.207196029776675,6.882783882783883
2023-12-29,0,0,0,0,0,0,0,0,0,0,0,0,2023,12,29,4,363,52,4,0,0,1,-0.433883739117558,-0.9009688679024191,-0.034421611622745804,0.9994074007397048,6.432490598706546e-16,1.0,-2.4492935982947064e-16,1.0,0.0,0.0,0.0,2.0,1.0,0.0,0.0,0.0,0.0,0.0,0.42857142857142855,0.7867957924694428,3.0,2.0,0.5714285714285714,0.755928946018456,8.0,2.0,0.7142857142857143,0.9759000729485323,20.0,3.0,0.6964285714285714,0.9893917848335438,39.0,3.0,0.5714285714285714,0.8682583909129281,48.0,3.0,0.0,-2.0,0.0,819,0.36752136752136755,0.07448107448107448,0.38217338217338215,0.32722832722832723,0.09523809523809523,0.2600732600732601,48.207196029776675,6.882783882783883
2023-12-30,1,0,0,0,0,1,0,1,2,0,0,1,2023,12,30,5,364,52,4,1,0,0,-0.9749279121818236,-0.2225209339563146,-0.01721335615583528,0.9998518392091162,6.432490598706546e-16,1.0,-2.4492935982947064e-16,1.0,0.0,0.0,0.0,2.0,0.0,2.0,0.3333333333333333,0.5773502691896254,1.0,1.0,0.2857142857142857,0.48795003647426616,2.0,1.0,0.6428571428571429,0.7449463436684934,9.0,2.0,0.6785714285714286,0.9449111825230672,19.0,3.0,0.6964285714285714,0.9893917848335438,39.0,3.0,0.5833333333333334,0.8671839667155496,49.0,3.0,1.0,-1.0,-1.0,819,0.36752136752136755,0.07448107448107448,0.38217338217338215,0.32722832722832723,0.09523809523809523,0.2600732600732601,48.207196029776675,6.882783882783883
2023-12-31,0,0,0,0,0,0,0,0,0,0,0,0,2023,12,31,6,365,52,4,1,0,0,-0.7818314824680299,0.6234898018587334,6.432490598706546e-16,1.0,6.432490598706546e-16,1.0,-2.4492935982947064e-16,1.0,1.0,0.0,0.0,1.0,1.0,0.0,0.3333333333333333,0.5773502691896254,1.0,1.0,0.14285714285714285,0.37796447300922703,1.0,1.0,0.5714285714285714,0.755928946018456,8.0,2.0,0.6785714285714286,0.9449111825230672,19.0,3.0,0.6607142857142857,0.9775067675057202,37.0,3.0,0.5714285714285714,0.8682583909129281,48.0,3.0,-1.0,-1.0,0.0,819,0.36752136752136755,0.07448107448107448,0.38217338217338215,0.32722832722832723,0.09523809523809523,0.2600732600732601,48.207196029776675,6.882783882783883
2024-01-01,0,0,0,0,0,0,0,0,0,0,0,0,2024,1,1,0,1,1,1,0,1,0,0.0,1.0,0.017213356155834685,0.9998518392091162,0.12053668025532305,0.992708874098054,0.49999999999999994,0.8660254037844387,0.0,1.0,0.0,0.0,0.0,0.0,0.3333333333333333,0.5773502691896254,1.0,1.0,0.14285714285714285,0.37796447300922703,1.0,1.0,0.5714285714285714,0.755928946018456,8.0,2.0,0.6785714285714286,0.9449111825230672,19.0,3.0,0.6607142857142857,0.9775067675057202,37.0,3.0,0.5714285714285714,0.8682583909129281,48.0,3.0,0.0,0.0,0.0,819,0.36752136752136755,0.07448107448107448,0.38217338217338215,0.32722832722832723,0.09523809523809523,0.2600732600732601,48.207196029776675,6.882783882783883
2024-01-02,1,0,0,0,0,0,0,0,2,0,0,0,2024,1,2,1,2,1,1,0,0,0,0.7818314824680298,0.6234898018587336,0.03442161162274574,0.9994074007397048,0.12053668025532305,0.992708874098054,0.49999999999999994,0.8660254037844387,0.0,0.0,1.0,0.0,0.0,3.0,0.3333333333333333,0.5773502691896254,1.0,1.0,0.2857142857142857,0.48795003647426616,2.0,1.0,0.6428571428571429,0.7449463436684934,9.0,2.0,0.6071428571428571,0.8317445171439004,17.0,3.0,0.625,0.9256447384489275,35.0,3.0,0.5833333333333334,0.8671839667155496,49.0,3.0,1.0,1.0,-2.0,819,0.36752136752136755,0.07448107448107448,0.38217338217338215,0.32722832722832723,0.09523809523809523,0.2600732600732601,48.207196029776675,6.882783882783883
2024-01-03,0,0,0,0,0,0,0,0,0,0,0,0,2024,1,3,2,3,1,1,0,0,0,0.9749279121818236,-0.22252093395631434,0.051619667223253764,0.998666816288476,0.12053668025532305,0.992708874098054,0.49999999999999994,0.8660254037844387,1.0,0.0,0.0,0.0,1.0,1.0,0.3333333333333333,0.5773502691896254,1.0,1.0,0.2857142857142857,0.48795003647426616,2.0,1.0,0.5714285714285714,0.755928946018456,8.0,2.0,0.5714285714285714,0.8357108940373439,16.0,3.0,0.6071428571428571,0.9279218507174851,34.0,3.0,0.5714285714285714,0.8682583909129281,48.0,3.0,-1.0,0.0,-1.0,819,0.36752136752136755,0.07448107448107448,0.38217338217338215,0.32722832722832723,0.09523809523809523,0.2600732600732601,48.207196029776675,6.882783882783883
2024-01-04,1,0,0,0,0,0,0,0,2,0,0,0,2024,1,4,3,4,1,1,0,0,0,0.43388373911755823,-0.900968867902419,0.06880242680231986,0.9976303053065857,0.12053668025532305,0.992708874098054,0.49999999999999994,0.8660254037844387,0.0,1.0,0.0,0.0,1.0,3.0,0.6666666666666666,0.5773502691896262,2.0,1.0,0.42857142857142855,0.5345224838248482,3.0,1.0,0.5714285714285714,0.755928946018456,8.0,2.0,0.5,0.6938886664887096,14.0,2.0,0.625,0.9256447384489275,35.0,3.0,0.5833333333333334,0.8671839667155496,49.0,3.0,1.0,1.0,-2.0,819,0.36752136752136755,0.07448107448107448,0.38217338217338215,0.32722832722832723,0.09523809523809523,0.2600732600732601,48.207196029776675,6.882783882783883
2024-01-05,4,3,0,3,0,0,0,0,9,3,3,3,2024,1,5,4,5,1,1,0,0,1,-0.433883739117558,-0.9009688679024191,0.08596479873744647,0.9962981749346078,0.12053668025532305,0.992708874098054,0.49999999999999994,0.8660254037844387,1.0,0.0,1.0,0.0,2.0,0.0,1.6666666666666667,2.0816659994661335,5.0,4.0,1.0,1.4142135623730945,7.0,4.0,0.7142857142857143,1.1387288073563868,10.0,4.0,0.6428571428571429,0.9511897312113409,18.0,4.0,0.6607142857142857,1.0140250259469707,37.0,4.0,0.6309523809523809,0.9414134708013862,53.0,4.0,3.0,4.0,4.0,819,0.36752136752136755,0.07448107448107448,0.38217338217338215,0.32722832722832723,0.09523809523809523,0.2600732600732601,48.207196029776675,6.882783882783883
2024-01-06,0,0,0,0,0,0,0,0,0,0,0,0,2024,1,6,5,6,1,1,1,0,0,-0.9749279121818236,-0.2225209339563146,0.10310169744743485,0.9946708199115211,0.12053668025532305,0.992708874098054,0.49999999999999994,0.8660254037844387,4.0,1.0,0.0,1.0,2.0,2.0,1.6666666666666667,2.0816659994661335,5.0,4.0,0.8571428571428571,1.4638501094227994,6.0,4.0,0.5714285714285714,1.0894095588038455,8.0,4.0,0.5714285714285714,0.9200874124564713,16.0,4.0,0.6607142857142857,1.0140250259469707,37.0,4.0,0.6309523809523809,0.9414134708013862,53.0,4.0,-4.0,-1.0,-2.0,819,0.36752136752136755,0.07448107448107448,0.38217338217338215,0.32722832722832723,0.09523809523809523,0.2600732600732601,48.207196029776675,6.882783882783883
2024-01-07,0,0,0,0,0,0,0,0,0,0,0,0,2024,1,7,6,7,1,1,1,0,0,-0.7818314824680299,0.6234898018587334,0.1202080448993527,0.9927487224577402,0.12053668025532305,0.992708874098054,0.49999999999999994,0.8660254037844387,0.0,4.0,1.0,0.0,1.0,0.0,1.3333333333333333,2.3094010767585034,4.0,4.0,0.8571428571428571,1.4638501094227994,6.0,4.0,0.5,1.0919284281983388,7.0,4.0,0.5714285714285714,0.9200874124564713,16.0,4.0,0.6607142857142857,1.0140250259469707,37.0,4.0,0.6309523809523809,0.9414134708013862,53.0,4.0,0.0,0.0,0.0,819,0.36752136752136755,0.07448107448107448,0.38217338217338215,0.32722832722832723,0.09523809523809523,0.2600732600732601,48.207196029776675,6.882783882783883
2024-01-08,1,1,0,0,0,0,0,0,2,0,0,0,2024,1,8,0,8,2,1,0,1,0,0.0,1.0,0.13727877211326478,0.9905324521322229,0.23931566428755774,0.970941817426052,0.49999999999999994,0.8660254037844387,0.0,0.0,4.0,0.0,0.0,0.0,0.3333333333333333,0.5773502691896256,1.0,1.0,1.0,1.4142135623730945,7.0,4.0,0.5714285714285714,1.0894095588038455,8.0,4.0,0.6071428571428571,0.9164862737363219,17.0,4.0,0.6785714285714286,1.0109786951651967,38.0,4.0,0.6428571428571429,0.9396597326058495,54.0,4.0,1.0,1.0,1.0,819,0.36752136752136755,0.07448107448107448,0.38217338217338215,0.32722832722832723,0.09523809523809523,0.2600732600732601,48.207196029776675,6.882783882783883
2024-01-09,1,1,0,1,0,2,0,1,2,0,0,0,2024,1,9,1,9,2,1,0,0,0,0.7818314824680298,0.6234898018587336,0.15430882066428117,0.9880226656636976,0.23931566428755774,0.970941817426052,0.49999999999999994,0.8660254037844387,1.0,0.0,0.0,1.0,0.0,0.0,0.6666666666666666,0.5773502691896263,2.0,1.0,1.0,1.4142135623730945,7.0,4.0,0.6428571428571429,1.0818177620697826,9.0,4.0,0.6428571428571429,0.9114207758701954,18.0,4.0,0.6964285714285714,1.0076009826611634,39.0,4.0,0.6428571428571429,0.9396597326058495,54.0,4.0,0.0,0.0,1.0,819,0.36752136752136755,0.07448107448107448,0.38217338217338215,0.32722832722832723,0.09523809523809523,0.2600732600732601,48.207196029776675,6.882783882783883
2024-01-10,1,0,0,0,0,0,0,0,2,0,0,1,2024,1,10,2,10,2,1,0,0,0,0.9749279121818236,-0.22252093395631434,0.1712931441814776,0.9852201067560606,0.23931566428755774,0.970941817426052,0.49999999999999994,0.8660254037844387,1.0,1.0,0.0,0.0,0.0,0.0,1.0,0.0,3.0,1.0,1.1428571428571428,1.3451854182690979,8.0,4.0,0.7142857142857143,1.0690449676496985,10.0,4.0,0.6785714285714286,0.9048663264720745,19.0,4.0,0.6964285714285714,1.0076009826611634,39.0,4.0,0.6428571428571429,0.9396597326058495,54.0,4.0,0.0,1.0,1.0,819,0.36752136752136755,0.07448107448107448,0.38217338217338215,0.32722832722832723,0.09523809523809523,0.2600732600732601,48.207196029776675,6.882783882783883
2024-01-11,1,0,0,0,0,0,0,0,2,0,0,1,2024,1,11,3,11,2,1,0,0,0,0.43388373911755823,-0.900968867902419,0.1882267098432442,0.9821256058680006,0.23931566428755774,0.970941817426052,0.49999999999999994,0.8660254037844387,1.0,1.0,1.0,1.0,0.0,0.0,1.0,0.0,3.0,1.0,1.1428571428571428,1.3451854182690979,8.0,4.0,0.7857142857142857,1.050902281087831,11.0,4.0,0.7142857142857143,0.8967902788460648,20.0,4.0,0.7142857142857143,1.003888543510787,40.0,4.0,0.6547619047619048,0.9377497754853561,55.0,4.0,0.0,0.0,1.0,819,0.36752136752136755,0.07448107448107448,0.38217338217338215,0.32722832722832723,0.09523809523809523,0.2600732600732601,48.207196029776675,6.882783882783883
2024-01-12,0,0,0,0,0,0,0,0,0,0,0,0,2024,1,12,4,12,2,1,0,0,1,-0.433883739117558,-0.9009688679024191,0.2051044998686192,0.9787400799669153,0.23931566428755774,0.970941817426052,0.49999999999999994,0.8660254037844387,1.0,1.0,1.0,4.0,0.0,1.0,0.6666666666666666,0.5773502691896262,2.0,1.0,0.5714285714285714,0.5345224838248479,4.0,1.0,0.7857142857142857,1.050902281087831,11.0,4.0,0.6785714285714286,0.9048663264720745,19.0,4.0,0.6785714285714286,0.9928314487939467,38.0,4.0,0.6547619047619048,0.9377497754853561,55.0,4.0,-1.0,-4.0,-1.0,819,0.36752136752136755,0.07448107448107448,0.38217338217338215,0.32722832722832723,0.09523809523809523,0.2600732600732601,48.207196029776675,6.882783882783883
2024-01-13,1,0,1,0,0,0,0,0,1,0,0,1,2024,1,13,5,13,2,1,1,0,0,-0.9749279121818236,-0.2225209339563146,0.2219215130041655,0.9750645322571948,0.23931566428755774,0.970941817426052,0.49999999999999994,0.8660254037844387,0.0,1.0,1.0,0.0,1.0,0.0,0.6666666666666666,0.5773502691896262,2.0,1.0,0.7142857142857143,0.4879500364742654,5.0,1.0,0.7857142857142857,1.050902281087831,11.0,4.0,0.7142857142857143,0.8967902788460648,20.0,4.0,0.6964285714285714,0.9893917848335437,39.0,4.0,0.6547619047619048,0.9377497754853561,55.0,4.0,1.0,1.0,1.0,819,0.36752136752136755,0.07448107448107448,0.38217338217338215,0.32722832722832723,0.09523809523809523,0.2600732600732601,48.207196029776675,6.882783882783883
2024-01-14,0,0,0,0,0,0,0,0,0,0,0,0,2024,1,14,6,14,2,1,1,0,0,-0.7818314824680299,0.6234898018587334,0.2386727660059501,0.9711000518829505,0.23931566428755774,0.970941817426052,0.49999999999999994,0.8660254037844387,1.0,0.0,1.0,0.0,0.0,1.0,0.3333333333333333,0.5773502691896255,1.0,1.0,0.7142857142857143,0.4879500364742654,5.0,1.0,0.7857142857142857,1.050902281087831,11.0,4.0,0.6785714285714286,0.9048663264720745,19.0,4.0,0.6428571428571429,0.9425028850415736,36.0,4.0,0.6547619047619048,0.9377497754853561,55.0,4.0,-1.0,0.0,-1.0,819,0.36752136752136755,0.07448107448107448,0.38217338217338215,0.32722832722832723,0.09523809523809523,0.2600732600732601,48.207196029776675,6.882783882783883
2024-01-15,0,0,0,0,0,0,0,0,0,0,0,0,2024,1,15,0,15,3,1,0,1,0,0.0,1.0,0.255353295116187,0.9668478136052775,0.3546048870425356,0.9350162426854148,0.49999999999999994,0.8660254037844387,0.0,1.0,0.0,1.0,0.0,0.0,0.3333333333333333,0.5773502691896255,1.0,1.0,0.5714285714285714,0.5345224838248479,4.0,1.0,0.7857142857142857,1.050902281087831,11.0,4.0,0.6785714285714286,0.9048663264720745,19.0,4.0,0.6428571428571429,0.9425028850415736,36.0,4.0,0.6547619047619048,0.9377497754853561,55.0,4.0,0.0,-1.0,0.0,819,0.36752136752136755,0.07448107448107448,0.38217338217338215,0.32722832722832723,0.09523809523809523,0.2600732600732601,48.207196029776675,6.882783882783883
2024-01-16,0,0,0,0,0,0,0,0,0,0,0,0,2024,1,16,1,16,3,1,0,0,0,0.7818314824680298,0.6234898018587336,0.2719581575341055,0.9623090774541486,0.3546048870425356,0.9350162426854148,0.49999999999999994,0.8660254037844387,0.0,0.0,1.0,1.0,1.0,0.0,0.0,0.0,0.0,0.0,0.42857142857142855,0.5345224838248482,3.0,1.0,0.7142857142857143,1.0690449676496985,10.0,4.0,0.6785714285714286,0.9048663264720745,19.0,4.0,0.6071428571428571,0.927921850717485,34.0,4.0,0.6547619047619048,0.9377497754853561,55.0,4.0,0.0,-1.0,0.0,819,0.36752136752136755,0.07448107448107448,0.38217338217338215,0.32722832722832723,0.09523809523809523,0.2600732600732601,48.207196029776675,6.882783882783883
2024-01-17,0,0,0,0,0,0,0,0,0,0,0,0,2024,1,17,2,17,3,1,0,0,0,0.9749279121818236,-0.22252093395631434,0.288482432880609,0.9574851883550393,0.3546048870425356,0.9350162426854148,0.49999999999999994,0.8660254037844387,0.0,0.0,0.0,1.0,0.0,1.0,0.0,0.0,0.0,0.0,0.2857142857142857,0.4879500364742662,2.0,1.0,0.7142857142857143,1.0690449676496985,10.0,4.0,0.6428571428571429,0.9114207758701954,18.0,4.0,0.6071428571428571,0.927921850717485,34.0,4.0,0.6547619047619048,0.9377497754853561,55.0,4.0,0.0,-1.0,-1.0,819,0.36752136752136755,0.07448107448107448,0.38217338217338215,0.32722832722832723,0.09523809523809523,0.2600732600732601,48.207196029776675,6.882783882783883
2024-01-18,1,0,0,0,0,1,0,1,2,0,1,1,2024,1,18,3,18,3,1,0,0,0,0.43388373911755823,-0.900968867902419,0.30492122465628907,0.9523775757303974,0.3546048870425356,0.9350162426854148,0.49999999999999994,0.8660254037844387,0.0,0.0,0.0,1.0,1.0,1.0,0.3333333333333333,0.5773502691896255,1.0,1.0,0.2857142857142857,0.4879500364742662,2.0,1.0,0.7142857142857143,1.0690449676496985,10.0,4.0,0.6428571428571429,0.9114207758701954,18.0,4.0,0.625,0.9256447384489275,35.0,4.0,0.6666666666666666,0.9356826427972947,56.0,4.0,1.0,0.0,0.0,819,0.36752136752136755,0.07448107448107448,0.38217338217338215,0.32722832722832723,0.09523809523809523,0.2600732600732601,48.207196029776675,6.882783882783883
2024-01-19,0,0,0,0,0,0,0,0,0,0,0,0,2024,1,19,4,19,3,1,0,0,1,-0.433883739117558,-0.9009688679024191,0.3212696616923644,0.9469877530760753,0.3546048870425356,0.9350162426854148,0.49999999999999994,0.8660254037844387,1.0,0.0,0.0,0.0,4.0,2.0,0.3333333333333333,0.5773502691896255,1.0,1.0,0.2857142857142857,0.4879500364742662,2.0,1.0,0.42857142857142855,0.5135525910130977,6.0,1.0,0.5714285714285714,0.8789122666607689,16.0,4.0,0.625,0.9256447384489275,35.0,4.0,0.6547619047619048,0.9377497754853561,55.0,4.0,-1.0,0.0,-2.0,819,0.36752136752136755,0.07448107448107448,0.38217338217338215,0.32722832722832723,0.09523809523809523,0.2600732600732601,48.207196029776675,6.882783882783883
2024-01-20,0,0,0,0,0,0,0,0,0,0,0,0,2024,1,20,5,20,3,1,1,0,0,-0.9749279121818236,-0.2225209339563146,0.3375228995941133,0.9413173175128471,0.3546048870425356,0.9350162426854148,0.49999999999999994,0.8660254037844387,0.0,1.0,0.0,1.0,0.0,2.0,0.3333333333333333,0.5773502691896255,1.0,1.0,0.14285714285714285,0.3779644730092271,1.0,1.0,0.42857142857142855,0.5135525910130977,6.0,1.0,0.5,0.83887049280786,14.0,4.0,0.625,0.9256447384489275,35.0,4.0,0.6428571428571429,0.9396597326058495,54.0,4.0,0.0,-1.0,-2.0,819,0.36752136752136755,0.07448107448107448,0.38217338217338215,0.32722832722832723,0.09523809523809523,0.2600732600732601,48.207196029776675,6.882783882783883
2024-01-21,0,0,0,0,0,0,0,0,0,0,0,0,2024,1,21,6,21,3,1,1,0,0,-0.7818314824680299,0.6234898018587334,0.3536761221763716,0.9353679493131483,0.3546048870425356,0.9350162426854148,0.49999999999999994,0.8660254037844387,0.0,0.0,1.0,0.0,0.0,1.0,0.0,0.0,0.0,0.0,0.14285714285714285,0.3779644730092271,1.0,1.0,0.42857142857142855,0.5135525910130977,6.0,1.0,0.4642857142857143,0.8380817098475247,13.0,4.0,0.625,0.9256447384489275,35.0,4.0,0.6428571428571429,0.9396597326058495,54.0,4.0,0.0,0.0,-1.0,819,0.36752136752136755,0.07448107448107448,0.38217338217338215,0.32722832722832723,0.09523809523809523,0.2600732600732601,48.207196029776675,6.882783882783883
2024-01-22,0,0,0,0,0,0,0,0,0,0,0,0,2024,1,22,0,22,4,1,0,1,0,0.0,1.0,0.3697245428906731,0.9291414114031743,0.4647231720437685,0.8854560256532099,0.49999999999999994,0.8660254037844387,0.0,0.0,0.0,0.0,1.0,0.0,0.0,0.0,0.0,0.0,0.14285714285714285,0.3779644730092271,1.0,1.0,0.35714285714285715,0.4972451580988493,5.0,1.0,0.4642857142857143,0.8380817098475247,13.0,4.0,0.625,0.9256447384489275,35.0,4.0,0.6428571428571429,0.9396597326058495,54.0,4.0,0.0,0.0,0.0,819,0.36752136752136755,0.07448107448107448,0.38217338217338215,0.32722832722832723,0.09523809523809523,0.2600732600732601,48.207196029776675,6.882783882783883
2024-01-23,0,0,0,0,0,0,0,0,0,0,0,0,2024,1,23,1,23,4,1,0,0,0,0.7818314824680298,0.6234898018587336,0.38566340624360707,0.9226395488404876,0.4647231720437685,0.8854560256532099,0.49999999999999994,0.8660254037844387,0.0,0.0,0.0,0.0,1.0,0.0,0.0,0.0,0.0,0.0,0.14285714285714285,0.3779644730092271,1.0,1.0,0.2857142857142857,0.4688072309384979,4.0,1.0,0.4642857142857143,0.8380817098475247,13.0,4.0,0.625,0.9256447384489275,35.0,4.0,0.6309523809523809,0.9414134708013862,53.0,4.0,0.0,0.0,0.0,819,0.36752136752136755,0.07448107448107448,0.38217338217338215,0.32722832722832723,0.09523809523809523,0.2600732600732601,48.207196029776675,6.882783882783883
2024-01-24,0,0,0,0,0,0,0,0,0,0,0,0,2024,1,24,2,24,4,1,0,0,0,0.9749279121818236,-0.22252093395631434,0.401487989205973,0.9158642882672872,0.4647231720437685,0.8854560256532099,0.49999999999999994,0.8660254037844387,0.0,0.0,0.0,0.0,1.0,0.0,0.0,0.0,0.0,0.0,0.14285714285714285,0.3779644730092271,1.0,1.0,0.21428571428571427,0.4258153136263229,3.0,1.0,0.4642857142857143,0.8380817098475247,13.0,4.0,0.625,0.9256447384489275,35.0,4.0,0.6190476190476191,0.9430118616428339,52.0,4.0,0.0,0.0,0.0,819,0.36752136752136755,0.07448107448107448,0.38217338217338215,0.32722832722832723,0.09523809523809523,0.2600732600732601,48.207196029776675,6.882783882783883
2024-01-25,1,1,0,0,0,0,0,0,2,1,1,0,2024,1,25,3,25,4,1,0,0,0,0.43388373911755823,-0.900968867902419,0.4171936026123168,0.9088176373395029,0.4647231720437685,0.8854560256532099,0.49999999999999994,0.8660254037844387,0.0,0.0,0.0,1.0,1.0,0.0,0.3333333333333333,0.5773502691896255,1.0,1.0,0.14285714285714285,0.3779644730092271,1.0,1.0,0.21428571428571427,0.4258153136263229,3.0,1.0,0.5,0.83887049280786,14.0,4.0,0.6071428571428571,0.9081163607574341,34.0,4.0,0.6309523809523809,0.9414134708013862,53.0,4.0,1.0,0.0,1.0,819,0.36752136752136755,0.07448107448107448,0.38217338217338215,0.32722832722832723,0.09523809523809523,0.2600732600732601,48.207196029776675,6.882783882783883
2024-01-26,2,1,0,1,0,1,0,1,4,0,0,0,2024,1,26,4,26,4,1,0,0,1,-0.433883739117558,-0.9009688679024191,0.4327755925504312,0.901501684131884,0.4647231720437685,0.8854560256532099,0.49999999999999994,0.8660254037844387,1.0,0.0,0.0,0.0,0.0,0.0,1.0,1.0000000000000007,3.0,2.0,0.42857142857142855,0.7867957924694428,3.0,2.0,0.35714285714285715,0.6333236937766527,5.0,2.0,0.5714285714285714,0.8789122666607689,16.0,4.0,0.6428571428571429,0.9230103206075506,36.0,4.0,0.6547619047619048,0.9505109294295381,55.0,4.0,1.0,2.0,2.0,819,0.36752136752136755,0.07448107448107448,0.38217338217338215,0.32722832722832723,0.09523809523809523,0.2600732600732601,48.207196029776675,6.882783882783883
2024-01-27,1,0,0,0,0,0,0,0,2,1,1,1,2024,1,27,5,27,4,1,1,0,0,-0.9749279121818236,-0.2225209339563146,0.4482293417404106,0.893918596519257,0.4647231720437685,0.8854560256532099,0.49999999999999994,0.8660254037844387,2.0,1.0,0.0,0.0,1.0,1.0,1.3333333333333333,0.5773502691896276,4.0,2.0,0.5714285714285714,0.7867957924694425,4.0,2.0,0.35714285714285715,0.6333236937766527,5.0,2.0,0.5714285714285714,0.8789122666607689,16.0,4.0,0.625,0.9057894597833135,35.0,4.0,0.6547619047619048,0.9505109294295381,55.0,4.0,-1.0,1.0,0.0,819,0.36752136752136755,0.07448107448107448,0.38217338217338215,0.32722832722832723,0.09523809523809523,0.2600732600732601,48.207196029776675,6.882783882783883
2024-01-28,0,0,0,0,0,0,0,0,0,0,0,0,2024,1,28,6,28,4,1,1,0,0,-0.7818314824680299,0.6234898018587334,0.4635502709028509,0.886070621534138,0.4647231720437685,0.8854560256532099,0.49999999999999994,0.8660254037844387,1.0,2.0,1.0,0.0,0.0,0.0,1.0,1.0000000000000007,3.0,2.0,0.5714285714285714,0.7867957924694425,4.0,2.0,0.35714285714285715,0.6333236937766527,5.0,2.0,0.5714285714285714,0.8789122666607689,16.0,4.0,0.625,0.9057894597833135,35.0,4.0,0.6309523809523809,0.9414134708013862,53.0,4.0,-1.0,0.0,0.0,819,0.36752136752136755,0.07448107448107448,0.38217338217338215,0.32722832722832723,0.09523809523809523,0.2600732600732601,48.207196029776675,6.882783882783883
2024-01-29,0,0,0,0,0,0,0,0,0,0,0,0,2024,1,29,0,29,5,1,0,1,0,0.0,1.0,0.47873384011578846,0.8779600847008882,0.5680647467311558,0.8229838658936564,0.49999999999999994,0.8660254037844387,0.0,1.0,2.0,0.0,0.0,0.0,0.3333333333333333,0.5773502691896254,1.0,1.0,0.5714285714285714,0.7867957924694425,4.0,2.0,0.35714285714285715,0.6333236937766527,5.0,2.0,0.5714285714285714,0.8789122666607689,16.0,4.0,0.625,0.9057894597833135,35.0,4.0,0.6309523809523809,0.9414134708013862,53.0,4.0,0.0,0.0,0.0,819,0.36752136752136755,0.07448107448107448,0.38217338217338215,0.32722832722832723,0.09523809523809523,0.2600732600732601,48.207196029776675,6.882783882783883
2024-01-30,0,0,0,0,0,0,0,0,0,0,0,0,2024,1,30,1,30,5,1,0,0,0,0.7818314824680298,0.6234898018587336,0.49377555015997715,0.869589389346611,0.5680647467311558,0.8229838658936564,0.49999999999999994,0.8660254037844387,0.0,0.0,1.0,0.0,0.0,1.0,0.0,0.0,0.0,0.0,0.5714285714285714,0.7867957924694425,4.0,2.0,0.35714285714285715,0.6333236937766527,5.0,2.0,0.5357142857142857,0.8811668550592587,15.0,4.0,0.5714285714285714,0.8497516825978773,32.0,4.0,0.5952380952380952,0.906722518613156,50.0,4.0,0.0,0.0,-1.0,819,0.36752136752136755,0.07448107448107448,0.38217338217338215,0.32722832722832723,0.09523809523809523,0.2600732600732601,48.207196029776675,6.882783882783883
2024-01-31,0,0,0,0,0,0,0,0,0,0,0,0,2024,1,31,2,31,5,1,0,0,0,0.9749279121818236,-0.22252093395631434,0.5086709438521044,0.8609610158889943,0.5680647467311558,0.8229838658936564,0.49999999999999994,0.8660254037844387,0.0,0.0,0.0,0.0,0.0,0.0,0.0,0.0,0.0,0.0,0.5714285714285714,0.7867957924694425,4.0,2.0,0.35714285714285715,0.6333236937766527,5.0,2.0,0.5357142857142857,0.8811668550592587,15.0,4.0,0.5535714285714286,0.851087921046146,31.0,4.0,0.5833333333333334,0.9079081389408411,49.0,4.0,0.0,0.0,0.0,819,0.36752136752136755,0.07448107448107448,0.38217338217338215,0.32722832722832723,0.09523809523809523,0.2600732600732601,48.207196029776675,6.882783882783883
2024-02-01,2,2,0,2,0,0,0,0,4,0,0,2,2024,2,1,3,32,5,1,0,0,0,0.43388373911755823,-0.900968867902419,0.5234156073655503,0.8520775211013093,0.5680647467311558,0.8229838658936564,0.8660254037844386,0.5000000000000001,0.0,0.0,0.0,1.0,1.0,1.0,0.6666666666666666,1.1547005383792517,2.0,2.0,0.7142857142857143,0.9511897312113412,5.0,2.0,0.42857142857142855,0.755928946018456,6.0,2.0,0.5714285714285714,0.9200874124564713,16.0,4.0,0.5357142857142857,0.8082368175521051,30.0,4.0,0.6071428571428571,0.9185879307801036,51.0,4.0,2.0,1.0,1.0,819,0.36752136752136755,0.07448107448107448,0.38217338217338215,0.32722832722832723,0.09523809523809523,0.2600732600732601,48.207196029776675,6.882783882783883
2024-02-02,0,0,0,0,0,0,0,0,0,0,0,0,2024,2,2,4,33,5,1,0,0,1,-0.433883739117558,-0.9009688679024191,0.5380051715382996,0.8429415373547828,0.5680647467311558,0.8229838658936564,0.8660254037844386,0.5000000000000001,2.0,0.0,0.0,2.0,0.0,4.0,0.6666666666666666,1.1547005383792517,2.0,2.0,0.42857142857142855,0.7867957924694428,3.0,2.0,0.42857142857142855,0.755928946018456,6.0,2.0,0.42857142857142855,0.6341264874742264,12.0,2.0,0.5357142857142857,0.8082368175521051,30.0,4.0,0.5833333333333334,0.9079081389408411,49.0,4.0,-2.0,-2.0,-4.0,819,0.36752136752136755,0.07448107448107448,0.38217338217338215,0.32722832722832723,0.09523809523809523,0.2600732600732601,48.207196029776675,6.882783882783883
2024-02-03,0,0,0,0,0,0,0,0,0,0,0,0,2024,2,3,5,34,5,1,1,0,0,-0.9749279121818236,-0.2225209339563146,0.5524353131676196,0.8335557718385699,0.5680647467311558,0.8229838658936564,0.8660254037844386,0.5000000000000001,0.0,2.0,0.0,1.0,0.0,0.0,0.6666666666666666,1.1547005383792517,2.0,2.0,0.2857142857142857,0.7559289460184542,2.0,2.0,0.42857142857142855,0.755928946018456,6.0,2.0,0.42857142857142855,0.6341264874742264,12.0,2.0,0.5,0.7862453931068974,28.0,4.0,0.5833333333333334,0.9079081389408411,49.0,4.0,0.0,-1.0,0.0,819,0.36752136752136755,0.07448107448107448,0.38217338217338215,0.32722832722832723,0.09523809523809523,0.2600732600732601,48.207196029776675,6.882783882783883
2024-02-04,0,0,0,0,0,0,0,0,0,0,0,0,2024,2,4,6,35,5,1,1,0,0,-0.7818314824680299,0.6234898018587334,0.5667017562911176,0.8239230057575542,0.5680647467311558,0.8229838658936564,0.8660254037844386,0.5000000000000001,0.0,0.0,2.0,0.0,0.0,0.0,0.0,0.0,0.0,0.0,0.2857142857142857,0.7559289460184542,2.0,2.0,0.42857142857142855,0.755928946018456,6.0,2.0,0.42857142857142855,0.6341264874742264,12.0,2.0,0.5,0.7862453931068974,28.0,4.0,0.5833333333333334,0.9079081389408411,49.0,4.0,0.0,0.0,0.0,819,0.36752136752136755,0.07448107448107448,0.38217338217338215,0.32722832722832723,0.09523809523809523,0.2600732600732601,48.207196029776675,6.882783882783883
2024-02-05,0,0,0,0,0,0,0,0,0,0,0,0,2024,2,5,0,36,6,1,0,1,0,0.0,1.0,0.5808002734538009,0.8140460935082178,0.6631226582407952,0.7485107481711011,0.8660254037844386,0.5000000000000001,0.0,0.0,0.0,0.0,0.0,1.0,0.0,0.0,0.0,0.0,0.2857142857142857,0.7559289460184542,2.0,2.0,0.42857142857142855,0.755928946018456,6.0,2.0,0.39285714285714285,0.6288900106557931,11.0,2.0,0.5,0.7862453931068974,28.0,4.0,0.5833333333333334,0.9079081389408411,49.0,4.0,0.0,0.0,-1.0,819,0.36752136752136755,0.07448107448107448,0.38217338217338215,0.32722832722832723,0.09523809523809523,0.2600732600732601,48.207196029776675,6.882783882783883
2024-02-06,0,0,0,0,0,0,0,0,0,0,0,0,2024,2,6,1,37,6,1,0,0,0,0.7818314824680298,0.6234898018587336,0.5947266869607634,0.8039279618328213,0.6631226582407952,0.7485107481711011,0.8660254037844386,0.5000000000000001,0.0,0.0,0.0,0.0,0.0,1.0,0.0,0.0,0.0,0.0,0.2857142857142857,0.7559289460184542,2.0,2.0,0.42857142857142855,0.755928946018456,6.0,2.0,0.35714285714285715,0.621484823823868,10.0,2.0,0.5,0.7862453931068974,28.0,4.0,0.5833333333333334,0.9079081389408411,49.0,4.0,0.0,0.0,-1.0,819,0.36752136752136755,0.07448107448107448,0.38217338217338215,0.32722832722832723,0.09523809523809523,0.2600732600732601,48.207196029776675,6.882783882783883
2024-02-07,1,0,0,0,0,0,0,0,2,0,0,0,2024,2,7,2,38,6,1,0,0,0,0.9749279121818236,-0.22252093395631434,0.6084768701151261,0.7935716089521474,0.6631226582407952,0.7485107481711011,0.8660254037844386,0.5000000000000001,0.0,0.0,0.0,0.0,0.0,1.0,0.3333333333333333,0.5773502691896253,1.0,1.0,0.42857142857142855,0.7867957924694428,3.0,2.0,0.5,0.7595545253127514,7.0,2.0,0.35714285714285715,0.621484823823868,10.0,2.0,0.5178571428571429,0.7860388939849887,29.0,4.0,0.5833333333333334,0.9079081389408411,49.0,4.0,1.0,1.0,0.0,819,0.36752136752136755,0.07448107448107448,0.38217338217338215,0.32722832722832723,0.09523809523809523,0.2600732600732601,48.207196029776675,6.882783882783883
2024-02-08,0,0,0,0,0,0,0,0,0,0,0,0,2024,2,8,3,39,6,1,0,0,0,0.43388373911755823,-0.900968867902419,0.6220467484408675,0.7829801036770629,0.6631226582407952,0.7485107481711011,0.8660254037844386,0.5000000000000001,1.0,0.0,0.0,2.0,1.0,1.0,0.3333333333333333,0.5773502691896253,1.0,1.0,0.14285714285714285,0.37796447300922725,1.0,1.0,0.42857142857142855,0.755928946018456,6.0,2.0,0.32142857142857145,0.611832186419301,9.0,2.0,0.5178571428571429,0.7860388939849887,29.0,4.0,0.5833333333333334,0.9079081389408411,49.0,4.0,-1.0,-2.0,-1.0,819,0.36752136752136755,0.07448107448107448,0.38217338217338215,0.32722832722832723,0.09523809523809523,0.2600732600732601,48.207196029776675,6.882783882783883
2024-02-09,0,0,0,0,0,0,0,0,0,0,0,0,2024,2,9,4,40,6,1,0,0,1,-0.433883739117558,-0.9009688679024191,0.6354323008901774,0.7721565844991642,0.6631226582407952,0.7485107481711011,0.8660254037844386,0.5000000000000001,0.0,1.0,0.0,0.0,2.0,0.0,0.3333333333333333,0.5773502691896253,1.0,1.0,0.14285714285714285,0.37796447300922725,1.0,1.0,0.2857142857142857,0.6112498455021285,4.0,2.0,0.32142857142857145,0.611832186419301,9.0,2.0,0.5,0.7862453931068974,28.0,4.0,0.5595238095238095,0.8964614570658301,47.0,4.0,0.0,0.0,0.0,819,0.36752136752136755,0.07448107448107448,0.38217338217338215,0.32722832722832723,0.09523809523809523,0.2600732600732601,48.207196029776675,6.882783882783883
2024-02-10,2,1,0,1,0,0,0,0,4,2,2,1,2024,2,10,5,41,6,1,1,0,0,-0.9749279121818236,-0.2225209339563146,0.6486295610349814,0.7611042586607747,0.6631226582407952,0.7485107481711011,0.8660254037844386,0.5000000000000001,0.0,0.0,1.0,0.0,1.0,1.0,0.6666666666666666,1.1547005383792517,2.0,2.0,0.42857142857142855,0.7867957924694428,3.0,2.0,0.35714285714285715,0.7449463436684934,5.0,2.0,0.35714285714285715,0.6784669927988085,10.0,2.0,0.5357142857142857,0.8082368175521051,30.0,4.0,0.5833333333333334,0.9079081389408411,49.0,4.0,2.0,2.0,1.0,819,0.36752136752136755,0.07448107448107448,0.38217338217338215,0.32722832722832723,0.09523809523809523,0.2600732600732601,48.207196029776675,6.882783882783883
2024-02-11,0,0,0,0,0,0,0,0,0,0,0,0,2024,2,11,6,42,6,1,1,0,0,-0.7818314824680299,0.6234898018587334,0.6616346182422783,0.7498264012045686,0.6631226582407952,0.7485107481711011,0.8660254037844386,0.5000000000000001,2.0,0.0,0.0,0.0,0.0,0.0,0.6666666666666666,1.1547005383792517,2.0,2.0,0.42857142857142855,0.7867957924694428,3.0,2.0,0.35714285714285715,0.7449463436684934,5.0,2.0,0.35714285714285715,0.6784669927988085,10.0,2.0,0.5178571428571429,0.8088391553459691,29.0,4.0,0.5476190476190477,0.8699087599956421,46.0,4.0,-2.0,0.0,0.0,819,0.36752136752136755,0.07448107448107448,0.38217338217338215,0.32722832722832723,0.09523809523809523,0.2600732600732601,48.207196029776675,6.882783882783883
2024-02-12,0,0,0,0,0,0,0,0,0,0,0,0,2024,2,12,0,43,7,1,0,1,0,0.0,1.0,0.6744436188329455,0.7383263540031065,0.7485107481711011,0.6631226582407953,0.8660254037844386,0.5000000000000001,0.0,2.0,0.0,0.0,0.0,0.0,0.6666666666666666,1.1547005383792517,2.0,2.0,0.42857142857142855,0.7867957924694428,3.0,2.0,0.35714285714285715,0.7449463436684934,5.0,2.0,0.35714285714285715,0.6784669927988085,10.0,2.0,0.5178571428571429,0.8088391553459691,29.0,4.0,0.5476190476190477,0.8699087599956421,46.0,4.0,0.0,0.0,0.0,819,0.36752136752136755,0.07448107448107448,0.38217338217338215,0.32722832722832723,0.09523809523809523,0.2600732600732601,48.207196029776675,6.882783882783883
2024-02-13,0,0,0,0,0,0,0,0,0,0,0,0,2024,2,13,1,44,7,1,0,0,0,0.7818314824680298,0.6234898018587336,0.6870527672236669,0.7266075247685656,0.7485107481711011,0.6631226582407953,0.8660254037844386,0.5000000000000001,0.0,0.0,2.0,0.0,0.0,0.0,0.0,0.0,0.0,0.0,0.42857142857142855,0.7867957924694428,3.0,2.0,0.35714285714285715,0.7449463436684934,5.0,2.0,0.35714285714285715,0.6784669927988085,10.0,2.0,0.5178571428571429,0.8088391553459691,29.0,4.0,0.5238095238095238,0.8569515946486453,44.0,4.0,0.0,0.0,0.0,819,0.36752136752136755,0.07448107448107448,0.38217338217338215,0.32722832722832723,0.09523809523809523,0.2600732600732601,48.207196029776675,6.882783882783883
2024-02-14,0,0,0,0,0,0,0,0,0,0,0,0,2024,2,14,2,45,7,1,0,0,0,0.9749279121818236,-0.22252093395631434,0.699458327051647,0.7146733860429609,0.7485107481711011,0.6631226582407953,0.8660254037844386,0.5000000000000001,0.0,0.0,0.0,1.0,0.0,0.0,0.0,0.0,0.0,0.0,0.2857142857142857,0.7559289460184542,2.0,2.0,0.35714285714285715,0.7449463436684934,5.0,2.0,0.35714285714285715,0.6784669927988085,10.0,2.0,0.5,0.8090398349558915,28.0,4.0,0.5238095238095238,0.8569515946486453,44.0,4.0,0.0,-1.0,0.0,819,0.36752136752136755,0.07448107448107448,0.38217338217338215,0.32722832722832723,0.09523809523809523,0.2600732600732601,48.207196029776675,6.882783882783883
2024-02-15,1,0,0,1,0,0,0,0,2,0,0,0,2024,2,15,3,46,7,1,0,0,0,0.43388373911755823,-0.900968867902419,0.7116566222817746,0.7025274741691571,0.7485107481711011,0.6631226582407953,0.8660254037844386,0.5000000000000001,0.0,0.0,0.0,0.0,2.0,1.0,0.3333333333333333,0.5773502691896253,1.0,1.0,0.42857142857142855,0.7867957924694428,3.0,2.0,0.2857142857142857,0.6112498455021285,4.0,2.0,0.35714285714285715,0.6784669927988085,10.0,2.0,0.5,0.8090398349558915,28.0,4.0,0.5357142857142857,0.8565330590463185,45.0,4.0,1.0,1.0,0.0,819,0.36752136752136755,0.07448107448107448,0.38217338217338215,0.32722832722832723,0.09523809523809523,0.2600732600732601,48.207196029776675,6.882783882783883
2024-02-16,1,0,0,0,0,0,0,0,2,0,0,1,2024,2,16,4,47,7,1,0,0,1,-0.433883739117558,-0.9009688679024191,0.7236440382959124,0.6901733882429719,0.7485107481711011,0.6631226582407953,0.8660254037844386,0.5000000000000001,1.0,0.0,0.0,0.0,0.0,0.0,0.6666666666666666,0.5773502691896261,2.0,1.0,0.5714285714285714,0.7867957924694425,4.0,2.0,0.35714285714285715,0.6333236937766527,5.0,2.0,0.39285714285714285,0.6852566815265049,11.0,2.0,0.48214285714285715,0.7860388939849888,27.0,4.0,0.5476190476190477,0.8559467653861349,46.0,4.0,0.0,1.0,1.0,819,0.36752136752136755,0.07448107448107448,0.38217338217338215,0.32722832722832723,0.09523809523809523,0.2600732600732601,48.207196029776675,6.882783882783883
2024-02-17,0,0,0,0,0,0,0,0,0,0,0,0,2024,2,17,5,48,7,1,1,0,0,-0.9749279121818236,-0.2225209339563146,0.7354170229639855,0.6776147890466889,0.7485107481711011,0.6631226582407953,0.8660254037844386,0.5000000000000001,1.0,1.0,0.0,2.0,0.0,0.0,0.6666666666666666,0.5773502691896261,2.0,1.0,0.2857142857142857,0.48795003647426627,2.0,1.0,0.35714285714285715,0.6333236937766527,5.0,2.0,0.39285714285714285,0.6852566815265049,11.0,2.0,0.44642857142857145,0.7608522221141932,25.0,4.0,0.5476190476190477,0.8559467653861349,46.0,4.0,-1.0,-2.0,0.0,819,0.36752136752136755,0.07448107448107448,0.38217338217338215,0.32722832722832723,0.09523809523809523,0.2600732600732601,48.207196029776675,6.882783882783883
2024-02-18,0,0,0,0,0,0,0,0,0,0,0,0,2024,2,18,6,49,7,1,1,0,0,-0.7818314824680299,0.6234898018587334,0.7469720876965552,0.6648553979642865,0.7485107481711011,0.6631226582407953,0.8660254037844386,0.5000000000000001,0.0,1.0,1.0,0.0,0.0,0.0,0.3333333333333333,0.5773502691896253,1.0,1.0,0.2857142857142857,0.48795003647426627,2.0,1.0,0.35714285714285715,0.6333236937766527,5.0,2.0,0.39285714285714285,0.6852566815265049,11.0,2.0,0.42857142857142855,0.7593572127947283,24.0,4.0,0.5476190476190477,0.8559467653861349,46.0,4.0,0.0,0.0,0.0,819,0.36752136752136755,0.07448107448107448,0.38217338217338215,0.32722832722832723,0.09523809523809523,0.2600732600732601,48.207196029776675,6.882783882783883
2024-02-19,0,0,0,0,0,0,0,0,0,0,0,0,2024,2,19,0,50,8,1,0,1,0,0.0,1.0,0.7583058084785624,0.6518989958787126,0.8229838658936564,0.5680647467311559,0.8660254037844386,0.5000000000000001,0.0,0.0,1.0,0.0,0.0,0.0,0.0,0.0,0.0,0.0,0.2857142857142857,0.48795003647426627,2.0,1.0,0.35714285714285715,0.6333236937766527,5.0,2.0,0.39285714285714285,0.6852566815265049,11.0,2.0,0.42857142857142855,0.7593572127947283,24.0,4.0,0.5476190476190477,0.8559467653861349,46.0,4.0,0.0,0.0,0.0,819,0.36752136752136755,0.07448107448107448,0.38217338217338215,0.32722832722832723,0.09523809523809523,0.2600732600732601,48.207196029776675,6.882783882783883
2024-02-20,0,0,0,0,0,0,0,0,0,0,0,0,2024,2,20,1,51,8,1,0,0,0,0.7818314824680298,0.6234898018587336,0.7694148268839378,0.6387494220515272,0.8229838658936564,0.5680647467311559,0.8660254037844386,0.5000000000000001,0.0,0.0,0.0,0.0,0.0,0.0,0.0,0.0,0.0,0.0,0.2857142857142857,0.48795003647426627,2.0,1.0,0.35714285714285715,0.6333236937766527,5.0,2.0,0.39285714285714285,0.6852566815265049,11.0,2.0,0.42857142857142855,0.7593572127947283,24.0,4.0,0.5476190476190477,0.8559467653861349,46.0,4.0,0.0,0.0,0.0,819,0.36752136752136755,0.07448107448107448,0.38217338217338215,0.32722832722832723,0.09523809523809523,0.2600732600732601,48.207196029776675,6.882783882783883
2024-02-21,2,0,0,0,0,0,0,0,4,0,0,0,2024,2,21,2,52,8,1,0,0,0,0.9749279121818236,-0.22252093395631434,0.7802958510707755,0.6254105729852463,0.8229838658936564,0.5680647467311559,0.8660254037844386,0.5000000000000001,0.0,0.0,0.0,0.0,1.0,0.0,0.6666666666666666,1.1547005383792517,2.0,2.0,0.5714285714285714,0.7867957924694425,4.0,2.0,0.42857142857142855,0.755928946018456,6.0,2.0,0.4642857142857143,0.7444681351359522,13.0,2.0,0.4642857142857143,0.7854190708679784,26.0,4.0,0.5714285714285714,0.8682583909129281,48.0,4.0,2.0,2.0,2.0,819,0.36752136752136755,0.07448107448107448,0.38217338217338215,0.32722832722832723,0.09523809523809523,0.2600732600732601,48.207196029776675,6.882783882783883
2024-02-22,1,0,1,0,0,0,0,0,1,0,0,1,2024,2,22,3,53,8,1,0,0,0,0.43388373911755823,-0.900968867902419,0.7909456567567772,0.6118864012687243,0.8229838658936564,0.5680647467311559,0.8660254037844386,0.5000000000000001,2.0,0.0,0.0,1.0,0.0,1.0,1.0,1.0000000000000004,3.0,2.0,0.5714285714285714,0.7867957924694425,4.0,2.0,0.5,0.7595545253127514,7.0,2.0,0.4642857142857143,0.7444681351359522,13.0,2.0,0.48214285714285715,0.7860388939849888,27.0,4.0,0.5595238095238095,0.8551923686388258,47.0,4.0,-1.0,0.0,0.0,819,0.36752136752136755,0.07448107448107448,0.38217338217338215,0.32722832722832723,0.09523809523809523,0.2600732600732601,48.207196029776675,6.882783882783883
2024-02-23,0,0,0,0,0,0,0,0,0,0,0,0,2024,2,23,4,54,8,1,0,0,1,-0.433883739117558,-0.9009688679024191,0.8013610881746766,0.5981809144059165,0.8229838658936564,0.5680647467311559,0.8660254037844386,0.5000000000000001,1.0,2.0,0.0,1.0,0.0,2.0,1.0,1.0000000000000007,3.0,2.0,0.42857142857142855,0.7867957924694428,3.0,2.0,0.5,0.7595545253127514,7.0,2.0,0.39285714285714285,0.6852566815265049,11.0,2.0,0.48214285714285715,0.7860388939849888,27.0,4.0,0.5595238095238095,0.8551923686388258,47.0,4.0,-1.0,-1.0,-2.0,819,0.36752136752136755,0.07448107448107448,0.38217338217338215,0.32722832722832723,0.09523809523809523,0.2600732600732601,48.207196029776675,6.882783882783883
2024-02-24,2,1,0,1,0,0,0,0,4,0,0,0,2024,2,24,5,55,8,1,1,0,0,-0.9749279121818236,-0.2225209339563146,0.8115390590073611,0.5842981736283684,0.8229838658936564,0.5680647467311559,0.8660254037844386,0.5000000000000001,0.0,1.0,2.0,0.0,2.0,1.0,1.0,1.0000000000000007,3.0,2.0,0.7142857142857143,0.9511897312113412,5.0,2.0,0.5,0.7595545253127514,7.0,2.0,0.42857142857142855,0.7417981870189145,12.0,2.0,0.5,0.8090398349558915,28.0,4.0,0.5595238095238095,0.8551923686388258,47.0,4.0,2.0,2.0,1.0,819,0.36752136752136755,0.07448107448107448,0.38217338217338215,0.32722832722832723,0.09523809523809523,0.2600732600732601,48.207196029776675,6.882783882783883
2024-02-25,0,0,0,0,0,0,0,0,0,0,0,0,2024,2,25,6,56,8,1,1,0,0,-0.7818314824680299,0.6234898018587334,0.8214765533024142,0.5702422926917871,0.8229838658936564,0.5680647467311559,0.8660254037844386,0.5000000000000001,2.0,0.0,1.0,0.0,0.0,0.0,0.6666666666666666,1.1547005383792517,2.0,2.0,0.7142857142857143,0.9511897312113412,5.0,2.0,0.5,0.7595545253127514,7.0,2.0,0.42857142857142855,0.7417981870189145,12.0,2.0,0.5,0.8090398349558915,28.0,4.0,0.5595238095238095,0.8551923686388258,47.0,4.0,-2.0,0.0,0.0,819,0.36752136752136755,0.07448107448107448,0.38217338217338215,0.32722832722832723,0.09523809523809523,0.2600732600732601,48.207196029776675,6.882783882783883
2024-02-26,0,0,0,0,0,0,0,0,0,0,0,0,2024,2,26,0,57,9,1,0,1,0,0.0,1.0,0.8311706263658079,0.5560174366570446,0.8854560256532099,0.4647231720437686,0.8660254037844386,0.5000000000000001,0.0,2.0,0.0,0.0,0.0,0.0,0.6666666666666666,1.1547005383792517,2.0,2.0,0.7142857142857143,0.9511897312113412,5.0,2.0,0.5,0.7595545253127514,7.0,2.0,0.42857142857142855,0.7417981870189145,12.0,2.0,0.5,0.8090398349558915,28.0,4.0,0.5595238095238095,0.8551923686388258,47.0,4.0,0.0,0.0,0.0,819,0.36752136752136755,0.07448107448107448,0.38217338217338215,0.32722832722832723,0.09523809523809523,0.2600732600732601,48.207196029776675,6.882783882783883
2024-02-27,1,1,0,1,0,0,0,0,2,0,0,0,2024,2,27,1,58,9,1,0,0,0,0.7818314824680298,0.6234898018587336,0.8406184056344782,0.5416278206559814,0.8854560256532099,0.4647231720437686,0.8660254037844386,0.5000000000000001,0.0,0.0,2.0,0.0,0.0,0.0,0.3333333333333333,0.5773502691896256,1.0,1.0,0.8571428571428571,0.8997354108424365,6.0,2.0,0.5714285714285714,0.755928946018456,8.0,2.0,0.4642857142857143,0.7444681351359522,13.0,2.0,0.5,0.8090398349558915,28.0,4.0,0.5357142857142857,0.8132402625379157,45.0,4.0,1.0,1.0,1.0,819,0.36752136752136755,0.07448107448107448,0.38217338217338215,0.32722832722832723,0.09523809523809523,0.2600732600732601,48.207196029776675,6.882783882783883
2024-02-28,0,0,0,0,0,0,0,0,0,0,0,0,2024,2,28,2,59,9,1,0,0,0,0.9749279121818236,-0.22252093395631434,0.8498170915275278,0.5270777086423722,0.8854560256532099,0.4647231720437686,0.8660254037844386,0.5000000000000001,1.0,0.0,0.0,2.0,0.0,0.0,0.3333333333333333,0.5773502691896256,1.0,1.0,0.5714285714285714,0.7867957924694426,4.0,2.0,0.5714285714285714,0.755928946018456,8.0,2.0,0.4642857142857143,0.7444681351359522,13.0,2.0,0.5,0.8090398349558915,28.0,4.0,0.5238095238095238,0.8136810670922301,44.0,4.0,-1.0,-2.0,0.0,819,0.36752136752136755,0.07448107448107448,0.38217338217338215,0.32722832722832723,0.09523809523809523,0.2600732600732601,48.207196029776675,6.882783882783883
2024-02-29,0,0,0,0,0,0,0,0,0,0,0,0,2024,2,29,3,60,9,1,0,0,0,0.43388373911755823,-0.900968867902419,0.8587639582758029,0.5123714121284237,0.8854560256532099,0.4647231720437686,0.8660254037844386,0.5000000000000001,0.0,1.0,0.0,1.0,1.0,2.0,0.3333333333333333,0.5773502691896256,1.0,1.0,0.42857142857142855,0.7867957924694428,3.0,2.0,0.5,0.7595545253127514,7.0,2.0,0.39285714285714285,0.6852566815265049,11.0,2.0,0.48214285714285715,0.8088391553459691,27.0,4.0,0.4880952380952381,0.7682564773022168,41.0,4.0,0.0,-1.0,-2.0,819,0.36752136752136755,0.07448107448107448,0.38217338217338215,0.32722832722832723,0.09523809523809523,0.2600732600732601,48.207196029776675,6.882783882783883
2024-03-01,3,1,0,2,0,0,0,0,8,0,0,0,2024,3,1,4,61,9,1,0,0,1,-0.433883739117558,-0.9009688679024191,0.8674563547295969,0.49751328890718066,0.8854560256532099,0.4647231720437686,1.0,6.123233995736766e-17,0.0,0.0,1.0,0.0,1.0,0.0,1.0,1.7320508075688776,3.0,3.0,0.8571428571428571,1.2149857925879113,6.0,3.0,0.6428571428571429,1.0082080720186277,9.0,3.0,0.5,0.8388704928078601,14.0,3.0,0.4642857142857143,0.7376691969682927,26.0,3.0,0.5238095238095238,0.8136810670922301,44.0,4.0,3.0,3.0,3.0,819,0.36752136752136755,0.07448107448107448,0.38217338217338215,0.32722832722832723,0.09523809523809523,0.2600732600732601,48.207196029776675,6.882783882783883
2024-03-02,1,1,0,1,0,0,0,0,2,0,0,0,2024,3,2,5,62,9,1,1,0,0,-0.9749279121818236,-0.2225209339563146,0.8758917051442429,0.48250774176121847,0.8854560256532099,0.4647231720437686,1.0,6.123233995736766e-17,3.0,0.0,0.0,2.0,0.0,0.0,1.3333333333333333,1.5275252316519472,4.0,3.0,0.7142857142857143,1.112697280528373,5.0,3.0,0.7142857142857143,0.9944903161976948,10.0,3.0,0.5357142857142857,0.8380817098475247,15.0,3.0,0.48214285714285715,0.7383291069231062,27.0,3.0,0.5119047619047619,0.799006123882132,43.0,4.0,-2.0,-1.0,1.0,819,0.36752136752136755,0.07448107448107448,0.38217338217338215,0.32722832722832723,0.09523809523809523,0.2600732600732601,48.207196029776675,6.882783882783883
2024-03-03,1,0,1,0,0,0,0,0,2,0,0,1,2024,3,3,6,63,9,1,1,0,0,-0.7818314824680299,0.6234898018587334,0.8840675099433636,0.4673592171580022,0.8854560256532099,0.4647231720437686,1.0,6.123233995736766e-17,1.0,3.0,0.0,0.0,0.0,0.0,1.6666666666666667,1.1547005383792526,5.0,3.0,0.8571428571428571,1.069044967649697,6.0,3.0,0.7857142857142857,0.9749612559222303,11.0,3.0,0.5714285714285714,0.8357108940373439,16.0,3.0,0.5,0.7385489458759974,28.0,3.0,0.5238095238095238,0.7987368110974863,44.0,4.0,0.0,1.0,1.0,819,0.36752136752136755,0.07448107448107448,0.38217338217338215,0.32722832722832723,0.09523809523809523,0.2600732600732601,48.207196029776675,6.882783882783883
2024-03-04,1,1,0,0,0,0,0,0,2,0,0,0,2024,3,4,0,64,10,1,0,1,0,0.0,1.0,0.8919813464595485,0.45207220393230435,0.9350162426854148,0.35460488704253557,1.0,6.123233995736766e-17,1.0,1.0,3.0,0.0,0.0,0.0,1.0,0.0,3.0,1.0,1.0,0.9999999999999992,7.0,3.0,0.8571428571428571,0.9492622930986478,12.0,3.0,0.6071428571428571,0.8317445171439005,17.0,3.0,0.5,0.7385489458759974,28.0,3.0,0.5357142857142857,0.7982877545538134,45.0,4.0,0.0,1.0,1.0,819,0.36752136752136755,0.07448107448107448,0.38217338217338215,0.32722832722832723,0.09523809523809523,0.2600732600732601,48.207196029776675,6.882783882783883
2024-03-05,1,0,0,0,0,2,0,1,2,1,1,0,2024,3,5,1,65,10,1,0,0,0,0.7818314824680298,0.6234898018587336,0.8996308696522433,0.43665123195606403,0.9350162426854148,0.35460488704253557,1.0,6.123233995736766e-17,1.0,1.0,1.0,1.0,0.0,0.0,1.0,0.0,3.0,1.0,1.0,0.9999999999999992,7.0,3.0,0.9285714285714286,0.9168747682531909,13.0,3.0,0.6428571428571429,0.8261595987094025,18.0,3.0,0.5,0.7385489458759974,28.0,3.0,0.5476190476190477,0.7976586506810494,46.0,4.0,0.0,0.0,1.0,819,0.36752136752136755,0.07448107448107448,0.38217338217338215,0.32722832722832723,0.09523809523809523,0.2600732600732601,48.207196029776675,6.882783882783883
2024-03-06,0,0,0,0,0,0,0,0,0,0,0,0,2024,3,6,2,66,10,1,0,0,0,0.9749279121818236,-0.22252093395631434,0.9070138128026359,0.4211008707960896,0.9350162426854148,0.35460488704253557,1.0,6.123233995736766e-17,1.0,1.0,1.0,0.0,2.0,1.0,0.6666666666666666,0.5773502691896264,2.0,1.0,1.0,0.9999999999999992,7.0,3.0,0.7857142857142857,0.892582375303982,11.0,3.0,0.6071428571428571,0.8317445171439005,17.0,3.0,0.48214285714285715,0.7383291069231062,27.0,3.0,0.5476190476190477,0.7976586506810494,46.0,4.0,-1.0,0.0,-1.0,819,0.36752136752136755,0.07448107448107448,0.38217338217338215,0.32722832722832723,0.09523809523809523,0.2600732600732601,48.207196029776675,6.882783882783883
2024-03-07,1,1,0,1,0,0,0,0,2,0,0,1,2024,3,7,3,67,10,1,0,0,0,0.43388373911755823,-0.900968867902419,0.9141279881853337,0.40542572835999735,0.9350162426854148,0.35460488704253557,1.0,6.123233995736766e-17,0.0,1.0,1.0,0.0,1.0,0.0,0.6666666666666666,0.5773502691896264,2.0,1.0,1.1428571428571428,0.8997354108424365,8.0,3.0,0.7857142857142857,0.892582375303982,11.0,3.0,0.6428571428571429,0.8261595987094025,18.0,3.0,0.48214285714285715,0.7383291069231062,27.0,3.0,0.5595238095238095,0.796849073042951,47.0,4.0,1.0,1.0,1.0,819,0.36752136752136755,0.07448107448107448,0.38217338217338215,0.32722832722832723,0.09523809523809523,0.2600732600732601,48.207196029776675,6.882783882783883
2024-03-08,2,2,0,1,0,1,0,1,4,1,1,0,2024,3,8,4,68,10,1,0,0,1,-0.433883739117558,-0.9009688679024191,0.9209712877166346,0.38963044953078796,0.9350162426854148,0.35460488704253557,1.0,6.123233995736766e-17,1.0,0.0,1.0,3.0,0.0,0.0,1.0,1.0000000000000007,3.0,2.0,1.0,0.5773502691896245,7.0,2.0,0.9285714285714286,0.9168747682531909,13.0,3.0,0.7142857142857143,0.8544932592822068,20.0,3.0,0.5178571428571429,0.7625572152261809,29.0,3.0,0.5714285714285714,0.8108557770787802,48.0,4.0,1.0,-1.0,2.0,819,0.36752136752136755,0.07448107448107448,0.38217338217338215,0.32722832722832723,0.09523809523809523,0.2600732600732601,48.207196029776675,6.882783882783883
2024-03-09,0,0,0,0,0,0,0,0,0,0,0,0,2024,3,9,5,69,10,1,1,0,0,-0.9749279121818236,-0.2225209339563146,0.9275416835791966,0.37371971479046906,0.9350162426854148,0.35460488704253557,1.0,6.123233995736766e-17,2.0,1.0,0.0,1.0,2.0,2.0,1.0,1.0000000000000007,3.0,2.0,0.8571428571428571,0.6900655593423534,6.0,2.0,0.7857142857142857,0.892582375303982,11.0,3.0,0.6428571428571429,0.8261595987094025,18.0,3.0,0.5,0.7627700713964749,28.0,3.0,0.5714285714285714,0.8108557770787802,48.0,4.0,-2.0,-1.0,-2.0,819,0.36752136752136755,0.07448107448107448,0.38217338217338215,0.32722832722832723,0.09523809523809523,0.2600732600732601,48.207196029776675,6.882783882783883
2024-03-10,0,0,0,0,0,0,0,0,0,0,0,0,2024,3,10,6,70,10,1,1,0,0,-0.7818314824680299,0.6234898018587334,0.9338372288229252,0.35769823883312546,0.9350162426854148,0.35460488704253557,1.0,6.123233995736766e-17,0.0,2.0,1.0,1.0,0.0,0.0,0.6666666666666666,1.1547005383792517,2.0,2.0,0.7142857142857143,0.7559289460184537,5.0,2.0,0.7857142857142857,0.892582375303982,11.0,3.0,0.6428571428571429,0.8261595987094025,18.0,3.0,0.5,0.7627700713964749,28.0,3.0,0.5595238095238095,0.811828079553534,47.0,4.0,0.0,-1.0,0.0,819,0.36752136752136755,0.07448107448107448,0.38217338217338215,0.32722832722832723,0.09523809523809523,0.2600732600732601,48.207196029776675,6.882783882783883
2024-03-11,0,0,0,0,0,0,0,0,0,0,0,0,2024,3,11,0,71,11,1,0,1,0,0.0,1.0,0.9398560579418954,0.3415707691678556,0.970941817426052,0.23931566428755804,1.0,6.123233995736766e-17,0.0,0.0,2.0,1.0,0.0,0.0,0.0,0.0,0.0,0.0,0.5714285714285714,0.7867957924694426,4.0,2.0,0.7857142857142857,0.892582375303982,11.0,3.0,0.6428571428571429,0.8261595987094025,18.0,3.0,0.5,0.7627700713964749,28.0,3.0,0.5595238095238095,0.811828079553534,47.0,4.0,0.0,-1.0,0.0,819,0.36752136752136755,0.07448107448107448,0.38217338217338215,0.32722832722832723,0.09523809523809523,0.2600732600732601,48.207196029776675,6.882783882783883
2024-03-12,0,0,0,0,0,0,0,0,0,0,0,0,2024,3,12,1,72,11,1,0,0,0,0.7818314824680298,0.6234898018587336,0.9455963874271426,0.3253420847119801,0.970941817426052,0.23931566428755804,1.0,6.123233995736766e-17,0.0,0.0,0.0,1.0,1.0,0.0,0.0,0.0,0.0,0.0,0.42857142857142855,0.7867957924694428,3.0,2.0,0.7142857142857143,0.9138735334633765,10.0,3.0,0.6428571428571429,0.8261595987094025,18.0,3.0,0.5,0.7627700713964749,28.0,3.0,0.5595238095238095,0.811828079553534,47.0,4.0,0.0,-1.0,0.0,819,0.36752136752136755,0.07448107448107448,0.38217338217338215,0.32722832722832723,0.09523809523809523,0.2600732600732601,48.207196029776675,6.882783882783883
2024-03-13,0,0,0,0,0,0,0,0,0,0,0,0,2024,3,13,2,73,11,1,0,0,0,0.9749279121818236,-0.22252093395631434,0.9510565162951535,0.30901699437494745,0.970941817426052,0.23931566428755804,1.0,6.123233995736766e-17,0.0,0.0,0.0,0.0,0.0,0.0,0.0,0.0,0.0,0.0,0.42857142857142855,0.7867957924694428,3.0,2.0,0.7142857142857143,0.9138735334633765,10.0,3.0,0.6428571428571429,0.8261595987094025,18.0,3.0,0.5,0.7627700713964749,28.0,3.0,0.5476190476190477,0.8126227344521448,46.0,4.0,0.0,0.0,0.0,819,0.36752136752136755,0.07448107448107448,0.38217338217338215,0.32722832722832723,0.09523809523809523,0.2600732600732601,48.207196029776675,6.882783882783883
2024-03-14,0,0,0,0,0,0,0,0,0,0,0,0,2024,3,14,3,74,11,1,0,0,0,0.43388373911755823,-0.900968867902419,0.9562348265919056,0.29260033563334836,0.970941817426052,0.23931566428755804,1.0,6.123233995736766e-17,0.0,0.0,0.0,1.0,0.0,1.0,0.0,0.0,0.0,0.0,0.2857142857142857,0.7559289460184542,2.0,2.0,0.7142857142857143,0.9138735334633765,10.0,3.0,0.6071428571428571,0.8317445171439005,17.0,3.0,0.48214285714285715,0.7625572152261809,27.0,3.0,0.5357142857142857,0.8132402625379157,45.0,4.0,0.0,-1.0,-1.0,819,0.36752136752136755,0.07448107448107448,0.38217338217338215,0.32722832722832723,0.09523809523809523,0.2600732600732601,48.207196029776675,6.882783882783883
2024-03-15,2,0,0,2,0,0,0,0,4,0,0,0,2024,3,15,4,75,11,1,0,0,1,-0.433883739117558,-0.9009688679024191,0.9611297838723007,0.27609697309746883,0.970941817426052,0.23931566428755804,1.0,6.123233995736766e-17,0.0,0.0,0.0,2.0,3.0,1.0,0.6666666666666666,1.1547005383792517,2.0,2.0,0.2857142857142857,0.7559289460184542,2.0,2.0,0.6428571428571429,0.7449463436684932,9.0,2.0,0.6428571428571429,0.8698354767504916,18.0,3.0,0.5178571428571429,0.7860388939849888,29.0,3.0,0.5357142857142857,0.8132402625379157,45.0,4.0,2.0,0.0,1.0,819,0.36752136752136755,0.07448107448107448,0.38217338217338215,0.32722832722832723,0.09523809523809523,0.2600732600732601,48.207196029776675,6.882783882783883
2024-03-16,0,0,0,0,0,0,0,0,0,0,0,0,2024,3,16,5,76,11,1,1,0,0,-0.9749279121818236,-0.2225209339563146,0.9657399376548549,0.2595117970697999,0.970941817426052,0.23931566428755804,1.0,6.123233995736766e-17,2.0,0.0,0.0,0.0,1.0,0.0,0.6666666666666666,1.1547005383792517,2.0,2.0,0.2857142857142857,0.7559289460184542,2.0,2.0,0.5714285714285714,0.7559289460184557,8.0,2.0,0.6428571428571429,0.8698354767504916,18.0,3.0,0.5178571428571429,0.7860388939849888,29.0,3.0,0.5119047619047619,0.799006123882132,43.0,4.0,-2.0,0.0,0.0,819,0.36752136752136755,0.07448107448107448,0.38217338217338215,0.32722832722832723,0.09523809523809523,0.2600732600732601,48.207196029776675,6.882783882783883
2024-03-17,0,0,0,0,0,0,0,0,0,0,0,0,2024,3,17,6,77,11,1,1,0,0,-0.7818314824680299,0.6234898018587334,0.9700639218515071,0.2428497220959356,0.970941817426052,0.23931566428755804,1.0,6.123233995736766e-17,0.0,2.0,0.0,0.0,1.0,0.0,0.6666666666666666,1.1547005383792517,2.0,2.0,0.2857142857142857,0.7559289460184542,2.0,2.0,0.5,0.7595545253127512,7.0,2.0,0.6428571428571429,0.8698354767504916,18.0,3.0,0.5178571428571429,0.7860388939849888,29.0,3.0,0.5,0.7990958746405036,42.0,4.0,0.0,0.0,0.0,819,0.36752136752136755,0.07448107448107448,0.38217338217338215,0.32722832722832723,0.09523809523809523,0.2600732600732601,48.207196029776675,6.882783882783883
2024-03-18,0,0,0,0,0,0,0,0,0,0,0,0,2024,3,18,0,78,12,1,0,1,0,0.0,1.0,0.9741004551724205,0.22611568550828828,0.992708874098054,0.120536680255323,1.0,6.123233995736766e-17,0.0,0.0,2.0,0.0,1.0,0.0,0.0,0.0,0.0,0.0,0.2857142857142857,0.7559289460184542,2.0,2.0,0.42857142857142855,0.7559289460184557,6.0,2.0,0.6428571428571429,0.8698354767504916,18.0,3.0,0.5178571428571429,0.7860388939849888,29.0,3.0,0.5,0.7990958746405036,42.0,4.0,0.0,0.0,0.0,819,0.36752136752136755,0.07448107448107448,0.38217338217338215,0.32722832722832723,0.09523809523809523,0.2600732600732601,48.207196029776675,6.882783882783883
2024-03-19,2,2,0,0,0,1,0,1,4,0,0,0,2024,3,19,1,79,12,1,0,0,0,0.7818314824680298,0.6234898018587336,0.9778483415056568,0.20931464596304847,0.992708874098054,0.120536680255323,1.0,6.123233995736766e-17,0.0,0.0,0.0,0.0,1.0,0.0,0.6666666666666666,1.1547005383792517,2.0,2.0,0.5714285714285714,0.9759000729485328,4.0,2.0,0.5,0.8548504142651114,7.0,2.0,0.7142857142857143,0.8967902788460649,20.0,3.0,0.5535714285714286,0.8072319224506537,31.0,3.0,0.5238095238095238,0.8136810670922301,44.0,4.0,2.0,2.0,2.0,819,0.36752136752136755,0.07448107448107448,0.38217338217338215,0.32722832722832723,0.09523809523809523,0.2600732600732601,48.207196029776675,6.882783882783883
2024-03-20,0,0,0,0,0,0,0,0,0,0,0,0,2024,3,20,2,80,12,1,0,0,0,0.9749279121818236,-0.22252093395631434,0.9813064702716093,0.19245158197082998,0.992708874098054,0.120536680255323,1.0,6.123233995736766e-17,2.0,0.0,0.0,0.0,0.0,2.0,0.6666666666666666,1.1547005383792517,2.0,2.0,0.5714285714285714,0.9759000729485328,4.0,2.0,0.5,0.8548504142651114,7.0,2.0,0.6428571428571429,0.8698354767504916,18.0,3.0,0.5535714285714286,0.8072319224506537,31.0,3.0,0.5238095238095238,0.8136810670922301,44.0,4.0,-2.0,0.0,-2.0,819,0.36752136752136755,0.07448107448107448,0.38217338217338215,0.32722832722832723,0.09523809523809523,0.2600732600732601,48.207196029776675,6.882783882783883
2024-03-21,0,0,0,0,0,0,0,0,0,0,0,0,2024,3,21,3,81,12,1,0,0,0,0.43388373911755823,-0.900968867902419,0.9844738167520922,0.1755314904214282,0.992708874098054,0.120536680255323,1.0,6.123233995736766e-17,0.0,2.0,0.0,0.0,1.0,1.0,0.6666666666666666,1.1547005383792517,2.0,2.0,0.5714285714285714,0.9759000729485328,4.0,2.0,0.42857142857142855,0.8516306272526413,6.0,2.0,0.6071428571428571,0.8751417118804327,17.0,3.0,0.5357142857142857,0.8082368175521051,30.0,3.0,0.5238095238095238,0.8136810670922301,44.0,4.0,0.0,0.0,-1.0,819,0.36752136752136755,0.07448107448107448,0.38217338217338215,0.32722832722832723,0.09523809523809523,0.2600732600732601,48.207196029776675,6.882783882783883
2024-03-22,0,0,0,0,0,0,0,0,0,0,0,0,2024,3,22,4,82,12,1,0,0,1,-0.433883739117558,-0.9009688679024191,0.9873494423939864,0.15855938510313475,0.992708874098054,0.120536680255323,1.0,6.123233995736766e-17,0.0,0.0,2.0,2.0,2.0,0.0,0.0,0.0,0.0,0.0,0.2857142857142857,0.7559289460184542,2.0,2.0,0.2857142857142857,0.7262730392025643,4.0,2.0,0.6071428571428571,0.8751417118804327,17.0,3.0,0.5,0.7862453931068976,28.0,3.0,0.5238095238095238,0.8136810670922301,44.0,4.0,0.0,-2.0,0.0,819,0.36752136752136755,0.07448107448107448,0.38217338217338215,0.32722832722832723,0.09523809523809523,0.2600732600732601,48.207196029776675,6.882783882783883
2024-03-23,1,1,0,1,0,2,0,1,2,0,0,0,2024,3,23,5,83,12,1,1,0,0,-0.9749279121818236,-0.2225209339563146,0.989932495087353,0.141540295217043,0.992708874098054,0.120536680255323,1.0,6.123233995736766e-17,0.0,0.0,0.0,0.0,0.0,2.0,0.3333333333333333,0.5773502691896256,1.0,1.0,0.42857142857142855,0.7867957924694428,3.0,2.0,0.35714285714285715,0.7449463436684933,5.0,2.0,0.5714285714285714,0.8357108940373439,16.0,3.0,0.5,0.7862453931068976,28.0,3.0,0.5238095238095238,0.8136810670922301,44.0,4.0,1.0,1.0,-1.0,819,0.36752136752136755,0.07448107448107448,0.38217338217338215,0.32722832722832723,0.09523809523809523,0.2600732600732601,48.207196029776675,6.882783882783883
2024-03-24,0,0,0,0,0,0,0,0,0,0,0,0,2024,3,24,6,84,12,1,1,0,0,-0.7818314824680299,0.6234898018587334,0.9922222094179323,0.12447926388678915,0.992708874098054,0.120536680255323,1.0,6.123233995736766e-17,1.0,0.0,0.0,0.0,0.0,0.0,0.3333333333333333,0.5773502691896256,1.0,1.0,0.42857142857142855,0.7867957924694428,3.0,2.0,0.35714285714285715,0.7449463436684933,5.0,2.0,0.5714285714285714,0.8357108940373439,16.0,3.0,0.5,0.7862453931068976,28.0,3.0,0.5238095238095238,0.8136810670922301,44.0,4.0,-1.0,0.0,0.0,819,0.36752136752136755,0.07448107448107448,0.38217338217338215,0.32722832722832723,0.09523809523809523,0.2600732600732601,48.207196029776675,6.882783882783883
2024-03-25,1,0,1,0,0,0,0,0,2,0,0,1,2024,3,25,0,85,13,1,0,1,0,0.0,1.0,0.994217906893952,0.10738134666416309,1.0,-1.6081226496766366e-16,1.0,6.123233995736766e-17,0.0,1.0,0.0,0.0,0.0,0.0,0.6666666666666666,0.5773502691896262,2.0,1.0,0.5714285714285714,0.7867957924694426,4.0,2.0,0.42857142857142855,0.7559289460184557,6.0,2.0,0.6071428571428571,0.8317445171439005,17.0,3.0,0.5178571428571429,0.7860388939849888,29.0,3.0,0.5357142857142857,0.8132402625379157,45.0,4.0,1.0,1.0,1.0,819,0.36752136752136755,0.07448107448107448,0.38217338217338215,0.32722832722832723,0.09523809523809523,0.2600732600732601,48.207196029776675,6.882783882783883
2024-03-26,0,0,0,0,0,0,0,0,0,0,0,0,2024,3,26,1,86,13,1,0,0,0,0.7818314824680298,0.6234898018587336,0.995918996147179,0.09025161003104117,1.0,-1.6081226496766366e-16,1.0,6.123233995736766e-17,1.0,0.0,1.0,2.0,0.0,1.0,0.3333333333333333,0.5773502691896256,1.0,1.0,0.2857142857142857,0.4879500364742662,2.0,1.0,0.42857142857142855,0.7559289460184557,6.0,2.0,0.5714285714285714,0.8357108940373439,16.0,3.0,0.5178571428571429,0.7860388939849888,29.0,3.0,0.5238095238095238,0.8136810670922301,44.0,4.0,-1.0,-2.0,-1.0,819,0.36752136752136755,0.07448107448107448,0.38217338217338215,0.32722832722832723,0.09523809523809523,0.2600732600732601,48.207196029776675,6.882783882783883
2024-03-27,1,0,0,0,0,0,0,0,2,0,0,0,2024,3,27,2,87,13,1,0,0,0,0.9749279121818236,-0.22252093395631434,0.9973249731081555,0.07309512989807777,1.0,-1.6081226496766366e-16,1.0,6.123233995736766e-17,0.0,1.0,0.0,0.0,0.0,0.0,0.6666666666666666,0.5773502691896262,2.0,1.0,0.42857142857142855,0.5345224838248482,3.0,1.0,0.5,0.7595545253127512,7.0,2.0,0.6071428571428571,0.8317445171439005,17.0,3.0,0.5357142857142857,0.7854190708679784,30.0,3.0,0.5357142857142857,0.8132402625379157,45.0,4.0,1.0,1.0,1.0,819,0.36752136752136755,0.07448107448107448,0.38217338217338215,0.32722832722832723,0.09523809523809523,0.2600732600732601,48.207196029776675,6.882783882783883
2024-03-28,0,0,0,0,0,0,0,0,0,0,0,0,2024,3,28,3,88,13,1,0,0,0,0.43388373911755823,-0.900968867902419,0.9984354211555643,0.055916990100603484,1.0,-1.6081226496766366e-16,1.0,6.123233995736766e-17,1.0,0.0,1.0,0.0,0.0,0.0,0.3333333333333333,0.5773502691896256,1.0,1.0,0.42857142857142855,0.5345224838248482,3.0,1.0,0.5,0.7595545253127512,7.0,2.0,0.6071428571428571,0.8317445171439005,17.0,3.0,0.5,0.7627700713964749,28.0,3.0,0.5238095238095238,0.8136810670922301,44.0,4.0,-1.0,0.0,0.0,819,0.36752136752136755,0.07448107448107448,0.38217338217338215,0.32722832722832723,0.09523809523809523,0.2600732600732601,48.207196029776675,6.882783882783883
2024-03-29,1,0,0,0,0,0,0,0,2,0,0,0,2024,3,29,4,89,13,1,0,0,1,-0.433883739117558,-0.9009688679024191,0.9992500112396835,0.03872228089217446,1.0,-1.6081226496766366e-16,1.0,6.123233995736766e-17,0.0,1.0,0.0,0.0,2.0,3.0,0.6666666666666666,0.5773502691896262,2.0,1.0,0.5714285714285714,0.5345224838248481,4.0,1.0,0.42857142857142855,0.6462061726588655,6.0,2.0,0.5357142857142857,0.692934867183582,15.0,2.0,0.5178571428571429,0.7625572152261809,29.0,3.0,0.4880952380952381,0.7196727438845419,41.0,3.0,1.0,1.0,-2.0,819,0.36752136752136755,0.07448107448107448,0.38217338217338215,0.32722832722832723,0.09523809523809523,0.2600732600732601,48.207196029776675,6.882783882783883
2024-03-30,1,1,0,1,0,0,0,0,2,0,0,0,2024,3,30,5,90,13,1,1,0,0,-0.9749279121818236,-0.2225209339563146,0.9997685019798909,0.021516097436222254,1.0,-1.6081226496766366e-16,1.0,6.123233995736766e-17,1.0,0.0,1.0,1.0,0.0,1.0,0.6666666666666666,0.5773502691896262,2.0,1.0,0.5714285714285714,0.5345224838248481,4.0,1.0,0.5,0.6504436355879922,7.0,2.0,0.5357142857142857,0.692934867183582,15.0,2.0,0.5357142857142857,0.7619182899231925,30.0,3.0,0.5,0.7197723870478973,42.0,3.0,0.0,0.0,0.0,819,0.36752136752136755,0.07448107448107448,0.38217338217338215,0.32722832722832723,0.09523809523809523,0.2600732600732601,48.207196029776675,6.882783882783883
2024-03-31,0,0,0,0,0,0,0,0,0,0,0,0,2024,3,31,6,91,13,1,1,0,0,-0.7818314824680299,0.6234898018587334,0.9999907397361901,0.004303538296244289,1.0,-1.6081226496766366e-16,1.0,6.123233995736766e-17,1.0,1.0,0.0,0.0,0.0,1.0,0.6666666666666666,0.5773502691896262,2.0,1.0,0.5714285714285714,0.5345224838248481,4.0,1.0,0.5,0.6504436355879922,7.0,2.0,0.5,0.6938886664887097,14.0,2.0,0.5357142857142857,0.7619182899231925,30.0,3.0,0.5,0.7197723870478973,42.0,3.0,-1.0,0.0,-1.0,819,0.36752136752136755,0.07448107448107448,0.38217338217338215,0.32722832722832723,0.09523809523809523,0.2600732600732601,48.207196029776675,6.882783882783883
2024-04-01,0,0,0,0,0,0,0,0,0,0,0,0,2024,4,1,0,92,14,2,0,1,0,0.0,1.0,0.9999166586547379,-0.01291029607500882,0.992708874098054,-0.12053668025532288,0.8660254037844387,-0.4999999999999998,0.0,1.0,1.0,1.0,0.0,1.0,0.3333333333333333,0.5773502691896256,1.0,1.0,0.42857142857142855,0.5345224838248482,3.0,1.0,0.5,0.6504436355879922,7.0,2.0,0.4642857142857143,0.692934867183582,13.0,2.0,0.5357142857142857,0.7619182899231925,30.0,3.0,0.4880952380952381,0.7196727438845419,41.0,3.0,0.0,-1.0,-1.0,819,0.36752136752136755,0.07448107448107448,0.38217338217338215,0.32722832722832723,0.09523809523809523,0.2600732600732601,48.207196029776675,6.882783882783883
2024-04-02,1,1,0,1,0,2,0,1,2,0,0,0,2024,4,2,1,93,14,2,0,0,0,0.7818314824680298,0.6234898018587336,0.9995462806873573,-0.030120304846908114,0.992708874098054,-0.12053668025532288,0.8660254037844387,-0.4999999999999998,0.0,0.0,1.0,0.0,2.0,1.0,0.3333333333333333,0.5773502691896256,1.0,1.0,0.5714285714285714,0.5345224838248481,4.0,1.0,0.42857142857142855,0.5135525910130972,6.0,1.0,0.4642857142857143,0.692934867183582,13.0,2.0,0.5535714285714286,0.7608522221141931,31.0,3.0,0.4880952380952381,0.7196727438845419,41.0,3.0,1.0,1.0,0.0,819,0.36752136752136755,0.07448107448107448,0.38217338217338215,0.32722832722832723,0.09523809523809523,0.2600732600732601,48.207196029776675,6.882783882783883
2024-04-03,0,0,0,0,0,0,0,0,0,0,0,0,2024,4,3,2,94,14,2,0,0,0,0.9749279121818236,-0.22252093395631434,0.9988797155850336,-0.04732138832243185,0.992708874098054,-0.12053668025532288,0.8660254037844387,-0.4999999999999998,1.0,0.0,0.0,1.0,0.0,0.0,0.3333333333333333,0.5773502691896256,1.0,1.0,0.42857142857142855,0.5345224838248482,3.0,1.0,0.42857142857142855,0.5135525910130972,6.0,1.0,0.4642857142857143,0.692934867183582,13.0,2.0,0.5357142857142857,0.7619182899231925,30.0,3.0,0.47619047619047616,0.7193737315827832,40.0,3.0,-1.0,-1.0,0.0,819,0.36752136752136755,0.07448107448107448,0.38217338217338215,0.32722832722832723,0.09523809523809523,0.2600732600732601,48.207196029776675,6.882783882783883
2024-04-04,0,0,0,0,0,0,0,0,0,0,0,0,2024,4,4,3,95,14,2,0,0,0,0.43388373911755823,-0.900968867902419,0.9979171608653922,-0.06450844944931623,0.992708874098054,-0.12053668025532288,0.8660254037844387,-0.4999999999999998,0.0,1.0,0.0,0.0,0.0,1.0,0.3333333333333333,0.5773502691896256,1.0,1.0,0.42857142857142855,0.5345224838248482,3.0,1.0,0.42857142857142855,0.5135525910130972,6.0,1.0,0.42857142857142855,0.6900655593423529,12.0,2.0,0.5357142857142857,0.7619182899231925,30.0,3.0,0.4642857142857143,0.7188751013630434,39.0,3.0,0.0,0.0,-1.0,819,0.36752136752136755,0.07448107448107448,0.38217338217338215,0.32722832722832723,0.09523809523809523,0.2600732600732601,48.207196029776675,6.882783882783883
2024-04-05,0,0,0,0,0,0,0,0,0,0,0,0,2024,4,5,4,96,14,2,0,0,1,-0.433883739117558,-0.9009688679024191,0.9966589017541702,-0.08167639533042241,0.992708874098054,-0.12053668025532288,0.8660254037844387,-0.4999999999999998,0.0,0.0,1.0,1.0,0.0,2.0,0.0,0.0,0.0,0.0,0.2857142857142857,0.4879500364742662,2.0,1.0,0.42857142857142855,0.5135525910130972,6.0,1.0,0.35714285714285715,0.6214848238238682,10.0,2.0,0.5357142857142857,0.7619182899231925,30.0,3.0,0.4642857142857143,0.7188751013630434,39.0,3.0,0.0,-1.0,-2.0,819,0.36752136752136755,0.07448107448107448,0.38217338217338215,0.32722832722832723,0.09523809523809523,0.2600732600732601,48.207196029776675,6.882783882783883
2024-04-06,2,1,0,1,0,1,0,1,4,0,0,0,2024,4,6,5,97,14,2,1,0,0,-0.9749279121818236,-0.2225209339563146,0.9951053111006976,-0.09882013873287143,0.992708874098054,-0.12053668025532288,0.8660254037844387,-0.4999999999999998,0.0,0.0,0.0,1.0,1.0,0.0,0.6666666666666666,1.1547005383792517,2.0,2.0,0.42857142857142855,0.7867957924694428,3.0,2.0,0.5,0.6504436355879922,7.0,2.0,0.42857142857142855,0.6900655593423529,12.0,2.0,0.5357142857142857,0.7619182899231925,30.0,3.0,0.47619047619047616,0.7359313495384654,40.0,3.0,2.0,1.0,2.0,819,0.36752136752136755,0.07448107448107448,0.38217338217338215,0.32722832722832723,0.09523809523809523,0.2600732600732601,48.207196029776675,6.882783882783883
2024-04-07,0,0,0,0,0,0,0,0,0,0,0,0,2024,4,7,6,98,14,2,1,0,0,-0.7818314824680299,0.6234898018587334,0.9932568492674143,-0.11593459959550041,0.992708874098054,-0.12053668025532288,0.8660254037844387,-0.4999999999999998,2.0,0.0,0.0,0.0,0.0,0.0,0.6666666666666666,1.1547005383792517,2.0,2.0,0.42857142857142855,0.7867957924694428,3.0,2.0,0.5,0.6504436355879922,7.0,2.0,0.42857142857142855,0.6900655593423529,12.0,2.0,0.5357142857142857,0.7619182899231925,30.0,3.0,0.47619047619047616,0.7359313495384654,40.0,3.0,-2.0,0.0,0.0,819,0.36752136752136755,0.07448107448107448,0.38217338217338215,0.32722832722832723,0.09523809523809523,0.2600732600732601,48.207196029776675,6.882783882783883
2024-04-08,0,0,0,0,0,0,0,0,0,0,0,0,2024,4,8,0,99,15,2,0,1,0,0.0,1.0,0.9911140639934547,-0.1330147065341959,0.9709418174260521,-0.2393156642875575,0.8660254037844387,-0.4999999999999998,0.0,2.0,0.0,0.0,1.0,0.0,0.6666666666666666,1.1547005383792517,2.0,2.0,0.42857142857142855,0.7867957924694428,3.0,2.0,0.42857142857142855,0.6462061726588655,6.0,2.0,0.42857142857142855,0.6900655593423529,12.0,2.0,0.5357142857142857,0.7619182899231925,30.0,3.0,0.47619047619047616,0.7359313495384654,40.0,3.0,0.0,0.0,0.0,819,0.36752136752136755,0.07448107448107448,0.38217338217338215,0.32722832722832723,0.09523809523809523,0.2600732600732601,48.207196029776675,6.882783882783883
2024-04-09,0,0,0,0,0,0,0,0,0,0,0,0,2024,4,9,1,100,15,2,0,0,0,0.7818314824680298,0.6234898018587336,0.9886775902323405,-0.1500553983446526,0.9709418174260521,-0.2393156642875575,0.8660254037844387,-0.4999999999999998,0.0,0.0,2.0,1.0,0.0,0.0,0.0,0.0,0.0,0.0,0.2857142857142857,0.7559289460184542,2.0,2.0,0.42857142857142855,0.6462061726588655,6.0,2.0,0.42857142857142855,0.6900655593423529,12.0,2.0,0.5357142857142857,0.7619182899231925,30.0,3.0,0.47619047619047616,0.7359313495384654,40.0,3.0,0.0,-1.0,0.0,819,0.36752136752136755,0.07448107448107448,0.38217338217338215,0.32722832722832723,0.09523809523809523,0.2600732600732601,48.207196029776675,6.882783882783883
2024-04-10,0,0,0,0,0,0,0,0,0,0,0,0,2024,4,10,2,101,15,2,0,0,0,0.9749279121818236,-0.22252093395631434,0.9859481499638304,-0.16705162550211924,0.9709418174260521,-0.2393156642875575,0.8660254037844387,-0.4999999999999998,0.0,0.0,0.0,0.0,1.0,0.0,0.0,0.0,0.0,0.0,0.2857142857142857,0.7559289460184542,2.0,2.0,0.35714285714285715,0.6333236937766524,5.0,2.0,0.42857142857142855,0.6900655593423529,12.0,2.0,0.5357142857142857,0.7619182899231925,30.0,3.0,0.47619047619047616,0.7359313495384654,40.0,3.0,0.0,0.0,0.0,819,0.36752136752136755,0.07448107448107448,0.38217338217338215,0.32722832722832723,0.09523809523809523,0.2600732600732601,48.207196029776675,6.882783882783883
2024-04-11,1,1,0,1,0,4,0,1,2,0,0,0,2024,4,11,3,102,15,2,0,0,0,0.43388373911755823,-0.900968867902419,0.9829265519799822,-0.18399835165768005,0.9709418174260521,-0.2393156642875575,0.8660254037844387,-0.4999999999999998,0.0,0.0,0.0,0.0,0.0,0.0,0.3333333333333333,0.5773502691896256,1.0,1.0,0.42857142857142855,0.7867957924694428,3.0,2.0,0.42857142857142855,0.6462061726588655,6.0,2.0,0.4642857142857143,0.692934867183582,13.0,2.0,0.5357142857142857,0.7619182899231925,30.0,3.0,0.47619047619047616,0.7359313495384654,40.0,3.0,1.0,1.0,1.0,819,0.36752136752136755,0.07448107448107448,0.38217338217338215,0.32722832722832723,0.09523809523809523,0.2600732600732601,48.207196029776675,6.882783882783883
2024-04-12,0,0,0,0,0,0,0,0,0,0,0,0,2024,4,12,4,103,15,2,0,0,1,-0.433883739117558,-0.9009688679024191,0.9796136916454901,-0.20089055513063506,0.9709418174260521,-0.2393156642875575,0.8660254037844387,-0.4999999999999998,1.0,0.0,0.0,0.0,1.0,2.0,0.3333333333333333,0.5773502691896256,1.0,1.0,0.42857142857142855,0.7867957924694428,3.0,2.0,0.35714285714285715,0.6333236937766524,5.0,2.0,0.39285714285714285,0.6288900106557932,11.0,2.0,0.5178571428571429,0.7625572152261809,29.0,3.0,0.47619047619047616,0.7359313495384654,40.0,3.0,-1.0,0.0,-2.0,819,0.36752136752136755,0.07448107448107448,0.38217338217338215,0.32722832722832723,0.09523809523809523,0.2600732600732601,48.207196029776675,6.882783882783883
2024-04-13,1,0,0,0,0,0,0,0,2,0,0,0,2024,4,13,5,104,15,2,1,0,0,-0.9749279121818236,-0.2225209339563146,0.9760105506323683,-0.21772323039653177,0.9709418174260521,-0.2393156642875575,0.8660254037844387,-0.4999999999999998,0.0,1.0,0.0,2.0,1.0,0.0,0.6666666666666666,0.5773502691896262,2.0,1.0,0.2857142857142857,0.4879500364742662,2.0,1.0,0.35714285714285715,0.6333236937766524,5.0,2.0,0.42857142857142855,0.6341264874742265,12.0,2.0,0.5357142857142857,0.7619182899231925,30.0,3.0,0.4880952380952381,0.7362236371052441,41.0,3.0,1.0,-1.0,1.0,819,0.36752136752136755,0.07448107448107448,0.38217338217338215,0.32722832722832723,0.09523809523809523,0.2600732600732601,48.207196029776675,6.882783882783883
2024-04-14,0,0,0,0,0,0,0,0,0,0,0,0,2024,4,14,6,105,15,2,1,0,0,-0.7818314824680299,0.6234898018587334,0.9721181966290613,-0.23449138957040985,0.9709418174260521,-0.2393156642875575,0.8660254037844387,-0.4999999999999998,1.0,0.0,1.0,0.0,0.0,0.0,0.3333333333333333,0.5773502691896256,1.0,1.0,0.2857142857142857,0.4879500364742662,2.0,1.0,0.35714285714285715,0.6333236937766524,5.0,2.0,0.42857142857142855,0.6341264874742265,12.0,2.0,0.5357142857142857,0.7619182899231925,30.0,3.0,0.4880952380952381,0.7362236371052441,41.0,3.0,-1.0,0.0,0.0,819,0.36752136752136755,0.07448107448107448,0.38217338217338215,0.32722832722832723,0.09523809523809523,0.2600732600732601,48.207196029776675,6.882783882783883
2024-04-15,0,0,0,0,0,0,0,0,0,0,0,0,2024,4,15,0,106,16,2,0,1,0,0.0,1.0,0.9679377830240642,-0.25119006388481935,0.9350162426854148,-0.35460488704253545,0.8660254037844387,-0.4999999999999998,0.0,1.0,0.0,0.0,0.0,0.0,0.3333333333333333,0.5773502691896256,1.0,1.0,0.2857142857142857,0.4879500364742662,2.0,1.0,0.35714285714285715,0.6333236937766524,5.0,2.0,0.42857142857142855,0.6341264874742265,12.0,2.0,0.5357142857142857,0.7619182899231925,30.0,3.0,0.4880952380952381,0.7362236371052441,41.0,3.0,0.0,0.0,0.0,819,0.36752136752136755,0.07448107448107448,0.38217338217338215,0.32722832722832723,0.09523809523809523,0.2600732600732601,48.207196029776675,6.882783882783883
2024-04-16,3,1,0,1,0,0,0,0,6,1,1,2,2024,4,16,1,107,16,2,0,0,0,0.7818314824680298,0.6234898018587336,0.9634705485641488,-0.2678143051621742,0.9350162426854148,-0.35460488704253545,0.8660254037844387,-0.4999999999999998,0.0,0.0,1.0,0.0,1.0,2.0,1.0,1.7320508075688776,3.0,3.0,0.7142857142857143,1.1126972805283732,5.0,3.0,0.5,0.9405399431259613,7.0,3.0,0.4642857142857143,0.7444681351359522,13.0,3.0,0.5892857142857143,0.8263124153685514,33.0,3.0,0.5238095238095238,0.7835075672002236,44.0,3.0,3.0,3.0,1.0,819,0.36752136752136755,0.07448107448107448,0.38217338217338215,0.32722832722832723,0.09523809523809523,0.2600732600732601,48.207196029776675,6.882783882783883
2024-04-17,0,0,0,0,0,0,0,0,0,0,0,0,2024,4,17,2,108,16,2,0,0,0,0.9749279121818236,-0.22252093395631434,0.9587178169872964,-0.2843591872810034,0.9350162426854148,-0.35460488704253545,0.8660254037844387,-0.4999999999999998,3.0,0.0,0.0,0.0,0.0,0.0,1.0,1.7320508075688776,3.0,3.0,0.7142857142857143,1.1126972805283732,5.0,3.0,0.5,0.9405399431259613,7.0,3.0,0.4642857142857143,0.7444681351359522,13.0,3.0,0.5535714285714286,0.8072319224506537,31.0,3.0,0.5238095238095238,0.7835075672002236,44.0,3.0,-3.0,0.0,0.0,819,0.36752136752136755,0.07448107448107448,0.38217338217338215,0.32722832722832723,0.09523809523809523,0.2600732600732601,48.207196029776675,6.882783882783883
2024-04-18,0,0,0,0,0,0,0,0,0,0,0,0,2024,4,18,3,109,16,2,0,0,0,0.43388373911755823,-0.900968867902419,0.9536809966304457,-0.30081980763566735,0.9350162426854148,-0.35460488704253545,0.8660254037844387,-0.4999999999999998,0.0,3.0,0.0,1.0,0.0,0.0,1.0,1.7320508075688776,3.0,3.0,0.5714285714285714,1.1338934190276813,4.0,3.0,0.5,0.9405399431259613,7.0,3.0,0.4642857142857143,0.7444681351359522,13.0,3.0,0.5357142857142857,0.8082368175521051,30.0,3.0,0.5119047619047619,0.7837821128725637,43.0,3.0,0.0,-1.0,0.0,819,0.36752136752136755,0.07448107448107448,0.38217338217338215,0.32722832722832723,0.09523809523809523,0.2600732600732601,48.207196029776675,6.882783882783883
2024-04-19,1,0,0,0,0,0,0,0,2,0,0,0,2024,4,19,4,110,16,2,0,0,1,-0.433883739117558,-0.9009688679024191,0.9483615800121715,-0.3171912885891061,0.9350162426854148,-0.35460488704253545,0.8660254037844387,-0.4999999999999998,0.0,0.0,3.0,0.0,0.0,0.0,0.3333333333333333,0.5773502691896256,1.0,1.0,0.7142857142857143,1.1126972805283732,5.0,3.0,0.5714285714285714,0.9376144618769918,8.0,3.0,0.5,0.7453559924999287,14.0,3.0,0.5535714285714286,0.8072319224506537,31.0,3.0,0.5,0.7683498199278334,42.0,3.0,1.0,1.0,1.0,819,0.36752136752136755,0.07448107448107448,0.38217338217338215,0.32722832722832723,0.09523809523809523,0.2600732600732601,48.207196029776675,6.882783882783883
2024-04-20,2,2,0,1,0,0,0,0,4,0,0,0,2024,4,20,5,111,16,2,1,0,0,-0.9749279121818236,-0.2225209339563146,0.9427611433904207,-0.3334687789181868,0.9350162426854148,-0.35460488704253545,0.8660254037844387,-0.4999999999999998,1.0,0.0,0.0,1.0,2.0,1.0,1.0,1.0000000000000007,3.0,2.0,0.8571428571428571,1.2149857925879113,6.0,3.0,0.5714285714285714,0.9376144618769918,8.0,3.0,0.5357142857142857,0.7926581093427837,15.0,3.0,0.5535714285714286,0.8072319224506537,31.0,3.0,0.5119047619047619,0.7837821128725637,43.0,3.0,1.0,1.0,1.0,819,0.36752136752136755,0.07448107448107448,0.38217338217338215,0.32722832722832723,0.09523809523809523,0.2600732600732601,48.207196029776675,6.882783882783883
2024-04-21,0,0,0,0,0,0,0,0,0,0,0,0,2024,4,21,6,112,16,2,1,0,0,-0.7818314824680299,0.6234898018587334,0.9368813462954315,-0.3496474552512284,0.9350162426854148,-0.35460488704253545,0.8660254037844387,-0.4999999999999998,2.0,1.0,0.0,0.0,0.0,0.0,1.0,1.0000000000000007,3.0,2.0,0.8571428571428571,1.2149857925879113,6.0,3.0,0.5714285714285714,0.9376144618769918,8.0,3.0,0.5357142857142857,0.7926581093427837,15.0,3.0,0.5535714285714286,0.8072319224506537,31.0,3.0,0.5119047619047619,0.7837821128725637,43.0,3.0,-2.0,0.0,0.0,819,0.36752136752136755,0.07448107448107448,0.38217338217338215,0.32722832722832723,0.09523809523809523,0.2600732600732601,48.207196029776675,6.882783882783883
2024-04-22,0,0,0,0,0,0,0,0,0,0,0,0,2024,4,22,0,113,17,2,0,1,0,0.0,1.0,0.9307239310379795,-0.36572252349726897,0.8854560256532099,-0.4647231720437685,0.8660254037844387,-0.4999999999999998,0.0,2.0,1.0,0.0,0.0,1.0,0.6666666666666666,1.1547005383792517,2.0,2.0,0.8571428571428571,1.2149857925879113,6.0,3.0,0.5714285714285714,0.9376144618769918,8.0,3.0,0.5,0.793492047615871,14.0,3.0,0.5535714285714286,0.8072319224506537,31.0,3.0,0.5119047619047619,0.7837821128725637,43.0,3.0,0.0,0.0,-1.0,819,0.36752136752136755,0.07448107448107448,0.38217338217338215,0.32722832722832723,0.09523809523809523,0.2600732600732601,48.207196029776675,6.882783882783883
2024-04-23,1,0,0,0,0,1,0,1,2,0,0,0,2024,4,23,1,114,17,2,0,0,0,0.7818314824680298,0.6234898018587336,0.9242907221930933,-0.3816892202666588,0.8854560256532099,-0.4647231720437685,0.8660254037844387,-0.4999999999999998,0.0,0.0,2.0,3.0,0.0,0.0,0.3333333333333333,0.5773502691896256,1.0,1.0,0.5714285714285714,0.7867957924694426,4.0,2.0,0.6428571428571429,0.928782731664066,9.0,3.0,0.5357142857142857,0.7926581093427837,15.0,3.0,0.5535714285714286,0.8072319224506537,31.0,3.0,0.5238095238095238,0.7835075672002236,44.0,3.0,1.0,-2.0,1.0,819,0.36752136752136755,0.07448107448107448,0.38217338217338215,0.32722832722832723,0.09523809523809523,0.2600732600732601,48.207196029776675,6.882783882783883
2024-04-24,0,0,0,0,0,0,0,0,0,0,0,0,2024,4,24,2,115,17,2,0,0,0,0.9749279121818236,-0.22252093395631434,0.9175836260593937,-0.39754281428255595,0.8854560256532099,-0.4647231720437685,0.8660254037844387,-0.4999999999999998,1.0,0.0,0.0,0.0,0.0,1.0,0.3333333333333333,0.5773502691896256,1.0,1.0,0.5714285714285714,0.7867957924694426,4.0,2.0,0.6428571428571429,0.928782731664066,9.0,3.0,0.5,0.793492047615871,14.0,3.0,0.5535714285714286,0.8072319224506537,31.0,3.0,0.5238095238095238,0.7835075672002236,44.0,3.0,-1.0,0.0,-1.0,819,0.36752136752136755,0.07448107448107448,0.38217338217338215,0.32722832722832723,0.09523809523809523,0.2600732600732601,48.207196029776675,6.882783882783883
2024-04-25,0,0,0,0,0,0,0,0,0,0,0,0,2024,4,25,3,116,17,2,0,0,0,0.43388373911755823,-0.900968867902419,0.9106046300942162,-0.4132786077829042,0.8854560256532099,-0.4647231720437685,0.8660254037844387,-0.4999999999999998,0.0,1.0,0.0,0.0,1.0,0.0,0.3333333333333333,0.5773502691896256,1.0,1.0,0.5714285714285714,0.7867957924694426,4.0,2.0,0.5714285714285714,0.9376144618769918,8.0,3.0,0.5,0.793492047615871,14.0,3.0,0.5535714285714286,0.8072319224506537,31.0,3.0,0.5,0.7683498199278335,42.0,3.0,0.0,0.0,0.0,819,0.36752136752136755,0.07448107448107448,0.38217338217338215,0.32722832722832723,0.09523809523809523,0.2600732600732601,48.207196029776675,6.882783882783883
2024-04-26,0,0,0,0,0,0,0,0,0,0,0,0,2024,4,26,4,117,17,2,0,0,1,-0.433883739117558,-0.9009688679024191,0.9033558023246845,-0.4288919379124835,0.8854560256532099,-0.4647231720437685,0.8660254037844387,-0.4999999999999998,0.0,0.0,1.0,1.0,0.0,1.0,0.0,0.0,0.0,0.0,0.42857142857142855,0.7867957924694428,3.0,2.0,0.5714285714285714,0.9376144618769918,8.0,3.0,0.4642857142857143,0.7926581093427837,13.0,3.0,0.5,0.7385489458759974,28.0,3.0,0.5,0.7683498199278335,42.0,3.0,0.0,-1.0,-1.0,819,0.36752136752136755,0.07448107448107448,0.38217338217338215,0.32722832722832723,0.09523809523809523,0.2600732600732601,48.207196029776675,6.882783882783883
2024-04-27,0,0,0,0,0,0,0,0,0,0,0,0,2024,4,27,5,118,17,2,1,0,0,-0.9749279121818236,-0.2225209339563146,0.895839290734909,-0.4443781781046132,0.8854560256532099,-0.4647231720437685,0.8660254037844387,-0.4999999999999998,0.0,0.0,0.0,2.0,1.0,1.0,0.0,0.0,0.0,0.0,0.14285714285714285,0.3779644730092271,1.0,1.0,0.5,0.9405399431259613,7.0,3.0,0.42857142857142855,0.7901510136288016,12.0,3.0,0.48214285714285715,0.7383291069231063,27.0,3.0,0.5,0.7683498199278335,42.0,3.0,0.0,-2.0,-1.0,819,0.36752136752136755,0.07448107448107448,0.38217338217338215,0.32722832722832723,0.09523809523809523,0.2600732600732601,48.207196029776675,6.882783882783883
2024-04-28,1,0,0,0,0,0,0,0,2,0,0,1,2024,4,28,6,119,17,2,1,0,0,-0.7818314824680299,0.6234898018587334,0.8880573226294932,-0.45973273945210397,0.8854560256532099,-0.4647231720437685,0.8660254037844387,-0.4999999999999998,0.0,0.0,0.0,0.0,0.0,0.0,0.3333333333333333,0.5773502691896256,1.0,1.0,0.2857142857142857,0.48795003647426627,2.0,1.0,0.5714285714285714,0.9376144618769918,8.0,3.0,0.4642857142857143,0.7926581093427837,13.0,3.0,0.48214285714285715,0.7383291069231063,27.0,3.0,0.5119047619047619,0.7682564773022168,43.0,3.0,1.0,1.0,1.0,819,0.36752136752136755,0.07448107448107448,0.38217338217338215,0.32722832722832723,0.09523809523809523,0.2600732600732601,48.207196029776675,6.882783882783883
2024-04-29,1,0,0,0,0,2,0,1,2,0,0,1,2024,4,29,0,120,18,2,0,1,0,0.0,1.0,0.8800122039735357,-0.47495107206704995,0.8229838658936565,-0.5680647467311557,0.8660254037844387,-0.4999999999999998,1.0,0.0,0.0,0.0,0.0,0.0,0.6666666666666666,0.5773502691896262,2.0,1.0,0.42857142857142855,0.5345224838248482,3.0,1.0,0.6428571428571429,0.928782731664066,9.0,3.0,0.5,0.793492047615871,14.0,3.0,0.48214285714285715,0.7383291069231063,27.0,3.0,0.5238095238095238,0.7679763813541691,44.0,3.0,0.0,1.0,1.0,819,0.36752136752136755,0.07448107448107448,0.38217338217338215,0.32722832722832723,0.09523809523809523,0.2600732600732601,48.207196029776675,6.882783882783883
2024-04-30,0,0,0,0,0,0,0,0,0,0,0,0,2024,4,30,1,121,18,2,0,0,0,0.7818314824680298,0.6234898018587336,0.8717063187093218,-0.4900286664290592,0.8229838658936565,-0.5680647467311557,0.8660254037844387,-0.4999999999999998,1.0,1.0,0.0,1.0,3.0,1.0,0.6666666666666666,0.5773502691896262,2.0,1.0,0.2857142857142857,0.48795003647426627,2.0,1.0,0.42857142857142855,0.6462061726588654,6.0,2.0,0.4642857142857143,0.7926581093427837,13.0,3.0,0.4642857142857143,0.7376691969682927,26.0,3.0,0.5238095238095238,0.7679763813541691,44.0,3.0,-1.0,-1.0,-1.0,819,0.36752136752136755,0.07448107448107448,0.38217338217338215,0.32722832722832723,0.09523809523809523,0.2600732600732601,48.207196029776675,6.882783882783883
2024-05-01,2,2,0,0,0,0,0,0,4,0,0,0,2024,5,1,2,122,18,2,0,0,0,0.9749279121818236,-0.22252093395631434,0.8631421280499114,-0.5049610547215204,0.8229838658936565,-0.5680647467311557,0.49999999999999994,-0.8660254037844387,0.0,1.0,1.0,0.0,0.0,0.0,1.0,1.0000000000000004,3.0,2.0,0.5714285714285714,0.7867957924694428,4.0,2.0,0.5714285714285714,0.7559289460184555,8.0,2.0,0.5357142857142857,0.8380817098475247,15.0,3.0,0.5,0.7627700713964749,28.0,3.0,0.5357142857142857,0.7830497771715415,45.0,3.0,2.0,2.0,2.0,819,0.36752136752136755,0.07448107448107448,0.38217338217338215,0.32722832722832723,0.09523809523809523,0.2600732600732601,48.207196029776675,6.882783882783883
2024-05-02,0,0,0,0,0,0,0,0,0,0,0,0,2024,5,2,3,123,18,2,0,0,0,0.43388373911755823,-0.900968867902419,0.854322169749827,-0.5197438121555155,0.8229838658936565,-0.5680647467311557,0.49999999999999994,-0.8660254037844387,2.0,0.0,1.0,0.0,0.0,0.0,0.6666666666666666,1.1547005383792517,2.0,2.0,0.5714285714285714,0.7867957924694428,4.0,2.0,0.5714285714285714,0.7559289460184555,8.0,2.0,0.5357142857142857,0.8380817098475247,15.0,3.0,0.48214285714285715,0.7625572152261809,27.0,3.0,0.5357142857142857,0.7830497771715415,45.0,3.0,-2.0,0.0,0.0,819,0.36752136752136755,0.07448107448107448,0.38217338217338215,0.32722832722832723,0.09523809523809523,0.2600732600732601,48.207196029776675,6.882783882783883
2024-05-03,0,0,0,0,0,0,0,0,0,0,0,0,2024,5,3,4,124,18,2,0,0,1,-0.433883739117558,-0.9009688679024191,0.8452490573530633,-0.5343725582809786,0.8229838658936565,-0.5680647467311557,0.49999999999999994,-0.8660254037844387,0.0,2.0,0.0,0.0,1.0,0.0,0.6666666666666666,1.1547005383792517,2.0,2.0,0.5714285714285714,0.7867957924694428,4.0,2.0,0.5,0.759554525312751,7.0,2.0,0.5357142857142857,0.8380817098475247,15.0,3.0,0.44642857142857145,0.7365680332002394,25.0,3.0,0.5357142857142857,0.7830497771715415,45.0,3.0,0.0,0.0,0.0,819,0.36752136752136755,0.07448107448107448,0.38217338217338215,0.32722832722832723,0.09523809523809523,0.2600732600732601,48.207196029776675,6.882783882783883
2024-05-04,0,0,0,0,0,0,0,0,0,0,0,0,2024,5,4,5,125,18,2,1,0,0,-0.9749279121818236,-0.2225209339563146,0.8359254794186372,-0.548842958284719,0.8229838658936565,-0.5680647467311557,0.49999999999999994,-0.8660254037844387,0.0,0.0,2.0,0.0,2.0,2.0,0.0,0.0,0.0,0.0,0.5714285714285714,0.7867957924694428,4.0,2.0,0.35714285714285715,0.6333236937766522,5.0,2.0,0.4642857142857143,0.7926581093427837,13.0,3.0,0.44642857142857145,0.7365680332002394,25.0,3.0,0.5119047619047619,0.7682564773022168,43.0,3.0,0.0,0.0,-2.0,819,0.36752136752136755,0.07448107448107448,0.38217338217338215,0.32722832722832723,0.09523809523809523,0.2600732600732601,48.207196029776675,6.882783882783883
2024-05-05,0,0,0,0,0,0,0,0,0,0,0,0,2024,5,5,6,126,18,2,1,0,0,-0.7818314824680299,0.6234898018587334,0.8263541987239096,-0.5631507242749186,0.8229838658936565,-0.5680647467311557,0.49999999999999994,-0.8660254037844387,0.0,0.0,0.0,1.0,0.0,0.0,0.0,0.0,0.0,0.0,0.42857142857142855,0.7867957924694429,3.0,2.0,0.35714285714285715,0.6333236937766522,5.0,2.0,0.4642857142857143,0.7926581093427837,13.0,3.0,0.44642857142857145,0.7365680332002394,25.0,3.0,0.5119047619047619,0.7682564773022168,43.0,3.0,0.0,-1.0,0.0,819,0.36752136752136755,0.07448107448107448,0.38217338217338215,0.32722832722832723,0.09523809523809523,0.2600732600732601,48.207196029776675,6.882783882783883
2024-05-06,0,0,0,0,0,0,0,0,0,0,0,0,2024,5,6,0,127,19,2,0,1,0,0.0,1.0,0.8165380514459161,-0.5772916165517272,0.7485107481711013,-0.663122658240795,0.49999999999999994,-0.8660254037844387,0.0,0.0,0.0,1.0,0.0,0.0,0.0,0.0,0.0,0.0,0.2857142857142857,0.7559289460184544,2.0,2.0,0.35714285714285715,0.6333236937766522,5.0,2.0,0.4642857142857143,0.7926581093427837,13.0,3.0,0.44642857142857145,0.7365680332002394,25.0,3.0,0.5119047619047619,0.7682564773022168,43.0,3.0,0.0,-1.0,0.0,819,0.36752136752136755,0.07448107448107448,0.38217338217338215,0.32722832722832723,0.09523809523809523,0.2600732600732601,48.207196029776675,6.882783882783883
2024-05-07,0,0,0,0,0,0,0,0,0,0,0,0,2024,5,7,1,128,19,2,0,0,0,0.7818314824680298,0.6234898018587336,0.8064799463209448,-0.5912614448635781,0.7485107481711013,-0.663122658240795,0.49999999999999994,-0.8660254037844387,0.0,0.0,0.0,0.0,1.0,0.0,0.0,0.0,0.0,0.0,0.2857142857142857,0.7559289460184544,2.0,2.0,0.2857142857142857,0.6112498455021279,4.0,2.0,0.4642857142857143,0.7926581093427837,13.0,3.0,0.44642857142857145,0.7365680332002394,25.0,3.0,0.5119047619047619,0.7682564773022168,43.0,3.0,0.0,0.0,0.0,819,0.36752136752136755,0.07448107448107448,0.38217338217338215,0.32722832722832723,0.09523809523809523,0.2600732600732601,48.207196029776675,6.882783882783883
2024-05-08,0,0,0,0,0,0,0,0,0,0,0,0,2024,5,8,2,129,19,2,0,0,0,0.9749279121818236,-0.22252093395631434,0.7961828637826158,-0.6050560696488488,0.7485107481711013,-0.663122658240795,0.49999999999999994,-0.8660254037844387,0.0,0.0,0.0,2.0,0.0,0.0,0.0,0.0,0.0,0.0,0.0,0.0,0.0,0.0,0.2857142857142857,0.6112498455021279,4.0,2.0,0.4642857142857143,0.7926581093427837,13.0,3.0,0.44642857142857145,0.7365680332002394,25.0,3.0,0.5119047619047619,0.7682564773022168,43.0,3.0,0.0,-2.0,0.0,819,0.36752136752136755,0.07448107448107448,0.38217338217338215,0.32722832722832723,0.09523809523809523,0.2600732600732601,48.207196029776675,6.882783882783883
2024-05-09,4,2,0,4,0,2,0,2,8,0,0,0,2024,5,9,3,130,19,2,0,0,0,0.43388373911755823,-0.900968867902419,0.7856498550787147,-0.6186714032625031,0.7485107481711013,-0.663122658240795,0.49999999999999994,-0.8660254037844387,0.0,0.0,0.0,0.0,0.0,1.0,1.3333333333333333,2.3094010767585034,4.0,4.0,0.5714285714285714,1.5118578920369088,4.0,4.0,0.5714285714285714,1.1578684470436797,8.0,4.0,0.5714285714285714,1.033819650027541,16.0,4.0,0.5178571428571429,0.8736771075813363,29.0,4.0,0.5476190476190477,0.855946765386135,46.0,4.0,4.0,4.0,3.0,819,0.36752136752136755,0.07448107448107448,0.38217338217338215,0.32722832722832723,0.09523809523809523,0.2600732600732601,48.207196029776675,6.882783882783883
2024-05-10,1,0,0,0,0,2,0,1,4,0,0,0,2024,5,10,4,131,19,2,0,0,1,-0.433883739117558,-0.9009688679024191,0.7748840413670407,-0.6321034111873487,0.7485107481711013,-0.663122658240795,0.49999999999999994,-0.8660254037844387,4.0,0.0,0.0,0.0,0.0,0.0,1.6666666666666667,2.081665999466133,5.0,4.0,0.7142857142857143,1.496026483086191,5.0,4.0,0.6428571428571429,1.1507283885330308,9.0,4.0,0.6071428571428571,1.0306159867619513,17.0,4.0,0.5,0.8528028654224428,28.0,4.0,0.5476190476190477,0.855946765386135,46.0,4.0,-3.0,1.0,1.0,819,0.36752136752136755,0.07448107448107448,0.38217338217338215,0.32722832722832723,0.09523809523809523,0.2600732600732601,48.207196029776675,6.882783882783883
2024-05-11,1,0,0,1,0,3,0,1,2,0,0,0,2024,5,11,5,132,19,2,1,0,0,-0.9749279121818236,-0.2225209339563146,0.7638886127905428,-0.6453481132295501,0.7485107481711013,-0.663122658240795,0.49999999999999994,-0.8660254037844387,1.0,4.0,0.0,0.0,0.0,1.0,2.0,1.7320508075688779,6.0,4.0,0.8571428571428571,1.4638501094227994,6.0,4.0,0.7142857142857143,1.1387288073563866,10.0,4.0,0.6071428571428571,1.0306159867619513,17.0,4.0,0.5178571428571429,0.8526124863899506,29.0,4.0,0.5595238095238095,0.8551923686388258,47.0,4.0,0.0,1.0,0.0,819,0.36752136752136755,0.07448107448107448,0.38217338217338215,0.32722832722832723,0.09523809523809523,0.2600732600732601,48.207196029776675,6.882783882783883
2024-05-12,0,0,0,0,0,0,0,0,0,0,0,0,2024,5,12,6,133,19,2,1,0,0,-0.7818314824680299,0.6234898018587334,0.7526668275320085,-0.6584015846980488,0.7485107481711013,-0.663122658240795,0.49999999999999994,-0.8660254037844387,1.0,1.0,4.0,0.0,1.0,0.0,0.6666666666666666,0.5773502691896251,2.0,1.0,0.8571428571428571,1.4638501094227994,6.0,4.0,0.6428571428571429,1.1507283885330308,9.0,4.0,0.6071428571428571,1.0306159867619513,17.0,4.0,0.5178571428571429,0.8526124863899506,29.0,4.0,0.5595238095238095,0.8551923686388258,47.0,4.0,-1.0,0.0,0.0,819,0.36752136752136755,0.07448107448107448,0.38217338217338215,0.32722832722832723,0.09523809523809523,0.2600732600732601,48.207196029776675,6.882783882783883
2024-05-13,0,0,0,0,0,0,0,0,0,0,0,0,2024,5,13,0,134,20,2,0,1,0,0.0,1.0,0.7412220108485958,-0.6712599575675313,0.6631226582407952,-0.7485107481711012,0.49999999999999994,-0.8660254037844387,0.0,1.0,1.0,0.0,1.0,0.0,0.3333333333333333,0.5773502691896244,1.0,1.0,0.8571428571428571,1.4638501094227994,6.0,4.0,0.5714285714285714,1.1578684470436797,8.0,4.0,0.6071428571428571,1.0306159867619513,17.0,4.0,0.5178571428571429,0.8526124863899506,29.0,4.0,0.5595238095238095,0.8551923686388258,47.0,4.0,0.0,0.0,0.0,819,0.36752136752136755,0.07448107448107448,0.38217338217338215,0.32722832722832723,0.09523809523809523,0.2600732600732601,48.207196029776675,6.882783882783883
2024-05-14,1,1,0,0,0,2,0,1,2,0,0,0,2024,5,14,1,135,20,2,0,0,0,0.7818314824680298,0.6234898018587336,0.7295575540864875,-0.6839194216246106,0.6631226582407952,-0.7485107481711012,0.49999999999999994,-0.8660254037844387,0.0,0.0,1.0,0.0,0.0,3.0,0.3333333333333333,0.5773502691896244,1.0,1.0,1.0,1.4142135623730945,7.0,4.0,0.6428571428571429,1.1507283885330308,9.0,4.0,0.5357142857142857,0.9222413461394467,15.0,4.0,0.5,0.8312094145936345,28.0,4.0,0.5714285714285714,0.8542694234540638,48.0,4.0,1.0,1.0,-2.0,819,0.36752136752136755,0.07448107448107448,0.38217338217338215,0.32722832722832723,0.09523809523809523,0.2600732600732601,48.207196029776675,6.882783882783883
2024-05-15,1,1,0,1,0,3,0,1,2,0,0,0,2024,5,15,2,136,20,2,0,0,0,0.9749279121818236,-0.22252093395631434,0.717676913675962,-0.6963762255968722,0.6631226582407952,-0.7485107481711012,0.49999999999999994,-0.8660254037844387,1.0,0.0,0.0,0.0,2.0,0.0,0.6666666666666666,0.5773502691896251,2.0,1.0,1.1428571428571428,1.3451854182690979,8.0,4.0,0.5714285714285714,1.0894095588038453,8.0,4.0,0.5714285714285714,0.9200874124564714,16.0,4.0,0.5178571428571429,0.8310140886798594,29.0,4.0,0.5595238095238095,0.840986088966944,47.0,4.0,0.0,1.0,1.0,819,0.36752136752136755,0.07448107448107448,0.38217338217338215,0.32722832722832723,0.09523809523809523,0.2600732600732601,48.207196029776675,6.882783882783883
2024-05-16,0,0,0,0,0,0,0,0,0,0,0,0,2024,5,16,3,137,20,2,0,0,0,0.43388373911755823,-0.900968867902419,0.705583610107178,-0.7086266782644596,0.6631226582407952,-0.7485107481711012,0.49999999999999994,-0.8660254037844387,1.0,1.0,0.0,4.0,0.0,0.0,0.6666666666666666,0.5773502691896251,2.0,1.0,0.5714285714285714,0.5345224838248479,4.0,1.0,0.5714285714285714,1.0894095588038453,8.0,4.0,0.5714285714285714,0.9200874124564714,16.0,4.0,0.5178571428571429,0.8310140886798594,29.0,4.0,0.5476190476190477,0.8417532177739616,46.0,4.0,-1.0,-4.0,0.0,819,0.36752136752136755,0.07448107448107448,0.38217338217338215,0.32722832722832723,0.09523809523809523,0.2600732600732601,48.207196029776675,6.882783882783883
2024-05-17,1,0,0,0,0,1,0,1,2,0,0,0,2024,5,17,4,138,20,2,0,0,1,-0.433883739117558,-0.9009688679024191,0.6932812268869777,-0.7206671495538609,0.6631226582407952,-0.7485107481711012,0.49999999999999994,-0.8660254037844387,0.0,1.0,1.0,1.0,0.0,1.0,0.6666666666666666,0.5773502691896251,2.0,1.0,0.5714285714285714,0.5345224838248479,4.0,1.0,0.6428571428571429,1.0818177620697824,9.0,4.0,0.5714285714285714,0.9200874124564714,16.0,4.0,0.5357142857142857,0.8304278352815441,30.0,4.0,0.5595238095238095,0.840986088966944,47.0,4.0,1.0,0.0,0.0,819,0.36752136752136755,0.07448107448107448,0.38217338217338215,0.32722832722832723,0.09523809523809523,0.2600732600732601,48.207196029776675,6.882783882783883
2024-05-18,0,0,0,0,0,0,0,0,0,0,0,0,2024,5,18,5,139,20,2,1,0,0,-0.9749279121818236,-0.2225209339563146,0.6807734094770161,-0.7324940716135789,0.6631226582407952,-0.7485107481711012,0.49999999999999994,-0.8660254037844387,1.0,0.0,1.0,1.0,0.0,2.0,0.3333333333333333,0.5773502691896244,1.0,1.0,0.42857142857142855,0.5345224838248481,3.0,1.0,0.6428571428571429,1.0818177620697824,9.0,4.0,0.5,0.8819171036881959,14.0,4.0,0.5178571428571429,0.8310140886798594,29.0,4.0,0.5357142857142857,0.8279227682307734,45.0,4.0,-1.0,-1.0,-2.0,819,0.36752136752136755,0.07448107448107448,0.38217338217338215,0.32722832722832723,0.09523809523809523,0.2600732600732601,48.207196029776675,6.882783882783883
2024-05-19,0,0,0,0,0,0,0,0,0,0,0,0,2024,5,19,6,140,20,2,1,0,0,-0.7818314824680299,0.6234898018587334,0.6680638642135335,-0.7441039398713607,0.6631226582407952,-0.7485107481711012,0.49999999999999994,-0.8660254037844387,0.0,1.0,0.0,0.0,0.0,0.0,0.3333333333333333,0.5773502691896244,1.0,1.0,0.42857142857142855,0.5345224838248481,3.0,1.0,0.6428571428571429,1.0818177620697824,9.0,4.0,0.5,0.8819171036881959,14.0,4.0,0.5178571428571429,0.8310140886798594,29.0,4.0,0.5357142857142857,0.8279227682307734,45.0,4.0,0.0,0.0,0.0,819,0.36752136752136755,0.07448107448107448,0.38217338217338215,0.32722832722832723,0.09523809523809523,0.2600732600732601,48.207196029776675,6.882783882783883
2024-05-20,0,0,0,0,0,0,0,0,0,0,0,0,2024,5,20,0,141,21,2,0,1,0,0.0,1.0,0.6551563572090853,-0.7554933140726803,0.5680647467311558,-0.8229838658936564,0.49999999999999994,-0.8660254037844387,0.0,0.0,1.0,0.0,0.0,0.0,0.0,0.0,0.0,0.0,0.42857142857142855,0.5345224838248481,3.0,1.0,0.6428571428571429,1.0818177620697824,9.0,4.0,0.5,0.8819171036881959,14.0,4.0,0.5,0.8312094145936345,28.0,4.0,0.5357142857142857,0.8279227682307734,45.0,4.0,0.0,0.0,0.0,819,0.36752136752136755,0.07448107448107448,0.38217338217338215,0.32722832722832723,0.09523809523809523,0.2600732600732601,48.207196029776675,6.882783882783883
2024-05-21,0,0,0,0,0,0,0,0,0,0,0,0,2024,5,21,1,142,21,2,0,0,0,0.7818314824680298,0.6234898018587336,0.6420547132365637,-0.766658819300159,0.5680647467311558,-0.8229838658936564,0.49999999999999994,-0.8660254037844387,0.0,0.0,0.0,1.0,0.0,1.0,0.0,0.0,0.0,0.0,0.2857142857142857,0.4879500364742661,2.0,1.0,0.6428571428571429,1.0818177620697824,9.0,4.0,0.4642857142857143,0.8811668550592587,13.0,4.0,0.5,0.8312094145936345,28.0,4.0,0.5238095238095238,0.8283557596145023,44.0,4.0,0.0,-1.0,-1.0,819,0.36752136752136755,0.07448107448107448,0.38217338217338215,0.32722832722832723,0.09523809523809523,0.2600732600732601,48.207196029776675,6.882783882783883
2024-05-22,0,0,0,0,0,0,0,0,0,0,0,0,2024,5,22,2,143,21,2,0,0,0,0.9749279121818236,-0.22252093395631434,0.6287628145958344,-0.7775971469736269,0.5680647467311558,-0.8229838658936564,0.49999999999999994,-0.8660254037844387,0.0,0.0,0.0,1.0,0.0,0.0,0.0,0.0,0.0,0.0,0.14285714285714285,0.3779644730092269,1.0,1.0,0.6428571428571429,1.0818177620697824,9.0,4.0,0.4642857142857143,0.8811668550592587,13.0,4.0,0.48214285714285715,0.8310140886798594,27.0,4.0,0.5238095238095238,0.8283557596145023,44.0,4.0,0.0,-1.0,0.0,819,0.36752136752136755,0.07448107448107448,0.38217338217338215,0.32722832722832723,0.09523809523809523,0.2600732600732601,48.207196029776675,6.882783882783883
2024-05-23,1,1,0,1,0,0,0,0,2,0,0,0,2024,5,23,3,144,21,2,0,0,0,0.43388373911755823,-0.900968867902419,0.6152845999633276,-0.7883050558305255,0.5680647467311558,-0.8229838658936564,0.49999999999999994,-0.8660254037844387,0.0,0.0,0.0,0.0,4.0,0.0,0.3333333333333333,0.5773502691896244,1.0,1.0,0.2857142857142857,0.4879500364742661,2.0,1.0,0.42857142857142855,0.5135525910130974,6.0,1.0,0.5,0.8819171036881959,14.0,4.0,0.5,0.8312094145936345,28.0,4.0,0.5357142857142857,0.8279227682307734,45.0,4.0,1.0,1.0,1.0,819,0.36752136752136755,0.07448107448107448,0.38217338217338215,0.32722832722832723,0.09523809523809523,0.2600732600732601,48.207196029776675,6.882783882783883
2024-05-24,0,0,0,0,0,0,0,0,0,0,0,0,2024,5,24,4,145,21,2,0,0,1,-0.433883739117558,-0.9009688679024191,0.6016240632249226,-0.7987793728863649,0.5680647467311558,-0.8229838658936564,0.49999999999999994,-0.8660254037844387,1.0,0.0,0.0,1.0,1.0,0.0,0.3333333333333333,0.5773502691896244,1.0,1.0,0.14285714285714285,0.377964473009227,1.0,1.0,0.35714285714285715,0.49724515809884884,5.0,1.0,0.5,0.8819171036881959,14.0,4.0,0.48214285714285715,0.8310140886798594,27.0,4.0,0.5,0.7838736067283442,42.0,4.0,-1.0,-1.0,0.0,819,0.36752136752136755,0.07448107448107448,0.38217338217338215,0.32722832722832723,0.09523809523809523,0.2600732600732601,48.207196029776675,6.882783882783883
2024-05-25,1,1,0,0,0,0,0,0,2,0,0,0,2024,5,25,5,146,21,2,1,0,0,-0.9749279121818236,-0.2225209339563146,0.5877852522924732,-0.8090169943749473,0.5680647467311558,-0.8229838658936564,0.49999999999999994,-0.8660254037844387,0.0,1.0,0.0,0.0,1.0,0.0,0.6666666666666666,0.5773502691896251,2.0,1.0,0.2857142857142857,0.4879500364742661,2.0,1.0,0.35714285714285715,0.49724515809884884,5.0,1.0,0.5357142857142857,0.8811668550592587,15.0,4.0,0.48214285714285715,0.8310140886798594,27.0,4.0,0.5,0.7838736067283442,42.0,4.0,1.0,1.0,1.0,819,0.36752136752136755,0.07448107448107448,0.38217338217338215,0.32722832722832723,0.09523809523809523,0.2600732600732601,48.207196029776675,6.882783882783883
2024-05-26,0,0,0,0,0,0,0,0,0,0,0,0,2024,5,26,6,147,21,2,1,0,0,-0.7818314824680299,0.6234898018587334,0.5737722679043246,-0.8190148866680801,0.5680647467311558,-0.8229838658936564,0.49999999999999994,-0.8660254037844387,1.0,0.0,1.0,0.0,0.0,1.0,0.3333333333333333,0.5773502691896244,1.0,1.0,0.2857142857142857,0.4879500364742661,2.0,1.0,0.35714285714285715,0.49724515809884884,5.0,1.0,0.5,0.8819171036881959,14.0,4.0,0.48214285714285715,0.8310140886798594,27.0,4.0,0.4880952380952381,0.7837821128725637,41.0,4.0,-1.0,0.0,-1.0,819,0.36752136752136755,0.07448107448107448,0.38217338217338215,0.32722832722832723,0.09523809523809523,0.2600732600732601,48.207196029776675,6.882783882783883
2024-05-27,0,0,0,0,0,0,0,0,0,0,0,0,2024,5,27,0,148,22,2,0,1,0,0.0,1.0,0.5595892624101765,-0.8287700871745038,0.46472317204376906,-0.8854560256532096,0.49999999999999994,-0.8660254037844387,0.0,1.0,0.0,0.0,0.0,1.0,0.3333333333333333,0.5773502691896244,1.0,1.0,0.2857142857142857,0.4879500364742661,2.0,1.0,0.35714285714285715,0.49724515809884884,5.0,1.0,0.4642857142857143,0.8811668550592587,13.0,4.0,0.48214285714285715,0.8310140886798594,27.0,4.0,0.47619047619047616,0.7835075672002236,40.0,4.0,0.0,0.0,-1.0,819,0.36752136752136755,0.07448107448107448,0.38217338217338215,0.32722832722832723,0.09523809523809523,0.2600732600732601,48.207196029776675,6.882783882783883
2024-05-28,0,0,0,0,0,0,0,0,0,0,0,0,2024,5,28,1,149,22,2,0,0,0,0.7818314824680298,0.6234898018587336,0.545240438540651,-0.8382797052177744,0.46472317204376906,-0.8854560256532096,0.49999999999999994,-0.8660254037844387,0.0,0.0,1.0,0.0,1.0,0.0,0.0,0.0,0.0,0.0,0.2857142857142857,0.4879500364742661,2.0,1.0,0.2857142857142857,0.4688072309384974,4.0,1.0,0.4642857142857143,0.8811668550592587,13.0,4.0,0.4642857142857143,0.8304278352815441,26.0,4.0,0.4642857142857143,0.7830497771715415,39.0,4.0,0.0,0.0,0.0,819,0.36752136752136755,0.07448107448107448,0.38217338217338215,0.32722832722832723,0.09523809523809523,0.2600732600732601,48.207196029776675,6.882783882783883
2024-05-29,1,0,0,0,0,0,0,0,2,0,0,1,2024,5,29,2,150,22,2,0,0,0,0.9749279121818236,-0.22252093395631434,0.5307300481619334,-0.8475409228928311,0.46472317204376906,-0.8854560256532096,0.49999999999999994,-0.8660254037844387,0.0,0.0,0.0,0.0,1.0,2.0,0.3333333333333333,0.5773502691896244,1.0,1.0,0.42857142857142855,0.5345224838248481,3.0,1.0,0.2857142857142857,0.4688072309384974,4.0,1.0,0.42857142857142855,0.8357108940373439,12.0,4.0,0.48214285714285715,0.8310140886798594,27.0,4.0,0.47619047619047616,0.7835075672002236,40.0,4.0,1.0,1.0,-1.0,819,0.36752136752136755,0.07448107448107448,0.38217338217338215,0.32722832722832723,0.09523809523809523,0.2600732600732601,48.207196029776675,6.882783882783883
2024-05-30,2,0,0,0,0,0,0,0,4,0,0,0,2024,5,30,3,151,22,2,0,0,0,0.43388373911755823,-0.900968867902419,0.5160623910158528,-0.8565509959010036,0.46472317204376906,-0.8854560256532096,0.49999999999999994,-0.8660254037844387,1.0,0.0,0.0,1.0,0.0,0.0,1.0,1.0,3.0,2.0,0.5714285714285714,0.7867957924694425,4.0,2.0,0.42857142857142855,0.6462061726588655,6.0,2.0,0.5,0.8819171036881959,14.0,4.0,0.5178571428571429,0.8526124863899506,29.0,4.0,0.4880952380952381,0.7990061238821321,41.0,4.0,1.0,1.0,2.0,819,0.36752136752136755,0.07448107448107448,0.38217338217338215,0.32722832722832723,0.09523809523809523,0.2600732600732601,48.207196029776675,6.882783882783883
2024-05-31,0,0,0,0,0,0,0,0,0,0,0,0,2024,5,31,4,152,22,2,0,0,1,-0.433883739117558,-0.9009688679024191,0.5012418134457758,-0.865307254363206,0.46472317204376906,-0.8854560256532096,0.49999999999999994,-0.8660254037844387,2.0,1.0,0.0,0.0,1.0,0.0,1.0,1.0,3.0,2.0,0.5714285714285714,0.7867957924694425,4.0,2.0,0.35714285714285715,0.6333236937766523,5.0,2.0,0.5,0.8819171036881959,14.0,4.0,0.5178571428571429,0.8526124863899506,29.0,4.0,0.4642857142857143,0.7830497771715415,39.0,4.0,-2.0,0.0,0.0,819,0.36752136752136755,0.07448107448107448,0.38217338217338215,0.32722832722832723,0.09523809523809523,0.2600732600732601,48.207196029776675,6.882783882783883
2024-06-01,0,0,0,0,0,0,0,0,0,0,0,0,2024,6,1,5,153,22,2,1,0,0,-0.9749279121818236,-0.2225209339563146,0.48627270710868997,-0.8738071036110808,0.46472317204376906,-0.8854560256532096,1.2246467991473532e-16,-1.0,0.0,2.0,1.0,1.0,0.0,0.0,0.6666666666666666,1.1547005383792512,2.0,2.0,0.42857142857142855,0.7867957924694426,3.0,2.0,0.35714285714285715,0.6333236937766523,5.0,2.0,0.5,0.8819171036881959,14.0,4.0,0.48214285714285715,0.8310140886798594,27.0,4.0,0.4642857142857143,0.7830497771715415,39.0,4.0,0.0,-1.0,0.0,819,0.36752136752136755,0.07448107448107448,0.38217338217338215,0.32722832722832723,0.09523809523809523,0.2600732600732601,48.207196029776675,6.882783882783883
2024-06-02,0,0,0,0,0,0,0,0,0,0,0,0,2024,6,2,6,154,22,2,1,0,0,-0.7818314824680299,0.6234898018587334,0.4711595076738638,-0.8820480249558537,0.46472317204376906,-0.8854560256532096,1.2246467991473532e-16,-1.0,0.0,0.0,2.0,0.0,0.0,0.0,0.0,0.0,0.0,0.0,0.42857142857142855,0.7867957924694426,3.0,2.0,0.35714285714285715,0.6333236937766523,5.0,2.0,0.5,0.8819171036881959,14.0,4.0,0.48214285714285715,0.8310140886798594,27.0,4.0,0.4642857142857143,0.7830497771715415,39.0,4.0,0.0,0.0,0.0,819,0.36752136752136755,0.07448107448107448,0.38217338217338215,0.32722832722832723,0.09523809523809523,0.2600732600732601,48.207196029776675,6.882783882783883
2024-06-03,0,0,0,0,0,0,0,0,0,0,0,0,2024,6,3,0,155,23,2,0,1,0,0.0,1.0,0.4559066935084588,-0.8900275764346767,0.35460488704253584,-0.9350162426854147,1.2246467991473532e-16,-1.0,0.0,0.0,0.0,0.0,0.0,0.0,0.0,0.0,0.0,0.0,0.42857142857142855,0.7867957924694426,3.0,2.0,0.35714285714285715,0.6333236937766523,5.0,2.0,0.5,0.8819171036881959,14.0,4.0,0.48214285714285715,0.8310140886798594,27.0,4.0,0.4642857142857143,0.7830497771715415,39.0,4.0,0.0,0.0,0.0,819,0.36752136752136755,0.07448107448107448,0.38217338217338215,0.32722832722832723,0.09523809523809523,0.2600732600732601,48.207196029776675,6.882783882783883
2024-06-04,0,0,0,0,0,0,0,0,0,0,0,0,2024,6,4,1,156,23,2,0,0,0,0.7818314824680298,0.6234898018587336,0.440518784350495,-0.8977433935342337,0.35460488704253584,-0.9350162426854147,1.2246467991473532e-16,-1.0,0.0,0.0,0.0,0.0,0.0,0.0,0.0,0.0,0.0,0.0,0.42857142857142855,0.7867957924694426,3.0,2.0,0.35714285714285715,0.6333236937766523,5.0,2.0,0.5,0.8819171036881959,14.0,4.0,0.48214285714285715,0.8310140886798594,27.0,4.0,0.4642857142857143,0.7830497771715415,39.0,4.0,0.0,0.0,0.0,819,0.36752136752136755,0.07448107448107448,0.38217338217338215,0.32722832722832723,0.09523809523809523,0.2600732600732601,48.207196029776675,6.882783882783883
2024-06-05,3,2,0,1,0,0,0,0,5,0,0,0,2024,6,5,2,157,23,2,0,0,0,0.9749279121818236,-0.22252093395631434,0.42500033996955416,-0.9051931898913974,0.35460488704253584,-0.9350162426854147,1.2246467991473532e-16,-1.0,0.0,0.0,0.0,1.0,0.0,0.0,1.0,1.7320508075688772,3.0,3.0,0.7142857142857143,1.253566341056017,5.0,3.0,0.5714285714285714,0.9376144618769919,8.0,3.0,0.6071428571428571,0.994029797388004,17.0,4.0,0.5357142857142857,0.8937009000226531,30.0,4.0,0.5,0.8287019898321765,42.0,4.0,3.0,2.0,3.0,819,0.36752136752136755,0.07448107448107448,0.38217338217338215,0.32722832722832723,0.09523809523809523,0.2600732600732601,48.207196029776675,6.882783882783883
2024-06-06,1,0,0,1,0,0,0,0,2,0,0,0,2024,6,6,3,158,23,2,0,0,0,0.43388373911755823,-0.900968867902419,0.4093559588156213,-0.9123747579707273,0.35460488704253584,-0.9350162426854147,1.2246467991473532e-16,-1.0,3.0,0.0,0.0,2.0,1.0,4.0,1.3333333333333333,1.5275252316519468,4.0,3.0,0.5714285714285714,1.133893419027681,4.0,3.0,0.5714285714285714,0.9376144618769919,8.0,3.0,0.5,0.7453559924999287,14.0,3.0,0.5357142857142857,0.8937009000226531,30.0,4.0,0.5119047619047619,0.8286154458405215,43.0,4.0,-2.0,-1.0,-3.0,819,0.36752136752136755,0.07448107448107448,0.38217338217338215,0.32722832722832723,0.09523809523809523,0.2600732600732601,48.207196029776675,6.882783882783883
2024-06-07,0,0,0,0,0,0,0,0,0,0,0,0,2024,6,7,4,159,23,2,0,0,1,-0.433883739117558,-0.9009688679024191,0.39359027665646673,-0.9192859697186104,0.35460488704253584,-0.9350162426854147,1.2246467991473532e-16,-1.0,1.0,3.0,0.0,0.0,0.0,1.0,1.3333333333333333,1.5275252316519468,4.0,3.0,0.5714285714285714,1.133893419027681,4.0,3.0,0.5714285714285714,0.9376144618769919,8.0,3.0,0.4642857142857143,0.7444681351359522,13.0,3.0,0.5357142857142857,0.8937009000226531,30.0,4.0,0.4880952380952381,0.8139454352371033,41.0,4.0,-1.0,0.0,-1.0,819,0.36752136752136755,0.07448107448107448,0.38217338217338215,0.32722832722832723,0.09523809523809523,0.2600732600732601,48.207196029776675,6.882783882783883
2024-06-08,0,0,0,0,0,0,0,0,0,0,0,0,2024,6,8,5,160,23,2,1,0,0,-0.9749279121818236,-0.2225209339563146,0.3777079652039649,-0.9259247771938498,0.35460488704253584,-0.9350162426854147,1.2246467991473532e-16,-1.0,0.0,1.0,3.0,0.0,1.0,1.0,0.3333333333333333,0.5773502691896247,1.0,1.0,0.5714285714285714,1.133893419027681,4.0,3.0,0.5,0.9405399431259613,7.0,3.0,0.42857142857142855,0.7417981870189145,12.0,3.0,0.5178571428571429,0.8942456735569517,29.0,4.0,0.4880952380952381,0.8139454352371033,41.0,4.0,0.0,0.0,-1.0,819,0.36752136752136755,0.07448107448107448,0.38217338217338215,0.32722832722832723,0.09523809523809523,0.2600732600732601,48.207196029776675,6.882783882783883
2024-06-09,0,0,0,0,0,0,0,0,0,0,0,0,2024,6,9,6,161,23,2,1,0,0,-0.7818314824680299,0.6234898018587334,0.36171373072976765,-0.9322892131745133,0.35460488704253584,-0.9350162426854147,1.2246467991473532e-16,-1.0,0.0,0.0,1.0,0.0,0.0,0.0,0.0,0.0,0.0,0.0,0.5714285714285714,1.133893419027681,4.0,3.0,0.5,0.9405399431259613,7.0,3.0,0.42857142857142855,0.7417981870189145,12.0,3.0,0.5178571428571429,0.8942456735569517,29.0,4.0,0.4880952380952381,0.8139454352371033,41.0,4.0,0.0,0.0,0.0,819,0.36752136752136755,0.07448107448107448,0.38217338217338215,0.32722832722832723,0.09523809523809523,0.2600732600732601,48.207196029776675,6.882783882783883
2024-06-10,0,0,0,0,0,0,0,0,0,0,0,0,2024,6,10,0,162,24,2,0,1,0,0.0,1.0,0.3456123126707335,-0.9383773917408641,0.23931566428755768,-0.970941817426052,1.2246467991473532e-16,-1.0,0.0,0.0,0.0,0.0,0.0,0.0,0.0,0.0,0.0,0.0,0.5714285714285714,1.133893419027681,4.0,3.0,0.5,0.9405399431259613,7.0,3.0,0.42857142857142855,0.7417981870189145,12.0,3.0,0.5178571428571429,0.8942456735569517,29.0,4.0,0.4880952380952381,0.8139454352371033,41.0,4.0,0.0,0.0,0.0,819,0.36752136752136755,0.07448107448107448,0.38217338217338215,0.32722832722832723,0.09523809523809523,0.2600732600732601,48.207196029776675,6.882783882783883
2024-06-11,1,0,0,0,0,2,0,1,3,0,0,0,2024,6,11,1,163,24,2,0,0,0,0.7818314824680298,0.6234898018587336,0.3294084822245304,-0.9441875088341993,0.23931566428755768,-0.970941817426052,1.2246467991473532e-16,-1.0,0.0,0.0,0.0,0.0,0.0,1.0,0.3333333333333333,0.5773502691896247,1.0,1.0,0.7142857142857143,1.1126972805283728,5.0,3.0,0.5714285714285714,0.9376144618769919,8.0,3.0,0.42857142857142855,0.7417981870189145,12.0,3.0,0.48214285714285715,0.8310140886798594,27.0,4.0,0.47619047619047616,0.7987368110974863,40.0,4.0,1.0,1.0,0.0,819,0.36752136752136755,0.07448107448107448,0.38217338217338215,0.32722832722832723,0.09523809523809523,0.2600732600732601,48.207196029776675,6.882783882783883
2024-06-12,1,0,0,0,0,0,0,0,3,0,0,1,2024,6,12,2,164,24,2,0,0,0,0.9749279121818236,-0.22252093395631434,0.3131070409358269,-0.9497178427914316,0.23931566428755768,-0.970941817426052,1.2246467991473532e-16,-1.0,1.0,0.0,0.0,3.0,1.0,1.0,0.6666666666666666,0.5773502691896253,2.0,1.0,0.42857142857142855,0.5345224838248478,3.0,1.0,0.5714285714285714,0.9376144618769919,8.0,3.0,0.42857142857142855,0.7417981870189145,12.0,3.0,0.5,0.8312094145936345,28.0,4.0,0.4880952380952381,0.799006123882132,41.0,4.0,0.0,-2.0,0.0,819,0.36752136752136755,0.07448107448107448,0.38217338217338215,0.32722832722832723,0.09523809523809523,0.2600732600732601,48.207196029776675,6.882783882783883
2024-06-13,0,0,0,0,0,0,0,0,0,0,0,0,2024,6,13,3,165,24,2,0,0,0,0.43388373911755823,-0.900968867902419,0.29671281927349075,-0.9549667548552551,0.23931566428755768,-0.970941817426052,1.2246467991473532e-16,-1.0,1.0,1.0,0.0,1.0,2.0,0.0,0.6666666666666666,0.5773502691896253,2.0,1.0,0.2857142857142857,0.4879500364742657,2.0,1.0,0.42857142857142855,0.8516306272526412,6.0,3.0,0.42857142857142855,0.7417981870189145,12.0,3.0,0.5,0.8312094145936345,28.0,4.0,0.4880952380952381,0.799006123882132,41.0,4.0,-1.0,-1.0,0.0,819,0.36752136752136755,0.07448107448107448,0.38217338217338215,0.32722832722832723,0.09523809523809523,0.2600732600732601,48.207196029776675,6.882783882783883
2024-06-14,2,1,0,1,0,0,0,0,4,0,0,0,2024,6,14,4,166,24,2,0,0,1,-0.433883739117558,-0.9009688679024191,0.28023067519921585,-0.9599326896597447,0.23931566428755768,-0.970941817426052,1.2246467991473532e-16,-1.0,0.0,1.0,1.0,0.0,0.0,1.0,1.0,1.0000000000000002,3.0,2.0,0.5714285714285714,0.7867957924694423,4.0,2.0,0.5714285714285714,0.9376144618769918,8.0,3.0,0.4642857142857143,0.7926581093427837,13.0,3.0,0.5178571428571429,0.8526124863899506,29.0,4.0,0.5119047619047619,0.8139454352371034,43.0,4.0,2.0,2.0,1.0,819,0.36752136752136755,0.07448107448107448,0.38217338217338215,0.32722832722832723,0.09523809523809523,0.2600732600732601,48.207196029776675,6.882783882783883
2024-06-15,1,0,0,0,0,0,0,0,2,0,0,0,2024,6,15,5,167,24,2,1,0,0,-0.9749279121818236,-0.2225209339563146,0.26366549272800704,-0.9646141756912435,0.23931566428755768,-0.970941817426052,1.2246467991473532e-16,-1.0,2.0,0.0,1.0,0.0,0.0,0.0,1.0,1.0000000000000002,3.0,2.0,0.7142857142857143,0.7559289460184535,5.0,2.0,0.6428571428571429,0.928782731664066,9.0,3.0,0.5,0.793492047615871,14.0,3.0,0.5,0.8312094145936345,28.0,4.0,0.5119047619047619,0.8139454352371034,43.0,4.0,-1.0,1.0,1.0,819,0.36752136752136755,0.07448107448107448,0.38217338217338215,0.32722832722832723,0.09523809523809523,0.2600732600732601,48.207196029776675,6.882783882783883
2024-06-16,0,0,0,0,0,0,0,0,0,0,0,0,2024,6,16,6,168,24,2,1,0,0,-0.7818314824680299,0.6234898018587334,0.24702218048093552,-0.9690098257244062,0.23931566428755768,-0.970941817426052,1.2246467991473532e-16,-1.0,1.0,2.0,0.0,0.0,0.0,0.0,1.0,1.0000000000000002,3.0,2.0,0.7142857142857143,0.7559289460184535,5.0,2.0,0.6428571428571429,0.928782731664066,9.0,3.0,0.5,0.793492047615871,14.0,3.0,0.5,0.8312094145936345,28.0,4.0,0.5119047619047619,0.8139454352371034,43.0,4.0,-1.0,0.0,0.0,819,0.36752136752136755,0.07448107448107448,0.38217338217338215,0.32722832722832723,0.09523809523809523,0.2600732600732601,48.207196029776675,6.882783882783883
2024-06-17,0,0,0,0,0,0,0,0,0,0,0,0,2024,6,17,0,169,25,2,0,1,0,0.0,1.0,0.23030567023061221,-0.9731183372332619,0.12053668025532308,-0.992708874098054,1.2246467991473532e-16,-1.0,0.0,1.0,2.0,0.0,0.0,0.0,0.3333333333333333,0.5773502691896251,1.0,1.0,0.7142857142857143,0.7559289460184535,5.0,2.0,0.6428571428571429,0.928782731664066,9.0,3.0,0.5,0.793492047615871,14.0,3.0,0.5,0.8312094145936345,28.0,4.0,0.5,0.8140335388727176,42.0,4.0,0.0,0.0,0.0,819,0.36752136752136755,0.07448107448107448,0.38217338217338215,0.32722832722832723,0.09523809523809523,0.2600732600732601,48.207196029776675,6.882783882783883
2024-06-18,0,0,0,0,0,0,0,0,0,0,0,0,2024,6,18,1,170,25,2,0,0,0,0.7818314824680298,0.6234898018587336,0.21352091543979612,-0.9769384927771817,0.12053668025532308,-0.992708874098054,1.2246467991473532e-16,-1.0,0.0,0.0,1.0,1.0,0.0,0.0,0.0,0.0,0.0,0.0,0.5714285714285714,0.7867957924694423,4.0,2.0,0.6428571428571429,0.928782731664066,9.0,3.0,0.5,0.793492047615871,14.0,3.0,0.48214285714285715,0.8310140886798594,27.0,4.0,0.5,0.8140335388727176,42.0,4.0,0.0,-1.0,0.0,819,0.36752136752136755,0.07448107448107448,0.38217338217338215,0.32722832722832723,0.09523809523809523,0.2600732600732601,48.207196029776675,6.882783882783883
2024-06-19,0,0,0,0,0,0,0,0,0,0,0,0,2024,6,19,2,171,25,2,0,0,0,0.9749279121818236,-0.22252093395631434,0.19667288979357647,-0.980469160361632,0.12053668025532308,-0.992708874098054,1.2246467991473532e-16,-1.0,0.0,0.0,0.0,1.0,3.0,0.0,0.0,0.0,0.0,0.0,0.42857142857142855,0.7867957924694424,3.0,2.0,0.42857142857142855,0.6462061726588654,6.0,2.0,0.5,0.793492047615871,14.0,3.0,0.48214285714285715,0.8310140886798594,27.0,4.0,0.4880952380952381,0.8139454352371034,41.0,4.0,0.0,-1.0,0.0,819,0.36752136752136755,0.07448107448107448,0.38217338217338215,0.32722832722832723,0.09523809523809523,0.2600732600732601,48.207196029776675,6.882783882783883
2024-06-20,1,0,0,0,0,0,0,0,2,0,0,0,2024,6,20,3,172,25,2,0,0,0,0.43388373911755823,-0.900968867902419,0.1797665857255624,-0.9837092937736097,0.12053668025532308,-0.992708874098054,1.2246467991473532e-16,-1.0,0.0,0.0,0.0,0.0,1.0,1.0,0.3333333333333333,0.5773502691896251,1.0,1.0,0.5714285714285714,0.7867957924694423,4.0,2.0,0.42857142857142855,0.6462061726588654,6.0,2.0,0.5,0.793492047615871,14.0,3.0,0.5,0.8312094145936345,28.0,4.0,0.5,0.8140335388727176,42.0,4.0,1.0,1.0,0.0,819,0.36752136752136755,0.07448107448107448,0.38217338217338215,0.32722832722832723,0.09523809523809523,0.2600732600732601,48.207196029776675,6.882783882783883
2024-06-21,0,0,0,0,0,0,0,0,0,0,0,0,2024,6,21,4,173,25,2,0,0,1,-0.433883739117558,-0.9009688679024191,0.16280701293851715,-0.986657932891657,0.12053668025532308,-0.992708874098054,1.2246467991473532e-16,-1.0,1.0,0.0,0.0,2.0,0.0,0.0,0.3333333333333333,0.5773502691896251,1.0,1.0,0.2857142857142857,0.4879500364742656,2.0,1.0,0.42857142857142855,0.6462061726588654,6.0,2.0,0.5,0.793492047615871,14.0,3.0,0.5,0.8312094145936345,28.0,4.0,0.4880952380952381,0.8139454352371034,41.0,4.0,-1.0,-2.0,0.0,819,0.36752136752136755,0.07448107448107448,0.38217338217338215,0.32722832722832723,0.09523809523809523,0.2600732600732601,48.207196029776675,6.882783882783883
2024-06-22,0,0,0,0,0,0,0,0,0,0,0,0,2024,6,22,5,174,25,2,1,0,0,-0.9749279121818236,-0.2225209339563146,0.1457991969198751,-0.9893142039703663,0.12053668025532308,-0.992708874098054,1.2246467991473532e-16,-1.0,0.0,1.0,0.0,1.0,0.0,1.0,0.3333333333333333,0.5773502691896251,1.0,1.0,0.14285714285714285,0.3779644730092262,1.0,1.0,0.42857142857142855,0.6462061726588654,6.0,2.0,0.4642857142857143,0.7926581093427837,13.0,3.0,0.5,0.8312094145936345,28.0,4.0,0.47619047619047616,0.8136810670922301,40.0,4.0,0.0,-1.0,-1.0,819,0.36752136752136755,0.07448107448107448,0.38217338217338215,0.32722832722832723,0.09523809523809523,0.2600732600732601,48.207196029776675,6.882783882783883
2024-06-23,0,0,0,0,0,0,0,0,0,0,0,0,2024,6,23,6,175,25,2,1,0,0,-0.7818314824680299,0.6234898018587334,0.12874817745258132,-0.99167731989929,0.12053668025532308,-0.992708874098054,1.2246467991473532e-16,-1.0,0.0,0.0,1.0,0.0,0.0,0.0,0.0,0.0,0.0,0.0,0.14285714285714285,0.3779644730092262,1.0,1.0,0.42857142857142855,0.6462061726588654,6.0,2.0,0.4642857142857143,0.7926581093427837,13.0,3.0,0.48214285714285715,0.8310140886798594,27.0,4.0,0.47619047619047616,0.8136810670922301,40.0,4.0,0.0,0.0,0.0,819,0.36752136752136755,0.07448107448107448,0.38217338217338215,0.32722832722832723,0.09523809523809523,0.2600732600732601,48.207196029776675,6.882783882783883
2024-06-24,0,0,0,0,0,0,0,0,0,0,0,0,2024,6,24,0,176,26,2,0,1,0,0.0,1.0,0.11165900712169512,-0.993746580436178,-3.216245299353273e-16,-1.0,1.2246467991473532e-16,-1.0,0.0,0.0,0.0,0.0,0.0,0.0,0.0,0.0,0.0,0.0,0.14285714285714285,0.3779644730092262,1.0,1.0,0.42857142857142855,0.6462061726588654,6.0,2.0,0.4642857142857143,0.7926581093427837,13.0,3.0,0.4642857142857143,0.8304278352815441,26.0,4.0,0.47619047619047616,0.8136810670922301,40.0,4.0,0.0,0.0,0.0,819,0.36752136752136755,0.07448107448107448,0.38217338217338215,0.32722832722832723,0.09523809523809523,0.2600732600732601,48.207196029776675,6.882783882783883
2024-06-25,0,0,0,0,0,0,0,0,0,0,0,0,2024,6,25,1,177,26,2,0,0,0,0.7818314824680298,0.6234898018587336,0.09453674981719912,-0.9955213724144752,-3.216245299353273e-16,-1.0,1.2246467991473532e-16,-1.0,0.0,0.0,0.0,0.0,1.0,0.0,0.0,0.0,0.0,0.0,0.14285714285714285,0.3779644730092262,1.0,1.0,0.35714285714285715,0.6333236937766523,5.0,2.0,0.4642857142857143,0.7926581093427837,13.0,3.0,0.4642857142857143,0.8304278352815441,26.0,4.0,0.4642857142857143,0.8132402625379158,39.0,4.0,0.0,0.0,0.0,819,0.36752136752136755,0.07448107448107448,0.38217338217338215,0.32722832722832723,0.09523809523809523,0.2600732600732601,48.207196029776675,6.882783882783883
2024-06-26,0,0,0,0,0,0,0,0,0,0,0,0,2024,6,26,2,178,26,2,0,0,0,0.9749279121818236,-0.22252093395631434,0.07738647923346301,-0.9970011699250151,-3.216245299353273e-16,-1.0,1.2246467991473532e-16,-1.0,0.0,0.0,0.0,0.0,1.0,1.0,0.0,0.0,0.0,0.0,0.14285714285714285,0.3779644730092262,1.0,1.0,0.2857142857142857,0.6112498455021279,4.0,2.0,0.42857142857142855,0.7901510136288016,12.0,3.0,0.42857142857142855,0.8058229640253812,24.0,4.0,0.4642857142857143,0.8132402625379158,39.0,4.0,0.0,0.0,-1.0,819,0.36752136752136755,0.07448107448107448,0.38217338217338215,0.32722832722832723,0.09523809523809523,0.2600732600732601,48.207196029776675,6.882783882783883
2024-06-27,1,0,0,0,0,1,0,1,1,0,0,0,2024,6,27,3,179,26,2,0,0,0,0.43388373911755823,-0.900968867902419,0.06021327736579302,-0.9981855344718586,-3.216245299353273e-16,-1.0,1.2246467991473532e-16,-1.0,0.0,0.0,0.0,1.0,0.0,2.0,0.3333333333333333,0.5773502691896251,1.0,1.0,0.14285714285714285,0.3779644730092262,1.0,1.0,0.35714285714285715,0.6333236937766523,5.0,2.0,0.39285714285714285,0.7373267889143807,11.0,3.0,0.44642857142857145,0.8072319224506537,25.0,4.0,0.47619047619047616,0.8136810670922301,40.0,4.0,1.0,0.0,-1.0,819,0.36752136752136755,0.07448107448107448,0.38217338217338215,0.32722832722832723,0.09523809523809523,0.2600732600732601,48.207196029776675,6.882783882783883
2024-06-28,3,0,0,0,0,0,0,0,8,0,0,1,2024,6,28,4,180,26,2,0,0,1,-0.433883739117558,-0.9009688679024191,0.04302223300453059,-0.99907411510223,-3.216245299353273e-16,-1.0,1.2246467991473532e-16,-1.0,1.0,0.0,0.0,0.0,2.0,0.0,1.3333333333333333,1.527525231651947,4.0,3.0,0.5714285714285714,1.133893419027681,4.0,3.0,0.42857142857142855,0.8516306272526412,6.0,3.0,0.5,0.8819171036881958,14.0,3.0,0.5,0.8738628975053039,28.0,4.0,0.5119047619047619,0.8572026179205379,43.0,4.0,2.0,3.0,3.0,819,0.36752136752136755,0.07448107448107448,0.38217338217338215,0.32722832722832723,0.09523809523809523,0.2600732600732601,48.207196029776675,6.882783882783883
2024-06-29,0,0,0,0,0,0,0,0,0,0,0,0,2024,6,29,5,181,26,2,1,0,0,-0.9749279121818236,-0.2225209339563146,0.02581844022713308,-0.9996666485105112,-3.216245299353273e-16,-1.0,1.2246467991473532e-16,-1.0,3.0,1.0,0.0,0.0,1.0,0.0,1.3333333333333333,1.527525231651947,4.0,3.0,0.5714285714285714,1.133893419027681,4.0,3.0,0.35714285714285715,0.8418973861410964,5.0,3.0,0.5,0.8819171036881958,14.0,3.0,0.5,0.8738628975053039,28.0,4.0,0.4880952380952381,0.8430302145401758,41.0,4.0,-3.0,0.0,0.0,819,0.36752136752136755,0.07448107448107448,0.38217338217338215,0.32722832722832723,0.09523809523809523,0.2600732600732601,48.207196029776675,6.882783882783883
2024-06-30,0,0,0,0,0,0,0,0,0,0,0,0,2024,6,30,6,182,26,2,1,0,0,-0.7818314824680299,0.6234898018587334,0.008606996888688698,-0.9999629591162655,-3.216245299353273e-16,-1.0,1.2246467991473532e-16,-1.0,0.0,3.0,1.0,0.0,0.0,0.0,1.0,1.7320508075688774,3.0,3.0,0.5714285714285714,1.133893419027681,4.0,3.0,0.35714285714285715,0.8418973861410964,5.0,3.0,0.5,0.8819171036881958,14.0,3.0,0.5,0.8738628975053039,28.0,4.0,0.4880952380952381,0.8430302145401758,41.0,4.0,0.0,0.0,0.0,819,0.36752136752136755,0.07448107448107448,0.38217338217338215,0.32722832722832723,0.09523809523809523,0.2600732600732601,48.207196029776675,6.882783882783883
2024-07-01,0,0,0,0,0,0,0,0,0,0,0,0,2024,7,1,0,183,27,3,0,1,0,0.0,1.0,-0.008606996888688009,-0.9999629591162655,-0.12053668025532283,-0.992708874098054,-0.4999999999999997,-0.8660254037844388,0.0,0.0,3.0,0.0,0.0,0.0,0.0,0.0,0.0,0.0,0.5714285714285714,1.133893419027681,4.0,3.0,0.35714285714285715,0.8418973861410964,5.0,3.0,0.5,0.8819171036881958,14.0,3.0,0.5,0.8738628975053039,28.0,4.0,0.4880952380952381,0.8430302145401758,41.0,4.0,0.0,0.0,0.0,819,0.36752136752136755,0.07448107448107448,0.38217338217338215,0.32722832722832723,0.09523809523809523,0.2600732600732601,48.207196029776675,6.882783882783883
2024-07-02,1,0,0,0,0,0,0,0,2,0,0,0,2024,7,2,1,184,27,3,0,0,0,0.7818314824680298,0.6234898018587336,-0.02581844022713239,-0.9996666485105112,-0.12053668025532283,-0.992708874098054,-0.4999999999999997,-0.8660254037844388,0.0,0.0,0.0,0.0,0.0,0.0,0.3333333333333333,0.5773502691896248,1.0,1.0,0.7142857142857143,1.1126972805283728,5.0,3.0,0.42857142857142855,0.8516306272526412,6.0,3.0,0.5357142857142857,0.8811668550592587,15.0,3.0,0.5178571428571429,0.8736771075813363,29.0,4.0,0.5,0.8431152788877553,42.0,4.0,1.0,1.0,1.0,819,0.36752136752136755,0.07448107448107448,0.38217338217338215,0.32722832722832723,0.09523809523809523,0.2600732600732601,48.207196029776675,6.882783882783883
2024-07-03,1,0,0,1,0,0,0,0,2,0,0,0,2024,7,3,2,185,27,3,0,0,0,0.9749279121818236,-0.22252093395631434,-0.04302223300453034,-0.99907411510223,-0.12053668025532283,-0.992708874098054,-0.4999999999999997,-0.8660254037844388,1.0,0.0,0.0,0.0,0.0,3.0,0.6666666666666666,0.5773502691896255,2.0,1.0,0.8571428571428571,1.0690449676496965,6.0,3.0,0.5,0.8548504142651114,7.0,3.0,0.4642857142857143,0.7444681351359522,13.0,3.0,0.5357142857142857,0.8731195006055378,30.0,4.0,0.5119047619047619,0.8430302145401758,43.0,4.0,0.0,1.0,-2.0,819,0.36752136752136755,0.07448107448107448,0.38217338217338215,0.32722832722832723,0.09523809523809523,0.2600732600732601,48.207196029776675,6.882783882783883
2024-07-04,0,0,0,0,0,0,0,0,0,0,0,0,2024,7,4,3,186,27,3,0,0,0,0.43388373911755823,-0.900968867902419,-0.060213277365792774,-0.9981855344718586,-0.12053668025532283,-0.992708874098054,-0.4999999999999997,-0.8660254037844388,1.0,1.0,0.0,1.0,1.0,1.0,0.6666666666666666,0.5773502691896255,2.0,1.0,0.7142857142857143,1.1126972805283728,5.0,3.0,0.42857142857142855,0.8516306272526412,6.0,3.0,0.42857142857142855,0.7417981870189145,12.0,3.0,0.4642857142857143,0.7376691969682926,26.0,3.0,0.5,0.8431152788877553,42.0,4.0,-1.0,-1.0,-1.0,819,0.36752136752136755,0.07448107448107448,0.38217338217338215,0.32722832722832723,0.09523809523809523,0.2600732600732601,48.207196029776675,6.882783882783883
2024-07-05,0,0,0,0,0,0,0,0,0,0,0,0,2024,7,5,4,187,27,3,0,0,1,-0.433883739117558,-0.9009688679024191,-0.07738647923346322,-0.9970011699250151,-0.12053668025532283,-0.992708874098054,-0.4999999999999997,-0.8660254037844388,0.0,1.0,1.0,3.0,0.0,0.0,0.3333333333333333,0.5773502691896247,1.0,1.0,0.2857142857142857,0.48795003647426544,2.0,1.0,0.42857142857142855,0.8516306272526412,6.0,3.0,0.42857142857142855,0.7417981870189145,12.0,3.0,0.44642857142857145,0.7365680332002394,25.0,3.0,0.5,0.8431152788877553,42.0,4.0,0.0,-3.0,0.0,819,0.36752136752136755,0.07448107448107448,0.38217338217338215,0.32722832722832723,0.09523809523809523,0.2600732600732601,48.207196029776675,6.882783882783883
2024-07-06,0,0,0,0,0,0,0,0,0,0,0,0,2024,7,6,5,188,27,3,1,0,0,-0.9749279121818236,-0.2225209339563146,-0.09453674981719933,-0.9955213724144752,-0.12053668025532283,-0.992708874098054,-0.4999999999999997,-0.8660254037844388,0.0,0.0,1.0,0.0,0.0,0.0,0.0,0.0,0.0,0.0,0.2857142857142857,0.48795003647426544,2.0,1.0,0.42857142857142855,0.8516306272526412,6.0,3.0,0.42857142857142855,0.7417981870189145,12.0,3.0,0.42857142857142855,0.7350236324498293,24.0,3.0,0.4880952380952381,0.8430302145401758,41.0,4.0,0.0,0.0,0.0,819,0.36752136752136755,0.07448107448107448,0.38217338217338215,0.32722832722832723,0.09523809523809523,0.2600732600732601,48.207196029776675,6.882783882783883
2024-07-07,0,0,0,0,0,0,0,0,0,0,0,0,2024,7,7,6,189,27,3,1,0,0,-0.7818314824680299,0.6234898018587334,-0.11165900712169444,-0.9937465804361781,-0.12053668025532283,-0.992708874098054,-0.4999999999999997,-0.8660254037844388,0.0,0.0,0.0,0.0,0.0,0.0,0.0,0.0,0.0,0.0,0.2857142857142857,0.48795003647426544,2.0,1.0,0.42857142857142855,0.8516306272526412,6.0,3.0,0.42857142857142855,0.7417981870189145,12.0,3.0,0.42857142857142855,0.7350236324498293,24.0,3.0,0.4880952380952381,0.8430302145401758,41.0,4.0,0.0,0.0,0.0,819,0.36752136752136755,0.07448107448107448,0.38217338217338215,0.32722832722832723,0.09523809523809523,0.2600732600732601,48.207196029776675,6.882783882783883
2024-07-08,0,0,0,0,0,0,0,0,0,0,0,0,2024,7,8,0,190,28,3,0,1,0,0.0,1.0,-0.12874817745258066,-0.99167731989929,-0.23931566428755743,-0.9709418174260521,-0.4999999999999997,-0.8660254037844388,0.0,0.0,0.0,0.0,0.0,0.0,0.0,0.0,0.0,0.0,0.2857142857142857,0.48795003647426544,2.0,1.0,0.42857142857142855,0.8516306272526412,6.0,3.0,0.42857142857142855,0.7417981870189145,12.0,3.0,0.42857142857142855,0.7350236324498293,24.0,3.0,0.4880952380952381,0.8430302145401758,41.0,4.0,0.0,0.0,0.0,819,0.36752136752136755,0.07448107448107448,0.38217338217338215,0.32722832722832723,0.09523809523809523,0.2600732600732601,48.207196029776675,6.882783882783883
2024-07-09,0,0,0,0,0,0,0,0,0,0,0,0,2024,7,9,1,191,28,3,0,0,0,0.7818314824680298,0.6234898018587336,-0.14579919691987442,-0.9893142039703664,-0.23931566428755743,-0.9709418174260521,-0.4999999999999997,-0.8660254037844388,0.0,0.0,0.0,1.0,0.0,1.0,0.0,0.0,0.0,0.0,0.14285714285714285,0.37796447300922603,1.0,1.0,0.42857142857142855,0.8516306272526412,6.0,3.0,0.39285714285714285,0.7373267889143807,11.0,3.0,0.4107142857142857,0.7330331932031889,23.0,3.0,0.4523809523809524,0.7976586506810494,38.0,4.0,0.0,-1.0,-1.0,819,0.36752136752136755,0.07448107448107448,0.38217338217338215,0.32722832722832723,0.09523809523809523,0.2600732600732601,48.207196029776675,6.882783882783883
2024-07-10,0,0,0,0,0,0,0,0,0,0,0,0,2024,7,10,2,192,28,3,0,0,0,0.9749279121818236,-0.22252093395631434,-0.16280701293851646,-0.9866579328916572,-0.23931566428755743,-0.9709418174260521,-0.4999999999999997,-0.8660254037844388,0.0,0.0,0.0,1.0,0.0,1.0,0.0,0.0,0.0,0.0,0.0,0.0,0.0,0.0,0.42857142857142855,0.8516306272526412,6.0,3.0,0.35714285714285715,0.7310208850583768,10.0,3.0,0.39285714285714285,0.7305930698865376,22.0,3.0,0.4523809523809524,0.7976586506810494,38.0,4.0,0.0,-1.0,-1.0,819,0.36752136752136755,0.07448107448107448,0.38217338217338215,0.32722832722832723,0.09523809523809523,0.2600732600732601,48.207196029776675,6.882783882783883
2024-07-11,0,0,0,0,0,0,0,0,0,0,0,0,2024,7,11,3,193,28,3,0,0,0,0.43388373911755823,-0.900968867902419,-0.17976658572556214,-0.9837092937736098,-0.23931566428755743,-0.9709418174260521,-0.4999999999999997,-0.8660254037844388,0.0,0.0,0.0,0.0,1.0,0.0,0.0,0.0,0.0,0.0,0.0,0.0,0.0,0.0,0.35714285714285715,0.8418973861410964,5.0,3.0,0.35714285714285715,0.7310208850583768,10.0,3.0,0.39285714285714285,0.7305930698865376,22.0,3.0,0.4523809523809524,0.7976586506810494,38.0,4.0,0.0,0.0,0.0,819,0.36752136752136755,0.07448107448107448,0.38217338217338215,0.32722832722832723,0.09523809523809523,0.2600732600732601,48.207196029776675,6.882783882783883
2024-07-12,0,0,0,0,0,0,0,0,0,0,0,0,2024,7,12,4,194,28,3,0,0,1,-0.433883739117558,-0.9009688679024191,-0.19667288979357622,-0.9804691603616321,-0.23931566428755743,-0.9709418174260521,-0.4999999999999997,-0.8660254037844388,0.0,0.0,0.0,0.0,3.0,2.0,0.0,0.0,0.0,0.0,0.0,0.0,0.0,0.0,0.14285714285714285,0.3631365196012836,2.0,1.0,0.2857142857142857,0.6586823467062345,8.0,3.0,0.375,0.7276987388648245,21.0,3.0,0.44047619047619047,0.796849073042951,37.0,4.0,0.0,0.0,-2.0,819,0.36752136752136755,0.07448107448107448,0.38217338217338215,0.32722832722832723,0.09523809523809523,0.2600732600732601,48.207196029776675,6.882783882783883
2024-07-13,0,0,0,0,0,0,0,0,0,0,0,0,2024,7,13,5,195,28,3,1,0,0,-0.9749279121818236,-0.2225209339563146,-0.2135209154397959,-0.9769384927771817,-0.23931566428755743,-0.9709418174260521,-0.4999999999999997,-0.8660254037844388,0.0,0.0,0.0,0.0,0.0,1.0,0.0,0.0,0.0,0.0,0.0,0.0,0.0,0.0,0.14285714285714285,0.3631365196012836,2.0,1.0,0.25,0.6454972243679015,7.0,3.0,0.375,0.7276987388648245,21.0,3.0,0.4166666666666667,0.7793777767395625,35.0,4.0,0.0,0.0,-1.0,819,0.36752136752136755,0.07448107448107448,0.38217338217338215,0.32722832722832723,0.09523809523809523,0.2600732600732601,48.207196029776675,6.882783882783883
2024-07-14,1,0,0,1,0,1,0,1,2,0,0,0,2024,7,14,6,196,28,3,1,0,0,-0.7818314824680299,0.6234898018587334,-0.23030567023061196,-0.973118337233262,-0.23931566428755743,-0.9709418174260521,-0.4999999999999997,-0.8660254037844388,0.0,0.0,0.0,0.0,0.0,0.0,0.3333333333333333,0.5773502691896247,1.0,1.0,0.14285714285714285,0.37796447300922603,1.0,1.0,0.21428571428571427,0.42581531362632197,3.0,1.0,0.2857142857142857,0.6586823467062345,8.0,3.0,0.39285714285714285,0.7305930698865376,22.0,3.0,0.42857142857142855,0.7805730716196242,36.0,4.0,1.0,1.0,1.0,819,0.36752136752136755,0.07448107448107448,0.38217338217338215,0.32722832722832723,0.09523809523809523,0.2600732600732601,48.207196029776675,6.882783882783883
2024-07-15,0,0,0,0,0,0,0,0,0,0,0,0,2024,7,15,0,197,29,3,0,1,0,0.0,1.0,-0.24702218048093527,-0.9690098257244063,-0.3546048870425356,-0.9350162426854148,-0.4999999999999997,-0.8660254037844388,1.0,0.0,0.0,0.0,0.0,0.0,0.3333333333333333,0.5773502691896247,1.0,1.0,0.14285714285714285,0.37796447300922603,1.0,1.0,0.21428571428571427,0.42581531362632197,3.0,1.0,0.2857142857142857,0.6586823467062345,8.0,3.0,0.39285714285714285,0.7305930698865376,22.0,3.0,0.42857142857142855,0.7805730716196242,36.0,4.0,-1.0,0.0,0.0,819,0.36752136752136755,0.07448107448107448,0.38217338217338215,0.32722832722832723,0.09523809523809523,0.2600732600732601,48.207196029776675,6.882783882783883
2024-07-16,0,0,0,0,0,0,0,0,0,0,0,0,2024,7,16,1,198,29,3,0,0,0,0.7818314824680298,0.6234898018587336,-0.2636654927280072,-0.9646141756912435,-0.3546048870425356,-0.9350162426854148,-0.4999999999999997,-0.8660254037844388,0.0,1.0,0.0,0.0,1.0,0.0,0.3333333333333333,0.5773502691896247,1.0,1.0,0.14285714285714285,0.37796447300922603,1.0,1.0,0.14285714285714285,0.3631365196012836,2.0,1.0,0.2857142857142857,0.6586823467062345,8.0,3.0,0.39285714285714285,0.7305930698865376,22.0,3.0,0.4166666666666667,0.7793777767395625,35.0,4.0,0.0,0.0,0.0,819,0.36752136752136755,0.07448107448107448,0.38217338217338215,0.32722832722832723,0.09523809523809523,0.2600732600732601,48.207196029776675,6.882783882783883
2024-07-17,0,0,0,0,0,0,0,0,0,0,0,0,2024,7,17,2,199,29,3,0,0,0,0.9749279121818236,-0.22252093395631434,-0.2802306751992161,-0.9599326896597445,-0.3546048870425356,-0.9350162426854148,-0.4999999999999997,-0.8660254037844388,0.0,0.0,1.0,0.0,1.0,0.0,0.0,0.0,0.0,0.0,0.14285714285714285,0.37796447300922603,1.0,1.0,0.07142857142857142,0.2672612419124273,1.0,1.0,0.2857142857142857,0.6586823467062345,8.0,3.0,0.39285714285714285,0.7305930698865376,22.0,3.0,0.4166666666666667,0.7793777767395625,35.0,4.0,0.0,0.0,0.0,819,0.36752136752136755,0.07448107448107448,0.38217338217338215,0.32722832722832723,0.09523809523809523,0.2600732600732601,48.207196029776675,6.882783882783883
2024-07-18,0,0,0,0,0,0,0,0,0,0,0,0,2024,7,18,3,200,29,3,0,0,0,0.43388373911755823,-0.900968867902419,-0.2967128192734901,-0.9549667548552553,-0.3546048870425356,-0.9350162426854148,-0.4999999999999997,-0.8660254037844388,0.0,0.0,0.0,0.0,0.0,1.0,0.0,0.0,0.0,0.0,0.14285714285714285,0.37796447300922603,1.0,1.0,0.07142857142857142,0.2672612419124273,1.0,1.0,0.25,0.6454972243679015,7.0,3.0,0.375,0.7276987388648245,21.0,3.0,0.4166666666666667,0.7793777767395625,35.0,4.0,0.0,0.0,-1.0,819,0.36752136752136755,0.07448107448107448,0.38217338217338215,0.32722832722832723,0.09523809523809523,0.2600732600732601,48.207196029776675,6.882783882783883
2024-07-19,0,0,0,0,0,0,0,0,0,0,0,0,2024,7,19,4,201,29,3,0,0,1,-0.433883739117558,-0.9009688679024191,-0.3131070409358267,-0.9497178427914317,-0.3546048870425356,-0.9350162426854148,-0.4999999999999997,-0.8660254037844388,0.0,0.0,0.0,0.0,0.0,0.0,0.0,0.0,0.0,0.0,0.14285714285714285,0.37796447300922603,1.0,1.0,0.07142857142857142,0.2672612419124273,1.0,1.0,0.25,0.6454972243679015,7.0,3.0,0.375,0.7276987388648245,21.0,3.0,0.4166666666666667,0.7793777767395625,35.0,4.0,0.0,0.0,0.0,819,0.36752136752136755,0.07448107448107448,0.38217338217338215,0.32722832722832723,0.09523809523809523,0.2600732600732601,48.207196029776675,6.882783882783883
2024-07-20,0,0,0,0,0,0,0,0,0,0,0,0,2024,7,20,5,202,29,3,1,0,0,-0.9749279121818236,-0.2225209339563146,-0.3294084822245302,-0.9441875088341994,-0.3546048870425356,-0.9350162426854148,-0.4999999999999997,-0.8660254037844388,0.0,0.0,0.0,0.0,0.0,0.0,0.0,0.0,0.0,0.0,0.14285714285714285,0.37796447300922603,1.0,1.0,0.07142857142857142,0.2672612419124273,1.0,1.0,0.25,0.6454972243679015,7.0,3.0,0.35714285714285715,0.7243447553998899,20.0,3.0,0.4166666666666667,0.7793777767395625,35.0,4.0,0.0,0.0,0.0,819,0.36752136752136755,0.07448107448107448,0.38217338217338215,0.32722832722832723,0.09523809523809523,0.2600732600732601,48.207196029776675,6.882783882783883
2024-07-21,0,0,0,0,0,0,0,0,0,0,0,0,2024,7,21,6,203,29,3,1,0,0,-0.7818314824680299,0.6234898018587334,-0.3456123126707333,-0.9383773917408642,-0.3546048870425356,-0.9350162426854148,-0.4999999999999997,-0.8660254037844388,0.0,0.0,0.0,1.0,0.0,0.0,0.0,0.0,0.0,0.0,0.0,0.0,0.0,0.0,0.07142857142857142,0.2672612419124273,1.0,1.0,0.25,0.6454972243679015,7.0,3.0,0.35714285714285715,0.7243447553998899,20.0,3.0,0.40476190476190477,0.77799630839784,34.0,4.0,0.0,-1.0,0.0,819,0.36752136752136755,0.07448107448107448,0.38217338217338215,0.32722832722832723,0.09523809523809523,0.2600732600732601,48.207196029776675,6.882783882783883
2024-07-22,0,0,0,0,0,0,0,0,0,0,0,0,2024,7,22,0,204,30,3,0,1,0,0.0,1.0,-0.3617137307297674,-0.9322892131745134,-0.46472317204376806,-0.8854560256532101,-0.4999999999999997,-0.8660254037844388,0.0,0.0,0.0,0.0,0.0,0.0,0.0,0.0,0.0,0.0,0.0,0.0,0.0,0.0,0.07142857142857142,0.2672612419124273,1.0,1.0,0.25,0.6454972243679015,7.0,3.0,0.35714285714285715,0.7243447553998899,20.0,3.0,0.39285714285714285,0.7764276728409322,33.0,4.0,0.0,0.0,0.0,819,0.36752136752136755,0.07448107448107448,0.38217338217338215,0.32722832722832723,0.09523809523809523,0.2600732600732601,48.207196029776675,6.882783882783883
2024-07-23,0,0,0,0,0,0,0,0,0,0,0,0,2024,7,23,1,205,30,3,0,0,0,0.7818314824680298,0.6234898018587336,-0.37770796520396466,-0.9259247771938499,-0.46472317204376806,-0.8854560256532101,-0.4999999999999997,-0.8660254037844388,0.0,0.0,0.0,0.0,0.0,0.0,0.0,0.0,0.0,0.0,0.0,0.0,0.0,0.0,0.07142857142857142,0.2672612419124273,1.0,1.0,0.25,0.6454972243679015,7.0,3.0,0.35714285714285715,0.7243447553998899,20.0,3.0,0.39285714285714285,0.7764276728409322,33.0,4.0,0.0,0.0,0.0,819,0.36752136752136755,0.07448107448107448,0.38217338217338215,0.32722832722832723,0.09523809523809523,0.2600732600732601,48.207196029776675,6.882783882783883
2024-07-24,0,0,0,0,0,0,0,0,0,0,0,0,2024,7,24,2,206,30,3,0,0,0,0.9749279121818236,-0.22252093395631434,-0.39359027665646645,-0.9192859697186105,-0.46472317204376806,-0.8854560256532101,-0.4999999999999997,-0.8660254037844388,0.0,0.0,0.0,0.0,0.0,0.0,0.0,0.0,0.0,0.0,0.0,0.0,0.0,0.0,0.07142857142857142,0.2672612419124273,1.0,1.0,0.25,0.6454972243679015,7.0,3.0,0.3392857142857143,0.7205247005869027,19.0,3.0,0.36904761904761907,0.756971803278114,31.0,4.0,0.0,0.0,0.0,819,0.36752136752136755,0.07448107448107448,0.38217338217338215,0.32722832722832723,0.09523809523809523,0.2600732600732601,48.207196029776675,6.882783882783883
2024-07-25,0,0,0,0,0,0,0,0,0,0,0,0,2024,7,25,3,207,30,3,0,0,0,0.43388373911755823,-0.900968867902419,-0.4093559588156211,-0.9123747579707274,-0.46472317204376806,-0.8854560256532101,-0.4999999999999997,-0.8660254037844388,0.0,0.0,0.0,0.0,0.0,1.0,0.0,0.0,0.0,0.0,0.0,0.0,0.0,0.0,0.07142857142857142,0.2672612419124273,1.0,1.0,0.21428571428571427,0.6299407883487106,6.0,3.0,0.30357142857142855,0.6854233690247191,17.0,3.0,0.36904761904761907,0.756971803278114,31.0,4.0,0.0,0.0,-1.0,819,0.36752136752136755,0.07448107448107448,0.38217338217338215,0.32722832722832723,0.09523809523809523,0.2600732600732601,48.207196029776675,6.882783882783883
2024-07-26,3,0,0,0,0,0,0,0,6,1,1,0,2024,7,26,4,208,30,3,0,0,1,-0.433883739117558,-0.9009688679024191,-0.42500033996955394,-0.9051931898913975,-0.46472317204376806,-0.8854560256532101,-0.4999999999999997,-0.8660254037844388,0.0,0.0,0.0,0.0,0.0,3.0,1.0,1.7320508075688774,3.0,3.0,0.42857142857142855,1.133893419027681,3.0,3.0,0.2857142857142857,0.825420305855558,4.0,3.0,0.21428571428571427,0.6299407883487106,6.0,3.0,0.35714285714285715,0.772918234616443,20.0,3.0,0.40476190476190477,0.8083755482231042,34.0,4.0,3.0,3.0,0.0,819,0.36752136752136755,0.07448107448107448,0.38217338217338215,0.32722832722832723,0.09523809523809523,0.2600732600732601,48.207196029776675,6.882783882783883
2024-07-27,1,0,0,0,0,0,0,0,2,0,0,0,2024,7,27,5,209,30,3,1,0,0,-0.9749279121818236,-0.2225209339563146,-0.4405187843504952,-0.8977433935342336,-0.46472317204376806,-0.8854560256532101,-0.4999999999999997,-0.8660254037844388,3.0,0.0,0.0,0.0,0.0,0.0,1.3333333333333333,1.5275252316519472,4.0,3.0,0.5714285714285714,1.133893419027681,4.0,3.0,0.35714285714285715,0.8418973861410964,5.0,3.0,0.25,0.6454972243679015,7.0,3.0,0.375,0.7760623217710861,21.0,3.0,0.4166666666666667,0.8097051870649222,35.0,4.0,-2.0,1.0,1.0,819,0.36752136752136755,0.07448107448107448,0.38217338217338215,0.32722832722832723,0.09523809523809523,0.2600732600732601,48.207196029776675,6.882783882783883
2024-07-28,2,0,0,0,0,0,0,0,4,0,0,0,2024,7,28,6,210,30,3,1,0,0,-0.7818314824680299,0.6234898018587334,-0.455906693508459,-0.8900275764346766,-0.46472317204376806,-0.8854560256532101,-0.4999999999999997,-0.8660254037844388,1.0,3.0,0.0,0.0,1.0,0.0,2.0,1.0000000000000016,6.0,3.0,0.8571428571428571,1.214985792587911,6.0,3.0,0.42857142857142855,0.9376144618769918,6.0,3.0,0.32142857142857145,0.7228324650199178,9.0,3.0,0.4107142857142857,0.8040078180145843,23.0,3.0,0.44047619047619047,0.826535671519232,37.0,4.0,1.0,2.0,2.0,819,0.36752136752136755,0.07448107448107448,0.38217338217338215,0.32722832722832723,0.09523809523809523,0.2600732600732601,48.207196029776675,6.882783882783883
2024-07-29,0,0,0,0,0,0,0,0,0,0,0,0,2024,7,29,0,211,31,3,0,1,0,0.0,1.0,-0.47115950767386394,-0.8820480249558535,-0.5680647467311556,-0.8229838658936566,-0.4999999999999997,-0.8660254037844388,2.0,1.0,3.0,0.0,0.0,0.0,1.0,1.0000000000000002,3.0,2.0,0.8571428571428571,1.214985792587911,6.0,3.0,0.42857142857142855,0.9376144618769918,6.0,3.0,0.32142857142857145,0.7228324650199178,9.0,3.0,0.4107142857142857,0.8040078180145843,23.0,3.0,0.44047619047619047,0.826535671519232,37.0,4.0,-2.0,0.0,0.0,819,0.36752136752136755,0.07448107448107448,0.38217338217338215,0.32722832722832723,0.09523809523809523,0.2600732600732601,48.207196029776675,6.882783882783883
2024-07-30,1,0,1,0,0,0,0,0,2,0,0,1,2024,7,30,1,212,31,3,0,0,0,0.7818314824680298,0.6234898018587336,-0.4862727071086902,-0.8738071036110807,-0.5680647467311556,-0.8229838658936566,-0.4999999999999997,-0.8660254037844388,0.0,2.0,1.0,0.0,0.0,1.0,1.0,1.0000000000000002,3.0,2.0,1.0,1.1547005383792506,7.0,3.0,0.5,0.9405399431259613,7.0,3.0,0.32142857142857145,0.7228324650199178,9.0,3.0,0.42857142857142855,0.8058229640253812,24.0,3.0,0.4523809523809524,0.8273161995819069,38.0,4.0,1.0,1.0,0.0,819,0.36752136752136755,0.07448107448107448,0.38217338217338215,0.32722832722832723,0.09523809523809523,0.2600732600732601,48.207196029776675,6.882783882783883
2024-07-31,0,0,0,0,0,0,0,0,0,0,0,0,2024,7,31,2,213,31,3,0,0,0,0.9749279121818236,-0.22252093395631434,-0.5012418134457756,-0.8653072543632061,-0.5680647467311556,-0.8229838658936566,-0.4999999999999997,-0.8660254037844388,1.0,0.0,2.0,0.0,0.0,1.0,0.3333333333333333,0.5773502691896248,1.0,1.0,1.0,1.1547005383792506,7.0,3.0,0.5,0.9405399431259613,7.0,3.0,0.2857142857142857,0.7126966450997971,8.0,3.0,0.375,0.7276987388648246,21.0,3.0,0.4523809523809524,0.8273161995819069,38.0,4.0,-1.0,0.0,-1.0,819,0.36752136752136755,0.07448107448107448,0.38217338217338215,0.32722832722832723,0.09523809523809523,0.2600732600732601,48.207196029776675,6.882783882783883
2024-08-01,1,1,0,1,0,0,0,0,2,0,0,0,2024,8,1,3,214,31,3,0,0,0,0.43388373911755823,-0.900968867902419,-0.5160623910158526,-0.8565509959010037,-0.5680647467311556,-0.8229838658936566,-0.8660254037844385,-0.5000000000000004,0.0,1.0,0.0,0.0,0.0,0.0,0.6666666666666666,0.5773502691896255,2.0,1.0,1.1428571428571428,1.0690449676496965,8.0,3.0,0.5714285714285714,0.9376144618769919,8.0,3.0,0.32142857142857145,0.7228324650199178,9.0,3.0,0.375,0.7276987388648246,21.0,3.0,0.4166666666666667,0.7315330219812345,35.0,3.0,1.0,1.0,1.0,819,0.36752136752136755,0.07448107448107448,0.38217338217338215,0.32722832722832723,0.09523809523809523,0.2600732600732601,48.207196029776675,6.882783882783883
2024-08-02,0,0,0,0,0,0,0,0,0,0,0,0,2024,8,2,4,215,31,3,0,0,1,-0.433883739117558,-0.9009688679024191,-0.5307300481619331,-0.8475409228928312,-0.5680647467311556,-0.8229838658936566,-0.8660254037844385,-0.5000000000000004,1.0,0.0,1.0,3.0,0.0,0.0,0.3333333333333333,0.5773502691896248,1.0,1.0,0.7142857142857143,0.7559289460184532,5.0,2.0,0.5714285714285714,0.9376144618769919,8.0,3.0,0.32142857142857145,0.7228324650199178,9.0,3.0,0.375,0.7276987388648246,21.0,3.0,0.40476190476190477,0.7300610243357475,34.0,3.0,-1.0,-3.0,0.0,819,0.36752136752136755,0.07448107448107448,0.38217338217338215,0.32722832722832723,0.09523809523809523,0.2600732600732601,48.207196029776675,6.882783882783883
2024-08-03,2,0,0,0,0,0,0,0,3,0,0,0,2024,8,3,5,216,31,3,1,0,0,-0.9749279121818236,-0.2225209339563146,-0.5452404385406507,-0.8382797052177745,-0.5680647467311556,-0.8229838658936566,-0.8660254037844385,-0.5000000000000004,0.0,1.0,0.0,1.0,0.0,0.0,1.0,1.0000000000000002,3.0,2.0,0.8571428571428571,0.8997354108424361,6.0,2.0,0.7142857142857143,0.9944903161976948,10.0,3.0,0.39285714285714285,0.7859547491585416,11.0,3.0,0.4107142857142857,0.757430722047436,23.0,3.0,0.4166666666666667,0.7478214678592517,35.0,3.0,2.0,1.0,2.0,819,0.36752136752136755,0.07448107448107448,0.38217338217338215,0.32722832722832723,0.09523809523809523,0.2600732600732601,48.207196029776675,6.882783882783883
2024-08-04,0,0,0,0,0,0,0,0,0,0,0,0,2024,8,4,6,217,31,3,1,0,0,-0.7818314824680299,0.6234898018587334,-0.5595892624101763,-0.828770087174504,-0.5680647467311556,-0.8229838658936566,-0.8660254037844385,-0.5000000000000004,2.0,0.0,1.0,2.0,0.0,0.0,0.6666666666666666,1.1547005383792515,2.0,2.0,0.5714285714285714,0.786795792469442,4.0,2.0,0.7142857142857143,0.9944903161976948,10.0,3.0,0.39285714285714285,0.7859547491585416,11.0,3.0,0.4107142857142857,0.757430722047436,23.0,3.0,0.4166666666666667,0.7478214678592517,35.0,3.0,-2.0,-2.0,0.0,819,0.36752136752136755,0.07448107448107448,0.38217338217338215,0.32722832722832723,0.09523809523809523,0.2600732600732601,48.207196029776675,6.882783882783883
2024-08-05,0,0,0,0,0,0,0,0,0,0,0,0,2024,8,5,0,218,32,3,0,1,0,0.0,1.0,-0.5737722679043243,-0.8190148866680802,-0.663122658240795,-0.7485107481711013,-0.8660254037844385,-0.5000000000000004,0.0,2.0,0.0,0.0,0.0,0.0,0.6666666666666666,1.1547005383792515,2.0,2.0,0.5714285714285714,0.786795792469442,4.0,2.0,0.7142857142857143,0.9944903161976948,10.0,3.0,0.39285714285714285,0.7859547491585416,11.0,3.0,0.4107142857142857,0.757430722047436,23.0,3.0,0.4166666666666667,0.7478214678592517,35.0,3.0,0.0,0.0,0.0,819,0.36752136752136755,0.07448107448107448,0.38217338217338215,0.32722832722832723,0.09523809523809523,0.2600732600732601,48.207196029776675,6.882783882783883
2024-08-06,1,0,0,0,0,0,0,0,2,0,0,1,2024,8,6,1,219,32,3,0,0,0,0.7818314824680298,0.6234898018587336,-0.5877852522924734,-0.8090169943749472,-0.663122658240795,-0.7485107481711013,-0.8660254037844385,-0.5000000000000004,0.0,0.0,2.0,1.0,0.0,0.0,0.3333333333333333,0.5773502691896247,1.0,1.0,0.5714285714285714,0.786795792469442,4.0,2.0,0.7857142857142857,0.9749612559222303,11.0,3.0,0.42857142857142855,0.7901510136288016,12.0,3.0,0.4107142857142857,0.757430722047436,23.0,3.0,0.4166666666666667,0.7478214678592517,35.0,3.0,1.0,0.0,1.0,819,0.36752136752136755,0.07448107448107448,0.38217338217338215,0.32722832722832723,0.09523809523809523,0.2600732600732601,48.207196029776675,6.882783882783883
2024-08-07,0,0,0,0,0,0,0,0,0,0,0,0,2024,8,7,2,220,32,3,0,0,0,0.9749279121818236,-0.22252093395631434,-0.6016240632249227,-0.7987793728863648,-0.663122658240795,-0.7485107481711013,-0.8660254037844385,-0.5000000000000004,1.0,0.0,0.0,0.0,0.0,0.0,0.3333333333333333,0.5773502691896247,1.0,1.0,0.5714285714285714,0.786795792469442,4.0,2.0,0.7857142857142857,0.9749612559222303,11.0,3.0,0.42857142857142855,0.7901510136288016,12.0,3.0,0.39285714285714285,0.755069447223149,22.0,3.0,0.40476190476190477,0.7463815946259189,34.0,3.0,-1.0,0.0,0.0,819,0.36752136752136755,0.07448107448107448,0.38217338217338215,0.32722832722832723,0.09523809523809523,0.2600732600732601,48.207196029776675,6.882783882783883
2024-08-08,0,0,0,0,0,0,0,0,0,0,0,0,2024,8,8,3,221,32,3,0,0,0,0.43388373911755823,-0.900968867902419,-0.6152845999633277,-0.7883050558305253,-0.663122658240795,-0.7485107481711013,-0.8660254037844385,-0.5000000000000004,0.0,1.0,0.0,1.0,0.0,0.0,0.3333333333333333,0.5773502691896247,1.0,1.0,0.42857142857142855,0.7867957924694422,3.0,2.0,0.7857142857142857,0.9749612559222303,11.0,3.0,0.42857142857142855,0.7901510136288016,12.0,3.0,0.39285714285714285,0.755069447223149,22.0,3.0,0.40476190476190477,0.7463815946259189,34.0,3.0,0.0,-1.0,0.0,819,0.36752136752136755,0.07448107448107448,0.38217338217338215,0.32722832722832723,0.09523809523809523,0.2600732600732601,48.207196029776675,6.882783882783883
2024-08-09,1,1,0,1,0,0,0,0,2,0,0,0,2024,8,9,4,222,32,3,0,0,1,-0.433883739117558,-0.9009688679024191,-0.6287628145958345,-0.7775971469736268,-0.663122658240795,-0.7485107481711013,-0.8660254037844385,-0.5000000000000004,0.0,0.0,1.0,0.0,3.0,0.0,0.3333333333333333,0.5773502691896247,1.0,1.0,0.5714285714285714,0.786795792469442,4.0,2.0,0.6428571428571429,0.7449463436684932,9.0,2.0,0.4642857142857143,0.7926581093427837,13.0,3.0,0.375,0.7276987388648246,21.0,3.0,0.40476190476190477,0.7463815946259189,34.0,3.0,1.0,1.0,1.0,819,0.36752136752136755,0.07448107448107448,0.38217338217338215,0.32722832722832723,0.09523809523809523,0.2600732600732601,48.207196029776675,6.882783882783883
2024-08-10,0,0,0,0,0,0,0,0,0,0,0,0,2024,8,10,5,223,32,3,1,0,0,-0.9749279121818236,-0.2225209339563146,-0.6420547132365636,-0.7666588193001592,-0.663122658240795,-0.7485107481711013,-0.8660254037844385,-0.5000000000000004,1.0,0.0,0.0,2.0,1.0,0.0,0.3333333333333333,0.5773502691896247,1.0,1.0,0.2857142857142857,0.48795003647426516,2.0,1.0,0.5714285714285714,0.7559289460184557,8.0,2.0,0.4642857142857143,0.7926581093427837,13.0,3.0,0.35714285714285715,0.7243447553998899,20.0,3.0,0.40476190476190477,0.7463815946259189,34.0,3.0,-1.0,-2.0,0.0,819,0.36752136752136755,0.07448107448107448,0.38217338217338215,0.32722832722832723,0.09523809523809523,0.2600732600732601,48.207196029776675,6.882783882783883
2024-08-11,0,0,0,0,0,0,0,0,0,0,0,0,2024,8,11,6,224,32,3,1,0,0,-0.7818314824680299,0.6234898018587334,-0.655156357209085,-0.7554933140726804,-0.663122658240795,-0.7485107481711013,-0.8660254037844385,-0.5000000000000004,0.0,1.0,0.0,0.0,2.0,1.0,0.3333333333333333,0.5773502691896247,1.0,1.0,0.2857142857142857,0.48795003647426516,2.0,1.0,0.42857142857142855,0.6462061726588655,6.0,2.0,0.42857142857142855,0.7901510136288016,12.0,3.0,0.35714285714285715,0.7243447553998899,20.0,3.0,0.40476190476190477,0.7463815946259189,34.0,3.0,0.0,0.0,-1.0,819,0.36752136752136755,0.07448107448107448,0.38217338217338215,0.32722832722832723,0.09523809523809523,0.2600732600732601,48.207196029776675,6.882783882783883
2024-08-12,0,0,0,0,0,0,0,0,0,0,0,0,2024,8,12,0,225,33,3,0,1,0,0.0,1.0,-0.6680638642135333,-0.7441039398713608,-0.7485107481711011,-0.6631226582407952,-0.8660254037844385,-0.5000000000000004,0.0,0.0,1.0,0.0,0.0,0.0,0.0,0.0,0.0,0.0,0.2857142857142857,0.48795003647426516,2.0,1.0,0.42857142857142855,0.6462061726588655,6.0,2.0,0.42857142857142855,0.7901510136288016,12.0,3.0,0.35714285714285715,0.7243447553998899,20.0,3.0,0.40476190476190477,0.7463815946259189,34.0,3.0,0.0,0.0,0.0,819,0.36752136752136755,0.07448107448107448,0.38217338217338215,0.32722832722832723,0.09523809523809523,0.2600732600732601,48.207196029776675,6.882783882783883
2024-08-13,0,0,0,0,0,0,0,0,0,0,0,0,2024,8,13,1,226,33,3,0,0,0,0.7818314824680298,0.6234898018587336,-0.6807734094770159,-0.7324940716135792,-0.7485107481711011,-0.6631226582407952,-0.8660254037844385,-0.5000000000000004,0.0,0.0,0.0,1.0,1.0,0.0,0.0,0.0,0.0,0.0,0.14285714285714285,0.3779644730092256,1.0,1.0,0.35714285714285715,0.6333236937766523,5.0,2.0,0.42857142857142855,0.7901510136288016,12.0,3.0,0.35714285714285715,0.7243447553998899,20.0,3.0,0.40476190476190477,0.7463815946259189,34.0,3.0,0.0,-1.0,0.0,819,0.36752136752136755,0.07448107448107448,0.38217338217338215,0.32722832722832723,0.09523809523809523,0.2600732600732601,48.207196029776675,6.882783882783883
2024-08-14,0,0,0,0,0,0,0,0,0,0,0,0,2024,8,14,2,227,33,3,0,0,0,0.9749279121818236,-0.22252093395631434,-0.6932812268869771,-0.7206671495538615,-0.7485107481711011,-0.6631226582407952,-0.8660254037844385,-0.5000000000000004,0.0,0.0,0.0,0.0,0.0,0.0,0.0,0.0,0.0,0.0,0.14285714285714285,0.3779644730092256,1.0,1.0,0.35714285714285715,0.6333236937766523,5.0,2.0,0.42857142857142855,0.7901510136288016,12.0,3.0,0.35714285714285715,0.7243447553998899,20.0,3.0,0.40476190476190477,0.7463815946259189,34.0,3.0,0.0,0.0,0.0,819,0.36752136752136755,0.07448107448107448,0.38217338217338215,0.32722832722832723,0.09523809523809523,0.2600732600732601,48.207196029776675,6.882783882783883
2024-08-15,0,0,0,0,0,0,0,0,0,0,0,0,2024,8,15,3,228,33,3,0,0,0,0.43388373911755823,-0.900968867902419,-0.7055836101071774,-0.70862667826446,-0.7485107481711011,-0.6631226582407952,-0.8660254037844385,-0.5000000000000004,0.0,0.0,0.0,0.0,1.0,0.0,0.0,0.0,0.0,0.0,0.14285714285714285,0.3779644730092256,1.0,1.0,0.2857142857142857,0.611249845502128,4.0,2.0,0.42857142857142855,0.7901510136288016,12.0,3.0,0.3392857142857143,0.7205247005869028,19.0,3.0,0.39285714285714285,0.7447463729813312,33.0,3.0,0.0,0.0,0.0,819,0.36752136752136755,0.07448107448107448,0.38217338217338215,0.32722832722832723,0.09523809523809523,0.2600732600732601,48.207196029776675,6.882783882783883
2024-08-16,1,0,0,0,0,0,0,0,2,0,0,0,2024,8,16,4,229,33,3,0,0,1,-0.433883739117558,-0.9009688679024191,-0.7176769136759615,-0.6963762255968726,-0.7485107481711011,-0.6631226582407952,-0.8660254037844385,-0.5000000000000004,0.0,0.0,0.0,1.0,0.0,0.0,0.3333333333333333,0.5773502691896247,1.0,1.0,0.14285714285714285,0.3779644730092256,1.0,1.0,0.35714285714285715,0.6333236937766523,5.0,2.0,0.4642857142857143,0.7926581093427837,13.0,3.0,0.35714285714285715,0.7243447553998899,20.0,3.0,0.40476190476190477,0.7463815946259189,34.0,3.0,1.0,0.0,1.0,819,0.36752136752136755,0.07448107448107448,0.38217338217338215,0.32722832722832723,0.09523809523809523,0.2600732600732601,48.207196029776675,6.882783882783883
2024-08-17,1,0,1,0,0,0,0,0,2,1,1,1,2024,8,17,5,230,33,3,1,0,0,-0.9749279121818236,-0.2225209339563146,-0.7295575540864876,-0.6839194216246105,-0.7485107481711011,-0.6631226582407952,-0.8660254037844385,-0.5000000000000004,1.0,0.0,0.0,0.0,2.0,0.0,0.6666666666666666,0.5773502691896255,2.0,1.0,0.2857142857142857,0.48795003647426516,2.0,1.0,0.2857142857142857,0.4688072309384973,4.0,1.0,0.5,0.793492047615871,14.0,3.0,0.375,0.7276987388648246,21.0,3.0,0.40476190476190477,0.7463815946259189,34.0,3.0,0.0,1.0,1.0,819,0.36752136752136755,0.07448107448107448,0.38217338217338215,0.32722832722832723,0.09523809523809523,0.2600732600732601,48.207196029776675,6.882783882783883
2024-08-18,0,0,0,0,0,0,0,0,0,0,0,0,2024,8,18,6,231,33,3,1,0,0,-0.7818314824680299,0.6234898018587334,-0.7412220108485957,-0.6712599575675315,-0.7485107481711011,-0.6631226582407952,-0.8660254037844385,-0.5000000000000004,1.0,1.0,0.0,0.0,0.0,0.0,0.6666666666666666,0.5773502691896255,2.0,1.0,0.2857142857142857,0.48795003647426516,2.0,1.0,0.2857142857142857,0.4688072309384973,4.0,1.0,0.5,0.793492047615871,14.0,3.0,0.375,0.7276987388648246,21.0,3.0,0.40476190476190477,0.7463815946259189,34.0,3.0,-1.0,0.0,0.0,819,0.36752136752136755,0.07448107448107448,0.38217338217338215,0.32722832722832723,0.09523809523809523,0.2600732600732601,48.207196029776675,6.882783882783883
2024-08-19,1,1,0,1,0,0,0,0,2,0,0,1,2024,8,19,0,232,34,3,0,1,0,0.0,1.0,-0.7526668275320083,-0.6584015846980489,-0.8229838658936564,-0.5680647467311559,-0.8660254037844385,-0.5000000000000004,0.0,1.0,1.0,0.0,0.0,0.0,0.6666666666666666,0.5773502691896255,2.0,1.0,0.42857142857142855,0.5345224838248473,3.0,1.0,0.35714285714285715,0.4972451580988487,5.0,1.0,0.5357142857142857,0.7926581093427837,15.0,3.0,0.39285714285714285,0.7305930698865377,22.0,3.0,0.4166666666666667,0.7478214678592517,35.0,3.0,1.0,1.0,1.0,819,0.36752136752136755,0.07448107448107448,0.38217338217338215,0.32722832722832723,0.09523809523809523,0.2600732600732601,48.207196029776675,6.882783882783883
2024-08-20,0,0,0,0,0,0,0,0,0,0,0,0,2024,8,20,1,233,34,3,0,0,0,0.7818314824680298,0.6234898018587336,-0.7638886127905429,-0.64534811322955,-0.8229838658936564,-0.5680647467311559,-0.8660254037844385,-0.5000000000000004,1.0,0.0,1.0,0.0,1.0,0.0,0.3333333333333333,0.5773502691896247,1.0,1.0,0.42857142857142855,0.5345224838248473,3.0,1.0,0.2857142857142857,0.4688072309384973,4.0,1.0,0.5357142857142857,0.7926581093427837,15.0,3.0,0.39285714285714285,0.7305930698865377,22.0,3.0,0.4166666666666667,0.7478214678592517,35.0,3.0,-1.0,0.0,0.0,819,0.36752136752136755,0.07448107448107448,0.38217338217338215,0.32722832722832723,0.09523809523809523,0.2600732600732601,48.207196029776675,6.882783882783883
2024-08-21,0,0,0,0,0,0,0,0,0,0,0,0,2024,8,21,2,234,34,3,0,0,0,0.9749279121818236,-0.22252093395631434,-0.7748840413670406,-0.6321034111873488,-0.8229838658936564,-0.5680647467311559,-0.8660254037844385,-0.5000000000000004,0.0,1.0,0.0,0.0,0.0,0.0,0.3333333333333333,0.5773502691896247,1.0,1.0,0.42857142857142855,0.5345224838248473,3.0,1.0,0.2857142857142857,0.4688072309384973,4.0,1.0,0.5357142857142857,0.7926581093427837,15.0,3.0,0.39285714285714285,0.7305930698865377,22.0,3.0,0.40476190476190477,0.7463815946259189,34.0,3.0,0.0,0.0,0.0,819,0.36752136752136755,0.07448107448107448,0.38217338217338215,0.32722832722832723,0.09523809523809523,0.2600732600732601,48.207196029776675,6.882783882783883
2024-08-22,0,0,0,0,0,0,0,0,0,0,0,0,2024,8,22,3,235,34,3,0,0,0,0.43388373911755823,-0.900968867902419,-0.7856498550787144,-0.6186714032625032,-0.8229838658936564,-0.5680647467311559,-0.8660254037844385,-0.5000000000000004,0.0,0.0,1.0,0.0,0.0,0.0,0.0,0.0,0.0,0.0,0.42857142857142855,0.5345224838248473,3.0,1.0,0.2857142857142857,0.4688072309384973,4.0,1.0,0.5357142857142857,0.7926581093427837,15.0,3.0,0.375,0.7276987388648246,21.0,3.0,0.38095238095238093,0.726516061809065,32.0,3.0,0.0,0.0,0.0,819,0.36752136752136755,0.07448107448107448,0.38217338217338215,0.32722832722832723,0.09523809523809523,0.2600732600732601,48.207196029776675,6.882783882783883
2024-08-23,3,0,0,0,0,2,0,2,6,0,0,2,2024,8,23,4,236,34,3,0,0,1,-0.433883739117558,-0.9009688679024191,-0.7961828637826154,-0.6050560696488494,-0.8229838658936564,-0.5680647467311559,-0.8660254037844385,-0.5000000000000004,0.0,0.0,0.0,1.0,1.0,3.0,1.0,1.7320508075688774,3.0,3.0,0.7142857142857143,1.1126972805283728,5.0,3.0,0.42857142857142855,0.8516306272526412,6.0,3.0,0.5357142857142857,0.7926581093427837,15.0,3.0,0.375,0.7276987388648246,21.0,3.0,0.4166666666666667,0.7793777767395625,35.0,3.0,3.0,2.0,0.0,819,0.36752136752136755,0.07448107448107448,0.38217338217338215,0.32722832722832723,0.09523809523809523,0.2600732600732601,48.207196029776675,6.882783882783883
2024-08-24,1,1,0,1,0,0,0,0,2,0,0,0,2024,8,24,5,237,34,3,1,0,0,-0.9749279121818236,-0.2225209339563146,-0.8064799463209447,-0.5912614448635782,-0.8229838658936564,-0.5680647467311559,-0.8660254037844385,-0.5000000000000004,3.0,0.0,0.0,1.0,0.0,1.0,1.3333333333333333,1.5275252316519472,4.0,3.0,0.7142857142857143,1.1126972805283728,5.0,3.0,0.5,0.8548504142651114,7.0,3.0,0.5357142857142857,0.7926581093427837,15.0,3.0,0.39285714285714285,0.7305930698865377,22.0,3.0,0.42857142857142855,0.7805730716196242,36.0,3.0,-2.0,0.0,0.0,819,0.36752136752136755,0.07448107448107448,0.38217338217338215,0.32722832722832723,0.09523809523809523,0.2600732600732601,48.207196029776675,6.882783882783883
2024-08-25,0,0,0,0,0,0,0,0,0,0,0,0,2024,8,25,6,238,34,3,1,0,0,-0.7818314824680299,0.6234898018587334,-0.8165380514459157,-0.5772916165517278,-0.8229838658936564,-0.5680647467311559,-0.8660254037844385,-0.5000000000000004,1.0,3.0,0.0,0.0,0.0,2.0,1.3333333333333333,1.5275252316519472,4.0,3.0,0.7142857142857143,1.1126972805283728,5.0,3.0,0.5,0.8548504142651114,7.0,3.0,0.4642857142857143,0.7444681351359522,13.0,3.0,0.39285714285714285,0.7305930698865377,22.0,3.0,0.42857142857142855,0.7805730716196242,36.0,3.0,-1.0,0.0,-2.0,819,0.36752136752136755,0.07448107448107448,0.38217338217338215,0.32722832722832723,0.09523809523809523,0.2600732600732601,48.207196029776675,6.882783882783883
2024-08-26,0,0,0,0,0,0,0,0,0,0,0,0,2024,8,26,0,239,35,3,0,1,0,0.0,1.0,-0.8263541987239094,-0.5631507242749187,-0.8854560256532096,-0.4647231720437691,-0.8660254037844385,-0.5000000000000004,0.0,1.0,3.0,1.0,0.0,0.0,0.3333333333333333,0.5773502691896255,1.0,1.0,0.5714285714285714,1.1338934190276808,4.0,3.0,0.5,0.8548504142651114,7.0,3.0,0.4642857142857143,0.7444681351359522,13.0,3.0,0.39285714285714285,0.7305930698865377,22.0,3.0,0.42857142857142855,0.7805730716196242,36.0,3.0,0.0,-1.0,0.0,819,0.36752136752136755,0.07448107448107448,0.38217338217338215,0.32722832722832723,0.09523809523809523,0.2600732600732601,48.207196029776675,6.882783882783883
2024-08-27,1,1,0,1,0,0,0,0,2,0,0,0,2024,8,27,1,240,35,3,0,0,0,0.7818314824680298,0.6234898018587336,-0.8359254794186365,-0.5488429582847199,-0.8854560256532096,-0.4647231720437691,-0.8660254037844385,-0.5000000000000004,0.0,0.0,1.0,0.0,0.0,1.0,0.3333333333333333,0.5773502691896255,1.0,1.0,0.7142857142857143,1.1126972805283728,5.0,3.0,0.5714285714285714,0.8516306272526413,8.0,3.0,0.4642857142857143,0.7444681351359522,13.0,3.0,0.39285714285714285,0.7305930698865377,22.0,3.0,0.44047619047619047,0.7815830471979556,37.0,3.0,1.0,1.0,0.0,819,0.36752136752136755,0.07448107448107448,0.38217338217338215,0.32722832722832723,0.09523809523809523,0.2600732600732601,48.207196029776675,6.882783882783883
2024-08-28,0,0,0,0,0,0,0,0,0,0,0,0,2024,8,28,2,241,35,3,0,0,0,0.9749279121818236,-0.22252093395631434,-0.8452490573530634,-0.5343725582809785,-0.8854560256532096,-0.4647231720437691,-0.8660254037844385,-0.5000000000000004,1.0,0.0,0.0,0.0,0.0,0.0,0.3333333333333333,0.5773502691896255,1.0,1.0,0.7142857142857143,1.1126972805283728,5.0,3.0,0.5714285714285714,0.8516306272526413,8.0,3.0,0.4642857142857143,0.7444681351359522,13.0,3.0,0.375,0.7276987388648246,21.0,3.0,0.40476190476190477,0.7300610243357474,34.0,3.0,-1.0,0.0,0.0,819,0.36752136752136755,0.07448107448107448,0.38217338217338215,0.32722832722832723,0.09523809523809523,0.2600732600732601,48.207196029776675,6.882783882783883
2024-08-29,0,0,0,0,0,0,0,0,0,0,0,0,2024,8,29,3,242,35,3,0,0,0,0.43388373911755823,-0.900968867902419,-0.8543221697498269,-0.5197438121555157,-0.8854560256532096,-0.4647231720437691,-0.8660254037844385,-0.5000000000000004,0.0,1.0,0.0,0.0,0.0,1.0,0.3333333333333333,0.5773502691896255,1.0,1.0,0.7142857142857143,1.1126972805283728,5.0,3.0,0.5714285714285714,0.8516306272526413,8.0,3.0,0.42857142857142855,0.7417981870189144,12.0,3.0,0.375,0.7276987388648246,21.0,3.0,0.39285714285714285,0.7283891642018566,33.0,3.0,0.0,0.0,-1.0,819,0.36752136752136755,0.07448107448107448,0.38217338217338215,0.32722832722832723,0.09523809523809523,0.2600732600732601,48.207196029776675,6.882783882783883
2024-08-30,0,0,0,0,0,0,0,0,0,0,0,0,2024,8,30,4,243,35,3,0,0,1,-0.433883739117558,-0.9009688679024191,-0.8631421280499115,-0.5049610547215202,-0.8854560256532096,-0.4647231720437691,-0.8660254037844385,-0.5000000000000004,0.0,0.0,1.0,3.0,1.0,0.0,0.0,0.0,0.0,0.0,0.2857142857142857,0.48795003647426505,2.0,1.0,0.5,0.8548504142651114,7.0,3.0,0.42857142857142855,0.7417981870189144,12.0,3.0,0.375,0.7276987388648246,21.0,3.0,0.39285714285714285,0.7283891642018566,33.0,3.0,0.0,-3.0,0.0,819,0.36752136752136755,0.07448107448107448,0.38217338217338215,0.32722832722832723,0.09523809523809523,0.2600732600732601,48.207196029776675,6.882783882783883
2024-08-31,0,0,0,0,0,0,0,0,0,0,0,0,2024,8,31,5,244,35,3,1,0,0,-0.9749279121818236,-0.2225209339563146,-0.8717063187093217,-0.4900286664290594,-0.8854560256532096,-0.4647231720437691,-0.8660254037844385,-0.5000000000000004,0.0,0.0,0.0,1.0,1.0,2.0,0.0,0.0,0.0,0.0,0.14285714285714285,0.3779644730092255,1.0,1.0,0.42857142857142855,0.8516306272526412,6.0,3.0,0.35714285714285715,0.6784669927988085,10.0,3.0,0.375,0.7276987388648246,21.0,3.0,0.39285714285714285,0.7283891642018566,33.0,3.0,0.0,-1.0,-2.0,819,0.36752136752136755,0.07448107448107448,0.38217338217338215,0.32722832722832723,0.09523809523809523,0.2600732600732601,48.207196029776675,6.882783882783883
2024-09-01,0,0,0,0,0,0,0,0,0,0,0,0,2024,9,1,6,245,35,3,1,0,0,-0.7818314824680299,0.6234898018587334,-0.8800122039735356,-0.4749510720670502,-0.8854560256532096,-0.4647231720437691,-1.0,-1.8369701987210297e-16,0.0,0.0,0.0,0.0,0.0,0.0,0.0,0.0,0.0,0.0,0.14285714285714285,0.3779644730092255,1.0,1.0,0.42857142857142855,0.8516306272526412,6.0,3.0,0.35714285714285715,0.6784669927988085,10.0,3.0,0.375,0.7276987388648246,21.0,3.0,0.39285714285714285,0.7283891642018566,33.0,3.0,0.0,0.0,0.0,819,0.36752136752136755,0.07448107448107448,0.38217338217338215,0.32722832722832723,0.09523809523809523,0.2600732600732601,48.207196029776675,6.882783882783883
2024-09-02,0,0,0,0,0,0,0,0,0,0,0,0,2024,9,2,0,246,36,3,0,1,0,0.0,1.0,-0.888057322629493,-0.4597327394521046,-0.9350162426854147,-0.3546048870425359,-1.0,-1.8369701987210297e-16,0.0,0.0,0.0,0.0,1.0,0.0,0.0,0.0,0.0,0.0,0.14285714285714285,0.3779644730092255,1.0,1.0,0.35714285714285715,0.8418973861410964,5.0,3.0,0.35714285714285715,0.6784669927988085,10.0,3.0,0.375,0.7276987388648246,21.0,3.0,0.39285714285714285,0.7283891642018566,33.0,3.0,0.0,0.0,0.0,819,0.36752136752136755,0.07448107448107448,0.38217338217338215,0.32722832722832723,0.09523809523809523,0.2600732600732601,48.207196029776675,6.882783882783883
2024-09-03,1,1,0,1,0,0,0,0,2,0,0,0,2024,9,3,1,247,36,3,0,0,0,0.7818314824680298,0.6234898018587336,-0.8958392907349089,-0.4443781781046134,-0.9350162426854147,-0.3546048870425359,-1.0,-1.8369701987210297e-16,0.0,0.0,0.0,1.0,0.0,1.0,0.3333333333333333,0.5773502691896255,1.0,1.0,0.14285714285714285,0.3779644730092255,1.0,1.0,0.42857142857142855,0.8516306272526412,6.0,3.0,0.35714285714285715,0.6784669927988085,10.0,3.0,0.39285714285714285,0.7305930698865377,22.0,3.0,0.39285714285714285,0.7283891642018566,33.0,3.0,1.0,0.0,0.0,819,0.36752136752136755,0.07448107448107448,0.38217338217338215,0.32722832722832723,0.09523809523809523,0.2600732600732601,48.207196029776675,6.882783882783883
2024-09-04,0,0,0,0,0,0,0,0,0,0,0,0,2024,9,4,2,248,36,3,0,0,0,0.9749279121818236,-0.22252093395631434,-0.9033558023246842,-0.4288919379124841,-0.9350162426854147,-0.3546048870425359,-1.0,-1.8369701987210297e-16,1.0,0.0,0.0,0.0,0.0,0.0,0.3333333333333333,0.5773502691896255,1.0,1.0,0.14285714285714285,0.3779644730092255,1.0,1.0,0.42857142857142855,0.8516306272526412,6.0,3.0,0.35714285714285715,0.6784669927988085,10.0,3.0,0.39285714285714285,0.7305930698865377,22.0,3.0,0.38095238095238093,0.7265160618090649,32.0,3.0,-1.0,0.0,0.0,819,0.36752136752136755,0.07448107448107448,0.38217338217338215,0.32722832722832723,0.09523809523809523,0.2600732600732601,48.207196029776675,6.882783882783883
2024-09-05,0,0,0,0,0,0,0,0,0,0,0,0,2024,9,5,3,249,36,3,0,0,0,0.43388373911755823,-0.900968867902419,-0.9106046300942162,-0.41327860778290443,-0.9350162426854147,-0.3546048870425359,-1.0,-1.8369701987210297e-16,0.0,1.0,0.0,0.0,0.0,0.0,0.3333333333333333,0.5773502691896255,1.0,1.0,0.14285714285714285,0.3779644730092255,1.0,1.0,0.42857142857142855,0.8516306272526412,6.0,3.0,0.35714285714285715,0.6784669927988085,10.0,3.0,0.39285714285714285,0.7305930698865377,22.0,3.0,0.38095238095238093,0.7265160618090649,32.0,3.0,0.0,0.0,0.0,819,0.36752136752136755,0.07448107448107448,0.38217338217338215,0.32722832722832723,0.09523809523809523,0.2600732600732601,48.207196029776675,6.882783882783883
2024-09-06,0,0,0,0,0,0,0,0,0,0,0,0,2024,9,6,4,250,36,3,0,0,1,-0.433883739117558,-0.9009688679024191,-0.9175836260593934,-0.3975428142825566,-0.9350162426854147,-0.3546048870425359,-1.0,-1.8369701987210297e-16,0.0,0.0,1.0,0.0,3.0,1.0,0.0,0.0,0.0,0.0,0.14285714285714285,0.3779644730092255,1.0,1.0,0.21428571428571427,0.42581531362632213,3.0,1.0,0.32142857142857145,0.6696362433535812,9.0,3.0,0.39285714285714285,0.7305930698865377,22.0,3.0,0.35714285714285715,0.7052788415982698,30.0,3.0,0.0,0.0,-1.0,819,0.36752136752136755,0.07448107448107448,0.38217338217338215,0.32722832722832723,0.09523809523809523,0.2600732600732601,48.207196029776675,6.882783882783883
2024-09-07,1,1,0,1,0,0,0,0,2,0,0,0,2024,9,7,5,251,36,3,1,0,0,-0.9749279121818236,-0.2225209339563146,-0.9242907221930934,-0.3816892202666586,-0.9350162426854147,-0.3546048870425359,-1.0,-1.8369701987210297e-16,0.0,0.0,0.0,0.0,1.0,0.0,0.3333333333333333,0.5773502691896255,1.0,1.0,0.2857142857142857,0.48795003647426505,2.0,1.0,0.21428571428571427,0.42581531362632213,3.0,1.0,0.35714285714285715,0.6784669927988085,10.0,3.0,0.4107142857142857,0.733033193203189,23.0,3.0,0.35714285714285715,0.7052788415982698,30.0,3.0,1.0,1.0,1.0,819,0.36752136752136755,0.07448107448107448,0.38217338217338215,0.32722832722832723,0.09523809523809523,0.2600732600732601,48.207196029776675,6.882783882783883
2024-09-08,0,0,0,0,0,0,0,0,0,0,0,0,2024,9,8,6,252,36,3,1,0,0,-0.7818314824680299,0.6234898018587334,-0.9307239310379793,-0.3657225234972692,-0.9350162426854147,-0.3546048870425359,-1.0,-1.8369701987210297e-16,1.0,0.0,0.0,0.0,0.0,0.0,0.3333333333333333,0.5773502691896255,1.0,1.0,0.2857142857142857,0.48795003647426505,2.0,1.0,0.21428571428571427,0.42581531362632213,3.0,1.0,0.35714285714285715,0.6784669927988085,10.0,3.0,0.39285714285714285,0.7305930698865377,22.0,3.0,0.35714285714285715,0.7052788415982698,30.0,3.0,-1.0,0.0,0.0,819,0.36752136752136755,0.07448107448107448,0.38217338217338215,0.32722832722832723,0.09523809523809523,0.2600732600732601,48.207196029776675,6.882783882783883
2024-09-09,2,1,0,2,0,0,0,0,4,0,0,0,2024,9,9,0,253,37,3,0,1,0,0.0,1.0,-0.9368813462954315,-0.34964745525122826,-0.970941817426052,-0.23931566428755774,-1.0,-1.8369701987210297e-16,0.0,1.0,0.0,0.0,0.0,0.0,1.0,1.0000000000000007,3.0,2.0,0.5714285714285714,0.786795792469442,4.0,2.0,0.35714285714285715,0.6333236937766523,5.0,2.0,0.42857142857142855,0.7417981870189144,12.0,3.0,0.42857142857142855,0.7593572127947282,24.0,3.0,0.38095238095238093,0.7265160618090649,32.0,3.0,2.0,2.0,2.0,819,0.36752136752136755,0.07448107448107448,0.38217338217338215,0.32722832722832723,0.09523809523809523,0.2600732600732601,48.207196029776675,6.882783882783883
2024-09-10,0,0,0,0,0,0,0,0,0,0,0,0,2024,9,10,1,254,37,3,0,0,0,0.7818314824680298,0.6234898018587336,-0.9427611433904206,-0.33346877891818705,-0.970941817426052,-0.23931566428755774,-1.0,-1.8369701987210297e-16,2.0,0.0,1.0,1.0,1.0,0.0,0.6666666666666666,1.1547005383792517,2.0,2.0,0.42857142857142855,0.7867957924694421,3.0,2.0,0.2857142857142857,0.611249845502128,4.0,2.0,0.42857142857142855,0.7417981870189144,12.0,3.0,0.42857142857142855,0.7593572127947282,24.0,3.0,0.38095238095238093,0.7265160618090649,32.0,3.0,-2.0,-1.0,0.0,819,0.36752136752136755,0.07448107448107448,0.38217338217338215,0.32722832722832723,0.09523809523809523,0.2600732600732601,48.207196029776675,6.882783882783883
2024-09-11,0,0,0,0,0,0,0,0,0,0,0,0,2024,9,11,2,255,37,3,0,0,0,0.9749279121818236,-0.22252093395631434,-0.9483615800121716,-0.31719128858910595,-0.970941817426052,-0.23931566428755774,-1.0,-1.8369701987210297e-16,0.0,2.0,0.0,0.0,0.0,0.0,0.6666666666666666,1.1547005383792517,2.0,2.0,0.42857142857142855,0.7867957924694421,3.0,2.0,0.2857142857142857,0.611249845502128,4.0,2.0,0.42857142857142855,0.7417981870189144,12.0,3.0,0.42857142857142855,0.7593572127947282,24.0,3.0,0.38095238095238093,0.7265160618090649,32.0,3.0,0.0,0.0,0.0,819,0.36752136752136755,0.07448107448107448,0.38217338217338215,0.32722832722832723,0.09523809523809523,0.2600732600732601,48.207196029776675,6.882783882783883
2024-09-12,1,1,0,1,0,0,0,0,2,1,1,0,2024,9,12,3,256,37,3,0,0,0,0.43388373911755823,-0.900968867902419,-0.9536809966304455,-0.300819807635668,-0.970941817426052,-0.23931566428755774,-1.0,-1.8369701987210297e-16,0.0,0.0,2.0,0.0,0.0,0.0,0.3333333333333333,0.5773502691896255,1.0,1.0,0.5714285714285714,0.786795792469442,4.0,2.0,0.35714285714285715,0.6333236937766523,5.0,2.0,0.4642857142857143,0.7444681351359522,13.0,3.0,0.44642857142857145,0.7608522221141931,25.0,3.0,0.38095238095238093,0.7265160618090649,32.0,3.0,1.0,1.0,1.0,819,0.36752136752136755,0.07448107448107448,0.38217338217338215,0.32722832722832723,0.09523809523809523,0.2600732600732601,48.207196029776675,6.882783882783883
2024-09-13,2,1,0,1,0,0,0,0,4,2,2,1,2024,9,13,4,257,37,3,0,0,1,-0.433883739117558,-0.9009688679024191,-0.9587178169872964,-0.2843591872810036,-0.970941817426052,-0.23931566428755774,-1.0,-1.8369701987210297e-16,1.0,0.0,0.0,0.0,0.0,1.0,1.0,1.0000000000000007,3.0,2.0,0.8571428571428571,0.899735410842436,6.0,2.0,0.5,0.7595545253127511,7.0,2.0,0.5,0.793492047615871,14.0,3.0,0.48214285714285715,0.7860388939849887,27.0,3.0,0.40476190476190477,0.7463815946259188,34.0,3.0,1.0,2.0,1.0,819,0.36752136752136755,0.07448107448107448,0.38217338217338215,0.32722832722832723,0.09523809523809523,0.2600732600732601,48.207196029776675,6.882783882783883
2024-09-14,2,0,0,0,0,2,0,2,4,1,1,0,2024,9,14,5,258,37,3,1,0,0,-0.9749279121818236,-0.2225209339563146,-0.9634705485641486,-0.26781430516217486,-0.970941817426052,-0.23931566428755774,-1.0,-1.8369701987210297e-16,2.0,1.0,0.0,1.0,0.0,1.0,1.6666666666666667,0.5773502691896282,5.0,2.0,1.0,0.9999999999999988,7.0,2.0,0.6428571428571429,0.8418973861410965,9.0,2.0,0.5357142857142857,0.8380817098475247,15.0,3.0,0.5178571428571429,0.8088391553459691,29.0,3.0,0.42857142857142855,0.7649823099886207,36.0,3.0,0.0,1.0,1.0,819,0.36752136752136755,0.07448107448107448,0.38217338217338215,0.32722832722832723,0.09523809523809523,0.2600732600732601,48.207196029776675,6.882783882783883
2024-09-15,0,0,0,0,0,0,0,0,0,0,0,0,2024,9,15,6,259,37,3,1,0,0,-0.7818314824680299,0.6234898018587334,-0.9679377830240642,-0.25119006388481957,-0.970941817426052,-0.23931566428755774,-1.0,-1.8369701987210297e-16,2.0,2.0,1.0,0.0,0.0,0.0,1.3333333333333333,1.1547005383792524,4.0,2.0,1.0,0.9999999999999988,7.0,2.0,0.6428571428571429,0.8418973861410965,9.0,2.0,0.5357142857142857,0.8380817098475247,15.0,3.0,0.5178571428571429,0.8088391553459691,29.0,3.0,0.42857142857142855,0.7649823099886207,36.0,3.0,-2.0,0.0,0.0,819,0.36752136752136755,0.07448107448107448,0.38217338217338215,0.32722832722832723,0.09523809523809523,0.2600732600732601,48.207196029776675,6.882783882783883
2024-09-16,0,0,0,0,0,0,0,0,0,0,0,0,2024,9,16,0,260,38,3,0,1,0,0.0,1.0,-0.9721181966290612,-0.23449138957041052,-0.992708874098054,-0.12053668025532357,-1.0,-1.8369701987210297e-16,0.0,2.0,2.0,2.0,0.0,1.0,0.6666666666666666,1.1547005383792517,2.0,2.0,0.7142857142857143,0.9511897312113406,5.0,2.0,0.6428571428571429,0.8418973861410965,9.0,2.0,0.5,0.83887049280786,14.0,3.0,0.5178571428571429,0.8088391553459691,29.0,3.0,0.42857142857142855,0.7649823099886207,36.0,3.0,0.0,-2.0,-1.0,819,0.36752136752136755,0.07448107448107448,0.38217338217338215,0.32722832722832723,0.09523809523809523,0.2600732600732601,48.207196029776675,6.882783882783883
2024-09-17,1,1,0,0,0,0,0,0,2,0,0,0,2024,9,17,1,261,38,3,0,0,0,0.7818314824680298,0.6234898018587336,-0.9760105506323682,-0.21772323039653224,-0.992708874098054,-0.12053668025532357,-1.0,-1.8369701987210297e-16,0.0,0.0,2.0,0.0,1.0,0.0,0.3333333333333333,0.5773502691896253,1.0,1.0,0.8571428571428571,0.899735410842436,6.0,2.0,0.6428571428571429,0.8418973861410965,9.0,2.0,0.5357142857142857,0.8380817098475247,15.0,3.0,0.5357142857142857,0.8082368175521051,30.0,3.0,0.44047619047619047,0.7660128420105455,37.0,3.0,1.0,1.0,1.0,819,0.36752136752136755,0.07448107448107448,0.38217338217338215,0.32722832722832723,0.09523809523809523,0.2600732600732601,48.207196029776675,6.882783882783883
2024-09-18,0,0,0,0,0,0,0,0,0,0,0,0,2024,9,18,2,262,38,3,0,0,0,0.9749279121818236,-0.22252093395631434,-0.9796136916454901,-0.20089055513063528,-0.992708874098054,-0.12053668025532357,-1.0,-1.8369701987210297e-16,1.0,0.0,0.0,0.0,0.0,0.0,0.3333333333333333,0.5773502691896253,1.0,1.0,0.8571428571428571,0.899735410842436,6.0,2.0,0.6428571428571429,0.8418973861410965,9.0,2.0,0.5357142857142857,0.8380817098475247,15.0,3.0,0.5357142857142857,0.8082368175521051,30.0,3.0,0.44047619047619047,0.7660128420105455,37.0,3.0,-1.0,0.0,0.0,819,0.36752136752136755,0.07448107448107448,0.38217338217338215,0.32722832722832723,0.09523809523809523,0.2600732600732601,48.207196029776675,6.882783882783883
2024-09-19,1,0,1,0,0,3,0,1,1,0,0,1,2024,9,19,3,263,38,3,0,0,0,0.43388373911755823,-0.900968867902419,-0.9829265519799822,-0.18399835165767986,-0.992708874098054,-0.12053668025532357,-1.0,-1.8369701987210297e-16,0.0,1.0,0.0,1.0,0.0,0.0,0.6666666666666666,0.5773502691896261,2.0,1.0,0.8571428571428571,0.899735410842436,6.0,2.0,0.7142857142857143,0.8254203058555581,10.0,2.0,0.5714285714285714,0.8357108940373439,16.0,3.0,0.5535714285714286,0.8072319224506537,31.0,3.0,0.44047619047619047,0.7660128420105455,37.0,3.0,1.0,0.0,1.0,819,0.36752136752136755,0.07448107448107448,0.38217338217338215,0.32722832722832723,0.09523809523809523,0.2600732600732601,48.207196029776675,6.882783882783883
2024-09-20,0,0,0,0,0,0,0,0,0,0,0,0,2024,9,20,4,264,38,3,0,0,1,-0.433883739117558,-0.9009688679024191,-0.9859481499638303,-0.1670516255021195,-0.992708874098054,-0.12053668025532357,-1.0,-1.8369701987210297e-16,1.0,0.0,1.0,2.0,0.0,3.0,0.3333333333333333,0.5773502691896253,1.0,1.0,0.5714285714285714,0.786795792469442,4.0,2.0,0.7142857142857143,0.8254203058555581,10.0,2.0,0.4642857142857143,0.6929348671835819,13.0,2.0,0.5,0.7385489458759974,28.0,3.0,0.40476190476190477,0.713367166129751,34.0,3.0,-1.0,-2.0,-3.0,819,0.36752136752136755,0.07448107448107448,0.38217338217338215,0.32722832722832723,0.09523809523809523,0.2600732600732601,48.207196029776675,6.882783882783883
2024-09-21,2,0,0,2,0,2,0,2,4,0,0,0,2024,9,21,5,265,38,3,1,0,0,-0.9749279121818236,-0.2225209339563146,-0.9886775902323404,-0.15005539834465262,-0.992708874098054,-0.12053668025532357,-1.0,-1.8369701987210297e-16,0.0,1.0,0.0,2.0,1.0,1.0,1.0,1.0000000000000007,3.0,2.0,0.5714285714285714,0.786795792469442,4.0,2.0,0.7857142857142857,0.892582375303982,11.0,2.0,0.5,0.7453559924999287,14.0,2.0,0.5178571428571429,0.7625572152261809,29.0,3.0,0.42857142857142855,0.7328063615384276,36.0,3.0,2.0,0.0,1.0,819,0.36752136752136755,0.07448107448107448,0.38217338217338215,0.32722832722832723,0.09523809523809523,0.2600732600732601,48.207196029776675,6.882783882783883
2024-09-22,0,0,0,0,0,0,0,0,0,0,0,0,2024,9,22,6,266,38,3,1,0,0,-0.7818314824680299,0.6234898018587334,-0.9911140639934546,-0.13301470653419636,-0.992708874098054,-0.12053668025532357,-1.0,-1.8369701987210297e-16,2.0,0.0,1.0,0.0,0.0,0.0,0.6666666666666666,1.1547005383792517,2.0,2.0,0.5714285714285714,0.786795792469442,4.0,2.0,0.7857142857142857,0.892582375303982,11.0,2.0,0.5,0.7453559924999287,14.0,2.0,0.48214285714285715,0.7383291069231062,27.0,3.0,0.42857142857142855,0.7328063615384276,36.0,3.0,-2.0,0.0,0.0,819,0.36752136752136755,0.07448107448107448,0.38217338217338215,0.32722832722832723,0.09523809523809523,0.2600732600732601,48.207196029776675,6.882783882783883
2024-09-23,0,0,0,0,0,0,0,0,0,0,0,0,2024,9,23,0,267,39,3,0,1,0,0.0,1.0,-0.9932568492674143,-0.11593459959550066,-1.0,-1.8369701987210297e-16,-1.0,-1.8369701987210297e-16,0.0,2.0,0.0,0.0,2.0,0.0,0.6666666666666666,1.1547005383792517,2.0,2.0,0.5714285714285714,0.786795792469442,4.0,2.0,0.6428571428571429,0.8418973861410965,9.0,2.0,0.5,0.7453559924999287,14.0,2.0,0.48214285714285715,0.7383291069231062,27.0,3.0,0.42857142857142855,0.7328063615384276,36.0,3.0,0.0,0.0,0.0,819,0.36752136752136755,0.07448107448107448,0.38217338217338215,0.32722832722832723,0.09523809523809523,0.2600732600732601,48.207196029776675,6.882783882783883
2024-09-24,0,0,0,0,0,0,0,0,0,0,0,0,2024,9,24,1,268,39,3,0,0,0,0.7818314824680298,0.6234898018587336,-0.9951053111006974,-0.09882013873287211,-1.0,-1.8369701987210297e-16,-1.0,-1.8369701987210297e-16,0.0,0.0,2.0,1.0,0.0,1.0,0.0,0.0,0.0,0.0,0.42857142857142855,0.7867957924694421,3.0,2.0,0.6428571428571429,0.8418973861410965,9.0,2.0,0.4642857142857143,0.7444681351359522,13.0,2.0,0.4642857142857143,0.7376691969682927,26.0,3.0,0.4166666666666667,0.7315330219812344,35.0,3.0,0.0,-1.0,-1.0,819,0.36752136752136755,0.07448107448107448,0.38217338217338215,0.32722832722832723,0.09523809523809523,0.2600732600732601,48.207196029776675,6.882783882783883
2024-09-25,0,0,0,0,0,0,0,0,0,0,0,0,2024,9,25,2,269,39,3,0,0,0,0.9749279121818236,-0.22252093395631434,-0.99665890175417,-0.08167639533042288,-1.0,-1.8369701987210297e-16,-1.0,-1.8369701987210297e-16,0.0,0.0,0.0,0.0,0.0,0.0,0.0,0.0,0.0,0.0,0.42857142857142855,0.7867957924694421,3.0,2.0,0.6428571428571429,0.8418973861410965,9.0,2.0,0.4642857142857143,0.7444681351359522,13.0,2.0,0.4642857142857143,0.7376691969682927,26.0,3.0,0.40476190476190477,0.7300610243357473,34.0,3.0,0.0,0.0,0.0,819,0.36752136752136755,0.07448107448107448,0.38217338217338215,0.32722832722832723,0.09523809523809523,0.2600732600732601,48.207196029776675,6.882783882783883
2024-09-26,0,0,0,0,0,0,0,0,0,0,0,0,2024,9,26,3,270,39,3,0,0,0,0.43388373911755823,-0.900968867902419,-0.9979171608653922,-0.06450844944931625,-1.0,-1.8369701987210297e-16,-1.0,-1.8369701987210297e-16,0.0,0.0,0.0,1.0,1.0,0.0,0.0,0.0,0.0,0.0,0.2857142857142857,0.7559289460184535,2.0,2.0,0.5714285714285714,0.8516306272526413,8.0,2.0,0.4642857142857143,0.7444681351359522,13.0,2.0,0.44642857142857145,0.7365680332002394,25.0,3.0,0.40476190476190477,0.7300610243357473,34.0,3.0,0.0,-1.0,0.0,819,0.36752136752136755,0.07448107448107448,0.38217338217338215,0.32722832722832723,0.09523809523809523,0.2600732600732601,48.207196029776675,6.882783882783883
2024-09-27,0,0,0,0,0,0,0,0,0,0,0,0,2024,9,27,4,271,39,3,0,0,1,-0.433883739117558,-0.9009688679024191,-0.9988797155850335,-0.04732138832243232,-1.0,-1.8369701987210297e-16,-1.0,-1.8369701987210297e-16,0.0,0.0,0.0,0.0,2.0,0.0,0.0,0.0,0.0,0.0,0.2857142857142857,0.7559289460184535,2.0,2.0,0.42857142857142855,0.7559289460184557,6.0,2.0,0.4642857142857143,0.7444681351359522,13.0,2.0,0.44642857142857145,0.7365680332002394,25.0,3.0,0.40476190476190477,0.7300610243357473,34.0,3.0,0.0,0.0,0.0,819,0.36752136752136755,0.07448107448107448,0.38217338217338215,0.32722832722832723,0.09523809523809523,0.2600732600732601,48.207196029776675,6.882783882783883
2024-09-28,3,1,0,0,0,1,0,1,6,0,0,1,2024,9,28,5,272,39,3,1,0,0,-0.9749279121818236,-0.2225209339563146,-0.9995462806873573,-0.03012030484690836,-1.0,-1.8369701987210297e-16,-1.0,-1.8369701987210297e-16,0.0,0.0,0.0,2.0,2.0,0.0,1.0,1.7320508075688779,3.0,3.0,0.42857142857142855,1.133893419027681,3.0,3.0,0.5,0.9405399431259613,7.0,3.0,0.5714285714285714,0.8789122666607689,16.0,3.0,0.4642857142857143,0.7854190708679784,26.0,3.0,0.44047619047619047,0.7815830471979556,37.0,3.0,3.0,1.0,3.0,819,0.36752136752136755,0.07448107448107448,0.38217338217338215,0.32722832722832723,0.09523809523809523,0.2600732600732601,48.207196029776675,6.882783882783883
2024-09-29,2,2,0,2,0,0,0,0,4,0,0,2,2024,9,29,6,273,39,3,1,0,0,-0.7818314824680299,0.6234898018587334,-0.9999166586547379,-0.012910296075008843,-1.0,-1.8369701987210297e-16,-1.0,-1.8369701987210297e-16,3.0,0.0,0.0,0.0,0.0,0.0,1.6666666666666667,1.5275252316519476,5.0,3.0,0.7142857142857143,1.2535663410560167,5.0,3.0,0.6428571428571429,1.0082080720186277,9.0,3.0,0.6428571428571429,0.9114207758701954,18.0,3.0,0.5,0.8090398349558915,28.0,3.0,0.4642857142857143,0.7982877545538132,39.0,3.0,-1.0,2.0,2.0,819,0.36752136752136755,0.07448107448107448,0.38217338217338215,0.32722832722832723,0.09523809523809523,0.2600732600732601,48.207196029776675,6.882783882783883
2024-09-30,1,1,0,0,0,0,0,0,2,0,0,0,2024,9,30,0,274,40,3,0,1,0,0.0,1.0,-0.9999907397361901,0.004303538296243821,-0.992708874098054,0.1205366802553232,-1.0,-1.8369701987210297e-16,2.0,3.0,0.0,0.0,0.0,0.0,2.0,1.000000000000002,6.0,3.0,0.8571428571428571,1.2149857925879108,6.0,3.0,0.7142857142857143,0.9944903161976948,10.0,3.0,0.6785714285714286,0.9048663264720745,19.0,3.0,0.5178571428571429,0.8088391553459691,29.0,3.0,0.47619047619047616,0.7987368110974862,40.0,3.0,-1.0,1.0,1.0,819,0.36752136752136755,0.07448107448107448,0.38217338217338215,0.32722832722832723,0.09523809523809523,0.2600732600732601,48.207196029776675,6.882783882783883
2024-10-01,0,0,0,0,0,0,0,0,0,0,0,0,2024,10,1,1,275,40,4,0,0,0,0.7818314824680298,0.6234898018587336,-0.9997685019798909,0.021516097436222233,-0.992708874098054,0.1205366802553232,-0.8660254037844386,0.5000000000000001,1.0,2.0,3.0,0.0,1.0,1.0,1.0,1.0000000000000007,3.0,2.0,0.8571428571428571,1.2149857925879108,6.0,3.0,0.6428571428571429,1.0082080720186277,9.0,3.0,0.6428571428571429,0.9114207758701954,18.0,3.0,0.5,0.8090398349558915,28.0,3.0,0.47619047619047616,0.7987368110974862,40.0,3.0,-1.0,0.0,-1.0,819,0.36752136752136755,0.07448107448107448,0.38217338217338215,0.32722832722832723,0.09523809523809523,0.2600732600732601,48.207196029776675,6.882783882783883
2024-10-02,1,0,0,0,0,0,0,0,1,0,0,0,2024,10,2,2,276,40,4,0,0,0,0.9749279121818236,-0.22252093395631434,-0.9992500112396835,0.03872228089217399,-0.992708874098054,0.1205366802553232,-0.8660254037844386,0.5000000000000001,0.0,1.0,2.0,0.0,0.0,0.0,0.6666666666666666,0.5773502691896262,2.0,1.0,1.0,1.1547005383792504,7.0,3.0,0.7142857142857143,0.9944903161976948,10.0,3.0,0.6785714285714286,0.9048663264720745,19.0,3.0,0.5178571428571429,0.8088391553459691,29.0,3.0,0.4880952380952381,0.7990061238821319,41.0,3.0,1.0,1.0,1.0,819,0.36752136752136755,0.07448107448107448,0.38217338217338215,0.32722832722832723,0.09523809523809523,0.2600732600732601,48.207196029776675,6.882783882783883
2024-10-03,1,0,0,0,0,0,0,0,2,0,0,0,2024,10,3,3,277,40,4,0,0,0,0.43388373911755823,-0.900968867902419,-0.9984354211555643,0.05591699010060302,-0.992708874098054,0.1205366802553232,-0.8660254037844386,0.5000000000000001,1.0,0.0,1.0,0.0,1.0,0.0,0.6666666666666666,0.5773502691896262,2.0,1.0,1.1428571428571428,1.0690449676496963,8.0,3.0,0.7142857142857143,0.9944903161976948,10.0,3.0,0.7142857142857143,0.8967902788460648,20.0,3.0,0.5357142857142857,0.8082368175521051,30.0,3.0,0.5,0.7990958746405034,42.0,3.0,0.0,1.0,1.0,819,0.36752136752136755,0.07448107448107448,0.38217338217338215,0.32722832722832723,0.09523809523809523,0.2600732600732601,48.207196029776675,6.882783882783883
2024-10-04,2,0,0,0,0,0,0,0,6,0,0,0,2024,10,4,4,278,40,4,0,0,1,-0.433883739117558,-0.9009688679024191,-0.9973249731081555,0.07309512989807776,-0.992708874098054,0.1205366802553232,-0.8660254037844386,0.5000000000000001,1.0,1.0,0.0,0.0,0.0,0.0,1.3333333333333333,0.5773502691896277,4.0,2.0,1.4285714285714286,0.9759000729485315,10.0,3.0,0.8571428571428571,1.027105182026192,12.0,3.0,0.7857142857142857,0.917207632583724,22.0,3.0,0.5535714285714286,0.8294498254789222,31.0,3.0,0.5238095238095238,0.81368106709223,44.0,3.0,1.0,2.0,2.0,819,0.36752136752136755,0.07448107448107448,0.38217338217338215,0.32722832722832723,0.09523809523809523,0.2600732600732601,48.207196029776675,6.882783882783883
2024-10-05,1,0,0,0,0,0,0,0,2,0,0,0,2024,10,5,5,279,40,4,1,0,0,-0.9749279121818236,-0.2225209339563146,-0.9959189961471792,0.0902516100310407,-0.992708874098054,0.1205366802553232,-0.8660254037844386,0.5000000000000001,2.0,1.0,1.0,3.0,2.0,1.0,1.3333333333333333,0.5773502691896277,4.0,2.0,1.1428571428571428,0.6900655593423521,8.0,2.0,0.7857142857142857,0.9749612559222303,11.0,3.0,0.7857142857142857,0.917207632583724,22.0,3.0,0.5714285714285714,0.8280786712108259,32.0,3.0,0.5357142857142857,0.8132402625379156,45.0,3.0,-1.0,-2.0,0.0,819,0.36752136752136755,0.07448107448107448,0.38217338217338215,0.32722832722832723,0.09523809523809523,0.2600732600732601,48.207196029776675,6.882783882783883
2024-10-06,0,0,0,0,0,0,0,0,0,0,0,0,2024,10,6,6,280,40,4,1,0,0,-0.7818314824680299,0.6234898018587334,-0.994217906893952,0.10738134666416306,-0.992708874098054,0.1205366802553232,-0.8660254037844386,0.5000000000000001,1.0,2.0,1.0,2.0,0.0,0.0,1.0,1.0000000000000007,3.0,2.0,0.8571428571428571,0.6900655593423524,6.0,2.0,0.7857142857142857,0.9749612559222303,11.0,3.0,0.7857142857142857,0.917207632583724,22.0,3.0,0.5714285714285714,0.8280786712108259,32.0,3.0,0.5238095238095238,0.81368106709223,44.0,3.0,-1.0,-2.0,0.0,819,0.36752136752136755,0.07448107448107448,0.38217338217338215,0.32722832722832723,0.09523809523809523,0.2600732600732601,48.207196029776675,6.882783882783883
2024-10-07,1,1,0,1,0,0,0,0,2,0,0,0,2024,10,7,0,281,41,4,0,1,0,0.0,1.0,-0.9922222094179324,0.12447926388678869,-0.9709418174260521,0.23931566428755738,-0.8660254037844386,0.5000000000000001,0.0,1.0,2.0,1.0,0.0,2.0,0.6666666666666666,0.5773502691896262,2.0,1.0,0.8571428571428571,0.6900655593423524,6.0,2.0,0.8571428571428571,0.9492622930986478,12.0,3.0,0.75,0.8871510790372942,21.0,3.0,0.5892857142857143,0.8263124153685513,33.0,3.0,0.5357142857142857,0.8132402625379156,45.0,3.0,1.0,0.0,-1.0,819,0.36752136752136755,0.07448107448107448,0.38217338217338215,0.32722832722832723,0.09523809523809523,0.2600732600732601,48.207196029776675,6.882783882783883
2024-10-08,0,0,0,0,0,0,0,0,0,0,0,0,2024,10,8,1,282,41,4,0,0,0,0.7818314824680298,0.6234898018587336,-0.989932495087353,0.141540295217043,-0.9709418174260521,0.23931566428755738,-0.8660254037844386,0.5000000000000001,1.0,0.0,1.0,0.0,0.0,0.0,0.3333333333333333,0.5773502691896254,1.0,1.0,0.8571428571428571,0.6900655593423524,6.0,2.0,0.8571428571428571,0.9492622930986478,12.0,3.0,0.75,0.8871510790372942,21.0,3.0,0.5892857142857143,0.8263124153685513,33.0,3.0,0.5357142857142857,0.8132402625379156,45.0,3.0,-1.0,0.0,0.0,819,0.36752136752136755,0.07448107448107448,0.38217338217338215,0.32722832722832723,0.09523809523809523,0.2600732600732601,48.207196029776675,6.882783882783883
2024-10-09,0,0,0,0,0,0,0,0,0,0,0,0,2024,10,9,2,283,41,4,0,0,0,0.9749279121818236,-0.22252093395631434,-0.9873494423939864,0.15855938510313475,-0.9709418174260521,0.23931566428755738,-0.8660254037844386,0.5000000000000001,0.0,1.0,0.0,1.0,0.0,0.0,0.3333333333333333,0.5773502691896254,1.0,1.0,0.7142857142857143,0.7559289460184528,5.0,2.0,0.8571428571428571,0.9492622930986478,12.0,3.0,0.75,0.8871510790372942,21.0,3.0,0.5892857142857143,0.8263124153685513,33.0,3.0,0.5357142857142857,0.8132402625379156,45.0,3.0,0.0,-1.0,0.0,819,0.36752136752136755,0.07448107448107448,0.38217338217338215,0.32722832722832723,0.09523809523809523,0.2600732600732601,48.207196029776675,6.882783882783883
2024-10-10,0,0,0,0,0,0,0,0,0,0,0,0,2024,10,10,3,284,41,4,0,0,0,0.43388373911755823,-0.900968867902419,-0.9844738167520923,0.17553149042142777,-0.9709418174260521,0.23931566428755738,-0.8660254037844386,0.5000000000000001,0.0,0.0,1.0,1.0,0.0,1.0,0.0,0.0,0.0,0.0,0.5714285714285714,0.7867957924694416,4.0,2.0,0.8571428571428571,0.9492622930986478,12.0,3.0,0.7142857142857143,0.8967902788460648,20.0,3.0,0.5892857142857143,0.8263124153685513,33.0,3.0,0.5357142857142857,0.8132402625379156,45.0,3.0,0.0,-1.0,-1.0,819,0.36752136752136755,0.07448107448107448,0.38217338217338215,0.32722832722832723,0.09523809523809523,0.2600732600732601,48.207196029776675,6.882783882783883
2024-10-11,0,0,0,0,0,0,0,0,0,0,0,0,2024,10,11,4,285,41,4,0,0,1,-0.433883739117558,-0.9009688679024191,-0.9813064702716093,0.19245158197082995,-0.9709418174260521,0.23931566428755738,-0.8660254037844386,0.5000000000000001,0.0,0.0,0.0,2.0,0.0,2.0,0.0,0.0,0.0,0.0,0.2857142857142857,0.4879500364742645,2.0,1.0,0.8571428571428571,0.9492622930986478,12.0,3.0,0.6428571428571429,0.8698354767504916,18.0,3.0,0.5714285714285714,0.8280786712108259,32.0,3.0,0.5357142857142857,0.8132402625379156,45.0,3.0,0.0,-2.0,-2.0,819,0.36752136752136755,0.07448107448107448,0.38217338217338215,0.32722832722832723,0.09523809523809523,0.2600732600732601,48.207196029776675,6.882783882783883
2024-10-12,0,0,0,0,0,0,0,0,0,0,0,0,2024,10,12,5,286,41,4,1,0,0,-0.9749279121818236,-0.2225209339563146,-0.9778483415056567,0.20931464596304888,-0.9709418174260521,0.23931566428755738,-0.8660254037844386,0.5000000000000001,0.0,0.0,0.0,1.0,3.0,2.0,0.0,0.0,0.0,0.0,0.14285714285714285,0.3779644730092247,1.0,1.0,0.6428571428571429,0.7449463436684932,9.0,2.0,0.5714285714285714,0.8357108940373439,16.0,3.0,0.5535714285714286,0.8294498254789222,31.0,3.0,0.5357142857142857,0.8132402625379156,45.0,3.0,0.0,-1.0,-2.0,819,0.36752136752136755,0.07448107448107448,0.38217338217338215,0.32722832722832723,0.09523809523809523,0.2600732600732601,48.207196029776675,6.882783882783883
2024-10-13,0,0,0,0,0,0,0,0,0,0,0,0,2024,10,13,6,287,41,4,1,0,0,-0.7818314824680299,0.6234898018587334,-0.9741004551724206,0.22611568550828803,-0.9709418174260521,0.23931566428755738,-0.8660254037844386,0.5000000000000001,0.0,0.0,0.0,0.0,2.0,0.0,0.0,0.0,0.0,0.0,0.14285714285714285,0.3779644730092247,1.0,1.0,0.5,0.6504436355879922,7.0,2.0,0.5714285714285714,0.8357108940373439,16.0,3.0,0.5535714285714286,0.8294498254789222,31.0,3.0,0.5357142857142857,0.8132402625379156,45.0,3.0,0.0,0.0,0.0,819,0.36752136752136755,0.07448107448107448,0.38217338217338215,0.32722832722832723,0.09523809523809523,0.2600732600732601,48.207196029776675,6.882783882783883
2024-10-14,2,0,0,1,0,0,0,0,4,0,0,0,2024,10,14,0,288,42,4,0,1,0,0.0,1.0,-0.970063921851507,0.2428497220959358,-0.9350162426854148,0.35460488704253557,-0.8660254037844386,0.5000000000000001,0.0,0.0,0.0,1.0,1.0,0.0,0.6666666666666666,1.1547005383792517,2.0,2.0,0.2857142857142857,0.7559289460184531,2.0,2.0,0.5714285714285714,0.7559289460184557,8.0,2.0,0.6428571428571429,0.8698354767504916,18.0,3.0,0.5714285714285714,0.8497516825978773,32.0,3.0,0.5595238095238095,0.8265356715192319,47.0,3.0,2.0,1.0,2.0,819,0.36752136752136755,0.07448107448107448,0.38217338217338215,0.32722832722832723,0.09523809523809523,0.2600732600732601,48.207196029776675,6.882783882783883
2024-10-15,1,1,0,1,0,0,0,0,2,0,0,0,2024,10,15,1,289,42,4,0,0,0,0.7818314824680298,0.6234898018587336,-0.965739937654855,0.25951179706979943,-0.9350162426854148,0.35460488704253557,-0.8660254037844386,0.5000000000000001,2.0,0.0,0.0,0.0,0.0,1.0,1.0,1.0000000000000007,3.0,2.0,0.42857142857142855,0.7867957924694419,3.0,2.0,0.6428571428571429,0.7449463436684933,9.0,2.0,0.6428571428571429,0.8698354767504916,18.0,3.0,0.5892857142857143,0.8480305679371739,33.0,3.0,0.5714285714285714,0.825580690643986,48.0,3.0,-1.0,1.0,0.0,819,0.36752136752136755,0.07448107448107448,0.38217338217338215,0.32722832722832723,0.09523809523809523,0.2600732600732601,48.207196029776675,6.882783882783883
2024-10-16,1,1,0,0,0,0,0,0,2,0,0,0,2024,10,16,2,290,42,4,0,0,0,0.9749279121818236,-0.22252093395631434,-0.9611297838723007,0.27609697309746883,-0.9350162426854148,0.35460488704253557,-0.8660254037844386,0.5000000000000001,1.0,2.0,0.0,0.0,1.0,0.0,1.3333333333333333,0.5773502691896281,4.0,2.0,0.5714285714285714,0.7867957924694416,4.0,2.0,0.6428571428571429,0.7449463436684933,9.0,2.0,0.6785714285714286,0.8629652337776957,19.0,3.0,0.6071428571428571,0.8459222278581034,34.0,3.0,0.5833333333333334,0.8244506507378166,49.0,3.0,0.0,1.0,1.0,819,0.36752136752136755,0.07448107448107448,0.38217338217338215,0.32722832722832723,0.09523809523809523,0.2600732600732601,48.207196029776675,6.882783882783883
2024-10-17,2,1,0,1,0,0,0,0,4,0,0,0,2024,10,17,3,291,42,4,0,0,0,0.43388373911755823,-0.900968867902419,-0.9562348265919058,0.2926003356333479,-0.9350162426854148,0.35460488704253557,-0.8660254037844386,0.5000000000000001,1.0,1.0,2.0,0.0,1.0,1.0,1.3333333333333333,0.5773502691896281,4.0,2.0,0.8571428571428571,0.8997354108424359,6.0,2.0,0.7142857142857143,0.8254203058555581,10.0,2.0,0.7142857142857143,0.8967902788460648,20.0,3.0,0.6428571428571429,0.8618916073713355,36.0,3.0,0.6071428571428571,0.8361970302039228,51.0,3.0,1.0,2.0,1.0,819,0.36752136752136755,0.07448107448107448,0.38217338217338215,0.32722832722832723,0.09523809523809523,0.2600732600732601,48.207196029776675,6.882783882783883
2024-10-18,0,0,0,0,0,0,0,0,0,0,0,0,2024,10,18,4,292,42,4,0,0,1,-0.433883739117558,-0.9009688679024191,-0.9510565162951536,0.30901699437494723,-0.9350162426854148,0.35460488704253557,-0.8660254037844386,0.5000000000000001,2.0,1.0,1.0,0.0,2.0,0.0,1.0,1.0000000000000009,3.0,2.0,0.8571428571428571,0.8997354108424359,6.0,2.0,0.5714285714285714,0.7559289460184557,8.0,2.0,0.7142857142857143,0.8967902788460648,20.0,3.0,0.5892857142857143,0.8040078180145843,33.0,3.0,0.5714285714285714,0.7958584708852847,48.0,3.0,-2.0,0.0,0.0,819,0.36752136752136755,0.07448107448107448,0.38217338217338215,0.32722832722832723,0.09523809523809523,0.2600732600732601,48.207196029776675,6.882783882783883
2024-10-19,0,0,0,0,0,0,0,0,0,0,0,0,2024,10,19,5,293,42,4,1,0,0,-0.9749279121818236,-0.2225209339563146,-0.9455963874271428,0.3253420847119795,-0.9350162426854148,0.35460488704253557,-0.8660254037844386,0.5000000000000001,0.0,2.0,1.0,0.0,1.0,2.0,0.6666666666666666,1.154700538379252,2.0,2.0,0.8571428571428571,0.8997354108424359,6.0,2.0,0.5,0.7595545253127511,7.0,2.0,0.6428571428571429,0.8698354767504916,18.0,3.0,0.5714285714285714,0.8058229640253812,32.0,3.0,0.5595238095238095,0.796849073042951,47.0,3.0,0.0,0.0,-2.0,819,0.36752136752136755,0.07448107448107448,0.38217338217338215,0.32722832722832723,0.09523809523809523,0.2600732600732601,48.207196029776675,6.882783882783883
2024-10-20,1,0,0,0,0,0,0,0,2,0,0,0,2024,10,20,6,294,42,4,1,0,0,-0.7818314824680299,0.6234898018587334,-0.9398560579418953,0.341570769167856,-0.9350162426854148,0.35460488704253557,-0.8660254037844386,0.5000000000000001,0.0,0.0,2.0,0.0,0.0,0.0,0.3333333333333333,0.5773502691896258,1.0,1.0,1.0,0.8164965809277244,7.0,2.0,0.5714285714285714,0.7559289460184557,8.0,2.0,0.6785714285714286,0.8629652337776957,19.0,3.0,0.5892857142857143,0.8040078180145843,33.0,3.0,0.5476190476190477,0.7824084211357542,46.0,3.0,1.0,1.0,1.0,819,0.36752136752136755,0.07448107448107448,0.38217338217338215,0.32722832722832723,0.09523809523809523,0.2600732600732601,48.207196029776675,6.882783882783883
2024-10-21,0,0,0,0,0,0,0,0,0,0,0,0,2024,10,21,0,295,43,4,0,1,0,0.0,1.0,-0.9338372288229252,0.35769823883312546,-0.8854560256532101,0.464723172043768,-0.8660254037844386,0.5000000000000001,1.0,0.0,0.0,2.0,1.0,0.0,0.3333333333333333,0.5773502691896258,1.0,1.0,0.7142857142857143,0.7559289460184528,5.0,2.0,0.5,0.7595545253127511,7.0,2.0,0.6785714285714286,0.8629652337776957,19.0,3.0,0.5892857142857143,0.8040078180145843,33.0,3.0,0.5476190476190477,0.7824084211357542,46.0,3.0,-1.0,-2.0,0.0,819,0.36752136752136755,0.07448107448107448,0.38217338217338215,0.32722832722832723,0.09523809523809523,0.2600732600732601,48.207196029776675,6.882783882783883
2024-10-22,0,0,0,0,0,0,0,0,0,0,0,0,2024,10,22,1,296,43,4,0,0,0,0.7818314824680298,0.6234898018587336,-0.9275416835791965,0.3737197147904692,-0.8854560256532101,0.464723172043768,-0.8660254037844386,0.5000000000000001,0.0,1.0,0.0,1.0,0.0,0.0,0.3333333333333333,0.5773502691896258,1.0,1.0,0.5714285714285714,0.7867957924694419,4.0,2.0,0.5,0.7595545253127511,7.0,2.0,0.6785714285714286,0.8629652337776957,19.0,3.0,0.5714285714285714,0.8058229640253812,32.0,3.0,0.5357142857142857,0.7830497771715413,45.0,3.0,0.0,-1.0,0.0,819,0.36752136752136755,0.07448107448107448,0.38217338217338215,0.32722832722832723,0.09523809523809523,0.2600732600732601,48.207196029776675,6.882783882783883
2024-10-23,0,0,0,0,0,0,0,0,0,0,0,0,2024,10,23,2,297,43,4,0,0,0,0.9749279121818236,-0.22252093395631434,-0.9209712877166347,0.38963044953078774,-0.8854560256532101,0.464723172043768,-0.8660254037844386,0.5000000000000001,0.0,0.0,1.0,1.0,0.0,0.0,0.0,0.0,0.0,0.0,0.42857142857142855,0.786795792469442,3.0,2.0,0.5,0.7595545253127511,7.0,2.0,0.6785714285714286,0.8629652337776957,19.0,3.0,0.5714285714285714,0.8058229640253812,32.0,3.0,0.5357142857142857,0.7830497771715413,45.0,3.0,0.0,-1.0,0.0,819,0.36752136752136755,0.07448107448107448,0.38217338217338215,0.32722832722832723,0.09523809523809523,0.2600732600732601,48.207196029776675,6.882783882783883
2024-10-24,0,0,0,0,0,0,0,0,0,0,0,0,2024,10,24,3,298,43,4,0,0,0,0.43388373911755823,-0.900968867902419,-0.9141279881853337,0.4054257283599973,-0.8854560256532101,0.464723172043768,-0.8660254037844386,0.5000000000000001,0.0,0.0,0.0,2.0,0.0,0.0,0.0,0.0,0.0,0.0,0.14285714285714285,0.37796447300922525,1.0,1.0,0.5,0.7595545253127511,7.0,2.0,0.6785714285714286,0.8629652337776957,19.0,3.0,0.5714285714285714,0.8058229640253812,32.0,3.0,0.5238095238095238,0.7835075672002234,44.0,3.0,0.0,-2.0,0.0,819,0.36752136752136755,0.07448107448107448,0.38217338217338215,0.32722832722832723,0.09523809523809523,0.2600732600732601,48.207196029776675,6.882783882783883
2024-10-25,0,0,0,0,0,0,0,0,0,0,0,0,2024,10,25,4,299,43,4,0,0,1,-0.433883739117558,-0.9009688679024191,-0.9070138128026362,0.42110087079608916,-0.8854560256532101,0.464723172043768,-0.8660254037844386,0.5000000000000001,0.0,0.0,0.0,0.0,0.0,0.0,0.0,0.0,0.0,0.0,0.14285714285714285,0.37796447300922525,1.0,1.0,0.5,0.7595545253127511,7.0,2.0,0.6785714285714286,0.8629652337776957,19.0,3.0,0.5714285714285714,0.8058229640253812,32.0,3.0,0.5238095238095238,0.7835075672002234,44.0,3.0,0.0,0.0,0.0,819,0.36752136752136755,0.07448107448107448,0.38217338217338215,0.32722832722832723,0.09523809523809523,0.2600732600732601,48.207196029776675,6.882783882783883
2024-10-26,1,0,0,0,0,0,0,0,2,0,0,0,2024,10,26,5,300,43,4,1,0,0,-0.9749279121818236,-0.2225209339563146,-0.8996308696522434,0.4366512319560638,-0.8854560256532101,0.464723172043768,-0.8660254037844386,0.5000000000000001,0.0,0.0,0.0,0.0,0.0,3.0,0.3333333333333333,0.5773502691896258,1.0,1.0,0.2857142857142857,0.4879500364742648,2.0,1.0,0.5714285714285714,0.7559289460184557,8.0,2.0,0.6071428571428571,0.7373267889143809,17.0,2.0,0.5892857142857143,0.8040078180145843,33.0,3.0,0.5119047619047619,0.7682564773022167,43.0,3.0,1.0,1.0,-2.0,819,0.36752136752136755,0.07448107448107448,0.38217338217338215,0.32722832722832723,0.09523809523809523,0.2600732600732601,48.207196029776675,6.882783882783883
2024-10-27,1,0,1,0,0,0,0,0,2,0,0,1,2024,10,27,6,301,43,4,1,0,0,-0.7818314824680299,0.6234898018587334,-0.8919813464595487,0.45207220393230374,-0.8854560256532101,0.464723172043768,-0.8660254037844386,0.5000000000000001,1.0,0.0,0.0,1.0,0.0,2.0,0.6666666666666666,0.5773502691896266,2.0,1.0,0.2857142857142857,0.4879500364742648,2.0,1.0,0.6428571428571429,0.7449463436684932,9.0,2.0,0.5714285714285714,0.690065559342353,16.0,2.0,0.6071428571428571,0.8017837257372741,34.0,3.0,0.5238095238095238,0.767976381354169,44.0,3.0,0.0,0.0,-1.0,819,0.36752136752136755,0.07448107448107448,0.38217338217338215,0.32722832722832723,0.09523809523809523,0.2600732600732601,48.207196029776675,6.882783882783883
2024-10-28,0,0,0,0,0,0,0,0,0,0,0,0,2024,10,28,0,302,44,4,0,1,0,0.0,1.0,-0.8840675099433637,0.46735921715800205,-0.822983865893657,0.5680647467311548,-0.8660254037844386,0.5000000000000001,1.0,1.0,0.0,0.0,2.0,1.0,0.6666666666666666,0.5773502691896266,2.0,1.0,0.2857142857142857,0.4879500364742648,2.0,1.0,0.5,0.6504436355879923,7.0,2.0,0.5357142857142857,0.6929348671835821,15.0,2.0,0.6071428571428571,0.8017837257372741,34.0,3.0,0.5238095238095238,0.767976381354169,44.0,3.0,-1.0,0.0,-1.0,819,0.36752136752136755,0.07448107448107448,0.38217338217338215,0.32722832722832723,0.09523809523809523,0.2600732600732601,48.207196029776675,6.882783882783883
2024-10-29,2,1,0,2,0,4,0,1,4,0,0,0,2024,10,29,1,303,44,4,0,0,0,0.7818314824680298,0.6234898018587336,-0.8758917051442433,0.48250774176121763,-0.822983865893657,0.5680647467311548,-0.8660254037844386,0.5000000000000001,0.0,1.0,1.0,0.0,1.0,0.0,1.0,1.0000000000000009,3.0,2.0,0.5714285714285714,0.7867957924694418,4.0,2.0,0.5714285714285714,0.7559289460184557,8.0,2.0,0.6071428571428571,0.737326788914381,17.0,2.0,0.625,0.82158383625775,35.0,3.0,0.5357142857142857,0.7830497771715413,45.0,3.0,2.0,2.0,2.0,819,0.36752136752136755,0.07448107448107448,0.38217338217338215,0.32722832722832723,0.09523809523809523,0.2600732600732601,48.207196029776675,6.882783882783883
2024-10-30,2,0,0,0,0,0,0,0,4,0,0,1,2024,10,30,2,304,44,4,0,0,0,0.9749279121818236,-0.22252093395631434,-0.8674563547295971,0.4975132889071803,-0.822983865893657,0.5680647467311548,-0.8660254037844386,0.5000000000000001,2.0,0.0,1.0,0.0,1.0,1.0,1.3333333333333333,1.1547005383792526,4.0,2.0,0.8571428571428571,0.8997354108424359,6.0,2.0,0.6428571428571429,0.8418973861410967,9.0,2.0,0.6428571428571429,0.7800420555749586,18.0,2.0,0.6607142857142857,0.8372419160398191,37.0,3.0,0.5595238095238095,0.796849073042951,47.0,3.0,0.0,2.0,1.0,819,0.36752136752136755,0.07448107448107448,0.38217338217338215,0.32722832722832723,0.09523809523809523,0.2600732600732601,48.207196029776675,6.882783882783883
2024-10-31,3,0,0,0,0,0,0,0,7,3,3,0,2024,10,31,3,305,44,4,0,0,0,0.43388373911755823,-0.900968867902419,-0.858763958275803,0.5123714121284235,-0.822983865893657,0.5680647467311548,-0.8660254037844386,0.5000000000000001,2.0,2.0,0.0,0.0,2.0,1.0,2.3333333333333335,0.5773502691896298,7.0,3.0,1.2857142857142858,1.1126972805283721,9.0,3.0,0.7142857142857143,0.9944903161976948,10.0,3.0,0.7142857142857143,0.8967902788460648,20.0,3.0,0.7142857142857143,0.8886002417343758,40.0,3.0,0.5952380952380952,0.837653745917334,50.0,3.0,1.0,3.0,2.0,819,0.36752136752136755,0.07448107448107448,0.38217338217338215,0.32722832722832723,0.09523809523809523,0.2600732600732601,48.207196029776675,6.882783882783883
2024-11-01,0,0,0,0,0,0,0,0,0,0,0,0,2024,11,1,4,306,44,4,0,0,1,-0.433883739117558,-0.9009688679024191,-0.8498170915275277,0.5270777086423724,-0.822983865893657,0.5680647467311548,-0.5000000000000004,0.8660254037844384,3.0,2.0,2.0,0.0,0.0,2.0,1.6666666666666667,1.5275252316519476,5.0,3.0,1.2857142857142858,1.1126972805283721,9.0,3.0,0.7142857142857143,0.9944903161976948,10.0,3.0,0.6428571428571429,0.8698354767504916,18.0,3.0,0.7142857142857143,0.8886002417343758,40.0,3.0,0.5833333333333334,0.8389369827610283,49.0,3.0,-3.0,0.0,-2.0,819,0.36752136752136755,0.07448107448107448,0.38217338217338215,0.32722832722832723,0.09523809523809523,0.2600732600732601,48.207196029776675,6.882783882783883
2024-11-02,0,0,0,0,0,0,0,0,0,0,0,0,2024,11,2,5,307,44,4,1,0,0,-0.9749279121818236,-0.2225209339563146,-0.8406184056344783,0.5416278206559811,-0.822983865893657,0.5680647467311548,-0.5000000000000004,0.8660254037844384,0.0,3.0,2.0,1.0,0.0,1.0,1.0,1.7320508075688779,3.0,3.0,1.1428571428571428,1.2149857925879106,8.0,3.0,0.7142857142857143,0.9944903161976948,10.0,3.0,0.6071428571428571,0.8751417118804327,17.0,3.0,0.6964285714285714,0.8927922054307618,39.0,3.0,0.5833333333333334,0.8389369827610283,49.0,3.0,0.0,-1.0,-1.0,819,0.36752136752136755,0.07448107448107448,0.38217338217338215,0.32722832722832723,0.09523809523809523,0.2600732600732601,48.207196029776675,6.882783882783883
2024-11-03,0,0,0,0,0,0,0,0,0,0,0,0,2024,11,3,6,308,44,4,1,0,0,-0.7818314824680299,0.6234898018587334,-0.8311706263658079,0.5560174366570446,-0.822983865893657,0.5680647467311548,-0.5000000000000004,0.8660254037844384,0.0,0.0,3.0,1.0,1.0,0.0,0.0,0.0,0.0,0.0,1.0,1.2909944487358047,7.0,3.0,0.6428571428571429,1.0082080720186277,9.0,3.0,0.6071428571428571,0.8751417118804327,17.0,3.0,0.6964285714285714,0.8927922054307618,39.0,3.0,0.5833333333333334,0.8389369827610283,49.0,3.0,0.0,-1.0,0.0,819,0.36752136752136755,0.07448107448107448,0.38217338217338215,0.32722832722832723,0.09523809523809523,0.2600732600732601,48.207196029776675,6.882783882783883
2024-11-04,1,1,0,1,0,0,0,0,2,0,0,1,2024,11,4,0,309,45,4,0,1,0,0.0,1.0,-0.8214765533024145,0.5702422926917867,-0.7485107481711011,0.6631226582407952,-0.5000000000000004,0.8660254037844384,0.0,0.0,0.0,0.0,0.0,1.0,0.3333333333333333,0.5773502691896264,1.0,1.0,1.1428571428571428,1.2149857925879106,8.0,3.0,0.7142857142857143,0.9944903161976948,10.0,3.0,0.6071428571428571,0.8751417118804327,17.0,3.0,0.6785714285714286,0.8760893034003263,38.0,3.0,0.5952380952380952,0.837653745917334,50.0,3.0,1.0,1.0,0.0,819,0.36752136752136755,0.07448107448107448,0.38217338217338215,0.32722832722832723,0.09523809523809523,0.2600732600732601,48.207196029776675,6.882783882783883
2024-11-05,0,0,0,0,0,0,0,0,0,0,0,0,2024,11,5,1,310,45,4,0,0,0,0.7818314824680298,0.6234898018587336,-0.8115390590073611,0.5842981736283683,-0.7485107481711011,0.6631226582407952,-0.5000000000000004,0.8660254037844384,1.0,0.0,0.0,2.0,0.0,0.0,0.3333333333333333,0.5773502691896264,1.0,1.0,0.8571428571428571,1.2149857925879106,6.0,3.0,0.7142857142857143,0.9944903161976948,10.0,3.0,0.6071428571428571,0.8751417118804327,17.0,3.0,0.6785714285714286,0.8760893034003263,38.0,3.0,0.5952380952380952,0.837653745917334,50.0,3.0,-1.0,-2.0,0.0,819,0.36752136752136755,0.07448107448107448,0.38217338217338215,0.32722832722832723,0.09523809523809523,0.2600732600732601,48.207196029776675,6.882783882783883
2024-11-06,1,0,0,0,0,0,0,0,1,1,1,0,2024,11,6,2,311,45,4,0,0,0,0.9749279121818236,-0.22252093395631434,-0.801361088174677,0.5981809144059158,-0.7485107481711011,0.6631226582407952,-0.5000000000000004,0.8660254037844384,0.0,1.0,0.0,2.0,0.0,0.0,0.6666666666666666,0.5773502691896271,2.0,1.0,0.7142857142857143,1.1126972805283726,5.0,3.0,0.7857142857142857,0.9749612559222303,11.0,3.0,0.6428571428571429,0.8698354767504916,18.0,3.0,0.6964285714285714,0.8721893634494101,39.0,3.0,0.6071428571428571,0.8361970302039228,51.0,3.0,1.0,-1.0,1.0,819,0.36752136752136755,0.07448107448107448,0.38217338217338215,0.32722832722832723,0.09523809523809523,0.2600732600732601,48.207196029776675,6.882783882783883
2024-11-07,0,0,0,0,0,0,0,0,0,0,0,0,2024,11,7,3,312,45,4,0,0,0,0.43388373911755823,-0.900968867902419,-0.7909456567567774,0.6118864012687242,-0.7485107481711011,0.6631226582407952,-0.5000000000000004,0.8660254037844384,1.0,0.0,1.0,3.0,0.0,0.0,0.3333333333333333,0.5773502691896264,1.0,1.0,0.2857142857142857,0.48795003647426477,2.0,1.0,0.7857142857142857,0.9749612559222303,11.0,3.0,0.6428571428571429,0.8698354767504916,18.0,3.0,0.6785714285714286,0.8760893034003263,38.0,3.0,0.6071428571428571,0.8361970302039228,51.0,3.0,-1.0,-3.0,0.0,819,0.36752136752136755,0.07448107448107448,0.38217338217338215,0.32722832722832723,0.09523809523809523,0.2600732600732601,48.207196029776675,6.882783882783883
2024-11-08,0,0,0,0,0,0,0,0,0,0,0,0,2024,11,8,4,313,45,4,0,0,1,-0.433883739117558,-0.9009688679024191,-0.780295851070776,0.6254105729852457,-0.7485107481711011,0.6631226582407952,-0.5000000000000004,0.8660254037844384,0.0,1.0,0.0,0.0,0.0,0.0,0.3333333333333333,0.5773502691896264,1.0,1.0,0.2857142857142857,0.48795003647426477,2.0,1.0,0.7857142857142857,0.9749612559222303,11.0,3.0,0.6428571428571429,0.8698354767504916,18.0,3.0,0.6428571428571429,0.8618916073713355,36.0,3.0,0.5952380952380952,0.837653745917334,50.0,3.0,0.0,0.0,0.0,819,0.36752136752136755,0.07448107448107448,0.38217338217338215,0.32722832722832723,0.09523809523809523,0.2600732600732601,48.207196029776675,6.882783882783883
2024-11-09,1,0,0,0,0,0,0,0,2,0,0,1,2024,11,9,5,314,45,4,1,0,0,-0.9749279121818236,-0.2225209339563146,-0.7694148268839381,0.6387494220515268,-0.7485107481711011,0.6631226582407952,-0.5000000000000004,0.8660254037844384,0.0,0.0,1.0,0.0,1.0,0.0,0.3333333333333333,0.5773502691896264,1.0,1.0,0.42857142857142855,0.5345224838248469,3.0,1.0,0.7857142857142857,0.9749612559222303,11.0,3.0,0.6785714285714286,0.8629652337776957,19.0,3.0,0.625,0.8434237584771002,35.0,3.0,0.5952380952380952,0.837653745917334,50.0,3.0,1.0,1.0,1.0,819,0.36752136752136755,0.07448107448107448,0.38217338217338215,0.32722832722832723,0.09523809523809523,0.2600732600732601,48.207196029776675,6.882783882783883
2024-11-10,2,2,0,2,0,0,0,0,4,0,0,2,2024,11,10,6,315,45,4,1,0,0,-0.7818314824680299,0.6234898018587334,-0.7583058084785625,0.6518989958787125,-0.7485107481711011,0.6631226582407952,-0.5000000000000004,0.8660254037844384,1.0,0.0,0.0,0.0,1.0,0.0,1.0,1.000000000000001,3.0,2.0,0.7142857142857143,0.7559289460184528,5.0,2.0,0.8571428571428571,1.027105182026192,12.0,3.0,0.75,0.8871510790372942,21.0,3.0,0.6607142857142857,0.8586836800228964,37.0,3.0,0.6190476190476191,0.8488796571975927,52.0,3.0,1.0,2.0,2.0,819,0.36752136752136755,0.07448107448107448,0.38217338217338215,0.32722832722832723,0.09523809523809523,0.2600732600732601,48.207196029776675,6.882783882783883
2024-11-11,0,0,0,0,0,0,0,0,0,0,0,0,2024,11,11,0,316,46,4,0,1,0,0.0,1.0,-0.7469720876965551,0.6648553979642866,-0.6631226582407955,0.7485107481711007,-0.5000000000000004,0.8660254037844384,2.0,1.0,0.0,1.0,0.0,2.0,1.0,1.000000000000001,3.0,2.0,0.5714285714285714,0.7867957924694419,4.0,2.0,0.8571428571428571,1.027105182026192,12.0,3.0,0.6785714285714286,0.8629652337776957,19.0,3.0,0.6607142857142857,0.8586836800228964,37.0,3.0,0.6071428571428571,0.8504833089861487,51.0,3.0,-2.0,-1.0,-2.0,819,0.36752136752136755,0.07448107448107448,0.38217338217338215,0.32722832722832723,0.09523809523809523,0.2600732600732601,48.207196029776675,6.882783882783883
2024-11-12,1,0,0,0,0,0,0,0,2,0,0,1,2024,11,12,1,317,46,4,0,0,0,0.7818314824680298,0.6234898018587336,-0.7354170229639858,0.6776147890466887,-0.6631226582407955,0.7485107481711007,-0.5000000000000004,0.8660254037844384,0.0,2.0,1.0,0.0,2.0,1.0,1.0,1.000000000000001,3.0,2.0,0.7142857142857143,0.7559289460184528,5.0,2.0,0.7857142857142857,0.9749612559222303,11.0,3.0,0.6785714285714286,0.8629652337776957,19.0,3.0,0.6607142857142857,0.8586836800228964,37.0,3.0,0.6190476190476191,0.8488796571975927,52.0,3.0,1.0,1.0,0.0,819,0.36752136752136755,0.07448107448107448,0.38217338217338215,0.32722832722832723,0.09523809523809523,0.2600732600732601,48.207196029776675,6.882783882783883
2024-11-13,0,0,0,0,0,0,0,0,0,0,0,0,2024,11,13,2,318,46,4,0,0,0,0.9749279121818236,-0.22252093395631434,-0.7236440382959124,0.690173388242972,-0.6631226582407955,0.7485107481711007,-0.5000000000000004,0.8660254037844384,1.0,0.0,2.0,1.0,2.0,1.0,0.3333333333333333,0.5773502691896266,1.0,1.0,0.5714285714285714,0.7867957924694419,4.0,2.0,0.6428571428571429,0.9287827316640661,9.0,3.0,0.6428571428571429,0.8698354767504916,18.0,3.0,0.6607142857142857,0.8586836800228964,37.0,3.0,0.6190476190476191,0.8488796571975927,52.0,3.0,-1.0,-1.0,-1.0,819,0.36752136752136755,0.07448107448107448,0.38217338217338215,0.32722832722832723,0.09523809523809523,0.2600732600732601,48.207196029776675,6.882783882783883
2024-11-14,0,0,0,0,0,0,0,0,0,0,0,0,2024,11,14,3,319,46,4,0,0,0,0.43388373911755823,-0.900968867902419,-0.711656622281775,0.7025274741691566,-0.6631226582407955,0.7485107481711007,-0.5000000000000004,0.8660254037844384,0.0,1.0,0.0,0.0,3.0,2.0,0.3333333333333333,0.5773502691896266,1.0,1.0,0.5714285714285714,0.7867957924694419,4.0,2.0,0.42857142857142855,0.6462061726588656,6.0,2.0,0.5714285714285714,0.8357108940373439,16.0,3.0,0.6428571428571429,0.8618916073713355,36.0,3.0,0.6190476190476191,0.8488796571975927,52.0,3.0,0.0,0.0,-2.0,819,0.36752136752136755,0.07448107448107448,0.38217338217338215,0.32722832722832723,0.09523809523809523,0.2600732600732601,48.207196029776675,6.882783882783883
2024-11-15,0,0,0,0,0,0,0,0,0,0,0,0,2024,11,15,4,320,46,4,0,0,1,-0.433883739117558,-0.9009688679024191,-0.6994583270516471,0.7146733860429608,-0.6631226582407955,0.7485107481711007,-0.5000000000000004,0.8660254037844384,0.0,0.0,1.0,0.0,0.0,0.0,0.0,0.0,0.0,0.0,0.5714285714285714,0.7867957924694419,4.0,2.0,0.42857142857142855,0.6462061726588656,6.0,2.0,0.5714285714285714,0.8357108940373439,16.0,3.0,0.6428571428571429,0.8618916073713355,36.0,3.0,0.5833333333333334,0.8097051870649222,49.0,3.0,0.0,0.0,0.0,819,0.36752136752136755,0.07448107448107448,0.38217338217338215,0.32722832722832723,0.09523809523809523,0.2600732600732601,48.207196029776675,6.882783882783883
2024-11-16,0,0,0,0,0,0,0,0,0,0,0,0,2024,11,16,5,321,46,4,1,0,0,-0.9749279121818236,-0.2225209339563146,-0.6870527672236675,0.7266075247685652,-0.6631226582407955,0.7485107481711007,-0.5000000000000004,0.8660254037844384,0.0,0.0,0.0,1.0,0.0,0.0,0.0,0.0,0.0,0.0,0.42857142857142855,0.7867957924694419,3.0,2.0,0.42857142857142855,0.6462061726588656,6.0,2.0,0.5714285714285714,0.8357108940373439,16.0,3.0,0.6071428571428571,0.8459222278581036,34.0,3.0,0.5714285714285714,0.81085577707878,48.0,3.0,0.0,-1.0,0.0,819,0.36752136752136755,0.07448107448107448,0.38217338217338215,0.32722832722832723,0.09523809523809523,0.2600732600732601,48.207196029776675,6.882783882783883
2024-11-17,0,0,0,0,0,0,0,0,0,0,0,0,2024,11,17,6,322,46,4,1,0,0,-0.7818314824680299,0.6234898018587334,-0.6744436188329457,0.7383263540031063,-0.6631226582407955,0.7485107481711007,-0.5000000000000004,0.8660254037844384,0.0,0.0,0.0,2.0,0.0,1.0,0.0,0.0,0.0,0.0,0.14285714285714285,0.37796447300922514,1.0,1.0,0.42857142857142855,0.6462061726588656,6.0,2.0,0.5357142857142857,0.8380817098475247,15.0,3.0,0.6071428571428571,0.8459222278581036,34.0,3.0,0.5714285714285714,0.81085577707878,48.0,3.0,0.0,-2.0,-1.0,819,0.36752136752136755,0.07448107448107448,0.38217338217338215,0.32722832722832723,0.09523809523809523,0.2600732600732601,48.207196029776675,6.882783882783883
2024-11-18,2,1,0,1,0,0,0,0,4,0,0,1,2024,11,18,0,323,47,4,0,1,0,0.0,1.0,-0.661634618242279,0.749826401204568,-0.5680647467311559,0.8229838658936564,-0.5000000000000004,0.8660254037844384,0.0,0.0,0.0,0.0,1.0,0.0,0.6666666666666666,1.1547005383792521,2.0,2.0,0.42857142857142855,0.7867957924694419,3.0,2.0,0.5,0.7595545253127514,7.0,2.0,0.6071428571428571,0.8751417118804327,17.0,3.0,0.6428571428571429,0.8618916073713355,36.0,3.0,0.5952380952380952,0.8231448308209028,50.0,3.0,2.0,2.0,2.0,819,0.36752136752136755,0.07448107448107448,0.38217338217338215,0.32722832722832723,0.09523809523809523,0.2600732600732601,48.207196029776675,6.882783882783883
2024-11-19,0,0,0,0,0,0,0,0,0,0,0,0,2024,11,19,1,324,47,4,0,0,0,0.7818314824680298,0.6234898018587336,-0.6486295610349818,0.7611042586607742,-0.5680647467311559,0.8229838658936564,-0.5000000000000004,0.8660254037844384,2.0,0.0,0.0,1.0,0.0,0.0,0.6666666666666666,1.1547005383792521,2.0,2.0,0.2857142857142857,0.7559289460184533,2.0,2.0,0.5,0.7595545253127514,7.0,2.0,0.6071428571428571,0.8751417118804327,17.0,3.0,0.6428571428571429,0.8618916073713355,36.0,3.0,0.5833333333333334,0.8244506507378166,49.0,3.0,-2.0,-1.0,0.0,819,0.36752136752136755,0.07448107448107448,0.38217338217338215,0.32722832722832723,0.09523809523809523,0.2600732600732601,48.207196029776675,6.882783882783883
2024-11-20,0,0,0,0,0,0,0,0,0,0,0,0,2024,11,20,2,325,47,4,0,0,0,0.9749279121818236,-0.22252093395631434,-0.6354323008901775,0.7721565844991641,-0.5680647467311559,0.8229838658936564,-0.5000000000000004,0.8660254037844384,0.0,2.0,0.0,0.0,1.0,0.0,0.6666666666666666,1.1547005383792521,2.0,2.0,0.2857142857142857,0.7559289460184533,2.0,2.0,0.42857142857142855,0.7559289460184558,6.0,2.0,0.6071428571428571,0.8751417118804327,17.0,3.0,0.6428571428571429,0.8618916073713355,36.0,3.0,0.5833333333333334,0.8244506507378166,49.0,3.0,0.0,0.0,0.0,819,0.36752136752136755,0.07448107448107448,0.38217338217338215,0.32722832722832723,0.09523809523809523,0.2600732600732601,48.207196029776675,6.882783882783883
2024-11-21,0,0,0,0,0,0,0,0,0,0,0,0,2024,11,21,3,326,47,4,0,0,0,0.43388373911755823,-0.900968867902419,-0.622046748440868,0.7829801036770624,-0.5680647467311559,0.8229838658936564,-0.5000000000000004,0.8660254037844384,0.0,0.0,2.0,0.0,0.0,0.0,0.0,0.0,0.0,0.0,0.2857142857142857,0.7559289460184533,2.0,2.0,0.42857142857142855,0.7559289460184558,6.0,2.0,0.6071428571428571,0.8751417118804327,17.0,3.0,0.6428571428571429,0.8618916073713355,36.0,3.0,0.5833333333333334,0.8244506507378166,49.0,3.0,0.0,0.0,0.0,819,0.36752136752136755,0.07448107448107448,0.38217338217338215,0.32722832722832723,0.09523809523809523,0.2600732600732601,48.207196029776675,6.882783882783883
2024-11-22,0,0,0,0,0,0,0,0,0,0,0,0,2024,11,22,4,327,47,4,0,0,1,-0.433883739117558,-0.9009688679024191,-0.6084768701151264,0.7935716089521472,-0.5680647467311559,0.8229838658936564,-0.5000000000000004,0.8660254037844384,0.0,0.0,0.0,0.0,0.0,0.0,0.0,0.0,0.0,0.0,0.2857142857142857,0.7559289460184533,2.0,2.0,0.42857142857142855,0.7559289460184558,6.0,2.0,0.6071428571428571,0.8751417118804327,17.0,3.0,0.6428571428571429,0.8618916073713355,36.0,3.0,0.5833333333333334,0.8244506507378166,49.0,3.0,0.0,0.0,0.0,819,0.36752136752136755,0.07448107448107448,0.38217338217338215,0.32722832722832723,0.09523809523809523,0.2600732600732601,48.207196029776675,6.882783882783883
2024-11-23,2,2,0,1,0,0,0,0,4,0,0,0,2024,11,23,5,328,47,4,1,0,0,-0.9749279121818236,-0.2225209339563146,-0.594726686960764,0.8039279618328208,-0.5680647467311559,0.8229838658936564,-0.5000000000000004,0.8660254037844384,0.0,0.0,0.0,0.0,1.0,1.0,0.6666666666666666,1.1547005383792521,2.0,2.0,0.5714285714285714,0.9759000729485321,4.0,2.0,0.5,0.8548504142651117,7.0,2.0,0.6428571428571429,0.9114207758701954,18.0,3.0,0.625,0.8215838362577501,35.0,3.0,0.6071428571428571,0.8361970302039228,51.0,3.0,2.0,2.0,1.0,819,0.36752136752136755,0.07448107448107448,0.38217338217338215,0.32722832722832723,0.09523809523809523,0.2600732600732601,48.207196029776675,6.882783882783883
2024-11-24,2,2,0,2,0,0,0,0,2,0,0,1,2024,11,24,6,329,47,4,1,0,0,-0.7818314824680299,0.6234898018587334,-0.5808002734538013,0.8140460935082175,-0.5680647467311559,0.8229838658936564,-0.5000000000000004,0.8660254037844384,2.0,0.0,0.0,0.0,2.0,1.0,1.3333333333333333,1.1547005383792526,4.0,2.0,0.8571428571428571,1.0690449676496965,6.0,2.0,0.5,0.8548504142651117,7.0,2.0,0.6785714285714286,0.944911182523067,19.0,3.0,0.625,0.8215838362577501,35.0,3.0,0.6309523809523809,0.8471036679244941,53.0,3.0,0.0,2.0,1.0,819,0.36752136752136755,0.07448107448107448,0.38217338217338215,0.32722832722832723,0.09523809523809523,0.2600732600732601,48.207196029776675,6.882783882783883
2024-11-25,1,0,0,1,0,0,0,0,3,0,0,0,2024,11,25,0,330,48,4,0,1,0,0.0,1.0,-0.5667017562911184,0.8239230057575536,-0.4647231720437684,0.88545602565321,-0.5000000000000004,0.8660254037844384,2.0,2.0,0.0,2.0,0.0,0.0,1.6666666666666667,0.5773502691896285,5.0,2.0,0.7142857142857143,0.9511897312113406,5.0,2.0,0.5714285714285714,0.8516306272526414,8.0,2.0,0.7142857142857143,0.9371802805793966,20.0,3.0,0.625,0.8215838362577501,35.0,3.0,0.6428571428571429,0.8451542547285174,54.0,3.0,-1.0,-1.0,1.0,819,0.36752136752136755,0.07448107448107448,0.38217338217338215,0.32722832722832723,0.09523809523809523,0.2600732600732601,48.207196029776675,6.882783882783883
2024-11-26,1,1,0,1,0,0,0,0,2,0,0,1,2024,11,26,1,331,48,4,0,0,0,0.7818314824680298,0.6234898018587336,-0.5524353131676203,0.8335557718385695,-0.4647231720437684,0.88545602565321,-0.5000000000000004,0.8660254037844384,1.0,2.0,2.0,0.0,1.0,2.0,1.3333333333333333,0.5773502691896281,4.0,2.0,0.8571428571428571,0.8997354108424359,6.0,2.0,0.5714285714285714,0.8516306272526414,8.0,2.0,0.6785714285714286,0.9048663264720745,19.0,3.0,0.6428571428571429,0.8186146041513501,36.0,3.0,0.6428571428571429,0.8451542547285174,54.0,3.0,0.0,1.0,-1.0,819,0.36752136752136755,0.07448107448107448,0.38217338217338215,0.32722832722832723,0.09523809523809523,0.2600732600732601,48.207196029776675,6.882783882783883
2024-11-27,0,0,0,0,0,0,0,0,0,0,0,0,2024,11,27,2,332,48,4,0,0,0,0.9749279121818236,-0.22252093395631434,-0.5380051715382992,0.8429415373547832,-0.4647231720437684,0.88545602565321,-0.5000000000000004,0.8660254037844384,1.0,1.0,2.0,0.0,0.0,2.0,0.6666666666666666,0.5773502691896271,2.0,1.0,0.8571428571428571,0.8997354108424359,6.0,2.0,0.5714285714285714,0.8516306272526414,8.0,2.0,0.6071428571428571,0.8751417118804327,17.0,3.0,0.625,0.8215838362577501,35.0,3.0,0.6428571428571429,0.8451542547285174,54.0,3.0,-1.0,0.0,-2.0,819,0.36752136752136755,0.07448107448107448,0.38217338217338215,0.32722832722832723,0.09523809523809523,0.2600732600732601,48.207196029776675,6.882783882783883
2024-11-28,0,0,0,0,0,0,0,0,0,0,0,0,2024,11,28,3,333,48,4,0,0,0,0.43388373911755823,-0.900968867902419,-0.5234156073655503,0.8520775211013093,-0.4647231720437684,0.88545602565321,-0.5000000000000004,0.8660254037844384,0.0,1.0,1.0,0.0,0.0,3.0,0.3333333333333333,0.5773502691896265,1.0,1.0,0.8571428571428571,0.8997354108424359,6.0,2.0,0.5714285714285714,0.8516306272526414,8.0,2.0,0.5,0.7453559924999287,14.0,2.0,0.6071428571428571,0.8241485176961618,34.0,3.0,0.6428571428571429,0.8451542547285174,54.0,3.0,0.0,0.0,-3.0,819,0.36752136752136755,0.07448107448107448,0.38217338217338215,0.32722832722832723,0.09523809523809523,0.2600732600732601,48.207196029776675,6.882783882783883
2024-11-29,1,0,0,1,0,0,0,0,2,0,0,0,2024,11,29,4,334,48,4,0,0,1,-0.433883739117558,-0.9009688679024191,-0.5086709438521042,0.8609610158889945,-0.4647231720437684,0.88545602565321,-0.5000000000000004,0.8660254037844384,0.0,0.0,1.0,0.0,0.0,0.0,0.3333333333333333,0.5773502691896265,1.0,1.0,1.0,0.8164965809277243,7.0,2.0,0.6428571428571429,0.8418973861410967,9.0,2.0,0.5357142857142857,0.7444681351359522,15.0,2.0,0.5892857142857143,0.8040078180145844,33.0,3.0,0.6547619047619048,0.8430302145401757,55.0,3.0,1.0,1.0,1.0,819,0.36752136752136755,0.07448107448107448,0.38217338217338215,0.32722832722832723,0.09523809523809523,0.2600732600732601,48.207196029776675,6.882783882783883
2024-11-30,2,0,2,0,0,0,0,0,3,0,0,2,2024,11,30,5,335,48,4,1,0,0,-0.9749279121818236,-0.2225209339563146,-0.49377555015997737,0.8695893893466109,-0.4647231720437684,0.88545602565321,-0.5000000000000004,0.8660254037844384,1.0,0.0,0.0,2.0,0.0,0.0,1.0,1.000000000000001,3.0,2.0,1.0,0.8164965809277243,7.0,2.0,0.7857142857142857,0.892582375303982,11.0,2.0,0.6071428571428571,0.7859547491585415,17.0,2.0,0.6071428571428571,0.8241485176961618,34.0,3.0,0.6666666666666666,0.8549407551281654,56.0,3.0,1.0,0.0,2.0,819,0.36752136752136755,0.07448107448107448,0.38217338217338215,0.32722832722832723,0.09523809523809523,0.2600732600732601,48.207196029776675,6.882783882783883
2024-12-01,1,0,0,0,0,0,0,0,2,0,0,0,2024,12,1,6,336,48,4,1,0,0,-0.7818314824680299,0.6234898018587334,-0.4787338401157883,0.8779600847008883,-0.4647231720437684,0.88545602565321,-2.4492935982947064e-16,1.0,2.0,1.0,0.0,2.0,0.0,0.0,1.3333333333333333,0.5773502691896282,4.0,2.0,0.8571428571428571,0.6900655593423524,6.0,2.0,0.8571428571428571,0.8644378215075675,12.0,2.0,0.6428571428571429,0.7800420555749584,18.0,2.0,0.625,0.8215838362577501,35.0,3.0,0.6785714285714286,0.8525046625419519,57.0,3.0,-1.0,-1.0,1.0,819,0.36752136752136755,0.07448107448107448,0.38217338217338215,0.32722832722832723,0.09523809523809523,0.2600732600732601,48.207196029776675,6.882783882783883
2024-12-02,0,0,0,0,0,0,0,0,0,0,0,0,2024,12,2,0,337,49,4,0,1,0,0.0,1.0,-0.4635502709028512,0.8860706215341378,-0.35460488704253595,0.9350162426854147,-2.4492935982947064e-16,1.0,1.0,2.0,1.0,1.0,2.0,1.0,1.0,1.000000000000001,3.0,2.0,0.7142857142857143,0.7559289460184528,5.0,2.0,0.7142857142857143,0.8254203058555581,10.0,2.0,0.6071428571428571,0.7859547491585415,17.0,2.0,0.6071428571428571,0.8241485176961618,34.0,3.0,0.6547619047619048,0.8430302145401757,55.0,3.0,-1.0,-1.0,-1.0,819,0.36752136752136755,0.07448107448107448,0.38217338217338215,0.32722832722832723,0.09523809523809523,0.2600732600732601,48.207196029776675,6.882783882783883
2024-12-03,0,0,0,0,0,0,0,0,0,0,0,0,2024,12,3,1,338,49,4,0,0,0,0.7818314824680298,0.6234898018587336,-0.4482293417404106,0.893918596519257,-0.35460488704253595,0.9350162426854147,-2.4492935982947064e-16,1.0,0.0,1.0,2.0,1.0,0.0,0.0,0.3333333333333333,0.5773502691896266,1.0,1.0,0.5714285714285714,0.7867957924694418,4.0,2.0,0.7142857142857143,0.8254203058555581,10.0,2.0,0.6071428571428571,0.7859547491585415,17.0,2.0,0.6071428571428571,0.8241485176961618,34.0,3.0,0.6547619047619048,0.8430302145401757,55.0,3.0,0.0,-1.0,0.0,819,0.36752136752136755,0.07448107448107448,0.38217338217338215,0.32722832722832723,0.09523809523809523,0.2600732600732601,48.207196029776675,6.882783882783883
2024-12-04,0,0,0,0,0,0,0,0,0,0,0,0,2024,12,4,2,339,49,4,0,0,0,0.9749279121818236,-0.22252093395631434,-0.4327755925504317,0.9015016841318838,-0.35460488704253595,0.9350162426854147,-2.4492935982947064e-16,1.0,0.0,0.0,1.0,0.0,0.0,1.0,0.0,0.0,0.0,0.0,0.5714285714285714,0.7867957924694418,4.0,2.0,0.7142857142857143,0.8254203058555581,10.0,2.0,0.5714285714285714,0.7901510136288015,16.0,2.0,0.6071428571428571,0.8241485176961618,34.0,3.0,0.6547619047619048,0.8430302145401757,55.0,3.0,0.0,0.0,-1.0,819,0.36752136752136755,0.07448107448107448,0.38217338217338215,0.32722832722832723,0.09523809523809523,0.2600732600732601,48.207196029776675,6.882783882783883
2024-12-05,2,1,0,1,0,0,0,0,4,0,0,0,2024,12,5,3,340,49,4,0,0,0,0.43388373911755823,-0.900968867902419,-0.41719360261231697,0.9088176373395028,-0.35460488704253595,0.9350162426854147,-2.4492935982947064e-16,1.0,0.0,0.0,0.0,0.0,0.0,0.0,0.6666666666666666,1.1547005383792521,2.0,2.0,0.8571428571428571,0.8997354108424359,6.0,2.0,0.8571428571428571,0.8644378215075675,12.0,2.0,0.6428571428571429,0.8261595987094024,18.0,2.0,0.6428571428571429,0.8405316808386869,36.0,3.0,0.6666666666666666,0.8549407551281654,56.0,3.0,2.0,2.0,2.0,819,0.36752136752136755,0.07448107448107448,0.38217338217338215,0.32722832722832723,0.09523809523809523,0.2600732600732601,48.207196029776675,6.882783882783883
2024-12-06,1,1,0,1,0,0,0,0,2,0,0,0,2024,12,6,4,341,49,4,0,0,1,-0.433883739117558,-0.9009688679024191,-0.4014879892059737,0.9158642882672868,-0.35460488704253595,0.9350162426854147,-2.4492935982947064e-16,1.0,2.0,0.0,0.0,1.0,0.0,0.0,1.0,1.0000000000000009,3.0,2.0,0.8571428571428571,0.8997354108424359,6.0,2.0,0.9285714285714286,0.828741930164746,13.0,2.0,0.6785714285714286,0.8189230248533246,19.0,2.0,0.6607142857142857,0.8372419160398191,37.0,3.0,0.6547619047619048,0.8430302145401757,55.0,3.0,-1.0,0.0,1.0,819,0.36752136752136755,0.07448107448107448,0.38217338217338215,0.32722832722832723,0.09523809523809523,0.2600732600732601,48.207196029776675,6.882783882783883
2024-12-07,0,0,0,0,0,0,0,0,0,0,0,0,2024,12,7,5,342,49,4,1,0,0,-0.9749279121818236,-0.2225209339563146,-0.38566340624360745,0.9226395488404875,-0.35460488704253595,0.9350162426854147,-2.4492935982947064e-16,1.0,1.0,2.0,0.0,2.0,2.0,1.0,1.0,1.0000000000000009,3.0,2.0,0.5714285714285714,0.7867957924694418,4.0,2.0,0.7857142857142857,0.8017837257372744,11.0,2.0,0.6428571428571429,0.8261595987094024,18.0,2.0,0.6607142857142857,0.8372419160398191,37.0,3.0,0.6309523809523809,0.8327594122367893,53.0,3.0,-1.0,-2.0,-1.0,819,0.36752136752136755,0.07448107448107448,0.38217338217338215,0.32722832722832723,0.09523809523809523,0.2600732600732601,48.207196029776675,6.882783882783883
2024-12-08,0,0,0,0,0,0,0,0,0,0,0,0,2024,12,8,6,343,49,4,1,0,0,-0.7818314824680299,0.6234898018587334,-0.3697245428906732,0.9291414114031743,-0.35460488704253595,0.9350162426854147,-2.4492935982947064e-16,1.0,0.0,1.0,2.0,1.0,2.0,2.0,0.3333333333333333,0.5773502691896264,1.0,1.0,0.42857142857142855,0.7867957924694419,3.0,2.0,0.6428571428571429,0.7449463436684932,9.0,2.0,0.5714285714285714,0.7901510136288015,16.0,2.0,0.6607142857142857,0.8372419160398191,37.0,3.0,0.6309523809523809,0.8327594122367893,53.0,3.0,0.0,-1.0,-2.0,819,0.36752136752136755,0.07448107448107448,0.38217338217338215,0.32722832722832723,0.09523809523809523,0.2600732600732601,48.207196029776675,6.882783882783883
2024-12-09,1,1,0,1,0,0,0,0,2,0,0,0,2024,12,9,0,344,50,4,0,1,0,0.0,1.0,-0.3536761221763721,0.935367949313148,-0.2393156642875578,0.970941817426052,-2.4492935982947064e-16,1.0,0.0,0.0,1.0,0.0,1.0,0.0,0.3333333333333333,0.5773502691896264,1.0,1.0,0.5714285714285714,0.7867957924694418,4.0,2.0,0.6428571428571429,0.7449463436684932,9.0,2.0,0.6071428571428571,0.7859547491585415,17.0,2.0,0.6428571428571429,0.8186146041513501,36.0,3.0,0.6428571428571429,0.8307763409868788,54.0,3.0,1.0,1.0,1.0,819,0.36752136752136755,0.07448107448107448,0.38217338217338215,0.32722832722832723,0.09523809523809523,0.2600732600732601,48.207196029776675,6.882783882783883
2024-12-10,0,0,0,0,0,0,0,0,0,0,0,0,2024,12,10,1,345,50,4,0,0,0,0.7818314824680298,0.6234898018587336,-0.33752289959411347,0.941317317512847,-0.2393156642875578,0.970941817426052,-2.4492935982947064e-16,1.0,1.0,0.0,0.0,0.0,1.0,1.0,0.3333333333333333,0.5773502691896264,1.0,1.0,0.5714285714285714,0.7867957924694418,4.0,2.0,0.5714285714285714,0.7559289460184557,8.0,2.0,0.5714285714285714,0.7901510136288015,16.0,2.0,0.625,0.8215838362577501,35.0,3.0,0.6309523809523809,0.8327594122367893,53.0,3.0,-1.0,0.0,-1.0,819,0.36752136752136755,0.07448107448107448,0.38217338217338215,0.32722832722832723,0.09523809523809523,0.2600732600732601,48.207196029776675,6.882783882783883
2024-12-11,4,4,0,4,0,0,0,0,8,0,0,2,2024,12,11,2,346,50,4,0,0,0,0.9749279121818236,-0.22252093395631434,-0.32126966169236515,0.9469877530760751,-0.2393156642875578,0.970941817426052,-2.4492935982947064e-16,1.0,0.0,1.0,0.0,0.0,0.0,0.0,1.6666666666666667,2.0816659994661335,5.0,4.0,1.1428571428571428,1.463850109422799,8.0,4.0,0.8571428571428571,1.1673205911990778,12.0,4.0,0.7142857142857143,1.0131411680782814,20.0,4.0,0.6785714285714286,0.9362816758985397,38.0,4.0,0.6785714285714286,0.9072760009084566,57.0,4.0,4.0,4.0,4.0,819,0.36752136752136755,0.07448107448107448,0.38217338217338215,0.32722832722832723,0.09523809523809523,0.2600732600732601,48.207196029776675,6.882783882783883
2024-12-12,2,2,0,2,0,4,0,2,4,0,0,2,2024,12,12,3,347,50,4,0,0,0,0.43388373911755823,-0.900968867902419,-0.3049212246562894,0.9523775757303973,-0.2393156642875578,0.970941817426052,-2.4492935982947064e-16,1.0,4.0,0.0,1.0,2.0,0.0,0.0,2.0,2.000000000000001,6.0,4.0,1.1428571428571428,1.463850109422799,8.0,4.0,1.0,1.176696810829105,14.0,4.0,0.7857142857142857,1.0312575156051282,22.0,4.0,0.6785714285714286,0.9362816758985397,38.0,4.0,0.6904761904761905,0.918041268413689,58.0,4.0,-2.0,0.0,2.0,819,0.36752136752136755,0.07448107448107448,0.38217338217338215,0.32722832722832723,0.09523809523809523,0.2600732600732601,48.207196029776675,6.882783882783883
2024-12-13,0,0,0,0,0,0,0,0,0,0,0,0,2024,12,13,4,348,50,4,0,0,1,-0.433883739117558,-0.9009688679024191,-0.2884824328806098,0.9574851883550389,-0.2393156642875578,0.970941817426052,-2.4492935982947064e-16,1.0,2.0,4.0,0.0,1.0,1.0,0.0,2.0,2.000000000000001,6.0,4.0,1.0,1.5275252316519459,7.0,4.0,0.9285714285714286,1.2066664642907574,13.0,4.0,0.7857142857142857,1.0312575156051282,22.0,4.0,0.6785714285714286,0.9362816758985397,38.0,4.0,0.6904761904761905,0.918041268413689,58.0,4.0,-2.0,-1.0,0.0,819,0.36752136752136755,0.07448107448107448,0.38217338217338215,0.32722832722832723,0.09523809523809523,0.2600732600732601,48.207196029776675,6.882783882783883
2024-12-14,1,1,0,1,0,2,0,1,2,1,1,1,2024,12,14,5,349,50,4,1,0,0,-0.9749279121818236,-0.2225209339563146,-0.27195815753410524,0.9623090774541487,-0.2393156642875578,0.970941817426052,-2.4492935982947064e-16,1.0,0.0,2.0,4.0,0.0,2.0,0.0,1.0,1.0000000000000009,3.0,2.0,1.1428571428571428,1.463850109422799,8.0,4.0,0.8571428571428571,1.1673205911990776,12.0,4.0,0.8214285714285714,1.0202966681339742,23.0,4.0,0.6964285714285714,0.9326334729169848,39.0,4.0,0.6785714285714286,0.9072760009084566,57.0,4.0,1.0,1.0,1.0,819,0.36752136752136755,0.07448107448107448,0.38217338217338215,0.32722832722832723,0.09523809523809523,0.2600732600732601,48.207196029776675,6.882783882783883
2024-12-15,0,0,0,0,0,0,0,0,0,0,0,0,2024,12,15,6,350,50,4,1,0,0,-0.7818314824680299,0.6234898018587334,-0.2553532951161881,0.9668478136052773,-0.2393156642875578,0.970941817426052,-2.4492935982947064e-16,1.0,1.0,0.0,2.0,0.0,1.0,0.0,0.3333333333333333,0.5773502691896266,1.0,1.0,1.1428571428571428,1.463850109422799,8.0,4.0,0.7857142857142857,1.1883130530663684,11.0,4.0,0.8214285714285714,1.0202966681339742,23.0,4.0,0.6785714285714286,0.9362816758985397,38.0,4.0,0.6785714285714286,0.9072760009084566,57.0,4.0,-1.0,0.0,0.0,819,0.36752136752136755,0.07448107448107448,0.38217338217338215,0.32722832722832723,0.09523809523809523,0.2600732600732601,48.207196029776675,6.882783882783883
2024-12-16,1,1,0,1,0,1,0,1,4,1,1,1,2024,12,16,0,351,51,4,0,1,0,0.0,1.0,-0.23867276600594997,0.9711000518829505,-0.12053668025532363,0.992708874098054,-2.4492935982947064e-16,1.0,0.0,1.0,0.0,1.0,0.0,2.0,0.6666666666666666,0.577350269189627,2.0,1.0,1.1428571428571428,1.463850109422799,8.0,4.0,0.8571428571428571,1.1673205911990776,12.0,4.0,0.7857142857142857,0.9946949227868751,22.0,4.0,0.6964285714285714,0.9326334729169848,39.0,4.0,0.6904761904761905,0.904822294690204,58.0,4.0,1.0,0.0,-1.0,819,0.36752136752136755,0.07448107448107448,0.38217338217338215,0.32722832722832723,0.09523809523809523,0.2600732600732601,48.207196029776675,6.882783882783883
2024-12-17,1,0,1,0,0,1,0,1,1,1,1,0,2024,12,17,1,352,51,4,0,0,0,0.7818314824680298,0.6234898018587336,-0.22192151300416674,0.9750645322571945,-0.12053668025532363,0.992708874098054,-2.4492935982947064e-16,1.0,1.0,0.0,1.0,0.0,0.0,0.0,0.6666666666666666,0.577350269189627,2.0,1.0,1.2857142857142858,1.3801311186847072,9.0,4.0,0.9285714285714286,1.1411388181101385,13.0,4.0,0.8214285714285714,0.9833266074561468,23.0,4.0,0.7142857142857143,0.9286213772779861,40.0,4.0,0.7023809523809523,0.9022029518793465,59.0,4.0,0.0,1.0,1.0,819,0.36752136752136755,0.07448107448107448,0.38217338217338215,0.32722832722832723,0.09523809523809523,0.2600732600732601,48.207196029776675,6.882783882783883
2024-12-18,1,0,0,0,0,1,0,1,2,1,1,0,2024,12,18,2,353,51,4,0,0,0,0.9749279121818236,-0.22252093395631434,-0.20510449986861926,0.9787400799669153,-0.12053668025532363,0.992708874098054,-2.4492935982947064e-16,1.0,1.0,1.0,0.0,4.0,0.0,0.0,1.0,0.0,3.0,1.0,0.8571428571428571,0.6900655593423524,6.0,2.0,1.0,1.109400392450459,14.0,4.0,0.8571428571428571,0.9704632614370005,24.0,4.0,0.7321428571428571,0.9242406500586201,41.0,4.0,0.7142857142857143,0.899416525342136,60.0,4.0,0.0,-3.0,1.0,819,0.36752136752136755,0.07448107448107448,0.38217338217338215,0.32722832722832723,0.09523809523809523,0.2600732600732601,48.207196029776675,6.882783882783883
2024-12-19,1,0,0,0,0,0,0,0,2,0,0,0,2024,12,19,3,354,51,4,0,0,0,0.43388373911755823,-0.900968867902419,-0.1882267098432439,0.9821256058680006,-0.12053668025532363,0.992708874098054,-2.4492935982947064e-16,1.0,1.0,1.0,1.0,2.0,2.0,0.0,1.0,0.0,3.0,1.0,0.7142857142857143,0.4879500364742641,5.0,1.0,0.9285714285714286,1.071611705960536,13.0,4.0,0.8928571428571429,0.9560445408144759,25.0,4.0,0.75,0.9194860224356578,42.0,4.0,0.7261904761904762,0.8964614570658301,61.0,4.0,0.0,-1.0,1.0,819,0.36752136752136755,0.07448107448107448,0.38217338217338215,0.32722832722832723,0.09523809523809523,0.2600732600732601,48.207196029776675,6.882783882783883
2024-12-20,3,1,0,2,0,0,0,0,6,0,0,1,2024,12,20,4,355,51,4,0,0,1,-0.433883739117558,-0.9009688679024191,-0.1712931441814778,0.9852201067560606,-0.12053668025532363,0.992708874098054,-2.4492935982947064e-16,1.0,1.0,1.0,1.0,0.0,1.0,0.0,1.6666666666666667,1.1547005383792524,5.0,3.0,1.1428571428571428,0.8997354108424357,8.0,3.0,1.0714285714285714,1.2066664642907574,15.0,4.0,1.0,1.0183501544346303,28.0,4.0,0.8035714285714286,0.9614315624893177,45.0,4.0,0.7619047619047619,0.9264395846861455,64.0,4.0,2.0,3.0,3.0,819,0.36752136752136755,0.07448107448107448,0.38217338217338215,0.32722832722832723,0.09523809523809523,0.2600732600732601,48.207196029776675,6.882783882783883
2024-12-21,1,0,1,0,0,1,0,1,2,0,0,1,2024,12,21,5,356,51,4,1,0,0,-0.9749279121818236,-0.2225209339563146,-0.154308820664281,0.9880226656636976,-0.12053668025532363,0.992708874098054,-2.4492935982947064e-16,1.0,3.0,1.0,1.0,1.0,0.0,2.0,1.6666666666666667,1.1547005383792524,5.0,3.0,1.1428571428571428,0.8997354108424357,8.0,3.0,1.1428571428571428,1.1673205911990778,16.0,4.0,0.9642857142857143,0.9993384054849722,27.0,4.0,0.8035714285714286,0.9614315624893177,45.0,4.0,0.7380952380952381,0.8933360735009059,62.0,4.0,-2.0,0.0,-1.0,819,0.36752136752136755,0.07448107448107448,0.38217338217338215,0.32722832722832723,0.09523809523809523,0.2600732600732601,48.207196029776675,6.882783882783883
2024-12-22,0,0,0,0,0,0,0,0,0,0,0,0,2024,12,22,6,357,51,4,1,0,0,-0.7818314824680299,0.6234898018587334,-0.13727877211326517,0.9905324521322227,-0.12053668025532363,0.992708874098054,-2.4492935982947064e-16,1.0,1.0,3.0,1.0,0.0,0.0,2.0,1.3333333333333333,1.5275252316519472,4.0,3.0,1.1428571428571428,0.8997354108424357,8.0,3.0,1.1428571428571428,1.1673205911990778,16.0,4.0,0.8928571428571429,0.9940297973880039,25.0,4.0,0.7857142857142857,0.9669875568304571,44.0,4.0,0.7142857142857143,0.8859196919113788,60.0,4.0,-1.0,0.0,-2.0,819,0.36752136752136755,0.07448107448107448,0.38217338217338215,0.32722832722832723,0.09523809523809523,0.2600732600732601,48.207196029776675,6.882783882783883
2024-12-23,4,1,0,1,0,0,0,0,11,0,0,1,2024,12,23,0,358,52,4,0,1,0,0.0,1.0,-0.12020804489935275,0.9927487224577402,6.432490598706546e-16,1.0,-2.4492935982947064e-16,1.0,0.0,1.0,3.0,1.0,1.0,1.0,1.6666666666666667,2.0816659994661335,5.0,4.0,1.5714285714285714,1.3972762620115424,11.0,4.0,1.3571428571428572,1.392681025777418,19.0,4.0,1.0,1.1547005383792506,28.0,4.0,0.8571428571428571,1.0518999508002214,48.0,4.0,0.75,0.9553274843788594,63.0,4.0,4.0,3.0,3.0,819,0.36752136752136755,0.07448107448107448,0.38217338217338215,0.32722832722832723,0.09523809523809523,0.2600732600732601,48.207196029776675,6.882783882783883
2024-12-24,0,0,0,0,0,0,0,0,0,0,0,0,2024,12,24,1,359,52,4,0,0,0,0.7818314824680298,0.6234898018587336,-0.10310169744743544,0.9946708199115211,6.432490598706546e-16,1.0,-2.4492935982947064e-16,1.0,4.0,0.0,1.0,1.0,0.0,1.0,1.3333333333333333,2.3094010767585034,4.0,4.0,1.4285714285714286,1.511857892036908,10.0,4.0,1.3571428571428572,1.392681025777418,19.0,4.0,0.9642857142857143,1.1700630833624386,27.0,4.0,0.8214285714285714,1.0463293911599714,46.0,4.0,0.75,0.9553274843788594,63.0,4.0,-4.0,-1.0,-1.0,819,0.36752136752136755,0.07448107448107448,0.38217338217338215,0.32722832722832723,0.09523809523809523,0.2600732600732601,48.207196029776675,6.882783882783883
2024-12-25,0,0,0,0,0,0,0,0,0,0,0,0,2024,12,25,2,360,52,4,0,0,0,0.9749279121818236,-0.22252093395631434,-0.0859647987374467,0.9962981749346077,6.432490598706546e-16,1.0,-2.4492935982947064e-16,1.0,0.0,4.0,0.0,1.0,4.0,0.0,1.3333333333333333,2.3094010767585034,4.0,4.0,1.2857142857142858,1.6035674514745453,9.0,4.0,1.0714285714285714,1.2066664642907574,15.0,4.0,0.9642857142857143,1.1700630833624386,27.0,4.0,0.7857142857142857,1.0394803896752849,44.0,4.0,0.7380952380952381,0.958400369328424,62.0,4.0,0.0,-1.0,0.0,819,0.36752136752136755,0.07448107448107448,0.38217338217338215,0.32722832722832723,0.09523809523809523,0.2600732600732601,48.207196029776675,6.882783882783883
2024-12-26,0,0,0,0,0,0,0,0,0,0,0,0,2024,12,26,3,361,52,4,0,0,0,0.43388373911755823,-0.900968867902419,-0.06880242680232064,0.9976303053065857,6.432490598706546e-16,1.0,-2.4492935982947064e-16,1.0,0.0,0.0,4.0,1.0,2.0,0.0,0.0,0.0,0.0,0.0,1.1428571428571428,1.6761634196950508,8.0,4.0,0.9285714285714286,1.2066664642907574,13.0,4.0,0.9642857142857143,1.1700630833624386,27.0,4.0,0.7321428571428571,0.9998376491587653,41.0,4.0,0.7261904761904762,0.961314241918549,61.0,4.0,0.0,-1.0,0.0,819,0.36752136752136755,0.07448107448107448,0.38217338217338215,0.32722832722832723,0.09523809523809523,0.2600732600732601,48.207196029776675,6.882783882783883
2024-12-27,1,1,0,1,0,0,0,0,2,0,0,1,2024,12,27,4,362,52,4,0,0,1,-0.433883739117558,-0.9009688679024191,-0.05161966722325418,0.9986668162884759,6.432490598706546e-16,1.0,-2.4492935982947064e-16,1.0,0.0,0.0,0.0,3.0,0.0,1.0,0.3333333333333333,0.5773502691896276,1.0,1.0,0.8571428571428571,1.463850109422799,6.0,4.0,1.0,1.176696810829105,14.0,4.0,0.9642857142857143,1.1700630833624386,27.0,4.0,0.75,0.995444167650347,42.0,4.0,0.7142857142857143,0.9514912654497654,60.0,4.0,1.0,-2.0,0.0,819,0.36752136752136755,0.07448107448107448,0.38217338217338215,0.32722832722832723,0.09523809523809523,0.2600732600732601,48.207196029776675,6.882783882783883
2024-12-28,0,0,0,0,0,0,0,0,0,0,0,0,2024,12,28,5,363,52,4,1,0,0,-0.9749279121818236,-0.2225209339563146,-0.034421611622745804,0.9994074007397048,6.432490598706546e-16,1.0,-2.4492935982947064e-16,1.0,1.0,0.0,0.0,1.0,1.0,2.0,0.3333333333333333,0.5773502691896276,1.0,1.0,0.7142857142857143,1.4960264830861905,5.0,4.0,0.9285714285714286,1.2066664642907574,13.0,4.0,0.8928571428571429,1.1655323283657157,25.0,4.0,0.75,0.995444167650347,42.0,4.0,0.7023809523809523,0.954125625139835,59.0,4.0,-1.0,-1.0,-2.0,819,0.36752136752136755,0.07448107448107448,0.38217338217338215,0.32722832722832723,0.09523809523809523,0.2600732600732601,48.207196029776675,6.882783882783883
2024-12-29,0,0,0,0,0,0,0,0,0,0,0,0,2024,12,29,6,364,52,4,1,0,0,-0.7818314824680299,0.6234898018587334,-0.01721335615583528,0.9998518392091162,6.432490598706546e-16,1.0,-2.4492935982947064e-16,1.0,0.0,1.0,0.0,0.0,0.0,1.0,0.3333333333333333,0.5773502691896276,1.0,1.0,0.7142857142857143,1.4960264830861905,5.0,4.0,0.9285714285714286,1.2066664642907574,13.0,4.0,0.8571428571428571,1.1773883752795355,24.0,4.0,0.75,0.995444167650347,42.0,4.0,0.7023809523809523,0.954125625139835,59.0,4.0,0.0,0.0,-1.0,819,0.36752136752136755,0.07448107448107448,0.38217338217338215,0.32722832722832723,0.09523809523809523,0.2600732600732601,48.207196029776675,6.882783882783883
2024-12-30,0,0,0,0,0,0,0,0,0,0,0,0,2024,12,30,0,365,1,4,0,1,0,0.0,1.0,6.432490598706546e-16,1.0,0.12053668025532305,0.992708874098054,-2.4492935982947064e-16,1.0,0.0,0.0,1.0,4.0,1.0,0.0,0.0,0.0,0.0,0.0,0.14285714285714285,0.37796447300922503,1.0,1.0,0.8571428571428571,1.2314558524297645,12.0,4.0,0.8571428571428571,1.1773883752795355,24.0,4.0,0.7321428571428571,0.9998376491587653,41.0,4.0,0.6904761904761905,0.9566028053153102,58.0,4.0,0.0,-4.0,0.0,819,0.36752136752136755,0.07448107448107448,0.38217338217338215,0.32722832722832723,0.09523809523809523,0.2600732600732601,48.207196029776675,6.882783882783883
2024-12-31,0,0,0,0,0,0,0,0,0,0,0,0,2024,12,31,1,366,1,4,0,0,0,0.7818314824680298,0.6234898018587336,0.017213356155833904,0.9998518392091162,0.12053668025532305,0.992708874098054,-2.4492935982947064e-16,1.0,0.0,0.0,0.0,0.0,1.0,0.0,0.0,0.0,0.0,0.0,0.14285714285714285,0.37796447300922503,1.0,1.0,0.7857142857142857,1.251372872462108,11.0,4.0,0.8571428571428571,1.1773883752795355,24.0,4.0,0.7321428571428571,0.9998376491587653,41.0,4.0,0.6904761904761905,0.9566028053153102,58.0,4.0,0.0,0.0,0.0,819,0.36752136752136755,0.07448107448107448,0.38217338217338215,0.32722832722832723,0.09523809523809523,0.2600732600732601,48.207196029776675,6.882783882783883
2025-01-01,1,1,0,1,0,0,0,0,2,0,0,1,2025,1,1,2,1,1,1,0,0,0,0.9749279121818236,-0.22252093395631434,0.017213356155834685,0.9998518392091162,0.12053668025532305,0.992708874098054,0.49999999999999994,0.8660254037844387,0.0,0.0,0.0,0.0,1.0,0.0,0.3333333333333333,0.5773502691896276,1.0,1.0,0.2857142857142857,0.4879500364742647,2.0,1.0,0.7857142857142857,1.251372872462108,11.0,4.0,0.8928571428571429,1.1655323283657157,25.0,4.0,0.7321428571428571,0.9998376491587653,41.0,4.0,0.7023809523809523,0.954125625139835,59.0,4.0,1.0,1.0,1.0,819,0.36752136752136755,0.07448107448107448,0.38217338217338215,0.32722832722832723,0.09523809523809523,0.2600732600732601,48.207196029776675,6.882783882783883
2025-01-02,1,0,0,0,0,0,0,0,2,0,0,1,2025,1,2,3,2,1,1,0,0,0,0.43388373911755823,-0.900968867902419,0.03442161162274574,0.9994074007397048,0.12053668025532305,0.992708874098054,0.49999999999999994,0.8660254037844387,1.0,0.0,0.0,0.0,1.0,2.0,0.6666666666666666,0.5773502691896278,2.0,1.0,0.42857142857142855,0.5345224838248469,3.0,1.0,0.7857142857142857,1.251372872462108,11.0,4.0,0.8571428571428571,1.1454995906456318,24.0,4.0,0.75,0.995444167650347,42.0,4.0,0.7142857142857143,0.9514912654497654,60.0,4.0,0.0,1.0,-1.0,819,0.36752136752136755,0.07448107448107448,0.38217338217338215,0.32722832722832723,0.09523809523809523,0.2600732600732601,48.207196029776675,6.882783882783883
2025-01-03,0,0,0,0,0,0,0,0,0,0,0,0,2025,1,3,4,3,1,1,0,0,1,-0.433883739117558,-0.9009688679024191,0.051619667223253764,0.998666816288476,0.12053668025532305,0.992708874098054,0.49999999999999994,0.8660254037844387,1.0,1.0,0.0,1.0,3.0,1.0,0.6666666666666666,0.5773502691896277,2.0,1.0,0.2857142857142857,0.48795003647426477,2.0,1.0,0.5714285714285714,1.089409558803845,8.0,4.0,0.8214285714285714,1.1564175661505602,23.0,4.0,0.75,0.995444167650347,42.0,4.0,0.7142857142857143,0.9514912654497654,60.0,4.0,-1.0,-1.0,-1.0,819,0.36752136752136755,0.07448107448107448,0.38217338217338215,0.32722832722832723,0.09523809523809523,0.2600732600732601,48.207196029776675,6.882783882783883
2025-01-04,0,0,0,0,0,0,0,0,0,0,0,0,2025,1,4,5,4,1,1,1,0,0,-0.9749279121818236,-0.2225209339563146,0.06880242680231986,0.9976303053065857,0.12053668025532305,0.992708874098054,0.49999999999999994,0.8660254037844387,0.0,1.0,1.0,0.0,1.0,0.0,0.3333333333333333,0.5773502691896274,1.0,1.0,0.2857142857142857,0.48795003647426477,2.0,1.0,0.5,1.0919284281983384,7.0,4.0,0.8214285714285714,1.1564175661505602,23.0,4.0,0.7321428571428571,0.9998376491587653,41.0,4.0,0.7142857142857143,0.9514912654497654,60.0,4.0,0.0,0.0,0.0,819,0.36752136752136755,0.07448107448107448,0.38217338217338215,0.32722832722832723,0.09523809523809523,0.2600732600732601,48.207196029776675,6.882783882783883
2025-01-05,0,0,0,0,0,0,0,0,0,0,0,0,2025,1,5,6,5,1,1,1,0,0,-0.7818314824680299,0.6234898018587334,0.08596479873744647,0.9962981749346078,0.12053668025532305,0.992708874098054,0.49999999999999994,0.8660254037844387,0.0,0.0,1.0,0.0,0.0,0.0,0.0,0.0,0.0,0.0,0.2857142857142857,0.48795003647426477,2.0,1.0,0.5,1.0919284281983384,7.0,4.0,0.8214285714285714,1.1564175661505602,23.0,4.0,0.6964285714285714,0.9893917848335438,39.0,4.0,0.7142857142857143,0.9514912654497654,60.0,4.0,0.0,0.0,0.0,819,0.36752136752136755,0.07448107448107448,0.38217338217338215,0.32722832722832723,0.09523809523809523,0.2600732600732601,48.207196029776675,6.882783882783883
2025-01-06,0,0,0,0,0,0,0,0,0,0,0,0,2025,1,6,0,6,2,1,0,1,0,0.0,1.0,0.10310169744743485,0.9946708199115211,0.23931566428755774,0.970941817426052,0.49999999999999994,0.8660254037844387,0.0,0.0,0.0,0.0,4.0,1.0,0.0,0.0,0.0,0.0,0.2857142857142857,0.48795003647426477,2.0,1.0,0.21428571428571427,0.42581531362632175,3.0,1.0,0.7857142857142857,1.1660996354464561,22.0,4.0,0.6964285714285714,0.9893917848335438,39.0,4.0,0.6904761904761905,0.9439240126169863,58.0,4.0,0.0,0.0,-1.0,819,0.36752136752136755,0.07448107448107448,0.38217338217338215,0.32722832722832723,0.09523809523809523,0.2600732600732601,48.207196029776675,6.882783882783883
2025-01-07,0,0,0,0,0,0,0,0,0,0,0,0,2025,1,7,1,7,2,1,0,0,0,0.7818314824680298,0.6234898018587336,0.1202080448993527,0.9927487224577402,0.23931566428755774,0.970941817426052,0.49999999999999994,0.8660254037844387,0.0,0.0,0.0,0.0,0.0,0.0,0.0,0.0,0.0,0.0,0.2857142857142857,0.48795003647426477,2.0,1.0,0.21428571428571427,0.42581531362632175,3.0,1.0,0.7857142857142857,1.1660996354464561,22.0,4.0,0.6785714285714286,0.9928314487939468,38.0,4.0,0.6785714285714286,0.9462763330290723,57.0,4.0,0.0,0.0,0.0,819,0.36752136752136755,0.07448107448107448,0.38217338217338215,0.32722832722832723,0.09523809523809523,0.2600732600732601,48.207196029776675,6.882783882783883
2025-01-08,0,0,0,0,0,0,0,0,0,0,0,0,2025,1,8,2,8,2,1,0,0,0,0.9749279121818236,-0.22252093395631434,0.13727877211326478,0.9905324521322229,0.23931566428755774,0.970941817426052,0.49999999999999994,0.8660254037844387,0.0,0.0,0.0,1.0,0.0,4.0,0.0,0.0,0.0,0.0,0.14285714285714285,0.37796447300922514,1.0,1.0,0.21428571428571427,0.42581531362632175,3.0,1.0,0.6428571428571429,0.9893613995077718,18.0,4.0,0.6785714285714286,0.9928314487939468,38.0,4.0,0.6666666666666666,0.9484716092610778,56.0,4.0,0.0,-1.0,-4.0,819,0.36752136752136755,0.07448107448107448,0.38217338217338215,0.32722832722832723,0.09523809523809523,0.2600732600732601,48.207196029776675,6.882783882783883
2025-01-09,1,1,0,1,0,0,0,0,2,0,0,0,2025,1,9,3,9,2,1,0,0,0,0.43388373911755823,-0.900968867902419,0.15430882066428117,0.9880226656636976,0.23931566428755774,0.970941817426052,0.49999999999999994,0.8660254037844387,0.0,0.0,0.0,1.0,0.0,2.0,0.3333333333333333,0.5773502691896274,1.0,1.0,0.14285714285714285,0.37796447300922514,1.0,1.0,0.2857142857142857,0.46880723093849697,4.0,1.0,0.6071428571428571,0.9560445408144758,17.0,4.0,0.6964285714285714,0.9893917848335438,39.0,4.0,0.6547619047619048,0.9377497754853559,55.0,4.0,1.0,0.0,-1.0,819,0.36752136752136755,0.07448107448107448,0.38217338217338215,0.32722832722832723,0.09523809523809523,0.2600732600732601,48.207196029776675,6.882783882783883
2025-01-10,0,0,0,0,0,0,0,0,0,0,0,0,2025,1,10,4,10,2,1,0,0,1,-0.433883739117558,-0.9009688679024191,0.1712931441814776,0.9852201067560606,0.23931566428755774,0.970941817426052,0.49999999999999994,0.8660254037844387,1.0,0.0,0.0,0.0,1.0,0.0,0.3333333333333333,0.5773502691896274,1.0,1.0,0.14285714285714285,0.37796447300922514,1.0,1.0,0.21428571428571427,0.42581531362632175,3.0,1.0,0.6071428571428571,0.9560445408144758,17.0,4.0,0.6964285714285714,0.9893917848335438,39.0,4.0,0.6547619047619048,0.9377497754853559,55.0,4.0,-1.0,0.0,0.0,819,0.36752136752136755,0.07448107448107448,0.38217338217338215,0.32722832722832723,0.09523809523809523,0.2600732600732601,48.207196029776675,6.882783882783883
2025-01-11,0,0,0,0,0,0,0,0,0,0,0,0,2025,1,11,5,11,2,1,1,0,0,-0.9749279121818236,-0.2225209339563146,0.1882267098432442,0.9821256058680006,0.23931566428755774,0.970941817426052,0.49999999999999994,0.8660254037844387,0.0,1.0,0.0,0.0,0.0,1.0,0.3333333333333333,0.5773502691896274,1.0,1.0,0.14285714285714285,0.37796447300922514,1.0,1.0,0.21428571428571427,0.42581531362632175,3.0,1.0,0.5714285714285714,0.9594972228385648,16.0,4.0,0.6964285714285714,0.9893917848335438,39.0,4.0,0.6547619047619048,0.9377497754853559,55.0,4.0,0.0,0.0,-1.0,819,0.36752136752136755,0.07448107448107448,0.38217338217338215,0.32722832722832723,0.09523809523809523,0.2600732600732601,48.207196029776675,6.882783882783883
2025-01-12,0,0,0,0,0,0,0,0,0,0,0,0,2025,1,12,6,12,2,1,1,0,0,-0.7818314824680299,0.6234898018587334,0.2051044998686192,0.9787400799669153,0.23931566428755774,0.970941817426052,0.49999999999999994,0.8660254037844387,0.0,0.0,1.0,0.0,0.0,0.0,0.0,0.0,0.0,0.0,0.14285714285714285,0.37796447300922514,1.0,1.0,0.21428571428571427,0.42581531362632175,3.0,1.0,0.5714285714285714,0.9594972228385648,16.0,4.0,0.6964285714285714,0.9893917848335438,39.0,4.0,0.6428571428571429,0.9396597326058492,54.0,4.0,0.0,0.0,0.0,819,0.36752136752136755,0.07448107448107448,0.38217338217338215,0.32722832722832723,0.09523809523809523,0.2600732600732601,48.207196029776675,6.882783882783883
2025-01-13,0,0,0,0,0,0,0,0,0,0,0,0,2025,1,13,0,13,3,1,0,1,0,0.0,1.0,0.2219215130041655,0.9750645322571948,0.3546048870425356,0.9350162426854148,0.49999999999999994,0.8660254037844387,0.0,0.0,0.0,0.0,0.0,1.0,0.0,0.0,0.0,0.0,0.14285714285714285,0.37796447300922514,1.0,1.0,0.21428571428571427,0.42581531362632175,3.0,1.0,0.5357142857142857,0.9615628812527928,15.0,4.0,0.6607142857142857,0.9775067675057202,37.0,4.0,0.6428571428571429,0.9396597326058492,54.0,4.0,0.0,0.0,-1.0,819,0.36752136752136755,0.07448107448107448,0.38217338217338215,0.32722832722832723,0.09523809523809523,0.2600732600732601,48.207196029776675,6.882783882783883
2025-01-14,1,0,0,0,0,1,0,1,2,0,0,1,2025,1,14,1,14,3,1,0,0,0,0.7818314824680298,0.6234898018587336,0.2386727660059501,0.9711000518829505,0.3546048870425356,0.9350162426854148,0.49999999999999994,0.8660254037844387,0.0,0.0,0.0,0.0,0.0,1.0,0.3333333333333333,0.5773502691896274,1.0,1.0,0.2857142857142857,0.48795003647426477,2.0,1.0,0.2857142857142857,0.46880723093849697,4.0,1.0,0.5357142857142857,0.9615628812527928,15.0,4.0,0.6785714285714286,0.974346267684467,38.0,4.0,0.6547619047619048,0.9377497754853559,55.0,4.0,1.0,1.0,0.0,819,0.36752136752136755,0.07448107448107448,0.38217338217338215,0.32722832722832723,0.09523809523809523,0.2600732600732601,48.207196029776675,6.882783882783883
2025-01-15,0,0,0,0,0,0,0,0,0,0,0,0,2025,1,15,2,15,3,1,0,0,0,0.9749279121818236,-0.22252093395631434,0.255353295116187,0.9668478136052775,0.3546048870425356,0.9350162426854148,0.49999999999999994,0.8660254037844387,1.0,0.0,0.0,0.0,1.0,1.0,0.3333333333333333,0.5773502691896274,1.0,1.0,0.2857142857142857,0.48795003647426477,2.0,1.0,0.21428571428571427,0.42581531362632175,3.0,1.0,0.5,0.9622504486493751,14.0,4.0,0.6785714285714286,0.974346267684467,38.0,4.0,0.6547619047619048,0.9377497754853559,55.0,4.0,-1.0,0.0,-1.0,819,0.36752136752136755,0.07448107448107448,0.38217338217338215,0.32722832722832723,0.09523809523809523,0.2600732600732601,48.207196029776675,6.882783882783883
2025-01-16,1,0,0,1,0,0,0,0,2,0,0,0,2025,1,16,3,16,3,1,0,0,0,0.43388373911755823,-0.900968867902419,0.2719581575341055,0.9623090774541486,0.3546048870425356,0.9350162426854148,0.49999999999999994,0.8660254037844387,0.0,1.0,0.0,1.0,1.0,1.0,0.6666666666666666,0.5773502691896277,2.0,1.0,0.2857142857142857,0.48795003647426477,2.0,1.0,0.21428571428571427,0.42581531362632175,3.0,1.0,0.5,0.9622504486493751,14.0,4.0,0.6964285714285714,0.9708411134333306,39.0,4.0,0.6666666666666666,0.9356826427972946,56.0,4.0,1.0,0.0,0.0,819,0.36752136752136755,0.07448107448107448,0.38217338217338215,0.32722832722832723,0.09523809523809523,0.2600732600732601,48.207196029776675,6.882783882783883
2025-01-17,2,1,0,1,0,2,0,1,5,1,1,1,2025,1,17,4,17,3,1,0,0,1,-0.433883739117558,-0.9009688679024191,0.288482432880609,0.9574851883550393,0.3546048870425356,0.9350162426854148,0.49999999999999994,0.8660254037844387,1.0,0.0,1.0,0.0,0.0,3.0,1.0,1.0000000000000013,3.0,2.0,0.5714285714285714,0.7867957924694419,4.0,2.0,0.35714285714285715,0.6333236937766521,5.0,2.0,0.4642857142857143,0.8811668550592585,13.0,4.0,0.7321428571428571,0.9814844310083016,41.0,4.0,0.6904761904761905,0.9439240126169861,58.0,4.0,1.0,2.0,-1.0,819,0.36752136752136755,0.07448107448107448,0.38217338217338215,0.32722832722832723,0.09523809523809523,0.2600732600732601,48.207196029776675,6.882783882783883
2025-01-18,0,0,0,0,0,0,0,0,0,0,0,0,2025,1,18,5,18,3,1,1,0,0,-0.9749279121818236,-0.2225209339563146,0.30492122465628907,0.9523775757303974,0.3546048870425356,0.9350162426854148,0.49999999999999994,0.8660254037844387,2.0,1.0,0.0,0.0,0.0,1.0,1.0,1.0000000000000013,3.0,2.0,0.5714285714285714,0.7867957924694419,4.0,2.0,0.35714285714285715,0.6333236937766521,5.0,2.0,0.42857142857142855,0.8789122666607687,12.0,4.0,0.6964285714285714,0.9708411134333306,39.0,4.0,0.6785714285714286,0.9462763330290722,57.0,4.0,-2.0,0.0,-1.0,819,0.36752136752136755,0.07448107448107448,0.38217338217338215,0.32722832722832723,0.09523809523809523,0.2600732600732601,48.207196029776675,6.882783882783883
2025-01-19,0,0,0,0,0,0,0,0,0,0,0,0,2025,1,19,6,19,3,1,1,0,0,-0.7818314824680299,0.6234898018587334,0.3212696616923644,0.9469877530760753,0.3546048870425356,0.9350162426854148,0.49999999999999994,0.8660254037844387,0.0,2.0,1.0,0.0,0.0,0.0,0.6666666666666666,1.1547005383792526,2.0,2.0,0.5714285714285714,0.7867957924694419,4.0,2.0,0.35714285714285715,0.6333236937766521,5.0,2.0,0.42857142857142855,0.8789122666607687,12.0,4.0,0.6607142857142857,0.9587261570207865,37.0,4.0,0.6666666666666666,0.9484716092610775,56.0,4.0,0.0,0.0,0.0,819,0.36752136752136755,0.07448107448107448,0.38217338217338215,0.32722832722832723,0.09523809523809523,0.2600732600732601,48.207196029776675,6.882783882783883
2025-01-20,2,1,0,1,0,1,0,1,4,0,0,2,2025,1,20,0,20,4,1,0,1,0,0.0,1.0,0.3375228995941133,0.9413173175128471,0.4647231720437685,0.8854560256532099,0.49999999999999994,0.8660254037844387,0.0,0.0,2.0,0.0,0.0,4.0,0.6666666666666666,1.1547005383792526,2.0,2.0,0.8571428571428571,0.8997354108424359,6.0,2.0,0.5,0.7595545253127509,7.0,2.0,0.35714285714285715,0.6214848238238677,10.0,2.0,0.6785714285714286,0.9743462676844669,38.0,4.0,0.6904761904761905,0.95660280531531,58.0,4.0,2.0,2.0,-2.0,819,0.36752136752136755,0.07448107448107448,0.38217338217338215,0.32722832722832723,0.09523809523809523,0.2600732600732601,48.207196029776675,6.882783882783883
2025-01-21,2,1,0,2,0,1,0,1,5,0,0,1,2025,1,21,1,21,4,1,0,0,0,0.7818314824680298,0.6234898018587336,0.3536761221763716,0.9353679493131483,0.4647231720437685,0.8854560256532099,0.49999999999999994,0.8660254037844387,2.0,0.0,0.0,1.0,0.0,0.0,1.3333333333333333,1.1547005383792528,4.0,2.0,1.0,0.9999999999999986,7.0,2.0,0.6428571428571429,0.8418973861410964,9.0,2.0,0.42857142857142855,0.6900655593423526,12.0,2.0,0.6964285714285714,0.9893917848335437,39.0,4.0,0.6904761904761905,0.95660280531531,58.0,4.0,0.0,1.0,2.0,819,0.36752136752136755,0.07448107448107448,0.38217338217338215,0.32722832722832723,0.09523809523809523,0.2600732600732601,48.207196029776675,6.882783882783883
2025-01-22,0,0,0,0,0,0,0,0,0,0,0,0,2025,1,22,2,22,4,1,0,0,0,0.9749279121818236,-0.22252093395631434,0.3697245428906731,0.9291414114031743,0.4647231720437685,0.8854560256532099,0.49999999999999994,0.8660254037844387,2.0,2.0,0.0,0.0,0.0,0.0,1.3333333333333333,1.1547005383792528,4.0,2.0,1.0,0.9999999999999984,7.0,2.0,0.6428571428571429,0.8418973861410964,9.0,2.0,0.42857142857142855,0.6900655593423526,12.0,2.0,0.6964285714285714,0.9893917848335437,39.0,4.0,0.6666666666666666,0.9484716092610775,56.0,4.0,-2.0,0.0,0.0,819,0.36752136752136755,0.07448107448107448,0.38217338217338215,0.32722832722832723,0.09523809523809523,0.2600732600732601,48.207196029776675,6.882783882783883
2025-01-23,1,1,0,1,0,0,0,0,2,0,0,1,2025,1,23,3,23,4,1,0,0,0,0.43388373911755823,-0.900968867902419,0.38566340624360707,0.9226395488404876,0.4647231720437685,0.8854560256532099,0.49999999999999994,0.8660254037844387,0.0,2.0,2.0,1.0,1.0,0.0,1.0,1.0000000000000013,3.0,2.0,1.0,0.9999999999999984,7.0,2.0,0.6428571428571429,0.8418973861410964,9.0,2.0,0.4642857142857143,0.6929348671835817,13.0,2.0,0.7142857142857143,0.985610760609163,40.0,4.0,0.6428571428571429,0.9136561946359028,54.0,4.0,1.0,0.0,1.0,819,0.36752136752136755,0.07448107448107448,0.38217338217338215,0.32722832722832723,0.09523809523809523,0.2600732600732601,48.207196029776675,6.882783882783883
2025-01-24,0,0,0,0,0,0,0,0,0,0,0,0,2025,1,24,4,24,4,1,0,0,1,-0.433883739117558,-0.9009688679024191,0.401487989205973,0.9158642882672872,0.4647231720437685,0.8854560256532099,0.49999999999999994,0.8660254037844387,1.0,0.0,2.0,2.0,0.0,1.0,0.3333333333333333,0.5773502691896274,1.0,1.0,0.7142857142857143,0.9511897312113405,5.0,2.0,0.6428571428571429,0.8418973861410964,9.0,2.0,0.42857142857142855,0.6900655593423526,12.0,2.0,0.6964285714285714,0.9893917848335437,39.0,4.0,0.6428571428571429,0.9136561946359028,54.0,4.0,-1.0,-2.0,-1.0,819,0.36752136752136755,0.07448107448107448,0.38217338217338215,0.32722832722832723,0.09523809523809523,0.2600732600732601,48.207196029776675,6.882783882783883
2025-01-25,1,1,0,0,0,0,0,0,2,0,0,0,2025,1,25,5,25,4,1,1,0,0,-0.9749279121818236,-0.2225209339563146,0.4171936026123168,0.9088176373395029,0.4647231720437685,0.8854560256532099,0.49999999999999994,0.8660254037844387,0.0,1.0,0.0,0.0,0.0,0.0,0.6666666666666666,0.5773502691896277,2.0,1.0,0.8571428571428571,0.8997354108424358,6.0,2.0,0.7142857142857143,0.825420305855558,10.0,2.0,0.4642857142857143,0.6929348671835817,13.0,2.0,0.6785714285714286,0.9743462676844669,38.0,4.0,0.6547619047619048,0.9116917627896491,55.0,4.0,1.0,1.0,1.0,819,0.36752136752136755,0.07448107448107448,0.38217338217338215,0.32722832722832723,0.09523809523809523,0.2600732600732601,48.207196029776675,6.882783882783883
2025-01-26,0,0,0,0,0,0,0,0,0,0,0,0,2025,1,26,6,26,4,1,1,0,0,-0.7818314824680299,0.6234898018587334,0.4327755925504312,0.901501684131884,0.4647231720437685,0.8854560256532099,0.49999999999999994,0.8660254037844387,1.0,0.0,1.0,0.0,0.0,0.0,0.3333333333333333,0.5773502691896274,1.0,1.0,0.8571428571428571,0.8997354108424358,6.0,2.0,0.7142857142857143,0.825420305855558,10.0,2.0,0.4642857142857143,0.6929348671835817,13.0,2.0,0.6607142857142857,0.9775067675057201,37.0,4.0,0.6547619047619048,0.9116917627896491,55.0,4.0,-1.0,0.0,0.0,819,0.36752136752136755,0.07448107448107448,0.38217338217338215,0.32722832722832723,0.09523809523809523,0.2600732600732601,48.207196029776675,6.882783882783883
2025-01-27,0,0,0,0,0,0,0,0,0,0,0,0,2025,1,27,0,27,5,1,0,1,0,0.0,1.0,0.4482293417404106,0.893918596519257,0.5680647467311558,0.8229838658936564,0.49999999999999994,0.8660254037844387,0.0,1.0,0.0,2.0,0.0,0.0,0.3333333333333333,0.5773502691896274,1.0,1.0,0.5714285714285714,0.7867957924694416,4.0,2.0,0.7142857142857143,0.825420305855558,10.0,2.0,0.4642857142857143,0.6929348671835817,13.0,2.0,0.6607142857142857,0.9775067675057201,37.0,4.0,0.6428571428571429,0.9136561946359028,54.0,4.0,0.0,-2.0,0.0,819,0.36752136752136755,0.07448107448107448,0.38217338217338215,0.32722832722832723,0.09523809523809523,0.2600732600732601,48.207196029776675,6.882783882783883
2025-01-28,0,0,0,0,0,0,0,0,0,0,0,0,2025,1,28,1,28,5,1,0,0,0,0.7818314824680298,0.6234898018587336,0.4635502709028509,0.886070621534138,0.5680647467311558,0.8229838658936564,0.49999999999999994,0.8660254037844387,0.0,0.0,1.0,2.0,1.0,0.0,0.0,0.0,0.0,0.0,0.2857142857142857,0.4879500364742647,2.0,1.0,0.6428571428571429,0.8418973861410964,9.0,2.0,0.4642857142857143,0.6929348671835817,13.0,2.0,0.6607142857142857,0.9775067675057201,37.0,4.0,0.6428571428571429,0.9136561946359028,54.0,4.0,0.0,-2.0,0.0,819,0.36752136752136755,0.07448107448107448,0.38217338217338215,0.32722832722832723,0.09523809523809523,0.2600732600732601,48.207196029776675,6.882783882783883
2025-01-29,1,0,0,0,0,0,0,0,3,0,0,1,2025,1,29,2,29,5,1,0,0,0,0.9749279121818236,-0.22252093395631434,0.47873384011578846,0.8779600847008882,0.5680647467311558,0.8229838658936564,0.49999999999999994,0.8660254037844387,0.0,0.0,0.0,0.0,0.0,1.0,0.3333333333333333,0.5773502691896274,1.0,1.0,0.42857142857142855,0.5345224838248468,3.0,1.0,0.7142857142857143,0.825420305855558,10.0,2.0,0.4642857142857143,0.6929348671835817,13.0,2.0,0.6785714285714286,0.9743462676844669,38.0,4.0,0.6428571428571429,0.9136561946359028,54.0,4.0,1.0,1.0,0.0,819,0.36752136752136755,0.07448107448107448,0.38217338217338215,0.32722832722832723,0.09523809523809523,0.2600732600732601,48.207196029776675,6.882783882783883
2025-01-30,0,0,0,0,0,0,0,0,0,0,0,0,2025,1,30,3,30,5,1,0,0,0,0.43388373911755823,-0.900968867902419,0.49377555015997715,0.869589389346611,0.5680647467311558,0.8229838658936564,0.49999999999999994,0.8660254037844387,1.0,0.0,0.0,1.0,1.0,1.0,0.3333333333333333,0.5773502691896274,1.0,1.0,0.2857142857142857,0.4879500364742647,2.0,1.0,0.6428571428571429,0.8418973861410964,9.0,2.0,0.42857142857142855,0.6900655593423526,12.0,2.0,0.6428571428571429,0.9616003976056406,36.0,4.0,0.6428571428571429,0.9136561946359028,54.0,4.0,-1.0,-1.0,-1.0,819,0.36752136752136755,0.07448107448107448,0.38217338217338215,0.32722832722832723,0.09523809523809523,0.2600732600732601,48.207196029776675,6.882783882783883
2025-01-31,1,1,0,1,0,0,0,0,2,0,0,1,2025,1,31,4,31,5,1,0,0,1,-0.433883739117558,-0.9009688679024191,0.5086709438521044,0.8609610158889943,0.5680647467311558,0.8229838658936564,0.49999999999999994,0.8660254037844387,0.0,1.0,0.0,0.0,2.0,0.0,0.6666666666666666,0.5773502691896277,2.0,1.0,0.42857142857142855,0.5345224838248468,3.0,1.0,0.5714285714285714,0.7559289460184555,8.0,2.0,0.4642857142857143,0.6929348671835817,13.0,2.0,0.6428571428571429,0.9616003976056406,36.0,4.0,0.6547619047619048,0.9116917627896491,55.0,4.0,1.0,1.0,1.0,819,0.36752136752136755,0.07448107448107448,0.38217338217338215,0.32722832722832723,0.09523809523809523,0.2600732600732601,48.207196029776675,6.882783882783883
2025-02-01,0,0,0,0,0,0,0,0,0,0,0,0,2025,2,1,5,32,5,1,1,0,0,-0.9749279121818236,-0.2225209339563146,0.5234156073655503,0.8520775211013093,0.5680647467311558,0.8229838658936564,0.8660254037844386,0.5000000000000001,1.0,0.0,1.0,1.0,0.0,0.0,0.3333333333333333,0.5773502691896274,1.0,1.0,0.2857142857142857,0.4879500364742647,2.0,1.0,0.5714285714285714,0.7559289460184555,8.0,2.0,0.4642857142857143,0.6929348671835817,13.0,2.0,0.6428571428571429,0.9616003976056406,36.0,4.0,0.6428571428571429,0.9136561946359028,54.0,4.0,-1.0,-1.0,0.0,819,0.36752136752136755,0.07448107448107448,0.38217338217338215,0.32722832722832723,0.09523809523809523,0.2600732600732601,48.207196029776675,6.882783882783883
2025-02-02,1,0,1,0,0,0,0,0,1,0,0,1,2025,2,2,6,33,5,1,1,0,0,-0.7818314824680299,0.6234898018587334,0.5380051715382996,0.8429415373547828,0.5680647467311558,0.8229838658936564,0.8660254037844386,0.5000000000000001,0.0,1.0,0.0,0.0,0.0,0.0,0.6666666666666666,0.5773502691896277,2.0,1.0,0.42857142857142855,0.5345224838248468,3.0,1.0,0.6428571428571429,0.7449463436684931,9.0,2.0,0.5,0.6938886664887093,14.0,2.0,0.6607142857142857,0.9587261570207865,37.0,4.0,0.6309523809523809,0.9022029518793462,53.0,4.0,1.0,1.0,1.0,819,0.36752136752136755,0.07448107448107448,0.38217338217338215,0.32722832722832723,0.09523809523809523,0.2600732600732601,48.207196029776675,6.882783882783883
2025-02-03,2,1,0,1,0,0,0,0,4,0,0,1,2025,2,3,0,34,6,1,0,1,0,0.0,1.0,0.5524353131676196,0.8335557718385699,0.6631226582407952,0.7485107481711011,0.8660254037844386,0.5000000000000001,1.0,0.0,1.0,0.0,2.0,0.0,1.0,1.0000000000000013,3.0,2.0,0.7142857142857143,0.7559289460184528,5.0,2.0,0.6428571428571429,0.7449463436684931,9.0,2.0,0.5714285714285714,0.7417981870189142,16.0,2.0,0.6785714285714286,0.9743462676844669,38.0,4.0,0.6547619047619048,0.911691762789649,55.0,4.0,1.0,2.0,2.0,819,0.36752136752136755,0.07448107448107448,0.38217338217338215,0.32722832722832723,0.09523809523809523,0.2600732600732601,48.207196029776675,6.882783882783883
2025-02-04,0,0,0,0,0,0,0,0,0,0,0,0,2025,2,4,1,35,6,1,0,0,0,0.7818314824680298,0.6234898018587336,0.5667017562911176,0.8239230057575542,0.6631226582407952,0.7485107481711011,0.8660254037844386,0.5000000000000001,2.0,1.0,0.0,0.0,2.0,0.0,1.0,1.0000000000000013,3.0,2.0,0.7142857142857143,0.7559289460184528,5.0,2.0,0.5,0.6504436355879921,7.0,2.0,0.5714285714285714,0.7417981870189142,16.0,2.0,0.6785714285714286,0.9743462676844669,38.0,4.0,0.6428571428571429,0.9136561946359026,54.0,4.0,-2.0,0.0,0.0,819,0.36752136752136755,0.07448107448107448,0.38217338217338215,0.32722832722832723,0.09523809523809523,0.2600732600732601,48.207196029776675,6.882783882783883
2025-02-05,0,0,0,0,0,0,0,0,0,0,0,0,2025,2,5,2,36,6,1,0,0,0,0.9749279121818236,-0.22252093395631434,0.5808002734538009,0.8140460935082178,0.6631226582407952,0.7485107481711011,0.8660254037844386,0.5000000000000001,0.0,2.0,1.0,1.0,0.0,0.0,0.6666666666666666,1.1547005383792526,2.0,2.0,0.5714285714285714,0.7867957924694416,4.0,2.0,0.5,0.6504436355879921,7.0,2.0,0.5714285714285714,0.7417981870189142,16.0,2.0,0.6071428571428571,0.8671493827179106,34.0,4.0,0.6428571428571429,0.9136561946359026,54.0,4.0,0.0,-1.0,0.0,819,0.36752136752136755,0.07448107448107448,0.38217338217338215,0.32722832722832723,0.09523809523809523,0.2600732600732601,48.207196029776675,6.882783882783883
2025-02-06,0,0,0,0,0,0,0,0,0,0,0,0,2025,2,6,3,37,6,1,0,0,0,0.43388373911755823,-0.900968867902419,0.5947266869607634,0.8039279618328213,0.6631226582407952,0.7485107481711011,0.8660254037844386,0.5000000000000001,0.0,0.0,2.0,0.0,1.0,1.0,0.0,0.0,0.0,0.0,0.5714285714285714,0.7867957924694416,4.0,2.0,0.42857142857142855,0.6462061726588654,6.0,2.0,0.5357142857142857,0.7444681351359519,15.0,2.0,0.5714285714285714,0.8497516825978774,32.0,4.0,0.6428571428571429,0.9136561946359026,54.0,4.0,0.0,0.0,-1.0,819,0.36752136752136755,0.07448107448107448,0.38217338217338215,0.32722832722832723,0.09523809523809523,0.2600732600732601,48.207196029776675,6.882783882783883
2025-02-07,0,0,0,0,0,0,0,0,0,0,0,0,2025,2,7,4,38,6,1,0,0,1,-0.433883739117558,-0.9009688679024191,0.6084768701151261,0.7935716089521474,0.6631226582407952,0.7485107481711011,0.8660254037844386,0.5000000000000001,0.0,0.0,0.0,1.0,0.0,0.0,0.0,0.0,0.0,0.0,0.42857142857142855,0.7867957924694419,3.0,2.0,0.42857142857142855,0.6462061726588654,6.0,2.0,0.5357142857142857,0.7444681351359519,15.0,2.0,0.5714285714285714,0.8497516825978774,32.0,4.0,0.6428571428571429,0.9136561946359026,54.0,4.0,0.0,-1.0,0.0,819,0.36752136752136755,0.07448107448107448,0.38217338217338215,0.32722832722832723,0.09523809523809523,0.2600732600732601,48.207196029776675,6.882783882783883
2025-02-08,0,0,0,0,0,0,0,0,0,0,0,0,2025,2,8,5,39,6,1,1,0,0,-0.9749279121818236,-0.2225209339563146,0.6220467484408675,0.7829801036770629,0.6631226582407952,0.7485107481711011,0.8660254037844386,0.5000000000000001,0.0,0.0,0.0,0.0,1.0,0.0,0.0,0.0,0.0,0.0,0.42857142857142855,0.7867957924694419,3.0,2.0,0.35714285714285715,0.6333236937766523,5.0,2.0,0.5357142857142857,0.7444681351359519,15.0,2.0,0.5535714285714286,0.8510879210461461,31.0,4.0,0.6428571428571429,0.9136561946359026,54.0,4.0,0.0,0.0,0.0,819,0.36752136752136755,0.07448107448107448,0.38217338217338215,0.32722832722832723,0.09523809523809523,0.2600732600732601,48.207196029776675,6.882783882783883
2025-02-09,0,0,0,0,0,0,0,0,0,0,0,0,2025,2,9,6,40,6,1,1,0,0,-0.7818314824680299,0.6234898018587334,0.6354323008901774,0.7721565844991642,0.6631226582407952,0.7485107481711011,0.8660254037844386,0.5000000000000001,0.0,0.0,0.0,1.0,0.0,0.0,0.0,0.0,0.0,0.0,0.2857142857142857,0.7559289460184533,2.0,2.0,0.35714285714285715,0.6333236937766523,5.0,2.0,0.5357142857142857,0.7444681351359519,15.0,2.0,0.5535714285714286,0.8510879210461461,31.0,4.0,0.6428571428571429,0.9136561946359026,54.0,4.0,0.0,-1.0,0.0,819,0.36752136752136755,0.07448107448107448,0.38217338217338215,0.32722832722832723,0.09523809523809523,0.2600732600732601,48.207196029776675,6.882783882783883
2025-02-10,0,0,0,0,0,0,0,0,0,0,0,0,2025,2,10,0,41,7,1,0,1,0,0.0,1.0,0.6486295610349814,0.7611042586607747,0.7485107481711011,0.6631226582407953,0.8660254037844386,0.5000000000000001,0.0,0.0,0.0,2.0,0.0,0.0,0.0,0.0,0.0,0.0,0.0,0.0,0.0,0.0,0.35714285714285715,0.6333236937766523,5.0,2.0,0.5357142857142857,0.7444681351359519,15.0,2.0,0.5357142857142857,0.8520410940641464,30.0,4.0,0.6190476190476191,0.9038706846516136,52.0,4.0,0.0,-2.0,0.0,819,0.36752136752136755,0.07448107448107448,0.38217338217338215,0.32722832722832723,0.09523809523809523,0.2600732600732601,48.207196029776675,6.882783882783883
2025-02-11,2,2,0,1,0,0,0,0,4,2,2,0,2025,2,11,1,42,7,1,0,0,0,0.7818314824680298,0.6234898018587336,0.6616346182422783,0.7498264012045686,0.7485107481711011,0.6631226582407953,0.8660254037844386,0.5000000000000001,0.0,0.0,0.0,0.0,0.0,1.0,0.6666666666666666,1.1547005383792526,2.0,2.0,0.2857142857142857,0.7559289460184533,2.0,2.0,0.5,0.7595545253127511,7.0,2.0,0.5714285714285714,0.7901510136288012,16.0,2.0,0.5535714285714286,0.8721893634494101,31.0,4.0,0.6428571428571429,0.9136561946359026,54.0,4.0,2.0,2.0,1.0,819,0.36752136752136755,0.07448107448107448,0.38217338217338215,0.32722832722832723,0.09523809523809523,0.2600732600732601,48.207196029776675,6.882783882783883
2025-02-12,1,0,0,1,0,0,0,0,2,1,1,0,2025,2,12,2,43,7,1,0,0,0,0.9749279121818236,-0.22252093395631434,0.6744436188329455,0.7383263540031065,0.7485107481711011,0.6631226582407953,0.8660254037844386,0.5000000000000001,2.0,0.0,0.0,0.0,1.0,0.0,1.0,1.0000000000000013,3.0,2.0,0.42857142857142855,0.7867957924694419,3.0,2.0,0.5,0.7595545253127511,7.0,2.0,0.6071428571428571,0.7859547491585412,17.0,2.0,0.5535714285714286,0.8721893634494101,31.0,4.0,0.6547619047619048,0.911691762789649,55.0,4.0,-1.0,1.0,1.0,819,0.36752136752136755,0.07448107448107448,0.38217338217338215,0.32722832722832723,0.09523809523809523,0.2600732600732601,48.207196029776675,6.882783882783883
2025-02-13,0,0,0,0,0,0,0,0,0,0,0,0,2025,2,13,3,44,7,1,0,0,0,0.43388373911755823,-0.900968867902419,0.6870527672236669,0.7266075247685656,0.7485107481711011,0.6631226582407953,0.8660254037844386,0.5000000000000001,1.0,2.0,0.0,0.0,0.0,1.0,1.0,1.0000000000000013,3.0,2.0,0.42857142857142855,0.7867957924694419,3.0,2.0,0.5,0.7595545253127511,7.0,2.0,0.5714285714285714,0.7901510136288012,16.0,2.0,0.5357142857142857,0.873119500605538,30.0,4.0,0.6547619047619048,0.911691762789649,55.0,4.0,-1.0,0.0,-1.0,819,0.36752136752136755,0.07448107448107448,0.38217338217338215,0.32722832722832723,0.09523809523809523,0.2600732600732601,48.207196029776675,6.882783882783883
2025-02-14,1,1,0,1,0,0,0,0,2,0,0,0,2025,2,14,4,45,7,1,0,0,1,-0.433883739117558,-0.9009688679024191,0.699458327051647,0.7146733860429609,0.7485107481711011,0.6631226582407953,0.8660254037844386,0.5000000000000001,0.0,1.0,2.0,0.0,1.0,2.0,0.6666666666666666,0.5773502691896278,2.0,1.0,0.5714285714285714,0.7867957924694416,4.0,2.0,0.5,0.7595545253127511,7.0,2.0,0.5357142857142857,0.7444681351359519,15.0,2.0,0.5,0.8090398349558915,28.0,4.0,0.6666666666666666,0.9095654110330889,56.0,4.0,1.0,1.0,-1.0,819,0.36752136752136755,0.07448107448107448,0.38217338217338215,0.32722832722832723,0.09523809523809523,0.2600732600732601,48.207196029776675,6.882783882783883
2025-02-15,0,0,0,0,0,0,0,0,0,0,0,0,2025,2,15,5,46,7,1,1,0,0,-0.9749279121818236,-0.2225209339563146,0.7116566222817746,0.7025274741691571,0.7485107481711011,0.6631226582407953,0.8660254037844386,0.5000000000000001,1.0,0.0,1.0,0.0,0.0,0.0,0.3333333333333333,0.5773502691896276,1.0,1.0,0.5714285714285714,0.7867957924694416,4.0,2.0,0.5,0.7595545253127511,7.0,2.0,0.5357142857142857,0.7444681351359519,15.0,2.0,0.48214285714285715,0.8088391553459692,27.0,4.0,0.6428571428571429,0.9003728430235942,54.0,4.0,-1.0,0.0,0.0,819,0.36752136752136755,0.07448107448107448,0.38217338217338215,0.32722832722832723,0.09523809523809523,0.2600732600732601,48.207196029776675,6.882783882783883
2025-02-16,0,0,0,0,0,0,0,0,0,0,0,0,2025,2,16,6,47,7,1,1,0,0,-0.7818314824680299,0.6234898018587334,0.7236440382959124,0.6901733882429719,0.7485107481711011,0.6631226582407953,0.8660254037844386,0.5000000000000001,0.0,1.0,0.0,0.0,1.0,0.0,0.3333333333333333,0.5773502691896276,1.0,1.0,0.5714285714285714,0.7867957924694416,4.0,2.0,0.42857142857142855,0.7559289460184556,6.0,2.0,0.5357142857142857,0.7444681351359519,15.0,2.0,0.48214285714285715,0.8088391553459692,27.0,4.0,0.6190476190476191,0.8904413675421914,52.0,4.0,0.0,0.0,0.0,819,0.36752136752136755,0.07448107448107448,0.38217338217338215,0.32722832722832723,0.09523809523809523,0.2600732600732601,48.207196029776675,6.882783882783883
2025-02-17,0,0,0,0,0,0,0,0,0,0,0,0,2025,2,17,0,48,8,1,0,1,0,0.0,1.0,0.7354170229639855,0.6776147890466889,0.8229838658936564,0.5680647467311559,0.8660254037844386,0.5000000000000001,0.0,0.0,1.0,0.0,2.0,2.0,0.0,0.0,0.0,0.0,0.5714285714285714,0.7867957924694416,4.0,2.0,0.2857142857142857,0.6112498455021279,4.0,2.0,0.4642857142857143,0.6929348671835815,13.0,2.0,0.4107142857142857,0.6544056488499737,23.0,2.0,0.6071428571428571,0.8919702996683995,51.0,4.0,0.0,0.0,-2.0,819,0.36752136752136755,0.07448107448107448,0.38217338217338215,0.32722832722832723,0.09523809523809523,0.2600732600732601,48.207196029776675,6.882783882783883
2025-02-18,2,0,1,0,0,5,0,1,4,0,2,1,2025,2,18,1,49,8,1,0,0,0,0.7818314824680298,0.6234898018587336,0.7469720876965552,0.6648553979642865,0.8229838658936564,0.5680647467311559,0.8660254037844386,0.5000000000000001,0.0,0.0,0.0,2.0,0.0,2.0,0.6666666666666666,1.1547005383792524,2.0,2.0,0.5714285714285714,0.7867957924694416,4.0,2.0,0.42857142857142855,0.7559289460184555,6.0,2.0,0.4642857142857143,0.6929348671835815,13.0,2.0,0.44642857142857145,0.6854233690247192,25.0,2.0,0.6190476190476191,0.9038706846516136,52.0,4.0,2.0,0.0,0.0,819,0.36752136752136755,0.07448107448107448,0.38217338217338215,0.32722832722832723,0.09523809523809523,0.2600732600732601,48.207196029776675,6.882783882783883
2025-02-19,0,0,0,0,0,0,0,0,0,0,0,0,2025,2,19,2,50,8,1,0,0,0,0.9749279121818236,-0.22252093395631434,0.7583058084785624,0.6518989958787126,0.8229838658936564,0.5680647467311559,0.8660254037844386,0.5000000000000001,2.0,0.0,0.0,1.0,0.0,0.0,0.6666666666666666,1.1547005383792524,2.0,2.0,0.42857142857142855,0.7867957924694419,3.0,2.0,0.42857142857142855,0.7559289460184555,6.0,2.0,0.4642857142857143,0.6929348671835815,13.0,2.0,0.44642857142857145,0.6854233690247192,25.0,2.0,0.6190476190476191,0.9038706846516136,52.0,4.0,-2.0,-1.0,0.0,819,0.36752136752136755,0.07448107448107448,0.38217338217338215,0.32722832722832723,0.09523809523809523,0.2600732600732601,48.207196029776675,6.882783882783883
2025-02-20,3,0,2,0,0,2,0,1,6,0,0,2,2025,2,20,3,51,8,1,0,0,0,0.43388373911755823,-0.900968867902419,0.7694148268839378,0.6387494220515272,0.8229838658936564,0.5680647467311559,0.8660254037844386,0.5000000000000001,0.0,2.0,0.0,0.0,0.0,1.0,1.6666666666666667,1.5275252316519476,5.0,3.0,0.8571428571428571,1.2149857925879106,6.0,3.0,0.6428571428571429,1.0082080720186277,9.0,3.0,0.5357142857142857,0.8380817098475245,15.0,3.0,0.5,0.7627700713964749,28.0,3.0,0.6547619047619048,0.9377497754853557,55.0,4.0,3.0,3.0,2.0,819,0.36752136752136755,0.07448107448107448,0.38217338217338215,0.32722832722832723,0.09523809523809523,0.2600732600732601,48.207196029776675,6.882783882783883
2025-02-21,1,1,0,1,0,0,0,0,2,0,0,0,2025,2,21,4,52,8,1,0,0,1,-0.433883739117558,-0.9009688679024191,0.7802958510707755,0.6254105729852463,0.8229838658936564,0.5680647467311559,0.8660254037844386,0.5000000000000001,3.0,0.0,2.0,1.0,0.0,0.0,1.3333333333333333,1.5275252316519476,4.0,3.0,0.8571428571428571,1.2149857925879106,6.0,3.0,0.7142857142857143,0.9944903161976947,10.0,3.0,0.5714285714285714,0.8357108940373436,16.0,3.0,0.5,0.7627700713964749,28.0,3.0,0.6547619047619048,0.9377497754853557,55.0,4.0,-2.0,0.0,1.0,819,0.36752136752136755,0.07448107448107448,0.38217338217338215,0.32722832722832723,0.09523809523809523,0.2600732600732601,48.207196029776675,6.882783882783883
2025-02-22,1,1,0,1,0,0,0,0,2,0,0,1,2025,2,22,5,53,8,1,1,0,0,-0.9749279121818236,-0.2225209339563146,0.7909456567567772,0.6118864012687243,0.8229838658936564,0.5680647467311559,0.8660254037844386,0.5000000000000001,1.0,3.0,0.0,0.0,0.0,1.0,1.6666666666666667,1.1547005383792528,5.0,3.0,1.0,1.1547005383792504,7.0,3.0,0.7857142857142857,0.9749612559222302,11.0,3.0,0.5714285714285714,0.8357108940373436,16.0,3.0,0.5178571428571429,0.762557215226181,29.0,3.0,0.6428571428571429,0.926749171857589,54.0,4.0,0.0,1.0,0.0,819,0.36752136752136755,0.07448107448107448,0.38217338217338215,0.32722832722832723,0.09523809523809523,0.2600732600732601,48.207196029776675,6.882783882783883
2025-02-23,1,0,0,0,0,1,0,1,2,0,0,0,2025,2,23,6,54,8,1,1,0,0,-0.7818314824680299,0.6234898018587334,0.8013610881746766,0.5981809144059165,0.8229838658936564,0.5680647467311559,0.8660254037844386,0.5000000000000001,1.0,1.0,3.0,0.0,0.0,0.0,1.0,0.0,3.0,1.0,1.1428571428571428,1.069044967649696,8.0,3.0,0.8571428571428571,0.9492622930986476,12.0,3.0,0.6071428571428571,0.8317445171439002,17.0,3.0,0.5357142857142857,0.7619182899231927,30.0,3.0,0.6428571428571429,0.926749171857589,54.0,4.0,0.0,1.0,1.0,819,0.36752136752136755,0.07448107448107448,0.38217338217338215,0.32722832722832723,0.09523809523809523,0.2600732600732601,48.207196029776675,6.882783882783883
2025-02-24,0,0,0,0,0,0,0,0,0,0,0,0,2025,2,24,0,55,9,1,0,1,0,0.0,1.0,0.8115390590073611,0.5842981736283684,0.8854560256532099,0.4647231720437686,0.8660254037844386,0.5000000000000001,1.0,1.0,1.0,0.0,0.0,0.0,0.6666666666666666,0.5773502691896276,2.0,1.0,1.1428571428571428,1.069044967649696,8.0,3.0,0.8571428571428571,0.9492622930986476,12.0,3.0,0.6071428571428571,0.8317445171439002,17.0,3.0,0.5357142857142857,0.7619182899231927,30.0,3.0,0.6428571428571429,0.926749171857589,54.0,4.0,-1.0,0.0,0.0,819,0.36752136752136755,0.07448107448107448,0.38217338217338215,0.32722832722832723,0.09523809523809523,0.2600732600732601,48.207196029776675,6.882783882783883
2025-02-25,0,0,0,0,0,0,0,0,0,0,0,0,2025,2,25,1,56,9,1,0,0,0,0.7818314824680298,0.6234898018587336,0.8214765533024142,0.5702422926917871,0.8854560256532099,0.4647231720437686,0.8660254037844386,0.5000000000000001,0.0,1.0,1.0,2.0,2.0,0.0,0.3333333333333333,0.5773502691896273,1.0,1.0,0.8571428571428571,1.0690449676496963,6.0,3.0,0.7142857142857143,0.9138735334633764,10.0,3.0,0.6071428571428571,0.8317445171439002,17.0,3.0,0.5357142857142857,0.7619182899231927,30.0,3.0,0.6428571428571429,0.926749171857589,54.0,4.0,0.0,-2.0,0.0,819,0.36752136752136755,0.07448107448107448,0.38217338217338215,0.32722832722832723,0.09523809523809523,0.2600732600732601,48.207196029776675,6.882783882783883
2025-02-26,0,0,0,0,0,0,0,0,0,0,0,0,2025,2,26,2,57,9,1,0,0,0,0.9749279121818236,-0.22252093395631434,0.8311706263658079,0.5560174366570446,0.8854560256532099,0.4647231720437686,0.8660254037844386,0.5000000000000001,0.0,0.0,1.0,0.0,1.0,1.0,0.0,0.0,0.0,0.0,0.8571428571428571,1.0690449676496963,6.0,3.0,0.6428571428571429,0.928782731664066,9.0,3.0,0.5714285714285714,0.8357108940373436,16.0,3.0,0.5178571428571429,0.762557215226181,29.0,3.0,0.6428571428571429,0.926749171857589,54.0,4.0,0.0,0.0,-1.0,819,0.36752136752136755,0.07448107448107448,0.38217338217338215,0.32722832722832723,0.09523809523809523,0.2600732600732601,48.207196029776675,6.882783882783883
2025-02-27,0,0,0,0,0,0,0,0,0,0,0,0,2025,2,27,3,58,9,1,0,0,0,0.43388373911755823,-0.900968867902419,0.8406184056344782,0.5416278206559814,0.8854560256532099,0.4647231720437686,0.8660254037844386,0.5000000000000001,0.0,0.0,0.0,3.0,0.0,0.0,0.0,0.0,0.0,0.0,0.42857142857142855,0.5345224838248468,3.0,1.0,0.6428571428571429,0.928782731664066,9.0,3.0,0.5714285714285714,0.8357108940373436,16.0,3.0,0.5,0.7627700713964749,28.0,3.0,0.6190476190476191,0.9171033748246407,52.0,4.0,0.0,-3.0,0.0,819,0.36752136752136755,0.07448107448107448,0.38217338217338215,0.32722832722832723,0.09523809523809523,0.2600732600732601,48.207196029776675,6.882783882783883
2025-02-28,1,0,0,0,0,0,0,0,2,0,0,0,2025,2,28,4,59,9,1,0,0,1,-0.433883739117558,-0.9009688679024191,0.8498170915275278,0.5270777086423722,0.8854560256532099,0.4647231720437686,0.8660254037844386,0.5000000000000001,0.0,0.0,0.0,1.0,1.0,1.0,0.3333333333333333,0.5773502691896273,1.0,1.0,0.42857142857142855,0.5345224838248468,3.0,1.0,0.6428571428571429,0.928782731664066,9.0,3.0,0.5714285714285714,0.8357108940373436,16.0,3.0,0.5178571428571429,0.762557215226181,29.0,3.0,0.6190476190476191,0.9171033748246407,52.0,4.0,1.0,0.0,0.0,819,0.36752136752136755,0.07448107448107448,0.38217338217338215,0.32722832722832723,0.09523809523809523,0.2600732600732601,48.207196029776675,6.882783882783883
2025-03-01,1,0,0,0,0,0,0,0,2,0,0,0,2025,3,1,5,60,9,1,1,0,0,-0.9749279121818236,-0.2225209339563146,0.8587639582758029,0.5123714121284237,0.8854560256532099,0.4647231720437686,1.0,6.123233995736766e-17,1.0,0.0,0.0,1.0,0.0,0.0,0.6666666666666666,0.5773502691896276,2.0,1.0,0.42857142857142855,0.5345224838248468,3.0,1.0,0.7142857142857143,0.9138735334633764,10.0,3.0,0.6071428571428571,0.8317445171439002,17.0,3.0,0.5357142857142857,0.7619182899231927,30.0,3.0,0.6309523809523809,0.9154597489360056,53.0,4.0,0.0,0.0,1.0,819,0.36752136752136755,0.07448107448107448,0.38217338217338215,0.32722832722832723,0.09523809523809523,0.2600732600732601,48.207196029776675,6.882783882783883
2025-03-02,3,0,0,0,0,3,0,3,6,0,0,0,2025,3,2,6,61,9,1,1,0,0,-0.7818314824680299,0.6234898018587334,0.8674563547295969,0.49751328890718066,0.8854560256532099,0.4647231720437686,1.0,6.123233995736766e-17,1.0,1.0,0.0,1.0,0.0,1.0,1.6666666666666667,1.1547005383792528,5.0,3.0,0.7142857142857143,1.1126972805283726,5.0,3.0,0.9285714285714286,1.071611705960536,13.0,3.0,0.6785714285714286,0.9449111825230669,19.0,3.0,0.5892857142857143,0.8263124153685514,33.0,3.0,0.6666666666666666,0.9484716092610774,56.0,4.0,2.0,2.0,2.0,819,0.36752136752136755,0.07448107448107448,0.38217338217338215,0.32722832722832723,0.09523809523809523,0.2600732600732601,48.207196029776675,6.882783882783883
2025-03-03,2,2,0,0,0,0,0,0,4,0,0,0,2025,3,3,0,62,10,1,0,1,0,0.0,1.0,0.8758917051442429,0.48250774176121847,0.9350162426854148,0.35460488704253557,1.0,6.123233995736766e-17,3.0,1.0,1.0,0.0,0.0,2.0,2.0,1.0000000000000016,6.0,3.0,1.0,1.1547005383792504,7.0,3.0,1.0714285714285714,1.071611705960536,15.0,3.0,0.6785714285714286,0.944911182523067,19.0,3.0,0.625,0.8434237584771002,35.0,3.0,0.6785714285714286,0.9589240240984247,57.0,4.0,-1.0,2.0,0.0,819,0.36752136752136755,0.07448107448107448,0.38217338217338215,0.32722832722832723,0.09523809523809523,0.2600732600732601,48.207196029776675,6.882783882783883
2025-03-04,0,0,0,0,0,0,0,0,0,0,0,0,2025,3,4,1,63,10,1,0,0,0,0.7818314824680298,0.6234898018587336,0.8840675099433636,0.4673592171580022,0.9350162426854148,0.35460488704253557,1.0,6.123233995736766e-17,2.0,3.0,1.0,0.0,2.0,0.0,1.6666666666666667,1.5275252316519476,5.0,3.0,1.0,1.1547005383792504,7.0,3.0,0.9285714285714286,1.071611705960536,13.0,3.0,0.6785714285714286,0.944911182523067,19.0,3.0,0.625,0.8434237584771002,35.0,3.0,0.6785714285714286,0.9589240240984247,57.0,4.0,-2.0,0.0,0.0,819,0.36752136752136755,0.07448107448107448,0.38217338217338215,0.32722832722832723,0.09523809523809523,0.2600732600732601,48.207196029776675,6.882783882783883
2025-03-05,1,0,0,0,0,0,0,0,2,0,0,1,2025,3,5,2,64,10,1,0,0,0,0.9749279121818236,-0.22252093395631434,0.8919813464595485,0.45207220393230435,0.9350162426854148,0.35460488704253557,1.0,6.123233995736766e-17,0.0,2.0,3.0,0.0,0.0,0.0,1.0,1.0000000000000013,3.0,2.0,1.1428571428571428,1.069044967649696,8.0,3.0,1.0,1.0377490433255425,14.0,3.0,0.7142857142857143,0.9371802805793965,20.0,3.0,0.6428571428571429,0.8405316808386868,36.0,3.0,0.6428571428571429,0.8868905630979627,54.0,4.0,1.0,1.0,1.0,819,0.36752136752136755,0.07448107448107448,0.38217338217338215,0.32722832722832723,0.09523809523809523,0.2600732600732601,48.207196029776675,6.882783882783883
2025-03-06,0,0,0,0,0,0,0,0,0,0,0,0,2025,3,6,3,65,10,1,0,0,0,0.43388373911755823,-0.900968867902419,0.8996308696522433,0.43665123195606403,0.9350162426854148,0.35460488704253557,1.0,6.123233995736766e-17,1.0,0.0,2.0,0.0,3.0,0.0,0.3333333333333333,0.5773502691896281,1.0,1.0,1.1428571428571428,1.069044967649696,8.0,3.0,0.7857142857142857,0.8925823753039819,11.0,3.0,0.7142857142857143,0.9371802805793965,20.0,3.0,0.625,0.8434237584771002,35.0,3.0,0.6190476190476191,0.8768063888272254,52.0,4.0,-1.0,0.0,0.0,819,0.36752136752136755,0.07448107448107448,0.38217338217338215,0.32722832722832723,0.09523809523809523,0.2600732600732601,48.207196029776675,6.882783882783883
2025-03-07,0,0,0,0,0,0,0,0,0,0,0,0,2025,3,7,4,66,10,1,0,0,1,-0.433883739117558,-0.9009688679024191,0.9070138128026359,0.4211008707960896,0.9350162426854148,0.35460488704253557,1.0,6.123233995736766e-17,0.0,1.0,0.0,1.0,1.0,0.0,0.3333333333333333,0.5773502691896281,1.0,1.0,1.0,1.1547005383792504,7.0,3.0,0.7142857142857143,0.9138735334633764,10.0,3.0,0.7142857142857143,0.9371802805793965,20.0,3.0,0.625,0.8434237584771002,35.0,3.0,0.6190476190476191,0.8768063888272254,52.0,4.0,0.0,-1.0,0.0,819,0.36752136752136755,0.07448107448107448,0.38217338217338215,0.32722832722832723,0.09523809523809523,0.2600732600732601,48.207196029776675,6.882783882783883
2025-03-08,3,0,0,3,0,2,0,2,6,0,0,0,2025,3,8,5,67,10,1,1,0,0,-0.9749279121818236,-0.2225209339563146,0.9141279881853337,0.40542572835999735,0.9350162426854148,0.35460488704253557,1.0,6.123233995736766e-17,0.0,0.0,1.0,1.0,1.0,0.0,1.0,1.732050807568878,3.0,3.0,1.2857142857142858,1.3801311186847072,9.0,3.0,0.8571428571428571,1.0994504121565514,12.0,3.0,0.8214285714285714,1.0202966681339742,23.0,3.0,0.6785714285714286,0.8966025339558803,38.0,3.0,0.6428571428571429,0.9136561946359028,54.0,4.0,3.0,2.0,3.0,819,0.36752136752136755,0.07448107448107448,0.38217338217338215,0.32722832722832723,0.09523809523809523,0.2600732600732601,48.207196029776675,6.882783882783883
2025-03-09,0,0,0,0,0,0,0,0,0,0,0,0,2025,3,9,6,68,10,1,1,0,0,-0.7818314824680299,0.6234898018587334,0.9209712877166346,0.38963044953078796,0.9350162426854148,0.35460488704253557,1.0,6.123233995736766e-17,3.0,0.0,0.0,3.0,1.0,0.0,1.0,1.732050807568878,3.0,3.0,0.8571428571428571,1.2149857925879106,6.0,3.0,0.7857142857142857,1.1217137594956033,11.0,3.0,0.8214285714285714,1.0202966681339742,23.0,3.0,0.6785714285714286,0.8966025339558803,38.0,3.0,0.6428571428571429,0.9136561946359028,54.0,4.0,-3.0,-3.0,0.0,819,0.36752136752136755,0.07448107448107448,0.38217338217338215,0.32722832722832723,0.09523809523809523,0.2600732600732601,48.207196029776675,6.882783882783883
2025-03-10,1,0,0,0,0,0,0,0,2,0,0,1,2025,3,10,0,69,11,1,0,1,0,0.0,1.0,0.9275416835791966,0.37371971479046906,0.970941817426052,0.23931566428755804,1.0,6.123233995736766e-17,0.0,3.0,0.0,2.0,0.0,0.0,1.3333333333333333,1.5275252316519476,4.0,3.0,0.7142857142857143,1.1126972805283726,5.0,3.0,0.8571428571428571,1.0994504121565514,12.0,3.0,0.8571428571428571,1.0079052613579385,24.0,3.0,0.6964285714285714,0.8927922054307618,39.0,3.0,0.6428571428571429,0.9136561946359028,54.0,4.0,1.0,-1.0,1.0,819,0.36752136752136755,0.07448107448107448,0.38217338217338215,0.32722832722832723,0.09523809523809523,0.2600732600732601,48.207196029776675,6.882783882783883
2025-03-11,1,0,0,0,0,0,0,0,2,0,0,0,2025,3,11,1,70,11,1,0,0,0,0.7818314824680298,0.6234898018587336,0.9338372288229252,0.35769823883312546,0.970941817426052,0.23931566428755804,1.0,6.123233995736766e-17,1.0,0.0,3.0,0.0,0.0,2.0,0.6666666666666666,0.5773502691896278,2.0,1.0,0.8571428571428571,1.0690449676496965,6.0,3.0,0.9285714285714286,1.071611705960536,13.0,3.0,0.8214285714285714,0.9833266074561469,23.0,3.0,0.6964285714285714,0.8927922054307618,39.0,3.0,0.6428571428571429,0.9136561946359028,54.0,4.0,0.0,1.0,-1.0,819,0.36752136752136755,0.07448107448107448,0.38217338217338215,0.32722832722832723,0.09523809523809523,0.2600732600732601,48.207196029776675,6.882783882783883
2025-03-12,1,0,0,1,0,0,0,0,2,0,0,0,2025,3,12,2,71,11,1,0,0,0,0.9749279121818236,-0.22252093395631434,0.9398560579418954,0.3415707691678556,0.970941817426052,0.23931566428755804,1.0,6.123233995736766e-17,1.0,1.0,0.0,1.0,0.0,1.0,1.0,0.0,3.0,1.0,0.8571428571428571,1.0690449676496965,6.0,3.0,1.0,1.0377490433255425,14.0,3.0,0.8214285714285714,0.9833266074561469,23.0,3.0,0.7142857142857143,0.8886002417343757,40.0,3.0,0.6428571428571429,0.9136561946359028,54.0,4.0,0.0,0.0,0.0,819,0.36752136752136755,0.07448107448107448,0.38217338217338215,0.32722832722832723,0.09523809523809523,0.2600732600732601,48.207196029776675,6.882783882783883
2025-03-13,0,0,0,0,0,0,0,0,0,0,0,0,2025,3,13,3,72,11,1,0,0,0,0.43388373911755823,-0.900968867902419,0.9455963874271426,0.3253420847119801,0.970941817426052,0.23931566428755804,1.0,6.123233995736766e-17,1.0,1.0,1.0,0.0,0.0,0.0,0.6666666666666666,0.5773502691896277,2.0,1.0,0.8571428571428571,1.0690449676496965,6.0,3.0,1.0,1.0377490433255425,14.0,3.0,0.8214285714285714,0.9833266074561469,23.0,3.0,0.6964285714285714,0.8927922054307618,39.0,3.0,0.6309523809523809,0.9154597489360056,53.0,4.0,-1.0,0.0,0.0,819,0.36752136752136755,0.07448107448107448,0.38217338217338215,0.32722832722832723,0.09523809523809523,0.2600732600732601,48.207196029776675,6.882783882783883
2025-03-14,0,0,0,0,0,0,0,0,0,0,0,0,2025,3,14,4,73,11,1,0,0,1,-0.433883739117558,-0.9009688679024191,0.9510565162951535,0.30901699437494745,0.970941817426052,0.23931566428755804,1.0,6.123233995736766e-17,0.0,1.0,1.0,0.0,1.0,1.0,0.3333333333333333,0.5773502691896274,1.0,1.0,0.8571428571428571,1.0690449676496965,6.0,3.0,0.9285714285714286,1.071611705960536,13.0,3.0,0.7857142857142857,0.9946949227868752,22.0,3.0,0.6607142857142857,0.8796029210395451,37.0,3.0,0.5952380952380952,0.8797459603066371,50.0,4.0,0.0,0.0,-1.0,819,0.36752136752136755,0.07448107448107448,0.38217338217338215,0.32722832722832723,0.09523809523809523,0.2600732600732601,48.207196029776675,6.882783882783883
2025-03-15,0,0,0,0,0,0,0,0,0,0,0,0,2025,3,15,5,74,11,1,1,0,0,-0.9749279121818236,-0.2225209339563146,0.9562348265919056,0.29260033563334836,0.970941817426052,0.23931566428755804,1.0,6.123233995736766e-17,0.0,0.0,1.0,3.0,1.0,0.0,0.0,0.0,0.0,0.0,0.42857142857142855,0.5345224838248469,3.0,1.0,0.8571428571428571,1.0994504121565514,12.0,3.0,0.7857142857142857,0.9946949227868752,22.0,3.0,0.6607142857142857,0.8796029210395451,37.0,3.0,0.5833333333333334,0.8809678868555219,49.0,4.0,0.0,-3.0,0.0,819,0.36752136752136755,0.07448107448107448,0.38217338217338215,0.32722832722832723,0.09523809523809523,0.2600732600732601,48.207196029776675,6.882783882783883
2025-03-16,1,0,0,0,0,0,0,0,2,0,0,0,2025,3,16,6,75,11,1,1,0,0,-0.7818314824680299,0.6234898018587334,0.9611297838723007,0.27609697309746883,0.970941817426052,0.23931566428755804,1.0,6.123233995736766e-17,0.0,0.0,0.0,0.0,3.0,0.0,0.3333333333333333,0.5773502691896274,1.0,1.0,0.5714285714285714,0.5345224838248467,4.0,1.0,0.7142857142857143,0.9138735334633764,10.0,3.0,0.8214285714285714,0.9833266074561469,23.0,3.0,0.6785714285714286,0.8760893034003263,38.0,3.0,0.5952380952380952,0.8797459603066371,50.0,4.0,1.0,1.0,1.0,819,0.36752136752136755,0.07448107448107448,0.38217338217338215,0.32722832722832723,0.09523809523809523,0.2600732600732601,48.207196029776675,6.882783882783883
2025-03-17,1,1,0,0,0,2,0,1,2,0,0,0,2025,3,17,0,76,12,1,0,1,0,0.0,1.0,0.9657399376548549,0.2595117970697999,0.992708874098054,0.120536680255323,1.0,6.123233995736766e-17,1.0,0.0,0.0,1.0,2.0,0.0,0.6666666666666666,0.5773502691896277,2.0,1.0,0.5714285714285714,0.5345224838248467,4.0,1.0,0.6428571428571429,0.8418973861410964,9.0,3.0,0.8571428571428571,0.9704632614370006,24.0,3.0,0.6607142857142857,0.8586836800228963,37.0,3.0,0.5595238095238095,0.7968490730429507,47.0,3.0,0.0,0.0,1.0,819,0.36752136752136755,0.07448107448107448,0.38217338217338215,0.32722832722832723,0.09523809523809523,0.2600732600732601,48.207196029776675,6.882783882783883
2025-03-18,1,1,0,1,0,0,0,0,2,0,0,0,2025,3,18,1,77,12,1,0,0,0,0.7818314824680298,0.6234898018587336,0.9700639218515071,0.2428497220959356,0.992708874098054,0.120536680255323,1.0,6.123233995736766e-17,1.0,1.0,0.0,1.0,0.0,2.0,1.0,0.0,3.0,1.0,0.5714285714285714,0.5345224838248467,4.0,1.0,0.7142857142857143,0.825420305855558,10.0,3.0,0.8214285714285714,0.9449111825230672,23.0,3.0,0.6428571428571429,0.8405316808386867,36.0,3.0,0.5714285714285714,0.7958584708852844,48.0,3.0,0.0,0.0,-1.0,819,0.36752136752136755,0.07448107448107448,0.38217338217338215,0.32722832722832723,0.09523809523809523,0.2600732600732601,48.207196029776675,6.882783882783883
2025-03-19,0,0,0,0,0,0,0,0,0,0,0,0,2025,3,19,2,78,12,1,0,0,0,0.9749279121818236,-0.22252093395631434,0.9741004551724205,0.22611568550828828,0.992708874098054,0.120536680255323,1.0,6.123233995736766e-17,1.0,1.0,1.0,1.0,1.0,0.0,0.6666666666666666,0.5773502691896277,2.0,1.0,0.42857142857142855,0.5345224838248469,3.0,1.0,0.6428571428571429,0.8418973861410964,9.0,3.0,0.8214285714285714,0.9449111825230672,23.0,3.0,0.6428571428571429,0.8405316808386867,36.0,3.0,0.5714285714285714,0.7958584708852844,48.0,3.0,-1.0,-1.0,0.0,819,0.36752136752136755,0.07448107448107448,0.38217338217338215,0.32722832722832723,0.09523809523809523,0.2600732600732601,48.207196029776675,6.882783882783883
2025-03-20,1,1,0,1,0,0,0,0,3,0,0,0,2025,3,20,3,79,12,1,0,0,0,0.43388373911755823,-0.900968867902419,0.9778483415056568,0.20931464596304847,0.992708874098054,0.120536680255323,1.0,6.123233995736766e-17,0.0,1.0,1.0,0.0,0.0,3.0,0.6666666666666666,0.5773502691896277,2.0,1.0,0.5714285714285714,0.5345224838248467,4.0,1.0,0.7142857142857143,0.825420305855558,10.0,3.0,0.75,0.8443713418650358,21.0,3.0,0.6428571428571429,0.8405316808386867,36.0,3.0,0.5833333333333334,0.7946861672494819,49.0,3.0,1.0,1.0,-2.0,819,0.36752136752136755,0.07448107448107448,0.38217338217338215,0.32722832722832723,0.09523809523809523,0.2600732600732601,48.207196029776675,6.882783882783883
2025-03-21,0,0,0,0,0,0,0,0,0,0,0,0,2025,3,21,4,80,12,1,0,0,1,-0.433883739117558,-0.9009688679024191,0.9813064702716093,0.19245158197082998,0.992708874098054,0.120536680255323,1.0,6.123233995736766e-17,1.0,0.0,1.0,0.0,0.0,1.0,0.3333333333333333,0.5773502691896274,1.0,1.0,0.5714285714285714,0.5345224838248467,4.0,1.0,0.7142857142857143,0.825420305855558,10.0,3.0,0.7142857142857143,0.8544932592822065,20.0,3.0,0.6428571428571429,0.8405316808386867,36.0,3.0,0.5714285714285714,0.7958584708852844,48.0,3.0,-1.0,0.0,-1.0,819,0.36752136752136755,0.07448107448107448,0.38217338217338215,0.32722832722832723,0.09523809523809523,0.2600732600732601,48.207196029776675,6.882783882783883
2025-03-22,1,1,0,1,0,0,0,0,3,0,0,0,2025,3,22,5,81,12,1,1,0,0,-0.9749279121818236,-0.2225209339563146,0.9844738167520922,0.1755314904214282,0.992708874098054,0.120536680255323,1.0,6.123233995736766e-17,0.0,1.0,0.0,0.0,3.0,1.0,0.6666666666666666,0.5773502691896277,2.0,1.0,0.7142857142857143,0.4879500364742641,5.0,1.0,0.5714285714285714,0.5135525910130969,8.0,1.0,0.7142857142857143,0.8544932592822065,20.0,3.0,0.6428571428571429,0.8405316808386867,36.0,3.0,0.5833333333333334,0.7946861672494819,49.0,3.0,1.0,1.0,0.0,819,0.36752136752136755,0.07448107448107448,0.38217338217338215,0.32722832722832723,0.09523809523809523,0.2600732600732601,48.207196029776675,6.882783882783883
2025-03-23,0,0,0,0,0,0,0,0,0,0,0,0,2025,3,23,6,82,12,1,1,0,0,-0.7818314824680299,0.6234898018587334,0.9873494423939864,0.15855938510313475,0.992708874098054,0.120536680255323,1.0,6.123233995736766e-17,1.0,0.0,1.0,1.0,0.0,1.0,0.3333333333333333,0.5773502691896274,1.0,1.0,0.5714285714285714,0.5345224838248467,4.0,1.0,0.5714285714285714,0.5135525910130969,8.0,1.0,0.6785714285714286,0.8629652337776956,19.0,3.0,0.6428571428571429,0.8405316808386867,36.0,3.0,0.5833333333333334,0.7946861672494819,49.0,3.0,-1.0,-1.0,-1.0,819,0.36752136752136755,0.07448107448107448,0.38217338217338215,0.32722832722832723,0.09523809523809523,0.2600732600732601,48.207196029776675,6.882783882783883
2025-03-24,0,0,0,0,0,0,0,0,0,0,0,0,2025,3,24,0,83,13,1,0,1,0,0.0,1.0,0.989932495087353,0.141540295217043,1.0,-1.6081226496766366e-16,1.0,6.123233995736766e-17,0.0,1.0,0.0,1.0,1.0,0.0,0.3333333333333333,0.5773502691896274,1.0,1.0,0.42857142857142855,0.5345224838248468,3.0,1.0,0.5,0.5188745216627723,7.0,1.0,0.6785714285714286,0.8629652337776956,19.0,3.0,0.6428571428571429,0.8405316808386867,36.0,3.0,0.5833333333333334,0.7946861672494819,49.0,3.0,0.0,-1.0,0.0,819,0.36752136752136755,0.07448107448107448,0.38217338217338215,0.32722832722832723,0.09523809523809523,0.2600732600732601,48.207196029776675,6.882783882783883
2025-03-25,0,0,0,0,0,0,0,0,0,0,0,0,2025,3,25,1,84,13,1,0,0,0,0.7818314824680298,0.6234898018587336,0.9922222094179323,0.12447926388678915,1.0,-1.6081226496766366e-16,1.0,6.123233995736766e-17,0.0,0.0,1.0,1.0,1.0,0.0,0.0,0.0,0.0,0.0,0.2857142857142857,0.4879500364742647,2.0,1.0,0.42857142857142855,0.5135525910130968,6.0,1.0,0.6785714285714286,0.8629652337776956,19.0,3.0,0.6428571428571429,0.8405316808386867,36.0,3.0,0.5833333333333334,0.7946861672494819,49.0,3.0,0.0,-1.0,0.0,819,0.36752136752136755,0.07448107448107448,0.38217338217338215,0.32722832722832723,0.09523809523809523,0.2600732600732601,48.207196029776675,6.882783882783883
2025-03-26,1,1,0,1,0,0,0,0,2,0,0,0,2025,3,26,2,85,13,1,0,0,0,0.9749279121818236,-0.22252093395631434,0.994217906893952,0.10738134666416309,1.0,-1.6081226496766366e-16,1.0,6.123233995736766e-17,0.0,0.0,0.0,0.0,1.0,0.0,0.3333333333333333,0.5773502691896274,1.0,1.0,0.42857142857142855,0.5345224838248468,3.0,1.0,0.42857142857142855,0.5135525910130968,6.0,1.0,0.7142857142857143,0.8544932592822065,20.0,3.0,0.6428571428571429,0.8405316808386867,36.0,3.0,0.5833333333333334,0.7946861672494819,49.0,3.0,1.0,1.0,1.0,819,0.36752136752136755,0.07448107448107448,0.38217338217338215,0.32722832722832723,0.09523809523809523,0.2600732600732601,48.207196029776675,6.882783882783883
2025-03-27,0,0,0,0,0,0,0,0,0,0,0,0,2025,3,27,3,86,13,1,0,0,0,0.43388373911755823,-0.900968867902419,0.995918996147179,0.09025161003104117,1.0,-1.6081226496766366e-16,1.0,6.123233995736766e-17,1.0,0.0,0.0,1.0,0.0,0.0,0.3333333333333333,0.5773502691896274,1.0,1.0,0.2857142857142857,0.4879500364742647,2.0,1.0,0.42857142857142855,0.5135525910130968,6.0,1.0,0.7142857142857143,0.8544932592822065,20.0,3.0,0.6428571428571429,0.8405316808386867,36.0,3.0,0.5714285714285714,0.7958584708852844,48.0,3.0,-1.0,-1.0,0.0,819,0.36752136752136755,0.07448107448107448,0.38217338217338215,0.32722832722832723,0.09523809523809523,0.2600732600732601,48.207196029776675,6.882783882783883
2025-03-28,1,0,0,0,0,1,0,1,2,0,0,0,2025,3,28,4,87,13,1,0,0,1,-0.433883739117558,-0.9009688679024191,0.9973249731081555,0.07309512989807777,1.0,-1.6081226496766366e-16,1.0,6.123233995736766e-17,0.0,1.0,0.0,0.0,0.0,1.0,0.6666666666666666,0.5773502691896277,2.0,1.0,0.42857142857142855,0.5345224838248468,3.0,1.0,0.5,0.5188745216627723,7.0,1.0,0.7142857142857143,0.8544932592822065,20.0,3.0,0.6428571428571429,0.8405316808386867,36.0,3.0,0.5833333333333334,0.7946861672494819,49.0,3.0,1.0,1.0,0.0,819,0.36752136752136755,0.07448107448107448,0.38217338217338215,0.32722832722832723,0.09523809523809523,0.2600732600732601,48.207196029776675,6.882783882783883
2025-03-29,1,0,0,0,0,0,0,0,2,1,1,0,2025,3,29,5,88,13,1,1,0,0,-0.9749279121818236,-0.2225209339563146,0.9984354211555643,0.055916990100603484,1.0,-1.6081226496766366e-16,1.0,6.123233995736766e-17,1.0,0.0,1.0,1.0,0.0,1.0,0.6666666666666666,0.5773502691896277,2.0,1.0,0.42857142857142855,0.5345224838248468,3.0,1.0,0.5714285714285714,0.5135525910130969,8.0,1.0,0.7142857142857143,0.8544932592822065,20.0,3.0,0.6607142857142857,0.8372419160398189,37.0,3.0,0.5952380952380952,0.793331356636579,50.0,3.0,0.0,0.0,0.0,819,0.36752136752136755,0.07448107448107448,0.38217338217338215,0.32722832722832723,0.09523809523809523,0.2600732600732601,48.207196029776675,6.882783882783883
2025-03-30,1,1,0,1,0,0,0,0,2,0,0,0,2025,3,30,6,89,13,1,1,0,0,-0.7818314824680299,0.6234898018587334,0.9992500112396835,0.03872228089217446,1.0,-1.6081226496766366e-16,1.0,6.123233995736766e-17,1.0,1.0,0.0,0.0,1.0,3.0,1.0,0.0,3.0,1.0,0.5714285714285714,0.5345224838248466,4.0,1.0,0.5714285714285714,0.5135525910130969,8.0,1.0,0.6428571428571429,0.7310208850583768,18.0,3.0,0.6607142857142857,0.8372419160398189,37.0,3.0,0.6071428571428571,0.7917931022024337,51.0,3.0,0.0,1.0,-2.0,819,0.36752136752136755,0.07448107448107448,0.38217338217338215,0.32722832722832723,0.09523809523809523,0.2600732600732601,48.207196029776675,6.882783882783883
2025-03-31,0,0,0,0,0,0,0,0,0,0,0,0,2025,3,31,0,90,14,1,0,1,0,0.0,1.0,0.9997685019798909,0.021516097436222254,0.992708874098054,-0.12053668025532288,1.0,6.123233995736766e-17,1.0,1.0,1.0,0.0,1.0,2.0,0.6666666666666666,0.5773502691896277,2.0,1.0,0.5714285714285714,0.5345224838248466,4.0,1.0,0.5,0.5188745216627723,7.0,1.0,0.5714285714285714,0.6900655593423528,16.0,3.0,0.625,0.82158383625775,35.0,3.0,0.6071428571428571,0.7917931022024337,51.0,3.0,-1.0,0.0,-2.0,819,0.36752136752136755,0.07448107448107448,0.38217338217338215,0.32722832722832723,0.09523809523809523,0.2600732600732601,48.207196029776675,6.882783882783883
2025-04-01,2,0,0,0,0,0,0,0,4,0,0,0,2025,4,1,1,91,14,2,0,0,0,0.7818314824680298,0.6234898018587336,0.9999907397361901,0.004303538296244289,0.992708874098054,-0.12053668025532288,0.8660254037844387,-0.4999999999999998,0.0,1.0,1.0,0.0,1.0,0.0,1.0,1.0000000000000013,3.0,2.0,0.8571428571428571,0.6900655593423524,6.0,2.0,0.5714285714285714,0.6462061726588652,8.0,2.0,0.6428571428571429,0.7310208850583768,18.0,3.0,0.6607142857142857,0.8372419160398189,37.0,3.0,0.6309523809523809,0.8033028492322338,53.0,3.0,2.0,2.0,2.0,819,0.36752136752136755,0.07448107448107448,0.38217338217338215,0.32722832722832723,0.09523809523809523,0.2600732600732601,48.207196029776675,6.882783882783883
2025-04-02,0,0,0,0,0,0,0,0,0,0,0,0,2025,4,2,2,92,14,2,0,0,0,0.9749279121818236,-0.22252093395631434,0.9999166586547379,-0.01291029607500882,0.992708874098054,-0.12053668025532288,0.8660254037844387,-0.4999999999999998,2.0,0.0,1.0,1.0,0.0,1.0,0.6666666666666666,1.1547005383792526,2.0,2.0,0.7142857142857143,0.7559289460184528,5.0,2.0,0.5714285714285714,0.6462061726588652,8.0,2.0,0.6071428571428571,0.7373267889143807,17.0,3.0,0.6607142857142857,0.8372419160398189,37.0,3.0,0.6309523809523809,0.8033028492322338,53.0,3.0,-2.0,-1.0,-1.0,819,0.36752136752136755,0.07448107448107448,0.38217338217338215,0.32722832722832723,0.09523809523809523,0.2600732600732601,48.207196029776675,6.882783882783883
2025-04-03,1,1,0,1,0,0,0,0,2,0,0,0,2025,4,3,3,93,14,2,0,0,0,0.43388373911755823,-0.900968867902419,0.9995462806873573,-0.030120304846908114,0.992708874098054,-0.12053668025532288,0.8660254037844387,-0.4999999999999998,0.0,2.0,0.0,0.0,1.0,0.0,1.0,1.0000000000000013,3.0,2.0,0.8571428571428571,0.6900655593423524,6.0,2.0,0.5714285714285714,0.6462061726588652,8.0,2.0,0.6428571428571429,0.7310208850583768,18.0,3.0,0.6785714285714286,0.8335497554466657,38.0,3.0,0.6309523809523809,0.8033028492322338,53.0,3.0,1.0,1.0,1.0,819,0.36752136752136755,0.07448107448107448,0.38217338217338215,0.32722832722832723,0.09523809523809523,0.2600732600732601,48.207196029776675,6.882783882783883
2025-04-04,2,0,0,0,0,0,0,0,4,0,0,0,2025,4,4,4,94,14,2,0,0,1,-0.433883739117558,-0.9009688679024191,0.9988797155850336,-0.04732138832243185,0.992708874098054,-0.12053668025532288,0.8660254037844387,-0.4999999999999998,1.0,0.0,2.0,1.0,0.0,0.0,1.0,1.0000000000000013,3.0,2.0,1.0,0.8164965809277243,7.0,2.0,0.7142857142857143,0.726273039202564,10.0,2.0,0.7142857142857143,0.7628961803617712,20.0,3.0,0.7142857142857143,0.8466895044129921,40.0,3.0,0.6547619047619048,0.813945435237103,55.0,3.0,1.0,1.0,2.0,819,0.36752136752136755,0.07448107448107448,0.38217338217338215,0.32722832722832723,0.09523809523809523,0.2600732600732601,48.207196029776675,6.882783882783883
2025-04-05,0,0,0,0,0,0,0,0,0,0,0,0,2025,4,5,5,95,14,2,1,0,0,-0.9749279121818236,-0.2225209339563146,0.9979171608653922,-0.06450844944931623,0.992708874098054,-0.12053668025532288,0.8660254037844387,-0.4999999999999998,2.0,1.0,0.0,1.0,1.0,3.0,1.0,1.0000000000000013,3.0,2.0,0.8571428571428571,0.8997354108424359,6.0,2.0,0.6428571428571429,0.744946343668493,9.0,2.0,0.6071428571428571,0.6288900106557931,17.0,2.0,0.7142857142857143,0.8466895044129921,40.0,3.0,0.6547619047619048,0.813945435237103,55.0,3.0,-2.0,-1.0,-3.0,819,0.36752136752136755,0.07448107448107448,0.38217338217338215,0.32722832722832723,0.09523809523809523,0.2600732600732601,48.207196029776675,6.882783882783883
2025-04-06,3,2,0,2,0,0,0,0,6,1,1,0,2025,4,6,6,96,14,2,1,0,0,-0.7818314824680299,0.6234898018587334,0.9966589017541702,-0.08167639533042241,0.992708874098054,-0.12053668025532288,0.8660254037844387,-0.4999999999999998,0.0,2.0,1.0,1.0,0.0,0.0,1.6666666666666667,1.5275252316519479,5.0,3.0,1.1428571428571428,1.2149857925879106,8.0,3.0,0.8571428571428571,0.9492622930986475,12.0,3.0,0.7142857142857143,0.7628961803617712,20.0,3.0,0.7678571428571429,0.8942456735569515,43.0,3.0,0.6904761904761905,0.8498928419511318,58.0,3.0,3.0,2.0,3.0,819,0.36752136752136755,0.07448107448107448,0.38217338217338215,0.32722832722832723,0.09523809523809523,0.2600732600732601,48.207196029776675,6.882783882783883
2025-04-07,0,0,0,0,0,0,0,0,0,0,0,0,2025,4,7,0,97,15,2,0,1,0,0.0,1.0,0.9951053111006976,-0.09882013873287143,0.9709418174260521,-0.2393156642875575,0.8660254037844387,-0.4999999999999998,3.0,0.0,2.0,0.0,0.0,1.0,1.0,1.732050807568878,3.0,3.0,1.1428571428571428,1.2149857925879106,8.0,3.0,0.8571428571428571,0.9492622930986475,12.0,3.0,0.6785714285714286,0.772373514927101,19.0,3.0,0.7678571428571429,0.8942456735569515,43.0,3.0,0.6904761904761905,0.8498928419511318,58.0,3.0,-3.0,0.0,-1.0,819,0.36752136752136755,0.07448107448107448,0.38217338217338215,0.32722832722832723,0.09523809523809523,0.2600732600732601,48.207196029776675,6.882783882783883
2025-04-08,0,0,0,0,0,0,0,0,0,0,0,0,2025,4,8,1,98,15,2,0,0,0,0.7818314824680298,0.6234898018587336,0.9932568492674143,-0.11593459959550041,0.9709418174260521,-0.2393156642875575,0.8660254037844387,-0.4999999999999998,0.0,3.0,0.0,2.0,0.0,1.0,1.0,1.732050807568878,3.0,3.0,0.8571428571428571,1.2149857925879108,6.0,3.0,0.8571428571428571,0.9492622930986475,12.0,3.0,0.6428571428571429,0.7800420555749584,18.0,3.0,0.7321428571428571,0.8840212138254986,41.0,3.0,0.6785714285714286,0.8525046625419517,57.0,3.0,0.0,-2.0,-1.0,819,0.36752136752136755,0.07448107448107448,0.38217338217338215,0.32722832722832723,0.09523809523809523,0.2600732600732601,48.207196029776675,6.882783882783883
2025-04-09,0,0,0,0,0,0,0,0,0,0,0,0,2025,4,9,2,99,15,2,0,0,0,0.9749279121818236,-0.22252093395631434,0.9911140639934547,-0.1330147065341959,0.9709418174260521,-0.2393156642875575,0.8660254037844387,-0.4999999999999998,0.0,0.0,3.0,0.0,1.0,1.0,0.0,0.0,0.0,0.0,0.8571428571428571,1.2149857925879108,6.0,3.0,0.7857142857142857,0.97496125592223,11.0,3.0,0.6071428571428571,0.7859547491585415,17.0,3.0,0.7142857142857143,0.8886002417343757,40.0,3.0,0.6785714285714286,0.8525046625419517,57.0,3.0,0.0,0.0,-1.0,819,0.36752136752136755,0.07448107448107448,0.38217338217338215,0.32722832722832723,0.09523809523809523,0.2600732600732601,48.207196029776675,6.882783882783883
2025-04-10,0,0,0,0,0,0,0,0,0,0,0,0,2025,4,10,3,100,15,2,0,0,0,0.43388373911755823,-0.900968867902419,0.9886775902323405,-0.1500553983446526,0.9709418174260521,-0.2393156642875575,0.8660254037844387,-0.4999999999999998,0.0,0.0,0.0,1.0,0.0,0.0,0.0,0.0,0.0,0.0,0.7142857142857143,1.2535663410560167,5.0,3.0,0.7857142857142857,0.97496125592223,11.0,3.0,0.6071428571428571,0.7859547491585415,17.0,3.0,0.7142857142857143,0.8886002417343757,40.0,3.0,0.6666666666666666,0.8549407551281653,56.0,3.0,0.0,-1.0,0.0,819,0.36752136752136755,0.07448107448107448,0.38217338217338215,0.32722832722832723,0.09523809523809523,0.2600732600732601,48.207196029776675,6.882783882783883
2025-04-11,0,0,0,0,0,0,0,0,0,0,0,0,2025,4,11,4,101,15,2,0,0,1,-0.433883739117558,-0.9009688679024191,0.9859481499638304,-0.16705162550211924,0.9709418174260521,-0.2393156642875575,0.8660254037844387,-0.4999999999999998,0.0,0.0,0.0,2.0,1.0,0.0,0.0,0.0,0.0,0.0,0.42857142857142855,1.133893419027681,3.0,3.0,0.7142857142857143,0.9944903161976946,10.0,3.0,0.6071428571428571,0.7859547491585415,17.0,3.0,0.6964285714285714,0.8927922054307618,39.0,3.0,0.6428571428571429,0.8451542547285171,54.0,3.0,0.0,-2.0,0.0,819,0.36752136752136755,0.07448107448107448,0.38217338217338215,0.32722832722832723,0.09523809523809523,0.2600732600732601,48.207196029776675,6.882783882783883
2025-04-12,0,0,0,0,0,0,0,0,0,0,0,0,2025,4,12,5,102,15,2,1,0,0,-0.9749279121818236,-0.2225209339563146,0.9829265519799822,-0.18399835165768005,0.9709418174260521,-0.2393156642875575,0.8660254037844387,-0.4999999999999998,0.0,0.0,0.0,0.0,1.0,0.0,0.0,0.0,0.0,0.0,0.42857142857142855,1.133893419027681,3.0,3.0,0.6428571428571429,1.0082080720186275,9.0,3.0,0.6071428571428571,0.7859547491585415,17.0,3.0,0.6964285714285714,0.8927922054307618,39.0,3.0,0.6428571428571429,0.8451542547285171,54.0,3.0,0.0,0.0,0.0,819,0.36752136752136755,0.07448107448107448,0.38217338217338215,0.32722832722832723,0.09523809523809523,0.2600732600732601,48.207196029776675,6.882783882783883
2025-04-13,1,0,1,0,0,0,0,0,2,0,0,1,2025,4,13,6,103,15,2,1,0,0,-0.7818314824680299,0.6234898018587334,0.9796136916454901,-0.20089055513063506,0.9709418174260521,-0.2393156642875575,0.8660254037844387,-0.4999999999999998,0.0,0.0,0.0,3.0,1.0,1.0,0.3333333333333333,0.5773502691896285,1.0,1.0,0.14285714285714285,0.3779644730092257,1.0,1.0,0.6428571428571429,1.0082080720186275,9.0,3.0,0.6071428571428571,0.7859547491585415,17.0,3.0,0.7142857142857143,0.8886002417343757,40.0,3.0,0.6547619047619048,0.8430302145401755,55.0,3.0,1.0,-2.0,0.0,819,0.36752136752136755,0.07448107448107448,0.38217338217338215,0.32722832722832723,0.09523809523809523,0.2600732600732601,48.207196029776675,6.882783882783883
2025-04-14,1,1,0,1,0,0,0,0,3,0,0,0,2025,4,14,0,104,16,2,0,1,0,0.0,1.0,0.9760105506323683,-0.21772323039653177,0.9350162426854148,-0.35460488704253545,0.8660254037844387,-0.4999999999999998,1.0,0.0,0.0,0.0,0.0,1.0,0.6666666666666666,0.5773502691896287,2.0,1.0,0.2857142857142857,0.48795003647426516,2.0,1.0,0.7142857142857143,0.9944903161976946,10.0,3.0,0.6071428571428571,0.7859547491585415,17.0,3.0,0.7321428571428571,0.8840212138254986,41.0,3.0,0.6428571428571429,0.8307763409868786,54.0,3.0,0.0,1.0,0.0,819,0.36752136752136755,0.07448107448107448,0.38217338217338215,0.32722832722832723,0.09523809523809523,0.2600732600732601,48.207196029776675,6.882783882783883
2025-04-15,0,0,0,0,0,0,0,0,0,0,0,0,2025,4,15,1,105,16,2,0,0,0,0.7818314824680298,0.6234898018587336,0.9721181966290613,-0.23449138957040985,0.9350162426854148,-0.35460488704253545,0.8660254037844387,-0.4999999999999998,1.0,1.0,0.0,0.0,2.0,1.0,0.6666666666666666,0.5773502691896287,2.0,1.0,0.2857142857142857,0.48795003647426516,2.0,1.0,0.5714285714285714,0.9376144618769916,8.0,3.0,0.5714285714285714,0.7901510136288015,16.0,3.0,0.6964285714285714,0.8721893634494101,39.0,3.0,0.6190476190476191,0.8200023788499426,52.0,3.0,-1.0,0.0,-1.0,819,0.36752136752136755,0.07448107448107448,0.38217338217338215,0.32722832722832723,0.09523809523809523,0.2600732600732601,48.207196029776675,6.882783882783883
2025-04-16,0,0,0,0,0,0,0,0,0,0,0,0,2025,4,16,2,106,16,2,0,0,0,0.9749279121818236,-0.22252093395631434,0.9679377830240642,-0.25119006388481935,0.9350162426854148,-0.35460488704253545,0.8660254037844387,-0.4999999999999998,0.0,1.0,1.0,0.0,0.0,0.0,0.3333333333333333,0.5773502691896285,1.0,1.0,0.2857142857142857,0.48795003647426516,2.0,1.0,0.5714285714285714,0.9376144618769916,8.0,3.0,0.5714285714285714,0.7901510136288015,16.0,3.0,0.6964285714285714,0.8721893634494101,39.0,3.0,0.6190476190476191,0.8200023788499426,52.0,3.0,0.0,0.0,0.0,819,0.36752136752136755,0.07448107448107448,0.38217338217338215,0.32722832722832723,0.09523809523809523,0.2600732600732601,48.207196029776675,6.882783882783883
2025-04-17,1,1,0,1,0,0,0,0,2,0,0,0,2025,4,17,3,107,16,2,0,0,0,0.43388373911755823,-0.900968867902419,0.9634705485641488,-0.2678143051621742,0.9350162426854148,-0.35460488704253545,0.8660254037844387,-0.4999999999999998,0.0,0.0,1.0,0.0,1.0,1.0,0.3333333333333333,0.5773502691896285,1.0,1.0,0.42857142857142855,0.5345224838248472,3.0,1.0,0.5714285714285714,0.9376144618769916,8.0,3.0,0.5714285714285714,0.7901510136288015,16.0,3.0,0.6607142857142857,0.8152364010582397,37.0,3.0,0.6190476190476191,0.8200023788499426,52.0,3.0,1.0,1.0,0.0,819,0.36752136752136755,0.07448107448107448,0.38217338217338215,0.32722832722832723,0.09523809523809523,0.2600732600732601,48.207196029776675,6.882783882783883
2025-04-18,0,0,0,0,0,0,0,0,0,0,0,0,2025,4,18,4,108,16,2,0,0,1,-0.433883739117558,-0.9009688679024191,0.9587178169872964,-0.2843591872810034,0.9350162426854148,-0.35460488704253545,0.8660254037844387,-0.4999999999999998,1.0,0.0,0.0,0.0,2.0,0.0,0.3333333333333333,0.5773502691896285,1.0,1.0,0.42857142857142855,0.5345224838248472,3.0,1.0,0.42857142857142855,0.8516306272526408,6.0,3.0,0.5714285714285714,0.7901510136288015,16.0,3.0,0.6428571428571429,0.8186146041513501,36.0,3.0,0.6190476190476191,0.8200023788499426,52.0,3.0,-1.0,0.0,0.0,819,0.36752136752136755,0.07448107448107448,0.38217338217338215,0.32722832722832723,0.09523809523809523,0.2600732600732601,48.207196029776675,6.882783882783883
2025-04-19,0,0,0,0,0,0,0,0,0,0,0,0,2025,4,19,5,109,16,2,1,0,0,-0.9749279121818236,-0.2225209339563146,0.9536809966304457,-0.30081980763566735,0.9350162426854148,-0.35460488704253545,0.8660254037844387,-0.4999999999999998,0.0,1.0,0.0,0.0,0.0,1.0,0.3333333333333333,0.5773502691896285,1.0,1.0,0.42857142857142855,0.5345224838248472,3.0,1.0,0.42857142857142855,0.8516306272526408,6.0,3.0,0.5357142857142857,0.7926581093427837,15.0,3.0,0.625,0.8215838362577501,35.0,3.0,0.6071428571428571,0.8216623928230444,51.0,3.0,0.0,0.0,-1.0,819,0.36752136752136755,0.07448107448107448,0.38217338217338215,0.32722832722832723,0.09523809523809523,0.2600732600732601,48.207196029776675,6.882783882783883
2025-04-20,0,0,0,0,0,0,0,0,0,0,0,0,2025,4,20,6,110,16,2,1,0,0,-0.7818314824680299,0.6234898018587334,0.9483615800121715,-0.3171912885891061,0.9350162426854148,-0.35460488704253545,0.8660254037844387,-0.4999999999999998,0.0,0.0,1.0,1.0,3.0,0.0,0.0,0.0,0.0,0.0,0.2857142857142857,0.48795003647426516,2.0,1.0,0.21428571428571427,0.42581531362632125,3.0,1.0,0.5357142857142857,0.7926581093427837,15.0,3.0,0.6071428571428571,0.8241485176961618,34.0,3.0,0.6071428571428571,0.8216623928230444,51.0,3.0,0.0,-1.0,0.0,819,0.36752136752136755,0.07448107448107448,0.38217338217338215,0.32722832722832723,0.09523809523809523,0.2600732600732601,48.207196029776675,6.882783882783883
2025-04-21,2,0,0,2,0,0,0,0,4,0,0,0,2025,4,21,0,111,17,2,0,1,0,0.0,1.0,0.9427611433904207,-0.3334687789181868,0.8854560256532099,-0.4647231720437685,0.8660254037844387,-0.4999999999999998,0.0,0.0,0.0,1.0,0.0,0.0,0.6666666666666666,1.154700538379253,2.0,2.0,0.42857142857142855,0.7867957924694422,3.0,2.0,0.35714285714285715,0.6333236937766518,5.0,2.0,0.6071428571428571,0.8317445171439003,17.0,3.0,0.6428571428571429,0.8405316808386869,36.0,3.0,0.6309523809523809,0.8327594122367891,53.0,3.0,2.0,1.0,2.0,819,0.36752136752136755,0.07448107448107448,0.38217338217338215,0.32722832722832723,0.09523809523809523,0.2600732600732601,48.207196029776675,6.882783882783883
2025-04-22,0,0,0,0,0,0,0,0,0,0,0,0,2025,4,22,1,112,17,2,0,0,0,0.7818314824680298,0.6234898018587336,0.9368813462954315,-0.3496474552512284,0.8854560256532099,-0.4647231720437685,0.8660254037844387,-0.4999999999999998,2.0,0.0,0.0,0.0,0.0,0.0,0.6666666666666666,1.154700538379253,2.0,2.0,0.42857142857142855,0.7867957924694422,3.0,2.0,0.35714285714285715,0.6333236937766518,5.0,2.0,0.6071428571428571,0.8317445171439003,17.0,3.0,0.6428571428571429,0.8405316808386869,36.0,3.0,0.6309523809523809,0.8327594122367891,53.0,3.0,-2.0,0.0,0.0,819,0.36752136752136755,0.07448107448107448,0.38217338217338215,0.32722832722832723,0.09523809523809523,0.2600732600732601,48.207196029776675,6.882783882783883
2025-04-23,0,0,0,0,0,0,0,0,0,0,0,0,2025,4,23,2,113,17,2,0,0,0,0.9749279121818236,-0.22252093395631434,0.9307239310379795,-0.36572252349726897,0.8854560256532099,-0.4647231720437685,0.8660254037844387,-0.4999999999999998,0.0,2.0,0.0,0.0,0.0,1.0,0.6666666666666666,1.154700538379253,2.0,2.0,0.42857142857142855,0.7867957924694422,3.0,2.0,0.35714285714285715,0.6333236937766518,5.0,2.0,0.5714285714285714,0.8357108940373438,16.0,3.0,0.6428571428571429,0.8405316808386869,36.0,3.0,0.6190476190476191,0.8345659272111063,52.0,3.0,0.0,0.0,-1.0,819,0.36752136752136755,0.07448107448107448,0.38217338217338215,0.32722832722832723,0.09523809523809523,0.2600732600732601,48.207196029776675,6.882783882783883
2025-04-24,0,0,0,0,0,0,0,0,0,0,0,0,2025,4,24,3,114,17,2,0,0,0,0.43388373911755823,-0.900968867902419,0.9242907221930933,-0.3816892202666588,0.8854560256532099,-0.4647231720437685,0.8660254037844387,-0.4999999999999998,0.0,0.0,2.0,1.0,0.0,0.0,0.0,0.0,0.0,0.0,0.2857142857142857,0.7559289460184536,2.0,2.0,0.35714285714285715,0.6333236937766518,5.0,2.0,0.5714285714285714,0.8357108940373438,16.0,3.0,0.6428571428571429,0.8405316808386869,36.0,3.0,0.6190476190476191,0.8345659272111063,52.0,3.0,0.0,-1.0,0.0,819,0.36752136752136755,0.07448107448107448,0.38217338217338215,0.32722832722832723,0.09523809523809523,0.2600732600732601,48.207196029776675,6.882783882783883
2025-04-25,1,0,0,0,0,0,0,0,2,0,0,0,2025,4,25,4,115,17,2,0,0,1,-0.433883739117558,-0.9009688679024191,0.9175836260593937,-0.39754281428255595,0.8854560256532099,-0.4647231720437685,0.8660254037844387,-0.4999999999999998,0.0,0.0,0.0,0.0,0.0,1.0,0.3333333333333333,0.5773502691896287,1.0,1.0,0.42857142857142855,0.7867957924694422,3.0,2.0,0.42857142857142855,0.6462061726588649,6.0,2.0,0.5714285714285714,0.8357108940373438,16.0,3.0,0.6428571428571429,0.8405316808386869,36.0,3.0,0.6190476190476191,0.8345659272111063,52.0,3.0,1.0,1.0,0.0,819,0.36752136752136755,0.07448107448107448,0.38217338217338215,0.32722832722832723,0.09523809523809523,0.2600732600732601,48.207196029776675,6.882783882783883
2025-04-26,0,0,0,0,0,0,0,0,0,0,0,0,2025,4,26,5,116,17,2,1,0,0,-0.9749279121818236,-0.2225209339563146,0.9106046300942162,-0.4132786077829042,0.8854560256532099,-0.4647231720437685,0.8660254037844387,-0.4999999999999998,1.0,0.0,0.0,0.0,0.0,1.0,0.3333333333333333,0.5773502691896287,1.0,1.0,0.42857142857142855,0.7867957924694422,3.0,2.0,0.42857142857142855,0.6462061726588649,6.0,2.0,0.5357142857142857,0.8380817098475246,15.0,3.0,0.625,0.8434237584771004,35.0,3.0,0.6190476190476191,0.8345659272111063,52.0,3.0,-1.0,0.0,-1.0,819,0.36752136752136755,0.07448107448107448,0.38217338217338215,0.32722832722832723,0.09523809523809523,0.2600732600732601,48.207196029776675,6.882783882783883
2025-04-27,0,0,0,0,0,0,0,0,0,0,0,0,2025,4,27,6,117,17,2,1,0,0,-0.7818314824680299,0.6234898018587334,0.9033558023246845,-0.4288919379124835,0.8854560256532099,-0.4647231720437685,0.8660254037844387,-0.4999999999999998,0.0,1.0,0.0,0.0,1.0,1.0,0.3333333333333333,0.5773502691896287,1.0,1.0,0.42857142857142855,0.7867957924694422,3.0,2.0,0.35714285714285715,0.6333236937766518,5.0,2.0,0.5,0.8388704928078599,14.0,3.0,0.5714285714285714,0.7829348714848603,32.0,3.0,0.6071428571428571,0.8361970302039226,51.0,3.0,0.0,0.0,-1.0,819,0.36752136752136755,0.07448107448107448,0.38217338217338215,0.32722832722832723,0.09523809523809523,0.2600732600732601,48.207196029776675,6.882783882783883
2025-04-28,0,0,0,0,0,0,0,0,0,0,0,0,2025,4,28,0,118,18,2,0,1,0,0.0,1.0,0.895839290734909,-0.4443781781046132,0.8229838658936565,-0.5680647467311557,0.8660254037844387,-0.4999999999999998,0.0,0.0,1.0,2.0,1.0,0.0,0.0,0.0,0.0,0.0,0.14285714285714285,0.37796447300922575,1.0,1.0,0.2857142857142857,0.6112498455021275,4.0,2.0,0.5,0.8388704928078599,14.0,3.0,0.5357142857142857,0.7619182899231927,30.0,3.0,0.5833333333333334,0.8244506507378164,49.0,3.0,0.0,-2.0,0.0,819,0.36752136752136755,0.07448107448107448,0.38217338217338215,0.32722832722832723,0.09523809523809523,0.2600732600732601,48.207196029776675,6.882783882783883
2025-04-29,0,0,0,0,0,0,0,0,0,0,0,0,2025,4,29,1,119,18,2,0,0,0,0.7818314824680298,0.6234898018587336,0.8880573226294932,-0.45973273945210397,0.8229838658936565,-0.5680647467311557,0.8660254037844387,-0.4999999999999998,0.0,0.0,0.0,0.0,0.0,2.0,0.0,0.0,0.0,0.0,0.14285714285714285,0.37796447300922575,1.0,1.0,0.2857142857142857,0.6112498455021275,4.0,2.0,0.42857142857142855,0.7901510136288014,12.0,3.0,0.5357142857142857,0.7619182899231927,30.0,3.0,0.5833333333333334,0.8244506507378164,49.0,3.0,0.0,0.0,-2.0,819,0.36752136752136755,0.07448107448107448,0.38217338217338215,0.32722832722832723,0.09523809523809523,0.2600732600732601,48.207196029776675,6.882783882783883
2025-04-30,1,0,0,0,0,0,0,0,2,0,0,0,2025,4,30,2,120,18,2,0,0,0,0.9749279121818236,-0.22252093395631434,0.8800122039735357,-0.47495107206704995,0.8229838658936565,-0.5680647467311557,0.8660254037844387,-0.4999999999999998,0.0,0.0,0.0,0.0,0.0,0.0,0.3333333333333333,0.5773502691896287,1.0,1.0,0.2857142857142857,0.48795003647426516,2.0,1.0,0.35714285714285715,0.6333236937766518,5.0,2.0,0.4642857142857143,0.7926581093427836,13.0,3.0,0.5357142857142857,0.7619182899231927,30.0,3.0,0.5952380952380952,0.8231448308209026,50.0,3.0,1.0,1.0,1.0,819,0.36752136752136755,0.07448107448107448,0.38217338217338215,0.32722832722832723,0.09523809523809523,0.2600732600732601,48.207196029776675,6.882783882783883
2025-05-01,0,0,0,0,0,0,0,0,0,0,0,0,2025,5,1,3,121,18,2,0,0,0,0.43388373911755823,-0.900968867902419,0.8717063187093218,-0.4900286664290592,0.8229838658936565,-0.5680647467311557,0.49999999999999994,-0.8660254037844387,1.0,0.0,0.0,0.0,1.0,1.0,0.3333333333333333,0.5773502691896287,1.0,1.0,0.2857142857142857,0.48795003647426516,2.0,1.0,0.2857142857142857,0.6112498455021275,4.0,2.0,0.42857142857142855,0.7901510136288014,12.0,3.0,0.5357142857142857,0.7619182899231927,30.0,3.0,0.5952380952380952,0.8231448308209026,50.0,3.0,-1.0,0.0,-1.0,819,0.36752136752136755,0.07448107448107448,0.38217338217338215,0.32722832722832723,0.09523809523809523,0.2600732600732601,48.207196029776675,6.882783882783883
2025-05-02,0,0,0,0,0,0,0,0,0,0,0,0,2025,5,2,4,122,18,2,0,0,1,-0.433883739117558,-0.9009688679024191,0.8631421280499114,-0.5049610547215204,0.8229838658936565,-0.5680647467311557,0.49999999999999994,-0.8660254037844387,0.0,1.0,0.0,1.0,0.0,2.0,0.3333333333333333,0.5773502691896287,1.0,1.0,0.14285714285714285,0.3779644730092258,1.0,1.0,0.2857142857142857,0.6112498455021275,4.0,2.0,0.35714285714285715,0.7310208850583766,10.0,3.0,0.5357142857142857,0.7619182899231927,30.0,3.0,0.5952380952380952,0.8231448308209026,50.0,3.0,0.0,-1.0,-2.0,819,0.36752136752136755,0.07448107448107448,0.38217338217338215,0.32722832722832723,0.09523809523809523,0.2600732600732601,48.207196029776675,6.882783882783883
2025-05-03,2,0,0,0,0,0,0,0,4,0,0,0,2025,5,3,5,123,18,2,1,0,0,-0.9749279121818236,-0.2225209339563146,0.854322169749827,-0.5197438121555155,0.8229838658936565,-0.5680647467311557,0.49999999999999994,-0.8660254037844387,0.0,0.0,1.0,0.0,0.0,0.0,0.6666666666666666,1.1547005383792532,2.0,2.0,0.42857142857142855,0.7867957924694421,3.0,2.0,0.42857142857142855,0.7559289460184553,6.0,2.0,0.42857142857142855,0.7901510136288014,12.0,3.0,0.5178571428571429,0.7132785106578184,29.0,3.0,0.6190476190476191,0.8345659272111062,52.0,3.0,2.0,2.0,2.0,819,0.36752136752136755,0.07448107448107448,0.38217338217338215,0.32722832722832723,0.09523809523809523,0.2600732600732601,48.207196029776675,6.882783882783883
2025-05-04,0,0,0,0,0,0,0,0,0,0,0,0,2025,5,4,6,124,18,2,1,0,0,-0.7818314824680299,0.6234898018587334,0.8452490573530633,-0.5343725582809786,0.8229838658936565,-0.5680647467311557,0.49999999999999994,-0.8660254037844387,2.0,0.0,0.0,0.0,0.0,3.0,0.6666666666666666,1.1547005383792532,2.0,2.0,0.42857142857142855,0.7867957924694421,3.0,2.0,0.42857142857142855,0.7559289460184553,6.0,2.0,0.32142857142857145,0.6118321864193009,9.0,2.0,0.5178571428571429,0.7132785106578184,29.0,3.0,0.6190476190476191,0.8345659272111062,52.0,3.0,-2.0,0.0,-3.0,819,0.36752136752136755,0.07448107448107448,0.38217338217338215,0.32722832722832723,0.09523809523809523,0.2600732600732601,48.207196029776675,6.882783882783883
2025-05-05,2,1,0,0,0,0,0,0,4,0,0,0,2025,5,5,0,125,19,2,0,1,0,0.0,1.0,0.8359254794186372,-0.548842958284719,0.7485107481711013,-0.663122658240795,0.49999999999999994,-0.8660254037844387,0.0,2.0,0.0,0.0,2.0,0.0,1.3333333333333333,1.1547005383792532,4.0,2.0,0.7142857142857143,0.9511897312113408,5.0,2.0,0.42857142857142855,0.7559289460184553,6.0,2.0,0.39285714285714285,0.6852566815265048,11.0,2.0,0.5357142857142857,0.7376691969682928,30.0,3.0,0.6428571428571429,0.845154254728517,54.0,3.0,2.0,2.0,2.0,819,0.36752136752136755,0.07448107448107448,0.38217338217338215,0.32722832722832723,0.09523809523809523,0.2600732600732601,48.207196029776675,6.882783882783883
2025-05-06,0,0,0,0,0,0,0,0,0,0,0,0,2025,5,6,1,126,19,2,0,0,0,0.7818314824680298,0.6234898018587336,0.8263541987239096,-0.5631507242749186,0.7485107481711013,-0.663122658240795,0.49999999999999994,-0.8660254037844387,2.0,0.0,2.0,0.0,0.0,0.0,0.6666666666666666,1.1547005383792532,2.0,2.0,0.7142857142857143,0.9511897312113408,5.0,2.0,0.42857142857142855,0.7559289460184553,6.0,2.0,0.39285714285714285,0.6852566815265048,11.0,2.0,0.5178571428571429,0.7383291069231064,29.0,3.0,0.6190476190476191,0.8345659272111062,52.0,3.0,-2.0,0.0,0.0,819,0.36752136752136755,0.07448107448107448,0.38217338217338215,0.32722832722832723,0.09523809523809523,0.2600732600732601,48.207196029776675,6.882783882783883
2025-05-07,0,0,0,0,0,0,0,0,0,0,0,0,2025,5,7,2,127,19,2,0,0,0,0.9749279121818236,-0.22252093395631434,0.8165380514459161,-0.5772916165517272,0.7485107481711013,-0.663122658240795,0.49999999999999994,-0.8660254037844387,0.0,2.0,0.0,1.0,0.0,0.0,0.6666666666666666,1.1547005383792532,2.0,2.0,0.5714285714285714,0.9759000729485323,4.0,2.0,0.42857142857142855,0.7559289460184553,6.0,2.0,0.39285714285714285,0.6852566815265048,11.0,2.0,0.5,0.7385489458759976,28.0,3.0,0.6071428571428571,0.8361970302039226,51.0,3.0,0.0,-1.0,0.0,819,0.36752136752136755,0.07448107448107448,0.38217338217338215,0.32722832722832723,0.09523809523809523,0.2600732600732601,48.207196029776675,6.882783882783883
2025-05-08,0,0,0,0,0,0,0,0,0,0,0,0,2025,5,8,3,128,19,2,0,0,0,0.43388373911755823,-0.900968867902419,0.8064799463209448,-0.5912614448635781,0.7485107481711013,-0.663122658240795,0.49999999999999994,-0.8660254037844387,0.0,0.0,2.0,0.0,0.0,0.0,0.0,0.0,0.0,0.0,0.5714285714285714,0.9759000729485323,4.0,2.0,0.42857142857142855,0.7559289460184553,6.0,2.0,0.39285714285714285,0.6852566815265048,11.0,2.0,0.5,0.7385489458759976,28.0,3.0,0.6071428571428571,0.8361970302039226,51.0,3.0,0.0,0.0,0.0,819,0.36752136752136755,0.07448107448107448,0.38217338217338215,0.32722832722832723,0.09523809523809523,0.2600732600732601,48.207196029776675,6.882783882783883
2025-05-09,1,0,0,0,0,0,0,0,2,0,0,0,2025,5,9,4,129,19,2,0,0,1,-0.433883739117558,-0.9009688679024191,0.7961828637826158,-0.6050560696488488,0.7485107481711013,-0.663122658240795,0.49999999999999994,-0.8660254037844387,0.0,0.0,0.0,0.0,1.0,0.0,0.3333333333333333,0.5773502691896291,1.0,1.0,0.7142857142857143,0.9511897312113408,5.0,2.0,0.42857142857142855,0.7559289460184553,6.0,2.0,0.42857142857142855,0.6900655593423527,12.0,2.0,0.5178571428571429,0.7383291069231064,29.0,3.0,0.6071428571428571,0.8361970302039226,51.0,3.0,1.0,1.0,1.0,819,0.36752136752136755,0.07448107448107448,0.38217338217338215,0.32722832722832723,0.09523809523809523,0.2600732600732601,48.207196029776675,6.882783882783883
2025-05-10,3,0,0,0,0,0,0,0,6,0,0,0,2025,5,10,5,130,19,2,1,0,0,-0.9749279121818236,-0.2225209339563146,0.7856498550787147,-0.6186714032625031,0.7485107481711013,-0.663122658240795,0.49999999999999994,-0.8660254037844387,1.0,0.0,0.0,2.0,0.0,0.0,1.3333333333333333,1.527525231651948,4.0,3.0,0.8571428571428571,1.2149857925879108,6.0,3.0,0.6428571428571429,1.0082080720186275,9.0,3.0,0.5357142857142857,0.8380817098475246,15.0,3.0,0.5714285714285714,0.8058229640253814,32.0,3.0,0.6428571428571429,0.8732001405004769,54.0,3.0,2.0,1.0,3.0,819,0.36752136752136755,0.07448107448107448,0.38217338217338215,0.32722832722832723,0.09523809523809523,0.2600732600732601,48.207196029776675,6.882783882783883
2025-05-11,2,0,0,0,0,0,0,0,5,1,1,1,2025,5,11,6,131,19,2,1,0,0,-0.7818314824680299,0.6234898018587334,0.7748840413670407,-0.6321034111873487,0.7485107481711013,-0.663122658240795,0.49999999999999994,-0.8660254037844387,3.0,1.0,0.0,0.0,0.0,1.0,2.0,1.0000000000000024,6.0,3.0,1.1428571428571428,1.2149857925879106,8.0,3.0,0.7857142857142857,1.0509022810878308,11.0,3.0,0.5714285714285714,0.8789122666607689,16.0,3.0,0.5892857142857143,0.8263124153685515,33.0,3.0,0.6666666666666666,0.8826757421972437,56.0,3.0,-1.0,2.0,1.0,819,0.36752136752136755,0.07448107448107448,0.38217338217338215,0.32722832722832723,0.09523809523809523,0.2600732600732601,48.207196029776675,6.882783882783883
2025-05-12,0,0,0,0,0,0,0,0,0,0,0,0,2025,5,12,0,132,20,2,0,1,0,0.0,1.0,0.7638886127905428,-0.6453481132295501,0.6631226582407952,-0.7485107481711012,0.49999999999999994,-0.8660254037844387,2.0,3.0,1.0,2.0,0.0,1.0,1.6666666666666667,1.527525231651948,5.0,3.0,0.8571428571428571,1.2149857925879108,6.0,3.0,0.7857142857142857,1.0509022810878308,11.0,3.0,0.5357142857142857,0.8811668550592586,15.0,3.0,0.5714285714285714,0.8280786712108261,32.0,3.0,0.6666666666666666,0.8826757421972437,56.0,3.0,-2.0,-2.0,-1.0,819,0.36752136752136755,0.07448107448107448,0.38217338217338215,0.32722832722832723,0.09523809523809523,0.2600732600732601,48.207196029776675,6.882783882783883
2025-05-13,0,0,0,0,0,0,0,0,0,0,0,0,2025,5,13,1,133,20,2,0,0,0,0.7818314824680298,0.6234898018587336,0.7526668275320085,-0.6584015846980488,0.6631226582407952,-0.7485107481711012,0.49999999999999994,-0.8660254037844387,0.0,2.0,3.0,0.0,0.0,0.0,0.6666666666666666,1.1547005383792535,2.0,2.0,0.8571428571428571,1.2149857925879108,6.0,3.0,0.7857142857142857,1.0509022810878308,11.0,3.0,0.5357142857142857,0.8811668550592586,15.0,3.0,0.5535714285714286,0.8294498254789224,31.0,3.0,0.6428571428571429,0.873200140500477,54.0,3.0,0.0,0.0,0.0,819,0.36752136752136755,0.07448107448107448,0.38217338217338215,0.32722832722832723,0.09523809523809523,0.2600732600732601,48.207196029776675,6.882783882783883
2025-05-14,1,0,0,0,0,0,0,0,2,0,0,0,2025,5,14,2,134,20,2,0,0,0,0.9749279121818236,-0.22252093395631434,0.7412220108485958,-0.6712599575675313,0.6631226582407952,-0.7485107481711012,0.49999999999999994,-0.8660254037844387,0.0,0.0,2.0,0.0,1.0,0.0,0.3333333333333333,0.5773502691896295,1.0,1.0,1.0,1.1547005383792504,7.0,3.0,0.7857142857142857,1.0509022810878308,11.0,3.0,0.5714285714285714,0.8789122666607689,16.0,3.0,0.5714285714285714,0.8280786712108261,32.0,3.0,0.6547619047619048,0.8711444849805294,55.0,3.0,1.0,1.0,1.0,819,0.36752136752136755,0.07448107448107448,0.38217338217338215,0.32722832722832723,0.09523809523809523,0.2600732600732601,48.207196029776675,6.882783882783883
2025-05-15,0,0,0,0,0,0,0,0,0,0,0,0,2025,5,15,3,135,20,2,0,0,0,0.43388373911755823,-0.900968867902419,0.7295575540864875,-0.6839194216246106,0.6631226582407952,-0.7485107481711012,0.49999999999999994,-0.8660254037844387,1.0,0.0,0.0,0.0,0.0,1.0,0.3333333333333333,0.5773502691896295,1.0,1.0,1.0,1.1547005383792504,7.0,3.0,0.7857142857142857,1.0509022810878308,11.0,3.0,0.5357142857142857,0.8811668550592586,15.0,3.0,0.5535714285714286,0.8294498254789224,31.0,3.0,0.6190476190476191,0.8345659272111065,52.0,3.0,-1.0,0.0,-1.0,819,0.36752136752136755,0.07448107448107448,0.38217338217338215,0.32722832722832723,0.09523809523809523,0.2600732600732601,48.207196029776675,6.882783882783883
2025-05-16,1,0,0,1,0,0,0,0,2,0,0,0,2025,5,16,4,136,20,2,0,0,1,-0.433883739117558,-0.9009688679024191,0.717676913675962,-0.6963762255968722,0.6631226582407952,-0.7485107481711012,0.49999999999999994,-0.8660254037844387,0.0,1.0,0.0,1.0,0.0,0.0,0.6666666666666666,0.5773502691896296,2.0,1.0,1.0,1.1547005383792504,7.0,3.0,0.8571428571428571,1.0271051820261918,12.0,3.0,0.5714285714285714,0.8789122666607689,16.0,3.0,0.5714285714285714,0.8280786712108261,32.0,3.0,0.6190476190476191,0.8345659272111065,52.0,3.0,1.0,0.0,1.0,819,0.36752136752136755,0.07448107448107448,0.38217338217338215,0.32722832722832723,0.09523809523809523,0.2600732600732601,48.207196029776675,6.882783882783883
2025-05-17,0,0,0,0,0,0,0,0,0,0,0,0,2025,5,17,5,137,20,2,1,0,0,-0.9749279121818236,-0.2225209339563146,0.705583610107178,-0.7086266782644596,0.6631226582407952,-0.7485107481711012,0.49999999999999994,-0.8660254037844387,1.0,0.0,1.0,3.0,2.0,0.0,0.3333333333333333,0.5773502691896295,1.0,1.0,0.5714285714285714,0.7867957924694419,4.0,2.0,0.7142857142857143,0.9944903161976946,10.0,3.0,0.5714285714285714,0.8789122666607689,16.0,3.0,0.5535714285714286,0.8294498254789224,31.0,3.0,0.6071428571428571,0.8361970302039227,51.0,3.0,-1.0,-3.0,0.0,819,0.36752136752136755,0.07448107448107448,0.38217338217338215,0.32722832722832723,0.09523809523809523,0.2600732600732601,48.207196029776675,6.882783882783883
2025-05-18,0,0,0,0,0,0,0,0,0,0,0,0,2025,5,18,6,138,20,2,1,0,0,-0.7818314824680299,0.6234898018587334,0.6932812268869777,-0.7206671495538609,0.6631226582407952,-0.7485107481711012,0.49999999999999994,-0.8660254037844387,0.0,1.0,0.0,2.0,0.0,0.0,0.3333333333333333,0.5773502691896295,1.0,1.0,0.2857142857142857,0.48795003647426494,2.0,1.0,0.7142857142857143,0.9944903161976946,10.0,3.0,0.5714285714285714,0.8789122666607689,16.0,3.0,0.5535714285714286,0.8294498254789224,31.0,3.0,0.5952380952380952,0.8376537459173339,50.0,3.0,0.0,-2.0,0.0,819,0.36752136752136755,0.07448107448107448,0.38217338217338215,0.32722832722832723,0.09523809523809523,0.2600732600732601,48.207196029776675,6.882783882783883
2025-05-19,1,0,0,0,0,1,0,1,3,0,0,0,2025,5,19,0,139,21,2,0,1,0,0.0,1.0,0.6807734094770161,-0.7324940716135789,0.5680647467311558,-0.8229838658936564,0.49999999999999994,-0.8660254037844387,0.0,0.0,1.0,0.0,2.0,2.0,0.3333333333333333,0.5773502691896295,1.0,1.0,0.42857142857142855,0.534522483824847,3.0,1.0,0.6428571428571429,0.9287827316640659,9.0,3.0,0.5357142857142857,0.8380817098475246,15.0,3.0,0.5714285714285714,0.8280786712108261,32.0,3.0,0.6071428571428571,0.8361970302039227,51.0,3.0,1.0,1.0,-1.0,819,0.36752136752136755,0.07448107448107448,0.38217338217338215,0.32722832722832723,0.09523809523809523,0.2600732600732601,48.207196029776675,6.882783882783883
2025-05-20,0,0,0,0,0,0,0,0,0,0,0,0,2025,5,20,1,140,21,2,0,0,0,0.7818314824680298,0.6234898018587336,0.6680638642135335,-0.7441039398713607,0.5680647467311558,-0.8229838658936564,0.49999999999999994,-0.8660254037844387,1.0,0.0,0.0,0.0,0.0,0.0,0.3333333333333333,0.5773502691896295,1.0,1.0,0.42857142857142855,0.534522483824847,3.0,1.0,0.6428571428571429,0.9287827316640659,9.0,3.0,0.5357142857142857,0.8380817098475246,15.0,3.0,0.5714285714285714,0.8280786712108261,32.0,3.0,0.6071428571428571,0.8361970302039227,51.0,3.0,-1.0,0.0,0.0,819,0.36752136752136755,0.07448107448107448,0.38217338217338215,0.32722832722832723,0.09523809523809523,0.2600732600732601,48.207196029776675,6.882783882783883
2025-05-21,1,0,0,0,0,0,0,0,2,0,0,0,2025,5,21,2,141,21,2,0,0,0,0.9749279121818236,-0.22252093395631434,0.6551563572090853,-0.7554933140726803,0.5680647467311558,-0.8229838658936564,0.49999999999999994,-0.8660254037844387,0.0,1.0,0.0,1.0,0.0,0.0,0.6666666666666666,0.5773502691896296,2.0,1.0,0.42857142857142855,0.534522483824847,3.0,1.0,0.7142857142857143,0.9138735334633762,10.0,3.0,0.5714285714285714,0.8357108940373438,16.0,3.0,0.5714285714285714,0.8280786712108261,32.0,3.0,0.6190476190476191,0.8345659272111065,52.0,3.0,1.0,0.0,1.0,819,0.36752136752136755,0.07448107448107448,0.38217338217338215,0.32722832722832723,0.09523809523809523,0.2600732600732601,48.207196029776675,6.882783882783883
2025-05-22,0,0,0,0,0,0,0,0,0,0,0,0,2025,5,22,3,142,21,2,0,0,0,0.43388373911755823,-0.900968867902419,0.6420547132365637,-0.766658819300159,0.5680647467311558,-0.8229838658936564,0.49999999999999994,-0.8660254037844387,1.0,0.0,1.0,0.0,0.0,0.0,0.3333333333333333,0.5773502691896295,1.0,1.0,0.42857142857142855,0.534522483824847,3.0,1.0,0.7142857142857143,0.9138735334633762,10.0,3.0,0.5714285714285714,0.8357108940373438,16.0,3.0,0.5714285714285714,0.8280786712108261,32.0,3.0,0.6190476190476191,0.8345659272111065,52.0,3.0,-1.0,0.0,0.0,819,0.36752136752136755,0.07448107448107448,0.38217338217338215,0.32722832722832723,0.09523809523809523,0.2600732600732601,48.207196029776675,6.882783882783883
2025-05-23,0,0,0,0,0,0,0,0,0,0,0,0,2025,5,23,4,143,21,2,0,0,1,-0.433883739117558,-0.9009688679024191,0.6287628145958344,-0.7775971469736269,0.5680647467311558,-0.8229838658936564,0.49999999999999994,-0.8660254037844387,0.0,1.0,0.0,1.0,1.0,1.0,0.3333333333333333,0.5773502691896295,1.0,1.0,0.2857142857142857,0.48795003647426494,2.0,1.0,0.6428571428571429,0.9287827316640659,9.0,3.0,0.5357142857142857,0.8380817098475246,15.0,3.0,0.5535714285714286,0.8294498254789224,31.0,3.0,0.6071428571428571,0.8361970302039227,51.0,3.0,0.0,-1.0,-1.0,819,0.36752136752136755,0.07448107448107448,0.38217338217338215,0.32722832722832723,0.09523809523809523,0.2600732600732601,48.207196029776675,6.882783882783883
2025-05-24,0,0,0,0,0,0,0,0,0,0,0,0,2025,5,24,5,144,21,2,1,0,0,-0.9749279121818236,-0.2225209339563146,0.6152845999633276,-0.7883050558305255,0.5680647467311558,-0.8229838658936564,0.49999999999999994,-0.8660254037844387,0.0,0.0,1.0,0.0,3.0,0.0,0.0,0.0,0.0,0.0,0.2857142857142857,0.48795003647426494,2.0,1.0,0.42857142857142855,0.6462061726588649,6.0,2.0,0.5357142857142857,0.8380817098475246,15.0,3.0,0.5357142857142857,0.8304278352815442,30.0,3.0,0.5952380952380952,0.8376537459173339,50.0,3.0,0.0,0.0,0.0,819,0.36752136752136755,0.07448107448107448,0.38217338217338215,0.32722832722832723,0.09523809523809523,0.2600732600732601,48.207196029776675,6.882783882783883
2025-05-25,0,0,0,0,0,0,0,0,0,0,0,0,2025,5,25,6,145,21,2,1,0,0,-0.7818314824680299,0.6234898018587334,0.6016240632249226,-0.7987793728863649,0.5680647467311558,-0.8229838658936564,0.49999999999999994,-0.8660254037844387,0.0,0.0,0.0,0.0,2.0,0.0,0.0,0.0,0.0,0.0,0.2857142857142857,0.48795003647426494,2.0,1.0,0.2857142857142857,0.46880723093849663,4.0,1.0,0.5357142857142857,0.8380817098475246,15.0,3.0,0.5178571428571429,0.8310140886798596,29.0,3.0,0.5595238095238095,0.7968490730429509,47.0,3.0,0.0,0.0,0.0,819,0.36752136752136755,0.07448107448107448,0.38217338217338215,0.32722832722832723,0.09523809523809523,0.2600732600732601,48.207196029776675,6.882783882783883
2025-05-26,0,0,0,0,0,0,0,0,0,0,0,0,2025,5,26,0,146,22,2,0,1,0,0.0,1.0,0.5877852522924732,-0.8090169943749473,0.46472317204376906,-0.8854560256532096,0.49999999999999994,-0.8660254037844387,0.0,0.0,0.0,1.0,0.0,0.0,0.0,0.0,0.0,0.0,0.14285714285714285,0.37796447300922537,1.0,1.0,0.2857142857142857,0.46880723093849663,4.0,1.0,0.5357142857142857,0.8380817098475246,15.0,3.0,0.5178571428571429,0.8310140886798596,29.0,3.0,0.5357142857142857,0.7830497771715412,45.0,3.0,0.0,-1.0,0.0,819,0.36752136752136755,0.07448107448107448,0.38217338217338215,0.32722832722832723,0.09523809523809523,0.2600732600732601,48.207196029776675,6.882783882783883
2025-05-27,0,0,0,0,0,0,0,0,0,0,0,0,2025,5,27,1,147,22,2,0,0,0,0.7818314824680298,0.6234898018587336,0.5737722679043246,-0.8190148866680801,0.46472317204376906,-0.8854560256532096,0.49999999999999994,-0.8660254037844387,0.0,0.0,0.0,0.0,0.0,0.0,0.0,0.0,0.0,0.0,0.14285714285714285,0.37796447300922537,1.0,1.0,0.2857142857142857,0.46880723093849663,4.0,1.0,0.5357142857142857,0.8380817098475246,15.0,3.0,0.48214285714285715,0.8088391553459694,27.0,3.0,0.5357142857142857,0.7830497771715412,45.0,3.0,0.0,0.0,0.0,819,0.36752136752136755,0.07448107448107448,0.38217338217338215,0.32722832722832723,0.09523809523809523,0.2600732600732601,48.207196029776675,6.882783882783883
2025-05-28,1,1,0,1,0,0,0,0,3,0,0,0,2025,5,28,2,148,22,2,0,0,0,0.9749279121818236,-0.22252093395631434,0.5595892624101765,-0.8287700871745038,0.46472317204376906,-0.8854560256532096,0.49999999999999994,-0.8660254037844387,0.0,0.0,0.0,1.0,1.0,1.0,0.3333333333333333,0.5773502691896295,1.0,1.0,0.14285714285714285,0.37796447300922537,1.0,1.0,0.2857142857142857,0.46880723093849663,4.0,1.0,0.5357142857142857,0.8380817098475246,15.0,3.0,0.5,0.8090398349558917,28.0,3.0,0.5357142857142857,0.7830497771715412,45.0,3.0,1.0,0.0,0.0,819,0.36752136752136755,0.07448107448107448,0.38217338217338215,0.32722832722832723,0.09523809523809523,0.2600732600732601,48.207196029776675,6.882783882783883
2025-05-29,1,0,0,0,0,1,0,1,2,0,0,0,2025,5,29,3,149,22,2,0,0,0,0.43388373911755823,-0.900968867902419,0.545240438540651,-0.8382797052177744,0.46472317204376906,-0.8854560256532096,0.49999999999999994,-0.8660254037844387,1.0,0.0,0.0,0.0,0.0,0.0,0.6666666666666666,0.5773502691896296,2.0,1.0,0.2857142857142857,0.48795003647426494,2.0,1.0,0.35714285714285715,0.4972451580988481,5.0,1.0,0.5714285714285714,0.8357108940373438,16.0,3.0,0.5,0.8090398349558917,28.0,3.0,0.5476190476190477,0.7824084211357539,46.0,3.0,0.0,1.0,1.0,819,0.36752136752136755,0.07448107448107448,0.38217338217338215,0.32722832722832723,0.09523809523809523,0.2600732600732601,48.207196029776675,6.882783882783883
2025-05-30,0,0,0,0,0,0,0,0,0,0,0,0,2025,5,30,4,150,22,2,0,0,1,-0.433883739117558,-0.9009688679024191,0.5307300481619334,-0.8475409228928311,0.46472317204376906,-0.8854560256532096,0.49999999999999994,-0.8660254037844387,1.0,1.0,0.0,0.0,1.0,0.0,0.6666666666666666,0.5773502691896296,2.0,1.0,0.2857142857142857,0.48795003647426494,2.0,1.0,0.2857142857142857,0.46880723093849663,4.0,1.0,0.5714285714285714,0.8357108940373438,16.0,3.0,0.4642857142857143,0.7854190708679786,26.0,3.0,0.5476190476190477,0.7824084211357539,46.0,3.0,-1.0,0.0,0.0,819,0.36752136752136755,0.07448107448107448,0.38217338217338215,0.32722832722832723,0.09523809523809523,0.2600732600732601,48.207196029776675,6.882783882783883
2025-05-31,1,0,1,0,0,0,0,0,2,0,0,1,2025,5,31,5,151,22,2,1,0,0,-0.9749279121818236,-0.2225209339563146,0.5160623910158528,-0.8565509959010036,0.46472317204376906,-0.8854560256532096,0.49999999999999994,-0.8660254037844387,0.0,1.0,1.0,0.0,0.0,2.0,0.6666666666666666,0.5773502691896296,2.0,1.0,0.42857142857142855,0.534522483824847,3.0,1.0,0.35714285714285715,0.4972451580988481,5.0,1.0,0.5357142857142857,0.7926581093427837,15.0,3.0,0.48214285714285715,0.786038893984989,27.0,3.0,0.5238095238095238,0.7359313495384651,44.0,3.0,1.0,1.0,-1.0,819,0.36752136752136755,0.07448107448107448,0.38217338217338215,0.32722832722832723,0.09523809523809523,0.2600732600732601,48.207196029776675,6.882783882783883
2025-06-01,0,0,0,0,0,0,0,0,0,0,0,0,2025,6,1,6,152,22,2,1,0,0,-0.7818314824680299,0.6234898018587334,0.5012418134457758,-0.865307254363206,0.46472317204376906,-0.8854560256532096,1.2246467991473532e-16,-1.0,1.0,0.0,1.0,0.0,0.0,0.0,0.3333333333333333,0.5773502691896295,1.0,1.0,0.42857142857142855,0.534522483824847,3.0,1.0,0.35714285714285715,0.4972451580988481,5.0,1.0,0.5357142857142857,0.7926581093427837,15.0,3.0,0.42857142857142855,0.7098563966719649,24.0,3.0,0.5238095238095238,0.7359313495384651,44.0,3.0,-1.0,0.0,0.0,819,0.36752136752136755,0.07448107448107448,0.38217338217338215,0.32722832722832723,0.09523809523809523,0.2600732600732601,48.207196029776675,6.882783882783883
2025-06-02,0,0,0,0,0,0,0,0,0,0,0,0,2025,6,2,0,153,23,2,0,1,0,0.0,1.0,0.48627270710868997,-0.8738071036110808,0.35460488704253584,-0.9350162426854147,1.2246467991473532e-16,-1.0,0.0,1.0,0.0,0.0,1.0,2.0,0.3333333333333333,0.5773502691896295,1.0,1.0,0.42857142857142855,0.534522483824847,3.0,1.0,0.2857142857142857,0.46880723093849663,4.0,1.0,0.4642857142857143,0.7444681351359521,13.0,3.0,0.42857142857142855,0.7098563966719649,24.0,3.0,0.5119047619047619,0.7362236371052439,43.0,3.0,0.0,0.0,-2.0,819,0.36752136752136755,0.07448107448107448,0.38217338217338215,0.32722832722832723,0.09523809523809523,0.2600732600732601,48.207196029776675,6.882783882783883
2025-06-03,0,0,0,0,0,0,0,0,0,0,0,0,2025,6,3,1,154,23,2,0,0,0,0.7818314824680298,0.6234898018587336,0.4711595076738638,-0.8820480249558537,0.35460488704253584,-0.9350162426854147,1.2246467991473532e-16,-1.0,0.0,0.0,1.0,0.0,0.0,0.0,0.0,0.0,0.0,0.0,0.42857142857142855,0.534522483824847,3.0,1.0,0.2857142857142857,0.46880723093849663,4.0,1.0,0.4642857142857143,0.7444681351359521,13.0,3.0,0.42857142857142855,0.7098563966719649,24.0,3.0,0.5,0.7363210405107246,42.0,3.0,0.0,0.0,0.0,819,0.36752136752136755,0.07448107448107448,0.38217338217338215,0.32722832722832723,0.09523809523809523,0.2600732600732601,48.207196029776675,6.882783882783883
2025-06-04,0,0,0,0,0,0,0,0,0,0,0,0,2025,6,4,2,155,23,2,0,0,0,0.9749279121818236,-0.22252093395631434,0.4559066935084588,-0.8900275764346767,0.35460488704253584,-0.9350162426854147,1.2246467991473532e-16,-1.0,0.0,0.0,0.0,1.0,1.0,0.0,0.0,0.0,0.0,0.0,0.2857142857142857,0.48795003647426494,2.0,1.0,0.21428571428571427,0.42581531362632136,3.0,1.0,0.4642857142857143,0.7444681351359521,13.0,3.0,0.42857142857142855,0.7098563966719649,24.0,3.0,0.4880952380952381,0.7362236371052437,41.0,3.0,0.0,-1.0,0.0,819,0.36752136752136755,0.07448107448107448,0.38217338217338215,0.32722832722832723,0.09523809523809523,0.2600732600732601,48.207196029776675,6.882783882783883
2025-06-05,0,0,0,0,0,0,0,0,0,0,0,0,2025,6,5,3,156,23,2,0,0,0,0.43388373911755823,-0.900968867902419,0.440518784350495,-0.8977433935342337,0.35460488704253584,-0.9350162426854147,1.2246467991473532e-16,-1.0,0.0,0.0,0.0,1.0,0.0,0.0,0.0,0.0,0.0,0.0,0.14285714285714285,0.37796447300922537,1.0,1.0,0.21428571428571427,0.42581531362632136,3.0,1.0,0.4642857142857143,0.7444681351359521,13.0,3.0,0.42857142857142855,0.7098563966719649,24.0,3.0,0.4880952380952381,0.7362236371052437,41.0,3.0,0.0,-1.0,0.0,819,0.36752136752136755,0.07448107448107448,0.38217338217338215,0.32722832722832723,0.09523809523809523,0.2600732600732601,48.207196029776675,6.882783882783883
2025-06-06,0,0,0,0,0,0,0,0,0,0,0,0,2025,6,6,4,157,23,2,0,0,1,-0.433883739117558,-0.9009688679024191,0.42500033996955416,-0.9051931898913974,0.35460488704253584,-0.9350162426854147,1.2246467991473532e-16,-1.0,0.0,0.0,0.0,0.0,0.0,1.0,0.0,0.0,0.0,0.0,0.14285714285714285,0.37796447300922537,1.0,1.0,0.21428571428571427,0.42581531362632136,3.0,1.0,0.42857142857142855,0.7417981870189143,12.0,3.0,0.42857142857142855,0.7098563966719649,24.0,3.0,0.4880952380952381,0.7362236371052437,41.0,3.0,0.0,0.0,-1.0,819,0.36752136752136755,0.07448107448107448,0.38217338217338215,0.32722832722832723,0.09523809523809523,0.2600732600732601,48.207196029776675,6.882783882783883
2025-06-07,2,0,0,0,0,4,0,2,4,2,2,0,2025,6,7,5,158,23,2,1,0,0,-0.9749279121818236,-0.2225209339563146,0.4093559588156213,-0.9123747579707273,0.35460488704253584,-0.9350162426854147,1.2246467991473532e-16,-1.0,0.0,0.0,0.0,1.0,0.0,3.0,0.6666666666666666,1.1547005383792535,2.0,2.0,0.2857142857142857,0.7559289460184533,2.0,2.0,0.35714285714285715,0.6333236937766519,5.0,2.0,0.39285714285714285,0.628890010655793,11.0,2.0,0.4642857142857143,0.7376691969682929,26.0,3.0,0.5119047619047619,0.7524105457625128,43.0,3.0,2.0,1.0,-1.0,819,0.36752136752136755,0.07448107448107448,0.38217338217338215,0.32722832722832723,0.09523809523809523,0.2600732600732601,48.207196029776675,6.882783882783883
2025-06-08,0,0,0,0,0,0,0,0,0,0,0,0,2025,6,8,6,159,23,2,1,0,0,-0.7818314824680299,0.6234898018587334,0.39359027665646673,-0.9192859697186104,0.35460488704253584,-0.9350162426854147,1.2246467991473532e-16,-1.0,2.0,0.0,0.0,0.0,0.0,2.0,0.6666666666666666,1.1547005383792535,2.0,2.0,0.2857142857142857,0.7559289460184533,2.0,2.0,0.35714285714285715,0.6333236937766519,5.0,2.0,0.32142857142857145,0.5479640045336447,9.0,2.0,0.44642857142857145,0.7365680332002398,25.0,3.0,0.5,0.7525058539579376,42.0,3.0,-2.0,0.0,-2.0,819,0.36752136752136755,0.07448107448107448,0.38217338217338215,0.32722832722832723,0.09523809523809523,0.2600732600732601,48.207196029776675,6.882783882783883
2025-06-09,0,0,0,0,0,0,0,0,0,0,0,0,2025,6,9,0,160,24,2,0,1,0,0.0,1.0,0.3777079652039649,-0.9259247771938498,0.23931566428755768,-0.970941817426052,1.2246467991473532e-16,-1.0,0.0,2.0,0.0,0.0,0.0,0.0,0.6666666666666666,1.1547005383792535,2.0,2.0,0.2857142857142857,0.7559289460184533,2.0,2.0,0.35714285714285715,0.6333236937766519,5.0,2.0,0.32142857142857145,0.5479640045336447,9.0,2.0,0.42857142857142855,0.7350236324498297,24.0,3.0,0.4880952380952381,0.7524105457625128,41.0,3.0,0.0,0.0,0.0,819,0.36752136752136755,0.07448107448107448,0.38217338217338215,0.32722832722832723,0.09523809523809523,0.2600732600732601,48.207196029776675,6.882783882783883
2025-06-10,0,0,0,0,0,0,0,0,0,0,0,0,2025,6,10,1,161,24,2,0,0,0,0.7818314824680298,0.6234898018587336,0.36171373072976765,-0.9322892131745133,0.23931566428755768,-0.970941817426052,1.2246467991473532e-16,-1.0,0.0,0.0,2.0,0.0,0.0,0.0,0.0,0.0,0.0,0.0,0.2857142857142857,0.7559289460184533,2.0,2.0,0.35714285714285715,0.6333236937766519,5.0,2.0,0.32142857142857145,0.5479640045336447,9.0,2.0,0.42857142857142855,0.7350236324498297,24.0,3.0,0.47619047619047616,0.7521245487122961,40.0,3.0,0.0,0.0,0.0,819,0.36752136752136755,0.07448107448107448,0.38217338217338215,0.32722832722832723,0.09523809523809523,0.2600732600732601,48.207196029776675,6.882783882783883
2025-06-11,0,0,0,0,0,0,0,0,0,0,0,0,2025,6,11,2,162,24,2,0,0,0,0.9749279121818236,-0.22252093395631434,0.3456123126707335,-0.9383773917408641,0.23931566428755768,-0.970941817426052,1.2246467991473532e-16,-1.0,0.0,0.0,0.0,0.0,1.0,1.0,0.0,0.0,0.0,0.0,0.2857142857142857,0.7559289460184533,2.0,2.0,0.2857142857142857,0.6112498455021275,4.0,2.0,0.2857142857142857,0.5345224838248469,8.0,2.0,0.42857142857142855,0.7350236324498297,24.0,3.0,0.47619047619047616,0.7521245487122961,40.0,3.0,0.0,0.0,-1.0,819,0.36752136752136755,0.07448107448107448,0.38217338217338215,0.32722832722832723,0.09523809523809523,0.2600732600732601,48.207196029776675,6.882783882783883
2025-06-12,0,0,0,0,0,0,0,0,0,0,0,0,2025,6,12,3,163,24,2,0,0,0,0.43388373911755823,-0.900968867902419,0.3294084822245304,-0.9441875088341993,0.23931566428755768,-0.970941817426052,1.2246467991473532e-16,-1.0,0.0,0.0,0.0,0.0,1.0,0.0,0.0,0.0,0.0,0.0,0.2857142857142857,0.7559289460184533,2.0,2.0,0.21428571428571427,0.5789342235218404,3.0,2.0,0.2857142857142857,0.5345224838248469,8.0,2.0,0.4107142857142857,0.7330331932031894,23.0,3.0,0.4642857142857143,0.7516476451397043,39.0,3.0,0.0,0.0,0.0,819,0.36752136752136755,0.07448107448107448,0.38217338217338215,0.32722832722832723,0.09523809523809523,0.2600732600732601,48.207196029776675,6.882783882783883
2025-06-13,0,0,0,0,0,0,0,0,0,0,0,0,2025,6,13,4,164,24,2,0,0,1,-0.433883739117558,-0.9009688679024191,0.3131070409358269,-0.9497178427914316,0.23931566428755768,-0.970941817426052,1.2246467991473532e-16,-1.0,0.0,0.0,0.0,0.0,0.0,1.0,0.0,0.0,0.0,0.0,0.2857142857142857,0.7559289460184533,2.0,2.0,0.21428571428571427,0.5789342235218404,3.0,2.0,0.25,0.5181877251715988,7.0,2.0,0.4107142857142857,0.7330331932031894,23.0,3.0,0.4642857142857143,0.7516476451397043,39.0,3.0,0.0,0.0,-1.0,819,0.36752136752136755,0.07448107448107448,0.38217338217338215,0.32722832722832723,0.09523809523809523,0.2600732600732601,48.207196029776675,6.882783882783883
2025-06-14,1,0,0,0,0,0,0,0,3,0,0,0,2025,6,14,5,165,24,2,1,0,0,-0.9749279121818236,-0.2225209339563146,0.29671281927349075,-0.9549667548552551,0.23931566428755768,-0.970941817426052,1.2246467991473532e-16,-1.0,0.0,0.0,0.0,2.0,1.0,0.0,0.3333333333333333,0.5773502691896297,1.0,1.0,0.14285714285714285,0.3779644730092253,1.0,1.0,0.21428571428571427,0.5789342235218404,3.0,2.0,0.2857142857142857,0.5345224838248469,8.0,2.0,0.42857142857142855,0.7350236324498297,24.0,3.0,0.4642857142857143,0.7516476451397043,39.0,3.0,1.0,-1.0,1.0,819,0.36752136752136755,0.07448107448107448,0.38217338217338215,0.32722832722832723,0.09523809523809523,0.2600732600732601,48.207196029776675,6.882783882783883
2025-06-15,2,0,0,0,0,0,0,0,4,0,0,0,2025,6,15,6,166,24,2,1,0,0,-0.7818314824680299,0.6234898018587334,0.28023067519921585,-0.9599326896597447,0.23931566428755768,-0.970941817426052,1.2246467991473532e-16,-1.0,1.0,0.0,0.0,0.0,0.0,0.0,1.0,1.0000000000000022,3.0,2.0,0.42857142857142855,0.786795792469442,3.0,2.0,0.35714285714285715,0.7449463436684928,5.0,2.0,0.35714285714285715,0.6214848238238679,10.0,2.0,0.4642857142857143,0.7619182899231929,26.0,3.0,0.4880952380952381,0.7682564773022165,41.0,3.0,1.0,2.0,2.0,819,0.36752136752136755,0.07448107448107448,0.38217338217338215,0.32722832722832723,0.09523809523809523,0.2600732600732601,48.207196029776675,6.882783882783883
2025-06-16,2,2,0,2,0,4,0,2,4,0,0,0,2025,6,16,0,167,25,2,0,1,0,0.0,1.0,0.26366549272800704,-0.9646141756912435,0.12053668025532308,-0.992708874098054,1.2246467991473532e-16,-1.0,2.0,1.0,0.0,0.0,0.0,1.0,1.6666666666666667,0.5773502691896301,5.0,2.0,0.7142857142857143,0.9511897312113406,5.0,2.0,0.5,0.8548504142651112,7.0,2.0,0.39285714285714285,0.6852566815265048,11.0,2.0,0.4642857142857143,0.7619182899231929,26.0,3.0,0.5119047619047619,0.7837821128725635,43.0,3.0,0.0,2.0,1.0,819,0.36752136752136755,0.07448107448107448,0.38217338217338215,0.32722832722832723,0.09523809523809523,0.2600732600732601,48.207196029776675,6.882783882783883
2025-06-17,0,0,0,0,0,0,0,0,0,0,0,0,2025,6,17,1,168,25,2,0,0,0,0.7818314824680298,0.6234898018587336,0.24702218048093552,-0.9690098257244062,0.12053668025532308,-0.992708874098054,1.2246467991473532e-16,-1.0,2.0,2.0,1.0,0.0,0.0,0.0,1.3333333333333333,1.1547005383792535,4.0,2.0,0.7142857142857143,0.9511897312113406,5.0,2.0,0.5,0.8548504142651112,7.0,2.0,0.39285714285714285,0.6852566815265048,11.0,2.0,0.4642857142857143,0.7619182899231929,26.0,3.0,0.5119047619047619,0.7837821128725635,43.0,3.0,-2.0,0.0,0.0,819,0.36752136752136755,0.07448107448107448,0.38217338217338215,0.32722832722832723,0.09523809523809523,0.2600732600732601,48.207196029776675,6.882783882783883
2025-06-18,0,0,0,0,0,0,0,0,0,0,0,0,2025,6,18,2,169,25,2,0,0,0,0.9749279121818236,-0.22252093395631434,0.23030567023061221,-0.9731183372332619,0.12053668025532308,-0.992708874098054,1.2246467991473532e-16,-1.0,0.0,2.0,2.0,0.0,0.0,1.0,0.6666666666666666,1.1547005383792532,2.0,2.0,0.7142857142857143,0.9511897312113406,5.0,2.0,0.5,0.8548504142651112,7.0,2.0,0.35714285714285715,0.6784669927988084,10.0,2.0,0.4642857142857143,0.7619182899231929,26.0,3.0,0.5,0.7838736067283438,42.0,3.0,0.0,0.0,-1.0,819,0.36752136752136755,0.07448107448107448,0.38217338217338215,0.32722832722832723,0.09523809523809523,0.2600732600732601,48.207196029776675,6.882783882783883
2025-06-19,0,0,0,0,0,0,0,0,0,0,0,0,2025,6,19,3,170,25,2,0,0,0,0.43388373911755823,-0.900968867902419,0.21352091543979612,-0.9769384927771817,0.12053668025532308,-0.992708874098054,1.2246467991473532e-16,-1.0,0.0,0.0,2.0,0.0,0.0,0.0,0.0,0.0,0.0,0.0,0.7142857142857143,0.9511897312113406,5.0,2.0,0.5,0.8548504142651112,7.0,2.0,0.35714285714285715,0.6784669927988084,10.0,2.0,0.4642857142857143,0.7619182899231929,26.0,3.0,0.5,0.7838736067283438,42.0,3.0,0.0,0.0,0.0,819,0.36752136752136755,0.07448107448107448,0.38217338217338215,0.32722832722832723,0.09523809523809523,0.2600732600732601,48.207196029776675,6.882783882783883
2025-06-20,0,0,0,0,0,0,0,0,0,0,0,0,2025,6,20,4,171,25,2,0,0,1,-0.433883739117558,-0.9009688679024191,0.19667288979357647,-0.980469160361632,0.12053668025532308,-0.992708874098054,1.2246467991473532e-16,-1.0,0.0,0.0,0.0,0.0,0.0,0.0,0.0,0.0,0.0,0.0,0.7142857142857143,0.9511897312113406,5.0,2.0,0.5,0.8548504142651112,7.0,2.0,0.35714285714285715,0.6784669927988084,10.0,2.0,0.44642857142857145,0.7608522221141935,25.0,3.0,0.4880952380952381,0.7837821128725634,41.0,3.0,0.0,0.0,0.0,819,0.36752136752136755,0.07448107448107448,0.38217338217338215,0.32722832722832723,0.09523809523809523,0.2600732600732601,48.207196029776675,6.882783882783883
2025-06-21,2,2,0,2,0,0,0,0,4,0,0,0,2025,6,21,5,172,25,2,1,0,0,-0.9749279121818236,-0.2225209339563146,0.1797665857255624,-0.9837092937736097,0.12053668025532308,-0.992708874098054,1.2246467991473532e-16,-1.0,0.0,0.0,0.0,1.0,2.0,0.0,0.6666666666666666,1.1547005383792532,2.0,2.0,0.8571428571428571,1.0690449676496965,6.0,2.0,0.5,0.8548504142651112,7.0,2.0,0.42857142857142855,0.7417981870189143,12.0,2.0,0.48214285714285715,0.786038893984989,27.0,3.0,0.5,0.7990958746405032,42.0,3.0,2.0,1.0,2.0,819,0.36752136752136755,0.07448107448107448,0.38217338217338215,0.32722832722832723,0.09523809523809523,0.2600732600732601,48.207196029776675,6.882783882783883
2025-06-22,0,0,0,0,0,0,0,0,0,0,0,0,2025,6,22,6,173,25,2,1,0,0,-0.7818314824680299,0.6234898018587334,0.16280701293851715,-0.986657932891657,0.12053668025532308,-0.992708874098054,1.2246467991473532e-16,-1.0,2.0,0.0,0.0,2.0,0.0,0.0,0.6666666666666666,1.1547005383792532,2.0,2.0,0.5714285714285714,0.9759000729485321,4.0,2.0,0.5,0.8548504142651112,7.0,2.0,0.42857142857142855,0.7417981870189143,12.0,2.0,0.48214285714285715,0.786038893984989,27.0,3.0,0.4880952380952381,0.7990061238821317,41.0,3.0,-2.0,-2.0,0.0,819,0.36752136752136755,0.07448107448107448,0.38217338217338215,0.32722832722832723,0.09523809523809523,0.2600732600732601,48.207196029776675,6.882783882783883
2025-06-23,0,0,0,0,0,0,0,0,0,0,0,0,2025,6,23,0,174,26,2,0,1,0,0.0,1.0,0.1457991969198751,-0.9893142039703663,-3.216245299353273e-16,-1.0,1.2246467991473532e-16,-1.0,0.0,2.0,0.0,2.0,0.0,0.0,0.6666666666666666,1.1547005383792532,2.0,2.0,0.2857142857142857,0.7559289460184532,2.0,2.0,0.5,0.8548504142651112,7.0,2.0,0.42857142857142855,0.7417981870189143,12.0,2.0,0.48214285714285715,0.786038893984989,27.0,3.0,0.4880952380952381,0.7990061238821317,41.0,3.0,0.0,-2.0,0.0,819,0.36752136752136755,0.07448107448107448,0.38217338217338215,0.32722832722832723,0.09523809523809523,0.2600732600732601,48.207196029776675,6.882783882783883
2025-06-24,0,0,0,0,0,0,0,0,0,0,0,0,2025,6,24,1,175,26,2,0,0,0,0.7818314824680298,0.6234898018587336,0.12874817745258132,-0.99167731989929,-3.216245299353273e-16,-1.0,1.2246467991473532e-16,-1.0,0.0,0.0,2.0,0.0,0.0,0.0,0.0,0.0,0.0,0.0,0.2857142857142857,0.7559289460184532,2.0,2.0,0.5,0.8548504142651112,7.0,2.0,0.42857142857142855,0.7417981870189143,12.0,2.0,0.48214285714285715,0.786038893984989,27.0,3.0,0.4642857142857143,0.7830497771715411,39.0,3.0,0.0,0.0,0.0,819,0.36752136752136755,0.07448107448107448,0.38217338217338215,0.32722832722832723,0.09523809523809523,0.2600732600732601,48.207196029776675,6.882783882783883
2025-06-25,2,1,0,2,0,0,0,0,5,0,0,0,2025,6,25,2,176,26,2,0,0,0,0.9749279121818236,-0.22252093395631434,0.11165900712169512,-0.993746580436178,-3.216245299353273e-16,-1.0,1.2246467991473532e-16,-1.0,0.0,0.0,0.0,0.0,0.0,1.0,0.6666666666666666,1.1547005383792532,2.0,2.0,0.5714285714285714,0.9759000729485321,4.0,2.0,0.6428571428571429,0.9287827316640659,9.0,2.0,0.4642857142857143,0.7926581093427836,13.0,2.0,0.5,0.8090398349558917,28.0,3.0,0.4880952380952381,0.7990061238821317,41.0,3.0,2.0,2.0,1.0,819,0.36752136752136755,0.07448107448107448,0.38217338217338215,0.32722832722832723,0.09523809523809523,0.2600732600732601,48.207196029776675,6.882783882783883
2025-06-26,0,0,0,0,0,0,0,0,0,0,0,0,2025,6,26,3,177,26,2,0,0,0,0.43388373911755823,-0.900968867902419,0.09453674981719912,-0.9955213724144752,-3.216245299353273e-16,-1.0,1.2246467991473532e-16,-1.0,2.0,0.0,0.0,0.0,0.0,1.0,0.6666666666666666,1.1547005383792532,2.0,2.0,0.5714285714285714,0.9759000729485321,4.0,2.0,0.6428571428571429,0.9287827316640659,9.0,2.0,0.42857142857142855,0.7901510136288014,12.0,2.0,0.5,0.8090398349558917,28.0,3.0,0.47619047619047616,0.7987368110974861,40.0,3.0,-2.0,0.0,-1.0,819,0.36752136752136755,0.07448107448107448,0.38217338217338215,0.32722832722832723,0.09523809523809523,0.2600732600732601,48.207196029776675,6.882783882783883
2025-06-27,0,0,0,0,0,0,0,0,0,0,0,0,2025,6,27,4,178,26,2,0,0,1,-0.433883739117558,-0.9009688679024191,0.07738647923346301,-0.9970011699250151,-3.216245299353273e-16,-1.0,1.2246467991473532e-16,-1.0,0.0,2.0,0.0,0.0,0.0,0.0,0.6666666666666666,1.1547005383792532,2.0,2.0,0.5714285714285714,0.9759000729485321,4.0,2.0,0.6428571428571429,0.9287827316640659,9.0,2.0,0.42857142857142855,0.7901510136288014,12.0,2.0,0.5,0.8090398349558917,28.0,3.0,0.4523809523809524,0.7824084211357538,38.0,3.0,0.0,0.0,0.0,819,0.36752136752136755,0.07448107448107448,0.38217338217338215,0.32722832722832723,0.09523809523809523,0.2600732600732601,48.207196029776675,6.882783882783883
2025-06-28,1,0,0,0,0,0,0,0,2,1,1,0,2025,6,28,5,179,26,2,1,0,0,-0.9749279121818236,-0.2225209339563146,0.06021327736579302,-0.9981855344718586,-3.216245299353273e-16,-1.0,1.2246467991473532e-16,-1.0,0.0,0.0,2.0,2.0,1.0,1.0,0.3333333333333333,0.577350269189629,1.0,1.0,0.42857142857142855,0.7867957924694419,3.0,2.0,0.6428571428571429,0.9287827316640659,9.0,2.0,0.42857142857142855,0.7901510136288014,12.0,2.0,0.48214285714285715,0.786038893984989,27.0,3.0,0.4642857142857143,0.7830497771715411,39.0,3.0,1.0,-1.0,0.0,819,0.36752136752136755,0.07448107448107448,0.38217338217338215,0.32722832722832723,0.09523809523809523,0.2600732600732601,48.207196029776675,6.882783882783883
2025-06-29,0,0,0,0,0,0,0,0,0,0,0,0,2025,6,29,6,180,26,2,1,0,0,-0.7818314824680299,0.6234898018587334,0.04302223300453059,-0.99907411510223,-3.216245299353273e-16,-1.0,1.2246467991473532e-16,-1.0,1.0,0.0,0.0,0.0,2.0,0.0,0.3333333333333333,0.577350269189629,1.0,1.0,0.42857142857142855,0.7867957924694419,3.0,2.0,0.5,0.8548504142651112,7.0,2.0,0.42857142857142855,0.7901510136288014,12.0,2.0,0.48214285714285715,0.786038893984989,27.0,3.0,0.42857142857142855,0.7328063615384275,36.0,3.0,-1.0,0.0,0.0,819,0.36752136752136755,0.07448107448107448,0.38217338217338215,0.32722832722832723,0.09523809523809523,0.2600732600732601,48.207196029776675,6.882783882783883
2025-06-30,0,0,0,0,0,0,0,0,0,0,0,0,2025,6,30,0,181,27,2,0,1,0,0.0,1.0,0.02581844022713308,-0.9996666485105112,-0.12053668025532283,-0.992708874098054,1.2246467991473532e-16,-1.0,0.0,1.0,0.0,0.0,2.0,0.0,0.3333333333333333,0.577350269189629,1.0,1.0,0.42857142857142855,0.7867957924694419,3.0,2.0,0.35714285714285715,0.7449463436684928,5.0,2.0,0.42857142857142855,0.7901510136288014,12.0,2.0,0.44642857142857145,0.7608522221141935,25.0,3.0,0.42857142857142855,0.7328063615384275,36.0,3.0,0.0,0.0,0.0,819,0.36752136752136755,0.07448107448107448,0.38217338217338215,0.32722832722832723,0.09523809523809523,0.2600732600732601,48.207196029776675,6.882783882783883
2025-07-01,1,0,0,0,0,0,0,0,2,0,0,0,2025,7,1,1,182,27,3,0,0,0,0.7818314824680298,0.6234898018587336,0.008606996888688698,-0.9999629591162655,-0.12053668025532283,-0.992708874098054,-0.4999999999999997,-0.8660254037844388,0.0,0.0,1.0,0.0,0.0,0.0,0.3333333333333333,0.577350269189629,1.0,1.0,0.5714285714285714,0.7867957924694419,4.0,2.0,0.42857142857142855,0.7559289460184553,6.0,2.0,0.4642857142857143,0.7926581093427836,13.0,2.0,0.4642857142857143,0.7619182899231929,26.0,3.0,0.44047619047619047,0.7338820770673823,37.0,3.0,1.0,1.0,1.0,819,0.36752136752136755,0.07448107448107448,0.38217338217338215,0.32722832722832723,0.09523809523809523,0.2600732600732601,48.207196029776675,6.882783882783883
2025-07-02,0,0,0,0,0,0,0,0,0,0,0,0,2025,7,2,2,183,27,3,0,0,0,0.9749279121818236,-0.22252093395631434,-0.008606996888688009,-0.9999629591162655,-0.12053668025532283,-0.992708874098054,-0.4999999999999997,-0.8660254037844388,1.0,0.0,0.0,2.0,0.0,0.0,0.3333333333333333,0.577350269189629,1.0,1.0,0.2857142857142857,0.48795003647426477,2.0,1.0,0.42857142857142855,0.7559289460184553,6.0,2.0,0.4642857142857143,0.7926581093427836,13.0,2.0,0.4642857142857143,0.7619182899231929,26.0,3.0,0.44047619047619047,0.7338820770673823,37.0,3.0,-1.0,-2.0,0.0,819,0.36752136752136755,0.07448107448107448,0.38217338217338215,0.32722832722832723,0.09523809523809523,0.2600732600732601,48.207196029776675,6.882783882783883
2025-07-03,0,0,0,0,0,0,0,0,0,0,0,0,2025,7,3,3,184,27,3,0,0,0,0.43388373911755823,-0.900968867902419,-0.02581844022713239,-0.9996666485105112,-0.12053668025532283,-0.992708874098054,-0.4999999999999997,-0.8660254037844388,0.0,1.0,0.0,0.0,0.0,0.0,0.3333333333333333,0.577350269189629,1.0,1.0,0.2857142857142857,0.48795003647426477,2.0,1.0,0.42857142857142855,0.7559289460184553,6.0,2.0,0.4642857142857143,0.7926581093427836,13.0,2.0,0.4642857142857143,0.7619182899231929,26.0,3.0,0.44047619047619047,0.7338820770673823,37.0,3.0,0.0,0.0,0.0,819,0.36752136752136755,0.07448107448107448,0.38217338217338215,0.32722832722832723,0.09523809523809523,0.2600732600732601,48.207196029776675,6.882783882783883
2025-07-04,0,0,0,0,0,0,0,0,0,0,0,0,2025,7,4,4,185,27,3,0,0,1,-0.433883739117558,-0.9009688679024191,-0.04302223300453034,-0.99907411510223,-0.12053668025532283,-0.992708874098054,-0.4999999999999997,-0.8660254037844388,0.0,0.0,1.0,0.0,0.0,0.0,0.0,0.0,0.0,0.0,0.2857142857142857,0.48795003647426477,2.0,1.0,0.42857142857142855,0.7559289460184553,6.0,2.0,0.4642857142857143,0.7926581093427836,13.0,2.0,0.44642857142857145,0.7608522221141935,25.0,3.0,0.44047619047619047,0.7338820770673823,37.0,3.0,0.0,0.0,0.0,819,0.36752136752136755,0.07448107448107448,0.38217338217338215,0.32722832722832723,0.09523809523809523,0.2600732600732601,48.207196029776675,6.882783882783883
2025-07-05,0,0,0,0,0,0,0,0,0,0,0,0,2025,7,5,5,186,27,3,1,0,0,-0.9749279121818236,-0.2225209339563146,-0.060213277365792774,-0.9981855344718586,-0.12053668025532283,-0.992708874098054,-0.4999999999999997,-0.8660254037844388,0.0,0.0,0.0,1.0,2.0,2.0,0.0,0.0,0.0,0.0,0.14285714285714285,0.3779644730092251,1.0,1.0,0.2857142857142857,0.6112498455021275,4.0,2.0,0.39285714285714285,0.7373267889143806,11.0,2.0,0.39285714285714285,0.6789984985542775,22.0,2.0,0.44047619047619047,0.7338820770673823,37.0,3.0,0.0,-1.0,-2.0,819,0.36752136752136755,0.07448107448107448,0.38217338217338215,0.32722832722832723,0.09523809523809523,0.2600732600732601,48.207196029776675,6.882783882783883
2025-07-06,0,0,0,0,0,0,0,0,0,0,0,0,2025,7,6,6,187,27,3,1,0,0,-0.7818314824680299,0.6234898018587334,-0.07738647923346322,-0.9970011699250151,-0.12053668025532283,-0.992708874098054,-0.4999999999999997,-0.8660254037844388,0.0,0.0,0.0,0.0,0.0,0.0,0.0,0.0,0.0,0.0,0.14285714285714285,0.3779644730092251,1.0,1.0,0.2857142857142857,0.6112498455021275,4.0,2.0,0.39285714285714285,0.7373267889143806,11.0,2.0,0.35714285714285715,0.6446583712203059,20.0,2.0,0.42857142857142855,0.7328063615384275,36.0,3.0,0.0,0.0,0.0,819,0.36752136752136755,0.07448107448107448,0.38217338217338215,0.32722832722832723,0.09523809523809523,0.2600732600732601,48.207196029776675,6.882783882783883
2025-07-07,1,0,0,0,0,0,0,0,2,0,0,1,2025,7,7,0,188,28,3,0,1,0,0.0,1.0,-0.09453674981719933,-0.9955213724144752,-0.23931566428755743,-0.9709418174260521,-0.4999999999999997,-0.8660254037844388,0.0,0.0,0.0,0.0,0.0,0.0,0.3333333333333333,0.577350269189629,1.0,1.0,0.2857142857142857,0.48795003647426477,2.0,1.0,0.35714285714285715,0.6333236937766519,5.0,2.0,0.42857142857142855,0.7417981870189143,12.0,2.0,0.375,0.6484246644403246,21.0,2.0,0.42857142857142855,0.7328063615384275,36.0,3.0,1.0,1.0,1.0,819,0.36752136752136755,0.07448107448107448,0.38217338217338215,0.32722832722832723,0.09523809523809523,0.2600732600732601,48.207196029776675,6.882783882783883
2025-07-08,2,1,0,1,0,0,0,0,4,0,0,0,2025,7,8,1,189,28,3,0,0,0,0.7818314824680298,0.6234898018587336,-0.11165900712169444,-0.9937465804361781,-0.23931566428755743,-0.9709418174260521,-0.4999999999999997,-0.8660254037844388,1.0,0.0,0.0,1.0,0.0,0.0,1.0,1.0000000000000022,3.0,2.0,0.42857142857142855,0.786795792469442,3.0,2.0,0.5,0.7595545253127509,7.0,2.0,0.5,0.7934920476158709,14.0,2.0,0.4107142857142857,0.6816233487861105,23.0,2.0,0.4523809523809524,0.750979471343795,38.0,3.0,1.0,1.0,2.0,819,0.36752136752136755,0.07448107448107448,0.38217338217338215,0.32722832722832723,0.09523809523809523,0.2600732600732601,48.207196029776675,6.882783882783883
2025-07-09,1,0,0,1,0,0,0,0,2,0,0,0,2025,7,9,2,190,28,3,0,0,0,0.9749279121818236,-0.22252093395631434,-0.12874817745258066,-0.99167731989929,-0.23931566428755743,-0.9709418174260521,-0.4999999999999997,-0.8660254037844388,2.0,1.0,0.0,0.0,2.0,0.0,1.3333333333333333,0.57735026918963,4.0,2.0,0.5714285714285714,0.7867957924694419,4.0,2.0,0.42857142857142855,0.6462061726588649,6.0,2.0,0.5357142857142857,0.7926581093427836,15.0,2.0,0.4107142857142857,0.6816233487861105,23.0,2.0,0.4642857142857143,0.7516476451397043,39.0,3.0,-1.0,1.0,1.0,819,0.36752136752136755,0.07448107448107448,0.38217338217338215,0.32722832722832723,0.09523809523809523,0.2600732600732601,48.207196029776675,6.882783882783883
2025-07-10,0,0,0,0,0,0,0,0,0,0,0,0,2025,7,10,3,191,28,3,0,0,0,0.43388373911755823,-0.900968867902419,-0.14579919691987442,-0.9893142039703664,-0.23931566428755743,-0.9709418174260521,-0.4999999999999997,-0.8660254037844388,1.0,2.0,1.0,0.0,0.0,0.0,1.0,1.000000000000002,3.0,2.0,0.5714285714285714,0.7867957924694419,4.0,2.0,0.42857142857142855,0.6462061726588649,6.0,2.0,0.5357142857142857,0.7926581093427836,15.0,2.0,0.4107142857142857,0.6816233487861105,23.0,2.0,0.4523809523809524,0.750979471343795,38.0,3.0,-1.0,0.0,0.0,819,0.36752136752136755,0.07448107448107448,0.38217338217338215,0.32722832722832723,0.09523809523809523,0.2600732600732601,48.207196029776675,6.882783882783883
2025-07-11,0,0,0,0,0,0,0,0,0,0,0,0,2025,7,11,4,192,28,3,0,0,1,-0.433883739117558,-0.9009688679024191,-0.16280701293851646,-0.9866579328916572,-0.23931566428755743,-0.9709418174260521,-0.4999999999999997,-0.8660254037844388,0.0,1.0,2.0,0.0,0.0,0.0,0.3333333333333333,0.5773502691896283,1.0,1.0,0.5714285714285714,0.7867957924694419,4.0,2.0,0.42857142857142855,0.6462061726588649,6.0,2.0,0.5357142857142857,0.7926581093427836,15.0,2.0,0.39285714285714285,0.6789984985542775,22.0,2.0,0.4523809523809524,0.750979471343795,38.0,3.0,0.0,0.0,0.0,819,0.36752136752136755,0.07448107448107448,0.38217338217338215,0.32722832722832723,0.09523809523809523,0.2600732600732601,48.207196029776675,6.882783882783883
2025-07-12,0,0,0,0,0,0,0,0,0,0,0,0,2025,7,12,5,193,28,3,1,0,0,-0.9749279121818236,-0.2225209339563146,-0.17976658572556214,-0.9837092937736098,-0.23931566428755743,-0.9709418174260521,-0.4999999999999997,-0.8660254037844388,0.0,0.0,1.0,0.0,1.0,1.0,0.0,0.0,0.0,0.0,0.5714285714285714,0.7867957924694419,4.0,2.0,0.35714285714285715,0.6333236937766519,5.0,2.0,0.5,0.7934920476158709,14.0,2.0,0.39285714285714285,0.6789984985542775,22.0,2.0,0.4523809523809524,0.750979471343795,38.0,3.0,0.0,0.0,-1.0,819,0.36752136752136755,0.07448107448107448,0.38217338217338215,0.32722832722832723,0.09523809523809523,0.2600732600732601,48.207196029776675,6.882783882783883
2025-07-13,0,0,0,0,0,0,0,0,0,0,0,0,2025,7,13,6,194,28,3,1,0,0,-0.7818314824680299,0.6234898018587334,-0.19667288979357622,-0.9804691603616321,-0.23931566428755743,-0.9709418174260521,-0.4999999999999997,-0.8660254037844388,0.0,0.0,0.0,0.0,0.0,2.0,0.0,0.0,0.0,0.0,0.5714285714285714,0.7867957924694419,4.0,2.0,0.35714285714285715,0.6333236937766519,5.0,2.0,0.42857142857142855,0.7417981870189143,12.0,2.0,0.39285714285714285,0.6789984985542775,22.0,2.0,0.4523809523809524,0.750979471343795,38.0,3.0,0.0,0.0,-2.0,819,0.36752136752136755,0.07448107448107448,0.38217338217338215,0.32722832722832723,0.09523809523809523,0.2600732600732601,48.207196029776675,6.882783882783883
2025-07-14,0,0,0,0,0,0,0,0,0,0,0,0,2025,7,14,0,195,29,3,0,1,0,0.0,1.0,-0.2135209154397959,-0.9769384927771817,-0.3546048870425356,-0.9350162426854148,-0.4999999999999997,-0.8660254037844388,0.0,0.0,0.0,1.0,0.0,2.0,0.0,0.0,0.0,0.0,0.42857142857142855,0.786795792469442,3.0,2.0,0.35714285714285715,0.6333236937766519,5.0,2.0,0.35714285714285715,0.6784669927988083,10.0,2.0,0.375,0.6758832604956154,21.0,2.0,0.42857142857142855,0.7328063615384275,36.0,3.0,0.0,-1.0,-2.0,819,0.36752136752136755,0.07448107448107448,0.38217338217338215,0.32722832722832723,0.09523809523809523,0.2600732600732601,48.207196029776675,6.882783882783883
2025-07-15,0,0,0,0,0,0,0,0,0,0,0,0,2025,7,15,1,196,29,3,0,0,0,0.7818314824680298,0.6234898018587336,-0.23030567023061196,-0.973118337233262,-0.3546048870425356,-0.9350162426854148,-0.4999999999999997,-0.8660254037844388,0.0,0.0,0.0,2.0,1.0,0.0,0.0,0.0,0.0,0.0,0.14285714285714285,0.37796447300922537,1.0,1.0,0.2857142857142857,0.6112498455021275,4.0,2.0,0.35714285714285715,0.6784669927988083,10.0,2.0,0.375,0.6758832604956154,21.0,2.0,0.42857142857142855,0.7328063615384275,36.0,3.0,0.0,-2.0,0.0,819,0.36752136752136755,0.07448107448107448,0.38217338217338215,0.32722832722832723,0.09523809523809523,0.2600732600732601,48.207196029776675,6.882783882783883
2025-07-16,0,0,0,0,0,0,0,0,0,0,0,0,2025,7,16,2,197,29,3,0,0,0,0.9749279121818236,-0.22252093395631434,-0.24702218048093527,-0.9690098257244063,-0.3546048870425356,-0.9350162426854148,-0.4999999999999997,-0.8660254037844388,0.0,0.0,0.0,1.0,0.0,0.0,0.0,0.0,0.0,0.0,0.0,0.0,0.0,0.0,0.2857142857142857,0.6112498455021275,4.0,2.0,0.35714285714285715,0.6784669927988083,10.0,2.0,0.35714285714285715,0.672270817415165,20.0,2.0,0.42857142857142855,0.7328063615384275,36.0,3.0,0.0,-1.0,0.0,819,0.36752136752136755,0.07448107448107448,0.38217338217338215,0.32722832722832723,0.09523809523809523,0.2600732600732601,48.207196029776675,6.882783882783883
2025-07-17,0,0,0,0,0,0,0,0,0,0,0,0,2025,7,17,3,198,29,3,0,0,0,0.43388373911755823,-0.900968867902419,-0.2636654927280072,-0.9646141756912435,-0.3546048870425356,-0.9350162426854148,-0.4999999999999997,-0.8660254037844388,0.0,0.0,0.0,0.0,0.0,0.0,0.0,0.0,0.0,0.0,0.0,0.0,0.0,0.0,0.2857142857142857,0.6112498455021275,4.0,2.0,0.35714285714285715,0.6784669927988083,10.0,2.0,0.35714285714285715,0.672270817415165,20.0,2.0,0.42857142857142855,0.7328063615384275,36.0,3.0,0.0,0.0,0.0,819,0.36752136752136755,0.07448107448107448,0.38217338217338215,0.32722832722832723,0.09523809523809523,0.2600732600732601,48.207196029776675,6.882783882783883
2025-07-18,0,0,0,0,0,0,0,0,0,0,0,0,2025,7,18,4,199,29,3,0,0,1,-0.433883739117558,-0.9009688679024191,-0.2802306751992161,-0.9599326896597445,-0.3546048870425356,-0.9350162426854148,-0.4999999999999997,-0.8660254037844388,0.0,0.0,0.0,0.0,0.0,0.0,0.0,0.0,0.0,0.0,0.0,0.0,0.0,0.0,0.2857142857142857,0.6112498455021275,4.0,2.0,0.35714285714285715,0.6784669927988083,10.0,2.0,0.35714285714285715,0.672270817415165,20.0,2.0,0.4166666666666667,0.7315330219812342,35.0,3.0,0.0,0.0,0.0,819,0.36752136752136755,0.07448107448107448,0.38217338217338215,0.32722832722832723,0.09523809523809523,0.2600732600732601,48.207196029776675,6.882783882783883
2025-07-19,0,0,0,0,0,0,0,0,0,0,0,0,2025,7,19,5,200,29,3,1,0,0,-0.9749279121818236,-0.2225209339563146,-0.2967128192734901,-0.9549667548552553,-0.3546048870425356,-0.9350162426854148,-0.4999999999999997,-0.8660254037844388,0.0,0.0,0.0,0.0,0.0,2.0,0.0,0.0,0.0,0.0,0.0,0.0,0.0,0.0,0.2857142857142857,0.6112498455021275,4.0,2.0,0.2857142857142857,0.5998236072282898,8.0,2.0,0.35714285714285715,0.672270817415165,20.0,2.0,0.4166666666666667,0.7315330219812342,35.0,3.0,0.0,0.0,-2.0,819,0.36752136752136755,0.07448107448107448,0.38217338217338215,0.32722832722832723,0.09523809523809523,0.2600732600732601,48.207196029776675,6.882783882783883
2025-07-20,0,0,0,0,0,0,0,0,0,0,0,0,2025,7,20,6,201,29,3,1,0,0,-0.7818314824680299,0.6234898018587334,-0.3131070409358267,-0.9497178427914317,-0.3546048870425356,-0.9350162426854148,-0.4999999999999997,-0.8660254037844388,0.0,0.0,0.0,0.0,0.0,0.0,0.0,0.0,0.0,0.0,0.0,0.0,0.0,0.0,0.2857142857142857,0.6112498455021275,4.0,2.0,0.2857142857142857,0.5998236072282898,8.0,2.0,0.35714285714285715,0.672270817415165,20.0,2.0,0.4166666666666667,0.7315330219812342,35.0,3.0,0.0,0.0,0.0,819,0.36752136752136755,0.07448107448107448,0.38217338217338215,0.32722832722832723,0.09523809523809523,0.2600732600732601,48.207196029776675,6.882783882783883
2025-07-21,0,0,0,0,0,0,0,0,0,0,0,0,2025,7,21,0,202,30,3,0,1,0,0.0,1.0,-0.3294084822245302,-0.9441875088341994,-0.46472317204376806,-0.8854560256532101,-0.4999999999999997,-0.8660254037844388,0.0,0.0,0.0,0.0,1.0,0.0,0.0,0.0,0.0,0.0,0.0,0.0,0.0,0.0,0.21428571428571427,0.5789342235218404,3.0,2.0,0.2857142857142857,0.5998236072282898,8.0,2.0,0.35714285714285715,0.672270817415165,20.0,2.0,0.4166666666666667,0.7315330219812342,35.0,3.0,0.0,0.0,0.0,819,0.36752136752136755,0.07448107448107448,0.38217338217338215,0.32722832722832723,0.09523809523809523,0.2600732600732601,48.207196029776675,6.882783882783883
2025-07-22,0,0,0,0,0,0,0,0,0,0,0,0,2025,7,22,1,203,30,3,0,0,0,0.7818314824680298,0.6234898018587336,-0.3456123126707333,-0.9383773917408642,-0.46472317204376806,-0.8854560256532101,-0.4999999999999997,-0.8660254037844388,0.0,0.0,0.0,0.0,2.0,0.0,0.0,0.0,0.0,0.0,0.0,0.0,0.0,0.0,0.07142857142857142,0.2672612419124261,1.0,1.0,0.2857142857142857,0.5998236072282898,8.0,2.0,0.35714285714285715,0.672270817415165,20.0,2.0,0.4166666666666667,0.7315330219812342,35.0,3.0,0.0,0.0,0.0,819,0.36752136752136755,0.07448107448107448,0.38217338217338215,0.32722832722832723,0.09523809523809523,0.2600732600732601,48.207196029776675,6.882783882783883
2025-07-23,0,0,0,0,0,0,0,0,0,0,0,0,2025,7,23,2,204,30,3,0,0,0,0.9749279121818236,-0.22252093395631434,-0.3617137307297674,-0.9322892131745134,-0.46472317204376806,-0.8854560256532101,-0.4999999999999997,-0.8660254037844388,0.0,0.0,0.0,0.0,1.0,2.0,0.0,0.0,0.0,0.0,0.0,0.0,0.0,0.0,0.0,0.0,0.0,0.0,0.21428571428571427,0.49867549436206154,6.0,2.0,0.3392857142857143,0.6681531047810626,19.0,2.0,0.40476190476190477,0.730061024335747,34.0,3.0,0.0,0.0,-2.0,819,0.36752136752136755,0.07448107448107448,0.38217338217338215,0.32722832722832723,0.09523809523809523,0.2600732600732601,48.207196029776675,6.882783882783883
2025-07-24,1,1,0,0,0,0,0,0,2,0,0,0,2025,7,24,3,205,30,3,0,0,0,0.43388373911755823,-0.900968867902419,-0.37770796520396466,-0.9259247771938499,-0.46472317204376806,-0.8854560256532101,-0.4999999999999997,-0.8660254037844388,0.0,0.0,0.0,0.0,0.0,0.0,0.3333333333333333,0.5773502691896283,1.0,1.0,0.14285714285714285,0.37796447300922537,1.0,1.0,0.07142857142857142,0.2672612419124261,1.0,1.0,0.25,0.5181877251715987,7.0,2.0,0.3392857142857143,0.6681531047810626,19.0,2.0,0.4166666666666667,0.7315330219812342,35.0,3.0,1.0,1.0,1.0,819,0.36752136752136755,0.07448107448107448,0.38217338217338215,0.32722832722832723,0.09523809523809523,0.2600732600732601,48.207196029776675,6.882783882783883
2025-07-25,0,0,0,0,0,0,0,0,0,0,0,0,2025,7,25,4,206,30,3,0,0,1,-0.433883739117558,-0.9009688679024191,-0.39359027665646645,-0.9192859697186105,-0.46472317204376806,-0.8854560256532101,-0.4999999999999997,-0.8660254037844388,1.0,0.0,0.0,0.0,0.0,0.0,0.3333333333333333,0.5773502691896283,1.0,1.0,0.14285714285714285,0.37796447300922537,1.0,1.0,0.07142857142857142,0.2672612419124261,1.0,1.0,0.25,0.5181877251715987,7.0,2.0,0.3392857142857143,0.6681531047810626,19.0,2.0,0.4166666666666667,0.7315330219812342,35.0,3.0,-1.0,0.0,0.0,819,0.36752136752136755,0.07448107448107448,0.38217338217338215,0.32722832722832723,0.09523809523809523,0.2600732600732601,48.207196029776675,6.882783882783883
2025-07-26,0,0,0,0,0,0,0,0,0,0,0,0,2025,7,26,5,207,30,3,1,0,0,-0.9749279121818236,-0.2225209339563146,-0.4093559588156211,-0.9123747579707274,-0.46472317204376806,-0.8854560256532101,-0.4999999999999997,-0.8660254037844388,0.0,1.0,0.0,0.0,0.0,1.0,0.3333333333333333,0.5773502691896283,1.0,1.0,0.14285714285714285,0.37796447300922537,1.0,1.0,0.07142857142857142,0.2672612419124261,1.0,1.0,0.21428571428571427,0.49867549436206154,6.0,2.0,0.32142857142857145,0.6635207157728706,18.0,2.0,0.39285714285714285,0.7116560889815461,33.0,3.0,0.0,0.0,-1.0,819,0.36752136752136755,0.07448107448107448,0.38217338217338215,0.32722832722832723,0.09523809523809523,0.2600732600732601,48.207196029776675,6.882783882783883
2025-07-27,0,0,0,0,0,0,0,0,0,0,0,0,2025,7,27,6,208,30,3,1,0,0,-0.7818314824680299,0.6234898018587334,-0.42500033996955394,-0.9051931898913975,-0.46472317204376806,-0.8854560256532101,-0.4999999999999997,-0.8660254037844388,0.0,0.0,1.0,0.0,0.0,0.0,0.0,0.0,0.0,0.0,0.14285714285714285,0.37796447300922537,1.0,1.0,0.07142857142857142,0.2672612419124261,1.0,1.0,0.21428571428571427,0.49867549436206154,6.0,2.0,0.32142857142857145,0.6635207157728706,18.0,2.0,0.39285714285714285,0.7116560889815461,33.0,3.0,0.0,0.0,0.0,819,0.36752136752136755,0.07448107448107448,0.38217338217338215,0.32722832722832723,0.09523809523809523,0.2600732600732601,48.207196029776675,6.882783882783883
2025-07-28,0,0,0,0,0,0,0,0,0,0,0,0,2025,7,28,0,209,31,3,0,1,0,0.0,1.0,-0.4405187843504952,-0.8977433935342336,-0.5680647467311556,-0.8229838658936566,-0.4999999999999997,-0.8660254037844388,0.0,0.0,0.0,0.0,0.0,0.0,0.0,0.0,0.0,0.0,0.14285714285714285,0.37796447300922537,1.0,1.0,0.07142857142857142,0.2672612419124261,1.0,1.0,0.21428571428571427,0.49867549436206154,6.0,2.0,0.32142857142857145,0.6635207157728706,18.0,2.0,0.36904761904761907,0.6903772655508321,31.0,3.0,0.0,0.0,0.0,819,0.36752136752136755,0.07448107448107448,0.38217338217338215,0.32722832722832723,0.09523809523809523,0.2600732600732601,48.207196029776675,6.882783882783883
2025-07-29,0,0,0,0,0,0,0,0,0,0,0,0,2025,7,29,1,210,31,3,0,0,0,0.7818314824680298,0.6234898018587336,-0.455906693508459,-0.8900275764346766,-0.5680647467311556,-0.8229838658936566,-0.4999999999999997,-0.8660254037844388,0.0,0.0,0.0,0.0,0.0,1.0,0.0,0.0,0.0,0.0,0.14285714285714285,0.37796447300922537,1.0,1.0,0.07142857142857142,0.2672612419124261,1.0,1.0,0.17857142857142858,0.4755948656056686,5.0,2.0,0.32142857142857145,0.6635207157728706,18.0,2.0,0.36904761904761907,0.6903772655508321,31.0,3.0,0.0,0.0,-1.0,819,0.36752136752136755,0.07448107448107448,0.38217338217338215,0.32722832722832723,0.09523809523809523,0.2600732600732601,48.207196029776675,6.882783882783883
2025-07-30,0,0,0,0,0,0,0,0,0,0,0,0,2025,7,30,2,211,31,3,0,0,0,0.9749279121818236,-0.22252093395631434,-0.47115950767386394,-0.8820480249558535,-0.5680647467311556,-0.8229838658936566,-0.4999999999999997,-0.8660254037844388,0.0,0.0,0.0,0.0,0.0,0.0,0.0,0.0,0.0,0.0,0.14285714285714285,0.37796447300922537,1.0,1.0,0.07142857142857142,0.2672612419124261,1.0,1.0,0.17857142857142858,0.4755948656056686,5.0,2.0,0.32142857142857145,0.6635207157728706,18.0,2.0,0.36904761904761907,0.6903772655508321,31.0,3.0,0.0,0.0,0.0,819,0.36752136752136755,0.07448107448107448,0.38217338217338215,0.32722832722832723,0.09523809523809523,0.2600732600732601,48.207196029776675,6.882783882783883
2025-07-31,0,0,0,0,0,0,0,0,0,0,0,0,2025,7,31,3,212,31,3,0,0,0,0.43388373911755823,-0.900968867902419,-0.4862727071086902,-0.8738071036110807,-0.5680647467311556,-0.8229838658936566,-0.4999999999999997,-0.8660254037844388,0.0,0.0,0.0,1.0,0.0,0.0,0.0,0.0,0.0,0.0,0.0,0.0,0.0,0.0,0.07142857142857142,0.2672612419124261,1.0,1.0,0.17857142857142858,0.4755948656056686,5.0,2.0,0.32142857142857145,0.6635207157728706,18.0,2.0,0.36904761904761907,0.6903772655508321,31.0,3.0,0.0,-1.0,0.0,819,0.36752136752136755,0.07448107448107448,0.38217338217338215,0.32722832722832723,0.09523809523809523,0.2600732600732601,48.207196029776675,6.882783882783883
2025-08-01,0,0,0,0,0,0,0,0,0,0,0,0,2025,8,1,4,213,31,3,0,0,1,-0.433883739117558,-0.9009688679024191,-0.5012418134457756,-0.8653072543632061,-0.5680647467311556,-0.8229838658936566,-0.8660254037844385,-0.5000000000000004,0.0,0.0,0.0,0.0,0.0,0.0,0.0,0.0,0.0,0.0,0.0,0.0,0.0,0.0,0.07142857142857142,0.2672612419124261,1.0,1.0,0.17857142857142858,0.4755948656056686,5.0,2.0,0.32142857142857145,0.6635207157728706,18.0,2.0,0.35714285714285715,0.6879839088699882,30.0,3.0,0.0,0.0,0.0,819,0.36752136752136755,0.07448107448107448,0.38217338217338215,0.32722832722832723,0.09523809523809523,0.2600732600732601,48.207196029776675,6.882783882783883
2025-08-02,1,0,0,0,0,0,0,0,2,0,0,0,2025,8,2,5,214,31,3,1,0,0,-0.9749279121818236,-0.2225209339563146,-0.5160623910158526,-0.8565509959010037,-0.5680647467311556,-0.8229838658936566,-0.8660254037844385,-0.5000000000000004,0.0,0.0,0.0,0.0,0.0,0.0,0.3333333333333333,0.5773502691896283,1.0,1.0,0.14285714285714285,0.37796447300922537,1.0,1.0,0.14285714285714285,0.3631365196012828,2.0,1.0,0.21428571428571427,0.49867549436206154,6.0,2.0,0.30357142857142855,0.6301411921767409,17.0,2.0,0.3333333333333333,0.6273550009275096,28.0,2.0,1.0,1.0,1.0,819,0.36752136752136755,0.07448107448107448,0.38217338217338215,0.32722832722832723,0.09523809523809523,0.2600732600732601,48.207196029776675,6.882783882783883
2025-08-03,0,0,0,0,0,0,0,0,0,0,0,0,2025,8,3,6,215,31,3,1,0,0,-0.7818314824680299,0.6234898018587334,-0.5307300481619331,-0.8475409228928312,-0.5680647467311556,-0.8229838658936566,-0.8660254037844385,-0.5000000000000004,1.0,0.0,0.0,0.0,0.0,0.0,0.3333333333333333,0.5773502691896283,1.0,1.0,0.14285714285714285,0.37796447300922537,1.0,1.0,0.14285714285714285,0.3631365196012828,2.0,1.0,0.21428571428571427,0.49867549436206154,6.0,2.0,0.30357142857142855,0.6301411921767409,17.0,2.0,0.30952380952380953,0.6007262768243461,26.0,2.0,-1.0,0.0,0.0,819,0.36752136752136755,0.07448107448107448,0.38217338217338215,0.32722832722832723,0.09523809523809523,0.2600732600732601,48.207196029776675,6.882783882783883
2025-08-04,1,0,0,0,0,0,0,0,2,0,0,0,2025,8,4,0,216,32,3,0,1,0,0.0,1.0,-0.5452404385406507,-0.8382797052177745,-0.663122658240795,-0.7485107481711013,-0.8660254037844385,-0.5000000000000004,0.0,1.0,0.0,0.0,0.0,1.0,0.6666666666666666,0.5773502691896288,2.0,1.0,0.2857142857142857,0.48795003647426494,2.0,1.0,0.21428571428571427,0.42581531362632125,3.0,1.0,0.21428571428571427,0.49867549436206154,6.0,2.0,0.32142857142857145,0.6355282085762254,18.0,2.0,0.32142857142857145,0.6044157646217017,27.0,2.0,1.0,1.0,0.0,819,0.36752136752136755,0.07448107448107448,0.38217338217338215,0.32722832722832723,0.09523809523809523,0.2600732600732601,48.207196029776675,6.882783882783883
2025-08-05,0,0,0,0,0,0,0,0,0,0,0,0,2025,8,5,1,217,32,3,0,0,0,0.7818314824680298,0.6234898018587336,-0.5595892624101763,-0.828770087174504,-0.663122658240795,-0.7485107481711013,-0.8660254037844385,-0.5000000000000004,1.0,0.0,1.0,0.0,0.0,2.0,0.3333333333333333,0.5773502691896283,1.0,1.0,0.2857142857142857,0.48795003647426494,2.0,1.0,0.21428571428571427,0.42581531362632125,3.0,1.0,0.14285714285714285,0.35634832254989607,4.0,1.0,0.32142857142857145,0.6355282085762254,18.0,2.0,0.32142857142857145,0.6044157646217017,27.0,2.0,-1.0,0.0,-2.0,819,0.36752136752136755,0.07448107448107448,0.38217338217338215,0.32722832722832723,0.09523809523809523,0.2600732600732601,48.207196029776675,6.882783882783883
2025-08-06,3,0,0,0,0,0,0,0,6,0,0,0,2025,8,6,2,218,32,3,0,0,0,0.9749279121818236,-0.22252093395631434,-0.5737722679043243,-0.8190148866680802,-0.663122658240795,-0.7485107481711013,-0.8660254037844385,-0.5000000000000004,0.0,1.0,0.0,0.0,0.0,1.0,1.3333333333333333,1.527525231651948,4.0,3.0,0.7142857142857143,1.1126972805283726,5.0,3.0,0.42857142857142855,0.8516306272526408,6.0,3.0,0.21428571428571427,0.6299407883487103,6.0,3.0,0.375,0.727698738864825,21.0,3.0,0.34523809523809523,0.6675625076828376,29.0,3.0,3.0,3.0,2.0,819,0.36752136752136755,0.07448107448107448,0.38217338217338215,0.32722832722832723,0.09523809523809523,0.2600732600732601,48.207196029776675,6.882783882783883
2025-08-07,1,0,0,0,0,2,0,1,2,0,0,0,2025,8,7,3,219,32,3,0,0,0,0.43388373911755823,-0.900968867902419,-0.5877852522924734,-0.8090169943749472,-0.663122658240795,-0.7485107481711013,-0.8660254037844385,-0.5000000000000004,3.0,0.0,1.0,0.0,1.0,0.0,1.3333333333333333,1.527525231651948,4.0,3.0,0.8571428571428571,1.0690449676496965,6.0,3.0,0.42857142857142855,0.8516306272526408,6.0,3.0,0.25,0.6454972243679011,7.0,3.0,0.39285714285714285,0.730593069886538,22.0,3.0,0.35714285714285715,0.6702428465279279,30.0,3.0,-2.0,1.0,1.0,819,0.36752136752136755,0.07448107448107448,0.38217338217338215,0.32722832722832723,0.09523809523809523,0.2600732600732601,48.207196029776675,6.882783882783883
2025-08-08,0,0,0,0,0,0,0,0,0,0,0,0,2025,8,8,4,220,32,3,0,0,1,-0.433883739117558,-0.9009688679024191,-0.6016240632249227,-0.7987793728863648,-0.663122658240795,-0.7485107481711013,-0.8660254037844385,-0.5000000000000004,1.0,3.0,0.0,0.0,0.0,0.0,1.3333333333333333,1.527525231651948,4.0,3.0,0.8571428571428571,1.0690449676496965,6.0,3.0,0.42857142857142855,0.8516306272526408,6.0,3.0,0.25,0.6454972243679011,7.0,3.0,0.39285714285714285,0.730593069886538,22.0,3.0,0.34523809523809523,0.6675625076828376,29.0,3.0,-1.0,0.0,0.0,819,0.36752136752136755,0.07448107448107448,0.38217338217338215,0.32722832722832723,0.09523809523809523,0.2600732600732601,48.207196029776675,6.882783882783883
2025-08-09,0,0,0,0,0,0,0,0,0,0,0,0,2025,8,9,5,221,32,3,1,0,0,-0.9749279121818236,-0.2225209339563146,-0.6152845999633277,-0.7883050558305253,-0.663122658240795,-0.7485107481711013,-0.8660254037844385,-0.5000000000000004,0.0,1.0,3.0,1.0,0.0,0.0,0.3333333333333333,0.5773502691896282,1.0,1.0,0.7142857142857143,1.1126972805283726,5.0,3.0,0.42857142857142855,0.8516306272526408,6.0,3.0,0.25,0.6454972243679011,7.0,3.0,0.375,0.727698738864825,21.0,3.0,0.34523809523809523,0.6675625076828376,29.0,3.0,0.0,-1.0,0.0,819,0.36752136752136755,0.07448107448107448,0.38217338217338215,0.32722832722832723,0.09523809523809523,0.2600732600732601,48.207196029776675,6.882783882783883
2025-08-10,0,0,0,0,0,0,0,0,0,0,0,0,2025,8,10,6,222,32,3,1,0,0,-0.7818314824680299,0.6234898018587334,-0.6287628145958345,-0.7775971469736268,-0.663122658240795,-0.7485107481711013,-0.8660254037844385,-0.5000000000000004,0.0,0.0,1.0,0.0,0.0,0.0,0.0,0.0,0.0,0.0,0.7142857142857143,1.1126972805283726,5.0,3.0,0.42857142857142855,0.8516306272526408,6.0,3.0,0.25,0.6454972243679011,7.0,3.0,0.3392857142857143,0.6948325034079869,19.0,3.0,0.34523809523809523,0.6675625076828376,29.0,3.0,0.0,0.0,0.0,819,0.36752136752136755,0.07448107448107448,0.38217338217338215,0.32722832722832723,0.09523809523809523,0.2600732600732601,48.207196029776675,6.882783882783883
2025-08-11,0,0,0,0,0,0,0,0,0,0,0,0,2025,8,11,0,223,33,3,0,1,0,0.0,1.0,-0.6420547132365636,-0.7666588193001592,-0.7485107481711011,-0.6631226582407952,-0.8660254037844385,-0.5000000000000004,0.0,0.0,0.0,1.0,0.0,0.0,0.0,0.0,0.0,0.0,0.5714285714285714,1.1338934190276808,4.0,3.0,0.42857142857142855,0.8516306272526408,6.0,3.0,0.25,0.6454972243679011,7.0,3.0,0.30357142857142855,0.6583627863431838,17.0,3.0,0.3333333333333333,0.6646556012500707,28.0,3.0,0.0,-1.0,0.0,819,0.36752136752136755,0.07448107448107448,0.38217338217338215,0.32722832722832723,0.09523809523809523,0.2600732600732601,48.207196029776675,6.882783882783883
2025-08-12,0,0,0,0,0,0,0,0,0,0,0,0,2025,8,12,1,224,33,3,0,0,0,0.7818314824680298,0.6234898018587336,-0.655156357209085,-0.7554933140726804,-0.7485107481711011,-0.6631226582407952,-0.8660254037844385,-0.5000000000000004,0.0,0.0,0.0,0.0,0.0,0.0,0.0,0.0,0.0,0.0,0.5714285714285714,1.1338934190276808,4.0,3.0,0.42857142857142855,0.8516306272526408,6.0,3.0,0.25,0.6454972243679011,7.0,3.0,0.30357142857142855,0.6583627863431838,17.0,3.0,0.3333333333333333,0.6646556012500707,28.0,3.0,0.0,0.0,0.0,819,0.36752136752136755,0.07448107448107448,0.38217338217338215,0.32722832722832723,0.09523809523809523,0.2600732600732601,48.207196029776675,6.882783882783883
2025-08-13,0,0,0,0,0,0,0,0,0,0,0,0,2025,8,13,2,225,33,3,0,0,0,0.9749279121818236,-0.22252093395631434,-0.6680638642135333,-0.7441039398713608,-0.7485107481711011,-0.6631226582407952,-0.8660254037844385,-0.5000000000000004,0.0,0.0,0.0,3.0,0.0,0.0,0.0,0.0,0.0,0.0,0.14285714285714285,0.37796447300922503,1.0,1.0,0.42857142857142855,0.8516306272526408,6.0,3.0,0.25,0.6454972243679011,7.0,3.0,0.30357142857142855,0.6583627863431838,17.0,3.0,0.32142857142857145,0.6615191404258401,27.0,3.0,0.0,-3.0,0.0,819,0.36752136752136755,0.07448107448107448,0.38217338217338215,0.32722832722832723,0.09523809523809523,0.2600732600732601,48.207196029776675,6.882783882783883
2025-08-14,0,0,0,0,0,0,0,0,0,0,0,0,2025,8,14,3,226,33,3,0,0,0,0.43388373911755823,-0.900968867902419,-0.6807734094770159,-0.7324940716135792,-0.7485107481711011,-0.6631226582407952,-0.8660254037844385,-0.5000000000000004,0.0,0.0,0.0,1.0,0.0,0.0,0.0,0.0,0.0,0.0,0.0,0.0,0.0,0.0,0.42857142857142855,0.8516306272526408,6.0,3.0,0.25,0.6454972243679011,7.0,3.0,0.30357142857142855,0.6583627863431838,17.0,3.0,0.32142857142857145,0.6615191404258401,27.0,3.0,0.0,-1.0,0.0,819,0.36752136752136755,0.07448107448107448,0.38217338217338215,0.32722832722832723,0.09523809523809523,0.2600732600732601,48.207196029776675,6.882783882783883
2025-08-15,0,0,0,0,0,0,0,0,0,0,0,0,2025,8,15,4,227,33,3,0,0,1,-0.433883739117558,-0.9009688679024191,-0.6932812268869771,-0.7206671495538615,-0.7485107481711011,-0.6631226582407952,-0.8660254037844385,-0.5000000000000004,0.0,0.0,0.0,0.0,0.0,0.0,0.0,0.0,0.0,0.0,0.0,0.0,0.0,0.0,0.42857142857142855,0.8516306272526408,6.0,3.0,0.25,0.6454972243679011,7.0,3.0,0.30357142857142855,0.6583627863431838,17.0,3.0,0.32142857142857145,0.6615191404258401,27.0,3.0,0.0,0.0,0.0,819,0.36752136752136755,0.07448107448107448,0.38217338217338215,0.32722832722832723,0.09523809523809523,0.2600732600732601,48.207196029776675,6.882783882783883
2025-08-16,2,1,0,1,0,0,0,0,4,0,0,1,2025,8,16,5,228,33,3,1,0,0,-0.9749279121818236,-0.2225209339563146,-0.7055836101071774,-0.70862667826446,-0.7485107481711011,-0.6631226582407952,-0.8660254037844385,-0.5000000000000004,0.0,0.0,0.0,0.0,1.0,0.0,0.6666666666666666,1.154700538379253,2.0,2.0,0.2857142857142857,0.7559289460184533,2.0,2.0,0.5,0.940539943125961,7.0,3.0,0.32142857142857145,0.7228324650199176,9.0,3.0,0.30357142857142855,0.6583627863431838,17.0,3.0,0.34523809523809523,0.6853729548253035,29.0,3.0,2.0,2.0,2.0,819,0.36752136752136755,0.07448107448107448,0.38217338217338215,0.32722832722832723,0.09523809523809523,0.2600732600732601,48.207196029776675,6.882783882783883
2025-08-17,0,0,0,0,0,0,0,0,0,0,0,0,2025,8,17,6,229,33,3,1,0,0,-0.7818314824680299,0.6234898018587334,-0.7176769136759615,-0.6963762255968726,-0.7485107481711011,-0.6631226582407952,-0.8660254037844385,-0.5000000000000004,2.0,0.0,0.0,0.0,0.0,0.0,0.6666666666666666,1.154700538379253,2.0,2.0,0.2857142857142857,0.7559289460184533,2.0,2.0,0.5,0.940539943125961,7.0,3.0,0.32142857142857145,0.7228324650199176,9.0,3.0,0.30357142857142855,0.6583627863431838,17.0,3.0,0.34523809523809523,0.6853729548253035,29.0,3.0,-2.0,0.0,0.0,819,0.36752136752136755,0.07448107448107448,0.38217338217338215,0.32722832722832723,0.09523809523809523,0.2600732600732601,48.207196029776675,6.882783882783883
2025-08-18,1,1,0,1,0,1,0,1,2,0,0,0,2025,8,18,0,230,34,3,0,1,0,0.0,1.0,-0.7295575540864876,-0.6839194216246105,-0.8229838658936564,-0.5680647467311559,-0.8660254037844385,-0.5000000000000004,0.0,2.0,0.0,0.0,1.0,0.0,1.0,1.000000000000002,3.0,2.0,0.42857142857142855,0.786795792469442,3.0,2.0,0.5,0.940539943125961,7.0,3.0,0.35714285714285715,0.7310208850583766,10.0,3.0,0.32142857142857145,0.6635207157728706,18.0,3.0,0.35714285714285715,0.6879839088699883,30.0,3.0,1.0,1.0,1.0,819,0.36752136752136755,0.07448107448107448,0.38217338217338215,0.32722832722832723,0.09523809523809523,0.2600732600732601,48.207196029776675,6.882783882783883
2025-08-19,0,0,0,0,0,0,0,0,0,0,0,0,2025,8,19,1,231,34,3,0,0,0,0.7818314824680298,0.6234898018587336,-0.7412220108485957,-0.6712599575675315,-0.8229838658936564,-0.5680647467311559,-0.8660254037844385,-0.5000000000000004,1.0,0.0,2.0,0.0,0.0,0.0,0.3333333333333333,0.577350269189628,1.0,1.0,0.42857142857142855,0.786795792469442,3.0,2.0,0.5,0.940539943125961,7.0,3.0,0.35714285714285715,0.7310208850583766,10.0,3.0,0.32142857142857145,0.6635207157728706,18.0,3.0,0.35714285714285715,0.6879839088699883,30.0,3.0,-1.0,0.0,0.0,819,0.36752136752136755,0.07448107448107448,0.38217338217338215,0.32722832722832723,0.09523809523809523,0.2600732600732601,48.207196029776675,6.882783882783883
2025-08-20,1,1,0,0,0,0,0,0,2,0,0,0,2025,8,20,2,232,34,3,0,0,0,0.9749279121818236,-0.22252093395631434,-0.7526668275320083,-0.6584015846980489,-0.8229838658936564,-0.5680647467311559,-0.8660254037844385,-0.5000000000000004,0.0,1.0,0.0,0.0,3.0,0.0,0.6666666666666666,0.5773502691896286,2.0,1.0,0.5714285714285714,0.7867957924694419,4.0,2.0,0.35714285714285715,0.6333236937766519,5.0,2.0,0.39285714285714285,0.7373267889143805,11.0,3.0,0.30357142857142855,0.6301411921767409,17.0,3.0,0.35714285714285715,0.6879839088699883,30.0,3.0,1.0,1.0,1.0,819,0.36752136752136755,0.07448107448107448,0.38217338217338215,0.32722832722832723,0.09523809523809523,0.2600732600732601,48.207196029776675,6.882783882783883
2025-08-21,0,0,0,0,0,0,0,0,0,0,0,0,2025,8,21,3,233,34,3,0,0,0,0.43388373911755823,-0.900968867902419,-0.7638886127905429,-0.64534811322955,-0.8229838658936564,-0.5680647467311559,-0.8660254037844385,-0.5000000000000004,1.0,0.0,1.0,0.0,1.0,1.0,0.3333333333333333,0.577350269189628,1.0,1.0,0.5714285714285714,0.7867957924694419,4.0,2.0,0.2857142857142857,0.6112498455021275,4.0,2.0,0.35714285714285715,0.7310208850583766,10.0,3.0,0.30357142857142855,0.6301411921767409,17.0,3.0,0.34523809523809523,0.6853729548253035,29.0,3.0,-1.0,0.0,-1.0,819,0.36752136752136755,0.07448107448107448,0.38217338217338215,0.32722832722832723,0.09523809523809523,0.2600732600732601,48.207196029776675,6.882783882783883
2025-08-22,0,0,0,0,0,0,0,0,0,0,0,0,2025,8,22,4,234,34,3,0,0,1,-0.433883739117558,-0.9009688679024191,-0.7748840413670406,-0.6321034111873488,-0.8229838658936564,-0.5680647467311559,-0.8660254037844385,-0.5000000000000004,0.0,1.0,0.0,0.0,0.0,0.0,0.3333333333333333,0.577350269189628,1.0,1.0,0.5714285714285714,0.7867957924694419,4.0,2.0,0.2857142857142857,0.6112498455021275,4.0,2.0,0.35714285714285715,0.7310208850583766,10.0,3.0,0.30357142857142855,0.6301411921767409,17.0,3.0,0.34523809523809523,0.6853729548253035,29.0,3.0,0.0,0.0,0.0,819,0.36752136752136755,0.07448107448107448,0.38217338217338215,0.32722832722832723,0.09523809523809523,0.2600732600732601,48.207196029776675,6.882783882783883
2025-08-23,0,0,0,0,0,0,0,0,0,0,0,0,2025,8,23,5,235,34,3,1,0,0,-0.9749279121818236,-0.2225209339563146,-0.7856498550787144,-0.6186714032625032,-0.8229838658936564,-0.5680647467311559,-0.8660254037844385,-0.5000000000000004,0.0,0.0,1.0,2.0,0.0,0.0,0.0,0.0,0.0,0.0,0.2857142857142857,0.48795003647426477,2.0,1.0,0.2857142857142857,0.6112498455021275,4.0,2.0,0.35714285714285715,0.7310208850583766,10.0,3.0,0.2857142857142857,0.6241877839323611,16.0,3.0,0.3333333333333333,0.6825419062704222,28.0,3.0,0.0,-2.0,0.0,819,0.36752136752136755,0.07448107448107448,0.38217338217338215,0.32722832722832723,0.09523809523809523,0.2600732600732601,48.207196029776675,6.882783882783883
2025-08-24,0,0,0,0,0,0,0,0,0,0,0,0,2025,8,24,6,236,34,3,1,0,0,-0.7818314824680299,0.6234898018587334,-0.7961828637826154,-0.6050560696488494,-0.8229838658936564,-0.5680647467311559,-0.8660254037844385,-0.5000000000000004,0.0,0.0,0.0,0.0,0.0,0.0,0.0,0.0,0.0,0.0,0.2857142857142857,0.48795003647426477,2.0,1.0,0.2857142857142857,0.6112498455021275,4.0,2.0,0.35714285714285715,0.7310208850583766,10.0,3.0,0.2857142857142857,0.6241877839323611,16.0,3.0,0.3333333333333333,0.6825419062704222,28.0,3.0,0.0,0.0,0.0,819,0.36752136752136755,0.07448107448107448,0.38217338217338215,0.32722832722832723,0.09523809523809523,0.2600732600732601,48.207196029776675,6.882783882783883
2025-08-25,0,0,0,0,0,0,0,0,0,0,0,0,2025,8,25,0,237,35,3,0,1,0,0.0,1.0,-0.8064799463209447,-0.5912614448635782,-0.8854560256532096,-0.4647231720437691,-0.8660254037844385,-0.5000000000000004,0.0,0.0,0.0,1.0,0.0,0.0,0.0,0.0,0.0,0.0,0.14285714285714285,0.37796447300922503,1.0,1.0,0.2857142857142857,0.6112498455021275,4.0,2.0,0.35714285714285715,0.7310208850583766,10.0,3.0,0.2857142857142857,0.6241877839323611,16.0,3.0,0.3333333333333333,0.6825419062704222,28.0,3.0,0.0,-1.0,0.0,819,0.36752136752136755,0.07448107448107448,0.38217338217338215,0.32722832722832723,0.09523809523809523,0.2600732600732601,48.207196029776675,6.882783882783883
2025-08-26,0,0,0,0,0,0,0,0,0,0,0,0,2025,8,26,1,238,35,3,0,0,0,0.7818314824680298,0.6234898018587336,-0.8165380514459157,-0.5772916165517278,-0.8854560256532096,-0.4647231720437691,-0.8660254037844385,-0.5000000000000004,0.0,0.0,0.0,0.0,0.0,0.0,0.0,0.0,0.0,0.0,0.14285714285714285,0.37796447300922503,1.0,1.0,0.2857142857142857,0.6112498455021275,4.0,2.0,0.35714285714285715,0.7310208850583766,10.0,3.0,0.26785714285714285,0.6176516060802472,15.0,3.0,0.3333333333333333,0.6825419062704222,28.0,3.0,0.0,0.0,0.0,819,0.36752136752136755,0.07448107448107448,0.38217338217338215,0.32722832722832723,0.09523809523809523,0.2600732600732601,48.207196029776675,6.882783882783883
2025-08-27,0,0,0,0,0,0,0,0,0,0,0,0,2025,8,27,2,239,35,3,0,0,0,0.9749279121818236,-0.22252093395631434,-0.8263541987239094,-0.5631507242749187,-0.8854560256532096,-0.4647231720437691,-0.8660254037844385,-0.5000000000000004,0.0,0.0,0.0,1.0,0.0,0.0,0.0,0.0,0.0,0.0,0.0,0.0,0.0,0.0,0.2857142857142857,0.6112498455021275,4.0,2.0,0.35714285714285715,0.7310208850583766,10.0,3.0,0.26785714285714285,0.6176516060802472,15.0,3.0,0.3333333333333333,0.6825419062704222,28.0,3.0,0.0,-1.0,0.0,819,0.36752136752136755,0.07448107448107448,0.38217338217338215,0.32722832722832723,0.09523809523809523,0.2600732600732601,48.207196029776675,6.882783882783883
2025-08-28,0,0,0,0,0,0,0,0,0,0,0,0,2025,8,28,3,240,35,3,0,0,0,0.43388373911755823,-0.900968867902419,-0.8359254794186365,-0.5488429582847199,-0.8854560256532096,-0.4647231720437691,-0.8660254037844385,-0.5000000000000004,0.0,0.0,0.0,0.0,0.0,0.0,0.0,0.0,0.0,0.0,0.0,0.0,0.0,0.0,0.2857142857142857,0.6112498455021275,4.0,2.0,0.35714285714285715,0.7310208850583766,10.0,3.0,0.26785714285714285,0.6176516060802472,15.0,3.0,0.3333333333333333,0.6825419062704222,28.0,3.0,0.0,0.0,0.0,819,0.36752136752136755,0.07448107448107448,0.38217338217338215,0.32722832722832723,0.09523809523809523,0.2600732600732601,48.207196029776675,6.882783882783883
2025-08-29,0,0,0,0,0,0,0,0,0,0,0,0,2025,8,29,4,241,35,3,0,0,1,-0.433883739117558,-0.9009688679024191,-0.8452490573530634,-0.5343725582809785,-0.8854560256532096,-0.4647231720437691,-0.8660254037844385,-0.5000000000000004,0.0,0.0,0.0,0.0,0.0,0.0,0.0,0.0,0.0,0.0,0.0,0.0,0.0,0.0,0.2857142857142857,0.6112498455021275,4.0,2.0,0.35714285714285715,0.7310208850583766,10.0,3.0,0.26785714285714285,0.6176516060802472,15.0,3.0,0.3333333333333333,0.6825419062704222,28.0,3.0,0.0,0.0,0.0,819,0.36752136752136755,0.07448107448107448,0.38217338217338215,0.32722832722832723,0.09523809523809523,0.2600732600732601,48.207196029776675,6.882783882783883
2025-08-30,0,0,0,0,0,0,0,0,0,0,0,0,2025,8,30,5,242,35,3,1,0,0,-0.9749279121818236,-0.2225209339563146,-0.8543221697498269,-0.5197438121555157,-0.8854560256532096,-0.4647231720437691,-0.8660254037844385,-0.5000000000000004,0.0,0.0,0.0,0.0,2.0,1.0,0.0,0.0,0.0,0.0,0.0,0.0,0.0,0.0,0.14285714285714285,0.3631365196012828,2.0,1.0,0.32142857142857145,0.7228324650199176,9.0,3.0,0.26785714285714285,0.6176516060802472,15.0,3.0,0.30952380952380953,0.6581498433440116,26.0,3.0,0.0,0.0,-1.0,819,0.36752136752136755,0.07448107448107448,0.38217338217338215,0.32722832722832723,0.09523809523809523,0.2600732600732601,48.207196029776675,6.882783882783883
2025-08-31,0,0,0,0,0,0,0,0,0,0,0,0,2025,8,31,6,243,35,3,1,0,0,-0.7818314824680299,0.6234898018587334,-0.8631421280499115,-0.5049610547215202,-0.8854560256532096,-0.4647231720437691,-0.8660254037844385,-0.5000000000000004,0.0,0.0,0.0,0.0,0.0,0.0,0.0,0.0,0.0,0.0,0.0,0.0,0.0,0.0,0.14285714285714285,0.3631365196012828,2.0,1.0,0.32142857142857145,0.7228324650199176,9.0,3.0,0.26785714285714285,0.6176516060802472,15.0,3.0,0.30952380952380953,0.6581498433440116,26.0,3.0,0.0,0.0,0.0,819,0.36752136752136755,0.07448107448107448,0.38217338217338215,0.32722832722832723,0.09523809523809523,0.2600732600732601,48.207196029776675,6.882783882783883
2025-09-01,0,0,0,0,0,0,0,0,0,0,0,0,2025,9,1,0,244,36,3,0,1,0,0.0,1.0,-0.8717063187093217,-0.4900286664290594,-0.9350162426854147,-0.3546048870425359,-1.0,-1.8369701987210297e-16,0.0,0.0,0.0,0.0,1.0,1.0,0.0,0.0,0.0,0.0,0.0,0.0,0.0,0.0,0.07142857142857142,0.26726124191242606,1.0,1.0,0.2857142857142857,0.7126966450997968,8.0,3.0,0.25,0.6105139414683951,14.0,3.0,0.30952380952380953,0.6581498433440116,26.0,3.0,0.0,0.0,-1.0,819,0.36752136752136755,0.07448107448107448,0.38217338217338215,0.32722832722832723,0.09523809523809523,0.2600732600732601,48.207196029776675,6.882783882783883
2025-09-02,0,0,0,0,0,0,0,0,0,0,0,0,2025,9,2,1,245,36,3,0,0,0,0.7818314824680298,0.6234898018587336,-0.8800122039735356,-0.4749510720670502,-0.9350162426854147,-0.3546048870425359,-1.0,-1.8369701987210297e-16,0.0,0.0,0.0,0.0,0.0,0.0,0.0,0.0,0.0,0.0,0.0,0.0,0.0,0.0,0.07142857142857142,0.26726124191242606,1.0,1.0,0.2857142857142857,0.7126966450997968,8.0,3.0,0.21428571428571427,0.5629237220824143,12.0,3.0,0.30952380952380953,0.6581498433440116,26.0,3.0,0.0,0.0,0.0,819,0.36752136752136755,0.07448107448107448,0.38217338217338215,0.32722832722832723,0.09523809523809523,0.2600732600732601,48.207196029776675,6.882783882783883
2025-09-03,2,0,0,0,0,2,0,1,4,0,0,2,2025,9,3,2,246,36,3,0,0,0,0.9749279121818236,-0.22252093395631434,-0.888057322629493,-0.4597327394521046,-0.9350162426854147,-0.3546048870425359,-1.0,-1.8369701987210297e-16,0.0,0.0,0.0,0.0,1.0,3.0,0.6666666666666666,1.154700538379253,2.0,2.0,0.2857142857142857,0.7559289460184533,2.0,2.0,0.14285714285714285,0.5345224838248497,2.0,2.0,0.25,0.5853140973807058,7.0,2.0,0.23214285714285715,0.6027534224802797,13.0,3.0,0.3333333333333333,0.6825419062704222,28.0,3.0,2.0,2.0,-1.0,819,0.36752136752136755,0.07448107448107448,0.38217338217338215,0.32722832722832723,0.09523809523809523,0.2600732600732601,48.207196029776675,6.882783882783883
2025-09-04,0,0,0,0,0,0,0,0,0,0,0,0,2025,9,4,3,247,36,3,0,0,0,0.43388373911755823,-0.900968867902419,-0.8958392907349089,-0.4443781781046134,-0.9350162426854147,-0.3546048870425359,-1.0,-1.8369701987210297e-16,2.0,0.0,0.0,0.0,0.0,1.0,0.6666666666666666,1.154700538379253,2.0,2.0,0.2857142857142857,0.7559289460184533,2.0,2.0,0.14285714285714285,0.5345224838248497,2.0,2.0,0.21428571428571427,0.5681120688308958,6.0,2.0,0.23214285714285715,0.6027534224802797,13.0,3.0,0.3333333333333333,0.6825419062704222,28.0,3.0,-2.0,0.0,-1.0,819,0.36752136752136755,0.07448107448107448,0.38217338217338215,0.32722832722832723,0.09523809523809523,0.2600732600732601,48.207196029776675,6.882783882783883
2025-09-05,0,0,0,0,0,0,0,0,0,0,0,0,2025,9,5,4,248,36,3,0,0,1,-0.433883739117558,-0.9009688679024191,-0.9033558023246842,-0.4288919379124841,-0.9350162426854147,-0.3546048870425359,-1.0,-1.8369701987210297e-16,0.0,2.0,0.0,0.0,0.0,0.0,0.6666666666666666,1.154700538379253,2.0,2.0,0.2857142857142857,0.7559289460184533,2.0,2.0,0.14285714285714285,0.5345224838248497,2.0,2.0,0.21428571428571427,0.5681120688308958,6.0,2.0,0.23214285714285715,0.6027534224802797,13.0,3.0,0.3333333333333333,0.6825419062704222,28.0,3.0,0.0,0.0,0.0,819,0.36752136752136755,0.07448107448107448,0.38217338217338215,0.32722832722832723,0.09523809523809523,0.2600732600732601,48.207196029776675,6.882783882783883
2025-09-06,0,0,0,0,0,0,0,0,0,0,0,0,2025,9,6,5,249,36,3,1,0,0,-0.9749279121818236,-0.2225209339563146,-0.9106046300942162,-0.41327860778290443,-0.9350162426854147,-0.3546048870425359,-1.0,-1.8369701987210297e-16,0.0,0.0,2.0,0.0,0.0,0.0,0.0,0.0,0.0,0.0,0.2857142857142857,0.7559289460184533,2.0,2.0,0.14285714285714285,0.5345224838248497,2.0,2.0,0.21428571428571427,0.5681120688308958,6.0,2.0,0.23214285714285715,0.6027534224802797,13.0,3.0,0.32142857142857145,0.67948801217675,27.0,3.0,0.0,0.0,0.0,819,0.36752136752136755,0.07448107448107448,0.38217338217338215,0.32722832722832723,0.09523809523809523,0.2600732600732601,48.207196029776675,6.882783882783883
2025-09-07,1,1,0,1,0,0,0,0,2,0,0,0,2025,9,7,6,250,36,3,1,0,0,-0.7818314824680299,0.6234898018587334,-0.9175836260593934,-0.3975428142825566,-0.9350162426854147,-0.3546048870425359,-1.0,-1.8369701987210297e-16,0.0,0.0,0.0,0.0,0.0,0.0,0.3333333333333333,0.5773502691896278,1.0,1.0,0.42857142857142855,0.786795792469442,3.0,2.0,0.21428571428571427,0.5789342235218404,3.0,2.0,0.25,0.5853140973807058,7.0,2.0,0.25,0.6105139414683951,14.0,3.0,0.30952380952380953,0.6581498433440117,26.0,3.0,1.0,1.0,1.0,819,0.36752136752136755,0.07448107448107448,0.38217338217338215,0.32722832722832723,0.09523809523809523,0.2600732600732601,48.207196029776675,6.882783882783883
2025-09-08,1,0,0,0,0,0,0,0,2,0,0,0,2025,9,8,0,251,37,3,0,1,0,0.0,1.0,-0.9242907221930934,-0.3816892202666586,-0.970941817426052,-0.23931566428755774,-1.0,-1.8369701987210297e-16,1.0,0.0,0.0,0.0,0.0,0.0,0.6666666666666666,0.5773502691896285,2.0,1.0,0.5714285714285714,0.7867957924694419,4.0,2.0,0.2857142857142857,0.6112498455021275,4.0,2.0,0.2857142857142857,0.5998236072282898,8.0,2.0,0.26785714285714285,0.617651606080247,15.0,3.0,0.2976190476190476,0.6358707511459685,25.0,3.0,0.0,1.0,1.0,819,0.36752136752136755,0.07448107448107448,0.38217338217338215,0.32722832722832723,0.09523809523809523,0.2600732600732601,48.207196029776675,6.882783882783883
2025-09-09,0,0,0,0,0,0,0,0,0,0,0,0,2025,9,9,1,252,37,3,0,0,0,0.7818314824680298,0.6234898018587336,-0.9307239310379793,-0.3657225234972692,-0.970941817426052,-0.23931566428755774,-1.0,-1.8369701987210297e-16,1.0,1.0,0.0,0.0,0.0,0.0,0.6666666666666666,0.5773502691896285,2.0,1.0,0.5714285714285714,0.7867957924694419,4.0,2.0,0.2857142857142857,0.6112498455021275,4.0,2.0,0.2857142857142857,0.5998236072282898,8.0,2.0,0.26785714285714285,0.617651606080247,15.0,3.0,0.2976190476190476,0.6358707511459685,25.0,3.0,-1.0,0.0,0.0,819,0.36752136752136755,0.07448107448107448,0.38217338217338215,0.32722832722832723,0.09523809523809523,0.2600732600732601,48.207196029776675,6.882783882783883
2025-09-10,0,0,0,0,0,0,0,0,0,0,0,0,2025,9,10,2,253,37,3,0,0,0,0.9749279121818236,-0.22252093395631434,-0.9368813462954315,-0.34964745525122826,-0.970941817426052,-0.23931566428755774,-1.0,-1.8369701987210297e-16,0.0,1.0,1.0,2.0,0.0,0.0,0.3333333333333333,0.5773502691896278,1.0,1.0,0.2857142857142857,0.4879500364742648,2.0,1.0,0.2857142857142857,0.6112498455021275,4.0,2.0,0.2857142857142857,0.5998236072282898,8.0,2.0,0.26785714285714285,0.617651606080247,15.0,3.0,0.2976190476190476,0.6358707511459685,25.0,3.0,0.0,-2.0,0.0,819,0.36752136752136755,0.07448107448107448,0.38217338217338215,0.32722832722832723,0.09523809523809523,0.2600732600732601,48.207196029776675,6.882783882783883
2025-09-11,0,0,0,0,0,0,0,0,0,0,0,0,2025,9,11,3,254,37,3,0,0,0,0.43388373911755823,-0.900968867902419,-0.9427611433904206,-0.33346877891818705,-0.970941817426052,-0.23931566428755774,-1.0,-1.8369701987210297e-16,0.0,0.0,1.0,0.0,0.0,0.0,0.0,0.0,0.0,0.0,0.2857142857142857,0.4879500364742648,2.0,1.0,0.2857142857142857,0.6112498455021275,4.0,2.0,0.2857142857142857,0.5998236072282898,8.0,2.0,0.26785714285714285,0.617651606080247,15.0,3.0,0.2976190476190476,0.6358707511459685,25.0,3.0,0.0,0.0,0.0,819,0.36752136752136755,0.07448107448107448,0.38217338217338215,0.32722832722832723,0.09523809523809523,0.2600732600732601,48.207196029776675,6.882783882783883
2025-09-12,1,0,0,1,0,2,0,1,2,0,0,0,2025,9,12,4,255,37,3,0,0,1,-0.433883739117558,-0.9009688679024191,-0.9483615800121716,-0.31719128858910595,-0.970941817426052,-0.23931566428755774,-1.0,-1.8369701987210297e-16,0.0,0.0,0.0,0.0,0.0,0.0,0.3333333333333333,0.5773502691896278,1.0,1.0,0.42857142857142855,0.534522483824847,3.0,1.0,0.35714285714285715,0.6333236937766519,5.0,2.0,0.32142857142857145,0.6118321864193009,9.0,2.0,0.2857142857142857,0.6241877839323611,16.0,3.0,0.30952380952380953,0.639581762366297,26.0,3.0,1.0,1.0,1.0,819,0.36752136752136755,0.07448107448107448,0.38217338217338215,0.32722832722832723,0.09523809523809523,0.2600732600732601,48.207196029776675,6.882783882783883
2025-09-13,0,0,0,0,0,0,0,0,0,0,0,0,2025,9,13,5,256,37,3,1,0,0,-0.9749279121818236,-0.2225209339563146,-0.9536809966304455,-0.300819807635668,-0.970941817426052,-0.23931566428755774,-1.0,-1.8369701987210297e-16,1.0,0.0,0.0,0.0,0.0,2.0,0.3333333333333333,0.5773502691896278,1.0,1.0,0.42857142857142855,0.534522483824847,3.0,1.0,0.35714285714285715,0.6333236937766519,5.0,2.0,0.25,0.5181877251715987,7.0,2.0,0.2857142857142857,0.6241877839323611,16.0,3.0,0.2857142857142857,0.6125480767249901,24.0,3.0,-1.0,0.0,-2.0,819,0.36752136752136755,0.07448107448107448,0.38217338217338215,0.32722832722832723,0.09523809523809523,0.2600732600732601,48.207196029776675,6.882783882783883
2025-09-14,0,0,0,0,0,0,0,0,0,0,0,0,2025,9,14,6,257,37,3,1,0,0,-0.7818314824680299,0.6234898018587334,-0.9587178169872964,-0.2843591872810036,-0.970941817426052,-0.23931566428755774,-1.0,-1.8369701987210297e-16,0.0,1.0,0.0,1.0,0.0,0.0,0.3333333333333333,0.5773502691896278,1.0,1.0,0.2857142857142857,0.4879500364742648,2.0,1.0,0.35714285714285715,0.6333236937766519,5.0,2.0,0.25,0.5181877251715987,7.0,2.0,0.2857142857142857,0.6241877839323611,16.0,3.0,0.2857142857142857,0.6125480767249901,24.0,3.0,0.0,-1.0,0.0,819,0.36752136752136755,0.07448107448107448,0.38217338217338215,0.32722832722832723,0.09523809523809523,0.2600732600732601,48.207196029776675,6.882783882783883
2025-09-15,1,1,0,0,0,0,0,0,1,0,0,0,2025,9,15,0,258,38,3,0,1,0,0.0,1.0,-0.9634705485641486,-0.26781430516217486,-0.992708874098054,-0.12053668025532357,-1.0,-1.8369701987210297e-16,0.0,0.0,1.0,1.0,0.0,1.0,0.3333333333333333,0.5773502691896278,1.0,1.0,0.2857142857142857,0.4879500364742648,2.0,1.0,0.42857142857142855,0.6462061726588649,6.0,2.0,0.25,0.5181877251715987,7.0,2.0,0.30357142857142855,0.6301411921767409,17.0,3.0,0.2976190476190476,0.6166321647633778,25.0,3.0,1.0,0.0,0.0,819,0.36752136752136755,0.07448107448107448,0.38217338217338215,0.32722832722832723,0.09523809523809523,0.2600732600732601,48.207196029776675,6.882783882783883
2025-09-16,2,1,0,1,0,0,0,0,4,0,0,0,2025,9,16,1,259,38,3,0,0,0,0.7818314824680298,0.6234898018587336,-0.9679377830240642,-0.25119006388481957,-0.992708874098054,-0.12053668025532357,-1.0,-1.8369701987210297e-16,1.0,0.0,0.0,0.0,0.0,0.0,1.0,1.000000000000002,3.0,2.0,0.5714285714285714,0.786795792469442,4.0,2.0,0.5714285714285714,0.7559289460184554,8.0,2.0,0.32142857142857145,0.6118321864193009,9.0,2.0,0.3392857142857143,0.6681531047810626,19.0,3.0,0.32142857142857145,0.6430483555748929,27.0,3.0,1.0,2.0,2.0,819,0.36752136752136755,0.07448107448107448,0.38217338217338215,0.32722832722832723,0.09523809523809523,0.2600732600732601,48.207196029776675,6.882783882783883
2025-09-17,1,0,0,0,0,1,0,1,2,0,0,0,2025,9,17,2,260,38,3,0,0,0,0.9749279121818236,-0.22252093395631434,-0.9721181966290612,-0.23449138957041052,-0.992708874098054,-0.12053668025532357,-1.0,-1.8369701987210297e-16,2.0,1.0,0.0,0.0,2.0,1.0,1.3333333333333333,0.57735026918963,4.0,2.0,0.7142857142857143,0.7559289460184531,5.0,2.0,0.5,0.6504436355879919,7.0,2.0,0.32142857142857145,0.6118321864193009,9.0,2.0,0.35714285714285715,0.672270817415165,20.0,3.0,0.30952380952380953,0.6204582542036247,26.0,3.0,-1.0,1.0,0.0,819,0.36752136752136755,0.07448107448107448,0.38217338217338215,0.32722832722832723,0.09523809523809523,0.2600732600732601,48.207196029776675,6.882783882783883
2025-09-18,1,0,1,0,0,0,0,0,1,0,0,1,2025,9,18,3,261,38,3,0,0,0,0.43388373911755823,-0.900968867902419,-0.9760105506323682,-0.21772323039653224,-0.992708874098054,-0.12053668025532357,-1.0,-1.8369701987210297e-16,1.0,2.0,1.0,0.0,0.0,0.0,1.3333333333333333,0.57735026918963,4.0,2.0,0.8571428571428571,0.6900655593423527,6.0,2.0,0.5714285714285714,0.6462061726588652,8.0,2.0,0.35714285714285715,0.6214848238238678,10.0,2.0,0.35714285714285715,0.672270817415165,20.0,3.0,0.32142857142857145,0.6240310906240211,27.0,3.0,0.0,1.0,1.0,819,0.36752136752136755,0.07448107448107448,0.38217338217338215,0.32722832722832723,0.09523809523809523,0.2600732600732601,48.207196029776675,6.882783882783883
2025-09-19,0,0,0,0,0,0,0,0,0,0,0,0,2025,9,19,4,262,38,3,0,0,1,-0.433883739117558,-0.9009688679024191,-0.9796136916454901,-0.20089055513063528,-0.992708874098054,-0.12053668025532357,-1.0,-1.8369701987210297e-16,1.0,1.0,2.0,1.0,0.0,0.0,0.6666666666666666,0.5773502691896283,2.0,1.0,0.7142857142857143,0.7559289460184531,5.0,2.0,0.5714285714285714,0.6462061726588652,8.0,2.0,0.35714285714285715,0.6214848238238678,10.0,2.0,0.35714285714285715,0.672270817415165,20.0,3.0,0.32142857142857145,0.6240310906240211,27.0,3.0,-1.0,-1.0,0.0,819,0.36752136752136755,0.07448107448107448,0.38217338217338215,0.32722832722832723,0.09523809523809523,0.2600732600732601,48.207196029776675,6.882783882783883
2025-09-20,1,0,1,0,0,2,0,1,2,0,0,1,2025,9,20,5,263,38,3,1,0,0,-0.9749279121818236,-0.2225209339563146,-0.9829265519799822,-0.18399835165767986,-0.992708874098054,-0.12053668025532357,-1.0,-1.8369701987210297e-16,0.0,1.0,1.0,0.0,0.0,0.0,0.6666666666666666,0.5773502691896283,2.0,1.0,0.8571428571428571,0.6900655593423527,6.0,2.0,0.6428571428571429,0.6333236937766521,9.0,2.0,0.39285714285714285,0.628890010655793,11.0,2.0,0.375,0.6758832604956154,21.0,3.0,0.32142857142857145,0.6240310906240211,27.0,3.0,1.0,1.0,1.0,819,0.36752136752136755,0.07448107448107448,0.38217338217338215,0.32722832722832723,0.09523809523809523,0.2600732600732601,48.207196029776675,6.882783882783883
2025-09-21,2,0,0,2,0,0,0,0,4,0,0,0,2025,9,21,6,264,38,3,1,0,0,-0.7818314824680299,0.6234898018587334,-0.9859481499638303,-0.1670516255021195,-0.992708874098054,-0.12053668025532357,-1.0,-1.8369701987210297e-16,1.0,0.0,1.0,0.0,1.0,0.0,1.0,1.0000000000000018,3.0,2.0,1.1428571428571428,0.6900655593423526,8.0,2.0,0.7142857142857143,0.726273039202564,10.0,2.0,0.4642857142857143,0.6929348671835817,13.0,2.0,0.4107142857142857,0.707795186458645,23.0,3.0,0.34523809523809523,0.6492636722639195,29.0,3.0,1.0,2.0,2.0,819,0.36752136752136755,0.07448107448107448,0.38217338217338215,0.32722832722832723,0.09523809523809523,0.2600732600732601,48.207196029776675,6.882783882783883
2025-09-22,1,1,0,1,0,0,0,0,2,0,0,1,2025,9,22,0,265,39,3,0,1,0,0.0,1.0,-0.9886775902323404,-0.15005539834465262,-1.0,-1.8369701987210297e-16,-1.0,-1.8369701987210297e-16,2.0,1.0,0.0,1.0,1.0,0.0,1.3333333333333333,0.57735026918963,4.0,2.0,1.1428571428571428,0.6900655593423526,8.0,2.0,0.7142857142857143,0.726273039202564,10.0,2.0,0.5,0.6938886664887094,14.0,2.0,0.42857142857142855,0.7098563966719649,24.0,3.0,0.35714285714285715,0.6520192388110116,30.0,3.0,-1.0,0.0,1.0,819,0.36752136752136755,0.07448107448107448,0.38217338217338215,0.32722832722832723,0.09523809523809523,0.2600732600732601,48.207196029776675,6.882783882783883
2025-09-23,1,1,0,0,0,0,0,0,2,0,0,0,2025,9,23,1,266,39,3,0,0,0,0.7818314824680298,0.6234898018587336,-0.9911140639934546,-0.13301470653419636,-1.0,-1.8369701987210297e-16,-1.0,-1.8369701987210297e-16,1.0,2.0,1.0,2.0,0.0,0.0,1.3333333333333333,0.57735026918963,4.0,2.0,1.0,0.5773502691896238,7.0,2.0,0.7857142857142857,0.6992932067530692,11.0,2.0,0.5357142857142857,0.6929348671835817,15.0,2.0,0.44642857142857145,0.7114554316110274,25.0,3.0,0.35714285714285715,0.6520192388110116,30.0,3.0,0.0,-1.0,1.0,819,0.36752136752136755,0.07448107448107448,0.38217338217338215,0.32722832722832723,0.09523809523809523,0.2600732600732601,48.207196029776675,6.882783882783883
2025-09-24,1,0,1,0,0,1,0,1,2,0,0,1,2025,9,24,2,267,39,3,0,0,0,0.9749279121818236,-0.22252093395631434,-0.9932568492674143,-0.11593459959550066,-1.0,-1.8369701987210297e-16,-1.0,-1.8369701987210297e-16,1.0,1.0,2.0,1.0,0.0,0.0,1.0,0.0,3.0,1.0,1.0,0.5773502691896238,7.0,2.0,0.8571428571428571,0.6629935441317971,12.0,2.0,0.5714285714285714,0.6900655593423527,16.0,2.0,0.4642857142857143,0.7125954025898636,26.0,3.0,0.36904761904761907,0.654544114407201,31.0,3.0,0.0,0.0,1.0,819,0.36752136752136755,0.07448107448107448,0.38217338217338215,0.32722832722832723,0.09523809523809523,0.2600732600732601,48.207196029776675,6.882783882783883
2025-09-25,0,0,0,0,0,0,0,0,0,0,0,0,2025,9,25,3,268,39,3,0,0,0,0.43388373911755823,-0.900968867902419,-0.9951053111006974,-0.09882013873287211,-1.0,-1.8369701987210297e-16,-1.0,-1.8369701987210297e-16,1.0,1.0,1.0,1.0,0.0,0.0,0.6666666666666666,0.5773502691896283,2.0,1.0,0.8571428571428571,0.6900655593423527,6.0,2.0,0.8571428571428571,0.6629935441317971,12.0,2.0,0.5714285714285714,0.6900655593423527,16.0,2.0,0.4642857142857143,0.7125954025898636,26.0,3.0,0.36904761904761907,0.654544114407201,31.0,3.0,-1.0,-1.0,0.0,819,0.36752136752136755,0.07448107448107448,0.38217338217338215,0.32722832722832723,0.09523809523809523,0.2600732600732601,48.207196029776675,6.882783882783883
2025-09-26,0,0,0,0,0,0,0,0,0,0,0,0,2025,9,26,4,269,39,3,0,0,1,-0.433883739117558,-0.9009688679024191,-0.99665890175417,-0.08167639533042288,-1.0,-1.8369701987210297e-16,-1.0,-1.8369701987210297e-16,0.0,1.0,1.0,0.0,1.0,0.0,0.3333333333333333,0.5773502691896273,1.0,1.0,0.8571428571428571,0.6900655593423527,6.0,2.0,0.7857142857142857,0.6992932067530692,11.0,2.0,0.5714285714285714,0.6900655593423527,16.0,2.0,0.4642857142857143,0.7125954025898636,26.0,3.0,0.36904761904761907,0.654544114407201,31.0,3.0,0.0,0.0,0.0,819,0.36752136752136755,0.07448107448107448,0.38217338217338215,0.32722832722832723,0.09523809523809523,0.2600732600732601,48.207196029776675,6.882783882783883
2025-09-27,0,0,0,0,0,0,0,0,0,0,0,0,2025,9,27,5,270,39,3,1,0,0,-0.9749279121818236,-0.2225209339563146,-0.9979171608653922,-0.06450844944931625,-1.0,-1.8369701987210297e-16,-1.0,-1.8369701987210297e-16,0.0,0.0,1.0,1.0,0.0,0.0,0.0,0.0,0.0,0.0,0.7142857142857143,0.7559289460184531,5.0,2.0,0.7857142857142857,0.6992932067530692,11.0,2.0,0.5714285714285714,0.6900655593423527,16.0,2.0,0.44642857142857145,0.7114554316110274,25.0,3.0,0.36904761904761907,0.654544114407201,31.0,3.0,0.0,-1.0,0.0,819,0.36752136752136755,0.07448107448107448,0.38217338217338215,0.32722832722832723,0.09523809523809523,0.2600732600732601,48.207196029776675,6.882783882783883
2025-09-28,1,1,0,1,0,0,0,0,2,0,0,0,2025,9,28,6,271,39,3,1,0,0,-0.7818314824680299,0.6234898018587334,-0.9988797155850335,-0.04732138832243232,-1.0,-1.8369701987210297e-16,-1.0,-1.8369701987210297e-16,0.0,0.0,0.0,2.0,0.0,0.0,0.3333333333333333,0.5773502691896273,1.0,1.0,0.5714285714285714,0.5345224838248468,4.0,1.0,0.8571428571428571,0.6629935441317971,12.0,2.0,0.6071428571428571,0.6852566815265047,17.0,2.0,0.4642857142857143,0.7125954025898636,26.0,3.0,0.38095238095238093,0.6568409593637398,32.0,3.0,1.0,-1.0,1.0,819,0.36752136752136755,0.07448107448107448,0.38217338217338215,0.32722832722832723,0.09523809523809523,0.2600732600732601,48.207196029776675,6.882783882783883
2025-09-29,0,0,0,0,0,0,0,0,0,0,0,0,2025,9,29,0,272,40,3,0,1,0,0.0,1.0,-0.9995462806873573,-0.03012030484690836,-0.992708874098054,0.1205366802553232,-1.0,-1.8369701987210297e-16,1.0,0.0,0.0,1.0,1.0,0.0,0.3333333333333333,0.5773502691896273,1.0,1.0,0.42857142857142855,0.5345224838248468,3.0,1.0,0.7857142857142857,0.6992932067530692,11.0,2.0,0.6071428571428571,0.6852566815265047,17.0,2.0,0.44642857142857145,0.7114554316110274,25.0,3.0,0.36904761904761907,0.654544114407201,31.0,3.0,-1.0,-1.0,0.0,819,0.36752136752136755,0.07448107448107448,0.38217338217338215,0.32722832722832723,0.09523809523809523,0.2600732600732601,48.207196029776675,6.882783882783883
2025-09-30,0,0,0,0,0,0,0,0,0,0,0,0,2025,9,30,1,273,40,3,0,0,0,0.7818314824680298,0.6234898018587336,-0.9999166586547379,-0.012910296075008843,-0.992708874098054,0.1205366802553232,-1.0,-1.8369701987210297e-16,0.0,1.0,0.0,1.0,2.0,0.0,0.3333333333333333,0.5773502691896273,1.0,1.0,0.2857142857142857,0.4879500364742645,2.0,1.0,0.6428571428571429,0.6333236937766521,9.0,2.0,0.6071428571428571,0.6852566815265047,17.0,2.0,0.44642857142857145,0.7114554316110274,25.0,3.0,0.34523809523809523,0.6304339224529891,29.0,3.0,0.0,-1.0,0.0,819,0.36752136752136755,0.07448107448107448,0.38217338217338215,0.32722832722832723,0.09523809523809523,0.2600732600732601,48.207196029776675,6.882783882783883
2025-10-01,0,0,0,0,0,0,0,0,0,0,0,0,2025,10,1,2,274,40,4,0,0,0,0.9749279121818236,-0.22252093395631434,-0.9999907397361901,0.004303538296243821,-0.992708874098054,0.1205366802553232,-0.8660254037844386,0.5000000000000001,0.0,0.0,1.0,1.0,1.0,2.0,0.0,0.0,0.0,0.0,0.14285714285714285,0.3779644730092246,1.0,1.0,0.5714285714285714,0.6462061726588652,8.0,2.0,0.5357142857142857,0.6372477195601832,15.0,2.0,0.39285714285714285,0.6231466025837663,22.0,2.0,0.3333333333333333,0.6273550009275098,28.0,3.0,0.0,-1.0,-2.0,819,0.36752136752136755,0.07448107448107448,0.38217338217338215,0.32722832722832723,0.09523809523809523,0.2600732600732601,48.207196029776675,6.882783882783883
2025-10-02,0,0,0,0,0,0,0,0,0,0,0,0,2025,10,2,3,275,40,4,0,0,0,0.43388373911755823,-0.900968867902419,-0.9997685019798909,0.021516097436222233,-0.992708874098054,0.1205366802553232,-0.8660254037844386,0.5000000000000001,0.0,0.0,0.0,0.0,1.0,0.0,0.0,0.0,0.0,0.0,0.14285714285714285,0.3779644730092246,1.0,1.0,0.5,0.650443635587992,7.0,2.0,0.5357142857142857,0.6372477195601832,15.0,2.0,0.375,0.6197506830096368,21.0,2.0,0.3333333333333333,0.6273550009275098,28.0,3.0,0.0,0.0,0.0,819,0.36752136752136755,0.07448107448107448,0.38217338217338215,0.32722832722832723,0.09523809523809523,0.2600732600732601,48.207196029776675,6.882783882783883
2025-10-03,0,0,0,0,0,0,0,0,0,0,0,0,2025,10,3,4,276,40,4,0,0,1,-0.433883739117558,-0.9009688679024191,-0.9992500112396835,0.03872228089217399,-0.992708874098054,0.1205366802553232,-0.8660254037844386,0.5000000000000001,0.0,0.0,0.0,0.0,0.0,0.0,0.0,0.0,0.0,0.0,0.14285714285714285,0.3779644730092246,1.0,1.0,0.5,0.650443635587992,7.0,2.0,0.5357142857142857,0.6372477195601832,15.0,2.0,0.375,0.6197506830096368,21.0,2.0,0.3333333333333333,0.6273550009275098,28.0,3.0,0.0,0.0,0.0,819,0.36752136752136755,0.07448107448107448,0.38217338217338215,0.32722832722832723,0.09523809523809523,0.2600732600732601,48.207196029776675,6.882783882783883
2025-10-04,1,1,0,0,0,0,0,0,2,0,0,0,2025,10,4,5,277,40,4,1,0,0,-0.9749279121818236,-0.2225209339563146,-0.9984354211555643,0.05591699010060302,-0.992708874098054,0.1205366802553232,-0.8660254037844386,0.5000000000000001,0.0,0.0,0.0,0.0,1.0,0.0,0.3333333333333333,0.5773502691896273,1.0,1.0,0.2857142857142857,0.4879500364742645,2.0,1.0,0.5,0.650443635587992,7.0,2.0,0.5714285714285714,0.6341264874742262,16.0,2.0,0.39285714285714285,0.6231466025837663,22.0,2.0,0.34523809523809523,0.6304339224529891,29.0,3.0,1.0,1.0,1.0,819,0.36752136752136755,0.07448107448107448,0.38217338217338215,0.32722832722832723,0.09523809523809523,0.2600732600732601,48.207196029776675,6.882783882783883
2025-10-05,0,0,0,0,0,0,0,0,0,0,0,0,2025,10,5,6,278,40,4,1,0,0,-0.7818314824680299,0.6234898018587334,-0.9973249731081555,0.07309512989807776,-0.992708874098054,0.1205366802553232,-0.8660254037844386,0.5000000000000001,1.0,0.0,0.0,1.0,2.0,1.0,0.3333333333333333,0.5773502691896273,1.0,1.0,0.14285714285714285,0.3779644730092246,1.0,1.0,0.35714285714285715,0.4972451580988482,5.0,1.0,0.5357142857142857,0.6372477195601832,15.0,2.0,0.39285714285714285,0.6231466025837663,22.0,2.0,0.34523809523809523,0.6304339224529891,29.0,3.0,-1.0,-1.0,-1.0,819,0.36752136752136755,0.07448107448107448,0.38217338217338215,0.32722832722832723,0.09523809523809523,0.2600732600732601,48.207196029776675,6.882783882783883
2025-10-06,1,1,0,1,0,0,0,0,2,1,1,0,2025,10,6,0,279,41,4,0,1,0,0.0,1.0,-0.9959189961471792,0.0902516100310407,-0.9709418174260521,0.23931566428755738,-0.8660254037844386,0.5000000000000001,0.0,1.0,0.0,0.0,1.0,1.0,0.6666666666666666,0.5773502691896283,2.0,1.0,0.2857142857142857,0.4879500364742645,2.0,1.0,0.35714285714285715,0.4972451580988482,5.0,1.0,0.5357142857142857,0.6372477195601832,15.0,2.0,0.4107142857142857,0.6260056843856284,23.0,2.0,0.35714285714285715,0.6332714285656051,30.0,3.0,1.0,1.0,0.0,819,0.36752136752136755,0.07448107448107448,0.38217338217338215,0.32722832722832723,0.09523809523809523,0.2600732600732601,48.207196029776675,6.882783882783883
2025-10-07,0,0,0,0,0,0,0,0,0,0,0,0,2025,10,7,1,280,41,4,0,0,0,0.7818314824680298,0.6234898018587336,-0.994217906893952,0.10738134666416306,-0.9709418174260521,0.23931566428755738,-0.8660254037844386,0.5000000000000001,1.0,0.0,1.0,0.0,1.0,0.0,0.3333333333333333,0.5773502691896273,1.0,1.0,0.2857142857142857,0.4879500364742645,2.0,1.0,0.2857142857142857,0.4688072309384967,4.0,1.0,0.5357142857142857,0.6372477195601832,15.0,2.0,0.4107142857142857,0.6260056843856284,23.0,2.0,0.35714285714285715,0.6332714285656051,30.0,3.0,-1.0,0.0,0.0,819,0.36752136752136755,0.07448107448107448,0.38217338217338215,0.32722832722832723,0.09523809523809523,0.2600732600732601,48.207196029776675,6.882783882783883
2025-10-08,0,0,0,0,0,0,0,0,0,0,0,0,2025,10,8,2,281,41,4,0,0,0,0.9749279121818236,-0.22252093395631434,-0.9922222094179324,0.12447926388678869,-0.9709418174260521,0.23931566428755738,-0.8660254037844386,0.5000000000000001,0.0,1.0,0.0,0.0,1.0,0.0,0.3333333333333333,0.5773502691896273,1.0,1.0,0.2857142857142857,0.4879500364742645,2.0,1.0,0.21428571428571427,0.4258153136263214,3.0,1.0,0.5357142857142857,0.6372477195601832,15.0,2.0,0.4107142857142857,0.6260056843856284,23.0,2.0,0.35714285714285715,0.6332714285656051,30.0,3.0,0.0,0.0,0.0,819,0.36752136752136755,0.07448107448107448,0.38217338217338215,0.32722832722832723,0.09523809523809523,0.2600732600732601,48.207196029776675,6.882783882783883
2025-10-09,1,0,0,0,0,2,0,1,2,0,0,1,2025,10,9,3,282,41,4,0,0,0,0.43388373911755823,-0.900968867902419,-0.989932495087353,0.141540295217043,-0.9709418174260521,0.23931566428755738,-0.8660254037844386,0.5000000000000001,0.0,0.0,1.0,0.0,0.0,0.0,0.3333333333333333,0.5773502691896273,1.0,1.0,0.42857142857142855,0.5345224838248468,3.0,1.0,0.2857142857142857,0.4688072309384967,4.0,1.0,0.5714285714285714,0.6341264874742262,16.0,2.0,0.42857142857142855,0.6283352566943836,24.0,2.0,0.36904761904761907,0.6358707511459686,31.0,3.0,1.0,1.0,1.0,819,0.36752136752136755,0.07448107448107448,0.38217338217338215,0.32722832722832723,0.09523809523809523,0.2600732600732601,48.207196029776675,6.882783882783883
2025-10-10,0,0,0,0,0,0,0,0,0,0,0,0,2025,10,10,4,283,41,4,0,0,1,-0.433883739117558,-0.9009688679024191,-0.9873494423939864,0.15855938510313475,-0.9709418174260521,0.23931566428755738,-0.8660254037844386,0.5000000000000001,1.0,0.0,0.0,0.0,0.0,1.0,0.3333333333333333,0.5773502691896273,1.0,1.0,0.42857142857142855,0.5345224838248468,3.0,1.0,0.2857142857142857,0.4688072309384967,4.0,1.0,0.5357142857142857,0.6372477195601832,15.0,2.0,0.42857142857142855,0.6283352566943836,24.0,2.0,0.36904761904761907,0.6358707511459686,31.0,3.0,-1.0,0.0,-1.0,819,0.36752136752136755,0.07448107448107448,0.38217338217338215,0.32722832722832723,0.09523809523809523,0.2600732600732601,48.207196029776675,6.882783882783883
2025-10-11,1,0,0,0,0,1,0,1,2,0,0,0,2025,10,11,5,284,41,4,1,0,0,-0.9749279121818236,-0.2225209339563146,-0.9844738167520923,0.17553149042142777,-0.9709418174260521,0.23931566428755738,-0.8660254037844386,0.5000000000000001,0.0,1.0,0.0,1.0,0.0,0.0,0.6666666666666666,0.5773502691896283,2.0,1.0,0.42857142857142855,0.5345224838248468,3.0,1.0,0.35714285714285715,0.4972451580988482,5.0,1.0,0.5714285714285714,0.6341264874742262,16.0,2.0,0.4107142857142857,0.5962545433952539,23.0,2.0,0.38095238095238093,0.6382348003326905,32.0,3.0,1.0,0.0,1.0,819,0.36752136752136755,0.07448107448107448,0.38217338217338215,0.32722832722832723,0.09523809523809523,0.2600732600732601,48.207196029776675,6.882783882783883
2025-10-12,0,0,0,0,0,0,0,0,0,0,0,0,2025,10,12,6,285,41,4,1,0,0,-0.7818314824680299,0.6234898018587334,-0.9813064702716093,0.19245158197082995,-0.9709418174260521,0.23931566428755738,-0.8660254037844386,0.5000000000000001,1.0,0.0,1.0,0.0,1.0,0.0,0.3333333333333333,0.5773502691896273,1.0,1.0,0.42857142857142855,0.5345224838248468,3.0,1.0,0.2857142857142857,0.4688072309384967,4.0,1.0,0.5714285714285714,0.6341264874742262,16.0,2.0,0.4107142857142857,0.5962545433952539,23.0,2.0,0.38095238095238093,0.6382348003326905,32.0,3.0,-1.0,0.0,0.0,819,0.36752136752136755,0.07448107448107448,0.38217338217338215,0.32722832722832723,0.09523809523809523,0.2600732600732601,48.207196029776675,6.882783882783883
2025-10-13,1,0,0,0,0,0,0,0,2,0,0,0,2025,10,13,0,286,42,4,0,1,0,0.0,1.0,-0.9778483415056567,0.20931464596304888,-0.9350162426854148,0.35460488704253557,-0.8660254037844386,0.5000000000000001,0.0,1.0,0.0,1.0,0.0,1.0,0.6666666666666666,0.5773502691896283,2.0,1.0,0.42857142857142855,0.5345224838248468,3.0,1.0,0.35714285714285715,0.4972451580988482,5.0,1.0,0.5714285714285714,0.6341264874742262,16.0,2.0,0.4107142857142857,0.5962545433952539,23.0,2.0,0.39285714285714285,0.6403661818177439,33.0,3.0,1.0,0.0,0.0,819,0.36752136752136755,0.07448107448107448,0.38217338217338215,0.32722832722832723,0.09523809523809523,0.2600732600732601,48.207196029776675,6.882783882783883
2025-10-14,0,0,0,0,0,0,0,0,0,0,0,0,2025,10,14,1,287,42,4,0,0,0,0.7818314824680298,0.6234898018587336,-0.9741004551724206,0.22611568550828803,-0.9350162426854148,0.35460488704253557,-0.8660254037844386,0.5000000000000001,1.0,0.0,1.0,0.0,0.0,2.0,0.3333333333333333,0.5773502691896273,1.0,1.0,0.42857142857142855,0.5345224838248468,3.0,1.0,0.35714285714285715,0.4972451580988482,5.0,1.0,0.5,0.5773502691896238,14.0,2.0,0.4107142857142857,0.5962545433952539,23.0,2.0,0.39285714285714285,0.6403661818177439,33.0,3.0,-1.0,0.0,-2.0,819,0.36752136752136755,0.07448107448107448,0.38217338217338215,0.32722832722832723,0.09523809523809523,0.2600732600732601,48.207196029776675,6.882783882783883
2025-10-15,1,0,0,0,0,0,0,0,3,0,0,1,2025,10,15,2,288,42,4,0,0,0,0.9749279121818236,-0.22252093395631434,-0.970063921851507,0.2428497220959358,-0.9350162426854148,0.35460488704253557,-0.8660254037844386,0.5000000000000001,0.0,1.0,0.0,0.0,0.0,1.0,0.6666666666666666,0.5773502691896283,2.0,1.0,0.5714285714285714,0.5345224838248468,4.0,1.0,0.42857142857142855,0.5135525910130968,6.0,1.0,0.5,0.5773502691896238,14.0,2.0,0.4107142857142857,0.5962545433952539,23.0,2.0,0.40476190476190477,0.6422672119478909,34.0,3.0,1.0,1.0,0.0,819,0.36752136752136755,0.07448107448107448,0.38217338217338215,0.32722832722832723,0.09523809523809523,0.2600732600732601,48.207196029776675,6.882783882783883
2025-10-16,0,0,0,0,0,0,0,0,0,0,0,0,2025,10,16,3,289,42,4,0,0,0,0.43388373911755823,-0.900968867902419,-0.965739937654855,0.25951179706979943,-0.9350162426854148,0.35460488704253557,-0.8660254037844386,0.5000000000000001,1.0,0.0,1.0,1.0,0.0,1.0,0.3333333333333333,0.5773502691896273,1.0,1.0,0.42857142857142855,0.5345224838248468,3.0,1.0,0.42857142857142855,0.5135525910130968,6.0,1.0,0.4642857142857143,0.5762035942360823,13.0,2.0,0.4107142857142857,0.5962545433952539,23.0,2.0,0.39285714285714285,0.6403661818177439,33.0,3.0,-1.0,-1.0,-1.0,819,0.36752136752136755,0.07448107448107448,0.38217338217338215,0.32722832722832723,0.09523809523809523,0.2600732600732601,48.207196029776675,6.882783882783883
2025-10-17,0,0,0,0,0,0,0,0,0,0,0,0,2025,10,17,4,290,42,4,0,0,1,-0.433883739117558,-0.9009688679024191,-0.9611297838723007,0.27609697309746883,-0.9350162426854148,0.35460488704253557,-0.8660254037844386,0.5000000000000001,0.0,1.0,0.0,0.0,0.0,0.0,0.3333333333333333,0.5773502691896273,1.0,1.0,0.42857142857142855,0.5345224838248468,3.0,1.0,0.42857142857142855,0.5135525910130968,6.0,1.0,0.4642857142857143,0.5762035942360823,13.0,2.0,0.4107142857142857,0.5962545433952539,23.0,2.0,0.39285714285714285,0.6403661818177439,33.0,3.0,0.0,0.0,0.0,819,0.36752136752136755,0.07448107448107448,0.38217338217338215,0.32722832722832723,0.09523809523809523,0.2600732600732601,48.207196029776675,6.882783882783883
2025-10-18,0,0,0,0,0,0,0,0,0,0,0,0,2025,10,18,5,291,42,4,1,0,0,-0.9749279121818236,-0.2225209339563146,-0.9562348265919058,0.2926003356333479,-0.9350162426854148,0.35460488704253557,-0.8660254037844386,0.5000000000000001,0.0,0.0,1.0,1.0,1.0,1.0,0.0,0.0,0.0,0.0,0.2857142857142857,0.4879500364742645,2.0,1.0,0.35714285714285715,0.4972451580988482,5.0,1.0,0.42857142857142855,0.5727497953228143,12.0,2.0,0.4107142857142857,0.5962545433952539,23.0,2.0,0.39285714285714285,0.6403661818177439,33.0,3.0,0.0,-1.0,-1.0,819,0.36752136752136755,0.07448107448107448,0.38217338217338215,0.32722832722832723,0.09523809523809523,0.2600732600732601,48.207196029776675,6.882783882783883
2025-10-19,2,1,0,1,0,0,0,0,4,0,0,0,2025,10,19,6,292,42,4,1,0,0,-0.7818314824680299,0.6234898018587334,-0.9510565162951536,0.30901699437494723,-0.9350162426854148,0.35460488704253557,-0.8660254037844386,0.5000000000000001,0.0,0.0,0.0,0.0,0.0,2.0,0.6666666666666666,1.1547005383792528,2.0,2.0,0.5714285714285714,0.7867957924694419,4.0,2.0,0.5,0.650443635587992,7.0,2.0,0.42857142857142855,0.5727497953228143,12.0,2.0,0.44642857142857145,0.6301411921767408,25.0,2.0,0.4166666666666667,0.6623858543781882,35.0,3.0,2.0,2.0,0.0,819,0.36752136752136755,0.07448107448107448,0.38217338217338215,0.32722832722832723,0.09523809523809523,0.2600732600732601,48.207196029776675,6.882783882783883
2025-10-20,0,0,0,0,0,0,0,0,0,0,0,0,2025,10,20,0,293,43,4,0,1,0,0.0,1.0,-0.9455963874271428,0.3253420847119795,-0.8854560256532101,0.464723172043768,-0.8660254037844386,0.5000000000000001,2.0,0.0,0.0,1.0,1.0,1.0,0.6666666666666666,1.1547005383792528,2.0,2.0,0.42857142857142855,0.7867957924694419,3.0,2.0,0.42857142857142855,0.646206172658865,6.0,2.0,0.39285714285714285,0.5669467095138389,11.0,2.0,0.44642857142857145,0.6301411921767408,25.0,2.0,0.4166666666666667,0.6623858543781882,35.0,3.0,-2.0,-1.0,-1.0,819,0.36752136752136755,0.07448107448107448,0.38217338217338215,0.32722832722832723,0.09523809523809523,0.2600732600732601,48.207196029776675,6.882783882783883
2025-10-21,1,0,0,0,0,1,0,1,2,0,0,0,2025,10,21,1,294,43,4,0,0,0,0.7818314824680298,0.6234898018587336,-0.9398560579418953,0.341570769167856,-0.8854560256532101,0.464723172043768,-0.8660254037844386,0.5000000000000001,0.0,2.0,0.0,0.0,0.0,1.0,1.0,1.0000000000000018,3.0,2.0,0.5714285714285714,0.7867957924694419,4.0,2.0,0.5,0.650443635587992,7.0,2.0,0.39285714285714285,0.5669467095138389,11.0,2.0,0.4642857142857143,0.6314279837806531,26.0,2.0,0.42857142857142855,0.6637918509160187,36.0,3.0,1.0,1.0,0.0,819,0.36752136752136755,0.07448107448107448,0.38217338217338215,0.32722832722832723,0.09523809523809523,0.2600732600732601,48.207196029776675,6.882783882783883
2025-10-22,0,0,0,0,0,0,0,0,0,0,0,0,2025,10,22,2,295,43,4,0,0,0,0.9749279121818236,-0.22252093395631434,-0.9338372288229252,0.35769823883312546,-0.8854560256532101,0.464723172043768,-0.8660254037844386,0.5000000000000001,1.0,0.0,2.0,1.0,0.0,1.0,0.3333333333333333,0.5773502691896275,1.0,1.0,0.42857142857142855,0.7867957924694419,3.0,2.0,0.5,0.650443635587992,7.0,2.0,0.35714285714285715,0.5587211398983485,10.0,2.0,0.4642857142857143,0.6314279837806531,26.0,2.0,0.42857142857142855,0.6637918509160187,36.0,3.0,-1.0,-1.0,-1.0,819,0.36752136752136755,0.07448107448107448,0.38217338217338215,0.32722832722832723,0.09523809523809523,0.2600732600732601,48.207196029776675,6.882783882783883
2025-10-23,0,0,0,0,0,0,0,0,0,0,0,0,2025,10,23,3,296,43,4,0,0,0,0.43388373911755823,-0.900968867902419,-0.9275416835791965,0.3737197147904692,-0.8854560256532101,0.464723172043768,-0.8660254037844386,0.5000000000000001,0.0,1.0,0.0,0.0,1.0,0.0,0.3333333333333333,0.5773502691896275,1.0,1.0,0.42857142857142855,0.7867957924694419,3.0,2.0,0.42857142857142855,0.646206172658865,6.0,2.0,0.35714285714285715,0.5587211398983485,10.0,2.0,0.4642857142857143,0.6314279837806531,26.0,2.0,0.42857142857142855,0.6637918509160187,36.0,3.0,0.0,0.0,0.0,819,0.36752136752136755,0.07448107448107448,0.38217338217338215,0.32722832722832723,0.09523809523809523,0.2600732600732601,48.207196029776675,6.882783882783883
2025-10-24,1,0,0,1,0,0,0,0,2,0,0,0,2025,10,24,4,297,43,4,0,0,1,-0.433883739117558,-0.9009688679024191,-0.9209712877166347,0.38963044953078774,-0.8854560256532101,0.464723172043768,-0.8660254037844386,0.5000000000000001,0.0,0.0,1.0,0.0,0.0,0.0,0.3333333333333333,0.5773502691896275,1.0,1.0,0.5714285714285714,0.7867957924694419,4.0,2.0,0.5,0.650443635587992,7.0,2.0,0.39285714285714285,0.5669467095138389,11.0,2.0,0.48214285714285715,0.6321988015453104,27.0,2.0,0.44047619047619047,0.6649792183760788,37.0,3.0,1.0,1.0,1.0,819,0.36752136752136755,0.07448107448107448,0.38217338217338215,0.32722832722832723,0.09523809523809523,0.2600732600732601,48.207196029776675,6.882783882783883
2025-10-25,1,0,1,0,0,0,0,0,1,1,1,1,2025,10,25,5,298,43,4,1,0,0,-0.9749279121818236,-0.2225209339563146,-0.9141279881853337,0.4054257283599973,-0.8854560256532101,0.464723172043768,-0.8660254037844386,0.5000000000000001,1.0,0.0,0.0,0.0,1.0,0.0,0.6666666666666666,0.5773502691896284,2.0,1.0,0.7142857142857143,0.7559289460184531,5.0,2.0,0.5,0.650443635587992,7.0,2.0,0.42857142857142855,0.5727497953228143,12.0,2.0,0.5,0.6324555320336774,28.0,2.0,0.44047619047619047,0.6649792183760788,37.0,3.0,0.0,1.0,1.0,819,0.36752136752136755,0.07448107448107448,0.38217338217338215,0.32722832722832723,0.09523809523809523,0.2600732600732601,48.207196029776675,6.882783882783883
2025-10-26,1,0,0,0,0,0,0,0,3,1,1,0,2025,10,26,6,299,43,4,1,0,0,-0.7818314824680299,0.6234898018587334,-0.9070138128026362,0.42110087079608916,-0.8854560256532101,0.464723172043768,-0.8660254037844386,0.5000000000000001,1.0,1.0,0.0,2.0,0.0,1.0,1.0,0.0,3.0,1.0,0.5714285714285714,0.5345224838248469,4.0,1.0,0.5714285714285714,0.6462061726588652,8.0,2.0,0.42857142857142855,0.5727497953228143,12.0,2.0,0.5178571428571429,0.6321988015453104,29.0,2.0,0.4523809523809524,0.6659491261868,38.0,3.0,0.0,-1.0,0.0,819,0.36752136752136755,0.07448107448107448,0.38217338217338215,0.32722832722832723,0.09523809523809523,0.2600732600732601,48.207196029776675,6.882783882783883
2025-10-27,0,0,0,0,0,0,0,0,0,0,0,0,2025,10,27,0,300,44,4,0,1,0,0.0,1.0,-0.8996308696522434,0.4366512319560638,-0.822983865893657,0.5680647467311548,-0.8660254037844386,0.5000000000000001,1.0,1.0,1.0,0.0,1.0,0.0,0.6666666666666666,0.5773502691896284,2.0,1.0,0.5714285714285714,0.5345224838248469,4.0,1.0,0.5,0.650443635587992,7.0,2.0,0.42857142857142855,0.5727497953228143,12.0,2.0,0.5178571428571429,0.6321988015453104,29.0,2.0,0.44047619047619047,0.6649792183760788,37.0,3.0,-1.0,0.0,0.0,819,0.36752136752136755,0.07448107448107448,0.38217338217338215,0.32722832722832723,0.09523809523809523,0.2600732600732601,48.207196029776675,6.882783882783883
2025-10-28,0,0,0,0,0,0,0,0,0,0,0,0,2025,10,28,1,301,44,4,0,0,0,0.7818314824680298,0.6234898018587336,-0.8919813464595487,0.45207220393230374,-0.822983865893657,0.5680647467311548,-0.8660254037844386,0.5000000000000001,0.0,1.0,1.0,1.0,0.0,0.0,0.3333333333333333,0.5773502691896274,1.0,1.0,0.42857142857142855,0.5345224838248469,3.0,1.0,0.5,0.650443635587992,7.0,2.0,0.42857142857142855,0.5727497953228143,12.0,2.0,0.5178571428571429,0.6321988015453104,29.0,2.0,0.44047619047619047,0.6649792183760788,37.0,3.0,0.0,-1.0,0.0,819,0.36752136752136755,0.07448107448107448,0.38217338217338215,0.32722832722832723,0.09523809523809523,0.2600732600732601,48.207196029776675,6.882783882783883
2025-10-29,0,0,0,0,0,0,0,0,0,0,0,0,2025,10,29,2,302,44,4,0,0,0,0.9749279121818236,-0.22252093395631434,-0.8840675099433637,0.46735921715800205,-0.822983865893657,0.5680647467311548,-0.8660254037844386,0.5000000000000001,0.0,0.0,1.0,0.0,1.0,0.0,0.0,0.0,0.0,0.0,0.42857142857142855,0.5345224838248469,3.0,1.0,0.42857142857142855,0.646206172658865,6.0,2.0,0.42857142857142855,0.5727497953228143,12.0,2.0,0.48214285714285715,0.6027534224802795,27.0,2.0,0.40476190476190477,0.6035846257642582,34.0,2.0,0.0,0.0,0.0,819,0.36752136752136755,0.07448107448107448,0.38217338217338215,0.32722832722832723,0.09523809523809523,0.2600732600732601,48.207196029776675,6.882783882783883
2025-10-30,0,0,0,0,0,0,0,0,0,0,0,0,2025,10,30,3,303,44,4,0,0,0,0.43388373911755823,-0.900968867902419,-0.8758917051442433,0.48250774176121763,-0.822983865893657,0.5680647467311548,-0.8660254037844386,0.5000000000000001,0.0,0.0,0.0,0.0,0.0,0.0,0.0,0.0,0.0,0.0,0.42857142857142855,0.5345224838248469,3.0,1.0,0.42857142857142855,0.646206172658865,6.0,2.0,0.42857142857142855,0.5727497953228143,12.0,2.0,0.48214285714285715,0.6027534224802795,27.0,2.0,0.39285714285714285,0.601561364892642,33.0,2.0,0.0,0.0,0.0,819,0.36752136752136755,0.07448107448107448,0.38217338217338215,0.32722832722832723,0.09523809523809523,0.2600732600732601,48.207196029776675,6.882783882783883
2025-10-31,0,0,0,0,0,0,0,0,0,0,0,0,2025,10,31,4,304,44,4,0,0,1,-0.433883739117558,-0.9009688679024191,-0.8674563547295971,0.4975132889071803,-0.822983865893657,0.5680647467311548,-0.8660254037844386,0.5000000000000001,0.0,0.0,0.0,1.0,0.0,0.0,0.0,0.0,0.0,0.0,0.2857142857142857,0.4879500364742645,2.0,1.0,0.42857142857142855,0.646206172658865,6.0,2.0,0.42857142857142855,0.5727497953228143,12.0,2.0,0.48214285714285715,0.6027534224802795,27.0,2.0,0.39285714285714285,0.601561364892642,33.0,2.0,0.0,-1.0,0.0,819,0.36752136752136755,0.07448107448107448,0.38217338217338215,0.32722832722832723,0.09523809523809523,0.2600732600732601,48.207196029776675,6.882783882783883
2025-11-01,0,0,0,0,0,0,0,0,0,0,0,0,2025,11,1,5,305,44,4,1,0,0,-0.9749279121818236,-0.2225209339563146,-0.858763958275803,0.5123714121284235,-0.822983865893657,0.5680647467311548,-0.5000000000000004,0.8660254037844384,0.0,0.0,0.0,1.0,0.0,1.0,0.0,0.0,0.0,0.0,0.14285714285714285,0.3779644730092245,1.0,1.0,0.42857142857142855,0.646206172658865,6.0,2.0,0.39285714285714285,0.5669467095138389,11.0,2.0,0.48214285714285715,0.6027534224802795,27.0,2.0,0.39285714285714285,0.601561364892642,33.0,2.0,0.0,-1.0,-1.0,819,0.36752136752136755,0.07448107448107448,0.38217338217338215,0.32722832722832723,0.09523809523809523,0.2600732600732601,48.207196029776675,6.882783882783883
2025-11-02,0,0,0,0,0,0,0,0,0,0,0,0,2025,11,2,6,306,44,4,1,0,0,-0.7818314824680299,0.6234898018587334,-0.8498170915275277,0.5270777086423724,-0.822983865893657,0.5680647467311548,-0.5000000000000004,0.8660254037844384,0.0,0.0,0.0,1.0,2.0,0.0,0.0,0.0,0.0,0.0,0.0,0.0,0.0,0.0,0.2857142857142857,0.4688072309384967,4.0,1.0,0.39285714285714285,0.5669467095138389,11.0,2.0,0.4642857142857143,0.601944899752182,26.0,2.0,0.39285714285714285,0.601561364892642,33.0,2.0,0.0,-1.0,0.0,819,0.36752136752136755,0.07448107448107448,0.38217338217338215,0.32722832722832723,0.09523809523809523,0.2600732600732601,48.207196029776675,6.882783882783883
2025-11-03,1,0,0,0,0,0,0,0,2,0,0,0,2025,11,3,0,307,45,4,0,1,0,0.0,1.0,-0.8406184056344783,0.5416278206559811,-0.7485107481711011,0.6631226582407952,-0.5000000000000004,0.8660254037844384,0.0,0.0,0.0,0.0,0.0,1.0,0.3333333333333333,0.5773502691896274,1.0,1.0,0.14285714285714285,0.3779644730092245,1.0,1.0,0.35714285714285715,0.4972451580988482,5.0,1.0,0.39285714285714285,0.5669467095138389,11.0,2.0,0.4642857142857143,0.601944899752182,26.0,2.0,0.40476190476190477,0.6035846257642582,34.0,2.0,1.0,1.0,0.0,819,0.36752136752136755,0.07448107448107448,0.38217338217338215,0.32722832722832723,0.09523809523809523,0.2600732600732601,48.207196029776675,6.882783882783883
2025-11-04,0,0,0,0,0,0,0,0,0,0,0,0,2025,11,4,1,308,45,4,0,0,0,0.7818314824680298,0.6234898018587336,-0.8311706263658079,0.5560174366570446,-0.7485107481711011,0.6631226582407952,-0.5000000000000004,0.8660254037844384,1.0,0.0,0.0,0.0,1.0,0.0,0.3333333333333333,0.5773502691896274,1.0,1.0,0.14285714285714285,0.3779644730092245,1.0,1.0,0.2857142857142857,0.4688072309384967,4.0,1.0,0.39285714285714285,0.5669467095138389,11.0,2.0,0.4642857142857143,0.601944899752182,26.0,2.0,0.40476190476190477,0.6035846257642582,34.0,2.0,-1.0,0.0,0.0,819,0.36752136752136755,0.07448107448107448,0.38217338217338215,0.32722832722832723,0.09523809523809523,0.2600732600732601,48.207196029776675,6.882783882783883
2025-11-05,2,1,0,2,0,1,0,1,5,0,0,0,2025,11,5,2,309,45,4,0,0,0,0.9749279121818236,-0.22252093395631434,-0.8214765533024145,0.5702422926917867,-0.7485107481711011,0.6631226582407952,-0.5000000000000004,0.8660254037844384,0.0,1.0,0.0,0.0,0.0,0.0,1.0,1.000000000000002,3.0,2.0,0.42857142857142855,0.7867957924694419,3.0,2.0,0.42857142857142855,0.646206172658865,6.0,2.0,0.4642857142857143,0.6372477195601831,13.0,2.0,0.5,0.6324555320336774,28.0,2.0,0.42857142857142855,0.6264398217372332,36.0,2.0,2.0,2.0,2.0,819,0.36752136752136755,0.07448107448107448,0.38217338217338215,0.32722832722832723,0.09523809523809523,0.2600732600732601,48.207196029776675,6.882783882783883
2025-11-06,0,0,0,0,0,0,0,0,0,0,0,0,2025,11,6,3,310,45,4,0,0,0,0.43388373911755823,-0.900968867902419,-0.8115390590073611,0.5842981736283683,-0.7485107481711011,0.6631226582407952,-0.5000000000000004,0.8660254037844384,2.0,0.0,1.0,0.0,0.0,1.0,0.6666666666666666,1.1547005383792528,2.0,2.0,0.42857142857142855,0.7867957924694419,3.0,2.0,0.42857142857142855,0.646206172658865,6.0,2.0,0.42857142857142855,0.6341264874742261,12.0,2.0,0.5,0.6324555320336774,28.0,2.0,0.42857142857142855,0.6264398217372332,36.0,2.0,-2.0,0.0,-1.0,819,0.36752136752136755,0.07448107448107448,0.38217338217338215,0.32722832722832723,0.09523809523809523,0.2600732600732601,48.207196029776675,6.882783882783883
2025-11-07,0,0,0,0,0,0,0,0,0,0,0,0,2025,11,7,4,311,45,4,0,0,1,-0.433883739117558,-0.9009688679024191,-0.801361088174677,0.5981809144059158,-0.7485107481711011,0.6631226582407952,-0.5000000000000004,0.8660254037844384,0.0,2.0,0.0,0.0,1.0,0.0,0.6666666666666666,1.1547005383792528,2.0,2.0,0.42857142857142855,0.7867957924694419,3.0,2.0,0.35714285714285715,0.6333236937766519,5.0,2.0,0.42857142857142855,0.6341264874742261,12.0,2.0,0.48214285714285715,0.6321988015453104,27.0,2.0,0.42857142857142855,0.6264398217372332,36.0,2.0,0.0,0.0,0.0,819,0.36752136752136755,0.07448107448107448,0.38217338217338215,0.32722832722832723,0.09523809523809523,0.2600732600732601,48.207196029776675,6.882783882783883
2025-11-08,0,0,0,0,0,0,0,0,0,0,0,0,2025,11,8,5,312,45,4,1,0,0,-0.9749279121818236,-0.2225209339563146,-0.7909456567567774,0.6118864012687242,-0.7485107481711011,0.6631226582407952,-0.5000000000000004,0.8660254037844384,0.0,0.0,2.0,0.0,1.0,1.0,0.0,0.0,0.0,0.0,0.42857142857142855,0.7867957924694419,3.0,2.0,0.2857142857142857,0.6112498455021276,4.0,2.0,0.39285714285714285,0.6288900106557928,11.0,2.0,0.48214285714285715,0.6321988015453104,27.0,2.0,0.40476190476190477,0.6035846257642582,34.0,2.0,0.0,0.0,-1.0,819,0.36752136752136755,0.07448107448107448,0.38217338217338215,0.32722832722832723,0.09523809523809523,0.2600732600732601,48.207196029776675,6.882783882783883
2025-11-09,0,0,0,0,0,0,0,0,0,0,0,0,2025,11,9,6,313,45,4,1,0,0,-0.7818314824680299,0.6234898018587334,-0.780295851070776,0.6254105729852457,-0.7485107481711011,0.6631226582407952,-0.5000000000000004,0.8660254037844384,0.0,0.0,0.0,0.0,1.0,0.0,0.0,0.0,0.0,0.0,0.42857142857142855,0.7867957924694419,3.0,2.0,0.21428571428571427,0.5789342235218404,3.0,2.0,0.39285714285714285,0.6288900106557928,11.0,2.0,0.48214285714285715,0.6321988015453104,27.0,2.0,0.40476190476190477,0.6035846257642582,34.0,2.0,0.0,0.0,0.0,819,0.36752136752136755,0.07448107448107448,0.38217338217338215,0.32722832722832723,0.09523809523809523,0.2600732600732601,48.207196029776675,6.882783882783883
2025-11-10,0,0,0,0,0,0,0,0,0,0,0,0,2025,11,10,0,314,46,4,0,1,0,0.0,1.0,-0.7694148268839381,0.6387494220515268,-0.6631226582407955,0.7485107481711007,-0.5000000000000004,0.8660254037844384,0.0,0.0,0.0,1.0,0.0,1.0,0.0,0.0,0.0,0.0,0.2857142857142857,0.7559289460184531,2.0,2.0,0.21428571428571427,0.5789342235218404,3.0,2.0,0.35714285714285715,0.6214848238238677,10.0,2.0,0.4642857142857143,0.6314279837806531,26.0,2.0,0.39285714285714285,0.6015613648926419,33.0,2.0,0.0,-1.0,-1.0,819,0.36752136752136755,0.07448107448107448,0.38217338217338215,0.32722832722832723,0.09523809523809523,0.2600732600732601,48.207196029776675,6.882783882783883
2025-11-11,1,1,0,1,0,0,0,0,2,0,0,1,2025,11,11,1,315,46,4,0,0,0,0.7818314824680298,0.6234898018587336,-0.7583058084785625,0.6518989958787125,-0.6631226582407955,0.7485107481711007,-0.5000000000000004,0.8660254037844384,0.0,0.0,0.0,0.0,0.0,0.0,0.3333333333333333,0.5773502691896272,1.0,1.0,0.42857142857142855,0.786795792469442,3.0,2.0,0.2857142857142857,0.6112498455021276,4.0,2.0,0.39285714285714285,0.6288900106557928,11.0,2.0,0.44642857142857145,0.6005949431307991,25.0,2.0,0.40476190476190477,0.6035846257642582,34.0,2.0,1.0,1.0,1.0,819,0.36752136752136755,0.07448107448107448,0.38217338217338215,0.32722832722832723,0.09523809523809523,0.2600732600732601,48.207196029776675,6.882783882783883
2025-11-12,1,0,0,0,0,4,0,1,2,0,0,0,2025,11,12,2,316,46,4,0,0,0,0.9749279121818236,-0.22252093395631434,-0.7469720876965551,0.6648553979642866,-0.6631226582407955,0.7485107481711007,-0.5000000000000004,0.8660254037844384,1.0,0.0,0.0,2.0,0.0,1.0,0.6666666666666666,0.5773502691896281,2.0,1.0,0.2857142857142857,0.4879500364742646,2.0,1.0,0.35714285714285715,0.6333236937766519,5.0,2.0,0.39285714285714285,0.6288900106557928,11.0,2.0,0.44642857142857145,0.6005949431307991,25.0,2.0,0.40476190476190477,0.6035846257642582,34.0,2.0,0.0,-1.0,0.0,819,0.36752136752136755,0.07448107448107448,0.38217338217338215,0.32722832722832723,0.09523809523809523,0.2600732600732601,48.207196029776675,6.882783882783883
2025-11-13,1,1,0,1,0,0,0,0,2,0,0,0,2025,11,13,3,317,46,4,0,0,0,0.43388373911755823,-0.900968867902419,-0.7354170229639858,0.6776147890466887,-0.6631226582407955,0.7485107481711007,-0.5000000000000004,0.8660254037844384,1.0,1.0,0.0,0.0,0.0,0.0,1.0,0.0,3.0,1.0,0.42857142857142855,0.534522483824847,3.0,1.0,0.42857142857142855,0.646206172658865,6.0,2.0,0.42857142857142855,0.6341264874742261,12.0,2.0,0.44642857142857145,0.6005949431307991,25.0,2.0,0.4166666666666667,0.6053642403163704,35.0,2.0,0.0,1.0,1.0,819,0.36752136752136755,0.07448107448107448,0.38217338217338215,0.32722832722832723,0.09523809523809523,0.2600732600732601,48.207196029776675,6.882783882783883
2025-11-14,2,0,0,0,0,4,0,2,4,0,0,0,2025,11,14,4,318,46,4,0,0,1,-0.433883739117558,-0.9009688679024191,-0.7236440382959124,0.690173388242972,-0.6631226582407955,0.7485107481711007,-0.5000000000000004,0.8660254037844384,1.0,1.0,1.0,0.0,0.0,0.0,1.3333333333333333,0.5773502691896298,4.0,2.0,0.7142857142857143,0.7559289460184533,5.0,2.0,0.5714285714285714,0.7559289460184554,8.0,2.0,0.5,0.6938886664887093,14.0,2.0,0.48214285714285715,0.6321988015453104,27.0,2.0,0.44047619047619047,0.6276978491182865,37.0,2.0,1.0,2.0,2.0,819,0.36752136752136755,0.07448107448107448,0.38217338217338215,0.32722832722832723,0.09523809523809523,0.2600732600732601,48.207196029776675,6.882783882783883
2025-11-15,2,0,0,0,0,0,0,0,4,0,0,0,2025,11,15,5,319,46,4,1,0,0,-0.9749279121818236,-0.2225209339563146,-0.711656622281775,0.7025274741691566,-0.6631226582407955,0.7485107481711007,-0.5000000000000004,0.8660254037844384,2.0,1.0,1.0,0.0,0.0,0.0,1.6666666666666667,0.5773502691896306,5.0,2.0,1.0,0.816496580927725,7.0,2.0,0.7142857142857143,0.825420305855558,10.0,2.0,0.5714285714285714,0.7417981870189141,16.0,2.0,0.5,0.6605782590758179,28.0,2.0,0.4642857142857143,0.6483794176183039,39.0,2.0,0.0,2.0,2.0,819,0.36752136752136755,0.07448107448107448,0.38217338217338215,0.32722832722832723,0.09523809523809523,0.2600732600732601,48.207196029776675,6.882783882783883
2025-11-16,0,0,0,0,0,0,0,0,0,0,0,0,2025,11,16,6,320,46,4,1,0,0,-0.7818314824680299,0.6234898018587334,-0.6994583270516471,0.7146733860429608,-0.6631226582407955,0.7485107481711007,-0.5000000000000004,0.8660254037844384,2.0,2.0,1.0,0.0,0.0,2.0,1.3333333333333333,1.1547005383792537,4.0,2.0,1.0,0.816496580927725,7.0,2.0,0.7142857142857143,0.825420305855558,10.0,2.0,0.5,0.6938886664887092,14.0,2.0,0.4642857142857143,0.6314279837806532,26.0,2.0,0.4642857142857143,0.6483794176183039,39.0,2.0,-2.0,0.0,-2.0,819,0.36752136752136755,0.07448107448107448,0.38217338217338215,0.32722832722832723,0.09523809523809523,0.2600732600732601,48.207196029776675,6.882783882783883
2025-11-17,0,0,0,0,0,0,0,0,0,0,0,0,2025,11,17,0,321,47,4,0,1,0,0.0,1.0,-0.6870527672236675,0.7266075247685652,-0.5680647467311559,0.8229838658936564,-0.5000000000000004,0.8660254037844384,0.0,2.0,2.0,0.0,1.0,0.0,0.6666666666666666,1.154700538379253,2.0,2.0,1.0,0.816496580927725,7.0,2.0,0.6428571428571429,0.8418973861410964,9.0,2.0,0.5,0.6938886664887092,14.0,2.0,0.44642857142857145,0.6301411921767408,25.0,2.0,0.4642857142857143,0.6483794176183039,39.0,2.0,0.0,0.0,0.0,819,0.36752136752136755,0.07448107448107448,0.38217338217338215,0.32722832722832723,0.09523809523809523,0.2600732600732601,48.207196029776675,6.882783882783883
2025-11-18,3,1,0,1,0,0,0,0,6,0,0,2,2025,11,18,1,322,47,4,0,0,0,0.7818314824680298,0.6234898018587336,-0.6744436188329457,0.7383263540031063,-0.5680647467311559,0.8229838658936564,-0.5000000000000004,0.8660254037844384,0.0,0.0,2.0,1.0,0.0,1.0,1.0,1.7320508075688785,3.0,3.0,1.2857142857142858,1.1126972805283728,9.0,3.0,0.8571428571428571,1.0271051820261918,12.0,3.0,0.5714285714285714,0.8357108940373436,16.0,3.0,0.48214285714285715,0.7132785106578187,27.0,3.0,0.5,0.7028341935438676,42.0,3.0,3.0,2.0,2.0,819,0.36752136752136755,0.07448107448107448,0.38217338217338215,0.32722832722832723,0.09523809523809523,0.2600732600732601,48.207196029776675,6.882783882783883
2025-11-19,0,0,0,0,0,0,0,0,0,0,0,0,2025,11,19,2,323,47,4,0,0,0,0.9749279121818236,-0.22252093395631434,-0.661634618242279,0.749826401204568,-0.5680647467311559,0.8229838658936564,-0.5000000000000004,0.8660254037844384,3.0,0.0,0.0,1.0,2.0,0.0,1.0,1.7320508075688785,3.0,3.0,1.1428571428571428,1.214985792587911,8.0,3.0,0.7142857142857143,0.9944903161976947,10.0,3.0,0.5714285714285714,0.8357108940373436,16.0,3.0,0.4642857142857143,0.7125954025898638,26.0,3.0,0.5,0.7028341935438676,42.0,3.0,-3.0,-1.0,0.0,819,0.36752136752136755,0.07448107448107448,0.38217338217338215,0.32722832722832723,0.09523809523809523,0.2600732600732601,48.207196029776675,6.882783882783883
2025-11-20,0,0,0,0,0,0,0,0,0,0,0,0,2025,11,20,3,324,47,4,0,0,0,0.43388373911755823,-0.900968867902419,-0.6486295610349818,0.7611042586607742,-0.5680647467311559,0.8229838658936564,-0.5000000000000004,0.8660254037844384,0.0,3.0,0.0,1.0,0.0,0.0,1.0,1.7320508075688785,3.0,3.0,1.0,1.290994448735805,7.0,3.0,0.7142857142857143,0.9944903161976947,10.0,3.0,0.5714285714285714,0.8357108940373436,16.0,3.0,0.4642857142857143,0.7125954025898638,26.0,3.0,0.5,0.7028341935438676,42.0,3.0,0.0,-1.0,0.0,819,0.36752136752136755,0.07448107448107448,0.38217338217338215,0.32722832722832723,0.09523809523809523,0.2600732600732601,48.207196029776675,6.882783882783883
2025-11-21,1,0,1,0,0,0,0,0,2,1,1,1,2025,11,21,4,325,47,4,0,0,1,-0.433883739117558,-0.9009688679024191,-0.6354323008901775,0.7721565844991641,-0.5680647467311559,0.8229838658936564,-0.5000000000000004,0.8660254037844384,0.0,0.0,3.0,2.0,0.0,1.0,0.3333333333333333,0.5773502691896284,1.0,1.0,0.8571428571428571,1.214985792587911,6.0,3.0,0.7857142857142857,0.9749612559222302,11.0,3.0,0.5714285714285714,0.8357108940373436,16.0,3.0,0.48214285714285715,0.7132785106578187,27.0,3.0,0.5119047619047619,0.7027321486513453,43.0,3.0,1.0,-1.0,0.0,819,0.36752136752136755,0.07448107448107448,0.38217338217338215,0.32722832722832723,0.09523809523809523,0.2600732600732601,48.207196029776675,6.882783882783883
2025-11-22,1,0,0,0,0,0,0,0,2,0,0,0,2025,11,22,5,326,47,4,1,0,0,-0.9749279121818236,-0.2225209339563146,-0.622046748440868,0.7829801036770624,-0.5680647467311559,0.8229838658936564,-0.5000000000000004,0.8660254037844384,1.0,0.0,0.0,2.0,0.0,1.0,0.6666666666666666,0.577350269189629,2.0,1.0,0.7142857142857143,1.1126972805283728,5.0,3.0,0.8571428571428571,0.9492622930986476,12.0,3.0,0.5714285714285714,0.8357108940373436,16.0,3.0,0.5,0.7135060680126772,28.0,3.0,0.5238095238095238,0.7024259250263825,44.0,3.0,0.0,-1.0,0.0,819,0.36752136752136755,0.07448107448107448,0.38217338217338215,0.32722832722832723,0.09523809523809523,0.2600732600732601,48.207196029776675,6.882783882783883
2025-11-23,2,0,1,0,0,2,0,1,4,0,0,0,2025,11,23,6,327,47,4,1,0,0,-0.7818314824680299,0.6234898018587334,-0.6084768701151264,0.7935716089521472,-0.5680647467311559,0.8229838658936564,-0.5000000000000004,0.8660254037844384,1.0,1.0,0.0,0.0,0.0,1.0,1.3333333333333333,0.5773502691896303,4.0,2.0,1.0,1.1547005383792508,7.0,3.0,1.0,0.9607689228305237,14.0,3.0,0.6071428571428571,0.8751417118804323,17.0,3.0,0.5178571428571429,0.7383291069231066,29.0,3.0,0.5476190476190477,0.7181764374410153,46.0,3.0,1.0,2.0,1.0,819,0.36752136752136755,0.07448107448107448,0.38217338217338215,0.32722832722832723,0.09523809523809523,0.2600732600732601,48.207196029776675,6.882783882783883
2025-11-24,2,1,0,2,0,0,0,0,4,2,2,0,2025,11,24,0,328,48,4,0,1,0,0.0,1.0,-0.594726686960764,0.8039279618328208,-0.4647231720437684,0.88545602565321,-0.5000000000000004,0.8660254037844384,2.0,1.0,1.0,0.0,0.0,0.0,1.6666666666666667,0.5773502691896308,5.0,2.0,1.2857142857142858,1.1126972805283728,9.0,3.0,1.1428571428571428,0.9492622930986477,16.0,3.0,0.6785714285714286,0.9048663264720742,19.0,3.0,0.5535714285714286,0.7608522221141935,31.0,3.0,0.5714285714285714,0.7328063615384276,48.0,3.0,0.0,2.0,2.0,819,0.36752136752136755,0.07448107448107448,0.38217338217338215,0.32722832722832723,0.09523809523809523,0.2600732600732601,48.207196029776675,6.882783882783883
2025-11-25,0,0,0,0,0,0,0,0,0,0,0,0,2025,11,25,1,329,48,4,0,0,0,0.7818314824680298,0.6234898018587336,-0.5808002734538013,0.8140460935082175,-0.4647231720437684,0.88545602565321,-0.5000000000000004,0.8660254037844384,2.0,2.0,1.0,3.0,1.0,0.0,1.3333333333333333,1.1547005383792537,4.0,2.0,0.8571428571428571,0.8997354108424364,6.0,2.0,1.0714285714285714,0.9972489631508755,15.0,3.0,0.6785714285714286,0.9048663264720742,19.0,3.0,0.5535714285714286,0.7608522221141935,31.0,3.0,0.5714285714285714,0.7328063615384276,48.0,3.0,-2.0,-3.0,0.0,819,0.36752136752136755,0.07448107448107448,0.38217338217338215,0.32722832722832723,0.09523809523809523,0.2600732600732601,48.207196029776675,6.882783882783883
2025-11-26,2,1,0,1,0,0,0,0,4,0,0,1,2025,11,26,2,330,48,4,0,0,0,0.9749279121818236,-0.22252093395631434,-0.5667017562911184,0.8239230057575536,-0.4647231720437684,0.88545602565321,-0.5000000000000004,0.8660254037844384,0.0,2.0,2.0,0.0,1.0,0.0,1.3333333333333333,1.1547005383792537,4.0,2.0,1.1428571428571428,0.8997354108424364,8.0,2.0,1.1428571428571428,1.0271051820261918,16.0,3.0,0.75,0.9279607271383357,21.0,3.0,0.5892857142857143,0.781066536899986,33.0,3.0,0.5714285714285714,0.7328063615384276,48.0,3.0,2.0,2.0,2.0,819,0.36752136752136755,0.07448107448107448,0.38217338217338215,0.32722832722832723,0.09523809523809523,0.2600732600732601,48.207196029776675,6.882783882783883
2025-11-27,0,0,0,0,0,0,0,0,0,0,0,0,2025,11,27,3,331,48,4,0,0,0,0.43388373911755823,-0.900968867902419,-0.5524353131676203,0.8335557718385695,-0.4647231720437684,0.88545602565321,-0.5000000000000004,0.8660254037844384,2.0,0.0,2.0,0.0,1.0,0.0,0.6666666666666666,1.154700538379253,2.0,2.0,1.1428571428571428,0.8997354108424364,8.0,2.0,1.0714285714285714,1.071611705960536,15.0,3.0,0.75,0.9279607271383357,21.0,3.0,0.5892857142857143,0.781066536899986,33.0,3.0,0.5714285714285714,0.7328063615384276,48.0,3.0,-2.0,0.0,0.0,819,0.36752136752136755,0.07448107448107448,0.38217338217338215,0.32722832722832723,0.09523809523809523,0.2600732600732601,48.207196029776675,6.882783882783883
2025-11-28,1,1,0,1,0,0,0,0,2,0,0,1,2025,11,28,4,332,48,4,0,0,1,-0.433883739117558,-0.9009688679024191,-0.5380051715382992,0.8429415373547832,-0.4647231720437684,0.88545602565321,-0.5000000000000004,0.8660254037844384,0.0,2.0,0.0,1.0,2.0,0.0,1.0,1.000000000000002,3.0,2.0,1.1428571428571428,0.8997354108424364,8.0,2.0,1.0,1.0377490433255425,14.0,3.0,0.7857142857142857,0.9172076325837236,22.0,3.0,0.6071428571428571,0.7787769298672814,34.0,3.0,0.5833333333333334,0.7315330219812344,49.0,3.0,1.0,0.0,1.0,819,0.36752136752136755,0.07448107448107448,0.38217338217338215,0.32722832722832723,0.09523809523809523,0.2600732600732601,48.207196029776675,6.882783882783883
2025-11-29,1,1,0,1,0,0,0,0,2,0,0,1,2025,11,29,5,333,48,4,1,0,0,-0.9749279121818236,-0.2225209339563146,-0.5234156073655503,0.8520775211013093,-0.4647231720437684,0.88545602565321,-0.5000000000000004,0.8660254037844384,1.0,0.0,2.0,1.0,2.0,0.0,0.6666666666666666,0.5773502691896286,2.0,1.0,1.1428571428571428,0.8997354108424364,8.0,2.0,0.9285714285714286,0.9972489631508755,13.0,3.0,0.8214285714285714,0.9048663264720742,23.0,3.0,0.6071428571428571,0.7787769298672814,34.0,3.0,0.5952380952380952,0.7300610243357473,50.0,3.0,0.0,0.0,1.0,819,0.36752136752136755,0.07448107448107448,0.38217338217338215,0.32722832722832723,0.09523809523809523,0.2600732600732601,48.207196029776675,6.882783882783883
2025-11-30,0,0,0,0,0,0,0,0,0,0,0,0,2025,11,30,6,334,48,4,1,0,0,-0.7818314824680299,0.6234898018587334,-0.5086709438521042,0.8609610158889945,-0.4647231720437684,0.88545602565321,-0.5000000000000004,0.8660254037844384,1.0,1.0,0.0,2.0,0.0,0.0,0.6666666666666666,0.5773502691896286,2.0,1.0,0.8571428571428571,0.8997354108424364,6.0,2.0,0.9285714285714286,0.9972489631508755,13.0,3.0,0.8214285714285714,0.9048663264720742,23.0,3.0,0.6071428571428571,0.7787769298672814,34.0,3.0,0.5833333333333334,0.7315330219812344,49.0,3.0,-1.0,-2.0,0.0,819,0.36752136752136755,0.07448107448107448,0.38217338217338215,0.32722832722832723,0.09523809523809523,0.2600732600732601,48.207196029776675,6.882783882783883
2025-12-01,0,0,0,0,0,0,0,0,0,0,0,0,2025,12,1,0,335,49,4,0,1,0,0.0,1.0,-0.49377555015997737,0.8695893893466109,-0.35460488704253595,0.9350162426854147,-2.4492935982947064e-16,1.0,0.0,1.0,1.0,2.0,0.0,1.0,0.3333333333333333,0.577350269189628,1.0,1.0,0.5714285714285714,0.786795792469442,4.0,2.0,0.9285714285714286,0.9972489631508755,13.0,3.0,0.7857142857142857,0.9172076325837236,22.0,3.0,0.5892857142857143,0.781066536899986,33.0,3.0,0.5714285714285714,0.7328063615384276,48.0,3.0,0.0,-2.0,-1.0,819,0.36752136752136755,0.07448107448107448,0.38217338217338215,0.32722832722832723,0.09523809523809523,0.2600732600732601,48.207196029776675,6.882783882783883
2025-12-02,1,0,0,0,0,0,0,0,2,0,0,0,2025,12,2,1,336,49,4,0,0,0,0.7818314824680298,0.6234898018587336,-0.4787338401157883,0.8779600847008883,-0.35460488704253595,0.9350162426854147,-2.4492935982947064e-16,1.0,0.0,0.0,1.0,0.0,3.0,0.0,0.3333333333333333,0.577350269189628,1.0,1.0,0.7142857142857143,0.7559289460184532,5.0,2.0,0.7857142857142857,0.8017837257372743,11.0,2.0,0.8214285714285714,0.9048663264720742,23.0,3.0,0.6071428571428571,0.7787769298672814,34.0,3.0,0.5833333333333334,0.7315330219812344,49.0,3.0,1.0,1.0,1.0,819,0.36752136752136755,0.07448107448107448,0.38217338217338215,0.32722832722832723,0.09523809523809523,0.2600732600732601,48.207196029776675,6.882783882783883
2025-12-03,1,1,0,1,0,0,0,0,2,0,0,1,2025,12,3,2,337,49,4,0,0,0,0.9749279121818236,-0.22252093395631434,-0.4635502709028512,0.8860706215341378,-0.35460488704253595,0.9350162426854147,-2.4492935982947064e-16,1.0,1.0,0.0,0.0,2.0,0.0,2.0,0.6666666666666666,0.5773502691896286,2.0,1.0,0.5714285714285714,0.534522483824847,4.0,1.0,0.8571428571428571,0.7703288865196444,12.0,2.0,0.7857142857142857,0.875897121353738,22.0,3.0,0.625,0.7760623217710865,35.0,3.0,0.5952380952380952,0.7300610243357473,50.0,3.0,0.0,-1.0,-1.0,819,0.36752136752136755,0.07448107448107448,0.38217338217338215,0.32722832722832723,0.09523809523809523,0.2600732600732601,48.207196029776675,6.882783882783883
2025-12-04,0,0,0,0,0,0,0,0,0,0,0,0,2025,12,4,3,338,49,4,0,0,0,0.43388373911755823,-0.900968867902419,-0.4482293417404106,0.893918596519257,-0.35460488704253595,0.9350162426854147,-2.4492935982947064e-16,1.0,1.0,1.0,0.0,0.0,0.0,0.0,0.6666666666666666,0.5773502691896286,2.0,1.0,0.5714285714285714,0.534522483824847,4.0,1.0,0.8571428571428571,0.7703288865196444,12.0,2.0,0.7857142857142857,0.875897121353738,22.0,3.0,0.6071428571428571,0.7787769298672814,34.0,3.0,0.5952380952380952,0.7300610243357473,50.0,3.0,-1.0,0.0,0.0,819,0.36752136752136755,0.07448107448107448,0.38217338217338215,0.32722832722832723,0.09523809523809523,0.2600732600732601,48.207196029776675,6.882783882783883
2025-12-05,0,0,0,0,0,0,0,0,0,0,0,0,2025,12,5,4,339,49,4,0,0,1,-0.433883739117558,-0.9009688679024191,-0.4327755925504317,0.9015016841318838,-0.35460488704253595,0.9350162426854147,-2.4492935982947064e-16,1.0,0.0,1.0,1.0,1.0,1.0,0.0,0.3333333333333333,0.577350269189628,1.0,1.0,0.42857142857142855,0.5345224838248469,3.0,1.0,0.7857142857142857,0.8017837257372743,11.0,2.0,0.7857142857142857,0.875897121353738,22.0,3.0,0.6071428571428571,0.7787769298672814,34.0,3.0,0.5833333333333334,0.7315330219812344,49.0,3.0,0.0,-1.0,0.0,819,0.36752136752136755,0.07448107448107448,0.38217338217338215,0.32722832722832723,0.09523809523809523,0.2600732600732601,48.207196029776675,6.882783882783883
2025-12-06,0,0,0,0,0,0,0,0,0,0,0,0,2025,12,6,5,340,49,4,1,0,0,-0.9749279121818236,-0.2225209339563146,-0.41719360261231697,0.9088176373395028,-0.35460488704253595,0.9350162426854147,-2.4492935982947064e-16,1.0,0.0,0.0,1.0,1.0,1.0,0.0,0.0,0.0,0.0,0.0,0.2857142857142857,0.48795003647426455,2.0,1.0,0.7142857142857143,0.8254203058555581,10.0,2.0,0.7857142857142857,0.875897121353738,22.0,3.0,0.5892857142857143,0.781066536899986,33.0,3.0,0.5833333333333334,0.7315330219812344,49.0,3.0,0.0,-1.0,0.0,819,0.36752136752136755,0.07448107448107448,0.38217338217338215,0.32722832722832723,0.09523809523809523,0.2600732600732601,48.207196029776675,6.882783882783883
2025-12-07,0,0,0,0,0,0,0,0,0,0,0,0,2025,12,7,6,341,49,4,1,0,0,-0.7818314824680299,0.6234898018587334,-0.4014879892059737,0.9158642882672868,-0.35460488704253595,0.9350162426854147,-2.4492935982947064e-16,1.0,0.0,0.0,0.0,0.0,2.0,0.0,0.0,0.0,0.0,0.0,0.2857142857142857,0.48795003647426455,2.0,1.0,0.5714285714285714,0.7559289460184557,8.0,2.0,0.7857142857142857,0.875897121353738,22.0,3.0,0.5892857142857143,0.781066536899986,33.0,3.0,0.5833333333333334,0.7315330219812344,49.0,3.0,0.0,0.0,0.0,819,0.36752136752136755,0.07448107448107448,0.38217338217338215,0.32722832722832723,0.09523809523809523,0.2600732600732601,48.207196029776675,6.882783882783883
2025-12-08,0,0,0,0,0,0,0,0,0,0,0,0,2025,12,8,0,342,50,4,0,1,0,0.0,1.0,-0.38566340624360745,0.9226395488404875,-0.2393156642875578,0.970941817426052,-2.4492935982947064e-16,1.0,0.0,0.0,0.0,0.0,2.0,0.0,0.0,0.0,0.0,0.0,0.2857142857142857,0.48795003647426455,2.0,1.0,0.42857142857142855,0.6462061726588655,6.0,2.0,0.7857142857142857,0.875897121353738,22.0,3.0,0.5714285714285714,0.7829348714848605,32.0,3.0,0.5714285714285714,0.7328063615384276,48.0,3.0,0.0,0.0,0.0,819,0.36752136752136755,0.07448107448107448,0.38217338217338215,0.32722832722832723,0.09523809523809523,0.2600732600732601,48.207196029776675,6.882783882783883
2025-12-09,0,0,0,0,0,0,0,0,0,0,0,0,2025,12,9,1,343,50,4,0,0,0,0.7818314824680298,0.6234898018587336,-0.3697245428906732,0.9291414114031743,-0.2393156642875578,0.970941817426052,-2.4492935982947064e-16,1.0,0.0,0.0,0.0,1.0,0.0,1.0,0.0,0.0,0.0,0.0,0.14285714285714285,0.37796447300922453,1.0,1.0,0.42857142857142855,0.6462061726588655,6.0,2.0,0.75,0.8871510790372937,21.0,3.0,0.5714285714285714,0.7829348714848605,32.0,3.0,0.5476190476190477,0.7181764374410153,46.0,3.0,0.0,-1.0,-1.0,819,0.36752136752136755,0.07448107448107448,0.38217338217338215,0.32722832722832723,0.09523809523809523,0.2600732600732601,48.207196029776675,6.882783882783883
2025-12-10,0,0,0,0,0,0,0,0,0,0,0,0,2025,12,10,2,344,50,4,0,0,0,0.9749279121818236,-0.22252093395631434,-0.3536761221763721,0.935367949313148,-0.2393156642875578,0.970941817426052,-2.4492935982947064e-16,1.0,0.0,0.0,0.0,1.0,2.0,1.0,0.0,0.0,0.0,0.0,0.0,0.0,0.0,0.0,0.2857142857142857,0.4688072309384976,4.0,1.0,0.7142857142857143,0.8967902788460643,20.0,3.0,0.5535714285714286,0.7843849439272419,31.0,3.0,0.5357142857142857,0.7188751013630431,45.0,3.0,0.0,-1.0,-1.0,819,0.36752136752136755,0.07448107448107448,0.38217338217338215,0.32722832722832723,0.09523809523809523,0.2600732600732601,48.207196029776675,6.882783882783883
2025-12-11,1,0,1,0,0,1,0,1,1,0,0,1,2025,12,11,3,345,50,4,0,0,0,0.43388373911755823,-0.900968867902419,-0.33752289959411347,0.941317317512847,-0.2393156642875578,0.970941817426052,-2.4492935982947064e-16,1.0,0.0,0.0,0.0,0.0,0.0,1.0,0.3333333333333333,0.577350269189628,1.0,1.0,0.14285714285714285,0.37796447300922453,1.0,1.0,0.35714285714285715,0.4972451580988489,5.0,1.0,0.7142857142857143,0.8967902788460643,20.0,3.0,0.5714285714285714,0.7829348714848605,32.0,3.0,0.5357142857142857,0.7188751013630431,45.0,3.0,1.0,1.0,0.0,819,0.36752136752136755,0.07448107448107448,0.38217338217338215,0.32722832722832723,0.09523809523809523,0.2600732600732601,48.207196029776675,6.882783882783883
2025-12-12,0,0,0,0,0,0,0,0,0,0,0,0,2025,12,12,4,346,50,4,0,0,1,-0.433883739117558,-0.9009688679024191,-0.32126966169236515,0.9469877530760751,-0.2393156642875578,0.970941817426052,-2.4492935982947064e-16,1.0,1.0,0.0,0.0,0.0,1.0,2.0,0.3333333333333333,0.577350269189628,1.0,1.0,0.14285714285714285,0.37796447300922453,1.0,1.0,0.2857142857142857,0.4688072309384976,4.0,1.0,0.6428571428571429,0.8698354767504911,18.0,3.0,0.5714285714285714,0.7829348714848605,32.0,3.0,0.5357142857142857,0.7188751013630431,45.0,3.0,-1.0,0.0,-2.0,819,0.36752136752136755,0.07448107448107448,0.38217338217338215,0.32722832722832723,0.09523809523809523,0.2600732600732601,48.207196029776675,6.882783882783883
2025-12-13,2,0,0,0,0,0,0,0,4,0,0,0,2025,12,13,5,347,50,4,1,0,0,-0.9749279121818236,-0.2225209339563146,-0.3049212246562894,0.9523775757303973,-0.2393156642875578,0.970941817426052,-2.4492935982947064e-16,1.0,0.0,1.0,0.0,0.0,1.0,2.0,1.0,1.000000000000002,3.0,2.0,0.42857142857142855,0.7867957924694419,3.0,2.0,0.35714285714285715,0.6333236937766525,5.0,2.0,0.6428571428571429,0.8698354767504911,18.0,3.0,0.6071428571428571,0.8017837257372745,34.0,3.0,0.5476190476190477,0.7347610365538154,46.0,3.0,2.0,2.0,0.0,819,0.36752136752136755,0.07448107448107448,0.38217338217338215,0.32722832722832723,0.09523809523809523,0.2600732600732601,48.207196029776675,6.882783882783883
2025-12-14,0,0,0,0,0,0,0,0,0,0,0,0,2025,12,14,6,348,50,4,1,0,0,-0.7818314824680299,0.6234898018587334,-0.2884824328806098,0.9574851883550389,-0.2393156642875578,0.970941817426052,-2.4492935982947064e-16,1.0,2.0,0.0,1.0,0.0,0.0,0.0,0.6666666666666666,1.154700538379253,2.0,2.0,0.42857142857142855,0.7867957924694419,3.0,2.0,0.35714285714285715,0.6333236937766525,5.0,2.0,0.6428571428571429,0.8698354767504911,18.0,3.0,0.5714285714285714,0.7829348714848606,32.0,3.0,0.5238095238095238,0.719373731582783,44.0,3.0,-2.0,0.0,0.0,819,0.36752136752136755,0.07448107448107448,0.38217338217338215,0.32722832722832723,0.09523809523809523,0.2600732600732601,48.207196029776675,6.882783882783883
2025-12-15,0,0,0,0,0,0,0,0,0,0,0,0,2025,12,15,0,349,51,4,0,1,0,0.0,1.0,-0.27195815753410524,0.9623090774541487,-0.12053668025532363,0.992708874098054,-2.4492935982947064e-16,1.0,0.0,2.0,0.0,0.0,0.0,0.0,0.6666666666666666,1.154700538379253,2.0,2.0,0.42857142857142855,0.7867957924694419,3.0,2.0,0.35714285714285715,0.6333236937766525,5.0,2.0,0.6428571428571429,0.8698354767504911,18.0,3.0,0.5714285714285714,0.7829348714848606,32.0,3.0,0.5119047619047619,0.7196727438845416,43.0,3.0,0.0,0.0,0.0,819,0.36752136752136755,0.07448107448107448,0.38217338217338215,0.32722832722832723,0.09523809523809523,0.2600732600732601,48.207196029776675,6.882783882783883
2025-12-16,1,1,0,0,0,1,0,1,2,0,0,0,2025,12,16,1,350,51,4,0,0,0,0.7818314824680298,0.6234898018587336,-0.2553532951161881,0.9668478136052773,-0.12053668025532363,0.992708874098054,-2.4492935982947064e-16,1.0,0.0,0.0,2.0,0.0,1.0,3.0,0.3333333333333333,0.5773502691896278,1.0,1.0,0.5714285714285714,0.786795792469442,4.0,2.0,0.35714285714285715,0.6333236937766525,5.0,2.0,0.5714285714285714,0.7417981870189141,16.0,2.0,0.5714285714285714,0.7829348714848606,32.0,3.0,0.5119047619047619,0.7196727438845416,43.0,3.0,1.0,1.0,-2.0,819,0.36752136752136755,0.07448107448107448,0.38217338217338215,0.32722832722832723,0.09523809523809523,0.2600732600732601,48.207196029776675,6.882783882783883
2025-12-17,0,0,0,0,0,0,0,0,0,0,0,0,2025,12,17,2,351,51,4,0,0,0,0.9749279121818236,-0.22252093395631434,-0.23867276600594997,0.9711000518829505,-0.12053668025532363,0.992708874098054,-2.4492935982947064e-16,1.0,1.0,0.0,0.0,0.0,1.0,0.0,0.3333333333333333,0.5773502691896278,1.0,1.0,0.5714285714285714,0.786795792469442,4.0,2.0,0.2857142857142857,0.6112498455021281,4.0,2.0,0.5714285714285714,0.7417981870189141,16.0,2.0,0.5714285714285714,0.7829348714848606,32.0,3.0,0.5,0.7197723870478968,42.0,3.0,-1.0,0.0,0.0,819,0.36752136752136755,0.07448107448107448,0.38217338217338215,0.32722832722832723,0.09523809523809523,0.2600732600732601,48.207196029776675,6.882783882783883
2025-12-18,0,0,0,0,0,0,0,0,0,0,0,0,2025,12,18,3,352,51,4,0,0,0,0.43388373911755823,-0.900968867902419,-0.22192151300416674,0.9750645322571945,-0.12053668025532363,0.992708874098054,-2.4492935982947064e-16,1.0,0.0,1.0,0.0,1.0,0.0,0.0,0.3333333333333333,0.5773502691896278,1.0,1.0,0.42857142857142855,0.7867957924694419,3.0,2.0,0.2857142857142857,0.6112498455021281,4.0,2.0,0.5714285714285714,0.7417981870189141,16.0,2.0,0.5714285714285714,0.7829348714848606,32.0,3.0,0.5,0.7197723870478968,42.0,3.0,0.0,-1.0,0.0,819,0.36752136752136755,0.07448107448107448,0.38217338217338215,0.32722832722832723,0.09523809523809523,0.2600732600732601,48.207196029776675,6.882783882783883
2025-12-19,1,0,0,1,0,0,0,0,2,0,0,0,2025,12,19,4,353,51,4,0,0,1,-0.433883739117558,-0.9009688679024191,-0.20510449986861926,0.9787400799669153,-0.12053668025532363,0.992708874098054,-2.4492935982947064e-16,1.0,0.0,0.0,1.0,0.0,0.0,1.0,0.3333333333333333,0.5773502691896278,1.0,1.0,0.5714285714285714,0.786795792469442,4.0,2.0,0.35714285714285715,0.6333236937766525,5.0,2.0,0.5714285714285714,0.7417981870189141,16.0,2.0,0.5714285714285714,0.7829348714848606,32.0,3.0,0.5119047619047619,0.7196727438845416,43.0,3.0,1.0,1.0,0.0,819,0.36752136752136755,0.07448107448107448,0.38217338217338215,0.32722832722832723,0.09523809523809523,0.2600732600732601,48.207196029776675,6.882783882783883
2025-12-20,3,0,1,0,0,0,0,0,6,0,0,1,2025,12,20,5,354,51,4,1,0,0,-0.9749279121818236,-0.2225209339563146,-0.1882267098432439,0.9821256058680006,-0.12053668025532363,0.992708874098054,-2.4492935982947064e-16,1.0,1.0,0.0,0.0,2.0,0.0,1.0,1.3333333333333333,1.527525231651948,4.0,3.0,0.7142857142857143,1.1126972805283728,5.0,3.0,0.5714285714285714,0.9376144618769918,8.0,3.0,0.6428571428571429,0.8698354767504911,18.0,3.0,0.6071428571428571,0.8459222278581039,34.0,3.0,0.5476190476190477,0.7668549745042896,46.0,3.0,2.0,1.0,2.0,819,0.36752136752136755,0.07448107448107448,0.38217338217338215,0.32722832722832723,0.09523809523809523,0.2600732600732601,48.207196029776675,6.882783882783883
2025-12-21,1,0,0,1,0,2,0,1,2,0,0,0,2025,12,21,6,355,51,4,1,0,0,-0.7818314824680299,0.6234898018587334,-0.1712931441814778,0.9852201067560606,-0.12053668025532363,0.992708874098054,-2.4492935982947064e-16,1.0,3.0,1.0,0.0,0.0,0.0,2.0,1.6666666666666667,1.154700538379254,5.0,3.0,0.8571428571428571,1.0690449676496965,6.0,3.0,0.6428571428571429,0.928782731664066,9.0,3.0,0.6071428571428571,0.8317445171439001,17.0,3.0,0.6071428571428571,0.8459222278581039,34.0,3.0,0.5476190476190477,0.7668549745042896,46.0,3.0,-2.0,1.0,-1.0,819,0.36752136752136755,0.07448107448107448,0.38217338217338215,0.32722832722832723,0.09523809523809523,0.2600732600732601,48.207196029776675,6.882783882783883
2025-12-22,0,0,0,0,0,0,0,0,0,0,0,0,2025,12,22,0,356,52,4,0,1,0,0.0,1.0,-0.154308820664281,0.9880226656636976,6.432490598706546e-16,1.0,-2.4492935982947064e-16,1.0,1.0,3.0,1.0,0.0,0.0,2.0,1.3333333333333333,1.527525231651948,4.0,3.0,0.8571428571428571,1.0690449676496965,6.0,3.0,0.6428571428571429,0.928782731664066,9.0,3.0,0.5357142857142857,0.7926581093427834,15.0,3.0,0.6071428571428571,0.8459222278581039,34.0,3.0,0.5476190476190477,0.7668549745042896,46.0,3.0,-1.0,0.0,-2.0,819,0.36752136752136755,0.07448107448107448,0.38217338217338215,0.32722832722832723,0.09523809523809523,0.2600732600732601,48.207196029776675,6.882783882783883
2025-12-23,1,1,0,1,0,0,0,0,2,0,0,0,2025,12,23,1,357,52,4,0,0,0,0.7818314824680298,0.6234898018587336,-0.13727877211326517,0.9905324521322227,6.432490598706546e-16,1.0,-2.4492935982947064e-16,1.0,0.0,1.0,3.0,1.0,0.0,0.0,0.6666666666666666,0.5773502691896287,2.0,1.0,0.8571428571428571,1.0690449676496965,6.0,3.0,0.7142857142857143,0.9138735334633764,10.0,3.0,0.5714285714285714,0.7901510136288011,16.0,3.0,0.625,0.8434237584771006,35.0,3.0,0.5595238095238095,0.7660128420105454,47.0,3.0,1.0,0.0,1.0,819,0.36752136752136755,0.07448107448107448,0.38217338217338215,0.32722832722832723,0.09523809523809523,0.2600732600732601,48.207196029776675,6.882783882783883
2025-12-24,0,0,0,0,0,0,0,0,0,0,0,0,2025,12,24,2,358,52,4,0,0,0,0.9749279121818236,-0.22252093395631434,-0.12020804489935275,0.9927487224577402,6.432490598706546e-16,1.0,-2.4492935982947064e-16,1.0,1.0,0.0,1.0,0.0,0.0,2.0,0.3333333333333333,0.5773502691896282,1.0,1.0,0.8571428571428571,1.0690449676496965,6.0,3.0,0.7142857142857143,0.9138735334633764,10.0,3.0,0.5,0.7453559924999282,14.0,3.0,0.625,0.8434237584771006,35.0,3.0,0.5595238095238095,0.7660128420105454,47.0,3.0,-1.0,0.0,-2.0,819,0.36752136752136755,0.07448107448107448,0.38217338217338215,0.32722832722832723,0.09523809523809523,0.2600732600732601,48.207196029776675,6.882783882783883
2025-12-25,0,0,0,0,0,0,0,0,0,0,0,0,2025,12,25,3,359,52,4,0,0,0,0.43388373911755823,-0.900968867902419,-0.10310169744743544,0.9946708199115211,6.432490598706546e-16,1.0,-2.4492935982947064e-16,1.0,0.0,1.0,0.0,0.0,1.0,0.0,0.3333333333333333,0.5773502691896282,1.0,1.0,0.8571428571428571,1.0690449676496965,6.0,3.0,0.6428571428571429,0.928782731664066,9.0,3.0,0.5,0.7453559924999282,14.0,3.0,0.625,0.8434237584771006,35.0,3.0,0.5595238095238095,0.7660128420105454,47.0,3.0,0.0,0.0,0.0,819,0.36752136752136755,0.07448107448107448,0.38217338217338215,0.32722832722832723,0.09523809523809523,0.2600732600732601,48.207196029776675,6.882783882783883
2025-12-26,2,2,0,1,0,1,0,1,4,0,0,1,2025,12,26,4,360,52,4,0,0,1,-0.433883739117558,-0.9009688679024191,-0.0859647987374467,0.9962981749346077,6.432490598706546e-16,1.0,-2.4492935982947064e-16,1.0,0.0,0.0,1.0,1.0,0.0,1.0,0.6666666666666666,1.154700538379253,2.0,2.0,1.0,1.1547005383792506,7.0,3.0,0.7857142857142857,0.9749612559222302,11.0,3.0,0.5357142857142857,0.7926581093427834,15.0,3.0,0.6607142857142857,0.8586836800228969,37.0,3.0,0.5833333333333334,0.7793777767395623,49.0,3.0,2.0,1.0,1.0,819,0.36752136752136755,0.07448107448107448,0.38217338217338215,0.32722832722832723,0.09523809523809523,0.2600732600732601,48.207196029776675,6.882783882783883
2025-12-27,0,0,0,0,0,0,0,0,0,0,0,0,2025,12,27,5,361,52,4,1,0,0,-0.9749279121818236,-0.2225209339563146,-0.06880242680232064,0.9976303053065857,6.432490598706546e-16,1.0,-2.4492935982947064e-16,1.0,2.0,0.0,0.0,3.0,2.0,1.0,0.6666666666666666,1.154700538379253,2.0,2.0,0.5714285714285714,0.7867957924694419,4.0,2.0,0.6428571428571429,0.928782731664066,9.0,3.0,0.5,0.7934920476158707,14.0,3.0,0.6607142857142857,0.8586836800228969,37.0,3.0,0.5714285714285714,0.780573071619624,48.0,3.0,-2.0,-3.0,-1.0,819,0.36752136752136755,0.07448107448107448,0.38217338217338215,0.32722832722832723,0.09523809523809523,0.2600732600732601,48.207196029776675,6.882783882783883
2025-12-28,0,0,0,0,0,0,0,0,0,0,0,0,2025,12,28,6,362,52,4,1,0,0,-0.7818314824680299,0.6234898018587334,-0.05161966722325418,0.9986668162884759,6.432490598706546e-16,1.0,-2.4492935982947064e-16,1.0,0.0,2.0,0.0,1.0,0.0,0.0,0.6666666666666666,1.154700538379253,2.0,2.0,0.42857142857142855,0.786795792469442,3.0,2.0,0.6428571428571429,0.928782731664066,9.0,3.0,0.5,0.7934920476158707,14.0,3.0,0.6607142857142857,0.8586836800228969,37.0,3.0,0.5714285714285714,0.780573071619624,48.0,3.0,0.0,-1.0,0.0,819,0.36752136752136755,0.07448107448107448,0.38217338217338215,0.32722832722832723,0.09523809523809523,0.2600732600732601,48.207196029776675,6.882783882783883
2025-12-29,0,0,0,0,0,0,0,0,0,0,0,0,2025,12,29,0,363,1,4,0,1,0,0.0,1.0,-0.034421611622745804,0.9994074007397048,0.12053668025532305,0.992708874098054,-2.4492935982947064e-16,1.0,0.0,0.0,2.0,0.0,0.0,0.0,0.0,0.0,0.0,0.0,0.42857142857142855,0.786795792469442,3.0,2.0,0.6428571428571429,0.928782731664066,9.0,3.0,0.5,0.7934920476158707,14.0,3.0,0.6428571428571429,0.861891607371336,36.0,3.0,0.5595238095238095,0.7815830471979555,47.0,3.0,0.0,0.0,0.0,819,0.36752136752136755,0.07448107448107448,0.38217338217338215,0.32722832722832723,0.09523809523809523,0.2600732600732601,48.207196029776675,6.882783882783883
2025-12-30,1,0,0,0,0,0,0,0,2,0,0,0,2025,12,30,1,364,1,4,0,0,0,0.7818314824680298,0.6234898018587336,-0.01721335615583528,0.9998518392091162,0.12053668025532305,0.992708874098054,-2.4492935982947064e-16,1.0,0.0,0.0,0.0,1.0,1.0,1.0,0.3333333333333333,0.5773502691896281,1.0,1.0,0.42857142857142855,0.786795792469442,3.0,2.0,0.6428571428571429,0.928782731664066,9.0,3.0,0.5,0.7934920476158707,14.0,3.0,0.6607142857142857,0.8586836800228969,37.0,3.0,0.5714285714285714,0.780573071619624,48.0,3.0,1.0,0.0,0.0,819,0.36752136752136755,0.07448107448107448,0.38217338217338215,0.32722832722832723,0.09523809523809523,0.2600732600732601,48.207196029776675,6.882783882783883
