date,crash_count,rush_hour_crashes,night_crashes,peak_crash_hour_crashes,total_killed,total_injured,fatal_crashes,injury_crashes,total_vehicles,rain_crashes,adverse_weather_crashes,dark_crashes,year,month,day,day_of_week,day_of_year,week_of_year,quarter,is_weekend,is_monday,is_friday,day_of_week_sin,day_of_week_cos,day_of_year_sin,day_of_year_cos,week_sin,week_cos,month_sin,month_cos,crashes_lag_1d,crashes_lag_2d,crashes_lag_3d,crashes_lag_7d,crashes_lag_14d,crashes_lag_28d,crashes_rolling_mean_3d,crashes_rolling_std_3d,crashes_rolling_sum_3d,crashes_rolling_max_3d,crashes_rolling_mean_7d,crashes_rolling_std_7d,crashes_rolling_sum_7d,crashes_rolling_max_7d,crashes_rolling_mean_14d,crashes_rolling_std_14d,crashes_rolling_sum_14d,crashes_rolling_max_14d,crashes_rolling_mean_28d,crashes_rolling_std_28d,crashes_rolling_sum_28d,crashes_rolling_max_28d,crashes_rolling_mean_56d,crashes_rolling_std_56d,crashes_rolling_sum_56d,crashes_rolling_max_56d,crashes_rolling_mean_84d,crashes_rolling_std_84d,crashes_rolling_sum_84d,crashes_rolling_max_84d,crash_change_1d,crash_change_7d,crash_change_28d,total_crashes_hist,pct_rush_hour,pct_night,pct_peak_hour,pct_weekend,pct_rain,pct_dark,avg_spd_limit,avg_lanes
2022-01-01,1,1,0,1,0,0,0,0,3,0,0,0,2022,1,1,5,1,52,1,1,0,0,-0.9749279121818236,-0.2225209339563146,0.017213356155834685,0.9998518392091162,6.432490598706546e-16,1.0,0.49999999999999994,0.8660254037844387,0.0,0.0,0.0,0.0,0.0,0.0,1.0,0.0,1.0,1.0,1.0,0.0,1.0,1.0,1.0,0.0,1.0,1.0,1.0,0.0,1.0,1.0,1.0,0.0,1.0,1.0,1.0,0.0,1.0,1.0,0.0,0.0,0.0,1319,0.3661865049279757,0.15921152388172857,0.3199393479909022,0.24791508718726307,0.15466262319939347,0.3009855951478393,43.28363914373089,5.3570887035633055
2022-01-02,0,0,0,0,0,0,0,0,0,0,0,0,2022,1,2,6,2,52,1,1,0,0,-0.7818314824680299,0.6234898018587334,0.03442161162274574,0.9994074007397048,6.432490598706546e-16,1.0,0.49999999999999994,0.8660254037844387,1.0,0.0,0.0,0.0,0.0,0.0,0.5,0.7071067811865476,1.0,1.0,0.5,0.7071067811865476,1.0,1.0,0.5,0.7071067811865476,1.0,1.0,0.5,0.7071067811865476,1.0,1.0,0.5,0.7071067811865476,1.0,1.0,0.5,0.7071067811865476,1.0,1.0,-1.0,0.0,0.0,1319,0.3661865049279757,0.15921152388172857,0.3199393479909022,0.24791508718726307,0.15466262319939347,0.3009855951478393,43.28363914373089,5.3570887035633055
2022-01-03,0,0,0,0,0,0,0,0,0,0,0,0,2022,1,3,0,3,1,1,0,1,0,0.0,1.0,0.051619667223253764,0.998666816288476,0.12053668025532305,0.992708874098054,0.49999999999999994,0.8660254037844387,0.0,1.0,0.0,0.0,0.0,0.0,0.3333333333333333,0.5773502691896258,1.0,1.0,0.3333333333333333,0.5773502691896258,1.0,1.0,0.3333333333333333,0.5773502691896258,1.0,1.0,0.3333333333333333,0.5773502691896258,1.0,1.0,0.3333333333333333,0.5773502691896258,1.0,1.0,0.3333333333333333,0.5773502691896258,1.0,1.0,0.0,0.0,0.0,1319,0.3661865049279757,0.15921152388172857,0.3199393479909022,0.24791508718726307,0.15466262319939347,0.3009855951478393,43.28363914373089,5.3570887035633055
2022-01-04,0,0,0,0,0,0,0,0,0,0,0,0,2022,1,4,1,4,1,1,0,0,0,0.7818314824680298,0.6234898018587336,0.06880242680231986,0.9976303053065857,0.12053668025532305,0.992708874098054,0.49999999999999994,0.8660254037844387,0.0,0.0,1.0,0.0,0.0,0.0,0.0,0.0,0.0,0.0,0.25,0.5,1.0,1.0,0.25,0.5,1.0,1.0,0.25,0.5,1.0,1.0,0.25,0.5,1.0,1.0,0.25,0.5,1.0,1.0,0.0,0.0,0.0,1319,0.3661865049279757,0.15921152388172857,0.3199393479909022,0.24791508718726307,0.15466262319939347,0.3009855951478393,43.28363914373089,5.3570887035633055
2022-01-05,1,1,0,0,0,1,0,1,2,0,0,0,2022,1,5,2,5,1,1,0,0,0,0.9749279121818236,-0.22252093395631434,0.08596479873744647,0.9962981749346078,0.12053668025532305,0.992708874098054,0.49999999999999994,0.8660254037844387,0.0,0.0,0.0,0.0,0.0,0.0,0.3333333333333333,0.5773502691896258,1.0,1.0,0.4,0.5477225575051662,2.0,1.0,0.4,0.5477225575051662,2.0,1.0,0.4,0.5477225575051662,2.0,1.0,0.4,0.5477225575051662,2.0,1.0,0.4,0.5477225575051662,2.0,1.0,1.0,0.0,0.0,1319,0.3661865049279757,0.15921152388172857,0.3199393479909022,0.24791508718726307,0.15466262319939347,0.3009855951478393,43.28363914373089,5.3570887035633055
2022-01-06,0,0,0,0,0,0,0,0,0,0,0,0,2022,1,6,3,6,1,1,0,0,0,0.43388373911755823,-0.900968867902419,0.10310169744743485,0.9946708199115211,0.12053668025532305,0.992708874098054,0.49999999999999994,0.8660254037844387,1.0,0.0,0.0,0.0,0.0,0.0,0.3333333333333333,0.5773502691896258,1.0,1.0,0.3333333333333333,0.5163977794943223,2.0,1.0,0.3333333333333333,0.5163977794943223,2.0,1.0,0.3333333333333333,0.5163977794943223,2.0,1.0,0.3333333333333333,0.5163977794943223,2.0,1.0,0.3333333333333333,0.5163977794943223,2.0,1.0,-1.0,0.0,0.0,1319,0.3661865049279757,0.15921152388172857,0.3199393479909022,0.24791508718726307,0.15466262319939347,0.3009855951478393,43.28363914373089,5.3570887035633055
2022-01-07,3,0,0,0,0,0,0,0,6,0,0,0,2022,1,7,4,7,1,1,0,0,1,-0.433883739117558,-0.9009688679024191,0.1202080448993527,0.9927487224577402,0.12053668025532305,0.992708874098054,0.49999999999999994,0.8660254037844387,0.0,1.0,0.0,0.0,0.0,0.0,1.3333333333333333,1.5275252316519465,4.0,3.0,0.7142857142857143,1.1126972805283737,5.0,3.0,0.7142857142857143,1.1126972805283737,5.0,3.0,0.7142857142857143,1.1126972805283737,5.0,3.0,0.7142857142857143,1.1126972805283737,5.0,3.0,0.7142857142857143,1.1126972805283737,5.0,3.0,3.0,0.0,0.0,1319,0.3661865049279757,0.15921152388172857,0.3199393479909022,0.24791508718726307,0.15466262319939347,0.3009855951478393,43.28363914373089,5.3570887035633055
2022-01-08,0,0,0,0,0,0,0,0,0,0,0,0,2022,1,8,5,8,1,1,1,0,0,-0.9749279121818236,-0.2225209339563146,0.13727877211326478,0.9905324521322229,0.12053668025532305,0.992708874098054,0.49999999999999994,0.8660254037844387,3.0,0.0,1.0,1.0,0.0,0.0,1.0,1.7320508075688772,3.0,3.0,0.5714285714285714,1.1338934190276817,4.0,3.0,0.625,1.0606601717798212,5.0,3.0,0.625,1.0606601717798212,5.0,3.0,0.625,1.0606601717798212,5.0,3.0,0.625,1.0606601717798212,5.0,3.0,-3.0,-1.0,0.0,1319,0.3661865049279757,0.15921152388172857,0.3199393479909022,0.24791508718726307,0.15466262319939347,0.3009855951478393,43.28363914373089,5.3570887035633055
2022-01-09,0,0,0,0,0,0,0,0,0,0,0,0,2022,1,9,6,9,1,1,1,0,0,-0.7818314824680299,0.6234898018587334,0.15430882066428117,0.9880226656636976,0.12053668025532305,0.992708874098054,0.49999999999999994,0.8660254037844387,0.0,3.0,0.0,0.0,0.0,0.0,1.0,1.7320508075688772,3.0,3.0,0.5714285714285714,1.1338934190276817,4.0,3.0,0.5555555555555556,1.0137937550497031,5.0,3.0,0.5555555555555556,1.0137937550497031,5.0,3.0,0.5555555555555556,1.0137937550497031,5.0,3.0,0.5555555555555556,1.0137937550497031,5.0,3.0,0.0,0.0,0.0,1319,0.3661865049279757,0.15921152388172857,0.3199393479909022,0.24791508718726307,0.15466262319939347,0.3009855951478393,43.28363914373089,5.3570887035633055
2022-01-10,0,0,0,0,0,0,0,0,0,0,0,0,2022,1,10,0,10,2,1,0,1,0,0.0,1.0,0.1712931441814776,0.9852201067560606,0.23931566428755774,0.970941817426052,0.49999999999999994,0.8660254037844387,0.0,0.0,3.0,0.0,0.0,0.0,0.0,0.0,0.0,0.0,0.5714285714285714,1.1338934190276817,4.0,3.0,0.5,0.97182531580755,5.0,3.0,0.5,0.97182531580755,5.0,3.0,0.5,0.97182531580755,5.0,3.0,0.5,0.97182531580755,5.0,3.0,0.0,0.0,0.0,1319,0.3661865049279757,0.15921152388172857,0.3199393479909022,0.24791508718726307,0.15466262319939347,0.3009855951478393,43.28363914373089,5.3570887035633055
2022-01-11,1,0,0,0,0,0,0,0,2,0,0,1,2022,1,11,1,11,2,1,0,0,0,0.7818314824680298,0.6234898018587336,0.1882267098432442,0.9821256058680006,0.23931566428755774,0.970941817426052,0.49999999999999994,0.8660254037844387,0.0,0.0,0.0,0.0,0.0,0.0,0.3333333333333333,0.5773502691896254,1.0,1.0,0.7142857142857143,1.1126972805283737,5.0,3.0,0.5454545454545454,0.9341987329938275,6.0,3.0,0.5454545454545454,0.9341987329938275,6.0,3.0,0.5454545454545454,0.9341987329938275,6.0,3.0,0.5454545454545454,0.9341987329938275,6.0,3.0,1.0,1.0,0.0,1319,0.3661865049279757,0.15921152388172857,0.3199393479909022,0.24791508718726307,0.15466262319939347,0.3009855951478393,43.28363914373089,5.3570887035633055
2022-01-12,2,0,0,1,0,0,0,0,5,0,0,0,2022,1,12,2,12,2,1,0,0,0,0.9749279121818236,-0.22252093395631434,0.2051044998686192,0.9787400799669153,0.23931566428755774,0.970941817426052,0.49999999999999994,0.8660254037844387,1.0,0.0,0.0,1.0,0.0,0.0,1.0,0.9999999999999998,3.0,2.0,0.8571428571428571,1.2149857925879117,6.0,3.0,0.6666666666666666,0.9847319278346618,8.0,3.0,0.6666666666666666,0.9847319278346618,8.0,3.0,0.6666666666666666,0.9847319278346618,8.0,3.0,0.6666666666666666,0.9847319278346618,8.0,3.0,1.0,1.0,0.0,1319,0.3661865049279757,0.15921152388172857,0.3199393479909022,0.24791508718726307,0.15466262319939347,0.3009855951478393,43.28363914373089,5.3570887035633055
2022-01-13,0,0,0,0,0,0,0,0,0,0,0,0,2022,1,13,3,13,2,1,0,0,0,0.43388373911755823,-0.900968867902419,0.2219215130041655,0.9750645322571948,0.23931566428755774,0.970941817426052,0.49999999999999994,0.8660254037844387,2.0,1.0,0.0,0.0,0.0,0.0,1.0,0.9999999999999998,3.0,2.0,0.8571428571428571,1.2149857925879117,6.0,3.0,0.6153846153846154,0.9607689228305227,8.0,3.0,0.6153846153846154,0.9607689228305227,8.0,3.0,0.6153846153846154,0.9607689228305227,8.0,3.0,0.6153846153846154,0.9607689228305227,8.0,3.0,-2.0,0.0,0.0,1319,0.3661865049279757,0.15921152388172857,0.3199393479909022,0.24791508718726307,0.15466262319939347,0.3009855951478393,43.28363914373089,5.3570887035633055
2022-01-14,2,1,0,1,0,0,0,0,5,0,0,1,2022,1,14,4,14,2,1,0,0,1,-0.433883739117558,-0.9009688679024191,0.2386727660059501,0.9711000518829505,0.23931566428755774,0.970941817426052,0.49999999999999994,0.8660254037844387,0.0,2.0,1.0,3.0,0.0,0.0,1.3333333333333333,1.1547005383792515,4.0,2.0,0.7142857142857143,0.9511897312113419,5.0,2.0,0.7142857142857143,0.9944903161976938,10.0,3.0,0.7142857142857143,0.9944903161976938,10.0,3.0,0.7142857142857143,0.9944903161976938,10.0,3.0,0.7142857142857143,0.9944903161976938,10.0,3.0,2.0,-1.0,0.0,1319,0.3661865049279757,0.15921152388172857,0.3199393479909022,0.24791508718726307,0.15466262319939347,0.3009855951478393,43.28363914373089,5.3570887035633055
2022-01-15,6,3,1,3,0,6,0,5,13,5,5,5,2022,1,15,5,15,2,1,1,0,0,-0.9749279121818236,-0.2225209339563146,0.255353295116187,0.9668478136052775,0.23931566428755774,0.970941817426052,0.49999999999999994,0.8660254037844387,2.0,0.0,2.0,0.0,1.0,0.0,2.6666666666666665,3.0550504633038935,8.0,6.0,1.5714285714285714,2.14919697074224,11.0,6.0,1.0714285714285714,1.7304639535412156,15.0,6.0,1.0666666666666667,1.667618775665584,16.0,6.0,1.0666666666666667,1.667618775665584,16.0,6.0,1.0666666666666667,1.667618775665584,16.0,6.0,4.0,6.0,0.0,1319,0.3661865049279757,0.15921152388172857,0.3199393479909022,0.24791508718726307,0.15466262319939347,0.3009855951478393,43.28363914373089,5.3570887035633055
2022-01-16,4,0,0,0,0,0,0,0,7,0,1,2,2022,1,16,6,16,2,1,1,0,0,-0.7818314824680299,0.6234898018587334,0.2719581575341055,0.9623090774541486,0.23931566428755774,0.970941817426052,0.49999999999999994,0.8660254037844387,6.0,2.0,0.0,0.0,0.0,0.0,4.0,2.0,12.0,6.0,2.142857142857143,2.1930626551751344,15.0,6.0,1.3571428571428572,1.864945569720998,19.0,6.0,1.25,1.7701224063135672,20.0,6.0,1.25,1.7701224063135672,20.0,6.0,1.25,1.7701224063135672,20.0,6.0,-2.0,4.0,0.0,1319,0.3661865049279757,0.15921152388172857,0.3199393479909022,0.24791508718726307,0.15466262319939347,0.3009855951478393,43.28363914373089,5.3570887035633055
2022-01-17,0,0,0,0,0,0,0,0,0,0,0,0,2022,1,17,0,17,3,1,0,1,0,0.0,1.0,0.288482432880609,0.9574851883550393,0.3546048870425356,0.9350162426854148,0.49999999999999994,0.8660254037844387,4.0,6.0,2.0,0.0,0.0,0.0,3.3333333333333335,3.055050463303893,10.0,6.0,2.142857142857143,2.1930626551751344,15.0,6.0,1.3571428571428572,1.864945569720998,19.0,6.0,1.1764705882352942,1.7405205441780578,20.0,6.0,1.1764705882352942,1.7405205441780578,20.0,6.0,1.1764705882352942,1.7405205441780578,20.0,6.0,-4.0,0.0,0.0,1319,0.3661865049279757,0.15921152388172857,0.3199393479909022,0.24791508718726307,0.15466262319939347,0.3009855951478393,43.28363914373089,5.3570887035633055
2022-01-18,0,0,0,0,0,0,0,0,0,0,0,0,2022,1,18,1,18,3,1,0,0,0,0.7818314824680298,0.6234898018587336,0.30492122465628907,0.9523775757303974,0.3546048870425356,0.9350162426854148,0.49999999999999994,0.8660254037844387,0.0,4.0,6.0,1.0,0.0,0.0,1.3333333333333333,2.3094010767585025,4.0,4.0,2.0,2.3094010767585034,14.0,6.0,1.3571428571428572,1.864945569720998,19.0,6.0,1.1111111111111112,1.7111705277859945,20.0,6.0,1.1111111111111112,1.7111705277859945,20.0,6.0,1.1111111111111112,1.7111705277859945,20.0,6.0,0.0,-1.0,0.0,1319,0.3661865049279757,0.15921152388172857,0.3199393479909022,0.24791508718726307,0.15466262319939347,0.3009855951478393,43.28363914373089,5.3570887035633055
2022-01-19,2,0,0,0,0,0,0,0,6,1,1,1,2022,1,19,2,19,3,1,0,0,0,0.9749279121818236,-0.22252093395631434,0.3212696616923644,0.9469877530760753,0.3546048870425356,0.9350162426854148,0.49999999999999994,0.8660254037844387,0.0,0.0,4.0,2.0,1.0,0.0,0.6666666666666666,1.1547005383792506,2.0,2.0,2.0,2.3094010767585034,14.0,6.0,1.4285714285714286,1.869359648250035,20.0,6.0,1.1578947368421053,1.675415633166782,22.0,6.0,1.1578947368421053,1.675415633166782,22.0,6.0,1.1578947368421053,1.675415633166782,22.0,6.0,2.0,0.0,0.0,1319,0.3661865049279757,0.15921152388172857,0.3199393479909022,0.24791508718726307,0.15466262319939347,0.3009855951478393,43.28363914373089,5.3570887035633055
2022-01-20,1,0,0,0,0,1,0,1,2,0,0,0,2022,1,20,3,20,3,1,0,0,0,0.43388373911755823,-0.900968867902419,0.3375228995941133,0.9413173175128471,0.3546048870425356,0.9350162426854148,0.49999999999999994,0.8660254037844387,2.0,0.0,0.0,0.0,0.0,0.0,1.0,0.999999999999999,3.0,2.0,2.142857142857143,2.1930626551751344,15.0,6.0,1.5,1.8292495308606331,21.0,6.0,1.15,1.6311119875071343,23.0,6.0,1.15,1.6311119875071343,23.0,6.0,1.15,1.6311119875071343,23.0,6.0,-1.0,1.0,0.0,1319,0.3661865049279757,0.15921152388172857,0.3199393479909022,0.24791508718726307,0.15466262319939347,0.3009855951478393,43.28363914373089,5.3570887035633055
2022-01-21,3,2,0,0,0,0,0,0,6,0,0,0,2022,1,21,4,21,3,1,0,0,1,-0.433883739117558,-0.9009688679024191,0.3536761221763716,0.9353679493131483,0.3546048870425356,0.9350162426854148,0.49999999999999994,0.8660254037844387,1.0,2.0,0.0,2.0,3.0,0.0,2.0,0.9999999999999994,6.0,3.0,2.2857142857142856,2.214669705568283,16.0,6.0,1.5,1.8292495308606331,21.0,6.0,1.2380952380952381,1.6402671094904606,26.0,6.0,1.2380952380952381,1.6402671094904606,26.0,6.0,1.2380952380952381,1.6402671094904606,26.0,6.0,2.0,1.0,0.0,1319,0.3661865049279757,0.15921152388172857,0.3199393479909022,0.24791508718726307,0.15466262319939347,0.3009855951478393,43.28363914373089,5.3570887035633055
2022-01-22,2,1,1,1,0,0,0,0,4,0,0,1,2022,1,22,5,22,3,1,1,0,0,-0.9749279121818236,-0.2225209339563146,0.3697245428906731,0.9291414114031743,0.3546048870425356,0.9350162426854148,0.49999999999999994,0.8660254037844387,3.0,1.0,2.0,6.0,0.0,0.0,2.0,0.9999999999999994,6.0,3.0,1.7142857142857142,1.4960264830861913,12.0,4.0,1.6428571428571428,1.780541959721722,23.0,6.0,1.2727272727272727,1.6089576093684348,28.0,6.0,1.2727272727272727,1.6089576093684348,28.0,6.0,1.2727272727272727,1.6089576093684348,28.0,6.0,-1.0,-4.0,0.0,1319,0.3661865049279757,0.15921152388172857,0.3199393479909022,0.24791508718726307,0.15466262319939347,0.3009855951478393,43.28363914373089,5.3570887035633055
2022-01-23,0,0,0,0,0,0,0,0,0,0,0,0,2022,1,23,6,23,3,1,1,0,0,-0.7818314824680299,0.6234898018587334,0.38566340624360707,0.9226395488404876,0.3546048870425356,0.9350162426854148,0.49999999999999994,0.8660254037844387,2.0,3.0,1.0,4.0,0.0,0.0,1.6666666666666667,1.527525231651946,5.0,3.0,1.1428571428571428,1.2149857925879117,8.0,3.0,1.6428571428571428,1.780541959721722,23.0,6.0,1.2173913043478262,1.5942088872806428,28.0,6.0,1.2173913043478262,1.5942088872806428,28.0,6.0,1.2173913043478262,1.5942088872806428,28.0,6.0,-2.0,-4.0,0.0,1319,0.3661865049279757,0.15921152388172857,0.3199393479909022,0.24791508718726307,0.15466262319939347,0.3009855951478393,43.28363914373089,5.3570887035633055
2022-01-24,3,0,1,0,0,0,0,0,6,0,0,3,2022,1,24,0,24,4,1,0,1,0,0.0,1.0,0.401487989205973,0.9158642882672872,0.4647231720437685,0.8854560256532099,0.49999999999999994,0.8660254037844387,0.0,2.0,3.0,0.0,0.0,0.0,1.6666666666666667,1.527525231651946,5.0,3.0,1.5714285714285714,1.2724180205607036,11.0,3.0,1.8571428571428572,1.7478401113789142,26.0,6.0,1.2916666666666667,1.6010639578422372,31.0,6.0,1.2916666666666667,1.6010639578422372,31.0,6.0,1.2916666666666667,1.6010639578422372,31.0,6.0,3.0,3.0,0.0,1319,0.3661865049279757,0.15921152388172857,0.3199393479909022,0.24791508718726307,0.15466262319939347,0.3009855951478393,43.28363914373089,5.3570887035633055
2022-01-25,2,1,0,1,0,0,0,0,5,0,0,1,2022,1,25,1,25,4,1,0,0,0,0.7818314824680298,0.6234898018587336,0.4171936026123168,0.9088176373395029,0.4647231720437685,0.8854560256532099,0.49999999999999994,0.8660254037844387,3.0,0.0,2.0,0.0,1.0,0.0,1.6666666666666667,1.527525231651946,5.0,3.0,1.8571428571428572,1.0690449676496976,13.0,3.0,1.9285714285714286,1.7304639535412156,27.0,6.0,1.32,1.5737428845483836,33.0,6.0,1.32,1.5737428845483836,33.0,6.0,1.32,1.5737428845483836,33.0,6.0,-1.0,2.0,0.0,1319,0.3661865049279757,0.15921152388172857,0.3199393479909022,0.24791508718726307,0.15466262319939347,0.3009855951478393,43.28363914373089,5.3570887035633055
2022-01-26,2,2,0,0,0,0,0,0,4,0,0,0,2022,1,26,2,26,4,1,0,0,0,0.9749279121818236,-0.22252093395631434,0.4327755925504312,0.901501684131884,0.4647231720437685,0.8854560256532099,0.49999999999999994,0.8660254037844387,2.0,3.0,0.0,2.0,2.0,0.0,2.3333333333333335,0.5773502691896251,7.0,3.0,1.8571428571428572,1.0690449676496976,13.0,3.0,1.9285714285714286,1.7304639535412156,27.0,6.0,1.3461538461538463,1.5477030126560507,35.0,6.0,1.3461538461538463,1.5477030126560507,35.0,6.0,1.3461538461538463,1.5477030126560507,35.0,6.0,0.0,0.0,0.0,1319,0.3661865049279757,0.15921152388172857,0.3199393479909022,0.24791508718726307,0.15466262319939347,0.3009855951478393,43.28363914373089,5.3570887035633055
2022-01-27,0,0,0,0,0,0,0,0,0,0,0,0,2022,1,27,3,27,4,1,0,0,0,0.43388373911755823,-0.900968867902419,0.4482293417404106,0.893918596519257,0.4647231720437685,0.8854560256532099,0.49999999999999994,0.8660254037844387,2.0,2.0,3.0,1.0,0.0,0.0,1.3333333333333333,1.1547005383792504,4.0,2.0,1.7142857142857142,1.2535663410560174,12.0,3.0,1.9285714285714286,1.7304639535412156,27.0,6.0,1.2962962962962963,1.539600717839002,35.0,6.0,1.2962962962962963,1.539600717839002,35.0,6.0,1.2962962962962963,1.539600717839002,35.0,6.0,-2.0,-1.0,0.0,1319,0.3661865049279757,0.15921152388172857,0.3199393479909022,0.24791508718726307,0.15466262319939347,0.3009855951478393,43.28363914373089,5.3570887035633055
2022-01-28,3,3,0,1,0,1,0,1,6,0,0,1,2022,1,28,4,28,4,1,0,0,1,-0.433883739117558,-0.9009688679024191,0.4635502709028509,0.886070621534138,0.4647231720437685,0.8854560256532099,0.49999999999999994,0.8660254037844387,0.0,2.0,2.0,3.0,2.0,0.0,1.6666666666666667,1.527525231651946,5.0,3.0,1.7142857142857142,1.2535663410560174,12.0,3.0,2.0,1.7541160386140586,28.0,6.0,1.3571428571428572,1.5447470298542045,38.0,6.0,1.3571428571428572,1.5447470298542045,38.0,6.0,1.3571428571428572,1.5447470298542045,38.0,6.0,3.0,0.0,0.0,1319,0.3661865049279757,0.15921152388172857,0.3199393479909022,0.24791508718726307,0.15466262319939347,0.3009855951478393,43.28363914373089,5.3570887035633055
2022-01-29,0,0,0,0,0,0,0,0,0,0,0,0,2022,1,29,5,29,4,1,1,0,0,-0.9749279121818236,-0.2225209339563146,0.47873384011578846,0.8779600847008882,0.4647231720437685,0.8854560256532099,0.49999999999999994,0.8660254037844387,3.0,0.0,2.0,2.0,6.0,1.0,1.0,1.732050807568876,3.0,3.0,1.4285714285714286,1.3972762620115438,10.0,3.0,1.5714285714285714,1.3985864135061359,22.0,4.0,1.3214285714285714,1.5647404572045482,37.0,6.0,1.3103448275862069,1.5377034888769792,38.0,6.0,1.3103448275862069,1.5377034888769792,38.0,6.0,-3.0,-2.0,-1.0,1319,0.3661865049279757,0.15921152388172857,0.3199393479909022,0.24791508718726307,0.15466262319939347,0.3009855951478393,43.28363914373089,5.3570887035633055
2022-01-30,1,0,0,0,0,0,0,0,2,0,0,1,2022,1,30,6,30,4,1,1,0,0,-0.7818314824680299,0.6234898018587334,0.49377555015997715,0.869589389346611,0.4647231720437685,0.8854560256532099,0.49999999999999994,0.8660254037844387,0.0,3.0,0.0,0.0,4.0,0.0,1.3333333333333333,1.5275252316519456,4.0,3.0,1.5714285714285714,1.2724180205607034,11.0,3.0,1.3571428571428572,1.2157392722216298,19.0,3.0,1.3571428571428572,1.5447470298542045,38.0,6.0,1.3,1.5120207989811927,39.0,6.0,1.3,1.5120207989811927,39.0,6.0,1.0,1.0,1.0,1319,0.3661865049279757,0.15921152388172857,0.3199393479909022,0.24791508718726307,0.15466262319939347,0.3009855951478393,43.28363914373089,5.3570887035633055
2022-01-31,3,2,0,0,0,0,0,0,6,0,0,0,2022,1,31,0,31,5,1,0,1,0,0.0,1.0,0.5086709438521044,0.8609610158889943,0.5680647467311558,0.8229838658936564,0.49999999999999994,0.8660254037844387,1.0,0.0,3.0,3.0,0.0,0.0,1.3333333333333333,1.5275252316519456,4.0,3.0,1.5714285714285714,1.2724180205607034,11.0,3.0,1.5714285714285714,1.2224996910042534,22.0,3.0,1.4642857142857142,1.5511559096637113,41.0,6.0,1.3548387096774193,1.517638233062021,42.0,6.0,1.3548387096774193,1.517638233062021,42.0,6.0,2.0,0.0,3.0,1319,0.3661865049279757,0.15921152388172857,0.3199393479909022,0.24791508718726307,0.15466262319939347,0.3009855951478393,43.28363914373089,5.3570887035633055
2022-02-01,2,0,1,0,0,0,0,0,4,1,1,1,2022,2,1,1,32,5,1,0,0,0,0.7818314824680298,0.6234898018587336,0.5234156073655503,0.8520775211013093,0.5680647467311558,0.8229838658936564,0.8660254037844386,0.5000000000000001,3.0,1.0,0.0,2.0,0.0,0.0,2.0,0.9999999999999994,6.0,3.0,1.5714285714285714,1.2724180205607034,11.0,3.0,1.7142857142857142,1.1387288073563857,24.0,3.0,1.5357142857142858,1.5270921982678656,43.0,6.0,1.375,1.4973094148742165,44.0,6.0,1.375,1.4973094148742165,44.0,6.0,-1.0,0.0,2.0,1319,0.3661865049279757,0.15921152388172857,0.3199393479909022,0.24791508718726307,0.15466262319939347,0.3009855951478393,43.28363914373089,5.3570887035633055
2022-02-02,1,1,0,1,0,0,0,0,1,1,1,1,2022,2,2,2,33,5,1,0,0,0,0.9749279121818236,-0.22252093395631434,0.5380051715382996,0.8429415373547828,0.5680647467311558,0.8229838658936564,0.8660254037844386,0.5000000000000001,2.0,3.0,1.0,2.0,2.0,1.0,2.0,0.9999999999999994,6.0,3.0,1.4285714285714286,1.2724180205607034,10.0,3.0,1.6428571428571428,1.1507283885330302,23.0,3.0,1.5357142857142858,1.5270921982678656,43.0,6.0,1.3636363636363635,1.4751733334209793,45.0,6.0,1.3636363636363635,1.4751733334209793,45.0,6.0,-1.0,-1.0,0.0,1319,0.3661865049279757,0.15921152388172857,0.3199393479909022,0.24791508718726307,0.15466262319939347,0.3009855951478393,43.28363914373089,5.3570887035633055
2022-02-03,0,0,0,0,0,0,0,0,0,0,0,0,2022,2,3,3,34,5,1,0,0,0,0.43388373911755823,-0.900968867902419,0.5524353131676196,0.8335557718385699,0.5680647467311558,0.8229838658936564,0.8660254037844386,0.5000000000000001,1.0,2.0,3.0,0.0,1.0,0.0,1.0,0.9999999999999981,3.0,2.0,1.4285714285714286,1.2724180205607034,10.0,3.0,1.5714285714285714,1.2224996910042534,22.0,3.0,1.5357142857142858,1.5270921982678656,43.0,6.0,1.3235294117647058,1.4713545240601842,45.0,6.0,1.3235294117647058,1.4713545240601842,45.0,6.0,-1.0,0.0,0.0,1319,0.3661865049279757,0.15921152388172857,0.3199393479909022,0.24791508718726307,0.15466262319939347,0.3009855951478393,43.28363914373089,5.3570887035633055
2022-02-04,3,0,2,1,0,2,0,2,6,2,2,2,2022,2,4,4,35,5,1,0,0,1,-0.433883739117558,-0.9009688679024191,0.5667017562911176,0.8239230057575542,0.5680647467311558,0.8229838658936564,0.8660254037844386,0.5000000000000001,0.0,1.0,2.0,3.0,3.0,3.0,1.3333333333333333,1.5275252316519456,4.0,3.0,1.4285714285714286,1.2724180205607034,10.0,3.0,1.5714285714285714,1.2224996910042534,22.0,3.0,1.5357142857142858,1.5270921982678656,43.0,6.0,1.3714285714285714,1.476994449902239,48.0,6.0,1.3714285714285714,1.476994449902239,48.0,6.0,3.0,0.0,0.0,1319,0.3661865049279757,0.15921152388172857,0.3199393479909022,0.24791508718726307,0.15466262319939347,0.3009855951478393,43.28363914373089,5.3570887035633055
2022-02-05,2,0,1,0,0,0,0,0,5,0,0,1,2022,2,5,5,36,5,1,1,0,0,-0.9749279121818236,-0.2225209339563146,0.5808002734538009,0.8140460935082178,0.5680647467311558,0.8229838658936564,0.8660254037844386,0.5000000000000001,3.0,0.0,1.0,0.0,2.0,0.0,1.6666666666666667,1.527525231651946,5.0,3.0,1.7142857142857142,1.1126972805283737,12.0,3.0,1.5714285714285714,1.2224996910042534,22.0,3.0,1.6071428571428572,1.4991179064218054,45.0,6.0,1.3888888888888888,1.459506330975899,50.0,6.0,1.3888888888888888,1.459506330975899,50.0,6.0,-1.0,2.0,2.0,1319,0.3661865049279757,0.15921152388172857,0.3199393479909022,0.24791508718726307,0.15466262319939347,0.3009855951478393,43.28363914373089,5.3570887035633055
2022-02-06,0,0,0,0,0,0,0,0,0,0,0,0,2022,2,6,6,37,5,1,1,0,0,-0.7818314824680299,0.6234898018587334,0.5947266869607634,0.8039279618328213,0.5680647467311558,0.8229838658936564,0.8660254037844386,0.5000000000000001,2.0,3.0,0.0,1.0,0.0,0.0,1.6666666666666667,1.5275252316519459,5.0,3.0,1.5714285714285714,1.2724180205607034,11.0,3.0,1.5714285714285714,1.2224996910042534,22.0,3.0,1.6071428571428572,1.4991179064218054,45.0,6.0,1.3513513513513513,1.457094068041979,50.0,6.0,1.3513513513513513,1.457094068041979,50.0,6.0,-2.0,-1.0,0.0,1319,0.3661865049279757,0.15921152388172857,0.3199393479909022,0.24791508718726307,0.15466262319939347,0.3009855951478393,43.28363914373089,5.3570887035633055
2022-02-07,1,1,0,1,0,0,0,0,2,0,0,1,2022,2,7,0,38,6,1,0,1,0,0.0,1.0,0.6084768701151261,0.7935716089521474,0.6631226582407952,0.7485107481711011,0.8660254037844386,0.5000000000000001,0.0,2.0,3.0,3.0,3.0,0.0,1.0,0.9999999999999977,3.0,2.0,1.2857142857142858,1.1126972805283732,9.0,3.0,1.4285714285714286,1.1578684470436789,20.0,3.0,1.6428571428571428,1.4710612373457346,46.0,6.0,1.3421052631578947,1.4383984297385248,51.0,6.0,1.3421052631578947,1.4383984297385248,51.0,6.0,1.0,-2.0,1.0,1319,0.3661865049279757,0.15921152388172857,0.3199393479909022,0.24791508718726307,0.15466262319939347,0.3009855951478393,43.28363914373089,5.3570887035633055
2022-02-08,0,0,0,0,0,0,0,0,0,0,0,0,2022,2,8,1,39,6,1,0,0,0,0.7818314824680298,0.6234898018587336,0.6220467484408675,0.7829801036770629,0.6631226582407952,0.7485107481711011,0.8660254037844386,0.5000000000000001,1.0,0.0,2.0,2.0,2.0,1.0,0.3333333333333333,0.5773502691896202,1.0,1.0,1.0,1.154700538379251,7.0,3.0,1.2857142857142858,1.2043875831929898,18.0,3.0,1.6071428571428572,1.4991179064218054,45.0,6.0,1.3076923076923077,1.4355238573215257,51.0,6.0,1.3076923076923077,1.4355238573215257,51.0,6.0,-1.0,-2.0,-1.0,1319,0.3661865049279757,0.15921152388172857,0.3199393479909022,0.24791508718726307,0.15466262319939347,0.3009855951478393,43.28363914373089,5.3570887035633055
2022-02-09,0,0,0,0,0,0,0,0,0,0,0,0,2022,2,9,2,40,6,1,0,0,0,0.9749279121818236,-0.22252093395631434,0.6354323008901774,0.7721565844991642,0.6631226582407952,0.7485107481711011,0.8660254037844386,0.5000000000000001,0.0,1.0,0.0,1.0,2.0,2.0,0.3333333333333333,0.5773502691896202,1.0,1.0,0.8571428571428571,1.2149857925879113,6.0,3.0,1.1428571428571428,1.231455852429764,16.0,3.0,1.5357142857142858,1.5270921982678656,43.0,6.0,1.275,1.4320059446947229,51.0,6.0,1.275,1.4320059446947229,51.0,6.0,0.0,-1.0,-2.0,1319,0.3661865049279757,0.15921152388172857,0.3199393479909022,0.24791508718726307,0.15466262319939347,0.3009855951478393,43.28363914373089,5.3570887035633055
2022-02-10,1,1,0,1,0,0,0,0,2,0,0,1,2022,2,10,3,41,6,1,0,0,0,0.43388373911755823,-0.900968867902419,0.6486295610349814,0.7611042586607747,0.6631226582407952,0.7485107481711011,0.8660254037844386,0.5000000000000001,0.0,0.0,1.0,0.0,0.0,0.0,0.3333333333333333,0.5773502691896202,1.0,1.0,1.0,1.154700538379251,7.0,3.0,1.2142857142857142,1.188313053066368,17.0,3.0,1.5714285714285714,1.5013221686128044,44.0,6.0,1.2682926829268293,1.4146446593385642,52.0,6.0,1.2682926829268293,1.4146446593385642,52.0,6.0,1.0,1.0,1.0,1319,0.3661865049279757,0.15921152388172857,0.3199393479909022,0.24791508718726307,0.15466262319939347,0.3009855951478393,43.28363914373089,5.3570887035633055
2022-02-11,2,0,1,0,0,1,0,1,4,0,0,1,2022,2,11,4,42,6,1,0,0,1,-0.433883739117558,-0.9009688679024191,0.6616346182422783,0.7498264012045686,0.6631226582407952,0.7485107481711011,0.8660254037844386,0.5000000000000001,1.0,0.0,0.0,3.0,3.0,2.0,1.0,0.9999999999999977,3.0,2.0,0.8571428571428571,0.8997354108424367,6.0,2.0,1.1428571428571428,1.0994504121565507,16.0,3.0,1.5714285714285714,1.5013221686128044,44.0,6.0,1.2857142857142858,1.4018405024913096,54.0,6.0,1.2857142857142858,1.4018405024913096,54.0,6.0,1.0,-1.0,0.0,1319,0.3661865049279757,0.15921152388172857,0.3199393479909022,0.24791508718726307,0.15466262319939347,0.3009855951478393,43.28363914373089,5.3570887035633055
2022-02-12,0,0,0,0,0,0,0,0,0,0,0,0,2022,2,12,5,43,6,1,1,0,0,-0.9749279121818236,-0.2225209339563146,0.6744436188329455,0.7383263540031065,0.6631226582407952,0.7485107481711011,0.8660254037844386,0.5000000000000001,2.0,1.0,0.0,2.0,0.0,6.0,1.0,0.9999999999999977,3.0,2.0,0.5714285714285714,0.7867957924694422,4.0,2.0,1.1428571428571428,1.0994504121565507,16.0,3.0,1.3571428571428572,1.2535663410560174,38.0,4.0,1.255813953488372,1.3988604759693641,54.0,6.0,1.255813953488372,1.3988604759693641,54.0,6.0,-2.0,-2.0,-6.0,1319,0.3661865049279757,0.15921152388172857,0.3199393479909022,0.24791508718726307,0.15466262319939347,0.3009855951478393,43.28363914373089,5.3570887035633055
2022-02-13,1,0,1,0,0,1,0,1,1,0,0,1,2022,2,13,6,44,6,1,1,0,0,-0.7818314824680299,0.6234898018587334,0.6870527672236669,0.7266075247685656,0.6631226582407952,0.7485107481711011,0.8660254037844386,0.5000000000000001,0.0,2.0,1.0,0.0,1.0,4.0,1.0,0.9999999999999977,3.0,2.0,0.7142857142857143,0.7559289460184536,5.0,2.0,1.1428571428571428,1.0994504121565507,16.0,3.0,1.25,1.1426091000668408,35.0,3.0,1.25,1.3830367665663914,55.0,6.0,1.25,1.3830367665663914,55.0,6.0,1.0,1.0,-3.0,1319,0.3661865049279757,0.15921152388172857,0.3199393479909022,0.24791508718726307,0.15466262319939347,0.3009855951478393,43.28363914373089,5.3570887035633055
2022-02-14,0,0,0,0,0,0,0,0,0,0,0,0,2022,2,14,0,45,7,1,0,1,0,0.0,1.0,0.699458327051647,0.7146733860429609,0.7485107481711011,0.6631226582407953,0.8660254037844386,0.5000000000000001,1.0,0.0,2.0,1.0,3.0,0.0,0.3333333333333333,0.5773502691896197,1.0,1.0,0.5714285714285714,0.7867957924694422,4.0,2.0,0.9285714285714286,0.9972489631508747,13.0,3.0,1.25,1.1426091000668408,35.0,3.0,1.2222222222222223,1.3798697054578755,55.0,6.0,1.2222222222222223,1.3798697054578755,55.0,6.0,-1.0,-1.0,0.0,1319,0.3661865049279757,0.15921152388172857,0.3199393479909022,0.24791508718726307,0.15466262319939347,0.3009855951478393,43.28363914373089,5.3570887035633055
2022-02-15,1,1,0,1,0,1,0,1,1,0,0,0,2022,2,15,1,46,7,1,0,0,0,0.7818314824680298,0.6234898018587336,0.7116566222817746,0.7025274741691571,0.7485107481711011,0.6631226582407953,0.8660254037844386,0.5000000000000001,0.0,1.0,0.0,0.0,2.0,0.0,0.6666666666666666,0.5773502691896206,2.0,1.0,0.7142857142857143,0.7559289460184536,5.0,2.0,0.8571428571428571,0.949262293098647,12.0,3.0,1.2857142857142858,1.117442279796701,36.0,3.0,1.2173913043478262,1.3648450213731778,56.0,6.0,1.2173913043478262,1.3648450213731778,56.0,6.0,1.0,1.0,1.0,1319,0.3661865049279757,0.15921152388172857,0.3199393479909022,0.24791508718726307,0.15466262319939347,0.3009855951478393,43.28363914373089,5.3570887035633055
2022-02-16,1,1,0,1,0,0,0,0,2,0,0,0,2022,2,16,2,47,7,1,0,0,0,0.9749279121818236,-0.22252093395631434,0.7236440382959124,0.6901733882429719,0.7485107481711011,0.6631226582407953,0.8660254037844386,0.5000000000000001,1.0,0.0,1.0,0.0,1.0,2.0,0.6666666666666666,0.5773502691896206,2.0,1.0,0.8571428571428571,0.6900655593423535,6.0,2.0,0.8571428571428571,0.949262293098647,12.0,3.0,1.25,1.1097213530798988,35.0,3.0,1.2127659574468086,1.3503006140786313,57.0,6.0,1.2127659574468086,1.3503006140786313,57.0,6.0,0.0,1.0,-1.0,1319,0.3661865049279757,0.15921152388172857,0.3199393479909022,0.24791508718726307,0.15466262319939347,0.3009855951478393,43.28363914373089,5.3570887035633055
2022-02-17,7,7,0,4,0,2,0,1,14,4,4,1,2022,2,17,3,48,7,1,0,0,0,0.43388373911755823,-0.900968867902419,0.7354170229639855,0.6776147890466889,0.7485107481711011,0.6631226582407953,0.8660254037844386,0.5000000000000001,1.0,1.0,0.0,1.0,0.0,1.0,3.0,3.464101615137755,9.0,7.0,1.7142857142857142,2.4299715851758235,12.0,7.0,1.3571428571428572,1.8649455697209982,19.0,7.0,1.4642857142857142,1.5511559096637113,41.0,7.0,1.3333333333333333,1.575521978122203,64.0,7.0,1.3333333333333333,1.575521978122203,64.0,7.0,6.0,6.0,6.0,1319,0.3661865049279757,0.15921152388172857,0.3199393479909022,0.24791508718726307,0.15466262319939347,0.3009855951478393,43.28363914373089,5.3570887035633055
2022-02-18,0,0,0,0,0,0,0,0,0,0,0,0,2022,2,18,4,49,7,1,0,0,1,-0.433883739117558,-0.9009688679024191,0.7469720876965552,0.6648553979642865,0.7485107481711011,0.6631226582407953,0.8660254037844386,0.5000000000000001,7.0,1.0,1.0,2.0,3.0,3.0,2.6666666666666665,3.7859388972001824,8.0,7.0,1.4285714285714286,2.5071326821120348,10.0,7.0,1.1428571428571428,1.8337495365063798,16.0,7.0,1.3571428571428572,1.544747029854204,38.0,7.0,1.3061224489795917,1.5706166733782874,64.0,7.0,1.3061224489795917,1.5706166733782874,64.0,7.0,-7.0,-2.0,-3.0,1319,0.3661865049279757,0.15921152388172857,0.3199393479909022,0.24791508718726307,0.15466262319939347,0.3009855951478393,43.28363914373089,5.3570887035633055
2022-02-19,1,0,0,0,0,2,0,1,2,0,0,1,2022,2,19,5,50,7,1,1,0,0,-0.9749279121818236,-0.2225209339563146,0.7583058084785624,0.6518989958787126,0.7485107481711011,0.6631226582407953,0.8660254037844386,0.5000000000000001,0.0,7.0,1.0,0.0,2.0,2.0,2.6666666666666665,3.7859388972001824,8.0,7.0,1.5714285714285714,2.439750182371333,11.0,7.0,1.0714285714285714,1.8171950369175573,15.0,7.0,1.3214285714285714,1.540888907202146,37.0,7.0,1.3,1.5551100755055174,65.0,7.0,1.3,1.5551100755055174,65.0,7.0,1.0,1.0,-1.0,1319,0.3661865049279757,0.15921152388172857,0.3199393479909022,0.24791508718726307,0.15466262319939347,0.3009855951478393,43.28363914373089,5.3570887035633055
2022-02-20,0,0,0,0,0,0,0,0,0,0,0,0,2022,2,20,6,51,7,1,1,0,0,-0.7818314824680299,0.6234898018587334,0.7694148268839378,0.6387494220515272,0.7485107481711011,0.6631226582407953,0.8660254037844386,0.5000000000000001,1.0,0.0,7.0,1.0,0.0,0.0,0.3333333333333333,0.5773502691896224,1.0,1.0,1.4285714285714286,2.5071326821120348,10.0,7.0,1.0714285714285714,1.8171950369175573,15.0,7.0,1.3214285714285714,1.540888907202146,37.0,7.0,1.2745098039215685,1.5502055524677885,65.0,7.0,1.2745098039215685,1.5502055524677885,65.0,7.0,-1.0,-1.0,0.0,1319,0.3661865049279757,0.15921152388172857,0.3199393479909022,0.24791508718726307,0.15466262319939347,0.3009855951478393,43.28363914373089,5.3570887035633055
2022-02-21,3,1,0,0,0,1,0,1,6,3,3,1,2022,2,21,0,52,8,1,0,1,0,0.0,1.0,0.7802958510707755,0.6254105729852463,0.8229838658936564,0.5680647467311559,0.8660254037844386,0.5000000000000001,0.0,1.0,0.0,0.0,1.0,3.0,1.3333333333333333,1.527525231651946,4.0,3.0,1.8571428571428572,2.4784787961282104,13.0,7.0,1.2142857142857142,1.888368095985014,17.0,7.0,1.3214285714285714,1.540888907202146,37.0,7.0,1.3076923076923077,1.553471274761235,68.0,7.0,1.3076923076923077,1.553471274761235,68.0,7.0,3.0,3.0,0.0,1319,0.3661865049279757,0.15921152388172857,0.3199393479909022,0.24791508718726307,0.15466262319939347,0.3009855951478393,43.28363914373089,5.3570887035633055
2022-02-22,0,0,0,0,0,0,0,0,0,0,0,0,2022,2,22,1,53,8,1,0,0,0,0.7818314824680298,0.6234898018587336,0.7909456567567772,0.6118864012687243,0.8229838658936564,0.5680647467311559,0.8660254037844386,0.5000000000000001,3.0,0.0,1.0,1.0,0.0,2.0,1.0,1.7320508075688765,3.0,3.0,1.7142857142857142,2.563479777846623,12.0,7.0,1.2142857142857142,1.888368095985014,17.0,7.0,1.25,1.5545631755148024,35.0,7.0,1.2830188679245282,1.5489122546852288,68.0,7.0,1.2830188679245282,1.5489122546852288,68.0,7.0,-3.0,-1.0,-2.0,1319,0.3661865049279757,0.15921152388172857,0.3199393479909022,0.24791508718726307,0.15466262319939347,0.3009855951478393,43.28363914373089,5.3570887035633055
2022-02-23,2,0,0,0,0,0,0,0,4,2,2,1,2022,2,23,2,54,8,1,0,0,0,0.9749279121818236,-0.22252093395631434,0.8013610881746766,0.5981809144059165,0.8229838658936564,0.5680647467311559,0.8660254037844386,0.5000000000000001,0.0,3.0,0.0,1.0,0.0,2.0,1.6666666666666667,1.527525231651946,5.0,3.0,1.8571428571428572,2.5448360411214073,13.0,7.0,1.3571428571428572,1.8649455697209982,19.0,7.0,1.25,1.5545631755148024,35.0,7.0,1.2962962962962963,1.537329584108334,70.0,7.0,1.2962962962962963,1.537329584108334,70.0,7.0,2.0,1.0,0.0,1319,0.3661865049279757,0.15921152388172857,0.3199393479909022,0.24791508718726307,0.15466262319939347,0.3009855951478393,43.28363914373089,5.3570887035633055
2022-02-24,3,1,2,1,0,6,0,2,5,2,2,3,2022,2,24,3,55,8,1,0,0,0,0.43388373911755823,-0.900968867902419,0.8115390590073611,0.5842981736283684,0.8229838658936564,0.5680647467311559,0.8660254037844386,0.5000000000000001,2.0,0.0,3.0,7.0,1.0,0.0,1.6666666666666667,1.527525231651946,5.0,3.0,1.2857142857142858,1.3801311186847083,9.0,3.0,1.5,1.911503636890643,21.0,7.0,1.3571428571428572,1.568539913523867,38.0,7.0,1.3272727272727274,1.5402566579601507,73.0,7.0,1.3272727272727274,1.5402566579601507,73.0,7.0,1.0,-4.0,3.0,1319,0.3661865049279757,0.15921152388172857,0.3199393479909022,0.24791508718726307,0.15466262319939347,0.3009855951478393,43.28363914373089,5.3570887035633055
2022-02-25,5,3,2,3,0,1,0,1,10,0,0,3,2022,2,25,4,56,8,1,0,0,1,-0.433883739117558,-0.9009688679024191,0.8214765533024142,0.5702422926917871,0.8229838658936564,0.5680647467311559,0.8660254037844386,0.5000000000000001,3.0,2.0,0.0,0.0,2.0,3.0,3.3333333333333335,1.5275252316519472,10.0,5.0,2.0,1.8257418583505538,14.0,5.0,1.7142857142857142,2.1277858274442307,24.0,7.0,1.4285714285714286,1.687175404799645,40.0,7.0,1.3928571428571428,1.603162459057057,78.0,7.0,1.3928571428571428,1.603162459057057,78.0,7.0,2.0,5.0,2.0,1319,0.3661865049279757,0.15921152388172857,0.3199393479909022,0.24791508718726307,0.15466262319939347,0.3009855951478393,43.28363914373089,5.3570887035633055
2022-02-26,1,0,0,0,0,0,0,0,3,0,0,0,2022,2,26,5,57,8,1,1,0,0,-0.9749279121818236,-0.2225209339563146,0.8311706263658079,0.5560174366570446,0.8229838658936564,0.5680647467311559,0.8660254037844386,0.5000000000000001,5.0,3.0,2.0,1.0,0.0,0.0,3.0,2.0000000000000004,9.0,5.0,2.0,1.8257418583505538,14.0,5.0,1.7857142857142858,2.0821058655036824,25.0,7.0,1.4642857142857142,1.6662697940174713,41.0,7.0,1.3928571428571428,1.603162459057057,78.0,7.0,1.3859649122807018,1.589635919287723,79.0,7.0,-4.0,0.0,1.0,1319,0.3661865049279757,0.15921152388172857,0.3199393479909022,0.24791508718726307,0.15466262319939347,0.3009855951478393,43.28363914373089,5.3570887035633055
2022-02-27,1,0,1,0,0,0,0,0,2,0,0,1,2022,2,27,6,58,8,1,1,0,0,-0.7818314824680299,0.6234898018587334,0.8406184056344782,0.5416278206559814,0.8229838658936564,0.5680647467311559,0.8660254037844386,0.5000000000000001,1.0,5.0,3.0,0.0,1.0,1.0,2.3333333333333335,2.3094010767585034,7.0,5.0,2.142857142857143,1.6761634196950517,15.0,5.0,1.7857142857142858,2.0821058655036824,25.0,7.0,1.4642857142857142,1.6662697940174713,41.0,7.0,1.4107142857142858,1.592902276455672,79.0,7.0,1.3793103448275863,1.576444881180398,80.0,7.0,0.0,1.0,0.0,1319,0.3661865049279757,0.15921152388172857,0.3199393479909022,0.24791508718726307,0.15466262319939347,0.3009855951478393,43.28363914373089,5.3570887035633055
2022-02-28,1,1,0,0,0,0,0,0,2,0,0,0,2022,2,28,0,59,9,1,0,1,0,0.0,1.0,0.8498170915275278,0.5270777086423722,0.8854560256532099,0.4647231720437686,0.8660254037844386,0.5000000000000001,1.0,1.0,5.0,3.0,0.0,3.0,1.0,0.0,3.0,1.0,1.8571428571428572,1.6761634196950517,13.0,5.0,1.8571428571428572,2.032699715124724,26.0,7.0,1.3928571428571428,1.640670272114096,39.0,7.0,1.4285714285714286,1.5823704066671949,80.0,7.0,1.3728813559322033,1.563575754753604,81.0,7.0,0.0,-2.0,-2.0,1319,0.3661865049279757,0.15921152388172857,0.3199393479909022,0.24791508718726307,0.15466262319939347,0.3009855951478393,43.28363914373089,5.3570887035633055
2022-03-01,0,0,0,0,0,0,0,0,0,0,0,0,2022,3,1,1,60,9,1,0,0,0,0.7818314824680298,0.6234898018587336,0.8587639582758029,0.5123714121284237,0.8854560256532099,0.4647231720437686,1.0,6.123233995736766e-17,1.0,1.0,1.0,0.0,1.0,2.0,0.6666666666666666,0.5773502691896235,2.0,1.0,1.8571428571428572,1.6761634196950517,13.0,5.0,1.7857142857142858,2.0821058655036824,25.0,7.0,1.3214285714285714,1.6567163289800082,37.0,7.0,1.4285714285714286,1.5823704066671949,80.0,7.0,1.35,1.5603671884245274,81.0,7.0,-1.0,0.0,-2.0,1319,0.3661865049279757,0.15921152388172857,0.3199393479909022,0.24791508718726307,0.15466262319939347,0.3009855951478393,43.28363914373089,5.3570887035633055
2022-03-02,2,2,0,2,2,0,2,0,2,0,0,0,2022,3,2,2,61,9,1,0,0,0,0.9749279121818236,-0.22252093395631434,0.8674563547295969,0.49751328890718066,0.8854560256532099,0.4647231720437686,1.0,6.123233995736766e-17,0.0,1.0,1.0,2.0,1.0,1.0,1.0,0.9999999999999991,3.0,2.0,1.8571428571428572,1.6761634196950517,13.0,5.0,1.8571428571428572,2.070196678027063,26.0,7.0,1.3571428571428572,1.6603053202991782,38.0,7.0,1.4464285714285714,1.583088383877802,81.0,7.0,1.360655737704918,1.5495460290597578,83.0,7.0,2.0,0.0,1.0,1319,0.3661865049279757,0.15921152388172857,0.3199393479909022,0.24791508718726307,0.15466262319939347,0.3009855951478393,43.28363914373089,5.3570887035633055
2022-03-03,3,1,0,2,0,3,0,2,5,0,0,1,2022,3,3,3,62,9,1,0,0,0,0.43388373911755823,-0.900968867902419,0.8758917051442429,0.48250774176121847,0.8854560256532099,0.4647231720437686,1.0,6.123233995736766e-17,2.0,0.0,1.0,3.0,7.0,0.0,1.6666666666666667,1.5275252316519465,5.0,3.0,1.8571428571428572,1.6761634196950517,13.0,5.0,1.5714285714285714,1.504571787498445,22.0,5.0,1.4642857142857142,1.6662697940174713,41.0,7.0,1.5,1.5840110192454182,84.0,7.0,1.3870967741935485,1.5508309640337392,86.0,7.0,1.0,0.0,3.0,1319,0.3661865049279757,0.15921152388172857,0.3199393479909022,0.24791508718726307,0.15466262319939347,0.3009855951478393,43.28363914373089,5.3570887035633055
2022-03-04,1,0,0,0,0,1,0,1,2,0,0,1,2022,3,4,4,63,9,1,0,0,1,-0.433883739117558,-0.9009688679024191,0.8840675099433636,0.4673592171580022,0.8854560256532099,0.4647231720437686,1.0,6.123233995736766e-17,3.0,2.0,0.0,5.0,0.0,3.0,2.0,1.0000000000000002,6.0,3.0,1.2857142857142858,0.9511897312113425,9.0,3.0,1.6428571428571428,1.4468609447374672,23.0,5.0,1.3928571428571428,1.640670272114096,39.0,7.0,1.4642857142857142,1.5720777879699754,82.0,7.0,1.380952380952381,1.5390463262910723,87.0,7.0,-2.0,-4.0,-2.0,1319,0.3661865049279757,0.15921152388172857,0.3199393479909022,0.24791508718726307,0.15466262319939347,0.3009855951478393,43.28363914373089,5.3570887035633055
2022-03-05,0,0,0,0,0,0,0,0,0,0,0,0,2022,3,5,5,64,9,1,1,0,0,-0.9749279121818236,-0.2225209339563146,0.8919813464595485,0.45207220393230435,0.8854560256532099,0.4647231720437686,1.0,6.123233995736766e-17,1.0,3.0,2.0,1.0,1.0,2.0,1.3333333333333333,1.5275252316519463,4.0,3.0,1.1428571428571428,1.0690449676496983,8.0,3.0,1.5714285714285714,1.504571787498445,22.0,5.0,1.3214285714285714,1.6567163289800082,37.0,7.0,1.4642857142857142,1.5720777879699754,82.0,7.0,1.359375,1.5365100374674079,87.0,7.0,-1.0,-1.0,-2.0,1319,0.3661865049279757,0.15921152388172857,0.3199393479909022,0.24791508718726307,0.15466262319939347,0.3009855951478393,43.28363914373089,5.3570887035633055
2022-03-06,1,0,0,0,0,0,0,0,1,0,0,0,2022,3,6,6,65,9,1,1,0,0,-0.7818314824680299,0.6234898018587334,0.8996308696522433,0.43665123195606403,0.8854560256532099,0.4647231720437686,1.0,6.123233995736766e-17,0.0,1.0,3.0,1.0,0.0,0.0,0.6666666666666666,0.5773502691896237,2.0,1.0,1.1428571428571428,1.0690449676496983,8.0,3.0,1.6428571428571428,1.4468609447374672,23.0,5.0,1.3571428571428572,1.6378460497066514,38.0,7.0,1.4821428571428572,1.5607815225197155,83.0,7.0,1.353846153846154,1.5251103364876712,88.0,7.0,1.0,0.0,1.0,1319,0.3661865049279757,0.15921152388172857,0.3199393479909022,0.24791508718726307,0.15466262319939347,0.3009855951478393,43.28363914373089,5.3570887035633055
2022-03-07,0,0,0,0,0,0,0,0,0,0,0,0,2022,3,7,0,66,10,1,0,1,0,0.0,1.0,0.9070138128026359,0.4211008707960896,0.9350162426854148,0.35460488704253557,1.0,6.123233995736766e-17,1.0,0.0,1.0,1.0,3.0,1.0,0.3333333333333333,0.5773502691896232,1.0,1.0,1.0,1.1547005383792521,7.0,3.0,1.4285714285714286,1.4525460784051265,20.0,5.0,1.3214285714285714,1.6567163289800082,37.0,7.0,1.4821428571428572,1.5607815225197155,83.0,7.0,1.3333333333333333,1.5224811059414554,88.0,7.0,-1.0,-1.0,-1.0,1319,0.3661865049279757,0.15921152388172857,0.3199393479909022,0.24791508718726307,0.15466262319939347,0.3009855951478393,43.28363914373089,5.3570887035633055
2022-03-08,0,0,0,0,0,0,0,0,0,0,0,0,2022,3,8,1,67,10,1,0,0,0,0.7818314824680298,0.6234898018587336,0.9141279881853337,0.40542572835999735,0.9350162426854148,0.35460488704253557,1.0,6.123233995736766e-17,0.0,1.0,0.0,0.0,0.0,0.0,0.3333333333333333,0.5773502691896232,1.0,1.0,1.0,1.1547005383792521,7.0,3.0,1.4285714285714286,1.4525460784051265,20.0,5.0,1.3214285714285714,1.6567163289800082,37.0,7.0,1.4642857142857142,1.5720777879699754,82.0,7.0,1.3134328358208955,1.5196586062374446,88.0,7.0,0.0,0.0,0.0,1319,0.3661865049279757,0.15921152388172857,0.3199393479909022,0.24791508718726307,0.15466262319939347,0.3009855951478393,43.28363914373089,5.3570887035633055
2022-03-09,0,0,0,0,0,0,0,0,0,0,0,0,2022,3,9,2,68,10,1,0,0,0,0.9749279121818236,-0.22252093395631434,0.9209712877166346,0.38963044953078796,0.9350162426854148,0.35460488704253557,1.0,6.123233995736766e-17,0.0,0.0,1.0,2.0,2.0,0.0,0.0,0.0,0.0,0.0,0.7142857142857143,1.1126972805283744,5.0,3.0,1.2857142857142858,1.4898926873369847,18.0,5.0,1.3214285714285714,1.6567163289800082,37.0,7.0,1.4285714285714286,1.5823704066671949,80.0,7.0,1.2941176470588236,1.516661923085585,88.0,7.0,0.0,-2.0,0.0,1319,0.3661865049279757,0.15921152388172857,0.3199393479909022,0.24791508718726307,0.15466262319939347,0.3009855951478393,43.28363914373089,5.3570887035633055
2022-03-10,1,1,0,1,0,0,0,0,2,0,0,1,2022,3,10,3,69,10,1,0,0,0,0.43388373911755823,-0.900968867902419,0.9275416835791966,0.37371971479046906,0.9350162426854148,0.35460488704253557,1.0,6.123233995736766e-17,0.0,0.0,0.0,3.0,3.0,1.0,0.3333333333333333,0.5773502691896232,1.0,1.0,0.42857142857142855,0.5345224838248507,3.0,1.0,1.1428571428571428,1.406421692815487,16.0,5.0,1.3214285714285714,1.6567163289800082,37.0,7.0,1.4464285714285714,1.571561387539537,81.0,7.0,1.289855072463768,1.5058850170479416,89.0,7.0,1.0,-2.0,0.0,1319,0.3661865049279757,0.15921152388172857,0.3199393479909022,0.24791508718726307,0.15466262319939347,0.3009855951478393,43.28363914373089,5.3570887035633055
2022-03-11,0,0,0,0,0,0,0,0,0,0,0,0,2022,3,11,4,70,10,1,0,0,1,-0.433883739117558,-0.9009688679024191,0.9338372288229252,0.35769823883312546,0.9350162426854148,0.35460488704253557,1.0,6.123233995736766e-17,1.0,0.0,0.0,1.0,5.0,2.0,0.3333333333333333,0.5773502691896232,1.0,1.0,0.2857142857142857,0.4879500364742689,2.0,1.0,0.7857142857142857,0.8925823753039818,11.0,3.0,1.25,1.6694421334796354,35.0,7.0,1.4107142857142858,1.581446814146472,79.0,7.0,1.2714285714285714,1.5028613151269734,89.0,7.0,-1.0,-1.0,-2.0,1319,0.3661865049279757,0.15921152388172857,0.3199393479909022,0.24791508718726307,0.15466262319939347,0.3009855951478393,43.28363914373089,5.3570887035633055
2022-03-12,2,1,0,1,0,0,0,0,4,0,0,0,2022,3,12,5,71,10,1,1,0,0,-0.9749279121818236,-0.2225209339563146,0.9398560579418954,0.3415707691678556,0.9350162426854148,0.35460488704253557,1.0,6.123233995736766e-17,0.0,1.0,0.0,0.0,1.0,0.0,1.0,0.9999999999999992,3.0,2.0,0.5714285714285714,0.7867957924694443,4.0,2.0,0.8571428571428571,0.9492622930986475,12.0,3.0,1.3214285714285714,1.6567163289800082,37.0,7.0,1.3392857142857142,1.4557320646863021,75.0,7.0,1.2816901408450705,1.4945911872152224,91.0,7.0,2.0,2.0,2.0,1319,0.3661865049279757,0.15921152388172857,0.3199393479909022,0.24791508718726307,0.15466262319939347,0.3009855951478393,43.28363914373089,5.3570887035633055
2022-03-13,0,0,0,0,0,0,0,0,0,0,0,0,2022,3,13,6,72,10,1,1,0,0,-0.7818314824680299,0.6234898018587334,0.9455963874271426,0.3253420847119801,0.9350162426854148,0.35460488704253557,1.0,6.123233995736766e-17,2.0,0.0,1.0,1.0,1.0,1.0,0.6666666666666666,1.1547005383792506,2.0,2.0,0.42857142857142855,0.7867957924694444,3.0,2.0,0.7857142857142857,0.9749612559222299,11.0,3.0,1.2857142857142858,1.6745843676067218,36.0,7.0,1.2678571428571428,1.42051298581081,71.0,7.0,1.2638888888888888,1.4916958451784639,91.0,7.0,-2.0,-1.0,-1.0,1319,0.3661865049279757,0.15921152388172857,0.3199393479909022,0.24791508718726307,0.15466262319939347,0.3009855951478393,43.28363914373089,5.3570887035633055
2022-03-14,0,0,0,0,0,0,0,0,0,0,0,0,2022,3,14,0,73,11,1,0,1,0,0.0,1.0,0.9510565162951535,0.30901699437494745,0.970941817426052,0.23931566428755804,1.0,6.123233995736766e-17,0.0,2.0,0.0,0.0,1.0,0.0,0.6666666666666666,1.1547005383792506,2.0,2.0,0.42857142857142855,0.7867957924694444,3.0,2.0,0.7142857142857143,0.9944903161976945,10.0,3.0,1.2857142857142858,1.6745843676067218,36.0,7.0,1.2678571428571428,1.42051298581081,71.0,7.0,1.2465753424657535,1.488668513189333,91.0,7.0,0.0,0.0,0.0,1319,0.3661865049279757,0.15921152388172857,0.3199393479909022,0.24791508718726307,0.15466262319939347,0.3009855951478393,43.28363914373089,5.3570887035633055
2022-03-15,2,0,0,0,0,2,0,2,4,2,2,2,2022,3,15,1,74,11,1,0,0,0,0.7818314824680298,0.6234898018587336,0.9562348265919056,0.29260033563334836,0.970941817426052,0.23931566428755804,1.0,6.123233995736766e-17,0.0,0.0,2.0,0.0,0.0,1.0,0.6666666666666666,1.1547005383792506,2.0,2.0,0.7142857142857143,0.9511897312113428,5.0,2.0,0.8571428571428571,1.0271051820261916,12.0,3.0,1.3214285714285714,1.6789231872789978,37.0,7.0,1.3035714285714286,1.4131800741865566,73.0,7.0,1.2567567567567568,1.4810289907794052,93.0,7.0,2.0,2.0,1.0,1319,0.3661865049279757,0.15921152388172857,0.3199393479909022,0.24791508718726307,0.15466262319939347,0.3009855951478393,43.28363914373089,5.3570887035633055
2022-03-16,0,0,0,0,0,0,0,0,0,0,0,0,2022,3,16,2,75,11,1,0,0,0,0.9749279121818236,-0.22252093395631434,0.9611297838723007,0.27609697309746883,0.970941817426052,0.23931566428755804,1.0,6.123233995736766e-17,2.0,0.0,0.0,0.0,2.0,1.0,0.6666666666666666,1.1547005383792506,2.0,2.0,0.7142857142857143,0.9511897312113428,5.0,2.0,0.7142857142857143,0.9944903161976945,10.0,3.0,1.2857142857142858,1.6965573607476045,36.0,7.0,1.2678571428571428,1.42051298581081,71.0,7.0,1.24,1.4781288390613536,93.0,7.0,-2.0,0.0,-1.0,1319,0.3661865049279757,0.15921152388172857,0.3199393479909022,0.24791508718726307,0.15466262319939347,0.3009855951478393,43.28363914373089,5.3570887035633055
2022-03-17,0,0,0,0,0,0,0,0,0,0,0,0,2022,3,17,3,76,11,1,0,0,0,0.43388373911755823,-0.900968867902419,0.9657399376548549,0.2595117970697999,0.970941817426052,0.23931566428755804,1.0,6.123233995736766e-17,0.0,2.0,0.0,1.0,3.0,7.0,0.6666666666666666,1.1547005383792506,2.0,2.0,0.5714285714285714,0.9759000729485342,4.0,2.0,0.5,0.7595545253127508,7.0,2.0,1.0357142857142858,1.290482047664327,29.0,5.0,1.25,1.4301938838683885,70.0,7.0,1.2236842105263157,1.4751152200017128,93.0,7.0,0.0,-1.0,-7.0,1319,0.3661865049279757,0.15921152388172857,0.3199393479909022,0.24791508718726307,0.15466262319939347,0.3009855951478393,43.28363914373089,5.3570887035633055
2022-03-18,1,1,0,0,0,0,0,0,2,0,0,0,2022,3,18,4,77,11,1,0,0,1,-0.433883739117558,-0.9009688679024191,0.9700639218515071,0.2428497220959356,0.970941817426052,0.23931566428755804,1.0,6.123233995736766e-17,0.0,0.0,2.0,0.0,1.0,0.0,0.3333333333333333,0.577350269189623,1.0,1.0,0.7142857142857143,0.9511897312113428,5.0,2.0,0.5,0.7595545253127508,7.0,2.0,1.0714285714285714,1.2744954391203696,30.0,5.0,1.2142857142857142,1.410535497465551,68.0,7.0,1.2207792207792207,1.465600080292034,94.0,7.0,1.0,1.0,1.0,1319,0.3661865049279757,0.15921152388172857,0.3199393479909022,0.24791508718726307,0.15466262319939347,0.3009855951478393,43.28363914373089,5.3570887035633055
2022-03-19,0,0,0,0,0,0,0,0,0,0,0,0,2022,3,19,5,78,11,1,1,0,0,-0.9749279121818236,-0.2225209339563146,0.9741004551724205,0.22611568550828828,0.970941817426052,0.23931566428755804,1.0,6.123233995736766e-17,1.0,0.0,0.0,2.0,0.0,1.0,0.3333333333333333,0.577350269189623,1.0,1.0,0.42857142857142855,0.7867957924694445,3.0,2.0,0.5,0.7595545253127508,7.0,2.0,1.0357142857142858,1.290482047664327,29.0,5.0,1.1785714285714286,1.415590372917287,66.0,7.0,1.205128205128205,1.46259842034447,94.0,7.0,-1.0,-2.0,-1.0,1319,0.3661865049279757,0.15921152388172857,0.3199393479909022,0.24791508718726307,0.15466262319939347,0.3009855951478393,43.28363914373089,5.3570887035633055
2022-03-20,1,1,0,1,0,1,0,1,2,0,0,0,2022,3,20,6,79,11,1,1,0,0,-0.7818314824680299,0.6234898018587334,0.9778483415056568,0.20931464596304847,0.970941817426052,0.23931566428755804,1.0,6.123233995736766e-17,0.0,1.0,0.0,0.0,1.0,0.0,0.6666666666666666,0.5773502691896237,2.0,1.0,0.5714285714285714,0.7867957924694443,4.0,2.0,0.5,0.7595545253127508,7.0,2.0,1.0714285714285714,1.2744954391203696,30.0,5.0,1.1964285714285714,1.4067324208590999,67.0,7.0,1.2025316455696202,1.4533757947994028,95.0,7.0,1.0,1.0,1.0,1319,0.3661865049279757,0.15921152388172857,0.3199393479909022,0.24791508718726307,0.15466262319939347,0.3009855951478393,43.28363914373089,5.3570887035633055
2022-03-21,0,0,0,0,0,0,0,0,0,0,0,0,2022,3,21,0,80,12,1,0,1,0,0.0,1.0,0.9813064702716093,0.19245158197082998,0.992708874098054,0.120536680255323,1.0,6.123233995736766e-17,1.0,0.0,1.0,0.0,0.0,3.0,0.3333333333333333,0.577350269189623,1.0,1.0,0.5714285714285714,0.7867957924694443,4.0,2.0,0.5,0.7595545253127508,7.0,2.0,0.9642857142857143,1.2317450089997386,27.0,5.0,1.1428571428571428,1.393864104874339,64.0,7.0,1.1875,1.450392788352979,95.0,7.0,-1.0,0.0,-3.0,1319,0.3661865049279757,0.15921152388172857,0.3199393479909022,0.24791508718726307,0.15466262319939347,0.3009855951478393,43.28363914373089,5.3570887035633055
2022-03-22,0,0,0,0,0,0,0,0,0,0,0,0,2022,3,22,1,81,12,1,0,0,0,0.7818314824680298,0.6234898018587336,0.9844738167520922,0.1755314904214282,0.992708874098054,0.120536680255323,1.0,6.123233995736766e-17,0.0,1.0,0.0,2.0,0.0,0.0,0.3333333333333333,0.577350269189623,1.0,1.0,0.2857142857142857,0.48795003647426893,2.0,1.0,0.5,0.7595545253127508,7.0,2.0,0.9642857142857143,1.2317450089997386,27.0,5.0,1.1071428571428572,1.397121344747138,62.0,7.0,1.1728395061728396,1.4473261852187131,95.0,7.0,0.0,-2.0,0.0,1319,0.3661865049279757,0.15921152388172857,0.3199393479909022,0.24791508718726307,0.15466262319939347,0.3009855951478393,43.28363914373089,5.3570887035633055
2022-03-23,0,0,0,0,0,0,0,0,0,0,0,0,2022,3,23,2,82,12,1,0,0,0,0.9749279121818236,-0.22252093395631434,0.9873494423939864,0.15855938510313475,0.992708874098054,0.120536680255323,1.0,6.123233995736766e-17,0.0,0.0,1.0,0.0,0.0,2.0,0.0,0.0,0.0,0.0,0.2857142857142857,0.48795003647426893,2.0,1.0,0.5,0.7595545253127508,7.0,2.0,0.8928571428571429,1.2274419565151566,25.0,5.0,1.0714285714285714,1.39944330304645,60.0,7.0,1.1585365853658536,1.4441838414068997,95.0,7.0,0.0,0.0,-2.0,1319,0.3661865049279757,0.15921152388172857,0.3199393479909022,0.24791508718726307,0.15466262319939347,0.3009855951478393,43.28363914373089,5.3570887035633055
2022-03-24,0,0,0,0,0,0,0,0,0,0,0,0,2022,3,24,3,83,12,1,0,0,0,0.43388373911755823,-0.900968867902419,0.989932495087353,0.141540295217043,0.992708874098054,0.120536680255323,1.0,6.123233995736766e-17,0.0,0.0,0.0,0.0,1.0,3.0,0.0,0.0,0.0,0.0,0.2857142857142857,0.48795003647426893,2.0,1.0,0.42857142857142855,0.7559289460184552,6.0,2.0,0.7857142857142857,1.1660996354464566,22.0,5.0,1.0714285714285714,1.39944330304645,60.0,7.0,1.144578313253012,1.4409729954687878,95.0,7.0,0.0,0.0,-3.0,1319,0.3661865049279757,0.15921152388172857,0.3199393479909022,0.24791508718726307,0.15466262319939347,0.3009855951478393,43.28363914373089,5.3570887035633055
2022-03-25,0,0,0,0,0,0,0,0,0,0,0,0,2022,3,25,4,84,12,1,0,0,1,-0.433883739117558,-0.9009688679024191,0.9922222094179323,0.12447926388678915,0.992708874098054,0.120536680255323,1.0,6.123233995736766e-17,0.0,0.0,0.0,1.0,0.0,5.0,0.0,0.0,0.0,0.0,0.14285714285714285,0.3779644730092305,1.0,1.0,0.42857142857142855,0.7559289460184552,6.0,2.0,0.6071428571428571,0.8317445171439009,17.0,3.0,1.0178571428571428,1.3815810630456082,57.0,7.0,1.130952380952381,1.4377003215456885,95.0,7.0,0.0,-1.0,-5.0,1319,0.3661865049279757,0.15921152388172857,0.3199393479909022,0.24791508718726307,0.15466262319939347,0.3009855951478393,43.28363914373089,5.3570887035633055
2022-03-26,2,0,0,0,0,2,0,2,4,0,0,2,2022,3,26,5,85,12,1,1,0,0,-0.9749279121818236,-0.2225209339563146,0.994217906893952,0.10738134666416309,0.992708874098054,0.120536680255323,1.0,6.123233995736766e-17,0.0,0.0,0.0,0.0,2.0,1.0,0.6666666666666666,1.1547005383792506,2.0,2.0,0.42857142857142855,0.7867957924694445,3.0,2.0,0.42857142857142855,0.7559289460184552,6.0,2.0,0.6428571428571429,0.869835476750492,18.0,3.0,1.0535714285714286,1.38064073211275,59.0,7.0,1.1428571428571428,1.4407399131759502,96.0,7.0,2.0,2.0,1.0,1319,0.3661865049279757,0.15921152388172857,0.3199393479909022,0.24791508718726307,0.15466262319939347,0.3009855951478393,43.28363914373089,5.3570887035633055
2022-03-27,0,0,0,0,0,0,0,0,0,0,0,0,2022,3,27,6,86,12,1,1,0,0,-0.7818314824680299,0.6234898018587334,0.995918996147179,0.09025161003104117,0.992708874098054,0.120536680255323,1.0,6.123233995736766e-17,2.0,0.0,0.0,1.0,0.0,1.0,0.6666666666666666,1.1547005383792506,2.0,2.0,0.2857142857142857,0.755928946018456,2.0,2.0,0.42857142857142855,0.7559289460184552,6.0,2.0,0.6071428571428571,0.8751417118804331,17.0,3.0,1.0357142857142858,1.387794662755995,58.0,7.0,1.1428571428571428,1.4407399131759502,96.0,7.0,-2.0,-1.0,-1.0,1319,0.3661865049279757,0.15921152388172857,0.3199393479909022,0.24791508718726307,0.15466262319939347,0.3009855951478393,43.28363914373089,5.3570887035633055
2022-03-28,1,1,0,1,0,0,0,0,2,0,0,0,2022,3,28,0,87,13,1,0,1,0,0.0,1.0,0.9973249731081555,0.07309512989807777,1.0,-1.6081226496766366e-16,1.0,6.123233995736766e-17,0.0,2.0,0.0,0.0,0.0,1.0,1.0,0.9999999999999992,3.0,2.0,0.42857142857142855,0.7867957924694445,3.0,2.0,0.5,0.7595545253127508,7.0,2.0,0.6071428571428571,0.8751417118804331,17.0,3.0,1.0,1.3618169680781094,56.0,7.0,1.1547619047619047,1.4353039862653136,97.0,7.0,1.0,1.0,0.0,1319,0.3661865049279757,0.15921152388172857,0.3199393479909022,0.24791508718726307,0.15466262319939347,0.3009855951478393,43.28363914373089,5.3570887035633055
2022-03-29,0,0,0,0,0,0,0,0,0,0,0,0,2022,3,29,1,88,13,1,0,0,0,0.7818314824680298,0.6234898018587336,0.9984354211555643,0.055916990100603484,1.0,-1.6081226496766366e-16,1.0,6.123233995736766e-17,1.0,0.0,2.0,0.0,2.0,0.0,0.3333333333333333,0.577350269189623,1.0,1.0,0.42857142857142855,0.7867957924694445,3.0,2.0,0.35714285714285715,0.6333236937766518,5.0,2.0,0.6071428571428571,0.8751417118804331,17.0,3.0,0.9642857142857143,1.361340057901314,54.0,7.0,1.1547619047619047,1.4353039862653136,97.0,7.0,-1.0,0.0,0.0,1319,0.3661865049279757,0.15921152388172857,0.3199393479909022,0.24791508718726307,0.15466262319939347,0.3009855951478393,43.28363914373089,5.3570887035633055
2022-03-30,0,0,0,0,0,0,0,0,0,0,0,0,2022,3,30,2,89,13,1,0,0,0,0.9749279121818236,-0.22252093395631434,0.9992500112396835,0.03872228089217446,1.0,-1.6081226496766366e-16,1.0,6.123233995736766e-17,0.0,1.0,0.0,0.0,0.0,2.0,0.3333333333333333,0.577350269189623,1.0,1.0,0.42857142857142855,0.7867957924694445,3.0,2.0,0.35714285714285715,0.6333236937766518,5.0,2.0,0.5357142857142857,0.8380817098475252,15.0,3.0,0.9464285714285714,1.3674082034290982,53.0,7.0,1.1428571428571428,1.4407399131759502,96.0,7.0,0.0,0.0,-2.0,1319,0.3661865049279757,0.15921152388172857,0.3199393479909022,0.24791508718726307,0.15466262319939347,0.3009855951478393,43.28363914373089,5.3570887035633055
2022-03-31,1,1,0,0,0,0,0,0,2,0,0,0,2022,3,31,3,90,13,1,0,0,0,0.43388373911755823,-0.900968867902419,0.9997685019798909,0.021516097436222254,1.0,-1.6081226496766366e-16,1.0,6.123233995736766e-17,0.0,0.0,1.0,0.0,0.0,3.0,0.3333333333333333,0.577350269189623,1.0,1.0,0.5714285714285714,0.7867957924694443,4.0,2.0,0.42857142857142855,0.6462061726588649,6.0,2.0,0.4642857142857143,0.6929348671835825,13.0,2.0,0.9642857142857143,1.361340057901314,54.0,7.0,1.1547619047619047,1.4353039862653136,97.0,7.0,1.0,1.0,-2.0,1319,0.3661865049279757,0.15921152388172857,0.3199393479909022,0.24791508718726307,0.15466262319939347,0.3009855951478393,43.28363914373089,5.3570887035633055
2022-04-01,0,0,0,0,0,0,0,0,0,0,0,0,2022,4,1,4,91,13,2,0,0,1,-0.433883739117558,-0.9009688679024191,0.9999907397361901,0.004303538296244289,1.0,-1.6081226496766366e-16,0.8660254037844387,-0.4999999999999998,1.0,0.0,0.0,0.0,1.0,1.0,0.3333333333333333,0.577350269189623,1.0,1.0,0.5714285714285714,0.7867957924694443,4.0,2.0,0.35714285714285715,0.6333236937766518,5.0,2.0,0.42857142857142855,0.6900655593423535,12.0,2.0,0.9107142857142857,1.3386123848534783,51.0,7.0,1.119047619047619,1.4261310193849983,94.0,7.0,-1.0,0.0,-1.0,1319,0.3661865049279757,0.15921152388172857,0.3199393479909022,0.24791508718726307,0.15466262319939347,0.3009855951478393,43.28363914373089,5.3570887035633055
2022-04-02,0,0,0,0,0,0,0,0,0,0,0,0,2022,4,2,5,92,13,2,1,0,0,-0.9749279121818236,-0.2225209339563146,0.9999166586547379,-0.01291029607500882,1.0,-1.6081226496766366e-16,0.8660254037844387,-0.4999999999999998,0.0,1.0,0.0,2.0,0.0,0.0,0.3333333333333333,0.577350269189623,1.0,1.0,0.2857142857142857,0.48795003647426893,2.0,1.0,0.35714285714285715,0.6333236937766518,5.0,2.0,0.42857142857142855,0.6900655593423535,12.0,2.0,0.875,1.3356986595377374,49.0,7.0,1.119047619047619,1.4261310193849983,94.0,7.0,0.0,-2.0,0.0,1319,0.3661865049279757,0.15921152388172857,0.3199393479909022,0.24791508718726307,0.15466262319939347,0.3009855951478393,43.28363914373089,5.3570887035633055
2022-04-03,0,0,0,0,0,0,0,0,0,0,0,0,2022,4,3,6,93,13,2,1,0,0,-0.7818314824680299,0.6234898018587334,0.9995462806873573,-0.030120304846908114,1.0,-1.6081226496766366e-16,0.8660254037844387,-0.4999999999999998,0.0,0.0,1.0,0.0,1.0,1.0,0.0,0.0,0.0,0.0,0.2857142857142857,0.48795003647426893,2.0,1.0,0.2857142857142857,0.6112498455021275,4.0,2.0,0.39285714285714285,0.6852566815265054,11.0,2.0,0.875,1.3356986595377374,49.0,7.0,1.119047619047619,1.4261310193849983,94.0,7.0,0.0,0.0,-1.0,1319,0.3661865049279757,0.15921152388172857,0.3199393479909022,0.24791508718726307,0.15466262319939347,0.3009855951478393,43.28363914373089,5.3570887035633055
2022-04-04,0,0,0,0,0,0,0,0,0,0,0,0,2022,4,4,0,94,14,2,0,1,0,0.0,1.0,0.9988797155850336,-0.04732138832243185,0.992708874098054,-0.12053668025532288,0.8660254037844387,-0.4999999999999998,0.0,0.0,0.0,1.0,0.0,0.0,0.0,0.0,0.0,0.0,0.14285714285714285,0.3779644730092305,1.0,1.0,0.2857142857142857,0.6112498455021275,4.0,2.0,0.39285714285714285,0.6852566815265054,11.0,2.0,0.8571428571428571,1.340672442247769,48.0,7.0,1.119047619047619,1.4261310193849983,94.0,7.0,0.0,-1.0,0.0,1319,0.3661865049279757,0.15921152388172857,0.3199393479909022,0.24791508718726307,0.15466262319939347,0.3009855951478393,43.28363914373089,5.3570887035633055
2022-04-05,3,0,0,2,0,1,0,1,6,1,1,1,2022,4,5,1,95,14,2,0,0,0,0.7818314824680298,0.6234898018587336,0.9979171608653922,-0.06450844944931623,0.992708874098054,-0.12053668025532288,0.8660254037844387,-0.4999999999999998,0.0,0.0,0.0,0.0,0.0,0.0,1.0,1.732050807568877,3.0,3.0,0.5714285714285714,1.1338934190276826,4.0,3.0,0.5,0.9405399431259609,7.0,3.0,0.5,0.8388704928078604,14.0,3.0,0.9107142857142857,1.3655073744254878,51.0,7.0,1.1428571428571428,1.4407399131759502,96.0,7.0,3.0,3.0,3.0,1319,0.3661865049279757,0.15921152388172857,0.3199393479909022,0.24791508718726307,0.15466262319939347,0.3009855951478393,43.28363914373089,5.3570887035633055
2022-04-06,0,0,0,0,0,0,0,0,0,0,0,0,2022,4,6,2,96,14,2,0,0,0,0.9749279121818236,-0.22252093395631434,0.9966589017541702,-0.08167639533042241,0.992708874098054,-0.12053668025532288,0.8660254037844387,-0.4999999999999998,3.0,0.0,0.0,0.0,0.0,0.0,1.0,1.732050807568877,3.0,3.0,0.5714285714285714,1.1338934190276826,4.0,3.0,0.5,0.9405399431259609,7.0,3.0,0.5,0.8388704928078604,14.0,3.0,0.9107142857142857,1.3655073744254878,51.0,7.0,1.119047619047619,1.4429284304969638,94.0,7.0,-3.0,0.0,0.0,1319,0.3661865049279757,0.15921152388172857,0.3199393479909022,0.24791508718726307,0.15466262319939347,0.3009855951478393,43.28363914373089,5.3570887035633055
2022-04-07,0,0,0,0,0,0,0,0,0,0,0,0,2022,4,7,3,97,14,2,0,0,0,0.43388373911755823,-0.900968867902419,0.9951053111006976,-0.09882013873287143,0.992708874098054,-0.12053668025532288,0.8660254037844387,-0.4999999999999998,0.0,3.0,0.0,1.0,0.0,1.0,1.0,1.732050807568877,3.0,3.0,0.42857142857142855,1.1338934190276826,3.0,3.0,0.5,0.9405399431259609,7.0,3.0,0.4642857142857143,0.8380817098475252,13.0,3.0,0.8928571428571429,1.370846738049436,50.0,7.0,1.119047619047619,1.4429284304969638,94.0,7.0,0.0,-1.0,-1.0,1319,0.3661865049279757,0.15921152388172857,0.3199393479909022,0.24791508718726307,0.15466262319939347,0.3009855951478393,43.28363914373089,5.3570887035633055
2022-04-08,0,0,0,0,0,0,0,0,0,0,0,0,2022,4,8,4,98,14,2,0,0,1,-0.433883739117558,-0.9009688679024191,0.9932568492674143,-0.11593459959550041,0.992708874098054,-0.12053668025532288,0.8660254037844387,-0.4999999999999998,0.0,0.0,3.0,0.0,0.0,0.0,0.0,0.0,0.0,0.0,0.42857142857142855,1.1338934190276826,3.0,3.0,0.5,0.9405399431259609,7.0,3.0,0.4642857142857143,0.8380817098475252,13.0,3.0,0.8571428571428571,1.3675269175156552,48.0,7.0,1.0952380952380953,1.4447165696855695,92.0,7.0,0.0,0.0,0.0,1319,0.3661865049279757,0.15921152388172857,0.3199393479909022,0.24791508718726307,0.15466262319939347,0.3009855951478393,43.28363914373089,5.3570887035633055
2022-04-09,0,0,0,0,0,0,0,0,0,0,0,0,2022,4,9,5,99,14,2,1,0,0,-0.9749279121818236,-0.2225209339563146,0.9911140639934547,-0.1330147065341959,0.992708874098054,-0.12053668025532288,0.8660254037844387,-0.4999999999999998,0.0,0.0,0.0,0.0,2.0,2.0,0.0,0.0,0.0,0.0,0.42857142857142855,1.1338934190276826,3.0,3.0,0.35714285714285715,0.841897386141096,5.0,3.0,0.39285714285714285,0.785954749158542,11.0,3.0,0.8571428571428571,1.3675269175156552,48.0,7.0,1.0238095238095237,1.3441187418518354,86.0,7.0,0.0,0.0,-2.0,1319,0.3661865049279757,0.15921152388172857,0.3199393479909022,0.24791508718726307,0.15466262319939347,0.3009855951478393,43.28363914373089,5.3570887035633055
2022-04-10,0,0,0,0,0,0,0,0,0,0,0,0,2022,4,10,6,100,14,2,1,0,0,-0.7818314824680299,0.6234898018587334,0.9886775902323405,-0.1500553983446526,0.992708874098054,-0.12053668025532288,0.8660254037844387,-0.4999999999999998,0.0,0.0,0.0,0.0,0.0,0.0,0.0,0.0,0.0,0.0,0.42857142857142855,1.1338934190276826,3.0,3.0,0.35714285714285715,0.841897386141096,5.0,3.0,0.39285714285714285,0.785954749158542,11.0,3.0,0.8392857142857143,1.3721487557084353,47.0,7.0,0.9761904761904762,1.3077727822632976,82.0,7.0,0.0,0.0,0.0,1319,0.3661865049279757,0.15921152388172857,0.3199393479909022,0.24791508718726307,0.15466262319939347,0.3009855951478393,43.28363914373089,5.3570887035633055
2022-04-11,4,3,0,3,0,0,0,0,8,0,0,0,2022,4,11,0,101,15,2,0,1,0,0.0,1.0,0.9859481499638304,-0.16705162550211924,0.9709418174260521,-0.2393156642875575,0.8660254037844387,-0.4999999999999998,0.0,0.0,0.0,0.0,1.0,0.0,1.3333333333333333,2.3094010767585034,4.0,4.0,1.0,1.7320508075688776,7.0,4.0,0.5714285714285714,1.2838814775327392,8.0,4.0,0.5357142857142857,1.0357370915204889,15.0,4.0,0.9107142857142857,1.430534365692964,51.0,7.0,1.0238095238095237,1.3441187418518354,86.0,7.0,4.0,4.0,4.0,1319,0.3661865049279757,0.15921152388172857,0.3199393479909022,0.24791508718726307,0.15466262319939347,0.3009855951478393,43.28363914373089,5.3570887035633055
2022-04-12,3,0,0,2,0,0,0,0,6,0,0,0,2022,4,12,1,102,15,2,0,0,0,0.7818314824680298,0.6234898018587336,0.9829265519799822,-0.18399835165768005,0.9709418174260521,-0.2393156642875575,0.8660254037844387,-0.4999999999999998,4.0,0.0,0.0,3.0,0.0,2.0,2.3333333333333335,2.0816659994661335,7.0,4.0,1.0,1.7320508075688776,7.0,4.0,0.7857142857142857,1.4238934396479705,11.0,4.0,0.5714285714285714,1.1031460542154952,16.0,4.0,0.9464285714285714,1.4575152312585447,53.0,7.0,1.0595238095238095,1.3563877477763662,89.0,7.0,-1.0,0.0,1.0,1319,0.3661865049279757,0.15921152388172857,0.3199393479909022,0.24791508718726307,0.15466262319939347,0.3009855951478393,43.28363914373089,5.3570887035633055
2022-04-13,2,1,1,1,0,0,0,0,4,2,2,1,2022,4,13,2,103,15,2,0,0,0,0.9749279121818236,-0.22252093395631434,0.9796136916454901,-0.20089055513063506,0.9709418174260521,-0.2393156642875575,0.8660254037844387,-0.4999999999999998,3.0,4.0,0.0,0.0,0.0,0.0,3.0,1.0000000000000018,9.0,4.0,1.2857142857142858,1.7043362064926937,9.0,4.0,0.9285714285714286,1.4392458342578494,13.0,4.0,0.6428571428571429,1.1292175499576131,18.0,4.0,0.9642857142857143,1.4642936331746592,54.0,7.0,1.0595238095238095,1.3563877477763662,89.0,7.0,-1.0,2.0,2.0,1319,0.3661865049279757,0.15921152388172857,0.3199393479909022,0.24791508718726307,0.15466262319939347,0.3009855951478393,43.28363914373089,5.3570887035633055
2022-04-14,4,2,0,1,0,3,0,2,12,0,0,0,2022,4,14,3,104,15,2,0,0,0,0.43388373911755823,-0.900968867902419,0.9760105506323683,-0.21772323039653177,0.9709418174260521,-0.2393156642875575,0.8660254037844387,-0.4999999999999998,2.0,3.0,4.0,0.0,1.0,0.0,3.0,1.0000000000000018,9.0,4.0,1.8571428571428572,1.864454471471609,13.0,4.0,1.1428571428571428,1.6574838603294901,16.0,4.0,0.7857142857142857,1.286889527537098,22.0,4.0,0.9107142857142857,1.2831323281051612,51.0,5.0,1.0952380952380953,1.393781781151923,92.0,7.0,2.0,4.0,4.0,1319,0.3661865049279757,0.15921152388172857,0.3199393479909022,0.24791508718726307,0.15466262319939347,0.3009855951478393,43.28363914373089,5.3570887035633055
2022-04-15,0,0,0,0,0,0,0,0,0,0,0,0,2022,4,15,4,105,15,2,0,0,1,-0.433883739117558,-0.9009688679024191,0.9721181966290613,-0.23449138957040985,0.9709418174260521,-0.2393156642875575,0.8660254037844387,-0.4999999999999998,4.0,2.0,3.0,0.0,0.0,1.0,2.0,2.0000000000000004,6.0,4.0,1.8571428571428572,1.864454471471609,13.0,4.0,1.1428571428571428,1.6574838603294901,16.0,4.0,0.75,1.2945755775256713,21.0,4.0,0.9107142857142857,1.2831323281051612,51.0,5.0,1.0595238095238095,1.3827786803911712,89.0,7.0,-4.0,0.0,-1.0,1319,0.3661865049279757,0.15921152388172857,0.3199393479909022,0.24791508718726307,0.15466262319939347,0.3009855951478393,43.28363914373089,5.3570887035633055
2022-04-16,0,0,0,0,0,0,0,0,0,0,0,0,2022,4,16,5,106,15,2,1,0,0,-0.9749279121818236,-0.2225209339563146,0.9679377830240642,-0.25119006388481935,0.9709418174260521,-0.2393156642875575,0.8660254037844387,-0.4999999999999998,0.0,4.0,2.0,0.0,0.0,0.0,1.3333333333333333,2.3094010767585034,4.0,4.0,1.8571428571428572,1.864454471471609,13.0,4.0,1.1428571428571428,1.6574838603294901,16.0,4.0,0.75,1.2945755775256713,21.0,4.0,0.8928571428571429,1.288813004682588,50.0,5.0,1.0357142857142858,1.3836082439785864,87.0,7.0,0.0,0.0,0.0,1319,0.3661865049279757,0.15921152388172857,0.3199393479909022,0.24791508718726307,0.15466262319939347,0.3009855951478393,43.28363914373089,5.3570887035633055
2022-04-17,0,0,0,0,0,0,0,0,0,0,0,0,2022,4,17,6,107,15,2,1,0,0,-0.7818314824680299,0.6234898018587334,0.9634705485641488,-0.2678143051621742,0.9709418174260521,-0.2393156642875575,0.8660254037844387,-0.4999999999999998,0.0,0.0,4.0,0.0,0.0,1.0,0.0,0.0,0.0,0.0,1.8571428571428572,1.864454471471609,13.0,4.0,1.1428571428571428,1.6574838603294901,16.0,4.0,0.7142857142857143,1.3012000972647106,20.0,4.0,0.8928571428571429,1.288813004682588,50.0,5.0,1.0357142857142858,1.3836082439785864,87.0,7.0,0.0,0.0,-1.0,1319,0.3661865049279757,0.15921152388172857,0.3199393479909022,0.24791508718726307,0.15466262319939347,0.3009855951478393,43.28363914373089,5.3570887035633055
2022-04-18,0,0,0,0,0,0,0,0,0,0,0,0,2022,4,18,0,108,16,2,0,1,0,0.0,1.0,0.9587178169872964,-0.2843591872810034,0.9350162426854148,-0.35460488704253545,0.8660254037844387,-0.4999999999999998,0.0,0.0,0.0,4.0,0.0,0.0,0.0,0.0,0.0,0.0,1.2857142857142858,1.7043362064926937,9.0,4.0,1.1428571428571428,1.6574838603294901,16.0,4.0,0.7142857142857143,1.3012000972647106,20.0,4.0,0.8392857142857143,1.261698504747912,47.0,5.0,1.0,1.3709551678625953,84.0,7.0,0.0,-4.0,0.0,1319,0.3661865049279757,0.15921152388172857,0.3199393479909022,0.24791508718726307,0.15466262319939347,0.3009855951478393,43.28363914373089,5.3570887035633055
2022-04-19,1,0,1,0,0,1,0,1,2,0,0,1,2022,4,19,1,109,16,2,0,0,0,0.7818314824680298,0.6234898018587336,0.9536809966304457,-0.30081980763566735,0.9350162426854148,-0.35460488704253545,0.8660254037844387,-0.4999999999999998,0.0,0.0,0.0,3.0,3.0,0.0,0.3333333333333333,0.5773502691896261,1.0,1.0,1.0,1.527525231651947,7.0,4.0,1.0,1.5689290811054728,14.0,4.0,0.75,1.2945755775256713,21.0,4.0,0.8571428571428571,1.2566705133887637,48.0,5.0,0.9880952380952381,1.366501536278591,83.0,7.0,1.0,-2.0,1.0,1319,0.3661865049279757,0.15921152388172857,0.3199393479909022,0.24791508718726307,0.15466262319939347,0.3009855951478393,43.28363914373089,5.3570887035633055
2022-04-20,1,0,1,0,0,0,0,0,2,0,0,1,2022,4,20,2,110,16,2,0,0,0,0.9749279121818236,-0.22252093395631434,0.9483615800121715,-0.3171912885891061,0.9350162426854148,-0.35460488704253545,0.8660254037844387,-0.4999999999999998,1.0,0.0,0.0,2.0,0.0,0.0,0.6666666666666666,0.5773502691896263,2.0,1.0,0.8571428571428571,1.4638501094228002,6.0,4.0,1.0714285714285714,1.5424399110243745,15.0,4.0,0.7857142857142857,1.286889527537098,22.0,4.0,0.8392857142857143,1.2472046666523824,47.0,5.0,0.9761904761904762,1.3619280316087552,82.0,7.0,0.0,-1.0,1.0,1319,0.3661865049279757,0.15921152388172857,0.3199393479909022,0.24791508718726307,0.15466262319939347,0.3009855951478393,43.28363914373089,5.3570887035633055
2022-04-21,1,0,0,0,0,2,0,1,2,0,0,0,2022,4,21,3,111,16,2,0,0,0,0.43388373911755823,-0.900968867902419,0.9427611433904207,-0.3334687789181868,0.9350162426854148,-0.35460488704253545,0.8660254037844387,-0.4999999999999998,1.0,1.0,0.0,4.0,0.0,0.0,1.0,0.0,3.0,1.0,0.42857142857142855,0.5345224838248507,3.0,1.0,1.1428571428571428,1.5118578920369095,16.0,4.0,0.8214285714285714,1.278122796760109,23.0,4.0,0.8035714285714286,1.212355226328156,45.0,5.0,0.9880952380952381,1.35765609161878,83.0,7.0,0.0,-3.0,1.0,1319,0.3661865049279757,0.15921152388172857,0.3199393479909022,0.24791508718726307,0.15466262319939347,0.3009855951478393,43.28363914373089,5.3570887035633055
2022-04-22,1,0,0,1,0,0,0,0,2,0,0,0,2022,4,22,4,112,16,2,0,0,1,-0.433883739117558,-0.9009688679024191,0.9368813462954315,-0.3496474552512284,0.9350162426854148,-0.35460488704253545,0.8660254037844387,-0.4999999999999998,1.0,1.0,1.0,0.0,0.0,0.0,1.0,0.0,3.0,1.0,0.5714285714285714,0.5345224838248505,4.0,1.0,1.2142857142857142,1.476928800355211,17.0,4.0,0.8571428571428571,1.2682529749484555,24.0,4.0,0.7321428571428571,1.0701074105574029,41.0,4.0,0.9642857142857143,1.3393617304875725,81.0,7.0,0.0,1.0,1.0,1319,0.3661865049279757,0.15921152388172857,0.3199393479909022,0.24791508718726307,0.15466262319939347,0.3009855951478393,43.28363914373089,5.3570887035633055
2022-04-23,1,1,0,1,0,0,0,0,2,0,0,0,2022,4,23,5,113,16,2,1,0,0,-0.9749279121818236,-0.2225209339563146,0.9307239310379795,-0.36572252349726897,0.9350162426854148,-0.35460488704253545,0.8660254037844387,-0.4999999999999998,1.0,1.0,1.0,0.0,0.0,2.0,1.0,0.0,3.0,1.0,0.7142857142857143,0.4879500364742682,5.0,1.0,1.2857142857142858,1.4373357526806558,18.0,4.0,0.8214285714285714,1.2488089563755573,23.0,4.0,0.7321428571428571,1.0701074105574029,41.0,4.0,0.9761904761904762,1.3351250153656746,82.0,7.0,0.0,1.0,-1.0,1319,0.3661865049279757,0.15921152388172857,0.3199393479909022,0.24791508718726307,0.15466262319939347,0.3009855951478393,43.28363914373089,5.3570887035633055
2022-04-24,1,0,1,0,0,2,0,1,2,0,0,1,2022,4,24,6,114,16,2,1,0,0,-0.7818314824680299,0.6234898018587334,0.9242907221930933,-0.3816892202666588,0.9350162426854148,-0.35460488704253545,0.8660254037844387,-0.4999999999999998,1.0,1.0,1.0,0.0,0.0,0.0,1.0,0.0,3.0,1.0,0.8571428571428571,0.37796447300922903,6.0,1.0,1.3571428571428572,1.392681025777418,19.0,4.0,0.8571428571428571,1.2387055882620106,24.0,4.0,0.7321428571428571,1.0701074105574029,41.0,4.0,0.9761904761904762,1.3351250153656746,82.0,7.0,0.0,1.0,1.0,1319,0.3661865049279757,0.15921152388172857,0.3199393479909022,0.24791508718726307,0.15466262319939347,0.3009855951478393,43.28363914373089,5.3570887035633055
2022-04-25,3,1,0,0,0,1,0,1,7,3,3,0,2022,4,25,0,115,17,2,0,1,0,0.0,1.0,0.9175836260593937,-0.39754281428255595,0.8854560256532099,-0.4647231720437685,0.8660254037844387,-0.4999999999999998,1.0,1.0,1.0,0.0,4.0,1.0,1.6666666666666667,1.1547005383792521,5.0,3.0,1.2857142857142858,0.7559289460184548,9.0,3.0,1.2857142857142858,1.2666473875533026,18.0,4.0,0.9285714285714286,1.3032316365146672,26.0,4.0,0.7678571428571429,1.1117728909444413,43.0,4.0,0.9761904761904762,1.3351250153656744,82.0,7.0,2.0,3.0,2.0,1319,0.3661865049279757,0.15921152388172857,0.3199393479909022,0.24791508718726307,0.15466262319939347,0.3009855951478393,43.28363914373089,5.3570887035633055
2022-04-26,1,0,0,0,0,1,0,1,2,0,0,0,2022,4,26,1,116,17,2,0,0,0,0.7818314824680298,0.6234898018587336,0.9106046300942162,-0.4132786077829042,0.8854560256532099,-0.4647231720437685,0.8660254037844387,-0.4999999999999998,3.0,1.0,1.0,1.0,3.0,0.0,1.6666666666666667,1.1547005383792521,5.0,3.0,1.2857142857142858,0.7559289460184548,9.0,3.0,1.1428571428571428,1.1673205911990778,16.0,4.0,0.9642857142857143,1.2904820476643273,27.0,4.0,0.7857142857142857,1.1072371137087238,44.0,4.0,0.9642857142857143,1.330335844646943,81.0,7.0,-2.0,0.0,1.0,1319,0.3661865049279757,0.15921152388172857,0.3199393479909022,0.24791508718726307,0.15466262319939347,0.3009855951478393,43.28363914373089,5.3570887035633055
2022-04-27,1,0,0,1,0,0,0,0,2,0,0,0,2022,4,27,2,117,17,2,0,0,0,0.9749279121818236,-0.22252093395631434,0.9033558023246845,-0.4288919379124835,0.8854560256532099,-0.4647231720437685,0.8660254037844387,-0.4999999999999998,1.0,3.0,1.0,1.0,2.0,0.0,1.6666666666666667,1.1547005383792521,5.0,3.0,1.2857142857142858,0.7559289460184548,9.0,3.0,1.0714285714285714,1.1411388181101385,15.0,4.0,1.0,1.2765694770084506,28.0,4.0,0.7678571428571429,1.0952969116524178,43.0,4.0,0.9642857142857143,1.330335844646943,81.0,7.0,0.0,0.0,1.0,1319,0.3661865049279757,0.15921152388172857,0.3199393479909022,0.24791508718726307,0.15466262319939347,0.3009855951478393,43.28363914373089,5.3570887035633055
2022-04-28,0,0,0,0,0,0,0,0,0,0,0,0,2022,4,28,3,118,17,2,0,0,0,0.43388373911755823,-0.900968867902419,0.895839290734909,-0.4443781781046132,0.8854560256532099,-0.4647231720437685,0.8660254037844387,-0.4999999999999998,1.0,1.0,3.0,1.0,4.0,1.0,0.6666666666666666,0.5773502691896266,2.0,1.0,1.1428571428571428,0.8997354108424378,8.0,3.0,0.7857142857142857,0.801783725737274,11.0,3.0,0.9642857142857143,1.2904820476643273,27.0,4.0,0.7142857142857143,1.0568269096134506,40.0,4.0,0.9642857142857143,1.330335844646943,81.0,7.0,-1.0,-1.0,-1.0,1319,0.3661865049279757,0.15921152388172857,0.3199393479909022,0.24791508718726307,0.15466262319939347,0.3009855951478393,43.28363914373089,5.3570887035633055
2022-04-29,0,0,0,0,0,0,0,0,0,0,0,0,2022,4,29,4,119,17,2,0,0,1,-0.433883739117558,-0.9009688679024191,0.8880573226294932,-0.45973273945210397,0.8854560256532099,-0.4647231720437685,0.8660254037844387,-0.4999999999999998,0.0,1.0,1.0,1.0,0.0,0.0,0.3333333333333333,0.5773502691896265,1.0,1.0,1.0,1.0000000000000004,7.0,3.0,0.7857142857142857,0.801783725737274,11.0,3.0,0.9642857142857143,1.2904820476643273,27.0,4.0,0.6964285714285714,1.0603540207641262,39.0,4.0,0.9285714285714286,1.3152095832408375,78.0,7.0,0.0,-1.0,0.0,1319,0.3661865049279757,0.15921152388172857,0.3199393479909022,0.24791508718726307,0.15466262319939347,0.3009855951478393,43.28363914373089,5.3570887035633055
2022-04-30,0,0,0,0,0,0,0,0,0,0,0,0,2022,4,30,5,120,17,2,1,0,0,-0.9749279121818236,-0.2225209339563146,0.8800122039735357,-0.47495107206704995,0.8854560256532099,-0.4647231720437685,0.8660254037844387,-0.4999999999999998,0.0,0.0,1.0,1.0,0.0,0.0,0.0,0.0,0.0,0.0,0.8571428571428571,1.0690449676496983,6.0,3.0,0.7857142857142857,0.801783725737274,11.0,3.0,0.9642857142857143,1.2904820476643273,27.0,4.0,0.6964285714285714,1.0603540207641262,39.0,4.0,0.9047619047619048,1.3136819187274782,76.0,7.0,0.0,-1.0,0.0,1319,0.3661865049279757,0.15921152388172857,0.3199393479909022,0.24791508718726307,0.15466262319939347,0.3009855951478393,43.28363914373089,5.3570887035633055
2022-05-01,1,1,0,1,0,2,0,1,2,0,0,0,2022,5,1,6,121,17,2,1,0,0,-0.7818314824680299,0.6234898018587334,0.8717063187093218,-0.4900286664290592,0.8854560256532099,-0.4647231720437685,0.49999999999999994,-0.8660254037844387,0.0,0.0,0.0,1.0,0.0,0.0,0.3333333333333333,0.5773502691896265,1.0,1.0,0.8571428571428571,1.0690449676496983,6.0,3.0,0.8571428571428571,0.7703288865196442,12.0,3.0,1.0,1.2765694770084506,28.0,4.0,0.6964285714285714,1.0603540207641262,39.0,4.0,0.9166666666666666,1.3099097120852494,77.0,7.0,1.0,0.0,1.0,1319,0.3661865049279757,0.15921152388172857,0.3199393479909022,0.24791508718726307,0.15466262319939347,0.3009855951478393,43.28363914373089,5.3570887035633055
2022-05-02,0,0,0,0,0,0,0,0,0,0,0,0,2022,5,2,0,122,18,2,0,1,0,0.0,1.0,0.8631421280499114,-0.5049610547215204,0.8229838658936565,-0.5680647467311557,0.49999999999999994,-0.8660254037844387,1.0,0.0,0.0,3.0,0.0,0.0,0.3333333333333333,0.5773502691896265,1.0,1.0,0.42857142857142855,0.5345224838248507,3.0,1.0,0.8571428571428571,0.7703288865196442,12.0,3.0,1.0,1.2765694770084506,28.0,4.0,0.6964285714285714,1.0603540207641262,39.0,4.0,0.9047619047619048,1.3136819187274782,76.0,7.0,-1.0,-3.0,0.0,1319,0.3661865049279757,0.15921152388172857,0.3199393479909022,0.24791508718726307,0.15466262319939347,0.3009855951478393,43.28363914373089,5.3570887035633055
2022-05-03,0,0,0,0,0,0,0,0,0,0,0,0,2022,5,3,1,123,18,2,0,0,0,0.7818314824680298,0.6234898018587336,0.854322169749827,-0.5197438121555155,0.8229838658936565,-0.5680647467311557,0.49999999999999994,-0.8660254037844387,0.0,1.0,0.0,1.0,1.0,3.0,0.3333333333333333,0.5773502691896265,1.0,1.0,0.2857142857142857,0.48795003647426893,2.0,1.0,0.7857142857142857,0.801783725737274,11.0,3.0,0.8928571428571429,1.2274419565151569,25.0,4.0,0.6964285714285714,1.0603540207641262,39.0,4.0,0.9047619047619048,1.3136819187274782,76.0,7.0,0.0,-1.0,-3.0,1319,0.3661865049279757,0.15921152388172857,0.3199393479909022,0.24791508718726307,0.15466262319939347,0.3009855951478393,43.28363914373089,5.3570887035633055
2022-05-04,0,0,0,0,0,0,0,0,0,0,0,0,2022,5,4,2,124,18,2,0,0,0,0.9749279121818236,-0.22252093395631434,0.8452490573530633,-0.5343725582809786,0.8229838658936565,-0.5680647467311557,0.49999999999999994,-0.8660254037844387,0.0,0.0,1.0,1.0,1.0,0.0,0.0,0.0,0.0,0.0,0.14285714285714285,0.37796447300923064,1.0,1.0,0.7142857142857143,0.8254203058555578,10.0,3.0,0.8928571428571429,1.2274419565151569,25.0,4.0,0.6964285714285714,1.0603540207641262,39.0,4.0,0.9047619047619048,1.3136819187274782,76.0,7.0,0.0,-1.0,0.0,1319,0.3661865049279757,0.15921152388172857,0.3199393479909022,0.24791508718726307,0.15466262319939347,0.3009855951478393,43.28363914373089,5.3570887035633055
2022-05-05,2,0,0,0,0,2,0,2,4,2,2,0,2022,5,5,3,125,18,2,0,0,0,0.43388373911755823,-0.900968867902419,0.8359254794186372,-0.548842958284719,0.8229838658936565,-0.5680647467311557,0.49999999999999994,-0.8660254037844387,0.0,0.0,0.0,0.0,1.0,0.0,0.6666666666666666,1.154700538379252,2.0,2.0,0.42857142857142855,0.7867957924694445,3.0,2.0,0.7857142857142857,0.8925823753039818,11.0,3.0,0.9642857142857143,1.2317450089997388,27.0,4.0,0.7142857142857143,1.0738932690201355,40.0,4.0,0.9166666666666666,1.3190753728871711,77.0,7.0,2.0,2.0,2.0,1319,0.3661865049279757,0.15921152388172857,0.3199393479909022,0.24791508718726307,0.15466262319939347,0.3009855951478393,43.28363914373089,5.3570887035633055
2022-05-06,0,0,0,0,0,0,0,0,0,0,0,0,2022,5,6,4,126,18,2,0,0,1,-0.433883739117558,-0.9009688679024191,0.8263541987239096,-0.5631507242749186,0.8229838658936565,-0.5680647467311557,0.49999999999999994,-0.8660254037844387,2.0,0.0,0.0,0.0,1.0,0.0,0.6666666666666666,1.154700538379252,2.0,2.0,0.42857142857142855,0.7867957924694445,3.0,2.0,0.7142857142857143,0.9138735334633763,10.0,3.0,0.9642857142857143,1.2317450089997388,27.0,4.0,0.7142857142857143,1.0738932690201355,40.0,4.0,0.8928571428571429,1.3173344494224357,75.0,7.0,-2.0,0.0,0.0,1319,0.3661865049279757,0.15921152388172857,0.3199393479909022,0.24791508718726307,0.15466262319939347,0.3009855951478393,43.28363914373089,5.3570887035633055
2022-05-07,1,0,0,0,0,0,0,0,2,0,0,0,2022,5,7,5,127,18,2,1,0,0,-0.9749279121818236,-0.2225209339563146,0.8165380514459161,-0.5772916165517272,0.8229838658936565,-0.5680647467311557,0.49999999999999994,-0.8660254037844387,0.0,2.0,0.0,0.0,1.0,0.0,1.0,1.0000000000000004,3.0,2.0,0.5714285714285714,0.7867957924694443,4.0,2.0,0.7142857142857143,0.9138735334633763,10.0,3.0,1.0,1.217161238900369,28.0,4.0,0.6964285714285714,1.0603540207641262,39.0,4.0,0.9047619047619048,1.3136819187274782,76.0,7.0,1.0,1.0,1.0,1319,0.3661865049279757,0.15921152388172857,0.3199393479909022,0.24791508718726307,0.15466262319939347,0.3009855951478393,43.28363914373089,5.3570887035633055
2022-05-08,0,0,0,0,0,0,0,0,0,0,0,0,2022,5,8,6,128,18,2,1,0,0,-0.7818314824680299,0.6234898018587334,0.8064799463209448,-0.5912614448635781,0.8229838658936565,-0.5680647467311557,0.49999999999999994,-0.8660254037844387,1.0,0.0,2.0,1.0,1.0,0.0,0.3333333333333333,0.5773502691896267,1.0,1.0,0.42857142857142855,0.7867957924694445,3.0,2.0,0.6428571428571429,0.9287827316640659,9.0,3.0,1.0,1.217161238900369,28.0,4.0,0.6964285714285714,1.0603540207641262,39.0,4.0,0.8928571428571429,1.3173344494224357,75.0,7.0,-1.0,-1.0,0.0,1319,0.3661865049279757,0.15921152388172857,0.3199393479909022,0.24791508718726307,0.15466262319939347,0.3009855951478393,43.28363914373089,5.3570887035633055
2022-05-09,0,0,0,0,0,0,0,0,0,0,0,0,2022,5,9,0,129,19,2,0,1,0,0.0,1.0,0.7961828637826158,-0.6050560696488488,0.7485107481711013,-0.663122658240795,0.49999999999999994,-0.8660254037844387,0.0,1.0,0.0,0.0,3.0,4.0,0.3333333333333333,0.5773502691896267,1.0,1.0,0.42857142857142855,0.7867957924694445,3.0,2.0,0.42857142857142855,0.6462061726588652,6.0,2.0,0.8571428571428571,1.0788981249502494,24.0,4.0,0.6964285714285714,1.0603540207641262,39.0,4.0,0.8928571428571429,1.3173344494224357,75.0,7.0,0.0,0.0,-4.0,1319,0.3661865049279757,0.15921152388172857,0.3199393479909022,0.24791508718726307,0.15466262319939347,0.3009855951478393,43.28363914373089,5.3570887035633055
2022-05-10,0,0,0,0,0,0,0,0,0,0,0,0,2022,5,10,1,130,19,2,0,0,0,0.7818314824680298,0.6234898018587336,0.7856498550787147,-0.6186714032625031,0.7485107481711013,-0.663122658240795,0.49999999999999994,-0.8660254037844387,0.0,0.0,1.0,0.0,1.0,3.0,0.0,0.0,0.0,0.0,0.42857142857142855,0.7867957924694445,3.0,2.0,0.35714285714285715,0.633323693776652,5.0,2.0,0.75,1.004618962223618,21.0,4.0,0.6607142857142857,1.0492730940865804,37.0,4.0,0.8809523809523809,1.3208682969721355,74.0,7.0,0.0,0.0,-3.0,1319,0.3661865049279757,0.15921152388172857,0.3199393479909022,0.24791508718726307,0.15466262319939347,0.3009855951478393,43.28363914373089,5.3570887035633055
2022-05-11,4,1,1,3,0,1,0,1,9,0,0,1,2022,5,11,2,131,19,2,0,0,0,0.9749279121818236,-0.22252093395631434,0.7748840413670407,-0.6321034111873487,0.7485107481711013,-0.663122658240795,0.49999999999999994,-0.8660254037844387,0.0,0.0,0.0,0.0,1.0,2.0,1.3333333333333333,2.3094010767585034,4.0,4.0,1.0,1.527525231651947,7.0,4.0,0.5714285714285714,1.1578684470436795,8.0,4.0,0.8214285714285714,1.156417566150561,23.0,4.0,0.7321428571428571,1.1360389146435148,41.0,4.0,0.9166666666666666,1.363980119748185,77.0,7.0,4.0,4.0,2.0,1319,0.3661865049279757,0.15921152388172857,0.3199393479909022,0.24791508718726307,0.15466262319939347,0.3009855951478393,43.28363914373089,5.3570887035633055
2022-05-12,1,0,0,0,0,0,0,0,2,0,0,0,2022,5,12,3,132,19,2,0,0,0,0.43388373911755823,-0.900968867902419,0.7638886127905428,-0.6453481132295501,0.7485107481711013,-0.663122658240795,0.49999999999999994,-0.8660254037844387,4.0,0.0,0.0,2.0,0.0,4.0,1.6666666666666667,2.081665999466133,5.0,4.0,0.8571428571428571,1.4638501094228002,6.0,4.0,0.6428571428571429,1.1507283885330306,9.0,4.0,0.7142857142857143,0.9759000729485331,20.0,4.0,0.75,1.132174095189508,42.0,4.0,0.8452380952380952,1.1872215982496885,71.0,5.0,-3.0,-1.0,-3.0,1319,0.3661865049279757,0.15921152388172857,0.3199393479909022,0.24791508718726307,0.15466262319939347,0.3009855951478393,43.28363914373089,5.3570887035633055
2022-05-13,9,2,0,2,0,4,0,2,18,2,2,0,2022,5,13,4,133,19,2,0,0,1,-0.433883739117558,-0.9009688679024191,0.7526668275320085,-0.6584015846980488,0.7485107481711013,-0.663122658240795,0.49999999999999994,-0.8660254037844387,1.0,4.0,0.0,0.0,0.0,0.0,4.666666666666667,4.0414518843273814,14.0,9.0,2.142857142857143,3.3380918415851206,15.0,9.0,1.2857142857142858,2.4939487203589854,18.0,9.0,1.0357142857142858,1.835496559257908,29.0,9.0,0.8928571428571429,1.5803172458093966,50.0,9.0,0.9523809523809523,1.4800257398019097,80.0,9.0,8.0,9.0,9.0,1319,0.3661865049279757,0.15921152388172857,0.3199393479909022,0.24791508718726307,0.15466262319939347,0.3009855951478393,43.28363914373089,5.3570887035633055
2022-05-14,0,0,0,0,0,0,0,0,0,0,0,0,2022,5,14,5,134,19,2,1,0,0,-0.9749279121818236,-0.2225209339563146,0.7412220108485958,-0.6712599575675313,0.7485107481711013,-0.663122658240795,0.49999999999999994,-0.8660254037844387,9.0,1.0,4.0,1.0,0.0,0.0,3.3333333333333335,4.932882862316248,10.0,9.0,2.0,3.415650255319866,14.0,9.0,1.2857142857142858,2.4939487203589854,18.0,9.0,1.0357142857142858,1.835496559257908,29.0,9.0,0.8928571428571429,1.5803172458093966,50.0,9.0,0.9404761904761905,1.4836554537527817,79.0,9.0,-9.0,-1.0,0.0,1319,0.3661865049279757,0.15921152388172857,0.3199393479909022,0.24791508718726307,0.15466262319939347,0.3009855951478393,43.28363914373089,5.3570887035633055
2022-05-15,3,1,0,1,0,0,0,0,7,1,1,0,2022,5,15,6,135,19,2,1,0,0,-0.7818314824680299,0.6234898018587334,0.7295575540864875,-0.6839194216246106,0.7485107481711013,-0.663122658240795,0.49999999999999994,-0.8660254037844387,0.0,9.0,1.0,0.0,1.0,0.0,4.0,4.582575694955841,12.0,9.0,2.4285714285714284,3.309438162646486,17.0,9.0,1.4285714285714286,2.533294775106604,20.0,9.0,1.1428571428571428,1.8601928556785343,32.0,9.0,0.9285714285714286,1.6051863993391473,52.0,9.0,0.9761904761904762,1.4967932829741042,82.0,9.0,3.0,3.0,3.0,1319,0.3661865049279757,0.15921152388172857,0.3199393479909022,0.24791508718726307,0.15466262319939347,0.3009855951478393,43.28363914373089,5.3570887035633055
2022-05-16,2,2,0,2,0,0,0,0,4,0,0,0,2022,5,16,0,136,20,2,0,1,0,0.0,1.0,0.717676913675962,-0.6963762255968722,0.6631226582407952,-0.7485107481711012,0.49999999999999994,-0.8660254037844387,3.0,0.0,9.0,0.0,0.0,0.0,1.6666666666666667,1.5275252316519479,5.0,3.0,2.7142857142857144,3.147183169877772,19.0,9.0,1.5714285714285714,2.5027457449242156,22.0,9.0,1.2142857142857142,1.8530683834824966,34.0,9.0,0.9642857142857143,1.6063995395042543,54.0,9.0,0.9642857142857143,1.4844286440619274,81.0,9.0,-1.0,2.0,2.0,1319,0.3661865049279757,0.15921152388172857,0.3199393479909022,0.24791508718726307,0.15466262319939347,0.3009855951478393,43.28363914373089,5.3570887035633055
2022-05-17,2,2,0,2,0,0,0,0,4,0,0,0,2022,5,17,1,137,20,2,0,0,0,0.7818314824680298,0.6234898018587336,0.705583610107178,-0.7086266782644596,0.6631226582407952,-0.7485107481711012,0.49999999999999994,-0.8660254037844387,2.0,3.0,0.0,0.0,0.0,1.0,2.3333333333333335,0.5773502691896288,7.0,3.0,3.0,2.9439202887759484,21.0,9.0,1.7142857142857142,2.462911704859528,24.0,9.0,1.25,1.8584142981864142,35.0,9.0,1.0,1.6068037160207784,56.0,9.0,0.9880952380952381,1.484815088232239,83.0,9.0,0.0,2.0,1.0,1319,0.3661865049279757,0.15921152388172857,0.3199393479909022,0.24791508718726307,0.15466262319939347,0.3009855951478393,43.28363914373089,5.3570887035633055
2022-05-18,0,0,0,0,0,0,0,0,0,0,0,0,2022,5,18,2,138,20,2,0,0,0,0.9749279121818236,-0.22252093395631434,0.6932812268869777,-0.7206671495538609,0.6631226582407952,-0.7485107481711012,0.49999999999999994,-0.8660254037844387,2.0,2.0,3.0,4.0,0.0,1.0,1.3333333333333333,1.1547005383792532,4.0,2.0,2.4285714285714284,3.1014589500826246,17.0,9.0,1.7142857142857142,2.462911704859528,24.0,9.0,1.2142857142857142,1.8729486132663937,34.0,9.0,1.0,1.6068037160207784,56.0,9.0,0.9642857142857143,1.4844286440619274,81.0,9.0,-2.0,-4.0,-1.0,1319,0.3661865049279757,0.15921152388172857,0.3199393479909022,0.24791508718726307,0.15466262319939347,0.3009855951478393,43.28363914373089,5.3570887035633055
2022-05-19,0,0,0,0,0,0,0,0,0,0,0,0,2022,5,19,3,139,20,2,0,0,0,0.43388373911755823,-0.900968867902419,0.6807734094770161,-0.7324940716135789,0.6631226582407952,-0.7485107481711012,0.49999999999999994,-0.8660254037844387,0.0,2.0,2.0,1.0,2.0,1.0,0.6666666666666666,1.1547005383792532,2.0,2.0,2.2857142857142856,3.1997023671109215,16.0,9.0,1.5714285714285714,2.5027457449242156,22.0,9.0,1.1785714285714286,1.8866700319673837,33.0,9.0,1.0,1.6068037160207784,56.0,9.0,0.9285714285714286,1.4708878909038492,78.0,9.0,0.0,-1.0,-1.0,1319,0.3661865049279757,0.15921152388172857,0.3199393479909022,0.24791508718726307,0.15466262319939347,0.3009855951478393,43.28363914373089,5.3570887035633055
2022-05-20,2,0,0,0,0,0,0,0,4,0,0,0,2022,5,20,4,140,20,2,0,0,1,-0.433883739117558,-0.9009688679024191,0.6680638642135335,-0.7441039398713607,0.6631226582407952,-0.7485107481711012,0.49999999999999994,-0.8660254037844387,0.0,0.0,2.0,9.0,0.0,1.0,0.6666666666666666,1.1547005383792532,2.0,2.0,1.2857142857142858,1.2535663410560174,9.0,3.0,1.7142857142857142,2.462911704859528,24.0,9.0,1.2142857142857142,1.8926200310708385,34.0,9.0,1.0357142857142858,1.6063995395042543,58.0,9.0,0.8928571428571429,1.4058214349826934,75.0,9.0,2.0,-7.0,1.0,1319,0.3661865049279757,0.15921152388172857,0.3199393479909022,0.24791508718726307,0.15466262319939347,0.3009855951478393,43.28363914373089,5.3570887035633055
2022-05-21,1,0,1,0,0,1,0,1,1,1,1,1,2022,5,21,5,141,20,2,1,0,0,-0.9749279121818236,-0.2225209339563146,0.6551563572090853,-0.7554933140726803,0.6631226582407952,-0.7485107481711012,0.49999999999999994,-0.8660254037844387,2.0,0.0,0.0,0.0,1.0,1.0,1.0,1.000000000000002,3.0,2.0,1.4285714285714286,1.1338934190276817,10.0,3.0,1.7142857142857142,2.462911704859528,24.0,9.0,1.2142857142857142,1.8926200310708385,34.0,9.0,1.0178571428571428,1.6010345681189047,57.0,9.0,0.8928571428571429,1.4058214349826934,75.0,9.0,-1.0,1.0,0.0,1319,0.3661865049279757,0.15921152388172857,0.3199393479909022,0.24791508718726307,0.15466262319939347,0.3009855951478393,43.28363914373089,5.3570887035633055
2022-05-22,1,0,1,0,0,0,0,0,2,0,0,1,2022,5,22,6,142,20,2,1,0,0,-0.7818314824680299,0.6234898018587334,0.6420547132365637,-0.766658819300159,0.6631226582407952,-0.7485107481711012,0.49999999999999994,-0.8660254037844387,1.0,2.0,0.0,3.0,0.0,1.0,1.3333333333333333,0.5773502691896292,4.0,2.0,1.1428571428571428,0.8997354108424375,8.0,2.0,1.7857142857142858,2.423556554658128,25.0,9.0,1.2142857142857142,1.8926200310708385,34.0,9.0,1.0357142857142858,1.5950410164493714,58.0,9.0,0.8928571428571429,1.4058214349826934,75.0,9.0,0.0,-2.0,0.0,1319,0.3661865049279757,0.15921152388172857,0.3199393479909022,0.24791508718726307,0.15466262319939347,0.3009855951478393,43.28363914373089,5.3570887035633055
2022-05-23,2,0,2,0,0,0,0,0,6,0,0,2,2022,5,23,0,143,21,2,0,1,0,0.0,1.0,0.6287628145958344,-0.7775971469736269,0.5680647467311558,-0.8229838658936564,0.49999999999999994,-0.8660254037844387,1.0,1.0,2.0,2.0,0.0,3.0,1.3333333333333333,0.5773502691896292,4.0,2.0,1.1428571428571428,0.8997354108424375,8.0,2.0,1.9285714285714286,2.3685206585314202,27.0,9.0,1.1785714285714286,1.8669359216239143,33.0,9.0,1.0535714285714286,1.6002231987176931,59.0,9.0,0.9047619047619048,1.4109643597750317,76.0,9.0,1.0,0.0,-1.0,1319,0.3661865049279757,0.15921152388172857,0.3199393479909022,0.24791508718726307,0.15466262319939347,0.3009855951478393,43.28363914373089,5.3570887035633055
2022-05-24,1,1,0,0,0,0,0,0,3,0,0,0,2022,5,24,1,144,21,2,0,0,0,0.7818314824680298,0.6234898018587336,0.6152845999633276,-0.7883050558305255,0.5680647467311558,-0.8229838658936564,0.49999999999999994,-0.8660254037844387,2.0,1.0,1.0,2.0,0.0,1.0,1.3333333333333333,0.5773502691896292,4.0,2.0,1.0,0.8164965809277263,7.0,2.0,2.0,2.320477404461286,28.0,9.0,1.1785714285714286,1.8669359216239143,33.0,9.0,1.0714285714285714,1.5938192307346966,60.0,9.0,0.9166666666666666,1.4074529103238649,77.0,9.0,-1.0,-1.0,0.0,1319,0.3661865049279757,0.15921152388172857,0.3199393479909022,0.24791508718726307,0.15466262319939347,0.3009855951478393,43.28363914373089,5.3570887035633055
2022-05-25,0,0,0,0,0,0,0,0,0,0,0,0,2022,5,25,2,145,21,2,0,0,0,0.9749279121818236,-0.22252093395631434,0.6016240632249226,-0.7987793728863649,0.5680647467311558,-0.8229838658936564,0.49999999999999994,-0.8660254037844387,1.0,2.0,1.0,0.0,4.0,1.0,1.0,1.000000000000002,3.0,2.0,1.0,0.8164965809277263,7.0,2.0,1.7142857142857142,2.3014567770660608,24.0,9.0,1.1428571428571428,1.8799977485070385,32.0,9.0,1.0714285714285714,1.5938192307346966,60.0,9.0,0.8928571428571429,1.4058214349826934,75.0,9.0,-1.0,0.0,-1.0,1319,0.3661865049279757,0.15921152388172857,0.3199393479909022,0.24791508718726307,0.15466262319939347,0.3009855951478393,43.28363914373089,5.3570887035633055
2022-05-26,2,2,0,2,0,0,0,0,4,0,0,0,2022,5,26,3,146,21,2,0,0,0,0.43388373911755823,-0.900968867902419,0.5877852522924732,-0.8090169943749473,0.5680647467311558,-0.8229838658936564,0.49999999999999994,-0.8660254037844387,0.0,1.0,2.0,0.0,1.0,0.0,1.0,1.000000000000002,3.0,2.0,1.2857142857142858,0.7559289460184545,9.0,2.0,1.7857142857142858,2.293085641279401,25.0,9.0,1.2142857142857142,1.8729486132663935,34.0,9.0,1.0892857142857142,1.5985992244835727,61.0,9.0,0.8809523809523809,1.3919282101758768,74.0,9.0,2.0,2.0,2.0,1319,0.3661865049279757,0.15921152388172857,0.3199393479909022,0.24791508718726307,0.15466262319939347,0.3009855951478393,43.28363914373089,5.3570887035633055
2022-05-27,1,1,0,0,0,0,0,0,2,0,0,0,2022,5,27,4,147,21,2,0,0,1,-0.433883739117558,-0.9009688679024191,0.5737722679043246,-0.8190148866680801,0.5680647467311558,-0.8229838658936564,0.49999999999999994,-0.8660254037844387,2.0,0.0,1.0,2.0,9.0,0.0,1.0,1.000000000000002,3.0,2.0,1.1428571428571428,0.6900655593423545,8.0,2.0,1.2142857142857142,0.9749612559222308,17.0,3.0,1.25,1.858414298186414,35.0,9.0,1.1071428571428572,1.5917808372279878,62.0,9.0,0.8809523809523809,1.3919282101758768,74.0,9.0,-1.0,-1.0,1.0,1319,0.3661865049279757,0.15921152388172857,0.3199393479909022,0.24791508718726307,0.15466262319939347,0.3009855951478393,43.28363914373089,5.3570887035633055
2022-05-28,1,1,0,1,0,0,0,0,2,0,0,0,2022,5,28,5,148,21,2,1,0,0,-0.9749279121818236,-0.2225209339563146,0.5595892624101765,-0.8287700871745038,0.5680647467311558,-0.8229838658936564,0.49999999999999994,-0.8660254037844387,1.0,2.0,0.0,1.0,0.0,0.0,1.3333333333333333,0.5773502691896292,4.0,2.0,1.1428571428571428,0.6900655593423545,8.0,2.0,1.2857142857142858,0.9138735334633772,18.0,3.0,1.2857142857142858,1.843047855272726,36.0,9.0,1.125,1.5847282531600289,63.0,9.0,0.8928571428571429,1.3885752179743314,75.0,9.0,0.0,0.0,1.0,1319,0.3661865049279757,0.15921152388172857,0.3199393479909022,0.24791508718726307,0.15466262319939347,0.3009855951478393,43.28363914373089,5.3570887035633055
2022-05-29,1,1,0,0,0,3,0,1,2,0,0,0,2022,5,29,6,149,21,2,1,0,0,-0.7818314824680299,0.6234898018587334,0.545240438540651,-0.8382797052177744,0.5680647467311558,-0.8229838658936564,0.49999999999999994,-0.8660254037844387,1.0,1.0,2.0,1.0,3.0,1.0,1.0,0.0,3.0,1.0,1.1428571428571428,0.6900655593423545,8.0,2.0,1.1428571428571428,0.7703288865196453,16.0,2.0,1.2857142857142858,1.843047855272726,36.0,9.0,1.1428571428571428,1.5774383310645423,64.0,9.0,0.8928571428571429,1.3885752179743314,75.0,9.0,0.0,0.0,0.0,1319,0.3661865049279757,0.15921152388172857,0.3199393479909022,0.24791508718726307,0.15466262319939347,0.3009855951478393,43.28363914373089,5.3570887035633055
2022-05-30,0,0,0,0,0,0,0,0,0,0,0,0,2022,5,30,0,150,22,2,0,1,0,0.0,1.0,0.5307300481619334,-0.8475409228928311,0.46472317204376906,-0.8854560256532096,0.49999999999999994,-0.8660254037844387,1.0,1.0,1.0,2.0,2.0,0.0,0.6666666666666666,0.5773502691896291,2.0,1.0,0.8571428571428571,0.6900655593423547,6.0,2.0,1.0,0.7844645405527381,14.0,2.0,1.2857142857142858,1.843047855272726,36.0,9.0,1.1428571428571428,1.5774383310645423,64.0,9.0,0.8928571428571429,1.3885752179743314,75.0,9.0,-1.0,-2.0,0.0,1319,0.3661865049279757,0.15921152388172857,0.3199393479909022,0.24791508718726307,0.15466262319939347,0.3009855951478393,43.28363914373089,5.3570887035633055
2022-05-31,5,1,1,2,0,3,0,2,9,0,0,1,2022,5,31,1,151,22,2,0,0,0,0.7818314824680298,0.6234898018587336,0.5160623910158528,-0.8565509959010036,0.46472317204376906,-0.8854560256532096,0.49999999999999994,-0.8660254037844387,0.0,1.0,1.0,1.0,2.0,0.0,2.0,2.645751311064591,6.0,5.0,1.4285714285714286,1.7182493859684491,10.0,5.0,1.2142857142857142,1.3114039117603025,17.0,5.0,1.4642857142857142,1.9528164438810067,41.0,9.0,1.1785714285714286,1.6415861825701372,66.0,9.0,0.9523809523809523,1.4553992695647766,80.0,9.0,5.0,4.0,5.0,1319,0.3661865049279757,0.15921152388172857,0.3199393479909022,0.24791508718726307,0.15466262319939347,0.3009855951478393,43.28363914373089,5.3570887035633055
2022-06-01,5,2,0,2,0,2,0,1,9,0,0,0,2022,6,1,2,152,22,2,0,0,0,0.9749279121818236,-0.22252093395631434,0.5012418134457758,-0.865307254363206,0.46472317204376906,-0.8854560256532096,1.2246467991473532e-16,-1.0,5.0,0.0,1.0,0.0,0.0,0.0,3.3333333333333335,2.8867513459481295,10.0,5.0,2.142857142857143,2.0354009783964293,15.0,5.0,1.5714285714285714,1.6035674514745473,22.0,5.0,1.6428571428571428,2.04059333626795,46.0,9.0,1.2678571428571428,1.7108325610497517,71.0,9.0,1.0119047619047619,1.5169249778452416,85.0,9.0,0.0,5.0,5.0,1319,0.3661865049279757,0.15921152388172857,0.3199393479909022,0.24791508718726307,0.15466262319939347,0.3009855951478393,43.28363914373089,5.3570887035633055
2022-06-02,0,0,0,0,0,0,0,0,0,0,0,0,2022,6,2,3,153,22,2,0,0,0,0.43388373911755823,-0.900968867902419,0.48627270710868997,-0.8738071036110808,0.46472317204376906,-0.8854560256532096,1.2246467991473532e-16,-1.0,5.0,5.0,0.0,2.0,0.0,2.0,3.3333333333333335,2.8867513459481295,10.0,5.0,1.8571428571428572,2.193062655175134,13.0,5.0,1.5714285714285714,1.6035674514745473,22.0,5.0,1.5714285714285714,2.0625150312102583,44.0,9.0,1.2678571428571428,1.7108325610497517,71.0,9.0,1.0,1.5209382012587471,84.0,9.0,-5.0,-2.0,-2.0,1319,0.3661865049279757,0.15921152388172857,0.3199393479909022,0.24791508718726307,0.15466262319939347,0.3009855951478393,43.28363914373089,5.3570887035633055
2022-06-03,2,1,0,2,0,0,0,0,4,0,0,0,2022,6,3,4,154,22,2,0,0,1,-0.433883739117558,-0.9009688679024191,0.4711595076738638,-0.8820480249558537,0.46472317204376906,-0.8854560256532096,1.2246467991473532e-16,-1.0,0.0,5.0,5.0,1.0,2.0,0.0,2.3333333333333335,2.516611478423584,7.0,5.0,2.0,2.1602468994692865,14.0,5.0,1.5714285714285714,1.6035674514745473,22.0,5.0,1.6428571428571428,2.04059333626795,46.0,9.0,1.3035714285714286,1.7047489056071665,73.0,9.0,1.0238095238095237,1.5207495811549328,86.0,9.0,2.0,1.0,2.0,1319,0.3661865049279757,0.15921152388172857,0.3199393479909022,0.24791508718726307,0.15466262319939347,0.3009855951478393,43.28363914373089,5.3570887035633055
2022-06-04,1,0,0,0,0,0,0,0,2,0,0,0,2022,6,4,5,155,22,2,1,0,0,-0.9749279121818236,-0.2225209339563146,0.4559066935084588,-0.8900275764346767,0.46472317204376906,-0.8854560256532096,1.2246467991473532e-16,-1.0,2.0,0.0,5.0,1.0,1.0,1.0,1.0,1.0000000000000013,3.0,2.0,2.0,2.1602468994692865,14.0,5.0,1.5714285714285714,1.6035674514745473,22.0,5.0,1.6428571428571428,2.04059333626795,46.0,9.0,1.3214285714285714,1.6960611358743463,74.0,9.0,1.0119047619047619,1.5169249778452416,85.0,9.0,-1.0,0.0,0.0,1319,0.3661865049279757,0.15921152388172857,0.3199393479909022,0.24791508718726307,0.15466262319939347,0.3009855951478393,43.28363914373089,5.3570887035633055
2022-06-05,3,2,1,2,0,1,0,1,6,0,0,1,2022,6,5,6,156,22,2,1,0,0,-0.7818314824680299,0.6234898018587334,0.440518784350495,-0.8977433935342337,0.46472317204376906,-0.8854560256532096,1.2246467991473532e-16,-1.0,1.0,2.0,0.0,1.0,1.0,0.0,2.0,1.0000000000000018,6.0,3.0,2.2857142857142856,2.1380899352993947,16.0,5.0,1.7142857142857142,1.6374732612530456,24.0,5.0,1.75,2.0298695451605675,49.0,9.0,1.375,1.7009355714376186,77.0,9.0,1.0476190476190477,1.5280885130545296,88.0,9.0,2.0,2.0,3.0,1319,0.3661865049279757,0.15921152388172857,0.3199393479909022,0.24791508718726307,0.15466262319939347,0.3009855951478393,43.28363914373089,5.3570887035633055
2022-06-06,2,1,0,0,0,0,0,0,4,0,0,0,2022,6,6,0,157,23,2,0,1,0,0.0,1.0,0.42500033996955416,-0.9051931898913974,0.35460488704253584,-0.9350162426854147,1.2246467991473532e-16,-1.0,3.0,1.0,2.0,0.0,2.0,0.0,2.0,1.0000000000000018,6.0,3.0,2.5714285714285716,1.9023794624226835,18.0,5.0,1.7142857142857142,1.6374732612530456,24.0,5.0,1.8214285714285714,2.0009918175665415,51.0,9.0,1.3392857142857142,1.6654432739367917,75.0,9.0,1.0714285714285714,1.5271495952927316,90.0,9.0,-1.0,2.0,2.0,1319,0.3661865049279757,0.15921152388172857,0.3199393479909022,0.24791508718726307,0.15466262319939347,0.3009855951478393,43.28363914373089,5.3570887035633055
2022-06-07,0,0,0,0,0,0,0,0,0,0,0,0,2022,6,7,1,158,23,2,0,0,0,0.7818314824680298,0.6234898018587336,0.4093559588156213,-0.9123747579707273,0.35460488704253584,-0.9350162426854147,1.2246467991473532e-16,-1.0,2.0,3.0,1.0,5.0,1.0,0.0,1.6666666666666667,1.5275252316519476,5.0,3.0,1.8571428571428572,1.7728105208558365,13.0,5.0,1.6428571428571428,1.6919330254585632,23.0,5.0,1.8214285714285714,2.0009918175665415,51.0,9.0,1.2857142857142858,1.659291039343838,72.0,9.0,1.0476190476190477,1.5280885130545296,88.0,9.0,-2.0,-5.0,0.0,1319,0.3661865049279757,0.15921152388172857,0.3199393479909022,0.24791508718726307,0.15466262319939347,0.3009855951478393,43.28363914373089,5.3570887035633055
2022-06-08,1,1,0,1,0,0,0,0,2,0,0,0,2022,6,8,2,159,23,2,0,0,0,0.9749279121818236,-0.22252093395631434,0.39359027665646673,-0.9192859697186104,0.35460488704253584,-0.9350162426854147,1.2246467991473532e-16,-1.0,0.0,2.0,3.0,5.0,0.0,4.0,1.0,1.0000000000000007,3.0,2.0,1.2857142857142858,1.1126972805283737,9.0,3.0,1.7142857142857142,1.6374732612530456,24.0,5.0,1.7142857142857142,1.959915774024445,48.0,9.0,1.2678571428571428,1.6568433450781856,71.0,9.0,1.0595238095238095,1.523717635640284,89.0,9.0,1.0,-4.0,-3.0,1319,0.3661865049279757,0.15921152388172857,0.3199393479909022,0.24791508718726307,0.15466262319939347,0.3009855951478393,43.28363914373089,5.3570887035633055
2022-06-09,1,0,0,1,0,1,0,1,2,0,0,0,2022,6,9,3,160,23,2,0,0,0,0.43388373911755823,-0.900968867902419,0.3777079652039649,-0.9259247771938498,0.35460488704253584,-0.9350162426854147,1.2246467991473532e-16,-1.0,1.0,0.0,2.0,0.0,2.0,1.0,0.6666666666666666,0.5773502691896266,2.0,1.0,1.4285714285714286,0.9759000729485332,10.0,3.0,1.6428571428571428,1.6458405781822285,23.0,5.0,1.7142857142857142,1.959915774024445,48.0,9.0,1.2142857142857142,1.6148660030455186,68.0,9.0,1.0714285714285714,1.5192397772769728,90.0,9.0,0.0,1.0,0.0,1319,0.3661865049279757,0.15921152388172857,0.3199393479909022,0.24791508718726307,0.15466262319939347,0.3009855951478393,43.28363914373089,5.3570887035633055
2022-06-10,3,1,0,1,0,3,0,2,6,0,0,0,2022,6,10,4,161,23,2,0,0,1,-0.433883739117558,-0.9009688679024191,0.36171373072976765,-0.9322892131745133,0.35460488704253584,-0.9350162426854147,1.2246467991473532e-16,-1.0,1.0,1.0,0.0,2.0,1.0,9.0,1.6666666666666667,1.1547005383792526,5.0,3.0,1.5714285714285714,1.1338934190276817,11.0,3.0,1.7857142857142858,1.6723346844167588,25.0,5.0,1.5,1.374368541872553,42.0,5.0,1.2678571428571428,1.6235882978880336,71.0,9.0,1.0952380952380953,1.533709949008578,92.0,9.0,2.0,1.0,-6.0,1319,0.3661865049279757,0.15921152388172857,0.3199393479909022,0.24791508718726307,0.15466262319939347,0.3009855951478393,43.28363914373089,5.3570887035633055
2022-06-11,1,0,0,1,0,0,0,0,2,0,0,0,2022,6,11,5,162,23,2,1,0,0,-0.9749279121818236,-0.2225209339563146,0.3456123126707335,-0.9383773917408641,0.35460488704253584,-0.9350162426854147,1.2246467991473532e-16,-1.0,3.0,1.0,1.0,1.0,1.0,0.0,1.6666666666666667,1.1547005383792526,5.0,3.0,1.5714285714285714,1.1338934190276817,11.0,3.0,1.7857142857142858,1.6723346844167588,25.0,5.0,1.5357142857142858,1.3466595945123112,43.0,5.0,1.2857142857142858,1.6148660030455186,72.0,9.0,1.1071428571428572,1.5289799508787973,93.0,9.0,-2.0,0.0,1.0,1319,0.3661865049279757,0.15921152388172857,0.3199393479909022,0.24791508718726307,0.15466262319939347,0.3009855951478393,43.28363914373089,5.3570887035633055
2022-06-12,1,0,0,0,0,0,0,0,2,0,0,0,2022,6,12,6,163,23,2,1,0,0,-0.7818314824680299,0.6234898018587334,0.3294084822245304,-0.9441875088341993,0.35460488704253584,-0.9350162426854147,1.2246467991473532e-16,-1.0,1.0,3.0,1.0,3.0,1.0,3.0,1.6666666666666667,1.1547005383792526,5.0,3.0,1.2857142857142858,0.951189731211342,9.0,3.0,1.7857142857142858,1.6723346844167588,25.0,5.0,1.4642857142857142,1.3188699668344823,41.0,5.0,1.3035714285714286,1.605894175808638,73.0,9.0,1.1071428571428572,1.5289799508787973,93.0,9.0,0.0,-2.0,-2.0,1319,0.3661865049279757,0.15921152388172857,0.3199393479909022,0.24791508718726307,0.15466262319939347,0.3009855951478393,43.28363914373089,5.3570887035633055
2022-06-13,1,0,1,0,0,0,0,0,2,0,0,1,2022,6,13,0,164,24,2,0,1,0,0.0,1.0,0.3131070409358269,-0.9497178427914316,0.23931566428755768,-0.970941817426052,1.2246467991473532e-16,-1.0,1.0,1.0,3.0,2.0,0.0,2.0,1.0,0.0,3.0,1.0,1.1428571428571428,0.8997354108424376,8.0,3.0,1.8571428571428572,1.610405723228341,26.0,5.0,1.4285714285714286,1.3173646934124712,40.0,5.0,1.3214285714285714,1.5966686097467595,74.0,9.0,1.119047619047619,1.524141171597342,94.0,9.0,0.0,-1.0,-1.0,1319,0.3661865049279757,0.15921152388172857,0.3199393479909022,0.24791508718726307,0.15466262319939347,0.3009855951478393,43.28363914373089,5.3570887035633055
2022-06-14,2,0,0,0,0,0,0,0,4,0,0,0,2022,6,14,1,165,24,2,0,0,0,0.7818314824680298,0.6234898018587336,0.29671281927349075,-0.9549667548552551,0.23931566428755768,-0.970941817426052,1.2246467991473532e-16,-1.0,1.0,1.0,1.0,0.0,5.0,2.0,1.3333333333333333,0.5773502691896277,4.0,2.0,1.4285714285714286,0.7867957924694432,10.0,3.0,1.6428571428571428,1.336306209562123,23.0,5.0,1.4285714285714286,1.3173646934124712,40.0,5.0,1.3392857142857142,1.5985992244835732,75.0,9.0,1.1428571428571428,1.5220694310181555,96.0,9.0,1.0,2.0,0.0,1319,0.3661865049279757,0.15921152388172857,0.3199393479909022,0.24791508718726307,0.15466262319939347,0.3009855951478393,43.28363914373089,5.3570887035633055
2022-06-15,0,0,0,0,0,0,0,0,0,0,0,0,2022,6,15,2,166,24,2,0,0,0,0.9749279121818236,-0.22252093395631434,0.28023067519921585,-0.9599326896597447,0.23931566428755768,-0.970941817426052,1.2246467991473532e-16,-1.0,2.0,1.0,1.0,1.0,5.0,0.0,1.0,1.000000000000001,3.0,2.0,1.2857142857142858,0.9511897312113419,9.0,3.0,1.2857142857142858,0.9944903161976953,18.0,3.0,1.4285714285714286,1.3173646934124712,40.0,5.0,1.3214285714285714,1.608015636029167,74.0,9.0,1.1428571428571428,1.5220694310181555,96.0,9.0,-2.0,-1.0,0.0,1319,0.3661865049279757,0.15921152388172857,0.3199393479909022,0.24791508718726307,0.15466262319939347,0.3009855951478393,43.28363914373089,5.3570887035633055
2022-06-16,2,2,0,2,0,0,0,0,6,0,0,0,2022,6,16,3,167,24,2,0,0,0,0.43388373911755823,-0.900968867902419,0.26366549272800704,-0.9646141756912435,0.23931566428755768,-0.970941817426052,1.2246467991473532e-16,-1.0,0.0,2.0,1.0,1.0,0.0,0.0,1.3333333333333333,1.1547005383792526,4.0,2.0,1.4285714285714286,0.9759000729485331,10.0,3.0,1.4285714285714286,0.9376144618769926,20.0,3.0,1.5,1.2909944487358052,42.0,5.0,1.3392857142857142,1.6099326435857861,75.0,9.0,1.1666666666666667,1.5196173688765096,98.0,9.0,2.0,1.0,2.0,1319,0.3661865049279757,0.15921152388172857,0.3199393479909022,0.24791508718726307,0.15466262319939347,0.3009855951478393,43.28363914373089,5.3570887035633055
2022-06-17,2,1,0,1,0,0,0,0,3,0,0,0,2022,6,17,4,168,24,2,0,0,1,-0.433883739117558,-0.9009688679024191,0.24702218048093552,-0.9690098257244062,0.23931566428755768,-0.970941817426052,1.2246467991473532e-16,-1.0,2.0,0.0,2.0,3.0,2.0,2.0,1.3333333333333333,1.1547005383792526,4.0,2.0,1.2857142857142858,0.7559289460184544,9.0,2.0,1.4285714285714286,0.9376144618769926,20.0,3.0,1.5,1.2909944487358052,42.0,5.0,1.3571428571428572,1.6116459280507611,76.0,9.0,1.1904761904761905,1.5167831406670562,100.0,9.0,0.0,-1.0,0.0,1319,0.3661865049279757,0.15921152388172857,0.3199393479909022,0.24791508718726307,0.15466262319939347,0.3009855951478393,43.28363914373089,5.3570887035633055
2022-06-18,1,1,0,1,0,0,0,0,2,0,0,0,2022,6,18,5,169,24,2,1,0,0,-0.9749279121818236,-0.2225209339563146,0.23030567023061221,-0.9731183372332619,0.23931566428755768,-0.970941817426052,1.2246467991473532e-16,-1.0,2.0,2.0,0.0,1.0,1.0,1.0,1.6666666666666667,0.5773502691896282,5.0,2.0,1.2857142857142858,0.7559289460184544,9.0,2.0,1.4285714285714286,0.9376144618769926,20.0,3.0,1.5,1.2909944487358052,42.0,5.0,1.3571428571428572,1.6116459280507611,76.0,9.0,1.1785714285714286,1.514275159902166,99.0,9.0,-1.0,0.0,0.0,1319,0.3661865049279757,0.15921152388172857,0.3199393479909022,0.24791508718726307,0.15466262319939347,0.3009855951478393,43.28363914373089,5.3570887035633055
2022-06-19,2,0,0,0,0,3,0,2,4,0,0,0,2022,6,19,6,170,24,2,1,0,0,-0.7818314824680299,0.6234898018587334,0.21352091543979612,-0.9769384927771817,0.23931566428755768,-0.970941817426052,1.2246467991473532e-16,-1.0,1.0,2.0,2.0,1.0,3.0,1.0,1.6666666666666667,0.5773502691896282,5.0,2.0,1.4285714285714286,0.7867957924694431,10.0,2.0,1.3571428571428572,0.8418973861410974,19.0,3.0,1.5357142857142858,1.290482047664327,43.0,5.0,1.375,1.6131561385286697,77.0,9.0,1.2023809523809523,1.5112411073194425,101.0,9.0,1.0,1.0,1.0,1319,0.3661865049279757,0.15921152388172857,0.3199393479909022,0.24791508718726307,0.15466262319939347,0.3009855951478393,43.28363914373089,5.3570887035633055
2022-06-20,0,0,0,0,0,0,0,0,0,0,0,0,2022,6,20,0,171,25,2,0,1,0,0.0,1.0,0.19667288979357647,-0.980469160361632,0.12053668025532308,-0.992708874098054,1.2246467991473532e-16,-1.0,2.0,1.0,2.0,1.0,2.0,2.0,1.0,1.000000000000001,3.0,2.0,1.2857142857142858,0.9511897312113418,9.0,2.0,1.2142857142857142,0.8925823753039828,17.0,3.0,1.4642857142857142,1.3188699668344823,41.0,5.0,1.3214285714285714,1.6080156360291673,74.0,9.0,1.1904761904761905,1.5167831406670562,100.0,9.0,-2.0,-1.0,-2.0,1319,0.3661865049279757,0.15921152388172857,0.3199393479909022,0.24791508718726307,0.15466262319939347,0.3009855951478393,43.28363914373089,5.3570887035633055
2022-06-21,0,0,0,0,0,0,0,0,0,0,0,0,2022,6,21,1,172,25,2,0,0,0,0.7818314824680298,0.6234898018587336,0.1797665857255624,-0.9837092937736097,0.12053668025532308,-0.992708874098054,1.2246467991473532e-16,-1.0,0.0,2.0,1.0,2.0,0.0,1.0,0.6666666666666666,1.1547005383792524,2.0,2.0,1.0,1.0,7.0,2.0,1.2142857142857142,0.8925823753039828,17.0,3.0,1.4285714285714286,1.345185418269098,40.0,5.0,1.3035714285714286,1.6171764715885963,73.0,9.0,1.1904761904761905,1.5167831406670562,100.0,9.0,0.0,-2.0,-1.0,1319,0.3661865049279757,0.15921152388172857,0.3199393479909022,0.24791508718726307,0.15466262319939347,0.3009855951478393,43.28363914373089,5.3570887035633055
2022-06-22,1,0,0,1,0,0,0,0,1,0,0,0,2022,6,22,2,173,25,2,0,0,0,0.9749279121818236,-0.22252093395631434,0.16280701293851715,-0.986657932891657,0.12053668025532308,-0.992708874098054,1.2246467991473532e-16,-1.0,0.0,0.0,2.0,0.0,1.0,0.0,0.3333333333333333,0.5773502691896274,1.0,1.0,1.1428571428571428,0.8997354108424372,8.0,2.0,1.2142857142857142,0.8925823753039828,17.0,3.0,1.4642857142857142,1.3188699668344823,41.0,5.0,1.3035714285714286,1.6171764715885963,73.0,9.0,1.2023809523809523,1.5112411073194425,101.0,9.0,1.0,1.0,1.0,1319,0.3661865049279757,0.15921152388172857,0.3199393479909022,0.24791508718726307,0.15466262319939347,0.3009855951478393,43.28363914373089,5.3570887035633055
2022-06-23,0,0,0,0,0,0,0,0,0,0,0,0,2022,6,23,3,174,25,2,0,0,0,0.43388373911755823,-0.900968867902419,0.1457991969198751,-0.9893142039703663,0.12053668025532308,-0.992708874098054,1.2246467991473532e-16,-1.0,1.0,0.0,0.0,2.0,1.0,2.0,0.3333333333333333,0.5773502691896274,1.0,1.0,0.8571428571428571,0.8997354108424375,6.0,2.0,1.1428571428571428,0.9492622930986484,16.0,3.0,1.3928571428571428,1.3427248612094929,39.0,5.0,1.3035714285714286,1.6171764715885963,73.0,9.0,1.1904761904761905,1.5167831406670562,100.0,9.0,-1.0,-2.0,-2.0,1319,0.3661865049279757,0.15921152388172857,0.3199393479909022,0.24791508718726307,0.15466262319939347,0.3009855951478393,43.28363914373089,5.3570887035633055
2022-06-24,1,0,1,0,0,0,0,0,2,0,0,0,2022,6,24,4,175,25,2,0,0,1,-0.433883739117558,-0.9009688679024191,0.12874817745258132,-0.99167731989929,0.12053668025532308,-0.992708874098054,1.2246467991473532e-16,-1.0,0.0,1.0,0.0,2.0,3.0,1.0,0.6666666666666666,0.5773502691896275,2.0,1.0,0.7142857142857143,0.7559289460184546,5.0,2.0,1.0,0.7844645405527382,14.0,2.0,1.3928571428571428,1.3427248612094929,39.0,5.0,1.3214285714285714,1.6080156360291673,74.0,9.0,1.2023809523809523,1.5112411073194425,101.0,9.0,1.0,-1.0,0.0,1319,0.3661865049279757,0.15921152388172857,0.3199393479909022,0.24791508718726307,0.15466262319939347,0.3009855951478393,43.28363914373089,5.3570887035633055
2022-06-25,1,0,0,0,0,0,0,0,2,0,0,0,2022,6,25,5,176,25,2,1,0,0,-0.9749279121818236,-0.2225209339563146,0.11165900712169512,-0.993746580436178,0.12053668025532308,-0.992708874098054,1.2246467991473532e-16,-1.0,1.0,0.0,1.0,1.0,1.0,1.0,0.6666666666666666,0.5773502691896275,2.0,1.0,0.7142857142857143,0.7559289460184546,5.0,2.0,1.0,0.7844645405527382,14.0,2.0,1.3928571428571428,1.3427248612094929,39.0,5.0,1.3392857142857142,1.5985992244835732,75.0,9.0,1.2142857142857142,1.5055834122889789,102.0,9.0,0.0,0.0,0.0,1319,0.3661865049279757,0.15921152388172857,0.3199393479909022,0.24791508718726307,0.15466262319939347,0.3009855951478393,43.28363914373089,5.3570887035633055
2022-06-26,3,0,0,0,0,1,0,1,5,1,1,0,2022,6,26,6,177,25,2,1,0,0,-0.7818314824680299,0.6234898018587334,0.09453674981719912,-0.9955213724144752,0.12053668025532308,-0.992708874098054,1.2246467991473532e-16,-1.0,1.0,1.0,0.0,2.0,1.0,1.0,1.6666666666666667,1.1547005383792526,5.0,3.0,0.8571428571428571,1.0690449676496976,6.0,3.0,1.1428571428571428,0.9492622930986484,16.0,3.0,1.4642857142857142,1.3738872361173375,41.0,5.0,1.375,1.6131561385286697,77.0,9.0,1.25,1.5120001912411432,105.0,9.0,2.0,1.0,2.0,1319,0.3661865049279757,0.15921152388172857,0.3199393479909022,0.24791508718726307,0.15466262319939347,0.3009855951478393,43.28363914373089,5.3570887035633055
2022-06-27,1,0,1,0,0,0,0,0,2,0,0,1,2022,6,27,0,178,26,2,0,1,0,0.0,1.0,0.07738647923346301,-0.9970011699250151,-3.216245299353273e-16,-1.0,1.2246467991473532e-16,-1.0,3.0,1.0,1.0,0.0,1.0,0.0,1.6666666666666667,1.1547005383792526,5.0,3.0,1.0,1.0,7.0,3.0,1.1428571428571428,0.9492622930986484,16.0,3.0,1.5,1.3471506281091263,42.0,5.0,1.3928571428571428,1.6031624590570575,78.0,9.0,1.2619047619047619,1.5059644279631257,106.0,9.0,-2.0,1.0,1.0,1319,0.3661865049279757,0.15921152388172857,0.3199393479909022,0.24791508718726307,0.15466262319939347,0.3009855951478393,43.28363914373089,5.3570887035633055
2022-06-28,0,0,0,0,0,0,0,0,0,0,0,0,2022,6,28,1,179,26,2,0,0,0,0.7818314824680298,0.6234898018587336,0.06021327736579302,-0.9981855344718586,-3.216245299353273e-16,-1.0,1.2246467991473532e-16,-1.0,1.0,3.0,1.0,0.0,2.0,5.0,1.3333333333333333,1.5275252316519472,4.0,3.0,1.0,1.0,7.0,3.0,1.0,0.9607689228305245,14.0,3.0,1.3214285714285714,1.188013325420073,37.0,5.0,1.3928571428571428,1.6031624590570575,78.0,9.0,1.2261904761904763,1.4998087466522894,103.0,9.0,-1.0,0.0,-5.0,1319,0.3661865049279757,0.15921152388172857,0.3199393479909022,0.24791508718726307,0.15466262319939347,0.3009855951478393,43.28363914373089,5.3570887035633055
2022-06-29,0,0,0,0,0,0,0,0,0,0,0,0,2022,6,29,2,180,26,2,0,0,0,0.9749279121818236,-0.22252093395631434,0.04302223300453059,-0.99907411510223,-3.216245299353273e-16,-1.0,1.2246467991473532e-16,-1.0,0.0,1.0,3.0,1.0,0.0,5.0,0.3333333333333333,0.5773502691896268,1.0,1.0,0.8571428571428571,1.0690449676496976,6.0,3.0,1.0,0.9607689228305245,14.0,3.0,1.1428571428571428,0.9704632614370013,32.0,3.0,1.3928571428571428,1.6031624590570575,78.0,9.0,1.2261904761904763,1.4998087466522894,103.0,9.0,0.0,-1.0,-5.0,1319,0.3661865049279757,0.15921152388172857,0.3199393479909022,0.24791508718726307,0.15466262319939347,0.3009855951478393,43.28363914373089,5.3570887035633055
2022-06-30,2,1,0,1,0,0,0,0,4,0,0,0,2022,6,30,3,181,26,2,0,0,0,0.43388373911755823,-0.900968867902419,0.02581844022713308,-0.9996666485105112,-3.216245299353273e-16,-1.0,1.2246467991473532e-16,-1.0,0.0,0.0,1.0,0.0,2.0,0.0,0.6666666666666666,1.1547005383792521,2.0,2.0,1.1428571428571428,1.0690449676496976,8.0,3.0,1.0,0.9607689228305245,14.0,3.0,1.2142857142857142,0.9567360740266434,34.0,3.0,1.3928571428571428,1.6031624590570575,78.0,9.0,1.25,1.4959785450429814,105.0,9.0,2.0,2.0,2.0,1319,0.3661865049279757,0.15921152388172857,0.3199393479909022,0.24791508718726307,0.15466262319939347,0.3009855951478393,43.28363914373089,5.3570887035633055
2022-07-01,2,2,0,1,0,1,0,1,3,0,0,0,2022,7,1,4,182,26,3,0,0,1,-0.433883739117558,-0.9009688679024191,0.008606996888688698,-0.9999629591162655,-3.216245299353273e-16,-1.0,-0.4999999999999997,-0.8660254037844388,2.0,0.0,0.0,1.0,2.0,2.0,1.3333333333333333,1.1547005383792524,4.0,2.0,1.2857142857142858,1.1126972805283737,9.0,3.0,1.0,0.9607689228305245,14.0,3.0,1.2142857142857142,0.9567360740266434,34.0,3.0,1.4285714285714286,1.5938192307346968,80.0,9.0,1.2738095238095237,1.4917539646310787,107.0,9.0,0.0,1.0,0.0,1319,0.3661865049279757,0.15921152388172857,0.3199393479909022,0.24791508718726307,0.15466262319939347,0.3009855951478393,43.28363914373089,5.3570887035633055
2022-07-02,1,0,0,0,0,1,0,1,2,0,0,0,2022,7,2,5,183,26,3,1,0,0,-0.9749279121818236,-0.2225209339563146,-0.008606996888688009,-0.9999629591162655,-3.216245299353273e-16,-1.0,-0.4999999999999997,-0.8660254037844388,2.0,2.0,0.0,1.0,1.0,1.0,1.6666666666666667,0.5773502691896276,5.0,2.0,1.2857142857142858,1.1126972805283737,9.0,3.0,1.0,0.9607689228305245,14.0,3.0,1.2142857142857142,0.9567360740266434,34.0,3.0,1.4285714285714286,1.5938192307346968,80.0,9.0,1.2857142857142858,1.485442845586562,108.0,9.0,-1.0,0.0,0.0,1319,0.3661865049279757,0.15921152388172857,0.3199393479909022,0.24791508718726307,0.15466262319939347,0.3009855951478393,43.28363914373089,5.3570887035633055
2022-07-03,3,3,0,3,0,0,0,0,6,0,0,0,2022,7,3,6,184,26,3,1,0,0,-0.7818314824680299,0.6234898018587334,-0.02581844022713239,-0.9996666485105112,-3.216245299353273e-16,-1.0,-0.4999999999999997,-0.8660254037844388,1.0,2.0,2.0,3.0,2.0,3.0,2.0,1.000000000000001,6.0,3.0,1.2857142857142858,1.1126972805283737,9.0,3.0,1.0714285714285714,1.0716117059605366,15.0,3.0,1.2142857142857142,0.9567360740266434,34.0,3.0,1.4821428571428572,1.595346316675433,83.0,9.0,1.3214285714285714,1.4902147842744762,111.0,9.0,2.0,0.0,0.0,1319,0.3661865049279757,0.15921152388172857,0.3199393479909022,0.24791508718726307,0.15466262319939347,0.3009855951478393,43.28363914373089,5.3570887035633055
2022-07-04,0,0,0,0,0,0,0,0,0,0,0,0,2022,7,4,0,185,27,3,0,1,0,0.0,1.0,-0.04302223300453034,-0.99907411510223,-0.12053668025532283,-0.992708874098054,-0.4999999999999997,-0.8660254037844388,3.0,1.0,2.0,1.0,0.0,2.0,1.3333333333333333,1.5275252316519472,4.0,3.0,1.1428571428571428,1.2149857925879117,8.0,3.0,1.0714285714285714,1.0716117059605366,15.0,3.0,1.1428571428571428,0.9704632614370013,32.0,3.0,1.4821428571428572,1.595346316675433,83.0,9.0,1.2738095238095237,1.4673243453190694,107.0,9.0,-3.0,-1.0,-2.0,1319,0.3661865049279757,0.15921152388172857,0.3199393479909022,0.24791508718726307,0.15466262319939347,0.3009855951478393,43.28363914373089,5.3570887035633055
2022-07-05,0,0,0,0,0,0,0,0,0,0,0,0,2022,7,5,1,186,27,3,0,0,0,0.7818314824680298,0.6234898018587336,-0.060213277365792774,-0.9981855344718586,-0.12053668025532283,-0.992708874098054,-0.4999999999999997,-0.8660254037844388,0.0,3.0,1.0,0.0,0.0,0.0,1.0,1.7320508075688776,3.0,3.0,1.1428571428571428,1.2149857925879117,8.0,3.0,1.0714285714285714,1.0716117059605366,15.0,3.0,1.1428571428571428,0.9704632614370013,32.0,3.0,1.4821428571428572,1.595346316675433,83.0,9.0,1.2380952380952381,1.4613003585192115,104.0,9.0,0.0,0.0,0.0,1319,0.3661865049279757,0.15921152388172857,0.3199393479909022,0.24791508718726307,0.15466262319939347,0.3009855951478393,43.28363914373089,5.3570887035633055
2022-07-06,0,0,0,0,0,0,0,0,0,0,0,0,2022,7,6,2,187,27,3,0,0,0,0.9749279121818236,-0.22252093395631434,-0.07738647923346322,-0.9970011699250151,-0.12053668025532283,-0.992708874098054,-0.4999999999999997,-0.8660254037844388,0.0,0.0,3.0,0.0,1.0,1.0,0.0,0.0,0.0,0.0,1.1428571428571428,1.2149857925879117,8.0,3.0,1.0,1.1094003924504596,14.0,3.0,1.1071428571428572,0.9940297973880048,31.0,3.0,1.4107142857142858,1.5699077646824957,79.0,9.0,1.2142857142857142,1.4650254208200215,102.0,9.0,0.0,0.0,-1.0,1319,0.3661865049279757,0.15921152388172857,0.3199393479909022,0.24791508718726307,0.15466262319939347,0.3009855951478393,43.28363914373089,5.3570887035633055
2022-07-07,1,1,0,0,0,0,0,0,2,0,0,0,2022,7,7,3,188,27,3,0,0,0,0.43388373911755823,-0.900968867902419,-0.09453674981719933,-0.9955213724144752,-0.12053668025532283,-0.992708874098054,-0.4999999999999997,-0.8660254037844388,0.0,0.0,0.0,2.0,0.0,1.0,0.3333333333333333,0.577350269189627,1.0,1.0,1.0,1.1547005383792515,7.0,3.0,1.0714285714285714,1.0716117059605366,15.0,3.0,1.1071428571428572,0.9940297973880048,31.0,3.0,1.4107142857142858,1.5699077646824957,79.0,9.0,1.1785714285714286,1.4325031952756835,99.0,9.0,1.0,-1.0,0.0,1319,0.3661865049279757,0.15921152388172857,0.3199393479909022,0.24791508718726307,0.15466262319939347,0.3009855951478393,43.28363914373089,5.3570887035633055
2022-07-08,0,0,0,0,0,0,0,0,0,0,0,0,2022,7,8,4,189,27,3,0,0,1,-0.433883739117558,-0.9009688679024191,-0.11165900712169444,-0.9937465804361781,-0.12053668025532283,-0.992708874098054,-0.4999999999999997,-0.8660254037844388,1.0,0.0,0.0,2.0,1.0,3.0,0.3333333333333333,0.577350269189627,1.0,1.0,0.7142857142857143,1.1126972805283735,5.0,3.0,1.0,1.1094003924504596,14.0,3.0,1.0,0.9428090415820632,28.0,3.0,1.25,1.1946852000726922,70.0,5.0,1.1785714285714286,1.4325031952756835,99.0,9.0,-1.0,-2.0,-3.0,1319,0.3661865049279757,0.15921152388172857,0.3199393479909022,0.24791508718726307,0.15466262319939347,0.3009855951478393,43.28363914373089,5.3570887035633055
2022-07-09,0,0,0,0,0,0,0,0,0,0,0,0,2022,7,9,5,190,27,3,1,0,0,-0.9749279121818236,-0.2225209339563146,-0.12874817745258066,-0.99167731989929,-0.12053668025532283,-0.992708874098054,-0.4999999999999997,-0.8660254037844388,0.0,1.0,0.0,1.0,1.0,1.0,0.3333333333333333,0.577350269189627,1.0,1.0,0.5714285714285714,1.1338934190276817,4.0,3.0,0.9285714285714286,1.1411388181101394,13.0,3.0,0.9642857142857143,0.9615628812527939,27.0,3.0,1.25,1.1946852000726922,70.0,5.0,1.1785714285714286,1.4325031952756835,99.0,9.0,0.0,-1.0,-1.0,1319,0.3661865049279757,0.15921152388172857,0.3199393479909022,0.24791508718726307,0.15466262319939347,0.3009855951478393,43.28363914373089,5.3570887035633055
2022-07-10,1,1,0,1,0,1,0,1,2,0,0,0,2022,7,10,6,191,27,3,1,0,0,-0.7818314824680299,0.6234898018587334,-0.14579919691987442,-0.9893142039703664,-0.12053668025532283,-0.992708874098054,-0.4999999999999997,-0.8660254037844388,0.0,0.0,1.0,3.0,3.0,1.0,0.3333333333333333,0.577350269189627,1.0,1.0,0.2857142857142857,0.48795003647426627,2.0,1.0,0.7857142857142857,0.974961255922231,11.0,3.0,0.9642857142857143,0.9615628812527939,27.0,3.0,1.2142857142857142,1.1710800875382403,68.0,5.0,1.1904761904761905,1.4267343322595005,100.0,9.0,1.0,-2.0,0.0,1319,0.3661865049279757,0.15921152388172857,0.3199393479909022,0.24791508718726307,0.15466262319939347,0.3009855951478393,43.28363914373089,5.3570887035633055
2022-07-11,0,0,0,0,0,0,0,0,0,0,0,0,2022,7,11,0,192,28,3,0,1,0,0.0,1.0,-0.16280701293851646,-0.9866579328916572,-0.23931566428755743,-0.9709418174260521,-0.4999999999999997,-0.8660254037844388,1.0,0.0,0.0,0.0,1.0,1.0,0.3333333333333333,0.577350269189627,1.0,1.0,0.2857142857142857,0.48795003647426627,2.0,1.0,0.7142857142857143,0.9944903161976956,10.0,3.0,0.9285714285714286,0.9786071518602129,26.0,3.0,1.1785714285714286,1.1771636613972956,66.0,5.0,1.1904761904761905,1.4267343322595005,100.0,9.0,-1.0,0.0,-1.0,1319,0.3661865049279757,0.15921152388172857,0.3199393479909022,0.24791508718726307,0.15466262319939347,0.3009855951478393,43.28363914373089,5.3570887035633055
2022-07-12,1,0,0,0,0,0,0,0,2,0,0,0,2022,7,12,1,193,28,3,0,0,0,0.7818314824680298,0.6234898018587336,-0.17976658572556214,-0.9837092937736098,-0.23931566428755743,-0.9709418174260521,-0.4999999999999997,-0.8660254037844388,0.0,1.0,0.0,0.0,0.0,2.0,0.6666666666666666,0.5773502691896272,2.0,1.0,0.42857142857142855,0.5345224838248485,3.0,1.0,0.7857142857142857,0.974961255922231,11.0,3.0,0.8928571428571429,0.956044540814477,25.0,3.0,1.1607142857142858,1.1720500410397585,65.0,5.0,1.1904761904761905,1.4267343322595005,100.0,9.0,1.0,1.0,-1.0,1319,0.3661865049279757,0.15921152388172857,0.3199393479909022,0.24791508718726307,0.15466262319939347,0.3009855951478393,43.28363914373089,5.3570887035633055
2022-07-13,3,3,0,2,0,0,0,0,6,1,1,0,2022,7,13,2,194,28,3,0,0,0,0.9749279121818236,-0.22252093395631434,-0.19667288979357622,-0.9804691603616321,-0.23931566428755743,-0.9709418174260521,-0.4999999999999997,-0.8660254037844388,1.0,0.0,1.0,0.0,0.0,0.0,1.3333333333333333,1.5275252316519472,4.0,3.0,0.8571428571428571,1.0690449676496974,6.0,3.0,1.0,1.1094003924504596,14.0,3.0,1.0,1.0183501544346312,28.0,3.0,1.2142857142857142,1.1865041962809102,68.0,5.0,1.2142857142857142,1.4401424676129704,102.0,9.0,2.0,3.0,3.0,1319,0.3661865049279757,0.15921152388172857,0.3199393479909022,0.24791508718726307,0.15466262319939347,0.3009855951478393,43.28363914373089,5.3570887035633055
2022-07-14,1,0,1,0,0,0,0,0,2,0,0,1,2022,7,14,3,195,28,3,0,0,0,0.43388373911755823,-0.900968867902419,-0.2135209154397959,-0.9769384927771817,-0.23931566428755743,-0.9709418174260521,-0.4999999999999997,-0.8660254037844388,3.0,1.0,0.0,1.0,2.0,2.0,1.6666666666666667,1.1547005383792524,5.0,3.0,0.8571428571428571,1.0690449676496974,6.0,3.0,0.9285714285714286,1.0716117059605366,13.0,3.0,0.9642857142857143,0.9993384054849732,27.0,3.0,1.2321428571428572,1.1753695191272857,69.0,5.0,1.2142857142857142,1.4401424676129704,102.0,9.0,-2.0,0.0,-1.0,1319,0.3661865049279757,0.15921152388172857,0.3199393479909022,0.24791508718726307,0.15466262319939347,0.3009855951478393,43.28363914373089,5.3570887035633055
2022-07-15,0,0,0,0,0,0,0,0,0,0,0,0,2022,7,15,4,196,28,3,0,0,1,-0.433883739117558,-0.9009688679024191,-0.23030567023061196,-0.973118337233262,-0.23931566428755743,-0.9709418174260521,-0.4999999999999997,-0.8660254037844388,1.0,3.0,1.0,0.0,2.0,2.0,1.3333333333333333,1.5275252316519472,4.0,3.0,0.8571428571428571,1.0690449676496974,6.0,3.0,0.7857142857142857,1.0509022810878317,11.0,3.0,0.8928571428571429,0.994029797388005,25.0,3.0,1.1964285714285714,1.1819805083324864,67.0,5.0,1.2023809523809523,1.446056223013042,101.0,9.0,-1.0,0.0,-2.0,1319,0.3661865049279757,0.15921152388172857,0.3199393479909022,0.24791508718726307,0.15466262319939347,0.3009855951478393,43.28363914373089,5.3570887035633055
2022-07-16,0,0,0,0,0,0,0,0,0,0,0,0,2022,7,16,5,197,28,3,1,0,0,-0.9749279121818236,-0.2225209339563146,-0.24702218048093527,-0.9690098257244063,-0.23931566428755743,-0.9709418174260521,-0.4999999999999997,-0.8660254037844388,0.0,1.0,3.0,0.0,1.0,1.0,0.3333333333333333,0.5773502691896268,1.0,1.0,0.8571428571428571,1.0690449676496974,6.0,3.0,0.7142857142857143,1.0690449676496991,10.0,3.0,0.8571428571428571,1.0079052613579393,24.0,3.0,1.1785714285714286,1.1925090867905044,66.0,5.0,1.1904761904761905,1.4518471033392149,100.0,9.0,0.0,0.0,-1.0,1319,0.3661865049279757,0.15921152388172857,0.3199393479909022,0.24791508718726307,0.15466262319939347,0.3009855951478393,43.28363914373089,5.3570887035633055
2022-07-17,0,0,0,0,0,0,0,0,0,0,0,0,2022,7,17,6,198,28,3,1,0,0,-0.7818314824680299,0.6234898018587334,-0.2636654927280072,-0.9646141756912435,-0.23931566428755743,-0.9709418174260521,-0.4999999999999997,-0.8660254037844388,0.0,0.0,1.0,1.0,3.0,2.0,0.0,0.0,0.0,0.0,0.7142857142857143,1.1126972805283735,5.0,3.0,0.5,0.8548504142651124,7.0,3.0,0.7857142857142857,0.9946949227868763,22.0,3.0,1.1607142857142858,1.20267558860591,65.0,5.0,1.1785714285714286,1.4575165731824626,99.0,9.0,0.0,-1.0,-2.0,1319,0.3661865049279757,0.15921152388172857,0.3199393479909022,0.24791508718726307,0.15466262319939347,0.3009855951478393,43.28363914373089,5.3570887035633055
2022-07-18,0,0,0,0,0,0,0,0,0,0,0,0,2022,7,18,0,199,29,3,0,1,0,0.0,1.0,-0.2802306751992161,-0.9599326896597445,-0.3546048870425356,-0.9350162426854148,-0.4999999999999997,-0.8660254037844388,0.0,0.0,0.0,0.0,0.0,0.0,0.0,0.0,0.0,0.0,0.7142857142857143,1.1126972805283735,5.0,3.0,0.5,0.8548504142651124,7.0,3.0,0.7857142857142857,0.9946949227868763,22.0,3.0,1.125,1.2069872334942828,63.0,5.0,1.1428571428571428,1.4490782873814696,96.0,9.0,0.0,0.0,0.0,1319,0.3661865049279757,0.15921152388172857,0.3199393479909022,0.24791508718726307,0.15466262319939347,0.3009855951478393,43.28363914373089,5.3570887035633055
2022-07-19,0,0,0,0,0,0,0,0,0,0,0,0,2022,7,19,1,200,29,3,0,0,0,0.7818314824680298,0.6234898018587336,-0.2967128192734901,-0.9549667548552553,-0.3546048870425356,-0.9350162426854148,-0.4999999999999997,-0.8660254037844388,0.0,0.0,0.0,1.0,0.0,0.0,0.0,0.0,0.0,0.0,0.5714285714285714,1.1338934190276815,4.0,3.0,0.5,0.8548504142651124,7.0,3.0,0.7857142857142857,0.9946949227868763,22.0,3.0,1.1071428571428572,1.216232206127095,62.0,5.0,1.130952380952381,1.454364117288691,95.0,9.0,0.0,-1.0,0.0,1319,0.3661865049279757,0.15921152388172857,0.3199393479909022,0.24791508718726307,0.15466262319939347,0.3009855951478393,43.28363914373089,5.3570887035633055
2022-07-20,1,1,0,1,0,0,0,0,2,0,0,0,2022,7,20,2,201,29,3,0,0,0,0.9749279121818236,-0.22252093395631434,-0.3131070409358267,-0.9497178427914317,-0.3546048870425356,-0.9350162426854148,-0.4999999999999997,-0.8660254037844388,0.0,0.0,0.0,3.0,0.0,1.0,0.3333333333333333,0.5773502691896268,1.0,1.0,0.2857142857142857,0.48795003647426605,2.0,1.0,0.5714285714285714,0.8516306272526422,8.0,3.0,0.7857142857142857,0.9946949227868763,22.0,3.0,1.125,1.2069872334942828,63.0,5.0,1.130952380952381,1.454364117288691,95.0,9.0,1.0,-2.0,0.0,1319,0.3661865049279757,0.15921152388172857,0.3199393479909022,0.24791508718726307,0.15466262319939347,0.3009855951478393,43.28363914373089,5.3570887035633055
2022-07-21,0,0,0,0,0,0,0,0,0,0,0,0,2022,7,21,3,202,29,3,0,0,0,0.43388373911755823,-0.900968867902419,-0.3294084822245302,-0.9441875088341994,-0.3546048870425356,-0.9350162426854148,-0.4999999999999997,-0.8660254037844388,1.0,0.0,0.0,1.0,1.0,0.0,0.3333333333333333,0.5773502691896268,1.0,1.0,0.14285714285714285,0.37796447300922636,1.0,1.0,0.5,0.8548504142651124,7.0,3.0,0.7857142857142857,0.9946949227868763,22.0,3.0,1.0892857142857142,1.2102108864203753,61.0,5.0,1.130952380952381,1.454364117288691,95.0,9.0,-1.0,-1.0,0.0,1319,0.3661865049279757,0.15921152388172857,0.3199393479909022,0.24791508718726307,0.15466262319939347,0.3009855951478393,43.28363914373089,5.3570887035633055
2022-07-22,0,0,0,0,0,0,0,0,0,0,0,0,2022,7,22,4,203,29,3,0,0,1,-0.433883739117558,-0.9009688679024191,-0.3456123126707333,-0.9383773917408642,-0.3546048870425356,-0.9350162426854148,-0.4999999999999997,-0.8660254037844388,0.0,1.0,0.0,0.0,0.0,1.0,0.3333333333333333,0.5773502691896268,1.0,1.0,0.14285714285714285,0.37796447300922636,1.0,1.0,0.5,0.8548504142651124,7.0,3.0,0.75,1.0046189622236184,21.0,3.0,1.0714285714285714,1.2188988004400885,60.0,5.0,1.130952380952381,1.454364117288691,95.0,9.0,0.0,0.0,-1.0,1319,0.3661865049279757,0.15921152388172857,0.3199393479909022,0.24791508718726307,0.15466262319939347,0.3009855951478393,43.28363914373089,5.3570887035633055
2022-07-23,0,0,0,0,0,0,0,0,0,0,0,0,2022,7,23,5,204,29,3,1,0,0,-0.9749279121818236,-0.2225209339563146,-0.3617137307297674,-0.9322892131745134,-0.3546048870425356,-0.9350162426854148,-0.4999999999999997,-0.8660254037844388,0.0,0.0,1.0,0.0,0.0,1.0,0.0,0.0,0.0,0.0,0.14285714285714285,0.37796447300922636,1.0,1.0,0.5,0.8548504142651124,7.0,3.0,0.7142857142857143,1.0131411680782827,20.0,3.0,1.0535714285714286,1.2272607022017905,59.0,5.0,1.130952380952381,1.454364117288691,95.0,9.0,0.0,0.0,-1.0,1319,0.3661865049279757,0.15921152388172857,0.3199393479909022,0.24791508718726307,0.15466262319939347,0.3009855951478393,43.28363914373089,5.3570887035633055
2022-07-24,0,0,0,0,0,0,0,0,0,0,0,0,2022,7,24,6,205,29,3,1,0,0,-0.7818314824680299,0.6234898018587334,-0.37770796520396466,-0.9259247771938499,-0.3546048870425356,-0.9350162426854148,-0.4999999999999997,-0.8660254037844388,0.0,0.0,0.0,0.0,1.0,3.0,0.0,0.0,0.0,0.0,0.14285714285714285,0.37796447300922636,1.0,1.0,0.42857142857142855,0.8516306272526424,6.0,3.0,0.6071428571428571,0.9164862737363232,17.0,3.0,1.0357142857142858,1.235303212160491,58.0,5.0,1.119047619047619,1.4595325370202505,94.0,9.0,0.0,0.0,-3.0,1319,0.3661865049279757,0.15921152388172857,0.3199393479909022,0.24791508718726307,0.15466262319939347,0.3009855951478393,43.28363914373089,5.3570887035633055
2022-07-25,3,2,1,0,0,0,0,0,10,0,0,1,2022,7,25,0,206,30,3,0,1,0,0.0,1.0,-0.39359027665646645,-0.9192859697186105,-0.46472317204376806,-0.8854560256532101,-0.4999999999999997,-0.8660254037844388,0.0,0.0,0.0,0.0,0.0,1.0,1.0,1.7320508075688776,3.0,3.0,0.5714285714285714,1.1338934190276815,4.0,3.0,0.6428571428571429,1.081817762069783,9.0,3.0,0.6785714285714286,1.0202966681339756,19.0,3.0,1.0892857142857142,1.2544725181132106,61.0,5.0,1.1547619047619047,1.4684968761144077,97.0,9.0,3.0,3.0,2.0,1319,0.3661865049279757,0.15921152388172857,0.3199393479909022,0.24791508718726307,0.15466262319939347,0.3009855951478393,43.28363914373089,5.3570887035633055
2022-07-26,0,0,0,0,0,0,0,0,0,0,0,0,2022,7,26,1,207,30,3,0,0,0,0.7818314824680298,0.6234898018587336,-0.4093559588156211,-0.9123747579707274,-0.46472317204376806,-0.8854560256532101,-0.4999999999999997,-0.8660254037844388,3.0,0.0,0.0,0.0,1.0,0.0,1.0,1.7320508075688776,3.0,3.0,0.5714285714285714,1.1338934190276815,4.0,3.0,0.5714285714285714,1.089409558803846,8.0,3.0,0.6785714285714286,1.0202966681339756,19.0,3.0,1.0,1.1441551070947114,56.0,5.0,1.1547619047619047,1.4684968761144077,97.0,9.0,-3.0,0.0,0.0,1319,0.3661865049279757,0.15921152388172857,0.3199393479909022,0.24791508718726307,0.15466262319939347,0.3009855951478393,43.28363914373089,5.3570887035633055
2022-07-27,1,0,0,0,0,2,0,1,2,0,0,0,2022,7,27,2,208,30,3,0,0,0,0.9749279121818236,-0.22252093395631434,-0.42500033996955394,-0.9051931898913975,-0.46472317204376806,-0.8854560256532101,-0.4999999999999997,-0.8660254037844388,0.0,3.0,0.0,1.0,3.0,0.0,1.3333333333333333,1.5275252316519472,4.0,3.0,0.5714285714285714,1.1338934190276815,4.0,3.0,0.42857142857142855,0.8516306272526424,6.0,3.0,0.7142857142857143,1.0131411680782827,20.0,3.0,0.9285714285714286,1.0064725594803934,52.0,3.0,1.1666666666666667,1.4630660439624674,98.0,9.0,1.0,0.0,1.0,1319,0.3661865049279757,0.15921152388172857,0.3199393479909022,0.24791508718726307,0.15466262319939347,0.3009855951478393,43.28363914373089,5.3570887035633055
2022-07-28,0,0,0,0,0,0,0,0,0,0,0,0,2022,7,28,3,209,30,3,0,0,0,0.43388373911755823,-0.900968867902419,-0.4405187843504952,-0.8977433935342336,-0.46472317204376806,-0.8854560256532101,-0.4999999999999997,-0.8660254037844388,1.0,0.0,3.0,0.0,1.0,2.0,0.3333333333333333,0.5773502691896264,1.0,1.0,0.5714285714285714,1.1338934190276815,4.0,3.0,0.35714285714285715,0.8418973861410975,5.0,3.0,0.6428571428571429,0.9893613995077734,18.0,3.0,0.9285714285714286,1.0064725594803934,52.0,3.0,1.1428571428571428,1.4656127230768539,96.0,9.0,-1.0,0.0,-2.0,1319,0.3661865049279757,0.15921152388172857,0.3199393479909022,0.24791508718726307,0.15466262319939347,0.3009855951478393,43.28363914373089,5.3570887035633055
2022-07-29,1,0,0,0,0,0,0,0,2,1,1,0,2022,7,29,4,210,30,3,0,0,1,-0.433883739117558,-0.9009688679024191,-0.455906693508459,-0.8900275764346766,-0.46472317204376806,-0.8854560256532101,-0.4999999999999997,-0.8660254037844388,0.0,1.0,0.0,0.0,0.0,2.0,0.6666666666666666,0.5773502691896266,2.0,1.0,0.7142857142857143,1.1126972805283735,5.0,3.0,0.42857142857142855,0.8516306272526424,6.0,3.0,0.6071428571428571,0.9560445408144774,17.0,3.0,0.9107142857142857,0.9959332893739008,51.0,3.0,1.1547619047619047,1.460269389398958,97.0,9.0,1.0,1.0,-1.0,1319,0.3661865049279757,0.15921152388172857,0.3199393479909022,0.24791508718726307,0.15466262319939347,0.3009855951478393,43.28363914373089,5.3570887035633055
2022-07-30,2,0,0,0,0,0,0,0,5,0,0,0,2022,7,30,5,211,30,3,1,0,0,-0.9749279121818236,-0.2225209339563146,-0.47115950767386394,-0.8820480249558535,-0.46472317204376806,-0.8854560256532101,-0.4999999999999997,-0.8660254037844388,1.0,0.0,1.0,0.0,0.0,1.0,1.0,1.0000000000000007,3.0,2.0,1.0,1.1547005383792515,7.0,3.0,0.5714285714285714,0.9376144618769927,8.0,3.0,0.6428571428571429,0.9893613995077734,18.0,3.0,0.9285714285714286,1.0064725594803934,52.0,3.0,1.1666666666666667,1.4630660439624674,98.0,9.0,1.0,2.0,1.0,1319,0.3661865049279757,0.15921152388172857,0.3199393479909022,0.24791508718726307,0.15466262319939347,0.3009855951478393,43.28363914373089,5.3570887035633055
2022-07-31,2,1,1,1,0,1,0,1,3,1,1,0,2022,7,31,6,212,30,3,1,0,0,-0.7818314824680299,0.6234898018587334,-0.4862727071086902,-0.8738071036110807,-0.46472317204376806,-0.8854560256532101,-0.4999999999999997,-0.8660254037844388,2.0,1.0,0.0,0.0,0.0,3.0,1.6666666666666667,0.5773502691896273,5.0,2.0,1.2857142857142858,1.1126972805283737,9.0,3.0,0.7142857142857143,0.9944903161976956,10.0,3.0,0.6071428571428571,0.9164862737363233,17.0,3.0,0.9107142857142857,0.97750676750572,51.0,3.0,1.1904761904761905,1.460122048671493,100.0,9.0,0.0,2.0,-1.0,1319,0.3661865049279757,0.15921152388172857,0.3199393479909022,0.24791508718726307,0.15466262319939347,0.3009855951478393,43.28363914373089,5.3570887035633055
2022-08-01,4,2,0,2,0,0,0,0,9,0,0,1,2022,8,1,0,213,31,3,0,1,0,0.0,1.0,-0.5012418134457756,-0.8653072543632061,-0.5680647467311556,-0.8229838658936566,-0.8660254037844385,-0.5000000000000004,2.0,2.0,1.0,3.0,0.0,0.0,2.6666666666666665,1.1547005383792526,8.0,4.0,1.4285714285714286,1.3972762620115438,10.0,4.0,1.0,1.3008872711759831,14.0,4.0,0.75,1.1097213530798993,21.0,4.0,0.9464285714285714,1.0517456114331223,53.0,4.0,1.2380952380952381,1.4858290259767046,104.0,9.0,2.0,1.0,4.0,1319,0.3661865049279757,0.15921152388172857,0.3199393479909022,0.24791508718726307,0.15466262319939347,0.3009855951478393,43.28363914373089,5.3570887035633055
2022-08-02,1,0,0,0,0,1,0,1,1,0,0,0,2022,8,2,1,214,31,3,0,0,0,0.7818314824680298,0.6234898018587336,-0.5160623910158526,-0.8565509959010037,-0.5680647467311556,-0.8229838658936566,-0.8660254037844385,-0.5000000000000004,4.0,2.0,2.0,0.0,0.0,0.0,2.3333333333333335,1.5275252316519476,7.0,4.0,1.5714285714285714,1.2724180205607039,11.0,4.0,1.0714285714285714,1.2688144505364498,15.0,4.0,0.7857142857142857,1.1007452982594168,22.0,4.0,0.9642857142857143,1.0438440446783182,54.0,4.0,1.25,1.4797834423132927,105.0,9.0,-3.0,1.0,1.0,1319,0.3661865049279757,0.15921152388172857,0.3199393479909022,0.24791508718726307,0.15466262319939347,0.3009855951478393,43.28363914373089,5.3570887035633055
2022-08-03,0,0,0,0,0,0,0,0,0,0,0,0,2022,8,3,2,215,31,3,0,0,0,0.9749279121818236,-0.22252093395631434,-0.5307300481619331,-0.8475409228928312,-0.5680647467311556,-0.8229838658936566,-0.8660254037844385,-0.5000000000000004,1.0,4.0,2.0,1.0,1.0,0.0,1.6666666666666667,2.0816659994661335,5.0,4.0,1.4285714285714286,1.3972762620115438,10.0,4.0,1.0,1.3008872711759831,14.0,4.0,0.7857142857142857,1.1007452982594168,22.0,4.0,0.9464285714285714,1.0517456114331223,53.0,4.0,1.2023809523809523,1.454364117288691,101.0,9.0,-1.0,-1.0,0.0,1319,0.3661865049279757,0.15921152388172857,0.3199393479909022,0.24791508718726307,0.15466262319939347,0.3009855951478393,43.28363914373089,5.3570887035633055
2022-08-04,0,0,0,0,0,0,0,0,0,0,0,0,2022,8,4,3,216,31,3,0,0,0,0.43388373911755823,-0.900968867902419,-0.5452404385406507,-0.8382797052177745,-0.5680647467311556,-0.8229838658936566,-0.8660254037844385,-0.5000000000000004,0.0,1.0,4.0,0.0,0.0,1.0,0.3333333333333333,0.5773502691896273,1.0,1.0,1.4285714285714286,1.3972762620115438,10.0,4.0,1.0,1.3008872711759831,14.0,4.0,0.75,1.1097213530798993,21.0,4.0,0.9285714285714286,1.0592817954056999,52.0,4.0,1.1904761904761905,1.460122048671493,100.0,9.0,0.0,0.0,-1.0,1319,0.3661865049279757,0.15921152388172857,0.3199393479909022,0.24791508718726307,0.15466262319939347,0.3009855951478393,43.28363914373089,5.3570887035633055
2022-08-05,8,3,0,4,0,6,0,2,16,3,3,0,2022,8,5,4,217,31,3,0,0,1,-0.433883739117558,-0.9009688679024191,-0.5595892624101763,-0.828770087174504,-0.5680647467311556,-0.8229838658936566,-0.8660254037844385,-0.5000000000000004,0.0,0.0,1.0,1.0,0.0,0.0,2.6666666666666665,4.618802153517007,8.0,8.0,2.4285714285714284,2.819996622760558,17.0,8.0,1.5714285714285714,2.2434275189912056,22.0,8.0,1.0357142857142858,1.752926502381467,29.0,8.0,1.0178571428571428,1.3946791280182946,57.0,8.0,1.1785714285714286,1.3984562425426004,99.0,8.0,8.0,7.0,8.0,1319,0.3661865049279757,0.15921152388172857,0.3199393479909022,0.24791508718726307,0.15466262319939347,0.3009855951478393,43.28363914373089,5.3570887035633055
2022-08-06,2,0,2,0,0,0,0,0,4,0,0,2,2022,8,6,5,218,31,3,1,0,0,-0.9749279121818236,-0.2225209339563146,-0.5737722679043243,-0.8190148866680802,-0.5680647467311556,-0.8229838658936566,-0.8660254037844385,-0.5000000000000004,8.0,0.0,0.0,2.0,0.0,0.0,3.3333333333333335,4.163331998932266,10.0,8.0,2.4285714285714284,2.819996622760558,17.0,8.0,1.7142857142857142,2.198900824313102,24.0,8.0,1.1071428571428572,1.749905515211982,31.0,8.0,1.0357142857142858,1.4008346306176411,58.0,8.0,1.2023809523809523,1.39517034331358,101.0,8.0,-6.0,0.0,2.0,1319,0.3661865049279757,0.15921152388172857,0.3199393479909022,0.24791508718726307,0.15466262319939347,0.3009855951478393,43.28363914373089,5.3570887035633055
2022-08-07,0,0,0,0,0,0,0,0,0,0,0,0,2022,8,7,6,219,31,3,1,0,0,-0.7818314824680299,0.6234898018587334,-0.5877852522924734,-0.8090169943749472,-0.5680647467311556,-0.8229838658936566,-0.8660254037844385,-0.5000000000000004,2.0,8.0,0.0,2.0,0.0,1.0,3.3333333333333335,4.163331998932266,10.0,8.0,2.142857142857143,2.9680841985233184,15.0,8.0,1.7142857142857142,2.198900824313102,24.0,8.0,1.0714285714285714,1.7623337101185195,30.0,8.0,1.0178571428571428,1.4076553223333854,57.0,8.0,1.1666666666666667,1.386973243835823,98.0,8.0,-2.0,-2.0,-1.0,1319,0.3661865049279757,0.15921152388172857,0.3199393479909022,0.24791508718726307,0.15466262319939347,0.3009855951478393,43.28363914373089,5.3570887035633055
2022-08-08,0,0,0,0,0,0,0,0,0,0,0,0,2022,8,8,0,220,32,3,0,1,0,0.0,1.0,-0.6016240632249227,-0.7987793728863648,-0.663122658240795,-0.7485107481711013,-0.8660254037844385,-0.5000000000000004,0.0,2.0,8.0,4.0,3.0,0.0,0.6666666666666666,1.1547005383792515,2.0,2.0,1.5714285714285714,2.9358214555806383,11.0,8.0,1.5,2.2101165997782535,21.0,8.0,1.0714285714285714,1.7623337101185195,30.0,8.0,1.0,1.4142135623730951,56.0,8.0,1.1428571428571428,1.3896593770292174,96.0,8.0,0.0,-4.0,0.0,1319,0.3661865049279757,0.15921152388172857,0.3199393479909022,0.24791508718726307,0.15466262319939347,0.3009855951478393,43.28363914373089,5.3570887035633055
2022-08-09,3,3,0,3,0,2,0,1,6,2,2,0,2022,8,9,1,221,32,3,0,0,0,0.7818314824680298,0.6234898018587336,-0.6152845999633277,-0.7883050558305253,-0.663122658240795,-0.7485107481711013,-0.8660254037844385,-0.5000000000000004,0.0,0.0,2.0,1.0,0.0,1.0,1.0,1.7320508075688774,3.0,3.0,1.8571428571428572,2.9680841985233184,13.0,8.0,1.7142857142857142,2.198900824313102,24.0,8.0,1.1428571428571428,1.7994708216848747,32.0,8.0,1.0178571428571428,1.4332553084572126,57.0,8.0,1.1547619047619047,1.4013250839189402,97.0,8.0,3.0,2.0,2.0,1319,0.3661865049279757,0.15921152388172857,0.3199393479909022,0.24791508718726307,0.15466262319939347,0.3009855951478393,43.28363914373089,5.3570887035633055
2022-08-10,0,0,0,0,0,0,0,0,0,0,0,0,2022,8,10,2,222,32,3,0,0,0,0.9749279121818236,-0.22252093395631434,-0.6287628145958345,-0.7775971469736268,-0.663122658240795,-0.7485107481711013,-0.8660254037844385,-0.5000000000000004,3.0,0.0,0.0,0.0,1.0,3.0,1.0,1.7320508075688774,3.0,3.0,1.8571428571428572,2.9680841985233184,13.0,8.0,1.6428571428571428,2.239750771064388,23.0,8.0,1.0357142857142858,1.773929366357465,29.0,8.0,1.0178571428571428,1.4332553084572126,57.0,8.0,1.1547619047619047,1.4013250839189402,97.0,8.0,-3.0,0.0,-3.0,1319,0.3661865049279757,0.15921152388172857,0.3199393479909022,0.24791508718726307,0.15466262319939347,0.3009855951478393,43.28363914373089,5.3570887035633055
2022-08-11,0,0,0,0,0,0,0,0,0,0,0,0,2022,8,11,3,223,32,3,0,0,0,0.43388373911755823,-0.900968867902419,-0.6420547132365636,-0.7666588193001592,-0.663122658240795,-0.7485107481711013,-0.8660254037844385,-0.5000000000000004,0.0,3.0,0.0,0.0,0.0,1.0,1.0,1.7320508075688774,3.0,3.0,1.8571428571428572,2.9680841985233184,13.0,8.0,1.6428571428571428,2.239750771064388,23.0,8.0,1.0,1.784708711578779,28.0,8.0,0.9821428571428571,1.4332553084572126,55.0,8.0,1.1547619047619047,1.4013250839189402,97.0,8.0,0.0,0.0,-1.0,1319,0.3661865049279757,0.15921152388172857,0.3199393479909022,0.24791508718726307,0.15466262319939347,0.3009855951478393,43.28363914373089,5.3570887035633055
2022-08-12,2,2,0,2,0,0,0,0,4,0,0,0,2022,8,12,4,224,32,3,0,0,1,-0.433883739117558,-0.9009688679024191,-0.655156357209085,-0.7554933140726804,-0.663122658240795,-0.7485107481711013,-0.8660254037844385,-0.5000000000000004,0.0,0.0,3.0,8.0,1.0,0.0,0.6666666666666666,1.1547005383792517,2.0,2.0,1.0,1.2909944487358054,7.0,3.0,1.7142857142857142,2.2336094083368723,24.0,8.0,1.0714285714285714,1.783225779281519,30.0,8.0,0.9821428571428571,1.4332553084572126,55.0,8.0,1.1547619047619047,1.4013250839189402,97.0,8.0,2.0,-6.0,2.0,1319,0.3661865049279757,0.15921152388172857,0.3199393479909022,0.24791508718726307,0.15466262319939347,0.3009855951478393,43.28363914373089,5.3570887035633055
2022-08-13,2,2,0,0,0,2,0,1,4,0,0,0,2022,8,13,5,225,32,3,1,0,0,-0.9749279121818236,-0.2225209339563146,-0.6680638642135333,-0.7441039398713608,-0.663122658240795,-0.7485107481711013,-0.8660254037844385,-0.5000000000000004,2.0,0.0,0.0,2.0,2.0,0.0,1.3333333333333333,1.154700538379252,4.0,2.0,1.0,1.2909944487358054,7.0,3.0,1.7142857142857142,2.2336094083368723,24.0,8.0,1.1428571428571428,1.7787695646207702,32.0,8.0,1.0,1.439696937805757,56.0,8.0,1.1666666666666667,1.4042391356890762,98.0,8.0,0.0,0.0,2.0,1319,0.3661865049279757,0.15921152388172857,0.3199393479909022,0.24791508718726307,0.15466262319939347,0.3009855951478393,43.28363914373089,5.3570887035633055
2022-08-14,1,0,1,0,0,4,0,1,2,0,0,1,2022,8,14,6,226,32,3,1,0,0,-0.7818314824680299,0.6234898018587334,-0.6807734094770159,-0.7324940716135792,-0.663122658240795,-0.7485107481711013,-0.8660254037844385,-0.5000000000000004,2.0,2.0,0.0,0.0,2.0,0.0,1.6666666666666667,0.5773502691896268,5.0,2.0,1.1428571428571428,1.2149857925879115,8.0,3.0,1.6428571428571428,2.239750771064388,23.0,8.0,1.1785714285714286,1.7649587431663567,33.0,8.0,0.9821428571428571,1.4332553084572126,55.0,8.0,1.1666666666666667,1.4042391356890762,98.0,8.0,-1.0,1.0,1.0,1319,0.3661865049279757,0.15921152388172857,0.3199393479909022,0.24791508718726307,0.15466262319939347,0.3009855951478393,43.28363914373089,5.3570887035633055
2022-08-15,4,0,0,0,0,0,0,0,8,0,0,2,2022,8,15,0,227,33,3,0,1,0,0.0,1.0,-0.6932812268869771,-0.7206671495538615,-0.7485107481711011,-0.6631226582407952,-0.8660254037844385,-0.5000000000000004,1.0,2.0,2.0,0.0,4.0,0.0,2.3333333333333335,1.5275252316519472,7.0,4.0,1.7142857142857142,1.4960264830861911,12.0,4.0,1.6428571428571428,2.239750771064388,23.0,8.0,1.3214285714285714,1.826828286211265,37.0,8.0,1.0535714285714286,1.482254337850938,59.0,8.0,1.1904761904761905,1.435154082456003,100.0,8.0,3.0,4.0,4.0,1319,0.3661865049279757,0.15921152388172857,0.3199393479909022,0.24791508718726307,0.15466262319939347,0.3009855951478393,43.28363914373089,5.3570887035633055
2022-08-16,1,1,0,1,0,0,0,0,2,0,0,0,2022,8,16,1,228,33,3,0,0,0,0.7818314824680298,0.6234898018587336,-0.7055836101071774,-0.70862667826446,-0.7485107481711011,-0.6631226582407952,-0.8660254037844385,-0.5000000000000004,4.0,1.0,2.0,3.0,1.0,0.0,2.0,1.7320508075688776,6.0,4.0,1.4285714285714286,1.3972762620115435,10.0,4.0,1.6428571428571428,2.239750771064388,23.0,8.0,1.3571428571428572,1.8097326529441513,38.0,8.0,1.0714285714285714,1.4753383939365834,60.0,8.0,1.1904761904761905,1.435154082456003,100.0,8.0,-3.0,-2.0,1.0,1319,0.3661865049279757,0.15921152388172857,0.3199393479909022,0.24791508718726307,0.15466262319939347,0.3009855951478393,43.28363914373089,5.3570887035633055
2022-08-17,0,0,0,0,0,0,0,0,0,0,0,0,2022,8,17,2,229,33,3,0,0,0,0.9749279121818236,-0.22252093395631434,-0.7176769136759615,-0.6963762255968726,-0.7485107481711011,-0.6631226582407952,-0.8660254037844385,-0.5000000000000004,1.0,4.0,1.0,0.0,0.0,1.0,1.6666666666666667,2.081665999466133,5.0,4.0,1.4285714285714286,1.3972762620115435,10.0,4.0,1.6428571428571428,2.239750771064388,23.0,8.0,1.3214285714285714,1.826828286211265,37.0,8.0,1.0535714285714286,1.482254337850938,59.0,8.0,1.1904761904761905,1.435154082456003,100.0,8.0,-1.0,0.0,-1.0,1319,0.3661865049279757,0.15921152388172857,0.3199393479909022,0.24791508718726307,0.15466262319939347,0.3009855951478393,43.28363914373089,5.3570887035633055
2022-08-18,0,0,0,0,0,0,0,0,0,0,0,0,2022,8,18,3,230,33,3,0,0,0,0.43388373911755823,-0.900968867902419,-0.7295575540864876,-0.6839194216246105,-0.7485107481711011,-0.6631226582407952,-0.8660254037844385,-0.5000000000000004,0.0,1.0,4.0,0.0,0.0,0.0,0.3333333333333333,0.5773502691896257,1.0,1.0,1.4285714285714286,1.3972762620115435,10.0,4.0,1.6428571428571428,2.239750771064388,23.0,8.0,1.3214285714285714,1.826828286211265,37.0,8.0,1.0535714285714286,1.482254337850938,59.0,8.0,1.1666666666666667,1.4381491898859027,98.0,8.0,0.0,0.0,0.0,1319,0.3661865049279757,0.15921152388172857,0.3199393479909022,0.24791508718726307,0.15466262319939347,0.3009855951478393,43.28363914373089,5.3570887035633055
2022-08-19,5,3,0,3,0,2,0,2,12,0,0,0,2022,8,19,4,231,33,3,0,0,1,-0.433883739117558,-0.9009688679024191,-0.7412220108485957,-0.6712599575675315,-0.7485107481711011,-0.6631226582407952,-0.8660254037844385,-0.5000000000000004,0.0,0.0,1.0,2.0,8.0,0.0,1.6666666666666667,2.886751345948129,5.0,5.0,1.8571428571428572,1.9518001458970662,13.0,5.0,1.4285714285714286,1.6508406117111154,20.0,5.0,1.5,1.9340994650588013,42.0,8.0,1.125,1.5732132722552274,63.0,8.0,1.2142857142857142,1.4975596902352695,102.0,8.0,5.0,3.0,5.0,1319,0.3661865049279757,0.15921152388172857,0.3199393479909022,0.24791508718726307,0.15466262319939347,0.3009855951478393,43.28363914373089,5.3570887035633055
2022-08-20,1,0,0,1,0,0,0,0,2,0,0,0,2022,8,20,5,232,33,3,1,0,0,-0.9749279121818236,-0.2225209339563146,-0.7526668275320083,-0.6584015846980489,-0.7485107481711011,-0.6631226582407952,-0.8660254037844385,-0.5000000000000004,5.0,0.0,0.0,2.0,2.0,0.0,2.0,2.6457513110645907,6.0,5.0,1.7142857142857142,1.9760470401187071,12.0,5.0,1.3571428571428572,1.645840578182229,19.0,5.0,1.5357142857142858,1.9145087921824533,43.0,8.0,1.125,1.5732132722552274,63.0,8.0,1.2142857142857142,1.4975596902352695,102.0,8.0,-4.0,-1.0,1.0,1319,0.3661865049279757,0.15921152388172857,0.3199393479909022,0.24791508718726307,0.15466262319939347,0.3009855951478393,43.28363914373089,5.3570887035633055
2022-08-21,4,3,0,2,0,0,0,0,8,1,1,0,2022,8,21,6,233,33,3,1,0,0,-0.7818314824680299,0.6234898018587334,-0.7638886127905429,-0.64534811322955,-0.7485107481711011,-0.6631226582407952,-0.8660254037844385,-0.5000000000000004,1.0,5.0,0.0,1.0,0.0,0.0,3.3333333333333335,2.081665999466133,10.0,5.0,2.142857142857143,2.115700942049815,15.0,5.0,1.6428571428571428,1.7368026705655195,23.0,5.0,1.6785714285714286,1.9446711885935968,47.0,8.0,1.1428571428571428,1.6003246423894626,64.0,8.0,1.25,1.527853837707518,105.0,8.0,3.0,3.0,4.0,1319,0.3661865049279757,0.15921152388172857,0.3199393479909022,0.24791508718726307,0.15466262319939347,0.3009855951478393,43.28363914373089,5.3570887035633055
2022-08-22,1,0,0,0,0,0,0,0,2,0,0,1,2022,8,22,0,234,34,3,0,1,0,0.0,1.0,-0.7748840413670406,-0.6321034111873488,-0.8229838658936564,-0.5680647467311559,-0.8660254037844385,-0.5000000000000004,4.0,1.0,5.0,4.0,0.0,3.0,2.0,1.7320508075688776,6.0,4.0,1.7142857142857142,1.9760470401187071,12.0,5.0,1.7142857142857142,1.6837947722821922,24.0,5.0,1.6071428571428572,1.9310194144119783,45.0,8.0,1.1428571428571428,1.6003246423894626,64.0,8.0,1.2619047619047619,1.5218809511176101,106.0,8.0,-3.0,-3.0,-2.0,1319,0.3661865049279757,0.15921152388172857,0.3199393479909022,0.24791508718726307,0.15466262319939347,0.3009855951478393,43.28363914373089,5.3570887035633055
2022-08-23,0,0,0,0,0,0,0,0,0,0,0,0,2022,8,23,1,235,34,3,0,0,0,0.7818314824680298,0.6234898018587336,-0.7856498550787144,-0.6186714032625032,-0.8229838658936564,-0.5680647467311559,-0.8660254037844385,-0.5000000000000004,1.0,4.0,1.0,1.0,3.0,0.0,1.6666666666666667,2.081665999466133,5.0,4.0,1.5714285714285714,2.070196678027062,11.0,5.0,1.5,1.698415551216895,21.0,5.0,1.6071428571428572,1.9310194144119783,45.0,8.0,1.1428571428571428,1.6003246423894626,64.0,8.0,1.2023809523809523,1.4708391335361086,101.0,8.0,-1.0,-1.0,0.0,1319,0.3661865049279757,0.15921152388172857,0.3199393479909022,0.24791508718726307,0.15466262319939347,0.3009855951478393,43.28363914373089,5.3570887035633055
2022-08-24,2,0,0,0,0,2,0,1,5,0,0,1,2022,8,24,2,236,34,3,0,0,0,0.9749279121818236,-0.22252093395631434,-0.7961828637826154,-0.6050560696488494,-0.8229838658936564,-0.5680647467311559,-0.8660254037844385,-0.5000000000000004,0.0,1.0,4.0,0.0,0.0,1.0,1.0,1.0,3.0,2.0,1.8571428571428572,1.9518001458970662,13.0,5.0,1.6428571428571428,1.645840578182229,23.0,5.0,1.6428571428571428,1.9286204187389284,46.0,8.0,1.1785714285714286,1.5966686097467595,66.0,8.0,1.1666666666666667,1.412792955723864,98.0,8.0,2.0,2.0,1.0,1319,0.3661865049279757,0.15921152388172857,0.3199393479909022,0.24791508718726307,0.15466262319939347,0.3009855951478393,43.28363914373089,5.3570887035633055
2022-08-25,0,0,0,0,0,0,0,0,0,0,0,0,2022,8,25,3,237,34,3,0,0,0,0.43388373911755823,-0.900968867902419,-0.8064799463209447,-0.5912614448635782,-0.8229838658936564,-0.5680647467311559,-0.8660254037844385,-0.5000000000000004,2.0,0.0,1.0,0.0,0.0,0.0,0.6666666666666666,1.1547005383792515,2.0,2.0,1.8571428571428572,1.9518001458970662,13.0,5.0,1.6428571428571428,1.645840578182229,23.0,5.0,1.6428571428571428,1.9286204187389284,46.0,8.0,1.1428571428571428,1.6003246423894626,64.0,8.0,1.1666666666666667,1.412792955723864,98.0,8.0,-2.0,0.0,0.0,1319,0.3661865049279757,0.15921152388172857,0.3199393479909022,0.24791508718726307,0.15466262319939347,0.3009855951478393,43.28363914373089,5.3570887035633055
2022-08-26,2,0,0,1,0,0,0,0,4,1,1,0,2022,8,26,4,238,34,3,0,0,1,-0.433883739117558,-0.9009688679024191,-0.8165380514459157,-0.5772916165517278,-0.8229838658936564,-0.5680647467311559,-0.8660254037844385,-0.5000000000000004,0.0,2.0,0.0,5.0,2.0,1.0,1.3333333333333333,1.1547005383792517,4.0,2.0,1.4285714285714286,1.3972762620115435,10.0,4.0,1.6428571428571428,1.645840578182229,23.0,5.0,1.6785714285714286,1.9255316039140873,47.0,8.0,1.1428571428571428,1.6003246423894626,64.0,8.0,1.1666666666666667,1.412792955723864,98.0,8.0,2.0,-3.0,1.0,1319,0.3661865049279757,0.15921152388172857,0.3199393479909022,0.24791508718726307,0.15466262319939347,0.3009855951478393,43.28363914373089,5.3570887035633055
2022-08-27,0,0,0,0,0,0,0,0,0,0,0,0,2022,8,27,5,239,34,3,1,0,0,-0.9749279121818236,-0.2225209339563146,-0.8263541987239094,-0.5631507242749187,-0.8229838658936564,-0.5680647467311559,-0.8660254037844385,-0.5000000000000004,2.0,0.0,2.0,1.0,2.0,2.0,0.6666666666666666,1.1547005383792515,2.0,2.0,1.2857142857142858,1.4960264830861911,9.0,4.0,1.5,1.698415551216895,21.0,5.0,1.6071428571428572,1.9501051389373991,45.0,8.0,1.125,1.6075107803964828,63.0,8.0,1.1547619047619047,1.4184162865339505,97.0,8.0,-2.0,-1.0,-2.0,1319,0.3661865049279757,0.15921152388172857,0.3199393479909022,0.24791508718726307,0.15466262319939347,0.3009855951478393,43.28363914373089,5.3570887035633055
2022-08-28,0,0,0,0,0,0,0,0,0,0,0,0,2022,8,28,6,240,34,3,1,0,0,-0.7818314824680299,0.6234898018587334,-0.8359254794186365,-0.5488429582847199,-0.8229838658936564,-0.5680647467311559,-0.8660254037844385,-0.5000000000000004,0.0,2.0,0.0,4.0,1.0,2.0,0.6666666666666666,1.1547005383792515,2.0,2.0,0.7142857142857143,0.9511897312113414,5.0,2.0,1.4285714285714286,1.741541567969894,20.0,5.0,1.5357142857142858,1.9716911871705816,43.0,8.0,1.0714285714285714,1.5938192307346968,60.0,8.0,1.119047619047619,1.4091333909065376,94.0,8.0,0.0,-4.0,-2.0,1319,0.3661865049279757,0.15921152388172857,0.3199393479909022,0.24791508718726307,0.15466262319939347,0.3009855951478393,43.28363914373089,5.3570887035633055
2022-08-29,0,0,0,0,0,0,0,0,0,0,0,0,2022,8,29,0,241,35,3,0,1,0,0.0,1.0,-0.8452490573530634,-0.5343725582809785,-0.8854560256532096,-0.4647231720437691,-0.8660254037844385,-0.5000000000000004,0.0,0.0,2.0,1.0,4.0,4.0,0.0,0.0,0.0,0.0,0.5714285714285714,0.9759000729485328,4.0,2.0,1.1428571428571428,1.6104057232283417,16.0,5.0,1.3928571428571428,1.9310194144119783,39.0,8.0,1.0714285714285714,1.5938192307346968,60.0,8.0,1.0952380952380953,1.4109643597750312,92.0,8.0,0.0,-1.0,-4.0,1319,0.3661865049279757,0.15921152388172857,0.3199393479909022,0.24791508718726307,0.15466262319939347,0.3009855951478393,43.28363914373089,5.3570887035633055
2022-08-30,4,3,1,2,0,0,0,0,8,0,0,1,2022,8,30,1,242,35,3,0,0,0,0.7818314824680298,0.6234898018587336,-0.8543221697498269,-0.5197438121555157,-0.8854560256532096,-0.4647231720437691,-0.8660254037844385,-0.5000000000000004,0.0,0.0,0.0,0.0,1.0,1.0,1.3333333333333333,2.3094010767585034,4.0,4.0,1.1428571428571428,1.573591584938886,8.0,4.0,1.3571428571428572,1.7805419597217234,19.0,5.0,1.5,1.9907192074632132,42.0,8.0,1.1428571428571428,1.6340532029679664,64.0,8.0,1.1428571428571428,1.44073991317595,96.0,8.0,4.0,4.0,3.0,1319,0.3661865049279757,0.15921152388172857,0.3199393479909022,0.24791508718726307,0.15466262319939347,0.3009855951478393,43.28363914373089,5.3570887035633055
2022-08-31,0,0,0,0,0,0,0,0,0,0,0,0,2022,8,31,2,243,35,3,0,0,0,0.9749279121818236,-0.22252093395631434,-0.8631421280499115,-0.5049610547215202,-0.8854560256532096,-0.4647231720437691,-0.8660254037844385,-0.5000000000000004,4.0,0.0,0.0,2.0,0.0,0.0,1.3333333333333333,2.3094010767585034,4.0,4.0,0.8571428571428571,1.573591584938886,6.0,4.0,1.3571428571428572,1.7805419597217234,19.0,5.0,1.5,1.9907192074632132,42.0,8.0,1.1428571428571428,1.6340532029679664,64.0,8.0,1.130952380952381,1.446056223013042,95.0,8.0,-4.0,-2.0,0.0,1319,0.3661865049279757,0.15921152388172857,0.3199393479909022,0.24791508718726307,0.15466262319939347,0.3009855951478393,43.28363914373089,5.3570887035633055
2022-09-01,0,0,0,0,0,0,0,0,0,0,0,0,2022,9,1,3,244,35,3,0,0,0,0.43388373911755823,-0.900968867902419,-0.8717063187093217,-0.4900286664290594,-0.8854560256532096,-0.4647231720437691,-1.0,-1.8369701987210297e-16,0.0,4.0,0.0,0.0,0.0,0.0,1.3333333333333333,2.3094010767585034,4.0,4.0,0.8571428571428571,1.5735915849388862,6.0,4.0,1.3571428571428572,1.7805419597217234,19.0,5.0,1.5,1.9907192074632132,42.0,8.0,1.125,1.6410916544123362,63.0,8.0,1.119047619047619,1.4512542303396052,94.0,8.0,0.0,0.0,0.0,1319,0.3661865049279757,0.15921152388172857,0.3199393479909022,0.24791508718726307,0.15466262319939347,0.3009855951478393,43.28363914373089,5.3570887035633055
2022-09-02,0,0,0,0,0,0,0,0,0,0,0,0,2022,9,2,4,245,35,3,0,0,1,-0.433883739117558,-0.9009688679024191,-0.8800122039735356,-0.4749510720670502,-0.8854560256532096,-0.4647231720437691,-1.0,-1.8369701987210297e-16,0.0,0.0,4.0,2.0,5.0,8.0,0.0,0.0,0.0,0.0,0.5714285714285714,1.5118578920369088,4.0,4.0,1.0,1.4675987714106873,14.0,4.0,1.2142857142857142,1.5481684006675107,34.0,5.0,1.125,1.6410916544123362,63.0,8.0,1.0833333333333333,1.441287354051159,91.0,8.0,0.0,-2.0,-8.0,1319,0.3661865049279757,0.15921152388172857,0.3199393479909022,0.24791508718726307,0.15466262319939347,0.3009855951478393,43.28363914373089,5.3570887035633055
2022-09-03,0,0,0,0,0,0,0,0,0,0,0,0,2022,9,3,5,246,35,3,1,0,0,-0.9749279121818236,-0.2225209339563146,-0.888057322629493,-0.4597327394521046,-0.8854560256532096,-0.4647231720437691,-1.0,-1.8369701987210297e-16,0.0,0.0,0.0,0.0,1.0,2.0,0.0,0.0,0.0,0.0,0.5714285714285714,1.5118578920369088,4.0,4.0,0.9285714285714286,1.4917354742965425,13.0,4.0,1.1428571428571428,1.5566889295168849,32.0,5.0,1.125,1.6410916544123362,63.0,8.0,1.0714285714285714,1.4461058159695876,90.0,8.0,0.0,0.0,-2.0,1319,0.3661865049279757,0.15921152388172857,0.3199393479909022,0.24791508718726307,0.15466262319939347,0.3009855951478393,43.28363914373089,5.3570887035633055
2022-09-04,0,0,0,0,0,0,0,0,0,0,0,0,2022,9,4,6,247,35,3,1,0,0,-0.7818314824680299,0.6234898018587334,-0.8958392907349089,-0.4443781781046134,-0.8854560256532096,-0.4647231720437691,-1.0,-1.8369701987210297e-16,0.0,0.0,0.0,0.0,4.0,0.0,0.0,0.0,0.0,0.0,0.5714285714285714,1.5118578920369088,4.0,4.0,0.6428571428571429,1.215739272221632,9.0,4.0,1.1428571428571428,1.5566889295168849,32.0,5.0,1.1071428571428572,1.6479030358563016,62.0,8.0,1.0595238095238095,1.4508094165953356,89.0,8.0,0.0,0.0,0.0,1319,0.3661865049279757,0.15921152388172857,0.3199393479909022,0.24791508718726307,0.15466262319939347,0.3009855951478393,43.28363914373089,5.3570887035633055
2022-09-05,0,0,0,0,0,0,0,0,0,0,0,0,2022,9,5,0,248,36,3,0,1,0,0.0,1.0,-0.9033558023246842,-0.4288919379124841,-0.9350162426854147,-0.3546048870425359,-1.0,-1.8369701987210297e-16,0.0,0.0,0.0,0.0,1.0,0.0,0.0,0.0,0.0,0.0,0.5714285714285714,1.5118578920369088,4.0,4.0,0.5714285714285714,1.2224996910042554,8.0,4.0,1.1428571428571428,1.5566889295168849,32.0,5.0,1.1071428571428572,1.6479030358563016,62.0,8.0,1.0476190476190477,1.4553992695647762,88.0,8.0,0.0,0.0,0.0,1319,0.3661865049279757,0.15921152388172857,0.3199393479909022,0.24791508718726307,0.15466262319939347,0.3009855951478393,43.28363914373089,5.3570887035633055
2022-09-06,0,0,0,0,0,0,0,0,0,0,0,0,2022,9,6,1,249,36,3,0,0,0,0.7818314824680298,0.6234898018587336,-0.9106046300942162,-0.41327860778290443,-0.9350162426854147,-0.3546048870425359,-1.0,-1.8369701987210297e-16,0.0,0.0,0.0,4.0,0.0,3.0,0.0,0.0,0.0,0.0,0.0,0.0,0.0,0.0,0.5714285714285714,1.2224996910042554,8.0,4.0,1.0357142857142858,1.5270921982678662,29.0,5.0,1.0892857142857142,1.6544901517801978,61.0,8.0,1.0238095238095237,1.4559904547233657,86.0,8.0,0.0,-4.0,-3.0,1319,0.3661865049279757,0.15921152388172857,0.3199393479909022,0.24791508718726307,0.15466262319939347,0.3009855951478393,43.28363914373089,5.3570887035633055
2022-09-07,0,0,0,0,0,0,0,0,0,0,0,0,2022,9,7,2,250,36,3,0,0,0,0.9749279121818236,-0.22252093395631434,-0.9175836260593934,-0.3975428142825566,-0.9350162426854147,-0.3546048870425359,-1.0,-1.8369701987210297e-16,0.0,0.0,0.0,0.0,2.0,0.0,0.0,0.0,0.0,0.0,0.0,0.0,0.0,0.0,0.42857142857142855,1.1578684470436813,6.0,4.0,1.0357142857142858,1.5270921982678662,29.0,5.0,1.0357142857142858,1.640003167561084,58.0,8.0,1.0238095238095237,1.4559904547233657,86.0,8.0,0.0,0.0,0.0,1319,0.3661865049279757,0.15921152388172857,0.3199393479909022,0.24791508718726307,0.15466262319939347,0.3009855951478393,43.28363914373089,5.3570887035633055
2022-09-08,4,3,0,3,0,2,0,1,8,0,0,1,2022,9,8,3,251,36,3,0,0,0,0.43388373911755823,-0.900968867902419,-0.9242907221930934,-0.3816892202666586,-0.9350162426854147,-0.3546048870425359,-1.0,-1.8369701987210297e-16,0.0,0.0,0.0,0.0,0.0,0.0,1.3333333333333333,2.3094010767585034,4.0,4.0,0.5714285714285714,1.5118578920369088,4.0,4.0,0.7142857142857143,1.4898926873369858,10.0,4.0,1.1785714285714286,1.611384760558709,33.0,5.0,1.0892857142857142,1.6871362041721973,61.0,8.0,1.0476190476190477,1.4881440037907483,88.0,8.0,4.0,4.0,4.0,1319,0.3661865049279757,0.15921152388172857,0.3199393479909022,0.24791508718726307,0.15466262319939347,0.3009855951478393,43.28363914373089,5.3570887035633055
2022-09-09,1,0,1,0,0,0,0,0,2,0,0,1,2022,9,9,4,252,36,3,0,0,1,-0.433883739117558,-0.9009688679024191,-0.9307239310379793,-0.3657225234972692,-0.9350162426854147,-0.3546048870425359,-1.0,-1.8369701987210297e-16,4.0,0.0,0.0,0.0,2.0,2.0,1.6666666666666667,2.081665999466133,5.0,4.0,0.7142857142857143,1.4960264830861911,5.0,4.0,0.6428571428571429,1.446860944737468,9.0,4.0,1.1428571428571428,1.6035674514745468,32.0,5.0,1.1071428571428572,1.6806770435379084,62.0,8.0,1.0357142857142858,1.484428644061927,87.0,8.0,-3.0,1.0,-1.0,1319,0.3661865049279757,0.15921152388172857,0.3199393479909022,0.24791508718726307,0.15466262319939347,0.3009855951478393,43.28363914373089,5.3570887035633055
2022-09-10,1,0,0,1,0,0,0,0,1,1,1,0,2022,9,10,5,253,36,3,1,0,0,-0.9749279121818236,-0.2225209339563146,-0.9368813462954315,-0.34964745525122826,-0.9350162426854147,-0.3546048870425359,-1.0,-1.8369701987210297e-16,1.0,4.0,0.0,0.0,0.0,2.0,2.0,1.7320508075688779,6.0,4.0,0.8571428571428571,1.4638501094227996,6.0,4.0,0.7142857142857143,1.4373357526806572,10.0,4.0,1.1071428571428572,1.5948826896203983,31.0,5.0,1.125,1.673999022482608,63.0,8.0,1.0357142857142858,1.484428644061927,87.0,8.0,0.0,1.0,-1.0,1319,0.3661865049279757,0.15921152388172857,0.3199393479909022,0.24791508718726307,0.15466262319939347,0.3009855951478393,43.28363914373089,5.3570887035633055
2022-09-11,0,0,0,0,0,0,0,0,0,0,0,0,2022,9,11,6,254,36,3,1,0,0,-0.7818314824680299,0.6234898018587334,-0.9427611433904206,-0.33346877891818705,-0.9350162426854147,-0.3546048870425359,-1.0,-1.8369701987210297e-16,1.0,1.0,4.0,0.0,0.0,1.0,0.6666666666666666,0.5773502691896272,2.0,1.0,0.8571428571428571,1.4638501094227996,6.0,4.0,0.7142857142857143,1.4373357526806572,10.0,4.0,1.0714285714285714,1.6085091194337662,30.0,5.0,1.125,1.673999022482608,63.0,8.0,1.0119047619047619,1.4848150882322388,85.0,8.0,-1.0,0.0,-1.0,1319,0.3661865049279757,0.15921152388172857,0.3199393479909022,0.24791508718726307,0.15466262319939347,0.3009855951478393,43.28363914373089,5.3570887035633055
2022-09-12,1,0,0,0,0,0,0,0,2,0,0,0,2022,9,12,0,255,37,3,0,1,0,0.0,1.0,-0.9483615800121716,-0.31719128858910595,-0.970941817426052,-0.23931566428755774,-1.0,-1.8369701987210297e-16,0.0,1.0,1.0,0.0,0.0,4.0,0.6666666666666666,0.5773502691896272,2.0,1.0,1.0,1.414213562373095,7.0,4.0,0.7857142857142857,1.4238934396479719,11.0,4.0,0.9642857142857143,1.502643173856159,27.0,5.0,1.1428571428571428,1.6670995108933298,64.0,8.0,1.0238095238095237,1.4806070919970833,86.0,8.0,1.0,1.0,-3.0,1319,0.3661865049279757,0.15921152388172857,0.3199393479909022,0.24791508718726307,0.15466262319939347,0.3009855951478393,43.28363914373089,5.3570887035633055
2022-09-13,0,0,0,0,0,0,0,0,0,0,0,0,2022,9,13,1,256,37,3,0,0,0,0.7818314824680298,0.6234898018587336,-0.9536809966304455,-0.300819807635668,-0.970941817426052,-0.23931566428755774,-1.0,-1.8369701987210297e-16,1.0,0.0,1.0,0.0,4.0,1.0,0.3333333333333333,0.5773502691896271,1.0,1.0,1.0,1.414213562373095,7.0,4.0,0.5,1.0919284281983401,7.0,4.0,0.9285714285714286,1.5136067160941424,26.0,5.0,1.1428571428571428,1.6670995108933298,64.0,8.0,1.0238095238095237,1.4806070919970833,86.0,8.0,-1.0,0.0,-1.0,1319,0.3661865049279757,0.15921152388172857,0.3199393479909022,0.24791508718726307,0.15466262319939347,0.3009855951478393,43.28363914373089,5.3570887035633055
2022-09-14,2,0,0,2,0,0,0,0,4,0,0,0,2022,9,14,2,257,37,3,0,0,0,0.9749279121818236,-0.22252093395631434,-0.9587178169872964,-0.2843591872810036,-0.970941817426052,-0.23931566428755774,-1.0,-1.8369701987210297e-16,0.0,1.0,0.0,0.0,0.0,0.0,1.0,1.0000000000000009,3.0,2.0,1.2857142857142858,1.3801311186847083,9.0,4.0,0.6428571428571429,1.1507283885330324,9.0,4.0,1.0,1.5153535218873182,28.0,5.0,1.1607142857142858,1.670892910058307,65.0,8.0,1.0357142857142858,1.484428644061927,87.0,8.0,2.0,2.0,2.0,1319,0.3661865049279757,0.15921152388172857,0.3199393479909022,0.24791508718726307,0.15466262319939347,0.3009855951478393,43.28363914373089,5.3570887035633055
2022-09-15,2,2,0,2,0,1,0,1,4,0,0,0,2022,9,15,3,258,37,3,0,0,0,0.43388373911755823,-0.900968867902419,-0.9634705485641486,-0.26781430516217486,-0.970941817426052,-0.23931566428755774,-1.0,-1.8369701987210297e-16,2.0,0.0,1.0,4.0,0.0,0.0,1.3333333333333333,1.1547005383792524,4.0,2.0,1.0,0.8164965809277257,7.0,2.0,0.7857142857142857,1.18831305306637,11.0,4.0,1.0714285714285714,1.5136067160941422,30.0,5.0,1.1964285714285714,1.667002130741321,67.0,8.0,1.0595238095238095,1.4836554537527817,89.0,8.0,0.0,-2.0,2.0,1319,0.3661865049279757,0.15921152388172857,0.3199393479909022,0.24791508718726307,0.15466262319939347,0.3009855951478393,43.28363914373089,5.3570887035633055
2022-09-16,1,0,1,0,0,0,0,0,1,0,0,1,2022,9,16,4,259,37,3,0,0,1,-0.433883739117558,-0.9009688679024191,-0.9679377830240642,-0.25119006388481957,-0.970941817426052,-0.23931566428755774,-1.0,-1.8369701987210297e-16,2.0,2.0,0.0,1.0,0.0,5.0,1.6666666666666667,0.5773502691896277,5.0,2.0,1.0,0.8164965809277257,7.0,2.0,0.8571428571428571,1.1673205911990794,12.0,4.0,0.9285714285714286,1.3032316365146688,26.0,4.0,1.2142857142857142,1.6592910393438376,68.0,8.0,1.0595238095238095,1.4836554537527817,89.0,8.0,-1.0,0.0,-4.0,1319,0.3661865049279757,0.15921152388172857,0.3199393479909022,0.24791508718726307,0.15466262319939347,0.3009855951478393,43.28363914373089,5.3570887035633055
2022-09-17,0,0,0,0,0,0,0,0,0,0,0,0,2022,9,17,5,260,37,3,1,0,0,-0.9749279121818236,-0.2225209339563146,-0.9721181966290612,-0.23449138957041052,-0.970941817426052,-0.23931566428755774,-1.0,-1.8369701987210297e-16,1.0,2.0,2.0,1.0,0.0,1.0,1.0,1.0000000000000009,3.0,2.0,0.8571428571428571,0.899735410842437,6.0,2.0,0.8571428571428571,1.1673205911990794,12.0,4.0,0.8928571428571429,1.3148520748875068,25.0,4.0,1.2142857142857142,1.6592910393438376,68.0,8.0,1.0476190476190477,1.4881440037907483,88.0,8.0,-1.0,-1.0,-1.0,1319,0.3661865049279757,0.15921152388172857,0.3199393479909022,0.24791508718726307,0.15466262319939347,0.3009855951478393,43.28363914373089,5.3570887035633055
2022-09-18,0,0,0,0,0,0,0,0,0,0,0,0,2022,9,18,6,261,37,3,1,0,0,-0.7818314824680299,0.6234898018587334,-0.9760105506323682,-0.21772323039653224,-0.970941817426052,-0.23931566428755774,-1.0,-1.8369701987210297e-16,0.0,1.0,2.0,0.0,0.0,4.0,0.3333333333333333,0.5773502691896268,1.0,1.0,0.8571428571428571,0.899735410842437,6.0,2.0,0.8571428571428571,1.1673205911990794,12.0,4.0,0.75,1.1745763617703333,21.0,4.0,1.2142857142857142,1.6592910393438376,68.0,8.0,1.0119047619047619,1.4766785231389878,85.0,8.0,0.0,0.0,-4.0,1319,0.3661865049279757,0.15921152388172857,0.3199393479909022,0.24791508718726307,0.15466262319939347,0.3009855951478393,43.28363914373089,5.3570887035633055
2022-09-19,1,0,0,0,0,0,0,0,2,0,0,1,2022,9,19,0,262,38,3,0,1,0,0.0,1.0,-0.9796136916454901,-0.20089055513063528,-0.992708874098054,-0.12053668025532357,-1.0,-1.8369701987210297e-16,0.0,0.0,1.0,1.0,0.0,1.0,0.3333333333333333,0.5773502691896268,1.0,1.0,0.8571428571428571,0.899735410842437,6.0,2.0,0.9285714285714286,1.14113881811014,13.0,4.0,0.75,1.1745763617703333,21.0,4.0,1.1785714285714286,1.6415861825701368,66.0,8.0,1.0119047619047619,1.4766785231389878,85.0,8.0,1.0,0.0,0.0,1319,0.3661865049279757,0.15921152388172857,0.3199393479909022,0.24791508718726307,0.15466262319939347,0.3009855951478393,43.28363914373089,5.3570887035633055
2022-09-20,0,0,0,0,0,0,0,0,0,0,0,0,2022,9,20,1,263,38,3,0,0,0,0.7818314824680298,0.6234898018587336,-0.9829265519799822,-0.18399835165767986,-0.992708874098054,-0.12053668025532357,-1.0,-1.8369701987210297e-16,1.0,0.0,0.0,0.0,0.0,0.0,0.3333333333333333,0.5773502691896268,1.0,1.0,0.8571428571428571,0.899735410842437,6.0,2.0,0.9285714285714286,1.14113881811014,13.0,4.0,0.75,1.1745763617703333,21.0,4.0,1.1785714285714286,1.6415861825701368,66.0,8.0,1.0119047619047619,1.4766785231389878,85.0,8.0,-1.0,0.0,0.0,1319,0.3661865049279757,0.15921152388172857,0.3199393479909022,0.24791508718726307,0.15466262319939347,0.3009855951478393,43.28363914373089,5.3570887035633055
2022-09-21,0,0,0,0,0,0,0,0,0,0,0,0,2022,9,21,2,264,38,3,0,0,0,0.9749279121818236,-0.22252093395631434,-0.9859481499638303,-0.1670516255021195,-0.992708874098054,-0.12053668025532357,-1.0,-1.8369701987210297e-16,0.0,1.0,0.0,2.0,0.0,2.0,0.3333333333333333,0.5773502691896268,1.0,1.0,0.5714285714285714,0.7867957924694428,4.0,2.0,0.9285714285714286,1.14113881811014,13.0,4.0,0.6785714285714286,1.1564175661505627,19.0,4.0,1.1607142857142858,1.648986308055905,65.0,8.0,1.0119047619047619,1.4766785231389878,85.0,8.0,0.0,-2.0,-2.0,1319,0.3661865049279757,0.15921152388172857,0.3199393479909022,0.24791508718726307,0.15466262319939347,0.3009855951478393,43.28363914373089,5.3570887035633055
2022-09-22,1,0,0,0,0,0,0,0,2,0,0,0,2022,9,22,3,265,38,3,0,0,0,0.43388373911755823,-0.900968867902419,-0.9886775902323404,-0.15005539834465262,-0.992708874098054,-0.12053668025532357,-1.0,-1.8369701987210297e-16,0.0,0.0,1.0,2.0,4.0,0.0,0.3333333333333333,0.5773502691896268,1.0,1.0,0.42857142857142855,0.5345224838248481,3.0,1.0,0.7142857142857143,0.7262730392025665,10.0,2.0,0.7142857142857143,1.1501092655705918,20.0,4.0,1.1785714285714286,1.6415861825701368,66.0,8.0,1.0,1.4726420810214478,84.0,8.0,1.0,-1.0,1.0,1319,0.3661865049279757,0.15921152388172857,0.3199393479909022,0.24791508718726307,0.15466262319939347,0.3009855951478393,43.28363914373089,5.3570887035633055
2022-09-23,1,0,0,0,0,0,0,0,2,0,0,0,2022,9,23,4,266,38,3,0,0,1,-0.433883739117558,-0.9009688679024191,-0.9911140639934546,-0.13301470653419636,-0.992708874098054,-0.12053668025532357,-1.0,-1.8369701987210297e-16,1.0,0.0,0.0,1.0,1.0,2.0,0.6666666666666666,0.577350269189627,2.0,1.0,0.42857142857142855,0.5345224838248482,3.0,1.0,0.7142857142857143,0.7262730392025665,10.0,2.0,0.6785714285714286,1.1239339452243253,19.0,4.0,1.1785714285714286,1.6415861825701368,66.0,8.0,0.9880952380952381,1.4684968761144075,83.0,8.0,0.0,0.0,-1.0,1319,0.3661865049279757,0.15921152388172857,0.3199393479909022,0.24791508718726307,0.15466262319939347,0.3009855951478393,43.28363914373089,5.3570887035633055
2022-09-24,0,0,0,0,0,0,0,0,0,0,0,0,2022,9,24,5,267,38,3,1,0,0,-0.9749279121818236,-0.2225209339563146,-0.9932568492674143,-0.11593459959550066,-0.992708874098054,-0.12053668025532357,-1.0,-1.8369701987210297e-16,1.0,1.0,0.0,0.0,1.0,0.0,0.6666666666666666,0.577350269189627,2.0,1.0,0.42857142857142855,0.5345224838248482,3.0,1.0,0.6428571428571429,0.7449463436684954,9.0,2.0,0.6785714285714286,1.1239339452243253,19.0,4.0,1.1428571428571428,1.64514239702632,64.0,8.0,0.9761904761904762,1.4724472742104862,82.0,8.0,-1.0,0.0,0.0,1319,0.3661865049279757,0.15921152388172857,0.3199393479909022,0.24791508718726307,0.15466262319939347,0.3009855951478393,43.28363914373089,5.3570887035633055
2022-09-25,1,0,0,0,0,0,0,0,2,0,0,0,2022,9,25,6,268,38,3,1,0,0,-0.7818314824680299,0.6234898018587334,-0.9951053111006974,-0.09882013873287211,-0.992708874098054,-0.12053668025532357,-1.0,-1.8369701987210297e-16,0.0,1.0,1.0,0.0,0.0,0.0,0.6666666666666666,0.577350269189627,2.0,1.0,0.5714285714285714,0.5345224838248482,4.0,1.0,0.7142857142857143,0.7262730392025665,10.0,2.0,0.7142857142857143,1.1174422797967025,20.0,4.0,1.125,1.6410916544123362,63.0,8.0,0.9523809523809523,1.4553992695647762,80.0,8.0,1.0,1.0,1.0,1319,0.3661865049279757,0.15921152388172857,0.3199393479909022,0.24791508718726307,0.15466262319939347,0.3009855951478393,43.28363914373089,5.3570887035633055
2022-09-26,0,0,0,0,0,0,0,0,0,0,0,0,2022,9,26,0,269,39,3,0,1,0,0.0,1.0,-0.99665890175417,-0.08167639533042288,-1.0,-1.8369701987210297e-16,-1.0,-1.8369701987210297e-16,1.0,0.0,1.0,1.0,1.0,0.0,0.3333333333333333,0.5773502691896268,1.0,1.0,0.42857142857142855,0.5345224838248482,3.0,1.0,0.6428571428571429,0.7449463436684954,9.0,2.0,0.7142857142857143,1.1174422797967025,20.0,4.0,1.0535714285714286,1.6002231987176931,59.0,8.0,0.9523809523809523,1.4553992695647762,80.0,8.0,-1.0,-1.0,0.0,1319,0.3661865049279757,0.15921152388172857,0.3199393479909022,0.24791508718726307,0.15466262319939347,0.3009855951478393,43.28363914373089,5.3570887035633055
2022-09-27,0,0,0,0,0,0,0,0,0,0,0,0,2022,9,27,1,270,39,3,0,0,0,0.7818314824680298,0.6234898018587336,-0.9979171608653922,-0.06450844944931625,-1.0,-1.8369701987210297e-16,-1.0,-1.8369701987210297e-16,0.0,1.0,0.0,0.0,0.0,4.0,0.3333333333333333,0.5773502691896268,1.0,1.0,0.42857142857142855,0.5345224838248482,3.0,1.0,0.6428571428571429,0.7449463436684954,9.0,2.0,0.5714285714285714,0.9200874124564743,16.0,4.0,1.0357142857142858,1.6063995395042545,58.0,8.0,0.9523809523809523,1.4553992695647762,80.0,8.0,0.0,0.0,-4.0,1319,0.3661865049279757,0.15921152388172857,0.3199393479909022,0.24791508718726307,0.15466262319939347,0.3009855951478393,43.28363914373089,5.3570887035633055
2022-09-28,0,0,0,0,0,0,0,0,0,0,0,0,2022,9,28,2,271,39,3,0,0,0,0.9749279121818236,-0.22252093395631434,-0.9988797155850335,-0.04732138832243232,-1.0,-1.8369701987210297e-16,-1.0,-1.8369701987210297e-16,0.0,0.0,1.0,0.0,2.0,0.0,0.0,0.0,0.0,0.0,0.42857142857142855,0.5345224838248482,3.0,1.0,0.5,0.650443635587995,7.0,2.0,0.5714285714285714,0.9200874124564743,16.0,4.0,1.0357142857142858,1.6063995395042545,58.0,8.0,0.9523809523809523,1.4553992695647762,80.0,8.0,0.0,0.0,0.0,1319,0.3661865049279757,0.15921152388172857,0.3199393479909022,0.24791508718726307,0.15466262319939347,0.3009855951478393,43.28363914373089,5.3570887035633055
2022-09-29,3,0,0,0,0,0,0,0,6,0,0,2,2022,9,29,3,272,39,3,0,0,0,0.43388373911755823,-0.900968867902419,-0.9995462806873573,-0.03012030484690836,-1.0,-1.8369701987210297e-16,-1.0,-1.8369701987210297e-16,0.0,0.0,0.0,1.0,2.0,0.0,1.0,1.7320508075688779,3.0,3.0,0.7142857142857143,1.1126972805283732,5.0,3.0,0.5714285714285714,0.8516306272526433,8.0,3.0,0.6785714285714286,1.020296668133977,19.0,4.0,1.0892857142857142,1.6211868347746825,61.0,8.0,0.9761904761904762,1.4724472742104862,82.0,8.0,3.0,2.0,3.0,1319,0.3661865049279757,0.15921152388172857,0.3199393479909022,0.24791508718726307,0.15466262319939347,0.3009855951478393,43.28363914373089,5.3570887035633055
2022-09-30,6,4,0,4,0,9,0,3,13,0,0,1,2022,9,30,4,273,39,3,0,0,1,-0.433883739117558,-0.9009688679024191,-0.9999166586547379,-0.012910296075008843,-1.0,-1.8369701987210297e-16,-1.0,-1.8369701987210297e-16,3.0,0.0,0.0,1.0,1.0,0.0,3.0,3.0000000000000004,9.0,6.0,1.4285714285714286,2.29906813420444,10.0,6.0,0.9285714285714286,1.6854255666327558,13.0,6.0,0.8928571428571429,1.4230714230607957,25.0,6.0,1.0535714285714286,1.482254337850938,59.0,6.0,1.0476190476190477,1.5670151344004453,88.0,8.0,3.0,5.0,6.0,1319,0.3661865049279757,0.15921152388172857,0.3199393479909022,0.24791508718726307,0.15466262319939347,0.3009855951478393,43.28363914373089,5.3570887035633055
2022-10-01,0,0,0,0,0,0,0,0,0,0,0,0,2022,10,1,5,274,39,4,1,0,0,-0.9749279121818236,-0.2225209339563146,-0.9999907397361901,0.004303538296243821,-1.0,-1.8369701987210297e-16,-0.8660254037844386,0.5000000000000001,6.0,3.0,0.0,0.0,0.0,0.0,3.0,3.0000000000000004,9.0,6.0,1.4285714285714286,2.29906813420444,10.0,6.0,0.9285714285714286,1.6854255666327558,13.0,6.0,0.8928571428571429,1.4230714230607957,25.0,6.0,1.0178571428571428,1.4831302453511375,57.0,6.0,1.0476190476190477,1.5670151344004453,88.0,8.0,-6.0,0.0,0.0,1319,0.3661865049279757,0.15921152388172857,0.3199393479909022,0.24791508718726307,0.15466262319939347,0.3009855951478393,43.28363914373089,5.3570887035633055
2022-10-02,0,0,0,0,0,0,0,0,0,0,0,0,2022,10,2,6,275,39,4,1,0,0,-0.7818314824680299,0.6234898018587334,-0.9997685019798909,0.021516097436222233,-1.0,-1.8369701987210297e-16,-0.8660254037844386,0.5000000000000001,0.0,6.0,3.0,1.0,0.0,0.0,2.0,3.464101615137755,6.0,6.0,1.2857142857142858,2.3603873774083297,9.0,6.0,0.9285714285714286,1.6854255666327558,13.0,6.0,0.8928571428571429,1.4230714230607957,25.0,6.0,1.0178571428571428,1.4831302453511375,57.0,6.0,1.0357142857142858,1.5711742870462801,87.0,8.0,0.0,-1.0,0.0,1319,0.3661865049279757,0.15921152388172857,0.3199393479909022,0.24791508718726307,0.15466262319939347,0.3009855951478393,43.28363914373089,5.3570887035633055
2022-10-03,2,0,0,0,0,0,0,0,4,0,0,0,2022,10,3,0,276,40,4,0,1,0,0.0,1.0,-0.9992500112396835,0.03872228089217399,-0.992708874098054,0.1205366802553232,-0.8660254037844386,0.5000000000000001,0.0,0.0,6.0,0.0,1.0,0.0,0.6666666666666666,1.1547005383792524,2.0,2.0,1.5714285714285714,2.29906813420444,11.0,6.0,1.0,1.7097008285302224,14.0,6.0,0.9642857142857143,1.4267845968170139,27.0,6.0,1.0535714285714286,1.482254337850938,59.0,6.0,1.0595238095238095,1.570443805557597,89.0,8.0,2.0,2.0,2.0,1319,0.3661865049279757,0.15921152388172857,0.3199393479909022,0.24791508718726307,0.15466262319939347,0.3009855951478393,43.28363914373089,5.3570887035633055
2022-10-04,0,0,0,0,0,0,0,0,0,0,0,0,2022,10,4,1,277,40,4,0,0,0,0.7818314824680298,0.6234898018587336,-0.9984354211555643,0.05591699010060302,-0.992708874098054,0.1205366802553232,-0.8660254037844386,0.5000000000000001,2.0,0.0,0.0,0.0,0.0,0.0,0.6666666666666666,1.1547005383792524,2.0,2.0,1.5714285714285714,2.29906813420444,11.0,6.0,1.0,1.7097008285302224,14.0,6.0,0.9642857142857143,1.4267845968170139,27.0,6.0,1.0,1.4647370226271152,56.0,6.0,1.0476190476190477,1.5746849897621475,88.0,8.0,-2.0,0.0,0.0,1319,0.3661865049279757,0.15921152388172857,0.3199393479909022,0.24791508718726307,0.15466262319939347,0.3009855951478393,43.28363914373089,5.3570887035633055
2022-10-05,1,0,0,0,0,1,0,1,2,0,0,0,2022,10,5,2,278,40,4,0,0,0,0.9749279121818236,-0.22252093395631434,-0.9973249731081555,0.07309512989807776,-0.992708874098054,0.1205366802553232,-0.8660254037844386,0.5000000000000001,0.0,2.0,0.0,0.0,0.0,0.0,1.0,1.0000000000000009,3.0,2.0,1.7142857142857142,2.214669705568283,12.0,6.0,1.0714285714285714,1.6854255666327558,15.0,6.0,1.0,1.4142135623730963,28.0,6.0,1.0178571428571428,1.4584059969528556,57.0,6.0,1.0238095238095237,1.5598593578569018,86.0,8.0,1.0,1.0,1.0,1319,0.3661865049279757,0.15921152388172857,0.3199393479909022,0.24791508718726307,0.15466262319939347,0.3009855951478393,43.28363914373089,5.3570887035633055
2022-10-06,0,0,0,0,0,0,0,0,0,0,0,0,2022,10,6,3,279,40,4,0,0,0,0.43388373911755823,-0.900968867902419,-0.9959189961471792,0.0902516100310407,-0.992708874098054,0.1205366802553232,-0.8660254037844386,0.5000000000000001,1.0,0.0,2.0,3.0,1.0,4.0,0.3333333333333333,0.5773502691896273,1.0,1.0,1.2857142857142858,2.214669705568283,9.0,6.0,1.0,1.7097008285302224,14.0,6.0,0.8571428571428571,1.2971274735120237,24.0,6.0,1.0178571428571428,1.4584059969528556,57.0,6.0,1.0119047619047619,1.5638541177692367,85.0,8.0,-1.0,-3.0,-4.0,1319,0.3661865049279757,0.15921152388172857,0.3199393479909022,0.24791508718726307,0.15466262319939347,0.3009855951478393,43.28363914373089,5.3570887035633055
2022-10-07,1,0,0,1,0,3,0,1,2,0,0,0,2022,10,7,4,280,40,4,0,0,1,-0.433883739117558,-0.9009688679024191,-0.994217906893952,0.10738134666416306,-0.992708874098054,0.1205366802553232,-0.8660254037844386,0.5000000000000001,0.0,1.0,0.0,6.0,1.0,1.0,0.6666666666666666,0.5773502691896273,2.0,1.0,0.5714285714285714,0.7867957924694432,4.0,2.0,1.0,1.7097008285302224,14.0,6.0,0.8571428571428571,1.2971274735120237,24.0,6.0,1.0,1.45227094892479,56.0,6.0,1.0238095238095237,1.5598593578569018,86.0,8.0,1.0,-5.0,0.0,1319,0.3661865049279757,0.15921152388172857,0.3199393479909022,0.24791508718726307,0.15466262319939347,0.3009855951478393,43.28363914373089,5.3570887035633055
2022-10-08,1,0,0,0,0,0,0,0,2,0,0,0,2022,10,8,5,281,40,4,1,0,0,-0.9749279121818236,-0.2225209339563146,-0.9922222094179324,0.12447926388678869,-0.992708874098054,0.1205366802553232,-0.8660254037844386,0.5000000000000001,1.0,0.0,1.0,0.0,0.0,1.0,0.6666666666666666,0.5773502691896273,2.0,1.0,0.7142857142857143,0.7559289460184545,5.0,2.0,1.0714285714285714,1.6854255666327558,15.0,6.0,0.8571428571428571,1.2971274735120237,24.0,6.0,0.9821428571428571,1.4458853397086564,55.0,6.0,1.0357142857142858,1.5557621505844168,87.0,8.0,0.0,1.0,0.0,1319,0.3661865049279757,0.15921152388172857,0.3199393479909022,0.24791508718726307,0.15466262319939347,0.3009855951478393,43.28363914373089,5.3570887035633055
2022-10-09,3,0,1,0,0,5,0,3,6,0,0,1,2022,10,9,6,282,40,4,1,0,0,-0.7818314824680299,0.6234898018587334,-0.989932495087353,0.141540295217043,-0.992708874098054,0.1205366802553232,-0.8660254037844386,0.5000000000000001,1.0,1.0,0.0,0.0,1.0,0.0,1.6666666666666667,1.1547005383792524,5.0,3.0,1.1428571428571428,1.0690449676496978,8.0,3.0,1.2142857142857142,1.7619295117556804,17.0,6.0,0.9642857142857143,1.3466595945123128,27.0,6.0,1.0178571428571428,1.470820073398405,57.0,6.0,1.0714285714285714,1.566099554343081,90.0,8.0,2.0,3.0,3.0,1319,0.3661865049279757,0.15921152388172857,0.3199393479909022,0.24791508718726307,0.15466262319939347,0.3009855951478393,43.28363914373089,5.3570887035633055
2022-10-10,2,1,0,2,0,0,0,0,4,0,0,1,2022,10,10,0,283,41,4,0,1,0,0.0,1.0,-0.9873494423939864,0.15855938510313475,-0.9709418174260521,0.23931566428755738,-0.8660254037844386,0.5000000000000001,3.0,1.0,1.0,2.0,0.0,1.0,2.0,1.0000000000000009,6.0,3.0,1.1428571428571428,1.0690449676496978,8.0,3.0,1.3571428571428572,1.7368026705655197,19.0,6.0,1.0,1.3608276348795445,28.0,6.0,0.9821428571428571,1.4205129858108103,55.0,6.0,1.0952380952380953,1.5648168422715063,92.0,8.0,-1.0,0.0,1.0,1319,0.3661865049279757,0.15921152388172857,0.3199393479909022,0.24791508718726307,0.15466262319939347,0.3009855951478393,43.28363914373089,5.3570887035633055
2022-10-11,0,0,0,0,0,0,0,0,0,0,0,0,2022,10,11,1,284,41,4,0,0,0,0.7818314824680298,0.6234898018587336,-0.9844738167520923,0.17553149042142777,-0.9709418174260521,0.23931566428755738,-0.8660254037844386,0.5000000000000001,2.0,3.0,1.0,0.0,0.0,0.0,1.6666666666666667,1.5275252316519472,5.0,3.0,1.1428571428571428,1.0690449676496978,8.0,3.0,1.3571428571428572,1.7368026705655197,19.0,6.0,1.0,1.3608276348795445,28.0,6.0,0.9642857142857143,1.4265570213156347,54.0,6.0,1.0952380952380953,1.5648168422715063,92.0,8.0,-2.0,0.0,0.0,1319,0.3661865049279757,0.15921152388172857,0.3199393479909022,0.24791508718726307,0.15466262319939347,0.3009855951478393,43.28363914373089,5.3570887035633055
2022-10-12,0,0,0,0,0,0,0,0,0,0,0,0,2022,10,12,2,285,41,4,0,0,0,0.9749279121818236,-0.22252093395631434,-0.9813064702716093,0.19245158197082995,-0.9709418174260521,0.23931566428755738,-0.8660254037844386,0.5000000000000001,0.0,2.0,3.0,1.0,0.0,2.0,0.6666666666666666,1.1547005383792521,2.0,2.0,1.0,1.1547005383792517,7.0,3.0,1.3571428571428572,1.7368026705655197,19.0,6.0,0.9285714285714286,1.3588822048142546,26.0,6.0,0.9642857142857143,1.4265570213156347,54.0,6.0,1.0833333333333333,1.5693474457947447,91.0,8.0,0.0,-1.0,-2.0,1319,0.3661865049279757,0.15921152388172857,0.3199393479909022,0.24791508718726307,0.15466262319939347,0.3009855951478393,43.28363914373089,5.3570887035633055
2022-10-13,4,2,0,2,0,3,0,2,9,0,0,2,2022,10,13,3,286,41,4,0,0,0,0.43388373911755823,-0.900968867902419,-0.9778483415056567,0.20931464596304888,-0.9709418174260521,0.23931566428755738,-0.8660254037844386,0.5000000000000001,0.0,0.0,2.0,0.0,3.0,2.0,1.3333333333333333,2.3094010767585034,4.0,4.0,1.5714285714285714,1.5118578920369092,11.0,4.0,1.4285714285714286,1.8277470669267522,20.0,6.0,1.0,1.465656217585881,28.0,6.0,1.0357142857142858,1.4766582138462108,58.0,6.0,1.130952380952381,1.5965305901911022,95.0,8.0,4.0,4.0,2.0,1319,0.3661865049279757,0.15921152388172857,0.3199393479909022,0.24791508718726307,0.15466262319939347,0.3009855951478393,43.28363914373089,5.3570887035633055
2022-10-14,5,1,0,1,0,3,0,3,11,0,0,1,2022,10,14,4,287,41,4,0,0,1,-0.433883739117558,-0.9009688679024191,-0.9741004551724206,0.22611568550828803,-0.9709418174260521,0.23931566428755738,-0.8660254037844386,0.5000000000000001,4.0,0.0,0.0,1.0,6.0,1.0,3.0,2.6457513110645907,9.0,5.0,2.142857142857143,1.9518001458970666,15.0,5.0,1.3571428571428572,1.645840578182229,19.0,5.0,1.1428571428571428,1.6491139195267022,32.0,6.0,1.0357142857142858,1.4766582138462108,58.0,6.0,1.1904761904761905,1.646289661641804,100.0,8.0,1.0,4.0,4.0,1319,0.3661865049279757,0.15921152388172857,0.3199393479909022,0.24791508718726307,0.15466262319939347,0.3009855951478393,43.28363914373089,5.3570887035633055
2022-10-15,1,1,0,1,0,0,0,0,2,0,0,0,2022,10,15,5,288,41,4,1,0,0,-0.9749279121818236,-0.2225209339563146,-0.970063921851507,0.2428497220959358,-0.9709418174260521,0.23931566428755738,-0.8660254037844386,0.5000000000000001,5.0,4.0,0.0,1.0,0.0,0.0,3.3333333333333335,2.081665999466133,10.0,5.0,2.142857142857143,1.9518001458970666,15.0,5.0,1.4285714285714286,1.6035674514745477,20.0,5.0,1.1785714285714286,1.6342077348473552,33.0,6.0,1.0357142857142858,1.4766582138462108,58.0,6.0,1.2023809523809523,1.6411850104936252,101.0,8.0,-4.0,0.0,1.0,1319,0.3661865049279757,0.15921152388172857,0.3199393479909022,0.24791508718726307,0.15466262319939347,0.3009855951478393,43.28363914373089,5.3570887035633055
2022-10-16,4,1,2,0,0,1,0,1,8,0,0,2,2022,10,16,6,289,41,4,1,0,0,-0.7818314824680299,0.6234898018587334,-0.965739937654855,0.25951179706979943,-0.9709418174260521,0.23931566428755738,-0.8660254037844386,0.5000000000000001,1.0,5.0,4.0,3.0,0.0,0.0,3.3333333333333335,2.081665999466133,10.0,5.0,2.2857142857142856,2.0586634591635518,16.0,5.0,1.7142857142857142,1.6837947722821922,24.0,5.0,1.3214285714285714,1.7008401285415233,37.0,6.0,1.0357142857142858,1.4766582138462108,58.0,6.0,1.25,1.663752472321717,105.0,8.0,3.0,1.0,4.0,1319,0.3661865049279757,0.15921152388172857,0.3199393479909022,0.24791508718726307,0.15466262319939347,0.3009855951478393,43.28363914373089,5.3570887035633055
2022-10-17,1,1,0,1,0,0,0,0,2,0,0,0,2022,10,17,0,290,42,4,0,1,0,0.0,1.0,-0.9611297838723007,0.27609697309746883,-0.9350162426854148,0.35460488704253557,-0.8660254037844386,0.5000000000000001,4.0,1.0,5.0,2.0,2.0,1.0,2.0,1.7320508075688774,6.0,4.0,2.142857142857143,2.1157009420498154,15.0,5.0,1.6428571428571428,1.6919330254585634,23.0,5.0,1.3214285714285714,1.7008401285415233,37.0,6.0,1.0357142857142858,1.4766582138462108,58.0,6.0,1.2261904761904763,1.6526808486147841,103.0,8.0,-3.0,-1.0,0.0,1319,0.3661865049279757,0.15921152388172857,0.3199393479909022,0.24791508718726307,0.15466262319939347,0.3009855951478393,43.28363914373089,5.3570887035633055
2022-10-18,0,0,0,0,0,0,0,0,0,0,0,0,2022,10,18,1,291,42,4,0,0,0,0.7818314824680298,0.6234898018587336,-0.9562348265919058,0.2926003356333479,-0.9350162426854148,0.35460488704253557,-0.8660254037844386,0.5000000000000001,1.0,4.0,1.0,0.0,0.0,0.0,1.6666666666666667,2.081665999466133,5.0,4.0,2.142857142857143,2.1157009420498154,15.0,5.0,1.6428571428571428,1.6919330254585634,23.0,5.0,1.3214285714285714,1.7008401285415233,37.0,6.0,1.0357142857142858,1.4766582138462108,58.0,6.0,1.2261904761904763,1.6526808486147841,103.0,8.0,-1.0,0.0,0.0,1319,0.3661865049279757,0.15921152388172857,0.3199393479909022,0.24791508718726307,0.15466262319939347,0.3009855951478393,43.28363914373089,5.3570887035633055
2022-10-19,4,3,0,2,1,0,1,0,7,0,0,1,2022,10,19,2,292,42,4,0,0,0,0.9749279121818236,-0.22252093395631434,-0.9510565162951536,0.30901699437494723,-0.9350162426854148,0.35460488704253557,-0.8660254037844386,0.5000000000000001,0.0,1.0,4.0,0.0,1.0,0.0,1.6666666666666667,2.081665999466133,5.0,4.0,2.7142857142857144,1.976047040118708,19.0,5.0,1.8571428571428572,1.7913099142223305,26.0,5.0,1.4642857142857142,1.7529265023814675,41.0,6.0,1.0714285714285714,1.523836579846383,60.0,6.0,1.2619047619047619,1.6799243214383746,106.0,8.0,4.0,4.0,4.0,1319,0.3661865049279757,0.15921152388172857,0.3199393479909022,0.24791508718726307,0.15466262319939347,0.3009855951478393,43.28363914373089,5.3570887035633055
2022-10-20,0,0,0,0,0,0,0,0,0,0,0,0,2022,10,20,3,293,42,4,0,0,0,0.43388373911755823,-0.900968867902419,-0.9455963874271428,0.3253420847119795,-0.9350162426854148,0.35460488704253557,-0.8660254037844386,0.5000000000000001,4.0,0.0,1.0,4.0,0.0,1.0,1.3333333333333333,2.3094010767585034,4.0,4.0,2.142857142857143,2.1157009420498154,15.0,5.0,1.8571428571428572,1.7913099142223305,26.0,5.0,1.4285714285714286,1.7728105208558373,40.0,6.0,1.0714285714285714,1.523836579846383,60.0,6.0,1.2619047619047619,1.6799243214383746,106.0,8.0,-4.0,-4.0,-1.0,1319,0.3661865049279757,0.15921152388172857,0.3199393479909022,0.24791508718726307,0.15466262319939347,0.3009855951478393,43.28363914373089,5.3570887035633055
2022-10-21,0,0,0,0,0,0,0,0,0,0,0,0,2022,10,21,4,294,42,4,0,0,1,-0.433883739117558,-0.9009688679024191,-0.9398560579418953,0.341570769167856,-0.9350162426854148,0.35460488704253557,-0.8660254037844386,0.5000000000000001,0.0,4.0,0.0,5.0,1.0,1.0,1.3333333333333333,2.3094010767585034,4.0,4.0,1.4285714285714286,1.8126539343499315,10.0,4.0,1.7857142857142858,1.847183778644647,25.0,5.0,1.3928571428571428,1.7917358790618283,39.0,6.0,1.0357142857142858,1.52511443045236,58.0,6.0,1.25,1.6853371905298749,105.0,8.0,0.0,-5.0,-1.0,1319,0.3661865049279757,0.15921152388172857,0.3199393479909022,0.24791508718726307,0.15466262319939347,0.3009855951478393,43.28363914373089,5.3570887035633055
2022-10-22,2,1,1,0,0,0,0,0,5,0,0,1,2022,10,22,5,295,42,4,1,0,0,-0.9749279121818236,-0.2225209339563146,-0.9338372288229252,0.35769823883312546,-0.9350162426854148,0.35460488704253557,-0.8660254037844386,0.5000000000000001,0.0,0.0,4.0,1.0,1.0,0.0,0.6666666666666666,1.1547005383792517,2.0,2.0,1.5714285714285714,1.8126539343499315,11.0,4.0,1.8571428571428572,1.833749536506381,26.0,5.0,1.4642857142857142,1.7739293663574656,41.0,6.0,1.0714285714285714,1.523836579846383,60.0,6.0,1.25,1.6853371905298749,105.0,8.0,2.0,1.0,2.0,1319,0.3661865049279757,0.15921152388172857,0.3199393479909022,0.24791508718726307,0.15466262319939347,0.3009855951478393,43.28363914373089,5.3570887035633055
2022-10-23,1,0,1,0,0,0,0,0,2,0,0,1,2022,10,23,6,296,42,4,1,0,0,-0.7818314824680299,0.6234898018587334,-0.9275416835791965,0.3737197147904692,-0.9350162426854148,0.35460488704253557,-0.8660254037844386,0.5000000000000001,2.0,0.0,0.0,4.0,3.0,1.0,1.0,1.0000000000000002,3.0,2.0,1.1428571428571428,1.4638501094227998,8.0,4.0,1.7142857142857142,1.8156825980064082,24.0,5.0,1.4642857142857142,1.7739293663574656,41.0,6.0,1.0892857142857142,1.516896181672967,61.0,6.0,1.2380952380952381,1.6835064355479215,104.0,8.0,-1.0,-3.0,0.0,1319,0.3661865049279757,0.15921152388172857,0.3199393479909022,0.24791508718726307,0.15466262319939347,0.3009855951478393,43.28363914373089,5.3570887035633055
2022-10-24,1,1,0,1,0,0,0,0,2,0,0,0,2022,10,24,0,297,43,4,0,1,0,0.0,1.0,-0.9209712877166347,0.38963044953078774,-0.8854560256532101,0.464723172043768,-0.8660254037844386,0.5000000000000001,1.0,2.0,0.0,1.0,2.0,0.0,1.3333333333333333,0.5773502691896266,4.0,2.0,1.1428571428571428,1.4638501094227998,8.0,4.0,1.6428571428571428,1.8232322463624397,23.0,5.0,1.5,1.7533037597843897,42.0,6.0,1.1071428571428572,1.5097088392205895,62.0,6.0,1.2023809523809523,1.6558022254343356,101.0,8.0,0.0,0.0,1.0,1319,0.3661865049279757,0.15921152388172857,0.3199393479909022,0.24791508718726307,0.15466262319939347,0.3009855951478393,43.28363914373089,5.3570887035633055
2022-10-25,2,0,1,0,0,0,0,0,4,0,0,1,2022,10,25,1,298,43,4,0,0,0,0.7818314824680298,0.6234898018587336,-0.9141279881853337,0.4054257283599973,-0.8854560256532101,0.464723172043768,-0.8660254037844386,0.5000000000000001,1.0,1.0,2.0,0.0,0.0,0.0,1.3333333333333333,0.5773502691896266,4.0,2.0,1.4285714285714286,1.3972762620115438,10.0,4.0,1.7857142857142858,1.7619295117556797,25.0,5.0,1.5714285714285714,1.730522751861124,44.0,6.0,1.0714285714285714,1.4629626585322473,60.0,6.0,1.2142857142857142,1.6579231351914652,102.0,8.0,1.0,2.0,2.0,1319,0.3661865049279757,0.15921152388172857,0.3199393479909022,0.24791508718726307,0.15466262319939347,0.3009855951478393,43.28363914373089,5.3570887035633055
2022-10-26,3,0,0,0,0,0,0,0,6,0,0,1,2022,10,26,2,299,43,4,0,0,0,0.9749279121818236,-0.22252093395631434,-0.9070138128026362,0.42110087079608916,-0.8854560256532101,0.464723172043768,-0.8660254037844386,0.5000000000000001,2.0,1.0,1.0,4.0,0.0,0.0,2.0,1.0000000000000009,6.0,3.0,1.2857142857142858,1.1126972805283737,9.0,3.0,2.0,1.7097008285302218,28.0,5.0,1.6785714285714286,1.7224782195810835,47.0,6.0,1.125,1.4778670133306682,63.0,6.0,1.25,1.663752472321717,105.0,8.0,1.0,-1.0,3.0,1319,0.3661865049279757,0.15921152388172857,0.3199393479909022,0.24791508718726307,0.15466262319939347,0.3009855951478393,43.28363914373089,5.3570887035633055
2022-10-27,4,2,0,0,0,4,0,2,12,0,0,1,2022,10,27,3,300,43,4,0,0,0,0.43388373911755823,-0.900968867902419,-0.8996308696522434,0.4366512319560638,-0.8854560256532101,0.464723172043768,-0.8660254037844386,0.5000000000000001,3.0,2.0,1.0,0.0,4.0,3.0,3.0,1.0000000000000016,9.0,4.0,1.8571428571428572,1.3451854182690988,13.0,4.0,2.0,1.7097008285302218,28.0,5.0,1.7142857142857142,1.7608319342086862,48.0,6.0,1.1964285714285714,1.518607530327975,67.0,6.0,1.2976190476190477,1.6846562117898038,109.0,8.0,1.0,4.0,1.0,1319,0.3661865049279757,0.15921152388172857,0.3199393479909022,0.24791508718726307,0.15466262319939347,0.3009855951478393,43.28363914373089,5.3570887035633055
2022-10-28,0,0,0,0,0,0,0,0,0,0,0,0,2022,10,28,4,301,43,4,0,0,1,-0.433883739117558,-0.9009688679024191,-0.8919813464595487,0.45207220393230374,-0.8854560256532101,0.464723172043768,-0.8660254037844386,0.5000000000000001,4.0,3.0,2.0,0.0,5.0,6.0,2.3333333333333335,2.0816659994661335,7.0,4.0,1.8571428571428572,1.3451854182690988,13.0,4.0,1.6428571428571428,1.549547966698322,23.0,4.0,1.5,1.575271875417537,42.0,5.0,1.1964285714285714,1.518607530327975,67.0,6.0,1.2023809523809523,1.5191925717282393,101.0,6.0,-4.0,0.0,-6.0,1319,0.3661865049279757,0.15921152388172857,0.3199393479909022,0.24791508718726307,0.15466262319939347,0.3009855951478393,43.28363914373089,5.3570887035633055
2022-10-29,0,0,0,0,0,0,0,0,0,0,0,0,2022,10,29,5,302,43,4,1,0,0,-0.9749279121818236,-0.2225209339563146,-0.8840675099433637,0.46735921715800205,-0.8854560256532101,0.464723172043768,-0.8660254037844386,0.5000000000000001,0.0,4.0,3.0,2.0,1.0,0.0,1.3333333333333333,2.3094010767585034,4.0,4.0,1.5714285714285714,1.511857892036909,11.0,4.0,1.5714285714285714,1.6035674514745473,22.0,4.0,1.5,1.575271875417537,42.0,5.0,1.1964285714285714,1.518607530327975,67.0,6.0,1.1785714285714286,1.5222107756282957,99.0,6.0,0.0,-2.0,0.0,1319,0.3661865049279757,0.15921152388172857,0.3199393479909022,0.24791508718726307,0.15466262319939347,0.3009855951478393,43.28363914373089,5.3570887035633055
2022-10-30,0,0,0,0,0,0,0,0,0,0,0,0,2022,10,30,6,303,43,4,1,0,0,-0.7818314824680299,0.6234898018587334,-0.8758917051442433,0.48250774176121763,-0.8854560256532101,0.464723172043768,-0.8660254037844386,0.5000000000000001,0.0,0.0,4.0,1.0,4.0,0.0,0.0,0.0,0.0,0.0,1.4285714285714286,1.6183471874253743,10.0,4.0,1.2857142857142858,1.489892687336985,18.0,4.0,1.5,1.575271875417537,42.0,5.0,1.1964285714285714,1.518607530327975,67.0,6.0,1.1785714285714286,1.5222107756282957,99.0,6.0,0.0,-1.0,0.0,1319,0.3661865049279757,0.15921152388172857,0.3199393479909022,0.24791508718726307,0.15466262319939347,0.3009855951478393,43.28363914373089,5.3570887035633055
2022-10-31,0,0,0,0,0,0,0,0,0,0,0,0,2022,10,31,0,304,44,4,0,1,0,0.0,1.0,-0.8674563547295971,0.4975132889071803,-0.822983865893657,0.5680647467311548,-0.8660254037844386,0.5000000000000001,0.0,0.0,0.0,1.0,1.0,2.0,0.0,0.0,0.0,0.0,1.2857142857142858,1.7043362064926935,9.0,4.0,1.2142857142857142,1.5281246137553177,17.0,4.0,1.4285714285714286,1.596954774019776,40.0,5.0,1.1964285714285714,1.518607530327975,67.0,6.0,1.1785714285714286,1.5222107756282957,99.0,6.0,0.0,-1.0,-2.0,1319,0.3661865049279757,0.15921152388172857,0.3199393479909022,0.24791508718726307,0.15466262319939347,0.3009855951478393,43.28363914373089,5.3570887035633055
2022-11-01,0,0,0,0,0,0,0,0,0,0,0,0,2022,11,1,1,305,44,4,0,0,0,0.7818314824680298,0.6234898018587336,-0.858763958275803,0.5123714121284235,-0.822983865893657,0.5680647467311548,-0.5000000000000004,0.8660254037844384,0.0,0.0,0.0,2.0,0.0,0.0,0.0,0.0,0.0,0.0,1.0,1.7320508075688772,7.0,4.0,1.2142857142857142,1.5281246137553177,17.0,4.0,1.4285714285714286,1.596954774019776,40.0,5.0,1.1964285714285714,1.518607530327975,67.0,6.0,1.1428571428571428,1.5141330745009705,96.0,6.0,0.0,-2.0,0.0,1319,0.3661865049279757,0.15921152388172857,0.3199393479909022,0.24791508718726307,0.15466262319939347,0.3009855951478393,43.28363914373089,5.3570887035633055
2022-11-02,0,0,0,0,0,0,0,0,0,0,0,0,2022,11,2,2,306,44,4,0,0,0,0.9749279121818236,-0.22252093395631434,-0.8498170915275277,0.5270777086423724,-0.822983865893657,0.5680647467311548,-0.5000000000000004,0.8660254037844384,0.0,0.0,0.0,3.0,4.0,1.0,0.0,0.0,0.0,0.0,0.5714285714285714,1.5118578920369088,4.0,4.0,0.9285714285714286,1.3280573269766134,13.0,4.0,1.3928571428571428,1.617938462279969,39.0,5.0,1.1964285714285714,1.518607530327975,67.0,6.0,1.1428571428571428,1.5141330745009705,96.0,6.0,0.0,-3.0,-1.0,1319,0.3661865049279757,0.15921152388172857,0.3199393479909022,0.24791508718726307,0.15466262319939347,0.3009855951478393,43.28363914373089,5.3570887035633055
2022-11-03,2,0,1,0,0,1,0,1,3,0,0,2,2022,11,3,3,307,44,4,0,0,0,0.43388373911755823,-0.900968867902419,-0.8406184056344783,0.5416278206559811,-0.822983865893657,0.5680647467311548,-0.5000000000000004,0.8660254037844384,0.0,0.0,0.0,4.0,0.0,0.0,0.6666666666666666,1.1547005383792524,2.0,2.0,0.2857142857142857,0.7559289460184542,2.0,2.0,1.0714285714285714,1.3280573269766134,15.0,4.0,1.4642857142857142,1.5981967351464612,41.0,5.0,1.1607142857142858,1.4743477536528817,65.0,6.0,1.1666666666666667,1.5116681389276532,98.0,6.0,2.0,-2.0,2.0,1319,0.3661865049279757,0.15921152388172857,0.3199393479909022,0.24791508718726307,0.15466262319939347,0.3009855951478393,43.28363914373089,5.3570887035633055
2022-11-04,2,2,0,1,0,1,0,1,4,0,0,0,2022,11,4,4,308,44,4,0,0,1,-0.433883739117558,-0.9009688679024191,-0.8311706263658079,0.5560174366570446,-0.822983865893657,0.5680647467311548,-0.5000000000000004,0.8660254037844384,2.0,0.0,0.0,0.0,0.0,1.0,1.3333333333333333,1.1547005383792528,4.0,2.0,0.5714285714285714,0.9759000729485331,4.0,2.0,1.2142857142857142,1.3114039117603025,17.0,4.0,1.5,1.5986105077709076,42.0,5.0,1.1785714285714286,1.4784161409137435,66.0,6.0,1.1666666666666667,1.5116681389276532,98.0,6.0,0.0,2.0,1.0,1319,0.3661865049279757,0.15921152388172857,0.3199393479909022,0.24791508718726307,0.15466262319939347,0.3009855951478393,43.28363914373089,5.3570887035633055
2022-11-05,0,0,0,0,0,0,0,0,0,0,0,0,2022,11,5,5,309,44,4,1,0,0,-0.9749279121818236,-0.2225209339563146,-0.8214765533024145,0.5702422926917867,-0.822983865893657,0.5680647467311548,-0.5000000000000004,0.8660254037844384,2.0,2.0,0.0,0.0,2.0,1.0,1.3333333333333333,1.1547005383792528,4.0,2.0,0.5714285714285714,0.9759000729485331,4.0,2.0,1.0714285714285714,1.3280573269766134,15.0,4.0,1.4642857142857142,1.621205378200702,41.0,5.0,1.1607142857142858,1.4866287145972041,65.0,6.0,1.1428571428571428,1.5141330745009705,96.0,6.0,-2.0,0.0,-1.0,1319,0.3661865049279757,0.15921152388172857,0.3199393479909022,0.24791508718726307,0.15466262319939347,0.3009855951478393,43.28363914373089,5.3570887035633055
2022-11-06,0,0,0,0,0,0,0,0,0,0,0,0,2022,11,6,6,310,44,4,1,0,0,-0.7818314824680299,0.6234898018587334,-0.8115390590073611,0.5842981736283683,-0.822983865893657,0.5680647467311548,-0.5000000000000004,0.8660254037844384,0.0,2.0,2.0,0.0,1.0,3.0,0.6666666666666666,1.1547005383792524,2.0,2.0,0.5714285714285714,0.9759000729485331,4.0,2.0,1.0,1.358732440973516,14.0,4.0,1.3571428571428572,1.6150744900671337,38.0,5.0,1.1607142857142858,1.4866287145972041,65.0,6.0,1.130952380952381,1.5191925717282393,95.0,6.0,0.0,0.0,-3.0,1319,0.3661865049279757,0.15921152388172857,0.3199393479909022,0.24791508718726307,0.15466262319939347,0.3009855951478393,43.28363914373089,5.3570887035633055
2022-11-07,2,2,0,0,0,0,0,0,4,2,2,0,2022,11,7,0,311,45,4,0,1,0,0.0,1.0,-0.801361088174677,0.5981809144059158,-0.7485107481711011,0.6631226582407952,-0.5000000000000004,0.8660254037844384,0.0,0.0,2.0,0.0,1.0,2.0,0.6666666666666666,1.1547005383792524,2.0,2.0,0.8571428571428571,1.0690449676496976,6.0,2.0,1.0714285714285714,1.384768001357058,15.0,4.0,1.3571428571428572,1.6150744900671337,38.0,5.0,1.1785714285714286,1.4906635844743514,66.0,6.0,1.1071428571428572,1.4890593549212483,93.0,6.0,2.0,2.0,0.0,1319,0.3661865049279757,0.15921152388172857,0.3199393479909022,0.24791508718726307,0.15466262319939347,0.3009855951478393,43.28363914373089,5.3570887035633055
2022-11-08,1,1,0,1,0,0,0,0,2,0,0,0,2022,11,8,1,312,45,4,0,0,0,0.7818314824680298,0.6234898018587336,-0.7909456567567774,0.6118864012687242,-0.7485107481711011,0.6631226582407952,-0.5000000000000004,0.8660254037844384,2.0,0.0,0.0,0.0,2.0,0.0,1.0,1.000000000000001,3.0,2.0,1.0,1.0,7.0,2.0,1.0,1.358732440973516,14.0,4.0,1.3928571428571428,1.5948826896203987,39.0,5.0,1.1964285714285714,1.4822543378509379,67.0,6.0,1.1071428571428572,1.4890593549212483,93.0,6.0,-1.0,1.0,1.0,1319,0.3661865049279757,0.15921152388172857,0.3199393479909022,0.24791508718726307,0.15466262319939347,0.3009855951478393,43.28363914373089,5.3570887035633055
2022-11-09,3,0,2,0,0,2,0,2,6,0,0,2,2022,11,9,2,313,45,4,0,0,0,0.9749279121818236,-0.22252093395631434,-0.780295851070776,0.6254105729852457,-0.7485107481711011,0.6631226582407952,-0.5000000000000004,0.8660254037844384,1.0,2.0,0.0,0.0,3.0,0.0,2.0,1.0000000000000018,6.0,3.0,1.4285714285714286,1.133893419027682,10.0,3.0,1.0,1.358732440973516,14.0,4.0,1.5,1.5986105077709076,42.0,5.0,1.2142857142857142,1.4980506814376622,68.0,6.0,1.1428571428571428,1.4981342383823366,96.0,6.0,2.0,3.0,3.0,1319,0.3661865049279757,0.15921152388172857,0.3199393479909022,0.24791508718726307,0.15466262319939347,0.3009855951478393,43.28363914373089,5.3570887035633055
2022-11-10,0,0,0,0,0,0,0,0,0,0,0,0,2022,11,10,3,314,45,4,0,0,0,0.43388373911755823,-0.900968867902419,-0.7694148268839381,0.6387494220515268,-0.7485107481711011,0.6631226582407952,-0.5000000000000004,0.8660254037844384,3.0,1.0,2.0,2.0,4.0,4.0,1.3333333333333333,1.5275252316519476,4.0,3.0,1.1428571428571428,1.214985792587912,8.0,3.0,0.7142857142857143,1.0690449676496991,10.0,3.0,1.3571428571428572,1.5447470298542056,38.0,5.0,1.1785714285714286,1.5028112184973728,66.0,6.0,1.1428571428571428,1.4981342383823366,96.0,6.0,-3.0,-2.0,-4.0,1319,0.3661865049279757,0.15921152388172857,0.3199393479909022,0.24791508718726307,0.15466262319939347,0.3009855951478393,43.28363914373089,5.3570887035633055
2022-11-11,3,1,0,0,0,0,0,0,6,0,0,1,2022,11,11,4,315,45,4,0,0,1,-0.433883739117558,-0.9009688679024191,-0.7583058084785625,0.6518989958787125,-0.7485107481711011,0.6631226582407952,-0.5000000000000004,0.8660254037844384,0.0,3.0,1.0,2.0,0.0,5.0,2.0,1.7320508075688783,6.0,3.0,1.2857142857142858,1.3801311186847087,9.0,3.0,0.9285714285714286,1.206666464290758,13.0,3.0,1.2857142857142858,1.4104672946998782,36.0,4.0,1.2142857142857142,1.5221311102802928,68.0,6.0,1.119047619047619,1.4512542303396048,94.0,6.0,3.0,1.0,-2.0,1319,0.3661865049279757,0.15921152388172857,0.3199393479909022,0.24791508718726307,0.15466262319939347,0.3009855951478393,43.28363914373089,5.3570887035633055
2022-11-12,2,1,0,1,0,0,0,0,5,0,0,0,2022,11,12,5,316,45,4,1,0,0,-0.9749279121818236,-0.2225209339563146,-0.7469720876965551,0.6648553979642866,-0.7485107481711011,0.6631226582407952,-0.5000000000000004,0.8660254037844384,3.0,0.0,3.0,0.0,0.0,1.0,1.6666666666666667,1.5275252316519476,5.0,3.0,1.5714285714285714,1.272418020560704,11.0,3.0,1.0714285714285714,1.2066664642907579,15.0,3.0,1.3214285714285714,1.4156158567804538,37.0,4.0,1.25,1.51657508881031,70.0,6.0,1.130952380952381,1.4543641172886905,95.0,6.0,-1.0,2.0,1.0,1319,0.3661865049279757,0.15921152388172857,0.3199393479909022,0.24791508718726307,0.15466262319939347,0.3009855951478393,43.28363914373089,5.3570887035633055
2022-11-13,1,0,0,0,0,0,0,0,2,0,0,1,2022,11,13,6,317,45,4,1,0,0,-0.7818314824680299,0.6234898018587334,-0.7354170229639858,0.6776147890466887,-0.7485107481711011,0.6631226582407952,-0.5000000000000004,0.8660254037844384,2.0,3.0,0.0,0.0,0.0,4.0,2.0,1.0000000000000016,6.0,3.0,1.7142857142857142,1.1126972805283741,12.0,3.0,1.1428571428571428,1.167320591199078,16.0,3.0,1.2142857142857142,1.3153549825650621,34.0,4.0,1.2678571428571428,1.5074490364196718,71.0,6.0,1.0952380952380953,1.4194776539620242,92.0,6.0,-1.0,1.0,-3.0,1319,0.3661865049279757,0.15921152388172857,0.3199393479909022,0.24791508718726307,0.15466262319939347,0.3009855951478393,43.28363914373089,5.3570887035633055
2022-11-14,1,1,0,1,0,3,0,1,2,0,0,1,2022,11,14,0,318,46,4,0,1,0,0.0,1.0,-0.7236440382959124,0.690173388242972,-0.6631226582407955,0.7485107481711007,-0.5000000000000004,0.8660254037844384,1.0,2.0,3.0,2.0,0.0,1.0,1.3333333333333333,0.577350269189628,4.0,2.0,1.5714285714285714,1.1338934190276821,11.0,3.0,1.2142857142857142,1.1217137594956037,17.0,3.0,1.2142857142857142,1.3153549825650621,34.0,4.0,1.2678571428571428,1.5074490364196718,71.0,6.0,1.0952380952380953,1.4194776539620242,92.0,6.0,0.0,-1.0,0.0,1319,0.3661865049279757,0.15921152388172857,0.3199393479909022,0.24791508718726307,0.15466262319939347,0.3009855951478393,43.28363914373089,5.3570887035633055
2022-11-15,1,1,0,1,0,0,0,0,2,0,0,0,2022,11,15,1,319,46,4,0,0,0,0.7818314824680298,0.6234898018587336,-0.711656622281775,0.7025274741691566,-0.6631226582407955,0.7485107481711007,-0.5000000000000004,0.8660254037844384,1.0,1.0,2.0,1.0,0.0,0.0,1.0,0.0,3.0,1.0,1.5714285714285714,1.1338934190276821,11.0,3.0,1.2857142857142858,1.069044967649699,18.0,3.0,1.25,1.2945755775256733,35.0,4.0,1.2857142857142858,1.498050681437662,72.0,6.0,1.1071428571428572,1.4143656855986597,93.0,6.0,0.0,0.0,1.0,1319,0.3661865049279757,0.15921152388172857,0.3199393479909022,0.24791508718726307,0.15466262319939347,0.3009855951478393,43.28363914373089,5.3570887035633055
2022-11-16,0,0,0,0,0,0,0,0,0,0,0,0,2022,11,16,2,320,46,4,0,0,0,0.9749279121818236,-0.22252093395631434,-0.6994583270516471,0.7146733860429608,-0.6631226582407955,0.7485107481711007,-0.5000000000000004,0.8660254037844384,1.0,1.0,1.0,3.0,0.0,4.0,0.6666666666666666,0.5773502691896274,2.0,1.0,1.1428571428571428,1.0690449676496978,8.0,3.0,1.2857142857142858,1.069044967649699,18.0,3.0,1.1071428571428572,1.196887497862555,31.0,4.0,1.2857142857142858,1.498050681437662,72.0,6.0,1.0833333333333333,1.4159873164408234,91.0,6.0,-1.0,-3.0,-4.0,1319,0.3661865049279757,0.15921152388172857,0.3199393479909022,0.24791508718726307,0.15466262319939347,0.3009855951478393,43.28363914373089,5.3570887035633055
2022-11-17,1,0,0,1,0,1,0,1,2,0,0,0,2022,11,17,3,321,46,4,0,0,0,0.43388373911755823,-0.900968867902419,-0.6870527672236675,0.7266075247685652,-0.6631226582407955,0.7485107481711007,-0.5000000000000004,0.8660254037844384,0.0,1.0,1.0,0.0,2.0,0.0,0.6666666666666666,0.5773502691896274,2.0,1.0,1.2857142857142858,0.9511897312113422,9.0,3.0,1.2142857142857142,1.0509022810878312,17.0,3.0,1.1428571428571428,1.1773883752795384,32.0,4.0,1.2857142857142858,1.498050681437662,72.0,6.0,1.0952380952380953,1.4109643597750312,92.0,6.0,1.0,1.0,1.0,1319,0.3661865049279757,0.15921152388172857,0.3199393479909022,0.24791508718726307,0.15466262319939347,0.3009855951478393,43.28363914373089,5.3570887035633055
2022-11-18,0,0,0,0,0,0,0,0,0,0,0,0,2022,11,18,4,322,46,4,0,0,1,-0.433883739117558,-0.9009688679024191,-0.6744436188329457,0.7383263540031063,-0.6631226582407955,0.7485107481711007,-0.5000000000000004,0.8660254037844384,1.0,0.0,1.0,3.0,2.0,0.0,0.3333333333333333,0.5773502691896271,1.0,1.0,0.8571428571428571,0.6900655593423544,6.0,2.0,1.0714285714285714,1.0716117059605363,15.0,3.0,1.1428571428571428,1.1773883752795384,32.0,4.0,1.2678571428571428,1.5074490364196718,71.0,6.0,1.0714285714285714,1.4123868056635165,90.0,6.0,-1.0,-3.0,0.0,1319,0.3661865049279757,0.15921152388172857,0.3199393479909022,0.24791508718726307,0.15466262319939347,0.3009855951478393,43.28363914373089,5.3570887035633055
2022-11-19,1,1,0,1,0,0,0,0,1,0,0,1,2022,11,19,5,323,46,4,1,0,0,-0.9749279121818236,-0.2225209339563146,-0.661634618242279,0.749826401204568,-0.6631226582407955,0.7485107481711007,-0.5000000000000004,0.8660254037844384,0.0,1.0,0.0,2.0,0.0,2.0,0.6666666666666666,0.5773502691896274,2.0,1.0,0.7142857142857143,0.48795003647426666,5.0,1.0,1.1428571428571428,1.0271051820261925,16.0,3.0,1.1071428571428572,1.1655323283657186,31.0,4.0,1.2857142857142858,1.498050681437662,72.0,6.0,1.0833333333333333,1.4074529103238644,91.0,6.0,1.0,-1.0,-1.0,1319,0.3661865049279757,0.15921152388172857,0.3199393479909022,0.24791508718726307,0.15466262319939347,0.3009855951478393,43.28363914373089,5.3570887035633055
2022-11-20,1,1,0,1,0,1,0,1,2,0,0,0,2022,11,20,6,324,46,4,1,0,0,-0.7818314824680299,0.6234898018587334,-0.6486295610349818,0.7611042586607742,-0.6631226582407955,0.7485107481711007,-0.5000000000000004,0.8660254037844384,1.0,0.0,1.0,1.0,0.0,1.0,0.6666666666666666,0.5773502691896274,2.0,1.0,0.7142857142857143,0.48795003647426666,5.0,1.0,1.2142857142857142,0.9749612559222306,17.0,3.0,1.1071428571428572,1.1655323283657186,31.0,4.0,1.2857142857142858,1.498050681437662,72.0,6.0,1.0952380952380953,1.4023993864135835,92.0,6.0,0.0,0.0,0.0,1319,0.3661865049279757,0.15921152388172857,0.3199393479909022,0.24791508718726307,0.15466262319939347,0.3009855951478393,43.28363914373089,5.3570887035633055
2022-11-21,2,0,0,1,0,0,0,0,4,0,0,0,2022,11,21,0,325,47,4,0,1,0,0.0,1.0,-0.6354323008901775,0.7721565844991641,-0.5680647467311559,0.8229838658936564,-0.5000000000000004,0.8660254037844384,1.0,1.0,0.0,1.0,2.0,1.0,1.3333333333333333,0.577350269189628,4.0,2.0,0.8571428571428571,0.6900655593423544,6.0,2.0,1.2142857142857142,0.9749612559222306,17.0,3.0,1.1428571428571428,1.1773883752795384,32.0,4.0,1.3214285714285714,1.4906635844743514,74.0,6.0,1.119047619047619,1.400557220475332,94.0,6.0,1.0,1.0,1.0,1319,0.3661865049279757,0.15921152388172857,0.3199393479909022,0.24791508718726307,0.15466262319939347,0.3009855951478393,43.28363914373089,5.3570887035633055
2022-11-22,2,0,0,0,0,0,0,0,4,0,0,2,2022,11,22,1,326,47,4,0,0,0,0.7818314824680298,0.6234898018587336,-0.622046748440868,0.7829801036770624,-0.5680647467311559,0.8229838658936564,-0.5000000000000004,0.8660254037844384,2.0,1.0,1.0,1.0,1.0,2.0,1.6666666666666667,0.5773502691896282,5.0,2.0,1.0,0.8164965809277263,7.0,2.0,1.2857142857142858,0.9944903161976952,18.0,3.0,1.1428571428571428,1.1773883752795384,32.0,4.0,1.3571428571428572,1.4823638545925886,76.0,6.0,1.0952380952380953,1.3676031942213795,92.0,6.0,0.0,1.0,0.0,1319,0.3661865049279757,0.15921152388172857,0.3199393479909022,0.24791508718726307,0.15466262319939347,0.3009855951478393,43.28363914373089,5.3570887035633055
2022-11-23,0,0,0,0,0,0,0,0,0,0,0,0,2022,11,23,2,327,47,4,0,0,0,0.9749279121818236,-0.22252093395631434,-0.6084768701151264,0.7935716089521472,-0.5680647467311559,0.8229838658936564,-0.5000000000000004,0.8660254037844384,2.0,2.0,1.0,0.0,3.0,3.0,1.3333333333333333,1.1547005383792526,4.0,2.0,1.0,0.8164965809277263,7.0,2.0,1.0714285714285714,0.9168747682531915,15.0,3.0,1.0357142857142858,1.1379690439434416,29.0,4.0,1.3571428571428572,1.4823638545925886,76.0,6.0,1.0952380952380953,1.3676031942213795,92.0,6.0,-2.0,0.0,-3.0,1319,0.3661865049279757,0.15921152388172857,0.3199393479909022,0.24791508718726307,0.15466262319939347,0.3009855951478393,43.28363914373089,5.3570887035633055
2022-11-24,0,0,0,0,0,0,0,0,0,0,0,0,2022,11,24,3,328,47,4,0,0,0,0.43388373911755823,-0.900968867902419,-0.594726686960764,0.8039279618328208,-0.5680647467311559,0.8229838658936564,-0.5000000000000004,0.8660254037844384,0.0,2.0,2.0,1.0,0.0,4.0,0.6666666666666666,1.1547005383792524,2.0,2.0,0.8571428571428571,0.8997354108424375,6.0,2.0,1.0714285714285714,0.9168747682531915,15.0,3.0,0.8928571428571429,0.9940297973880078,25.0,3.0,1.3035714285714286,1.4761084322962537,73.0,6.0,1.0952380952380953,1.3676031942213795,92.0,6.0,0.0,-1.0,-4.0,1319,0.3661865049279757,0.15921152388172857,0.3199393479909022,0.24791508718726307,0.15466262319939347,0.3009855951478393,43.28363914373089,5.3570887035633055
2022-11-25,2,2,0,2,0,4,0,2,4,0,0,2,2022,11,25,4,329,47,4,0,0,1,-0.433883739117558,-0.9009688679024191,-0.5808002734538013,0.8140460935082175,-0.5680647467311559,0.8229838658936564,-0.5000000000000004,0.8660254037844384,0.0,0.0,2.0,0.0,3.0,0.0,0.6666666666666666,1.1547005383792524,2.0,2.0,1.1428571428571428,0.8997354108424376,8.0,2.0,1.0,0.7844645405527382,14.0,2.0,0.9642857142857143,0.999338405484976,27.0,3.0,1.2321428571428572,1.3347260042770974,69.0,5.0,1.119047619047619,1.3657140936729448,94.0,6.0,2.0,2.0,2.0,1319,0.3661865049279757,0.15921152388172857,0.3199393479909022,0.24791508718726307,0.15466262319939347,0.3009855951478393,43.28363914373089,5.3570887035633055
2022-11-26,0,0,0,0,0,0,0,0,0,0,0,0,2022,11,26,5,330,47,4,1,0,0,-0.9749279121818236,-0.2225209339563146,-0.5667017562911184,0.8239230057575536,-0.5680647467311559,0.8229838658936564,-0.5000000000000004,0.8660254037844384,2.0,0.0,0.0,1.0,2.0,0.0,0.6666666666666666,1.1547005383792524,2.0,2.0,1.0,1.0,7.0,2.0,0.8571428571428571,0.7703288865196454,12.0,2.0,0.9642857142857143,0.999338405484976,27.0,3.0,1.2321428571428572,1.3347260042770974,69.0,5.0,1.119047619047619,1.3657140936729448,94.0,6.0,-2.0,-1.0,0.0,1319,0.3661865049279757,0.15921152388172857,0.3199393479909022,0.24791508718726307,0.15466262319939347,0.3009855951478393,43.28363914373089,5.3570887035633055
2022-11-27,2,0,0,1,0,1,0,1,3,0,0,1,2022,11,27,6,331,47,4,1,0,0,-0.7818314824680299,0.6234898018587334,-0.5524353131676203,0.8335557718385695,-0.5680647467311559,0.8229838658936564,-0.5000000000000004,0.8660254037844384,0.0,2.0,0.0,1.0,1.0,0.0,1.3333333333333333,1.1547005383792526,4.0,2.0,1.1428571428571428,1.0690449676496978,8.0,2.0,0.9285714285714286,0.8287419301647468,13.0,2.0,1.0357142857142858,0.9993384054849758,29.0,3.0,1.2678571428571428,1.3278974690508634,71.0,5.0,1.1428571428571428,1.3634016383805347,96.0,6.0,2.0,1.0,2.0,1319,0.3661865049279757,0.15921152388172857,0.3199393479909022,0.24791508718726307,0.15466262319939347,0.3009855951478393,43.28363914373089,5.3570887035633055
2022-11-28,0,0,0,0,0,0,0,0,0,0,0,0,2022,11,28,0,332,48,4,0,1,0,0.0,1.0,-0.5380051715382992,0.8429415373547832,-0.4647231720437684,0.88545602565321,-0.5000000000000004,0.8660254037844384,2.0,0.0,2.0,2.0,1.0,0.0,0.6666666666666666,1.1547005383792524,2.0,2.0,0.8571428571428571,1.0690449676496976,6.0,2.0,0.8571428571428571,0.8644378215075683,12.0,2.0,1.0357142857142858,0.9993384054849758,29.0,3.0,1.2321428571428572,1.3347260042770974,69.0,5.0,1.1428571428571428,1.3634016383805347,96.0,6.0,-2.0,-2.0,0.0,1319,0.3661865049279757,0.15921152388172857,0.3199393479909022,0.24791508718726307,0.15466262319939347,0.3009855951478393,43.28363914373089,5.3570887035633055
2022-11-29,3,2,0,2,0,0,0,0,7,2,2,2,2022,11,29,1,333,48,4,0,0,0,0.7818314824680298,0.6234898018587336,-0.5234156073655503,0.8520775211013093,-0.4647231720437684,0.88545602565321,-0.5000000000000004,0.8660254037844384,0.0,2.0,0.0,2.0,1.0,0.0,1.6666666666666667,1.5275252316519476,5.0,3.0,1.0,1.2909944487358058,7.0,3.0,1.0,1.0377490433255432,14.0,3.0,1.1428571428571428,1.0440053112638341,32.0,3.0,1.2857142857142858,1.3445416348303267,72.0,5.0,1.1785714285714286,1.3723668262093274,99.0,6.0,3.0,1.0,3.0,1319,0.3661865049279757,0.15921152388172857,0.3199393479909022,0.24791508718726307,0.15466262319939347,0.3009855951478393,43.28363914373089,5.3570887035633055
2022-11-30,1,1,0,0,0,0,0,0,2,0,0,0,2022,11,30,2,334,48,4,0,0,0,0.9749279121818236,-0.22252093395631434,-0.5086709438521042,0.8609610158889945,-0.4647231720437684,0.88545602565321,-0.5000000000000004,0.8660254037844384,3.0,0.0,2.0,0.0,0.0,0.0,1.3333333333333333,1.5275252316519474,4.0,3.0,1.1428571428571428,1.214985792587912,8.0,3.0,1.0714285714285714,0.9972489631508762,15.0,3.0,1.1785714285714286,1.0202966681339776,33.0,3.0,1.2857142857142858,1.3445416348303267,72.0,5.0,1.1904761904761905,1.3663440840625696,100.0,6.0,-2.0,1.0,1.0,1319,0.3661865049279757,0.15921152388172857,0.3199393479909022,0.24791508718726307,0.15466262319939347,0.3009855951478393,43.28363914373089,5.3570887035633055
2022-12-01,1,0,0,0,0,1,0,1,2,0,0,0,2022,12,1,3,335,48,4,0,0,0,0.43388373911755823,-0.900968867902419,-0.49377555015997737,0.8695893893466109,-0.4647231720437684,0.88545602565321,-2.4492935982947064e-16,1.0,1.0,3.0,0.0,0.0,1.0,2.0,1.6666666666666667,1.1547005383792526,5.0,3.0,1.2857142857142858,1.1126972805283737,9.0,3.0,1.0714285714285714,0.9972489631508762,15.0,3.0,1.1428571428571428,1.0079052613579418,32.0,3.0,1.3035714285714286,1.333752639696021,73.0,5.0,1.1547619047619047,1.330767036893789,97.0,6.0,0.0,1.0,-1.0,1319,0.3661865049279757,0.15921152388172857,0.3199393479909022,0.24791508718726307,0.15466262319939347,0.3009855951478393,43.28363914373089,5.3570887035633055
2022-12-02,2,0,2,0,0,0,0,0,4,2,2,2,2022,12,2,4,336,48,4,0,0,1,-0.433883739117558,-0.9009688679024191,-0.4787338401157883,0.8779600847008883,-0.4647231720437684,0.88545602565321,-2.4492935982947064e-16,1.0,1.0,1.0,3.0,2.0,0.0,2.0,1.3333333333333333,0.5773502691896277,4.0,2.0,1.2857142857142858,1.1126972805283737,9.0,3.0,1.2142857142857142,0.9749612559222308,17.0,3.0,1.1428571428571428,1.0079052613579418,32.0,3.0,1.3214285714285714,1.3363062095621219,74.0,5.0,1.1666666666666667,1.3338352468965025,98.0,6.0,1.0,0.0,0.0,1319,0.3661865049279757,0.15921152388172857,0.3199393479909022,0.24791508718726307,0.15466262319939347,0.3009855951478393,43.28363914373089,5.3570887035633055
2022-12-03,2,2,0,1,0,2,0,1,4,1,1,1,2022,12,3,5,337,48,4,1,0,0,-0.9749279121818236,-0.2225209339563146,-0.4635502709028512,0.8860706215341378,-0.4647231720437684,0.88545602565321,-2.4492935982947064e-16,1.0,2.0,1.0,1.0,0.0,1.0,0.0,1.6666666666666667,0.5773502691896281,5.0,2.0,1.5714285714285714,0.9759000729485334,11.0,3.0,1.2857142857142858,0.9944903161976953,18.0,3.0,1.2142857142857142,0.9946949227868787,34.0,3.0,1.3392857142857142,1.3386123848534783,75.0,5.0,1.1785714285714286,1.336789124548516,99.0,6.0,0.0,2.0,2.0,1319,0.3661865049279757,0.15921152388172857,0.3199393479909022,0.24791508718726307,0.15466262319939347,0.3009855951478393,43.28363914373089,5.3570887035633055
2022-12-04,0,0,0,0,0,0,0,0,0,0,0,0,2022,12,4,6,338,48,4,1,0,0,-0.7818314824680299,0.6234898018587334,-0.4482293417404106,0.893918596519257,-0.4647231720437684,0.88545602565321,-2.4492935982947064e-16,1.0,2.0,2.0,1.0,2.0,1.0,0.0,1.3333333333333333,1.1547005383792526,4.0,2.0,1.2857142857142858,1.1126972805283737,9.0,3.0,1.2142857142857142,1.0509022810878315,17.0,3.0,1.2142857142857142,0.9946949227868787,34.0,3.0,1.2857142857142858,1.3309502512973848,72.0,5.0,1.1785714285714286,1.336789124548516,99.0,6.0,-2.0,-2.0,0.0,1319,0.3661865049279757,0.15921152388172857,0.3199393479909022,0.24791508718726307,0.15466262319939347,0.3009855951478393,43.28363914373089,5.3570887035633055
2022-12-05,2,1,0,1,0,0,0,0,4,1,2,1,2022,12,5,0,339,49,4,0,1,0,0.0,1.0,-0.4327755925504317,0.9015016841318838,-0.35460488704253595,0.9350162426854147,-2.4492935982947064e-16,1.0,0.0,2.0,2.0,0.0,2.0,2.0,1.3333333333333333,1.1547005383792526,4.0,2.0,1.5714285714285714,0.9759000729485334,11.0,3.0,1.2142857142857142,1.0509022810878315,17.0,3.0,1.2142857142857142,0.9946949227868787,34.0,3.0,1.2857142857142858,1.3309502512973848,72.0,5.0,1.1904761904761905,1.3396294261572028,100.0,6.0,2.0,2.0,0.0,1319,0.3661865049279757,0.15921152388172857,0.3199393479909022,0.24791508718726307,0.15466262319939347,0.3009855951478393,43.28363914373089,5.3570887035633055
2022-12-06,3,1,0,0,0,2,0,1,7,3,3,0,2022,12,6,1,340,49,4,0,0,0,0.7818314824680298,0.6234898018587336,-0.41719360261231697,0.9088176373395028,-0.35460488704253595,0.9350162426854147,-2.4492935982947064e-16,1.0,2.0,0.0,2.0,3.0,2.0,1.0,1.6666666666666667,1.5275252316519474,5.0,3.0,1.5714285714285714,0.9759000729485334,11.0,3.0,1.2857142857142858,1.138728807356387,18.0,3.0,1.2857142857142858,1.0490610566259264,36.0,3.0,1.3392857142857142,1.3386123848534783,75.0,5.0,1.2261904761904763,1.3474759132450842,103.0,6.0,1.0,0.0,2.0,1319,0.3661865049279757,0.15921152388172857,0.3199393479909022,0.24791508718726307,0.15466262319939347,0.3009855951478393,43.28363914373089,5.3570887035633055
2022-12-07,3,1,0,1,0,0,0,0,6,3,3,0,2022,12,7,2,341,49,4,0,0,0,0.9749279121818236,-0.22252093395631434,-0.4014879892059737,0.9158642882672868,-0.35460488704253595,0.9350162426854147,-2.4492935982947064e-16,1.0,3.0,2.0,0.0,1.0,0.0,3.0,2.6666666666666665,0.5773502691896281,8.0,3.0,1.8571428571428572,1.0690449676496978,13.0,3.0,1.5,1.160238702230644,21.0,3.0,1.2857142857142858,1.0490610566259264,36.0,3.0,1.3928571428571428,1.344058594888447,78.0,5.0,1.2380952380952381,1.358764921280481,104.0,6.0,0.0,2.0,0.0,1319,0.3661865049279757,0.15921152388172857,0.3199393479909022,0.24791508718726307,0.15466262319939347,0.3009855951478393,43.28363914373089,5.3570887035633055
2022-12-08,3,2,0,0,0,3,0,1,8,3,3,0,2022,12,8,3,342,49,4,0,0,0,0.43388373911755823,-0.900968867902419,-0.38566340624360745,0.9226395488404875,-0.35460488704253595,0.9350162426854147,-2.4492935982947064e-16,1.0,3.0,3.0,2.0,1.0,0.0,0.0,3.0,0.0,9.0,3.0,2.142857142857143,1.069044967649698,15.0,3.0,1.7142857142857142,1.138728807356387,24.0,3.0,1.3928571428571428,1.0659471779799365,39.0,3.0,1.375,1.3151218401902747,77.0,5.0,1.25,1.369856205627578,105.0,6.0,0.0,2.0,3.0,1319,0.3661865049279757,0.15921152388172857,0.3199393479909022,0.24791508718726307,0.15466262319939347,0.3009855951478393,43.28363914373089,5.3570887035633055
2022-12-09,1,0,1,0,0,0,0,0,2,0,0,1,2022,12,9,4,343,49,4,0,0,1,-0.433883739117558,-0.9009688679024191,-0.3697245428906732,0.9291414114031743,-0.35460488704253595,0.9350162426854147,-2.4492935982947064e-16,1.0,3.0,3.0,3.0,2.0,2.0,3.0,2.3333333333333335,1.1547005383792528,7.0,3.0,2.0,1.1547005383792517,14.0,3.0,1.6428571428571428,1.1507283885330313,23.0,3.0,1.3214285714285714,1.0202966681339776,37.0,3.0,1.3035714285714286,1.2198307312848835,73.0,4.0,1.25,1.369856205627578,105.0,6.0,-2.0,-1.0,-2.0,1319,0.3661865049279757,0.15921152388172857,0.3199393479909022,0.24791508718726307,0.15466262319939347,0.3009855951478393,43.28363914373089,5.3570887035633055
2022-12-10,4,1,1,1,0,4,0,2,8,4,4,2,2022,12,10,5,344,49,4,1,0,0,-0.9749279121818236,-0.2225209339563146,-0.3536761221763721,0.935367949313148,-0.35460488704253595,0.9350162426854147,-2.4492935982947064e-16,1.0,1.0,3.0,3.0,2.0,0.0,2.0,2.6666666666666665,1.5275252316519476,8.0,4.0,2.2857142857142856,1.3801311186847087,16.0,4.0,1.9285714285714286,1.2066664642907579,27.0,4.0,1.3928571428571428,1.1333099904225405,39.0,4.0,1.3571428571428572,1.2710564171524472,76.0,4.0,1.2976190476190477,1.3951703433135798,109.0,6.0,3.0,2.0,2.0,1319,0.3661865049279757,0.15921152388172857,0.3199393479909022,0.24791508718726307,0.15466262319939347,0.3009855951478393,43.28363914373089,5.3570887035633055
2022-12-11,1,1,0,1,0,0,0,0,2,0,0,1,2022,12,11,6,345,49,4,1,0,0,-0.7818314824680299,0.6234898018587334,-0.33752289959411347,0.941317317512847,-0.35460488704253595,0.9350162426854147,-2.4492935982947064e-16,1.0,4.0,1.0,3.0,0.0,2.0,1.0,2.0,1.732050807568878,6.0,4.0,2.4285714285714284,1.1338934190276821,17.0,4.0,1.8571428571428572,1.2314558524297652,26.0,4.0,1.3928571428571428,1.1333099904225405,39.0,4.0,1.3035714285714286,1.2198307312848835,73.0,4.0,1.3095238095238095,1.388213643467101,110.0,6.0,-3.0,1.0,0.0,1319,0.3661865049279757,0.15921152388172857,0.3199393479909022,0.24791508718726307,0.15466262319939347,0.3009855951478393,43.28363914373089,5.3570887035633055
2022-12-12,0,0,0,0,0,0,0,0,0,0,0,0,2022,12,12,0,346,50,4,0,1,0,0.0,1.0,-0.32126966169236515,0.9469877530760751,-0.2393156642875578,0.970941817426052,-2.4492935982947064e-16,1.0,1.0,4.0,1.0,2.0,0.0,1.0,1.6666666666666667,2.0816659994661335,5.0,4.0,2.142857142857143,1.4638501094228,15.0,4.0,1.8571428571428572,1.2314558524297652,26.0,4.0,1.3571428571428572,1.161553420728618,38.0,4.0,1.2857142857142858,1.2316180888908368,72.0,4.0,1.2976190476190477,1.3951703433135798,109.0,6.0,-1.0,-2.0,-1.0,1319,0.3661865049279757,0.15921152388172857,0.3199393479909022,0.24791508718726307,0.15466262319939347,0.3009855951478393,43.28363914373089,5.3570887035633055
2022-12-13,3,0,1,0,1,6,1,1,6,3,3,3,2022,12,13,1,347,50,4,0,0,0,0.7818314824680298,0.6234898018587336,-0.3049212246562894,0.9523775757303973,-0.2393156642875578,0.970941817426052,-2.4492935982947064e-16,1.0,0.0,1.0,4.0,3.0,3.0,1.0,1.3333333333333333,1.5275252316519474,4.0,3.0,2.142857142857143,1.4638501094228,15.0,4.0,1.8571428571428572,1.2314558524297652,26.0,4.0,1.4285714285714286,1.1996472144565848,40.0,4.0,1.3392857142857142,1.239894214172186,75.0,4.0,1.3333333333333333,1.3999426264778563,112.0,6.0,3.0,0.0,2.0,1319,0.3661865049279757,0.15921152388172857,0.3199393479909022,0.24791508718726307,0.15466262319939347,0.3009855951478393,43.28363914373089,5.3570887035633055
2022-12-14,0,0,0,0,0,0,0,0,0,0,0,0,2022,12,14,2,348,50,4,0,0,0,0.9749279121818236,-0.22252093395631434,-0.2884824328806098,0.9574851883550389,-0.2393156642875578,0.970941817426052,-2.4492935982947064e-16,1.0,3.0,0.0,1.0,3.0,1.0,0.0,1.0,1.7320508075688779,3.0,3.0,1.7142857142857142,1.6035674514745462,12.0,4.0,1.7857142857142858,1.3114039117603022,25.0,4.0,1.4285714285714286,1.1996472144565848,40.0,4.0,1.2678571428571428,1.1983484305655687,71.0,4.0,1.3333333333333333,1.3999426264778563,112.0,6.0,-3.0,-3.0,0.0,1319,0.3661865049279757,0.15921152388172857,0.3199393479909022,0.24791508718726307,0.15466262319939347,0.3009855951478393,43.28363914373089,5.3570887035633055
2022-12-15,2,2,0,2,0,2,0,2,4,0,0,2,2022,12,15,3,349,50,4,0,0,0,0.43388373911755823,-0.900968867902419,-0.27195815753410524,0.9623090774541487,-0.2393156642875578,0.970941817426052,-2.4492935982947064e-16,1.0,0.0,3.0,0.0,3.0,1.0,1.0,1.6666666666666667,1.5275252316519476,5.0,3.0,1.5714285714285714,1.5118578920369088,11.0,4.0,1.8571428571428572,1.2924123453177292,26.0,4.0,1.4642857142857142,1.2013000012992998,41.0,4.0,1.3035714285714286,1.1896468973017753,73.0,4.0,1.3452380952380953,1.40132508391894,113.0,6.0,2.0,-1.0,1.0,1319,0.3661865049279757,0.15921152388172857,0.3199393479909022,0.24791508718726307,0.15466262319939347,0.3009855951478393,43.28363914373089,5.3570887035633055
2022-12-16,0,0,0,0,0,0,0,0,0,0,0,0,2022,12,16,4,350,50,4,0,0,1,-0.433883739117558,-0.9009688679024191,-0.2553532951161881,0.9668478136052773,-0.2393156642875578,0.970941817426052,-2.4492935982947064e-16,1.0,2.0,0.0,3.0,1.0,2.0,0.0,0.6666666666666666,1.1547005383792524,2.0,2.0,1.4285714285714286,1.6183471874253739,10.0,4.0,1.7142857142857142,1.382782669868232,24.0,4.0,1.4642857142857142,1.2013000012992998,41.0,4.0,1.3035714285714286,1.1896468973017753,73.0,4.0,1.3333333333333333,1.4085225390358107,112.0,6.0,-2.0,-1.0,0.0,1319,0.3661865049279757,0.15921152388172857,0.3199393479909022,0.24791508718726307,0.15466262319939347,0.3009855951478393,43.28363914373089,5.3570887035633055
2022-12-17,3,1,1,1,0,0,0,0,6,0,0,2,2022,12,17,5,351,50,4,1,0,0,-0.9749279121818236,-0.2225209339563146,-0.23867276600594997,0.9711000518829505,-0.2393156642875578,0.970941817426052,-2.4492935982947064e-16,1.0,0.0,2.0,0.0,4.0,2.0,1.0,1.6666666666666667,1.5275252316519476,5.0,3.0,1.2857142857142858,1.380131118684708,9.0,3.0,1.7857142857142858,1.4238934396479712,25.0,4.0,1.5357142857142858,1.2317450089997406,43.0,4.0,1.3214285714285714,1.207659537469712,74.0,4.0,1.369047619047619,1.4123360286936213,115.0,6.0,3.0,-1.0,2.0,1319,0.3661865049279757,0.15921152388172857,0.3199393479909022,0.24791508718726307,0.15466262319939347,0.3009855951478393,43.28363914373089,5.3570887035633055
2022-12-18,0,0,0,0,0,0,0,0,0,0,0,0,2022,12,18,6,352,50,4,1,0,0,-0.7818314824680299,0.6234898018587334,-0.22192151300416674,0.9750645322571945,-0.2393156642875578,0.970941817426052,-2.4492935982947064e-16,1.0,3.0,0.0,2.0,1.0,0.0,1.0,1.0,1.7320508075688779,3.0,3.0,1.1428571428571428,1.4638501094227994,8.0,3.0,1.7857142857142858,1.4238934396479712,25.0,4.0,1.5,1.2619796324000623,42.0,4.0,1.3035714285714286,1.2198307312848835,73.0,4.0,1.3571428571428572,1.4196797292216377,114.0,6.0,-3.0,-1.0,-1.0,1319,0.3661865049279757,0.15921152388172857,0.3199393479909022,0.24791508718726307,0.15466262319939347,0.3009855951478393,43.28363914373089,5.3570887035633055
2022-12-19,1,1,0,0,0,1,0,1,2,0,0,0,2022,12,19,0,353,51,4,0,1,0,0.0,1.0,-0.20510449986861926,0.9787400799669153,-0.12053668025532363,0.992708874098054,-2.4492935982947064e-16,1.0,0.0,3.0,0.0,0.0,2.0,2.0,1.3333333333333333,1.5275252316519474,4.0,3.0,1.2857142857142858,1.380131118684708,9.0,3.0,1.7142857142857142,1.4373357526806565,24.0,4.0,1.4642857142857142,1.2614554456142497,41.0,4.0,1.3035714285714286,1.2198307312848835,73.0,4.0,1.369047619047619,1.4123360286936213,115.0,6.0,1.0,1.0,-1.0,1319,0.3661865049279757,0.15921152388172857,0.3199393479909022,0.24791508718726307,0.15466262319939347,0.3009855951478393,43.28363914373089,5.3570887035633055
2022-12-20,0,0,0,0,0,0,0,0,0,0,0,0,2022,12,20,1,354,51,4,0,0,0,0.7818314824680298,0.6234898018587336,-0.1882267098432439,0.9821256058680006,-0.12053668025532363,0.992708874098054,-2.4492935982947064e-16,1.0,1.0,0.0,3.0,3.0,3.0,2.0,0.3333333333333333,0.5773502691896272,1.0,1.0,0.8571428571428571,1.2149857925879113,6.0,3.0,1.5,1.4544361847068503,21.0,4.0,1.3928571428571428,1.2863754913562016,39.0,4.0,1.2678571428571428,1.2283184577975836,71.0,4.0,1.369047619047619,1.4123360286936213,115.0,6.0,-1.0,-3.0,-2.0,1319,0.3661865049279757,0.15921152388172857,0.3199393479909022,0.24791508718726307,0.15466262319939347,0.3009855951478393,43.28363914373089,5.3570887035633055
2022-12-21,0,0,0,0,0,0,0,0,0,0,0,0,2022,12,21,2,355,51,4,0,0,0,0.9749279121818236,-0.22252093395631434,-0.1712931441814778,0.9852201067560606,-0.12053668025532363,0.992708874098054,-2.4492935982947064e-16,1.0,0.0,1.0,0.0,0.0,3.0,0.0,0.3333333333333333,0.5773502691896272,1.0,1.0,0.8571428571428571,1.2149857925879113,6.0,3.0,1.2857142857142858,1.4373357526806567,18.0,4.0,1.3928571428571428,1.2863754913562016,39.0,4.0,1.2142857142857142,1.216765992506152,68.0,4.0,1.369047619047619,1.4123360286936213,115.0,6.0,0.0,0.0,0.0,1319,0.3661865049279757,0.15921152388172857,0.3199393479909022,0.24791508718726307,0.15466262319939347,0.3009855951478393,43.28363914373089,5.3570887035633055
2022-12-22,2,0,0,0,0,2,0,1,4,1,1,0,2022,12,22,3,356,51,4,0,0,0,0.43388373911755823,-0.900968867902419,-0.154308820664281,0.9880226656636976,-0.12053668025532363,0.992708874098054,-2.4492935982947064e-16,1.0,0.0,0.0,1.0,2.0,3.0,0.0,0.6666666666666666,1.1547005383792524,2.0,2.0,0.8571428571428571,1.2149857925879113,6.0,3.0,1.2142857142857142,1.36880472443164,17.0,4.0,1.4642857142857142,1.2614554456142497,41.0,4.0,1.1785714285714286,1.1616155342240608,66.0,4.0,1.3571428571428572,1.4026039221670832,114.0,6.0,2.0,0.0,2.0,1319,0.3661865049279757,0.15921152388172857,0.3199393479909022,0.24791508718726307,0.15466262319939347,0.3009855951478393,43.28363914373089,5.3570887035633055
2022-12-23,0,0,0,0,0,0,0,0,0,0,0,0,2022,12,23,4,357,51,4,0,0,1,-0.433883739117558,-0.9009688679024191,-0.13727877211326517,0.9905324521322227,-0.12053668025532363,0.992708874098054,-2.4492935982947064e-16,1.0,2.0,0.0,0.0,0.0,1.0,2.0,0.6666666666666666,1.1547005383792524,2.0,2.0,0.8571428571428571,1.2149857925879113,6.0,3.0,1.1428571428571428,1.4064216928154878,16.0,4.0,1.3928571428571428,1.2863754913562016,39.0,4.0,1.1785714285714286,1.1616155342240608,66.0,4.0,1.2857142857142858,1.313245116747414,108.0,5.0,-2.0,0.0,-2.0,1319,0.3661865049279757,0.15921152388172857,0.3199393479909022,0.24791508718726307,0.15466262319939347,0.3009855951478393,43.28363914373089,5.3570887035633055
2022-12-24,0,0,0,0,0,0,0,0,0,0,0,0,2022,12,24,5,358,51,4,1,0,0,-0.9749279121818236,-0.2225209339563146,-0.12020804489935275,0.9927487224577402,-0.12053668025532363,0.992708874098054,-2.4492935982947064e-16,1.0,0.0,2.0,0.0,3.0,4.0,0.0,0.6666666666666666,1.1547005383792524,2.0,2.0,0.42857142857142855,0.7867957924694419,3.0,2.0,0.8571428571428571,1.167320591199079,12.0,3.0,1.3928571428571428,1.2863754913562016,39.0,4.0,1.1785714285714286,1.1616155342240608,66.0,4.0,1.2857142857142858,1.313245116747414,108.0,5.0,0.0,-3.0,0.0,1319,0.3661865049279757,0.15921152388172857,0.3199393479909022,0.24791508718726307,0.15466262319939347,0.3009855951478393,43.28363914373089,5.3570887035633055
2022-12-25,0,0,0,0,0,0,0,0,0,0,0,0,2022,12,25,6,359,51,4,1,0,0,-0.7818314824680299,0.6234898018587334,-0.10310169744743544,0.9946708199115211,-0.12053668025532363,0.992708874098054,-2.4492935982947064e-16,1.0,0.0,0.0,2.0,0.0,1.0,2.0,0.0,0.0,0.0,0.0,0.42857142857142855,0.7867957924694419,3.0,2.0,0.7857142857142857,1.1883130530663695,11.0,3.0,1.3214285714285714,1.3067792306552635,37.0,4.0,1.1785714285714286,1.1616155342240608,66.0,4.0,1.2857142857142858,1.313245116747414,108.0,5.0,0.0,0.0,-2.0,1319,0.3661865049279757,0.15921152388172857,0.3199393479909022,0.24791508718726307,0.15466262319939347,0.3009855951478393,43.28363914373089,5.3570887035633055
2022-12-26,0,0,0,0,0,0,0,0,0,0,0,0,2022,12,26,0,360,52,4,0,1,0,0.0,1.0,-0.0859647987374467,0.9962981749346077,6.432490598706546e-16,1.0,-2.4492935982947064e-16,1.0,0.0,0.0,0.0,1.0,0.0,0.0,0.0,0.0,0.0,0.0,0.2857142857142857,0.755928946018453,2.0,2.0,0.7857142857142857,1.1883130530663695,11.0,3.0,1.3214285714285714,1.3067792306552635,37.0,4.0,1.1785714285714286,1.1616155342240608,66.0,4.0,1.2619047619047619,1.3182596012783647,106.0,5.0,0.0,-1.0,0.0,1319,0.3661865049279757,0.15921152388172857,0.3199393479909022,0.24791508718726307,0.15466262319939347,0.3009855951478393,43.28363914373089,5.3570887035633055
2022-12-27,0,0,0,0,0,0,0,0,0,0,0,0,2022,12,27,1,361,52,4,0,0,0,0.7818314824680298,0.6234898018587336,-0.06880242680232064,0.9976303053065857,6.432490598706546e-16,1.0,-2.4492935982947064e-16,1.0,0.0,0.0,0.0,0.0,3.0,3.0,0.0,0.0,0.0,0.0,0.2857142857142857,0.755928946018453,2.0,2.0,0.5714285714285714,1.0163498575623642,8.0,3.0,1.2142857142857142,1.2868895275371002,34.0,4.0,1.1785714285714286,1.1616155342240608,66.0,4.0,1.2619047619047619,1.3182596012783647,106.0,5.0,0.0,0.0,-3.0,1319,0.3661865049279757,0.15921152388172857,0.3199393479909022,0.24791508718726307,0.15466262319939347,0.3009855951478393,43.28363914373089,5.3570887035633055
2022-12-28,1,1,0,1,0,8,0,1,2,0,0,1,2022,12,28,2,362,52,4,0,0,0,0.9749279121818236,-0.22252093395631434,-0.05161966722325418,0.9986668162884759,6.432490598706546e-16,1.0,-2.4492935982947064e-16,1.0,0.0,0.0,0.0,0.0,0.0,1.0,0.3333333333333333,0.5773502691896271,1.0,1.0,0.42857142857142855,0.7867957924694419,3.0,2.0,0.6428571428571429,1.008208072018629,9.0,3.0,1.2142857142857142,1.2868895275371002,34.0,4.0,1.1964285714285714,1.1508043488580717,67.0,4.0,1.2619047619047619,1.3182596012783647,106.0,5.0,1.0,1.0,0.0,1319,0.3661865049279757,0.15921152388172857,0.3199393479909022,0.24791508718726307,0.15466262319939347,0.3009855951478393,43.28363914373089,5.3570887035633055
2022-12-29,0,0,0,0,0,0,0,0,0,0,0,0,2022,12,29,3,363,52,4,0,0,0,0.43388373911755823,-0.900968867902419,-0.034421611622745804,0.9994074007397048,6.432490598706546e-16,1.0,-2.4492935982947064e-16,1.0,1.0,0.0,0.0,2.0,2.0,1.0,0.3333333333333333,0.5773502691896271,1.0,1.0,0.14285714285714285,0.377964473009224,1.0,1.0,0.5,0.9405399431259628,7.0,3.0,1.1785714285714286,1.3067792306552635,33.0,4.0,1.1607142857142858,1.1564331638005125,65.0,4.0,1.2619047619047619,1.3182596012783647,106.0,5.0,-1.0,-2.0,-1.0,1319,0.3661865049279757,0.15921152388172857,0.3199393479909022,0.24791508718726307,0.15466262319939347,0.3009855951478393,43.28363914373089,5.3570887035633055
2022-12-30,1,0,1,0,0,0,0,0,2,0,0,1,2022,12,30,4,364,52,4,0,0,1,-0.433883739117558,-0.9009688679024191,-0.01721335615583528,0.9998518392091162,6.432490598706546e-16,1.0,-2.4492935982947064e-16,1.0,0.0,1.0,0.0,0.0,0.0,2.0,0.6666666666666666,0.5773502691896274,2.0,1.0,0.2857142857142857,0.48795003647426427,2.0,1.0,0.5714285714285714,0.9376144618769934,8.0,3.0,1.1428571428571428,1.2971274735120244,32.0,4.0,1.1428571428571428,1.150945404732703,64.0,4.0,1.2619047619047619,1.3182596012783647,106.0,5.0,1.0,1.0,-1.0,1319,0.3661865049279757,0.15921152388172857,0.3199393479909022,0.24791508718726307,0.15466262319939347,0.3009855951478393,43.28363914373089,5.3570887035633055
2022-12-31,0,0,0,0,0,0,0,0,0,0,0,0,2022,12,31,5,365,52,4,1,0,0,-0.9749279121818236,-0.2225209339563146,6.432490598706546e-16,1.0,6.432490598706546e-16,1.0,-2.4492935982947064e-16,1.0,1.0,0.0,1.0,0.0,3.0,2.0,0.3333333333333333,0.5773502691896271,1.0,1.0,0.2857142857142857,0.48795003647426427,2.0,1.0,0.35714285714285715,0.6333236937766548,5.0,2.0,1.0714285714285714,1.3032316365146694,30.0,4.0,1.1428571428571428,1.150945404732703,64.0,4.0,1.25,1.3251505938517107,105.0,5.0,-1.0,0.0,-2.0,1319,0.3661865049279757,0.15921152388172857,0.3199393479909022,0.24791508718726307,0.15466262319939347,0.3009855951478393,43.28363914373089,5.3570887035633055
2023-01-01,0,0,0,0,0,0,0,0,0,0,0,0,2023,1,1,6,1,52,1,1,0,0,-0.7818314824680299,0.6234898018587334,0.017213356155834685,0.9998518392091162,6.432490598706546e-16,1.0,0.49999999999999994,0.8660254037844387,0.0,1.0,0.0,0.0,0.0,0.0,0.3333333333333333,0.5773502691896271,1.0,1.0,0.2857142857142857,0.48795003647426427,2.0,1.0,0.35714285714285715,0.6333236937766548,5.0,2.0,1.0714285714285714,1.3032316365146694,30.0,4.0,1.1428571428571428,1.150945404732703,64.0,4.0,1.2142857142857142,1.3178243166037016,102.0,5.0,0.0,0.0,0.0,1319,0.3661865049279757,0.15921152388172857,0.3199393479909022,0.24791508718726307,0.15466262319939347,0.3009855951478393,43.28363914373089,5.3570887035633055
2023-01-02,0,0,0,0,0,0,0,0,0,0,0,0,2023,1,2,0,2,1,1,0,1,0,0.0,1.0,0.03442161162274574,0.9994074007397048,0.12053668025532305,0.992708874098054,0.49999999999999994,0.8660254037844387,0.0,0.0,1.0,0.0,1.0,2.0,0.0,0.0,0.0,0.0,0.2857142857142857,0.48795003647426427,2.0,1.0,0.2857142857142857,0.6112498455021307,4.0,2.0,1.0,1.305260013830083,28.0,4.0,1.1071428571428572,1.154887974552612,62.0,4.0,1.1904761904761905,1.3215196662713493,100.0,5.0,0.0,0.0,-2.0,1319,0.3661865049279757,0.15921152388172857,0.3199393479909022,0.24791508718726307,0.15466262319939347,0.3009855951478393,43.28363914373089,5.3570887035633055
2023-01-03,0,0,0,0,0,0,0,0,0,0,0,0,2023,1,3,1,3,1,1,0,0,0,0.7818314824680298,0.6234898018587336,0.051619667223253764,0.998666816288476,0.12053668025532305,0.992708874098054,0.49999999999999994,0.8660254037844387,0.0,0.0,0.0,0.0,0.0,3.0,0.0,0.0,0.0,0.0,0.2857142857142857,0.48795003647426427,2.0,1.0,0.2857142857142857,0.6112498455021307,4.0,2.0,0.8928571428571429,1.2572540835836787,25.0,4.0,1.0892857142857142,1.1642677872892822,61.0,4.0,1.1904761904761905,1.3215196662713493,100.0,5.0,0.0,0.0,-3.0,1319,0.3661865049279757,0.15921152388172857,0.3199393479909022,0.24791508718726307,0.15466262319939347,0.3009855951478393,43.28363914373089,5.3570887035633055
2023-01-04,3,3,0,2,0,0,0,0,6,0,0,0,2023,1,4,2,4,1,1,0,0,0,0.9749279121818236,-0.22252093395631434,0.06880242680231986,0.9976303053065857,0.12053668025532305,0.992708874098054,0.49999999999999994,0.8660254037844387,0.0,0.0,0.0,1.0,0.0,3.0,1.0,1.7320508075688779,3.0,3.0,0.5714285714285714,1.1338934190276808,4.0,3.0,0.5,0.9405399431259628,7.0,3.0,0.8928571428571429,1.2572540835836787,25.0,4.0,1.0892857142857142,1.1642677872892822,61.0,4.0,1.2261904761904763,1.3294730406034325,103.0,5.0,3.0,2.0,0.0,1319,0.3661865049279757,0.15921152388172857,0.3199393479909022,0.24791508718726307,0.15466262319939347,0.3009855951478393,43.28363914373089,5.3570887035633055
2023-01-05,0,0,0,0,0,0,0,0,0,0,0,0,2023,1,5,3,5,1,1,0,0,0,0.43388373911755823,-0.900968867902419,0.08596479873744647,0.9962981749346078,0.12053668025532305,0.992708874098054,0.49999999999999994,0.8660254037844387,3.0,0.0,0.0,0.0,2.0,3.0,1.0,1.7320508075688779,3.0,3.0,0.5714285714285714,1.1338934190276808,4.0,3.0,0.35714285714285715,0.8418973861410984,5.0,3.0,0.7857142857142857,1.1974399500026875,22.0,4.0,1.0892857142857142,1.1642677872892822,61.0,4.0,1.1785714285714286,1.3002382940609434,99.0,5.0,-3.0,0.0,-3.0,1319,0.3661865049279757,0.15921152388172857,0.3199393479909022,0.24791508718726307,0.15466262319939347,0.3009855951478393,43.28363914373089,5.3570887035633055
2023-01-06,1,1,0,1,0,1,0,1,2,0,0,1,2023,1,6,4,6,1,1,0,0,1,-0.433883739117558,-0.9009688679024191,0.10310169744743485,0.9946708199115211,0.12053668025532305,0.992708874098054,0.49999999999999994,0.8660254037844387,0.0,3.0,0.0,1.0,0.0,1.0,1.3333333333333333,1.5275252316519474,4.0,3.0,0.5714285714285714,1.1338934190276808,4.0,3.0,0.42857142857142855,0.851630627252643,6.0,3.0,0.7857142857142857,1.1974399500026875,22.0,4.0,1.0535714285714286,1.1348951550636799,59.0,4.0,1.130952380952381,1.2299452618318816,95.0,4.0,1.0,0.0,0.0,1319,0.3661865049279757,0.15921152388172857,0.3199393479909022,0.24791508718726307,0.15466262319939347,0.3009855951478393,43.28363914373089,5.3570887035633055
2023-01-07,1,0,0,0,0,0,0,0,2,0,0,0,2023,1,7,5,7,1,1,1,0,0,-0.9749279121818236,-0.2225209339563146,0.1202080448993527,0.9927487224577402,0.12053668025532305,0.992708874098054,0.49999999999999994,0.8660254037844387,1.0,0.0,3.0,0.0,0.0,4.0,0.6666666666666666,0.5773502691896267,2.0,1.0,0.7142857142857143,1.1126972805283728,5.0,3.0,0.5,0.8548504142651131,7.0,3.0,0.6785714285714286,1.0202966681339778,19.0,3.0,1.0357142857142858,1.1275764148954928,58.0,4.0,1.130952380952381,1.2299452618318816,95.0,4.0,0.0,1.0,-3.0,1319,0.3661865049279757,0.15921152388172857,0.3199393479909022,0.24791508718726307,0.15466262319939347,0.3009855951478393,43.28363914373089,5.3570887035633055
2023-01-08,0,0,0,0,0,0,0,0,0,0,0,0,2023,1,8,6,8,1,1,1,0,0,-0.7818314824680299,0.6234898018587334,0.13727877211326478,0.9905324521322229,0.12053668025532305,0.992708874098054,0.49999999999999994,0.8660254037844387,1.0,1.0,0.0,0.0,0.0,1.0,0.6666666666666666,0.5773502691896268,2.0,1.0,0.7142857142857143,1.1126972805283728,5.0,3.0,0.5,0.8548504142651131,7.0,3.0,0.6428571428571429,1.0261140545329541,18.0,3.0,1.0178571428571428,1.1360389146435155,57.0,4.0,1.0833333333333333,1.1944483359732376,91.0,4.0,-1.0,0.0,-1.0,1319,0.3661865049279757,0.15921152388172857,0.3199393479909022,0.24791508718726307,0.15466262319939347,0.3009855951478393,43.28363914373089,5.3570887035633055
2023-01-09,3,0,0,2,0,17,0,3,8,0,0,0,2023,1,9,0,9,2,1,0,1,0,0.0,1.0,0.15430882066428117,0.9880226656636976,0.23931566428755774,0.970941817426052,0.49999999999999994,0.8660254037844387,0.0,1.0,1.0,0.0,0.0,0.0,1.3333333333333333,1.5275252316519472,4.0,3.0,1.1428571428571428,1.345185418269098,8.0,3.0,0.7142857142857143,1.0690449676496996,10.0,3.0,0.75,1.1097213530799013,21.0,3.0,1.0535714285714286,1.16649658624202,59.0,4.0,1.1071428571428572,1.2125633223346548,93.0,4.0,3.0,3.0,3.0,1319,0.3661865049279757,0.15921152388172857,0.3199393479909022,0.24791508718726307,0.15466262319939347,0.3009855951478393,43.28363914373089,5.3570887035633055
2023-01-10,1,0,0,1,0,0,0,0,2,0,0,0,2023,1,10,1,10,2,1,0,0,0,0.7818314824680298,0.6234898018587336,0.1712931441814776,0.9852201067560606,0.23931566428755774,0.970941817426052,0.49999999999999994,0.8660254037844387,3.0,0.0,1.0,0.0,0.0,3.0,1.3333333333333333,1.5275252316519472,4.0,3.0,1.2857142857142858,1.2535663410560172,9.0,3.0,0.7857142857142857,1.0509022810878321,11.0,3.0,0.6785714285714286,1.0202966681339778,19.0,3.0,1.0535714285714286,1.16649658624202,59.0,4.0,1.119047619047619,1.2064561456762715,94.0,4.0,-2.0,1.0,-2.0,1319,0.3661865049279757,0.15921152388172857,0.3199393479909022,0.24791508718726307,0.15466262319939347,0.3009855951478393,43.28363914373089,5.3570887035633055
2023-01-11,1,1,0,1,0,0,0,0,2,0,0,1,2023,1,11,2,11,2,1,0,0,0,0.9749279121818236,-0.22252093395631434,0.1882267098432442,0.9821256058680006,0.23931566428755774,0.970941817426052,0.49999999999999994,0.8660254037844387,1.0,3.0,0.0,3.0,1.0,0.0,1.6666666666666667,1.1547005383792524,5.0,3.0,1.0,0.9999999999999993,7.0,3.0,0.7857142857142857,1.0509022810878321,11.0,3.0,0.7142857142857143,1.0131411680782851,20.0,3.0,1.0714285714285714,1.157695875547521,60.0,4.0,1.0833333333333333,1.1637945139425303,91.0,4.0,0.0,-2.0,1.0,1319,0.3661865049279757,0.15921152388172857,0.3199393479909022,0.24791508718726307,0.15466262319939347,0.3009855951478393,43.28363914373089,5.3570887035633055
2023-01-12,0,0,0,0,0,0,0,0,0,0,0,0,2023,1,12,3,12,2,1,0,0,0,0.43388373911755823,-0.900968867902419,0.2051044998686192,0.9787400799669153,0.23931566428755774,0.970941817426052,0.49999999999999994,0.8660254037844387,1.0,1.0,3.0,0.0,0.0,2.0,0.6666666666666666,0.5773502691896264,2.0,1.0,1.0,0.9999999999999993,7.0,3.0,0.7857142857142857,1.0509022810878321,11.0,3.0,0.6428571428571429,0.9893613995077757,18.0,3.0,1.0535714285714286,1.16649658624202,59.0,4.0,1.0833333333333333,1.1637945139425303,91.0,4.0,-1.0,0.0,-2.0,1319,0.3661865049279757,0.15921152388172857,0.3199393479909022,0.24791508718726307,0.15466262319939347,0.3009855951478393,43.28363914373089,5.3570887035633055
2023-01-13,1,1,0,1,0,1,0,1,2,0,0,1,2023,1,13,4,13,2,1,0,0,1,-0.433883739117558,-0.9009688679024191,0.2219215130041655,0.9750645322571948,0.23931566428755774,0.970941817426052,0.49999999999999994,0.8660254037844387,0.0,1.0,1.0,1.0,1.0,0.0,0.6666666666666666,0.5773502691896264,2.0,1.0,1.0,0.9999999999999993,7.0,3.0,0.7857142857142857,1.0509022810878321,11.0,3.0,0.6785714285714286,0.9833266074561506,19.0,3.0,1.0714285714285714,1.157695875547521,60.0,4.0,1.0952380952380953,1.1576778545505693,92.0,4.0,1.0,0.0,1.0,1319,0.3661865049279757,0.15921152388172857,0.3199393479909022,0.24791508718726307,0.15466262319939347,0.3009855951478393,43.28363914373089,5.3570887035633055
2023-01-14,0,0,0,0,0,0,0,0,0,0,0,0,2023,1,14,5,14,2,1,1,0,0,-0.9749279121818236,-0.2225209339563146,0.2386727660059501,0.9711000518829505,0.23931566428755774,0.970941817426052,0.49999999999999994,0.8660254037844387,1.0,0.0,1.0,1.0,0.0,3.0,0.3333333333333333,0.5773502691896261,1.0,1.0,0.8571428571428571,1.069044967649697,6.0,3.0,0.7857142857142857,1.0509022810878321,11.0,3.0,0.5714285714285714,0.8789122666607734,16.0,3.0,1.0535714285714286,1.16649658624202,59.0,4.0,1.0714285714285714,1.159411091534766,90.0,4.0,-1.0,-1.0,-3.0,1319,0.3661865049279757,0.15921152388172857,0.3199393479909022,0.24791508718726307,0.15466262319939347,0.3009855951478393,43.28363914373089,5.3570887035633055
2023-01-15,2,0,0,0,0,0,0,0,4,0,0,2,2023,1,15,6,15,2,1,1,0,0,-0.7818314824680299,0.6234898018587334,0.255353295116187,0.9668478136052775,0.23931566428755774,0.970941817426052,0.49999999999999994,0.8660254037844387,0.0,1.0,0.0,0.0,0.0,0.0,1.0,1.0000000000000007,3.0,2.0,1.1428571428571428,1.069044967649697,8.0,3.0,0.9285714285714286,1.071611705960537,13.0,3.0,0.6428571428571429,0.9114207758701995,18.0,3.0,1.0714285714285714,1.1732959458821024,60.0,4.0,1.0833333333333333,1.1637945139425303,91.0,4.0,2.0,2.0,2.0,1319,0.3661865049279757,0.15921152388172857,0.3199393479909022,0.24791508718726307,0.15466262319939347,0.3009855951478393,43.28363914373089,5.3570887035633055
2023-01-16,0,0,0,0,0,0,0,0,0,0,0,0,2023,1,16,0,16,3,1,0,1,0,0.0,1.0,0.2719581575341055,0.9623090774541486,0.3546048870425356,0.9350162426854148,0.49999999999999994,0.8660254037844387,2.0,0.0,1.0,3.0,0.0,1.0,0.6666666666666666,1.154700538379252,2.0,2.0,0.7142857142857143,0.7559289460184536,5.0,2.0,0.9285714285714286,1.071611705960537,13.0,3.0,0.6071428571428571,0.9164862737363259,17.0,3.0,1.0357142857142858,1.1749550972354141,58.0,4.0,1.0714285714285714,1.1697565835318073,90.0,4.0,-2.0,-3.0,-1.0,1319,0.3661865049279757,0.15921152388172857,0.3199393479909022,0.24791508718726307,0.15466262319939347,0.3009855951478393,43.28363914373089,5.3570887035633055
2023-01-17,1,0,0,0,0,0,0,0,3,1,1,0,2023,1,17,1,17,3,1,0,0,0,0.7818314824680298,0.6234898018587336,0.288482432880609,0.9574851883550393,0.3546048870425356,0.9350162426854148,0.49999999999999994,0.8660254037844387,0.0,2.0,0.0,1.0,0.0,0.0,1.0,1.0000000000000007,3.0,2.0,0.7142857142857143,0.7559289460184536,5.0,2.0,1.0,1.0377490433255436,14.0,3.0,0.6428571428571429,0.9114207758701995,18.0,3.0,1.0178571428571428,1.1676093902978382,57.0,4.0,1.0595238095238095,1.1652725052426443,89.0,4.0,1.0,0.0,1.0,1319,0.3661865049279757,0.15921152388172857,0.3199393479909022,0.24791508718726307,0.15466262319939347,0.3009855951478393,43.28363914373089,5.3570887035633055
2023-01-18,4,2,0,0,0,2,0,2,8,1,1,1,2023,1,18,2,18,3,1,0,0,0,0.9749279121818236,-0.22252093395631434,0.30492122465628907,0.9523775757303974,0.3546048870425356,0.9350162426854148,0.49999999999999994,0.8660254037844387,1.0,0.0,2.0,1.0,3.0,0.0,1.6666666666666667,2.0816659994661335,5.0,4.0,1.1428571428571428,1.4638501094227994,8.0,4.0,1.0714285714285714,1.2066664642907583,15.0,4.0,0.7857142857142857,1.1007452982594188,22.0,4.0,1.0892857142857142,1.2251424512986342,61.0,4.0,1.0714285714285714,1.190177816882983,90.0,4.0,3.0,3.0,4.0,1319,0.3661865049279757,0.15921152388172857,0.3199393479909022,0.24791508718726307,0.15466262319939347,0.3009855951478393,43.28363914373089,5.3570887035633055
2023-01-19,4,2,0,2,0,0,0,0,8,0,0,1,2023,1,19,3,19,3,1,0,0,0,0.43388373911755823,-0.900968867902419,0.3212696616923644,0.9469877530760753,0.3546048870425356,0.9350162426854148,0.49999999999999994,0.8660254037844387,4.0,1.0,0.0,0.0,0.0,2.0,3.0,1.7320508075688787,9.0,4.0,1.7142857142857142,1.704336206492693,12.0,4.0,1.3571428571428572,1.3926810257774187,19.0,4.0,0.8571428571428571,1.238705588262013,24.0,4.0,1.1607142857142858,1.2760277243252802,65.0,4.0,1.0714285714285714,1.190177816882983,90.0,4.0,0.0,4.0,2.0,1319,0.3661865049279757,0.15921152388172857,0.3199393479909022,0.24791508718726307,0.15466262319939347,0.3009855951478393,43.28363914373089,5.3570887035633055
2023-01-20,1,1,0,1,0,0,0,0,2,0,0,0,2023,1,20,4,20,3,1,0,0,1,-0.433883739117558,-0.9009688679024191,0.3375228995941133,0.9413173175128471,0.3546048870425356,0.9350162426854148,0.49999999999999994,0.8660254037844387,4.0,4.0,1.0,1.0,1.0,0.0,3.0,1.7320508075688787,9.0,4.0,1.7142857142857142,1.704336206492693,12.0,4.0,1.3571428571428572,1.3926810257774187,19.0,4.0,0.8928571428571429,1.2274419565151589,25.0,4.0,1.1428571428571428,1.2710564171524472,64.0,4.0,1.0833333333333333,1.1843185558653835,91.0,4.0,-3.0,0.0,1.0,1319,0.3661865049279757,0.15921152388172857,0.3199393479909022,0.24791508718726307,0.15466262319939347,0.3009855951478393,43.28363914373089,5.3570887035633055
2023-01-21,1,0,0,0,0,0,0,0,2,0,0,1,2023,1,21,5,21,3,1,1,0,0,-0.9749279121818236,-0.2225209339563146,0.3536761221763716,0.9353679493131483,0.3546048870425356,0.9350162426854148,0.49999999999999994,0.8660254037844387,1.0,4.0,4.0,0.0,1.0,0.0,2.0,1.732050807568878,6.0,4.0,1.8571428571428572,1.573591584938886,13.0,4.0,1.3571428571428572,1.3926810257774187,19.0,4.0,0.9285714285714286,1.2149857925879137,26.0,4.0,1.1607142857142858,1.2616985047479121,65.0,4.0,1.0952380952380953,1.178308442641886,92.0,4.0,0.0,1.0,1.0,1319,0.3661865049279757,0.15921152388172857,0.3199393479909022,0.24791508718726307,0.15466262319939347,0.3009855951478393,43.28363914373089,5.3570887035633055
2023-01-22,3,1,2,1,0,0,0,0,5,2,2,3,2023,1,22,6,22,3,1,1,0,0,-0.7818314824680299,0.6234898018587334,0.3697245428906731,0.9291414114031743,0.3546048870425356,0.9350162426854148,0.49999999999999994,0.8660254037844387,1.0,1.0,4.0,2.0,0.0,0.0,1.6666666666666667,1.1547005383792526,5.0,3.0,2.0,1.6329931618554518,14.0,4.0,1.5714285714285714,1.3985864135061372,22.0,4.0,1.0357142857142858,1.26145544561425,29.0,4.0,1.1785714285714286,1.2807262550052376,66.0,4.0,1.130952380952381,1.190117559291527,95.0,4.0,2.0,1.0,3.0,1319,0.3661865049279757,0.15921152388172857,0.3199393479909022,0.24791508718726307,0.15466262319939347,0.3009855951478393,43.28363914373089,5.3570887035633055
2023-01-23,2,0,0,1,0,0,0,0,4,0,0,0,2023,1,23,0,23,4,1,0,1,0,0.0,1.0,0.38566340624360707,0.9226395488404876,0.4647231720437685,0.8854560256532099,0.49999999999999994,0.8660254037844387,3.0,1.0,1.0,0.0,3.0,0.0,2.0,1.0000000000000016,6.0,3.0,2.2857142857142856,1.3801311186847083,16.0,4.0,1.5,1.3445044840729656,21.0,4.0,1.1071428571428572,1.2572540835836783,31.0,4.0,1.2142857142857142,1.2751368655850346,68.0,4.0,1.1547619047619047,1.1872215982496883,97.0,4.0,-1.0,2.0,2.0,1319,0.3661865049279757,0.15921152388172857,0.3199393479909022,0.24791508718726307,0.15466262319939347,0.3009855951478393,43.28363914373089,5.3570887035633055
2023-01-24,2,1,1,1,0,0,0,0,3,2,2,2,2023,1,24,1,24,4,1,0,0,0,0.7818314824680298,0.6234898018587336,0.401487989205973,0.9158642882672872,0.4647231720437685,0.8854560256532099,0.49999999999999994,0.8660254037844387,2.0,3.0,1.0,1.0,1.0,0.0,2.3333333333333335,0.5773502691896293,7.0,3.0,2.4285714285714284,1.2724180205607034,17.0,4.0,1.5714285714285714,1.3424596091494916,22.0,4.0,1.1785714285714286,1.248808956375559,33.0,4.0,1.1964285714285714,1.25654132598021,67.0,4.0,1.1785714285714286,1.183834023348074,99.0,4.0,0.0,1.0,2.0,1319,0.3661865049279757,0.15921152388172857,0.3199393479909022,0.24791508718726307,0.15466262319939347,0.3009855951478393,43.28363914373089,5.3570887035633055
2023-01-25,0,0,0,0,0,0,0,0,0,0,0,0,2023,1,25,2,25,4,1,0,0,0,0.9749279121818236,-0.22252093395631434,0.4171936026123168,0.9088176373395029,0.4647231720437685,0.8854560256532099,0.49999999999999994,0.8660254037844387,2.0,2.0,3.0,4.0,1.0,1.0,1.3333333333333333,1.1547005383792524,4.0,2.0,1.8571428571428572,1.3451854182690983,13.0,4.0,1.5,1.4005493427717801,21.0,4.0,1.1428571428571428,1.2682529749484575,32.0,4.0,1.1785714285714286,1.26645019795336,66.0,4.0,1.1785714285714286,1.183834023348074,99.0,4.0,-2.0,-4.0,-1.0,1319,0.3661865049279757,0.15921152388172857,0.3199393479909022,0.24791508718726307,0.15466262319939347,0.3009855951478393,43.28363914373089,5.3570887035633055
2023-01-26,0,0,0,0,0,0,0,0,0,0,0,0,2023,1,26,3,26,4,1,0,0,0,0.43388373911755823,-0.900968867902419,0.4327755925504312,0.901501684131884,0.4647231720437685,0.8854560256532099,0.49999999999999994,0.8660254037844387,0.0,2.0,2.0,4.0,0.0,0.0,0.6666666666666666,1.1547005383792517,2.0,2.0,1.2857142857142858,1.1126972805283732,9.0,3.0,1.5,1.4005493427717801,21.0,4.0,1.1428571428571428,1.2682529749484575,32.0,4.0,1.1607142857142858,1.2760277243252804,65.0,4.0,1.1547619047619047,1.1872215982496883,97.0,4.0,0.0,-4.0,0.0,1319,0.3661865049279757,0.15921152388172857,0.3199393479909022,0.24791508718726307,0.15466262319939347,0.3009855951478393,43.28363914373089,5.3570887035633055
2023-01-27,1,0,0,0,0,0,0,0,2,0,0,0,2023,1,27,4,27,4,1,0,0,1,-0.433883739117558,-0.9009688679024191,0.4482293417404106,0.893918596519257,0.4647231720437685,0.8854560256532099,0.49999999999999994,0.8660254037844387,0.0,0.0,2.0,1.0,1.0,1.0,0.3333333333333333,0.5773502691896253,1.0,1.0,1.2857142857142858,1.1126972805283732,9.0,3.0,1.5,1.4005493427717801,21.0,4.0,1.1428571428571428,1.2682529749484575,32.0,4.0,1.1428571428571428,1.2710564171524472,64.0,4.0,1.1428571428571428,1.1836522725182093,96.0,4.0,1.0,0.0,0.0,1319,0.3661865049279757,0.15921152388172857,0.3199393479909022,0.24791508718726307,0.15466262319939347,0.3009855951478393,43.28363914373089,5.3570887035633055
2023-01-28,2,0,0,0,0,2,0,2,4,2,2,2,2023,1,28,5,28,4,1,1,0,0,-0.9749279121818236,-0.2225209339563146,0.4635502709028509,0.886070621534138,0.4647231720437685,0.8854560256532099,0.49999999999999994,0.8660254037844387,1.0,0.0,0.0,1.0,0.0,0.0,1.0,1.0000000000000007,3.0,2.0,1.4285714285714286,1.1338934190276815,10.0,3.0,1.6428571428571428,1.3363062095621232,23.0,4.0,1.2142857142857142,1.2577800213115908,34.0,4.0,1.1428571428571428,1.2710564171524472,64.0,4.0,1.1666666666666667,1.1804974786880125,98.0,4.0,1.0,1.0,2.0,1319,0.3661865049279757,0.15921152388172857,0.3199393479909022,0.24791508718726307,0.15466262319939347,0.3009855951478393,43.28363914373089,5.3570887035633055
2023-01-29,1,0,0,0,0,0,0,0,2,1,1,0,2023,1,29,6,29,4,1,1,0,0,-0.7818314824680299,0.6234898018587334,0.47873384011578846,0.8779600847008882,0.4647231720437685,0.8854560256532099,0.49999999999999994,0.8660254037844387,2.0,1.0,0.0,3.0,2.0,0.0,1.3333333333333333,0.5773502691896276,4.0,2.0,1.1428571428571428,0.899735410842437,8.0,2.0,1.5714285714285714,1.3424596091494916,22.0,4.0,1.25,1.236033081182612,35.0,4.0,1.1607142857142858,1.2616985047479121,65.0,4.0,1.1785714285714286,1.1736126317036297,99.0,4.0,-1.0,-2.0,1.0,1319,0.3661865049279757,0.15921152388172857,0.3199393479909022,0.24791508718726307,0.15466262319939347,0.3009855951478393,43.28363914373089,5.3570887035633055
2023-01-30,1,1,0,1,0,0,0,0,1,0,0,1,2023,1,30,0,30,5,1,0,1,0,0.0,1.0,0.49377555015997715,0.869589389346611,0.5680647467311558,0.8229838658936564,0.49999999999999994,0.8660254037844387,1.0,2.0,1.0,2.0,0.0,0.0,1.3333333333333333,0.5773502691896276,4.0,2.0,1.0,0.8164965809277257,7.0,2.0,1.6428571428571428,1.2774459408789616,23.0,4.0,1.2857142857142858,1.2128064441201962,36.0,4.0,1.1428571428571428,1.2566705133887641,64.0,4.0,1.1666666666666667,1.170246944728584,98.0,4.0,0.0,-1.0,1.0,1319,0.3661865049279757,0.15921152388172857,0.3199393479909022,0.24791508718726307,0.15466262319939347,0.3009855951478393,43.28363914373089,5.3570887035633055
2023-01-31,4,1,2,1,0,1,0,1,8,1,4,2,2023,1,31,1,31,5,1,0,0,0,0.7818314824680298,0.6234898018587336,0.5086709438521044,0.8609610158889943,0.5680647467311558,0.8229838658936564,0.49999999999999994,0.8660254037844387,1.0,1.0,2.0,2.0,1.0,0.0,2.0,1.7320508075688783,6.0,4.0,1.2857142857142858,1.380131118684708,9.0,4.0,1.8571428571428572,1.4064216928154876,26.0,4.0,1.4285714285714286,1.2889436222642419,40.0,4.0,1.1607142857142858,1.2901978102641432,65.0,4.0,1.2023809523809523,1.210195263591111,101.0,4.0,3.0,2.0,4.0,1319,0.3661865049279757,0.15921152388172857,0.3199393479909022,0.24791508718726307,0.15466262319939347,0.3009855951478393,43.28363914373089,5.3570887035633055
2023-02-01,0,0,0,0,0,0,0,0,0,0,0,0,2023,2,1,2,32,5,1,0,0,0,0.9749279121818236,-0.22252093395631434,0.5234156073655503,0.8520775211013093,0.5680647467311558,0.8229838658936564,0.8660254037844386,0.5000000000000001,4.0,1.0,1.0,0.0,4.0,3.0,1.6666666666666667,2.0816659994661335,5.0,4.0,1.2857142857142858,1.380131118684708,9.0,4.0,1.5714285714285714,1.3424596091494918,22.0,4.0,1.3214285714285714,1.2781227967601108,37.0,4.0,1.1071428571428572,1.2746275238968148,62.0,4.0,1.1666666666666667,1.2007360527081261,98.0,4.0,-4.0,0.0,-3.0,1319,0.3661865049279757,0.15921152388172857,0.3199393479909022,0.24791508718726307,0.15466262319939347,0.3009855951478393,43.28363914373089,5.3570887035633055
2023-02-02,1,0,0,1,0,0,0,0,2,0,0,0,2023,2,2,3,33,5,1,0,0,0,0.43388373911755823,-0.900968867902419,0.5380051715382996,0.8429415373547828,0.5680647467311558,0.8229838658936564,0.8660254037844386,0.5000000000000001,0.0,4.0,1.0,0.0,4.0,0.0,1.6666666666666667,2.0816659994661335,5.0,4.0,1.4285714285714286,1.2724180205607032,10.0,4.0,1.3571428571428572,1.150728388533032,19.0,4.0,1.3571428571428572,1.253566341056019,38.0,4.0,1.0714285714285714,1.2483755678647188,60.0,4.0,1.1785714285714286,1.1939679143003203,99.0,4.0,1.0,1.0,1.0,1319,0.3661865049279757,0.15921152388172857,0.3199393479909022,0.24791508718726307,0.15466262319939347,0.3009855951478393,43.28363914373089,5.3570887035633055
2023-02-03,0,0,0,0,0,0,0,0,0,0,0,0,2023,2,3,4,34,5,1,0,0,1,-0.433883739117558,-0.9009688679024191,0.5524353131676196,0.8335557718385699,0.5680647467311558,0.8229838658936564,0.8660254037844386,0.5000000000000001,1.0,0.0,4.0,1.0,1.0,1.0,0.3333333333333333,0.5773502691896237,1.0,1.0,1.2857142857142858,1.380131118684708,9.0,4.0,1.2857142857142858,1.2043875831929913,18.0,4.0,1.3214285714285714,1.2781227967601108,37.0,4.0,1.0535714285714286,1.25654132598021,59.0,4.0,1.1428571428571428,1.1836522725182093,96.0,4.0,-1.0,-1.0,-1.0,1319,0.3661865049279757,0.15921152388172857,0.3199393479909022,0.24791508718726307,0.15466262319939347,0.3009855951478393,43.28363914373089,5.3570887035633055
2023-02-04,0,0,0,0,0,0,0,0,0,0,0,0,2023,2,4,5,35,5,1,1,0,0,-0.9749279121818236,-0.2225209339563146,0.5667017562911176,0.8239230057575542,0.5680647467311558,0.8229838658936564,0.8660254037844386,0.5000000000000001,0.0,1.0,0.0,2.0,1.0,1.0,0.3333333333333333,0.5773502691896237,1.0,1.0,1.0,1.414213562373095,7.0,4.0,1.2142857142857142,1.2513728724621092,17.0,4.0,1.2857142857142858,1.3012000972647122,36.0,4.0,0.9821428571428571,1.1983484305655687,55.0,4.0,1.119047619047619,1.1863151606363749,94.0,4.0,0.0,-2.0,-1.0,1319,0.3661865049279757,0.15921152388172857,0.3199393479909022,0.24791508718726307,0.15466262319939347,0.3009855951478393,43.28363914373089,5.3570887035633055
2023-02-05,0,0,0,0,0,0,0,0,0,0,0,0,2023,2,5,6,36,5,1,1,0,0,-0.7818314824680299,0.6234898018587334,0.5808002734538009,0.8140460935082178,0.5680647467311558,0.8229838658936564,0.8660254037844386,0.5000000000000001,0.0,0.0,1.0,1.0,3.0,0.0,0.0,0.0,0.0,0.0,0.8571428571428571,1.4638501094227996,6.0,4.0,1.0,1.1766968108291063,14.0,4.0,1.2857142857142858,1.3012000972647122,36.0,4.0,0.9642857142857143,1.2055068449605562,54.0,4.0,1.1071428571428572,1.1925254880240164,93.0,4.0,0.0,-1.0,0.0,1319,0.3661865049279757,0.15921152388172857,0.3199393479909022,0.24791508718726307,0.15466262319939347,0.3009855951478393,43.28363914373089,5.3570887035633055
2023-02-06,2,0,0,2,0,4,0,2,4,0,0,0,2023,2,6,0,37,6,1,0,1,0,0.0,1.0,0.5947266869607634,0.8039279618328213,0.6631226582407952,0.7485107481711011,0.8660254037844386,0.5000000000000001,0.0,0.0,0.0,1.0,2.0,3.0,0.6666666666666666,1.154700538379251,2.0,2.0,1.0,1.5275252316519465,7.0,4.0,1.0,1.1766968108291063,14.0,4.0,1.25,1.2656428610993922,35.0,4.0,1.0,1.2060453783110547,56.0,4.0,1.119047619047619,1.1964280362386517,94.0,4.0,2.0,1.0,-1.0,1319,0.3661865049279757,0.15921152388172857,0.3199393479909022,0.24791508718726307,0.15466262319939347,0.3009855951478393,43.28363914373089,5.3570887035633055
2023-02-07,0,0,0,0,0,0,0,0,0,0,0,0,2023,2,7,1,38,6,1,0,0,0,0.7818314824680298,0.6234898018587336,0.6084768701151261,0.7935716089521474,0.6631226582407952,0.7485107481711011,0.8660254037844386,0.5000000000000001,2.0,0.0,0.0,4.0,2.0,1.0,0.6666666666666666,1.154700538379251,2.0,2.0,0.42857142857142855,0.7867957924694428,3.0,2.0,0.8571428571428571,1.167320591199079,12.0,4.0,1.2142857142857142,1.2868895275370997,34.0,4.0,0.9464285714285714,1.1819805083324864,53.0,4.0,1.1071428571428572,1.2025861404195075,93.0,4.0,-2.0,-4.0,-1.0,1319,0.3661865049279757,0.15921152388172857,0.3199393479909022,0.24791508718726307,0.15466262319939347,0.3009855951478393,43.28363914373089,5.3570887035633055
2023-02-08,1,1,0,1,0,1,0,1,2,0,0,0,2023,2,8,2,39,6,1,0,0,0,0.9749279121818236,-0.22252093395631434,0.6220467484408675,0.7829801036770629,0.6631226582407952,0.7485107481711011,0.8660254037844386,0.5000000000000001,0.0,2.0,0.0,0.0,0.0,1.0,1.0,0.9999999999999999,3.0,2.0,0.5714285714285714,0.7867957924694428,4.0,2.0,0.9285714285714286,1.1411388181101398,13.0,4.0,1.2142857142857142,1.2868895275370997,34.0,4.0,0.9642857142857143,1.1749550972354141,54.0,4.0,1.119047619047619,1.1964280362386517,94.0,4.0,1.0,1.0,0.0,1319,0.3661865049279757,0.15921152388172857,0.3199393479909022,0.24791508718726307,0.15466262319939347,0.3009855951478393,43.28363914373089,5.3570887035633055
2023-02-09,2,2,0,2,0,0,0,0,4,0,0,0,2023,2,9,3,40,6,1,0,0,0,0.43388373911755823,-0.900968867902419,0.6354323008901774,0.7721565844991642,0.6631226582407952,0.7485107481711011,0.8660254037844386,0.5000000000000001,1.0,0.0,2.0,1.0,0.0,0.0,1.0,0.9999999999999999,3.0,2.0,0.7142857142857143,0.9511897312113415,5.0,2.0,1.0714285714285714,1.1411388181101396,15.0,4.0,1.2857142857142858,1.2724180205607047,36.0,4.0,0.9642857142857143,1.1749550972354141,54.0,4.0,1.130952380952381,1.200198396297958,95.0,4.0,1.0,1.0,2.0,1319,0.3661865049279757,0.15921152388172857,0.3199393479909022,0.24791508718726307,0.15466262319939347,0.3009855951478393,43.28363914373089,5.3570887035633055
2023-02-10,3,1,0,0,2,4,2,2,5,0,0,2,2023,2,10,4,41,6,1,0,0,1,-0.433883739117558,-0.9009688679024191,0.6486295610349814,0.7611042586607747,0.6631226582407952,0.7485107481711011,0.8660254037844386,0.5000000000000001,2.0,1.0,0.0,0.0,1.0,1.0,2.0,1.0000000000000013,6.0,3.0,1.1428571428571428,1.2149857925879113,8.0,3.0,1.2142857142857142,1.251372872462109,17.0,4.0,1.3571428571428572,1.3113263207824064,38.0,4.0,1.0178571428571428,1.1983484305655687,57.0,4.0,1.1666666666666667,1.210728480632739,98.0,4.0,1.0,3.0,2.0,1319,0.3661865049279757,0.15921152388172857,0.3199393479909022,0.24791508718726307,0.15466262319939347,0.3009855951478393,43.28363914373089,5.3570887035633055
2023-02-11,0,0,0,0,0,0,0,0,0,0,0,0,2023,2,11,5,42,6,1,1,0,0,-0.9749279121818236,-0.2225209339563146,0.6616346182422783,0.7498264012045686,0.6631226582407952,0.7485107481711011,0.8660254037844386,0.5000000000000001,3.0,2.0,1.0,0.0,2.0,0.0,1.6666666666666667,1.5275252316519472,5.0,3.0,1.1428571428571428,1.2149857925879113,8.0,3.0,1.0714285714285714,1.2688144505364503,15.0,4.0,1.3571428571428572,1.3113263207824064,38.0,4.0,0.9642857142857143,1.1749550972354141,54.0,4.0,1.1547619047619047,1.217285619719978,97.0,4.0,-3.0,0.0,0.0,1319,0.3661865049279757,0.15921152388172857,0.3199393479909022,0.24791508718726307,0.15466262319939347,0.3009855951478393,43.28363914373089,5.3570887035633055
2023-02-12,0,0,0,0,0,0,0,0,0,0,0,0,2023,2,12,6,43,6,1,1,0,0,-0.7818314824680299,0.6234898018587334,0.6744436188329455,0.7383263540031065,0.6631226582407952,0.7485107481711011,0.8660254037844386,0.5000000000000001,0.0,3.0,2.0,0.0,1.0,2.0,1.0,1.732050807568877,3.0,3.0,1.1428571428571428,1.2149857925879113,8.0,3.0,1.0,1.3008872711759831,14.0,4.0,1.2857142857142858,1.32935915658477,36.0,4.0,0.9642857142857143,1.1749550972354141,54.0,4.0,1.1428571428571428,1.223690420166063,96.0,4.0,0.0,0.0,-2.0,1319,0.3661865049279757,0.15921152388172857,0.3199393479909022,0.24791508718726307,0.15466262319939347,0.3009855951478393,43.28363914373089,5.3570887035633055
2023-02-13,1,1,0,1,0,1,0,1,2,0,0,0,2023,2,13,0,44,7,1,0,1,0,0.0,1.0,0.6870527672236669,0.7266075247685656,0.7485107481711011,0.6631226582407953,0.8660254037844386,0.5000000000000001,0.0,0.0,3.0,2.0,1.0,0.0,0.3333333333333333,0.5773502691896232,1.0,1.0,1.0,1.154700538379251,7.0,3.0,1.0,1.3008872711759831,14.0,4.0,1.3214285714285714,1.306779230655263,37.0,4.0,0.9642857142857143,1.1749550972354141,54.0,4.0,1.130952380952381,1.220110225168418,95.0,4.0,1.0,-1.0,1.0,1319,0.3661865049279757,0.15921152388172857,0.3199393479909022,0.24791508718726307,0.15466262319939347,0.3009855951478393,43.28363914373089,5.3570887035633055
2023-02-14,3,0,0,0,0,2,0,1,6,3,3,1,2023,2,14,1,45,7,1,0,0,0,0.7818314824680298,0.6234898018587336,0.699458327051647,0.7146733860429609,0.7485107481711011,0.6631226582407953,0.8660254037844386,0.5000000000000001,1.0,0.0,0.0,0.0,4.0,1.0,1.3333333333333333,1.5275252316519468,4.0,3.0,1.4285714285714286,1.272418020560703,10.0,3.0,0.9285714285714286,1.1411388181101396,13.0,3.0,1.3928571428571428,1.3427248612094944,39.0,4.0,1.0178571428571428,1.1983484305655687,57.0,4.0,1.1428571428571428,1.2334969112034144,96.0,4.0,2.0,3.0,2.0,1319,0.3661865049279757,0.15921152388172857,0.3199393479909022,0.24791508718726307,0.15466262319939347,0.3009855951478393,43.28363914373089,5.3570887035633055
2023-02-15,1,0,0,0,0,0,0,0,2,0,0,0,2023,2,15,2,46,7,1,0,0,0,0.9749279121818236,-0.22252093395631434,0.7116566222817746,0.7025274741691571,0.7485107481711011,0.6631226582407953,0.8660254037844386,0.5000000000000001,3.0,1.0,0.0,1.0,0.0,4.0,1.6666666666666667,1.154700538379252,5.0,3.0,1.4285714285714286,1.272418020560703,10.0,3.0,1.0,1.10940039245046,14.0,3.0,1.2857142857142858,1.2429696476477405,36.0,4.0,1.0357142857142858,1.1903289952290996,58.0,4.0,1.1547619047619047,1.2271432946152698,97.0,4.0,-2.0,0.0,-3.0,1319,0.3661865049279757,0.15921152388172857,0.3199393479909022,0.24791508718726307,0.15466262319939347,0.3009855951478393,43.28363914373089,5.3570887035633055
2023-02-16,1,0,1,0,0,0,0,0,1,1,1,1,2023,2,16,3,47,7,1,0,0,0,0.43388373911755823,-0.900968867902419,0.7236440382959124,0.6901733882429719,0.7485107481711011,0.6631226582407953,0.8660254037844386,0.5000000000000001,1.0,3.0,1.0,2.0,1.0,4.0,1.6666666666666667,1.154700538379252,5.0,3.0,1.2857142857142858,1.253566341056017,9.0,3.0,1.0,1.10940039245046,14.0,3.0,1.1785714285714286,1.1239339452243255,33.0,4.0,1.0178571428571428,1.183078748298407,57.0,4.0,1.1666666666666667,1.2206391110223485,98.0,4.0,0.0,-1.0,-3.0,1319,0.3661865049279757,0.15921152388172857,0.3199393479909022,0.24791508718726307,0.15466262319939347,0.3009855951478393,43.28363914373089,5.3570887035633055
2023-02-17,1,0,0,0,0,0,0,0,2,0,0,0,2023,2,17,4,48,7,1,0,0,1,-0.433883739117558,-0.9009688679024191,0.7354170229639855,0.6776147890466889,0.7485107481711011,0.6631226582407953,0.8660254037844386,0.5000000000000001,1.0,1.0,3.0,3.0,0.0,1.0,1.0,0.0,3.0,1.0,1.0,0.9999999999999993,7.0,3.0,1.0714285714285714,1.0716117059605368,15.0,3.0,1.1785714285714286,1.1239339452243255,33.0,4.0,1.0357142857142858,1.1749550972354144,58.0,4.0,1.1547619047619047,1.217285619719978,97.0,4.0,0.0,-2.0,0.0,1319,0.3661865049279757,0.15921152388172857,0.3199393479909022,0.24791508718726307,0.15466262319939347,0.3009855951478393,43.28363914373089,5.3570887035633055
2023-02-18,0,0,0,0,0,0,0,0,0,0,0,0,2023,2,18,5,49,7,1,1,0,0,-0.9749279121818236,-0.2225209339563146,0.7469720876965552,0.6648553979642865,0.7485107481711011,0.6631226582407953,0.8660254037844386,0.5000000000000001,1.0,1.0,1.0,0.0,0.0,1.0,0.6666666666666666,0.5773502691896245,2.0,1.0,1.0,0.9999999999999993,7.0,3.0,1.0714285714285714,1.0716117059605368,15.0,3.0,1.1428571428571428,1.1454995906456344,32.0,4.0,1.0357142857142858,1.1749550972354144,58.0,4.0,1.1547619047619047,1.217285619719978,97.0,4.0,-1.0,0.0,-1.0,1319,0.3661865049279757,0.15921152388172857,0.3199393479909022,0.24791508718726307,0.15466262319939347,0.3009855951478393,43.28363914373089,5.3570887035633055
2023-02-19,1,1,0,1,0,0,0,0,2,0,0,0,2023,2,19,6,50,7,1,1,0,0,-0.7818314824680299,0.6234898018587334,0.7583058084785624,0.6518989958787126,0.7485107481711011,0.6631226582407953,0.8660254037844386,0.5000000000000001,0.0,1.0,1.0,0.0,0.0,3.0,0.6666666666666666,0.5773502691896245,2.0,1.0,1.1428571428571428,0.8997354108424366,8.0,3.0,1.1428571428571428,1.0271051820261927,16.0,3.0,1.0714285714285714,1.0862293403762318,30.0,4.0,1.0535714285714286,1.1664965862420202,59.0,4.0,1.1428571428571428,1.2138047037575803,96.0,4.0,1.0,1.0,-2.0,1319,0.3661865049279757,0.15921152388172857,0.3199393479909022,0.24791508718726307,0.15466262319939347,0.3009855951478393,43.28363914373089,5.3570887035633055
2023-02-20,0,0,0,0,0,0,0,0,0,0,0,0,2023,2,20,0,51,8,1,0,1,0,0.0,1.0,0.7694148268839378,0.6387494220515272,0.8229838658936564,0.5680647467311559,0.8660254037844386,0.5000000000000001,1.0,0.0,1.0,1.0,2.0,2.0,0.3333333333333333,0.5773502691896237,1.0,1.0,1.0,0.9999999999999993,7.0,3.0,1.0,1.0377490433255434,14.0,3.0,1.0,1.0886621079036367,28.0,4.0,1.0535714285714286,1.1664965862420202,59.0,4.0,1.1428571428571428,1.2138047037575803,96.0,4.0,-1.0,-1.0,-2.0,1319,0.3661865049279757,0.15921152388172857,0.3199393479909022,0.24791508718726307,0.15466262319939347,0.3009855951478393,43.28363914373089,5.3570887035633055
2023-02-21,2,0,2,0,0,0,0,0,4,0,0,2,2023,2,21,1,52,8,1,0,0,0,0.7818314824680298,0.6234898018587336,0.7802958510707755,0.6254105729852463,0.8229838658936564,0.5680647467311559,0.8660254037844386,0.5000000000000001,0.0,1.0,0.0,3.0,0.0,2.0,1.0,0.9999999999999997,3.0,2.0,0.8571428571428571,0.6900655593423535,6.0,2.0,1.1428571428571428,1.0271051820261927,16.0,3.0,1.0,1.0886621079036367,28.0,4.0,1.0892857142857142,1.1642677872892824,61.0,4.0,1.130952380952381,1.200198396297958,95.0,4.0,2.0,-1.0,0.0,1319,0.3661865049279757,0.15921152388172857,0.3199393479909022,0.24791508718726307,0.15466262319939347,0.3009855951478393,43.28363914373089,5.3570887035633055
2023-02-22,2,1,1,1,0,0,0,0,4,1,1,1,2023,2,22,2,53,8,1,0,0,0,0.9749279121818236,-0.22252093395631434,0.7909456567567772,0.6118864012687243,0.8229838658936564,0.5680647467311559,0.8660254037844386,0.5000000000000001,2.0,0.0,1.0,1.0,1.0,0.0,1.3333333333333333,1.1547005383792517,4.0,2.0,1.0,0.8164965809277253,7.0,2.0,1.2142857142857142,1.0509022810878317,17.0,3.0,1.0714285714285714,1.086229340376232,30.0,4.0,1.1071428571428572,1.1705254675272432,62.0,4.0,1.1428571428571428,1.2038378102227303,96.0,4.0,0.0,1.0,2.0,1319,0.3661865049279757,0.15921152388172857,0.3199393479909022,0.24791508718726307,0.15466262319939347,0.3009855951478393,43.28363914373089,5.3570887035633055
2023-02-23,2,0,2,0,0,4,0,2,6,0,0,2,2023,2,23,3,54,8,1,0,0,0,0.43388373911755823,-0.900968867902419,0.8013610881746766,0.5981809144059165,0.8229838658936564,0.5680647467311559,0.8660254037844386,0.5000000000000001,2.0,2.0,0.0,1.0,2.0,0.0,2.0,0.0,6.0,2.0,1.1428571428571428,0.8997354108424366,8.0,2.0,1.2142857142857142,1.0509022810878317,17.0,3.0,1.1428571428571428,1.0788981249502512,32.0,4.0,1.1428571428571428,1.1666357447973907,64.0,4.0,1.1547619047619047,1.207347462180992,97.0,4.0,0.0,1.0,2.0,1319,0.3661865049279757,0.15921152388172857,0.3199393479909022,0.24791508718726307,0.15466262319939347,0.3009855951478393,43.28363914373089,5.3570887035633055
2023-02-24,4,3,0,3,0,0,0,0,8,2,2,0,2023,2,24,4,55,8,1,0,0,1,-0.433883739117558,-0.9009688679024191,0.8115390590073611,0.5842981736283684,0.8229838658936564,0.5680647467311559,0.8660254037844386,0.5000000000000001,2.0,2.0,2.0,1.0,3.0,1.0,2.6666666666666665,1.1547005383792532,8.0,4.0,1.5714285714285714,1.3972762620115433,11.0,4.0,1.2857142857142858,1.204387583192991,18.0,4.0,1.25,1.2056963563450407,35.0,4.0,1.1964285714285714,1.2272607022017907,67.0,4.0,1.1785714285714286,1.2433990944541904,99.0,4.0,2.0,3.0,3.0,1319,0.3661865049279757,0.15921152388172857,0.3199393479909022,0.24791508718726307,0.15466262319939347,0.3009855951478393,43.28363914373089,5.3570887035633055
2023-02-25,0,0,0,0,0,0,0,0,0,0,0,0,2023,2,25,5,56,8,1,1,0,0,-0.9749279121818236,-0.2225209339563146,0.8214765533024142,0.5702422926917871,0.8229838658936564,0.5680647467311559,0.8660254037844386,0.5000000000000001,4.0,2.0,2.0,0.0,0.0,2.0,2.0,2.0000000000000004,6.0,4.0,1.5714285714285714,1.3972762620115433,11.0,4.0,1.2857142857142858,1.204387583192991,18.0,4.0,1.1785714285714286,1.2187902754164637,33.0,4.0,1.1964285714285714,1.2272607022017907,67.0,4.0,1.1547619047619047,1.2466248178997388,97.0,4.0,-4.0,0.0,-2.0,1319,0.3661865049279757,0.15921152388172857,0.3199393479909022,0.24791508718726307,0.15466262319939347,0.3009855951478393,43.28363914373089,5.3570887035633055
2023-02-26,0,0,0,0,0,0,0,0,0,0,0,0,2023,2,26,6,57,8,1,1,0,0,-0.7818314824680299,0.6234898018587334,0.8311706263658079,0.5560174366570446,0.8229838658936564,0.5680647467311559,0.8660254037844386,0.5000000000000001,0.0,4.0,2.0,1.0,0.0,1.0,1.3333333333333333,2.309401076758503,4.0,4.0,1.4285714285714286,1.5118578920369083,10.0,4.0,1.2857142857142858,1.204387583192991,18.0,4.0,1.1428571428571428,1.2387055882620126,32.0,4.0,1.1964285714285714,1.2272607022017907,67.0,4.0,1.1547619047619047,1.2466248178997388,97.0,4.0,0.0,-1.0,-1.0,1319,0.3661865049279757,0.15921152388172857,0.3199393479909022,0.24791508718726307,0.15466262319939347,0.3009855951478393,43.28363914373089,5.3570887035633055
2023-02-27,1,0,0,0,0,0,0,0,2,0,0,0,2023,2,27,0,58,9,1,0,1,0,0.0,1.0,0.8406184056344782,0.5416278206559814,0.8854560256532099,0.4647231720437686,0.8660254037844386,0.5000000000000001,0.0,0.0,4.0,0.0,1.0,1.0,0.3333333333333333,0.5773502691896214,1.0,1.0,1.5714285714285714,1.3972762620115433,11.0,4.0,1.2857142857142858,1.204387583192991,18.0,4.0,1.1428571428571428,1.2387055882620126,32.0,4.0,1.2142857142857142,1.2167659925061522,68.0,4.0,1.1428571428571428,1.2432260516456906,96.0,4.0,1.0,1.0,0.0,1319,0.3661865049279757,0.15921152388172857,0.3199393479909022,0.24791508718726307,0.15466262319939347,0.3009855951478393,43.28363914373089,5.3570887035633055
2023-02-28,0,0,0,0,0,0,0,0,0,0,0,0,2023,2,28,1,59,9,1,0,0,0,0.7818314824680298,0.6234898018587336,0.8498170915275278,0.5270777086423722,0.8854560256532099,0.4647231720437686,0.8660254037844386,0.5000000000000001,1.0,0.0,0.0,2.0,3.0,4.0,0.3333333333333333,0.5773502691896214,1.0,1.0,1.2857142857142858,1.496026483086191,9.0,4.0,1.0714285714285714,1.1411388181101394,15.0,4.0,1.0,1.1221672153735662,28.0,4.0,1.2142857142857142,1.2167659925061522,68.0,4.0,1.1071428571428572,1.2322753676656828,93.0,4.0,-1.0,-2.0,-4.0,1319,0.3661865049279757,0.15921152388172857,0.3199393479909022,0.24791508718726307,0.15466262319939347,0.3009855951478393,43.28363914373089,5.3570887035633055
2023-03-01,3,2,0,3,0,0,0,0,8,2,2,0,2023,3,1,2,60,9,1,0,0,0,0.9749279121818236,-0.22252093395631434,0.8587639582758029,0.5123714121284237,0.8854560256532099,0.4647231720437686,1.0,6.123233995736766e-17,0.0,1.0,0.0,2.0,1.0,0.0,1.3333333333333333,1.527525231651946,4.0,3.0,1.4285714285714286,1.6183471874253736,10.0,4.0,1.2142857142857142,1.2513728724621087,17.0,4.0,1.1071428571428572,1.1655323283657184,31.0,4.0,1.2142857142857142,1.2167659925061522,68.0,4.0,1.1071428571428572,1.2322753676656828,93.0,4.0,3.0,1.0,3.0,1319,0.3661865049279757,0.15921152388172857,0.3199393479909022,0.24791508718726307,0.15466262319939347,0.3009855951478393,43.28363914373089,5.3570887035633055
2023-03-02,0,0,0,0,0,0,0,0,0,0,0,0,2023,3,2,3,61,9,1,0,0,0,0.43388373911755823,-0.900968867902419,0.8674563547295969,0.49751328890718066,0.8854560256532099,0.4647231720437686,1.0,6.123233995736766e-17,3.0,0.0,1.0,2.0,1.0,1.0,1.0,1.7320508075688765,3.0,3.0,1.1428571428571428,1.6761634196950512,8.0,4.0,1.1428571428571428,1.2924123453177294,16.0,4.0,1.0714285714285714,1.1841099620037012,30.0,4.0,1.2142857142857142,1.2167659925061522,68.0,4.0,1.0714285714285714,1.2201690015841453,90.0,4.0,-3.0,-2.0,-1.0,1319,0.3661865049279757,0.15921152388172857,0.3199393479909022,0.24791508718726307,0.15466262319939347,0.3009855951478393,43.28363914373089,5.3570887035633055
2023-03-03,1,0,1,0,0,0,0,0,2,0,0,1,2023,3,3,4,62,9,1,0,0,1,-0.433883739117558,-0.9009688679024191,0.8758917051442429,0.48250774176121847,0.8854560256532099,0.4647231720437686,1.0,6.123233995736766e-17,0.0,3.0,0.0,4.0,1.0,0.0,1.3333333333333333,1.527525231651946,4.0,3.0,0.7142857142857143,1.1126972805283732,5.0,3.0,1.1428571428571428,1.2924123453177294,16.0,4.0,1.1071428571428572,1.1655323283657184,31.0,4.0,1.2142857142857142,1.2167659925061522,68.0,4.0,1.0714285714285714,1.2201690015841453,90.0,4.0,1.0,-3.0,1.0,1319,0.3661865049279757,0.15921152388172857,0.3199393479909022,0.24791508718726307,0.15466262319939347,0.3009855951478393,43.28363914373089,5.3570887035633055
2023-03-04,0,0,0,0,0,0,0,0,0,0,0,0,2023,3,4,5,63,9,1,1,0,0,-0.9749279121818236,-0.2225209339563146,0.8840675099433636,0.4673592171580022,0.8854560256532099,0.4647231720437686,1.0,6.123233995736766e-17,1.0,0.0,3.0,0.0,0.0,0.0,0.3333333333333333,0.5773502691896214,1.0,1.0,0.7142857142857143,1.1126972805283732,5.0,3.0,1.1428571428571428,1.2924123453177294,16.0,4.0,1.1071428571428572,1.1655323283657184,31.0,4.0,1.1964285714285714,1.2272607022017907,67.0,4.0,1.0238095238095237,1.1819545837215968,86.0,4.0,-1.0,0.0,0.0,1319,0.3661865049279757,0.15921152388172857,0.3199393479909022,0.24791508718726307,0.15466262319939347,0.3009855951478393,43.28363914373089,5.3570887035633055
2023-03-05,0,0,0,0,0,0,0,0,0,0,0,0,2023,3,5,6,64,9,1,1,0,0,-0.7818314824680299,0.6234898018587334,0.8919813464595485,0.45207220393230435,0.8854560256532099,0.4647231720437686,1.0,6.123233995736766e-17,0.0,1.0,0.0,0.0,1.0,0.0,0.3333333333333333,0.5773502691896214,1.0,1.0,0.7142857142857143,1.1126972805283732,5.0,3.0,1.0714285714285714,1.3280573269766134,15.0,4.0,1.1071428571428572,1.1655323283657184,31.0,4.0,1.1964285714285714,1.2272607022017907,67.0,4.0,1.0119047619047619,1.1872215982496885,85.0,4.0,0.0,0.0,0.0,1319,0.3661865049279757,0.15921152388172857,0.3199393479909022,0.24791508718726307,0.15466262319939347,0.3009855951478393,43.28363914373089,5.3570887035633055
2023-03-06,0,0,0,0,0,0,0,0,0,0,0,0,2023,3,6,0,65,10,1,0,1,0,0.0,1.0,0.8996308696522433,0.43665123195606403,0.9350162426854148,0.35460488704253557,1.0,6.123233995736766e-17,0.0,0.0,1.0,1.0,0.0,2.0,0.0,0.0,0.0,0.0,0.5714285714285714,1.1338934190276815,4.0,3.0,1.0714285714285714,1.3280573269766134,15.0,4.0,1.0357142857142858,1.1700630833624415,29.0,4.0,1.1428571428571428,1.2124891216542404,64.0,4.0,1.0119047619047619,1.1872215982496885,85.0,4.0,0.0,-1.0,-2.0,1319,0.3661865049279757,0.15921152388172857,0.3199393479909022,0.24791508718726307,0.15466262319939347,0.3009855951478393,43.28363914373089,5.3570887035633055
2023-03-07,0,0,0,0,0,0,0,0,0,0,0,0,2023,3,7,1,66,10,1,0,0,0,0.7818314824680298,0.6234898018587336,0.9070138128026359,0.4211008707960896,0.9350162426854148,0.35460488704253557,1.0,6.123233995736766e-17,0.0,0.0,0.0,0.0,2.0,0.0,0.0,0.0,0.0,0.0,0.5714285714285714,1.1338934190276815,4.0,3.0,0.9285714285714286,1.3280573269766134,13.0,4.0,1.0357142857142858,1.1700630833624415,29.0,4.0,1.125,1.2219581900301744,63.0,4.0,0.9761904761904762,1.1717167970283282,82.0,4.0,0.0,0.0,0.0,1319,0.3661865049279757,0.15921152388172857,0.3199393479909022,0.24791508718726307,0.15466262319939347,0.3009855951478393,43.28363914373089,5.3570887035633055
2023-03-08,2,0,0,0,0,0,0,0,4,2,2,0,2023,3,8,2,67,10,1,0,0,0,0.9749279121818236,-0.22252093395631434,0.9141279881853337,0.40542572835999735,0.9350162426854148,0.35460488704253557,1.0,6.123233995736766e-17,0.0,0.0,0.0,3.0,2.0,1.0,0.6666666666666666,1.1547005383792497,2.0,2.0,0.42857142857142855,0.7867957924694431,3.0,2.0,0.9285714285714286,1.3280573269766134,13.0,4.0,1.0714285714285714,1.1841099620037012,30.0,4.0,1.1428571428571428,1.2273929715024068,64.0,4.0,1.0,1.1719615931862333,84.0,4.0,2.0,-1.0,1.0,1319,0.3661865049279757,0.15921152388172857,0.3199393479909022,0.24791508718726307,0.15466262319939347,0.3009855951478393,43.28363914373089,5.3570887035633055
2023-03-09,1,1,0,0,0,0,0,0,2,1,1,0,2023,3,9,3,68,10,1,0,0,0,0.43388373911755823,-0.900968867902419,0.9209712877166346,0.38963044953078796,0.9350162426854148,0.35460488704253557,1.0,6.123233995736766e-17,2.0,0.0,0.0,0.0,2.0,2.0,1.0,0.9999999999999986,3.0,2.0,0.5714285714285714,0.786795792469443,4.0,2.0,0.8571428571428571,1.2924123453177296,12.0,4.0,1.0357142857142858,1.1700630833624415,29.0,4.0,1.1607142857142858,1.2176995556343977,65.0,4.0,0.9880952380952381,1.1667486242829717,83.0,4.0,-1.0,1.0,-1.0,1319,0.3661865049279757,0.15921152388172857,0.3199393479909022,0.24791508718726307,0.15466262319939347,0.3009855951478393,43.28363914373089,5.3570887035633055
2023-03-10,1,0,0,0,0,0,0,0,2,0,0,0,2023,3,10,4,69,10,1,0,0,1,-0.433883739117558,-0.9009688679024191,0.9275416835791966,0.37371971479046906,0.9350162426854148,0.35460488704253557,1.0,6.123233995736766e-17,1.0,2.0,0.0,1.0,4.0,3.0,1.3333333333333333,0.5773502691896243,4.0,2.0,0.5714285714285714,0.786795792469443,4.0,2.0,0.6428571428571429,0.9287827316640674,9.0,3.0,0.9642857142857143,1.1049431980420876,27.0,4.0,1.1607142857142858,1.2176995556343977,65.0,4.0,1.0,1.161635739103031,84.0,4.0,0.0,0.0,-2.0,1319,0.3661865049279757,0.15921152388172857,0.3199393479909022,0.24791508718726307,0.15466262319939347,0.3009855951478393,43.28363914373089,5.3570887035633055
2023-03-11,0,0,0,0,0,0,0,0,0,0,0,0,2023,3,11,5,70,10,1,1,0,0,-0.9749279121818236,-0.2225209339563146,0.9338372288229252,0.35769823883312546,0.9350162426854148,0.35460488704253557,1.0,6.123233995736766e-17,1.0,1.0,2.0,0.0,0.0,0.0,0.6666666666666666,0.5773502691896222,2.0,1.0,0.5714285714285714,0.786795792469443,4.0,2.0,0.6428571428571429,0.9287827316640674,9.0,3.0,0.9642857142857143,1.1049431980420876,27.0,4.0,1.1607142857142858,1.2176995556343977,65.0,4.0,0.9642857142857143,1.1454091558265502,81.0,4.0,-1.0,0.0,0.0,1319,0.3661865049279757,0.15921152388172857,0.3199393479909022,0.24791508718726307,0.15466262319939347,0.3009855951478393,43.28363914373089,5.3570887035633055
2023-03-12,1,0,1,0,0,0,0,0,2,1,1,1,2023,3,12,6,71,10,1,1,0,0,-0.7818314824680299,0.6234898018587334,0.9398560579418954,0.3415707691678556,0.9350162426854148,0.35460488704253557,1.0,6.123233995736766e-17,0.0,1.0,1.0,0.0,0.0,0.0,0.6666666666666666,0.5773502691896222,2.0,1.0,0.7142857142857143,0.7559289460184541,5.0,2.0,0.7142857142857143,0.9138735334633777,10.0,3.0,1.0,1.088662107903637,28.0,4.0,1.1428571428571428,1.2124891216542406,64.0,4.0,0.9761904761904762,1.1404521453405303,82.0,4.0,1.0,1.0,1.0,1319,0.3661865049279757,0.15921152388172857,0.3199393479909022,0.24791508718726307,0.15466262319939347,0.3009855951478393,43.28363914373089,5.3570887035633055
2023-03-13,0,0,0,0,0,0,0,0,0,0,0,0,2023,3,13,0,72,11,1,0,1,0,0.0,1.0,0.9455963874271426,0.3253420847119801,0.970941817426052,0.23931566428755804,1.0,6.123233995736766e-17,1.0,0.0,1.0,0.0,1.0,1.0,0.3333333333333333,0.5773502691896211,1.0,1.0,0.7142857142857143,0.7559289460184541,5.0,2.0,0.6428571428571429,0.9287827316640674,9.0,3.0,0.9642857142857143,1.1049431980420876,27.0,4.0,1.1428571428571428,1.2124891216542406,64.0,4.0,0.9642857142857143,1.1454091558265502,81.0,4.0,-1.0,0.0,-1.0,1319,0.3661865049279757,0.15921152388172857,0.3199393479909022,0.24791508718726307,0.15466262319939347,0.3009855951478393,43.28363914373089,5.3570887035633055
2023-03-14,1,0,0,1,0,0,0,0,2,0,0,0,2023,3,14,1,73,11,1,0,0,0,0.7818314824680298,0.6234898018587336,0.9510565162951535,0.30901699437494745,0.970941817426052,0.23931566428755804,1.0,6.123233995736766e-17,0.0,1.0,0.0,0.0,0.0,3.0,0.6666666666666666,0.5773502691896222,2.0,1.0,0.8571428571428571,0.6900655593423537,6.0,2.0,0.7142857142857143,0.9138735334633777,10.0,3.0,0.8928571428571429,1.0306159867619546,25.0,4.0,1.1428571428571428,1.2124891216542406,64.0,4.0,0.9761904761904762,1.1404521453405303,82.0,4.0,1.0,1.0,-2.0,1319,0.3661865049279757,0.15921152388172857,0.3199393479909022,0.24791508718726307,0.15466262319939347,0.3009855951478393,43.28363914373089,5.3570887035633055
2023-03-15,0,0,0,0,0,0,0,0,0,0,0,0,2023,3,15,2,74,11,1,0,0,0,0.9749279121818236,-0.22252093395631434,0.9562348265919056,0.29260033563334836,0.970941817426052,0.23931566428755804,1.0,6.123233995736766e-17,1.0,0.0,1.0,2.0,3.0,1.0,0.3333333333333333,0.5773502691896211,1.0,1.0,0.5714285714285714,0.5345224838248485,4.0,1.0,0.5,0.6504436355879945,7.0,2.0,0.8571428571428571,1.0440053112638341,24.0,4.0,1.0714285714285714,1.1576958755475213,60.0,4.0,0.9761904761904762,1.1404521453405303,82.0,4.0,-1.0,-2.0,-1.0,1319,0.3661865049279757,0.15921152388172857,0.3199393479909022,0.24791508718726307,0.15466262319939347,0.3009855951478393,43.28363914373089,5.3570887035633055
2023-03-16,0,0,0,0,0,0,0,0,0,0,0,0,2023,3,16,3,75,11,1,0,0,0,0.43388373911755823,-0.900968867902419,0.9611297838723007,0.27609697309746883,0.970941817426052,0.23931566428755804,1.0,6.123233995736766e-17,0.0,1.0,0.0,1.0,0.0,1.0,0.3333333333333333,0.5773502691896211,1.0,1.0,0.42857142857142855,0.5345224838248488,3.0,1.0,0.5,0.6504436355879945,7.0,2.0,0.8214285714285714,1.0559731838827018,23.0,4.0,1.0,1.095445115010333,56.0,4.0,0.9523809523809523,1.139697295520152,80.0,4.0,0.0,-1.0,-1.0,1319,0.3661865049279757,0.15921152388172857,0.3199393479909022,0.24791508718726307,0.15466262319939347,0.3009855951478393,43.28363914373089,5.3570887035633055
2023-03-17,2,0,1,0,0,1,0,1,4,1,1,1,2023,3,17,4,76,11,1,0,0,1,-0.433883739117558,-0.9009688679024191,0.9657399376548549,0.2595117970697999,0.970941817426052,0.23931566428755804,1.0,6.123233995736766e-17,0.0,0.0,1.0,1.0,1.0,1.0,0.6666666666666666,1.1547005383792497,2.0,2.0,0.5714285714285714,0.786795792469443,4.0,2.0,0.5714285714285714,0.7559289460184574,8.0,2.0,0.8571428571428571,1.0788981249502518,24.0,4.0,1.0178571428571428,1.1035656495456647,57.0,4.0,0.9761904761904762,1.1404521453405303,82.0,4.0,2.0,1.0,1.0,1319,0.3661865049279757,0.15921152388172857,0.3199393479909022,0.24791508718726307,0.15466262319939347,0.3009855951478393,43.28363914373089,5.3570887035633055
2023-03-18,2,2,0,2,0,0,0,0,4,0,0,0,2023,3,18,5,77,11,1,1,0,0,-0.9749279121818236,-0.2225209339563146,0.9700639218515071,0.2428497220959356,0.970941817426052,0.23931566428755804,1.0,6.123233995736766e-17,2.0,0.0,0.0,0.0,0.0,0.0,1.3333333333333333,1.1547005383792508,4.0,2.0,0.8571428571428571,0.8997354108424369,6.0,2.0,0.7142857142857143,0.8254203058555596,10.0,2.0,0.9285714285714286,1.0862293403762324,26.0,4.0,1.0357142857142858,1.1113347538275482,58.0,4.0,1.0,1.14070365094406,84.0,4.0,0.0,2.0,2.0,1319,0.3661865049279757,0.15921152388172857,0.3199393479909022,0.24791508718726307,0.15466262319939347,0.3009855951478393,43.28363914373089,5.3570887035633055
2023-03-19,1,0,1,0,0,2,0,1,1,0,0,1,2023,3,19,6,78,11,1,1,0,0,-0.7818314824680299,0.6234898018587334,0.9741004551724205,0.22611568550828828,0.970941817426052,0.23931566428755804,1.0,6.123233995736766e-17,2.0,2.0,0.0,1.0,0.0,1.0,1.6666666666666667,0.5773502691896251,5.0,2.0,0.8571428571428571,0.8997354108424369,6.0,2.0,0.7857142857142857,0.8017837257372757,11.0,2.0,0.9285714285714286,1.0862293403762324,26.0,4.0,1.0,1.078719779941188,56.0,4.0,1.0119047619047619,1.1353471696532744,85.0,4.0,-1.0,0.0,0.0,1319,0.3661865049279757,0.15921152388172857,0.3199393479909022,0.24791508718726307,0.15466262319939347,0.3009855951478393,43.28363914373089,5.3570887035633055
2023-03-20,0,0,0,0,0,0,0,0,0,0,0,0,2023,3,20,0,79,12,1,0,1,0,0.0,1.0,0.9778483415056568,0.20931464596304847,0.992708874098054,0.120536680255323,1.0,6.123233995736766e-17,1.0,2.0,2.0,0.0,0.0,0.0,1.0,0.9999999999999984,3.0,2.0,0.8571428571428571,0.8997354108424369,6.0,2.0,0.7857142857142857,0.8017837257372757,11.0,2.0,0.9285714285714286,1.0862293403762324,26.0,4.0,0.9642857142857143,1.0781176477257315,54.0,4.0,1.0119047619047619,1.1353471696532744,85.0,4.0,-1.0,0.0,0.0,1319,0.3661865049279757,0.15921152388172857,0.3199393479909022,0.24791508718726307,0.15466262319939347,0.3009855951478393,43.28363914373089,5.3570887035633055
2023-03-21,0,0,0,0,0,0,0,0,0,0,0,0,2023,3,21,1,80,12,1,0,0,0,0.7818314824680298,0.6234898018587336,0.9813064702716093,0.19245158197082998,0.992708874098054,0.120536680255323,1.0,6.123233995736766e-17,0.0,1.0,2.0,1.0,0.0,2.0,0.3333333333333333,0.5773502691896211,1.0,1.0,0.7142857142857143,0.9511897312113415,5.0,2.0,0.7857142857142857,0.8017837257372757,11.0,2.0,0.8571428571428571,1.0788981249502518,24.0,4.0,0.9285714285714286,1.0763092299342045,52.0,4.0,1.0119047619047619,1.1353471696532744,85.0,4.0,0.0,-1.0,-2.0,1319,0.3661865049279757,0.15921152388172857,0.3199393479909022,0.24791508718726307,0.15466262319939347,0.3009855951478393,43.28363914373089,5.3570887035633055
2023-03-22,2,0,0,0,0,0,0,0,4,0,0,0,2023,3,22,2,81,12,1,0,0,0,0.9749279121818236,-0.22252093395631434,0.9844738167520922,0.1755314904214282,0.992708874098054,0.120536680255323,1.0,6.123233995736766e-17,0.0,0.0,1.0,0.0,2.0,2.0,0.6666666666666666,1.1547005383792497,2.0,2.0,1.0,0.9999999999999994,7.0,2.0,0.7857142857142857,0.8017837257372757,11.0,2.0,0.8571428571428571,1.0788981249502518,24.0,4.0,0.9642857142857143,1.0781176477257315,54.0,4.0,1.0238095238095237,1.1404521453405305,86.0,4.0,2.0,2.0,0.0,1319,0.3661865049279757,0.15921152388172857,0.3199393479909022,0.24791508718726307,0.15466262319939347,0.3009855951478393,43.28363914373089,5.3570887035633055
2023-03-23,0,0,0,0,0,0,0,0,0,0,0,0,2023,3,23,3,82,12,1,0,0,0,0.43388373911755823,-0.900968867902419,0.9873494423939864,0.15855938510313475,0.992708874098054,0.120536680255323,1.0,6.123233995736766e-17,2.0,0.0,0.0,0.0,1.0,2.0,0.6666666666666666,1.1547005383792497,2.0,2.0,1.0,0.9999999999999993,7.0,2.0,0.7142857142857143,0.8254203058555596,10.0,2.0,0.7857142857142857,1.0665674557036433,22.0,4.0,0.9642857142857143,1.0781176477257315,54.0,4.0,1.0238095238095237,1.1404521453405305,86.0,4.0,-2.0,0.0,-2.0,1319,0.3661865049279757,0.15921152388172857,0.3199393479909022,0.24791508718726307,0.15466262319939347,0.3009855951478393,43.28363914373089,5.3570887035633055
2023-03-24,2,0,0,0,0,4,0,2,4,2,2,0,2023,3,24,4,83,12,1,0,0,1,-0.433883739117558,-0.9009688679024191,0.989932495087353,0.141540295217043,0.992708874098054,0.120536680255323,1.0,6.123233995736766e-17,0.0,2.0,0.0,2.0,1.0,4.0,1.3333333333333333,1.1547005383792506,4.0,2.0,1.0,0.9999999999999993,7.0,2.0,0.7857142857142857,0.8925823753039833,11.0,2.0,0.7142857142857143,0.8967902788460689,20.0,3.0,0.9821428571428571,1.0869652738213436,55.0,4.0,1.0357142857142858,1.1454091558265502,87.0,4.0,2.0,0.0,-2.0,1319,0.3661865049279757,0.15921152388172857,0.3199393479909022,0.24791508718726307,0.15466262319939347,0.3009855951478393,43.28363914373089,5.3570887035633055
2023-03-25,0,0,0,0,0,0,0,0,0,0,0,0,2023,3,25,5,84,12,1,1,0,0,-0.9749279121818236,-0.2225209339563146,0.9922222094179323,0.12447926388678915,0.992708874098054,0.120536680255323,1.0,6.123233995736766e-17,2.0,0.0,2.0,2.0,0.0,0.0,0.6666666666666666,1.1547005383792497,2.0,2.0,0.7142857142857143,0.9511897312113415,5.0,2.0,0.7857142857142857,0.8925823753039833,11.0,2.0,0.7142857142857143,0.8967902788460689,20.0,3.0,0.9464285714285714,1.0857698208626476,53.0,4.0,1.0357142857142858,1.1454091558265502,87.0,4.0,-2.0,-2.0,0.0,1319,0.3661865049279757,0.15921152388172857,0.3199393479909022,0.24791508718726307,0.15466262319939347,0.3009855951478393,43.28363914373089,5.3570887035633055
2023-03-26,0,0,0,0,0,0,0,0,0,0,0,0,2023,3,26,6,85,12,1,1,0,0,-0.7818314824680299,0.6234898018587334,0.994217906893952,0.10738134666416309,0.992708874098054,0.120536680255323,1.0,6.123233995736766e-17,0.0,2.0,0.0,1.0,1.0,0.0,0.6666666666666666,1.1547005383792497,2.0,2.0,0.5714285714285714,0.975900072948533,4.0,2.0,0.7142857142857143,0.9138735334633777,10.0,2.0,0.7142857142857143,0.8967902788460689,20.0,3.0,0.9285714285714286,1.0930714500000431,52.0,4.0,1.0357142857142858,1.1454091558265502,87.0,4.0,0.0,-1.0,0.0,1319,0.3661865049279757,0.15921152388172857,0.3199393479909022,0.24791508718726307,0.15466262319939347,0.3009855951478393,43.28363914373089,5.3570887035633055
2023-03-27,0,0,0,0,0,0,0,0,0,0,0,0,2023,3,27,0,86,13,1,0,1,0,0.0,1.0,0.995918996147179,0.09025161003104117,1.0,-1.6081226496766366e-16,1.0,6.123233995736766e-17,0.0,0.0,2.0,0.0,0.0,1.0,0.0,0.0,0.0,0.0,0.5714285714285714,0.975900072948533,4.0,2.0,0.7142857142857143,0.9138735334633777,10.0,2.0,0.6785714285714286,0.9048663264720787,19.0,3.0,0.9107142857142857,1.1000295155426225,51.0,4.0,1.0357142857142858,1.1454091558265502,87.0,4.0,0.0,0.0,-1.0,1319,0.3661865049279757,0.15921152388172857,0.3199393479909022,0.24791508718726307,0.15466262319939347,0.3009855951478393,43.28363914373089,5.3570887035633055
2023-03-28,2,1,0,0,0,0,0,0,4,0,0,0,2023,3,28,1,87,13,1,0,0,0,0.7818314824680298,0.6234898018587336,0.9973249731081555,0.07309512989807777,1.0,-1.6081226496766366e-16,1.0,6.123233995736766e-17,0.0,0.0,0.0,0.0,1.0,0.0,0.6666666666666666,1.1547005383792495,2.0,2.0,0.8571428571428571,1.0690449676496971,6.0,2.0,0.7857142857142857,0.9749612559222314,11.0,2.0,0.75,0.92796072713834,21.0,3.0,0.875,1.0280166252635137,49.0,4.0,1.0595238095238095,1.1444069382829394,89.0,4.0,2.0,2.0,2.0,1319,0.3661865049279757,0.15921152388172857,0.3199393479909022,0.24791508718726307,0.15466262319939347,0.3009855951478393,43.28363914373089,5.3570887035633055
2023-03-29,1,1,0,1,0,0,0,0,2,0,0,0,2023,3,29,2,88,13,1,0,0,0,0.9749279121818236,-0.22252093395631434,0.9984354211555643,0.055916990100603484,1.0,-1.6081226496766366e-16,1.0,6.123233995736766e-17,2.0,0.0,0.0,2.0,0.0,3.0,1.0,0.9999999999999983,3.0,2.0,0.7142857142857143,0.9511897312113415,5.0,2.0,0.8571428571428571,0.9492622930986488,12.0,2.0,0.6785714285714286,0.8189230248533292,19.0,2.0,0.8928571428571429,1.0212037714663733,50.0,4.0,1.0357142857142858,1.124174969996643,87.0,4.0,-1.0,-1.0,-2.0,1319,0.3661865049279757,0.15921152388172857,0.3199393479909022,0.24791508718726307,0.15466262319939347,0.3009855951478393,43.28363914373089,5.3570887035633055
2023-03-30,5,5,0,3,0,0,0,0,12,0,0,0,2023,3,30,3,89,13,1,0,0,0,0.43388373911755823,-0.900968867902419,0.9992500112396835,0.03872228089217446,1.0,-1.6081226496766366e-16,1.0,6.123233995736766e-17,1.0,2.0,0.0,0.0,0.0,0.0,2.6666666666666665,2.0816659994661335,8.0,5.0,1.4285714285714286,1.812653934349931,10.0,5.0,1.2142857142857142,1.4238934396479712,17.0,5.0,0.8571428571428571,1.1454995906456351,24.0,5.0,0.9642857142857143,1.159377351924664,54.0,5.0,1.0952380952380953,1.1985839799886717,92.0,5.0,4.0,5.0,5.0,1319,0.3661865049279757,0.15921152388172857,0.3199393479909022,0.24791508718726307,0.15466262319939347,0.3009855951478393,43.28363914373089,5.3570887035633055
2023-03-31,5,0,4,0,0,2,0,1,9,0,0,3,2023,3,31,4,90,13,1,0,0,1,-0.433883739117558,-0.9009688679024191,0.9997685019798909,0.021516097436222254,1.0,-1.6081226496766366e-16,1.0,6.123233995736766e-17,5.0,1.0,2.0,2.0,2.0,1.0,3.6666666666666665,2.3094010767585047,11.0,5.0,1.8571428571428572,2.267786838055363,13.0,5.0,1.4285714285714286,1.7415415679698936,20.0,5.0,1.0,1.3877773329774237,28.0,5.0,1.0535714285714286,1.2709286920436338,59.0,5.0,1.1428571428571428,1.2719670483613321,96.0,5.0,0.0,3.0,4.0,1319,0.3661865049279757,0.15921152388172857,0.3199393479909022,0.24791508718726307,0.15466262319939347,0.3009855951478393,43.28363914373089,5.3570887035633055
2023-04-01,5,0,1,0,0,2,0,2,16,1,1,3,2023,4,1,5,91,13,2,1,0,0,-0.9749279121818236,-0.2225209339563146,0.9999907397361901,0.004303538296244289,1.0,-1.6081226496766366e-16,0.8660254037844387,-0.4999999999999998,5.0,5.0,1.0,0.0,2.0,0.0,5.0,0.0,15.0,5.0,2.5714285714285716,2.3704530408864075,18.0,5.0,1.6428571428571428,1.984832597364433,23.0,5.0,1.1785714285714286,1.5647404572045496,33.0,5.0,1.1428571428571428,1.367526917515656,64.0,5.0,1.1904761904761905,1.3396294261572028,100.0,5.0,0.0,5.0,5.0,1319,0.3661865049279757,0.15921152388172857,0.3199393479909022,0.24791508718726307,0.15466262319939347,0.3009855951478393,43.28363914373089,5.3570887035633055
2023-04-02,0,0,0,0,0,0,0,0,0,0,0,0,2023,4,2,6,92,13,2,1,0,0,-0.7818314824680299,0.6234898018587334,0.9999166586547379,-0.01291029607500882,1.0,-1.6081226496766366e-16,0.8660254037844387,-0.4999999999999998,5.0,5.0,5.0,0.0,1.0,0.0,3.3333333333333335,2.88675134594813,10.0,5.0,2.5714285714285716,2.3704530408864075,18.0,5.0,1.5714285714285714,2.0272863906932614,22.0,5.0,1.1785714285714286,1.5647404572045496,33.0,5.0,1.1428571428571428,1.367526917515656,64.0,5.0,1.1904761904761905,1.3396294261572028,100.0,5.0,-5.0,0.0,0.0,1319,0.3661865049279757,0.15921152388172857,0.3199393479909022,0.24791508718726307,0.15466262319939347,0.3009855951478393,43.28363914373089,5.3570887035633055
2023-04-03,2,1,1,1,0,2,0,1,4,1,1,1,2023,4,3,0,93,14,2,0,1,0,0.0,1.0,0.9995462806873573,-0.030120304846908114,0.992708874098054,-0.12053668025532288,0.8660254037844387,-0.4999999999999998,0.0,5.0,5.0,0.0,0.0,0.0,2.3333333333333335,2.516611478423584,7.0,5.0,2.857142857142857,2.115700942049815,20.0,5.0,1.7142857142857142,1.9778998741311233,24.0,5.0,1.25,1.554563175514804,35.0,5.0,1.1428571428571428,1.367526917515656,64.0,5.0,1.1785714285714286,1.3277457504993262,99.0,5.0,2.0,2.0,2.0,1319,0.3661865049279757,0.15921152388172857,0.3199393479909022,0.24791508718726307,0.15466262319939347,0.3009855951478393,43.28363914373089,5.3570887035633055
2023-04-04,0,0,0,0,0,0,0,0,0,0,0,0,2023,4,4,1,94,14,2,0,0,0,0.7818314824680298,0.6234898018587336,0.9988797155850336,-0.04732138832243185,0.992708874098054,-0.12053668025532288,0.8660254037844387,-0.4999999999999998,2.0,0.0,5.0,2.0,0.0,0.0,0.6666666666666666,1.1547005383792504,2.0,2.0,2.5714285714285716,2.3704530408864075,18.0,5.0,1.7142857142857142,1.9778998741311233,24.0,5.0,1.25,1.554563175514804,35.0,5.0,1.1428571428571428,1.367526917515656,64.0,5.0,1.1666666666666667,1.3338352468965025,98.0,5.0,-2.0,-2.0,0.0,1319,0.3661865049279757,0.15921152388172857,0.3199393479909022,0.24791508718726307,0.15466262319939347,0.3009855951478393,43.28363914373089,5.3570887035633055
2023-04-05,4,1,0,4,0,0,0,0,13,3,3,0,2023,4,5,2,95,14,2,0,0,0,0.9749279121818236,-0.22252093395631434,0.9979171608653922,-0.06450844944931623,0.992708874098054,-0.12053668025532288,0.8660254037844387,-0.4999999999999998,0.0,2.0,0.0,1.0,2.0,2.0,2.0,2.0000000000000004,6.0,4.0,3.0,2.3094010767585025,21.0,5.0,1.8571428571428572,2.0701966780270626,26.0,5.0,1.3214285714285714,1.6342077348473556,37.0,5.0,1.1964285714285714,1.4195984433140738,67.0,5.0,1.2023809523809523,1.3690183089481405,101.0,5.0,4.0,3.0,2.0,1319,0.3661865049279757,0.15921152388172857,0.3199393479909022,0.24791508718726307,0.15466262319939347,0.3009855951478393,43.28363914373089,5.3570887035633055
2023-04-06,2,0,0,1,0,0,0,0,5,1,1,0,2023,4,6,3,96,14,2,0,0,0,0.43388373911755823,-0.900968867902419,0.9966589017541702,-0.08167639533042241,0.992708874098054,-0.12053668025532288,0.8660254037844387,-0.4999999999999998,4.0,0.0,2.0,5.0,0.0,1.0,2.0,2.0000000000000004,6.0,4.0,2.5714285714285716,2.149196970742239,18.0,5.0,2.0,2.0,28.0,5.0,1.3571428571428572,1.6378460497066527,38.0,5.0,1.1964285714285714,1.4195984433140738,67.0,5.0,1.2261904761904763,1.365241410102994,103.0,5.0,-2.0,-3.0,1.0,1319,0.3661865049279757,0.15921152388172857,0.3199393479909022,0.24791508718726307,0.15466262319939347,0.3009855951478393,43.28363914373089,5.3570887035633055
2023-04-07,0,0,0,0,0,0,0,0,0,0,0,0,2023,4,7,4,97,14,2,0,0,1,-0.433883739117558,-0.9009688679024191,0.9951053111006976,-0.09882013873287143,0.992708874098054,-0.12053668025532288,0.8660254037844387,-0.4999999999999998,2.0,4.0,0.0,5.0,2.0,1.0,2.0,2.0000000000000004,6.0,4.0,1.8571428571428572,2.035400978396429,13.0,5.0,1.8571428571428572,2.0701966780270626,26.0,5.0,1.3214285714285714,1.6567163289800095,37.0,5.0,1.1428571428571428,1.406847816652811,64.0,5.0,1.2142857142857142,1.37158275094324,102.0,5.0,-2.0,-5.0,-1.0,1319,0.3661865049279757,0.15921152388172857,0.3199393479909022,0.24791508718726307,0.15466262319939347,0.3009855951478393,43.28363914373089,5.3570887035633055
2023-04-08,0,0,0,0,0,0,0,0,0,0,0,0,2023,4,8,5,98,14,2,1,0,0,-0.9749279121818236,-0.2225209339563146,0.9932568492674143,-0.11593459959550041,0.992708874098054,-0.12053668025532288,0.8660254037844387,-0.4999999999999998,0.0,2.0,4.0,5.0,0.0,0.0,0.6666666666666666,1.1547005383792501,2.0,2.0,1.1428571428571428,1.573591584938886,8.0,4.0,1.8571428571428572,2.0701966780270626,26.0,5.0,1.3214285714285714,1.6567163289800095,37.0,5.0,1.1428571428571428,1.406847816652811,64.0,5.0,1.2142857142857142,1.37158275094324,102.0,5.0,0.0,-5.0,0.0,1319,0.3661865049279757,0.15921152388172857,0.3199393479909022,0.24791508718726307,0.15466262319939347,0.3009855951478393,43.28363914373089,5.3570887035633055
2023-04-09,0,0,0,0,0,0,0,0,0,0,0,0,2023,4,9,6,99,14,2,1,0,0,-0.7818314824680299,0.6234898018587334,0.9911140639934547,-0.1330147065341959,0.992708874098054,-0.12053668025532288,0.8660254037844387,-0.4999999999999998,0.0,0.0,2.0,0.0,0.0,1.0,0.0,0.0,0.0,0.0,1.1428571428571428,1.573591584938886,8.0,4.0,1.8571428571428572,2.0701966780270626,26.0,5.0,1.2857142857142858,1.6745843676067231,36.0,5.0,1.1428571428571428,1.406847816652811,64.0,5.0,1.1904761904761905,1.3751336449941698,100.0,5.0,0.0,0.0,-1.0,1319,0.3661865049279757,0.15921152388172857,0.3199393479909022,0.24791508718726307,0.15466262319939347,0.3009855951478393,43.28363914373089,5.3570887035633055
2023-04-10,1,0,0,0,0,3,0,1,2,0,0,1,2023,4,10,0,100,15,2,0,1,0,0.0,1.0,0.9886775902323405,-0.1500553983446526,0.9709418174260521,-0.2393156642875575,0.8660254037844387,-0.4999999999999998,0.0,0.0,0.0,2.0,0.0,0.0,0.3333333333333333,0.5773502691896218,1.0,1.0,1.0,1.5275252316519463,7.0,4.0,1.9285714285714286,2.0177781274036484,27.0,5.0,1.3214285714285714,1.6567163289800095,37.0,5.0,1.1428571428571428,1.406847816652811,64.0,5.0,1.2023809523809523,1.3690183089481405,101.0,5.0,1.0,-1.0,1.0,1319,0.3661865049279757,0.15921152388172857,0.3199393479909022,0.24791508718726307,0.15466262319939347,0.3009855951478393,43.28363914373089,5.3570887035633055
2023-04-11,1,1,0,0,0,0,0,0,2,0,0,0,2023,4,11,1,101,15,2,0,0,0,0.7818314824680298,0.6234898018587336,0.9859481499638304,-0.16705162550211924,0.9709418174260521,-0.2393156642875575,0.8660254037844387,-0.4999999999999998,1.0,0.0,0.0,0.0,2.0,1.0,0.6666666666666666,0.577350269189623,2.0,1.0,1.1428571428571428,1.4638501094227994,8.0,4.0,1.8571428571428572,2.032699715124724,26.0,5.0,1.3214285714285714,1.6567163289800095,37.0,5.0,1.1071428571428572,1.3840463921359056,62.0,5.0,1.2023809523809523,1.3690183089481405,101.0,5.0,0.0,1.0,0.0,1319,0.3661865049279757,0.15921152388172857,0.3199393479909022,0.24791508718726307,0.15466262319939347,0.3009855951478393,43.28363914373089,5.3570887035633055
2023-04-12,0,0,0,0,0,0,0,0,0,0,0,0,2023,4,12,2,102,15,2,0,0,0,0.9749279121818236,-0.22252093395631434,0.9829265519799822,-0.18399835165768005,0.9709418174260521,-0.2393156642875575,0.8660254037844387,-0.4999999999999998,1.0,1.0,0.0,4.0,1.0,0.0,0.6666666666666666,0.577350269189623,2.0,1.0,0.5714285714285714,0.7867957924694425,4.0,2.0,1.7857142857142858,2.082105865503682,25.0,5.0,1.3214285714285714,1.6567163289800095,37.0,5.0,1.0892857142857142,1.391882776076227,61.0,5.0,1.1547619047619047,1.3397900178853563,97.0,5.0,-1.0,-4.0,0.0,1319,0.3661865049279757,0.15921152388172857,0.3199393479909022,0.24791508718726307,0.15466262319939347,0.3009855951478393,43.28363914373089,5.3570887035633055
2023-04-13,0,0,0,0,0,0,0,0,0,0,0,0,2023,4,13,3,103,15,2,0,0,0,0.43388373911755823,-0.900968867902419,0.9796136916454901,-0.20089055513063506,0.9709418174260521,-0.2393156642875575,0.8660254037844387,-0.4999999999999998,0.0,1.0,1.0,2.0,5.0,0.0,0.3333333333333333,0.5773502691896218,1.0,1.0,0.2857142857142857,0.4879500364742658,2.0,1.0,1.4285714285714286,1.910065875395833,20.0,5.0,1.3214285714285714,1.6567163289800095,37.0,5.0,1.0714285714285714,1.3994433030464508,60.0,5.0,1.1071428571428572,1.3081565908150838,93.0,5.0,0.0,-2.0,0.0,1319,0.3661865049279757,0.15921152388172857,0.3199393479909022,0.24791508718726307,0.15466262319939347,0.3009855951478393,43.28363914373089,5.3570887035633055
2023-04-14,1,0,0,0,0,0,0,0,2,0,0,0,2023,4,14,4,104,15,2,0,0,1,-0.433883739117558,-0.9009688679024191,0.9760105506323683,-0.21772323039653177,0.9709418174260521,-0.2393156642875575,0.8660254037844387,-0.4999999999999998,0.0,0.0,1.0,0.0,5.0,2.0,0.3333333333333333,0.5773502691896218,1.0,1.0,0.42857142857142855,0.534522483824848,3.0,1.0,1.1428571428571428,1.6104057232283409,16.0,5.0,1.2857142857142858,1.6523191974188083,36.0,5.0,1.0714285714285714,1.3994433030464508,60.0,5.0,1.1071428571428572,1.3081565908150838,93.0,5.0,1.0,1.0,-1.0,1319,0.3661865049279757,0.15921152388172857,0.3199393479909022,0.24791508718726307,0.15466262319939347,0.3009855951478393,43.28363914373089,5.3570887035633055
2023-04-15,3,1,0,1,0,0,0,0,6,1,1,1,2023,4,15,5,105,15,2,1,0,0,-0.9749279121818236,-0.2225209339563146,0.9721181966290613,-0.23449138957040985,0.9709418174260521,-0.2393156642875575,0.8660254037844387,-0.4999999999999998,1.0,0.0,0.0,0.0,5.0,2.0,1.3333333333333333,1.5275252316519465,4.0,3.0,0.8571428571428571,1.069044967649697,6.0,3.0,1.0,1.3008872711759827,14.0,4.0,1.3214285714285714,1.6789231872789991,37.0,5.0,1.125,1.4150168646601808,63.0,5.0,1.130952380952381,1.3242844114933856,95.0,5.0,2.0,3.0,1.0,1319,0.3661865049279757,0.15921152388172857,0.3199393479909022,0.24791508718726307,0.15466262319939347,0.3009855951478393,43.28363914373089,5.3570887035633055
2023-04-16,1,1,0,1,0,0,0,0,2,0,0,0,2023,4,16,6,106,15,2,1,0,0,-0.7818314824680299,0.6234898018587334,0.9679377830240642,-0.25119006388481935,0.9709418174260521,-0.2393156642875575,0.8660254037844387,-0.4999999999999998,3.0,1.0,0.0,0.0,0.0,1.0,1.6666666666666667,1.154700538379252,5.0,3.0,1.0,0.9999999999999993,7.0,3.0,1.0714285714285714,1.2688144505364494,15.0,4.0,1.3214285714285714,1.6789231872789991,37.0,5.0,1.125,1.4150168646601808,63.0,5.0,1.1071428571428572,1.3081565908150838,93.0,5.0,-2.0,1.0,0.0,1319,0.3661865049279757,0.15921152388172857,0.3199393479909022,0.24791508718726307,0.15466262319939347,0.3009855951478393,43.28363914373089,5.3570887035633055
2023-04-17,0,0,0,0,0,0,0,0,0,0,0,0,2023,4,17,0,107,16,2,0,1,0,0.0,1.0,0.9634705485641488,-0.2678143051621742,0.9350162426854148,-0.35460488704253545,0.8660254037844387,-0.4999999999999998,1.0,3.0,1.0,1.0,2.0,0.0,1.3333333333333333,1.5275252316519463,4.0,3.0,0.8571428571428571,1.069044967649697,6.0,3.0,0.9285714285714286,1.2688144505364496,13.0,4.0,1.3214285714285714,1.6789231872789991,37.0,5.0,1.125,1.4150168646601808,63.0,5.0,1.0833333333333333,1.3099097120852492,91.0,5.0,-1.0,-1.0,0.0,1319,0.3661865049279757,0.15921152388172857,0.3199393479909022,0.24791508718726307,0.15466262319939347,0.3009855951478393,43.28363914373089,5.3570887035633055
2023-04-18,1,0,0,0,0,1,0,1,2,0,0,0,2023,4,18,1,108,16,2,0,0,0,0.7818314824680298,0.6234898018587336,0.9587178169872964,-0.2843591872810034,0.9350162426854148,-0.35460488704253545,0.8660254037844387,-0.4999999999999998,0.0,1.0,3.0,1.0,0.0,0.0,0.6666666666666666,0.5773502691896218,2.0,1.0,0.8571428571428571,1.069044967649697,6.0,3.0,1.0,1.2403473458920855,14.0,4.0,1.3571428571428572,1.6603053202991793,38.0,5.0,1.1071428571428572,1.410075064779067,62.0,5.0,1.0714285714285714,1.3060167925055053,90.0,5.0,1.0,0.0,1.0,1319,0.3661865049279757,0.15921152388172857,0.3199393479909022,0.24791508718726307,0.15466262319939347,0.3009855951478393,43.28363914373089,5.3570887035633055
2023-04-19,0,0,0,0,0,0,0,0,0,0,0,0,2023,4,19,2,109,16,2,0,0,0,0.9749279121818236,-0.22252093395631434,0.9536809966304457,-0.30081980763566735,0.9350162426854148,-0.35460488704253545,0.8660254037844387,-0.4999999999999998,1.0,0.0,1.0,0.0,4.0,2.0,0.3333333333333333,0.5773502691896205,1.0,1.0,0.8571428571428571,1.069044967649697,6.0,3.0,0.7142857142857143,0.9138735334633771,10.0,3.0,1.2857142857142858,1.6745843676067231,36.0,5.0,1.0714285714285714,1.4123757272075999,60.0,5.0,1.0714285714285714,1.3060167925055053,90.0,5.0,-1.0,0.0,-2.0,1319,0.3661865049279757,0.15921152388172857,0.3199393479909022,0.24791508718726307,0.15466262319939347,0.3009855951478393,43.28363914373089,5.3570887035633055
2023-04-20,2,2,0,2,0,2,0,2,4,0,0,0,2023,4,20,3,110,16,2,0,0,0,0.43388373911755823,-0.900968867902419,0.9483615800121715,-0.3171912885891061,0.9350162426854148,-0.35460488704253545,0.8660254037844387,-0.4999999999999998,0.0,1.0,0.0,0.0,2.0,0.0,1.0,0.9999999999999986,3.0,2.0,1.1428571428571428,1.069044967649697,8.0,3.0,0.7142857142857143,0.9138735334633771,10.0,3.0,1.3571428571428572,1.6603053202991793,38.0,5.0,1.0714285714285714,1.4123757272075999,60.0,5.0,1.0952380952380953,1.304478362430493,92.0,5.0,2.0,2.0,2.0,1319,0.3661865049279757,0.15921152388172857,0.3199393479909022,0.24791508718726307,0.15466262319939347,0.3009855951478393,43.28363914373089,5.3570887035633055
2023-04-21,3,3,0,2,0,0,0,0,6,2,2,0,2023,4,21,4,111,16,2,0,0,1,-0.433883739117558,-0.9009688679024191,0.9427611433904207,-0.3334687789181868,0.9350162426854148,-0.35460488704253545,0.8660254037844387,-0.4999999999999998,2.0,0.0,1.0,1.0,0.0,2.0,1.6666666666666667,1.5275252316519468,5.0,3.0,1.4285714285714286,1.272418020560703,10.0,3.0,0.9285714285714286,1.0716117059605363,13.0,3.0,1.3928571428571428,1.685214256392075,39.0,5.0,1.0535714285714286,1.380640732112751,59.0,5.0,1.119047619047619,1.3208682969721355,94.0,5.0,1.0,2.0,1.0,1319,0.3661865049279757,0.15921152388172857,0.3199393479909022,0.24791508718726307,0.15466262319939347,0.3009855951478393,43.28363914373089,5.3570887035633055
2023-04-22,0,0,0,0,0,0,0,0,0,0,0,0,2023,4,22,5,112,16,2,1,0,0,-0.9749279121818236,-0.2225209339563146,0.9368813462954315,-0.3496474552512284,0.9350162426854148,-0.35460488704253545,0.8660254037844387,-0.4999999999999998,3.0,2.0,0.0,3.0,0.0,0.0,1.6666666666666667,1.5275252316519468,5.0,3.0,1.0,1.154700538379251,7.0,3.0,0.9285714285714286,1.0716117059605363,13.0,3.0,1.3928571428571428,1.685214256392075,39.0,5.0,1.0535714285714286,1.380640732112751,59.0,5.0,1.0952380952380953,1.322821442649641,92.0,5.0,-3.0,-3.0,0.0,1319,0.3661865049279757,0.15921152388172857,0.3199393479909022,0.24791508718726307,0.15466262319939347,0.3009855951478393,43.28363914373089,5.3570887035633055
2023-04-23,2,0,2,0,0,0,0,0,4,0,0,2,2023,4,23,6,113,16,2,1,0,0,-0.7818314824680299,0.6234898018587334,0.9307239310379795,-0.36572252349726897,0.9350162426854148,-0.35460488704253545,0.8660254037844387,-0.4999999999999998,0.0,3.0,2.0,1.0,0.0,0.0,1.6666666666666667,1.5275252316519468,5.0,3.0,1.1428571428571428,1.2149857925879113,8.0,3.0,1.0714285714285714,1.0716117059605361,15.0,3.0,1.4642857142857142,1.6662697940174727,41.0,5.0,1.0892857142857142,1.378758146294711,61.0,5.0,1.1071428571428572,1.3264488068437772,93.0,5.0,2.0,1.0,2.0,1319,0.3661865049279757,0.15921152388172857,0.3199393479909022,0.24791508718726307,0.15466262319939347,0.3009855951478393,43.28363914373089,5.3570887035633055
2023-04-24,2,2,0,2,0,0,0,0,4,0,0,0,2023,4,24,0,114,17,2,0,1,0,0.0,1.0,0.9242907221930933,-0.3816892202666588,0.8854560256532099,-0.4647231720437685,0.8660254037844387,-0.4999999999999998,2.0,0.0,3.0,0.0,1.0,0.0,1.3333333333333333,1.154700538379251,4.0,2.0,1.4285714285714286,1.133893419027681,10.0,3.0,1.1428571428571428,1.0994504121565516,16.0,3.0,1.5357142857142858,1.6438920136009412,43.0,5.0,1.1071428571428572,1.3840463921359059,62.0,5.0,1.119047619047619,1.3299584367521557,94.0,5.0,0.0,2.0,2.0,1319,0.3661865049279757,0.15921152388172857,0.3199393479909022,0.24791508718726307,0.15466262319939347,0.3009855951478393,43.28363914373089,5.3570887035633055
2023-04-25,0,0,0,0,0,0,0,0,0,0,0,0,2023,4,25,1,115,17,2,0,0,0,0.7818314824680298,0.6234898018587336,0.9175836260593937,-0.39754281428255595,0.8854560256532099,-0.4647231720437685,0.8660254037844387,-0.4999999999999998,2.0,2.0,0.0,1.0,1.0,2.0,1.3333333333333333,1.154700538379251,4.0,2.0,1.2857142857142858,1.253566341056017,9.0,3.0,1.0714285714285714,1.1411388181101387,15.0,3.0,1.4642857142857142,1.6662697940174727,41.0,5.0,1.1071428571428572,1.3840463921359059,62.0,5.0,1.0714285714285714,1.296758835236606,90.0,5.0,-2.0,-1.0,-2.0,1319,0.3661865049279757,0.15921152388172857,0.3199393479909022,0.24791508718726307,0.15466262319939347,0.3009855951478393,43.28363914373089,5.3570887035633055
2023-04-26,4,0,1,0,0,0,0,0,8,0,0,2,2023,4,26,2,116,17,2,0,0,0,0.9749279121818236,-0.22252093395631434,0.9106046300942162,-0.4132786077829042,0.8854560256532099,-0.4647231720437685,0.8660254037844387,-0.4999999999999998,0.0,2.0,2.0,0.0,0.0,1.0,2.0,2.0000000000000004,6.0,4.0,1.8571428571428572,1.4638501094227991,13.0,4.0,1.3571428571428572,1.3363062095621228,19.0,4.0,1.5714285714285714,1.7305227518611244,44.0,5.0,1.125,1.415016864660181,63.0,5.0,1.119047619047619,1.3299584367521557,94.0,5.0,4.0,4.0,3.0,1319,0.3661865049279757,0.15921152388172857,0.3199393479909022,0.24791508718726307,0.15466262319939347,0.3009855951478393,43.28363914373089,5.3570887035633055
2023-04-27,0,0,0,0,0,0,0,0,0,0,0,0,2023,4,27,3,117,17,2,0,0,0,0.43388373911755823,-0.900968867902419,0.9033558023246845,-0.4288919379124835,0.8854560256532099,-0.4647231720437685,0.8660254037844387,-0.4999999999999998,4.0,0.0,2.0,2.0,0.0,5.0,1.3333333333333333,2.309401076758503,4.0,4.0,1.5714285714285714,1.6183471874253736,11.0,4.0,1.3571428571428572,1.3363062095621228,19.0,4.0,1.3928571428571428,1.6179384622799693,39.0,5.0,1.125,1.415016864660181,63.0,5.0,1.1071428571428572,1.3355009632042385,93.0,5.0,-4.0,-2.0,-5.0,1319,0.3661865049279757,0.15921152388172857,0.3199393479909022,0.24791508718726307,0.15466262319939347,0.3009855951478393,43.28363914373089,5.3570887035633055
2023-04-28,0,0,0,0,0,0,0,0,0,0,0,0,2023,4,28,4,118,17,2,0,0,1,-0.433883739117558,-0.9009688679024191,0.895839290734909,-0.4443781781046132,0.8854560256532099,-0.4647231720437685,0.8660254037844387,-0.4999999999999998,0.0,4.0,0.0,3.0,1.0,5.0,1.3333333333333333,2.309401076758503,4.0,4.0,1.1428571428571428,1.573591584938886,8.0,4.0,1.2857142857142858,1.3827826698682313,18.0,4.0,1.2142857142857142,1.4746535778287657,34.0,5.0,1.1071428571428572,1.4229108632220526,62.0,5.0,1.1071428571428572,1.3355009632042385,93.0,5.0,0.0,-3.0,-5.0,1319,0.3661865049279757,0.15921152388172857,0.3199393479909022,0.24791508718726307,0.15466262319939347,0.3009855951478393,43.28363914373089,5.3570887035633055
2023-04-29,2,0,1,0,0,1,0,1,4,1,1,2,2023,4,29,5,119,17,2,1,0,0,-0.9749279121818236,-0.2225209339563146,0.8880573226294932,-0.45973273945210397,0.8854560256532099,-0.4647231720437685,0.8660254037844387,-0.4999999999999998,0.0,0.0,4.0,0.0,3.0,5.0,0.6666666666666666,1.15470053837925,2.0,2.0,1.4285714285714286,1.5118578920369083,10.0,4.0,1.2142857142857142,1.311403911760302,17.0,4.0,1.1071428571428572,1.2863754913562018,31.0,4.0,1.1428571428571428,1.4197127933439275,64.0,5.0,1.130952380952381,1.3333512620710837,95.0,5.0,2.0,2.0,-3.0,1319,0.3661865049279757,0.15921152388172857,0.3199393479909022,0.24791508718726307,0.15466262319939347,0.3009855951478393,43.28363914373089,5.3570887035633055
2023-04-30,0,0,0,0,0,0,0,0,0,0,0,0,2023,4,30,6,120,17,2,1,0,0,-0.7818314824680299,0.6234898018587334,0.8800122039735357,-0.47495107206704995,0.8854560256532099,-0.4647231720437685,0.8660254037844387,-0.4999999999999998,2.0,0.0,0.0,2.0,1.0,0.0,0.6666666666666666,1.15470053837925,2.0,2.0,1.1428571428571428,1.573591584938886,8.0,4.0,1.1428571428571428,1.350620533005413,16.0,4.0,1.1071428571428572,1.2863754913562018,31.0,4.0,1.1428571428571428,1.4197127933439275,64.0,5.0,1.130952380952381,1.3333512620710837,95.0,5.0,-2.0,-2.0,0.0,1319,0.3661865049279757,0.15921152388172857,0.3199393479909022,0.24791508718726307,0.15466262319939347,0.3009855951478393,43.28363914373089,5.3570887035633055
2023-05-01,2,1,0,1,0,2,0,1,4,0,0,0,2023,5,1,0,121,18,2,0,1,0,0.0,1.0,0.8717063187093218,-0.4900286664290592,0.8229838658936565,-0.5680647467311557,0.49999999999999994,-0.8660254037844387,0.0,2.0,0.0,2.0,0.0,2.0,1.3333333333333333,1.1547005383792512,4.0,2.0,1.1428571428571428,1.573591584938886,8.0,4.0,1.2857142857142858,1.3259870882635925,18.0,4.0,1.1071428571428572,1.2863754913562018,31.0,4.0,1.1785714285714286,1.4155903729172878,66.0,5.0,1.130952380952381,1.3333512620710837,95.0,5.0,2.0,0.0,0.0,1319,0.3661865049279757,0.15921152388172857,0.3199393479909022,0.24791508718726307,0.15466262319939347,0.3009855951478393,43.28363914373089,5.3570887035633055
2023-05-02,1,0,0,1,0,0,0,0,2,0,0,0,2023,5,2,1,122,18,2,0,0,0,0.7818314824680298,0.6234898018587336,0.8631421280499114,-0.5049610547215204,0.8229838658936565,-0.5680647467311557,0.49999999999999994,-0.8660254037844387,2.0,0.0,2.0,0.0,1.0,0.0,1.0,0.9999999999999989,3.0,2.0,1.2857142857142858,1.496026483086191,9.0,4.0,1.2857142857142858,1.3259870882635925,18.0,4.0,1.1428571428571428,1.2682529749484577,32.0,4.0,1.1964285714285714,1.4067324208591008,67.0,5.0,1.1428571428571428,1.3275837018320356,96.0,5.0,-1.0,1.0,1.0,1319,0.3661865049279757,0.15921152388172857,0.3199393479909022,0.24791508718726307,0.15466262319939347,0.3009855951478393,43.28363914373089,5.3570887035633055
2023-05-03,0,0,0,0,0,0,0,0,0,0,0,0,2023,5,3,2,123,18,2,0,0,0,0.9749279121818236,-0.22252093395631434,0.854322169749827,-0.5197438121555155,0.8229838658936565,-0.5680647467311557,0.49999999999999994,-0.8660254037844387,1.0,2.0,0.0,4.0,0.0,4.0,1.0,0.9999999999999989,3.0,2.0,0.7142857142857143,0.9511897312113413,5.0,2.0,1.2857142857142858,1.3259870882635925,18.0,4.0,1.0,1.1547005383792537,28.0,4.0,1.1607142857142858,1.4113408932228666,65.0,5.0,1.130952380952381,1.3333512620710837,95.0,5.0,-1.0,-4.0,-4.0,1319,0.3661865049279757,0.15921152388172857,0.3199393479909022,0.24791508718726307,0.15466262319939347,0.3009855951478393,43.28363914373089,5.3570887035633055
2023-05-04,0,0,0,0,0,0,0,0,0,0,0,0,2023,5,4,3,124,18,2,0,0,0,0.43388373911755823,-0.900968867902419,0.8452490573530633,-0.5343725582809786,0.8229838658936565,-0.5680647467311557,0.49999999999999994,-0.8660254037844387,0.0,1.0,2.0,0.0,2.0,2.0,0.3333333333333333,0.5773502691896213,1.0,1.0,0.7142857142857143,0.9511897312113413,5.0,2.0,1.1428571428571428,1.350620533005413,16.0,4.0,0.9285714285714286,1.1524071884721705,26.0,4.0,1.1428571428571428,1.4197127933439275,64.0,5.0,1.1071428571428572,1.3355009632042385,93.0,5.0,0.0,0.0,-2.0,1319,0.3661865049279757,0.15921152388172857,0.3199393479909022,0.24791508718726307,0.15466262319939347,0.3009855951478393,43.28363914373089,5.3570887035633055
2023-05-05,1,0,0,1,0,0,0,0,2,0,0,0,2023,5,5,4,125,18,2,0,0,1,-0.433883739117558,-0.9009688679024191,0.8359254794186372,-0.548842958284719,0.8229838658936565,-0.5680647467311557,0.49999999999999994,-0.8660254037844387,0.0,0.0,1.0,0.0,3.0,0.0,0.3333333333333333,0.5773502691896213,1.0,1.0,0.8571428571428571,0.8997354108424367,6.0,2.0,1.0,1.2403473458920855,14.0,4.0,0.9642857142857143,1.1379690439434413,27.0,4.0,1.1428571428571428,1.4197127933439275,64.0,5.0,1.0833333333333333,1.3190753728871711,91.0,5.0,1.0,1.0,1.0,1319,0.3661865049279757,0.15921152388172857,0.3199393479909022,0.24791508718726307,0.15466262319939347,0.3009855951478393,43.28363914373089,5.3570887035633055
2023-05-06,0,0,0,0,0,0,0,0,0,0,0,0,2023,5,6,5,126,18,2,1,0,0,-0.9749279121818236,-0.2225209339563146,0.8263541987239096,-0.5631507242749186,0.8229838658936565,-0.5680647467311557,0.49999999999999994,-0.8660254037844387,1.0,0.0,0.0,2.0,0.0,0.0,0.3333333333333333,0.5773502691896213,1.0,1.0,0.5714285714285714,0.7867957924694425,4.0,2.0,1.0,1.2403473458920855,14.0,4.0,0.9642857142857143,1.1379690439434413,27.0,4.0,1.1428571428571428,1.4197127933439275,64.0,5.0,1.0833333333333333,1.3190753728871711,91.0,5.0,-1.0,-2.0,0.0,1319,0.3661865049279757,0.15921152388172857,0.3199393479909022,0.24791508718726307,0.15466262319939347,0.3009855951478393,43.28363914373089,5.3570887035633055
2023-05-07,1,0,0,0,0,0,0,0,2,0,0,0,2023,5,7,6,127,18,2,1,0,0,-0.7818314824680299,0.6234898018587334,0.8165380514459161,-0.5772916165517272,0.8229838658936565,-0.5680647467311557,0.49999999999999994,-0.8660254037844387,0.0,1.0,0.0,0.0,2.0,0.0,0.6666666666666666,0.5773502691896226,2.0,1.0,0.7142857142857143,0.7559289460184537,5.0,2.0,0.9285714285714286,1.2066664642907576,13.0,4.0,1.0,1.1221672153735662,28.0,4.0,1.1428571428571428,1.4197127933439275,64.0,5.0,1.0952380952380953,1.3136819187274782,92.0,5.0,1.0,1.0,1.0,1319,0.3661865049279757,0.15921152388172857,0.3199393479909022,0.24791508718726307,0.15466262319939347,0.3009855951478393,43.28363914373089,5.3570887035633055
2023-05-08,1,0,1,0,0,0,0,0,2,0,0,1,2023,5,8,0,128,19,2,0,1,0,0.0,1.0,0.8064799463209448,-0.5912614448635781,0.7485107481711013,-0.663122658240795,0.49999999999999994,-0.8660254037844387,1.0,0.0,1.0,2.0,2.0,1.0,0.6666666666666666,0.5773502691896226,2.0,1.0,0.5714285714285714,0.5345224838248479,4.0,1.0,0.8571428571428571,1.167320591199078,12.0,4.0,1.0,1.1221672153735662,28.0,4.0,1.1607142857142858,1.4113408932228666,65.0,5.0,1.0952380952380953,1.3136819187274782,92.0,5.0,0.0,-1.0,0.0,1319,0.3661865049279757,0.15921152388172857,0.3199393479909022,0.24791508718726307,0.15466262319939347,0.3009855951478393,43.28363914373089,5.3570887035633055
2023-05-09,0,0,0,0,0,0,0,0,0,0,0,0,2023,5,9,1,129,19,2,0,0,0,0.7818314824680298,0.6234898018587336,0.7961828637826158,-0.6050560696488488,0.7485107481711013,-0.663122658240795,0.49999999999999994,-0.8660254037844387,1.0,1.0,0.0,1.0,0.0,1.0,0.6666666666666666,0.5773502691896226,2.0,1.0,0.42857142857142855,0.5345224838248479,3.0,1.0,0.8571428571428571,1.167320591199078,12.0,4.0,0.9642857142857143,1.1379690439434413,27.0,4.0,1.1428571428571428,1.4197127933439275,64.0,5.0,1.0595238095238095,1.3020020772121796,89.0,5.0,-1.0,-1.0,-1.0,1319,0.3661865049279757,0.15921152388172857,0.3199393479909022,0.24791508718726307,0.15466262319939347,0.3009855951478393,43.28363914373089,5.3570887035633055
2023-05-10,4,0,0,0,0,2,0,2,8,1,1,0,2023,5,10,2,130,19,2,0,0,0,0.9749279121818236,-0.22252093395631434,0.7856498550787147,-0.6186714032625031,0.7485107481711013,-0.663122658240795,0.49999999999999994,-0.8660254037844387,0.0,1.0,1.0,0.0,4.0,0.0,1.6666666666666667,2.081665999466133,5.0,4.0,1.0,1.4142135623730947,7.0,4.0,0.8571428571428571,1.167320591199078,12.0,4.0,1.1071428571428572,1.2572540835836785,31.0,4.0,1.2142857142857142,1.461186139773074,68.0,5.0,1.0952380952380953,1.3409136214603887,92.0,5.0,4.0,4.0,4.0,1319,0.3661865049279757,0.15921152388172857,0.3199393479909022,0.24791508718726307,0.15466262319939347,0.3009855951478393,43.28363914373089,5.3570887035633055
2023-05-11,0,0,0,0,0,0,0,0,0,0,0,0,2023,5,11,3,131,19,2,0,0,0,0.43388373911755823,-0.900968867902419,0.7748840413670407,-0.6321034111873487,0.7485107481711013,-0.663122658240795,0.49999999999999994,-0.8660254037844387,4.0,0.0,1.0,0.0,0.0,0.0,1.3333333333333333,2.309401076758503,4.0,4.0,1.0,1.4142135623730947,7.0,4.0,0.8571428571428571,1.167320591199078,12.0,4.0,1.1071428571428572,1.2572540835836785,31.0,4.0,1.2142857142857142,1.461186139773074,68.0,5.0,1.0833333333333333,1.346197978004697,91.0,5.0,-4.0,0.0,0.0,1319,0.3661865049279757,0.15921152388172857,0.3199393479909022,0.24791508718726307,0.15466262319939347,0.3009855951478393,43.28363914373089,5.3570887035633055
2023-05-12,1,0,0,0,0,0,0,0,2,0,0,0,2023,5,12,4,132,19,2,0,0,1,-0.433883739117558,-0.9009688679024191,0.7638886127905428,-0.6453481132295501,0.7485107481711013,-0.663122658240795,0.49999999999999994,-0.8660254037844387,0.0,4.0,0.0,1.0,0.0,1.0,1.6666666666666667,2.0816659994661326,5.0,4.0,1.0,1.4142135623730947,7.0,4.0,0.9285714285714286,1.1411388181101387,13.0,4.0,1.1071428571428572,1.2572540835836785,31.0,4.0,1.1964285714285714,1.4575152312585455,67.0,5.0,1.0833333333333333,1.346197978004697,91.0,5.0,1.0,0.0,0.0,1319,0.3661865049279757,0.15921152388172857,0.3199393479909022,0.24791508718726307,0.15466262319939347,0.3009855951478393,43.28363914373089,5.3570887035633055
2023-05-13,0,0,0,0,0,0,0,0,0,0,0,0,2023,5,13,5,133,19,2,1,0,0,-0.9749279121818236,-0.2225209339563146,0.7526668275320085,-0.6584015846980488,0.7485107481711013,-0.663122658240795,0.49999999999999994,-0.8660254037844387,1.0,0.0,4.0,0.0,2.0,3.0,0.3333333333333333,0.5773502691896197,1.0,1.0,1.0,1.4142135623730947,7.0,4.0,0.7857142857142857,1.1217137594956037,11.0,4.0,1.0,1.2171612389003712,28.0,4.0,1.1607142857142858,1.4619636323580913,65.0,5.0,1.0833333333333333,1.346197978004697,91.0,5.0,-1.0,0.0,-3.0,1319,0.3661865049279757,0.15921152388172857,0.3199393479909022,0.24791508718726307,0.15466262319939347,0.3009855951478393,43.28363914373089,5.3570887035633055
2023-05-14,0,0,0,0,0,0,0,0,0,0,0,0,2023,5,14,6,134,19,2,1,0,0,-0.7818314824680299,0.6234898018587334,0.7412220108485958,-0.6712599575675313,0.7485107481711013,-0.663122658240795,0.49999999999999994,-0.8660254037844387,0.0,1.0,0.0,1.0,0.0,1.0,0.3333333333333333,0.5773502691896197,1.0,1.0,0.8571428571428571,1.4638501094227994,6.0,4.0,0.7857142857142857,1.1217137594956037,11.0,4.0,0.9642857142857143,1.231745008999741,27.0,4.0,1.1428571428571428,1.4700472648996572,64.0,5.0,1.0714285714285714,1.3513555379755584,90.0,5.0,0.0,-1.0,-1.0,1319,0.3661865049279757,0.15921152388172857,0.3199393479909022,0.24791508718726307,0.15466262319939347,0.3009855951478393,43.28363914373089,5.3570887035633055
2023-05-15,0,0,0,0,0,0,0,0,0,0,0,0,2023,5,15,0,135,20,2,0,1,0,0.0,1.0,0.7295575540864875,-0.6839194216246106,0.6631226582407952,-0.7485107481711012,0.49999999999999994,-0.8660254037844387,0.0,0.0,1.0,1.0,2.0,0.0,0.0,0.0,0.0,0.0,0.7142857142857143,1.496026483086191,5.0,4.0,0.6428571428571429,1.0818177620697829,9.0,4.0,0.9642857142857143,1.231745008999741,27.0,4.0,1.1428571428571428,1.4700472648996572,64.0,5.0,1.0714285714285714,1.3513555379755584,90.0,5.0,0.0,-1.0,0.0,1319,0.3661865049279757,0.15921152388172857,0.3199393479909022,0.24791508718726307,0.15466262319939347,0.3009855951478393,43.28363914373089,5.3570887035633055
2023-05-16,1,1,0,1,0,0,0,0,3,1,1,0,2023,5,16,1,136,20,2,0,0,0,0.7818314824680298,0.6234898018587336,0.717676913675962,-0.6963762255968722,0.6631226582407952,-0.7485107481711012,0.49999999999999994,-0.8660254037844387,0.0,0.0,0.0,0.0,1.0,1.0,0.3333333333333333,0.5773502691896197,1.0,1.0,0.8571428571428571,1.4638501094227994,6.0,4.0,0.6428571428571429,1.0818177620697829,9.0,4.0,0.9642857142857143,1.231745008999741,27.0,4.0,1.1607142857142858,1.4619636323580913,65.0,5.0,1.0595238095238095,1.3474759132450842,89.0,5.0,1.0,1.0,0.0,1319,0.3661865049279757,0.15921152388172857,0.3199393479909022,0.24791508718726307,0.15466262319939347,0.3009855951478393,43.28363914373089,5.3570887035633055
2023-05-17,1,0,1,0,0,0,0,0,1,0,0,1,2023,5,17,2,137,20,2,0,0,0,0.9749279121818236,-0.22252093395631434,0.705583610107178,-0.7086266782644596,0.6631226582407952,-0.7485107481711012,0.49999999999999994,-0.8660254037844387,1.0,0.0,0.0,4.0,0.0,0.0,0.6666666666666666,0.5773502691896211,2.0,1.0,0.42857142857142855,0.534522483824848,3.0,1.0,0.7142857142857143,1.069044967649699,10.0,4.0,1.0,1.2171612389003712,28.0,4.0,1.1428571428571428,1.4576266067396433,64.0,5.0,1.0476190476190477,1.3434783294871155,88.0,5.0,0.0,-3.0,1.0,1319,0.3661865049279757,0.15921152388172857,0.3199393479909022,0.24791508718726307,0.15466262319939347,0.3009855951478393,43.28363914373089,5.3570887035633055
2023-05-18,0,0,0,0,0,0,0,0,0,0,0,0,2023,5,18,3,138,20,2,0,0,0,0.43388373911755823,-0.900968867902419,0.6932812268869777,-0.7206671495538609,0.6631226582407952,-0.7485107481711012,0.49999999999999994,-0.8660254037844387,1.0,1.0,0.0,0.0,0.0,2.0,0.6666666666666666,0.5773502691896211,2.0,1.0,0.42857142857142855,0.534522483824848,3.0,1.0,0.7142857142857143,1.069044967649699,10.0,4.0,0.9285714285714286,1.2149857925879137,26.0,4.0,1.1428571428571428,1.4576266067396433,64.0,5.0,1.0238095238095237,1.344118741851835,86.0,5.0,-1.0,0.0,-2.0,1319,0.3661865049279757,0.15921152388172857,0.3199393479909022,0.24791508718726307,0.15466262319939347,0.3009855951478393,43.28363914373089,5.3570887035633055
2023-05-19,0,0,0,0,0,0,0,0,0,0,0,0,2023,5,19,4,139,20,2,0,0,1,-0.433883739117558,-0.9009688679024191,0.6807734094770161,-0.7324940716135789,0.6631226582407952,-0.7485107481711012,0.49999999999999994,-0.8660254037844387,0.0,1.0,1.0,1.0,1.0,3.0,0.3333333333333333,0.5773502691896195,1.0,1.0,0.2857142857142857,0.4879500364742658,2.0,1.0,0.6428571428571429,1.0818177620697829,9.0,4.0,0.8214285714285714,1.1564175661505633,23.0,4.0,1.1071428571428572,1.46074167249594,62.0,5.0,0.9761904761904762,1.307772782263297,82.0,5.0,0.0,-1.0,-3.0,1319,0.3661865049279757,0.15921152388172857,0.3199393479909022,0.24791508718726307,0.15466262319939347,0.3009855951478393,43.28363914373089,5.3570887035633055
2023-05-20,0,0,0,0,0,0,0,0,0,0,0,0,2023,5,20,5,140,20,2,1,0,0,-0.9749279121818236,-0.2225209339563146,0.6680638642135335,-0.7441039398713607,0.6631226582407952,-0.7485107481711012,0.49999999999999994,-0.8660254037844387,0.0,0.0,1.0,0.0,0.0,0.0,0.0,0.0,0.0,0.0,0.2857142857142857,0.4879500364742658,2.0,1.0,0.6428571428571429,1.0818177620697829,9.0,4.0,0.8214285714285714,1.1564175661505633,23.0,4.0,1.1071428571428572,1.46074167249594,62.0,5.0,0.9761904761904762,1.307772782263297,82.0,5.0,0.0,0.0,0.0,1319,0.3661865049279757,0.15921152388172857,0.3199393479909022,0.24791508718726307,0.15466262319939347,0.3009855951478393,43.28363914373089,5.3570887035633055
2023-05-21,2,0,2,0,0,2,0,2,4,0,0,2,2023,5,21,6,141,20,2,1,0,0,-0.7818314824680299,0.6234898018587334,0.6551563572090853,-0.7554933140726803,0.6631226582407952,-0.7485107481711012,0.49999999999999994,-0.8660254037844387,0.0,0.0,0.0,0.0,1.0,2.0,0.6666666666666666,1.1547005383792492,2.0,2.0,0.5714285714285714,0.7867957924694426,4.0,2.0,0.7142857142857143,1.138728807356387,10.0,4.0,0.8214285714285714,1.1564175661505633,23.0,4.0,1.1428571428571428,1.4576266067396433,64.0,5.0,1.0,1.3079921152262253,84.0,5.0,2.0,2.0,0.0,1319,0.3661865049279757,0.15921152388172857,0.3199393479909022,0.24791508718726307,0.15466262319939347,0.3009855951478393,43.28363914373089,5.3570887035633055
2023-05-22,0,0,0,0,0,0,0,0,0,0,0,0,2023,5,22,0,142,21,2,0,1,0,0.0,1.0,0.6420547132365637,-0.766658819300159,0.5680647467311558,-0.8229838658936564,0.49999999999999994,-0.8660254037844387,2.0,0.0,0.0,0.0,1.0,2.0,0.6666666666666666,1.1547005383792492,2.0,2.0,0.5714285714285714,0.7867957924694426,4.0,2.0,0.6428571428571429,1.1507283885330313,9.0,4.0,0.75,1.142609100066843,21.0,4.0,1.1428571428571428,1.4576266067396433,64.0,5.0,0.9880952380952381,1.3125350034946637,83.0,5.0,-2.0,0.0,-2.0,1319,0.3661865049279757,0.15921152388172857,0.3199393479909022,0.24791508718726307,0.15466262319939347,0.3009855951478393,43.28363914373089,5.3570887035633055
2023-05-23,0,0,0,0,0,0,0,0,0,0,0,0,2023,5,23,1,143,21,2,0,0,0,0.7818314824680298,0.6234898018587336,0.6287628145958344,-0.7775971469736269,0.5680647467311558,-0.8229838658936564,0.49999999999999994,-0.8660254037844387,0.0,2.0,0.0,1.0,0.0,0.0,0.6666666666666666,1.1547005383792492,2.0,2.0,0.42857142857142855,0.7867957924694426,3.0,2.0,0.6428571428571429,1.1507283885330313,9.0,4.0,0.75,1.142609100066843,21.0,4.0,1.1071428571428572,1.46074167249594,62.0,5.0,0.9880952380952381,1.3125350034946637,83.0,5.0,0.0,-1.0,0.0,1319,0.3661865049279757,0.15921152388172857,0.3199393479909022,0.24791508718726307,0.15466262319939347,0.3009855951478393,43.28363914373089,5.3570887035633055
2023-05-24,1,0,0,0,0,1,0,1,2,0,0,1,2023,5,24,2,144,21,2,0,0,0,0.9749279121818236,-0.22252093395631434,0.6152845999633276,-0.7883050558305255,0.5680647467311558,-0.8229838658936564,0.49999999999999994,-0.8660254037844387,0.0,0.0,2.0,1.0,4.0,4.0,0.3333333333333333,0.5773502691896195,1.0,1.0,0.42857142857142855,0.7867957924694426,3.0,2.0,0.42857142857142855,0.6462061726588667,6.0,2.0,0.6428571428571429,0.9511897312113448,18.0,4.0,1.1071428571428572,1.46074167249594,62.0,5.0,0.9642857142857143,1.2936026891529795,81.0,5.0,1.0,0.0,-3.0,1319,0.3661865049279757,0.15921152388172857,0.3199393479909022,0.24791508718726307,0.15466262319939347,0.3009855951478393,43.28363914373089,5.3570887035633055
2023-05-25,0,0,0,0,0,0,0,0,0,0,0,0,2023,5,25,3,145,21,2,0,0,0,0.43388373911755823,-0.900968867902419,0.6016240632249226,-0.7987793728863649,0.5680647467311558,-0.8229838658936564,0.49999999999999994,-0.8660254037844387,1.0,0.0,0.0,0.0,0.0,0.0,0.3333333333333333,0.5773502691896195,1.0,1.0,0.42857142857142855,0.7867957924694426,3.0,2.0,0.42857142857142855,0.6462061726588667,6.0,2.0,0.6428571428571429,0.9511897312113448,18.0,4.0,1.0178571428571428,1.3683576277430543,57.0,5.0,0.9642857142857143,1.2936026891529795,81.0,5.0,-1.0,0.0,0.0,1319,0.3661865049279757,0.15921152388172857,0.3199393479909022,0.24791508718726307,0.15466262319939347,0.3009855951478393,43.28363914373089,5.3570887035633055
2023-05-26,0,0,0,0,0,0,0,0,0,0,0,0,2023,5,26,4,146,21,2,0,0,1,-0.433883739117558,-0.9009688679024191,0.5877852522924732,-0.8090169943749473,0.5680647467311558,-0.8229838658936564,0.49999999999999994,-0.8660254037844387,0.0,1.0,0.0,0.0,1.0,0.0,0.3333333333333333,0.5773502691896195,1.0,1.0,0.42857142857142855,0.7867957924694426,3.0,2.0,0.35714285714285715,0.6333236937766538,5.0,2.0,0.6428571428571429,0.9511897312113448,18.0,4.0,0.9285714285714286,1.2628559675613038,52.0,5.0,0.9523809523809523,1.2978644359449285,80.0,5.0,0.0,0.0,0.0,1319,0.3661865049279757,0.15921152388172857,0.3199393479909022,0.24791508718726307,0.15466262319939347,0.3009855951478393,43.28363914373089,5.3570887035633055
2023-05-27,0,0,0,0,0,0,0,0,0,0,0,0,2023,5,27,5,147,21,2,1,0,0,-0.9749279121818236,-0.2225209339563146,0.5737722679043246,-0.8190148866680801,0.5680647467311558,-0.8229838658936564,0.49999999999999994,-0.8660254037844387,0.0,0.0,1.0,0.0,0.0,2.0,0.0,0.0,0.0,0.0,0.42857142857142855,0.7867957924694426,3.0,2.0,0.35714285714285715,0.6333236937766538,5.0,2.0,0.5714285714285714,0.9200874124564754,16.0,4.0,0.8392857142857143,1.1406024837663769,47.0,4.0,0.9523809523809523,1.2978644359449285,80.0,5.0,0.0,0.0,-2.0,1319,0.3661865049279757,0.15921152388172857,0.3199393479909022,0.24791508718726307,0.15466262319939347,0.3009855951478393,43.28363914373089,5.3570887035633055
2023-05-28,3,1,1,1,1,0,1,0,5,0,0,0,2023,5,28,6,148,21,2,1,0,0,-0.7818314824680299,0.6234898018587334,0.5595892624101765,-0.8287700871745038,0.5680647467311558,-0.8229838658936564,0.49999999999999994,-0.8660254037844387,0.0,0.0,0.0,2.0,0.0,0.0,1.0,1.7320508075688763,3.0,3.0,0.5714285714285714,1.1338934190276815,4.0,3.0,0.5714285714285714,0.9376144618769926,8.0,3.0,0.6785714285714286,1.0202966681339778,19.0,4.0,0.8928571428571429,1.1705254675272436,50.0,4.0,0.9880952380952381,1.3125350034946637,83.0,5.0,3.0,1.0,3.0,1319,0.3661865049279757,0.15921152388172857,0.3199393479909022,0.24791508718726307,0.15466262319939347,0.3009855951478393,43.28363914373089,5.3570887035633055
2023-05-29,0,0,0,0,0,0,0,0,0,0,0,0,2023,5,29,0,149,22,2,0,1,0,0.0,1.0,0.545240438540651,-0.8382797052177744,0.46472317204376906,-0.8854560256532096,0.49999999999999994,-0.8660254037844387,3.0,0.0,0.0,0.0,0.0,2.0,1.0,1.7320508075688763,3.0,3.0,0.5714285714285714,1.1338934190276815,4.0,3.0,0.5714285714285714,0.9376144618769926,8.0,3.0,0.6071428571428571,0.9940297973880077,17.0,4.0,0.8571428571428571,1.1666357447973907,48.0,4.0,0.9880952380952381,1.3125350034946637,83.0,5.0,-3.0,0.0,-2.0,1319,0.3661865049279757,0.15921152388172857,0.3199393479909022,0.24791508718726307,0.15466262319939347,0.3009855951478393,43.28363914373089,5.3570887035633055
2023-05-30,0,0,0,0,0,0,0,0,0,0,0,0,2023,5,30,1,150,22,2,0,0,0,0.7818314824680298,0.6234898018587336,0.5307300481619334,-0.8475409228928311,0.46472317204376906,-0.8854560256532096,0.49999999999999994,-0.8660254037844387,0.0,3.0,0.0,0.0,1.0,1.0,1.0,1.7320508075688763,3.0,3.0,0.5714285714285714,1.1338934190276815,4.0,3.0,0.5,0.940539943125962,7.0,3.0,0.5714285714285714,0.9973509887241304,16.0,4.0,0.8571428571428571,1.1666357447973907,48.0,4.0,0.9880952380952381,1.3125350034946637,83.0,5.0,0.0,0.0,-1.0,1319,0.3661865049279757,0.15921152388172857,0.3199393479909022,0.24791508718726307,0.15466262319939347,0.3009855951478393,43.28363914373089,5.3570887035633055
2023-05-31,1,0,0,0,0,0,0,0,2,0,0,0,2023,5,31,2,151,22,2,0,0,0,0.9749279121818236,-0.22252093395631434,0.5160623910158528,-0.8565509959010036,0.46472317204376906,-0.8854560256532096,0.49999999999999994,-0.8660254037844387,0.0,0.0,3.0,1.0,1.0,0.0,0.3333333333333333,0.5773502691896196,1.0,1.0,0.5714285714285714,1.1338934190276815,4.0,3.0,0.5,0.940539943125962,7.0,3.0,0.6071428571428571,0.9940297973880077,17.0,4.0,0.8035714285714286,1.0857698208626476,45.0,4.0,0.9761904761904762,1.3077727822632972,82.0,5.0,1.0,0.0,1.0,1319,0.3661865049279757,0.15921152388172857,0.3199393479909022,0.24791508718726307,0.15466262319939347,0.3009855951478393,43.28363914373089,5.3570887035633055
2023-06-01,2,2,0,2,0,0,0,0,4,0,0,0,2023,6,1,3,152,22,2,0,0,0,0.43388373911755823,-0.900968867902419,0.5012418134457758,-0.865307254363206,0.46472317204376906,-0.8854560256532096,1.2246467991473532e-16,-1.0,1.0,0.0,0.0,0.0,0.0,0.0,1.0,0.9999999999999982,3.0,2.0,0.8571428571428571,1.2149857925879115,6.0,3.0,0.6428571428571429,1.0082080720186282,9.0,3.0,0.6785714285714286,1.0202966681339778,19.0,4.0,0.8035714285714286,1.0857698208626476,45.0,4.0,0.9880952380952381,1.3125350034946637,83.0,5.0,1.0,2.0,2.0,1319,0.3661865049279757,0.15921152388172857,0.3199393479909022,0.24791508718726307,0.15466262319939347,0.3009855951478393,43.28363914373089,5.3570887035633055
2023-06-02,0,0,0,0,0,0,0,0,0,0,0,0,2023,6,2,4,153,22,2,0,0,1,-0.433883739117558,-0.9009688679024191,0.48627270710868997,-0.8738071036110808,0.46472317204376906,-0.8854560256532096,1.2246467991473532e-16,-1.0,2.0,1.0,0.0,0.0,0.0,1.0,1.0,0.9999999999999982,3.0,2.0,0.8571428571428571,1.2149857925879115,6.0,3.0,0.6428571428571429,1.0082080720186282,9.0,3.0,0.6428571428571429,1.0261140545329541,18.0,4.0,0.8035714285714286,1.0857698208626476,45.0,4.0,0.9761904761904762,1.316953315638354,82.0,5.0,-2.0,0.0,-1.0,1319,0.3661865049279757,0.15921152388172857,0.3199393479909022,0.24791508718726307,0.15466262319939347,0.3009855951478393,43.28363914373089,5.3570887035633055
2023-06-03,1,0,1,0,0,0,0,0,2,0,0,1,2023,6,3,5,154,22,2,1,0,0,-0.9749279121818236,-0.2225209339563146,0.4711595076738638,-0.8820480249558537,0.46472317204376906,-0.8854560256532096,1.2246467991473532e-16,-1.0,0.0,2.0,1.0,0.0,0.0,0.0,1.0,0.9999999999999982,3.0,2.0,1.0,1.1547005383792512,7.0,3.0,0.7142857142857143,0.9944903161976952,10.0,3.0,0.6785714285714286,1.0202966681339778,19.0,4.0,0.8214285714285714,1.0805241633265168,46.0,4.0,0.9880952380952381,1.3125350034946637,83.0,5.0,1.0,1.0,1.0,1319,0.3661865049279757,0.15921152388172857,0.3199393479909022,0.24791508718726307,0.15466262319939347,0.3009855951478393,43.28363914373089,5.3570887035633055
2023-06-04,1,0,1,0,0,0,0,0,2,0,0,1,2023,6,4,6,155,22,2,1,0,0,-0.7818314824680299,0.6234898018587334,0.4559066935084588,-0.8900275764346767,0.46472317204376906,-0.8854560256532096,1.2246467991473532e-16,-1.0,1.0,0.0,2.0,3.0,2.0,1.0,0.6666666666666666,0.5773502691896212,2.0,1.0,0.7142857142857143,0.7559289460184542,5.0,2.0,0.6428571428571429,0.9287827316640667,9.0,3.0,0.6785714285714286,1.0202966681339778,19.0,4.0,0.8392857142857143,1.0749509200514609,47.0,4.0,0.9880952380952381,1.3125350034946637,83.0,5.0,0.0,-2.0,0.0,1319,0.3661865049279757,0.15921152388172857,0.3199393479909022,0.24791508718726307,0.15466262319939347,0.3009855951478393,43.28363914373089,5.3570887035633055
2023-06-05,3,1,2,1,0,0,0,0,6,0,0,0,2023,6,5,0,156,23,2,0,1,0,0.0,1.0,0.440518784350495,-0.8977433935342337,0.35460488704253584,-0.9350162426854147,1.2246467991473532e-16,-1.0,1.0,1.0,0.0,0.0,0.0,1.0,1.6666666666666667,1.1547005383792517,5.0,3.0,1.1428571428571428,1.0690449676496974,8.0,3.0,0.8571428571428571,1.0994504121565516,12.0,3.0,0.75,1.1097213530799013,21.0,4.0,0.875,1.1129404133359366,49.0,4.0,1.0238095238095237,1.326070292674194,86.0,5.0,2.0,3.0,2.0,1319,0.3661865049279757,0.15921152388172857,0.3199393479909022,0.24791508718726307,0.15466262319939347,0.3009855951478393,43.28363914373089,5.3570887035633055
2023-06-06,0,0,0,0,0,0,0,0,0,0,0,0,2023,6,6,1,157,23,2,0,0,0,0.7818314824680298,0.6234898018587336,0.42500033996955416,-0.9051931898913974,0.35460488704253584,-0.9350162426854147,1.2246467991473532e-16,-1.0,3.0,1.0,1.0,0.0,0.0,0.0,1.3333333333333333,1.527525231651946,4.0,3.0,1.1428571428571428,1.0690449676496974,8.0,3.0,0.8571428571428571,1.0994504121565516,12.0,3.0,0.75,1.1097213530799013,21.0,4.0,0.8571428571428571,1.1189048449032892,48.0,4.0,1.0119047619047619,1.3307670368937885,85.0,5.0,-3.0,0.0,0.0,1319,0.3661865049279757,0.15921152388172857,0.3199393479909022,0.24791508718726307,0.15466262319939347,0.3009855951478393,43.28363914373089,5.3570887035633055
2023-06-07,0,0,0,0,0,0,0,0,0,0,0,0,2023,6,7,2,158,23,2,0,0,0,0.9749279121818236,-0.22252093395631434,0.4093559588156213,-0.9123747579707273,0.35460488704253584,-0.9350162426854147,1.2246467991473532e-16,-1.0,0.0,3.0,1.0,1.0,1.0,4.0,1.0,1.732050807568876,3.0,3.0,1.0,1.1547005383792512,7.0,3.0,0.7857142857142857,1.1217137594956037,11.0,3.0,0.6071428571428571,0.9164862737363259,17.0,3.0,0.8571428571428571,1.1189048449032892,48.0,4.0,1.0119047619047619,1.3307670368937885,85.0,5.0,0.0,-1.0,-4.0,1319,0.3661865049279757,0.15921152388172857,0.3199393479909022,0.24791508718726307,0.15466262319939347,0.3009855951478393,43.28363914373089,5.3570887035633055
2023-06-08,0,0,0,0,0,0,0,0,0,0,0,0,2023,6,8,3,159,23,2,0,0,0,0.43388373911755823,-0.900968867902419,0.39359027665646673,-0.9192859697186104,0.35460488704253584,-0.9350162426854147,1.2246467991473532e-16,-1.0,0.0,0.0,3.0,2.0,0.0,0.0,0.0,0.0,0.0,0.0,0.7142857142857143,1.1126972805283732,5.0,3.0,0.7857142857142857,1.1217137594956037,11.0,3.0,0.6071428571428571,0.9164862737363259,17.0,3.0,0.8571428571428571,1.1189048449032892,48.0,4.0,1.0119047619047619,1.3307670368937885,85.0,5.0,0.0,-2.0,0.0,1319,0.3661865049279757,0.15921152388172857,0.3199393479909022,0.24791508718726307,0.15466262319939347,0.3009855951478393,43.28363914373089,5.3570887035633055
2023-06-09,0,0,0,0,0,0,0,0,0,0,0,0,2023,6,9,4,160,23,2,0,0,1,-0.433883739117558,-0.9009688679024191,0.3777079652039649,-0.9259247771938498,0.35460488704253584,-0.9350162426854147,1.2246467991473532e-16,-1.0,0.0,0.0,0.0,0.0,0.0,1.0,0.0,0.0,0.0,0.0,0.7142857142857143,1.1126972805283732,5.0,3.0,0.7857142857142857,1.1217137594956037,11.0,3.0,0.5714285714285714,0.9200874124564754,16.0,3.0,0.8392857142857143,1.1245489716372479,47.0,4.0,0.9880952380952381,1.3307670368937885,83.0,5.0,0.0,0.0,-1.0,1319,0.3661865049279757,0.15921152388172857,0.3199393479909022,0.24791508718726307,0.15466262319939347,0.3009855951478393,43.28363914373089,5.3570887035633055
2023-06-10,1,1,0,1,0,0,0,0,2,1,1,0,2023,6,10,5,161,23,2,1,0,0,-0.9749279121818236,-0.2225209339563146,0.36171373072976765,-0.9322892131745133,0.35460488704253584,-0.9350162426854147,1.2246467991473532e-16,-1.0,0.0,0.0,0.0,1.0,0.0,0.0,0.3333333333333333,0.5773502691896193,1.0,1.0,0.7142857142857143,1.1126972805283732,5.0,3.0,0.8571428571428571,1.0994504121565516,12.0,3.0,0.6071428571428571,0.9164862737363259,17.0,3.0,0.8035714285714286,1.0857698208626476,45.0,4.0,0.9761904761904762,1.326070292674194,82.0,5.0,1.0,0.0,1.0,1319,0.3661865049279757,0.15921152388172857,0.3199393479909022,0.24791508718726307,0.15466262319939347,0.3009855951478393,43.28363914373089,5.3570887035633055
2023-06-11,0,0,0,0,0,0,0,0,0,0,0,0,2023,6,11,6,162,23,2,1,0,0,-0.7818314824680299,0.6234898018587334,0.3456123126707335,-0.9383773917408641,0.35460488704253584,-0.9350162426854147,1.2246467991473532e-16,-1.0,1.0,0.0,0.0,1.0,3.0,0.0,0.3333333333333333,0.5773502691896193,1.0,1.0,0.5714285714285714,1.1338934190276813,4.0,3.0,0.6428571428571429,0.9287827316640666,9.0,3.0,0.6071428571428571,0.9164862737363259,17.0,3.0,0.7857142857142857,1.0906926192151443,44.0,4.0,0.9642857142857143,1.3303358446469429,81.0,5.0,-1.0,-1.0,0.0,1319,0.3661865049279757,0.15921152388172857,0.3199393479909022,0.24791508718726307,0.15466262319939347,0.3009855951478393,43.28363914373089,5.3570887035633055
2023-06-12,1,0,0,0,0,1,0,1,2,0,0,1,2023,6,12,0,163,24,2,0,1,0,0.0,1.0,0.3294084822245304,-0.9441875088341993,0.23931566428755768,-0.970941817426052,1.2246467991473532e-16,-1.0,0.0,1.0,0.0,3.0,0.0,0.0,0.6666666666666666,0.577350269189621,2.0,1.0,0.2857142857142857,0.48795003647426566,2.0,1.0,0.7142857142857143,0.913873533463377,10.0,3.0,0.6428571428571429,0.9114207758701994,18.0,3.0,0.8035714285714286,1.0857698208626476,45.0,4.0,0.9761904761904762,1.326070292674194,82.0,5.0,1.0,-2.0,1.0,1319,0.3661865049279757,0.15921152388172857,0.3199393479909022,0.24791508718726307,0.15466262319939347,0.3009855951478393,43.28363914373089,5.3570887035633055
2023-06-13,1,0,0,0,0,0,0,0,2,0,0,0,2023,6,13,1,164,24,2,0,0,0,0.7818314824680298,0.6234898018587336,0.3131070409358269,-0.9497178427914316,0.23931566428755768,-0.970941817426052,1.2246467991473532e-16,-1.0,1.0,0.0,1.0,0.0,0.0,1.0,0.6666666666666666,0.577350269189621,2.0,1.0,0.42857142857142855,0.534522483824848,3.0,1.0,0.7857142857142857,0.8925823753039824,11.0,3.0,0.6428571428571429,0.9114207758701994,18.0,3.0,0.8035714285714286,1.0857698208626476,45.0,4.0,0.9880952380952381,1.3216824584373152,83.0,5.0,0.0,1.0,0.0,1319,0.3661865049279757,0.15921152388172857,0.3199393479909022,0.24791508718726307,0.15466262319939347,0.3009855951478393,43.28363914373089,5.3570887035633055
2023-06-14,1,1,0,0,0,2,0,1,2,0,0,0,2023,6,14,2,165,24,2,0,0,0,0.9749279121818236,-0.22252093395631434,0.29671281927349075,-0.9549667548552551,0.23931566428755768,-0.970941817426052,1.2246467991473532e-16,-1.0,1.0,1.0,0.0,0.0,1.0,1.0,1.0,0.0,3.0,1.0,0.5714285714285714,0.534522483824848,4.0,1.0,0.7857142857142857,0.8925823753039824,11.0,3.0,0.6428571428571429,0.9114207758701994,18.0,3.0,0.8214285714285714,1.0805241633265168,46.0,4.0,0.9761904761904762,1.3169533156383542,82.0,5.0,0.0,1.0,0.0,1319,0.3661865049279757,0.15921152388172857,0.3199393479909022,0.24791508718726307,0.15466262319939347,0.3009855951478393,43.28363914373089,5.3570887035633055
2023-06-15,0,0,0,0,0,0,0,0,0,0,0,0,2023,6,15,3,166,24,2,0,0,0,0.43388373911755823,-0.900968867902419,0.28023067519921585,-0.9599326896597447,0.23931566428755768,-0.970941817426052,1.2246467991473532e-16,-1.0,1.0,1.0,1.0,0.0,2.0,0.0,0.6666666666666666,0.577350269189621,2.0,1.0,0.5714285714285714,0.534522483824848,4.0,1.0,0.6428571428571429,0.8418973861410971,9.0,3.0,0.6428571428571429,0.9114207758701994,18.0,3.0,0.7857142857142857,1.0738932690201364,44.0,4.0,0.9761904761904762,1.3169533156383542,82.0,5.0,-1.0,0.0,0.0,1319,0.3661865049279757,0.15921152388172857,0.3199393479909022,0.24791508718726307,0.15466262319939347,0.3009855951478393,43.28363914373089,5.3570887035633055
2023-06-16,2,2,0,0,0,0,0,0,4,0,0,0,2023,6,16,4,167,24,2,0,0,1,-0.433883739117558,-0.9009688679024191,0.26366549272800704,-0.9646141756912435,0.23931566428755768,-0.970941817426052,1.2246467991473532e-16,-1.0,0.0,1.0,1.0,0.0,0.0,0.0,1.0,0.9999999999999981,3.0,2.0,0.8571428571428571,0.6900655593423537,6.0,2.0,0.7857142857142857,0.8925823753039824,11.0,3.0,0.7142857142857143,0.9371802805794004,20.0,3.0,0.7678571428571429,1.0443104976894646,43.0,4.0,0.9761904761904762,1.3169533156383542,82.0,5.0,2.0,2.0,2.0,1319,0.3661865049279757,0.15921152388172857,0.3199393479909022,0.24791508718726307,0.15466262319939347,0.3009855951478393,43.28363914373089,5.3570887035633055
2023-06-17,2,1,0,0,0,1,0,1,4,0,0,1,2023,6,17,5,168,24,2,1,0,0,-0.9749279121818236,-0.2225209339563146,0.24702218048093552,-0.9690098257244062,0.23931566428755768,-0.970941817426052,1.2246467991473532e-16,-1.0,2.0,0.0,1.0,1.0,1.0,0.0,1.3333333333333333,1.1547005383792508,4.0,2.0,1.0,0.8164965809277256,7.0,2.0,0.8571428571428571,0.9492622930986481,12.0,3.0,0.7857142857142857,0.9567360740266464,22.0,3.0,0.8035714285714286,1.0517456114331225,45.0,4.0,1.0,1.317171119876284,84.0,5.0,0.0,1.0,2.0,1319,0.3661865049279757,0.15921152388172857,0.3199393479909022,0.24791508718726307,0.15466262319939347,0.3009855951478393,43.28363914373089,5.3570887035633055
2023-06-18,0,0,0,0,0,0,0,0,0,0,0,0,2023,6,18,6,169,24,2,1,0,0,-0.7818314824680299,0.6234898018587334,0.23030567023061221,-0.9731183372332619,0.23931566428755768,-0.970941817426052,1.2246467991473532e-16,-1.0,2.0,2.0,0.0,0.0,1.0,2.0,1.3333333333333333,1.1547005383792508,4.0,2.0,1.0,0.8164965809277256,7.0,2.0,0.7857142857142857,0.9749612559222306,11.0,3.0,0.7142857142857143,0.9371802805794004,20.0,3.0,0.7678571428571429,1.0443104976894646,43.0,4.0,1.0,1.317171119876284,84.0,5.0,-2.0,0.0,-2.0,1319,0.3661865049279757,0.15921152388172857,0.3199393479909022,0.24791508718726307,0.15466262319939347,0.3009855951478393,43.28363914373089,5.3570887035633055
2023-06-19,0,0,0,0,0,0,0,0,0,0,0,0,2023,6,19,0,170,25,2,0,1,0,0.0,1.0,0.21352091543979612,-0.9769384927771817,0.12053668025532308,-0.992708874098054,1.2246467991473532e-16,-1.0,0.0,2.0,2.0,1.0,3.0,0.0,0.6666666666666666,1.1547005383792495,2.0,2.0,0.8571428571428571,0.8997354108424369,6.0,2.0,0.5714285714285714,0.7559289460184564,8.0,2.0,0.7142857142857143,0.9371802805794004,20.0,3.0,0.7321428571428571,1.0355687313754696,41.0,4.0,1.0,1.317171119876284,84.0,5.0,0.0,-1.0,0.0,1319,0.3661865049279757,0.15921152388172857,0.3199393479909022,0.24791508718726307,0.15466262319939347,0.3009855951478393,43.28363914373089,5.3570887035633055
2023-06-20,1,0,0,0,0,0,0,0,2,0,0,0,2023,6,20,1,171,25,2,0,0,0,0.7818314824680298,0.6234898018587336,0.19667288979357647,-0.980469160361632,0.12053668025532308,-0.992708874098054,1.2246467991473532e-16,-1.0,0.0,0.0,2.0,1.0,0.0,0.0,0.3333333333333333,0.57735026918962,1.0,1.0,0.8571428571428571,0.8997354108424369,6.0,2.0,0.6428571428571429,0.7449463436684939,9.0,2.0,0.75,0.9279607271383399,21.0,3.0,0.75,1.0313274764284937,42.0,4.0,0.9880952380952381,1.312535003494664,83.0,5.0,1.0,0.0,1.0,1319,0.3661865049279757,0.15921152388172857,0.3199393479909022,0.24791508718726307,0.15466262319939347,0.3009855951478393,43.28363914373089,5.3570887035633055
2023-06-21,1,1,0,1,0,0,0,0,2,0,0,0,2023,6,21,2,172,25,2,0,0,0,0.9749279121818236,-0.22252093395631434,0.1797665857255624,-0.9837092937736097,0.12053668025532308,-0.992708874098054,1.2246467991473532e-16,-1.0,1.0,0.0,0.0,1.0,0.0,1.0,0.6666666666666666,0.5773502691896214,2.0,1.0,0.8571428571428571,0.8997354108424369,6.0,2.0,0.7142857142857143,0.7262730392025647,10.0,2.0,0.75,0.9279607271383399,21.0,3.0,0.6964285714285714,0.9326334729169848,39.0,4.0,0.9880952380952381,1.312535003494664,83.0,5.0,0.0,0.0,0.0,1319,0.3661865049279757,0.15921152388172857,0.3199393479909022,0.24791508718726307,0.15466262319939347,0.3009855951478393,43.28363914373089,5.3570887035633055
2023-06-22,0,0,0,0,0,0,0,0,0,0,0,0,2023,6,22,3,173,25,2,0,0,0,0.43388373911755823,-0.900968867902419,0.16280701293851715,-0.986657932891657,0.12053668025532308,-0.992708874098054,1.2246467991473532e-16,-1.0,1.0,1.0,0.0,0.0,0.0,0.0,0.6666666666666666,0.5773502691896214,2.0,1.0,0.8571428571428571,0.8997354108424369,6.0,2.0,0.7142857142857143,0.7262730392025647,10.0,2.0,0.75,0.9279607271383399,21.0,3.0,0.6964285714285714,0.9326334729169848,39.0,4.0,0.9285714285714286,1.239760123375158,78.0,5.0,-1.0,0.0,0.0,1319,0.3661865049279757,0.15921152388172857,0.3199393479909022,0.24791508718726307,0.15466262319939347,0.3009855951478393,43.28363914373089,5.3570887035633055
2023-06-23,1,0,0,0,0,0,0,0,2,0,0,0,2023,6,23,4,174,25,2,0,0,1,-0.433883739117558,-0.9009688679024191,0.1457991969198751,-0.9893142039703663,0.12053668025532308,-0.992708874098054,1.2246467991473532e-16,-1.0,0.0,1.0,1.0,2.0,0.0,0.0,0.6666666666666666,0.5773502691896214,2.0,1.0,0.7142857142857143,0.755928946018454,5.0,2.0,0.7857142857142857,0.6992932067530698,11.0,2.0,0.7857142857142857,0.9172076325837277,22.0,3.0,0.7142857142857143,0.9286213772779861,40.0,4.0,0.8809523809523809,1.1554455866587583,74.0,5.0,1.0,-1.0,1.0,1319,0.3661865049279757,0.15921152388172857,0.3199393479909022,0.24791508718726307,0.15466262319939347,0.3009855951478393,43.28363914373089,5.3570887035633055
2023-06-24,2,0,0,0,0,0,0,0,4,0,0,2,2023,6,24,5,175,25,2,1,0,0,-0.9749279121818236,-0.2225209339563146,0.12874817745258132,-0.99167731989929,0.12053668025532308,-0.992708874098054,1.2246467991473532e-16,-1.0,1.0,0.0,1.0,2.0,1.0,0.0,1.0,0.9999999999999983,3.0,2.0,0.7142857142857143,0.755928946018454,5.0,2.0,0.8571428571428571,0.7703288865196449,12.0,2.0,0.8571428571428571,0.9315175080076985,24.0,3.0,0.7142857142857143,0.9286213772779861,40.0,4.0,0.8452380952380952,1.0697826332422344,71.0,4.0,1.0,0.0,2.0,1319,0.3661865049279757,0.15921152388172857,0.3199393479909022,0.24791508718726307,0.15466262319939347,0.3009855951478393,43.28363914373089,5.3570887035633055
2023-06-25,1,0,0,0,1,1,1,1,3,0,0,1,2023,6,25,6,176,25,2,1,0,0,-0.7818314824680299,0.6234898018587334,0.11165900712169512,-0.993746580436178,0.12053668025532308,-0.992708874098054,1.2246467991473532e-16,-1.0,2.0,1.0,0.0,0.0,0.0,3.0,1.3333333333333333,0.5773502691896244,4.0,2.0,0.8571428571428571,0.6900655593423536,6.0,2.0,0.9285714285714286,0.7300459115473734,13.0,2.0,0.7857142857142857,0.8325393042503748,22.0,3.0,0.7321428571428571,0.9242406500586201,41.0,4.0,0.8571428571428571,1.0658200886048572,72.0,4.0,-1.0,1.0,-2.0,1319,0.3661865049279757,0.15921152388172857,0.3199393479909022,0.24791508718726307,0.15466262319939347,0.3009855951478393,43.28363914373089,5.3570887035633055
2023-06-26,2,2,0,2,0,0,0,0,4,0,0,0,2023,6,26,0,177,26,2,0,1,0,0.0,1.0,0.09453674981719912,-0.9955213724144752,-3.216245299353273e-16,-1.0,1.2246467991473532e-16,-1.0,1.0,2.0,1.0,0.0,1.0,0.0,1.6666666666666667,0.5773502691896258,5.0,2.0,1.1428571428571428,0.6900655593423536,8.0,2.0,1.0,0.7844645405527377,14.0,2.0,0.8571428571428571,0.8482786803738053,24.0,3.0,0.7321428571428571,0.9242406500586201,41.0,4.0,0.8571428571428571,1.0658200886048572,72.0,4.0,1.0,2.0,2.0,1319,0.3661865049279757,0.15921152388172857,0.3199393479909022,0.24791508718726307,0.15466262319939347,0.3009855951478393,43.28363914373089,5.3570887035633055
2023-06-27,0,0,0,0,0,0,0,0,0,0,0,0,2023,6,27,1,178,26,2,0,0,0,0.7818314824680298,0.6234898018587336,0.07738647923346301,-0.9970011699250151,-3.216245299353273e-16,-1.0,1.2246467991473532e-16,-1.0,2.0,1.0,2.0,1.0,1.0,0.0,1.0,0.9999999999999982,3.0,2.0,1.0,0.8164965809277255,7.0,2.0,0.9285714285714286,0.8287419301647463,13.0,2.0,0.8571428571428571,0.8482786803738053,24.0,3.0,0.7142857142857143,0.9286213772779861,40.0,4.0,0.8571428571428571,1.0658200886048572,72.0,4.0,-2.0,-1.0,0.0,1319,0.3661865049279757,0.15921152388172857,0.3199393479909022,0.24791508718726307,0.15466262319939347,0.3009855951478393,43.28363914373089,5.3570887035633055
2023-06-28,2,2,0,2,0,0,0,0,4,0,0,0,2023,6,28,2,179,26,2,0,0,0,0.9749279121818236,-0.22252093395631434,0.06021327736579302,-0.9981855344718586,-3.216245299353273e-16,-1.0,1.2246467991473532e-16,-1.0,0.0,2.0,1.0,1.0,1.0,1.0,1.3333333333333333,1.1547005383792508,4.0,2.0,1.1428571428571428,0.8997354108424369,8.0,2.0,1.0,0.8770580193070306,14.0,2.0,0.8928571428571429,0.8751417118804363,25.0,3.0,0.75,0.9390517460812176,42.0,4.0,0.8333333333333334,1.0159372589172149,70.0,4.0,2.0,1.0,1.0,1319,0.3661865049279757,0.15921152388172857,0.3199393479909022,0.24791508718726307,0.15466262319939347,0.3009855951478393,43.28363914373089,5.3570887035633055
2023-06-29,0,0,0,0,0,0,0,0,0,0,0,0,2023,6,29,3,180,26,2,0,0,0,0.43388373911755823,-0.900968867902419,0.04302223300453059,-0.99907411510223,-3.216245299353273e-16,-1.0,1.2246467991473532e-16,-1.0,2.0,0.0,2.0,0.0,0.0,2.0,0.6666666666666666,1.1547005383792492,2.0,2.0,1.1428571428571428,0.8997354108424369,8.0,2.0,1.0,0.8770580193070306,14.0,2.0,0.8214285714285714,0.8629652337776995,23.0,3.0,0.75,0.9390517460812176,42.0,4.0,0.8095238095238095,1.0116929682847846,68.0,4.0,-2.0,0.0,-2.0,1319,0.3661865049279757,0.15921152388172857,0.3199393479909022,0.24791508718726307,0.15466262319939347,0.3009855951478393,43.28363914373089,5.3570887035633055
2023-06-30,1,0,0,0,0,0,0,0,2,0,0,0,2023,6,30,4,181,26,2,0,0,1,-0.433883739117558,-0.9009688679024191,0.02581844022713308,-0.9996666485105112,-3.216245299353273e-16,-1.0,1.2246467991473532e-16,-1.0,0.0,2.0,0.0,1.0,2.0,0.0,1.0,0.9999999999999982,3.0,2.0,1.1428571428571428,0.8997354108424369,8.0,2.0,0.9285714285714286,0.8287419301647463,13.0,2.0,0.8571428571428571,0.8482786803738053,24.0,3.0,0.75,0.9390517460812176,42.0,4.0,0.8214285714285714,1.0079289787290517,69.0,4.0,1.0,0.0,1.0,1319,0.3661865049279757,0.15921152388172857,0.3199393479909022,0.24791508718726307,0.15466262319939347,0.3009855951478393,43.28363914373089,5.3570887035633055
2023-07-01,1,0,1,0,0,0,0,0,2,0,0,0,2023,7,1,5,182,26,3,1,0,0,-0.9749279121818236,-0.2225209339563146,0.008606996888688698,-0.9999629591162655,-3.216245299353273e-16,-1.0,-0.4999999999999997,-0.8660254037844388,1.0,0.0,2.0,2.0,2.0,1.0,0.6666666666666666,0.5773502691896212,2.0,1.0,1.0,0.8164965809277255,7.0,2.0,0.8571428571428571,0.7703288865196449,12.0,2.0,0.8571428571428571,0.8482786803738053,24.0,3.0,0.7678571428571429,0.9340249447432328,43.0,4.0,0.8333333333333334,1.004008032096385,70.0,4.0,0.0,-1.0,0.0,1319,0.3661865049279757,0.15921152388172857,0.3199393479909022,0.24791508718726307,0.15466262319939347,0.3009855951478393,43.28363914373089,5.3570887035633055
2023-07-02,2,0,1,0,0,1,0,1,4,0,0,1,2023,7,2,6,183,26,3,1,0,0,-0.7818314824680299,0.6234898018587334,-0.008606996888688009,-0.9999629591162655,-3.216245299353273e-16,-1.0,-0.4999999999999997,-0.8660254037844388,1.0,1.0,0.0,1.0,0.0,1.0,1.3333333333333333,0.5773502691896243,4.0,2.0,1.1428571428571428,0.8997354108424369,8.0,2.0,1.0,0.7844645405527377,14.0,2.0,0.8928571428571429,0.8751417118804363,25.0,3.0,0.7857142857142857,0.9479985752633283,44.0,4.0,0.8571428571428571,1.00771550229359,72.0,4.0,1.0,1.0,1.0,1319,0.3661865049279757,0.15921152388172857,0.3199393479909022,0.24791508718726307,0.15466262319939347,0.3009855951478393,43.28363914373089,5.3570887035633055
2023-07-03,0,0,0,0,0,0,0,0,0,0,0,0,2023,7,3,0,184,27,3,0,1,0,0.0,1.0,-0.02581844022713239,-0.9996666485105112,-0.12053668025532283,-0.992708874098054,-0.4999999999999997,-0.8660254037844388,2.0,1.0,1.0,2.0,0.0,3.0,1.0,0.9999999999999982,3.0,2.0,0.8571428571428571,0.8997354108424369,6.0,2.0,1.0,0.7844645405527377,14.0,2.0,0.7857142857142857,0.7867957924694463,22.0,2.0,0.7678571428571429,0.9532923128643362,43.0,4.0,0.8452380952380952,1.0119056056153883,71.0,4.0,-2.0,-2.0,-3.0,1319,0.3661865049279757,0.15921152388172857,0.3199393479909022,0.24791508718726307,0.15466262319939347,0.3009855951478393,43.28363914373089,5.3570887035633055
2023-07-04,0,0,0,0,0,0,0,0,0,0,0,0,2023,7,4,1,185,27,3,0,0,0,0.7818314824680298,0.6234898018587336,-0.04302223300453034,-0.99907411510223,-0.12053668025532283,-0.992708874098054,-0.4999999999999997,-0.8660254037844388,0.0,2.0,1.0,0.0,1.0,0.0,0.6666666666666666,1.1547005383792492,2.0,2.0,0.8571428571428571,0.8997354108424369,6.0,2.0,0.9285714285714286,0.8287419301647463,13.0,2.0,0.7857142857142857,0.7867957924694463,22.0,2.0,0.7678571428571429,0.9532923128643362,43.0,4.0,0.8333333333333334,1.0159372589172149,70.0,4.0,0.0,0.0,0.0,1319,0.3661865049279757,0.15921152388172857,0.3199393479909022,0.24791508718726307,0.15466262319939347,0.3009855951478393,43.28363914373089,5.3570887035633055
2023-07-05,3,0,0,0,0,0,0,0,3,0,0,3,2023,7,5,2,186,27,3,0,0,0,0.9749279121818236,-0.22252093395631434,-0.060213277365792774,-0.9981855344718586,-0.12053668025532283,-0.992708874098054,-0.4999999999999997,-0.8660254037844388,0.0,0.0,2.0,2.0,1.0,0.0,1.0,1.7320508075688763,3.0,3.0,1.0,1.154700538379251,7.0,3.0,1.0714285714285714,0.9972489631508759,15.0,3.0,0.8928571428571429,0.8751417118804363,25.0,3.0,0.75,0.8994948077064763,42.0,3.0,0.8690476190476191,1.038763884308489,73.0,4.0,3.0,1.0,3.0,1319,0.3661865049279757,0.15921152388172857,0.3199393479909022,0.24791508718726307,0.15466262319939347,0.3009855951478393,43.28363914373089,5.3570887035633055
2023-07-06,0,0,0,0,0,0,0,0,0,0,0,0,2023,7,6,3,187,27,3,0,0,0,0.43388373911755823,-0.900968867902419,-0.07738647923346322,-0.9970011699250151,-0.12053668025532283,-0.992708874098054,-0.4999999999999997,-0.8660254037844388,3.0,0.0,0.0,0.0,0.0,0.0,1.0,1.7320508075688763,3.0,3.0,1.0,1.154700538379251,7.0,3.0,1.0714285714285714,0.9972489631508759,15.0,3.0,0.8928571428571429,0.8751417118804363,25.0,3.0,0.75,0.8994948077064763,42.0,3.0,0.8690476190476191,1.038763884308489,73.0,4.0,-3.0,0.0,0.0,1319,0.3661865049279757,0.15921152388172857,0.3199393479909022,0.24791508718726307,0.15466262319939347,0.3009855951478393,43.28363914373089,5.3570887035633055
2023-07-07,0,0,0,0,0,0,0,0,0,0,0,0,2023,7,7,4,188,27,3,0,0,1,-0.433883739117558,-0.9009688679024191,-0.09453674981719933,-0.9955213724144752,-0.12053668025532283,-0.992708874098054,-0.4999999999999997,-0.8660254037844388,0.0,3.0,0.0,1.0,1.0,0.0,1.0,1.7320508075688763,3.0,3.0,0.8571428571428571,1.2149857925879115,6.0,3.0,1.0,1.0377490433255427,14.0,3.0,0.8928571428571429,0.8751417118804363,25.0,3.0,0.7321428571428571,0.9043545448866527,41.0,3.0,0.8571428571428571,1.042966773291138,72.0,4.0,0.0,-1.0,0.0,1319,0.3661865049279757,0.15921152388172857,0.3199393479909022,0.24791508718726307,0.15466262319939347,0.3009855951478393,43.28363914373089,5.3570887035633055
2023-07-08,1,0,0,0,0,0,0,0,2,1,1,0,2023,7,8,5,189,27,3,1,0,0,-0.9749279121818236,-0.2225209339563146,-0.11165900712169444,-0.9937465804361781,-0.12053668025532283,-0.992708874098054,-0.4999999999999997,-0.8660254037844388,0.0,0.0,3.0,1.0,2.0,1.0,0.3333333333333333,0.5773502691896198,1.0,1.0,0.8571428571428571,1.2149857925879115,6.0,3.0,0.9285714285714286,0.9972489631508759,13.0,3.0,0.8928571428571429,0.8751417118804363,25.0,3.0,0.75,0.8994948077064763,42.0,3.0,0.8333333333333334,1.015937258917215,70.0,4.0,1.0,0.0,0.0,1319,0.3661865049279757,0.15921152388172857,0.3199393479909022,0.24791508718726307,0.15466262319939347,0.3009855951478393,43.28363914373089,5.3570887035633055
2023-07-09,0,0,0,0,0,0,0,0,0,0,0,0,2023,7,9,6,190,27,3,1,0,0,-0.7818314824680299,0.6234898018587334,-0.12874817745258066,-0.99167731989929,-0.12053668025532283,-0.992708874098054,-0.4999999999999997,-0.8660254037844388,1.0,0.0,0.0,2.0,1.0,0.0,0.3333333333333333,0.5773502691896198,1.0,1.0,0.5714285714285714,1.1338934190276813,4.0,3.0,0.8571428571428571,1.0271051820261923,12.0,3.0,0.8928571428571429,0.8751417118804363,25.0,3.0,0.75,0.8994948077064763,42.0,3.0,0.8214285714285714,1.0198123414157911,69.0,4.0,-1.0,-2.0,0.0,1319,0.3661865049279757,0.15921152388172857,0.3199393479909022,0.24791508718726307,0.15466262319939347,0.3009855951478393,43.28363914373089,5.3570887035633055
2023-07-10,1,1,0,1,0,2,0,1,2,0,0,0,2023,7,10,0,191,28,3,0,1,0,0.0,1.0,-0.14579919691987442,-0.9893142039703664,-0.23931566428755743,-0.9709418174260521,-0.4999999999999997,-0.8660254037844388,0.0,1.0,0.0,0.0,2.0,1.0,0.6666666666666666,0.5773502691896213,2.0,1.0,0.7142857142857143,1.1126972805283732,5.0,3.0,0.7857142857142857,0.9749612559222306,11.0,3.0,0.8928571428571429,0.8751417118804363,25.0,3.0,0.7678571428571429,0.8942456735569518,43.0,3.0,0.8333333333333334,1.0159372589172149,70.0,4.0,1.0,1.0,0.0,1319,0.3661865049279757,0.15921152388172857,0.3199393479909022,0.24791508718726307,0.15466262319939347,0.3009855951478393,43.28363914373089,5.3570887035633055
2023-07-11,1,0,0,0,0,0,0,0,2,0,0,1,2023,7,11,1,192,28,3,0,0,0,0.7818314824680298,0.6234898018587336,-0.16280701293851646,-0.9866579328916572,-0.23931566428755743,-0.9709418174260521,-0.4999999999999997,-0.8660254037844388,1.0,0.0,1.0,0.0,0.0,1.0,0.6666666666666666,0.5773502691896213,2.0,1.0,0.8571428571428571,1.0690449676496971,6.0,3.0,0.8571428571428571,0.9492622930986481,12.0,3.0,0.8928571428571429,0.8751417118804363,25.0,3.0,0.7678571428571429,0.8942456735569518,43.0,3.0,0.8333333333333334,1.0159372589172149,70.0,4.0,0.0,1.0,0.0,1319,0.3661865049279757,0.15921152388172857,0.3199393479909022,0.24791508718726307,0.15466262319939347,0.3009855951478393,43.28363914373089,5.3570887035633055
2023-07-12,0,0,0,0,0,0,0,0,0,0,0,0,2023,7,12,2,193,28,3,0,0,0,0.9749279121818236,-0.22252093395631434,-0.17976658572556214,-0.9837092937736098,-0.23931566428755743,-0.9709418174260521,-0.4999999999999997,-0.8660254037844388,1.0,1.0,0.0,3.0,2.0,1.0,0.6666666666666666,0.5773502691896212,2.0,1.0,0.42857142857142855,0.5345224838248481,3.0,1.0,0.7142857142857143,0.913873533463377,10.0,3.0,0.8571428571428571,0.8908708063747506,24.0,3.0,0.75,0.8994948077064763,42.0,3.0,0.8333333333333334,1.0159372589172149,70.0,4.0,-1.0,-3.0,-1.0,1319,0.3661865049279757,0.15921152388172857,0.3199393479909022,0.24791508718726307,0.15466262319939347,0.3009855951478393,43.28363914373089,5.3570887035633055
2023-07-13,1,0,1,0,0,2,0,1,2,0,0,1,2023,7,13,3,194,28,3,0,0,0,0.43388373911755823,-0.900968867902419,-0.19667288979357622,-0.9804691603616321,-0.23931566428755743,-0.9709418174260521,-0.4999999999999997,-0.8660254037844388,0.0,1.0,1.0,0.0,0.0,0.0,0.6666666666666666,0.5773502691896212,2.0,1.0,0.5714285714285714,0.5345224838248481,4.0,1.0,0.7857142857142857,0.8925823753039824,11.0,3.0,0.8928571428571429,0.8751417118804363,25.0,3.0,0.7678571428571429,0.8942456735569518,43.0,3.0,0.8214285714285714,1.0079289787290517,69.0,4.0,1.0,1.0,1.0,1319,0.3661865049279757,0.15921152388172857,0.3199393479909022,0.24791508718726307,0.15466262319939347,0.3009855951478393,43.28363914373089,5.3570887035633055
2023-07-14,2,2,0,0,0,2,0,2,6,0,0,0,2023,7,14,4,195,28,3,0,0,1,-0.433883739117558,-0.9009688679024191,-0.2135209154397959,-0.9769384927771817,-0.23931566428755743,-0.9709418174260521,-0.4999999999999997,-0.8660254037844388,1.0,0.0,1.0,0.0,1.0,2.0,1.0,0.9999999999999982,3.0,2.0,0.8571428571428571,0.6900655593423538,6.0,2.0,0.8571428571428571,0.9492622930986481,12.0,3.0,0.8928571428571429,0.8751417118804363,25.0,3.0,0.8035714285714286,0.9029173496282713,45.0,3.0,0.8095238095238095,0.9875879155764011,68.0,4.0,1.0,2.0,0.0,1319,0.3661865049279757,0.15921152388172857,0.3199393479909022,0.24791508718726307,0.15466262319939347,0.3009855951478393,43.28363914373089,5.3570887035633055
2023-07-15,0,0,0,0,0,0,0,0,0,0,0,0,2023,7,15,5,196,28,3,1,0,0,-0.9749279121818236,-0.2225209339563146,-0.23030567023061196,-0.973118337233262,-0.23931566428755743,-0.9709418174260521,-0.4999999999999997,-0.8660254037844388,2.0,1.0,0.0,1.0,1.0,2.0,1.0,0.9999999999999983,3.0,2.0,0.7142857142857143,0.755928946018454,5.0,2.0,0.7857142857142857,0.9749612559222306,11.0,3.0,0.8214285714285714,0.8629652337776995,23.0,3.0,0.8035714285714286,0.9029173496282713,45.0,3.0,0.8095238095238095,0.9875879155764011,68.0,4.0,-2.0,-1.0,-2.0,1319,0.3661865049279757,0.15921152388172857,0.3199393479909022,0.24791508718726307,0.15466262319939347,0.3009855951478393,43.28363914373089,5.3570887035633055
2023-07-16,0,0,0,0,0,0,0,0,0,0,0,0,2023,7,16,6,197,28,3,1,0,0,-0.7818314824680299,0.6234898018587334,-0.24702218048093527,-0.9690098257244063,-0.23931566428755743,-0.9709418174260521,-0.4999999999999997,-0.8660254037844388,0.0,2.0,1.0,0.0,2.0,0.0,0.6666666666666666,1.1547005383792495,2.0,2.0,0.7142857142857143,0.755928946018454,5.0,2.0,0.6428571428571429,0.9287827316640666,9.0,3.0,0.8214285714285714,0.8629652337776995,23.0,3.0,0.7678571428571429,0.8942456735569518,43.0,3.0,0.7857142857142857,0.9826375690368324,66.0,4.0,0.0,0.0,0.0,1319,0.3661865049279757,0.15921152388172857,0.3199393479909022,0.24791508718726307,0.15466262319939347,0.3009855951478393,43.28363914373089,5.3570887035633055
2023-07-17,0,0,0,0,0,0,0,0,0,0,0,0,2023,7,17,0,198,29,3,0,1,0,0.0,1.0,-0.2636654927280072,-0.9646141756912435,-0.3546048870425356,-0.9350162426854148,-0.4999999999999997,-0.8660254037844388,0.0,0.0,2.0,1.0,0.0,0.0,0.0,0.0,0.0,0.0,0.5714285714285714,0.7867957924694426,4.0,2.0,0.6428571428571429,0.9287827316640666,9.0,3.0,0.8214285714285714,0.8629652337776995,23.0,3.0,0.7678571428571429,0.8942456735569518,43.0,3.0,0.7619047619047619,0.9770751487179021,64.0,4.0,0.0,-1.0,0.0,1319,0.3661865049279757,0.15921152388172857,0.3199393479909022,0.24791508718726307,0.15466262319939347,0.3009855951478393,43.28363914373089,5.3570887035633055
2023-07-18,1,0,0,0,0,3,0,1,2,0,0,0,2023,7,18,1,199,29,3,0,0,0,0.7818314824680298,0.6234898018587336,-0.2802306751992161,-0.9599326896597445,-0.3546048870425356,-0.9350162426854148,-0.4999999999999997,-0.8660254037844388,0.0,0.0,0.0,1.0,0.0,1.0,0.3333333333333333,0.5773502691896203,1.0,1.0,0.5714285714285714,0.7867957924694426,4.0,2.0,0.7142857142857143,0.913873533463377,10.0,3.0,0.8214285714285714,0.8629652337776995,23.0,3.0,0.7857142857142857,0.8886002417343759,44.0,3.0,0.7738095238095238,0.9737666338798023,65.0,4.0,1.0,0.0,0.0,1319,0.3661865049279757,0.15921152388172857,0.3199393479909022,0.24791508718726307,0.15466262319939347,0.3009855951478393,43.28363914373089,5.3570887035633055
2023-07-19,1,1,0,1,0,2,0,1,2,0,0,0,2023,7,19,2,200,29,3,0,0,0,0.9749279121818236,-0.22252093395631434,-0.2967128192734901,-0.9549667548552553,-0.3546048870425356,-0.9350162426854148,-0.4999999999999997,-0.8660254037844388,1.0,0.0,0.0,0.0,3.0,1.0,0.6666666666666666,0.5773502691896215,2.0,1.0,0.7142857142857143,0.755928946018454,5.0,2.0,0.5714285714285714,0.6462061726588663,8.0,2.0,0.8214285714285714,0.8629652337776995,23.0,3.0,0.7857142857142857,0.8886002417343759,44.0,3.0,0.7380952380952381,0.9067225186131548,62.0,4.0,0.0,1.0,0.0,1319,0.3661865049279757,0.15921152388172857,0.3199393479909022,0.24791508718726307,0.15466262319939347,0.3009855951478393,43.28363914373089,5.3570887035633055
2023-07-20,2,1,0,1,0,0,0,0,4,0,0,0,2023,7,20,3,201,29,3,0,0,0,0.43388373911755823,-0.900968867902419,-0.3131070409358267,-0.9497178427914317,-0.3546048870425356,-0.9350162426854148,-0.4999999999999997,-0.8660254037844388,1.0,1.0,0.0,1.0,0.0,0.0,1.3333333333333333,0.5773502691896241,4.0,2.0,0.8571428571428571,0.899735410842437,6.0,2.0,0.7142857142857143,0.7262730392025648,10.0,2.0,0.8928571428571429,0.8751417118804363,25.0,3.0,0.8214285714285714,0.8966025339558803,46.0,3.0,0.7619047619047619,0.9133421694695079,64.0,4.0,1.0,1.0,2.0,1319,0.3661865049279757,0.15921152388172857,0.3199393479909022,0.24791508718726307,0.15466262319939347,0.3009855951478393,43.28363914373089,5.3570887035633055
2023-07-21,1,0,0,1,0,0,0,0,2,1,1,0,2023,7,21,4,202,29,3,0,0,1,-0.433883739117558,-0.9009688679024191,-0.3294084822245302,-0.9441875088341994,-0.3546048870425356,-0.9350162426854148,-0.4999999999999997,-0.8660254037844388,2.0,1.0,1.0,2.0,0.0,1.0,1.3333333333333333,0.5773502691896241,4.0,2.0,0.7142857142857143,0.755928946018454,5.0,2.0,0.7857142857142857,0.6992932067530698,11.0,2.0,0.8928571428571429,0.8751417118804363,25.0,3.0,0.8392857142857143,0.8898781472106834,47.0,3.0,0.7738095238095238,0.9098019177528467,65.0,4.0,-1.0,-1.0,0.0,1319,0.3661865049279757,0.15921152388172857,0.3199393479909022,0.24791508718726307,0.15466262319939347,0.3009855951478393,43.28363914373089,5.3570887035633055
2023-07-22,1,0,0,0,0,0,0,0,2,0,0,1,2023,7,22,5,203,29,3,1,0,0,-0.9749279121818236,-0.2225209339563146,-0.3456123126707333,-0.9383773917408642,-0.3546048870425356,-0.9350162426854148,-0.4999999999999997,-0.8660254037844388,1.0,2.0,1.0,0.0,1.0,2.0,1.3333333333333333,0.5773502691896241,4.0,2.0,0.8571428571428571,0.6900655593423538,6.0,2.0,0.7857142857142857,0.6992932067530698,11.0,2.0,0.8571428571428571,0.8482786803738053,24.0,3.0,0.8571428571428571,0.8827348295047505,48.0,3.0,0.7619047619047619,0.9000541833629232,64.0,4.0,0.0,1.0,-1.0,1319,0.3661865049279757,0.15921152388172857,0.3199393479909022,0.24791508718726307,0.15466262319939347,0.3009855951478393,43.28363914373089,5.3570887035633055
2023-07-23,0,0,0,0,0,0,0,0,0,0,0,0,2023,7,23,6,204,29,3,1,0,0,-0.7818314824680299,0.6234898018587334,-0.3617137307297674,-0.9322892131745134,-0.3546048870425356,-0.9350162426854148,-0.4999999999999997,-0.8660254037844388,1.0,1.0,2.0,0.0,0.0,1.0,0.6666666666666666,0.5773502691896215,2.0,1.0,0.8571428571428571,0.6900655593423538,6.0,2.0,0.7857142857142857,0.6992932067530698,11.0,2.0,0.8214285714285714,0.8629652337776995,23.0,3.0,0.8035714285714286,0.8403385217689553,45.0,3.0,0.7619047619047619,0.9000541833629232,64.0,4.0,-1.0,0.0,-1.0,1319,0.3661865049279757,0.15921152388172857,0.3199393479909022,0.24791508718726307,0.15466262319939347,0.3009855951478393,43.28363914373089,5.3570887035633055
2023-07-24,0,0,0,0,0,0,0,0,0,0,0,0,2023,7,24,0,205,30,3,0,1,0,0.0,1.0,-0.37770796520396466,-0.9259247771938499,-0.46472317204376806,-0.8854560256532101,-0.4999999999999997,-0.8660254037844388,0.0,1.0,1.0,0.0,1.0,2.0,0.3333333333333333,0.5773502691896203,1.0,1.0,0.8571428571428571,0.6900655593423538,6.0,2.0,0.7142857142857143,0.7262730392025648,10.0,2.0,0.75,0.8443713418650398,21.0,3.0,0.8035714285714286,0.8403385217689553,45.0,3.0,0.7380952380952381,0.8933360735009048,62.0,4.0,0.0,0.0,-2.0,1319,0.3661865049279757,0.15921152388172857,0.3199393479909022,0.24791508718726307,0.15466262319939347,0.3009855951478393,43.28363914373089,5.3570887035633055
2023-07-25,2,1,0,0,0,2,0,1,5,0,0,0,2023,7,25,1,206,30,3,0,0,0,0.7818314824680298,0.6234898018587336,-0.39359027665646645,-0.9192859697186105,-0.46472317204376806,-0.8854560256532101,-0.4999999999999997,-0.8660254037844388,0.0,0.0,1.0,1.0,1.0,0.0,0.6666666666666666,1.1547005383792495,2.0,2.0,1.0,0.8164965809277257,7.0,2.0,0.7857142857142857,0.8017837257372747,11.0,2.0,0.8214285714285714,0.8629652337776995,23.0,3.0,0.8392857142857143,0.8480305679371739,47.0,3.0,0.75,0.9034738846480086,63.0,4.0,2.0,1.0,2.0,1319,0.3661865049279757,0.15921152388172857,0.3199393479909022,0.24791508718726307,0.15466262319939347,0.3009855951478393,43.28363914373089,5.3570887035633055
2023-07-26,0,0,0,0,0,0,0,0,0,0,0,0,2023,7,26,2,207,30,3,0,0,0,0.9749279121818236,-0.22252093395631434,-0.4093559588156211,-0.9123747579707274,-0.46472317204376806,-0.8854560256532101,-0.4999999999999997,-0.8660254037844388,2.0,0.0,0.0,1.0,0.0,2.0,0.6666666666666666,1.1547005383792495,2.0,2.0,0.8571428571428571,0.899735410842437,6.0,2.0,0.7857142857142857,0.8017837257372747,11.0,2.0,0.75,0.8443713418650398,21.0,3.0,0.8214285714285714,0.8550841076577396,46.0,3.0,0.75,0.9034738846480086,63.0,4.0,-2.0,-1.0,-2.0,1319,0.3661865049279757,0.15921152388172857,0.3199393479909022,0.24791508718726307,0.15466262319939347,0.3009855951478393,43.28363914373089,5.3570887035633055
2023-07-27,0,0,0,0,0,0,0,0,0,0,0,0,2023,7,27,3,208,30,3,0,0,0,0.43388373911755823,-0.900968867902419,-0.42500033996955394,-0.9051931898913975,-0.46472317204376806,-0.8854560256532101,-0.4999999999999997,-0.8660254037844388,0.0,2.0,0.0,2.0,1.0,0.0,0.6666666666666666,1.1547005383792495,2.0,2.0,0.5714285714285714,0.7867957924694425,4.0,2.0,0.7142857142857143,0.8254203058555587,10.0,2.0,0.75,0.8443713418650398,21.0,3.0,0.7857142857142857,0.8466895044129922,44.0,3.0,0.75,0.9034738846480086,63.0,4.0,0.0,-2.0,0.0,1319,0.3661865049279757,0.15921152388172857,0.3199393479909022,0.24791508718726307,0.15466262319939347,0.3009855951478393,43.28363914373089,5.3570887035633055
2023-07-28,0,0,0,0,0,0,0,0,0,0,0,0,2023,7,28,4,209,30,3,0,0,1,-0.433883739117558,-0.9009688679024191,-0.4405187843504952,-0.8977433935342336,-0.46472317204376806,-0.8854560256532101,-0.4999999999999997,-0.8660254037844388,0.0,0.0,2.0,1.0,2.0,1.0,0.0,0.0,0.0,0.0,0.42857142857142855,0.7867957924694424,3.0,2.0,0.5714285714285714,0.7559289460184564,8.0,2.0,0.7142857142857143,0.8544932592822106,20.0,3.0,0.7857142857142857,0.8466895044129922,44.0,3.0,0.7380952380952381,0.9067225186131549,62.0,4.0,0.0,-1.0,-1.0,1319,0.3661865049279757,0.15921152388172857,0.3199393479909022,0.24791508718726307,0.15466262319939347,0.3009855951478393,43.28363914373089,5.3570887035633055
2023-07-29,0,0,0,0,0,0,0,0,0,0,0,0,2023,7,29,5,210,30,3,1,0,0,-0.9749279121818236,-0.2225209339563146,-0.455906693508459,-0.8900275764346766,-0.46472317204376806,-0.8854560256532101,-0.4999999999999997,-0.8660254037844388,0.0,0.0,0.0,1.0,0.0,1.0,0.0,0.0,0.0,0.0,0.2857142857142857,0.7559289460184536,2.0,2.0,0.5714285714285714,0.7559289460184564,8.0,2.0,0.6785714285714286,0.8629652337776997,19.0,3.0,0.7678571428571429,0.8526124863899505,43.0,3.0,0.7380952380952381,0.9067225186131549,62.0,4.0,0.0,-1.0,-1.0,1319,0.3661865049279757,0.15921152388172857,0.3199393479909022,0.24791508718726307,0.15466262319939347,0.3009855951478393,43.28363914373089,5.3570887035633055
2023-07-30,1,0,1,0,0,0,0,0,1,0,0,0,2023,7,30,6,211,30,3,1,0,0,-0.7818314824680299,0.6234898018587334,-0.47115950767386394,-0.8820480249558535,-0.46472317204376806,-0.8854560256532101,-0.4999999999999997,-0.8660254037844388,0.0,0.0,0.0,0.0,0.0,2.0,0.3333333333333333,0.5773502691896203,1.0,1.0,0.42857142857142855,0.7867957924694424,3.0,2.0,0.6428571428571429,0.7449463436684939,9.0,2.0,0.6428571428571429,0.8261595987094067,18.0,3.0,0.7678571428571429,0.8526124863899505,43.0,3.0,0.7380952380952381,0.9067225186131549,62.0,4.0,1.0,1.0,-1.0,1319,0.3661865049279757,0.15921152388172857,0.3199393479909022,0.24791508718726307,0.15466262319939347,0.3009855951478393,43.28363914373089,5.3570887035633055
2023-07-31,1,0,1,0,0,1,0,1,2,0,0,1,2023,7,31,0,212,31,3,0,1,0,0.0,1.0,-0.4862727071086902,-0.8738071036110807,-0.5680647467311556,-0.8229838658936566,-0.4999999999999997,-0.8660254037844388,1.0,0.0,0.0,0.0,0.0,0.0,0.6666666666666666,0.5773502691896215,2.0,1.0,0.5714285714285714,0.7867957924694425,4.0,2.0,0.7142857142857143,0.7262730392025648,10.0,2.0,0.6785714285714286,0.8189230248533289,19.0,3.0,0.7321428571428571,0.7975205082246867,41.0,3.0,0.7380952380952381,0.9067225186131549,62.0,4.0,0.0,1.0,1.0,1319,0.3661865049279757,0.15921152388172857,0.3199393479909022,0.24791508718726307,0.15466262319939347,0.3009855951478393,43.28363914373089,5.3570887035633055
2023-08-01,0,0,0,0,0,0,0,0,0,0,0,0,2023,8,1,1,213,31,3,0,0,0,0.7818314824680298,0.6234898018587336,-0.5012418134457756,-0.8653072543632061,-0.5680647467311556,-0.8229838658936566,-0.8660254037844385,-0.5000000000000004,1.0,1.0,0.0,2.0,1.0,0.0,0.6666666666666666,0.5773502691896215,2.0,1.0,0.2857142857142857,0.48795003647426527,2.0,1.0,0.6428571428571429,0.7449463436684939,9.0,2.0,0.6785714285714286,0.8189230248533289,19.0,3.0,0.7321428571428571,0.7975205082246867,41.0,3.0,0.7380952380952381,0.9067225186131549,62.0,4.0,-1.0,-2.0,0.0,1319,0.3661865049279757,0.15921152388172857,0.3199393479909022,0.24791508718726307,0.15466262319939347,0.3009855951478393,43.28363914373089,5.3570887035633055
2023-08-02,2,0,0,0,0,0,0,0,4,0,0,0,2023,8,2,2,214,31,3,0,0,0,0.9749279121818236,-0.22252093395631434,-0.5160623910158526,-0.8565509959010037,-0.5680647467311556,-0.8229838658936566,-0.8660254037844385,-0.5000000000000004,0.0,1.0,1.0,0.0,1.0,3.0,1.0,0.9999999999999982,3.0,2.0,0.5714285714285714,0.7867957924694425,4.0,2.0,0.7142857142857143,0.8254203058555587,10.0,2.0,0.6428571428571429,0.7310208850583817,18.0,2.0,0.7678571428571429,0.8088391553459691,43.0,3.0,0.7142857142857143,0.8441353824416108,60.0,3.0,2.0,2.0,-1.0,1319,0.3661865049279757,0.15921152388172857,0.3199393479909022,0.24791508718726307,0.15466262319939347,0.3009855951478393,43.28363914373089,5.3570887035633055
2023-08-03,1,0,0,0,0,0,0,0,2,0,0,0,2023,8,3,3,215,31,3,0,0,0,0.43388373911755823,-0.900968867902419,-0.5307300481619331,-0.8475409228928312,-0.5680647467311556,-0.8229838658936566,-0.8660254037844385,-0.5000000000000004,2.0,0.0,1.0,0.0,2.0,0.0,1.0,0.9999999999999982,3.0,2.0,0.7142857142857143,0.755928946018454,5.0,2.0,0.6428571428571429,0.7449463436684939,9.0,2.0,0.6785714285714286,0.7228324650199226,19.0,2.0,0.7857142857142857,0.8025931996695745,44.0,3.0,0.7261904761904762,0.8409860889669427,61.0,3.0,-1.0,1.0,1.0,1319,0.3661865049279757,0.15921152388172857,0.3199393479909022,0.24791508718726307,0.15466262319939347,0.3009855951478393,43.28363914373089,5.3570887035633055
2023-08-04,1,0,0,0,0,0,0,0,2,1,1,0,2023,8,4,4,216,31,3,0,0,1,-0.433883739117558,-0.9009688679024191,-0.5452404385406507,-0.8382797052177745,-0.5680647467311556,-0.8229838658936566,-0.8660254037844385,-0.5000000000000004,1.0,2.0,0.0,0.0,1.0,0.0,1.3333333333333333,0.577350269189624,4.0,2.0,0.8571428571428571,0.6900655593423538,6.0,2.0,0.6428571428571429,0.7449463436684939,9.0,2.0,0.7142857142857143,0.7126966450998019,20.0,2.0,0.8035714285714286,0.7958904186139948,45.0,3.0,0.7261904761904762,0.8409860889669427,61.0,3.0,0.0,1.0,1.0,1319,0.3661865049279757,0.15921152388172857,0.3199393479909022,0.24791508718726307,0.15466262319939347,0.3009855951478393,43.28363914373089,5.3570887035633055
2023-08-05,0,0,0,0,0,0,0,0,0,0,0,0,2023,8,5,5,217,31,3,1,0,0,-0.9749279121818236,-0.2225209339563146,-0.5595892624101763,-0.828770087174504,-0.5680647467311556,-0.8229838658936566,-0.8660254037844385,-0.5000000000000004,1.0,1.0,2.0,0.0,1.0,1.0,0.6666666666666666,0.5773502691896215,2.0,1.0,0.8571428571428571,0.6900655593423538,6.0,2.0,0.5714285714285714,0.7559289460184564,8.0,2.0,0.6785714285714286,0.7228324650199226,19.0,2.0,0.7857142857142857,0.8025931996695745,44.0,3.0,0.7261904761904762,0.8409860889669427,61.0,3.0,-1.0,0.0,-1.0,1319,0.3661865049279757,0.15921152388172857,0.3199393479909022,0.24791508718726307,0.15466262319939347,0.3009855951478393,43.28363914373089,5.3570887035633055
2023-08-06,0,0,0,0,0,0,0,0,0,0,0,0,2023,8,6,6,218,31,3,1,0,0,-0.7818314824680299,0.6234898018587334,-0.5737722679043243,-0.8190148866680802,-0.5680647467311556,-0.8229838658936566,-0.8660254037844385,-0.5000000000000004,0.0,1.0,1.0,1.0,0.0,0.0,0.3333333333333333,0.5773502691896202,1.0,1.0,0.7142857142857143,0.755928946018454,5.0,2.0,0.5714285714285714,0.7559289460184564,8.0,2.0,0.6785714285714286,0.7228324650199226,19.0,2.0,0.7857142857142857,0.8025931996695745,44.0,3.0,0.7261904761904762,0.8409860889669427,61.0,3.0,0.0,-1.0,0.0,1319,0.3661865049279757,0.15921152388172857,0.3199393479909022,0.24791508718726307,0.15466262319939347,0.3009855951478393,43.28363914373089,5.3570887035633055
2023-08-07,0,0,0,0,0,0,0,0,0,0,0,0,2023,8,7,0,219,32,3,0,1,0,0.0,1.0,-0.5877852522924734,-0.8090169943749472,-0.663122658240795,-0.7485107481711013,-0.8660254037844385,-0.5000000000000004,0.0,0.0,1.0,1.0,0.0,1.0,0.0,0.0,0.0,0.0,0.5714285714285714,0.7867957924694426,4.0,2.0,0.5714285714285714,0.7559289460184564,8.0,2.0,0.6428571428571429,0.7310208850583817,18.0,2.0,0.7678571428571429,0.8088391553459691,43.0,3.0,0.7261904761904762,0.8409860889669427,61.0,3.0,0.0,-1.0,-1.0,1319,0.3661865049279757,0.15921152388172857,0.3199393479909022,0.24791508718726307,0.15466262319939347,0.3009855951478393,43.28363914373089,5.3570887035633055
2023-08-08,1,0,1,0,0,0,0,0,1,0,0,1,2023,8,8,1,220,32,3,0,0,0,0.7818314824680298,0.6234898018587336,-0.6016240632249227,-0.7987793728863648,-0.663122658240795,-0.7485107481711013,-0.8660254037844385,-0.5000000000000004,0.0,0.0,0.0,0.0,2.0,1.0,0.3333333333333333,0.5773502691896202,1.0,1.0,0.7142857142857143,0.755928946018454,5.0,2.0,0.5,0.6504436355879932,7.0,2.0,0.6428571428571429,0.7310208850583817,18.0,2.0,0.7678571428571429,0.8088391553459691,43.0,3.0,0.7261904761904762,0.8409860889669427,61.0,3.0,1.0,1.0,0.0,1319,0.3661865049279757,0.15921152388172857,0.3199393479909022,0.24791508718726307,0.15466262319939347,0.3009855951478393,43.28363914373089,5.3570887035633055
2023-08-09,2,0,1,0,0,2,0,1,4,0,0,2,2023,8,9,2,221,32,3,0,0,0,0.9749279121818236,-0.22252093395631434,-0.6152845999633277,-0.7883050558305253,-0.663122658240795,-0.7485107481711013,-0.8660254037844385,-0.5000000000000004,1.0,0.0,0.0,2.0,0.0,0.0,1.0,0.9999999999999983,3.0,2.0,0.7142857142857143,0.755928946018454,5.0,2.0,0.6428571428571429,0.7449463436684939,9.0,2.0,0.7142857142857143,0.7628961803617758,20.0,2.0,0.7857142857142857,0.8249360463208538,44.0,3.0,0.7380952380952381,0.8519155965185214,62.0,3.0,1.0,0.0,2.0,1319,0.3661865049279757,0.15921152388172857,0.3199393479909022,0.24791508718726307,0.15466262319939347,0.3009855951478393,43.28363914373089,5.3570887035633055
2023-08-10,1,0,0,0,0,3,0,1,2,0,0,0,2023,8,10,3,222,32,3,0,0,0,0.43388373911755823,-0.900968867902419,-0.6287628145958345,-0.7775971469736268,-0.663122658240795,-0.7485107481711013,-0.8660254037844385,-0.5000000000000004,2.0,1.0,0.0,1.0,0.0,1.0,1.3333333333333333,0.5773502691896242,4.0,2.0,0.7142857142857143,0.755928946018454,5.0,2.0,0.7142857142857143,0.7262730392025647,10.0,2.0,0.7142857142857143,0.7628961803617758,20.0,2.0,0.8035714285714286,0.818416272324296,45.0,3.0,0.75,0.8484571397968719,63.0,3.0,-1.0,0.0,0.0,1319,0.3661865049279757,0.15921152388172857,0.3199393479909022,0.24791508718726307,0.15466262319939347,0.3009855951478393,43.28363914373089,5.3570887035633055
2023-08-11,1,0,1,0,0,0,0,0,1,0,0,1,2023,8,11,4,223,32,3,0,0,1,-0.433883739117558,-0.9009688679024191,-0.6420547132365636,-0.7666588193001592,-0.663122658240795,-0.7485107481711013,-0.8660254037844385,-0.5000000000000004,1.0,2.0,1.0,1.0,0.0,2.0,1.3333333333333333,0.5773502691896242,4.0,2.0,0.7142857142857143,0.755928946018454,5.0,2.0,0.7857142857142857,0.6992932067530698,11.0,2.0,0.6785714285714286,0.7228324650199226,19.0,2.0,0.7857142857142857,0.8025931996695745,44.0,3.0,0.7619047619047619,0.8448147671652195,64.0,3.0,0.0,0.0,-1.0,1319,0.3661865049279757,0.15921152388172857,0.3199393479909022,0.24791508718726307,0.15466262319939347,0.3009855951478393,43.28363914373089,5.3570887035633055
2023-08-12,2,1,1,1,0,0,0,0,4,0,0,1,2023,8,12,5,224,32,3,1,0,0,-0.9749279121818236,-0.2225209339563146,-0.655156357209085,-0.7554933140726804,-0.663122658240795,-0.7485107481711013,-0.8660254037844385,-0.5000000000000004,1.0,1.0,2.0,0.0,0.0,0.0,1.3333333333333333,0.5773502691896242,4.0,2.0,1.0,0.8164965809277257,7.0,2.0,0.9285714285714286,0.7300459115473734,13.0,2.0,0.75,0.7515416254704858,21.0,2.0,0.7857142857142857,0.8025931996695745,44.0,3.0,0.7857142857142857,0.8512418790572566,66.0,3.0,1.0,2.0,2.0,1319,0.3661865049279757,0.15921152388172857,0.3199393479909022,0.24791508718726307,0.15466262319939347,0.3009855951478393,43.28363914373089,5.3570887035633055
2023-08-13,3,0,3,0,0,0,0,0,6,0,0,3,2023,8,13,6,225,32,3,1,0,0,-0.7818314824680299,0.6234898018587334,-0.6680638642135333,-0.7441039398713608,-0.663122658240795,-0.7485107481711013,-0.8660254037844385,-0.5000000000000004,2.0,1.0,1.0,0.0,1.0,0.0,2.0,1.0000000000000004,6.0,3.0,1.4285714285714286,0.9759000729485331,10.0,3.0,1.0714285714285714,0.9168747682531911,15.0,3.0,0.8571428571428571,0.8482786803738053,24.0,3.0,0.8392857142857143,0.8480305679371739,47.0,3.0,0.7976190476190477,0.8750870786930105,67.0,3.0,1.0,3.0,3.0,1319,0.3661865049279757,0.15921152388172857,0.3199393479909022,0.24791508718726307,0.15466262319939347,0.3009855951478393,43.28363914373089,5.3570887035633055
2023-08-14,2,0,0,0,0,0,0,0,4,0,0,0,2023,8,14,0,226,33,3,0,1,0,0.0,1.0,-0.6807734094770159,-0.7324940716135792,-0.7485107481711011,-0.6631226582407952,-0.8660254037844385,-0.5000000000000004,3.0,2.0,1.0,0.0,1.0,0.0,2.3333333333333335,0.5773502691896276,7.0,3.0,1.7142857142857142,0.7559289460184544,12.0,3.0,1.1428571428571428,0.949262293098648,16.0,3.0,0.9285714285714286,0.8575836609041362,26.0,3.0,0.875,0.8541343305039647,49.0,3.0,0.8214285714285714,0.8803164037663407,69.0,3.0,-1.0,2.0,2.0,1319,0.3661865049279757,0.15921152388172857,0.3199393479909022,0.24791508718726307,0.15466262319939347,0.3009855951478393,43.28363914373089,5.3570887035633055
2023-08-15,3,3,0,0,0,8,0,2,6,0,0,0,2023,8,15,1,227,33,3,0,0,0,0.7818314824680298,0.6234898018587336,-0.6932812268869771,-0.7206671495538615,-0.7485107481711011,-0.6631226582407952,-0.8660254037844385,-0.5000000000000004,2.0,3.0,2.0,1.0,0.0,1.0,2.6666666666666665,0.5773502691896286,8.0,3.0,2.0,0.816496580927726,14.0,3.0,1.3571428571428572,1.0082080720186277,19.0,3.0,1.0,0.9428090415820659,28.0,3.0,0.9107142857142857,0.9000360743131003,51.0,3.0,0.8571428571428571,0.9070388355663019,72.0,3.0,1.0,2.0,2.0,1319,0.3661865049279757,0.15921152388172857,0.3199393479909022,0.24791508718726307,0.15466262319939347,0.3009855951478393,43.28363914373089,5.3570887035633055
2023-08-16,0,0,0,0,0,0,0,0,0,0,0,0,2023,8,16,2,228,33,3,0,0,0,0.9749279121818236,-0.22252093395631434,-0.7055836101071774,-0.70862667826446,-0.7485107481711011,-0.6631226582407952,-0.8660254037844385,-0.5000000000000004,3.0,2.0,3.0,2.0,2.0,1.0,1.6666666666666667,1.5275252316519465,5.0,3.0,1.7142857142857142,1.1126972805283737,12.0,3.0,1.2142857142857142,1.050902281087831,17.0,3.0,0.9642857142857143,0.9615628812527964,27.0,3.0,0.8928571428571429,0.9081163607574342,50.0,3.0,0.8452380952380952,0.9116917627896484,71.0,3.0,-3.0,-2.0,-1.0,1319,0.3661865049279757,0.15921152388172857,0.3199393479909022,0.24791508718726307,0.15466262319939347,0.3009855951478393,43.28363914373089,5.3570887035633055
2023-08-17,4,1,1,0,0,2,0,2,10,0,0,1,2023,8,17,3,229,33,3,0,0,0,0.43388373911755823,-0.900968867902419,-0.7176769136759615,-0.6963762255968726,-0.7485107481711011,-0.6631226582407952,-0.8660254037844385,-0.5000000000000004,0.0,3.0,2.0,1.0,1.0,2.0,2.3333333333333335,2.0816659994661335,7.0,4.0,2.142857142857143,1.3451854182690985,15.0,4.0,1.4285714285714286,1.2838814775327396,20.0,4.0,1.0357142857142858,1.1049431980420874,29.0,4.0,0.9642857142857143,0.9902118361842995,54.0,4.0,0.8928571428571429,0.9696336054116244,75.0,4.0,4.0,3.0,2.0,1319,0.3661865049279757,0.15921152388172857,0.3199393479909022,0.24791508718726307,0.15466262319939347,0.3009855951478393,43.28363914373089,5.3570887035633055
2023-08-18,1,0,0,0,0,2,0,1,3,0,0,1,2023,8,18,4,230,33,3,0,0,1,-0.433883739117558,-0.9009688679024191,-0.7295575540864876,-0.6839194216246105,-0.7485107481711011,-0.6631226582407952,-0.8660254037844385,-0.5000000000000004,4.0,0.0,3.0,1.0,1.0,1.0,1.6666666666666667,2.0816659994661326,5.0,4.0,2.142857142857143,1.3451854182690985,15.0,4.0,1.4285714285714286,1.2838814775327396,20.0,4.0,1.0357142857142858,1.1049431980420874,29.0,4.0,0.9642857142857143,0.9902118361842995,54.0,4.0,0.9047619047619048,0.9646654656926112,76.0,4.0,-3.0,0.0,0.0,1319,0.3661865049279757,0.15921152388172857,0.3199393479909022,0.24791508718726307,0.15466262319939347,0.3009855951478393,43.28363914373089,5.3570887035633055
2023-08-19,3,0,1,0,0,5,0,2,5,0,0,2,2023,8,19,5,231,33,3,1,0,0,-0.9749279121818236,-0.2225209339563146,-0.7412220108485957,-0.6712599575675315,-0.7485107481711011,-0.6631226582407952,-0.8660254037844385,-0.5000000000000004,1.0,4.0,0.0,2.0,0.0,1.0,2.6666666666666665,1.5275252316519476,8.0,4.0,2.2857142857142856,1.3801311186847085,16.0,4.0,1.6428571428571428,1.277445940878961,23.0,4.0,1.1071428571428572,1.1655323283657184,31.0,4.0,0.9821428571428571,1.017859990882323,55.0,4.0,0.9404761904761905,0.9860617844738587,79.0,4.0,2.0,1.0,2.0,1319,0.3661865049279757,0.15921152388172857,0.3199393479909022,0.24791508718726307,0.15466262319939347,0.3009855951478393,43.28363914373089,5.3570887035633055
2023-08-20,1,0,0,0,0,1,0,1,2,0,0,0,2023,8,20,6,232,33,3,1,0,0,-0.7818314824680299,0.6234898018587334,-0.7526668275320083,-0.6584015846980489,-0.7485107481711011,-0.6631226582407952,-0.8660254037844385,-0.5000000000000004,3.0,1.0,4.0,3.0,0.0,0.0,1.6666666666666667,1.1547005383792517,5.0,3.0,2.0,1.4142135623730951,14.0,4.0,1.7142857142857142,1.2043875831929904,24.0,4.0,1.1428571428571428,1.1454995906456344,32.0,4.0,0.9821428571428571,1.017859990882323,55.0,4.0,0.9166666666666666,0.9595221367554241,77.0,4.0,-2.0,-2.0,1.0,1319,0.3661865049279757,0.15921152388172857,0.3199393479909022,0.24791508718726307,0.15466262319939347,0.3009855951478393,43.28363914373089,5.3570887035633055
2023-08-21,0,0,0,0,0,0,0,0,0,0,0,0,2023,8,21,0,233,34,3,0,1,0,0.0,1.0,-0.7638886127905429,-0.64534811322955,-0.8229838658936564,-0.5680647467311559,-0.8660254037844385,-0.5000000000000004,1.0,3.0,1.0,2.0,0.0,0.0,1.3333333333333333,1.5275252316519463,4.0,3.0,1.7142857142857142,1.6035674514745462,12.0,4.0,1.7142857142857142,1.2043875831929904,24.0,4.0,1.1428571428571428,1.1454995906456344,32.0,4.0,0.9464285714285714,1.016583276687926,53.0,4.0,0.9166666666666666,0.9595221367554241,77.0,4.0,-1.0,-2.0,0.0,1319,0.3661865049279757,0.15921152388172857,0.3199393479909022,0.24791508718726307,0.15466262319939347,0.3009855951478393,43.28363914373089,5.3570887035633055
2023-08-22,0,0,0,0,0,0,0,0,0,0,0,0,2023,8,22,1,234,34,3,0,0,0,0.7818314824680298,0.6234898018587336,-0.7748840413670406,-0.6321034111873488,-0.8229838658936564,-0.5680647467311559,-0.8660254037844385,-0.5000000000000004,0.0,1.0,3.0,3.0,1.0,2.0,0.3333333333333333,0.5773502691896218,1.0,1.0,1.2857142857142858,1.6035674514745462,9.0,4.0,1.6428571428571428,1.277445940878961,23.0,4.0,1.0714285714285714,1.1524071884721703,30.0,4.0,0.9464285714285714,1.016583276687926,53.0,4.0,0.9166666666666666,0.9595221367554241,77.0,4.0,0.0,-3.0,-2.0,1319,0.3661865049279757,0.15921152388172857,0.3199393479909022,0.24791508718726307,0.15466262319939347,0.3009855951478393,43.28363914373089,5.3570887035633055
2023-08-23,1,0,0,1,0,0,0,0,2,0,0,0,2023,8,23,2,235,34,3,0,0,0,0.9749279121818236,-0.22252093395631434,-0.7856498550787144,-0.6186714032625032,-0.8229838658936564,-0.5680647467311559,-0.8660254037844385,-0.5000000000000004,0.0,0.0,1.0,0.0,2.0,0.0,0.3333333333333333,0.5773502691896218,1.0,1.0,1.4285714285714286,1.5118578920369088,10.0,4.0,1.5714285714285714,1.2838814775327394,22.0,4.0,1.1071428571428572,1.1333099904225403,31.0,4.0,0.9285714285714286,1.0064725594803936,52.0,4.0,0.9166666666666666,0.9595221367554241,77.0,4.0,1.0,1.0,1.0,1319,0.3661865049279757,0.15921152388172857,0.3199393479909022,0.24791508718726307,0.15466262319939347,0.3009855951478393,43.28363914373089,5.3570887035633055
2023-08-24,2,2,0,2,0,2,0,2,4,0,0,0,2023,8,24,3,236,34,3,0,0,0,0.43388373911755823,-0.900968867902419,-0.7961828637826154,-0.6050560696488494,-0.8229838658936564,-0.5680647467311559,-0.8660254037844385,-0.5000000000000004,1.0,0.0,0.0,4.0,1.0,0.0,1.0,0.9999999999999989,3.0,2.0,1.1428571428571428,1.069044967649697,8.0,3.0,1.6428571428571428,1.277445940878961,23.0,4.0,1.1785714285714286,1.1239339452243255,33.0,4.0,0.9642857142857143,1.0084062261227458,54.0,4.0,0.9166666666666666,0.9595221367554241,77.0,4.0,1.0,-2.0,2.0,1319,0.3661865049279757,0.15921152388172857,0.3199393479909022,0.24791508718726307,0.15466262319939347,0.3009855951478393,43.28363914373089,5.3570887035633055
2023-08-25,2,2,0,0,0,0,0,0,4,0,0,0,2023,8,25,4,237,34,3,0,0,1,-0.433883739117558,-0.9009688679024191,-0.8064799463209447,-0.5912614448635782,-0.8229838658936564,-0.5680647467311559,-0.8660254037844385,-0.5000000000000004,2.0,1.0,0.0,1.0,1.0,0.0,1.6666666666666667,0.577350269189626,5.0,2.0,1.2857142857142858,1.112697280528373,9.0,3.0,1.7142857142857142,1.2666473875533026,24.0,4.0,1.25,1.1097213530799006,35.0,4.0,0.9821428571428571,1.017859990882323,55.0,4.0,0.9404761904761905,0.9613142419185483,79.0,4.0,0.0,1.0,2.0,1319,0.3661865049279757,0.15921152388172857,0.3199393479909022,0.24791508718726307,0.15466262319939347,0.3009855951478393,43.28363914373089,5.3570887035633055
2023-08-26,2,0,0,0,0,0,0,0,3,1,1,1,2023,8,26,5,238,34,3,1,0,0,-0.9749279121818236,-0.2225209339563146,-0.8165380514459157,-0.5772916165517278,-0.8229838658936564,-0.5680647467311559,-0.8660254037844385,-0.5000000000000004,2.0,2.0,1.0,3.0,2.0,0.0,2.0,0.0,6.0,2.0,1.1428571428571428,0.8997354108424367,8.0,2.0,1.7142857142857142,1.2666473875533026,24.0,4.0,1.3214285714285714,1.0904831219021425,37.0,4.0,1.0,1.0269106361049416,56.0,4.0,0.9523809523809523,0.9682273195295716,80.0,4.0,0.0,-1.0,2.0,1319,0.3661865049279757,0.15921152388172857,0.3199393479909022,0.24791508718726307,0.15466262319939347,0.3009855951478393,43.28363914373089,5.3570887035633055
2023-08-27,0,0,0,0,0,0,0,0,0,0,0,0,2023,8,27,6,239,34,3,1,0,0,-0.7818314824680299,0.6234898018587334,-0.8263541987239094,-0.5631507242749187,-0.8229838658936564,-0.5680647467311559,-0.8660254037844385,-0.5000000000000004,2.0,2.0,2.0,1.0,3.0,1.0,1.3333333333333333,1.1547005383792512,4.0,2.0,1.0,0.9999999999999993,7.0,2.0,1.5,1.286019499792346,21.0,4.0,1.2857142857142858,1.1174422797967027,36.0,4.0,0.9642857142857143,1.0262781071652824,54.0,4.0,0.9404761904761905,0.9737666338798027,79.0,4.0,-2.0,-1.0,-1.0,1319,0.3661865049279757,0.15921152388172857,0.3199393479909022,0.24791508718726307,0.15466262319939347,0.3009855951478393,43.28363914373089,5.3570887035633055
2023-08-28,0,0,0,0,0,0,0,0,0,0,0,0,2023,8,28,0,240,35,3,0,1,0,0.0,1.0,-0.8359254794186365,-0.5488429582847199,-0.8854560256532096,-0.4647231720437691,-0.8660254037844385,-0.5000000000000004,0.0,2.0,2.0,0.0,2.0,1.0,0.6666666666666666,1.1547005383792501,2.0,2.0,1.0,0.9999999999999993,7.0,2.0,1.3571428571428572,1.3363062095621228,19.0,4.0,1.25,1.1426091000668426,35.0,4.0,0.9642857142857143,1.0262781071652824,54.0,4.0,0.9047619047619048,0.9520940474332216,76.0,4.0,0.0,0.0,-1.0,1319,0.3661865049279757,0.15921152388172857,0.3199393479909022,0.24791508718726307,0.15466262319939347,0.3009855951478393,43.28363914373089,5.3570887035633055
2023-08-29,0,0,0,0,0,0,0,0,0,0,0,0,2023,8,29,1,241,35,3,0,0,0,0.7818314824680298,0.6234898018587336,-0.8452490573530634,-0.5343725582809785,-0.8854560256532096,-0.4647231720437691,-0.8660254037844385,-0.5000000000000004,0.0,0.0,2.0,0.0,3.0,0.0,0.0,0.0,0.0,0.0,1.0,0.9999999999999993,7.0,2.0,1.1428571428571428,1.292412345317729,16.0,4.0,1.25,1.1426091000668426,35.0,4.0,0.9642857142857143,1.0262781071652824,54.0,4.0,0.9047619047619048,0.9520940474332216,76.0,4.0,0.0,0.0,0.0,1319,0.3661865049279757,0.15921152388172857,0.3199393479909022,0.24791508718726307,0.15466262319939347,0.3009855951478393,43.28363914373089,5.3570887035633055
2023-08-30,0,0,0,0,0,0,0,0,0,0,0,0,2023,8,30,2,242,35,3,0,0,0,0.9749279121818236,-0.22252093395631434,-0.8543221697498269,-0.5197438121555157,-0.8854560256532096,-0.4647231720437691,-0.8660254037844385,-0.5000000000000004,0.0,0.0,0.0,1.0,0.0,2.0,0.0,0.0,0.0,0.0,0.8571428571428571,1.069044967649697,6.0,2.0,1.1428571428571428,1.292412345317729,16.0,4.0,1.1785714285714286,1.156417566150563,33.0,4.0,0.9107142857142857,0.995933289373901,51.0,4.0,0.9047619047619048,0.9520940474332216,76.0,4.0,0.0,-1.0,-2.0,1319,0.3661865049279757,0.15921152388172857,0.3199393479909022,0.24791508718726307,0.15466262319939347,0.3009855951478393,43.28363914373089,5.3570887035633055
2023-08-31,0,0,0,0,0,0,0,0,0,0,0,0,2023,8,31,3,243,35,3,0,0,0,0.43388373911755823,-0.900968867902419,-0.8631421280499115,-0.5049610547215202,-0.8854560256532096,-0.4647231720437691,-0.8660254037844385,-0.5000000000000004,0.0,0.0,0.0,2.0,4.0,1.0,0.0,0.0,0.0,0.0,0.5714285714285714,0.9759000729485324,4.0,2.0,0.8571428571428571,1.0271051820261923,12.0,3.0,1.1428571428571428,1.177388375279538,32.0,4.0,0.9107142857142857,0.995933289373901,51.0,4.0,0.9047619047619048,0.9520940474332216,76.0,4.0,0.0,-2.0,-1.0,1319,0.3661865049279757,0.15921152388172857,0.3199393479909022,0.24791508718726307,0.15466262319939347,0.3009855951478393,43.28363914373089,5.3570887035633055
2023-09-01,3,0,0,0,0,4,0,2,8,0,0,0,2023,9,1,4,244,35,3,0,0,1,-0.433883739117558,-0.9009688679024191,-0.8717063187093217,-0.4900286664290594,-0.8854560256532096,-0.4647231720437691,-1.0,-1.8369701987210297e-16,0.0,0.0,0.0,2.0,1.0,1.0,1.0,1.7320508075688767,3.0,3.0,0.7142857142857143,1.253566341056017,5.0,3.0,1.0,1.1766968108291052,14.0,3.0,1.2142857142857142,1.227980662688347,34.0,4.0,0.9642857142857143,1.0262781071652824,54.0,4.0,0.9404761904761905,0.9737666338798027,79.0,4.0,3.0,1.0,2.0,1319,0.3661865049279757,0.15921152388172857,0.3199393479909022,0.24791508718726307,0.15466262319939347,0.3009855951478393,43.28363914373089,5.3570887035633055
2023-09-02,2,1,0,1,0,4,0,2,5,0,0,1,2023,9,2,5,245,35,3,1,0,0,-0.9749279121818236,-0.2225209339563146,-0.8800122039735356,-0.4749510720670502,-0.8854560256532096,-0.4647231720437691,-1.0,-1.8369701987210297e-16,3.0,0.0,0.0,2.0,3.0,0.0,1.6666666666666667,1.5275252316519468,5.0,3.0,0.7142857142857143,1.253566341056017,5.0,3.0,0.9285714285714286,1.0716117059605363,13.0,3.0,1.2857142857142858,1.2128064441201962,36.0,4.0,0.9821428571428571,1.0355687313754693,55.0,4.0,0.9523809523809523,0.9805919272692325,80.0,4.0,-1.0,0.0,2.0,1319,0.3661865049279757,0.15921152388172857,0.3199393479909022,0.24791508718726307,0.15466262319939347,0.3009855951478393,43.28363914373089,5.3570887035633055
2023-09-03,0,0,0,0,0,0,0,0,0,0,0,0,2023,9,3,6,246,35,3,1,0,0,-0.7818314824680299,0.6234898018587334,-0.888057322629493,-0.4597327394521046,-0.8854560256532096,-0.4647231720437691,-1.0,-1.8369701987210297e-16,2.0,3.0,0.0,0.0,1.0,0.0,1.6666666666666667,1.5275252316519468,5.0,3.0,0.7142857142857143,1.253566341056017,5.0,3.0,0.8571428571428571,1.0994504121565516,12.0,3.0,1.2857142857142858,1.2128064441201962,36.0,4.0,0.9821428571428571,1.0355687313754693,55.0,4.0,0.9523809523809523,0.9805919272692325,80.0,4.0,-2.0,0.0,0.0,1319,0.3661865049279757,0.15921152388172857,0.3199393479909022,0.24791508718726307,0.15466262319939347,0.3009855951478393,43.28363914373089,5.3570887035633055
2023-09-04,1,0,0,0,0,0,0,0,2,1,1,1,2023,9,4,0,247,36,3,0,1,0,0.0,1.0,-0.8958392907349089,-0.4443781781046134,-0.9350162426854147,-0.3546048870425359,-1.0,-1.8369701987210297e-16,0.0,2.0,3.0,0.0,0.0,0.0,1.0,0.9999999999999992,3.0,2.0,0.8571428571428571,1.2149857925879113,6.0,3.0,0.9285714285714286,1.0716117059605363,13.0,3.0,1.3214285714285714,1.188013325420075,37.0,4.0,0.9821428571428571,1.0355687313754693,55.0,4.0,0.9523809523809523,0.9805919272692325,80.0,4.0,1.0,1.0,1.0,1319,0.3661865049279757,0.15921152388172857,0.3199393479909022,0.24791508718726307,0.15466262319939347,0.3009855951478393,43.28363914373089,5.3570887035633055
2023-09-05,1,0,0,0,0,0,0,0,2,0,0,0,2023,9,5,1,248,36,3,0,0,0,0.7818314824680298,0.6234898018587336,-0.9033558023246842,-0.4288919379124841,-0.9350162426854147,-0.3546048870425359,-1.0,-1.8369701987210297e-16,1.0,0.0,2.0,0.0,0.0,1.0,0.6666666666666666,0.5773502691896237,2.0,1.0,1.0,1.154700538379251,7.0,3.0,1.0,1.0377490433255427,14.0,3.0,1.3214285714285714,1.188013325420075,37.0,4.0,0.9821428571428571,1.0355687313754693,55.0,4.0,0.9523809523809523,0.9805919272692325,80.0,4.0,0.0,1.0,0.0,1319,0.3661865049279757,0.15921152388172857,0.3199393479909022,0.24791508718726307,0.15466262319939347,0.3009855951478393,43.28363914373089,5.3570887035633055
2023-09-06,0,0,0,0,0,0,0,0,0,0,0,0,2023,9,6,2,249,36,3,0,0,0,0.9749279121818236,-0.22252093395631434,-0.9106046300942162,-0.41327860778290443,-0.9350162426854147,-0.3546048870425359,-1.0,-1.8369701987210297e-16,1.0,1.0,0.0,0.0,1.0,2.0,0.6666666666666666,0.5773502691896237,2.0,1.0,1.0,1.154700538379251,7.0,3.0,0.9285714285714286,1.0716117059605363,13.0,3.0,1.25,1.205696356345041,35.0,4.0,0.9821428571428571,1.0355687313754693,55.0,4.0,0.9404761904761905,0.9860617844738585,79.0,4.0,-1.0,0.0,-2.0,1319,0.3661865049279757,0.15921152388172857,0.3199393479909022,0.24791508718726307,0.15466262319939347,0.3009855951478393,43.28363914373089,5.3570887035633055
2023-09-07,1,0,0,0,0,1,0,1,2,0,0,0,2023,9,7,3,250,36,3,0,0,0,0.43388373911755823,-0.900968867902419,-0.9175836260593934,-0.3975428142825566,-0.9350162426854147,-0.3546048870425359,-1.0,-1.8369701987210297e-16,0.0,1.0,1.0,0.0,2.0,1.0,0.6666666666666666,0.5773502691896237,2.0,1.0,1.1428571428571428,1.069044967649697,8.0,3.0,0.8571428571428571,1.0271051820261923,12.0,3.0,1.25,1.205696356345041,35.0,4.0,0.9821428571428571,1.0355687313754693,55.0,4.0,0.9523809523809523,0.9805919272692325,80.0,4.0,1.0,1.0,0.0,1319,0.3661865049279757,0.15921152388172857,0.3199393479909022,0.24791508718726307,0.15466262319939347,0.3009855951478393,43.28363914373089,5.3570887035633055
2023-09-08,2,1,0,1,0,0,0,0,4,0,0,0,2023,9,8,4,251,36,3,0,0,1,-0.433883739117558,-0.9009688679024191,-0.9242907221930934,-0.3816892202666586,-0.9350162426854147,-0.3546048870425359,-1.0,-1.8369701987210297e-16,1.0,0.0,1.0,3.0,2.0,1.0,1.0,0.9999999999999992,3.0,2.0,1.0,0.8164965809277251,7.0,2.0,0.8571428571428571,1.0271051820261923,12.0,3.0,1.2857142857142858,1.2128064441201962,36.0,4.0,0.9821428571428571,1.0355687313754693,55.0,4.0,0.9523809523809523,0.9805919272692325,80.0,4.0,1.0,-1.0,1.0,1319,0.3661865049279757,0.15921152388172857,0.3199393479909022,0.24791508718726307,0.15466262319939347,0.3009855951478393,43.28363914373089,5.3570887035633055
2023-09-09,1,0,0,0,0,0,0,0,2,0,0,0,2023,9,9,5,252,36,3,1,0,0,-0.9749279121818236,-0.2225209339563146,-0.9307239310379793,-0.3657225234972692,-0.9350162426854147,-0.3546048870425359,-1.0,-1.8369701987210297e-16,2.0,1.0,0.0,2.0,2.0,2.0,1.3333333333333333,0.5773502691896252,4.0,2.0,0.8571428571428571,0.6900655593423531,6.0,2.0,0.7857142857142857,0.9749612559222306,11.0,3.0,1.25,1.205696356345041,35.0,4.0,1.0,1.0269106361049418,56.0,4.0,0.9404761904761905,0.9737666338798027,79.0,4.0,-1.0,-1.0,-1.0,1319,0.3661865049279757,0.15921152388172857,0.3199393479909022,0.24791508718726307,0.15466262319939347,0.3009855951478393,43.28363914373089,5.3570887035633055
2023-09-10,0,0,0,0,0,0,0,0,0,0,0,0,2023,9,10,6,253,36,3,1,0,0,-0.7818314824680299,0.6234898018587334,-0.9368813462954315,-0.34964745525122826,-0.9350162426854147,-0.3546048870425359,-1.0,-1.8369701987210297e-16,1.0,2.0,1.0,0.0,0.0,3.0,1.0,0.9999999999999993,3.0,2.0,0.8571428571428571,0.6900655593423531,6.0,2.0,0.7857142857142857,0.9749612559222305,11.0,3.0,1.1428571428571428,1.177388375279538,32.0,4.0,1.0,1.0269106361049418,56.0,4.0,0.9404761904761905,0.9737666338798027,79.0,4.0,-1.0,0.0,-3.0,1319,0.3661865049279757,0.15921152388172857,0.3199393479909022,0.24791508718726307,0.15466262319939347,0.3009855951478393,43.28363914373089,5.3570887035633055
2023-09-11,0,0,0,0,0,0,0,0,0,0,0,0,2023,9,11,0,254,37,3,0,1,0,0.0,1.0,-0.9427611433904206,-0.33346877891818705,-0.970941817426052,-0.23931566428755774,-1.0,-1.8369701987210297e-16,0.0,1.0,2.0,1.0,0.0,2.0,0.3333333333333333,0.5773502691896235,1.0,1.0,0.7142857142857143,0.7559289460184535,5.0,2.0,0.7857142857142857,0.9749612559222305,11.0,3.0,1.0714285714285714,1.1841099620037012,30.0,4.0,1.0,1.0269106361049418,56.0,4.0,0.9404761904761905,0.9737666338798027,79.0,4.0,0.0,-1.0,-2.0,1319,0.3661865049279757,0.15921152388172857,0.3199393479909022,0.24791508718726307,0.15466262319939347,0.3009855951478393,43.28363914373089,5.3570887035633055
2023-09-12,0,0,0,0,0,0,0,0,0,0,0,0,2023,9,12,1,255,37,3,0,0,0,0.7818314824680298,0.6234898018587336,-0.9483615800121716,-0.31719128858910595,-0.970941817426052,-0.23931566428755774,-1.0,-1.8369701987210297e-16,0.0,0.0,1.0,1.0,0.0,3.0,0.0,0.0,0.0,0.0,0.5714285714285714,0.7867957924694422,4.0,2.0,0.7857142857142857,0.9749612559222305,11.0,3.0,0.9642857142857143,1.1379690439434411,27.0,4.0,0.9821428571428571,1.0355687313754693,55.0,4.0,0.9285714285714286,0.9791281379365722,78.0,4.0,0.0,-1.0,-3.0,1319,0.3661865049279757,0.15921152388172857,0.3199393479909022,0.24791508718726307,0.15466262319939347,0.3009855951478393,43.28363914373089,5.3570887035633055
2023-09-13,0,0,0,0,0,0,0,0,0,0,0,0,2023,9,13,2,256,37,3,0,0,0,0.9749279121818236,-0.22252093395631434,-0.9536809966304455,-0.300819807635668,-0.970941817426052,-0.23931566428755774,-1.0,-1.8369701987210297e-16,0.0,0.0,0.0,0.0,0.0,0.0,0.0,0.0,0.0,0.0,0.5714285714285714,0.7867957924694422,4.0,2.0,0.7857142857142857,0.9749612559222305,11.0,3.0,0.9642857142857143,1.1379690439434411,27.0,4.0,0.9642857142857143,1.0438440446783184,54.0,4.0,0.9166666666666666,0.9843147372705703,77.0,4.0,0.0,0.0,0.0,1319,0.3661865049279757,0.15921152388172857,0.3199393479909022,0.24791508718726307,0.15466262319939347,0.3009855951478393,43.28363914373089,5.3570887035633055
2023-09-14,0,0,0,0,0,0,0,0,0,0,0,0,2023,9,14,3,257,37,3,0,0,0,0.43388373911755823,-0.900968867902419,-0.9587178169872964,-0.2843591872810036,-0.970941817426052,-0.23931566428755774,-1.0,-1.8369701987210297e-16,0.0,0.0,0.0,1.0,0.0,4.0,0.0,0.0,0.0,0.0,0.42857142857142855,0.7867957924694421,3.0,2.0,0.7857142857142857,0.9749612559222305,11.0,3.0,0.8214285714285714,0.9833266074561503,23.0,3.0,0.9285714285714286,1.041976144503456,52.0,4.0,0.9166666666666666,0.9843147372705703,77.0,4.0,0.0,-1.0,-4.0,1319,0.3661865049279757,0.15921152388172857,0.3199393479909022,0.24791508718726307,0.15466262319939347,0.3009855951478393,43.28363914373089,5.3570887035633055
2023-09-15,1,1,0,1,0,0,0,0,3,0,0,0,2023,9,15,4,258,37,3,0,0,1,-0.433883739117558,-0.9009688679024191,-0.9634705485641486,-0.26781430516217486,-0.970941817426052,-0.23931566428755774,-1.0,-1.8369701987210297e-16,0.0,0.0,0.0,2.0,3.0,1.0,0.3333333333333333,0.5773502691896235,1.0,1.0,0.2857142857142857,0.48795003647426494,2.0,1.0,0.6428571428571429,0.7449463436684937,9.0,2.0,0.8214285714285714,0.9833266074561503,23.0,3.0,0.9285714285714286,1.041976144503456,52.0,4.0,0.9166666666666666,0.9843147372705703,77.0,4.0,1.0,-1.0,0.0,1319,0.3661865049279757,0.15921152388172857,0.3199393479909022,0.24791508718726307,0.15466262319939347,0.3009855951478393,43.28363914373089,5.3570887035633055
2023-09-16,1,0,1,0,0,0,0,0,2,0,0,1,2023,9,16,5,259,37,3,1,0,0,-0.9749279121818236,-0.2225209339563146,-0.9679377830240642,-0.25119006388481957,-0.970941817426052,-0.23931566428755774,-1.0,-1.8369701987210297e-16,1.0,0.0,0.0,1.0,2.0,3.0,0.6666666666666666,0.5773502691896241,2.0,1.0,0.2857142857142857,0.48795003647426494,2.0,1.0,0.5714285714285714,0.646206172658866,8.0,2.0,0.75,0.887151079037298,21.0,3.0,0.9285714285714286,1.041976144503456,52.0,4.0,0.9047619047619048,0.9770751487179024,76.0,4.0,0.0,0.0,-2.0,1319,0.3661865049279757,0.15921152388172857,0.3199393479909022,0.24791508718726307,0.15466262319939347,0.3009855951478393,43.28363914373089,5.3570887035633055
2023-09-17,0,0,0,0,0,0,0,0,0,0,0,0,2023,9,17,6,260,37,3,1,0,0,-0.7818314824680299,0.6234898018587334,-0.9721181966290612,-0.23449138957041052,-0.970941817426052,-0.23931566428755774,-1.0,-1.8369701987210297e-16,1.0,1.0,0.0,0.0,0.0,1.0,0.6666666666666666,0.5773502691896241,2.0,1.0,0.2857142857142857,0.48795003647426494,2.0,1.0,0.5714285714285714,0.646206172658866,8.0,2.0,0.7142857142857143,0.8967902788460685,20.0,3.0,0.9285714285714286,1.041976144503456,52.0,4.0,0.8928571428571429,0.9819805060619655,75.0,4.0,-1.0,0.0,-1.0,1319,0.3661865049279757,0.15921152388172857,0.3199393479909022,0.24791508718726307,0.15466262319939347,0.3009855951478393,43.28363914373089,5.3570887035633055
2023-09-18,0,0,0,0,0,0,0,0,0,0,0,0,2023,9,18,0,261,38,3,0,1,0,0.0,1.0,-0.9760105506323682,-0.21772323039653224,-0.992708874098054,-0.12053668025532357,-1.0,-1.8369701987210297e-16,0.0,1.0,1.0,0.0,1.0,0.0,0.3333333333333333,0.5773502691896235,1.0,1.0,0.2857142857142857,0.48795003647426494,2.0,1.0,0.5,0.6504436355879929,7.0,2.0,0.7142857142857143,0.8967902788460685,20.0,3.0,0.9285714285714286,1.041976144503456,52.0,4.0,0.8690476190476191,0.9790548910213445,73.0,4.0,0.0,0.0,0.0,1319,0.3661865049279757,0.15921152388172857,0.3199393479909022,0.24791508718726307,0.15466262319939347,0.3009855951478393,43.28363914373089,5.3570887035633055
2023-09-19,1,0,0,1,0,1,0,1,2,0,0,0,2023,9,19,1,262,38,3,0,0,0,0.7818314824680298,0.6234898018587336,-0.9796136916454901,-0.20089055513063528,-0.992708874098054,-0.12053668025532357,-1.0,-1.8369701987210297e-16,0.0,0.0,1.0,0.0,1.0,0.0,0.3333333333333333,0.5773502691896235,1.0,1.0,0.42857142857142855,0.5345224838248473,3.0,1.0,0.5,0.6504436355879929,7.0,2.0,0.75,0.887151079037298,21.0,3.0,0.9107142857142857,1.0317995879095858,51.0,4.0,0.8809523809523809,0.9744292355294475,74.0,4.0,1.0,1.0,1.0,1319,0.3661865049279757,0.15921152388172857,0.3199393479909022,0.24791508718726307,0.15466262319939347,0.3009855951478393,43.28363914373089,5.3570887035633055
2023-09-20,0,0,0,0,0,0,0,0,0,0,0,0,2023,9,20,2,263,38,3,0,0,0,0.9749279121818236,-0.22252093395631434,-0.9829265519799822,-0.18399835165767986,-0.992708874098054,-0.12053668025532357,-1.0,-1.8369701987210297e-16,1.0,0.0,0.0,0.0,0.0,1.0,0.3333333333333333,0.5773502691896235,1.0,1.0,0.42857142857142855,0.5345224838248473,3.0,1.0,0.5,0.6504436355879929,7.0,2.0,0.7142857142857143,0.8967902788460685,20.0,3.0,0.9107142857142857,1.0317995879095858,51.0,4.0,0.8571428571428571,0.971185552269141,72.0,4.0,-1.0,0.0,-1.0,1319,0.3661865049279757,0.15921152388172857,0.3199393479909022,0.24791508718726307,0.15466262319939347,0.3009855951478393,43.28363914373089,5.3570887035633055
2023-09-21,0,0,0,0,0,0,0,0,0,0,0,0,2023,9,21,3,264,38,3,0,0,0,0.43388373911755823,-0.900968867902419,-0.9859481499638303,-0.1670516255021195,-0.992708874098054,-0.12053668025532357,-1.0,-1.8369701987210297e-16,0.0,1.0,0.0,0.0,1.0,2.0,0.3333333333333333,0.5773502691896235,1.0,1.0,0.42857142857142855,0.5345224838248473,3.0,1.0,0.42857142857142855,0.6462061726588662,6.0,2.0,0.6428571428571429,0.8698354767504956,18.0,3.0,0.9107142857142857,1.0317995879095858,51.0,4.0,0.8571428571428571,0.971185552269141,72.0,4.0,0.0,0.0,-2.0,1319,0.3661865049279757,0.15921152388172857,0.3199393479909022,0.24791508718726307,0.15466262319939347,0.3009855951478393,43.28363914373089,5.3570887035633055
2023-09-22,1,0,1,0,0,0,0,0,2,0,0,0,2023,9,22,4,265,38,3,0,0,1,-0.433883739117558,-0.9009688679024191,-0.9886775902323404,-0.15005539834465262,-0.992708874098054,-0.12053668025532357,-1.0,-1.8369701987210297e-16,0.0,0.0,1.0,1.0,2.0,2.0,0.3333333333333333,0.5773502691896235,1.0,1.0,0.42857142857142855,0.5345224838248473,3.0,1.0,0.35714285714285715,0.49724515809884967,5.0,1.0,0.6071428571428571,0.8317445171439047,17.0,3.0,0.9285714285714286,1.0243781769203455,52.0,4.0,0.8571428571428571,0.971185552269141,72.0,4.0,1.0,0.0,-1.0,1319,0.3661865049279757,0.15921152388172857,0.3199393479909022,0.24791508718726307,0.15466262319939347,0.3009855951478393,43.28363914373089,5.3570887035633055
2023-09-23,0,0,0,0,0,0,0,0,0,0,0,0,2023,9,23,5,266,38,3,1,0,0,-0.9749279121818236,-0.2225209339563146,-0.9911140639934546,-0.13301470653419636,-0.992708874098054,-0.12053668025532357,-1.0,-1.8369701987210297e-16,1.0,0.0,0.0,1.0,1.0,2.0,0.3333333333333333,0.5773502691896235,1.0,1.0,0.2857142857142857,0.48795003647426494,2.0,1.0,0.2857142857142857,0.46880723093849835,4.0,1.0,0.5357142857142857,0.7926581093427882,15.0,3.0,0.9285714285714286,1.0243781769203455,52.0,4.0,0.8452380952380952,0.9755325714958675,71.0,4.0,-1.0,-1.0,-2.0,1319,0.3661865049279757,0.15921152388172857,0.3199393479909022,0.24791508718726307,0.15466262319939347,0.3009855951478393,43.28363914373089,5.3570887035633055
2023-09-24,0,0,0,0,0,0,0,0,0,0,0,0,2023,9,24,6,267,38,3,1,0,0,-0.7818314824680299,0.6234898018587334,-0.9932568492674143,-0.11593459959550066,-0.992708874098054,-0.12053668025532357,-1.0,-1.8369701987210297e-16,0.0,1.0,0.0,0.0,0.0,0.0,0.3333333333333333,0.5773502691896235,1.0,1.0,0.2857142857142857,0.48795003647426494,2.0,1.0,0.2857142857142857,0.46880723093849835,4.0,1.0,0.5357142857142857,0.7926581093427882,15.0,3.0,0.9107142857142857,1.0317995879095858,51.0,4.0,0.8214285714285714,0.971407056560371,69.0,4.0,0.0,0.0,0.0,1319,0.3661865049279757,0.15921152388172857,0.3199393479909022,0.24791508718726307,0.15466262319939347,0.3009855951478393,43.28363914373089,5.3570887035633055
2023-09-25,0,0,0,0,0,0,0,0,0,0,0,0,2023,9,25,0,268,39,3,0,1,0,0.0,1.0,-0.9951053111006974,-0.09882013873287211,-1.0,-1.8369701987210297e-16,-1.0,-1.8369701987210297e-16,0.0,0.0,1.0,0.0,0.0,0.0,0.0,0.0,0.0,0.0,0.2857142857142857,0.48795003647426494,2.0,1.0,0.2857142857142857,0.46880723093849835,4.0,1.0,0.5357142857142857,0.7926581093427882,15.0,3.0,0.8928571428571429,1.038855514121565,50.0,4.0,0.8214285714285714,0.971407056560371,69.0,4.0,0.0,0.0,0.0,1319,0.3661865049279757,0.15921152388172857,0.3199393479909022,0.24791508718726307,0.15466262319939347,0.3009855951478393,43.28363914373089,5.3570887035633055
2023-09-26,0,0,0,0,0,0,0,0,0,0,0,0,2023,9,26,1,269,39,3,0,0,0,0.7818314824680298,0.6234898018587336,-0.99665890175417,-0.08167639533042288,-1.0,-1.8369701987210297e-16,-1.0,-1.8369701987210297e-16,0.0,0.0,0.0,1.0,0.0,0.0,0.0,0.0,0.0,0.0,0.14285714285714285,0.377964473009225,1.0,1.0,0.2857142857142857,0.46880723093849835,4.0,1.0,0.5357142857142857,0.7926581093427882,15.0,3.0,0.8928571428571429,1.038855514121565,50.0,4.0,0.8214285714285714,0.971407056560371,69.0,4.0,0.0,-1.0,0.0,1319,0.3661865049279757,0.15921152388172857,0.3199393479909022,0.24791508718726307,0.15466262319939347,0.3009855951478393,43.28363914373089,5.3570887035633055
2023-09-27,0,0,0,0,0,0,0,0,0,0,0,0,2023,9,27,2,270,39,3,0,0,0,0.9749279121818236,-0.22252093395631434,-0.9979171608653922,-0.06450844944931625,-1.0,-1.8369701987210297e-16,-1.0,-1.8369701987210297e-16,0.0,0.0,0.0,0.0,0.0,0.0,0.0,0.0,0.0,0.0,0.14285714285714285,0.377964473009225,1.0,1.0,0.2857142857142857,0.46880723093849835,4.0,1.0,0.5357142857142857,0.7926581093427882,15.0,3.0,0.8571428571428571,1.0344708164708523,48.0,4.0,0.7857142857142857,0.945138844538785,66.0,4.0,0.0,0.0,0.0,1319,0.3661865049279757,0.15921152388172857,0.3199393479909022,0.24791508718726307,0.15466262319939347,0.3009855951478393,43.28363914373089,5.3570887035633055
2023-09-28,2,2,0,2,0,1,0,1,6,0,0,0,2023,9,28,3,271,39,3,0,0,0,0.43388373911755823,-0.900968867902419,-0.9988797155850335,-0.04732138832243232,-1.0,-1.8369701987210297e-16,-1.0,-1.8369701987210297e-16,0.0,0.0,0.0,0.0,0.0,0.0,0.6666666666666666,1.1547005383792506,2.0,2.0,0.42857142857142855,0.7867957924694421,3.0,2.0,0.42857142857142855,0.6462061726588662,6.0,2.0,0.6071428571428571,0.8317445171439047,17.0,3.0,0.875,1.045553355014377,49.0,4.0,0.8095238095238095,0.9502845544183254,68.0,4.0,2.0,2.0,2.0,1319,0.3661865049279757,0.15921152388172857,0.3199393479909022,0.24791508718726307,0.15466262319939347,0.3009855951478393,43.28363914373089,5.3570887035633055
2023-09-29,1,0,1,0,0,2,0,1,2,0,0,1,2023,9,29,4,272,39,3,0,0,1,-0.433883739117558,-0.9009688679024191,-0.9995462806873573,-0.03012030484690836,-1.0,-1.8369701987210297e-16,-1.0,-1.8369701987210297e-16,2.0,0.0,0.0,1.0,1.0,3.0,1.0,0.9999999999999992,3.0,2.0,0.42857142857142855,0.7867957924694421,3.0,2.0,0.42857142857142855,0.6462061726588662,6.0,2.0,0.5357142857142857,0.6929348671835872,15.0,2.0,0.875,1.045553355014377,49.0,4.0,0.8214285714285714,0.9462763330290715,69.0,4.0,-1.0,0.0,-2.0,1319,0.3661865049279757,0.15921152388172857,0.3199393479909022,0.24791508718726307,0.15466262319939347,0.3009855951478393,43.28363914373089,5.3570887035633055
2023-09-30,0,0,0,0,0,0,0,0,0,0,0,0,2023,9,30,5,273,39,3,1,0,0,-0.9749279121818236,-0.2225209339563146,-0.9999166586547379,-0.012910296075008843,-1.0,-1.8369701987210297e-16,-1.0,-1.8369701987210297e-16,1.0,2.0,0.0,0.0,1.0,2.0,1.0,0.9999999999999992,3.0,2.0,0.42857142857142855,0.7867957924694421,3.0,2.0,0.35714285714285715,0.6333236937766531,5.0,2.0,0.4642857142857143,0.6372477195601894,13.0,2.0,0.875,1.045553355014377,49.0,4.0,0.8095238095238095,0.9502845544183254,68.0,4.0,-1.0,0.0,-2.0,1319,0.3661865049279757,0.15921152388172857,0.3199393479909022,0.24791508718726307,0.15466262319939347,0.3009855951478393,43.28363914373089,5.3570887035633055
2023-10-01,2,0,0,0,0,0,0,0,4,0,0,0,2023,10,1,6,274,39,4,1,0,0,-0.7818314824680299,0.6234898018587334,-0.9999907397361901,0.004303538296243821,-1.0,-1.8369701987210297e-16,-0.8660254037844386,0.5000000000000001,0.0,1.0,2.0,0.0,0.0,0.0,1.0,0.9999999999999992,3.0,2.0,0.7142857142857143,0.9511897312113411,5.0,2.0,0.5,0.7595545253127517,7.0,2.0,0.5357142857142857,0.6929348671835872,15.0,2.0,0.9107142857142857,1.0492730940865813,51.0,4.0,0.8333333333333334,0.9548018571124488,70.0,4.0,2.0,2.0,2.0,1319,0.3661865049279757,0.15921152388172857,0.3199393479909022,0.24791508718726307,0.15466262319939347,0.3009855951478393,43.28363914373089,5.3570887035633055
2023-10-02,0,0,0,0,0,0,0,0,0,0,0,0,2023,10,2,0,275,40,4,0,1,0,0.0,1.0,-0.9997685019798909,0.021516097436222233,-0.992708874098054,0.1205366802553232,-0.8660254037844386,0.5000000000000001,2.0,0.0,1.0,0.0,0.0,1.0,0.6666666666666666,1.1547005383792506,2.0,2.0,0.7142857142857143,0.9511897312113411,5.0,2.0,0.5,0.7595545253127517,7.0,2.0,0.5,0.693888666488715,14.0,2.0,0.9107142857142857,1.0492730940865813,51.0,4.0,0.8214285714285714,0.958924024098424,69.0,4.0,-2.0,0.0,-1.0,1319,0.3661865049279757,0.15921152388172857,0.3199393479909022,0.24791508718726307,0.15466262319939347,0.3009855951478393,43.28363914373089,5.3570887035633055
2023-10-03,1,0,0,1,0,0,0,0,3,0,0,0,2023,10,3,1,276,40,4,0,0,0,0.7818314824680298,0.6234898018587336,-0.9992500112396835,0.03872228089217399,-0.992708874098054,0.1205366802553232,-0.8660254037844386,0.5000000000000001,0.0,2.0,0.0,0.0,1.0,1.0,1.0,0.9999999999999992,3.0,2.0,0.8571428571428571,0.8997354108424366,6.0,2.0,0.5,0.7595545253127517,7.0,2.0,0.5,0.693888666488715,14.0,2.0,0.9107142857142857,1.0492730940865813,51.0,4.0,0.8214285714285714,0.958924024098424,69.0,4.0,1.0,1.0,0.0,1319,0.3661865049279757,0.15921152388172857,0.3199393479909022,0.24791508718726307,0.15466262319939347,0.3009855951478393,43.28363914373089,5.3570887035633055
2023-10-04,1,0,1,0,0,1,0,1,2,0,0,1,2023,10,4,2,277,40,4,0,0,0,0.9749279121818236,-0.22252093395631434,-0.9984354211555643,0.05591699010060302,-0.992708874098054,0.1205366802553232,-0.8660254037844386,0.5000000000000001,1.0,0.0,2.0,0.0,0.0,0.0,0.6666666666666666,0.577350269189624,2.0,1.0,1.0,0.8164965809277251,7.0,2.0,0.5714285714285714,0.7559289460184562,8.0,2.0,0.5357142857142857,0.6929348671835872,15.0,2.0,0.8928571428571429,1.038855514121565,50.0,4.0,0.8333333333333334,0.9548018571124488,70.0,4.0,0.0,1.0,1.0,1319,0.3661865049279757,0.15921152388172857,0.3199393479909022,0.24791508718726307,0.15466262319939347,0.3009855951478393,43.28363914373089,5.3570887035633055
2023-10-05,2,2,0,0,0,0,0,0,4,2,2,0,2023,10,5,3,278,40,4,0,0,0,0.43388373911755823,-0.900968867902419,-0.9973249731081555,0.07309512989807776,-0.992708874098054,0.1205366802553232,-0.8660254037844386,0.5000000000000001,1.0,1.0,0.0,2.0,0.0,1.0,1.3333333333333333,0.5773502691896247,4.0,2.0,1.0,0.8164965809277251,7.0,2.0,0.7142857142857143,0.8254203058555585,10.0,2.0,0.5714285714285714,0.7417981870189194,16.0,2.0,0.9107142857142857,1.0492730940865813,51.0,4.0,0.8452380952380952,0.9631030124068615,71.0,4.0,1.0,0.0,1.0,1319,0.3661865049279757,0.15921152388172857,0.3199393479909022,0.24791508718726307,0.15466262319939347,0.3009855951478393,43.28363914373089,5.3570887035633055
2023-10-06,0,0,0,0,0,0,0,0,0,0,0,0,2023,10,6,4,279,40,4,0,0,1,-0.433883739117558,-0.9009688679024191,-0.9959189961471792,0.0902516100310407,-0.992708874098054,0.1205366802553232,-0.8660254037844386,0.5000000000000001,2.0,1.0,1.0,1.0,1.0,2.0,1.0,0.9999999999999991,3.0,2.0,0.8571428571428571,0.8997354108424366,6.0,2.0,0.6428571428571429,0.841897386141097,9.0,2.0,0.5,0.693888666488715,14.0,2.0,0.8928571428571429,1.0562122966451475,50.0,4.0,0.8214285714285714,0.958924024098424,69.0,4.0,-2.0,-1.0,-2.0,1319,0.3661865049279757,0.15921152388172857,0.3199393479909022,0.24791508718726307,0.15466262319939347,0.3009855951478393,43.28363914373089,5.3570887035633055
2023-10-07,1,0,0,0,0,0,0,0,2,0,0,0,2023,10,7,5,280,40,4,1,0,0,-0.9749279121818236,-0.2225209339563146,-0.994217906893952,0.10738134666416306,-0.992708874098054,0.1205366802553232,-0.8660254037844386,0.5000000000000001,0.0,2.0,1.0,0.0,0.0,1.0,1.0,0.9999999999999991,3.0,2.0,1.0,0.8164965809277253,7.0,2.0,0.7142857142857143,0.8254203058555585,10.0,2.0,0.5,0.693888666488715,14.0,2.0,0.875,1.045553355014377,49.0,4.0,0.8333333333333334,0.9548018571124488,70.0,4.0,1.0,1.0,0.0,1319,0.3661865049279757,0.15921152388172857,0.3199393479909022,0.24791508718726307,0.15466262319939347,0.3009855951478393,43.28363914373089,5.3570887035633055
2023-10-08,0,0,0,0,0,0,0,0,0,0,0,0,2023,10,8,6,281,40,4,1,0,0,-0.7818314824680299,0.6234898018587334,-0.9922222094179324,0.12447926388678869,-0.992708874098054,0.1205366802553232,-0.8660254037844386,0.5000000000000001,1.0,0.0,2.0,2.0,0.0,0.0,0.3333333333333333,0.5773502691896231,1.0,1.0,0.7142857142857143,0.7559289460184535,5.0,2.0,0.7142857142857143,0.8254203058555585,10.0,2.0,0.5,0.693888666488715,14.0,2.0,0.8214285714285714,1.0109786951651967,46.0,4.0,0.8333333333333334,0.9548018571124488,70.0,4.0,-1.0,-2.0,0.0,1319,0.3661865049279757,0.15921152388172857,0.3199393479909022,0.24791508718726307,0.15466262319939347,0.3009855951478393,43.28363914373089,5.3570887035633055
2023-10-09,2,0,0,0,0,1,0,1,4,0,0,0,2023,10,9,0,282,41,4,0,1,0,0.0,1.0,-0.989932495087353,0.141540295217043,-0.9709418174260521,0.23931566428755738,-0.8660254037844386,0.5000000000000001,0.0,1.0,0.0,0.0,0.0,0.0,1.0,0.9999999999999991,3.0,2.0,1.0,0.8164965809277253,7.0,2.0,0.8571428571428571,0.8644378215075679,12.0,2.0,0.5714285714285714,0.7417981870189194,16.0,2.0,0.8214285714285714,1.0109786951651967,46.0,4.0,0.8571428571428571,0.9586996356493247,72.0,4.0,2.0,2.0,2.0,1319,0.3661865049279757,0.15921152388172857,0.3199393479909022,0.24791508718726307,0.15466262319939347,0.3009855951478393,43.28363914373089,5.3570887035633055
2023-10-10,1,0,0,1,0,0,0,0,2,0,0,0,2023,10,10,1,283,41,4,0,0,0,0.7818314824680298,0.6234898018587336,-0.9873494423939864,0.15855938510313475,-0.9709418174260521,0.23931566428755738,-0.8660254037844386,0.5000000000000001,2.0,0.0,1.0,1.0,0.0,0.0,1.0,0.9999999999999991,3.0,2.0,1.0,0.8164965809277253,7.0,2.0,0.9285714285714286,0.8287419301647463,13.0,2.0,0.6071428571428571,0.7373267889143856,17.0,2.0,0.7857142857142857,0.9669875568304571,44.0,4.0,0.8571428571428571,0.9586996356493247,72.0,4.0,-1.0,0.0,1.0,1319,0.3661865049279757,0.15921152388172857,0.3199393479909022,0.24791508718726307,0.15466262319939347,0.3009855951478393,43.28363914373089,5.3570887035633055
2023-10-11,3,0,0,0,0,0,0,0,6,0,0,0,2023,10,11,2,284,41,4,0,0,0,0.9749279121818236,-0.22252093395631434,-0.9844738167520923,0.17553149042142777,-0.9709418174260521,0.23931566428755738,-0.8660254037844386,0.5000000000000001,1.0,2.0,0.0,1.0,0.0,0.0,2.0,0.9999999999999999,6.0,3.0,1.2857142857142858,1.112697280528373,9.0,3.0,1.1428571428571428,0.949262293098648,16.0,3.0,0.7142857142857143,0.8544932592822106,20.0,3.0,0.8392857142857143,1.005019867995124,47.0,4.0,0.8809523809523809,0.9867161296931719,74.0,4.0,2.0,2.0,3.0,1319,0.3661865049279757,0.15921152388172857,0.3199393479909022,0.24791508718726307,0.15466262319939347,0.3009855951478393,43.28363914373089,5.3570887035633055
2023-10-12,0,0,0,0,0,0,0,0,0,0,0,0,2023,10,12,3,285,41,4,0,0,0,0.43388373911755823,-0.900968867902419,-0.9813064702716093,0.19245158197082995,-0.9709418174260521,0.23931566428755738,-0.8660254037844386,0.5000000000000001,3.0,1.0,2.0,2.0,2.0,0.0,1.3333333333333333,1.5275252316519465,4.0,3.0,1.0,1.154700538379251,7.0,3.0,1.0,0.9607689228305241,14.0,3.0,0.7142857142857143,0.8544932592822106,20.0,3.0,0.7678571428571429,0.9143516615826554,43.0,3.0,0.8571428571428571,0.9835129701628166,72.0,4.0,-3.0,-2.0,0.0,1319,0.3661865049279757,0.15921152388172857,0.3199393479909022,0.24791508718726307,0.15466262319939347,0.3009855951478393,43.28363914373089,5.3570887035633055
2023-10-13,1,0,0,0,0,0,0,0,2,0,0,0,2023,10,13,4,286,41,4,0,0,1,-0.433883739117558,-0.9009688679024191,-0.9778483415056567,0.20931464596304888,-0.9709418174260521,0.23931566428755738,-0.8660254037844386,0.5000000000000001,0.0,3.0,1.0,0.0,1.0,1.0,1.3333333333333333,1.5275252316519465,4.0,3.0,1.1428571428571428,1.069044967649697,8.0,3.0,1.0,0.9607689228305241,14.0,3.0,0.7142857142857143,0.8544932592822106,20.0,3.0,0.7678571428571429,0.9143516615826554,43.0,3.0,0.8571428571428571,0.9835129701628166,72.0,4.0,1.0,1.0,0.0,1319,0.3661865049279757,0.15921152388172857,0.3199393479909022,0.24791508718726307,0.15466262319939347,0.3009855951478393,43.28363914373089,5.3570887035633055
2023-10-14,0,0,0,0,0,0,0,0,0,0,0,0,2023,10,14,5,287,41,4,1,0,0,-0.9749279121818236,-0.2225209339563146,-0.9741004551724206,0.22611568550828803,-0.9709418174260521,0.23931566428755738,-0.8660254037844386,0.5000000000000001,1.0,0.0,3.0,1.0,0.0,1.0,0.3333333333333333,0.5773502691896245,1.0,1.0,1.0,1.154700538379251,7.0,3.0,1.0,0.9607689228305241,14.0,3.0,0.6785714285714286,0.8629652337776996,19.0,3.0,0.7142857142857143,0.8678978933300592,40.0,3.0,0.8452380952380952,0.9878057418295911,71.0,4.0,-1.0,-1.0,-1.0,1319,0.3661865049279757,0.15921152388172857,0.3199393479909022,0.24791508718726307,0.15466262319939347,0.3009855951478393,43.28363914373089,5.3570887035633055
2023-10-15,0,0,0,0,0,0,0,0,0,0,0,0,2023,10,15,6,288,41,4,1,0,0,-0.7818314824680299,0.6234898018587334,-0.970063921851507,0.2428497220959358,-0.9709418174260521,0.23931566428755738,-0.8660254037844386,0.5000000000000001,0.0,1.0,0.0,0.0,2.0,0.0,0.3333333333333333,0.5773502691896245,1.0,1.0,1.0,1.154700538379251,7.0,3.0,0.8571428571428571,0.9492622930986481,12.0,3.0,0.6785714285714286,0.8629652337776996,19.0,3.0,0.6964285714285714,0.8721893634494101,39.0,3.0,0.8452380952380952,0.9878057418295911,71.0,4.0,0.0,0.0,0.0,1319,0.3661865049279757,0.15921152388172857,0.3199393479909022,0.24791508718726307,0.15466262319939347,0.3009855951478393,43.28363914373089,5.3570887035633055
2023-10-16,1,1,0,1,0,0,0,0,2,0,0,0,2023,10,16,0,289,42,4,0,1,0,0.0,1.0,-0.965739937654855,0.25951179706979943,-0.9350162426854148,0.35460488704253557,-0.8660254037844386,0.5000000000000001,0.0,0.0,1.0,2.0,0.0,0.0,0.3333333333333333,0.5773502691896245,1.0,1.0,0.8571428571428571,1.069044967649697,6.0,3.0,0.9285714285714286,0.9168747682531913,13.0,3.0,0.7142857142857143,0.8544932592822106,20.0,3.0,0.7142857142857143,0.8678978933300592,40.0,3.0,0.8571428571428571,0.9835129701628166,72.0,4.0,1.0,-1.0,1.0,1319,0.3661865049279757,0.15921152388172857,0.3199393479909022,0.24791508718726307,0.15466262319939347,0.3009855951478393,43.28363914373089,5.3570887035633055
2023-10-17,0,0,0,0,0,0,0,0,0,0,0,0,2023,10,17,1,290,42,4,0,0,0,0.7818314824680298,0.6234898018587336,-0.9611297838723007,0.27609697309746883,-0.9350162426854148,0.35460488704253557,-0.8660254037844386,0.5000000000000001,1.0,0.0,0.0,1.0,1.0,1.0,0.3333333333333333,0.5773502691896245,1.0,1.0,0.7142857142857143,1.1126972805283728,5.0,3.0,0.8571428571428571,0.9492622930986481,12.0,3.0,0.6785714285714286,0.8629652337776996,19.0,3.0,0.7142857142857143,0.8678978933300592,40.0,3.0,0.8333333333333334,0.9797139161151681,70.0,4.0,-1.0,-1.0,-1.0,1319,0.3661865049279757,0.15921152388172857,0.3199393479909022,0.24791508718726307,0.15466262319939347,0.3009855951478393,43.28363914373089,5.3570887035633055
2023-10-18,2,2,0,2,0,0,0,0,4,0,0,0,2023,10,18,2,291,42,4,0,0,0,0.9749279121818236,-0.22252093395631434,-0.9562348265919058,0.2926003356333479,-0.9350162426854148,0.35460488704253557,-0.8660254037844386,0.5000000000000001,0.0,1.0,0.0,3.0,1.0,0.0,1.0,0.9999999999999996,3.0,2.0,0.5714285714285714,0.7867957924694422,4.0,2.0,0.9285714285714286,0.9972489631508759,13.0,3.0,0.75,0.8871510790372978,21.0,3.0,0.7321428571428571,0.8840212138254987,41.0,3.0,0.8571428571428571,0.9835129701628166,72.0,4.0,2.0,-1.0,2.0,1319,0.3661865049279757,0.15921152388172857,0.3199393479909022,0.24791508718726307,0.15466262319939347,0.3009855951478393,43.28363914373089,5.3570887035633055
2023-10-19,3,3,0,2,0,0,0,0,6,0,0,0,2023,10,19,3,292,42,4,0,0,0,0.43388373911755823,-0.900968867902419,-0.9510565162951536,0.30901699437494723,-0.9350162426854148,0.35460488704253557,-0.8660254037844386,0.5000000000000001,2.0,0.0,1.0,0.0,2.0,0.0,1.6666666666666667,1.5275252316519465,5.0,3.0,1.0,1.154700538379251,7.0,3.0,1.0,1.1094003924504594,14.0,3.0,0.8571428571428571,0.9704632614370038,24.0,3.0,0.75,0.9194860224356578,42.0,3.0,0.8928571428571429,1.0062198991125408,75.0,4.0,1.0,3.0,3.0,1319,0.3661865049279757,0.15921152388172857,0.3199393479909022,0.24791508718726307,0.15466262319939347,0.3009855951478393,43.28363914373089,5.3570887035633055
2023-10-20,0,0,0,0,0,0,0,0,0,0,0,0,2023,10,20,4,293,42,4,0,0,1,-0.433883739117558,-0.9009688679024191,-0.9455963874271428,0.3253420847119795,-0.9350162426854148,0.35460488704253557,-0.8660254037844386,0.5000000000000001,3.0,2.0,0.0,1.0,0.0,1.0,1.6666666666666667,1.5275252316519465,5.0,3.0,0.8571428571428571,1.214985792587911,6.0,3.0,1.0,1.1094003924504594,14.0,3.0,0.8214285714285714,0.9833266074561501,23.0,3.0,0.7142857142857143,0.9088311317148128,40.0,3.0,0.8928571428571429,1.0062198991125408,75.0,4.0,-3.0,-1.0,-1.0,1319,0.3661865049279757,0.15921152388172857,0.3199393479909022,0.24791508718726307,0.15466262319939347,0.3009855951478393,43.28363914373089,5.3570887035633055
2023-10-21,0,0,0,0,0,0,0,0,0,0,0,0,2023,10,21,5,294,42,4,1,0,0,-0.9749279121818236,-0.2225209339563146,-0.9398560579418953,0.341570769167856,-0.9350162426854148,0.35460488704253557,-0.8660254037844386,0.5000000000000001,0.0,3.0,2.0,0.0,1.0,0.0,1.0,1.732050807568877,3.0,3.0,0.8571428571428571,1.214985792587911,6.0,3.0,0.9285714285714286,1.141138818110139,13.0,3.0,0.8214285714285714,0.9833266074561501,23.0,3.0,0.6785714285714286,0.8966025339558802,38.0,3.0,0.8928571428571429,1.0062198991125408,75.0,4.0,0.0,0.0,0.0,1319,0.3661865049279757,0.15921152388172857,0.3199393479909022,0.24791508718726307,0.15466262319939347,0.3009855951478393,43.28363914373089,5.3570887035633055
2023-10-22,0,0,0,0,0,0,0,0,0,0,0,0,2023,10,22,6,295,42,4,1,0,0,-0.7818314824680299,0.6234898018587334,-0.9338372288229252,0.35769823883312546,-0.9350162426854148,0.35460488704253557,-0.8660254037844386,0.5000000000000001,0.0,0.0,3.0,0.0,0.0,0.0,0.0,0.0,0.0,0.0,0.8571428571428571,1.214985792587911,6.0,3.0,0.9285714285714286,1.141138818110139,13.0,3.0,0.8214285714285714,0.9833266074561501,23.0,3.0,0.6785714285714286,0.8966025339558802,38.0,3.0,0.8809523809523809,1.0108419716657049,74.0,4.0,0.0,0.0,0.0,1319,0.3661865049279757,0.15921152388172857,0.3199393479909022,0.24791508718726307,0.15466262319939347,0.3009855951478393,43.28363914373089,5.3570887035633055
2023-10-23,0,0,0,0,0,0,0,0,0,0,0,0,2023,10,23,0,296,43,4,0,1,0,0.0,1.0,-0.9275416835791965,0.3737197147904692,-0.8854560256532101,0.464723172043768,-0.8660254037844386,0.5000000000000001,0.0,0.0,0.0,1.0,2.0,0.0,0.0,0.0,0.0,0.0,0.7142857142857143,1.2535663410560167,5.0,3.0,0.7857142857142857,1.1217137594956037,11.0,3.0,0.8214285714285714,0.9833266074561501,23.0,3.0,0.6785714285714286,0.8966025339558802,38.0,3.0,0.8690476190476191,1.015301746408093,73.0,4.0,0.0,-1.0,0.0,1319,0.3661865049279757,0.15921152388172857,0.3199393479909022,0.24791508718726307,0.15466262319939347,0.3009855951478393,43.28363914373089,5.3570887035633055
2023-10-24,4,2,2,2,0,0,0,0,8,0,0,2,2023,10,24,1,297,43,4,0,0,0,0.7818314824680298,0.6234898018587336,-0.9209712877166347,0.38963044953078774,-0.8854560256532101,0.464723172043768,-0.8660254037844386,0.5000000000000001,0.0,0.0,0.0,0.0,1.0,0.0,1.3333333333333333,2.309401076758503,4.0,4.0,1.2857142857142858,1.704336206492693,9.0,4.0,1.0,1.414213562373096,14.0,4.0,0.9642857142857143,1.1379690439434411,27.0,4.0,0.75,0.9954441676503472,42.0,4.0,0.9166666666666666,1.0665599846249685,77.0,4.0,4.0,4.0,4.0,1319,0.3661865049279757,0.15921152388172857,0.3199393479909022,0.24791508718726307,0.15466262319939347,0.3009855951478393,43.28363914373089,5.3570887035633055
2023-10-25,0,0,0,0,0,0,0,0,0,0,0,0,2023,10,25,2,298,43,4,0,0,0,0.9749279121818236,-0.22252093395631434,-0.9141279881853337,0.4054257283599973,-0.8854560256532101,0.464723172043768,-0.8660254037844386,0.5000000000000001,4.0,0.0,0.0,2.0,3.0,0.0,1.3333333333333333,2.309401076758503,4.0,4.0,1.0,1.732050807568877,7.0,4.0,0.7857142857142857,1.3114039117603022,11.0,4.0,0.9642857142857143,1.1379690439434411,27.0,4.0,0.75,0.9954441676503472,42.0,4.0,0.8928571428571429,1.0644061316437892,75.0,4.0,-4.0,-2.0,0.0,1319,0.3661865049279757,0.15921152388172857,0.3199393479909022,0.24791508718726307,0.15466262319939347,0.3009855951478393,43.28363914373089,5.3570887035633055
2023-10-26,0,0,0,0,0,0,0,0,0,0,0,0,2023,10,26,3,299,43,4,0,0,0,0.43388373911755823,-0.900968867902419,-0.9070138128026362,0.42110087079608916,-0.8854560256532101,0.464723172043768,-0.8660254037844386,0.5000000000000001,0.0,4.0,0.0,3.0,0.0,2.0,1.3333333333333333,2.309401076758503,4.0,4.0,0.5714285714285714,1.5118578920369083,4.0,4.0,0.7857142857142857,1.3114039117603022,11.0,4.0,0.8928571428571429,1.1333099904225403,25.0,4.0,0.75,0.9954441676503472,42.0,4.0,0.8809523809523809,1.06877659938448,74.0,4.0,0.0,-3.0,-2.0,1319,0.3661865049279757,0.15921152388172857,0.3199393479909022,0.24791508718726307,0.15466262319939347,0.3009855951478393,43.28363914373089,5.3570887035633055
2023-10-27,0,0,0,0,0,0,0,0,0,0,0,0,2023,10,27,4,300,43,4,0,0,1,-0.433883739117558,-0.9009688679024191,-0.8996308696522434,0.4366512319560638,-0.8854560256532101,0.464723172043768,-0.8660254037844386,0.5000000000000001,0.0,0.0,4.0,0.0,1.0,1.0,0.0,0.0,0.0,0.0,0.5714285714285714,1.5118578920369083,4.0,4.0,0.7142857142857143,1.325987088263593,10.0,4.0,0.8571428571428571,1.1454995906456347,24.0,4.0,0.6964285714285714,0.9519290053196366,39.0,4.0,0.8690476190476191,1.0729956029593815,73.0,4.0,0.0,0.0,-1.0,1319,0.3661865049279757,0.15921152388172857,0.3199393479909022,0.24791508718726307,0.15466262319939347,0.3009855951478393,43.28363914373089,5.3570887035633055
2023-10-28,1,0,0,0,0,0,0,0,2,0,0,0,2023,10,28,5,301,43,4,1,0,0,-0.9749279121818236,-0.2225209339563146,-0.8919813464595487,0.45207220393230374,-0.8854560256532101,0.464723172043768,-0.8660254037844386,0.5000000000000001,0.0,0.0,0.0,0.0,0.0,0.0,0.3333333333333333,0.5773502691896253,1.0,1.0,0.7142857142857143,1.496026483086191,5.0,4.0,0.7857142857142857,1.3114039117603022,11.0,4.0,0.8928571428571429,1.1333099904225403,25.0,4.0,0.6785714285714286,0.9362816758985397,38.0,4.0,0.8809523809523809,1.06877659938448,74.0,4.0,1.0,1.0,1.0,1319,0.3661865049279757,0.15921152388172857,0.3199393479909022,0.24791508718726307,0.15466262319939347,0.3009855951478393,43.28363914373089,5.3570887035633055
2023-10-29,1,0,1,0,0,0,0,0,2,0,0,1,2023,10,29,6,302,43,4,1,0,0,-0.7818314824680299,0.6234898018587334,-0.8840675099433637,0.46735921715800205,-0.8854560256532101,0.464723172043768,-0.8660254037844386,0.5000000000000001,1.0,0.0,0.0,0.0,0.0,2.0,0.6666666666666666,0.5773502691896255,2.0,1.0,0.8571428571428571,1.4638501094227994,6.0,4.0,0.8571428571428571,1.292412345317729,12.0,4.0,0.8571428571428571,1.1126972805283755,24.0,4.0,0.6964285714285714,0.9326334729169848,39.0,4.0,0.8928571428571429,1.0644061316437892,75.0,4.0,0.0,1.0,-1.0,1319,0.3661865049279757,0.15921152388172857,0.3199393479909022,0.24791508718726307,0.15466262319939347,0.3009855951478393,43.28363914373089,5.3570887035633055
2023-10-30,2,1,0,0,0,0,0,0,5,1,1,0,2023,10,30,0,303,44,4,0,1,0,0.0,1.0,-0.8758917051442433,0.48250774176121763,-0.822983865893657,0.5680647467311548,-0.8660254037844386,0.5000000000000001,1.0,1.0,0.0,0.0,1.0,0.0,1.3333333333333333,0.5773502691896261,4.0,2.0,1.1428571428571428,1.4638501094227994,8.0,4.0,0.9285714285714286,1.328057326976613,13.0,4.0,0.9285714285714286,1.1198072396480825,26.0,4.0,0.7142857142857143,0.9479985752633283,40.0,4.0,0.9166666666666666,1.0665599846249685,77.0,4.0,1.0,2.0,2.0,1319,0.3661865049279757,0.15921152388172857,0.3199393479909022,0.24791508718726307,0.15466262319939347,0.3009855951478393,43.28363914373089,5.3570887035633055
2023-10-31,0,0,0,0,0,0,0,0,0,0,0,0,2023,10,31,1,304,44,4,0,0,0,0.7818314824680298,0.6234898018587336,-0.8674563547295971,0.4975132889071803,-0.822983865893657,0.5680647467311548,-0.8660254037844386,0.5000000000000001,2.0,1.0,1.0,4.0,0.0,1.0,1.0,1.0,3.0,2.0,0.5714285714285714,0.7867957924694422,4.0,2.0,0.9285714285714286,1.328057326976613,13.0,4.0,0.8928571428571429,1.1333099904225403,25.0,4.0,0.6964285714285714,0.9519290053196366,39.0,4.0,0.9047619047619048,1.071189493310806,76.0,4.0,-2.0,-4.0,-1.0,1319,0.3661865049279757,0.15921152388172857,0.3199393479909022,0.24791508718726307,0.15466262319939347,0.3009855951478393,43.28363914373089,5.3570887035633055
2023-11-01,2,0,0,0,0,2,0,2,4,0,0,2,2023,11,1,2,305,44,4,0,0,0,0.9749279121818236,-0.22252093395631434,-0.858763958275803,0.5123714121284235,-0.822983865893657,0.5680647467311548,-0.5000000000000004,0.8660254037844384,0.0,2.0,1.0,0.0,2.0,1.0,1.3333333333333333,1.1547005383792517,4.0,2.0,0.8571428571428571,0.8997354108424366,6.0,2.0,0.9285714285714286,1.328057326976613,13.0,4.0,0.9285714285714286,1.1524071884721703,26.0,4.0,0.7321428571428571,0.9627814144176514,41.0,4.0,0.9047619047619048,1.071189493310806,76.0,4.0,2.0,2.0,1.0,1319,0.3661865049279757,0.15921152388172857,0.3199393479909022,0.24791508718726307,0.15466262319939347,0.3009855951478393,43.28363914373089,5.3570887035633055
2023-11-02,1,1,0,1,0,0,0,0,2,0,0,0,2023,11,2,3,306,44,4,0,0,0,0.43388373911755823,-0.900968867902419,-0.8498170915275277,0.5270777086423724,-0.822983865893657,0.5680647467311548,-0.5000000000000004,0.8660254037844384,2.0,0.0,2.0,0.0,3.0,2.0,1.0,1.0,3.0,2.0,1.0,0.8164965809277251,7.0,2.0,0.7857142857142857,1.1883130530663688,11.0,4.0,0.8928571428571429,1.1333099904225403,25.0,4.0,0.7321428571428571,0.9627814144176514,41.0,4.0,0.9047619047619048,1.071189493310806,76.0,4.0,-1.0,1.0,-1.0,1319,0.3661865049279757,0.15921152388172857,0.3199393479909022,0.24791508718726307,0.15466262319939347,0.3009855951478393,43.28363914373089,5.3570887035633055
2023-11-03,2,2,0,2,0,0,0,0,4,0,0,0,2023,11,3,4,307,44,4,0,0,1,-0.433883739117558,-0.9009688679024191,-0.8406184056344783,0.5416278206559811,-0.822983865893657,0.5680647467311548,-0.5000000000000004,0.8660254037844384,1.0,2.0,0.0,0.0,0.0,0.0,1.6666666666666667,0.5773502691896263,5.0,2.0,1.2857142857142858,0.7559289460184536,9.0,2.0,0.9285714285714286,1.2066664642907579,13.0,4.0,0.9642857142857143,1.137969043943441,27.0,4.0,0.7321428571428571,0.9627814144176514,41.0,4.0,0.9166666666666666,1.077797098875935,77.0,4.0,1.0,2.0,2.0,1319,0.3661865049279757,0.15921152388172857,0.3199393479909022,0.24791508718726307,0.15466262319939347,0.3009855951478393,43.28363914373089,5.3570887035633055
2023-11-04,2,2,0,0,0,4,0,2,4,0,0,0,2023,11,4,5,308,44,4,1,0,0,-0.9749279121818236,-0.2225209339563146,-0.8311706263658079,0.5560174366570446,-0.822983865893657,0.5680647467311548,-0.5000000000000004,0.8660254037844384,2.0,1.0,2.0,1.0,0.0,1.0,1.6666666666666667,0.5773502691896263,5.0,2.0,1.4285714285714286,0.7867957924694424,10.0,2.0,1.0714285714285714,1.2066664642907576,15.0,4.0,1.0,1.1547005383792532,28.0,4.0,0.75,0.9770084209183952,42.0,4.0,0.9166666666666666,1.077797098875935,77.0,4.0,0.0,1.0,1.0,1319,0.3661865049279757,0.15921152388172857,0.3199393479909022,0.24791508718726307,0.15466262319939347,0.3009855951478393,43.28363914373089,5.3570887035633055
2023-11-05,1,0,0,0,0,2,0,1,3,0,0,0,2023,11,5,6,309,44,4,1,0,0,-0.7818314824680299,0.6234898018587334,-0.8214765533024145,0.5702422926917867,-0.822983865893657,0.5680647467311548,-0.5000000000000004,0.8660254037844384,2.0,2.0,1.0,1.0,0.0,0.0,1.6666666666666667,0.5773502691896263,5.0,2.0,1.4285714285714286,0.7867957924694424,10.0,2.0,1.1428571428571428,1.167320591199078,16.0,4.0,1.0357142857142858,1.137969043943441,29.0,4.0,0.7678571428571429,0.9721779004533438,43.0,4.0,0.8928571428571429,1.0530261286115965,75.0,4.0,-1.0,0.0,1.0,1319,0.3661865049279757,0.15921152388172857,0.3199393479909022,0.24791508718726307,0.15466262319939347,0.3009855951478393,43.28363914373089,5.3570887035633055
2023-11-06,1,0,0,0,0,0,0,0,2,0,0,0,2023,11,6,0,310,45,4,0,1,0,0.0,1.0,-0.8115390590073611,0.5842981736283683,-0.7485107481711011,0.6631226582407952,-0.5000000000000004,0.8660254037844384,1.0,2.0,2.0,2.0,0.0,2.0,1.3333333333333333,0.5773502691896261,4.0,2.0,1.2857142857142858,0.7559289460184536,9.0,2.0,1.2142857142857142,1.1217137594956035,17.0,4.0,1.0,1.1221672153735658,28.0,4.0,0.7857142857142857,0.9669875568304571,44.0,4.0,0.8809523809523809,1.0459878815299515,74.0,4.0,0.0,-1.0,-1.0,1319,0.3661865049279757,0.15921152388172857,0.3199393479909022,0.24791508718726307,0.15466262319939347,0.3009855951478393,43.28363914373089,5.3570887035633055
2023-11-07,0,0,0,0,0,0,0,0,0,0,0,0,2023,11,7,1,311,45,4,0,0,0,0.7818314824680298,0.6234898018587336,-0.801361088174677,0.5981809144059158,-0.7485107481711011,0.6631226582407952,-0.5000000000000004,0.8660254037844384,1.0,1.0,2.0,0.0,4.0,1.0,0.6666666666666666,0.5773502691896255,2.0,1.0,1.2857142857142858,0.7559289460184536,9.0,2.0,0.9285714285714286,0.8287419301647462,13.0,2.0,0.9642857142857143,1.137969043943441,27.0,4.0,0.7857142857142857,0.9669875568304571,44.0,4.0,0.8452380952380952,1.023742809605037,71.0,4.0,-1.0,0.0,-1.0,1319,0.3661865049279757,0.15921152388172857,0.3199393479909022,0.24791508718726307,0.15466262319939347,0.3009855951478393,43.28363914373089,5.3570887035633055
2023-11-08,3,0,0,0,0,2,0,2,6,0,0,1,2023,11,8,2,312,45,4,0,0,0,0.9749279121818236,-0.22252093395631434,-0.7909456567567774,0.6118864012687242,-0.7485107481711011,0.6631226582407952,-0.5000000000000004,0.8660254037844384,0.0,1.0,1.0,2.0,0.0,3.0,1.3333333333333333,1.5275252316519468,4.0,3.0,1.4285714285714286,0.9759000729485325,10.0,3.0,1.1428571428571428,0.9492622930986478,16.0,3.0,0.9642857142857143,1.137969043943441,27.0,4.0,0.8392857142857143,1.005019867995124,47.0,4.0,0.8809523809523809,1.0459878815299515,74.0,4.0,3.0,1.0,0.0,1319,0.3661865049279757,0.15921152388172857,0.3199393479909022,0.24791508718726307,0.15466262319939347,0.3009855951478393,43.28363914373089,5.3570887035633055
2023-11-09,3,3,0,3,0,0,0,0,6,3,3,1,2023,11,9,3,313,45,4,0,0,0,0.43388373911755823,-0.900968867902419,-0.780295851070776,0.6254105729852457,-0.7485107481711011,0.6631226582407952,-0.5000000000000004,0.8660254037844384,3.0,0.0,1.0,1.0,0.0,0.0,2.0,1.7320508075688776,6.0,3.0,1.7142857142857142,1.112697280528373,12.0,3.0,1.3571428571428572,1.0082080720186277,19.0,3.0,1.0714285714285714,1.1841099620037008,30.0,4.0,0.8928571428571429,1.0388555141215647,50.0,4.0,0.8690476190476191,1.0153017464080927,73.0,4.0,0.0,2.0,3.0,1319,0.3661865049279757,0.15921152388172857,0.3199393479909022,0.24791508718726307,0.15466262319939347,0.3009855951478393,43.28363914373089,5.3570887035633055
2023-11-10,1,1,0,0,0,0,0,0,2,0,0,0,2023,11,10,4,314,45,4,0,0,1,-0.433883739117558,-0.9009688679024191,-0.7694148268839381,0.6387494220515268,-0.7485107481711011,0.6631226582407952,-0.5000000000000004,0.8660254037844384,3.0,3.0,0.0,2.0,0.0,1.0,2.3333333333333335,1.154700538379252,7.0,3.0,1.5714285714285714,1.133893419027681,11.0,3.0,1.4285714285714286,0.9376144618769919,20.0,3.0,1.0714285714285714,1.1841099620037008,30.0,4.0,0.8928571428571429,1.0388555141215647,50.0,4.0,0.8690476190476191,1.0153017464080927,73.0,4.0,-2.0,-1.0,0.0,1319,0.3661865049279757,0.15921152388172857,0.3199393479909022,0.24791508718726307,0.15466262319939347,0.3009855951478393,43.28363914373089,5.3570887035633055
2023-11-11,1,0,1,0,0,0,0,0,1,0,0,1,2023,11,11,5,315,45,4,1,0,0,-0.9749279121818236,-0.2225209339563146,-0.7583058084785625,0.6518989958787125,-0.7485107481711011,0.6631226582407952,-0.5000000000000004,0.8660254037844384,1.0,3.0,3.0,2.0,1.0,0.0,1.6666666666666667,1.1547005383792512,5.0,3.0,1.4285714285714286,1.133893419027681,10.0,3.0,1.4285714285714286,0.9376144618769919,20.0,3.0,1.1071428571428572,1.165532328365718,31.0,4.0,0.8928571428571429,1.0388555141215647,50.0,4.0,0.8452380952380952,0.9878057418295911,71.0,4.0,0.0,-1.0,1.0,1319,0.3661865049279757,0.15921152388172857,0.3199393479909022,0.24791508718726307,0.15466262319939347,0.3009855951478393,43.28363914373089,5.3570887035633055
2023-11-12,0,0,0,0,0,0,0,0,0,0,0,0,2023,11,12,6,316,45,4,1,0,0,-0.7818314824680299,0.6234898018587334,-0.7469720876965551,0.6648553979642866,-0.7485107481711011,0.6631226582407952,-0.5000000000000004,0.8660254037844384,1.0,1.0,3.0,1.0,1.0,0.0,0.6666666666666666,0.577350269189623,2.0,1.0,1.2857142857142858,1.253566341056017,9.0,3.0,1.3571428571428572,1.0082080720186277,19.0,3.0,1.1071428571428572,1.165532328365718,31.0,4.0,0.8928571428571429,1.0388555141215647,50.0,4.0,0.8333333333333334,0.9919353522139875,70.0,4.0,-1.0,-1.0,0.0,1319,0.3661865049279757,0.15921152388172857,0.3199393479909022,0.24791508718726307,0.15466262319939347,0.3009855951478393,43.28363914373089,5.3570887035633055
2023-11-13,1,0,1,0,0,0,0,0,2,0,0,1,2023,11,13,0,317,46,4,0,1,0,0.0,1.0,-0.7354170229639858,0.6776147890466887,-0.6631226582407955,0.7485107481711007,-0.5000000000000004,0.8660254037844384,0.0,1.0,1.0,1.0,2.0,1.0,0.6666666666666666,0.577350269189623,2.0,1.0,1.2857142857142858,1.253566341056017,9.0,3.0,1.2857142857142858,0.9944903161976948,18.0,3.0,1.1071428571428572,1.165532328365718,31.0,4.0,0.9107142857142857,1.0317995879095858,51.0,4.0,0.8452380952380952,0.9878057418295911,71.0,4.0,1.0,0.0,0.0,1319,0.3661865049279757,0.15921152388172857,0.3199393479909022,0.24791508718726307,0.15466262319939347,0.3009855951478393,43.28363914373089,5.3570887035633055
2023-11-14,1,1,0,1,0,1,0,1,2,0,0,0,2023,11,14,1,318,46,4,0,0,0,0.7818314824680298,0.6234898018587336,-0.7236440382959124,0.690173388242972,-0.6631226582407955,0.7485107481711007,-0.5000000000000004,0.8660254037844384,1.0,0.0,1.0,0.0,0.0,0.0,0.6666666666666666,0.577350269189623,2.0,1.0,1.4285714285714286,1.133893419027681,10.0,3.0,1.3571428571428572,0.9287827316640661,19.0,3.0,1.1428571428571428,1.145499590645634,32.0,4.0,0.9107142857142857,1.0317995879095858,51.0,4.0,0.8571428571428571,0.9835129701628166,72.0,4.0,0.0,1.0,1.0,1319,0.3661865049279757,0.15921152388172857,0.3199393479909022,0.24791508718726307,0.15466262319939347,0.3009855951478393,43.28363914373089,5.3570887035633055
2023-11-15,0,0,0,0,0,0,0,0,0,0,0,0,2023,11,15,2,319,46,4,0,0,0,0.9749279121818236,-0.22252093395631434,-0.711656622281775,0.7025274741691566,-0.6631226582407955,0.7485107481711007,-0.5000000000000004,0.8660254037844384,1.0,1.0,0.0,3.0,2.0,2.0,0.6666666666666666,0.577350269189623,2.0,1.0,1.0,0.9999999999999993,7.0,3.0,1.2142857142857142,0.9749612559222303,17.0,3.0,1.0714285714285714,1.1524071884721698,30.0,4.0,0.9107142857142857,1.0317995879095858,51.0,4.0,0.8452380952380952,0.9878057418295911,71.0,4.0,-1.0,-3.0,-2.0,1319,0.3661865049279757,0.15921152388172857,0.3199393479909022,0.24791508718726307,0.15466262319939347,0.3009855951478393,43.28363914373089,5.3570887035633055
2023-11-16,4,0,0,1,0,0,0,0,8,2,2,0,2023,11,16,3,320,46,4,0,0,0,0.43388373911755823,-0.900968867902419,-0.6994583270516471,0.7146733860429608,-0.6631226582407955,0.7485107481711007,-0.5000000000000004,0.8660254037844384,0.0,1.0,1.0,3.0,1.0,3.0,1.6666666666666667,2.0816659994661326,5.0,4.0,1.1428571428571428,1.345185418269098,8.0,4.0,1.4285714285714286,1.2224996910042538,20.0,4.0,1.1071428571428572,1.2274419565151584,31.0,4.0,0.9821428571428571,1.1035656495456645,55.0,4.0,0.8690476190476191,1.0387638843084892,73.0,4.0,4.0,1.0,1.0,1319,0.3661865049279757,0.15921152388172857,0.3199393479909022,0.24791508718726307,0.15466262319939347,0.3009855951478393,43.28363914373089,5.3570887035633055
2023-11-17,2,1,1,1,0,0,0,0,4,0,0,1,2023,11,17,4,321,46,4,0,0,1,-0.433883739117558,-0.9009688679024191,-0.6870527672236675,0.7266075247685652,-0.6631226582407955,0.7485107481711007,-0.5000000000000004,0.8660254037844384,4.0,0.0,1.0,1.0,2.0,0.0,2.0,1.9999999999999998,6.0,4.0,1.2857142857142858,1.380131118684708,9.0,4.0,1.4285714285714286,1.2224996910042538,20.0,4.0,1.1785714285714286,1.2187902754164632,33.0,4.0,1.0,1.1119188982851391,56.0,4.0,0.8690476190476191,1.0387638843084892,73.0,4.0,-2.0,1.0,2.0,1319,0.3661865049279757,0.15921152388172857,0.3199393479909022,0.24791508718726307,0.15466262319939347,0.3009855951478393,43.28363914373089,5.3570887035633055
2023-11-18,0,0,0,0,0,0,0,0,0,0,0,0,2023,11,18,5,322,46,4,1,0,0,-0.9749279121818236,-0.2225209339563146,-0.6744436188329457,0.7383263540031063,-0.6631226582407955,0.7485107481711007,-0.5000000000000004,0.8660254037844384,2.0,4.0,0.0,1.0,2.0,0.0,2.0,2.0,6.0,4.0,1.1428571428571428,1.4638501094227994,8.0,4.0,1.2857142857142858,1.2666473875533026,18.0,4.0,1.1785714285714286,1.2187902754164632,33.0,4.0,1.0,1.1119188982851391,56.0,4.0,0.8452380952380952,1.0354446995181266,71.0,4.0,-2.0,-1.0,0.0,1319,0.3661865049279757,0.15921152388172857,0.3199393479909022,0.24791508718726307,0.15466262319939347,0.3009855951478393,43.28363914373089,5.3570887035633055
2023-11-19,0,0,0,0,0,0,0,0,0,0,0,0,2023,11,19,6,323,46,4,1,0,0,-0.7818314824680299,0.6234898018587334,-0.661634618242279,0.749826401204568,-0.6631226582407955,0.7485107481711007,-0.5000000000000004,0.8660254037844384,0.0,2.0,4.0,0.0,1.0,0.0,0.6666666666666666,1.1547005383792506,2.0,2.0,1.1428571428571428,1.4638501094227994,8.0,4.0,1.2142857142857142,1.3114039117603018,17.0,4.0,1.1785714285714286,1.2187902754164632,33.0,4.0,1.0,1.1119188982851391,56.0,4.0,0.8452380952380952,1.0354446995181266,71.0,4.0,0.0,0.0,0.0,1319,0.3661865049279757,0.15921152388172857,0.3199393479909022,0.24791508718726307,0.15466262319939347,0.3009855951478393,43.28363914373089,5.3570887035633055
2023-11-20,1,0,1,0,0,0,0,0,2,0,0,1,2023,11,20,0,324,47,4,0,1,0,0.0,1.0,-0.6486295610349818,0.7611042586607742,-0.5680647467311559,0.8229838658936564,-0.5000000000000004,0.8660254037844384,0.0,0.0,2.0,1.0,1.0,0.0,0.3333333333333333,0.5773502691896237,1.0,1.0,1.1428571428571428,1.4638501094227994,8.0,4.0,1.2142857142857142,1.3114039117603018,17.0,4.0,1.2142857142857142,1.1974399500026867,34.0,4.0,1.0178571428571428,1.1035656495456645,57.0,4.0,0.8571428571428571,1.0313502337456273,72.0,4.0,1.0,0.0,1.0,1319,0.3661865049279757,0.15921152388172857,0.3199393479909022,0.24791508718726307,0.15466262319939347,0.3009855951478393,43.28363914373089,5.3570887035633055
2023-11-21,2,2,0,0,0,0,0,0,4,2,2,0,2023,11,21,1,325,47,4,0,0,0,0.7818314824680298,0.6234898018587336,-0.6354323008901775,0.7721565844991641,-0.5680647467311559,0.8229838658936564,-0.5000000000000004,0.8660254037844384,1.0,0.0,0.0,1.0,0.0,4.0,1.0,0.9999999999999992,3.0,2.0,1.2857142857142858,1.496026483086191,9.0,4.0,1.3571428571428572,1.277445940878961,19.0,4.0,1.1428571428571428,1.078898124950251,32.0,4.0,1.0535714285714286,1.1023881985306907,59.0,4.0,0.8809523809523809,1.0344052700781001,74.0,4.0,1.0,1.0,-2.0,1319,0.3661865049279757,0.15921152388172857,0.3199393479909022,0.24791508718726307,0.15466262319939347,0.3009855951478393,43.28363914373089,5.3570887035633055
2023-11-22,0,0,0,0,0,0,0,0,0,0,0,0,2023,11,22,2,326,47,4,0,0,0,0.9749279121818236,-0.22252093395631434,-0.622046748440868,0.7829801036770624,-0.5680647467311559,0.8229838658936564,-0.5000000000000004,0.8660254037844384,2.0,1.0,0.0,0.0,3.0,0.0,1.0,0.9999999999999992,3.0,2.0,1.2857142857142858,1.496026483086191,9.0,4.0,1.1428571428571428,1.2314558524297647,16.0,4.0,1.1428571428571428,1.078898124950251,32.0,4.0,1.0535714285714286,1.1023881985306907,59.0,4.0,0.8809523809523809,1.0344052700781001,74.0,4.0,-2.0,0.0,0.0,1319,0.3661865049279757,0.15921152388172857,0.3199393479909022,0.24791508718726307,0.15466262319939347,0.3009855951478393,43.28363914373089,5.3570887035633055
2023-11-23,0,0,0,0,0,0,0,0,0,0,0,0,2023,11,23,3,327,47,4,0,0,0,0.43388373911755823,-0.900968867902419,-0.6084768701151264,0.7935716089521472,-0.5680647467311559,0.8229838658936564,-0.5000000000000004,0.8660254037844384,0.0,2.0,1.0,4.0,3.0,0.0,0.6666666666666666,1.1547005383792506,2.0,2.0,0.7142857142857143,0.9511897312113411,5.0,2.0,0.9285714285714286,1.1411388181101385,13.0,4.0,1.1428571428571428,1.078898124950251,32.0,4.0,1.0178571428571428,1.1035656495456645,57.0,4.0,0.8809523809523809,1.0344052700781001,74.0,4.0,0.0,-4.0,0.0,1319,0.3661865049279757,0.15921152388172857,0.3199393479909022,0.24791508718726307,0.15466262319939347,0.3009855951478393,43.28363914373089,5.3570887035633055
2023-11-24,0,0,0,0,0,0,0,0,0,0,0,0,2023,11,24,4,328,47,4,0,0,1,-0.433883739117558,-0.9009688679024191,-0.594726686960764,0.8039279618328208,-0.5680647467311559,0.8229838658936564,-0.5000000000000004,0.8660254037844384,0.0,0.0,2.0,2.0,1.0,0.0,0.0,0.0,0.0,0.0,0.42857142857142855,0.7867957924694422,3.0,2.0,0.8571428571428571,1.1673205911990778,12.0,4.0,1.1428571428571428,1.078898124950251,32.0,4.0,1.0,1.1119188982851391,56.0,4.0,0.8452380952380952,1.0119056056153886,71.0,4.0,0.0,-2.0,0.0,1319,0.3661865049279757,0.15921152388172857,0.3199393479909022,0.24791508718726307,0.15466262319939347,0.3009855951478393,43.28363914373089,5.3570887035633055
2023-11-25,0,0,0,0,0,0,0,0,0,0,0,0,2023,11,25,5,329,47,4,1,0,0,-0.9749279121818236,-0.2225209339563146,-0.5808002734538013,0.8140460935082175,-0.5680647467311559,0.8229838658936564,-0.5000000000000004,0.8660254037844384,0.0,0.0,0.0,0.0,1.0,1.0,0.0,0.0,0.0,0.0,0.42857142857142855,0.7867957924694422,3.0,2.0,0.7857142857142857,1.1883130530663684,11.0,4.0,1.1071428571428572,1.100144290680756,31.0,4.0,1.0,1.1119188982851391,56.0,4.0,0.8214285714285714,1.0079289787290522,69.0,4.0,0.0,0.0,-1.0,1319,0.3661865049279757,0.15921152388172857,0.3199393479909022,0.24791508718726307,0.15466262319939347,0.3009855951478393,43.28363914373089,5.3570887035633055
2023-11-26,0,0,0,0,0,0,0,0,0,0,0,0,2023,11,26,6,330,47,4,1,0,0,-0.7818314824680299,0.6234898018587334,-0.5667017562911184,0.8239230057575536,-0.5680647467311559,0.8229838658936564,-0.5000000000000004,0.8660254037844384,0.0,0.0,0.0,0.0,0.0,1.0,0.0,0.0,0.0,0.0,0.42857142857142855,0.7867957924694422,3.0,2.0,0.7857142857142857,1.1883130530663684,11.0,4.0,1.0714285714285714,1.1198072396480823,30.0,4.0,0.9642857142857143,1.1113347538275478,54.0,4.0,0.8214285714285714,1.0079289787290522,69.0,4.0,0.0,0.0,-1.0,1319,0.3661865049279757,0.15921152388172857,0.3199393479909022,0.24791508718726307,0.15466262319939347,0.3009855951478393,43.28363914373089,5.3570887035633055
2023-11-27,1,0,0,0,0,0,0,0,2,0,0,0,2023,11,27,0,331,48,4,0,1,0,0.0,1.0,-0.5524353131676203,0.8335557718385695,-0.4647231720437684,0.88545602565321,-0.5000000000000004,0.8660254037844384,0.0,0.0,0.0,1.0,1.0,2.0,0.3333333333333333,0.5773502691896237,1.0,1.0,0.42857142857142855,0.7867957924694422,3.0,2.0,0.7857142857142857,1.1883130530663684,11.0,4.0,1.0357142857142858,1.104943198042087,29.0,4.0,0.9821428571428571,1.1035656495456645,55.0,4.0,0.8214285714285714,1.0079289787290522,69.0,4.0,1.0,0.0,-1.0,1319,0.3661865049279757,0.15921152388172857,0.3199393479909022,0.24791508718726307,0.15466262319939347,0.3009855951478393,43.28363914373089,5.3570887035633055
2023-11-28,0,0,0,0,0,0,0,0,0,0,0,0,2023,11,28,1,332,48,4,0,0,0,0.7818314824680298,0.6234898018587336,-0.5380051715382992,0.8429415373547832,-0.4647231720437684,0.88545602565321,-0.5000000000000004,0.8660254037844384,1.0,0.0,0.0,2.0,1.0,0.0,0.3333333333333333,0.5773502691896237,1.0,1.0,0.14285714285714285,0.3779644730092252,1.0,1.0,0.7142857142857143,1.2043875831929904,10.0,4.0,1.0357142857142858,1.104943198042087,29.0,4.0,0.9642857142857143,1.1113347538275478,54.0,4.0,0.8095238095238095,1.011692968284785,68.0,4.0,-1.0,-2.0,0.0,1319,0.3661865049279757,0.15921152388172857,0.3199393479909022,0.24791508718726307,0.15466262319939347,0.3009855951478393,43.28363914373089,5.3570887035633055
2023-11-29,0,0,0,0,0,0,0,0,0,0,0,0,2023,11,29,2,333,48,4,0,0,0,0.9749279121818236,-0.22252093395631434,-0.5234156073655503,0.8520775211013093,-0.4647231720437684,0.88545602565321,-0.5000000000000004,0.8660254037844384,0.0,1.0,0.0,0.0,0.0,2.0,0.3333333333333333,0.5773502691896237,1.0,1.0,0.14285714285714285,0.3779644730092252,1.0,1.0,0.7142857142857143,1.2043875831929904,10.0,4.0,0.9642857142857143,1.1049431980420872,27.0,4.0,0.9464285714285714,1.118759749286404,53.0,4.0,0.8095238095238095,1.011692968284785,68.0,4.0,0.0,0.0,-2.0,1319,0.3661865049279757,0.15921152388172857,0.3199393479909022,0.24791508718726307,0.15466262319939347,0.3009855951478393,43.28363914373089,5.3570887035633055
2023-11-30,2,0,2,0,0,2,0,2,4,2,2,2,2023,11,30,3,334,48,4,0,0,0,0.43388373911755823,-0.900968867902419,-0.5086709438521042,0.8609610158889945,-0.4647231720437684,0.88545602565321,-0.5000000000000004,0.8660254037844384,0.0,0.0,1.0,0.0,4.0,1.0,0.6666666666666666,1.1547005383792506,2.0,2.0,0.42857142857142855,0.7867957924694422,3.0,2.0,0.5714285714285714,0.851630627252641,8.0,2.0,1.0,1.1221672153735658,28.0,4.0,0.9464285714285714,1.118759749286404,53.0,4.0,0.8214285714285714,1.0198123414157914,69.0,4.0,2.0,2.0,1.0,1319,0.3661865049279757,0.15921152388172857,0.3199393479909022,0.24791508718726307,0.15466262319939347,0.3009855951478393,43.28363914373089,5.3570887035633055
2023-12-01,1,0,1,0,0,0,0,0,2,1,1,1,2023,12,1,4,335,48,4,0,0,1,-0.433883739117558,-0.9009688679024191,-0.49377555015997737,0.8695893893466109,-0.4647231720437684,0.88545602565321,-2.4492935982947064e-16,1.0,2.0,0.0,0.0,0.0,2.0,2.0,1.0,0.9999999999999991,3.0,2.0,0.5714285714285714,0.7867957924694422,4.0,2.0,0.5,0.7595545253127511,7.0,2.0,0.9642857142857143,1.1049431980420872,27.0,4.0,0.9642857142857143,1.1113347538275478,54.0,4.0,0.8095238095238095,1.011692968284785,68.0,4.0,-1.0,1.0,-1.0,1319,0.3661865049279757,0.15921152388172857,0.3199393479909022,0.24791508718726307,0.15466262319939347,0.3009855951478393,43.28363914373089,5.3570887035633055
2023-12-02,1,0,1,0,0,0,0,0,1,0,0,1,2023,12,2,5,336,48,4,1,0,0,-0.9749279121818236,-0.2225209339563146,-0.4787338401157883,0.8779600847008883,-0.4647231720437684,0.88545602565321,-2.4492935982947064e-16,1.0,1.0,2.0,0.0,0.0,0.0,2.0,1.3333333333333333,0.5773502691896245,4.0,2.0,0.7142857142857143,0.7559289460184535,5.0,2.0,0.5714285714285714,0.7559289460184556,8.0,2.0,0.9285714285714286,1.086229340376232,26.0,4.0,0.9642857142857143,1.1113347538275478,54.0,4.0,0.8095238095238095,1.011692968284785,68.0,4.0,0.0,1.0,-1.0,1319,0.3661865049279757,0.15921152388172857,0.3199393479909022,0.24791508718726307,0.15466262319939347,0.3009855951478393,43.28363914373089,5.3570887035633055
2023-12-03,0,0,0,0,0,0,0,0,0,0,0,0,2023,12,3,6,337,48,4,1,0,0,-0.7818314824680299,0.6234898018587334,-0.4635502709028512,0.8860706215341378,-0.4647231720437684,0.88545602565321,-2.4492935982947064e-16,1.0,1.0,1.0,2.0,0.0,0.0,1.0,0.6666666666666666,0.577350269189624,2.0,1.0,0.7142857142857143,0.7559289460184535,5.0,2.0,0.5714285714285714,0.7559289460184556,8.0,2.0,0.8928571428571429,1.1001442906807561,25.0,4.0,0.9642857142857143,1.1113347538275478,54.0,4.0,0.8095238095238095,1.011692968284785,68.0,4.0,-1.0,0.0,-1.0,1319,0.3661865049279757,0.15921152388172857,0.3199393479909022,0.24791508718726307,0.15466262319939347,0.3009855951478393,43.28363914373089,5.3570887035633055
2023-12-04,0,0,0,0,0,0,0,0,0,0,0,0,2023,12,4,0,338,49,4,0,1,0,0.0,1.0,-0.4482293417404106,0.893918596519257,-0.35460488704253595,0.9350162426854147,-2.4492935982947064e-16,1.0,0.0,1.0,1.0,1.0,1.0,1.0,0.3333333333333333,0.5773502691896236,1.0,1.0,0.5714285714285714,0.7867957924694422,4.0,2.0,0.5,0.7595545253127511,7.0,2.0,0.8571428571428571,1.1126972805283755,24.0,4.0,0.9285714285714286,1.1095804753008376,52.0,4.0,0.8095238095238095,1.011692968284785,68.0,4.0,0.0,-1.0,-1.0,1319,0.3661865049279757,0.15921152388172857,0.3199393479909022,0.24791508718726307,0.15466262319939347,0.3009855951478393,43.28363914373089,5.3570887035633055
2023-12-05,5,2,1,3,0,2,0,2,10,0,0,3,2023,12,5,1,339,49,4,0,0,0,0.7818314824680298,0.6234898018587336,-0.4327755925504317,0.9015016841318838,-0.35460488704253595,0.9350162426854147,-2.4492935982947064e-16,1.0,0.0,0.0,1.0,0.0,2.0,0.0,1.6666666666666667,2.8867513459481287,5.0,5.0,1.2857142857142858,1.7994708216848745,9.0,5.0,0.7142857142857143,1.382782669868231,10.0,5.0,1.0357142857142858,1.346659594512313,29.0,5.0,1.0,1.23582876130665,56.0,5.0,0.8690476190476191,1.10616848653208,73.0,5.0,5.0,5.0,5.0,1319,0.3661865049279757,0.15921152388172857,0.3199393479909022,0.24791508718726307,0.15466262319939347,0.3009855951478393,43.28363914373089,5.3570887035633055
2023-12-06,1,0,1,0,0,0,0,0,2,0,0,0,2023,12,6,2,340,49,4,0,0,0,0.9749279121818236,-0.22252093395631434,-0.41719360261231697,0.9088176373395028,-0.35460488704253595,0.9350162426854147,-2.4492935982947064e-16,1.0,5.0,0.0,0.0,0.0,0.0,3.0,2.0,2.6457513110645907,6.0,5.0,1.4285714285714286,1.7182493859684491,10.0,5.0,0.7857142857142857,1.368804724431639,11.0,5.0,0.9642857142857143,1.2904820476643288,27.0,5.0,0.9642857142857143,1.2055068449605564,54.0,5.0,0.8809523809523809,1.1020764837425574,74.0,5.0,-4.0,1.0,-2.0,1319,0.3661865049279757,0.15921152388172857,0.3199393479909022,0.24791508718726307,0.15466262319939347,0.3009855951478393,43.28363914373089,5.3570887035633055
2023-12-07,4,2,2,2,0,0,0,0,8,0,0,4,2023,12,7,3,341,49,4,0,0,0,0.43388373911755823,-0.900968867902419,-0.4014879892059737,0.9158642882672868,-0.35460488704253595,0.9350162426854147,-2.4492935982947064e-16,1.0,1.0,5.0,0.0,2.0,0.0,3.0,3.3333333333333335,2.081665999466133,10.0,5.0,1.7142857142857142,1.9760470401187076,12.0,5.0,1.0714285714285714,1.5915297775935686,15.0,5.0,1.0,1.3608276348795447,28.0,5.0,1.0357142857142858,1.264397603090618,58.0,5.0,0.9285714285714286,1.1489724512065855,78.0,5.0,3.0,2.0,1.0,1319,0.3661865049279757,0.15921152388172857,0.3199393479909022,0.24791508718726307,0.15466262319939347,0.3009855951478393,43.28363914373089,5.3570887035633055
2023-12-08,0,0,0,0,0,0,0,0,0,0,0,0,2023,12,8,4,342,49,4,0,0,1,-0.433883739117558,-0.9009688679024191,-0.38566340624360745,0.9226395488404875,-0.35460488704253595,0.9350162426854147,-2.4492935982947064e-16,1.0,4.0,1.0,5.0,1.0,0.0,1.0,1.6666666666666667,2.081665999466133,5.0,4.0,1.5714285714285714,2.0701966780270626,11.0,5.0,1.0714285714285714,1.5915297775935686,15.0,5.0,0.9642857142857143,1.373887236117339,27.0,5.0,1.0178571428571428,1.2719501337934378,57.0,5.0,0.9166666666666666,1.1533955458300342,77.0,5.0,-4.0,-1.0,-1.0,1319,0.3661865049279757,0.15921152388172857,0.3199393479909022,0.24791508718726307,0.15466262319939347,0.3009855951478393,43.28363914373089,5.3570887035633055
2023-12-09,0,0,0,0,0,0,0,0,0,0,0,0,2023,12,9,5,343,49,4,1,0,0,-0.9749279121818236,-0.2225209339563146,-0.3697245428906732,0.9291414114031743,-0.35460488704253595,0.9350162426854147,-2.4492935982947064e-16,1.0,0.0,4.0,1.0,1.0,0.0,1.0,1.3333333333333333,2.3094010767585034,4.0,4.0,1.4285714285714286,2.14919697074224,10.0,5.0,1.0714285714285714,1.5915297775935686,15.0,5.0,0.9285714285714286,1.385869734367168,26.0,5.0,1.0178571428571428,1.2719501337934378,57.0,5.0,0.9047619047619048,1.15767785455057,76.0,5.0,0.0,-1.0,-1.0,1319,0.3661865049279757,0.15921152388172857,0.3199393479909022,0.24791508718726307,0.15466262319939347,0.3009855951478393,43.28363914373089,5.3570887035633055
2023-12-10,0,0,0,0,0,0,0,0,0,0,0,0,2023,12,10,6,344,49,4,1,0,0,-0.7818314824680299,0.6234898018587334,-0.3536761221763721,0.935367949313148,-0.35460488704253595,0.9350162426854147,-2.4492935982947064e-16,1.0,0.0,0.0,4.0,0.0,0.0,0.0,0.0,0.0,0.0,0.0,1.4285714285714286,2.14919697074224,10.0,5.0,1.0714285714285714,1.5915297775935686,15.0,5.0,0.9285714285714286,1.385869734367168,26.0,5.0,1.0178571428571428,1.2719501337934378,57.0,5.0,0.9047619047619048,1.15767785455057,76.0,5.0,0.0,0.0,0.0,1319,0.3661865049279757,0.15921152388172857,0.3199393479909022,0.24791508718726307,0.15466262319939347,0.3009855951478393,43.28363914373089,5.3570887035633055
2023-12-11,2,2,0,2,0,0,0,0,6,0,0,1,2023,12,11,0,345,50,4,0,1,0,0.0,1.0,-0.33752289959411347,0.941317317512847,-0.2393156642875578,0.970941817426052,-2.4492935982947064e-16,1.0,0.0,0.0,0.0,0.0,1.0,1.0,0.6666666666666666,1.1547005383792517,2.0,2.0,1.7142857142857142,2.0586634591635513,12.0,5.0,1.1428571428571428,1.6104057232283404,16.0,5.0,0.9642857142857143,1.4005856673692672,27.0,5.0,1.0357142857142858,1.2786965766220446,58.0,5.0,0.9285714285714286,1.1594110915347664,78.0,5.0,2.0,2.0,1.0,1319,0.3661865049279757,0.15921152388172857,0.3199393479909022,0.24791508718726307,0.15466262319939347,0.3009855951478393,43.28363914373089,5.3570887035633055
2023-12-12,2,2,0,2,0,0,0,0,4,0,0,2,2023,12,12,1,346,50,4,0,0,0,0.7818314824680298,0.6234898018587336,-0.32126966169236515,0.9469877530760751,-0.2393156642875578,0.970941817426052,-2.4492935982947064e-16,1.0,2.0,0.0,0.0,5.0,0.0,1.0,1.3333333333333333,1.154700538379252,4.0,2.0,1.2857142857142858,1.4960264830861911,9.0,4.0,1.2857142857142858,1.5898026693500449,18.0,5.0,1.0,1.4142135623730963,28.0,5.0,1.0714285714285714,1.2771722010632836,60.0,5.0,0.9404761904761905,1.1652725052426447,79.0,5.0,0.0,-3.0,1.0,1319,0.3661865049279757,0.15921152388172857,0.3199393479909022,0.24791508718726307,0.15466262319939347,0.3009855951478393,43.28363914373089,5.3570887035633055
2023-12-13,4,3,0,2,0,8,0,2,8,0,0,2,2023,12,13,2,347,50,4,0,0,0,0.9749279121818236,-0.22252093395631434,-0.3049212246562894,0.9523775757303973,-0.2393156642875578,0.970941817426052,-2.4492935982947064e-16,1.0,2.0,2.0,0.0,1.0,0.0,0.0,2.6666666666666665,1.1547005383792524,8.0,4.0,1.7142857142857142,1.799470821684875,12.0,4.0,1.5714285714285714,1.6967972416057495,22.0,5.0,1.1428571428571428,1.5083541610418552,32.0,5.0,1.1071428571428572,1.330462276853377,62.0,5.0,0.9880952380952381,1.2073474621809923,83.0,5.0,2.0,3.0,4.0,1319,0.3661865049279757,0.15921152388172857,0.3199393479909022,0.24791508718726307,0.15466262319939347,0.3009855951478393,43.28363914373089,5.3570887035633055
2023-12-14,0,0,0,0,0,0,0,0,0,0,0,0,2023,12,14,3,348,50,4,0,0,0,0.43388373911755823,-0.900968867902419,-0.2884824328806098,0.9574851883550389,-0.2393156642875578,0.970941817426052,-2.4492935982947064e-16,1.0,4.0,2.0,2.0,4.0,2.0,4.0,2.0,2.0000000000000004,6.0,4.0,1.1428571428571428,1.573591584938886,8.0,4.0,1.4285714285714286,1.7415415679698931,20.0,5.0,1.0,1.4142135623730963,28.0,5.0,1.0535714285714286,1.3131453268205506,59.0,5.0,0.9880952380952381,1.2073474621809923,83.0,5.0,-4.0,-4.0,-4.0,1319,0.3661865049279757,0.15921152388172857,0.3199393479909022,0.24791508718726307,0.15466262319939347,0.3009855951478393,43.28363914373089,5.3570887035633055
2023-12-15,1,1,0,0,0,0,0,0,2,0,0,0,2023,12,15,4,349,50,4,0,0,1,-0.433883739117558,-0.9009688679024191,-0.27195815753410524,0.9623090774541487,-0.2393156642875578,0.970941817426052,-2.4492935982947064e-16,1.0,0.0,4.0,2.0,0.0,1.0,2.0,1.6666666666666667,2.081665999466133,5.0,4.0,1.2857142857142858,1.4960264830861911,9.0,4.0,1.4285714285714286,1.7415415679698931,20.0,5.0,0.9642857142857143,1.4005856673692672,27.0,5.0,1.0714285714285714,1.3053337136135361,60.0,5.0,0.9880952380952381,1.2073474621809923,83.0,5.0,1.0,1.0,-1.0,1319,0.3661865049279757,0.15921152388172857,0.3199393479909022,0.24791508718726307,0.15466262319939347,0.3009855951478393,43.28363914373089,5.3570887035633055
2023-12-16,2,0,0,0,0,1,0,1,4,1,1,2,2023,12,16,5,350,50,4,1,0,0,-0.9749279121818236,-0.2225209339563146,-0.2553532951161881,0.9668478136052773,-0.2393156642875578,0.970941817426052,-2.4492935982947064e-16,1.0,1.0,0.0,4.0,0.0,1.0,0.0,1.0,1.0000000000000007,3.0,2.0,1.5714285714285714,1.3972762620115438,11.0,4.0,1.5,1.743118337480717,21.0,5.0,1.0357142857142858,1.4005856673692672,29.0,5.0,1.1071428571428572,1.3028440418571208,62.0,5.0,1.0119047619047619,1.2073474621809923,85.0,5.0,1.0,2.0,2.0,1319,0.3661865049279757,0.15921152388172857,0.3199393479909022,0.24791508718726307,0.15466262319939347,0.3009855951478393,43.28363914373089,5.3570887035633055
2023-12-17,0,0,0,0,0,0,0,0,0,0,0,0,2023,12,17,6,351,50,4,1,0,0,-0.7818314824680299,0.6234898018587334,-0.23867276600594997,0.9711000518829505,-0.2393156642875578,0.970941817426052,-2.4492935982947064e-16,1.0,2.0,1.0,0.0,0.0,0.0,0.0,1.0,1.0000000000000009,3.0,2.0,1.5714285714285714,1.3972762620115438,11.0,4.0,1.5,1.743118337480717,21.0,5.0,1.0357142857142858,1.4005856673692672,29.0,5.0,1.1071428571428572,1.3028440418571208,62.0,5.0,1.0119047619047619,1.2073474621809923,85.0,5.0,-2.0,0.0,0.0,1319,0.3661865049279757,0.15921152388172857,0.3199393479909022,0.24791508718726307,0.15466262319939347,0.3009855951478393,43.28363914373089,5.3570887035633055
2023-12-18,1,0,0,0,0,2,0,1,2,0,0,0,2023,12,18,0,352,51,4,0,1,0,0.0,1.0,-0.22192151300416674,0.9750645322571945,-0.12053668025532363,0.992708874098054,-2.4492935982947064e-16,1.0,0.0,2.0,1.0,2.0,0.0,1.0,1.0,1.0000000000000009,3.0,2.0,1.4285714285714286,1.3972762620115435,10.0,4.0,1.5714285714285714,1.696797241605749,22.0,5.0,1.0357142857142858,1.4005856673692672,29.0,5.0,1.125,1.294217910554479,63.0,5.0,1.0238095238095237,1.2021686275497423,86.0,5.0,1.0,-1.0,0.0,1319,0.3661865049279757,0.15921152388172857,0.3199393479909022,0.24791508718726307,0.15466262319939347,0.3009855951478393,43.28363914373089,5.3570887035633055
2023-12-19,3,1,1,1,0,0,0,0,6,0,0,1,2023,12,19,1,353,51,4,0,0,0,0.7818314824680298,0.6234898018587336,-0.20510449986861926,0.9787400799669153,-0.12053668025532363,0.992708874098054,-2.4492935982947064e-16,1.0,1.0,0.0,2.0,2.0,5.0,2.0,1.3333333333333333,1.5275252316519472,4.0,3.0,1.5714285714285714,1.5118578920369088,11.0,4.0,1.4285714285714286,1.4525460784051258,20.0,4.0,1.0714285714285714,1.4383264819862953,30.0,5.0,1.1071428571428572,1.2602823843534787,62.0,5.0,1.0595238095238095,1.2158708562940856,89.0,5.0,2.0,1.0,1.0,1319,0.3661865049279757,0.15921152388172857,0.3199393479909022,0.24791508718726307,0.15466262319939347,0.3009855951478393,43.28363914373089,5.3570887035633055
2023-12-20,0,0,0,0,0,0,0,0,0,0,0,0,2023,12,20,2,354,51,4,0,0,0,0.9749279121818236,-0.22252093395631434,-0.1882267098432439,0.9821256058680006,-0.12053668025532363,0.992708874098054,-2.4492935982947064e-16,1.0,3.0,1.0,0.0,4.0,1.0,0.0,1.3333333333333333,1.5275252316519472,4.0,3.0,1.0,1.1547005383792512,7.0,3.0,1.3571428571428572,1.4990839693802172,19.0,4.0,1.0714285714285714,1.4383264819862953,30.0,5.0,1.1071428571428572,1.2602823843534787,62.0,5.0,1.0595238095238095,1.2158708562940856,89.0,5.0,-3.0,-4.0,0.0,1319,0.3661865049279757,0.15921152388172857,0.3199393479909022,0.24791508718726307,0.15466262319939347,0.3009855951478393,43.28363914373089,5.3570887035633055
2023-12-21,0,0,0,0,0,0,0,0,0,0,0,0,2023,12,21,3,355,51,4,0,0,0,0.43388373911755823,-0.900968867902419,-0.1712931441814778,0.9852201067560606,-0.12053668025532363,0.992708874098054,-2.4492935982947064e-16,1.0,0.0,3.0,1.0,0.0,4.0,0.0,1.0,1.7320508075688776,3.0,3.0,1.0,1.1547005383792512,7.0,3.0,1.0714285714285714,1.3280573269766123,15.0,4.0,1.0714285714285714,1.4383264819862953,30.0,5.0,1.1071428571428572,1.2602823843534787,62.0,5.0,1.0357142857142858,1.2168142146796577,87.0,5.0,0.0,0.0,0.0,1319,0.3661865049279757,0.15921152388172857,0.3199393479909022,0.24791508718726307,0.15466262319939347,0.3009855951478393,43.28363914373089,5.3570887035633055
2023-12-22,3,1,1,0,0,0,0,0,5,0,0,1,2023,12,22,4,356,51,4,0,0,1,-0.433883739117558,-0.9009688679024191,-0.154308820664281,0.9880226656636976,-0.12053668025532363,0.992708874098054,-2.4492935982947064e-16,1.0,0.0,0.0,3.0,1.0,0.0,0.0,1.0,1.7320508075688776,3.0,3.0,1.2857142857142858,1.3801311186847083,9.0,3.0,1.2857142857142858,1.3827826698682308,18.0,4.0,1.1785714285714286,1.4670093394782482,33.0,5.0,1.1607142857142858,1.2760277243252807,65.0,5.0,1.0595238095238095,1.2355301332908277,89.0,5.0,3.0,2.0,3.0,1319,0.3661865049279757,0.15921152388172857,0.3199393479909022,0.24791508718726307,0.15466262319939347,0.3009855951478393,43.28363914373089,5.3570887035633055
2023-12-23,6,0,0,1,0,2,0,2,12,5,5,3,2023,12,23,5,357,51,4,1,0,0,-0.9749279121818236,-0.2225209339563146,-0.13727877211326517,0.9905324521322227,-0.12053668025532363,0.992708874098054,-2.4492935982947064e-16,1.0,3.0,0.0,0.0,2.0,0.0,0.0,3.0,3.0000000000000004,9.0,6.0,1.8571428571428572,2.2677868380553634,13.0,6.0,1.7142857142857142,1.8156825980064073,24.0,6.0,1.3928571428571428,1.7070504280838241,39.0,6.0,1.25,1.430193883868389,70.0,6.0,1.130952380952381,1.342356872671616,95.0,6.0,3.0,4.0,6.0,1319,0.3661865049279757,0.15921152388172857,0.3199393479909022,0.24791508718726307,0.15466262319939347,0.3009855951478393,43.28363914373089,5.3570887035633055
2023-12-24,1,0,1,0,0,1,0,1,2,0,0,0,2023,12,24,6,358,51,4,1,0,0,-0.7818314824680299,0.6234898018587334,-0.12020804489935275,0.9927487224577402,-0.12053668025532363,0.992708874098054,-2.4492935982947064e-16,1.0,6.0,3.0,0.0,0.0,0.0,0.0,3.3333333333333335,2.5166114784235836,10.0,6.0,2.0,2.160246899469287,14.0,6.0,1.7857142857142858,1.7619295117556786,25.0,6.0,1.4285714285714286,1.687175404799646,40.0,6.0,1.25,1.430193883868389,70.0,6.0,1.119047619047619,1.3389868666385074,94.0,6.0,-5.0,1.0,1.0,1319,0.3661865049279757,0.15921152388172857,0.3199393479909022,0.24791508718726307,0.15466262319939347,0.3009855951478393,43.28363914373089,5.3570887035633055
2023-12-25,2,0,2,0,0,2,0,2,4,2,2,2,2023,12,25,0,359,52,4,0,1,0,0.0,1.0,-0.10310169744743544,0.9946708199115211,6.432490598706546e-16,1.0,-2.4492935982947064e-16,1.0,1.0,6.0,3.0,1.0,2.0,1.0,3.0,2.6457513110645907,9.0,6.0,2.142857142857143,2.1157009420498154,15.0,6.0,1.7857142857142858,1.7619295117556786,25.0,6.0,1.4642857142857142,1.6883510003933138,41.0,6.0,1.25,1.430193883868389,70.0,6.0,1.1428571428571428,1.3366281722723867,96.0,6.0,1.0,1.0,1.0,1319,0.3661865049279757,0.15921152388172857,0.3199393479909022,0.24791508718726307,0.15466262319939347,0.3009855951478393,43.28363914373089,5.3570887035633055
2023-12-26,0,0,0,0,0,0,0,0,0,0,0,0,2023,12,26,1,360,52,4,0,0,0,0.7818314824680298,0.6234898018587336,-0.0859647987374467,0.9962981749346077,6.432490598706546e-16,1.0,-2.4492935982947064e-16,1.0,2.0,1.0,6.0,3.0,2.0,0.0,1.0,0.9999999999999988,3.0,2.0,1.7142857142857142,2.214669705568283,12.0,6.0,1.6428571428571428,1.8232322463624386,23.0,6.0,1.4642857142857142,1.6883510003933138,41.0,6.0,1.25,1.430193883868389,70.0,6.0,1.130952380952381,1.342356872671616,95.0,6.0,-2.0,-3.0,0.0,1319,0.3661865049279757,0.15921152388172857,0.3199393479909022,0.24791508718726307,0.15466262319939347,0.3009855951478393,43.28363914373089,5.3570887035633055
2023-12-27,2,2,0,0,0,0,0,0,4,0,0,0,2023,12,27,2,361,52,4,0,0,0,0.9749279121818236,-0.22252093395631434,-0.06880242680232064,0.9976303053065857,6.432490598706546e-16,1.0,-2.4492935982947064e-16,1.0,0.0,2.0,1.0,0.0,4.0,0.0,1.3333333333333333,1.1547005383792506,4.0,2.0,2.0,2.081665999466133,14.0,6.0,1.5,1.6984155512168937,21.0,6.0,1.5357142857142858,1.6662697940174722,43.0,6.0,1.25,1.430193883868389,70.0,6.0,1.1428571428571428,1.345611852078596,96.0,6.0,2.0,2.0,2.0,1319,0.3661865049279757,0.15921152388172857,0.3199393479909022,0.24791508718726307,0.15466262319939347,0.3009855951478393,43.28363914373089,5.3570887035633055
2023-12-28,0,0,0,0,0,0,0,0,0,0,0,0,2023,12,28,3,362,52,4,0,0,0,0.43388373911755823,-0.900968867902419,-0.05161966722325418,0.9986668162884759,6.432490598706546e-16,1.0,-2.4492935982947064e-16,1.0,2.0,0.0,2.0,0.0,0.0,2.0,0.6666666666666666,1.1547005383792501,2.0,2.0,2.0,2.081665999466133,14.0,6.0,1.5,1.6984155512168937,21.0,6.0,1.4642857142857142,1.6883510003933138,41.0,6.0,1.2321428571428572,1.4395841751709413,69.0,6.0,1.119047619047619,1.347954826606803,94.0,6.0,-2.0,0.0,-2.0,1319,0.3661865049279757,0.15921152388172857,0.3199393479909022,0.24791508718726307,0.15466262319939347,0.3009855951478393,43.28363914373089,5.3570887035633055
2023-12-29,3,2,1,0,0,3,0,1,6,2,2,1,2023,12,29,4,363,52,4,0,0,1,-0.433883739117558,-0.9009688679024191,-0.034421611622745804,0.9994074007397048,6.432490598706546e-16,1.0,-2.4492935982947064e-16,1.0,0.0,2.0,0.0,3.0,1.0,1.0,1.6666666666666667,1.5275252316519463,5.0,3.0,2.0,2.081665999466133,14.0,6.0,1.6428571428571428,1.7368026705655184,23.0,6.0,1.5357142857142858,1.7101471207481471,43.0,6.0,1.25,1.4553974777296474,70.0,6.0,1.1547619047619047,1.3576560916187803,97.0,6.0,3.0,0.0,2.0,1319,0.3661865049279757,0.15921152388172857,0.3199393479909022,0.24791508718726307,0.15466262319939347,0.3009855951478393,43.28363914373089,5.3570887035633055
2023-12-30,2,0,0,0,0,4,0,2,4,0,0,0,2023,12,30,5,364,52,4,1,0,0,-0.9749279121818236,-0.2225209339563146,-0.01721335615583528,0.9998518392091162,6.432490598706546e-16,1.0,-2.4492935982947064e-16,1.0,3.0,0.0,2.0,6.0,2.0,1.0,1.6666666666666667,1.5275252316519463,5.0,3.0,1.4285714285714286,1.1338934190276813,10.0,3.0,1.6428571428571428,1.7368026705655184,23.0,6.0,1.5714285714285714,1.7089865185644162,44.0,6.0,1.25,1.4553974777296474,70.0,6.0,1.1666666666666667,1.3606636698648056,98.0,6.0,-1.0,-4.0,1.0,1319,0.3661865049279757,0.15921152388172857,0.3199393479909022,0.24791508718726307,0.15466262319939347,0.3009855951478393,43.28363914373089,5.3570887035633055
2023-12-31,0,0,0,0,0,0,0,0,0,0,0,0,2023,12,31,6,365,52,4,1,0,0,-0.7818314824680299,0.6234898018587334,6.432490598706546e-16,1.0,6.432490598706546e-16,1.0,-2.4492935982947064e-16,1.0,2.0,3.0,0.0,1.0,0.0,0.0,1.6666666666666667,1.5275252316519463,5.0,3.0,1.2857142857142858,1.2535663410560172,9.0,3.0,1.6428571428571428,1.7368026705655184,23.0,6.0,1.5714285714285714,1.7089865185644162,44.0,6.0,1.2321428571428572,1.4646261878478999,69.0,6.0,1.1666666666666667,1.3606636698648056,98.0,6.0,-2.0,-1.0,0.0,1319,0.3661865049279757,0.15921152388172857,0.3199393479909022,0.24791508718726307,0.15466262319939347,0.3009855951478393,43.28363914373089,5.3570887035633055
2024-01-01,2,0,2,0,0,0,0,0,3,0,0,2,2024,1,1,0,1,1,1,0,1,0,0.0,1.0,0.017213356155834685,0.9998518392091162,0.12053668025532305,0.992708874098054,0.49999999999999994,0.8660254037844387,0.0,2.0,3.0,2.0,1.0,0.0,1.3333333333333333,1.1547005383792508,4.0,2.0,1.2857142857142858,1.2535663410560172,9.0,3.0,1.7142857142857142,1.7288756430151326,24.0,6.0,1.6428571428571428,1.6824648081573157,46.0,6.0,1.25,1.467836998629431,70.0,6.0,1.1666666666666667,1.3606636698648056,98.0,6.0,2.0,0.0,2.0,1319,0.3661865049279757,0.15921152388172857,0.3199393479909022,0.24791508718726307,0.15466262319939347,0.3009855951478393,43.28363914373089,5.3570887035633055
2024-01-02,1,0,0,0,0,0,0,0,1,0,0,0,2024,1,2,1,2,1,1,0,0,0,0.7818314824680298,0.6234898018587336,0.03442161162274574,0.9994074007397048,0.12053668025532305,0.992708874098054,0.49999999999999994,0.8660254037844387,2.0,0.0,2.0,0.0,3.0,5.0,1.0,0.9999999999999988,3.0,2.0,1.4285714285714286,1.1338934190276813,10.0,3.0,1.5714285714285714,1.696797241605749,22.0,6.0,1.5,1.551582227085439,42.0,6.0,1.2678571428571428,1.458405996952856,71.0,6.0,1.1666666666666667,1.3606636698648056,98.0,6.0,-1.0,1.0,-4.0,1319,0.3661865049279757,0.15921152388172857,0.3199393479909022,0.24791508718726307,0.15466262319939347,0.3009855951478393,43.28363914373089,5.3570887035633055
2024-01-03,0,0,0,0,0,0,0,0,0,0,0,0,2024,1,3,2,3,1,1,0,0,0,0.9749279121818236,-0.22252093395631434,0.051619667223253764,0.998666816288476,0.12053668025532305,0.992708874098054,0.49999999999999994,0.8660254037844387,1.0,2.0,0.0,2.0,0.0,1.0,1.0,0.9999999999999988,3.0,2.0,1.1428571428571428,1.2149857925879113,8.0,3.0,1.5714285714285714,1.696797241605749,22.0,6.0,1.4642857142857142,1.574851970871781,41.0,6.0,1.2142857142857142,1.4486895107997781,68.0,6.0,1.130952380952381,1.351302467677348,95.0,6.0,-1.0,-2.0,-1.0,1319,0.3661865049279757,0.15921152388172857,0.3199393479909022,0.24791508718726307,0.15466262319939347,0.3009855951478393,43.28363914373089,5.3570887035633055
2024-01-04,3,0,2,1,0,0,0,0,6,0,0,2,2024,1,4,3,4,1,1,0,0,0,0.43388373911755823,-0.900968867902419,0.06880242680231986,0.9976303053065857,0.12053668025532305,0.992708874098054,0.49999999999999994,0.8660254037844387,0.0,1.0,2.0,0.0,0.0,4.0,1.3333333333333333,1.527525231651946,4.0,3.0,1.5714285714285714,1.2724180205607034,11.0,3.0,1.7857142857142858,1.6723346844167575,25.0,6.0,1.4285714285714286,1.5257923607235457,40.0,6.0,1.2142857142857142,1.4486895107997781,68.0,6.0,1.1666666666666667,1.3606636698648056,98.0,6.0,3.0,3.0,-1.0,1319,0.3661865049279757,0.15921152388172857,0.3199393479909022,0.24791508718726307,0.15466262319939347,0.3009855951478393,43.28363914373089,5.3570887035633055
2024-01-05,4,3,0,2,0,0,0,0,8,2,2,1,2024,1,5,4,5,1,1,0,0,1,-0.433883739117558,-0.9009688679024191,0.08596479873744647,0.9962981749346078,0.12053668025532305,0.992708874098054,0.49999999999999994,0.8660254037844387,3.0,0.0,1.0,3.0,3.0,0.0,2.3333333333333335,2.0816659994661326,7.0,4.0,1.7142857142857142,1.4960264830861911,12.0,4.0,1.8571428571428572,1.7478401113789137,26.0,6.0,1.5714285714285714,1.573591584938887,44.0,6.0,1.2678571428571428,1.4953390789513137,71.0,6.0,1.2023809523809523,1.3951703433135803,101.0,6.0,1.0,1.0,4.0,1319,0.3661865049279757,0.15921152388172857,0.3199393479909022,0.24791508718726307,0.15466262319939347,0.3009855951478393,43.28363914373089,5.3570887035633055
2024-01-06,0,0,0,0,0,0,0,0,0,0,0,0,2024,1,6,5,6,1,1,1,0,0,-0.9749279121818236,-0.2225209339563146,0.10310169744743485,0.9946708199115211,0.12053668025532305,0.992708874098054,0.49999999999999994,0.8660254037844387,4.0,3.0,0.0,2.0,6.0,0.0,2.3333333333333335,2.081665999466133,7.0,4.0,1.4285714285714286,1.618347187425374,10.0,4.0,1.4285714285714286,1.34245960914949,20.0,4.0,1.5714285714285714,1.573591584938887,44.0,6.0,1.25,1.5045385882842506,70.0,6.0,1.2023809523809523,1.3951703433135803,101.0,6.0,-4.0,-2.0,0.0,1319,0.3661865049279757,0.15921152388172857,0.3199393479909022,0.24791508718726307,0.15466262319939347,0.3009855951478393,43.28363914373089,5.3570887035633055
2024-01-07,0,0,0,0,0,0,0,0,0,0,0,0,2024,1,7,6,7,1,1,1,0,0,-0.7818314824680299,0.6234898018587334,0.1202080448993527,0.9927487224577402,0.12053668025532305,0.992708874098054,0.49999999999999994,0.8660254037844387,0.0,4.0,3.0,0.0,1.0,0.0,1.3333333333333333,2.309401076758503,4.0,4.0,1.4285714285714286,1.618347187425374,10.0,4.0,1.3571428571428572,1.3926810257774174,19.0,4.0,1.5714285714285714,1.573591584938887,44.0,6.0,1.25,1.5045385882842506,70.0,6.0,1.2023809523809523,1.3951703433135803,101.0,6.0,0.0,0.0,0.0,1319,0.3661865049279757,0.15921152388172857,0.3199393479909022,0.24791508718726307,0.15466262319939347,0.3009855951478393,43.28363914373089,5.3570887035633055
2024-01-08,0,0,0,0,0,0,0,0,0,0,0,0,2024,1,8,0,8,2,1,0,1,0,0.0,1.0,0.13727877211326478,0.9905324521322229,0.23931566428755774,0.970941817426052,0.49999999999999994,0.8660254037844387,0.0,0.0,4.0,2.0,2.0,2.0,0.0,0.0,0.0,0.0,1.1428571428571428,1.6761634196950514,8.0,4.0,1.2142857142857142,1.42389343964797,17.0,4.0,1.5,1.5986105077709072,42.0,6.0,1.2321428571428572,1.5134676790683104,69.0,6.0,1.1904761904761905,1.4011715448942923,100.0,6.0,0.0,-2.0,-2.0,1319,0.3661865049279757,0.15921152388172857,0.3199393479909022,0.24791508718726307,0.15466262319939347,0.3009855951478393,43.28363914373089,5.3570887035633055
2024-01-09,5,2,0,2,0,4,0,2,14,3,3,3,2024,1,9,1,9,2,1,0,0,0,0.7818314824680298,0.6234898018587336,0.15430882066428117,0.9880226656636976,0.23931566428755774,0.970941817426052,0.49999999999999994,0.8660254037844387,0.0,0.0,0.0,1.0,0.0,2.0,1.6666666666666667,2.886751345948129,5.0,5.0,1.7142857142857142,2.214669705568283,12.0,5.0,1.5714285714285714,1.696797241605749,22.0,5.0,1.6071428571428572,1.7286107827082533,45.0,6.0,1.3035714285714286,1.5945320528394749,73.0,6.0,1.25,1.4551528715286492,105.0,6.0,5.0,4.0,3.0,1319,0.3661865049279757,0.15921152388172857,0.3199393479909022,0.24791508718726307,0.15466262319939347,0.3009855951478393,43.28363914373089,5.3570887035633055
2024-01-10,0,0,0,0,0,0,0,0,0,0,0,0,2024,1,10,2,10,2,1,0,0,0,0.9749279121818236,-0.22252093395631434,0.1712931441814776,0.9852201067560606,0.23931566428755774,0.970941817426052,0.49999999999999994,0.8660254037844387,5.0,0.0,0.0,0.0,2.0,4.0,1.6666666666666667,2.886751345948129,5.0,5.0,1.7142857142857142,2.214669705568283,12.0,5.0,1.4285714285714286,1.7415415679698927,20.0,5.0,1.4642857142857142,1.6883510003933138,41.0,6.0,1.3035714285714286,1.5945320528394749,73.0,6.0,1.2261904761904763,1.4590902469771594,103.0,6.0,-5.0,0.0,-4.0,1319,0.3661865049279757,0.15921152388172857,0.3199393479909022,0.24791508718726307,0.15466262319939347,0.3009855951478393,43.28363914373089,5.3570887035633055
2024-01-11,1,1,0,0,0,0,0,0,2,0,0,0,2024,1,11,3,11,2,1,0,0,0,0.43388373911755823,-0.900968867902419,0.1882267098432442,0.9821256058680006,0.23931566428755774,0.970941817426052,0.49999999999999994,0.8660254037844387,0.0,5.0,0.0,3.0,0.0,0.0,2.0,2.645751311064591,6.0,5.0,1.4285714285714286,2.1491969707422394,10.0,5.0,1.5,1.6984155512168935,21.0,5.0,1.5,1.6666666666666674,42.0,6.0,1.25,1.552124643542171,70.0,6.0,1.2023809523809523,1.4460562230130423,101.0,6.0,1.0,-2.0,1.0,1319,0.3661865049279757,0.15921152388172857,0.3199393479909022,0.24791508718726307,0.15466262319939347,0.3009855951478393,43.28363914373089,5.3570887035633055
2024-01-12,2,1,0,1,0,0,0,0,4,1,1,0,2024,1,12,4,12,2,1,0,0,1,-0.433883739117558,-0.9009688679024191,0.2051044998686192,0.9787400799669153,0.23931566428755774,0.970941817426052,0.49999999999999994,0.8660254037844387,1.0,0.0,5.0,4.0,3.0,1.0,1.0,1.0000000000000013,3.0,2.0,1.1428571428571428,1.8644544714716085,8.0,5.0,1.4285714285714286,1.6508406117111138,20.0,5.0,1.5357142857142858,1.666269794017472,43.0,6.0,1.25,1.552124643542171,70.0,6.0,1.2261904761904763,1.4424810493519595,103.0,6.0,1.0,-2.0,1.0,1319,0.3661865049279757,0.15921152388172857,0.3199393479909022,0.24791508718726307,0.15466262319939347,0.3009855951478393,43.28363914373089,5.3570887035633055
2024-01-13,0,0,0,0,0,0,0,0,0,0,0,0,2024,1,13,5,13,2,1,1,0,0,-0.9749279121818236,-0.2225209339563146,0.2219215130041655,0.9750645322571948,0.23931566428755774,0.970941817426052,0.49999999999999994,0.8660254037844387,2.0,1.0,0.0,0.0,2.0,2.0,1.0,1.0000000000000013,3.0,2.0,1.1428571428571428,1.8644544714716085,8.0,5.0,1.2857142857142858,1.6837947722821909,18.0,5.0,1.4642857142857142,1.6883510003933138,41.0,6.0,1.25,1.552124643542171,70.0,6.0,1.2261904761904763,1.4424810493519595,103.0,6.0,-2.0,0.0,-2.0,1319,0.3661865049279757,0.15921152388172857,0.3199393479909022,0.24791508718726307,0.15466262319939347,0.3009855951478393,43.28363914373089,5.3570887035633055
2024-01-14,0,0,0,0,0,0,0,0,0,0,0,0,2024,1,14,6,14,2,1,1,0,0,-0.7818314824680299,0.6234898018587334,0.2386727660059501,0.9711000518829505,0.23931566428755774,0.970941817426052,0.49999999999999994,0.8660254037844387,0.0,2.0,1.0,0.0,0.0,0.0,0.6666666666666666,1.1547005383792528,2.0,2.0,1.1428571428571428,1.8644544714716085,8.0,5.0,1.2857142857142858,1.6837947722821909,18.0,5.0,1.4642857142857142,1.6883510003933138,41.0,6.0,1.25,1.552124643542171,70.0,6.0,1.2261904761904763,1.4424810493519595,103.0,6.0,0.0,0.0,0.0,1319,0.3661865049279757,0.15921152388172857,0.3199393479909022,0.24791508718726307,0.15466262319939347,0.3009855951478393,43.28363914373089,5.3570887035633055
2024-01-15,0,0,0,0,0,0,0,0,0,0,0,0,2024,1,15,0,15,3,1,0,1,0,0.0,1.0,0.255353295116187,0.9668478136052775,0.3546048870425356,0.9350162426854148,0.49999999999999994,0.8660254037844387,0.0,0.0,2.0,0.0,2.0,1.0,0.0,0.0,0.0,0.0,1.1428571428571428,1.8644544714716085,8.0,5.0,1.1428571428571428,1.7032612545052803,16.0,5.0,1.4285714285714286,1.7089865185644162,40.0,6.0,1.2321428571428572,1.5607815225197161,69.0,6.0,1.2261904761904763,1.4424810493519595,103.0,6.0,0.0,0.0,-1.0,1319,0.3661865049279757,0.15921152388172857,0.3199393479909022,0.24791508718726307,0.15466262319939347,0.3009855951478393,43.28363914373089,5.3570887035633055
2024-01-16,0,0,0,0,0,0,0,0,0,0,0,0,2024,1,16,1,16,3,1,0,0,0,0.7818314824680298,0.6234898018587336,0.2719581575341055,0.9623090774541486,0.3546048870425356,0.9350162426854148,0.49999999999999994,0.8660254037844387,0.0,0.0,0.0,5.0,1.0,3.0,0.0,0.0,0.0,0.0,0.42857142857142855,0.786795792469442,3.0,2.0,1.0714285714285714,1.7304639535412156,15.0,5.0,1.3214285714285714,1.7008401285415236,37.0,6.0,1.1964285714285714,1.5657660670174771,67.0,6.0,1.1785714285714286,1.4155820828870032,99.0,6.0,0.0,-5.0,-3.0,1319,0.3661865049279757,0.15921152388172857,0.3199393479909022,0.24791508718726307,0.15466262319939347,0.3009855951478393,43.28363914373089,5.3570887035633055
2024-01-17,0,0,0,0,0,0,0,0,0,0,0,0,2024,1,17,2,17,3,1,0,0,0,0.9749279121818236,-0.22252093395631434,0.288482432880609,0.9574851883550393,0.3546048870425356,0.9350162426854148,0.49999999999999994,0.8660254037844387,0.0,0.0,0.0,0.0,0.0,0.0,0.0,0.0,0.0,0.0,0.42857142857142855,0.786795792469442,3.0,2.0,1.0714285714285714,1.7304639535412156,15.0,5.0,1.3214285714285714,1.7008401285415236,37.0,6.0,1.1964285714285714,1.5657660670174771,67.0,6.0,1.1785714285714286,1.4155820828870032,99.0,6.0,0.0,0.0,0.0,1319,0.3661865049279757,0.15921152388172857,0.3199393479909022,0.24791508718726307,0.15466262319939347,0.3009855951478393,43.28363914373089,5.3570887035633055
2024-01-18,0,0,0,0,0,0,0,0,0,0,0,0,2024,1,18,3,18,3,1,0,0,0,0.43388373911755823,-0.900968867902419,0.30492122465628907,0.9523775757303974,0.3546048870425356,0.9350162426854148,0.49999999999999994,0.8660254037844387,0.0,0.0,0.0,1.0,3.0,0.0,0.0,0.0,0.0,0.0,0.2857142857142857,0.7559289460184531,2.0,2.0,0.8571428571428571,1.65748386032949,12.0,5.0,1.3214285714285714,1.7008401285415236,37.0,6.0,1.1964285714285714,1.5657660670174771,67.0,6.0,1.1785714285714286,1.4155820828870032,99.0,6.0,0.0,-1.0,0.0,1319,0.3661865049279757,0.15921152388172857,0.3199393479909022,0.24791508718726307,0.15466262319939347,0.3009855951478393,43.28363914373089,5.3570887035633055
2024-01-19,0,0,0,0,0,0,0,0,0,0,0,0,2024,1,19,4,19,3,1,0,0,1,-0.433883739117558,-0.9009688679024191,0.3212696616923644,0.9469877530760753,0.3546048870425356,0.9350162426854148,0.49999999999999994,0.8660254037844387,0.0,0.0,0.0,2.0,4.0,3.0,0.0,0.0,0.0,0.0,0.0,0.0,0.0,0.0,0.5714285714285714,1.398586413506136,8.0,5.0,1.2142857142857142,1.685606668612178,34.0,6.0,1.1964285714285714,1.5657660670174771,67.0,6.0,1.1785714285714286,1.4155820828870032,99.0,6.0,0.0,-2.0,-3.0,1319,0.3661865049279757,0.15921152388172857,0.3199393479909022,0.24791508718726307,0.15466262319939347,0.3009855951478393,43.28363914373089,5.3570887035633055
2024-01-20,0,0,0,0,0,0,0,0,0,0,0,0,2024,1,20,5,20,3,1,1,0,0,-0.9749279121818236,-0.2225209339563146,0.3375228995941133,0.9413173175128471,0.3546048870425356,0.9350162426854148,0.49999999999999994,0.8660254037844387,0.0,0.0,0.0,0.0,0.0,6.0,0.0,0.0,0.0,0.0,0.0,0.0,0.0,0.0,0.5714285714285714,1.398586413506136,8.0,5.0,1.0,1.4142135623730965,28.0,5.0,1.1964285714285714,1.5657660670174771,67.0,6.0,1.1666666666666667,1.4212952970038075,98.0,6.0,0.0,0.0,-6.0,1319,0.3661865049279757,0.15921152388172857,0.3199393479909022,0.24791508718726307,0.15466262319939347,0.3009855951478393,43.28363914373089,5.3570887035633055
2024-01-21,4,2,2,2,0,3,0,3,5,0,0,2,2024,1,21,6,21,3,1,1,0,0,-0.7818314824680299,0.6234898018587334,0.3536761221763716,0.9353679493131483,0.3546048870425356,0.9350162426854148,0.49999999999999994,0.8660254037844387,0.0,0.0,0.0,0.0,0.0,1.0,1.3333333333333333,2.3094010767585034,4.0,4.0,0.5714285714285714,1.5118578920369083,4.0,4.0,0.8571428571428571,1.65748386032949,12.0,5.0,1.1071428571428572,1.5236235005501113,31.0,5.0,1.2678571428571428,1.6010345681189055,71.0,6.0,1.2023809523809523,1.4543641172886914,101.0,6.0,4.0,4.0,3.0,1319,0.3661865049279757,0.15921152388172857,0.3199393479909022,0.24791508718726307,0.15466262319939347,0.3009855951478393,43.28363914373089,5.3570887035633055
2024-01-22,2,0,0,1,0,0,0,0,3,0,0,0,2024,1,22,0,22,4,1,0,1,0,0.0,1.0,0.3697245428906731,0.9291414114031743,0.4647231720437685,0.8854560256532099,0.49999999999999994,0.8660254037844387,4.0,0.0,0.0,0.0,0.0,2.0,2.0,2.0000000000000004,6.0,4.0,0.8571428571428571,1.573591584938886,6.0,4.0,1.0,1.6641005886756874,14.0,5.0,1.1071428571428572,1.5236235005501113,31.0,5.0,1.2857142857142858,1.6035674514745468,72.0,6.0,1.2023809523809523,1.4543641172886914,101.0,6.0,-2.0,2.0,0.0,1319,0.3661865049279757,0.15921152388172857,0.3199393479909022,0.24791508718726307,0.15466262319939347,0.3009855951478393,43.28363914373089,5.3570887035633055
2024-01-23,0,0,0,0,0,0,0,0,0,0,0,0,2024,1,23,1,23,4,1,0,0,0,0.7818314824680298,0.6234898018587336,0.38566340624360707,0.9226395488404876,0.4647231720437685,0.8854560256532099,0.49999999999999994,0.8660254037844387,2.0,4.0,0.0,0.0,5.0,0.0,2.0,2.0000000000000004,6.0,4.0,0.8571428571428571,1.573591584938886,6.0,4.0,0.6428571428571429,1.2157392722216298,9.0,4.0,1.1071428571428572,1.5236235005501113,31.0,5.0,1.2857142857142858,1.6035674514745468,72.0,6.0,1.2023809523809523,1.4543641172886914,101.0,6.0,-2.0,0.0,0.0,1319,0.3661865049279757,0.15921152388172857,0.3199393479909022,0.24791508718726307,0.15466262319939347,0.3009855951478393,43.28363914373089,5.3570887035633055
2024-01-24,1,1,0,1,0,0,0,0,2,1,1,1,2024,1,24,2,24,4,1,0,0,0,0.9749279121818236,-0.22252093395631434,0.401487989205973,0.9158642882672872,0.4647231720437685,0.8854560256532099,0.49999999999999994,0.8660254037844387,0.0,2.0,4.0,0.0,0.0,2.0,1.0,1.0000000000000009,3.0,2.0,1.0,1.5275252316519465,7.0,4.0,0.7142857142857143,1.2043875831929898,10.0,4.0,1.0714285714285714,1.5136067160941427,30.0,5.0,1.3035714285714286,1.5945320528394746,73.0,6.0,1.1904761904761905,1.4518471033392153,100.0,6.0,1.0,1.0,-1.0,1319,0.3661865049279757,0.15921152388172857,0.3199393479909022,0.24791508718726307,0.15466262319939347,0.3009855951478393,43.28363914373089,5.3570887035633055
2024-01-25,1,1,0,0,0,0,0,0,1,1,1,0,2024,1,25,3,25,4,1,0,0,0,0.43388373911755823,-0.900968867902419,0.4171936026123168,0.9088176373395029,0.4647231720437685,0.8854560256532099,0.49999999999999994,0.8660254037844387,1.0,0.0,2.0,0.0,1.0,0.0,0.6666666666666666,0.5773502691896273,2.0,1.0,1.1428571428571428,1.4638501094227996,8.0,4.0,0.7142857142857143,1.2043875831929898,10.0,4.0,1.1071428571428572,1.4991179064218068,31.0,5.0,1.2857142857142858,1.592188724700981,72.0,6.0,1.1904761904761905,1.4518471033392153,100.0,6.0,0.0,1.0,1.0,1319,0.3661865049279757,0.15921152388172857,0.3199393479909022,0.24791508718726307,0.15466262319939347,0.3009855951478393,43.28363914373089,5.3570887035633055
2024-01-26,1,0,1,0,0,0,0,0,2,0,0,1,2024,1,26,4,26,4,1,0,0,1,-0.433883739117558,-0.9009688679024191,0.4327755925504312,0.901501684131884,0.4647231720437685,0.8854560256532099,0.49999999999999994,0.8660254037844387,1.0,1.0,0.0,0.0,2.0,3.0,1.0,0.0,3.0,1.0,1.2857142857142858,1.3801311186847083,9.0,4.0,0.6428571428571429,1.1507283885330302,9.0,4.0,1.0357142857142858,1.4525110532413734,29.0,5.0,1.2857142857142858,1.592188724700981,72.0,6.0,1.1785714285714286,1.449226750912148,99.0,6.0,0.0,1.0,-2.0,1319,0.3661865049279757,0.15921152388172857,0.3199393479909022,0.24791508718726307,0.15466262319939347,0.3009855951478393,43.28363914373089,5.3570887035633055
2024-01-27,0,0,0,0,0,0,0,0,0,0,0,0,2024,1,27,5,27,4,1,1,0,0,-0.9749279121818236,-0.2225209339563146,0.4482293417404106,0.893918596519257,0.4647231720437685,0.8854560256532099,0.49999999999999994,0.8660254037844387,1.0,1.0,1.0,0.0,0.0,2.0,0.6666666666666666,0.5773502691896274,2.0,1.0,1.2857142857142858,1.3801311186847083,9.0,4.0,0.6428571428571429,1.1507283885330302,9.0,4.0,0.9642857142857143,1.4525110532413734,27.0,5.0,1.2678571428571428,1.6010345681189053,71.0,6.0,1.1547619047619047,1.4519952837641854,97.0,6.0,-1.0,0.0,-2.0,1319,0.3661865049279757,0.15921152388172857,0.3199393479909022,0.24791508718726307,0.15466262319939347,0.3009855951478393,43.28363914373089,5.3570887035633055
2024-01-28,0,0,0,0,0,0,0,0,0,0,0,0,2024,1,28,6,28,4,1,1,0,0,-0.7818314824680299,0.6234898018587334,0.4635502709028509,0.886070621534138,0.4647231720437685,0.8854560256532099,0.49999999999999994,0.8660254037844387,0.0,1.0,1.0,4.0,0.0,0.0,0.3333333333333333,0.5773502691896274,1.0,1.0,0.7142857142857143,0.7559289460184533,5.0,2.0,0.6428571428571429,1.1507283885330302,9.0,4.0,0.9642857142857143,1.4525110532413734,27.0,5.0,1.2678571428571428,1.6010345681189053,71.0,6.0,1.1428571428571428,1.4573689541439334,96.0,6.0,0.0,-4.0,0.0,1319,0.3661865049279757,0.15921152388172857,0.3199393479909022,0.24791508718726307,0.15466262319939347,0.3009855951478393,43.28363914373089,5.3570887035633055
2024-01-29,0,0,0,0,0,0,0,0,0,0,0,0,2024,1,29,0,29,5,1,0,1,0,0.0,1.0,0.47873384011578846,0.8779600847008882,0.5680647467311558,0.8229838658936564,0.49999999999999994,0.8660254037844387,0.0,0.0,1.0,2.0,0.0,2.0,0.0,0.0,0.0,0.0,0.42857142857142855,0.5345224838248466,3.0,1.0,0.6428571428571429,1.1507283885330302,9.0,4.0,0.8928571428571429,1.4488638132020393,25.0,5.0,1.2678571428571428,1.6010345681189053,71.0,6.0,1.130952380952381,1.4626248224336558,95.0,6.0,0.0,-2.0,-2.0,1319,0.3661865049279757,0.15921152388172857,0.3199393479909022,0.24791508718726307,0.15466262319939347,0.3009855951478393,43.28363914373089,5.3570887035633055
2024-01-30,0,0,0,0,0,0,0,0,0,0,0,0,2024,1,30,1,30,5,1,0,0,0,0.7818314824680298,0.6234898018587336,0.49377555015997715,0.869589389346611,0.5680647467311558,0.8229838658936564,0.49999999999999994,0.8660254037844387,0.0,0.0,0.0,0.0,0.0,1.0,0.0,0.0,0.0,0.0,0.42857142857142855,0.5345224838248466,3.0,1.0,0.6428571428571429,1.1507283885330302,9.0,4.0,0.8571428571428571,1.4584183648679592,24.0,5.0,1.1785714285714286,1.5268165676232468,66.0,6.0,1.130952380952381,1.4626248224336558,95.0,6.0,0.0,0.0,-1.0,1319,0.3661865049279757,0.15921152388172857,0.3199393479909022,0.24791508718726307,0.15466262319939347,0.3009855951478393,43.28363914373089,5.3570887035633055
2024-01-31,1,1,0,1,0,0,0,0,2,0,0,0,2024,1,31,2,31,5,1,0,0,0,0.9749279121818236,-0.22252093395631434,0.5086709438521044,0.8609610158889943,0.5680647467311558,0.8229838658936564,0.49999999999999994,0.8660254037844387,0.0,0.0,0.0,1.0,0.0,0.0,0.3333333333333333,0.5773502691896274,1.0,1.0,0.42857142857142855,0.5345224838248466,3.0,1.0,0.7142857142857143,1.138728807356386,10.0,4.0,0.8928571428571429,1.4488638132020393,25.0,5.0,1.1785714285714286,1.5268165676232468,66.0,6.0,1.1071428571428572,1.4480386164628494,93.0,6.0,1.0,0.0,1.0,1319,0.3661865049279757,0.15921152388172857,0.3199393479909022,0.24791508718726307,0.15466262319939347,0.3009855951478393,43.28363914373089,5.3570887035633055
2024-02-01,0,0,0,0,0,0,0,0,0,0,0,0,2024,2,1,3,32,5,1,0,0,0,0.43388373911755823,-0.900968867902419,0.5234156073655503,0.8520775211013093,0.5680647467311558,0.8229838658936564,0.8660254037844386,0.5000000000000001,1.0,0.0,0.0,1.0,0.0,3.0,0.3333333333333333,0.5773502691896274,1.0,1.0,0.2857142857142857,0.4879500364742639,2.0,1.0,0.7142857142857143,1.138728807356386,10.0,4.0,0.7857142857142857,1.3972762620115455,22.0,5.0,1.1071428571428572,1.485427045160249,62.0,6.0,1.0714285714285714,1.4377502027260851,90.0,6.0,-1.0,-1.0,-3.0,1319,0.3661865049279757,0.15921152388172857,0.3199393479909022,0.24791508718726307,0.15466262319939347,0.3009855951478393,43.28363914373089,5.3570887035633055
2024-02-02,1,1,0,1,0,0,0,0,2,0,0,1,2024,2,2,4,33,5,1,0,0,1,-0.433883739117558,-0.9009688679024191,0.5380051715382996,0.8429415373547828,0.5680647467311558,0.8229838658936564,0.8660254037844386,0.5000000000000001,0.0,1.0,0.0,1.0,0.0,4.0,0.6666666666666666,0.5773502691896274,2.0,1.0,0.2857142857142857,0.4879500364742639,2.0,1.0,0.7857142857142857,1.1217137594956026,11.0,4.0,0.6785714285714286,1.2488089563755598,19.0,5.0,1.125,1.4778670133306686,63.0,6.0,1.0714285714285714,1.4377502027260851,90.0,6.0,1.0,0.0,-3.0,1319,0.3661865049279757,0.15921152388172857,0.3199393479909022,0.24791508718726307,0.15466262319939347,0.3009855951478393,43.28363914373089,5.3570887035633055
2024-02-03,1,0,0,0,0,2,0,1,2,1,1,1,2024,2,3,5,34,5,1,1,0,0,-0.9749279121818236,-0.2225209339563146,0.5524353131676196,0.8335557718385699,0.5680647467311558,0.8229838658936564,0.8660254037844386,0.5000000000000001,1.0,0.0,1.0,0.0,0.0,0.0,0.6666666666666666,0.5773502691896274,2.0,1.0,0.42857142857142855,0.5345224838248466,3.0,1.0,0.8571428571428571,1.0994504121565505,12.0,4.0,0.7142857142857143,1.2429696476477412,20.0,5.0,1.1428571428571428,1.4700472648996572,64.0,6.0,1.0714285714285714,1.4377502027260851,90.0,6.0,0.0,1.0,1.0,1319,0.3661865049279757,0.15921152388172857,0.3199393479909022,0.24791508718726307,0.15466262319939347,0.3009855951478393,43.28363914373089,5.3570887035633055
2024-02-04,1,0,0,0,0,0,0,0,2,1,1,1,2024,2,4,6,35,5,1,1,0,0,-0.7818314824680299,0.6234898018587334,0.5667017562911176,0.8239230057575542,0.5680647467311558,0.8229838658936564,0.8660254037844386,0.5000000000000001,1.0,1.0,0.0,0.0,4.0,0.0,1.0,0.0,3.0,1.0,0.5714285714285714,0.5345224838248469,4.0,1.0,0.6428571428571429,0.6333236937766513,9.0,2.0,0.75,1.2360330811826126,21.0,5.0,1.1607142857142858,1.4619636323580913,65.0,6.0,1.0833333333333333,1.4329036434476756,91.0,6.0,0.0,1.0,1.0,1319,0.3661865049279757,0.15921152388172857,0.3199393479909022,0.24791508718726307,0.15466262319939347,0.3009855951478393,43.28363914373089,5.3570887035633055
2024-02-05,2,2,0,0,0,0,0,0,4,0,0,0,2024,2,5,0,36,6,1,0,1,0,0.0,1.0,0.5808002734538009,0.8140460935082178,0.6631226582407952,0.7485107481711011,0.8660254037844386,0.5000000000000001,1.0,1.0,1.0,0.0,2.0,0.0,1.3333333333333333,0.5773502691896275,4.0,2.0,0.8571428571428571,0.6900655593423534,6.0,2.0,0.6428571428571429,0.6333236937766513,9.0,2.0,0.8214285714285714,1.2488089563755596,23.0,5.0,1.1607142857142858,1.4619636323580913,65.0,6.0,1.0952380952380953,1.4363528748820293,92.0,6.0,1.0,2.0,2.0,1319,0.3661865049279757,0.15921152388172857,0.3199393479909022,0.24791508718726307,0.15466262319939347,0.3009855951478393,43.28363914373089,5.3570887035633055
2024-02-06,0,0,0,0,0,0,0,0,0,0,0,0,2024,2,6,1,37,6,1,0,0,0,0.7818314824680298,0.6234898018587336,0.5947266869607634,0.8039279618328213,0.6631226582407952,0.7485107481711011,0.8660254037844386,0.5000000000000001,2.0,1.0,1.0,0.0,0.0,5.0,1.0,1.0000000000000009,3.0,2.0,0.8571428571428571,0.6900655593423534,6.0,2.0,0.6428571428571429,0.6333236937766513,9.0,2.0,0.6428571428571429,0.9511897312113446,18.0,4.0,1.125,1.4655126313775924,63.0,6.0,1.0833333333333333,1.4412873540511593,91.0,6.0,-2.0,0.0,-5.0,1319,0.3661865049279757,0.15921152388172857,0.3199393479909022,0.24791508718726307,0.15466262319939347,0.3009855951478393,43.28363914373089,5.3570887035633055
2024-02-07,0,0,0,0,0,0,0,0,0,0,0,0,2024,2,7,2,38,6,1,0,0,0,0.9749279121818236,-0.22252093395631434,0.6084768701151261,0.7935716089521474,0.6631226582407952,0.7485107481711011,0.8660254037844386,0.5000000000000001,0.0,2.0,1.0,1.0,1.0,0.0,0.6666666666666666,1.1547005383792524,2.0,2.0,0.7142857142857143,0.7559289460184534,5.0,2.0,0.5714285714285714,0.6462061726588645,8.0,2.0,0.6428571428571429,0.9511897312113446,18.0,4.0,1.0535714285714286,1.4195984433140738,59.0,6.0,1.0833333333333333,1.4412873540511593,91.0,6.0,0.0,-1.0,0.0,1319,0.3661865049279757,0.15921152388172857,0.3199393479909022,0.24791508718726307,0.15466262319939347,0.3009855951478393,43.28363914373089,5.3570887035633055
2024-02-08,1,0,0,0,0,0,0,0,2,0,0,0,2024,2,8,3,39,6,1,0,0,0,0.43388373911755823,-0.900968867902419,0.6220467484408675,0.7829801036770629,0.6631226582407952,0.7485107481711011,0.8660254037844386,0.5000000000000001,0.0,0.0,2.0,0.0,1.0,1.0,0.3333333333333333,0.5773502691896274,1.0,1.0,0.8571428571428571,0.6900655593423534,6.0,2.0,0.5714285714285714,0.6462061726588645,8.0,2.0,0.6428571428571429,0.9511897312113446,18.0,4.0,1.0714285714285714,1.4123757272075999,60.0,6.0,1.0476190476190477,1.4048518500527638,88.0,6.0,1.0,1.0,0.0,1319,0.3661865049279757,0.15921152388172857,0.3199393479909022,0.24791508718726307,0.15466262319939347,0.3009855951478393,43.28363914373089,5.3570887035633055
2024-02-09,1,0,0,0,0,0,0,0,2,1,1,0,2024,2,9,4,40,6,1,0,0,1,-0.433883739117558,-0.9009688679024191,0.6354323008901774,0.7721565844991642,0.6631226582407952,0.7485107481711011,0.8660254037844386,0.5000000000000001,1.0,0.0,0.0,1.0,1.0,2.0,0.6666666666666666,0.5773502691896273,2.0,1.0,0.8571428571428571,0.6900655593423534,6.0,2.0,0.5714285714285714,0.6462061726588645,8.0,2.0,0.6071428571428571,0.9164862737363257,17.0,4.0,1.0714285714285714,1.4123757272075999,60.0,6.0,1.0357142857142858,1.40091560912492,87.0,6.0,0.0,0.0,-1.0,1319,0.3661865049279757,0.15921152388172857,0.3199393479909022,0.24791508718726307,0.15466262319939347,0.3009855951478393,43.28363914373089,5.3570887035633055
2024-02-10,0,0,0,0,0,0,0,0,0,0,0,0,2024,2,10,5,41,6,1,1,0,0,-0.9749279121818236,-0.2225209339563146,0.6486295610349814,0.7611042586607747,0.6631226582407952,0.7485107481711011,0.8660254037844386,0.5000000000000001,1.0,1.0,0.0,1.0,0.0,0.0,0.6666666666666666,0.5773502691896273,2.0,1.0,0.7142857142857143,0.7559289460184534,5.0,2.0,0.5714285714285714,0.6462061726588645,8.0,2.0,0.6071428571428571,0.9164862737363257,17.0,4.0,1.0357142857142858,1.4137543275623599,58.0,6.0,1.0357142857142858,1.40091560912492,87.0,6.0,-1.0,-1.0,0.0,1319,0.3661865049279757,0.15921152388172857,0.3199393479909022,0.24791508718726307,0.15466262319939347,0.3009855951478393,43.28363914373089,5.3570887035633055
2024-02-11,0,0,0,0,0,0,0,0,0,0,0,0,2024,2,11,6,42,6,1,1,0,0,-0.7818314824680299,0.6234898018587334,0.6616346182422783,0.7498264012045686,0.6631226582407952,0.7485107481711011,0.8660254037844386,0.5000000000000001,0.0,1.0,1.0,1.0,0.0,0.0,0.3333333333333333,0.5773502691896274,1.0,1.0,0.5714285714285714,0.786795792469442,4.0,2.0,0.5714285714285714,0.6462061726588645,8.0,2.0,0.6071428571428571,0.9164862737363257,17.0,4.0,1.0357142857142858,1.4137543275623599,58.0,6.0,1.0357142857142858,1.40091560912492,87.0,6.0,0.0,-1.0,0.0,1319,0.3661865049279757,0.15921152388172857,0.3199393479909022,0.24791508718726307,0.15466262319939347,0.3009855951478393,43.28363914373089,5.3570887035633055
2024-02-12,0,0,0,0,0,0,0,0,0,0,0,0,2024,2,12,0,43,7,1,0,1,0,0.0,1.0,0.6744436188329455,0.7383263540031065,0.7485107481711011,0.6631226582407953,0.8660254037844386,0.5000000000000001,0.0,0.0,1.0,2.0,0.0,0.0,0.0,0.0,0.0,0.0,0.2857142857142857,0.4879500364742639,2.0,1.0,0.5714285714285714,0.6462061726588645,8.0,2.0,0.6071428571428571,0.9164862737363257,17.0,4.0,1.0178571428571428,1.4205129858108105,57.0,6.0,1.0238095238095237,1.4054642973026892,86.0,6.0,0.0,-2.0,0.0,1319,0.3661865049279757,0.15921152388172857,0.3199393479909022,0.24791508718726307,0.15466262319939347,0.3009855951478393,43.28363914373089,5.3570887035633055
2024-02-13,2,1,0,1,0,0,0,0,3,0,0,0,2024,2,13,1,44,7,1,0,0,0,0.7818314824680298,0.6234898018587336,0.6870527672236669,0.7266075247685656,0.7485107481711011,0.6631226582407953,0.8660254037844386,0.5000000000000001,0.0,0.0,0.0,0.0,0.0,0.0,0.6666666666666666,1.1547005383792524,2.0,2.0,0.5714285714285714,0.786795792469442,4.0,2.0,0.7142857142857143,0.7262730392025633,10.0,2.0,0.6785714285714286,0.9449111825230708,19.0,4.0,1.0,1.4012980994907418,56.0,6.0,1.0238095238095237,1.4054642973026892,86.0,6.0,2.0,2.0,2.0,1319,0.3661865049279757,0.15921152388172857,0.3199393479909022,0.24791508718726307,0.15466262319939347,0.3009855951478393,43.28363914373089,5.3570887035633055
2024-02-14,0,0,0,0,0,0,0,0,0,0,0,0,2024,2,14,2,45,7,1,0,0,0,0.9749279121818236,-0.22252093395631434,0.699458327051647,0.7146733860429609,0.7485107481711011,0.6631226582407953,0.8660254037844386,0.5000000000000001,2.0,0.0,0.0,0.0,1.0,0.0,0.6666666666666666,1.1547005383792524,2.0,2.0,0.5714285714285714,0.786795792469442,4.0,2.0,0.6428571428571429,0.7449463436684923,9.0,2.0,0.6785714285714286,0.9449111825230708,19.0,4.0,1.0,1.4012980994907418,56.0,6.0,1.0238095238095237,1.4054642973026892,86.0,6.0,-2.0,0.0,0.0,1319,0.3661865049279757,0.15921152388172857,0.3199393479909022,0.24791508718726307,0.15466262319939347,0.3009855951478393,43.28363914373089,5.3570887035633055
2024-02-15,2,0,1,0,0,1,0,1,4,0,0,1,2024,2,15,3,46,7,1,0,0,0,0.43388373911755823,-0.900968867902419,0.7116566222817746,0.7025274741691571,0.7485107481711011,0.6631226582407953,0.8660254037844386,0.5000000000000001,0.0,2.0,0.0,1.0,0.0,0.0,1.3333333333333333,1.1547005383792524,4.0,2.0,0.7142857142857143,0.9511897312113411,5.0,2.0,0.7857142857142857,0.8017837257372734,11.0,2.0,0.75,0.9670497325294032,21.0,4.0,1.0357142857142858,1.4008346306176414,58.0,6.0,1.0476190476190477,1.4048518500527638,88.0,6.0,2.0,1.0,2.0,1319,0.3661865049279757,0.15921152388172857,0.3199393479909022,0.24791508718726307,0.15466262319939347,0.3009855951478393,43.28363914373089,5.3570887035633055
2024-02-16,0,0,0,0,0,0,0,0,0,0,0,0,2024,2,16,4,47,7,1,0,0,1,-0.433883739117558,-0.9009688679024191,0.7236440382959124,0.6901733882429719,0.7485107481711011,0.6631226582407953,0.8660254037844386,0.5000000000000001,2.0,0.0,2.0,1.0,1.0,0.0,0.6666666666666666,1.1547005383792524,2.0,2.0,0.5714285714285714,0.9759000729485322,4.0,2.0,0.7142857142857143,0.8254203058555574,10.0,2.0,0.75,0.9670497325294032,21.0,4.0,0.9821428571428571,1.3815810630456091,55.0,6.0,1.0476190476190477,1.4048518500527638,88.0,6.0,-2.0,-1.0,0.0,1319,0.3661865049279757,0.15921152388172857,0.3199393479909022,0.24791508718726307,0.15466262319939347,0.3009855951478393,43.28363914373089,5.3570887035633055
2024-02-17,2,1,0,0,0,0,0,0,4,0,0,1,2024,2,17,5,48,7,1,1,0,0,-0.9749279121818236,-0.2225209339563146,0.7354170229639855,0.6776147890466889,0.7485107481711011,0.6631226582407953,0.8660254037844386,0.5000000000000001,0.0,2.0,0.0,0.0,1.0,0.0,1.3333333333333333,1.1547005383792524,4.0,2.0,0.8571428571428571,1.069044967649697,6.0,2.0,0.7857142857142857,0.8925823753039812,11.0,2.0,0.8214285714285714,0.9833266074561502,23.0,4.0,0.9107142857142857,1.2102108864203756,51.0,5.0,1.0714285714285714,1.4038305108773723,90.0,6.0,2.0,2.0,2.0,1319,0.3661865049279757,0.15921152388172857,0.3199393479909022,0.24791508718726307,0.15466262319939347,0.3009855951478393,43.28363914373089,5.3570887035633055
2024-02-18,0,0,0,0,0,0,0,0,0,0,0,0,2024,2,18,6,49,7,1,1,0,0,-0.7818314824680299,0.6234898018587334,0.7469720876965552,0.6648553979642865,0.7485107481711011,0.6631226582407953,0.8660254037844386,0.5000000000000001,2.0,0.0,2.0,0.0,1.0,4.0,0.6666666666666666,1.1547005383792524,2.0,2.0,0.8571428571428571,1.069044967649697,6.0,2.0,0.7142857142857143,0.9138735334633756,10.0,2.0,0.6785714285714286,0.7723735149271056,19.0,2.0,0.8928571428571429,1.216232206127095,50.0,5.0,1.0714285714285714,1.4038305108773723,90.0,6.0,-2.0,0.0,-4.0,1319,0.3661865049279757,0.15921152388172857,0.3199393479909022,0.24791508718726307,0.15466262319939347,0.3009855951478393,43.28363914373089,5.3570887035633055
2024-02-19,2,0,0,0,0,0,0,0,4,0,0,0,2024,2,19,0,50,8,1,0,1,0,0.0,1.0,0.7583058084785624,0.6518989958787126,0.8229838658936564,0.5680647467311559,0.8660254037844386,0.5000000000000001,0.0,2.0,0.0,0.0,2.0,2.0,1.3333333333333333,1.1547005383792524,4.0,2.0,1.1428571428571428,1.0690449676496974,8.0,2.0,0.7142857142857143,0.9138735334633756,10.0,2.0,0.6785714285714286,0.7723735149271056,19.0,2.0,0.8928571428571429,1.216232206127095,50.0,5.0,1.0833333333333333,1.4074529103238647,91.0,6.0,2.0,2.0,0.0,1319,0.3661865049279757,0.15921152388172857,0.3199393479909022,0.24791508718726307,0.15466262319939347,0.3009855951478393,43.28363914373089,5.3570887035633055
2024-02-20,1,1,0,0,0,0,0,0,2,0,0,0,2024,2,20,1,51,8,1,0,0,0,0.7818314824680298,0.6234898018587336,0.7694148268839378,0.6387494220515272,0.8229838658936564,0.5680647467311559,0.8660254037844386,0.5000000000000001,2.0,0.0,2.0,2.0,0.0,0.0,1.0,1.0000000000000009,3.0,2.0,1.0,0.9999999999999996,7.0,2.0,0.7857142857142857,0.8925823753039812,11.0,2.0,0.7142857142857143,0.7628961803617758,20.0,2.0,0.9107142857142857,1.2102108864203756,51.0,5.0,1.0952380952380953,1.4023993864135837,92.0,6.0,-1.0,-1.0,1.0,1319,0.3661865049279757,0.15921152388172857,0.3199393479909022,0.24791508718726307,0.15466262319939347,0.3009855951478393,43.28363914373089,5.3570887035633055
2024-02-21,0,0,0,0,0,0,0,0,0,0,0,0,2024,2,21,2,52,8,1,0,0,0,0.9749279121818236,-0.22252093395631434,0.7802958510707755,0.6254105729852463,0.8229838658936564,0.5680647467311559,0.8660254037844386,0.5000000000000001,1.0,2.0,0.0,0.0,0.0,1.0,1.0,1.0000000000000009,3.0,2.0,1.0,0.9999999999999996,7.0,2.0,0.7857142857142857,0.8925823753039811,11.0,2.0,0.6785714285714286,0.7723735149271056,19.0,2.0,0.875,1.206987233494283,49.0,5.0,1.0952380952380953,1.4023993864135837,92.0,6.0,-1.0,0.0,-1.0,1319,0.3661865049279757,0.15921152388172857,0.3199393479909022,0.24791508718726307,0.15466262319939347,0.3009855951478393,43.28363914373089,5.3570887035633055
2024-02-22,1,0,0,0,0,0,0,0,2,0,0,0,2024,2,22,3,53,8,1,0,0,0,0.43388373911755823,-0.900968867902419,0.7909456567567772,0.6118864012687243,0.8229838658936564,0.5680647467311559,0.8660254037844386,0.5000000000000001,0.0,1.0,2.0,2.0,1.0,1.0,0.6666666666666666,0.5773502691896271,2.0,1.0,0.8571428571428571,0.8997354108424367,6.0,2.0,0.7857142857142857,0.8925823753039811,11.0,2.0,0.6785714285714286,0.7723735149271056,19.0,2.0,0.8928571428571429,1.2011898862615953,50.0,5.0,1.0833333333333333,1.3988664372401491,91.0,6.0,1.0,-1.0,0.0,1319,0.3661865049279757,0.15921152388172857,0.3199393479909022,0.24791508718726307,0.15466262319939347,0.3009855951478393,43.28363914373089,5.3570887035633055
2024-02-23,2,0,2,0,0,2,0,2,4,0,0,2,2024,2,23,4,54,8,1,0,0,1,-0.433883739117558,-0.9009688679024191,0.8013610881746766,0.5981809144059165,0.8229838658936564,0.5680647467311559,0.8660254037844386,0.5000000000000001,1.0,0.0,1.0,0.0,1.0,1.0,1.0,1.0000000000000009,3.0,2.0,1.1428571428571428,0.899735410842437,8.0,2.0,0.8571428571428571,0.9492622930986468,12.0,2.0,0.7142857142857143,0.8099905283919443,20.0,2.0,0.875,1.1764739304765366,49.0,5.0,1.0952380952380953,1.4023993864135837,92.0,6.0,1.0,2.0,1.0,1319,0.3661865049279757,0.15921152388172857,0.3199393479909022,0.24791508718726307,0.15466262319939347,0.3009855951478393,43.28363914373089,5.3570887035633055
2024-02-24,1,0,0,0,0,0,0,0,2,0,0,1,2024,2,24,5,55,8,1,1,0,0,-0.9749279121818236,-0.2225209339563146,0.8115390590073611,0.5842981736283684,0.8229838658936564,0.5680647467311559,0.8660254037844386,0.5000000000000001,2.0,1.0,0.0,2.0,0.0,0.0,1.3333333333333333,0.5773502691896275,4.0,2.0,1.0,0.8164965809277255,7.0,2.0,0.9285714285714286,0.9168747682531899,13.0,2.0,0.75,0.7993052538854563,21.0,2.0,0.8571428571428571,1.1666357447973907,48.0,5.0,1.0952380952380953,1.4023993864135837,92.0,6.0,-1.0,-1.0,1.0,1319,0.3661865049279757,0.15921152388172857,0.3199393479909022,0.24791508718726307,0.15466262319939347,0.3009855951478393,43.28363914373089,5.3570887035633055
2024-02-25,0,0,0,0,0,0,0,0,0,0,0,0,2024,2,25,6,56,8,1,1,0,0,-0.7818314824680299,0.6234898018587334,0.8214765533024142,0.5702422926917871,0.8229838658936564,0.5680647467311559,0.8660254037844386,0.5000000000000001,1.0,2.0,1.0,0.0,0.0,0.0,1.0,1.0000000000000009,3.0,2.0,1.0,0.8164965809277255,7.0,2.0,0.9285714285714286,0.9168747682531899,13.0,2.0,0.75,0.7993052538854563,21.0,2.0,0.8571428571428571,1.1666357447973907,48.0,5.0,1.0952380952380953,1.4023993864135837,92.0,6.0,-1.0,0.0,0.0,1319,0.3661865049279757,0.15921152388172857,0.3199393479909022,0.24791508718726307,0.15466262319939347,0.3009855951478393,43.28363914373089,5.3570887035633055
2024-02-26,1,0,0,1,0,1,0,1,2,0,0,0,2024,2,26,0,57,9,1,0,1,0,0.0,1.0,0.8311706263658079,0.5560174366570446,0.8854560256532099,0.4647231720437686,0.8660254037844386,0.5000000000000001,0.0,1.0,2.0,2.0,0.0,0.0,0.6666666666666666,0.5773502691896271,2.0,1.0,0.8571428571428571,0.6900655593423534,6.0,2.0,1.0,0.8770580193070293,14.0,2.0,0.7857142857142857,0.7867957924694462,22.0,2.0,0.8392857142857143,1.1564331638005128,47.0,5.0,1.1071428571428572,1.397224935904964,93.0,6.0,1.0,-1.0,1.0,1319,0.3661865049279757,0.15921152388172857,0.3199393479909022,0.24791508718726307,0.15466262319939347,0.3009855951478393,43.28363914373089,5.3570887035633055
2024-02-27,0,0,0,0,0,0,0,0,0,0,0,0,2024,2,27,1,58,9,1,0,0,0,0.7818314824680298,0.6234898018587336,0.8406184056344782,0.5416278206559814,0.8854560256532099,0.4647231720437686,0.8660254037844386,0.5000000000000001,1.0,0.0,1.0,1.0,2.0,0.0,0.3333333333333333,0.5773502691896268,1.0,1.0,0.7142857142857143,0.7559289460184533,5.0,2.0,0.8571428571428571,0.8644378215075665,12.0,2.0,0.7857142857142857,0.7867957924694462,22.0,2.0,0.8214285714285714,1.161615534224061,46.0,5.0,1.0476190476190477,1.334480286950438,88.0,6.0,-1.0,-1.0,0.0,1319,0.3661865049279757,0.15921152388172857,0.3199393479909022,0.24791508718726307,0.15466262319939347,0.3009855951478393,43.28363914373089,5.3570887035633055
2024-02-28,0,0,0,0,0,0,0,0,0,0,0,0,2024,2,28,2,59,9,1,0,0,0,0.9749279121818236,-0.22252093395631434,0.8498170915275278,0.5270777086423722,0.8854560256532099,0.4647231720437686,0.8660254037844386,0.5000000000000001,0.0,1.0,0.0,0.0,0.0,1.0,0.3333333333333333,0.5773502691896268,1.0,1.0,0.7142857142857143,0.7559289460184533,5.0,2.0,0.8571428571428571,0.8644378215075665,12.0,2.0,0.75,0.7993052538854563,21.0,2.0,0.8214285714285714,1.161615534224061,46.0,5.0,1.0357142857142858,1.3393617304875727,87.0,6.0,0.0,0.0,-1.0,1319,0.3661865049279757,0.15921152388172857,0.3199393479909022,0.24791508718726307,0.15466262319939347,0.3009855951478393,43.28363914373089,5.3570887035633055
2024-02-29,0,0,0,0,0,0,0,0,0,0,0,0,2024,2,29,3,60,9,1,0,0,0,0.43388373911755823,-0.900968867902419,0.8587639582758029,0.5123714121284237,0.8854560256532099,0.4647231720437686,0.8660254037844386,0.5000000000000001,0.0,0.0,1.0,1.0,2.0,0.0,0.0,0.0,0.0,0.0,0.5714285714285714,0.7867957924694419,4.0,2.0,0.7142857142857143,0.8254203058555573,10.0,2.0,0.75,0.7993052538854563,21.0,2.0,0.7678571428571429,1.1280082434993988,43.0,5.0,0.9880952380952381,1.3033233481590705,83.0,6.0,0.0,-1.0,0.0,1319,0.3661865049279757,0.15921152388172857,0.3199393479909022,0.24791508718726307,0.15466262319939347,0.3009855951478393,43.28363914373089,5.3570887035633055
2024-03-01,0,0,0,0,0,0,0,0,0,0,0,0,2024,3,1,4,61,9,1,0,0,1,-0.433883739117558,-0.9009688679024191,0.8674563547295969,0.49751328890718066,0.8854560256532099,0.4647231720437686,1.0,6.123233995736766e-17,0.0,0.0,0.0,2.0,0.0,1.0,0.0,0.0,0.0,0.0,0.2857142857142857,0.48795003647426377,2.0,1.0,0.7142857142857143,0.8254203058555573,10.0,2.0,0.7142857142857143,0.8099905283919443,20.0,2.0,0.6964285714285714,1.0430661594486776,39.0,5.0,0.9880952380952381,1.3033233481590705,83.0,6.0,0.0,-2.0,-1.0,1319,0.3661865049279757,0.15921152388172857,0.3199393479909022,0.24791508718726307,0.15466262319939347,0.3009855951478393,43.28363914373089,5.3570887035633055
2024-03-02,0,0,0,0,0,0,0,0,0,0,0,0,2024,3,2,5,62,9,1,1,0,0,-0.9749279121818236,-0.2225209339563146,0.8758917051442429,0.48250774176121847,0.8854560256532099,0.4647231720437686,1.0,6.123233995736766e-17,0.0,0.0,0.0,1.0,2.0,1.0,0.0,0.0,0.0,0.0,0.14285714285714285,0.3779644730092231,1.0,1.0,0.5714285714285714,0.7559289460184547,8.0,2.0,0.6785714285714286,0.8189230248533288,19.0,2.0,0.6964285714285714,1.0430661594486776,39.0,5.0,0.9880952380952381,1.3033233481590705,83.0,6.0,0.0,-1.0,-1.0,1319,0.3661865049279757,0.15921152388172857,0.3199393479909022,0.24791508718726307,0.15466262319939347,0.3009855951478393,43.28363914373089,5.3570887035633055
2024-03-03,0,0,0,0,0,0,0,0,0,0,0,0,2024,3,3,6,63,9,1,1,0,0,-0.7818314824680299,0.6234898018587334,0.8840675099433636,0.4673592171580022,0.8854560256532099,0.4647231720437686,1.0,6.123233995736766e-17,0.0,0.0,0.0,0.0,0.0,1.0,0.0,0.0,0.0,0.0,0.14285714285714285,0.3779644730092231,1.0,1.0,0.5714285714285714,0.7559289460184547,8.0,2.0,0.6428571428571429,0.8261595987094066,18.0,2.0,0.6964285714285714,1.0430661594486776,39.0,5.0,0.9880952380952381,1.3033233481590705,83.0,6.0,0.0,0.0,-1.0,1319,0.3661865049279757,0.15921152388172857,0.3199393479909022,0.24791508718726307,0.15466262319939347,0.3009855951478393,43.28363914373089,5.3570887035633055
2024-03-04,3,1,0,0,0,5,0,3,5,0,0,0,2024,3,4,0,64,10,1,0,1,0,0.0,1.0,0.8919813464595485,0.45207220393230435,0.9350162426854148,0.35460488704253557,1.0,6.123233995736766e-17,0.0,0.0,0.0,1.0,2.0,2.0,1.0,1.7320508075688776,3.0,3.0,0.42857142857142855,1.1338934190276806,3.0,3.0,0.6428571428571429,0.9287827316640652,9.0,3.0,0.6785714285714286,0.9048663264720782,19.0,3.0,0.75,1.082925331095027,42.0,5.0,1.0,1.3171711198762845,84.0,6.0,3.0,2.0,1.0,1319,0.3661865049279757,0.15921152388172857,0.3199393479909022,0.24791508718726307,0.15466262319939347,0.3009855951478393,43.28363914373089,5.3570887035633055
2024-03-05,1,1,0,0,0,0,0,0,2,0,0,0,2024,3,5,1,65,10,1,0,0,0,0.7818314824680298,0.6234898018587336,0.8996308696522433,0.43665123195606403,0.9350162426854148,0.35460488704253557,1.0,6.123233995736766e-17,3.0,0.0,0.0,0.0,1.0,0.0,1.3333333333333333,1.5275252316519472,4.0,3.0,0.5714285714285714,1.1338934190276808,4.0,3.0,0.6428571428571429,0.9287827316640652,9.0,3.0,0.7142857142857143,0.8967902788460684,20.0,3.0,0.6785714285714286,0.9166568279676651,38.0,4.0,0.9880952380952381,1.3125350034946643,83.0,6.0,-2.0,1.0,1.0,1319,0.3661865049279757,0.15921152388172857,0.3199393479909022,0.24791508718726307,0.15466262319939347,0.3009855951478393,43.28363914373089,5.3570887035633055
2024-03-06,1,1,0,1,0,0,0,0,3,0,0,1,2024,3,6,2,66,10,1,0,0,0,0.9749279121818236,-0.22252093395631434,0.9070138128026359,0.4211008707960896,0.9350162426854148,0.35460488704253557,1.0,6.123233995736766e-17,1.0,3.0,0.0,0.0,0.0,0.0,1.6666666666666667,1.1547005383792524,5.0,3.0,0.7142857142857143,1.1126972805283728,5.0,3.0,0.7142857142857143,0.9138735334633756,10.0,3.0,0.75,0.8871510790372977,21.0,3.0,0.6964285714285714,0.9129302045838771,39.0,4.0,0.9523809523809523,1.2697097847398604,80.0,6.0,0.0,1.0,1.0,1319,0.3661865049279757,0.15921152388172857,0.3199393479909022,0.24791508718726307,0.15466262319939347,0.3009855951478393,43.28363914373089,5.3570887035633055
2024-03-07,0,0,0,0,0,0,0,0,0,0,0,0,2024,3,7,3,67,10,1,0,0,0,0.43388373911755823,-0.900968867902419,0.9141279881853337,0.40542572835999735,0.9350162426854148,0.35460488704253557,1.0,6.123233995736766e-17,1.0,1.0,3.0,0.0,1.0,1.0,0.6666666666666666,0.5773502691896264,2.0,1.0,0.7142857142857143,1.1126972805283728,5.0,3.0,0.6428571428571429,0.9287827316640652,9.0,3.0,0.7142857142857143,0.8967902788460684,20.0,3.0,0.6785714285714286,0.9166568279676651,38.0,4.0,0.9523809523809523,1.2697097847398604,80.0,6.0,-1.0,0.0,-1.0,1319,0.3661865049279757,0.15921152388172857,0.3199393479909022,0.24791508718726307,0.15466262319939347,0.3009855951478393,43.28363914373089,5.3570887035633055
2024-03-08,2,1,0,1,0,0,0,0,4,2,2,0,2024,3,8,4,68,10,1,0,0,1,-0.433883739117558,-0.9009688679024191,0.9209712877166346,0.38963044953078796,0.9350162426854148,0.35460488704253557,1.0,6.123233995736766e-17,0.0,1.0,1.0,0.0,2.0,1.0,1.0,1.0000000000000004,3.0,2.0,1.0,1.154700538379251,7.0,3.0,0.6428571428571429,0.9287827316640652,9.0,3.0,0.75,0.9279607271383395,21.0,3.0,0.6785714285714286,0.9166568279676651,38.0,4.0,0.9642857142857143,1.2748392629266971,81.0,6.0,2.0,2.0,1.0,1319,0.3661865049279757,0.15921152388172857,0.3199393479909022,0.24791508718726307,0.15466262319939347,0.3009855951478393,43.28363914373089,5.3570887035633055
2024-03-09,1,0,0,0,0,2,0,1,2,0,0,0,2024,3,9,5,69,10,1,1,0,0,-0.9749279121818236,-0.2225209339563146,0.9275416835791966,0.37371971479046906,0.9350162426854148,0.35460488704253557,1.0,6.123233995736766e-17,2.0,0.0,1.0,0.0,1.0,0.0,1.0,1.0000000000000004,3.0,2.0,1.1428571428571428,1.0690449676496974,8.0,3.0,0.6428571428571429,0.9287827316640652,9.0,3.0,0.7857142857142857,0.9172076325837274,22.0,3.0,0.6964285714285714,0.9129302045838771,39.0,4.0,0.9523809523809523,1.2697097847398604,80.0,6.0,-1.0,1.0,1.0,1319,0.3661865049279757,0.15921152388172857,0.3199393479909022,0.24791508718726307,0.15466262319939347,0.3009855951478393,43.28363914373089,5.3570887035633055
2024-03-10,2,0,1,0,0,5,0,2,3,0,0,2,2024,3,10,6,70,10,1,1,0,0,-0.7818314824680299,0.6234898018587334,0.9338372288229252,0.35769823883312546,0.9350162426854148,0.35460488704253557,1.0,6.123233995736766e-17,1.0,2.0,0.0,0.0,0.0,0.0,1.6666666666666667,0.5773502691896275,5.0,2.0,1.4285714285714286,0.9759000729485333,10.0,3.0,0.7857142857142857,0.9749612559222294,11.0,3.0,0.8571428571428571,0.9315175080076982,24.0,3.0,0.7321428571428571,0.92424065005862,41.0,4.0,0.9761904761904762,1.270387384957837,82.0,6.0,1.0,2.0,2.0,1319,0.3661865049279757,0.15921152388172857,0.3199393479909022,0.24791508718726307,0.15466262319939347,0.3009855951478393,43.28363914373089,5.3570887035633055
2024-03-11,2,0,0,0,0,6,0,2,4,0,0,0,2024,3,11,0,71,11,1,0,1,0,0.0,1.0,0.9398560579418954,0.3415707691678556,0.970941817426052,0.23931566428755804,1.0,6.123233995736766e-17,2.0,1.0,2.0,3.0,1.0,0.0,1.6666666666666667,0.5773502691896275,5.0,2.0,1.2857142857142858,0.7559289460184544,9.0,2.0,0.8571428571428571,1.0271051820261912,12.0,3.0,0.9285714285714286,0.9399988742535216,26.0,3.0,0.7678571428571429,0.9340249447432326,43.0,4.0,0.9880952380952381,1.2752892194439909,83.0,6.0,0.0,-1.0,2.0,1319,0.3661865049279757,0.15921152388172857,0.3199393479909022,0.24791508718726307,0.15466262319939347,0.3009855951478393,43.28363914373089,5.3570887035633055
2024-03-12,0,0,0,0,0,0,0,0,0,0,0,0,2024,3,12,1,72,11,1,0,0,0,0.7818314824680298,0.6234898018587336,0.9455963874271426,0.3253420847119801,0.970941817426052,0.23931566428755804,1.0,6.123233995736766e-17,2.0,2.0,1.0,1.0,0.0,2.0,1.3333333333333333,1.1547005383792524,4.0,2.0,1.1428571428571428,0.899735410842437,8.0,2.0,0.8571428571428571,1.0271051820261912,12.0,3.0,0.8571428571428571,0.9315175080076982,24.0,3.0,0.7678571428571429,0.9340249447432326,43.0,4.0,0.9523809523809523,1.2601851260517138,80.0,6.0,-2.0,-1.0,-2.0,1319,0.3661865049279757,0.15921152388172857,0.3199393479909022,0.24791508718726307,0.15466262319939347,0.3009855951478393,43.28363914373089,5.3570887035633055
2024-03-13,2,1,0,1,0,0,0,0,4,0,0,0,2024,3,13,2,73,11,1,0,0,0,0.9749279121818236,-0.22252093395631434,0.9510565162951535,0.30901699437494745,0.970941817426052,0.23931566428755804,1.0,6.123233995736766e-17,0.0,2.0,2.0,1.0,0.0,0.0,1.3333333333333333,1.1547005383792524,4.0,2.0,1.2857142857142858,0.9511897312113418,9.0,2.0,1.0,1.0377490433255416,14.0,3.0,0.9285714285714286,0.9399988742535216,26.0,3.0,0.8035714285714286,0.942330628275986,45.0,4.0,0.9761904761904762,1.2608678449059771,82.0,6.0,2.0,1.0,2.0,1319,0.3661865049279757,0.15921152388172857,0.3199393479909022,0.24791508718726307,0.15466262319939347,0.3009855951478393,43.28363914373089,5.3570887035633055
2024-03-14,0,0,0,0,0,0,0,0,0,0,0,0,2024,3,14,3,74,11,1,0,0,0,0.43388373911755823,-0.900968867902419,0.9562348265919056,0.29260033563334836,0.970941817426052,0.23931566428755804,1.0,6.123233995736766e-17,2.0,0.0,2.0,0.0,0.0,2.0,0.6666666666666666,1.1547005383792521,2.0,2.0,1.2857142857142858,0.9511897312113418,9.0,2.0,1.0,1.0377490433255416,14.0,3.0,0.8571428571428571,0.9315175080076982,24.0,3.0,0.8035714285714286,0.942330628275986,45.0,4.0,0.9761904761904762,1.2608678449059771,82.0,6.0,-2.0,0.0,-2.0,1319,0.3661865049279757,0.15921152388172857,0.3199393479909022,0.24791508718726307,0.15466262319939347,0.3009855951478393,43.28363914373089,5.3570887035633055
2024-03-15,1,0,0,0,0,1,0,1,2,0,0,0,2024,3,15,4,75,11,1,0,0,1,-0.433883739117558,-0.9009688679024191,0.9611297838723007,0.27609697309746883,0.970941817426052,0.23931566428755804,1.0,6.123233995736766e-17,0.0,2.0,0.0,2.0,0.0,0.0,1.0,1.0000000000000007,3.0,2.0,1.1428571428571428,0.899735410842437,8.0,2.0,1.0714285714285714,0.9972489631508747,15.0,3.0,0.8928571428571429,0.9164862737363252,25.0,3.0,0.8214285714285714,0.9362816758985397,46.0,4.0,0.9523809523809523,1.2409165084072484,80.0,6.0,1.0,-1.0,1.0,1319,0.3661865049279757,0.15921152388172857,0.3199393479909022,0.24791508718726307,0.15466262319939347,0.3009855951478393,43.28363914373089,5.3570887035633055
2024-03-16,0,0,0,0,0,0,0,0,0,0,0,0,2024,3,16,5,76,11,1,1,0,0,-0.9749279121818236,-0.2225209339563146,0.9657399376548549,0.2595117970697999,0.970941817426052,0.23931566428755804,1.0,6.123233995736766e-17,1.0,0.0,2.0,1.0,0.0,2.0,0.3333333333333333,0.5773502691896265,1.0,1.0,1.0,0.9999999999999994,7.0,2.0,1.0714285714285714,0.9972489631508747,15.0,3.0,0.8214285714285714,0.9048663264720781,23.0,3.0,0.8214285714285714,0.9362816758985397,46.0,4.0,0.8809523809523809,1.1129550581944125,74.0,5.0,-1.0,-1.0,-2.0,1319,0.3661865049279757,0.15921152388172857,0.3199393479909022,0.24791508718726307,0.15466262319939347,0.3009855951478393,43.28363914373089,5.3570887035633055
2024-03-17,2,0,0,0,0,0,0,0,4,0,0,0,2024,3,17,6,77,11,1,1,0,0,-0.7818314824680299,0.6234898018587334,0.9700639218515071,0.2428497220959356,0.970941817426052,0.23931566428755804,1.0,6.123233995736766e-17,0.0,1.0,0.0,2.0,0.0,0.0,1.0,1.0000000000000009,3.0,2.0,1.0,0.9999999999999994,7.0,2.0,1.2142857142857142,0.9749612559222293,17.0,3.0,0.8928571428571429,0.9164862737363252,25.0,3.0,0.7857142857142857,0.8466895044129922,44.0,3.0,0.8928571428571429,1.1195723919388774,75.0,5.0,2.0,0.0,2.0,1319,0.3661865049279757,0.15921152388172857,0.3199393479909022,0.24791508718726307,0.15466262319939347,0.3009855951478393,43.28363914373089,5.3570887035633055
2024-03-18,0,0,0,0,0,0,0,0,0,0,0,0,2024,3,18,0,78,12,1,0,1,0,0.0,1.0,0.9741004551724205,0.22611568550828828,0.992708874098054,0.120536680255323,1.0,6.123233995736766e-17,2.0,0.0,1.0,2.0,3.0,2.0,0.6666666666666666,1.1547005383792521,2.0,2.0,0.7142857142857143,0.9511897312113409,5.0,2.0,1.0,0.8770580193070292,14.0,2.0,0.8214285714285714,0.9048663264720781,23.0,3.0,0.75,0.8366600265340763,42.0,3.0,0.8690476190476191,1.1170072095285875,73.0,5.0,-2.0,-2.0,-2.0,1319,0.3661865049279757,0.15921152388172857,0.3199393479909022,0.24791508718726307,0.15466262319939347,0.3009855951478393,43.28363914373089,5.3570887035633055
2024-03-19,0,0,0,0,0,0,0,0,0,0,0,0,2024,3,19,1,79,12,1,0,0,0,0.7818314824680298,0.6234898018587336,0.9778483415056568,0.20931464596304847,0.992708874098054,0.120536680255323,1.0,6.123233995736766e-17,0.0,2.0,0.0,0.0,1.0,1.0,0.6666666666666666,1.1547005383792521,2.0,2.0,0.7142857142857143,0.9511897312113409,5.0,2.0,0.9285714285714286,0.9168747682531899,13.0,2.0,0.7857142857142857,0.9172076325837275,22.0,3.0,0.75,0.8366600265340763,42.0,3.0,0.8690476190476191,1.1170072095285875,73.0,5.0,0.0,0.0,-1.0,1319,0.3661865049279757,0.15921152388172857,0.3199393479909022,0.24791508718726307,0.15466262319939347,0.3009855951478393,43.28363914373089,5.3570887035633055
2024-03-20,0,0,0,0,0,0,0,0,0,0,0,0,2024,3,20,2,80,12,1,0,0,0,0.9749279121818236,-0.22252093395631434,0.9813064702716093,0.19245158197082998,0.992708874098054,0.120536680255323,1.0,6.123233995736766e-17,0.0,0.0,2.0,2.0,1.0,0.0,0.0,0.0,0.0,0.0,0.42857142857142855,0.7867957924694414,3.0,2.0,0.8571428571428571,0.9492622930986468,12.0,2.0,0.7857142857142857,0.9172076325837275,22.0,3.0,0.7321428571428571,0.8418825534278729,41.0,3.0,0.8452380952380952,1.1139211931529829,71.0,5.0,0.0,-2.0,0.0,1319,0.3661865049279757,0.15921152388172857,0.3199393479909022,0.24791508718726307,0.15466262319939347,0.3009855951478393,43.28363914373089,5.3570887035633055
2024-03-21,0,0,0,0,0,0,0,0,0,0,0,0,2024,3,21,3,81,12,1,0,0,0,0.43388373911755823,-0.900968867902419,0.9844738167520922,0.1755314904214282,0.992708874098054,0.120536680255323,1.0,6.123233995736766e-17,0.0,0.0,0.0,0.0,0.0,1.0,0.0,0.0,0.0,0.0,0.42857142857142855,0.7867957924694414,3.0,2.0,0.8571428571428571,0.9492622930986468,12.0,2.0,0.75,0.9279607271383395,21.0,3.0,0.7142857142857143,0.8466895044129922,40.0,3.0,0.8452380952380952,1.1139211931529829,71.0,5.0,0.0,0.0,-1.0,1319,0.3661865049279757,0.15921152388172857,0.3199393479909022,0.24791508718726307,0.15466262319939347,0.3009855951478393,43.28363914373089,5.3570887035633055
2024-03-22,3,1,0,1,0,1,0,1,7,0,0,2,2024,3,22,4,82,12,1,0,0,1,-0.433883739117558,-0.9009688679024191,0.9873494423939864,0.15855938510313475,0.992708874098054,0.120536680255323,1.0,6.123233995736766e-17,0.0,0.0,0.0,1.0,2.0,2.0,1.0,1.7320508075688779,3.0,3.0,0.7142857142857143,1.2535663410560167,5.0,3.0,0.9285714285714286,1.0716117059605352,13.0,3.0,0.7857142857142857,0.9946949227868785,22.0,3.0,0.75,0.899494807706476,42.0,3.0,0.8452380952380952,1.1139211931529829,71.0,5.0,3.0,2.0,1.0,1319,0.3661865049279757,0.15921152388172857,0.3199393479909022,0.24791508718726307,0.15466262319939347,0.3009855951478393,43.28363914373089,5.3570887035633055
2024-03-23,0,0,0,0,0,0,0,0,0,0,0,0,2024,3,23,5,83,12,1,1,0,0,-0.9749279121818236,-0.2225209339563146,0.989932495087353,0.141540295217043,0.992708874098054,0.120536680255323,1.0,6.123233995736766e-17,3.0,0.0,0.0,0.0,1.0,1.0,1.0,1.7320508075688779,3.0,3.0,0.7142857142857143,1.2535663410560167,5.0,3.0,0.8571428571428571,1.0994504121565505,12.0,3.0,0.75,1.0046189622236206,21.0,3.0,0.75,0.899494807706476,42.0,3.0,0.8214285714285714,1.11030999997357,69.0,5.0,-3.0,0.0,-1.0,1319,0.3661865049279757,0.15921152388172857,0.3199393479909022,0.24791508718726307,0.15466262319939347,0.3009855951478393,43.28363914373089,5.3570887035633055
2024-03-24,1,1,0,1,0,3,0,1,2,0,0,0,2024,3,24,6,84,12,1,1,0,0,-0.7818314824680299,0.6234898018587334,0.9922222094179323,0.12447926388678915,0.992708874098054,0.120536680255323,1.0,6.123233995736766e-17,0.0,3.0,0.0,2.0,2.0,0.0,1.3333333333333333,1.5275252316519474,4.0,3.0,0.5714285714285714,1.1338934190276806,4.0,3.0,0.7857142857142857,1.0509022810878301,11.0,3.0,0.7857142857142857,0.9946949227868785,22.0,3.0,0.7678571428571429,0.8942456735569516,43.0,3.0,0.8333333333333334,1.106751823307093,70.0,5.0,1.0,-1.0,1.0,1319,0.3661865049279757,0.15921152388172857,0.3199393479909022,0.24791508718726307,0.15466262319939347,0.3009855951478393,43.28363914373089,5.3570887035633055
2024-03-25,1,1,0,1,0,0,0,0,2,1,1,0,2024,3,25,0,85,13,1,0,1,0,0.0,1.0,0.994217906893952,0.10738134666416309,1.0,-1.6081226496766366e-16,1.0,6.123233995736766e-17,1.0,0.0,3.0,0.0,2.0,1.0,0.6666666666666666,0.5773502691896274,2.0,1.0,0.7142857142857143,1.1126972805283726,5.0,3.0,0.7142857142857143,0.9944903161976939,10.0,3.0,0.7857142857142857,0.9946949227868785,22.0,3.0,0.7857142857142857,0.8886002417343758,44.0,3.0,0.8214285714285714,1.0994052530796548,69.0,5.0,0.0,1.0,0.0,1319,0.3661865049279757,0.15921152388172857,0.3199393479909022,0.24791508718726307,0.15466262319939347,0.3009855951478393,43.28363914373089,5.3570887035633055
2024-03-26,3,0,1,0,0,11,0,3,8,0,0,1,2024,3,26,1,86,13,1,0,0,0,0.7818314824680298,0.6234898018587336,0.995918996147179,0.09025161003104117,1.0,-1.6081226496766366e-16,1.0,6.123233995736766e-17,1.0,1.0,0.0,0.0,0.0,0.0,1.6666666666666667,1.1547005383792526,5.0,3.0,1.1428571428571428,1.345185418269098,8.0,3.0,0.9285714285714286,1.1411388181101378,13.0,3.0,0.8928571428571429,1.0659471779799365,25.0,3.0,0.8392857142857143,0.9298442824529229,47.0,3.0,0.8452380952380952,1.1246852048895875,71.0,5.0,2.0,3.0,3.0,1319,0.3661865049279757,0.15921152388172857,0.3199393479909022,0.24791508718726307,0.15466262319939347,0.3009855951478393,43.28363914373089,5.3570887035633055
2024-03-27,0,0,0,0,0,0,0,0,0,0,0,0,2024,3,27,2,87,13,1,0,0,0,0.9749279121818236,-0.22252093395631434,0.9973249731081555,0.07309512989807777,1.0,-1.6081226496766366e-16,1.0,6.123233995736766e-17,3.0,1.0,1.0,0.0,2.0,0.0,1.3333333333333333,1.5275252316519474,4.0,3.0,1.1428571428571428,1.345185418269098,8.0,3.0,0.7857142857142857,1.1217137594956026,11.0,3.0,0.8928571428571429,1.0659471779799365,25.0,3.0,0.8214285714285714,0.9362816758985397,46.0,3.0,0.8452380952380952,1.1246852048895875,71.0,5.0,-3.0,0.0,0.0,1319,0.3661865049279757,0.15921152388172857,0.3199393479909022,0.24791508718726307,0.15466262319939347,0.3009855951478393,43.28363914373089,5.3570887035633055
2024-03-28,3,3,0,1,0,0,0,0,8,0,0,0,2024,3,28,3,88,13,1,0,0,0,0.43388373911755823,-0.900968867902419,0.9984354211555643,0.055916990100603484,1.0,-1.6081226496766366e-16,1.0,6.123233995736766e-17,0.0,3.0,1.0,0.0,0.0,0.0,2.0,1.732050807568878,6.0,3.0,1.5714285714285714,1.397276262011544,11.0,3.0,1.0,1.2403473458920846,14.0,3.0,1.0,1.122167215373566,28.0,3.0,0.875,0.9735128518552153,49.0,3.0,0.8452380952380952,1.1246852048895875,71.0,5.0,3.0,3.0,3.0,1319,0.3661865049279757,0.15921152388172857,0.3199393479909022,0.24791508718726307,0.15466262319939347,0.3009855951478393,43.28363914373089,5.3570887035633055
2024-03-29,1,0,0,0,0,0,0,0,2,0,0,1,2024,3,29,4,89,13,1,0,0,1,-0.433883739117558,-0.9009688679024191,0.9992500112396835,0.03872228089217446,1.0,-1.6081226496766366e-16,1.0,6.123233995736766e-17,3.0,0.0,3.0,3.0,1.0,0.0,1.3333333333333333,1.5275252316519474,4.0,3.0,1.2857142857142858,1.2535663410560174,9.0,3.0,1.0,1.2403473458920846,14.0,3.0,1.0357142857142858,1.1049431980420872,29.0,3.0,0.875,0.9735128518552153,49.0,3.0,0.8095238095238095,1.069581502171631,68.0,5.0,-2.0,-2.0,1.0,1319,0.3661865049279757,0.15921152388172857,0.3199393479909022,0.24791508718726307,0.15466262319939347,0.3009855951478393,43.28363914373089,5.3570887035633055
2024-03-30,1,0,0,0,0,0,0,0,3,0,0,0,2024,3,30,5,90,13,1,1,0,0,-0.9749279121818236,-0.2225209339563146,0.9997685019798909,0.021516097436222254,1.0,-1.6081226496766366e-16,1.0,6.123233995736766e-17,1.0,3.0,0.0,0.0,0.0,0.0,1.6666666666666667,1.1547005383792528,5.0,3.0,1.4285714285714286,1.1338934190276817,10.0,3.0,1.0714285714285714,1.2066664642907567,15.0,3.0,1.0714285714285714,1.086229340376232,30.0,3.0,0.875,0.9735128518552153,49.0,3.0,0.8214285714285714,1.0660219293582258,69.0,5.0,0.0,1.0,1.0,1319,0.3661865049279757,0.15921152388172857,0.3199393479909022,0.24791508718726307,0.15466262319939347,0.3009855951478393,43.28363914373089,5.3570887035633055
2024-03-31,3,2,0,2,0,3,0,1,6,0,0,2,2024,3,31,6,91,13,1,1,0,0,-0.7818314824680299,0.6234898018587334,0.9999907397361901,0.004303538296244289,1.0,-1.6081226496766366e-16,1.0,6.123233995736766e-17,1.0,1.0,3.0,1.0,2.0,0.0,1.6666666666666667,1.1547005383792528,5.0,3.0,1.7142857142857142,1.253566341056018,12.0,3.0,1.1428571428571428,1.292412345317728,16.0,3.0,1.1785714285714286,1.1239339452243255,33.0,3.0,0.9107142857142857,1.014025025946971,51.0,3.0,0.8571428571428571,1.0881935638286069,72.0,5.0,2.0,2.0,3.0,1319,0.3661865049279757,0.15921152388172857,0.3199393479909022,0.24791508718726307,0.15466262319939347,0.3009855951478393,43.28363914373089,5.3570887035633055
2024-04-01,1,0,0,0,0,0,0,0,2,0,0,0,2024,4,1,0,92,14,2,0,1,0,0.0,1.0,0.9999166586547379,-0.01291029607500882,0.992708874098054,-0.12053668025532288,0.8660254037844387,-0.4999999999999998,3.0,1.0,1.0,1.0,0.0,3.0,1.6666666666666667,1.1547005383792528,5.0,3.0,1.7142857142857142,1.253566341056018,12.0,3.0,1.2142857142857142,1.2513728724621074,17.0,3.0,1.1071428571428572,1.0659471779799365,31.0,3.0,0.8928571428571429,1.0032414995869678,50.0,3.0,0.8690476190476191,1.084166015660118,73.0,5.0,-2.0,0.0,-2.0,1319,0.3661865049279757,0.15921152388172857,0.3199393479909022,0.24791508718726307,0.15466262319939347,0.3009855951478393,43.28363914373089,5.3570887035633055
2024-04-02,0,0,0,0,0,0,0,0,0,0,0,0,2024,4,2,1,93,14,2,0,0,0,0.7818314824680298,0.6234898018587336,0.9995462806873573,-0.030120304846908114,0.992708874098054,-0.12053668025532288,0.8660254037844387,-0.4999999999999998,1.0,3.0,1.0,3.0,0.0,1.0,1.3333333333333333,1.5275252316519474,4.0,3.0,1.2857142857142858,1.2535663410560174,9.0,3.0,1.2142857142857142,1.2513728724621074,17.0,3.0,1.0714285714285714,1.086229340376232,30.0,3.0,0.8928571428571429,1.0032414995869678,50.0,3.0,0.8095238095238095,0.9875879155764018,68.0,4.0,-1.0,-3.0,-1.0,1319,0.3661865049279757,0.15921152388172857,0.3199393479909022,0.24791508718726307,0.15466262319939347,0.3009855951478393,43.28363914373089,5.3570887035633055
2024-04-03,0,0,0,0,0,0,0,0,0,0,0,0,2024,4,3,2,94,14,2,0,0,0,0.9749279121818236,-0.22252093395631434,0.9988797155850336,-0.04732138832243185,0.992708874098054,-0.12053668025532288,0.8660254037844387,-0.4999999999999998,0.0,1.0,3.0,0.0,0.0,1.0,0.3333333333333333,0.5773502691896262,1.0,1.0,1.2857142857142858,1.2535663410560174,9.0,3.0,1.2142857142857142,1.2513728724621074,17.0,3.0,1.0357142857142858,1.1049431980420872,29.0,3.0,0.8928571428571429,1.0032414995869678,50.0,3.0,0.8095238095238095,0.9875879155764018,68.0,4.0,0.0,0.0,-1.0,1319,0.3661865049279757,0.15921152388172857,0.3199393479909022,0.24791508718726307,0.15466262319939347,0.3009855951478393,43.28363914373089,5.3570887035633055
2024-04-04,1,0,0,0,0,0,0,0,2,0,0,1,2024,4,4,3,95,14,2,0,0,0,0.43388373911755823,-0.900968867902419,0.9979171608653922,-0.06450844944931623,0.992708874098054,-0.12053668025532288,0.8660254037844387,-0.4999999999999998,0.0,0.0,1.0,3.0,0.0,0.0,0.3333333333333333,0.5773502691896262,1.0,1.0,1.0,0.9999999999999993,7.0,3.0,1.2857142857142858,1.2043875831929896,18.0,3.0,1.0714285714285714,1.086229340376232,30.0,3.0,0.8928571428571429,1.0032414995869678,50.0,3.0,0.8095238095238095,0.9875879155764018,68.0,4.0,1.0,-2.0,1.0,1319,0.3661865049279757,0.15921152388172857,0.3199393479909022,0.24791508718726307,0.15466262319939347,0.3009855951478393,43.28363914373089,5.3570887035633055
2024-04-05,1,0,0,0,0,0,0,0,1,0,0,0,2024,4,5,4,96,14,2,0,0,1,-0.433883739117558,-0.9009688679024191,0.9966589017541702,-0.08167639533042241,0.992708874098054,-0.12053668025532288,0.8660254037844387,-0.4999999999999998,1.0,0.0,0.0,1.0,3.0,2.0,0.6666666666666666,0.5773502691896268,2.0,1.0,1.0,0.9999999999999993,7.0,3.0,1.1428571428571428,1.0994504121565505,16.0,3.0,1.0357142857142858,1.0708993401928124,29.0,3.0,0.8928571428571429,1.0032414995869678,50.0,3.0,0.7976190476190477,0.9790548910213449,67.0,4.0,0.0,0.0,-1.0,1319,0.3661865049279757,0.15921152388172857,0.3199393479909022,0.24791508718726307,0.15466262319939347,0.3009855951478393,43.28363914373089,5.3570887035633055
2024-04-06,2,0,0,0,0,0,0,0,4,0,0,0,2024,4,6,5,97,14,2,1,0,0,-0.9749279121818236,-0.2225209339563146,0.9951053111006976,-0.09882013873287143,0.992708874098054,-0.12053668025532288,0.8660254037844387,-0.4999999999999998,1.0,1.0,0.0,1.0,0.0,1.0,1.3333333333333333,0.5773502691896282,4.0,2.0,1.1428571428571428,1.0690449676496971,8.0,3.0,1.2857142857142858,1.0690449676496976,18.0,3.0,1.0714285714285714,1.086229340376232,30.0,3.0,0.9285714285714286,1.0064725594803936,52.0,3.0,0.8214285714285714,0.9837316987255484,69.0,4.0,1.0,1.0,1.0,1319,0.3661865049279757,0.15921152388172857,0.3199393479909022,0.24791508718726307,0.15466262319939347,0.3009855951478393,43.28363914373089,5.3570887035633055
2024-04-07,0,0,0,0,0,0,0,0,0,0,0,0,2024,4,7,6,98,14,2,1,0,0,-0.7818314824680299,0.6234898018587334,0.9932568492674143,-0.11593459959550041,0.992708874098054,-0.12053668025532288,0.8660254037844387,-0.4999999999999998,2.0,1.0,1.0,3.0,1.0,2.0,1.0,1.000000000000001,3.0,2.0,0.7142857142857143,0.755928946018453,5.0,2.0,1.2142857142857142,1.1217137594956026,17.0,3.0,1.0,1.0886621079036367,28.0,3.0,0.9285714285714286,1.0064725594803936,52.0,3.0,0.8214285714285714,0.9837316987255484,69.0,4.0,-2.0,-3.0,-2.0,1319,0.3661865049279757,0.15921152388172857,0.3199393479909022,0.24791508718726307,0.15466262319939347,0.3009855951478393,43.28363914373089,5.3570887035633055
2024-04-08,2,1,0,2,0,1,0,1,4,0,0,0,2024,4,8,0,99,15,2,0,1,0,0.0,1.0,0.9911140639934547,-0.1330147065341959,0.9709418174260521,-0.2393156642875575,0.8660254037844387,-0.4999999999999998,0.0,2.0,1.0,1.0,1.0,2.0,1.3333333333333333,1.1547005383792528,4.0,2.0,0.8571428571428571,0.8997354108424365,6.0,2.0,1.2857142857142858,1.1387288073563857,18.0,3.0,1.0,1.0886621079036367,28.0,3.0,0.9642857142857143,1.0084062261227458,54.0,3.0,0.8452380952380952,0.9878057418295914,71.0,4.0,2.0,1.0,0.0,1319,0.3661865049279757,0.15921152388172857,0.3199393479909022,0.24791508718726307,0.15466262319939347,0.3009855951478393,43.28363914373089,5.3570887035633055
2024-04-09,0,0,0,0,0,0,0,0,0,0,0,0,2024,4,9,1,100,15,2,0,0,0,0.7818314824680298,0.6234898018587336,0.9886775902323405,-0.1500553983446526,0.9709418174260521,-0.2393156642875575,0.8660254037844387,-0.4999999999999998,2.0,0.0,2.0,0.0,3.0,0.0,0.6666666666666666,1.1547005383792521,2.0,2.0,0.8571428571428571,0.8997354108424365,6.0,2.0,1.0714285714285714,1.0716117059605352,15.0,3.0,1.0,1.0886621079036367,28.0,3.0,0.9285714285714286,1.0064725594803936,52.0,3.0,0.8452380952380952,0.9878057418295914,71.0,4.0,-2.0,0.0,0.0,1319,0.3661865049279757,0.15921152388172857,0.3199393479909022,0.24791508718726307,0.15466262319939347,0.3009855951478393,43.28363914373089,5.3570887035633055
2024-04-10,0,0,0,0,0,0,0,0,0,0,0,0,2024,4,10,2,101,15,2,0,0,0,0.9749279121818236,-0.22252093395631434,0.9859481499638304,-0.16705162550211924,0.9709418174260521,-0.2393156642875575,0.8660254037844387,-0.4999999999999998,0.0,2.0,0.0,0.0,0.0,2.0,0.6666666666666666,1.1547005383792521,2.0,2.0,0.8571428571428571,0.8997354108424365,6.0,2.0,1.0714285714285714,1.0716117059605352,15.0,3.0,0.9285714285714286,1.086229340376232,26.0,3.0,0.9285714285714286,1.0064725594803936,52.0,3.0,0.8452380952380952,0.9878057418295914,71.0,4.0,0.0,0.0,-2.0,1319,0.3661865049279757,0.15921152388172857,0.3199393479909022,0.24791508718726307,0.15466262319939347,0.3009855951478393,43.28363914373089,5.3570887035633055
2024-04-11,0,0,0,0,0,0,0,0,0,0,0,0,2024,4,11,3,102,15,2,0,0,0,0.43388373911755823,-0.900968867902419,0.9829265519799822,-0.18399835165768005,0.9709418174260521,-0.2393156642875575,0.8660254037844387,-0.4999999999999998,0.0,0.0,2.0,1.0,3.0,0.0,0.0,0.0,0.0,0.0,0.7142857142857143,0.9511897312113406,5.0,2.0,0.8571428571428571,0.9492622930986471,12.0,3.0,0.9285714285714286,1.086229340376232,26.0,3.0,0.8928571428571429,1.0032414995869678,50.0,3.0,0.8452380952380952,0.9878057418295914,71.0,4.0,0.0,-1.0,0.0,1319,0.3661865049279757,0.15921152388172857,0.3199393479909022,0.24791508718726307,0.15466262319939347,0.3009855951478393,43.28363914373089,5.3570887035633055
2024-04-12,3,2,0,0,2,4,2,2,8,0,0,0,2024,4,12,4,103,15,2,0,0,1,-0.433883739117558,-0.9009688679024191,0.9796136916454901,-0.20089055513063506,0.9709418174260521,-0.2393156642875575,0.8660254037844387,-0.4999999999999998,0.0,0.0,0.0,1.0,1.0,1.0,1.0,1.7320508075688779,3.0,3.0,1.0,1.2909944487358052,7.0,3.0,1.0,1.1094003924504585,14.0,3.0,1.0,1.1547005383792532,28.0,3.0,0.9464285714285714,1.034313876347599,53.0,3.0,0.8809523809523809,1.010841971665705,74.0,4.0,3.0,2.0,2.0,1319,0.3661865049279757,0.15921152388172857,0.3199393479909022,0.24791508718726307,0.15466262319939347,0.3009855951478393,43.28363914373089,5.3570887035633055
2024-04-13,1,0,0,0,0,1,0,1,3,0,0,1,2024,4,13,5,104,15,2,1,0,0,-0.9749279121818236,-0.2225209339563146,0.9760105506323683,-0.21772323039653177,0.9709418174260521,-0.2393156642875575,0.8660254037844387,-0.4999999999999998,3.0,0.0,0.0,2.0,1.0,0.0,1.3333333333333333,1.5275252316519476,4.0,3.0,0.8571428571428571,1.214985792587911,6.0,3.0,1.0,1.1094003924504585,14.0,3.0,1.0357142857142858,1.1379690439434411,29.0,3.0,0.9285714285714286,1.0243781769203455,52.0,3.0,0.8928571428571429,1.0062198991125408,75.0,4.0,-2.0,-1.0,1.0,1319,0.3661865049279757,0.15921152388172857,0.3199393479909022,0.24791508718726307,0.15466262319939347,0.3009855951478393,43.28363914373089,5.3570887035633055
2024-04-14,2,0,0,0,0,2,0,2,4,0,0,2,2024,4,14,6,105,15,2,1,0,0,-0.7818314824680299,0.6234898018587334,0.9721181966290613,-0.23449138957040985,0.9709418174260521,-0.2393156642875575,0.8660254037844387,-0.4999999999999998,1.0,3.0,0.0,0.0,3.0,2.0,2.0,1.0000000000000022,6.0,3.0,1.1428571428571428,1.2149857925879115,8.0,3.0,0.9285714285714286,0.997248963150875,13.0,3.0,1.0357142857142858,1.137969043943441,29.0,3.0,0.9642857142857143,1.0262781071652824,54.0,3.0,0.8690476190476191,0.9541256251398345,73.0,3.0,1.0,2.0,0.0,1319,0.3661865049279757,0.15921152388172857,0.3199393479909022,0.24791508718726307,0.15466262319939347,0.3009855951478393,43.28363914373089,5.3570887035633055
2024-04-15,3,0,0,0,0,0,0,0,6,0,0,2,2024,4,15,0,106,16,2,0,1,0,0.0,1.0,0.9679377830240642,-0.25119006388481935,0.9350162426854148,-0.35460488704253545,0.8660254037844387,-0.4999999999999998,2.0,1.0,3.0,2.0,1.0,0.0,2.0,1.0000000000000022,6.0,3.0,1.2857142857142858,1.3801311186847085,9.0,3.0,1.0714285714285714,1.141138818110138,15.0,3.0,1.1428571428571428,1.1773883752795378,32.0,3.0,0.9821428571428571,1.0529796929505504,55.0,3.0,0.8809523809523809,0.9744292355294477,74.0,3.0,1.0,1.0,3.0,1319,0.3661865049279757,0.15921152388172857,0.3199393479909022,0.24791508718726307,0.15466262319939347,0.3009855951478393,43.28363914373089,5.3570887035633055
2024-04-16,2,0,1,0,0,0,0,0,5,1,1,2,2024,4,16,1,107,16,2,0,0,0,0.7818314824680298,0.6234898018587336,0.9634705485641488,-0.2678143051621742,0.9350162426854148,-0.35460488704253545,0.8660254037844387,-0.4999999999999998,3.0,2.0,1.0,0.0,0.0,0.0,2.3333333333333335,0.57735026918963,7.0,3.0,1.5714285714285714,1.272418020560704,11.0,3.0,1.2142857142857142,1.1217137594956026,17.0,3.0,1.2142857142857142,1.1660996354464586,34.0,3.0,1.0,1.0617310051386504,56.0,3.0,0.9047619047619048,0.9770751487179027,76.0,3.0,-1.0,2.0,2.0,1319,0.3661865049279757,0.15921152388172857,0.3199393479909022,0.24791508718726307,0.15466262319939347,0.3009855951478393,43.28363914373089,5.3570887035633055
2024-04-17,0,0,0,0,0,0,0,0,0,0,0,0,2024,4,17,2,108,16,2,0,0,0,0.9749279121818236,-0.22252093395631434,0.9587178169872964,-0.2843591872810034,0.9350162426854148,-0.35460488704253545,0.8660254037844387,-0.4999999999999998,2.0,3.0,2.0,0.0,0.0,0.0,1.6666666666666667,1.5275252316519479,5.0,3.0,1.5714285714285714,1.272418020560704,11.0,3.0,1.2142857142857142,1.1217137594956026,17.0,3.0,1.2142857142857142,1.1660996354464586,34.0,3.0,1.0,1.0617310051386504,56.0,3.0,0.8928571428571429,0.9819805060619659,75.0,3.0,-2.0,0.0,0.0,1319,0.3661865049279757,0.15921152388172857,0.3199393479909022,0.24791508718726307,0.15466262319939347,0.3009855951478393,43.28363914373089,5.3570887035633055
2024-04-18,0,0,0,0,0,0,0,0,0,0,0,0,2024,4,18,3,109,16,2,0,0,0,0.43388373911755823,-0.900968867902419,0.9536809966304457,-0.30081980763566735,0.9350162426854148,-0.35460488704253545,0.8660254037844387,-0.4999999999999998,0.0,2.0,3.0,0.0,1.0,0.0,0.6666666666666666,1.1547005383792524,2.0,2.0,1.5714285714285714,1.272418020560704,11.0,3.0,1.1428571428571428,1.1673205911990772,16.0,3.0,1.2142857142857142,1.1660996354464586,34.0,3.0,0.9821428571428571,1.0701074105574035,55.0,3.0,0.8809523809523809,0.9867161296931721,74.0,3.0,0.0,0.0,0.0,1319,0.3661865049279757,0.15921152388172857,0.3199393479909022,0.24791508718726307,0.15466262319939347,0.3009855951478393,43.28363914373089,5.3570887035633055
2024-04-19,1,1,0,1,0,0,0,0,3,0,0,0,2024,4,19,4,110,16,2,0,0,1,-0.433883739117558,-0.9009688679024191,0.9483615800121715,-0.3171912885891061,0.9350162426854148,-0.35460488704253545,0.8660254037844387,-0.4999999999999998,0.0,0.0,2.0,3.0,1.0,3.0,0.3333333333333333,0.5773502691896268,1.0,1.0,1.2857142857142858,1.1126972805283735,9.0,3.0,1.1428571428571428,1.1673205911990772,16.0,3.0,1.1428571428571428,1.1126972805283752,32.0,3.0,0.9642857142857143,1.0611192326850114,54.0,3.0,0.8809523809523809,0.9867161296931721,74.0,3.0,1.0,-2.0,-2.0,1319,0.3661865049279757,0.15921152388172857,0.3199393479909022,0.24791508718726307,0.15466262319939347,0.3009855951478393,43.28363914373089,5.3570887035633055
2024-04-20,1,0,1,0,0,0,0,0,2,0,0,1,2024,4,20,5,111,16,2,1,0,0,-0.9749279121818236,-0.2225209339563146,0.9427611433904207,-0.3334687789181868,0.9350162426854148,-0.35460488704253545,0.8660254037844387,-0.4999999999999998,1.0,0.0,0.0,1.0,2.0,0.0,0.6666666666666666,0.5773502691896273,2.0,1.0,1.2857142857142858,1.1126972805283735,9.0,3.0,1.0714285714285714,1.141138818110138,15.0,3.0,1.1785714285714286,1.0904831219021422,33.0,3.0,0.9642857142857143,1.0611192326850114,54.0,3.0,0.8928571428571429,0.9819805060619659,75.0,3.0,0.0,0.0,1.0,1319,0.3661865049279757,0.15921152388172857,0.3199393479909022,0.24791508718726307,0.15466262319939347,0.3009855951478393,43.28363914373089,5.3570887035633055
2024-04-21,3,0,0,0,1,1,1,1,7,0,0,0,2024,4,21,6,112,16,2,1,0,0,-0.7818314824680299,0.6234898018587334,0.9368813462954315,-0.3496474552512284,0.9350162426854148,-0.35460488704253545,0.8660254037844387,-0.4999999999999998,1.0,1.0,0.0,2.0,0.0,1.0,1.6666666666666667,1.1547005383792532,5.0,3.0,1.4285714285714286,1.2724180205607039,10.0,3.0,1.2857142857142858,1.2043875831929898,18.0,3.0,1.25,1.1426091000668421,35.0,3.0,1.0178571428571428,1.0869652738213433,57.0,3.0,0.9285714285714286,1.0034364362447066,78.0,3.0,2.0,1.0,2.0,1319,0.3661865049279757,0.15921152388172857,0.3199393479909022,0.24791508718726307,0.15466262319939347,0.3009855951478393,43.28363914373089,5.3570887035633055
2024-04-22,0,0,0,0,0,0,0,0,0,0,0,0,2024,4,22,0,113,17,2,0,1,0,0.0,1.0,0.9307239310379795,-0.36572252349726897,0.8854560256532099,-0.4647231720437685,0.8660254037844387,-0.4999999999999998,3.0,1.0,1.0,3.0,2.0,1.0,1.3333333333333333,1.5275252316519476,4.0,3.0,1.0,1.154700538379251,7.0,3.0,1.1428571428571428,1.231455852429764,16.0,3.0,1.2142857142857142,1.1660996354464586,34.0,3.0,1.0,1.0954451150103328,56.0,3.0,0.9285714285714286,1.0034364362447066,78.0,3.0,-3.0,-3.0,-1.0,1319,0.3661865049279757,0.15921152388172857,0.3199393479909022,0.24791508718726307,0.15466262319939347,0.3009855951478393,43.28363914373089,5.3570887035633055
2024-04-23,1,0,0,0,0,0,0,0,2,0,0,0,2024,4,23,1,114,17,2,0,0,0,0.7818314824680298,0.6234898018587336,0.9242907221930933,-0.3816892202666588,0.8854560256532099,-0.4647231720437685,0.8660254037844387,-0.4999999999999998,0.0,3.0,1.0,2.0,0.0,3.0,1.3333333333333333,1.5275252316519476,4.0,3.0,0.8571428571428571,1.069044967649697,6.0,3.0,1.2142857142857142,1.188313053066368,17.0,3.0,1.1428571428571428,1.1126972805283752,32.0,3.0,1.0178571428571428,1.0869652738213433,57.0,3.0,0.9404761904761905,0.9982055040631361,79.0,3.0,1.0,-1.0,-2.0,1319,0.3661865049279757,0.15921152388172857,0.3199393479909022,0.24791508718726307,0.15466262319939347,0.3009855951478393,43.28363914373089,5.3570887035633055
2024-04-24,2,0,0,2,0,0,0,0,4,0,0,0,2024,4,24,2,115,17,2,0,0,0,0.9749279121818236,-0.22252093395631434,0.9175836260593937,-0.39754281428255595,0.8854560256532099,-0.4647231720437685,0.8660254037844387,-0.4999999999999998,1.0,0.0,3.0,0.0,0.0,0.0,1.0,1.0000000000000013,3.0,2.0,1.1428571428571428,1.0690449676496974,8.0,3.0,1.3571428571428572,1.1507283885330302,19.0,3.0,1.2142857142857142,1.1007452982594181,34.0,3.0,1.0535714285714286,1.0857698208626474,59.0,3.0,0.9523809523809523,1.0048648162364557,80.0,3.0,1.0,2.0,2.0,1319,0.3661865049279757,0.15921152388172857,0.3199393479909022,0.24791508718726307,0.15466262319939347,0.3009855951478393,43.28363914373089,5.3570887035633055
2024-04-25,1,0,0,0,0,0,0,0,2,1,1,0,2024,4,25,3,116,17,2,0,0,0,0.43388373911755823,-0.900968867902419,0.9106046300942162,-0.4132786077829042,0.8854560256532099,-0.4647231720437685,0.8660254037844387,-0.4999999999999998,2.0,1.0,0.0,0.0,0.0,3.0,1.3333333333333333,0.5773502691896287,4.0,2.0,1.2857142857142858,0.9511897312113418,9.0,3.0,1.4285714285714286,1.0894095588038444,20.0,3.0,1.1428571428571428,1.0440053112638334,32.0,3.0,1.0714285714285714,1.0763092299342043,60.0,3.0,0.9642857142857143,0.9993543526713128,81.0,3.0,-1.0,1.0,-2.0,1319,0.3661865049279757,0.15921152388172857,0.3199393479909022,0.24791508718726307,0.15466262319939347,0.3009855951478393,43.28363914373089,5.3570887035633055
2024-04-26,1,1,0,1,0,0,0,0,2,0,0,0,2024,4,26,4,117,17,2,0,0,1,-0.433883739117558,-0.9009688679024191,0.9033558023246845,-0.4288919379124835,0.8854560256532099,-0.4647231720437685,0.8660254037844387,-0.4999999999999998,1.0,2.0,1.0,1.0,3.0,1.0,1.3333333333333333,0.5773502691896287,4.0,2.0,1.2857142857142858,0.9511897312113418,9.0,3.0,1.2857142857142858,0.994490316197694,18.0,3.0,1.1428571428571428,1.0440053112638334,32.0,3.0,1.0892857142857142,1.0664603425996035,61.0,3.0,0.9642857142857143,0.9993543526713128,81.0,3.0,0.0,0.0,0.0,1319,0.3661865049279757,0.15921152388172857,0.3199393479909022,0.24791508718726307,0.15466262319939347,0.3009855951478393,43.28363914373089,5.3570887035633055
2024-04-27,0,0,0,0,0,0,0,0,0,0,0,0,2024,4,27,5,118,17,2,1,0,0,-0.9749279121818236,-0.2225209339563146,0.895839290734909,-0.4443781781046132,0.8854560256532099,-0.4647231720437685,0.8660254037844387,-0.4999999999999998,1.0,1.0,2.0,1.0,1.0,1.0,0.6666666666666666,0.5773502691896274,2.0,1.0,1.1428571428571428,1.0690449676496974,8.0,3.0,1.2142857142857142,1.0509022810878301,17.0,3.0,1.1071428571428572,1.0659471779799363,31.0,3.0,1.0892857142857142,1.0664603425996035,61.0,3.0,0.9523809523809523,1.0048648162364557,80.0,3.0,-1.0,-1.0,-1.0,1319,0.3661865049279757,0.15921152388172857,0.3199393479909022,0.24791508718726307,0.15466262319939347,0.3009855951478393,43.28363914373089,5.3570887035633055
2024-04-28,0,0,0,0,0,0,0,0,0,0,0,0,2024,4,28,6,119,17,2,1,0,0,-0.7818314824680299,0.6234898018587334,0.8880573226294932,-0.45973273945210397,0.8854560256532099,-0.4647231720437685,0.8660254037844387,-0.4999999999999998,0.0,1.0,1.0,3.0,2.0,3.0,0.3333333333333333,0.5773502691896266,1.0,1.0,0.7142857142857143,0.7559289460184532,5.0,2.0,1.0714285714285714,1.0716117059605355,15.0,3.0,1.0,1.018350154434633,28.0,3.0,1.0892857142857142,1.0664603425996035,61.0,3.0,0.9404761904761905,1.0102032537485257,79.0,3.0,0.0,-3.0,-3.0,1319,0.3661865049279757,0.15921152388172857,0.3199393479909022,0.24791508718726307,0.15466262319939347,0.3009855951478393,43.28363914373089,5.3570887035633055
2024-04-29,2,0,0,0,0,1,0,1,5,2,2,0,2024,4,29,0,120,18,2,0,1,0,0.0,1.0,0.8800122039735357,-0.47495107206704995,0.8229838658936565,-0.5680647467311557,0.8660254037844387,-0.4999999999999998,0.0,0.0,1.0,0.0,3.0,1.0,0.6666666666666666,1.1547005383792524,2.0,2.0,1.0,0.8164965809277254,7.0,2.0,1.0,0.9607689228305232,14.0,3.0,1.0357142857142858,1.0357370915204913,29.0,3.0,1.0714285714285714,1.041976144503456,60.0,3.0,0.9404761904761905,1.0102032537485257,79.0,3.0,2.0,2.0,1.0,1319,0.3661865049279757,0.15921152388172857,0.3199393479909022,0.24791508718726307,0.15466262319939347,0.3009855951478393,43.28363914373089,5.3570887035633055
2024-04-30,0,0,0,0,0,0,0,0,0,0,0,0,2024,4,30,1,121,18,2,0,0,0,0.7818314824680298,0.6234898018587336,0.8717063187093218,-0.4900286664290592,0.8229838658936565,-0.5680647467311557,0.8660254037844387,-0.4999999999999998,2.0,0.0,0.0,1.0,2.0,0.0,0.6666666666666666,1.1547005383792524,2.0,2.0,0.8571428571428571,0.8997354108424366,6.0,2.0,0.8571428571428571,0.9492622930986472,12.0,3.0,1.0357142857142858,1.0357370915204913,29.0,3.0,1.0535714285714286,1.0517456114331225,59.0,3.0,0.9404761904761905,1.0102032537485257,79.0,3.0,-2.0,-1.0,0.0,1319,0.3661865049279757,0.15921152388172857,0.3199393479909022,0.24791508718726307,0.15466262319939347,0.3009855951478393,43.28363914373089,5.3570887035633055
2024-05-01,2,0,0,0,0,2,0,2,4,0,0,0,2024,5,1,2,122,18,2,0,0,0,0.9749279121818236,-0.22252093395631434,0.8631421280499114,-0.5049610547215204,0.8229838658936565,-0.5680647467311557,0.49999999999999994,-0.8660254037844387,0.0,2.0,0.0,2.0,0.0,0.0,1.3333333333333333,1.154700538379253,4.0,2.0,0.8571428571428571,0.8997354108424366,6.0,2.0,1.0,0.9607689228305232,14.0,3.0,1.1071428571428572,1.0306159867619538,31.0,3.0,1.0714285714285714,1.0592817954057,60.0,3.0,0.9642857142857143,1.0113384733833017,81.0,3.0,2.0,0.0,2.0,1319,0.3661865049279757,0.15921152388172857,0.3199393479909022,0.24791508718726307,0.15466262319939347,0.3009855951478393,43.28363914373089,5.3570887035633055
2024-05-02,4,3,0,3,0,0,0,0,10,0,0,0,2024,5,2,3,123,18,2,0,0,0,0.43388373911755823,-0.900968867902419,0.854322169749827,-0.5197438121555155,0.8229838658936565,-0.5680647467311557,0.49999999999999994,-0.8660254037844387,2.0,0.0,2.0,1.0,0.0,1.0,2.0,2.0000000000000013,6.0,4.0,1.2857142857142858,1.4960264830861911,9.0,4.0,1.2857142857142858,1.2043875831929898,18.0,4.0,1.2142857142857142,1.1660996354464586,34.0,4.0,1.1428571428571428,1.118904844903289,64.0,4.0,1.0,1.064203984432462,84.0,4.0,2.0,3.0,3.0,1319,0.3661865049279757,0.15921152388172857,0.3199393479909022,0.24791508718726307,0.15466262319939347,0.3009855951478393,43.28363914373089,5.3570887035633055
2024-05-03,0,0,0,0,0,0,0,0,0,0,0,0,2024,5,3,4,124,18,2,0,0,1,-0.433883739117558,-0.9009688679024191,0.8452490573530633,-0.5343725582809786,0.8229838658936565,-0.5680647467311557,0.49999999999999994,-0.8660254037844387,4.0,2.0,0.0,1.0,1.0,1.0,2.0,2.0000000000000013,6.0,4.0,1.1428571428571428,1.573591584938886,8.0,4.0,1.2142857142857142,1.2513728724621078,17.0,4.0,1.1785714285714286,1.1880133254200749,33.0,4.0,1.1071428571428572,1.1229599106998267,62.0,4.0,0.9880952380952381,1.0697826332422349,83.0,4.0,-4.0,-1.0,-1.0,1319,0.3661865049279757,0.15921152388172857,0.3199393479909022,0.24791508718726307,0.15466262319939347,0.3009855951478393,43.28363914373089,5.3570887035633055
2024-05-04,0,0,0,0,0,0,0,0,0,0,0,0,2024,5,4,5,125,18,2,1,0,0,-0.9749279121818236,-0.2225209339563146,0.8359254794186372,-0.548842958284719,0.8229838658936565,-0.5680647467311557,0.49999999999999994,-0.8660254037844387,0.0,4.0,2.0,0.0,1.0,2.0,1.3333333333333333,2.309401076758504,4.0,4.0,1.1428571428571428,1.573591584938886,8.0,4.0,1.1428571428571428,1.2924123453177283,16.0,4.0,1.1071428571428572,1.1968874978625543,31.0,4.0,1.0892857142857142,1.1326041708347225,61.0,4.0,0.9880952380952381,1.0697826332422349,83.0,4.0,0.0,0.0,-2.0,1319,0.3661865049279757,0.15921152388172857,0.3199393479909022,0.24791508718726307,0.15466262319939347,0.3009855951478393,43.28363914373089,5.3570887035633055
2024-05-05,1,0,0,1,0,0,0,0,2,0,0,0,2024,5,5,6,126,18,2,1,0,0,-0.7818314824680299,0.6234898018587334,0.8263541987239096,-0.5631507242749186,0.8229838658936565,-0.5680647467311557,0.49999999999999994,-0.8660254037844387,0.0,0.0,4.0,0.0,3.0,0.0,0.3333333333333333,0.577350269189628,1.0,1.0,1.2857142857142858,1.4960264830861911,9.0,4.0,1.0,1.1766968108291045,14.0,4.0,1.1428571428571428,1.1773883752795375,32.0,4.0,1.0714285714285714,1.1258474441648252,60.0,4.0,1.0,1.064203984432462,84.0,4.0,1.0,1.0,1.0,1319,0.3661865049279757,0.15921152388172857,0.3199393479909022,0.24791508718726307,0.15466262319939347,0.3009855951478393,43.28363914373089,5.3570887035633055
2024-05-06,0,0,0,0,0,0,0,0,0,0,0,0,2024,5,6,0,127,19,2,0,1,0,0.0,1.0,0.8165380514459161,-0.5772916165517272,0.7485107481711013,-0.663122658240795,0.49999999999999994,-0.8660254037844387,1.0,0.0,0.0,2.0,0.0,2.0,0.3333333333333333,0.577350269189628,1.0,1.0,1.0,1.5275252316519465,7.0,4.0,1.0,1.1766968108291045,14.0,4.0,1.0714285714285714,1.1841099620037006,30.0,4.0,1.0357142857142858,1.127576414895493,58.0,4.0,1.0,1.064203984432462,84.0,4.0,-1.0,-2.0,-2.0,1319,0.3661865049279757,0.15921152388172857,0.3199393479909022,0.24791508718726307,0.15466262319939347,0.3009855951478393,43.28363914373089,5.3570887035633055
2024-05-07,0,0,0,0,0,0,0,0,0,0,0,0,2024,5,7,1,128,19,2,0,0,0,0.7818314824680298,0.6234898018587336,0.8064799463209448,-0.5912614448635781,0.7485107481711013,-0.663122658240795,0.49999999999999994,-0.8660254037844387,0.0,1.0,0.0,0.0,1.0,0.0,0.3333333333333333,0.577350269189628,1.0,1.0,1.0,1.5275252316519465,7.0,4.0,0.9285714285714286,1.2066664642907572,13.0,4.0,1.0714285714285714,1.1841099620037006,30.0,4.0,1.0357142857142858,1.127576414895493,58.0,4.0,0.9761904761904762,1.0639343950717253,82.0,4.0,0.0,0.0,0.0,1319,0.3661865049279757,0.15921152388172857,0.3199393479909022,0.24791508718726307,0.15466262319939347,0.3009855951478393,43.28363914373089,5.3570887035633055
2024-05-08,1,0,0,0,0,0,0,0,2,0,0,0,2024,5,8,2,129,19,2,0,0,0,0.9749279121818236,-0.22252093395631434,0.7961828637826158,-0.6050560696488488,0.7485107481711013,-0.663122658240795,0.49999999999999994,-0.8660254037844387,0.0,0.0,1.0,2.0,2.0,0.0,0.3333333333333333,0.577350269189628,1.0,1.0,0.8571428571428571,1.4638501094227994,6.0,4.0,0.8571428571428571,1.1673205911990774,12.0,4.0,1.1071428571428572,1.165532328365718,31.0,4.0,1.0178571428571428,1.119919987865553,57.0,4.0,0.9880952380952381,1.0584604370709947,83.0,4.0,1.0,-1.0,1.0,1319,0.3661865049279757,0.15921152388172857,0.3199393479909022,0.24791508718726307,0.15466262319939347,0.3009855951478393,43.28363914373089,5.3570887035633055
2024-05-09,1,1,0,0,0,1,0,1,2,0,0,0,2024,5,9,3,130,19,2,0,0,0,0.43388373911755823,-0.900968867902419,0.7856498550787147,-0.6186714032625031,0.7485107481711013,-0.663122658240795,0.49999999999999994,-0.8660254037844387,1.0,0.0,0.0,4.0,1.0,0.0,0.6666666666666666,0.5773502691896286,2.0,1.0,0.42857142857142855,0.5345224838248461,3.0,1.0,0.8571428571428571,1.1673205911990774,12.0,4.0,1.1428571428571428,1.145499590645634,32.0,4.0,1.0357142857142858,1.111334753827548,58.0,4.0,0.9761904761904762,1.0525492917077421,82.0,4.0,0.0,-3.0,1.0,1319,0.3661865049279757,0.15921152388172857,0.3199393479909022,0.24791508718726307,0.15466262319939347,0.3009855951478393,43.28363914373089,5.3570887035633055
2024-05-10,2,0,0,0,0,2,0,1,3,0,0,1,2024,5,10,4,131,19,2,0,0,1,-0.433883739117558,-0.9009688679024191,0.7748840413670407,-0.6321034111873487,0.7485107481711013,-0.663122658240795,0.49999999999999994,-0.8660254037844387,1.0,1.0,0.0,0.0,1.0,3.0,1.3333333333333333,0.5773502691896298,4.0,2.0,0.7142857142857143,0.7559289460184531,5.0,2.0,0.9285714285714286,1.2066664642907572,13.0,4.0,1.1071428571428572,1.100144290680756,31.0,4.0,1.0535714285714286,1.118759749286404,59.0,4.0,1.0,1.0528217963833002,84.0,4.0,1.0,2.0,-1.0,1319,0.3661865049279757,0.15921152388172857,0.3199393479909022,0.24791508718726307,0.15466262319939347,0.3009855951478393,43.28363914373089,5.3570887035633055
2024-05-11,3,0,1,0,0,2,0,2,5,0,0,1,2024,5,11,5,132,19,2,1,0,0,-0.9749279121818236,-0.2225209339563146,0.7638886127905428,-0.6453481132295501,0.7485107481711013,-0.663122658240795,0.49999999999999994,-0.8660254037844387,2.0,1.0,1.0,0.0,0.0,1.0,2.0,1.000000000000003,6.0,3.0,1.1428571428571428,1.0690449676496971,8.0,3.0,1.1428571428571428,1.2924123453177283,16.0,4.0,1.1785714285714286,1.1564175661505625,33.0,4.0,1.1071428571428572,1.1390358191920913,62.0,4.0,1.0119047619047619,1.0697826332422349,85.0,4.0,1.0,3.0,2.0,1319,0.3661865049279757,0.15921152388172857,0.3199393479909022,0.24791508718726307,0.15466262319939347,0.3009855951478393,43.28363914373089,5.3570887035633055
2024-05-12,0,0,0,0,0,0,0,0,0,0,0,0,2024,5,12,6,133,19,2,1,0,0,-0.7818314824680299,0.6234898018587334,0.7526668275320085,-0.6584015846980488,0.7485107481711013,-0.663122658240795,0.49999999999999994,-0.8660254037844387,3.0,2.0,1.0,1.0,0.0,2.0,1.6666666666666667,1.5275252316519483,5.0,3.0,1.0,1.154700538379251,7.0,3.0,1.1428571428571428,1.2924123453177283,16.0,4.0,1.1071428571428572,1.165532328365718,31.0,4.0,1.0714285714285714,1.1418827014611026,60.0,4.0,1.0119047619047619,1.0697826332422349,85.0,4.0,-3.0,-1.0,-2.0,1319,0.3661865049279757,0.15921152388172857,0.3199393479909022,0.24791508718726307,0.15466262319939347,0.3009855951478393,43.28363914373089,5.3570887035633055
2024-05-13,0,0,0,0,0,0,0,0,0,0,0,0,2024,5,13,0,134,20,2,0,1,0,0.0,1.0,0.7412220108485958,-0.6712599575675313,0.6631226582407952,-0.7485107481711012,0.49999999999999994,-0.8660254037844387,0.0,3.0,2.0,0.0,2.0,3.0,1.0,1.732050807568878,3.0,3.0,1.0,1.154700538379251,7.0,3.0,1.0,1.300887271175982,14.0,4.0,1.0,1.1221672153735658,28.0,4.0,1.0714285714285714,1.1418827014611026,60.0,4.0,0.9880952380952381,1.0697826332422349,83.0,4.0,0.0,0.0,-3.0,1319,0.3661865049279757,0.15921152388172857,0.3199393479909022,0.24791508718726307,0.15466262319939347,0.3009855951478393,43.28363914373089,5.3570887035633055
2024-05-14,5,0,3,0,0,1,0,1,8,2,2,2,2024,5,14,1,135,20,2,0,0,0,0.7818314824680298,0.6234898018587336,0.7295575540864875,-0.6839194216246106,0.6631226582407952,-0.7485107481711012,0.49999999999999994,-0.8660254037844387,0.0,0.0,3.0,0.0,0.0,2.0,1.6666666666666667,2.88675134594813,5.0,5.0,1.7142857142857142,1.799470821684875,12.0,5.0,1.3571428571428572,1.6458405781822276,19.0,5.0,1.1071428571428572,1.3427248612094944,31.0,5.0,1.1607142857142858,1.247204666652383,65.0,5.0,1.0357142857142858,1.155879976378802,87.0,5.0,5.0,5.0,3.0,1319,0.3661865049279757,0.15921152388172857,0.3199393479909022,0.24791508718726307,0.15466262319939347,0.3009855951478393,43.28363914373089,5.3570887035633055
2024-05-15,0,0,0,0,0,0,0,0,0,0,0,0,2024,5,15,2,136,20,2,0,0,0,0.9749279121818236,-0.22252093395631434,0.717676913675962,-0.6963762255968722,0.6631226582407952,-0.7485107481711012,0.49999999999999994,-0.8660254037844387,5.0,0.0,0.0,1.0,2.0,0.0,1.6666666666666667,2.88675134594813,5.0,5.0,1.5714285714285714,1.902379462422684,11.0,5.0,1.2142857142857142,1.672334684416758,17.0,5.0,1.1071428571428572,1.3427248612094944,31.0,5.0,1.1607142857142858,1.247204666652383,65.0,5.0,1.0357142857142858,1.155879976378802,87.0,5.0,-5.0,-1.0,0.0,1319,0.3661865049279757,0.15921152388172857,0.3199393479909022,0.24791508718726307,0.15466262319939347,0.3009855951478393,43.28363914373089,5.3570887035633055
2024-05-16,0,0,0,0,0,0,0,0,0,0,0,0,2024,5,16,3,137,20,2,0,0,0,0.43388373911755823,-0.900968867902419,0.705583610107178,-0.7086266782644596,0.6631226582407952,-0.7485107481711012,0.49999999999999994,-0.8660254037844387,0.0,5.0,0.0,1.0,4.0,0.0,1.6666666666666667,2.88675134594813,5.0,5.0,1.4285714285714286,1.9880595947760098,10.0,5.0,0.9285714285714286,1.491735474296541,13.0,5.0,1.1071428571428572,1.3427248612094944,31.0,5.0,1.1607142857142858,1.247204666652383,65.0,5.0,1.0238095238095237,1.1613887664757896,86.0,5.0,0.0,-1.0,0.0,1319,0.3661865049279757,0.15921152388172857,0.3199393479909022,0.24791508718726307,0.15466262319939347,0.3009855951478393,43.28363914373089,5.3570887035633055
2024-05-17,0,0,0,0,0,0,0,0,0,0,0,0,2024,5,17,4,138,20,2,0,0,1,-0.433883739117558,-0.9009688679024191,0.6932812268869777,-0.7206671495538609,0.6631226582407952,-0.7485107481711012,0.49999999999999994,-0.8660254037844387,0.0,0.0,5.0,2.0,0.0,1.0,0.0,0.0,0.0,0.0,1.1428571428571428,2.0354009783964293,8.0,5.0,0.9285714285714286,1.491735474296541,13.0,5.0,1.0714285714285714,1.3588822048142546,30.0,5.0,1.1071428571428572,1.231090742221879,62.0,5.0,1.0,1.1616357391030314,84.0,5.0,0.0,-2.0,-1.0,1319,0.3661865049279757,0.15921152388172857,0.3199393479909022,0.24791508718726307,0.15466262319939347,0.3009855951478393,43.28363914373089,5.3570887035633055
2024-05-18,0,0,0,0,0,0,0,0,0,0,0,0,2024,5,18,5,139,20,2,1,0,0,-0.9749279121818236,-0.2225209339563146,0.6807734094770161,-0.7324940716135789,0.6631226582407952,-0.7485107481711012,0.49999999999999994,-0.8660254037844387,0.0,0.0,0.0,3.0,0.0,1.0,0.0,0.0,0.0,0.0,0.7142857142857143,1.8898223650461352,5.0,5.0,0.9285714285714286,1.491735474296541,13.0,5.0,1.0357142857142858,1.373887236117339,29.0,5.0,1.1071428571428572,1.231090742221879,62.0,5.0,0.9880952380952381,1.166748624282972,83.0,5.0,0.0,-3.0,-1.0,1319,0.3661865049279757,0.15921152388172857,0.3199393479909022,0.24791508718726307,0.15466262319939347,0.3009855951478393,43.28363914373089,5.3570887035633055
2024-05-19,2,0,0,0,0,2,0,1,4,0,0,1,2024,5,19,6,140,20,2,1,0,0,-0.7818314824680299,0.6234898018587334,0.6680638642135335,-0.7441039398713607,0.6631226582407952,-0.7485107481711012,0.49999999999999994,-0.8660254037844387,0.0,0.0,0.0,0.0,1.0,3.0,0.6666666666666666,1.1547005383792524,2.0,2.0,1.0,1.9148542155126758,7.0,5.0,1.0,1.5191090506255003,14.0,5.0,1.0,1.3333333333333348,28.0,5.0,1.125,1.2367479349266997,63.0,5.0,1.0119047619047619,1.166748624282972,85.0,5.0,2.0,2.0,-1.0,1319,0.3661865049279757,0.15921152388172857,0.3199393479909022,0.24791508718726307,0.15466262319939347,0.3009855951478393,43.28363914373089,5.3570887035633055
2024-05-20,0,0,0,0,0,0,0,0,0,0,0,0,2024,5,20,0,141,21,2,0,1,0,0.0,1.0,0.6551563572090853,-0.7554933140726803,0.5680647467311558,-0.8229838658936564,0.49999999999999994,-0.8660254037844387,2.0,0.0,0.0,0.0,0.0,0.0,0.6666666666666666,1.1547005383792524,2.0,2.0,1.0,1.914854215512676,7.0,5.0,1.0,1.5191090506255003,14.0,5.0,1.0,1.3333333333333348,28.0,5.0,1.1071428571428572,1.2457720706244997,62.0,5.0,1.0,1.1719615931862335,84.0,5.0,-2.0,0.0,0.0,1319,0.3661865049279757,0.15921152388172857,0.3199393479909022,0.24791508718726307,0.15466262319939347,0.3009855951478393,43.28363914373089,5.3570887035633055
2024-05-21,3,1,0,1,0,4,0,2,8,0,0,0,2024,5,21,1,142,21,2,0,0,0,0.7818314824680298,0.6234898018587336,0.6420547132365637,-0.766658819300159,0.5680647467311558,-0.8229838658936564,0.49999999999999994,-0.8660254037844387,0.0,2.0,0.0,5.0,0.0,1.0,1.6666666666666667,1.5275252316519483,5.0,3.0,0.7142857142857143,1.2535663410560167,5.0,3.0,1.2142857142857142,1.577659972557772,17.0,5.0,1.0714285714285714,1.3858697343671678,30.0,5.0,1.1071428571428572,1.2457720706244997,62.0,5.0,1.0357142857142858,1.1867382510140836,87.0,5.0,3.0,-2.0,2.0,1319,0.3661865049279757,0.15921152388172857,0.3199393479909022,0.24791508718726307,0.15466262319939347,0.3009855951478393,43.28363914373089,5.3570887035633055
2024-05-22,0,0,0,0,0,0,0,0,0,0,0,0,2024,5,22,2,143,21,2,0,0,0,0.9749279121818236,-0.22252093395631434,0.6287628145958344,-0.7775971469736269,0.5680647467311558,-0.8229838658936564,0.49999999999999994,-0.8660254037844387,3.0,0.0,2.0,0.0,1.0,2.0,1.0,1.732050807568878,3.0,3.0,0.7142857142857143,1.2535663410560167,5.0,3.0,1.1428571428571428,1.6104057232283404,16.0,5.0,1.0,1.3877773329774232,28.0,5.0,1.1071428571428572,1.2457720706244997,62.0,5.0,1.0357142857142858,1.1867382510140836,87.0,5.0,-3.0,0.0,-2.0,1319,0.3661865049279757,0.15921152388172857,0.3199393479909022,0.24791508718726307,0.15466262319939347,0.3009855951478393,43.28363914373089,5.3570887035633055
2024-05-23,1,0,0,0,0,1,0,1,2,0,0,0,2024,5,23,3,144,21,2,0,0,0,0.43388373911755823,-0.900968867902419,0.6152845999633276,-0.7883050558305255,0.5680647467311558,-0.8229838658936564,0.49999999999999994,-0.8660254037844387,0.0,3.0,0.0,0.0,1.0,1.0,1.3333333333333333,1.5275252316519479,4.0,3.0,0.8571428571428571,1.214985792587911,6.0,3.0,1.1428571428571428,1.6104057232283404,16.0,5.0,1.0,1.3877773329774232,28.0,5.0,1.0714285714285714,1.2188988004400887,60.0,5.0,1.0476190476190477,1.1812262558818376,88.0,5.0,1.0,1.0,0.0,1319,0.3661865049279757,0.15921152388172857,0.3199393479909022,0.24791508718726307,0.15466262319939347,0.3009855951478393,43.28363914373089,5.3570887035633055
2024-05-24,0,0,0,0,0,0,0,0,0,0,0,0,2024,5,24,4,145,21,2,0,0,1,-0.433883739117558,-0.9009688679024191,0.6016240632249226,-0.7987793728863649,0.5680647467311558,-0.8229838658936564,0.49999999999999994,-0.8660254037844387,1.0,0.0,3.0,0.0,2.0,1.0,0.3333333333333333,0.5773502691896261,1.0,1.0,0.8571428571428571,1.214985792587911,6.0,3.0,1.0,1.6172150801252805,14.0,5.0,0.9642857142857143,1.4005856673692672,27.0,5.0,1.0535714285714286,1.2272607022017907,59.0,5.0,1.0476190476190477,1.1812262558818376,88.0,5.0,-1.0,0.0,-1.0,1319,0.3661865049279757,0.15921152388172857,0.3199393479909022,0.24791508718726307,0.15466262319939347,0.3009855951478393,43.28363914373089,5.3570887035633055
2024-05-25,0,0,0,0,0,0,0,0,0,0,0,0,2024,5,25,5,146,21,2,1,0,0,-0.9749279121818236,-0.2225209339563146,0.5877852522924732,-0.8090169943749473,0.5680647467311558,-0.8229838658936564,0.49999999999999994,-0.8660254037844387,0.0,1.0,0.0,0.0,3.0,0.0,0.3333333333333333,0.5773502691896261,1.0,1.0,0.8571428571428571,1.214985792587911,6.0,3.0,0.7857142857142857,1.528124613755317,11.0,5.0,0.9642857142857143,1.4005856673692672,27.0,5.0,1.0357142857142858,1.2353032121604912,58.0,5.0,1.0476190476190477,1.1812262558818376,88.0,5.0,0.0,0.0,0.0,1319,0.3661865049279757,0.15921152388172857,0.3199393479909022,0.24791508718726307,0.15466262319939347,0.3009855951478393,43.28363914373089,5.3570887035633055
2024-05-26,0,0,0,0,0,0,0,0,0,0,0,0,2024,5,26,6,147,21,2,1,0,0,-0.7818314824680299,0.6234898018587334,0.5737722679043246,-0.8190148866680801,0.5680647467311558,-0.8229838658936564,0.49999999999999994,-0.8660254037844387,0.0,0.0,1.0,2.0,0.0,0.0,0.0,0.0,0.0,0.0,0.5714285714285714,1.1338934190276804,4.0,3.0,0.7857142857142857,1.528124613755317,11.0,5.0,0.9642857142857143,1.4005856673692672,27.0,5.0,0.9821428571428571,1.2134259752463679,55.0,5.0,1.0476190476190477,1.1812262558818376,88.0,5.0,0.0,-2.0,0.0,1319,0.3661865049279757,0.15921152388172857,0.3199393479909022,0.24791508718726307,0.15466262319939347,0.3009855951478393,43.28363914373089,5.3570887035633055
2024-05-27,1,0,0,0,0,2,0,1,2,0,0,1,2024,5,27,0,148,22,2,0,1,0,0.0,1.0,0.5595892624101765,-0.8287700871745038,0.46472317204376906,-0.8854560256532096,0.49999999999999994,-0.8660254037844387,0.0,0.0,0.0,0.0,0.0,2.0,0.3333333333333333,0.5773502691896261,1.0,1.0,0.7142857142857143,1.1126972805283726,5.0,3.0,0.8571428571428571,1.5118578920369095,12.0,5.0,0.9285714285714286,1.385869734367168,26.0,5.0,0.9821428571428571,1.2134259752463679,55.0,5.0,1.0238095238095237,1.1613887664757898,86.0,5.0,1.0,1.0,-1.0,1319,0.3661865049279757,0.15921152388172857,0.3199393479909022,0.24791508718726307,0.15466262319939347,0.3009855951478393,43.28363914373089,5.3570887035633055
2024-05-28,0,0,0,0,0,0,0,0,0,0,0,0,2024,5,28,1,149,22,2,0,0,0,0.7818314824680298,0.6234898018587336,0.545240438540651,-0.8382797052177744,0.46472317204376906,-0.8854560256532096,0.49999999999999994,-0.8660254037844387,1.0,0.0,0.0,3.0,5.0,0.0,0.3333333333333333,0.5773502691896261,1.0,1.0,0.2857142857142857,0.4879500364742624,2.0,1.0,0.5,0.9405399431259613,7.0,3.0,0.9285714285714286,1.385869734367168,26.0,5.0,0.9821428571428571,1.2134259752463679,55.0,5.0,1.0119047619047619,1.166748624282972,85.0,5.0,-1.0,-3.0,0.0,1319,0.3661865049279757,0.15921152388172857,0.3199393479909022,0.24791508718726307,0.15466262319939347,0.3009855951478393,43.28363914373089,5.3570887035633055
2024-05-29,2,0,0,1,0,2,0,2,4,0,0,0,2024,5,29,2,150,22,2,0,0,0,0.9749279121818236,-0.22252093395631434,0.5307300481619334,-0.8475409228928311,0.46472317204376906,-0.8854560256532096,0.49999999999999994,-0.8660254037844387,0.0,1.0,0.0,0.0,0.0,2.0,1.0,1.0000000000000013,3.0,2.0,0.5714285714285714,0.7867957924694413,4.0,2.0,0.6428571428571429,1.0082080720186277,9.0,3.0,0.9285714285714286,1.385869734367168,26.0,5.0,1.0178571428571428,1.2134259752463679,57.0,5.0,1.0238095238095237,1.1717167970283286,86.0,5.0,2.0,2.0,0.0,1319,0.3661865049279757,0.15921152388172857,0.3199393479909022,0.24791508718726307,0.15466262319939347,0.3009855951478393,43.28363914373089,5.3570887035633055
2024-05-30,0,0,0,0,0,0,0,0,0,0,0,0,2024,5,30,3,151,22,2,0,0,0,0.43388373911755823,-0.900968867902419,0.5160623910158528,-0.8565509959010036,0.46472317204376906,-0.8854560256532096,0.49999999999999994,-0.8660254037844387,2.0,0.0,1.0,1.0,0.0,4.0,0.6666666666666666,1.1547005383792521,2.0,2.0,0.42857142857142855,0.7867957924694409,3.0,2.0,0.6428571428571429,1.0082080720186277,9.0,3.0,0.7857142857142857,1.2577800213115908,22.0,5.0,1.0,1.221027882936787,56.0,5.0,1.0238095238095237,1.1717167970283286,86.0,5.0,-2.0,-1.0,-4.0,1319,0.3661865049279757,0.15921152388172857,0.3199393479909022,0.24791508718726307,0.15466262319939347,0.3009855951478393,43.28363914373089,5.3570887035633055
2024-05-31,1,0,1,0,0,0,0,0,1,1,1,1,2024,5,31,4,152,22,2,0,0,1,-0.433883739117558,-0.9009688679024191,0.5012418134457758,-0.865307254363206,0.46472317204376906,-0.8854560256532096,0.49999999999999994,-0.8660254037844387,0.0,2.0,0.0,0.0,0.0,0.0,1.0,1.0000000000000013,3.0,2.0,0.5714285714285714,0.7867957924694413,4.0,2.0,0.7142857142857143,0.9944903161976947,10.0,3.0,0.8214285714285714,1.2488089563755593,23.0,5.0,1.0,1.221027882936787,56.0,5.0,1.0119047619047619,1.166748624282972,85.0,5.0,1.0,1.0,1.0,1319,0.3661865049279757,0.15921152388172857,0.3199393479909022,0.24791508718726307,0.15466262319939347,0.3009855951478393,43.28363914373089,5.3570887035633055
2024-06-01,1,0,0,0,0,1,0,1,2,0,0,0,2024,6,1,5,153,22,2,1,0,0,-0.9749279121818236,-0.2225209339563146,0.48627270710868997,-0.8738071036110808,0.46472317204376906,-0.8854560256532096,1.2246467991473532e-16,-1.0,1.0,0.0,2.0,0.0,0.0,0.0,0.6666666666666666,0.577350269189627,2.0,1.0,0.7142857142857143,0.7559289460184531,5.0,2.0,0.7857142857142857,0.9749612559222302,11.0,3.0,0.8571428571428571,1.2387055882620124,24.0,5.0,0.9821428571428571,1.2134259752463679,55.0,5.0,1.0119047619047619,1.166748624282972,85.0,5.0,0.0,1.0,1.0,1319,0.3661865049279757,0.15921152388172857,0.3199393479909022,0.24791508718726307,0.15466262319939347,0.3009855951478393,43.28363914373089,5.3570887035633055
2024-06-02,0,0,0,0,0,0,0,0,0,0,0,0,2024,6,2,6,154,22,2,1,0,0,-0.7818314824680299,0.6234898018587334,0.4711595076738638,-0.8820480249558537,0.46472317204376906,-0.8854560256532096,1.2246467991473532e-16,-1.0,1.0,1.0,0.0,0.0,2.0,1.0,0.6666666666666666,0.577350269189627,2.0,1.0,0.7142857142857143,0.7559289460184531,5.0,2.0,0.6428571428571429,0.928782731664066,9.0,3.0,0.8214285714285714,1.2488089563755593,23.0,5.0,0.9821428571428571,1.2134259752463679,55.0,5.0,0.9880952380952381,1.166748624282972,83.0,5.0,-1.0,0.0,-1.0,1319,0.3661865049279757,0.15921152388172857,0.3199393479909022,0.24791508718726307,0.15466262319939347,0.3009855951478393,43.28363914373089,5.3570887035633055
2024-06-03,0,0,0,0,0,0,0,0,0,0,0,0,2024,6,3,0,155,23,2,0,1,0,0.0,1.0,0.4559066935084588,-0.8900275764346767,0.35460488704253584,-0.9350162426854147,1.2246467991473532e-16,-1.0,0.0,1.0,1.0,1.0,0.0,0.0,0.3333333333333333,0.5773502691896258,1.0,1.0,0.5714285714285714,0.7867957924694413,4.0,2.0,0.6428571428571429,0.928782731664066,9.0,3.0,0.8214285714285714,1.2488089563755593,23.0,5.0,0.9464285714285714,1.2123552263281567,53.0,5.0,0.9642857142857143,1.1662567921927094,81.0,5.0,0.0,-1.0,0.0,1319,0.3661865049279757,0.15921152388172857,0.3199393479909022,0.24791508718726307,0.15466262319939347,0.3009855951478393,43.28363914373089,5.3570887035633055
2024-06-04,0,0,0,0,0,0,0,0,0,0,0,0,2024,6,4,1,156,23,2,0,0,0,0.7818314824680298,0.6234898018587336,0.440518784350495,-0.8977433935342337,0.35460488704253584,-0.9350162426854147,1.2246467991473532e-16,-1.0,0.0,0.0,1.0,0.0,3.0,0.0,0.0,0.0,0.0,0.0,0.5714285714285714,0.7867957924694413,4.0,2.0,0.42857142857142855,0.6462061726588656,6.0,2.0,0.8214285714285714,1.2488089563755593,23.0,5.0,0.9464285714285714,1.2123552263281567,53.0,5.0,0.9642857142857143,1.1662567921927094,81.0,5.0,0.0,0.0,0.0,1319,0.3661865049279757,0.15921152388172857,0.3199393479909022,0.24791508718726307,0.15466262319939347,0.3009855951478393,43.28363914373089,5.3570887035633055
2024-06-05,0,0,0,0,0,0,0,0,0,0,0,0,2024,6,5,2,157,23,2,0,0,0,0.9749279121818236,-0.22252093395631434,0.42500033996955416,-0.9051931898913974,0.35460488704253584,-0.9350162426854147,1.2246467991473532e-16,-1.0,0.0,0.0,0.0,2.0,0.0,1.0,0.0,0.0,0.0,0.0,0.2857142857142857,0.4879500364742622,2.0,1.0,0.42857142857142855,0.6462061726588656,6.0,2.0,0.7857142857142857,1.2577800213115908,22.0,5.0,0.9464285714285714,1.2123552263281567,53.0,5.0,0.9404761904761905,1.165272505242645,79.0,5.0,0.0,-2.0,-1.0,1319,0.3661865049279757,0.15921152388172857,0.3199393479909022,0.24791508718726307,0.15466262319939347,0.3009855951478393,43.28363914373089,5.3570887035633055
2024-06-06,1,1,0,1,0,0,0,0,2,0,0,0,2024,6,6,3,158,23,2,0,0,0,0.43388373911755823,-0.900968867902419,0.4093559588156213,-0.9123747579707273,0.35460488704253584,-0.9350162426854147,1.2246467991473532e-16,-1.0,0.0,0.0,0.0,0.0,1.0,1.0,0.3333333333333333,0.5773502691896258,1.0,1.0,0.42857142857142855,0.5345224838248454,3.0,1.0,0.42857142857142855,0.6462061726588656,6.0,2.0,0.7857142857142857,1.2577800213115908,22.0,5.0,0.9642857142857143,1.2055068449605564,54.0,5.0,0.9523809523809523,1.1606475332762687,80.0,5.0,1.0,1.0,0.0,1319,0.3661865049279757,0.15921152388172857,0.3199393479909022,0.24791508718726307,0.15466262319939347,0.3009855951478393,43.28363914373089,5.3570887035633055
2024-06-07,1,0,1,0,0,0,0,0,2,0,0,1,2024,6,7,4,159,23,2,0,0,1,-0.433883739117558,-0.9009688679024191,0.39359027665646673,-0.9192859697186104,0.35460488704253584,-0.9350162426854147,1.2246467991473532e-16,-1.0,1.0,0.0,0.0,1.0,0.0,2.0,0.6666666666666666,0.577350269189627,2.0,1.0,0.42857142857142855,0.5345224838248454,3.0,1.0,0.5,0.6504436355879925,7.0,2.0,0.75,1.2360330811826121,21.0,5.0,0.9285714285714286,1.1732959458821026,52.0,5.0,0.9523809523809523,1.1606475332762687,80.0,5.0,0.0,0.0,-1.0,1319,0.3661865049279757,0.15921152388172857,0.3199393479909022,0.24791508718726307,0.15466262319939347,0.3009855951478393,43.28363914373089,5.3570887035633055
2024-06-08,0,0,0,0,0,0,0,0,0,0,0,0,2024,6,8,5,160,23,2,1,0,0,-0.9749279121818236,-0.2225209339563146,0.3777079652039649,-0.9259247771938498,0.35460488704253584,-0.9350162426854147,1.2246467991473532e-16,-1.0,1.0,1.0,0.0,1.0,0.0,3.0,0.6666666666666666,0.577350269189627,2.0,1.0,0.2857142857142857,0.4879500364742622,2.0,1.0,0.5,0.6504436355879925,7.0,2.0,0.6428571428571429,1.1615534207286178,18.0,5.0,0.9107142857142857,1.1797809614005128,51.0,5.0,0.9523809523809523,1.1606475332762687,80.0,5.0,-1.0,-1.0,-3.0,1319,0.3661865049279757,0.15921152388172857,0.3199393479909022,0.24791508718726307,0.15466262319939347,0.3009855951478393,43.28363914373089,5.3570887035633055
2024-06-09,0,0,0,0,0,0,0,0,0,0,0,0,2024,6,9,6,161,23,2,1,0,0,-0.7818314824680299,0.6234898018587334,0.36171373072976765,-0.9322892131745133,0.35460488704253584,-0.9350162426854147,1.2246467991473532e-16,-1.0,0.0,1.0,1.0,0.0,0.0,0.0,0.3333333333333333,0.5773502691896258,1.0,1.0,0.2857142857142857,0.4879500364742622,2.0,1.0,0.5,0.6504436355879925,7.0,2.0,0.6428571428571429,1.1615534207286178,18.0,5.0,0.875,1.1764739304765364,49.0,5.0,0.9285714285714286,1.1594110915347666,78.0,5.0,0.0,0.0,0.0,1319,0.3661865049279757,0.15921152388172857,0.3199393479909022,0.24791508718726307,0.15466262319939347,0.3009855951478393,43.28363914373089,5.3570887035633055
2024-06-10,0,0,0,0,0,0,0,0,0,0,0,0,2024,6,10,0,162,24,2,0,1,0,0.0,1.0,0.3456123126707335,-0.9383773917408641,0.23931566428755768,-0.970941817426052,1.2246467991473532e-16,-1.0,0.0,0.0,1.0,0.0,1.0,0.0,0.0,0.0,0.0,0.0,0.2857142857142857,0.4879500364742622,2.0,1.0,0.42857142857142855,0.6462061726588656,6.0,2.0,0.6428571428571429,1.1615534207286178,18.0,5.0,0.8214285714285714,1.1458564539186462,46.0,5.0,0.9285714285714286,1.1594110915347666,78.0,5.0,0.0,0.0,0.0,1319,0.3661865049279757,0.15921152388172857,0.3199393479909022,0.24791508718726307,0.15466262319939347,0.3009855951478393,43.28363914373089,5.3570887035633055
2024-06-11,1,0,0,1,0,0,0,0,2,0,0,0,2024,6,11,1,163,24,2,0,0,0,0.7818314824680298,0.6234898018587336,0.3294084822245304,-0.9441875088341993,0.23931566428755768,-0.970941817426052,1.2246467991473532e-16,-1.0,0.0,0.0,0.0,0.0,0.0,5.0,0.3333333333333333,0.5773502691896258,1.0,1.0,0.42857142857142855,0.5345224838248454,3.0,1.0,0.5,0.6504436355879925,7.0,2.0,0.5,0.7934920476158752,14.0,3.0,0.8035714285714286,1.13489515506368,45.0,5.0,0.9404761904761905,1.1548868455101138,79.0,5.0,1.0,1.0,-4.0,1319,0.3661865049279757,0.15921152388172857,0.3199393479909022,0.24791508718726307,0.15466262319939347,0.3009855951478393,43.28363914373089,5.3570887035633055
2024-06-12,1,1,0,1,0,0,0,0,2,0,0,0,2024,6,12,2,164,24,2,0,0,0,0.9749279121818236,-0.22252093395631434,0.3131070409358269,-0.9497178427914316,0.23931566428755768,-0.970941817426052,1.2246467991473532e-16,-1.0,1.0,0.0,0.0,0.0,2.0,0.0,0.6666666666666666,0.577350269189627,2.0,1.0,0.5714285714285714,0.534522483824846,4.0,1.0,0.42857142857142855,0.5135525910130975,6.0,1.0,0.5357142857142857,0.7926581093427878,15.0,3.0,0.8214285714285714,1.1298775936460455,46.0,5.0,0.9523809523809523,1.150220114133864,80.0,5.0,0.0,1.0,1.0,1319,0.3661865049279757,0.15921152388172857,0.3199393479909022,0.24791508718726307,0.15466262319939347,0.3009855951478393,43.28363914373089,5.3570887035633055
2024-06-13,1,0,0,0,0,0,0,0,2,0,0,0,2024,6,13,3,165,24,2,0,0,0,0.43388373911755823,-0.900968867902419,0.29671281927349075,-0.9549667548552551,0.23931566428755768,-0.970941817426052,1.2246467991473532e-16,-1.0,1.0,1.0,0.0,1.0,0.0,0.0,1.0,0.0,3.0,1.0,0.5714285714285714,0.534522483824846,4.0,1.0,0.5,0.5188745216627727,7.0,1.0,0.5714285714285714,0.7901510136288056,16.0,3.0,0.8392857142857143,1.1245489716372474,47.0,5.0,0.9642857142857143,1.145409155826551,81.0,5.0,0.0,0.0,1.0,1319,0.3661865049279757,0.15921152388172857,0.3199393479909022,0.24791508718726307,0.15466262319939347,0.3009855951478393,43.28363914373089,5.3570887035633055
2024-06-14,1,1,0,1,0,0,0,0,2,0,0,0,2024,6,14,4,166,24,2,0,0,1,-0.433883739117558,-0.9009688679024191,0.28023067519921585,-0.9599326896597447,0.23931566428755768,-0.970941817426052,1.2246467991473532e-16,-1.0,1.0,1.0,1.0,1.0,1.0,0.0,1.0,0.0,3.0,1.0,0.5714285714285714,0.534522483824846,4.0,1.0,0.5,0.5188745216627727,7.0,1.0,0.6071428571428571,0.7859547491585456,17.0,3.0,0.8392857142857143,1.1245489716372474,47.0,5.0,0.9404761904761905,1.1231538048307523,79.0,5.0,0.0,0.0,1.0,1319,0.3661865049279757,0.15921152388172857,0.3199393479909022,0.24791508718726307,0.15466262319939347,0.3009855951478393,43.28363914373089,5.3570887035633055
2024-06-15,0,0,0,0,0,0,0,0,0,0,0,0,2024,6,15,5,167,24,2,1,0,0,-0.9749279121818236,-0.2225209339563146,0.26366549272800704,-0.9646141756912435,0.23931566428755768,-0.970941817426052,1.2246467991473532e-16,-1.0,1.0,1.0,1.0,0.0,1.0,0.0,0.6666666666666666,0.577350269189627,2.0,1.0,0.5714285714285714,0.534522483824846,4.0,1.0,0.42857142857142855,0.5135525910130975,6.0,1.0,0.6071428571428571,0.7859547491585456,17.0,3.0,0.8214285714285714,1.1298775936460455,46.0,5.0,0.9404761904761905,1.1231538048307523,79.0,5.0,-1.0,0.0,0.0,1319,0.3661865049279757,0.15921152388172857,0.3199393479909022,0.24791508718726307,0.15466262319939347,0.3009855951478393,43.28363914373089,5.3570887035633055
2024-06-16,1,1,0,1,0,0,0,0,2,0,0,0,2024,6,16,6,168,24,2,1,0,0,-0.7818314824680299,0.6234898018587334,0.24702218048093552,-0.9690098257244062,0.23931566428755768,-0.970941817426052,1.2246467991473532e-16,-1.0,0.0,1.0,1.0,0.0,0.0,2.0,0.6666666666666666,0.577350269189627,2.0,1.0,0.7142857142857143,0.4879500364742644,5.0,1.0,0.5,0.5188745216627727,7.0,1.0,0.5714285714285714,0.7417981870189189,16.0,3.0,0.7857142857142857,1.0906926192151438,44.0,5.0,0.9404761904761905,1.1231538048307523,79.0,5.0,1.0,1.0,-1.0,1319,0.3661865049279757,0.15921152388172857,0.3199393479909022,0.24791508718726307,0.15466262319939347,0.3009855951478393,43.28363914373089,5.3570887035633055
2024-06-17,1,1,0,1,0,0,0,0,2,1,1,0,2024,6,17,0,169,25,2,0,1,0,0.0,1.0,0.23030567023061221,-0.9731183372332619,0.12053668025532308,-0.992708874098054,1.2246467991473532e-16,-1.0,1.0,0.0,1.0,0.0,0.0,0.0,0.6666666666666666,0.577350269189627,2.0,1.0,0.8571428571428571,0.37796447300922525,6.0,1.0,0.5714285714285714,0.5135525910130974,8.0,1.0,0.6071428571428571,0.7373267889143851,17.0,3.0,0.8035714285714286,1.0857698208626472,45.0,5.0,0.9404761904761905,1.1231538048307523,79.0,5.0,0.0,1.0,1.0,1319,0.3661865049279757,0.15921152388172857,0.3199393479909022,0.24791508718726307,0.15466262319939347,0.3009855951478393,43.28363914373089,5.3570887035633055
2024-06-18,0,0,0,0,0,0,0,0,0,0,0,0,2024,6,18,1,170,25,2,0,0,0,0.7818314824680298,0.6234898018587336,0.21352091543979612,-0.9769384927771817,0.12053668025532308,-0.992708874098054,1.2246467991473532e-16,-1.0,1.0,1.0,0.0,1.0,0.0,3.0,0.6666666666666666,0.577350269189627,2.0,1.0,0.7142857142857143,0.4879500364742644,5.0,1.0,0.5714285714285714,0.5135525910130974,8.0,1.0,0.5,0.5773502691896298,14.0,2.0,0.7857142857142857,1.0906926192151438,44.0,5.0,0.9047619047619048,1.1044166275486655,76.0,5.0,-1.0,-1.0,-3.0,1319,0.3661865049279757,0.15921152388172857,0.3199393479909022,0.24791508718726307,0.15466262319939347,0.3009855951478393,43.28363914373089,5.3570887035633055
2024-06-19,0,0,0,0,0,0,0,0,0,0,0,0,2024,6,19,2,171,25,2,0,0,0,0.9749279121818236,-0.22252093395631434,0.19667288979357647,-0.980469160361632,0.12053668025532308,-0.992708874098054,1.2246467991473532e-16,-1.0,0.0,1.0,1.0,1.0,0.0,0.0,0.3333333333333333,0.5773502691896258,1.0,1.0,0.5714285714285714,0.534522483824846,4.0,1.0,0.5714285714285714,0.5135525910130974,8.0,1.0,0.5,0.5773502691896298,14.0,2.0,0.75,1.082925331095027,42.0,5.0,0.9047619047619048,1.1044166275486655,76.0,5.0,0.0,-1.0,0.0,1319,0.3661865049279757,0.15921152388172857,0.3199393479909022,0.24791508718726307,0.15466262319939347,0.3009855951478393,43.28363914373089,5.3570887035633055
2024-06-20,0,0,0,0,0,0,0,0,0,0,0,0,2024,6,20,3,172,25,2,0,0,0,0.43388373911755823,-0.900968867902419,0.1797665857255624,-0.9837092937736097,0.12053668025532308,-0.992708874098054,1.2246467991473532e-16,-1.0,0.0,0.0,1.0,1.0,1.0,1.0,0.0,0.0,0.0,0.0,0.42857142857142855,0.5345224838248454,3.0,1.0,0.5,0.5188745216627727,7.0,1.0,0.4642857142857143,0.5762035942360885,13.0,2.0,0.7321428571428571,1.0869652738213433,41.0,5.0,0.8690476190476191,1.0841660156601185,73.0,5.0,0.0,-1.0,-1.0,1319,0.3661865049279757,0.15921152388172857,0.3199393479909022,0.24791508718726307,0.15466262319939347,0.3009855951478393,43.28363914373089,5.3570887035633055
2024-06-21,4,2,0,2,0,2,0,2,8,0,0,2,2024,6,21,4,173,25,2,0,0,1,-0.433883739117558,-0.9009688679024191,0.16280701293851715,-0.986657932891657,0.12053668025532308,-0.992708874098054,1.2246467991473532e-16,-1.0,0.0,0.0,0.0,1.0,1.0,0.0,1.3333333333333333,2.309401076758504,4.0,4.0,0.8571428571428571,1.4638501094227994,6.0,4.0,0.7142857142857143,1.0690449676496985,10.0,4.0,0.6071428571428571,0.8751417118804362,17.0,4.0,0.7857142857142857,1.1710800875382403,44.0,5.0,0.9047619047619048,1.1366728833892685,76.0,5.0,4.0,3.0,4.0,1319,0.3661865049279757,0.15921152388172857,0.3199393479909022,0.24791508718726307,0.15466262319939347,0.3009855951478393,43.28363914373089,5.3570887035633055
2024-06-22,1,1,0,0,0,0,0,0,2,0,0,0,2024,6,22,5,174,25,2,1,0,0,-0.9749279121818236,-0.2225209339563146,0.1457991969198751,-0.9893142039703663,0.12053668025532308,-0.992708874098054,1.2246467991473532e-16,-1.0,4.0,0.0,0.0,0.0,0.0,0.0,1.6666666666666667,2.081665999466134,5.0,4.0,1.0,1.414213562373095,7.0,4.0,0.7857142857142857,1.0509022810878308,11.0,4.0,0.6428571428571429,0.8698354767504951,18.0,4.0,0.8035714285714286,1.1664965862420202,45.0,5.0,0.9047619047619048,1.1366728833892685,76.0,5.0,-3.0,1.0,1.0,1319,0.3661865049279757,0.15921152388172857,0.3199393479909022,0.24791508718726307,0.15466262319939347,0.3009855951478393,43.28363914373089,5.3570887035633055
2024-06-23,1,0,1,0,0,1,0,1,2,0,0,1,2024,6,23,6,175,25,2,1,0,0,-0.7818314824680299,0.6234898018587334,0.12874817745258132,-0.99167731989929,0.12053668025532308,-0.992708874098054,1.2246467991473532e-16,-1.0,1.0,4.0,0.0,1.0,0.0,0.0,2.0,1.7320508075688794,6.0,4.0,1.0,1.414213562373095,7.0,4.0,0.8571428571428571,1.027105182026192,12.0,4.0,0.6785714285714286,0.8629652337776993,19.0,4.0,0.8214285714285714,1.161615534224061,46.0,5.0,0.8809523809523809,1.1129550581944128,74.0,5.0,0.0,0.0,1.0,1319,0.3661865049279757,0.15921152388172857,0.3199393479909022,0.24791508718726307,0.15466262319939347,0.3009855951478393,43.28363914373089,5.3570887035633055
2024-06-24,2,0,0,2,0,0,0,0,4,0,0,0,2024,6,24,0,176,26,2,0,1,0,0.0,1.0,0.11165900712169512,-0.993746580436178,-3.216245299353273e-16,-1.0,1.2246467991473532e-16,-1.0,1.0,1.0,4.0,1.0,0.0,1.0,1.3333333333333333,0.5773502691896291,4.0,2.0,1.1428571428571428,1.4638501094227998,8.0,4.0,1.0,1.0377490433255425,14.0,4.0,0.7142857142857143,0.8967902788460681,20.0,4.0,0.8214285714285714,1.161615534224061,46.0,5.0,0.8928571428571429,1.1195723919388774,75.0,5.0,1.0,1.0,1.0,1319,0.3661865049279757,0.15921152388172857,0.3199393479909022,0.24791508718726307,0.15466262319939347,0.3009855951478393,43.28363914373089,5.3570887035633055
2024-06-25,2,1,0,0,0,0,0,0,4,0,0,0,2024,6,25,1,177,26,2,0,0,0,0.7818314824680298,0.6234898018587336,0.09453674981719912,-0.9955213724144752,-3.216245299353273e-16,-1.0,1.2246467991473532e-16,-1.0,2.0,1.0,1.0,0.0,1.0,0.0,1.6666666666666667,0.5773502691896305,5.0,2.0,1.4285714285714286,1.3972762620115444,10.0,4.0,1.0714285714285714,1.071611705960536,15.0,4.0,0.7857142857142857,0.9172076325837272,22.0,4.0,0.8571428571428571,1.1666357447973905,48.0,5.0,0.9166666666666666,1.12162031388258,77.0,5.0,0.0,2.0,2.0,1319,0.3661865049279757,0.15921152388172857,0.3199393479909022,0.24791508718726307,0.15466262319939347,0.3009855951478393,43.28363914373089,5.3570887035633055
2024-06-26,2,1,0,2,0,0,0,0,4,0,0,0,2024,6,26,2,178,26,2,0,0,0,0.9749279121818236,-0.22252093395631434,0.07738647923346301,-0.9970011699250151,-3.216245299353273e-16,-1.0,1.2246467991473532e-16,-1.0,2.0,2.0,1.0,0.0,1.0,2.0,2.0,0.0,6.0,2.0,1.7142857142857142,1.2535663410560187,12.0,4.0,1.1428571428571428,1.0994504121565514,16.0,4.0,0.7857142857142857,0.9172076325837272,22.0,4.0,0.8571428571428571,1.1666357447973905,48.0,5.0,0.9404761904761905,1.1231538048307523,79.0,5.0,0.0,2.0,0.0,1319,0.3661865049279757,0.15921152388172857,0.3199393479909022,0.24791508718726307,0.15466262319939347,0.3009855951478393,43.28363914373089,5.3570887035633055
2024-06-27,1,1,0,1,0,0,0,0,2,0,0,0,2024,6,27,3,179,26,2,0,0,0,0.43388373911755823,-0.900968867902419,0.06021327736579302,-0.9981855344718586,-3.216245299353273e-16,-1.0,1.2246467991473532e-16,-1.0,2.0,2.0,2.0,0.0,1.0,0.0,1.6666666666666667,0.5773502691896305,5.0,2.0,1.8571428571428572,1.0690449676496994,13.0,4.0,1.1428571428571428,1.0994504121565514,16.0,4.0,0.8214285714285714,0.9048663264720778,23.0,4.0,0.8035714285714286,1.0857698208626472,45.0,5.0,0.9404761904761905,1.1231538048307523,79.0,5.0,-1.0,1.0,1.0,1319,0.3661865049279757,0.15921152388172857,0.3199393479909022,0.24791508718726307,0.15466262319939347,0.3009855951478393,43.28363914373089,5.3570887035633055
2024-06-28,0,0,0,0,0,0,0,0,0,0,0,0,2024,6,28,4,180,26,2,0,0,1,-0.433883739117558,-0.9009688679024191,0.04302223300453059,-0.99907411510223,-3.216245299353273e-16,-1.0,1.2246467991473532e-16,-1.0,1.0,2.0,2.0,4.0,1.0,1.0,1.0,1.0000000000000009,3.0,2.0,1.2857142857142858,0.7559289460184551,9.0,2.0,1.0714285714285714,1.1411388181101385,15.0,4.0,0.7857142857142857,0.9172076325837272,22.0,4.0,0.8035714285714286,1.0857698208626472,45.0,5.0,0.9285714285714286,1.1278053566761124,78.0,5.0,-1.0,-4.0,-1.0,1319,0.3661865049279757,0.15921152388172857,0.3199393479909022,0.24791508718726307,0.15466262319939347,0.3009855951478393,43.28363914373089,5.3570887035633055
2024-06-29,0,0,0,0,0,0,0,0,0,0,0,0,2024,6,29,5,181,26,2,1,0,0,-0.9749279121818236,-0.2225209339563146,0.02581844022713308,-0.9996666485105112,-3.216245299353273e-16,-1.0,1.2246467991473532e-16,-1.0,0.0,1.0,2.0,1.0,0.0,1.0,0.3333333333333333,0.5773502691896244,1.0,1.0,1.1428571428571428,0.8997354108424375,8.0,2.0,1.0714285714285714,1.1411388181101385,15.0,4.0,0.75,0.9279607271383393,21.0,4.0,0.8035714285714286,1.0857698208626472,45.0,5.0,0.9047619047619048,1.1260234714650956,76.0,5.0,0.0,-1.0,-1.0,1319,0.3661865049279757,0.15921152388172857,0.3199393479909022,0.24791508718726307,0.15466262319939347,0.3009855951478393,43.28363914373089,5.3570887035633055
2024-06-30,0,0,0,0,0,0,0,0,0,0,0,0,2024,6,30,6,182,26,2,1,0,0,-0.7818314824680299,0.6234898018587334,0.008606996888688698,-0.9999629591162655,-3.216245299353273e-16,-1.0,1.2246467991473532e-16,-1.0,0.0,0.0,1.0,1.0,1.0,0.0,0.0,0.0,0.0,0.0,1.0,0.9999999999999998,7.0,2.0,1.0,1.176696810829105,14.0,4.0,0.75,0.9279607271383393,21.0,4.0,0.7857142857142857,1.0906926192151438,44.0,5.0,0.9047619047619048,1.1260234714650956,76.0,5.0,0.0,-1.0,0.0,1319,0.3661865049279757,0.15921152388172857,0.3199393479909022,0.24791508718726307,0.15466262319939347,0.3009855951478393,43.28363914373089,5.3570887035633055
2024-07-01,3,0,0,0,0,0,0,0,6,0,0,0,2024,7,1,0,183,27,3,0,1,0,0.0,1.0,-0.008606996888688009,-0.9999629591162655,-0.12053668025532283,-0.992708874098054,-0.4999999999999997,-0.8660254037844388,0.0,0.0,0.0,2.0,1.0,0.0,1.0,1.7320508075688779,3.0,3.0,1.1428571428571428,1.2149857925879117,8.0,3.0,1.1428571428571428,1.2924123453177288,16.0,4.0,0.8571428571428571,1.0079052613579413,24.0,4.0,0.8392857142857143,1.1245489716372474,47.0,5.0,0.9166666666666666,1.142901964123955,77.0,5.0,3.0,1.0,3.0,1319,0.3661865049279757,0.15921152388172857,0.3199393479909022,0.24791508718726307,0.15466262319939347,0.3009855951478393,43.28363914373089,5.3570887035633055
2024-07-02,1,0,0,0,0,0,0,0,2,0,0,1,2024,7,2,1,184,27,3,0,0,0,0.7818314824680298,0.6234898018587336,-0.02581844022713239,-0.9996666485105112,-0.12053668025532283,-0.992708874098054,-0.4999999999999997,-0.8660254037844388,3.0,0.0,0.0,2.0,0.0,0.0,1.3333333333333333,1.527525231651948,4.0,3.0,1.0,1.1547005383792512,7.0,3.0,1.2142857142857142,1.2513728724621083,17.0,4.0,0.8928571428571429,0.994029797388007,25.0,4.0,0.8571428571428571,1.118904844903289,48.0,5.0,0.9285714285714286,1.138438100245025,78.0,5.0,-2.0,-1.0,1.0,1319,0.3661865049279757,0.15921152388172857,0.3199393479909022,0.24791508718726307,0.15466262319939347,0.3009855951478393,43.28363914373089,5.3570887035633055
2024-07-03,0,0,0,0,0,0,0,0,0,0,0,0,2024,7,3,2,185,27,3,0,0,0,0.9749279121818236,-0.22252093395631434,-0.04302223300453034,-0.99907411510223,-0.12053668025532283,-0.992708874098054,-0.4999999999999997,-0.8660254037844388,1.0,3.0,0.0,2.0,0.0,0.0,1.3333333333333333,1.527525231651948,4.0,3.0,0.7142857142857143,1.1126972805283726,5.0,3.0,1.2142857142857142,1.2513728724621083,17.0,4.0,0.8928571428571429,0.994029797388007,25.0,4.0,0.8392857142857143,1.1245489716372474,47.0,5.0,0.9285714285714286,1.138438100245025,78.0,5.0,-1.0,-2.0,0.0,1319,0.3661865049279757,0.15921152388172857,0.3199393479909022,0.24791508718726307,0.15466262319939347,0.3009855951478393,43.28363914373089,5.3570887035633055
2024-07-04,0,0,0,0,0,0,0,0,0,0,0,0,2024,7,4,3,186,27,3,0,0,0,0.43388373911755823,-0.900968867902419,-0.060213277365792774,-0.9981855344718586,-0.12053668025532283,-0.992708874098054,-0.4999999999999997,-0.8660254037844388,0.0,1.0,3.0,1.0,0.0,1.0,0.3333333333333333,0.5773502691896251,1.0,1.0,0.5714285714285714,1.1338934190276804,4.0,3.0,1.2142857142857142,1.2513728724621083,17.0,4.0,0.8571428571428571,1.0079052613579413,24.0,4.0,0.8214285714285714,1.1298775936460452,46.0,5.0,0.9285714285714286,1.138438100245025,78.0,5.0,0.0,-1.0,-1.0,1319,0.3661865049279757,0.15921152388172857,0.3199393479909022,0.24791508718726307,0.15466262319939347,0.3009855951478393,43.28363914373089,5.3570887035633055
2024-07-05,0,0,0,0,0,0,0,0,0,0,0,0,2024,7,5,4,187,27,3,0,0,1,-0.433883739117558,-0.9009688679024191,-0.07738647923346322,-0.9970011699250151,-0.12053668025532283,-0.992708874098054,-0.4999999999999997,-0.8660254037844388,0.0,0.0,1.0,0.0,4.0,1.0,0.0,0.0,0.0,0.0,0.5714285714285714,1.1338934190276804,4.0,3.0,0.9285714285714286,0.9972489631508755,13.0,3.0,0.8214285714285714,1.0202966681339771,23.0,4.0,0.7857142857142857,1.1235380110782474,44.0,5.0,0.8928571428571429,1.1195723919388774,75.0,5.0,0.0,0.0,-1.0,1319,0.3661865049279757,0.15921152388172857,0.3199393479909022,0.24791508718726307,0.15466262319939347,0.3009855951478393,43.28363914373089,5.3570887035633055
2024-07-06,0,0,0,0,0,0,0,0,0,0,0,0,2024,7,6,5,188,27,3,1,0,0,-0.9749279121818236,-0.2225209339563146,-0.09453674981719933,-0.9955213724144752,-0.12053668025532283,-0.992708874098054,-0.4999999999999997,-0.8660254037844388,0.0,0.0,0.0,0.0,1.0,0.0,0.0,0.0,0.0,0.0,0.5714285714285714,1.1338934190276804,4.0,3.0,0.8571428571428571,1.0271051820261918,12.0,3.0,0.8214285714285714,1.0202966681339771,23.0,4.0,0.7321428571428571,1.0869652738213433,41.0,5.0,0.8809523809523809,1.123728324419518,74.0,5.0,0.0,0.0,0.0,1319,0.3661865049279757,0.15921152388172857,0.3199393479909022,0.24791508718726307,0.15466262319939347,0.3009855951478393,43.28363914373089,5.3570887035633055
2024-07-07,0,0,0,0,0,0,0,0,0,0,0,0,2024,7,7,6,189,27,3,1,0,0,-0.7818314824680299,0.6234898018587334,-0.11165900712169444,-0.9937465804361781,-0.12053668025532283,-0.992708874098054,-0.4999999999999997,-0.8660254037844388,0.0,0.0,0.0,0.0,1.0,0.0,0.0,0.0,0.0,0.0,0.5714285714285714,1.1338934190276804,4.0,3.0,0.7857142857142857,1.0509022810878308,11.0,3.0,0.8214285714285714,1.0202966681339771,23.0,4.0,0.7321428571428571,1.0869652738213433,41.0,5.0,0.8571428571428571,1.1209167627368728,72.0,5.0,0.0,0.0,0.0,1319,0.3661865049279757,0.15921152388172857,0.3199393479909022,0.24791508718726307,0.15466262319939347,0.3009855951478393,43.28363914373089,5.3570887035633055
2024-07-08,0,0,0,0,0,0,0,0,0,0,0,0,2024,7,8,0,190,28,3,0,1,0,0.0,1.0,-0.12874817745258066,-0.99167731989929,-0.23931566428755743,-0.9709418174260521,-0.4999999999999997,-0.8660254037844388,0.0,0.0,0.0,3.0,2.0,0.0,0.0,0.0,0.0,0.0,0.14285714285714285,0.3779644730092199,1.0,1.0,0.6428571428571429,1.0082080720186277,9.0,3.0,0.8214285714285714,1.0202966681339771,23.0,4.0,0.7321428571428571,1.0869652738213433,41.0,5.0,0.8214285714285714,1.0994052530796552,69.0,5.0,0.0,-3.0,0.0,1319,0.3661865049279757,0.15921152388172857,0.3199393479909022,0.24791508718726307,0.15466262319939347,0.3009855951478393,43.28363914373089,5.3570887035633055
2024-07-09,1,0,1,0,0,1,0,1,2,0,0,0,2024,7,9,1,191,28,3,0,0,0,0.7818314824680298,0.6234898018587336,-0.14579919691987442,-0.9893142039703664,-0.23931566428755743,-0.9709418174260521,-0.4999999999999997,-0.8660254037844388,0.0,0.0,0.0,1.0,2.0,1.0,0.3333333333333333,0.5773502691896251,1.0,1.0,0.14285714285714285,0.3779644730092199,1.0,1.0,0.5714285714285714,0.9376144618769919,8.0,3.0,0.8214285714285714,1.0202966681339771,23.0,4.0,0.6607142857142857,0.9200155278192715,37.0,4.0,0.8095238095238095,1.0918779056616454,68.0,5.0,1.0,0.0,0.0,1319,0.3661865049279757,0.15921152388172857,0.3199393479909022,0.24791508718726307,0.15466262319939347,0.3009855951478393,43.28363914373089,5.3570887035633055
2024-07-10,0,0,0,0,0,0,0,0,0,0,0,0,2024,7,10,2,192,28,3,0,0,0,0.9749279121818236,-0.22252093395631434,-0.16280701293851646,-0.9866579328916572,-0.23931566428755743,-0.9709418174260521,-0.4999999999999997,-0.8660254037844388,1.0,0.0,0.0,0.0,2.0,1.0,0.3333333333333333,0.5773502691896251,1.0,1.0,0.14285714285714285,0.3779644730092199,1.0,1.0,0.42857142857142855,0.8516306272526414,6.0,3.0,0.7857142857142857,1.0312575156051313,22.0,4.0,0.6607142857142857,0.9200155278192715,37.0,4.0,0.8095238095238095,1.0918779056616454,68.0,5.0,-1.0,0.0,-1.0,1319,0.3661865049279757,0.15921152388172857,0.3199393479909022,0.24791508718726307,0.15466262319939347,0.3009855951478393,43.28363914373089,5.3570887035633055
2024-07-11,0,0,0,0,0,0,0,0,0,0,0,0,2024,7,11,3,193,28,3,0,0,0,0.43388373911755823,-0.900968867902419,-0.17976658572556214,-0.9837092937736098,-0.23931566428755743,-0.9709418174260521,-0.4999999999999997,-0.8660254037844388,0.0,1.0,0.0,0.0,1.0,1.0,0.3333333333333333,0.5773502691896251,1.0,1.0,0.14285714285714285,0.3779644730092199,1.0,1.0,0.35714285714285715,0.8418973861410967,5.0,3.0,0.75,1.0408329997330685,21.0,4.0,0.6607142857142857,0.9200155278192715,37.0,4.0,0.8095238095238095,1.0918779056616454,68.0,5.0,0.0,0.0,-1.0,1319,0.3661865049279757,0.15921152388172857,0.3199393479909022,0.24791508718726307,0.15466262319939347,0.3009855951478393,43.28363914373089,5.3570887035633055
2024-07-12,0,0,0,0,0,0,0,0,0,0,0,0,2024,7,12,4,194,28,3,0,0,1,-0.433883739117558,-0.9009688679024191,-0.19667288979357622,-0.9804691603616321,-0.23931566428755743,-0.9709418174260521,-0.4999999999999997,-0.8660254037844388,0.0,0.0,1.0,0.0,0.0,1.0,0.0,0.0,0.0,0.0,0.14285714285714285,0.3779644730092199,1.0,1.0,0.35714285714285715,0.8418973861410967,5.0,3.0,0.7142857142857143,1.0490610566259264,20.0,4.0,0.6607142857142857,0.9200155278192715,37.0,4.0,0.7976190476190477,1.0952225048155761,67.0,5.0,0.0,0.0,-1.0,1319,0.3661865049279757,0.15921152388172857,0.3199393479909022,0.24791508718726307,0.15466262319939347,0.3009855951478393,43.28363914373089,5.3570887035633055
2024-07-13,3,1,2,1,0,3,0,1,6,0,0,2,2024,7,13,5,195,28,3,1,0,0,-0.9749279121818236,-0.2225209339563146,-0.2135209154397959,-0.9769384927771817,-0.23931566428755743,-0.9709418174260521,-0.4999999999999997,-0.8660254037844388,0.0,0.0,0.0,0.0,0.0,0.0,1.0,1.732050807568878,3.0,3.0,0.5714285714285714,1.1338934190276804,4.0,3.0,0.5714285714285714,1.0894095588038453,8.0,3.0,0.8214285714285714,1.1239339452243258,23.0,4.0,0.7142857142857143,0.966987556830457,40.0,4.0,0.8214285714285714,1.1211086841084936,69.0,5.0,3.0,3.0,3.0,1319,0.3661865049279757,0.15921152388172857,0.3199393479909022,0.24791508718726307,0.15466262319939347,0.3009855951478393,43.28363914373089,5.3570887035633055
2024-07-14,1,0,0,0,0,0,0,0,2,0,0,0,2024,7,14,6,196,28,3,1,0,0,-0.7818314824680299,0.6234898018587334,-0.23030567023061196,-0.973118337233262,-0.23931566428755743,-0.9709418174260521,-0.4999999999999997,-0.8660254037844388,3.0,0.0,0.0,0.0,0.0,1.0,1.3333333333333333,1.527525231651948,4.0,3.0,0.7142857142857143,1.1126972805283726,5.0,3.0,0.6428571428571429,1.0818177620697824,9.0,3.0,0.8214285714285714,1.1239339452243258,23.0,4.0,0.6964285714285714,0.9519290053196364,39.0,4.0,0.7976190476190477,1.0952225048155761,67.0,5.0,-2.0,1.0,0.0,1319,0.3661865049279757,0.15921152388172857,0.3199393479909022,0.24791508718726307,0.15466262319939347,0.3009855951478393,43.28363914373089,5.3570887035633055
2024-07-15,1,0,0,1,0,0,0,0,2,0,0,0,2024,7,15,0,197,29,3,0,1,0,0.0,1.0,-0.24702218048093527,-0.9690098257244063,-0.3546048870425356,-0.9350162426854148,-0.4999999999999997,-0.8660254037844388,1.0,3.0,0.0,0.0,3.0,1.0,1.6666666666666667,1.154700538379254,5.0,3.0,0.8571428571428571,1.0690449676496967,6.0,3.0,0.5,0.8548504142651115,7.0,3.0,0.8214285714285714,1.1239339452243258,23.0,4.0,0.7142857142857143,0.9479985752633281,40.0,4.0,0.8095238095238095,1.0918779056616454,68.0,5.0,0.0,1.0,0.0,1319,0.3661865049279757,0.15921152388172857,0.3199393479909022,0.24791508718726307,0.15466262319939347,0.3009855951478393,43.28363914373089,5.3570887035633055
2024-07-16,0,0,0,0,0,0,0,0,0,0,0,0,2024,7,16,1,198,29,3,0,0,0,0.7818314824680298,0.6234898018587336,-0.2636654927280072,-0.9646141756912435,-0.3546048870425356,-0.9350162426854148,-0.4999999999999997,-0.8660254037844388,1.0,1.0,3.0,1.0,1.0,0.0,0.6666666666666666,0.5773502691896268,2.0,1.0,0.7142857142857143,1.1126972805283726,5.0,3.0,0.42857142857142855,0.8516306272526414,6.0,3.0,0.8214285714285714,1.1239339452243258,23.0,4.0,0.6607142857142857,0.9000360743131002,37.0,4.0,0.7976190476190477,1.0952225048155761,67.0,5.0,-1.0,-1.0,0.0,1319,0.3661865049279757,0.15921152388172857,0.3199393479909022,0.24791508718726307,0.15466262319939347,0.3009855951478393,43.28363914373089,5.3570887035633055
2024-07-17,1,0,0,0,0,0,0,0,2,0,0,0,2024,7,17,2,199,29,3,0,0,0,0.9749279121818236,-0.22252093395631434,-0.2802306751992161,-0.9599326896597445,-0.3546048870425356,-0.9350162426854148,-0.4999999999999997,-0.8660254037844388,0.0,1.0,1.0,0.0,0.0,0.0,0.6666666666666666,0.5773502691896268,2.0,1.0,0.8571428571428571,1.0690449676496967,6.0,3.0,0.5,0.8548504142651115,7.0,3.0,0.8571428571428571,1.1126972805283755,24.0,4.0,0.6785714285714286,0.8966025339558802,38.0,4.0,0.7857142857142857,1.087402437905183,66.0,5.0,1.0,1.0,1.0,1319,0.3661865049279757,0.15921152388172857,0.3199393479909022,0.24791508718726307,0.15466262319939347,0.3009855951478393,43.28363914373089,5.3570887035633055
2024-07-18,2,2,0,2,0,0,0,0,4,0,0,0,2024,7,18,3,200,29,3,0,0,0,0.43388373911755823,-0.900968867902419,-0.2967128192734901,-0.9549667548552553,-0.3546048870425356,-0.9350162426854148,-0.4999999999999997,-0.8660254037844388,1.0,0.0,1.0,0.0,0.0,0.0,1.0,1.0000000000000013,3.0,2.0,1.1428571428571428,1.0690449676496976,8.0,3.0,0.6428571428571429,0.928782731664066,9.0,3.0,0.9285714285714286,1.1198072396480825,26.0,4.0,0.6964285714285714,0.9129302045838771,39.0,4.0,0.7976190476190477,1.0952225048155761,67.0,5.0,1.0,2.0,2.0,1319,0.3661865049279757,0.15921152388172857,0.3199393479909022,0.24791508718726307,0.15466262319939347,0.3009855951478393,43.28363914373089,5.3570887035633055
2024-07-19,0,0,0,0,0,0,0,0,0,0,0,0,2024,7,19,4,201,29,3,0,0,1,-0.433883739117558,-0.9009688679024191,-0.3131070409358267,-0.9497178427914317,-0.3546048870425356,-0.9350162426854148,-0.4999999999999997,-0.8660254037844388,2.0,1.0,0.0,0.0,0.0,4.0,1.0,1.0000000000000013,3.0,2.0,1.1428571428571428,1.0690449676496976,8.0,3.0,0.6428571428571429,0.928782731664066,9.0,3.0,0.7857142857142857,0.956736074026646,22.0,3.0,0.6964285714285714,0.9129302045838771,39.0,4.0,0.7857142857142857,1.0984263505143639,66.0,5.0,-2.0,0.0,-4.0,1319,0.3661865049279757,0.15921152388172857,0.3199393479909022,0.24791508718726307,0.15466262319939347,0.3009855951478393,43.28363914373089,5.3570887035633055
2024-07-20,0,0,0,0,0,0,0,0,0,0,0,0,2024,7,20,5,202,29,3,1,0,0,-0.9749279121818236,-0.2225209339563146,-0.3294084822245302,-0.9441875088341994,-0.3546048870425356,-0.9350162426854148,-0.4999999999999997,-0.8660254037844388,0.0,2.0,1.0,3.0,0.0,1.0,0.6666666666666666,1.154700538379252,2.0,2.0,0.7142857142857143,0.7559289460184528,5.0,2.0,0.6428571428571429,0.928782731664066,9.0,3.0,0.75,0.9670497325294029,21.0,3.0,0.6964285714285714,0.9129302045838771,39.0,4.0,0.7857142857142857,1.0984263505143639,66.0,5.0,0.0,-3.0,-1.0,1319,0.3661865049279757,0.15921152388172857,0.3199393479909022,0.24791508718726307,0.15466262319939347,0.3009855951478393,43.28363914373089,5.3570887035633055
2024-07-21,0,0,0,0,0,0,0,0,0,0,0,0,2024,7,21,6,203,29,3,1,0,0,-0.7818314824680299,0.6234898018587334,-0.3456123126707333,-0.9383773917408642,-0.3546048870425356,-0.9350162426854148,-0.4999999999999997,-0.8660254037844388,0.0,0.0,2.0,1.0,0.0,1.0,0.0,0.0,0.0,0.0,0.5714285714285714,0.7867957924694411,4.0,2.0,0.6428571428571429,0.928782731664066,9.0,3.0,0.7142857142857143,0.9759000729485355,20.0,3.0,0.6964285714285714,0.9129302045838771,39.0,4.0,0.7857142857142857,1.0984263505143639,66.0,5.0,0.0,-1.0,-1.0,1319,0.3661865049279757,0.15921152388172857,0.3199393479909022,0.24791508718726307,0.15466262319939347,0.3009855951478393,43.28363914373089,5.3570887035633055
2024-07-22,0,0,0,0,0,0,0,0,0,0,0,0,2024,7,22,0,204,30,3,0,1,0,0.0,1.0,-0.3617137307297674,-0.9322892131745134,-0.46472317204376806,-0.8854560256532101,-0.4999999999999997,-0.8660254037844388,0.0,0.0,0.0,1.0,0.0,2.0,0.0,0.0,0.0,0.0,0.42857142857142855,0.7867957924694405,3.0,2.0,0.6428571428571429,0.928782731664066,9.0,3.0,0.6428571428571429,0.9511897312113443,18.0,3.0,0.6785714285714286,0.916656827967665,38.0,4.0,0.7619047619047619,1.093453109037511,64.0,5.0,0.0,-1.0,-2.0,1319,0.3661865049279757,0.15921152388172857,0.3199393479909022,0.24791508718726307,0.15466262319939347,0.3009855951478393,43.28363914373089,5.3570887035633055
2024-07-23,0,0,0,0,0,0,0,0,0,0,0,0,2024,7,23,1,205,30,3,0,0,0,0.7818314824680298,0.6234898018587336,-0.37770796520396466,-0.9259247771938499,-0.46472317204376806,-0.8854560256532101,-0.4999999999999997,-0.8660254037844388,0.0,0.0,0.0,0.0,1.0,2.0,0.0,0.0,0.0,0.0,0.42857142857142855,0.7867957924694405,3.0,2.0,0.5714285714285714,0.9376144618769919,8.0,3.0,0.5714285714285714,0.920087412456475,16.0,3.0,0.6785714285714286,0.916656827967665,38.0,4.0,0.7619047619047619,1.093453109037511,64.0,5.0,0.0,0.0,-2.0,1319,0.3661865049279757,0.15921152388172857,0.3199393479909022,0.24791508718726307,0.15466262319939347,0.3009855951478393,43.28363914373089,5.3570887035633055
2024-07-24,2,2,0,2,0,0,0,0,3,2,2,0,2024,7,24,2,206,30,3,0,0,0,0.9749279121818236,-0.22252093395631434,-0.39359027665646645,-0.9192859697186105,-0.46472317204376806,-0.8854560256532101,-0.4999999999999997,-0.8660254037844388,0.0,0.0,0.0,1.0,0.0,2.0,0.6666666666666666,1.154700538379252,2.0,2.0,0.5714285714285714,0.9759000729485316,4.0,2.0,0.7142857142857143,0.9944903161976947,10.0,3.0,0.5714285714285714,0.920087412456475,16.0,3.0,0.6785714285714286,0.916656827967665,38.0,4.0,0.7619047619047619,1.093453109037511,64.0,5.0,2.0,1.0,0.0,1319,0.3661865049279757,0.15921152388172857,0.3199393479909022,0.24791508718726307,0.15466262319939347,0.3009855951478393,43.28363914373089,5.3570887035633055
2024-07-25,1,1,0,1,0,0,0,0,2,0,0,0,2024,7,25,3,207,30,3,0,0,0,0.43388373911755823,-0.900968867902419,-0.4093559588156211,-0.9123747579707274,-0.46472317204376806,-0.8854560256532101,-0.4999999999999997,-0.8660254037844388,2.0,0.0,0.0,2.0,0.0,1.0,1.0,1.000000000000001,3.0,2.0,0.42857142857142855,0.7867957924694406,3.0,2.0,0.7857142857142857,0.9749612559222302,11.0,3.0,0.5714285714285714,0.920087412456475,16.0,3.0,0.6964285714285714,0.9129302045838771,39.0,4.0,0.7261904761904762,1.0337811107620638,61.0,5.0,-1.0,-1.0,0.0,1319,0.3661865049279757,0.15921152388172857,0.3199393479909022,0.24791508718726307,0.15466262319939347,0.3009855951478393,43.28363914373089,5.3570887035633055
2024-07-26,0,0,0,0,0,0,0,0,0,0,0,0,2024,7,26,4,208,30,3,0,0,1,-0.433883739117558,-0.9009688679024191,-0.42500033996955394,-0.9051931898913975,-0.46472317204376806,-0.8854560256532101,-0.4999999999999997,-0.8660254037844388,1.0,2.0,0.0,0.0,0.0,0.0,1.0,1.000000000000001,3.0,2.0,0.42857142857142855,0.7867957924694406,3.0,2.0,0.7857142857142857,0.9749612559222302,11.0,3.0,0.5714285714285714,0.920087412456475,16.0,3.0,0.6785714285714286,0.916656827967665,38.0,4.0,0.7261904761904762,1.0337811107620638,61.0,5.0,-1.0,0.0,0.0,1319,0.3661865049279757,0.15921152388172857,0.3199393479909022,0.24791508718726307,0.15466262319939347,0.3009855951478393,43.28363914373089,5.3570887035633055
2024-07-27,2,2,0,0,0,0,0,0,2,2,2,0,2024,7,27,5,209,30,3,1,0,0,-0.9749279121818236,-0.2225209339563146,-0.4405187843504952,-0.8977433935342336,-0.46472317204376806,-0.8854560256532101,-0.4999999999999997,-0.8660254037844388,0.0,1.0,2.0,0.0,3.0,0.0,1.0,1.000000000000001,3.0,2.0,0.7142857142857143,0.9511897312113406,5.0,2.0,0.7142857142857143,0.8254203058555581,10.0,2.0,0.6428571428571429,0.9511897312113443,18.0,3.0,0.6964285714285714,0.9326334729169847,39.0,4.0,0.75,1.0398679248850886,63.0,5.0,2.0,2.0,2.0,1319,0.3661865049279757,0.15921152388172857,0.3199393479909022,0.24791508718726307,0.15466262319939347,0.3009855951478393,43.28363914373089,5.3570887035633055
2024-07-28,0,0,0,0,0,0,0,0,0,0,0,0,2024,7,28,6,210,30,3,1,0,0,-0.7818314824680299,0.6234898018587334,-0.455906693508459,-0.8900275764346766,-0.46472317204376806,-0.8854560256532101,-0.4999999999999997,-0.8660254037844388,2.0,0.0,1.0,0.0,1.0,0.0,0.6666666666666666,1.154700538379252,2.0,2.0,0.7142857142857143,0.9511897312113406,5.0,2.0,0.6428571428571429,0.8418973861410965,9.0,2.0,0.6428571428571429,0.9511897312113443,18.0,3.0,0.6964285714285714,0.9326334729169847,39.0,4.0,0.7380952380952381,1.042691693034926,62.0,5.0,-2.0,0.0,0.0,1319,0.3661865049279757,0.15921152388172857,0.3199393479909022,0.24791508718726307,0.15466262319939347,0.3009855951478393,43.28363914373089,5.3570887035633055
2024-07-29,2,2,0,2,0,2,0,2,4,0,0,0,2024,7,29,0,211,31,3,0,1,0,0.0,1.0,-0.47115950767386394,-0.8820480249558535,-0.5680647467311556,-0.8229838658936566,-0.4999999999999997,-0.8660254037844388,0.0,2.0,0.0,0.0,1.0,3.0,1.3333333333333333,1.1547005383792532,4.0,2.0,1.0,0.9999999999999996,7.0,2.0,0.7142857142857143,0.9138735334633764,10.0,2.0,0.6071428571428571,0.8751417118804363,17.0,3.0,0.7321428571428571,0.9437078020152302,41.0,4.0,0.7619047619047619,1.0484532223686112,64.0,5.0,2.0,2.0,-1.0,1319,0.3661865049279757,0.15921152388172857,0.3199393479909022,0.24791508718726307,0.15466262319939347,0.3009855951478393,43.28363914373089,5.3570887035633055
2024-07-30,0,0,0,0,0,0,0,0,0,0,0,0,2024,7,30,1,212,31,3,0,0,0,0.7818314824680298,0.6234898018587336,-0.4862727071086902,-0.8738071036110807,-0.5680647467311556,-0.8229838658936566,-0.4999999999999997,-0.8660254037844388,2.0,0.0,2.0,0.0,0.0,1.0,0.6666666666666666,1.154700538379252,2.0,2.0,1.0,0.9999999999999996,7.0,2.0,0.7142857142857143,0.9138735334633765,10.0,2.0,0.5714285714285714,0.8789122666607727,16.0,3.0,0.7321428571428571,0.9437078020152302,41.0,4.0,0.7619047619047619,1.0484532223686112,64.0,5.0,-2.0,0.0,-1.0,1319,0.3661865049279757,0.15921152388172857,0.3199393479909022,0.24791508718726307,0.15466262319939347,0.3009855951478393,43.28363914373089,5.3570887035633055
2024-07-31,0,0,0,0,0,0,0,0,0,0,0,0,2024,7,31,2,213,31,3,0,0,0,0.9749279121818236,-0.22252093395631434,-0.5012418134457756,-0.8653072543632061,-0.5680647467311556,-0.8229838658936566,-0.4999999999999997,-0.8660254037844388,0.0,2.0,0.0,2.0,1.0,0.0,0.6666666666666666,1.154700538379252,2.0,2.0,0.7142857142857143,0.9511897312113406,5.0,2.0,0.6428571428571429,0.9287827316640661,9.0,2.0,0.5714285714285714,0.8789122666607727,16.0,3.0,0.7321428571428571,0.9437078020152302,41.0,4.0,0.75,1.0513903588805582,63.0,5.0,0.0,-2.0,0.0,1319,0.3661865049279757,0.15921152388172857,0.3199393479909022,0.24791508718726307,0.15466262319939347,0.3009855951478393,43.28363914373089,5.3570887035633055
2024-08-01,3,1,0,2,0,1,0,1,6,0,0,0,2024,8,1,3,214,31,3,0,0,0,0.43388373911755823,-0.900968867902419,-0.5160623910158526,-0.8565509959010037,-0.5680647467311556,-0.8229838658936566,-0.8660254037844385,-0.5000000000000004,0.0,0.0,2.0,1.0,2.0,0.0,1.0,1.732050807568878,3.0,3.0,1.0,1.2909944487358054,7.0,3.0,0.7142857142857143,1.0690449676496985,10.0,3.0,0.6785714285714286,0.9833266074561502,19.0,3.0,0.7678571428571429,0.9907035411733967,43.0,4.0,0.7738095238095238,1.079392851160837,65.0,5.0,3.0,2.0,3.0,1319,0.3661865049279757,0.15921152388172857,0.3199393479909022,0.24791508718726307,0.15466262319939347,0.3009855951478393,43.28363914373089,5.3570887035633055
2024-08-02,0,0,0,0,0,0,0,0,0,0,0,0,2024,8,2,4,215,31,3,0,0,1,-0.433883739117558,-0.9009688679024191,-0.5307300481619331,-0.8475409228928312,-0.5680647467311556,-0.8229838658936566,-0.8660254037844385,-0.5000000000000004,3.0,0.0,0.0,0.0,0.0,0.0,1.0,1.732050807568878,3.0,3.0,1.0,1.2909944487358054,7.0,3.0,0.7142857142857143,1.0690449676496985,10.0,3.0,0.6785714285714286,0.9833266074561502,19.0,3.0,0.75,0.995444167650347,42.0,4.0,0.75,1.0740644570189102,63.0,5.0,-3.0,0.0,0.0,1319,0.3661865049279757,0.15921152388172857,0.3199393479909022,0.24791508718726307,0.15466262319939347,0.3009855951478393,43.28363914373089,5.3570887035633055
2024-08-03,0,0,0,0,0,0,0,0,0,0,0,0,2024,8,3,5,216,31,3,1,0,0,-0.9749279121818236,-0.2225209339563146,-0.5452404385406507,-0.8382797052177745,-0.5680647467311556,-0.8229838658936566,-0.8660254037844385,-0.5000000000000004,0.0,3.0,0.0,2.0,0.0,0.0,1.0,1.732050807568878,3.0,3.0,0.7142857142857143,1.2535663410560165,5.0,3.0,0.7142857142857143,1.0690449676496985,10.0,3.0,0.6785714285714286,0.9833266074561502,19.0,3.0,0.75,0.995444167650347,42.0,4.0,0.7142857142857143,1.047905870087836,60.0,5.0,0.0,-2.0,0.0,1319,0.3661865049279757,0.15921152388172857,0.3199393479909022,0.24791508718726307,0.15466262319939347,0.3009855951478393,43.28363914373089,5.3570887035633055
2024-08-04,1,0,0,0,0,0,0,0,2,0,0,0,2024,8,4,6,217,31,3,1,0,0,-0.7818314824680299,0.6234898018587334,-0.5595892624101763,-0.828770087174504,-0.5680647467311556,-0.8229838658936566,-0.8660254037844385,-0.5000000000000004,0.0,0.0,3.0,0.0,0.0,0.0,0.3333333333333333,0.5773502691896248,1.0,1.0,0.8571428571428571,1.2149857925879113,6.0,3.0,0.7857142857142857,1.0509022810878308,11.0,3.0,0.7142857142857143,0.9759000729485356,20.0,3.0,0.7678571428571429,0.9907035411733967,43.0,4.0,0.7261904761904762,1.0453706378651617,61.0,5.0,1.0,1.0,1.0,1319,0.3661865049279757,0.15921152388172857,0.3199393479909022,0.24791508718726307,0.15466262319939347,0.3009855951478393,43.28363914373089,5.3570887035633055
2024-08-05,4,2,0,0,0,2,0,2,7,0,0,0,2024,8,5,0,218,32,3,0,1,0,0.0,1.0,-0.5737722679043243,-0.8190148866680802,-0.663122658240795,-0.7485107481711013,-0.8660254037844385,-0.5000000000000004,1.0,0.0,0.0,2.0,0.0,0.0,1.6666666666666667,2.081665999466134,5.0,4.0,1.1428571428571428,1.6761634196950517,8.0,4.0,1.0714285714285714,1.3280573269766125,15.0,4.0,0.8571428571428571,1.1454995906456347,24.0,4.0,0.8392857142857143,1.0749509200514609,47.0,4.0,0.7738095238095238,1.1014906709643337,65.0,5.0,3.0,2.0,4.0,1319,0.3661865049279757,0.15921152388172857,0.3199393479909022,0.24791508718726307,0.15466262319939347,0.3009855951478393,43.28363914373089,5.3570887035633055
2024-08-06,0,0,0,0,0,0,0,0,0,0,0,0,2024,8,6,1,219,32,3,0,0,0,0.7818314824680298,0.6234898018587336,-0.5877852522924734,-0.8090169943749472,-0.663122658240795,-0.7485107481711013,-0.8660254037844385,-0.5000000000000004,4.0,1.0,0.0,0.0,0.0,1.0,1.6666666666666667,2.081665999466134,5.0,4.0,1.1428571428571428,1.6761634196950517,8.0,4.0,1.0714285714285714,1.3280573269766125,15.0,4.0,0.8214285714285714,1.1564175661505631,23.0,4.0,0.8214285714285714,1.0805241633265168,46.0,4.0,0.7142857142857143,1.0008602152128288,60.0,4.0,-4.0,0.0,-1.0,1319,0.3661865049279757,0.15921152388172857,0.3199393479909022,0.24791508718726307,0.15466262319939347,0.3009855951478393,43.28363914373089,5.3570887035633055
2024-08-07,0,0,0,0,0,0,0,0,0,0,0,0,2024,8,7,2,220,32,3,0,0,0,0.9749279121818236,-0.22252093395631434,-0.6016240632249227,-0.7987793728863648,-0.663122658240795,-0.7485107481711013,-0.8660254037844385,-0.5000000000000004,0.0,4.0,1.0,0.0,2.0,0.0,1.3333333333333333,2.309401076758504,4.0,4.0,1.1428571428571428,1.6761634196950517,8.0,4.0,0.9285714285714286,1.3280573269766125,13.0,4.0,0.8214285714285714,1.1564175661505631,23.0,4.0,0.8035714285714286,1.0857698208626476,45.0,4.0,0.7142857142857143,1.0008602152128288,60.0,4.0,0.0,0.0,0.0,1319,0.3661865049279757,0.15921152388172857,0.3199393479909022,0.24791508718726307,0.15466262319939347,0.3009855951478393,43.28363914373089,5.3570887035633055
2024-08-08,0,0,0,0,0,0,0,0,0,0,0,0,2024,8,8,3,221,32,3,0,0,0,0.43388373911755823,-0.900968867902419,-0.6152845999633277,-0.7883050558305253,-0.663122658240795,-0.7485107481711013,-0.8660254037844385,-0.5000000000000004,0.0,0.0,4.0,3.0,1.0,0.0,0.0,0.0,0.0,0.0,0.7142857142857143,1.4960264830861905,5.0,4.0,0.8571428571428571,1.350620533005413,12.0,4.0,0.8214285714285714,1.1564175661505631,23.0,4.0,0.7857142857142857,1.0906926192151443,44.0,4.0,0.7142857142857143,1.0008602152128288,60.0,4.0,0.0,-3.0,0.0,1319,0.3661865049279757,0.15921152388172857,0.3199393479909022,0.24791508718726307,0.15466262319939347,0.3009855951478393,43.28363914373089,5.3570887035633055
2024-08-09,0,0,0,0,0,0,0,0,0,0,0,0,2024,8,9,4,222,32,3,0,0,1,-0.433883739117558,-0.9009688679024191,-0.6287628145958345,-0.7775971469736268,-0.663122658240795,-0.7485107481711013,-0.8660254037844385,-0.5000000000000004,0.0,0.0,0.0,0.0,0.0,0.0,0.0,0.0,0.0,0.0,0.7142857142857143,1.4960264830861905,5.0,4.0,0.8571428571428571,1.350620533005413,12.0,4.0,0.8214285714285714,1.1564175661505631,23.0,4.0,0.7678571428571429,1.0952969116524187,43.0,4.0,0.7142857142857143,1.0008602152128288,60.0,4.0,0.0,0.0,0.0,1319,0.3661865049279757,0.15921152388172857,0.3199393479909022,0.24791508718726307,0.15466262319939347,0.3009855951478393,43.28363914373089,5.3570887035633055
2024-08-10,1,0,1,0,0,1,0,1,2,0,0,1,2024,8,10,5,223,32,3,1,0,0,-0.9749279121818236,-0.2225209339563146,-0.6420547132365636,-0.7666588193001592,-0.663122658240795,-0.7485107481711013,-0.8660254037844385,-0.5000000000000004,0.0,0.0,0.0,0.0,2.0,3.0,0.3333333333333333,0.5773502691896248,1.0,1.0,0.8571428571428571,1.4638501094227994,6.0,4.0,0.7857142857142857,1.3114039117603018,11.0,4.0,0.75,1.0758287072798403,21.0,4.0,0.7857142857142857,1.0906926192151443,44.0,4.0,0.7261904761904762,0.9982055040631364,61.0,4.0,1.0,1.0,-2.0,1319,0.3661865049279757,0.15921152388172857,0.3199393479909022,0.24791508718726307,0.15466262319939347,0.3009855951478393,43.28363914373089,5.3570887035633055
2024-08-11,0,0,0,0,0,0,0,0,0,0,0,0,2024,8,11,6,224,32,3,1,0,0,-0.7818314824680299,0.6234898018587334,-0.655156357209085,-0.7554933140726804,-0.663122658240795,-0.7485107481711013,-0.8660254037844385,-0.5000000000000004,1.0,0.0,0.0,1.0,0.0,1.0,0.3333333333333333,0.5773502691896248,1.0,1.0,0.7142857142857143,1.4960264830861905,5.0,4.0,0.7857142857142857,1.3114039117603018,11.0,4.0,0.7142857142857143,1.0837911120705777,20.0,4.0,0.7678571428571429,1.0952969116524187,43.0,4.0,0.7023809523809523,0.991284452200773,59.0,4.0,-1.0,-1.0,-1.0,1319,0.3661865049279757,0.15921152388172857,0.3199393479909022,0.24791508718726307,0.15466262319939347,0.3009855951478393,43.28363914373089,5.3570887035633055
2024-08-12,2,0,0,0,0,2,0,1,4,0,0,0,2024,8,12,0,225,33,3,0,1,0,0.0,1.0,-0.6680638642135333,-0.7441039398713608,-0.7485107481711011,-0.6631226582407952,-0.8660254037844385,-0.5000000000000004,0.0,1.0,0.0,4.0,2.0,1.0,1.0,1.000000000000001,3.0,2.0,0.42857142857142855,0.7867957924694405,3.0,2.0,0.7857142857142857,1.3114039117603018,11.0,4.0,0.75,1.109721353079901,21.0,4.0,0.7857142857142857,1.1072371137087251,44.0,4.0,0.7261904761904762,0.9982055040631364,61.0,4.0,2.0,-2.0,1.0,1319,0.3661865049279757,0.15921152388172857,0.3199393479909022,0.24791508718726307,0.15466262319939347,0.3009855951478393,43.28363914373089,5.3570887035633055
2024-08-13,0,0,0,0,0,0,0,0,0,0,0,0,2024,8,13,1,226,33,3,0,0,0,0.7818314824680298,0.6234898018587336,-0.6807734094770159,-0.7324940716135792,-0.7485107481711011,-0.6631226582407952,-0.8660254037844385,-0.5000000000000004,2.0,0.0,1.0,0.0,0.0,0.0,0.6666666666666666,1.1547005383792517,2.0,2.0,0.42857142857142855,0.7867957924694405,3.0,2.0,0.7857142857142857,1.3114039117603018,11.0,4.0,0.75,1.109721353079901,21.0,4.0,0.7857142857142857,1.1072371137087251,44.0,4.0,0.6904761904761905,0.9691157375047056,58.0,4.0,-2.0,0.0,0.0,1319,0.3661865049279757,0.15921152388172857,0.3199393479909022,0.24791508718726307,0.15466262319939347,0.3009855951478393,43.28363914373089,5.3570887035633055
2024-08-14,1,1,0,0,0,0,0,0,2,0,0,0,2024,8,14,2,227,33,3,0,0,0,0.9749279121818236,-0.22252093395631434,-0.6932812268869771,-0.7206671495538615,-0.7485107481711011,-0.6631226582407952,-0.8660254037844385,-0.5000000000000004,0.0,2.0,0.0,0.0,0.0,1.0,1.0,1.000000000000001,3.0,2.0,0.5714285714285714,0.7867957924694411,4.0,2.0,0.8571428571428571,1.2924123453177288,12.0,4.0,0.75,1.109721353079901,21.0,4.0,0.8035714285714286,1.102388198530691,45.0,4.0,0.7023809523809523,0.9666706233721232,59.0,4.0,1.0,1.0,0.0,1319,0.3661865049279757,0.15921152388172857,0.3199393479909022,0.24791508718726307,0.15466262319939347,0.3009855951478393,43.28363914373089,5.3570887035633055
2024-08-15,0,0,0,0,0,0,0,0,0,0,0,0,2024,8,15,3,228,33,3,0,0,0,0.43388373911755823,-0.900968867902419,-0.7055836101071774,-0.70862667826446,-0.7485107481711011,-0.6631226582407952,-0.8660254037844385,-0.5000000000000004,1.0,0.0,2.0,0.0,3.0,2.0,0.3333333333333333,0.5773502691896246,1.0,1.0,0.5714285714285714,0.7867957924694411,4.0,2.0,0.6428571428571429,1.1507283885330308,9.0,4.0,0.6785714285714286,1.090483121902143,19.0,4.0,0.8035714285714286,1.102388198530691,45.0,4.0,0.6904761904761905,0.9691157375047056,58.0,4.0,-1.0,0.0,-2.0,1319,0.3661865049279757,0.15921152388172857,0.3199393479909022,0.24791508718726307,0.15466262319939347,0.3009855951478393,43.28363914373089,5.3570887035633055
2024-08-16,0,0,0,0,0,0,0,0,0,0,0,0,2024,8,16,4,229,33,3,0,0,1,-0.433883739117558,-0.9009688679024191,-0.7176769136759615,-0.6963762255968726,-0.7485107481711011,-0.6631226582407952,-0.8660254037844385,-0.5000000000000004,0.0,1.0,0.0,0.0,0.0,0.0,0.3333333333333333,0.5773502691896246,1.0,1.0,0.5714285714285714,0.7867957924694411,4.0,2.0,0.6428571428571429,1.1507283885330308,9.0,4.0,0.6785714285714286,1.090483121902143,19.0,4.0,0.7321428571428571,1.0178599908823232,41.0,4.0,0.6904761904761905,0.9691157375047056,58.0,4.0,0.0,0.0,0.0,1319,0.3661865049279757,0.15921152388172857,0.3199393479909022,0.24791508718726307,0.15466262319939347,0.3009855951478393,43.28363914373089,5.3570887035633055
2024-08-17,0,0,0,0,0,0,0,0,0,0,0,0,2024,8,17,5,230,33,3,1,0,0,-0.9749279121818236,-0.2225209339563146,-0.7295575540864876,-0.6839194216246105,-0.7485107481711011,-0.6631226582407952,-0.8660254037844385,-0.5000000000000004,0.0,0.0,1.0,1.0,0.0,0.0,0.0,0.0,0.0,0.0,0.42857142857142855,0.7867957924694405,3.0,2.0,0.6428571428571429,1.1507283885330308,9.0,4.0,0.6785714285714286,1.090483121902143,19.0,4.0,0.7142857142857143,1.0218394414759326,40.0,4.0,0.6904761904761905,0.9691157375047056,58.0,4.0,0.0,-1.0,0.0,1319,0.3661865049279757,0.15921152388172857,0.3199393479909022,0.24791508718726307,0.15466262319939347,0.3009855951478393,43.28363914373089,5.3570887035633055
2024-08-18,0,0,0,0,0,0,0,0,0,0,0,0,2024,8,18,6,231,33,3,1,0,0,-0.7818314824680299,0.6234898018587334,-0.7412220108485957,-0.6712599575675315,-0.7485107481711011,-0.6631226582407952,-0.8660254037844385,-0.5000000000000004,0.0,0.0,0.0,0.0,1.0,0.0,0.0,0.0,0.0,0.0,0.42857142857142855,0.7867957924694405,3.0,2.0,0.5714285714285714,1.1578684470436797,8.0,4.0,0.6785714285714286,1.090483121902143,19.0,4.0,0.6964285714285714,1.0254868973435878,39.0,4.0,0.6904761904761905,0.9691157375047056,58.0,4.0,0.0,0.0,0.0,1319,0.3661865049279757,0.15921152388172857,0.3199393479909022,0.24791508718726307,0.15466262319939347,0.3009855951478393,43.28363914373089,5.3570887035633055
2024-08-19,2,0,0,1,0,0,0,0,3,0,0,0,2024,8,19,0,232,34,3,0,1,0,0.0,1.0,-0.7526668275320083,-0.6584015846980489,-0.8229838658936564,-0.5680647467311559,-0.8660254037844385,-0.5000000000000004,0.0,0.0,0.0,2.0,4.0,0.0,0.6666666666666666,1.1547005383792517,2.0,2.0,0.42857142857142855,0.7867957924694405,3.0,2.0,0.42857142857142855,0.7559289460184557,6.0,2.0,0.75,1.109721353079901,21.0,4.0,0.6964285714285714,1.0254868973435878,39.0,4.0,0.7023809523809523,0.9790548910213449,59.0,4.0,2.0,0.0,2.0,1319,0.3661865049279757,0.15921152388172857,0.3199393479909022,0.24791508718726307,0.15466262319939347,0.3009855951478393,43.28363914373089,5.3570887035633055
2024-08-20,0,0,0,0,0,0,0,0,0,0,0,0,2024,8,20,1,233,34,3,0,0,0,0.7818314824680298,0.6234898018587336,-0.7638886127905429,-0.64534811322955,-0.8229838658936564,-0.5680647467311559,-0.8660254037844385,-0.5000000000000004,2.0,0.0,0.0,0.0,0.0,0.0,0.6666666666666666,1.1547005383792517,2.0,2.0,0.42857142857142855,0.7867957924694405,3.0,2.0,0.42857142857142855,0.7559289460184557,6.0,2.0,0.75,1.109721353079901,21.0,4.0,0.6607142857142857,1.0140250259469707,37.0,4.0,0.7023809523809523,0.9790548910213449,59.0,4.0,-2.0,0.0,0.0,1319,0.3661865049279757,0.15921152388172857,0.3199393479909022,0.24791508718726307,0.15466262319939347,0.3009855951478393,43.28363914373089,5.3570887035633055
2024-08-21,1,1,0,0,0,0,0,0,3,0,0,0,2024,8,21,2,234,34,3,0,0,0,0.9749279121818236,-0.22252093395631434,-0.7748840413670406,-0.6321034111873488,-0.8229838658936564,-0.5680647467311559,-0.8660254037844385,-0.5000000000000004,0.0,2.0,0.0,1.0,0.0,2.0,1.0,1.0000000000000009,3.0,2.0,0.42857142857142855,0.7867957924694405,3.0,2.0,0.5,0.7595545253127512,7.0,2.0,0.7142857142857143,1.0837911120705777,20.0,4.0,0.6428571428571429,0.9987004542917756,36.0,4.0,0.6904761904761905,0.9691157375047056,58.0,4.0,1.0,0.0,-1.0,1319,0.3661865049279757,0.15921152388172857,0.3199393479909022,0.24791508718726307,0.15466262319939347,0.3009855951478393,43.28363914373089,5.3570887035633055
2024-08-22,0,0,0,0,0,0,0,0,0,0,0,0,2024,8,22,3,235,34,3,0,0,0,0.43388373911755823,-0.900968867902419,-0.7856498550787144,-0.6186714032625032,-0.8229838658936564,-0.5680647467311559,-0.8660254037844385,-0.5000000000000004,1.0,0.0,2.0,0.0,0.0,1.0,0.3333333333333333,0.5773502691896244,1.0,1.0,0.42857142857142855,0.7867957924694405,3.0,2.0,0.5,0.7595545253127512,7.0,2.0,0.6785714285714286,1.090483121902143,19.0,4.0,0.625,1.0011357187078727,35.0,4.0,0.6904761904761905,0.9691157375047056,58.0,4.0,-1.0,0.0,-1.0,1319,0.3661865049279757,0.15921152388172857,0.3199393479909022,0.24791508718726307,0.15466262319939347,0.3009855951478393,43.28363914373089,5.3570887035633055
2024-08-23,0,0,0,0,0,0,0,0,0,0,0,0,2024,8,23,4,236,34,3,0,0,1,-0.433883739117558,-0.9009688679024191,-0.7961828637826154,-0.6050560696488494,-0.8229838658936564,-0.5680647467311559,-0.8660254037844385,-0.5000000000000004,0.0,1.0,0.0,0.0,0.0,0.0,0.3333333333333333,0.5773502691896244,1.0,1.0,0.42857142857142855,0.7867957924694405,3.0,2.0,0.5,0.7595545253127512,7.0,2.0,0.6785714285714286,1.090483121902143,19.0,4.0,0.625,1.0011357187078727,35.0,4.0,0.6785714285714286,0.9714070565603715,57.0,4.0,0.0,0.0,0.0,1319,0.3661865049279757,0.15921152388172857,0.3199393479909022,0.24791508718726307,0.15466262319939347,0.3009855951478393,43.28363914373089,5.3570887035633055
2024-08-24,0,0,0,0,0,0,0,0,0,0,0,0,2024,8,24,5,237,34,3,1,0,0,-0.9749279121818236,-0.2225209339563146,-0.8064799463209447,-0.5912614448635782,-0.8229838658936564,-0.5680647467311559,-0.8660254037844385,-0.5000000000000004,0.0,0.0,1.0,0.0,1.0,2.0,0.0,0.0,0.0,0.0,0.42857142857142855,0.7867957924694405,3.0,2.0,0.42857142857142855,0.7559289460184557,6.0,2.0,0.6071428571428571,1.0659471779799368,17.0,4.0,0.625,1.0011357187078727,35.0,4.0,0.6666666666666666,0.9735456664474633,56.0,4.0,0.0,0.0,-2.0,1319,0.3661865049279757,0.15921152388172857,0.3199393479909022,0.24791508718726307,0.15466262319939347,0.3009855951478393,43.28363914373089,5.3570887035633055
2024-08-25,3,0,2,0,0,0,0,0,6,0,0,3,2024,8,25,6,238,34,3,1,0,0,-0.7818314824680299,0.6234898018587334,-0.8165380514459157,-0.5772916165517278,-0.8229838658936564,-0.5680647467311559,-0.8660254037844385,-0.5000000000000004,0.0,0.0,0.0,0.0,0.0,0.0,1.0,1.7320508075688779,3.0,3.0,0.8571428571428571,1.214985792587911,6.0,3.0,0.6428571428571429,1.0082080720186277,9.0,3.0,0.7142857142857143,1.1501092655705925,20.0,4.0,0.6785714285714286,1.0463293911599714,38.0,4.0,0.7023809523809523,1.0033649638676623,59.0,4.0,3.0,3.0,3.0,1319,0.3661865049279757,0.15921152388172857,0.3199393479909022,0.24791508718726307,0.15466262319939347,0.3009855951478393,43.28363914373089,5.3570887035633055
2024-08-26,0,0,0,0,0,0,0,0,0,0,0,0,2024,8,26,0,239,35,3,0,1,0,0.0,1.0,-0.8263541987239094,-0.5631507242749187,-0.8854560256532096,-0.4647231720437691,-0.8660254037844385,-0.5000000000000004,3.0,0.0,0.0,2.0,2.0,2.0,1.0,1.7320508075688779,3.0,3.0,0.5714285714285714,1.1338934190276801,4.0,3.0,0.5,0.9405399431259612,7.0,3.0,0.6428571428571429,1.1292175499576156,18.0,4.0,0.625,1.0011357187078727,35.0,4.0,0.7023809523809523,1.0033649638676623,59.0,4.0,-3.0,-2.0,-2.0,1319,0.3661865049279757,0.15921152388172857,0.3199393479909022,0.24791508718726307,0.15466262319939347,0.3009855951478393,43.28363914373089,5.3570887035633055
2024-08-27,1,0,0,0,0,1,0,1,3,0,0,0,2024,8,27,1,240,35,3,0,0,0,0.7818314824680298,0.6234898018587336,-0.8359254794186365,-0.5488429582847199,-0.8854560256532096,-0.4647231720437691,-0.8660254037844385,-0.5000000000000004,0.0,3.0,0.0,0.0,0.0,0.0,1.3333333333333333,1.527525231651948,4.0,3.0,0.7142857142857143,1.1126972805283726,5.0,3.0,0.5714285714285714,0.9376144618769917,8.0,3.0,0.6785714285714286,1.1239339452243258,19.0,4.0,0.625,1.0011357187078727,35.0,4.0,0.7142857142857143,1.0008602152128288,60.0,4.0,1.0,1.0,1.0,1319,0.3661865049279757,0.15921152388172857,0.3199393479909022,0.24791508718726307,0.15466262319939347,0.3009855951478393,43.28363914373089,5.3570887035633055
2024-08-28,3,1,0,1,0,2,0,2,6,0,0,2,2024,8,28,2,241,35,3,0,0,0,0.9749279121818236,-0.22252093395631434,-0.8452490573530634,-0.5343725582809785,-0.8854560256532096,-0.4647231720437691,-0.8660254037844385,-0.5000000000000004,1.0,0.0,3.0,1.0,1.0,0.0,1.3333333333333333,1.527525231651948,4.0,3.0,1.0,1.414213562373095,7.0,3.0,0.7142857142857143,1.1387288073563864,10.0,3.0,0.7857142857142857,1.1974399500026873,22.0,4.0,0.6785714285714286,1.0463293911599714,38.0,4.0,0.75,1.028216375896947,63.0,4.0,2.0,2.0,3.0,1319,0.3661865049279757,0.15921152388172857,0.3199393479909022,0.24791508718726307,0.15466262319939347,0.3009855951478393,43.28363914373089,5.3570887035633055
2024-08-29,1,0,0,0,0,0,0,0,2,0,0,0,2024,8,29,3,242,35,3,0,0,0,0.43388373911755823,-0.900968867902419,-0.8543221697498269,-0.5197438121555157,-0.8854560256532096,-0.4647231720437691,-0.8660254037844385,-0.5000000000000004,3.0,1.0,0.0,0.0,0.0,3.0,1.6666666666666667,1.1547005383792541,5.0,3.0,1.1428571428571428,1.3451854182690988,8.0,3.0,0.7857142857142857,1.1217137594956033,11.0,3.0,0.7142857142857143,1.1174422797967032,20.0,4.0,0.6964285714285714,1.0430661594486779,39.0,4.0,0.75,1.028216375896947,63.0,4.0,-2.0,1.0,-2.0,1319,0.3661865049279757,0.15921152388172857,0.3199393479909022,0.24791508718726307,0.15466262319939347,0.3009855951478393,43.28363914373089,5.3570887035633055
2024-08-30,0,0,0,0,0,0,0,0,0,0,0,0,2024,8,30,4,243,35,3,0,0,1,-0.433883739117558,-0.9009688679024191,-0.8631421280499115,-0.5049610547215202,-0.8854560256532096,-0.4647231720437691,-0.8660254037844385,-0.5000000000000004,1.0,3.0,1.0,0.0,0.0,0.0,1.3333333333333333,1.527525231651948,4.0,3.0,1.1428571428571428,1.3451854182690988,8.0,3.0,0.7857142857142857,1.1217137594956033,11.0,3.0,0.7142857142857143,1.1174422797967032,20.0,4.0,0.6964285714285714,1.0430661594486779,39.0,4.0,0.7380952380952381,1.0310720543113712,62.0,4.0,-1.0,0.0,0.0,1319,0.3661865049279757,0.15921152388172857,0.3199393479909022,0.24791508718726307,0.15466262319939347,0.3009855951478393,43.28363914373089,5.3570887035633055
2024-08-31,0,0,0,0,0,0,0,0,0,0,0,0,2024,8,31,5,244,35,3,1,0,0,-0.9749279121818236,-0.2225209339563146,-0.8717063187093217,-0.4900286664290594,-0.8854560256532096,-0.4647231720437691,-0.8660254037844385,-0.5000000000000004,0.0,1.0,3.0,0.0,0.0,0.0,0.3333333333333333,0.5773502691896251,1.0,1.0,1.1428571428571428,1.3451854182690988,8.0,3.0,0.7857142857142857,1.1217137594956033,11.0,3.0,0.7142857142857143,1.1174422797967032,20.0,4.0,0.6964285714285714,1.0430661594486779,39.0,4.0,0.7380952380952381,1.0310720543113712,62.0,4.0,0.0,0.0,0.0,1319,0.3661865049279757,0.15921152388172857,0.3199393479909022,0.24791508718726307,0.15466262319939347,0.3009855951478393,43.28363914373089,5.3570887035633055
2024-09-01,0,0,0,0,0,0,0,0,0,0,0,0,2024,9,1,6,245,35,3,1,0,0,-0.7818314824680299,0.6234898018587334,-0.8800122039735356,-0.4749510720670502,-0.8854560256532096,-0.4647231720437691,-1.0,-1.8369701987210297e-16,0.0,0.0,1.0,3.0,0.0,1.0,0.0,0.0,0.0,0.0,0.7142857142857143,1.1126972805283728,5.0,3.0,0.7857142857142857,1.1217137594956033,11.0,3.0,0.6785714285714286,1.1239339452243258,19.0,4.0,0.6964285714285714,1.0430661594486779,39.0,4.0,0.7380952380952381,1.0310720543113712,62.0,4.0,0.0,-3.0,-1.0,1319,0.3661865049279757,0.15921152388172857,0.3199393479909022,0.24791508718726307,0.15466262319939347,0.3009855951478393,43.28363914373089,5.3570887035633055
2024-09-02,1,0,0,0,0,0,0,0,2,0,0,0,2024,9,2,0,246,36,3,0,1,0,0.0,1.0,-0.888057322629493,-0.4597327394521046,-0.9350162426854147,-0.3546048870425359,-1.0,-1.8369701987210297e-16,0.0,0.0,0.0,0.0,2.0,4.0,0.3333333333333333,0.5773502691896251,1.0,1.0,0.8571428571428571,1.069044967649697,6.0,3.0,0.7142857142857143,1.0690449676496983,10.0,3.0,0.5714285714285714,0.9200874124564749,16.0,3.0,0.7142857142857143,1.039480389675285,40.0,4.0,0.75,1.028216375896947,63.0,4.0,1.0,1.0,-3.0,1319,0.3661865049279757,0.15921152388172857,0.3199393479909022,0.24791508718726307,0.15466262319939347,0.3009855951478393,43.28363914373089,5.3570887035633055
2024-09-03,1,0,0,0,0,0,0,0,2,0,0,0,2024,9,3,1,247,36,3,0,0,0,0.7818314824680298,0.6234898018587336,-0.8958392907349089,-0.4443781781046134,-0.9350162426854147,-0.3546048870425359,-1.0,-1.8369701987210297e-16,1.0,0.0,0.0,1.0,0.0,0.0,0.6666666666666666,0.5773502691896265,2.0,1.0,0.8571428571428571,1.069044967649697,6.0,3.0,0.7857142857142857,1.0509022810878308,11.0,3.0,0.6071428571428571,0.9164862737363253,17.0,3.0,0.7142857142857143,1.039480389675285,40.0,4.0,0.75,1.028216375896947,63.0,4.0,0.0,0.0,1.0,1319,0.3661865049279757,0.15921152388172857,0.3199393479909022,0.24791508718726307,0.15466262319939347,0.3009855951478393,43.28363914373089,5.3570887035633055
2024-09-04,2,0,0,2,0,0,0,0,4,2,2,0,2024,9,4,2,248,36,3,0,0,0,0.9749279121818236,-0.22252093395631434,-0.9033558023246842,-0.4288919379124841,-0.9350162426854147,-0.3546048870425359,-1.0,-1.8369701987210297e-16,1.0,1.0,0.0,3.0,1.0,0.0,1.3333333333333333,0.5773502691896293,4.0,2.0,0.7142857142857143,0.7559289460184531,5.0,2.0,0.8571428571428571,1.0994504121565514,12.0,3.0,0.6785714285714286,0.9449111825230705,19.0,3.0,0.75,1.0488088481701525,42.0,4.0,0.7619047619047619,1.0368981502312344,64.0,4.0,1.0,-1.0,2.0,1319,0.3661865049279757,0.15921152388172857,0.3199393479909022,0.24791508718726307,0.15466262319939347,0.3009855951478393,43.28363914373089,5.3570887035633055
2024-09-05,1,0,0,1,0,0,0,0,2,0,0,0,2024,9,5,3,249,36,3,0,0,0,0.43388373911755823,-0.900968867902419,-0.9106046300942162,-0.41327860778290443,-0.9350162426854147,-0.3546048870425359,-1.0,-1.8369701987210297e-16,2.0,1.0,1.0,1.0,0.0,0.0,1.3333333333333333,0.5773502691896293,4.0,2.0,0.7142857142857143,0.7559289460184531,5.0,2.0,0.9285714285714286,1.071611705960536,13.0,3.0,0.7142857142857143,0.9371802805794001,20.0,3.0,0.7678571428571429,1.0443104976894648,43.0,4.0,0.7619047619047619,1.0368981502312344,64.0,4.0,-1.0,0.0,1.0,1319,0.3661865049279757,0.15921152388172857,0.3199393479909022,0.24791508718726307,0.15466262319939347,0.3009855951478393,43.28363914373089,5.3570887035633055
2024-09-06,0,0,0,0,0,0,0,0,0,0,0,0,2024,9,6,4,250,36,3,0,0,1,-0.433883739117558,-0.9009688679024191,-0.9175836260593934,-0.3975428142825566,-0.9350162426854147,-0.3546048870425359,-1.0,-1.8369701987210297e-16,1.0,2.0,1.0,0.0,0.0,0.0,1.0,1.0000000000000013,3.0,2.0,0.7142857142857143,0.7559289460184531,5.0,2.0,0.9285714285714286,1.071611705960536,13.0,3.0,0.7142857142857143,0.9371802805794001,20.0,3.0,0.7678571428571429,1.0443104976894648,43.0,4.0,0.75,1.0398679248850886,63.0,4.0,-1.0,0.0,0.0,1319,0.3661865049279757,0.15921152388172857,0.3199393479909022,0.24791508718726307,0.15466262319939347,0.3009855951478393,43.28363914373089,5.3570887035633055
2024-09-07,1,0,1,0,0,1,0,1,1,0,0,1,2024,9,7,5,251,36,3,1,0,0,-0.9749279121818236,-0.2225209339563146,-0.9242907221930934,-0.3816892202666586,-0.9350162426854147,-0.3546048870425359,-1.0,-1.8369701987210297e-16,0.0,1.0,2.0,0.0,0.0,1.0,0.6666666666666666,0.5773502691896267,2.0,1.0,0.8571428571428571,0.6900655593423533,6.0,2.0,1.0,1.0377490433255425,14.0,3.0,0.7142857142857143,0.9371802805794001,20.0,3.0,0.7321428571428571,0.9998376491587655,41.0,4.0,0.7619047619047619,1.0368981502312344,64.0,4.0,1.0,1.0,0.0,1319,0.3661865049279757,0.15921152388172857,0.3199393479909022,0.24791508718726307,0.15466262319939347,0.3009855951478393,43.28363914373089,5.3570887035633055
2024-09-08,0,0,0,0,0,0,0,0,0,0,0,0,2024,9,8,6,252,36,3,1,0,0,-0.7818314824680299,0.6234898018587334,-0.9307239310379793,-0.3657225234972692,-0.9350162426854147,-0.3546048870425359,-1.0,-1.8369701987210297e-16,1.0,0.0,1.0,0.0,3.0,0.0,0.3333333333333333,0.5773502691896254,1.0,1.0,0.8571428571428571,0.6900655593423533,6.0,2.0,0.7857142857142857,0.8925823753039819,11.0,3.0,0.7142857142857143,0.9371802805794001,20.0,3.0,0.7142857142857143,1.0038885435107872,40.0,4.0,0.75,1.0398679248850886,63.0,4.0,-1.0,0.0,0.0,1319,0.3661865049279757,0.15921152388172857,0.3199393479909022,0.24791508718726307,0.15466262319939347,0.3009855951478393,43.28363914373089,5.3570887035633055
2024-09-09,0,0,0,0,0,0,0,0,0,0,0,0,2024,9,9,0,253,37,3,0,1,0,0.0,1.0,-0.9368813462954315,-0.34964745525122826,-0.970941817426052,-0.23931566428755774,-1.0,-1.8369701987210297e-16,0.0,1.0,0.0,1.0,0.0,2.0,0.3333333333333333,0.5773502691896254,1.0,1.0,0.7142857142857143,0.7559289460184531,5.0,2.0,0.7857142857142857,0.8925823753039819,11.0,3.0,0.6428571428571429,0.911420775870199,18.0,3.0,0.6964285714285714,1.0076009826611634,39.0,4.0,0.7380952380952381,1.0426916930349257,62.0,4.0,0.0,-1.0,-2.0,1319,0.3661865049279757,0.15921152388172857,0.3199393479909022,0.24791508718726307,0.15466262319939347,0.3009855951478393,43.28363914373089,5.3570887035633055
2024-09-10,1,0,0,1,0,0,0,0,2,0,0,0,2024,9,10,1,254,37,3,0,0,0,0.7818314824680298,0.6234898018587336,-0.9427611433904206,-0.33346877891818705,-0.970941817426052,-0.23931566428755774,-1.0,-1.8369701987210297e-16,0.0,0.0,1.0,1.0,1.0,0.0,0.3333333333333333,0.5773502691896254,1.0,1.0,0.7142857142857143,0.7559289460184531,5.0,2.0,0.7857142857142857,0.8925823753039819,11.0,3.0,0.6785714285714286,0.9048663264720781,19.0,3.0,0.7142857142857143,1.0038885435107872,40.0,4.0,0.75,1.0398679248850886,63.0,4.0,1.0,0.0,1.0,1319,0.3661865049279757,0.15921152388172857,0.3199393479909022,0.24791508718726307,0.15466262319939347,0.3009855951478393,43.28363914373089,5.3570887035633055
2024-09-11,0,0,0,0,0,0,0,0,0,0,0,0,2024,9,11,2,255,37,3,0,0,0,0.9749279121818236,-0.22252093395631434,-0.9483615800121716,-0.31719128858910595,-0.970941817426052,-0.23931566428755774,-1.0,-1.8369701987210297e-16,1.0,0.0,0.0,2.0,3.0,1.0,0.3333333333333333,0.5773502691896254,1.0,1.0,0.42857142857142855,0.5345224838248451,3.0,1.0,0.5714285714285714,0.6462061726588655,8.0,2.0,0.6428571428571429,0.911420775870199,18.0,3.0,0.6964285714285714,1.0076009826611634,39.0,4.0,0.75,1.0398679248850886,63.0,4.0,-1.0,-2.0,-1.0,1319,0.3661865049279757,0.15921152388172857,0.3199393479909022,0.24791508718726307,0.15466262319939347,0.3009855951478393,43.28363914373089,5.3570887035633055
2024-09-12,3,0,0,0,1,2,1,2,6,3,3,0,2024,9,12,3,256,37,3,0,0,0,0.43388373911755823,-0.900968867902419,-0.9536809966304455,-0.300819807635668,-0.970941817426052,-0.23931566428755774,-1.0,-1.8369701987210297e-16,0.0,1.0,0.0,1.0,1.0,0.0,1.3333333333333333,1.527525231651948,4.0,3.0,0.7142857142857143,1.1126972805283726,5.0,3.0,0.7142857142857143,0.9138735334633764,10.0,3.0,0.75,1.0046189622236203,21.0,3.0,0.7142857142857143,1.0394803896752849,40.0,4.0,0.7857142857142857,1.0650123430635898,66.0,4.0,3.0,2.0,3.0,1319,0.3661865049279757,0.15921152388172857,0.3199393479909022,0.24791508718726307,0.15466262319939347,0.3009855951478393,43.28363914373089,5.3570887035633055
2024-09-13,1,0,0,0,0,0,0,0,2,1,1,0,2024,9,13,4,257,37,3,0,0,1,-0.433883739117558,-0.9009688679024191,-0.9587178169872964,-0.2843591872810036,-0.970941817426052,-0.23931566428755774,-1.0,-1.8369701987210297e-16,3.0,0.0,1.0,0.0,0.0,0.0,1.3333333333333333,1.527525231651948,4.0,3.0,0.8571428571428571,1.069044967649697,6.0,3.0,0.7857142857142857,0.8925823753039819,11.0,3.0,0.7857142857142857,0.9946949227868784,22.0,3.0,0.7321428571428571,1.0355687313754696,41.0,4.0,0.75,1.0045079116554105,63.0,4.0,-2.0,1.0,1.0,1319,0.3661865049279757,0.15921152388172857,0.3199393479909022,0.24791508718726307,0.15466262319939347,0.3009855951478393,43.28363914373089,5.3570887035633055
2024-09-14,2,0,2,0,0,4,0,2,4,2,2,2,2024,9,14,5,258,37,3,1,0,0,-0.9749279121818236,-0.2225209339563146,-0.9634705485641486,-0.26781430516217486,-0.970941817426052,-0.23931566428755774,-1.0,-1.8369701987210297e-16,1.0,3.0,0.0,1.0,0.0,0.0,2.0,1.0000000000000038,6.0,3.0,1.0,1.1547005383792512,7.0,3.0,0.9285714285714286,0.9168747682531908,13.0,3.0,0.8571428571428571,1.0079052613579413,24.0,3.0,0.7678571428571429,1.0443104976894648,43.0,4.0,0.7619047619047619,1.0133928176519795,64.0,4.0,1.0,1.0,2.0,1319,0.3661865049279757,0.15921152388172857,0.3199393479909022,0.24791508718726307,0.15466262319939347,0.3009855951478393,43.28363914373089,5.3570887035633055
2024-09-15,3,1,1,1,0,4,0,3,7,3,3,1,2024,9,15,6,259,37,3,1,0,0,-0.7818314824680299,0.6234898018587334,-0.9679377830240642,-0.25119006388481957,-0.970941817426052,-0.23931566428755774,-1.0,-1.8369701987210297e-16,2.0,1.0,3.0,0.0,0.0,0.0,2.0,1.0000000000000038,6.0,3.0,1.4285714285714286,1.2724180205607043,10.0,3.0,1.1428571428571428,1.0271051820261918,16.0,3.0,0.9642857142857143,1.0708993401928124,27.0,3.0,0.8214285714285714,1.080524163326517,46.0,4.0,0.7857142857142857,1.0421413146946341,66.0,4.0,1.0,3.0,3.0,1319,0.3661865049279757,0.15921152388172857,0.3199393479909022,0.24791508718726307,0.15466262319939347,0.3009855951478393,43.28363914373089,5.3570887035633055
2024-09-16,0,0,0,0,0,0,0,0,0,0,0,0,2024,9,16,0,260,38,3,0,1,0,0.0,1.0,-0.9721181966290612,-0.23449138957041052,-0.992708874098054,-0.12053668025532357,-1.0,-1.8369701987210297e-16,3.0,2.0,1.0,0.0,1.0,2.0,1.6666666666666667,1.5275252316519488,5.0,3.0,1.4285714285714286,1.2724180205607043,10.0,3.0,1.0714285714285714,1.071611705960536,15.0,3.0,0.8928571428571429,1.0659471779799365,25.0,3.0,0.8214285714285714,1.080524163326517,46.0,4.0,0.7619047619047619,1.0368981502312344,64.0,4.0,-3.0,0.0,-2.0,1319,0.3661865049279757,0.15921152388172857,0.3199393479909022,0.24791508718726307,0.15466262319939347,0.3009855951478393,43.28363914373089,5.3570887035633055
2024-09-17,0,0,0,0,0,0,0,0,0,0,0,0,2024,9,17,1,261,38,3,0,0,0,0.7818314824680298,0.6234898018587336,-0.9760105506323682,-0.21772323039653224,-0.992708874098054,-0.12053668025532357,-1.0,-1.8369701987210297e-16,0.0,3.0,2.0,1.0,1.0,0.0,1.0,1.7320508075688785,3.0,3.0,1.2857142857142858,1.3801311186847087,9.0,3.0,1.0,1.109400392450459,14.0,3.0,0.8928571428571429,1.0659471779799365,25.0,3.0,0.8214285714285714,1.080524163326517,46.0,4.0,0.7380952380952381,1.0310720543113712,62.0,4.0,0.0,-1.0,0.0,1319,0.3661865049279757,0.15921152388172857,0.3199393479909022,0.24791508718726307,0.15466262319939347,0.3009855951478393,43.28363914373089,5.3570887035633055
2024-09-18,0,0,0,0,0,0,0,0,0,0,0,0,2024,9,18,2,262,38,3,0,0,0,0.9749279121818236,-0.22252093395631434,-0.9796136916454901,-0.20089055513063528,-0.992708874098054,-0.12053668025532357,-1.0,-1.8369701987210297e-16,0.0,0.0,3.0,0.0,2.0,1.0,0.0,0.0,0.0,0.0,1.2857142857142858,1.3801311186847087,9.0,3.0,0.8571428571428571,1.0994504121565514,12.0,3.0,0.8571428571428571,1.0788981249502514,24.0,3.0,0.7857142857142857,1.0738932690201364,44.0,4.0,0.7142857142857143,1.0246530834776264,60.0,4.0,0.0,0.0,-1.0,1319,0.3661865049279757,0.15921152388172857,0.3199393479909022,0.24791508718726307,0.15466262319939347,0.3009855951478393,43.28363914373089,5.3570887035633055
2024-09-19,2,1,0,1,0,0,0,0,4,0,0,0,2024,9,19,3,263,38,3,0,0,0,0.43388373911755823,-0.900968867902419,-0.9829265519799822,-0.18399835165767986,-0.992708874098054,-0.12053668025532357,-1.0,-1.8369701987210297e-16,0.0,0.0,0.0,3.0,1.0,0.0,0.6666666666666666,1.154700538379253,2.0,2.0,1.1428571428571428,1.2149857925879117,8.0,3.0,0.9285714285714286,1.1411388181101385,13.0,3.0,0.9285714285714286,1.086229340376232,26.0,3.0,0.8035714285714286,1.0857698208626476,45.0,4.0,0.7261904761904762,1.0337811107620636,61.0,4.0,2.0,-1.0,2.0,1319,0.3661865049279757,0.15921152388172857,0.3199393479909022,0.24791508718726307,0.15466262319939347,0.3009855951478393,43.28363914373089,5.3570887035633055
2024-09-20,0,0,0,0,0,0,0,0,0,0,0,0,2024,9,20,4,264,38,3,0,0,1,-0.433883739117558,-0.9009688679024191,-0.9859481499638303,-0.1670516255021195,-0.992708874098054,-0.12053668025532357,-1.0,-1.8369701987210297e-16,2.0,0.0,0.0,1.0,0.0,0.0,0.6666666666666666,1.154700538379253,2.0,2.0,1.0,1.2909944487358054,7.0,3.0,0.9285714285714286,1.1411388181101385,13.0,3.0,0.9285714285714286,1.086229340376232,26.0,3.0,0.8035714285714286,1.0857698208626476,45.0,4.0,0.7261904761904762,1.0337811107620636,61.0,4.0,-2.0,-1.0,0.0,1319,0.3661865049279757,0.15921152388172857,0.3199393479909022,0.24791508718726307,0.15466262319939347,0.3009855951478393,43.28363914373089,5.3570887035633055
2024-09-21,0,0,0,0,0,0,0,0,0,0,0,0,2024,9,21,5,265,38,3,1,0,0,-0.9749279121818236,-0.2225209339563146,-0.9886775902323404,-0.15005539834465262,-0.992708874098054,-0.12053668025532357,-1.0,-1.8369701987210297e-16,0.0,2.0,0.0,2.0,1.0,0.0,0.6666666666666666,1.154700538379253,2.0,2.0,0.7142857142857143,1.2535663410560163,5.0,3.0,0.8571428571428571,1.1673205911990778,12.0,3.0,0.9285714285714286,1.086229340376232,26.0,3.0,0.7678571428571429,1.0785692784015732,43.0,4.0,0.7261904761904762,1.0337811107620636,61.0,4.0,0.0,-2.0,0.0,1319,0.3661865049279757,0.15921152388172857,0.3199393479909022,0.24791508718726307,0.15466262319939347,0.3009855951478393,43.28363914373089,5.3570887035633055
2024-09-22,1,1,0,1,0,0,0,0,2,0,0,0,2024,9,22,6,266,38,3,1,0,0,-0.7818314824680299,0.6234898018587334,-0.9911140639934546,-0.13301470653419636,-0.992708874098054,-0.12053668025532357,-1.0,-1.8369701987210297e-16,0.0,0.0,2.0,3.0,0.0,3.0,0.3333333333333333,0.5773502691896277,1.0,1.0,0.42857142857142855,0.7867957924694403,3.0,2.0,0.9285714285714286,1.1411388181101385,13.0,3.0,0.8571428571428571,1.0079052613579413,24.0,3.0,0.7857142857142857,1.0738932690201364,44.0,4.0,0.7380952380952381,1.0310720543113712,62.0,4.0,1.0,-2.0,-2.0,1319,0.3661865049279757,0.15921152388172857,0.3199393479909022,0.24791508718726307,0.15466262319939347,0.3009855951478393,43.28363914373089,5.3570887035633055
2024-09-23,2,1,0,1,0,0,0,0,4,0,0,1,2024,9,23,0,267,39,3,0,1,0,0.0,1.0,-0.9932568492674143,-0.11593459959550066,-1.0,-1.8369701987210297e-16,-1.0,-1.8369701987210297e-16,1.0,0.0,0.0,0.0,0.0,0.0,1.0,1.000000000000002,3.0,2.0,0.7142857142857143,0.9511897312113404,5.0,2.0,1.0714285714285714,1.1411388181101385,15.0,3.0,0.9285714285714286,1.0157490003667422,26.0,3.0,0.7857142857142857,1.0738932690201364,44.0,4.0,0.7261904761904762,1.010203253748526,61.0,4.0,1.0,2.0,2.0,1319,0.3661865049279757,0.15921152388172857,0.3199393479909022,0.24791508718726307,0.15466262319939347,0.3009855951478393,43.28363914373089,5.3570887035633055
2024-09-24,1,0,1,0,0,0,0,0,2,0,0,1,2024,9,24,1,268,39,3,0,0,0,0.7818314824680298,0.6234898018587336,-0.9951053111006974,-0.09882013873287211,-1.0,-1.8369701987210297e-16,-1.0,-1.8369701987210297e-16,2.0,1.0,0.0,0.0,1.0,1.0,1.3333333333333333,0.5773502691896303,4.0,2.0,0.8571428571428571,0.8997354108424362,6.0,2.0,1.0714285714285714,1.1411388181101385,15.0,3.0,0.9285714285714286,1.0157490003667422,26.0,3.0,0.8035714285714286,1.0688931038847942,45.0,4.0,0.7261904761904762,1.010203253748526,61.0,4.0,-1.0,1.0,0.0,1319,0.3661865049279757,0.15921152388172857,0.3199393479909022,0.24791508718726307,0.15466262319939347,0.3009855951478393,43.28363914373089,5.3570887035633055
2024-09-25,0,0,0,0,0,0,0,0,0,0,0,0,2024,9,25,2,269,39,3,0,0,0,0.9749279121818236,-0.22252093395631434,-0.99665890175417,-0.08167639533042288,-1.0,-1.8369701987210297e-16,-1.0,-1.8369701987210297e-16,1.0,2.0,1.0,0.0,0.0,3.0,1.0,1.0000000000000022,3.0,2.0,0.8571428571428571,0.8997354108424362,6.0,2.0,1.0714285714285714,1.1411388181101385,15.0,3.0,0.8214285714285714,0.9449111825230705,23.0,3.0,0.8035714285714286,1.0688931038847942,45.0,4.0,0.7261904761904762,1.010203253748526,61.0,4.0,-1.0,0.0,-3.0,1319,0.3661865049279757,0.15921152388172857,0.3199393479909022,0.24791508718726307,0.15466262319939347,0.3009855951478393,43.28363914373089,5.3570887035633055
2024-09-26,0,0,0,0,0,0,0,0,0,0,0,0,2024,9,26,3,270,39,3,0,0,0,0.43388373911755823,-0.900968867902419,-0.9979171608653922,-0.06450844944931625,-1.0,-1.8369701987210297e-16,-1.0,-1.8369701987210297e-16,0.0,1.0,2.0,2.0,3.0,1.0,0.3333333333333333,0.5773502691896281,1.0,1.0,0.5714285714285714,0.7867957924694409,4.0,2.0,0.8571428571428571,1.0271051820261918,12.0,3.0,0.7857142857142857,0.9567360740266461,22.0,3.0,0.75,1.0313274764284939,42.0,4.0,0.7261904761904762,1.010203253748526,61.0,4.0,0.0,-2.0,-1.0,1319,0.3661865049279757,0.15921152388172857,0.3199393479909022,0.24791508718726307,0.15466262319939347,0.3009855951478393,43.28363914373089,5.3570887035633055
2024-09-27,4,0,0,0,0,4,0,4,7,3,3,1,2024,9,27,4,271,39,3,0,0,1,-0.433883739117558,-0.9009688679024191,-0.9988797155850335,-0.04732138832243232,-1.0,-1.8369701987210297e-16,-1.0,-1.8369701987210297e-16,0.0,0.0,1.0,0.0,1.0,0.0,1.3333333333333333,2.3094010767585043,4.0,4.0,1.1428571428571428,1.4638501094227996,8.0,4.0,1.0714285714285714,1.3280573269766125,15.0,4.0,0.9285714285714286,1.1198072396480827,26.0,4.0,0.8214285714285714,1.1136694932787474,46.0,4.0,0.7738095238095238,1.0681725242651356,65.0,4.0,4.0,4.0,4.0,1319,0.3661865049279757,0.15921152388172857,0.3199393479909022,0.24791508718726307,0.15466262319939347,0.3009855951478393,43.28363914373089,5.3570887035633055
2024-09-28,3,0,0,0,0,1,0,1,6,0,0,0,2024,9,28,5,272,39,3,1,0,0,-0.9749279121818236,-0.2225209339563146,-0.9995462806873573,-0.03012030484690836,-1.0,-1.8369701987210297e-16,-1.0,-1.8369701987210297e-16,4.0,0.0,0.0,0.0,2.0,0.0,2.3333333333333335,2.0816659994661344,7.0,4.0,1.5714285714285714,1.5118578920369097,11.0,4.0,1.1428571428571428,1.406421692815487,16.0,4.0,1.0357142857142858,1.1700630833624412,29.0,4.0,0.875,1.1451478665934973,49.0,4.0,0.8095238095238095,1.091877905661645,68.0,4.0,-1.0,3.0,3.0,1319,0.3661865049279757,0.15921152388172857,0.3199393479909022,0.24791508718726307,0.15466262319939347,0.3009855951478393,43.28363914373089,5.3570887035633055
2024-09-29,0,0,0,0,0,0,0,0,0,0,0,0,2024,9,29,6,273,39,3,1,0,0,-0.7818314824680299,0.6234898018587334,-0.9999166586547379,-0.012910296075008843,-1.0,-1.8369701987210297e-16,-1.0,-1.8369701987210297e-16,3.0,4.0,0.0,1.0,3.0,0.0,2.3333333333333335,2.081665999466135,7.0,4.0,1.4285714285714286,1.6183471874253743,10.0,4.0,0.9285714285714286,1.3280573269766127,13.0,4.0,1.0357142857142858,1.1700630833624412,29.0,4.0,0.8571428571428571,1.1509454047327037,48.0,4.0,0.8095238095238095,1.091877905661645,68.0,4.0,-3.0,-1.0,0.0,1319,0.3661865049279757,0.15921152388172857,0.3199393479909022,0.24791508718726307,0.15466262319939347,0.3009855951478393,43.28363914373089,5.3570887035633055
2024-09-30,0,0,0,0,0,0,0,0,0,0,0,0,2024,9,30,0,274,40,3,0,1,0,0.0,1.0,-0.9999907397361901,0.004303538296243821,-0.992708874098054,0.1205366802553232,-1.0,-1.8369701987210297e-16,0.0,3.0,4.0,2.0,0.0,1.0,1.0,1.7320508075688794,3.0,3.0,1.1428571428571428,1.6761634196950514,8.0,4.0,0.9285714285714286,1.3280573269766127,13.0,4.0,1.0,1.1863420280034809,28.0,4.0,0.7857142857142857,1.0738932690201364,44.0,4.0,0.8095238095238095,1.091877905661645,68.0,4.0,0.0,-2.0,-1.0,1319,0.3661865049279757,0.15921152388172857,0.3199393479909022,0.24791508718726307,0.15466262319939347,0.3009855951478393,43.28363914373089,5.3570887035633055
2024-10-01,3,2,0,2,0,4,0,1,7,0,0,0,2024,10,1,1,275,40,4,0,0,0,0.7818314824680298,0.6234898018587336,-0.9997685019798909,0.021516097436222233,-0.992708874098054,0.1205366802553232,-0.8660254037844386,0.5000000000000001,0.0,0.0,3.0,1.0,0.0,1.0,1.0,1.7320508075688794,3.0,3.0,1.4285714285714286,1.8126539343499317,10.0,4.0,1.1428571428571428,1.406421692815487,16.0,4.0,1.0714285714285714,1.2450962012087878,30.0,4.0,0.8392857142857143,1.1082629440916787,47.0,4.0,0.8333333333333334,1.1175848889170539,70.0,4.0,3.0,2.0,2.0,1319,0.3661865049279757,0.15921152388172857,0.3199393479909022,0.24791508718726307,0.15466262319939347,0.3009855951478393,43.28363914373089,5.3570887035633055
2024-10-02,0,0,0,0,0,0,0,0,0,0,0,0,2024,10,2,2,276,40,4,0,0,0,0.9749279121818236,-0.22252093395631434,-0.9992500112396835,0.03872228089217399,-0.992708874098054,0.1205366802553232,-0.8660254037844386,0.5000000000000001,3.0,0.0,0.0,0.0,0.0,2.0,1.0,1.7320508075688794,3.0,3.0,1.4285714285714286,1.8126539343499317,10.0,4.0,1.1428571428571428,1.406421692815487,16.0,4.0,1.0,1.2472191289246488,28.0,4.0,0.8392857142857143,1.1082629440916787,47.0,4.0,0.8333333333333334,1.1175848889170539,70.0,4.0,-3.0,0.0,-2.0,1319,0.3661865049279757,0.15921152388172857,0.3199393479909022,0.24791508718726307,0.15466262319939347,0.3009855951478393,43.28363914373089,5.3570887035633055
2024-10-03,2,0,0,0,0,4,0,2,4,0,0,0,2024,10,3,3,277,40,4,0,0,0,0.43388373911755823,-0.900968867902419,-0.9984354211555643,0.05591699010060302,-0.992708874098054,0.1205366802553232,-0.8660254037844386,0.5000000000000001,0.0,3.0,0.0,0.0,2.0,1.0,1.6666666666666667,1.5275252316519494,5.0,3.0,1.7142857142857142,1.7043362064926943,12.0,4.0,1.1428571428571428,1.406421692815487,16.0,4.0,1.0357142857142858,1.26145544561425,29.0,4.0,0.875,1.1129404133359369,49.0,4.0,0.8571428571428571,1.1209167627368724,72.0,4.0,2.0,2.0,1.0,1319,0.3661865049279757,0.15921152388172857,0.3199393479909022,0.24791508718726307,0.15466262319939347,0.3009855951478393,43.28363914373089,5.3570887035633055
2024-10-04,3,1,1,1,0,2,0,2,5,0,0,2,2024,10,4,4,278,40,4,0,0,1,-0.433883739117558,-0.9009688679024191,-0.9973249731081555,0.07309512989807776,-0.992708874098054,0.1205366802553232,-0.8660254037844386,0.5000000000000001,2.0,0.0,3.0,4.0,0.0,0.0,1.6666666666666667,1.5275252316519494,5.0,3.0,1.5714285714285714,1.5118578920369097,11.0,3.0,1.3571428571428572,1.4468609447374667,19.0,4.0,1.1428571428571428,1.2971274735120242,32.0,4.0,0.9285714285714286,1.141882701461103,52.0,4.0,0.8928571428571429,1.1408922437619058,75.0,4.0,1.0,-1.0,3.0,1319,0.3661865049279757,0.15921152388172857,0.3199393479909022,0.24791508718726307,0.15466262319939347,0.3009855951478393,43.28363914373089,5.3570887035633055
2024-10-05,3,0,0,0,0,0,0,0,6,0,0,0,2024,10,5,5,279,40,4,1,0,0,-0.9749279121818236,-0.2225209339563146,-0.9959189961471792,0.0902516100310407,-0.992708874098054,0.1205366802553232,-0.8660254037844386,0.5000000000000001,3.0,2.0,0.0,3.0,0.0,1.0,2.6666666666666665,0.5773502691896335,8.0,3.0,1.5714285714285714,1.5118578920369097,11.0,3.0,1.5714285714285714,1.4525460784051263,22.0,4.0,1.2142857142857142,1.3432173332088924,34.0,4.0,0.9642857142857143,1.1749550972354148,54.0,4.0,0.8928571428571429,1.1408922437619058,75.0,4.0,0.0,0.0,2.0,1319,0.3661865049279757,0.15921152388172857,0.3199393479909022,0.24791508718726307,0.15466262319939347,0.3009855951478393,43.28363914373089,5.3570887035633055
2024-10-06,1,0,0,0,0,0,0,0,2,0,0,0,2024,10,6,6,280,40,4,1,0,0,-0.7818314824680299,0.6234898018587334,-0.994217906893952,0.10738134666416306,-0.992708874098054,0.1205366802553232,-0.8660254037844386,0.5000000000000001,3.0,3.0,2.0,0.0,1.0,0.0,2.3333333333333335,1.1547005383792555,7.0,3.0,1.7142857142857142,1.3801311186847096,12.0,3.0,1.5714285714285714,1.4525460784051263,22.0,4.0,1.25,1.322875655532297,35.0,4.0,0.9821428571428571,1.1676093902978388,55.0,4.0,0.8928571428571429,1.1408922437619058,75.0,4.0,-2.0,1.0,1.0,1319,0.3661865049279757,0.15921152388172857,0.3199393479909022,0.24791508718726307,0.15466262319939347,0.3009855951478393,43.28363914373089,5.3570887035633055
2024-10-07,0,0,0,0,0,0,0,0,0,0,0,0,2024,10,7,0,281,41,4,0,1,0,0.0,1.0,-0.9922222094179324,0.12447926388678869,-0.9709418174260521,0.23931566428755738,-0.8660254037844386,0.5000000000000001,1.0,3.0,3.0,0.0,2.0,0.0,1.3333333333333333,1.5275252316519499,4.0,3.0,1.7142857142857142,1.3801311186847096,12.0,3.0,1.4285714285714286,1.5045717874984448,20.0,4.0,1.25,1.322875655532297,35.0,4.0,0.9464285714285714,1.166496586242021,53.0,4.0,0.8809523809523809,1.144970793595642,74.0,4.0,-1.0,0.0,0.0,1319,0.3661865049279757,0.15921152388172857,0.3199393479909022,0.24791508718726307,0.15466262319939347,0.3009855951478393,43.28363914373089,5.3570887035633055
2024-10-08,0,0,0,0,0,0,0,0,0,0,0,0,2024,10,8,1,282,41,4,0,0,0,0.7818314824680298,0.6234898018587336,-0.989932495087353,0.141540295217043,-0.9709418174260521,0.23931566428755738,-0.8660254037844386,0.5000000000000001,0.0,1.0,3.0,3.0,1.0,1.0,0.3333333333333333,0.5773502691896343,1.0,1.0,1.2857142857142858,1.3801311186847087,9.0,3.0,1.3571428571428572,1.5495479666983214,19.0,4.0,1.2142857142857142,1.3432173332088924,34.0,4.0,0.9464285714285714,1.166496586242021,53.0,4.0,0.8809523809523809,1.144970793595642,74.0,4.0,0.0,-3.0,-1.0,1319,0.3661865049279757,0.15921152388172857,0.3199393479909022,0.24791508718726307,0.15466262319939347,0.3009855951478393,43.28363914373089,5.3570887035633055
2024-10-09,0,0,0,0,0,0,0,0,0,0,0,0,2024,10,9,2,283,41,4,0,0,0,0.9749279121818236,-0.22252093395631434,-0.9873494423939864,0.15855938510313475,-0.9709418174260521,0.23931566428755738,-0.8660254037844386,0.5000000000000001,0.0,0.0,1.0,0.0,0.0,0.0,0.0,0.0,0.0,0.0,1.2857142857142858,1.3801311186847087,9.0,3.0,1.3571428571428572,1.5495479666983214,19.0,4.0,1.2142857142857142,1.3432173332088924,34.0,4.0,0.9285714285714286,1.1732959458821033,52.0,4.0,0.8690476190476191,1.1489100324939927,73.0,4.0,0.0,0.0,0.0,1319,0.3661865049279757,0.15921152388172857,0.3199393479909022,0.24791508718726307,0.15466262319939347,0.3009855951478393,43.28363914373089,5.3570887035633055
2024-10-10,0,0,0,0,0,0,0,0,0,0,0,0,2024,10,10,3,284,41,4,0,0,0,0.43388373911755823,-0.900968867902419,-0.9844738167520923,0.17553149042142777,-0.9709418174260521,0.23931566428755738,-0.8660254037844386,0.5000000000000001,0.0,0.0,0.0,2.0,0.0,3.0,0.0,0.0,0.0,0.0,1.0,1.414213562373095,7.0,3.0,1.3571428571428572,1.5495479666983214,19.0,4.0,1.1071428571428572,1.3148520748875074,31.0,4.0,0.9285714285714286,1.1732959458821033,52.0,4.0,0.8452380952380952,1.1459099358945584,71.0,4.0,0.0,-2.0,-3.0,1319,0.3661865049279757,0.15921152388172857,0.3199393479909022,0.24791508718726307,0.15466262319939347,0.3009855951478393,43.28363914373089,5.3570887035633055
2024-10-11,1,0,0,0,0,1,0,1,2,0,0,0,2024,10,11,4,285,41,4,0,0,1,-0.433883739117558,-0.9009688679024191,-0.9813064702716093,0.19245158197082995,-0.9709418174260521,0.23931566428755738,-0.8660254037844386,0.5000000000000001,0.0,0.0,0.0,3.0,4.0,1.0,0.3333333333333333,0.5773502691896343,1.0,1.0,0.7142857142857143,1.1126972805283728,5.0,3.0,1.1428571428571428,1.350620533005413,16.0,3.0,1.1071428571428572,1.3148520748875074,31.0,4.0,0.9464285714285714,1.166496586242021,53.0,4.0,0.8571428571428571,1.142211521596962,72.0,4.0,1.0,-2.0,0.0,1319,0.3661865049279757,0.15921152388172857,0.3199393479909022,0.24791508718726307,0.15466262319939347,0.3009855951478393,43.28363914373089,5.3570887035633055
2024-10-12,1,0,1,0,0,1,0,1,2,0,0,1,2024,10,12,5,286,41,4,1,0,0,-0.9749279121818236,-0.2225209339563146,-0.9778483415056567,0.20931464596304888,-0.9709418174260521,0.23931566428755738,-0.8660254037844386,0.5000000000000001,1.0,0.0,0.0,3.0,3.0,2.0,0.6666666666666666,0.5773502691896342,2.0,1.0,0.42857142857142855,0.5345224838248459,3.0,1.0,1.0,1.2403473458920853,14.0,3.0,1.0714285714285714,1.3032316365146692,30.0,4.0,0.9642857142857143,1.1593773519246644,54.0,4.0,0.8690476190476191,1.138375103919257,73.0,4.0,0.0,-2.0,-1.0,1319,0.3661865049279757,0.15921152388172857,0.3199393479909022,0.24791508718726307,0.15466262319939347,0.3009855951478393,43.28363914373089,5.3570887035633055
2024-10-13,5,2,0,2,0,1,0,1,9,0,0,0,2024,10,13,6,287,41,4,1,0,0,-0.7818314824680299,0.6234898018587334,-0.9741004551724206,0.22611568550828803,-0.9709418174260521,0.23931566428755738,-0.8660254037844386,0.5000000000000001,1.0,1.0,0.0,1.0,0.0,3.0,2.3333333333333335,2.309401076758505,7.0,5.0,1.0,1.8257418583505534,7.0,5.0,1.3571428571428572,1.5984195491000028,19.0,5.0,1.1428571428571428,1.4584183648679592,32.0,5.0,1.0535714285714286,1.2709286920436345,59.0,5.0,0.9285714285714286,1.2201690015841455,78.0,5.0,4.0,4.0,2.0,1319,0.3661865049279757,0.15921152388172857,0.3199393479909022,0.24791508718726307,0.15466262319939347,0.3009855951478393,43.28363914373089,5.3570887035633055
2024-10-14,1,1,0,0,0,0,0,0,2,0,0,0,2024,10,14,0,288,42,4,0,1,0,0.0,1.0,-0.970063921851507,0.2428497220959358,-0.9350162426854148,0.35460488704253557,-0.8660254037844386,0.5000000000000001,5.0,1.0,1.0,0.0,0.0,0.0,2.3333333333333335,2.309401076758505,7.0,5.0,1.1428571428571428,1.7728105208558365,8.0,5.0,1.4285714285714286,1.5548576840284833,20.0,5.0,1.1785714285714286,1.4415416497771865,33.0,5.0,1.0357142857142858,1.2643976030906188,58.0,5.0,0.9404761904761905,1.2158708562940856,79.0,5.0,-4.0,1.0,1.0,1319,0.3661865049279757,0.15921152388172857,0.3199393479909022,0.24791508718726307,0.15466262319939347,0.3009855951478393,43.28363914373089,5.3570887035633055
2024-10-15,2,1,0,1,0,0,0,0,4,0,0,0,2024,10,15,1,289,42,4,0,0,0,0.7818314824680298,0.6234898018587336,-0.965739937654855,0.25951179706979943,-0.9350162426854148,0.35460488704253557,-0.8660254037844386,0.5000000000000001,1.0,5.0,1.0,0.0,3.0,0.0,2.6666666666666665,2.081665999466135,8.0,5.0,1.4285714285714286,1.7182493859684493,10.0,5.0,1.3571428571428572,1.4990839693802176,19.0,5.0,1.25,1.430488132175972,35.0,5.0,1.0714285714285714,1.2628559675613042,60.0,5.0,0.9642857142857143,1.2168142146796577,81.0,5.0,1.0,2.0,2.0,1319,0.3661865049279757,0.15921152388172857,0.3199393479909022,0.24791508718726307,0.15466262319939347,0.3009855951478393,43.28363914373089,5.3570887035633055
2024-10-16,0,0,0,0,0,0,0,0,0,0,0,0,2024,10,16,2,290,42,4,0,0,0,0.9749279121818236,-0.22252093395631434,-0.9611297838723007,0.27609697309746883,-0.9350162426854148,0.35460488704253557,-0.8660254037844386,0.5000000000000001,2.0,1.0,5.0,0.0,0.0,0.0,1.0,1.0000000000000038,3.0,2.0,1.4285714285714286,1.7182493859684493,10.0,5.0,1.3571428571428572,1.4990839693802176,19.0,5.0,1.25,1.430488132175972,35.0,5.0,1.0535714285714286,1.2709286920436345,59.0,5.0,0.9404761904761905,1.2158708562940856,79.0,5.0,-2.0,0.0,0.0,1319,0.3661865049279757,0.15921152388172857,0.3199393479909022,0.24791508718726307,0.15466262319939347,0.3009855951478393,43.28363914373089,5.3570887035633055
2024-10-17,0,0,0,0,0,0,0,0,0,0,0,0,2024,10,17,3,291,42,4,0,0,0,0.43388373911755823,-0.900968867902419,-0.9562348265919058,0.2926003356333479,-0.9350162426854148,0.35460488704253557,-0.8660254037844386,0.5000000000000001,0.0,2.0,1.0,0.0,2.0,2.0,0.6666666666666666,1.1547005383792548,2.0,2.0,1.4285714285714286,1.7182493859684493,10.0,5.0,1.2142857142857142,1.528124613755317,17.0,5.0,1.1785714285714286,1.4415416497771865,33.0,5.0,1.0535714285714286,1.2709286920436345,59.0,5.0,0.9285714285714286,1.2201690015841455,78.0,5.0,0.0,0.0,-2.0,1319,0.3661865049279757,0.15921152388172857,0.3199393479909022,0.24791508718726307,0.15466262319939347,0.3009855951478393,43.28363914373089,5.3570887035633055
2024-10-18,1,1,0,1,0,0,0,0,2,0,0,0,2024,10,18,4,292,42,4,0,0,1,-0.433883739117558,-0.9009688679024191,-0.9510565162951536,0.30901699437494723,-0.9350162426854148,0.35460488704253557,-0.8660254037844386,0.5000000000000001,0.0,0.0,2.0,1.0,3.0,0.0,0.3333333333333333,0.5773502691896324,1.0,1.0,1.4285714285714286,1.7182493859684493,10.0,5.0,1.0714285714285714,1.4392458342578496,15.0,5.0,1.2142857142857142,1.4235360994562207,34.0,5.0,1.0714285714285714,1.2628559675613042,60.0,5.0,0.9404761904761905,1.2158708562940856,79.0,5.0,1.0,0.0,1.0,1319,0.3661865049279757,0.15921152388172857,0.3199393479909022,0.24791508718726307,0.15466262319939347,0.3009855951478393,43.28363914373089,5.3570887035633055
2024-10-19,0,0,0,0,0,0,0,0,0,0,0,0,2024,10,19,5,293,42,4,1,0,0,-0.9749279121818236,-0.2225209339563146,-0.9455963874271428,0.3253420847119795,-0.9350162426854148,0.35460488704253557,-0.8660254037844386,0.5000000000000001,1.0,0.0,0.0,1.0,3.0,0.0,0.3333333333333333,0.5773502691896324,1.0,1.0,1.2857142857142858,1.799470821684875,9.0,5.0,0.8571428571428571,1.350620533005413,12.0,5.0,1.2142857142857142,1.4235360994562207,34.0,5.0,1.0714285714285714,1.2628559675613042,60.0,5.0,0.9166666666666666,1.2144544447584582,77.0,5.0,-1.0,-1.0,0.0,1319,0.3661865049279757,0.15921152388172857,0.3199393479909022,0.24791508718726307,0.15466262319939347,0.3009855951478393,43.28363914373089,5.3570887035633055
2024-10-20,0,0,0,0,0,0,0,0,0,0,0,0,2024,10,20,6,294,42,4,1,0,0,-0.7818314824680299,0.6234898018587334,-0.9398560579418953,0.341570769167856,-0.9350162426854148,0.35460488704253557,-0.8660254037844386,0.5000000000000001,0.0,1.0,0.0,5.0,1.0,1.0,0.3333333333333333,0.5773502691896324,1.0,1.0,0.5714285714285714,0.7867957924694412,4.0,2.0,0.7857142857142857,1.3688047244316393,11.0,5.0,1.1785714285714286,1.4415416497771865,33.0,5.0,1.0178571428571428,1.2430325297955291,57.0,5.0,0.9166666666666666,1.2144544447584582,77.0,5.0,0.0,-5.0,-1.0,1319,0.3661865049279757,0.15921152388172857,0.3199393479909022,0.24791508718726307,0.15466262319939347,0.3009855951478393,43.28363914373089,5.3570887035633055
2024-10-21,2,2,0,2,0,0,0,0,4,0,0,0,2024,10,21,0,295,43,4,0,1,0,0.0,1.0,-0.9338372288229252,0.35769823883312546,-0.8854560256532101,0.464723172043768,-0.8660254037844386,0.5000000000000001,0.0,0.0,1.0,1.0,0.0,2.0,0.6666666666666666,1.154700538379255,2.0,2.0,0.7142857142857143,0.9511897312113406,5.0,2.0,0.9285714285714286,1.3847680013570576,13.0,5.0,1.1785714285714286,1.4415416497771865,33.0,5.0,1.0535714285714286,1.2419873057050426,59.0,5.0,0.9166666666666666,1.2144544447584582,77.0,5.0,2.0,1.0,0.0,1319,0.3661865049279757,0.15921152388172857,0.3199393479909022,0.24791508718726307,0.15466262319939347,0.3009855951478393,43.28363914373089,5.3570887035633055
2024-10-22,1,1,0,1,0,0,0,0,4,0,0,0,2024,10,22,1,296,43,4,0,0,0,0.7818314824680298,0.6234898018587336,-0.9275416835791965,0.3737197147904692,-0.8854560256532101,0.464723172043768,-0.8660254037844386,0.5000000000000001,2.0,0.0,0.0,2.0,0.0,1.0,1.0,1.000000000000004,3.0,2.0,0.5714285714285714,0.7867957924694411,4.0,2.0,1.0,1.3587324409735155,14.0,5.0,1.1785714285714286,1.4415416497771865,33.0,5.0,1.0535714285714286,1.2419873057050426,59.0,5.0,0.9285714285714286,1.2102545215303606,78.0,5.0,-1.0,-1.0,0.0,1319,0.3661865049279757,0.15921152388172857,0.3199393479909022,0.24791508718726307,0.15466262319939347,0.3009855951478393,43.28363914373089,5.3570887035633055
2024-10-23,2,0,0,0,0,0,0,0,4,0,0,0,2024,10,23,2,297,43,4,0,0,0,0.9749279121818236,-0.22252093395631434,-0.9209712877166347,0.38963044953078774,-0.8854560256532101,0.464723172043768,-0.8660254037844386,0.5000000000000001,1.0,2.0,0.0,0.0,0.0,0.0,1.6666666666666667,0.577350269189633,5.0,2.0,0.8571428571428571,0.8997354108424365,6.0,2.0,1.1428571428571428,1.350620533005413,16.0,5.0,1.25,1.430488132175972,35.0,5.0,1.0357142857142858,1.2204959605055614,58.0,5.0,0.9523809523809523,1.2114390716049779,80.0,5.0,1.0,2.0,2.0,1319,0.3661865049279757,0.15921152388172857,0.3199393479909022,0.24791508718726307,0.15466262319939347,0.3009855951478393,43.28363914373089,5.3570887035633055
2024-10-24,3,0,0,0,0,6,0,3,6,0,0,0,2024,10,24,3,298,43,4,0,0,0,0.43388373911755823,-0.900968867902419,-0.9141279881853337,0.4054257283599973,-0.8854560256532101,0.464723172043768,-0.8660254037844386,0.5000000000000001,2.0,1.0,2.0,0.0,0.0,0.0,2.0,1.0000000000000042,6.0,3.0,1.2857142857142858,1.112697280528374,9.0,3.0,1.3571428571428572,1.392681025777418,19.0,5.0,1.3571428571428572,1.4456649300398396,38.0,5.0,1.0714285714285714,1.2483755678647197,60.0,5.0,0.9523809523809523,1.2114390716049779,80.0,5.0,1.0,3.0,3.0,1319,0.3661865049279757,0.15921152388172857,0.3199393479909022,0.24791508718726307,0.15466262319939347,0.3009855951478393,43.28363914373089,5.3570887035633055
2024-10-25,0,0,0,0,0,0,0,0,0,0,0,0,2024,10,25,4,299,43,4,0,0,1,-0.433883739117558,-0.9009688679024191,-0.9070138128026362,0.42110087079608916,-0.8854560256532101,0.464723172043768,-0.8660254037844386,0.5000000000000001,3.0,2.0,1.0,1.0,1.0,4.0,1.6666666666666667,1.5275252316519494,5.0,3.0,1.1428571428571428,1.2149857925879117,8.0,3.0,1.2857142857142858,1.437335752680656,18.0,5.0,1.2142857142857142,1.3705133630530142,34.0,5.0,1.0714285714285714,1.2483755678647197,60.0,5.0,0.9523809523809523,1.2114390716049779,80.0,5.0,-3.0,-1.0,-4.0,1319,0.3661865049279757,0.15921152388172857,0.3199393479909022,0.24791508718726307,0.15466262319939347,0.3009855951478393,43.28363914373089,5.3570887035633055
2024-10-26,0,0,0,0,0,0,0,0,0,0,0,0,2024,10,26,5,300,43,4,1,0,0,-0.9749279121818236,-0.2225209339563146,-0.8996308696522434,0.4366512319560638,-0.8854560256532101,0.464723172043768,-0.8660254037844386,0.5000000000000001,0.0,3.0,2.0,0.0,1.0,3.0,1.0,1.7320508075688796,3.0,3.0,1.1428571428571428,1.2149857925879117,8.0,3.0,1.2142857142857142,1.4769288003552112,17.0,5.0,1.1071428571428572,1.342724861209495,31.0,5.0,1.0714285714285714,1.2483755678647197,60.0,5.0,0.9523809523809523,1.2114390716049779,80.0,5.0,0.0,0.0,-3.0,1319,0.3661865049279757,0.15921152388172857,0.3199393479909022,0.24791508718726307,0.15466262319939347,0.3009855951478393,43.28363914373089,5.3570887035633055
2024-10-27,0,0,0,0,0,0,0,0,0,0,0,0,2024,10,27,6,301,43,4,1,0,0,-0.7818314824680299,0.6234898018587334,-0.8919813464595487,0.45207220393230374,-0.8854560256532101,0.464723172043768,-0.8660254037844386,0.5000000000000001,0.0,0.0,3.0,0.0,5.0,0.0,0.0,0.0,0.0,0.0,1.1428571428571428,1.2149857925879117,8.0,3.0,0.8571428571428571,1.027105182026192,12.0,3.0,1.1071428571428572,1.342724861209495,31.0,5.0,1.0714285714285714,1.2483755678647197,60.0,5.0,0.9404761904761905,1.2158708562940856,79.0,5.0,0.0,0.0,0.0,1319,0.3661865049279757,0.15921152388172857,0.3199393479909022,0.24791508718726307,0.15466262319939347,0.3009855951478393,43.28363914373089,5.3570887035633055
2024-10-28,1,0,0,0,0,0,0,0,2,0,0,0,2024,10,28,0,302,44,4,0,1,0,0.0,1.0,-0.8840675099433637,0.46735921715800205,-0.822983865893657,0.5680647467311548,-0.8660254037844386,0.5000000000000001,0.0,0.0,0.0,2.0,1.0,0.0,0.3333333333333333,0.5773502691896327,1.0,1.0,1.0,1.1547005383792512,7.0,3.0,0.8571428571428571,1.027105182026192,12.0,3.0,1.1428571428571428,1.3253730631840084,32.0,5.0,1.0714285714285714,1.2483755678647197,60.0,5.0,0.9047619047619048,1.1680386981855435,76.0,5.0,1.0,-1.0,1.0,1319,0.3661865049279757,0.15921152388172857,0.3199393479909022,0.24791508718726307,0.15466262319939347,0.3009855951478393,43.28363914373089,5.3570887035633055
2024-10-29,1,0,0,0,0,0,0,0,2,0,0,0,2024,10,29,1,303,44,4,0,0,0,0.7818314824680298,0.6234898018587336,-0.8758917051442433,0.48250774176121763,-0.822983865893657,0.5680647467311548,-0.8660254037844386,0.5000000000000001,1.0,0.0,0.0,1.0,2.0,3.0,0.6666666666666666,0.577350269189633,2.0,1.0,1.0,1.1547005383792512,7.0,3.0,0.7857142857142857,0.9749612559222303,11.0,3.0,1.0714285714285714,1.2744954391203718,30.0,5.0,1.0714285714285714,1.2483755678647197,60.0,5.0,0.9166666666666666,1.1637945139425308,77.0,5.0,0.0,0.0,-2.0,1319,0.3661865049279757,0.15921152388172857,0.3199393479909022,0.24791508718726307,0.15466262319939347,0.3009855951478393,43.28363914373089,5.3570887035633055
2024-10-30,0,0,0,0,0,0,0,0,0,0,0,0,2024,10,30,2,304,44,4,0,0,0,0.9749279121818236,-0.22252093395631434,-0.8674563547295971,0.4975132889071803,-0.822983865893657,0.5680647467311548,-0.8660254037844386,0.5000000000000001,1.0,1.0,0.0,2.0,0.0,0.0,0.6666666666666666,0.577350269189633,2.0,1.0,0.7142857142857143,1.1126972805283726,5.0,3.0,0.7857142857142857,0.9749612559222303,11.0,3.0,1.0714285714285714,1.2744954391203718,30.0,5.0,1.0357142857142858,1.2499350632483535,58.0,5.0,0.9166666666666666,1.1637945139425308,77.0,5.0,-1.0,-2.0,0.0,1319,0.3661865049279757,0.15921152388172857,0.3199393479909022,0.24791508718726307,0.15466262319939347,0.3009855951478393,43.28363914373089,5.3570887035633055
2024-10-31,3,1,0,1,0,0,0,0,8,1,1,0,2024,10,31,3,305,44,4,0,0,0,0.43388373911755823,-0.900968867902419,-0.858763958275803,0.5123714121284235,-0.822983865893657,0.5680647467311548,-0.8660254037844386,0.5000000000000001,0.0,1.0,1.0,3.0,0.0,2.0,1.3333333333333333,1.5275252316519494,4.0,3.0,0.7142857142857143,1.1126972805283726,5.0,3.0,1.0,1.1094003924504592,14.0,3.0,1.1071428571428572,1.3148520748875074,31.0,5.0,1.0714285714285714,1.2771722010632842,60.0,5.0,0.9523809523809523,1.1812262558818376,80.0,5.0,3.0,0.0,1.0,1319,0.3661865049279757,0.15921152388172857,0.3199393479909022,0.24791508718726307,0.15466262319939347,0.3009855951478393,43.28363914373089,5.3570887035633055
2024-11-01,0,0,0,0,0,0,0,0,0,0,0,0,2024,11,1,4,306,44,4,0,0,1,-0.433883739117558,-0.9009688679024191,-0.8498170915275277,0.5270777086423724,-0.822983865893657,0.5680647467311548,-0.5000000000000004,0.8660254037844384,3.0,0.0,1.0,0.0,1.0,3.0,1.0,1.7320508075688796,3.0,3.0,0.7142857142857143,1.1126972805283726,5.0,3.0,0.9285714285714286,1.1411388181101385,13.0,3.0,1.0,1.2765694770084528,28.0,5.0,1.0714285714285714,1.2771722010632842,60.0,5.0,0.9523809523809523,1.1812262558818376,80.0,5.0,-3.0,0.0,-3.0,1319,0.3661865049279757,0.15921152388172857,0.3199393479909022,0.24791508718726307,0.15466262319939347,0.3009855951478393,43.28363914373089,5.3570887035633055
2024-11-02,0,0,0,0,0,0,0,0,0,0,0,0,2024,11,2,5,307,44,4,1,0,0,-0.9749279121818236,-0.2225209339563146,-0.8406184056344783,0.5416278206559811,-0.822983865893657,0.5680647467311548,-0.5000000000000004,0.8660254037844384,0.0,3.0,0.0,0.0,0.0,3.0,1.0,1.7320508075688796,3.0,3.0,0.7142857142857143,1.1126972805283726,5.0,3.0,0.9285714285714286,1.1411388181101385,13.0,3.0,0.8928571428571429,1.227441956515159,25.0,5.0,1.0535714285714286,1.2851550010109207,59.0,5.0,0.9404761904761905,1.1857709654730153,79.0,5.0,0.0,0.0,-3.0,1319,0.3661865049279757,0.15921152388172857,0.3199393479909022,0.24791508718726307,0.15466262319939347,0.3009855951478393,43.28363914373089,5.3570887035633055
2024-11-03,0,0,0,0,0,0,0,0,0,0,0,0,2024,11,3,6,308,44,4,1,0,0,-0.7818314824680299,0.6234898018587334,-0.8311706263658079,0.5560174366570446,-0.822983865893657,0.5680647467311548,-0.5000000000000004,0.8660254037844384,0.0,0.0,3.0,0.0,0.0,1.0,0.0,0.0,0.0,0.0,0.7142857142857143,1.1126972805283726,5.0,3.0,0.9285714285714286,1.1411388181101385,13.0,3.0,0.8571428571428571,1.238705588262013,24.0,5.0,1.0535714285714286,1.2851550010109207,59.0,5.0,0.9404761904761905,1.1857709654730153,79.0,5.0,0.0,0.0,-1.0,1319,0.3661865049279757,0.15921152388172857,0.3199393479909022,0.24791508718726307,0.15466262319939347,0.3009855951478393,43.28363914373089,5.3570887035633055
2024-11-04,1,0,0,0,0,3,0,1,2,0,0,0,2024,11,4,0,309,45,4,0,1,0,0.0,1.0,-0.8214765533024145,0.5702422926917867,-0.7485107481711011,0.6631226582407952,-0.5000000000000004,0.8660254037844384,0.0,0.0,0.0,1.0,2.0,0.0,0.3333333333333333,0.5773502691896332,1.0,1.0,0.7142857142857143,1.1126972805283726,5.0,3.0,0.8571428571428571,1.0994504121565514,12.0,3.0,0.8928571428571429,1.227441956515159,25.0,5.0,1.0714285714285714,1.2771722010632842,60.0,5.0,0.9285714285714286,1.180011377173193,78.0,5.0,1.0,0.0,1.0,1319,0.3661865049279757,0.15921152388172857,0.3199393479909022,0.24791508718726307,0.15466262319939347,0.3009855951478393,43.28363914373089,5.3570887035633055
2024-11-05,1,0,0,0,0,1,0,1,2,1,1,0,2024,11,5,1,310,45,4,0,0,0,0.7818314824680298,0.6234898018587336,-0.8115390590073611,0.5842981736283683,-0.7485107481711011,0.6631226582407952,-0.5000000000000004,0.8660254037844384,1.0,0.0,0.0,1.0,1.0,0.0,0.6666666666666666,0.5773502691896333,2.0,1.0,0.7142857142857143,1.1126972805283726,5.0,3.0,0.8571428571428571,1.0994504121565514,12.0,3.0,0.9285714285714286,1.214985792587914,26.0,5.0,1.0714285714285714,1.2771722010632842,60.0,5.0,0.9404761904761905,1.175566415400099,79.0,5.0,0.0,0.0,1.0,1319,0.3661865049279757,0.15921152388172857,0.3199393479909022,0.24791508718726307,0.15466262319939347,0.3009855951478393,43.28363914373089,5.3570887035633055
2024-11-06,2,2,0,1,0,2,0,1,4,0,0,1,2024,11,6,2,311,45,4,0,0,0,0.9749279121818236,-0.22252093395631434,-0.801361088174677,0.5981809144059158,-0.7485107481711011,0.6631226582407952,-0.5000000000000004,0.8660254037844384,1.0,1.0,0.0,0.0,2.0,0.0,1.3333333333333333,0.5773502691896335,4.0,2.0,1.0,1.1547005383792512,7.0,3.0,0.8571428571428571,1.0994504121565514,12.0,3.0,1.0,1.2171612389003712,28.0,5.0,1.1071428571428572,1.2746275238968157,62.0,5.0,0.9523809523809523,1.1812262558818376,80.0,5.0,1.0,2.0,2.0,1319,0.3661865049279757,0.15921152388172857,0.3199393479909022,0.24791508718726307,0.15466262319939347,0.3009855951478393,43.28363914373089,5.3570887035633055
2024-11-07,0,0,0,0,0,0,0,0,0,0,0,0,2024,11,7,3,312,45,4,0,0,0,0.43388373911755823,-0.900968867902419,-0.7909456567567774,0.6118864012687242,-0.7485107481711011,0.6631226582407952,-0.5000000000000004,0.8660254037844384,2.0,1.0,1.0,3.0,3.0,0.0,1.0,1.0000000000000044,3.0,2.0,0.5714285714285714,0.7867957924694411,4.0,2.0,0.6428571428571429,0.9287827316640661,9.0,3.0,1.0,1.2171612389003712,28.0,5.0,1.0535714285714286,1.256541325980211,59.0,5.0,0.9523809523809523,1.1812262558818376,80.0,5.0,-2.0,-3.0,0.0,1319,0.3661865049279757,0.15921152388172857,0.3199393479909022,0.24791508718726307,0.15466262319939347,0.3009855951478393,43.28363914373089,5.3570887035633055
2024-11-08,1,1,0,1,0,1,0,1,2,0,0,1,2024,11,8,4,313,45,4,0,0,1,-0.433883739117558,-0.9009688679024191,-0.780295851070776,0.6254105729852457,-0.7485107481711011,0.6631226582407952,-0.5000000000000004,0.8660254037844384,0.0,2.0,1.0,0.0,0.0,1.0,1.0,1.0000000000000044,3.0,2.0,0.7142857142857143,0.7559289460184528,5.0,2.0,0.7142857142857143,0.9138735334633765,10.0,3.0,1.0,1.2171612389003712,28.0,5.0,1.0535714285714286,1.256541325980211,59.0,5.0,0.9642857142857143,1.1765420905678627,81.0,5.0,1.0,1.0,0.0,1319,0.3661865049279757,0.15921152388172857,0.3199393479909022,0.24791508718726307,0.15466262319939347,0.3009855951478393,43.28363914373089,5.3570887035633055
2024-11-09,1,0,1,0,0,1,0,1,2,1,1,1,2024,11,9,5,314,45,4,1,0,0,-0.9749279121818236,-0.2225209339563146,-0.7694148268839381,0.6387494220515268,-0.7485107481711011,0.6631226582407952,-0.5000000000000004,0.8660254037844384,1.0,0.0,2.0,0.0,0.0,1.0,0.6666666666666666,0.5773502691896335,2.0,1.0,0.8571428571428571,0.690065559342353,6.0,2.0,0.7857142857142857,0.892582375303982,11.0,3.0,1.0,1.2171612389003712,28.0,5.0,1.0357142857142858,1.2499350632483535,58.0,5.0,0.9761904761904762,1.1717167970283284,82.0,5.0,0.0,1.0,0.0,1319,0.3661865049279757,0.15921152388172857,0.3199393479909022,0.24791508718726307,0.15466262319939347,0.3009855951478393,43.28363914373089,5.3570887035633055
2024-11-10,3,2,1,0,0,0,0,0,5,0,1,1,2024,11,10,6,315,45,4,1,0,0,-0.7818314824680299,0.6234898018587334,-0.7583058084785625,0.6518989958787125,-0.7485107481711011,0.6631226582407952,-0.5000000000000004,0.8660254037844384,1.0,1.0,0.0,0.0,0.0,5.0,1.6666666666666667,1.1547005383792555,5.0,3.0,1.2857142857142858,0.9511897312113422,9.0,3.0,1.0,1.0377490433255425,14.0,3.0,0.9285714285714286,1.0157490003667429,26.0,3.0,1.0357142857142858,1.2499350632483535,58.0,5.0,1.0119047619047619,1.1872215982496885,85.0,5.0,2.0,3.0,-2.0,1319,0.3661865049279757,0.15921152388172857,0.3199393479909022,0.24791508718726307,0.15466262319939347,0.3009855951478393,43.28363914373089,5.3570887035633055
2024-11-11,1,0,0,0,0,3,0,1,4,0,0,0,2024,11,11,0,316,46,4,0,1,0,0.0,1.0,-0.7469720876965551,0.6648553979642866,-0.6631226582407955,0.7485107481711007,-0.5000000000000004,0.8660254037844384,3.0,1.0,1.0,1.0,1.0,1.0,1.6666666666666667,1.1547005383792555,5.0,3.0,1.2857142857142858,0.9511897312113422,9.0,3.0,1.0,1.0377490433255425,14.0,3.0,0.9285714285714286,1.0157490003667429,26.0,3.0,1.0535714285714286,1.2419873057050423,59.0,5.0,1.0,1.1821972599552848,84.0,5.0,-2.0,0.0,0.0,1319,0.3661865049279757,0.15921152388172857,0.3199393479909022,0.24791508718726307,0.15466262319939347,0.3009855951478393,43.28363914373089,5.3570887035633055
2024-11-12,0,0,0,0,0,0,0,0,0,0,0,0,2024,11,12,1,317,46,4,0,0,0,0.7818314824680298,0.6234898018587336,-0.7354170229639858,0.6776147890466887,-0.6631226582407955,0.7485107481711007,-0.5000000000000004,0.8660254037844384,1.0,3.0,1.0,1.0,1.0,2.0,1.3333333333333333,1.5275252316519494,4.0,3.0,1.1428571428571428,1.0690449676496974,8.0,3.0,0.9285714285714286,1.071611705960536,13.0,3.0,0.8571428571428571,1.007905261357942,24.0,3.0,1.0535714285714286,1.2419873057050423,59.0,5.0,1.0,1.1821972599552848,84.0,5.0,-1.0,-1.0,-2.0,1319,0.3661865049279757,0.15921152388172857,0.3199393479909022,0.24791508718726307,0.15466262319939347,0.3009855951478393,43.28363914373089,5.3570887035633055
2024-11-13,0,0,0,0,0,0,0,0,0,0,0,0,2024,11,13,2,318,46,4,0,0,0,0.9749279121818236,-0.22252093395631434,-0.7236440382959124,0.690173388242972,-0.6631226582407955,0.7485107481711007,-0.5000000000000004,0.8660254037844384,0.0,1.0,3.0,2.0,0.0,0.0,0.3333333333333333,0.5773502691896326,1.0,1.0,0.8571428571428571,1.0690449676496967,6.0,3.0,0.9285714285714286,1.071611705960536,13.0,3.0,0.8571428571428571,1.007905261357942,24.0,3.0,1.0535714285714286,1.2419873057050423,59.0,5.0,0.9880952380952381,1.1872215982496885,83.0,5.0,0.0,-2.0,0.0,1319,0.3661865049279757,0.15921152388172857,0.3199393479909022,0.24791508718726307,0.15466262319939347,0.3009855951478393,43.28363914373089,5.3570887035633055
2024-11-14,0,0,0,0,0,0,0,0,0,0,0,0,2024,11,14,3,319,46,4,0,0,0,0.43388373911755823,-0.900968867902419,-0.711656622281775,0.7025274741691566,-0.6631226582407955,0.7485107481711007,-0.5000000000000004,0.8660254037844384,0.0,0.0,1.0,0.0,3.0,0.0,0.0,0.0,0.0,0.0,0.8571428571428571,1.0690449676496967,6.0,3.0,0.7142857142857143,0.9138735334633765,10.0,3.0,0.8571428571428571,1.007905261357942,24.0,3.0,1.0178571428571428,1.2430325297955291,57.0,5.0,0.9880952380952381,1.1872215982496885,83.0,5.0,0.0,0.0,0.0,1319,0.3661865049279757,0.15921152388172857,0.3199393479909022,0.24791508718726307,0.15466262319939347,0.3009855951478393,43.28363914373089,5.3570887035633055
2024-11-15,2,1,1,1,0,0,0,0,4,0,0,1,2024,11,15,4,320,46,4,0,0,1,-0.433883739117558,-0.9009688679024191,-0.6994583270516471,0.7146733860429608,-0.6631226582407955,0.7485107481711007,-0.5000000000000004,0.8660254037844384,0.0,0.0,0.0,1.0,0.0,1.0,0.6666666666666666,1.154700538379255,2.0,2.0,1.0,1.154700538379251,7.0,3.0,0.8571428571428571,0.9492622930986478,12.0,3.0,0.8928571428571429,1.0306159867619546,25.0,3.0,1.0535714285714286,1.2419873057050423,59.0,5.0,1.0119047619047619,1.1872215982496885,85.0,5.0,2.0,1.0,1.0,1319,0.3661865049279757,0.15921152388172857,0.3199393479909022,0.24791508718726307,0.15466262319939347,0.3009855951478393,43.28363914373089,5.3570887035633055
2024-11-16,2,2,0,2,0,0,0,0,4,0,0,2,2024,11,16,5,321,46,4,1,0,0,-0.9749279121818236,-0.2225209339563146,-0.6870527672236675,0.7266075247685652,-0.6631226582407955,0.7485107481711007,-0.5000000000000004,0.8660254037844384,2.0,0.0,0.0,1.0,0.0,0.0,1.3333333333333333,1.1547005383792552,4.0,2.0,1.1428571428571428,1.2149857925879117,8.0,3.0,1.0,0.9607689228305238,14.0,3.0,0.9642857142857143,1.035737091520492,27.0,3.0,1.0892857142857142,1.2398942141721871,61.0,5.0,1.0357142857142858,1.1867382510140834,87.0,5.0,0.0,1.0,2.0,1319,0.3661865049279757,0.15921152388172857,0.3199393479909022,0.24791508718726307,0.15466262319939347,0.3009855951478393,43.28363914373089,5.3570887035633055
2024-11-17,0,0,0,0,0,0,0,0,0,0,0,0,2024,11,17,6,322,46,4,1,0,0,-0.7818314824680299,0.6234898018587334,-0.6744436188329457,0.7383263540031063,-0.6631226582407955,0.7485107481711007,-0.5000000000000004,0.8660254037844384,2.0,2.0,0.0,3.0,0.0,0.0,1.3333333333333333,1.1547005383792552,4.0,2.0,0.7142857142857143,0.9511897312113406,5.0,2.0,1.0,0.9607689228305238,14.0,3.0,0.9642857142857143,1.035737091520492,27.0,3.0,1.0714285714285714,1.2483755678647197,60.0,5.0,1.0,1.1719615931862335,84.0,5.0,-2.0,-3.0,0.0,1319,0.3661865049279757,0.15921152388172857,0.3199393479909022,0.24791508718726307,0.15466262319939347,0.3009855951478393,43.28363914373089,5.3570887035633055
2024-11-18,1,0,0,0,0,0,0,0,2,1,1,1,2024,11,18,0,323,47,4,0,1,0,0.0,1.0,-0.661634618242279,0.749826401204568,-0.5680647467311559,0.8229838658936564,-0.5000000000000004,0.8660254037844384,0.0,2.0,2.0,1.0,1.0,2.0,1.0,1.000000000000004,3.0,2.0,0.7142857142857143,0.9511897312113406,5.0,2.0,1.0,0.9607689228305238,14.0,3.0,0.9285714285714286,1.0157490003667426,26.0,3.0,1.0535714285714286,1.2419873057050423,59.0,5.0,1.0119047619047619,1.166748624282972,85.0,5.0,1.0,0.0,-1.0,1319,0.3661865049279757,0.15921152388172857,0.3199393479909022,0.24791508718726307,0.15466262319939347,0.3009855951478393,43.28363914373089,5.3570887035633055
2024-11-19,0,0,0,0,0,0,0,0,0,0,0,0,2024,11,19,1,324,47,4,0,0,0,0.7818314824680298,0.6234898018587336,-0.6486295610349818,0.7611042586607742,-0.5680647467311559,0.8229838658936564,-0.5000000000000004,0.8660254037844384,1.0,0.0,2.0,0.0,1.0,1.0,0.3333333333333333,0.5773502691896323,1.0,1.0,0.7142857142857143,0.9511897312113406,5.0,2.0,0.9285714285714286,0.9972489631508756,13.0,3.0,0.8928571428571429,1.0306159867619546,25.0,3.0,1.0357142857142858,1.2499350632483535,58.0,5.0,1.0,1.1719615931862335,84.0,5.0,-1.0,0.0,-1.0,1319,0.3661865049279757,0.15921152388172857,0.3199393479909022,0.24791508718726307,0.15466262319939347,0.3009855951478393,43.28363914373089,5.3570887035633055
2024-11-20,1,0,0,0,0,2,0,1,2,0,0,0,2024,11,20,2,325,47,4,0,0,0,0.9749279121818236,-0.22252093395631434,-0.6354323008901775,0.7721565844991641,-0.5680647467311559,0.8229838658936564,-0.5000000000000004,0.8660254037844384,0.0,1.0,0.0,0.0,2.0,2.0,0.6666666666666666,0.5773502691896326,2.0,1.0,0.8571428571428571,0.8997354108424365,6.0,2.0,0.8571428571428571,0.9492622930986478,12.0,3.0,0.8571428571428571,1.007905261357942,24.0,3.0,1.0535714285714286,1.2419873057050423,59.0,5.0,0.9761904761904762,1.1509680626993903,82.0,5.0,1.0,1.0,-1.0,1319,0.3661865049279757,0.15921152388172857,0.3199393479909022,0.24791508718726307,0.15466262319939347,0.3009855951478393,43.28363914373089,5.3570887035633055
2024-11-21,2,2,0,0,0,1,0,1,7,0,0,0,2024,11,21,3,326,47,4,0,0,0,0.43388373911755823,-0.900968867902419,-0.622046748440868,0.7829801036770624,-0.5680647467311559,0.8229838658936564,-0.5000000000000004,0.8660254037844384,1.0,0.0,1.0,0.0,0.0,3.0,1.0,1.000000000000004,3.0,2.0,1.1428571428571428,0.8997354108424375,8.0,2.0,1.0,0.9607689228305238,14.0,3.0,0.8214285714285714,0.944911182523071,23.0,3.0,1.0892857142857142,1.2398942141721871,61.0,5.0,0.9880952380952381,1.1563762219641318,83.0,5.0,1.0,2.0,-1.0,1319,0.3661865049279757,0.15921152388172857,0.3199393479909022,0.24791508718726307,0.15466262319939347,0.3009855951478393,43.28363914373089,5.3570887035633055
2024-11-22,0,0,0,0,0,0,0,0,0,0,0,0,2024,11,22,4,327,47,4,0,0,1,-0.433883739117558,-0.9009688679024191,-0.6084768701151264,0.7935716089521472,-0.5680647467311559,0.8229838658936564,-0.5000000000000004,0.8660254037844384,2.0,1.0,0.0,2.0,1.0,0.0,1.0,1.000000000000004,3.0,2.0,0.8571428571428571,0.8997354108424365,6.0,2.0,0.9285714285714286,0.9972489631508756,13.0,3.0,0.8214285714285714,0.944911182523071,23.0,3.0,1.0178571428571428,1.1830787482984078,57.0,5.0,0.9880952380952381,1.1563762219641318,83.0,5.0,-2.0,-2.0,0.0,1319,0.3661865049279757,0.15921152388172857,0.3199393479909022,0.24791508718726307,0.15466262319939347,0.3009855951478393,43.28363914373089,5.3570887035633055
2024-11-23,0,0,0,0,0,0,0,0,0,0,0,0,2024,11,23,5,328,47,4,1,0,0,-0.9749279121818236,-0.2225209339563146,-0.594726686960764,0.8039279618328208,-0.5680647467311559,0.8229838658936564,-0.5000000000000004,0.8660254037844384,0.0,2.0,1.0,2.0,1.0,0.0,0.6666666666666666,1.1547005383792548,2.0,2.0,0.5714285714285714,0.7867957924694411,4.0,2.0,0.8571428571428571,1.027105182026192,12.0,3.0,0.8214285714285714,0.944911182523071,23.0,3.0,0.9642857142857143,1.1593773519246644,54.0,5.0,0.9880952380952381,1.1563762219641318,83.0,5.0,0.0,-2.0,0.0,1319,0.3661865049279757,0.15921152388172857,0.3199393479909022,0.24791508718726307,0.15466262319939347,0.3009855951478393,43.28363914373089,5.3570887035633055
2024-11-24,1,0,0,1,0,0,0,0,2,0,0,0,2024,11,24,6,329,47,4,1,0,0,-0.7818314824680299,0.6234898018587334,-0.5808002734538013,0.8140460935082175,-0.5680647467311559,0.8229838658936564,-0.5000000000000004,0.8660254037844384,0.0,0.0,2.0,0.0,3.0,0.0,0.3333333333333333,0.5773502691896323,1.0,1.0,0.7142857142857143,0.7559289460184528,5.0,2.0,0.7142857142857143,0.8254203058555581,10.0,2.0,0.8571428571428571,0.9315175080076988,24.0,3.0,0.9821428571428571,1.1519323122250087,55.0,5.0,1.0,1.1512172709003619,84.0,5.0,1.0,1.0,1.0,1319,0.3661865049279757,0.15921152388172857,0.3199393479909022,0.24791508718726307,0.15466262319939347,0.3009855951478393,43.28363914373089,5.3570887035633055
2024-11-25,0,0,0,0,0,0,0,0,0,0,0,0,2024,11,25,0,330,48,4,0,1,0,0.0,1.0,-0.5667017562911184,0.8239230057575536,-0.4647231720437684,0.88545602565321,-0.5000000000000004,0.8660254037844384,1.0,0.0,0.0,1.0,1.0,1.0,0.3333333333333333,0.5773502691896323,1.0,1.0,0.5714285714285714,0.7867957924694411,4.0,2.0,0.6428571428571429,0.8418973861410967,9.0,2.0,0.8214285714285714,0.944911182523071,23.0,3.0,0.9821428571428571,1.1519323122250087,55.0,5.0,0.9880952380952381,1.1563762219641318,83.0,5.0,-1.0,-1.0,-1.0,1319,0.3661865049279757,0.15921152388172857,0.3199393479909022,0.24791508718726307,0.15466262319939347,0.3009855951478393,43.28363914373089,5.3570887035633055
2024-11-26,0,0,0,0,0,0,0,0,0,0,0,0,2024,11,26,1,331,48,4,0,0,0,0.7818314824680298,0.6234898018587336,-0.5524353131676203,0.8335557718385695,-0.4647231720437684,0.88545602565321,-0.5000000000000004,0.8660254037844384,0.0,1.0,0.0,0.0,0.0,1.0,0.3333333333333333,0.5773502691896323,1.0,1.0,0.5714285714285714,0.7867957924694411,4.0,2.0,0.6428571428571429,0.8418973861410967,9.0,2.0,0.7857142857142857,0.9567360740266466,22.0,3.0,0.9285714285714286,1.1258474441648259,52.0,5.0,0.9761904761904762,1.1613887664757896,82.0,5.0,0.0,0.0,-1.0,1319,0.3661865049279757,0.15921152388172857,0.3199393479909022,0.24791508718726307,0.15466262319939347,0.3009855951478393,43.28363914373089,5.3570887035633055
2024-11-27,0,0,0,0,0,0,0,0,0,0,0,0,2024,11,27,2,332,48,4,0,0,0,0.9749279121818236,-0.22252093395631434,-0.5380051715382992,0.8429415373547832,-0.4647231720437684,0.88545602565321,-0.5000000000000004,0.8660254037844384,0.0,0.0,1.0,1.0,0.0,0.0,0.0,0.0,0.0,0.0,0.42857142857142855,0.7867957924694406,3.0,2.0,0.6428571428571429,0.8418973861410967,9.0,2.0,0.7857142857142857,0.9567360740266466,22.0,3.0,0.9285714285714286,1.1258474441648259,52.0,5.0,0.9523809523809523,1.1606475332762687,80.0,5.0,0.0,-1.0,0.0,1319,0.3661865049279757,0.15921152388172857,0.3199393479909022,0.24791508718726307,0.15466262319939347,0.3009855951478393,43.28363914373089,5.3570887035633055
2024-11-28,1,0,1,0,0,1,0,1,2,0,0,1,2024,11,28,3,333,48,4,0,0,0,0.43388373911755823,-0.900968867902419,-0.5234156073655503,0.8520775211013093,-0.4647231720437684,0.88545602565321,-0.5000000000000004,0.8660254037844384,0.0,0.0,0.0,2.0,0.0,3.0,0.3333333333333333,0.5773502691896323,1.0,1.0,0.2857142857142857,0.4879500364742617,2.0,1.0,0.7142857142857143,0.8254203058555581,10.0,2.0,0.7142857142857143,0.8544932592822111,20.0,3.0,0.9107142857142857,1.116435654853684,51.0,5.0,0.9523809523809523,1.1606475332762687,80.0,5.0,1.0,-1.0,-2.0,1319,0.3661865049279757,0.15921152388172857,0.3199393479909022,0.24791508718726307,0.15466262319939347,0.3009855951478393,43.28363914373089,5.3570887035633055
2024-11-29,0,0,0,0,0,0,0,0,0,0,0,0,2024,11,29,4,334,48,4,0,0,1,-0.433883739117558,-0.9009688679024191,-0.5086709438521042,0.8609610158889945,-0.4647231720437684,0.88545602565321,-0.5000000000000004,0.8660254037844384,1.0,0.0,0.0,0.0,2.0,0.0,0.3333333333333333,0.5773502691896323,1.0,1.0,0.2857142857142857,0.4879500364742617,2.0,1.0,0.5714285714285714,0.7559289460184557,8.0,2.0,0.7142857142857143,0.8544932592822111,20.0,3.0,0.8571428571428571,1.0859193244531484,48.0,5.0,0.9523809523809523,1.1606475332762687,80.0,5.0,-1.0,0.0,0.0,1319,0.3661865049279757,0.15921152388172857,0.3199393479909022,0.24791508718726307,0.15466262319939347,0.3009855951478393,43.28363914373089,5.3570887035633055
2024-11-30,0,0,0,0,0,0,0,0,0,0,0,0,2024,11,30,5,335,48,4,1,0,0,-0.9749279121818236,-0.2225209339563146,-0.49377555015997737,0.8695893893466109,-0.4647231720437684,0.88545602565321,-0.5000000000000004,0.8660254037844384,0.0,1.0,0.0,0.0,2.0,0.0,0.3333333333333333,0.5773502691896323,1.0,1.0,0.2857142857142857,0.4879500364742617,2.0,1.0,0.42857142857142855,0.6462061726588656,6.0,2.0,0.7142857142857143,0.8544932592822111,20.0,3.0,0.8035714285714286,1.051745611433123,45.0,5.0,0.9404761904761905,1.1652725052426447,79.0,5.0,0.0,0.0,0.0,1319,0.3661865049279757,0.15921152388172857,0.3199393479909022,0.24791508718726307,0.15466262319939347,0.3009855951478393,43.28363914373089,5.3570887035633055
2024-12-01,0,0,0,0,0,0,0,0,0,0,0,0,2024,12,1,6,336,48,4,1,0,0,-0.7818314824680299,0.6234898018587334,-0.4787338401157883,0.8779600847008883,-0.4647231720437684,0.88545602565321,-2.4492935982947064e-16,1.0,0.0,0.0,1.0,1.0,0.0,0.0,0.0,0.0,0.0,0.0,0.14285714285714285,0.3779644730092198,1.0,1.0,0.42857142857142855,0.6462061726588656,6.0,2.0,0.7142857142857143,0.8544932592822111,20.0,3.0,0.7857142857142857,1.056826909613452,44.0,5.0,0.9404761904761905,1.1652725052426447,79.0,5.0,0.0,-1.0,0.0,1319,0.3661865049279757,0.15921152388172857,0.3199393479909022,0.24791508718726307,0.15466262319939347,0.3009855951478393,43.28363914373089,5.3570887035633055
2024-12-02,1,1,0,1,0,1,0,1,2,0,0,0,2024,12,2,0,337,49,4,0,1,0,0.0,1.0,-0.4635502709028512,0.8860706215341378,-0.35460488704253595,0.9350162426854147,-2.4492935982947064e-16,1.0,0.0,0.0,0.0,0.0,1.0,1.0,0.3333333333333333,0.5773502691896323,1.0,1.0,0.2857142857142857,0.4879500364742617,2.0,1.0,0.42857142857142855,0.6462061726588656,6.0,2.0,0.7142857142857143,0.8544932592822111,20.0,3.0,0.8035714285714286,1.051745611433123,45.0,5.0,0.9523809523809523,1.1606475332762687,80.0,5.0,1.0,1.0,0.0,1319,0.3661865049279757,0.15921152388172857,0.3199393479909022,0.24791508718726307,0.15466262319939347,0.3009855951478393,43.28363914373089,5.3570887035633055
2024-12-03,5,3,0,3,0,0,0,0,10,0,0,4,2024,12,3,1,338,49,4,0,0,0,0.7818314824680298,0.6234898018587336,-0.4482293417404106,0.893918596519257,-0.35460488704253595,0.9350162426854147,-2.4492935982947064e-16,1.0,1.0,0.0,0.0,0.0,0.0,1.0,2.0,2.6457513110645925,6.0,5.0,1.0,1.8257418583505538,7.0,5.0,0.7857142857142857,1.3688047244316393,11.0,5.0,0.8571428571428571,1.1773883752795387,24.0,5.0,0.8928571428571429,1.1859567894714838,50.0,5.0,1.0,1.2418408411301327,84.0,5.0,4.0,5.0,4.0,1319,0.3661865049279757,0.15921152388172857,0.3199393479909022,0.24791508718726307,0.15466262319939347,0.3009855951478393,43.28363914373089,5.3570887035633055
2024-12-04,2,0,0,2,0,0,0,0,4,0,0,0,2024,12,4,2,339,49,4,0,0,0,0.9749279121818236,-0.22252093395631434,-0.4327755925504317,0.9015016841318838,-0.35460488704253595,0.9350162426854147,-2.4492935982947064e-16,1.0,5.0,1.0,0.0,0.0,1.0,2.0,2.6666666666666665,2.0816659994661357,8.0,5.0,1.2857142857142858,1.7994708216848752,9.0,5.0,0.8571428571428571,1.406421692815487,12.0,5.0,0.8571428571428571,1.1773883752795387,24.0,5.0,0.9285714285714286,1.1886913026463246,52.0,5.0,1.0238095238095237,1.2416098224617529,86.0,5.0,-3.0,2.0,0.0,1319,0.3661865049279757,0.15921152388172857,0.3199393479909022,0.24791508718726307,0.15466262319939347,0.3009855951478393,43.28363914373089,5.3570887035633055
2024-12-05,2,2,0,1,0,0,0,0,3,0,0,1,2024,12,5,3,340,49,4,0,0,0,0.43388373911755823,-0.900968867902419,-0.41719360261231697,0.9088176373395028,-0.35460488704253595,0.9350162426854147,-2.4492935982947064e-16,1.0,2.0,5.0,1.0,1.0,2.0,0.0,3.0,1.732050807568881,9.0,5.0,1.4285714285714286,1.8126539343499322,10.0,5.0,0.8571428571428571,1.406421692815487,12.0,5.0,0.9285714285714286,1.1841099620037014,26.0,5.0,0.9642857142857143,1.1903289952291005,54.0,5.0,1.0119047619047619,1.2271432946152703,85.0,5.0,0.0,1.0,2.0,1319,0.3661865049279757,0.15921152388172857,0.3199393479909022,0.24791508718726307,0.15466262319939347,0.3009855951478393,43.28363914373089,5.3570887035633055
2024-12-06,2,1,1,0,0,0,0,0,3,0,0,1,2024,12,6,4,341,49,4,0,0,1,-0.433883739117558,-0.9009688679024191,-0.4014879892059737,0.9158642882672868,-0.35460488704253595,0.9350162426854147,-2.4492935982947064e-16,1.0,2.0,2.0,5.0,0.0,0.0,1.0,2.0,0.0,6.0,2.0,1.7142857142857142,1.7043362064926946,12.0,5.0,1.0,1.4142135623730956,14.0,5.0,0.9642857142857143,1.2013000012993,27.0,5.0,0.9821428571428571,1.1983484305655696,55.0,5.0,1.0238095238095237,1.2318679173074267,86.0,5.0,0.0,2.0,1.0,1319,0.3661865049279757,0.15921152388172857,0.3199393479909022,0.24791508718726307,0.15466262319939347,0.3009855951478393,43.28363914373089,5.3570887035633055
2024-12-07,0,0,0,0,0,0,0,0,0,0,0,0,2024,12,7,5,342,49,4,1,0,0,-0.9749279121818236,-0.2225209339563146,-0.38566340624360745,0.9226395488404875,-0.35460488704253595,0.9350162426854147,-2.4492935982947064e-16,1.0,2.0,2.0,2.0,0.0,0.0,1.0,1.3333333333333333,1.1547005383792561,4.0,2.0,1.7142857142857142,1.7043362064926946,12.0,5.0,1.0,1.4142135623730956,14.0,5.0,0.9285714285714286,1.214985792587914,26.0,5.0,0.9642857142857143,1.2055068449605568,54.0,5.0,1.0,1.232100762582601,84.0,5.0,-2.0,0.0,-1.0,1319,0.3661865049279757,0.15921152388172857,0.3199393479909022,0.24791508718726307,0.15466262319939347,0.3009855951478393,43.28363914373089,5.3570887035633055
2024-12-08,2,0,0,0,0,0,0,0,4,0,0,0,2024,12,8,6,343,49,4,1,0,0,-0.7818314824680299,0.6234898018587334,-0.3697245428906732,0.9291414114031743,-0.35460488704253595,0.9350162426854147,-2.4492935982947064e-16,1.0,0.0,2.0,2.0,0.0,1.0,3.0,1.3333333333333333,1.1547005383792561,4.0,2.0,2.0,1.5275252316519485,14.0,5.0,1.0714285714285714,1.4392458342578496,15.0,5.0,0.8928571428571429,1.1655323283657186,25.0,5.0,0.9107142857142857,1.0833749575753084,51.0,5.0,0.9880952380952381,1.2172856197199782,83.0,5.0,2.0,2.0,-1.0,1319,0.3661865049279757,0.15921152388172857,0.3199393479909022,0.24791508718726307,0.15466262319939347,0.3009855951478393,43.28363914373089,5.3570887035633055
2024-12-09,0,0,0,0,0,0,0,0,0,0,0,0,2024,12,9,0,344,50,4,0,1,0,0.0,1.0,-0.3536761221763721,0.935367949313148,-0.2393156642875578,0.970941817426052,-2.4492935982947064e-16,1.0,2.0,0.0,2.0,1.0,0.0,1.0,0.6666666666666666,1.1547005383792557,2.0,2.0,1.8571428571428572,1.676163419695053,13.0,5.0,1.0714285714285714,1.4392458342578496,15.0,5.0,0.8571428571428571,1.1773883752795387,24.0,5.0,0.8928571428571429,1.0900971004051385,50.0,5.0,0.9880952380952381,1.2172856197199782,83.0,5.0,-2.0,-1.0,-1.0,1319,0.3661865049279757,0.15921152388172857,0.3199393479909022,0.24791508718726307,0.15466262319939347,0.3009855951478393,43.28363914373089,5.3570887035633055
2024-12-10,0,0,0,0,0,0,0,0,0,0,0,0,2024,12,10,1,345,50,4,0,0,0,0.7818314824680298,0.6234898018587336,-0.33752289959411347,0.941317317512847,-0.2393156642875578,0.970941817426052,-2.4492935982947064e-16,1.0,0.0,2.0,0.0,5.0,0.0,0.0,0.6666666666666666,1.1547005383792557,2.0,2.0,1.1428571428571428,1.069044967649698,8.0,2.0,1.0714285714285714,1.4392458342578496,15.0,5.0,0.8571428571428571,1.1773883752795387,24.0,5.0,0.8571428571428571,1.0859193244531482,48.0,5.0,0.9880952380952381,1.2172856197199782,83.0,5.0,0.0,-5.0,0.0,1319,0.3661865049279757,0.15921152388172857,0.3199393479909022,0.24791508718726307,0.15466262319939347,0.3009855951478393,43.28363914373089,5.3570887035633055
2024-12-11,2,0,0,0,0,0,0,0,4,0,0,0,2024,12,11,2,346,50,4,0,0,0,0.9749279121818236,-0.22252093395631434,-0.32126966169236515,0.9469877530760751,-0.2393156642875578,0.970941817426052,-2.4492935982947064e-16,1.0,0.0,0.0,2.0,2.0,0.0,0.0,0.6666666666666666,1.1547005383792557,2.0,2.0,1.1428571428571428,1.069044967649698,8.0,2.0,1.2142857142857142,1.4238934396479708,17.0,5.0,0.9285714285714286,1.1841099620037014,26.0,5.0,0.8928571428571429,1.0900971004051385,50.0,5.0,1.0119047619047619,1.2172856197199782,85.0,5.0,2.0,0.0,2.0,1319,0.3661865049279757,0.15921152388172857,0.3199393479909022,0.24791508718726307,0.15466262319939347,0.3009855951478393,43.28363914373089,5.3570887035633055
2024-12-12,1,0,1,0,0,0,0,0,1,0,0,1,2024,12,12,3,347,50,4,0,0,0,0.43388373911755823,-0.900968867902419,-0.3049212246562894,0.9523775757303973,-0.2393156642875578,0.970941817426052,-2.4492935982947064e-16,1.0,2.0,0.0,0.0,2.0,1.0,0.0,1.0,1.0000000000000049,3.0,2.0,1.0,1.0000000000000002,7.0,2.0,1.2142857142857142,1.4238934396479708,17.0,5.0,0.9642857142857143,1.1700630833624417,27.0,5.0,0.9107142857142857,1.0833749575753084,51.0,5.0,1.0,1.2123858783705332,84.0,5.0,-1.0,-1.0,1.0,1319,0.3661865049279757,0.15921152388172857,0.3199393479909022,0.24791508718726307,0.15466262319939347,0.3009855951478393,43.28363914373089,5.3570887035633055
2024-12-13,2,0,0,0,0,0,0,0,4,0,0,0,2024,12,13,4,348,50,4,0,0,1,-0.433883739117558,-0.9009688679024191,-0.2884824328806098,0.9574851883550389,-0.2393156642875578,0.970941817426052,-2.4492935982947064e-16,1.0,1.0,2.0,0.0,2.0,0.0,2.0,1.6666666666666667,0.577350269189635,5.0,2.0,1.0,1.0000000000000002,7.0,2.0,1.3571428571428572,1.392681025777418,19.0,5.0,0.9642857142857143,1.1700630833624417,27.0,5.0,0.9285714285714286,1.0930714500000436,52.0,5.0,1.0238095238095237,1.2121492460118102,86.0,5.0,1.0,0.0,0.0,1319,0.3661865049279757,0.15921152388172857,0.3199393479909022,0.24791508718726307,0.15466262319939347,0.3009855951478393,43.28363914373089,5.3570887035633055
2024-12-14,0,0,0,0,0,0,0,0,0,0,0,0,2024,12,14,5,349,50,4,1,0,0,-0.9749279121818236,-0.2225209339563146,-0.27195815753410524,0.9623090774541487,-0.2393156642875578,0.970941817426052,-2.4492935982947064e-16,1.0,2.0,1.0,2.0,0.0,0.0,2.0,1.0,1.000000000000005,3.0,2.0,1.0,1.0000000000000002,7.0,2.0,1.3571428571428572,1.392681025777418,19.0,5.0,0.8928571428571429,1.1655323283657189,25.0,5.0,0.9285714285714286,1.0930714500000436,52.0,5.0,1.0238095238095237,1.2121492460118102,86.0,5.0,-2.0,0.0,-2.0,1319,0.3661865049279757,0.15921152388172857,0.3199393479909022,0.24791508718726307,0.15466262319939347,0.3009855951478393,43.28363914373089,5.3570887035633055
2024-12-15,0,0,0,0,0,0,0,0,0,0,0,0,2024,12,15,6,350,50,4,1,0,0,-0.7818314824680299,0.6234898018587334,-0.2553532951161881,0.9668478136052773,-0.2393156642875578,0.970941817426052,-2.4492935982947064e-16,1.0,0.0,2.0,1.0,2.0,0.0,0.0,0.6666666666666666,1.154700538379256,2.0,2.0,0.7142857142857143,0.9511897312113414,5.0,2.0,1.3571428571428572,1.392681025777418,19.0,5.0,0.8928571428571429,1.1655323283657189,25.0,5.0,0.9285714285714286,1.0930714500000436,52.0,5.0,1.0119047619047619,1.2172856197199782,85.0,5.0,0.0,-2.0,0.0,1319,0.3661865049279757,0.15921152388172857,0.3199393479909022,0.24791508718726307,0.15466262319939347,0.3009855951478393,43.28363914373089,5.3570887035633055
2024-12-16,1,0,0,0,0,1,0,1,2,1,1,1,2024,12,16,0,351,51,4,0,1,0,0.0,1.0,-0.23867276600594997,0.9711000518829505,-0.12053668025532363,0.992708874098054,-2.4492935982947064e-16,1.0,0.0,0.0,2.0,0.0,1.0,1.0,0.3333333333333333,0.5773502691896343,1.0,1.0,0.8571428571428571,0.8997354108424372,6.0,2.0,1.3571428571428572,1.392681025777418,19.0,5.0,0.8928571428571429,1.1655323283657189,25.0,5.0,0.9107142857142857,1.0833749575753084,51.0,5.0,1.0,1.2123858783705332,84.0,5.0,1.0,1.0,0.0,1319,0.3661865049279757,0.15921152388172857,0.3199393479909022,0.24791508718726307,0.15466262319939347,0.3009855951478393,43.28363914373089,5.3570887035633055
2024-12-17,3,3,0,0,0,4,0,2,6,0,0,0,2024,12,17,1,352,51,4,0,0,0,0.7818314824680298,0.6234898018587336,-0.22192151300416674,0.9750645322571945,-0.12053668025532363,0.992708874098054,-2.4492935982947064e-16,1.0,1.0,0.0,0.0,0.0,5.0,0.0,1.3333333333333333,1.52752523165195,4.0,3.0,1.2857142857142858,1.1126972805283746,9.0,3.0,1.2142857142857142,1.0509022810878308,17.0,3.0,1.0,1.2171612389003712,28.0,5.0,0.9464285714285714,1.1187597492864048,53.0,5.0,1.0238095238095237,1.2318679173074267,86.0,5.0,2.0,3.0,3.0,1319,0.3661865049279757,0.15921152388172857,0.3199393479909022,0.24791508718726307,0.15466262319939347,0.3009855951478393,43.28363914373089,5.3570887035633055
2024-12-18,0,0,0,0,0,0,0,0,0,0,0,0,2024,12,18,2,353,51,4,0,0,0,0.9749279121818236,-0.22252093395631434,-0.20510449986861926,0.9787400799669153,-0.12053668025532363,0.992708874098054,-2.4492935982947064e-16,1.0,3.0,1.0,0.0,2.0,2.0,1.0,1.3333333333333333,1.52752523165195,4.0,3.0,1.0,1.154700538379252,7.0,3.0,1.0714285714285714,1.0716117059605361,15.0,3.0,0.9642857142857143,1.2317450089997413,27.0,5.0,0.9107142857142857,1.116435654853684,51.0,5.0,1.0238095238095237,1.2318679173074267,86.0,5.0,-3.0,-2.0,-1.0,1319,0.3661865049279757,0.15921152388172857,0.3199393479909022,0.24791508718726307,0.15466262319939347,0.3009855951478393,43.28363914373089,5.3570887035633055
2024-12-19,1,0,1,0,0,0,0,0,2,0,0,1,2024,12,19,3,354,51,4,0,0,0,0.43388373911755823,-0.900968867902419,-0.1882267098432439,0.9821256058680006,-0.12053668025532363,0.992708874098054,-2.4492935982947064e-16,1.0,0.0,3.0,1.0,1.0,2.0,2.0,1.3333333333333333,1.52752523165195,4.0,3.0,1.0,1.154700538379252,7.0,3.0,1.0,1.0377490433255427,14.0,3.0,0.9285714285714286,1.214985792587914,26.0,5.0,0.875,1.0797727033543187,49.0,5.0,1.0357142857142858,1.2266756778336483,87.0,5.0,1.0,0.0,-1.0,1319,0.3661865049279757,0.15921152388172857,0.3199393479909022,0.24791508718726307,0.15466262319939347,0.3009855951478393,43.28363914373089,5.3570887035633055
2024-12-20,1,1,0,0,0,0,0,0,1,0,0,0,2024,12,20,4,355,51,4,0,0,1,-0.433883739117558,-0.9009688679024191,-0.1712931441814778,0.9852201067560606,-0.12053668025532363,0.992708874098054,-2.4492935982947064e-16,1.0,1.0,0.0,3.0,2.0,2.0,0.0,0.6666666666666666,0.5773502691896344,2.0,1.0,0.8571428571428571,1.0690449676496976,6.0,3.0,0.9285714285714286,0.9972489631508757,13.0,3.0,0.9642857142857143,1.2013000012993003,27.0,5.0,0.8928571428571429,1.0732884290571918,50.0,5.0,1.0,1.1821972599552848,84.0,5.0,0.0,-1.0,1.0,1319,0.3661865049279757,0.15921152388172857,0.3199393479909022,0.24791508718726307,0.15466262319939347,0.3009855951478393,43.28363914373089,5.3570887035633055
2024-12-21,0,0,0,0,0,0,0,0,0,0,0,0,2024,12,21,5,356,51,4,1,0,0,-0.9749279121818236,-0.2225209339563146,-0.154308820664281,0.9880226656636976,-0.12053668025532363,0.992708874098054,-2.4492935982947064e-16,1.0,1.0,1.0,0.0,0.0,0.0,0.0,0.6666666666666666,0.5773502691896343,2.0,1.0,0.8571428571428571,1.0690449676496976,6.0,3.0,0.9285714285714286,0.9972489631508757,13.0,3.0,0.9642857142857143,1.2013000012993003,27.0,5.0,0.8928571428571429,1.0732884290571918,50.0,5.0,0.9642857142857143,1.1662567921927094,81.0,5.0,-1.0,0.0,0.0,1319,0.3661865049279757,0.15921152388172857,0.3199393479909022,0.24791508718726307,0.15466262319939347,0.3009855951478393,43.28363914373089,5.3570887035633055
2024-12-22,0,0,0,0,0,0,0,0,0,0,0,0,2024,12,22,6,357,51,4,1,0,0,-0.7818314824680299,0.6234898018587334,-0.13727877211326517,0.9905324521322227,-0.12053668025532363,0.992708874098054,-2.4492935982947064e-16,1.0,0.0,1.0,1.0,0.0,2.0,1.0,0.3333333333333333,0.577350269189634,1.0,1.0,0.8571428571428571,1.0690449676496976,6.0,3.0,0.7857142857142857,0.9749612559222305,11.0,3.0,0.9285714285714286,1.214985792587914,26.0,5.0,0.8928571428571429,1.0732884290571918,50.0,5.0,0.9642857142857143,1.1662567921927094,81.0,5.0,0.0,0.0,-1.0,1319,0.3661865049279757,0.15921152388172857,0.3199393479909022,0.24791508718726307,0.15466262319939347,0.3009855951478393,43.28363914373089,5.3570887035633055
2024-12-23,3,0,2,0,0,0,0,0,6,0,0,2,2024,12,23,0,358,52,4,0,1,0,0.0,1.0,-0.12020804489935275,0.9927487224577402,6.432490598706546e-16,1.0,-2.4492935982947064e-16,1.0,0.0,0.0,1.0,1.0,0.0,0.0,1.0,1.7320508075688803,3.0,3.0,1.1428571428571428,1.345185418269099,8.0,3.0,1.0,1.1094003924504592,14.0,3.0,1.0357142857142858,1.2614554456142502,29.0,5.0,0.9285714285714286,1.109580475300838,52.0,5.0,1.0,1.1821972599552848,84.0,5.0,3.0,2.0,3.0,1319,0.3661865049279757,0.15921152388172857,0.3199393479909022,0.24791508718726307,0.15466262319939347,0.3009855951478393,43.28363914373089,5.3570887035633055
2024-12-24,0,0,0,0,0,0,0,0,0,0,0,0,2024,12,24,1,359,52,4,0,0,0,0.7818314824680298,0.6234898018587336,-0.10310169744743544,0.9946708199115211,6.432490598706546e-16,1.0,-2.4492935982947064e-16,1.0,3.0,0.0,0.0,3.0,0.0,0.0,1.0,1.73205080756888,3.0,3.0,0.7142857142857143,1.1126972805283732,5.0,3.0,1.0,1.1094003924504592,14.0,3.0,1.0357142857142858,1.2614554456142502,29.0,5.0,0.9107142857142857,1.116435654853684,51.0,5.0,0.9642857142857143,1.1662567921927094,81.0,5.0,-3.0,-3.0,0.0,1319,0.3661865049279757,0.15921152388172857,0.3199393479909022,0.24791508718726307,0.15466262319939347,0.3009855951478393,43.28363914373089,5.3570887035633055
2024-12-25,0,0,0,0,0,0,0,0,0,0,0,0,2024,12,25,2,360,52,4,0,0,0,0.9749279121818236,-0.22252093395631434,-0.0859647987374467,0.9962981749346077,6.432490598706546e-16,1.0,-2.4492935982947064e-16,1.0,0.0,3.0,0.0,0.0,2.0,0.0,1.0,1.73205080756888,3.0,3.0,0.7142857142857143,1.1126972805283732,5.0,3.0,0.8571428571428571,1.0994504121565516,12.0,3.0,1.0357142857142858,1.2614554456142502,29.0,5.0,0.9107142857142857,1.116435654853684,51.0,5.0,0.9642857142857143,1.1662567921927094,81.0,5.0,0.0,0.0,0.0,1319,0.3661865049279757,0.15921152388172857,0.3199393479909022,0.24791508718726307,0.15466262319939347,0.3009855951478393,43.28363914373089,5.3570887035633055
2024-12-26,2,0,0,0,0,0,0,0,4,0,0,2,2024,12,26,3,361,52,4,0,0,0,0.43388373911755823,-0.900968867902419,-0.06880242680232064,0.9976303053065857,6.432490598706546e-16,1.0,-2.4492935982947064e-16,1.0,0.0,0.0,3.0,1.0,1.0,1.0,0.6666666666666666,1.1547005383792555,2.0,2.0,0.8571428571428571,1.2149857925879117,6.0,3.0,0.9285714285714286,1.1411388181101387,13.0,3.0,1.0714285714285714,1.2744954391203718,30.0,5.0,0.8928571428571429,1.0900971004051385,50.0,5.0,0.9642857142857143,1.1662567921927094,81.0,5.0,2.0,1.0,1.0,1319,0.3661865049279757,0.15921152388172857,0.3199393479909022,0.24791508718726307,0.15466262319939347,0.3009855951478393,43.28363914373089,5.3570887035633055
2024-12-27,1,1,0,1,0,1,0,1,2,0,0,1,2024,12,27,4,362,52,4,0,0,1,-0.433883739117558,-0.9009688679024191,-0.05161966722325418,0.9986668162884759,6.432490598706546e-16,1.0,-2.4492935982947064e-16,1.0,2.0,0.0,0.0,1.0,2.0,0.0,1.0,1.0000000000000047,3.0,2.0,0.8571428571428571,1.2149857925879117,6.0,3.0,0.8571428571428571,1.0994504121565516,12.0,3.0,1.1071428571428572,1.2572540835836787,31.0,5.0,0.9107142857142857,1.0833749575753084,51.0,5.0,0.9404761904761905,1.1444069382829398,79.0,5.0,-1.0,0.0,1.0,1319,0.3661865049279757,0.15921152388172857,0.3199393479909022,0.24791508718726307,0.15466262319939347,0.3009855951478393,43.28363914373089,5.3570887035633055
2024-12-28,1,1,0,1,0,0,0,0,2,1,1,0,2024,12,28,5,363,52,4,1,0,0,-0.9749279121818236,-0.2225209339563146,-0.034421611622745804,0.9994074007397048,6.432490598706546e-16,1.0,-2.4492935982947064e-16,1.0,1.0,2.0,0.0,0.0,0.0,0.0,1.3333333333333333,0.5773502691896342,4.0,2.0,1.0,1.1547005383792517,7.0,3.0,0.9285714285714286,1.0716117059605361,13.0,3.0,1.1428571428571428,1.2387055882620128,32.0,5.0,0.9285714285714286,1.0763092299342047,52.0,5.0,0.9166666666666666,1.1216203138825798,77.0,5.0,0.0,1.0,1.0,1319,0.3661865049279757,0.15921152388172857,0.3199393479909022,0.24791508718726307,0.15466262319939347,0.3009855951478393,43.28363914373089,5.3570887035633055
2024-12-29,1,0,0,0,0,1,0,1,2,0,0,1,2024,12,29,6,364,52,4,1,0,0,-0.7818314824680299,0.6234898018587334,-0.01721335615583528,0.9998518392091162,6.432490598706546e-16,1.0,-2.4492935982947064e-16,1.0,1.0,1.0,2.0,0.0,0.0,0.0,1.0,0.0,3.0,1.0,1.1428571428571428,1.069044967649698,8.0,3.0,1.0,1.0377490433255427,14.0,3.0,1.1785714285714286,1.2187902754164641,33.0,5.0,0.9464285714285714,1.0688931038847946,53.0,5.0,0.9166666666666666,1.1216203138825798,77.0,5.0,0.0,1.0,1.0,1319,0.3661865049279757,0.15921152388172857,0.3199393479909022,0.24791508718726307,0.15466262319939347,0.3009855951478393,43.28363914373089,5.3570887035633055
2024-12-30,0,0,0,0,0,0,0,0,0,0,0,0,2024,12,30,0,365,1,4,0,1,0,0.0,1.0,6.432490598706546e-16,1.0,0.12053668025532305,0.992708874098054,-2.4492935982947064e-16,1.0,1.0,1.0,1.0,3.0,1.0,1.0,0.6666666666666666,0.5773502691896335,2.0,1.0,0.7142857142857143,0.7559289460184537,5.0,2.0,0.9285714285714286,1.0716117059605361,13.0,3.0,1.1428571428571428,1.2387055882620128,32.0,5.0,0.9285714285714286,1.0763092299342047,52.0,5.0,0.9166666666666666,1.1216203138825798,77.0,5.0,-1.0,-3.0,-1.0,1319,0.3661865049279757,0.15921152388172857,0.3199393479909022,0.24791508718726307,0.15466262319939347,0.3009855951478393,43.28363914373089,5.3570887035633055
2024-12-31,0,0,0,0,0,0,0,0,0,0,0,0,2024,12,31,1,366,1,4,0,0,0,0.7818314824680298,0.6234898018587336,0.017213356155833904,0.9998518392091162,0.12053668025532305,0.992708874098054,-2.4492935982947064e-16,1.0,0.0,1.0,1.0,0.0,3.0,5.0,0.3333333333333333,0.5773502691896332,1.0,1.0,0.7142857142857143,0.7559289460184537,5.0,2.0,0.7142857142857143,0.9138735334633767,10.0,3.0,0.9642857142857143,0.9993384054849757,27.0,3.0,0.9107142857142857,1.0833749575753084,51.0,5.0,0.9166666666666666,1.1216203138825798,77.0,5.0,0.0,0.0,-5.0,1319,0.3661865049279757,0.15921152388172857,0.3199393479909022,0.24791508718726307,0.15466262319939347,0.3009855951478393,43.28363914373089,5.3570887035633055
2025-01-01,0,0,0,0,0,0,0,0,0,0,0,0,2025,1,1,2,1,1,1,0,0,0,0.9749279121818236,-0.22252093395631434,0.017213356155834685,0.9998518392091162,0.12053668025532305,0.992708874098054,0.49999999999999994,0.8660254037844387,0.0,0.0,1.0,0.0,0.0,2.0,0.0,0.0,0.0,0.0,0.7142857142857143,0.7559289460184537,5.0,2.0,0.7142857142857143,0.9138735334633767,10.0,3.0,0.8928571428571429,0.9940297973880076,25.0,3.0,0.875,1.0797727033543187,49.0,5.0,0.9166666666666666,1.1216203138825798,77.0,5.0,0.0,0.0,-2.0,1319,0.3661865049279757,0.15921152388172857,0.3199393479909022,0.24791508718726307,0.15466262319939347,0.3009855951478393,43.28363914373089,5.3570887035633055
2025-01-02,2,0,1,1,0,0,0,0,5,0,0,1,2025,1,2,3,2,1,1,0,0,0,0.43388373911755823,-0.900968867902419,0.03442161162274574,0.9994074007397048,0.12053668025532305,0.992708874098054,0.49999999999999994,0.8660254037844387,0.0,0.0,0.0,2.0,1.0,2.0,0.6666666666666666,1.1547005383792552,2.0,2.0,0.7142857142857143,0.7559289460184537,5.0,2.0,0.7857142857142857,0.9749612559222305,11.0,3.0,0.8928571428571429,0.9940297973880076,25.0,3.0,0.9107142857142857,1.0833749575753084,51.0,5.0,0.9404761904761905,1.1231538048307521,79.0,5.0,2.0,0.0,0.0,1319,0.3661865049279757,0.15921152388172857,0.3199393479909022,0.24791508718726307,0.15466262319939347,0.3009855951478393,43.28363914373089,5.3570887035633055
2025-01-03,0,0,0,0,0,0,0,0,0,0,0,0,2025,1,3,4,3,1,1,0,0,1,-0.433883739117558,-0.9009688679024191,0.051619667223253764,0.998666816288476,0.12053668025532305,0.992708874098054,0.49999999999999994,0.8660254037844387,2.0,0.0,0.0,1.0,1.0,2.0,0.6666666666666666,1.1547005383792552,2.0,2.0,0.5714285714285714,0.786795792469442,4.0,2.0,0.7142857142857143,0.994490316197695,10.0,3.0,0.8214285714285714,0.9833266074561504,23.0,3.0,0.8928571428571429,1.0900971004051385,50.0,5.0,0.9285714285714286,1.1278053566761121,78.0,5.0,-2.0,-1.0,-2.0,1319,0.3661865049279757,0.15921152388172857,0.3199393479909022,0.24791508718726307,0.15466262319939347,0.3009855951478393,43.28363914373089,5.3570887035633055
2025-01-04,1,1,0,1,0,0,0,0,2,0,0,1,2025,1,4,5,4,1,1,1,0,0,-0.9749279121818236,-0.2225209339563146,0.06880242680231986,0.9976303053065857,0.12053668025532305,0.992708874098054,0.49999999999999994,0.8660254037844387,0.0,2.0,0.0,1.0,0.0,0.0,1.0,1.0000000000000044,3.0,2.0,0.5714285714285714,0.786795792469442,4.0,2.0,0.7857142857142857,0.9749612559222305,11.0,3.0,0.8571428571428571,0.9704632614370042,24.0,3.0,0.8928571428571429,1.0900971004051385,50.0,5.0,0.9285714285714286,1.1278053566761121,78.0,5.0,1.0,0.0,1.0,1319,0.3661865049279757,0.15921152388172857,0.3199393479909022,0.24791508718726307,0.15466262319939347,0.3009855951478393,43.28363914373089,5.3570887035633055
2025-01-05,0,0,0,0,0,0,0,0,0,0,0,0,2025,1,5,6,5,1,1,1,0,0,-0.7818314824680299,0.6234898018587334,0.08596479873744647,0.9962981749346078,0.12053668025532305,0.992708874098054,0.49999999999999994,0.8660254037844387,1.0,0.0,2.0,1.0,0.0,2.0,0.3333333333333333,0.5773502691896331,1.0,1.0,0.42857142857142855,0.7867957924694414,3.0,2.0,0.7857142857142857,0.9749612559222304,11.0,3.0,0.7857142857142857,0.9567360740266465,22.0,3.0,0.8392857142857143,1.0579016230991645,47.0,5.0,0.8690476190476191,1.0387638843084894,73.0,5.0,-1.0,-1.0,-2.0,1319,0.3661865049279757,0.15921152388172857,0.3199393479909022,0.24791508718726307,0.15466262319939347,0.3009855951478393,43.28363914373089,5.3570887035633055
2025-01-06,0,0,0,0,0,0,0,0,0,0,0,0,2025,1,6,0,6,2,1,0,1,0,0.0,1.0,0.10310169744743485,0.9946708199115211,0.23931566428755774,0.970941817426052,0.49999999999999994,0.8660254037844387,0.0,1.0,0.0,0.0,3.0,0.0,0.3333333333333333,0.5773502691896331,1.0,1.0,0.42857142857142855,0.7867957924694414,3.0,2.0,0.5714285714285714,0.7559289460184561,8.0,2.0,0.7857142857142857,0.9567360740266465,22.0,3.0,0.8214285714285714,1.0635642111169563,46.0,5.0,0.8571428571428571,1.0429667732911385,72.0,5.0,0.0,0.0,0.0,1319,0.3661865049279757,0.15921152388172857,0.3199393479909022,0.24791508718726307,0.15466262319939347,0.3009855951478393,43.28363914373089,5.3570887035633055
2025-01-07,0,0,0,0,0,0,0,0,0,0,0,0,2025,1,7,1,7,2,1,0,0,0,0.7818314824680298,0.6234898018587336,0.1202080448993527,0.9927487224577402,0.23931566428755774,0.970941817426052,0.49999999999999994,0.8660254037844387,0.0,0.0,1.0,0.0,0.0,0.0,0.0,0.0,0.0,0.0,0.42857142857142855,0.7867957924694414,3.0,2.0,0.5714285714285714,0.7559289460184561,8.0,2.0,0.7857142857142857,0.9567360740266465,22.0,3.0,0.8214285714285714,1.0635642111169563,46.0,5.0,0.8333333333333334,1.039385051432126,70.0,5.0,0.0,0.0,0.0,1319,0.3661865049279757,0.15921152388172857,0.3199393479909022,0.24791508718726307,0.15466262319939347,0.3009855951478393,43.28363914373089,5.3570887035633055
2025-01-08,3,1,1,1,0,0,0,0,6,0,0,2,2025,1,8,2,8,2,1,0,0,0,0.9749279121818236,-0.22252093395631434,0.13727877211326478,0.9905324521322229,0.23931566428755774,0.970941817426052,0.49999999999999994,0.8660254037844387,0.0,0.0,0.0,0.0,0.0,2.0,1.0,1.73205080756888,3.0,3.0,0.8571428571428571,1.2149857925879115,6.0,3.0,0.7857142857142857,0.9749612559222304,11.0,3.0,0.8214285714285714,1.0202966681339778,23.0,3.0,0.875,1.0964819776324324,49.0,5.0,0.8690476190476191,1.0617076708906263,73.0,5.0,3.0,3.0,1.0,1319,0.3661865049279757,0.15921152388172857,0.3199393479909022,0.24791508718726307,0.15466262319939347,0.3009855951478393,43.28363914373089,5.3570887035633055
2025-01-09,1,0,0,1,0,0,0,0,2,0,0,0,2025,1,9,3,9,2,1,0,0,0,0.43388373911755823,-0.900968867902419,0.15430882066428117,0.9880226656636976,0.23931566428755774,0.970941817426052,0.49999999999999994,0.8660254037844387,3.0,0.0,0.0,2.0,2.0,1.0,1.3333333333333333,1.5275252316519499,4.0,3.0,0.7142857142857143,1.112697280528373,5.0,3.0,0.7142857142857143,0.9138735334633766,10.0,3.0,0.8214285714285714,1.0202966681339778,23.0,3.0,0.8928571428571429,1.0900971004051385,50.0,5.0,0.8809523809523809,1.0574436315235367,74.0,5.0,-2.0,-1.0,0.0,1319,0.3661865049279757,0.15921152388172857,0.3199393479909022,0.24791508718726307,0.15466262319939347,0.3009855951478393,43.28363914373089,5.3570887035633055
2025-01-10,0,0,0,0,0,0,0,0,0,0,0,0,2025,1,10,4,10,2,1,0,0,1,-0.433883739117558,-0.9009688679024191,0.1712931441814776,0.9852201067560606,0.23931566428755774,0.970941817426052,0.49999999999999994,0.8660254037844387,1.0,3.0,0.0,0.0,1.0,2.0,1.3333333333333333,1.5275252316519499,4.0,3.0,0.7142857142857143,1.112697280528373,5.0,3.0,0.6428571428571429,0.9287827316640662,9.0,3.0,0.75,1.0046189622236208,21.0,3.0,0.8571428571428571,1.0859193244531482,48.0,5.0,0.8690476190476191,1.0617076708906263,73.0,5.0,-1.0,0.0,-2.0,1319,0.3661865049279757,0.15921152388172857,0.3199393479909022,0.24791508718726307,0.15466262319939347,0.3009855951478393,43.28363914373089,5.3570887035633055
2025-01-11,2,0,0,0,0,0,0,0,4,0,0,2,2025,1,11,5,11,2,1,1,0,0,-0.9749279121818236,-0.2225209339563146,0.1882267098432442,0.9821256058680006,0.23931566428755774,0.970941817426052,0.49999999999999994,0.8660254037844387,0.0,1.0,3.0,1.0,1.0,0.0,1.0,1.0000000000000047,3.0,2.0,0.8571428571428571,1.2149857925879115,6.0,3.0,0.7142857142857143,0.9944903161976949,10.0,3.0,0.8214285714285714,1.0202966681339778,23.0,3.0,0.8571428571428571,1.0859193244531482,48.0,5.0,0.8928571428571429,1.0644061316437894,75.0,5.0,2.0,1.0,2.0,1319,0.3661865049279757,0.15921152388172857,0.3199393479909022,0.24791508718726307,0.15466262319939347,0.3009855951478393,43.28363914373089,5.3570887035633055
2025-01-12,1,1,0,1,0,0,0,0,2,0,0,1,2025,1,12,6,12,2,1,1,0,0,-0.7818314824680299,0.6234898018587334,0.2051044998686192,0.9787400799669153,0.23931566428755774,0.970941817426052,0.49999999999999994,0.8660254037844387,2.0,0.0,1.0,0.0,1.0,0.0,1.0,1.0000000000000047,3.0,2.0,1.0,1.1547005383792517,7.0,3.0,0.7142857142857143,0.9944903161976949,10.0,3.0,0.8571428571428571,1.007905261357942,24.0,3.0,0.875,1.0797727033543187,49.0,5.0,0.9047619047619048,1.0598823260330803,76.0,5.0,-1.0,1.0,1.0,1319,0.3661865049279757,0.15921152388172857,0.3199393479909022,0.24791508718726307,0.15466262319939347,0.3009855951478393,43.28363914373089,5.3570887035633055
2025-01-13,1,0,0,0,0,0,0,0,2,0,0,0,2025,1,13,0,13,3,1,0,1,0,0.0,1.0,0.2219215130041655,0.9750645322571948,0.3546048870425356,0.9350162426854148,0.49999999999999994,0.8660254037844387,1.0,2.0,0.0,0.0,0.0,1.0,1.3333333333333333,0.5773502691896345,4.0,2.0,1.1428571428571428,1.069044967649698,8.0,3.0,0.7857142857142857,0.9749612559222304,11.0,3.0,0.8571428571428571,1.007905261357942,24.0,3.0,0.875,1.0797727033543187,49.0,5.0,0.8928571428571429,1.0530261286115967,75.0,5.0,0.0,1.0,0.0,1319,0.3661865049279757,0.15921152388172857,0.3199393479909022,0.24791508718726307,0.15466262319939347,0.3009855951478393,43.28363914373089,5.3570887035633055
2025-01-14,3,0,0,0,0,0,0,0,6,0,0,0,2025,1,14,1,14,3,1,0,0,0,0.7818314824680298,0.6234898018587336,0.2386727660059501,0.9711000518829505,0.3546048870425356,0.9350162426854148,0.49999999999999994,0.8660254037844387,1.0,1.0,2.0,0.0,0.0,3.0,1.6666666666666667,1.1547005383792561,5.0,3.0,1.5714285714285714,1.1338934190276833,11.0,3.0,1.0,1.1094003924504592,14.0,3.0,0.8571428571428571,1.007905261357942,24.0,3.0,0.9285714285714286,1.109580475300838,52.0,5.0,0.9166666666666666,1.0777970988759351,77.0,5.0,2.0,3.0,0.0,1319,0.3661865049279757,0.15921152388172857,0.3199393479909022,0.24791508718726307,0.15466262319939347,0.3009855951478393,43.28363914373089,5.3570887035633055
2025-01-15,0,0,0,0,0,0,0,0,0,0,0,0,2025,1,15,2,15,3,1,0,0,0,0.9749279121818236,-0.22252093395631434,0.255353295116187,0.9668478136052775,0.3546048870425356,0.9350162426854148,0.49999999999999994,0.8660254037844387,3.0,1.0,1.0,3.0,0.0,0.0,1.3333333333333333,1.5275252316519499,4.0,3.0,1.1428571428571428,1.069044967649698,8.0,3.0,1.0,1.1094003924504592,14.0,3.0,0.8571428571428571,1.007905261357942,24.0,3.0,0.9107142857142857,1.116435654853684,51.0,5.0,0.8928571428571429,1.075665746699719,75.0,5.0,-3.0,-3.0,0.0,1319,0.3661865049279757,0.15921152388172857,0.3199393479909022,0.24791508718726307,0.15466262319939347,0.3009855951478393,43.28363914373089,5.3570887035633055
2025-01-16,0,0,0,0,0,0,0,0,0,0,0,0,2025,1,16,3,16,3,1,0,0,0,0.43388373911755823,-0.900968867902419,0.2719581575341055,0.9623090774541486,0.3546048870425356,0.9350162426854148,0.49999999999999994,0.8660254037844387,0.0,3.0,1.0,1.0,2.0,1.0,1.0,1.73205080756888,3.0,3.0,1.0,1.1547005383792517,7.0,3.0,0.8571428571428571,1.0994504121565516,12.0,3.0,0.8214285714285714,1.0202966681339778,23.0,3.0,0.875,1.1129404133359369,49.0,5.0,0.8571428571428571,1.0544553455369734,72.0,5.0,0.0,-1.0,-1.0,1319,0.3661865049279757,0.15921152388172857,0.3199393479909022,0.24791508718726307,0.15466262319939347,0.3009855951478393,43.28363914373089,5.3570887035633055
2025-01-17,0,0,0,0,0,0,0,0,0,0,0,0,2025,1,17,4,17,3,1,0,0,1,-0.433883739117558,-0.9009688679024191,0.288482432880609,0.9574851883550393,0.3546048870425356,0.9350162426854148,0.49999999999999994,0.8660254037844387,0.0,0.0,3.0,0.0,0.0,1.0,0.0,0.0,0.0,0.0,1.0,1.1547005383792517,7.0,3.0,0.8571428571428571,1.0994504121565516,12.0,3.0,0.7857142857142857,1.031257515605132,22.0,3.0,0.875,1.1129404133359369,49.0,5.0,0.8571428571428571,1.0544553455369734,72.0,5.0,0.0,0.0,-1.0,1319,0.3661865049279757,0.15921152388172857,0.3199393479909022,0.24791508718726307,0.15466262319939347,0.3009855951478393,43.28363914373089,5.3570887035633055
2025-01-18,2,0,1,0,0,6,0,2,5,0,0,1,2025,1,18,5,18,3,1,1,0,0,-0.9749279121818236,-0.2225209339563146,0.30492122465628907,0.9523775757303974,0.3546048870425356,0.9350162426854148,0.49999999999999994,0.8660254037844387,0.0,0.0,0.0,2.0,1.0,0.0,0.6666666666666666,1.1547005383792552,2.0,2.0,1.0,1.1547005383792517,7.0,3.0,0.9285714285714286,1.1411388181101387,13.0,3.0,0.8571428571428571,1.0440053112638341,24.0,3.0,0.9107142857142857,1.116435654853684,51.0,5.0,0.8809523809523809,1.0574436315235365,74.0,5.0,2.0,0.0,2.0,1319,0.3661865049279757,0.15921152388172857,0.3199393479909022,0.24791508718726307,0.15466262319939347,0.3009855951478393,43.28363914373089,5.3570887035633055
2025-01-19,1,1,0,1,0,1,0,1,2,0,0,1,2025,1,19,6,19,3,1,1,0,0,-0.7818314824680299,0.6234898018587334,0.3212696616923644,0.9469877530760753,0.3546048870425356,0.9350162426854148,0.49999999999999994,0.8660254037844387,2.0,0.0,0.0,1.0,0.0,0.0,1.0,1.0000000000000047,3.0,2.0,1.0,1.1547005383792517,7.0,3.0,1.0,1.1094003924504592,14.0,3.0,0.8928571428571429,1.0306159867619546,25.0,3.0,0.9107142857142857,1.116435654853684,51.0,5.0,0.8928571428571429,1.0530261286115965,75.0,5.0,-1.0,0.0,1.0,1319,0.3661865049279757,0.15921152388172857,0.3199393479909022,0.24791508718726307,0.15466262319939347,0.3009855951478393,43.28363914373089,5.3570887035633055
2025-01-20,1,1,0,1,0,0,0,0,2,0,0,1,2025,1,20,0,20,4,1,0,1,0,0.0,1.0,0.3375228995941133,0.9413173175128471,0.4647231720437685,0.8854560256532099,0.49999999999999994,0.8660254037844387,1.0,2.0,0.0,1.0,0.0,3.0,1.3333333333333333,0.5773502691896345,4.0,2.0,1.0,1.1547005383792517,7.0,3.0,1.0714285714285714,1.0716117059605361,15.0,3.0,0.8214285714285714,0.944911182523071,23.0,3.0,0.9285714285714286,1.109580475300838,52.0,5.0,0.8928571428571429,1.0530261286115965,75.0,5.0,0.0,0.0,-2.0,1319,0.3661865049279757,0.15921152388172857,0.3199393479909022,0.24791508718726307,0.15466262319939347,0.3009855951478393,43.28363914373089,5.3570887035633055
2025-01-21,0,0,0,0,0,0,0,0,0,0,0,0,2025,1,21,1,21,4,1,0,0,0,0.7818314824680298,0.6234898018587336,0.3536761221763716,0.9353679493131483,0.4647231720437685,0.8854560256532099,0.49999999999999994,0.8660254037844387,1.0,1.0,2.0,3.0,0.0,0.0,0.6666666666666666,0.5773502691896332,2.0,1.0,0.5714285714285714,0.7867957924694418,4.0,2.0,1.0714285714285714,1.0716117059605361,15.0,3.0,0.8214285714285714,0.944911182523071,23.0,3.0,0.9285714285714286,1.109580475300838,52.0,5.0,0.8809523809523809,1.0574436315235365,74.0,5.0,-1.0,-3.0,0.0,1319,0.3661865049279757,0.15921152388172857,0.3199393479909022,0.24791508718726307,0.15466262319939347,0.3009855951478393,43.28363914373089,5.3570887035633055
2025-01-22,0,0,0,0,0,0,0,0,0,0,0,0,2025,1,22,2,22,4,1,0,0,0,0.9749279121818236,-0.22252093395631434,0.3697245428906731,0.9291414114031743,0.4647231720437685,0.8854560256532099,0.49999999999999994,0.8660254037844387,0.0,1.0,1.0,0.0,3.0,0.0,0.3333333333333333,0.5773502691896324,1.0,1.0,0.5714285714285714,0.7867957924694418,4.0,2.0,0.8571428571428571,0.949262293098648,12.0,3.0,0.8214285714285714,0.944911182523071,23.0,3.0,0.9285714285714286,1.109580475300838,52.0,5.0,0.8809523809523809,1.0574436315235365,74.0,5.0,0.0,0.0,0.0,1319,0.3661865049279757,0.15921152388172857,0.3199393479909022,0.24791508718726307,0.15466262319939347,0.3009855951478393,43.28363914373089,5.3570887035633055
2025-01-23,0,0,0,0,0,0,0,0,0,0,0,0,2025,1,23,3,23,4,1,0,0,0,0.43388373911755823,-0.900968867902419,0.38566340624360707,0.9226395488404876,0.4647231720437685,0.8854560256532099,0.49999999999999994,0.8660254037844387,0.0,0.0,1.0,0.0,1.0,2.0,0.0,0.0,0.0,0.0,0.5714285714285714,0.7867957924694418,4.0,2.0,0.7857142857142857,0.9749612559222305,11.0,3.0,0.75,0.9279607271383401,21.0,3.0,0.9107142857142857,1.116435654853684,51.0,5.0,0.8452380952380952,1.0354446995181268,71.0,5.0,0.0,0.0,-2.0,1319,0.3661865049279757,0.15921152388172857,0.3199393479909022,0.24791508718726307,0.15466262319939347,0.3009855951478393,43.28363914373089,5.3570887035633055
2025-01-24,0,0,0,0,0,0,0,0,0,0,0,0,2025,1,24,4,24,4,1,0,0,1,-0.433883739117558,-0.9009688679024191,0.401487989205973,0.9158642882672872,0.4647231720437685,0.8854560256532099,0.49999999999999994,0.8660254037844387,0.0,0.0,0.0,0.0,0.0,1.0,0.0,0.0,0.0,0.0,0.5714285714285714,0.7867957924694418,4.0,2.0,0.7857142857142857,0.9749612559222305,11.0,3.0,0.7142857142857143,0.9371802805794006,20.0,3.0,0.9107142857142857,1.116435654853684,51.0,5.0,0.8452380952380952,1.0354446995181268,71.0,5.0,0.0,0.0,-1.0,1319,0.3661865049279757,0.15921152388172857,0.3199393479909022,0.24791508718726307,0.15466262319939347,0.3009855951478393,43.28363914373089,5.3570887035633055
2025-01-25,1,1,0,1,0,0,0,0,2,0,0,1,2025,1,25,5,25,4,1,1,0,0,-0.9749279121818236,-0.2225209339563146,0.4171936026123168,0.9088176373395029,0.4647231720437685,0.8854560256532099,0.49999999999999994,0.8660254037844387,0.0,0.0,0.0,2.0,2.0,1.0,0.3333333333333333,0.5773502691896324,1.0,1.0,0.42857142857142855,0.5345224838248459,3.0,1.0,0.7142857142857143,0.9138735334633767,10.0,3.0,0.7142857142857143,0.9371802805794006,20.0,3.0,0.9285714285714286,1.109580475300838,52.0,5.0,0.8571428571428571,1.0313502337456277,72.0,5.0,1.0,-1.0,0.0,1319,0.3661865049279757,0.15921152388172857,0.3199393479909022,0.24791508718726307,0.15466262319939347,0.3009855951478393,43.28363914373089,5.3570887035633055
2025-01-26,0,0,0,0,0,0,0,0,0,0,0,0,2025,1,26,6,26,4,1,1,0,0,-0.7818314824680299,0.6234898018587334,0.4327755925504312,0.901501684131884,0.4647231720437685,0.8854560256532099,0.49999999999999994,0.8660254037844387,1.0,0.0,0.0,1.0,1.0,1.0,0.3333333333333333,0.5773502691896324,1.0,1.0,0.2857142857142857,0.48795003647426266,2.0,1.0,0.6428571428571429,0.9287827316640663,9.0,3.0,0.6785714285714286,0.9449111825230712,19.0,3.0,0.9285714285714286,1.109580475300838,52.0,5.0,0.8571428571428571,1.0313502337456277,72.0,5.0,-1.0,-1.0,-1.0,1319,0.3661865049279757,0.15921152388172857,0.3199393479909022,0.24791508718726307,0.15466262319939347,0.3009855951478393,43.28363914373089,5.3570887035633055
2025-01-27,0,0,0,0,0,0,0,0,0,0,0,0,2025,1,27,0,27,5,1,0,1,0,0.0,1.0,0.4482293417404106,0.893918596519257,0.5680647467311558,0.8229838658936564,0.49999999999999994,0.8660254037844387,0.0,1.0,0.0,1.0,1.0,0.0,0.3333333333333333,0.5773502691896324,1.0,1.0,0.14285714285714285,0.37796447300922115,1.0,1.0,0.5714285714285714,0.9376144618769922,8.0,3.0,0.6785714285714286,0.9449111825230712,19.0,3.0,0.9107142857142857,1.116435654853684,51.0,5.0,0.8452380952380952,1.0354446995181268,71.0,5.0,0.0,-1.0,0.0,1319,0.3661865049279757,0.15921152388172857,0.3199393479909022,0.24791508718726307,0.15466262319939347,0.3009855951478393,43.28363914373089,5.3570887035633055
2025-01-28,0,0,0,0,0,0,0,0,0,0,0,0,2025,1,28,1,28,5,1,0,0,0,0.7818314824680298,0.6234898018587336,0.4635502709028509,0.886070621534138,0.5680647467311558,0.8229838658936564,0.49999999999999994,0.8660254037844387,0.0,0.0,1.0,0.0,3.0,0.0,0.0,0.0,0.0,0.0,0.14285714285714285,0.37796447300922115,1.0,1.0,0.35714285714285715,0.633323693776653,5.0,2.0,0.6785714285714286,0.9449111825230712,19.0,3.0,0.8214285714285714,0.9743462676844673,46.0,3.0,0.8333333333333334,1.039385051432126,70.0,5.0,0.0,0.0,0.0,1319,0.3661865049279757,0.15921152388172857,0.3199393479909022,0.24791508718726307,0.15466262319939347,0.3009855951478393,43.28363914373089,5.3570887035633055
2025-01-29,0,0,0,0,0,0,0,0,0,0,0,0,2025,1,29,2,29,5,1,0,0,0,0.9749279121818236,-0.22252093395631434,0.47873384011578846,0.8779600847008882,0.5680647467311558,0.8229838658936564,0.49999999999999994,0.8660254037844387,0.0,0.0,0.0,0.0,0.0,0.0,0.0,0.0,0.0,0.0,0.14285714285714285,0.37796447300922115,1.0,1.0,0.35714285714285715,0.633323693776653,5.0,2.0,0.6785714285714286,0.9449111825230712,19.0,3.0,0.7857142857142857,0.9669875568304575,44.0,3.0,0.8095238095238095,1.035236897121242,68.0,5.0,0.0,0.0,0.0,1319,0.3661865049279757,0.15921152388172857,0.3199393479909022,0.24791508718726307,0.15466262319939347,0.3009855951478393,43.28363914373089,5.3570887035633055
2025-01-30,0,0,0,0,0,0,0,0,0,0,0,0,2025,1,30,3,30,5,1,0,0,0,0.43388373911755823,-0.900968867902419,0.49377555015997715,0.869589389346611,0.5680647467311558,0.8229838658936564,0.49999999999999994,0.8660254037844387,0.0,0.0,0.0,0.0,0.0,2.0,0.0,0.0,0.0,0.0,0.14285714285714285,0.37796447300922115,1.0,1.0,0.35714285714285715,0.633323693776653,5.0,2.0,0.6071428571428571,0.916486273736326,17.0,3.0,0.75,0.9582180431310091,42.0,3.0,0.8095238095238095,1.035236897121242,68.0,5.0,0.0,0.0,-2.0,1319,0.3661865049279757,0.15921152388172857,0.3199393479909022,0.24791508718726307,0.15466262319939347,0.3009855951478393,43.28363914373089,5.3570887035633055
2025-01-31,0,0,0,0,0,0,0,0,0,0,0,0,2025,1,31,4,31,5,1,0,0,1,-0.433883739117558,-0.9009688679024191,0.5086709438521044,0.8609610158889943,0.5680647467311558,0.8229838658936564,0.49999999999999994,0.8660254037844387,0.0,0.0,0.0,0.0,0.0,0.0,0.0,0.0,0.0,0.0,0.14285714285714285,0.37796447300922115,1.0,1.0,0.35714285714285715,0.633323693776653,5.0,2.0,0.6071428571428571,0.916486273736326,17.0,3.0,0.7142857142857143,0.9479985752633285,40.0,3.0,0.7976190476190477,1.0387638843084894,67.0,5.0,0.0,0.0,0.0,1319,0.3661865049279757,0.15921152388172857,0.3199393479909022,0.24791508718726307,0.15466262319939347,0.3009855951478393,43.28363914373089,5.3570887035633055
2025-02-01,0,0,0,0,0,0,0,0,0,0,0,0,2025,2,1,5,32,5,1,1,0,0,-0.9749279121818236,-0.2225209339563146,0.5234156073655503,0.8520775211013093,0.5680647467311558,0.8229838658936564,0.8660254037844386,0.5000000000000001,0.0,0.0,0.0,1.0,2.0,1.0,0.0,0.0,0.0,0.0,0.0,0.0,0.0,0.0,0.21428571428571427,0.42581531362632324,3.0,1.0,0.5714285714285714,0.9200874124564755,16.0,3.0,0.7142857142857143,0.9479985752633285,40.0,3.0,0.7857142857142857,1.042141314694634,66.0,5.0,0.0,-1.0,-1.0,1319,0.3661865049279757,0.15921152388172857,0.3199393479909022,0.24791508718726307,0.15466262319939347,0.3009855951478393,43.28363914373089,5.3570887035633055
2025-02-02,0,0,0,0,0,0,0,0,0,0,0,0,2025,2,2,6,33,5,1,1,0,0,-0.7818314824680299,0.6234898018587334,0.5380051715382996,0.8429415373547828,0.5680647467311558,0.8229838658936564,0.8660254037844386,0.5000000000000001,0.0,0.0,0.0,0.0,1.0,0.0,0.0,0.0,0.0,0.0,0.0,0.0,0.0,0.0,0.14285714285714285,0.36313651960128523,2.0,1.0,0.5714285714285714,0.9200874124564755,16.0,3.0,0.6785714285714286,0.93628167589854,38.0,3.0,0.75,1.0164312717151527,63.0,5.0,0.0,0.0,0.0,1319,0.3661865049279757,0.15921152388172857,0.3199393479909022,0.24791508718726307,0.15466262319939347,0.3009855951478393,43.28363914373089,5.3570887035633055
2025-02-03,2,2,0,1,0,0,0,0,5,0,0,1,2025,2,3,0,34,6,1,0,1,0,0.0,1.0,0.5524353131676196,0.8335557718385699,0.6631226582407952,0.7485107481711011,0.8660254037844386,0.5000000000000001,0.0,0.0,0.0,0.0,1.0,0.0,0.6666666666666666,1.1547005383792552,2.0,2.0,0.2857142857142857,0.7559289460184518,2.0,2.0,0.21428571428571427,0.5789342235218418,3.0,2.0,0.6428571428571429,0.951189731211345,18.0,3.0,0.7142857142857143,0.9479985752633285,40.0,3.0,0.7619047619047619,1.0252128502953846,64.0,5.0,2.0,2.0,2.0,1319,0.3661865049279757,0.15921152388172857,0.3199393479909022,0.24791508718726307,0.15466262319939347,0.3009855951478393,43.28363914373089,5.3570887035633055
2025-02-04,0,0,0,0,0,0,0,0,0,0,0,0,2025,2,4,1,35,6,1,0,0,0,0.7818314824680298,0.6234898018587336,0.5667017562911176,0.8239230057575542,0.6631226582407952,0.7485107481711011,0.8660254037844386,0.5000000000000001,2.0,0.0,0.0,0.0,0.0,0.0,0.6666666666666666,1.1547005383792552,2.0,2.0,0.2857142857142857,0.7559289460184518,2.0,2.0,0.21428571428571427,0.5789342235218418,3.0,2.0,0.6428571428571429,0.951189731211345,18.0,3.0,0.7142857142857143,0.9479985752633285,40.0,3.0,0.7619047619047619,1.0252128502953846,64.0,5.0,-2.0,0.0,0.0,1319,0.3661865049279757,0.15921152388172857,0.3199393479909022,0.24791508718726307,0.15466262319939347,0.3009855951478393,43.28363914373089,5.3570887035633055
2025-02-05,0,0,0,0,0,0,0,0,0,0,0,0,2025,2,5,2,36,6,1,0,0,0,0.9749279121818236,-0.22252093395631434,0.5808002734538009,0.8140460935082178,0.6631226582407952,0.7485107481711011,0.8660254037844386,0.5000000000000001,0.0,2.0,0.0,0.0,0.0,3.0,0.6666666666666666,1.1547005383792552,2.0,2.0,0.2857142857142857,0.7559289460184518,2.0,2.0,0.21428571428571427,0.5789342235218418,3.0,2.0,0.5357142857142857,0.8380817098475293,15.0,3.0,0.6785714285714286,0.93628167589854,38.0,3.0,0.7619047619047619,1.0252128502953846,64.0,5.0,0.0,0.0,-3.0,1319,0.3661865049279757,0.15921152388172857,0.3199393479909022,0.24791508718726307,0.15466262319939347,0.3009855951478393,43.28363914373089,5.3570887035633055
2025-02-06,0,0,0,0,0,0,0,0,0,0,0,0,2025,2,6,3,37,6,1,0,0,0,0.43388373911755823,-0.900968867902419,0.5947266869607634,0.8039279618328213,0.6631226582407952,0.7485107481711011,0.8660254037844386,0.5000000000000001,0.0,0.0,2.0,0.0,0.0,1.0,0.0,0.0,0.0,0.0,0.2857142857142857,0.7559289460184518,2.0,2.0,0.21428571428571427,0.5789342235218418,3.0,2.0,0.5,0.8388704928078646,14.0,3.0,0.6607142857142857,0.9395702250455842,37.0,3.0,0.7619047619047619,1.0252128502953846,64.0,5.0,0.0,0.0,-1.0,1319,0.3661865049279757,0.15921152388172857,0.3199393479909022,0.24791508718726307,0.15466262319939347,0.3009855951478393,43.28363914373089,5.3570887035633055
2025-02-07,1,1,0,0,0,1,0,1,2,0,0,0,2025,2,7,4,38,6,1,0,0,1,-0.433883739117558,-0.9009688679024191,0.6084768701151261,0.7935716089521474,0.6631226582407952,0.7485107481711011,0.8660254037844386,0.5000000000000001,0.0,0.0,0.0,0.0,0.0,0.0,0.3333333333333333,0.5773502691896324,1.0,1.0,0.42857142857142855,0.7867957924694412,3.0,2.0,0.2857142857142857,0.6112498455021288,4.0,2.0,0.5357142857142857,0.8380817098475294,15.0,3.0,0.6428571428571429,0.9230103206075508,36.0,3.0,0.75,1.0164312717151527,63.0,5.0,1.0,1.0,1.0,1319,0.3661865049279757,0.15921152388172857,0.3199393479909022,0.24791508718726307,0.15466262319939347,0.3009855951478393,43.28363914373089,5.3570887035633055
2025-02-08,0,0,0,0,0,0,0,0,0,0,0,0,2025,2,8,5,39,6,1,1,0,0,-0.9749279121818236,-0.2225209339563146,0.6220467484408675,0.7829801036770629,0.6631226582407952,0.7485107481711011,0.8660254037844386,0.5000000000000001,1.0,0.0,0.0,0.0,1.0,2.0,0.3333333333333333,0.5773502691896324,1.0,1.0,0.42857142857142855,0.7867957924694412,3.0,2.0,0.21428571428571427,0.5789342235218418,3.0,2.0,0.4642857142857143,0.7926581093427888,13.0,3.0,0.6428571428571429,0.9230103206075508,36.0,3.0,0.7261904761904762,1.010203253748526,61.0,5.0,-1.0,0.0,-2.0,1319,0.3661865049279757,0.15921152388172857,0.3199393479909022,0.24791508718726307,0.15466262319939347,0.3009855951478393,43.28363914373089,5.3570887035633055
2025-02-09,1,0,1,0,0,1,0,1,2,0,0,1,2025,2,9,6,40,6,1,1,0,0,-0.7818314824680299,0.6234898018587334,0.6354323008901774,0.7721565844991642,0.6631226582407952,0.7485107481711011,0.8660254037844386,0.5000000000000001,0.0,1.0,0.0,0.0,0.0,1.0,0.6666666666666666,0.5773502691896332,2.0,1.0,0.5714285714285714,0.7867957924694416,4.0,2.0,0.2857142857142857,0.6112498455021288,4.0,2.0,0.4642857142857143,0.7926581093427888,13.0,3.0,0.6607142857142857,0.9200155278192719,37.0,3.0,0.7380952380952381,1.0074307966791234,62.0,5.0,1.0,1.0,0.0,1319,0.3661865049279757,0.15921152388172857,0.3199393479909022,0.24791508718726307,0.15466262319939347,0.3009855951478393,43.28363914373089,5.3570887035633055
2025-02-10,0,0,0,0,0,0,0,0,0,0,0,0,2025,2,10,0,41,7,1,0,1,0,0.0,1.0,0.6486295610349814,0.7611042586607747,0.7485107481711011,0.6631226582407953,0.8660254037844386,0.5000000000000001,1.0,0.0,1.0,2.0,0.0,1.0,0.3333333333333333,0.5773502691896324,1.0,1.0,0.2857142857142857,0.48795003647426255,2.0,1.0,0.2857142857142857,0.6112498455021288,4.0,2.0,0.42857142857142855,0.7901510136288066,12.0,3.0,0.6428571428571429,0.9230103206075508,36.0,3.0,0.7261904761904762,1.010203253748526,61.0,5.0,-1.0,-2.0,-1.0,1319,0.3661865049279757,0.15921152388172857,0.3199393479909022,0.24791508718726307,0.15466262319939347,0.3009855951478393,43.28363914373089,5.3570887035633055
2025-02-11,0,0,0,0,0,0,0,0,0,0,0,0,2025,2,11,1,42,7,1,0,0,0,0.7818314824680298,0.6234898018587336,0.6616346182422783,0.7498264012045686,0.7485107481711011,0.6631226582407953,0.8660254037844386,0.5000000000000001,0.0,1.0,0.0,0.0,0.0,3.0,0.3333333333333333,0.5773502691896324,1.0,1.0,0.2857142857142857,0.48795003647426255,2.0,1.0,0.2857142857142857,0.6112498455021288,4.0,2.0,0.32142857142857145,0.6118321864193078,9.0,2.0,0.5892857142857143,0.8692062358954187,33.0,3.0,0.7261904761904762,1.010203253748526,61.0,5.0,0.0,0.0,-3.0,1319,0.3661865049279757,0.15921152388172857,0.3199393479909022,0.24791508718726307,0.15466262319939347,0.3009855951478393,43.28363914373089,5.3570887035633055
2025-02-12,0,0,0,0,0,0,0,0,0,0,0,0,2025,2,12,2,43,7,1,0,0,0,0.9749279121818236,-0.22252093395631434,0.6744436188329455,0.7383263540031065,0.7485107481711011,0.6631226582407953,0.8660254037844386,0.5000000000000001,0.0,0.0,1.0,0.0,0.0,0.0,0.0,0.0,0.0,0.0,0.2857142857142857,0.48795003647426255,2.0,1.0,0.2857142857142857,0.6112498455021288,4.0,2.0,0.32142857142857145,0.6118321864193078,9.0,2.0,0.5892857142857143,0.8692062358954187,33.0,3.0,0.7142857142857143,1.0128265181846487,60.0,5.0,0.0,0.0,0.0,1319,0.3661865049279757,0.15921152388172857,0.3199393479909022,0.24791508718726307,0.15466262319939347,0.3009855951478393,43.28363914373089,5.3570887035633055
2025-02-13,0,0,0,0,0,0,0,0,0,0,0,0,2025,2,13,3,44,7,1,0,0,0,0.43388373911755823,-0.900968867902419,0.6870527672236669,0.7266075247685656,0.7485107481711011,0.6631226582407953,0.8660254037844386,0.5000000000000001,0.0,0.0,0.0,0.0,0.0,0.0,0.0,0.0,0.0,0.0,0.2857142857142857,0.48795003647426255,2.0,1.0,0.2857142857142857,0.6112498455021288,4.0,2.0,0.32142857142857145,0.6118321864193078,9.0,2.0,0.5714285714285714,0.8708855024867277,32.0,3.0,0.6904761904761905,1.0057208704734109,58.0,5.0,0.0,0.0,0.0,1319,0.3661865049279757,0.15921152388172857,0.3199393479909022,0.24791508718726307,0.15466262319939347,0.3009855951478393,43.28363914373089,5.3570887035633055
2025-02-14,0,0,0,0,0,0,0,0,0,0,0,0,2025,2,14,4,45,7,1,0,0,1,-0.433883739117558,-0.9009688679024191,0.699458327051647,0.7146733860429609,0.7485107481711011,0.6631226582407953,0.8660254037844386,0.5000000000000001,0.0,0.0,0.0,1.0,0.0,0.0,0.0,0.0,0.0,0.0,0.14285714285714285,0.3779644730092209,1.0,1.0,0.2857142857142857,0.6112498455021288,4.0,2.0,0.32142857142857145,0.6118321864193078,9.0,2.0,0.5535714285714286,0.8721893634494102,31.0,3.0,0.6904761904761905,1.0057208704734109,58.0,5.0,0.0,-1.0,0.0,1319,0.3661865049279757,0.15921152388172857,0.3199393479909022,0.24791508718726307,0.15466262319939347,0.3009855951478393,43.28363914373089,5.3570887035633055
2025-02-15,1,1,0,0,0,0,0,0,2,1,1,0,2025,2,15,5,46,7,1,1,0,0,-0.9749279121818236,-0.2225209339563146,0.7116566222817746,0.7025274741691571,0.7485107481711011,0.6631226582407953,0.8660254037844386,0.5000000000000001,0.0,0.0,0.0,0.0,0.0,2.0,0.3333333333333333,0.5773502691896324,1.0,1.0,0.2857142857142857,0.48795003647426255,2.0,1.0,0.35714285714285715,0.633323693776653,5.0,2.0,0.2857142857142857,0.5345224838248547,8.0,2.0,0.5714285714285714,0.8708855024867277,32.0,3.0,0.7023809523809523,1.003364963867662,59.0,5.0,1.0,1.0,-1.0,1319,0.3661865049279757,0.15921152388172857,0.3199393479909022,0.24791508718726307,0.15466262319939347,0.3009855951478393,43.28363914373089,5.3570887035633055
2025-02-16,0,0,0,0,0,0,0,0,0,0,0,0,2025,2,16,6,47,7,1,1,0,0,-0.7818314824680299,0.6234898018587334,0.7236440382959124,0.6901733882429719,0.7485107481711011,0.6631226582407953,0.8660254037844386,0.5000000000000001,1.0,0.0,0.0,1.0,0.0,1.0,0.3333333333333333,0.5773502691896324,1.0,1.0,0.14285714285714285,0.3779644730092209,1.0,1.0,0.35714285714285715,0.633323693776653,5.0,2.0,0.25,0.518187725171607,7.0,2.0,0.5714285714285714,0.8708855024867277,32.0,3.0,0.6904761904761905,1.0057208704734109,58.0,5.0,-1.0,-1.0,-1.0,1319,0.3661865049279757,0.15921152388172857,0.3199393479909022,0.24791508718726307,0.15466262319939347,0.3009855951478393,43.28363914373089,5.3570887035633055
2025-02-17,0,0,0,0,0,0,0,0,0,0,0,0,2025,2,17,0,48,8,1,0,1,0,0.0,1.0,0.7354170229639855,0.6776147890466889,0.8229838658936564,0.5680647467311559,0.8660254037844386,0.5000000000000001,0.0,1.0,0.0,0.0,2.0,1.0,0.3333333333333333,0.5773502691896324,1.0,1.0,0.14285714285714285,0.3779644730092209,1.0,1.0,0.21428571428571427,0.42581531362632324,3.0,1.0,0.21428571428571427,0.4986754943620702,6.0,2.0,0.5178571428571429,0.8088391553459692,29.0,3.0,0.6904761904761905,1.0057208704734109,58.0,5.0,0.0,0.0,-1.0,1319,0.3661865049279757,0.15921152388172857,0.3199393479909022,0.24791508718726307,0.15466262319939347,0.3009855951478393,43.28363914373089,5.3570887035633055
2025-02-18,1,1,0,0,0,1,0,1,2,0,0,0,2025,2,18,1,49,8,1,0,0,0,0.7818314824680298,0.6234898018587336,0.7469720876965552,0.6648553979642865,0.8229838658936564,0.5680647467311559,0.8660254037844386,0.5000000000000001,0.0,0.0,1.0,0.0,0.0,0.0,0.3333333333333333,0.5773502691896324,1.0,1.0,0.2857142857142857,0.48795003647426255,2.0,1.0,0.2857142857142857,0.46880723093849824,4.0,1.0,0.25,0.518187725171607,7.0,2.0,0.5357142857142857,0.8082368175521051,30.0,3.0,0.7023809523809523,1.003364963867662,59.0,5.0,1.0,1.0,1.0,1319,0.3661865049279757,0.15921152388172857,0.3199393479909022,0.24791508718726307,0.15466262319939347,0.3009855951478393,43.28363914373089,5.3570887035633055
2025-02-19,1,1,0,0,0,0,0,0,2,0,0,0,2025,2,19,2,50,8,1,0,0,0,0.9749279121818236,-0.22252093395631434,0.7583058084785624,0.6518989958787126,0.8229838658936564,0.5680647467311559,0.8660254037844386,0.5000000000000001,1.0,0.0,0.0,0.0,0.0,0.0,0.6666666666666666,0.5773502691896332,2.0,1.0,0.42857142857142855,0.5345224838248458,3.0,1.0,0.35714285714285715,0.49724515809884956,5.0,1.0,0.2857142857142857,0.5345224838248547,8.0,2.0,0.5535714285714286,0.8072319224506538,31.0,3.0,0.7142857142857143,1.0008602152128288,60.0,5.0,0.0,1.0,1.0,1319,0.3661865049279757,0.15921152388172857,0.3199393479909022,0.24791508718726307,0.15466262319939347,0.3009855951478393,43.28363914373089,5.3570887035633055
2025-02-20,1,1,0,1,0,1,0,1,2,0,0,0,2025,2,20,3,51,8,1,0,0,0,0.43388373911755823,-0.900968867902419,0.7694148268839378,0.6387494220515272,0.8229838658936564,0.5680647467311559,0.8660254037844386,0.5000000000000001,1.0,1.0,0.0,0.0,0.0,0.0,1.0,0.0,3.0,1.0,0.5714285714285714,0.5345224838248466,4.0,1.0,0.42857142857142855,0.513552591013098,6.0,1.0,0.32142857142857145,0.5479640045336523,9.0,2.0,0.5357142857142857,0.7854190708679785,30.0,3.0,0.7142857142857143,1.0008602152128288,60.0,5.0,0.0,1.0,1.0,1319,0.3661865049279757,0.15921152388172857,0.3199393479909022,0.24791508718726307,0.15466262319939347,0.3009855951478393,43.28363914373089,5.3570887035633055
2025-02-21,0,0,0,0,0,0,0,0,0,0,0,0,2025,2,21,4,52,8,1,0,0,1,-0.433883739117558,-0.9009688679024191,0.7802958510707755,0.6254105729852463,0.8229838658936564,0.5680647467311559,0.8660254037844386,0.5000000000000001,1.0,1.0,1.0,0.0,1.0,0.0,0.6666666666666666,0.5773502691896332,2.0,1.0,0.5714285714285714,0.5345224838248466,4.0,1.0,0.35714285714285715,0.49724515809884956,5.0,1.0,0.32142857142857145,0.5479640045336523,9.0,2.0,0.5178571428571429,0.7860388939849889,29.0,3.0,0.7142857142857143,1.0008602152128288,60.0,5.0,-1.0,0.0,0.0,1319,0.3661865049279757,0.15921152388172857,0.3199393479909022,0.24791508718726307,0.15466262319939347,0.3009855951478393,43.28363914373089,5.3570887035633055
2025-02-22,0,0,0,0,0,0,0,0,0,0,0,0,2025,2,22,5,53,8,1,1,0,0,-0.9749279121818236,-0.2225209339563146,0.7909456567567772,0.6118864012687243,0.8229838658936564,0.5680647467311559,0.8660254037844386,0.5000000000000001,0.0,1.0,1.0,1.0,0.0,1.0,0.3333333333333333,0.5773502691896324,1.0,1.0,0.42857142857142855,0.5345224838248458,3.0,1.0,0.35714285714285715,0.49724515809884956,5.0,1.0,0.2857142857142857,0.5345224838248547,8.0,2.0,0.5,0.7862453931068976,28.0,3.0,0.7142857142857143,1.0008602152128288,60.0,5.0,0.0,-1.0,-1.0,1319,0.3661865049279757,0.15921152388172857,0.3199393479909022,0.24791508718726307,0.15466262319939347,0.3009855951478393,43.28363914373089,5.3570887035633055
2025-02-23,2,0,1,1,0,1,0,1,5,0,0,1,2025,2,23,6,54,8,1,1,0,0,-0.7818314824680299,0.6234898018587334,0.8013610881746766,0.5981809144059165,0.8229838658936564,0.5680647467311559,0.8660254037844386,0.5000000000000001,0.0,0.0,1.0,0.0,1.0,0.0,0.6666666666666666,1.1547005383792552,2.0,2.0,0.7142857142857143,0.7559289460184535,5.0,2.0,0.42857142857142855,0.646206172658866,6.0,2.0,0.35714285714285715,0.6214848238238746,10.0,2.0,0.5178571428571429,0.8088391553459692,29.0,3.0,0.7380952380952381,1.0074307966791236,62.0,5.0,2.0,2.0,2.0,1319,0.3661865049279757,0.15921152388172857,0.3199393479909022,0.24791508718726307,0.15466262319939347,0.3009855951478393,43.28363914373089,5.3570887035633055
2025-02-24,0,0,0,0,0,0,0,0,0,0,0,0,2025,2,24,0,55,9,1,0,1,0,0.0,1.0,0.8115390590073611,0.5842981736283684,0.8854560256532099,0.4647231720437686,0.8660254037844386,0.5000000000000001,2.0,0.0,0.0,0.0,0.0,0.0,0.6666666666666666,1.1547005383792552,2.0,2.0,0.7142857142857143,0.7559289460184535,5.0,2.0,0.42857142857142855,0.646206172658866,6.0,2.0,0.35714285714285715,0.6214848238238746,10.0,2.0,0.5178571428571429,0.8088391553459692,29.0,3.0,0.7261904761904762,1.010203253748526,61.0,5.0,-2.0,0.0,0.0,1319,0.3661865049279757,0.15921152388172857,0.3199393479909022,0.24791508718726307,0.15466262319939347,0.3009855951478393,43.28363914373089,5.3570887035633055
2025-02-25,2,1,0,0,0,0,0,0,5,0,0,0,2025,2,25,1,56,9,1,0,0,0,0.7818314824680298,0.6234898018587336,0.8214765533024142,0.5702422926917871,0.8854560256532099,0.4647231720437686,0.8660254037844386,0.5000000000000001,0.0,2.0,0.0,1.0,0.0,0.0,1.3333333333333333,1.154700538379256,4.0,2.0,0.8571428571428571,0.899735410842437,6.0,2.0,0.5714285714285714,0.7559289460184562,8.0,2.0,0.42857142857142855,0.6900655593423587,12.0,2.0,0.5535714285714286,0.8294498254789223,31.0,3.0,0.6904761904761905,0.9048222946902038,58.0,3.0,2.0,1.0,2.0,1319,0.3661865049279757,0.15921152388172857,0.3199393479909022,0.24791508718726307,0.15466262319939347,0.3009855951478393,43.28363914373089,5.3570887035633055
2025-02-26,0,0,0,0,0,0,0,0,0,0,0,0,2025,2,26,2,57,9,1,0,0,0,0.9749279121818236,-0.22252093395631434,0.8311706263658079,0.5560174366570446,0.8854560256532099,0.4647231720437686,0.8660254037844386,0.5000000000000001,2.0,0.0,2.0,1.0,0.0,0.0,0.6666666666666666,1.1547005383792552,2.0,2.0,0.7142857142857143,0.9511897312113411,5.0,2.0,0.5714285714285714,0.7559289460184562,8.0,2.0,0.42857142857142855,0.6900655593423587,12.0,2.0,0.5535714285714286,0.8294498254789223,31.0,3.0,0.6666666666666666,0.8962214298964422,56.0,3.0,-2.0,-1.0,0.0,1319,0.3661865049279757,0.15921152388172857,0.3199393479909022,0.24791508718726307,0.15466262319939347,0.3009855951478393,43.28363914373089,5.3570887035633055
2025-02-27,0,0,0,0,0,0,0,0,0,0,0,0,2025,2,27,3,58,9,1,0,0,0,0.43388373911755823,-0.900968867902419,0.8406184056344782,0.5416278206559814,0.8854560256532099,0.4647231720437686,0.8660254037844386,0.5000000000000001,0.0,2.0,0.0,1.0,0.0,0.0,0.6666666666666666,1.1547005383792552,2.0,2.0,0.5714285714285714,0.9759000729485321,4.0,2.0,0.5714285714285714,0.7559289460184562,8.0,2.0,0.42857142857142855,0.6900655593423587,12.0,2.0,0.5178571428571429,0.8088391553459692,29.0,3.0,0.6428571428571429,0.8868905630979627,54.0,3.0,0.0,-1.0,0.0,1319,0.3661865049279757,0.15921152388172857,0.3199393479909022,0.24791508718726307,0.15466262319939347,0.3009855951478393,43.28363914373089,5.3570887035633055
2025-02-28,1,0,1,0,0,2,0,1,2,0,0,1,2025,2,28,4,59,9,1,0,0,1,-0.433883739117558,-0.9009688679024191,0.8498170915275278,0.5270777086423722,0.8854560256532099,0.4647231720437686,0.8660254037844386,0.5000000000000001,0.0,0.0,2.0,0.0,0.0,0.0,0.3333333333333333,0.5773502691896324,1.0,1.0,0.7142857142857143,0.9511897312113411,5.0,2.0,0.6428571428571429,0.7449463436684935,9.0,2.0,0.4642857142857143,0.6929348671835877,13.0,2.0,0.5357142857142857,0.8082368175521052,30.0,3.0,0.6309523809523809,0.8750870786930113,53.0,3.0,1.0,1.0,1.0,1319,0.3661865049279757,0.15921152388172857,0.3199393479909022,0.24791508718726307,0.15466262319939347,0.3009855951478393,43.28363914373089,5.3570887035633055
2025-03-01,0,0,0,0,0,0,0,0,0,0,0,0,2025,3,1,5,60,9,1,1,0,0,-0.9749279121818236,-0.2225209339563146,0.8587639582758029,0.5123714121284237,0.8854560256532099,0.4647231720437686,1.0,6.123233995736766e-17,1.0,0.0,0.0,0.0,1.0,0.0,0.3333333333333333,0.5773502691896324,1.0,1.0,0.7142857142857143,0.9511897312113411,5.0,2.0,0.5714285714285714,0.7559289460184562,8.0,2.0,0.4642857142857143,0.6929348671835877,13.0,2.0,0.5178571428571429,0.8088391553459692,29.0,3.0,0.6309523809523809,0.8750870786930113,53.0,3.0,-1.0,0.0,0.0,1319,0.3661865049279757,0.15921152388172857,0.3199393479909022,0.24791508718726307,0.15466262319939347,0.3009855951478393,43.28363914373089,5.3570887035633055
2025-03-02,0,0,0,0,0,0,0,0,0,0,0,0,2025,3,2,6,61,9,1,1,0,0,-0.7818314824680299,0.6234898018587334,0.8674563547295969,0.49751328890718066,0.8854560256532099,0.4647231720437686,1.0,6.123233995736766e-17,0.0,1.0,0.0,2.0,0.0,0.0,0.3333333333333333,0.5773502691896324,1.0,1.0,0.42857142857142855,0.7867957924694411,3.0,2.0,0.5714285714285714,0.7559289460184562,8.0,2.0,0.4642857142857143,0.6929348671835877,13.0,2.0,0.5178571428571429,0.8088391553459692,29.0,3.0,0.6071428571428571,0.8645335415159999,51.0,3.0,0.0,-2.0,0.0,1319,0.3661865049279757,0.15921152388172857,0.3199393479909022,0.24791508718726307,0.15466262319939347,0.3009855951478393,43.28363914373089,5.3570887035633055
2025-03-03,0,0,0,0,0,0,0,0,0,0,0,0,2025,3,3,0,62,10,1,0,1,0,0.0,1.0,0.8758917051442429,0.48250774176121847,0.9350162426854148,0.35460488704253557,1.0,6.123233995736766e-17,0.0,0.0,1.0,0.0,0.0,2.0,0.0,0.0,0.0,0.0,0.42857142857142855,0.7867957924694411,3.0,2.0,0.5714285714285714,0.7559289460184562,8.0,2.0,0.39285714285714285,0.6288900106557995,11.0,2.0,0.5178571428571429,0.8088391553459692,29.0,3.0,0.6071428571428571,0.8645335415159999,51.0,3.0,0.0,0.0,-2.0,1319,0.3661865049279757,0.15921152388172857,0.3199393479909022,0.24791508718726307,0.15466262319939347,0.3009855951478393,43.28363914373089,5.3570887035633055
2025-03-04,0,0,0,0,0,0,0,0,0,0,0,0,2025,3,4,1,63,10,1,0,0,0,0.7818314824680298,0.6234898018587336,0.8840675099433636,0.4673592171580022,0.9350162426854148,0.35460488704253557,1.0,6.123233995736766e-17,0.0,0.0,0.0,2.0,1.0,0.0,0.0,0.0,0.0,0.0,0.14285714285714285,0.3779644730092207,1.0,1.0,0.5,0.7595545253127516,7.0,2.0,0.39285714285714285,0.6288900106557995,11.0,2.0,0.5178571428571429,0.8088391553459692,29.0,3.0,0.6071428571428571,0.8645335415159999,51.0,3.0,0.0,-2.0,0.0,1319,0.3661865049279757,0.15921152388172857,0.3199393479909022,0.24791508718726307,0.15466262319939347,0.3009855951478393,43.28363914373089,5.3570887035633055
2025-03-05,1,0,0,0,0,0,0,0,2,0,0,0,2025,3,5,2,64,10,1,0,0,0,0.9749279121818236,-0.22252093395631434,0.8919813464595485,0.45207220393230435,0.9350162426854148,0.35460488704253557,1.0,6.123233995736766e-17,0.0,0.0,0.0,0.0,1.0,0.0,0.3333333333333333,0.5773502691896324,1.0,1.0,0.2857142857142857,0.48795003647426244,2.0,1.0,0.5,0.7595545253127516,7.0,2.0,0.42857142857142855,0.6341264874742327,12.0,2.0,0.48214285714285715,0.7383291069231064,27.0,3.0,0.5952380952380952,0.8519155965185224,50.0,3.0,1.0,1.0,1.0,1319,0.3661865049279757,0.15921152388172857,0.3199393479909022,0.24791508718726307,0.15466262319939347,0.3009855951478393,43.28363914373089,5.3570887035633055
2025-03-06,1,1,0,0,0,0,0,0,2,0,0,0,2025,3,6,3,65,10,1,0,0,0,0.43388373911755823,-0.900968867902419,0.8996308696522433,0.43665123195606403,0.9350162426854148,0.35460488704253557,1.0,6.123233995736766e-17,1.0,0.0,0.0,0.0,1.0,0.0,0.6666666666666666,0.5773502691896332,2.0,1.0,0.42857142857142855,0.5345224838248458,3.0,1.0,0.5,0.7595545253127516,7.0,2.0,0.4642857142857143,0.6372477195601897,13.0,2.0,0.48214285714285715,0.7383291069231064,27.0,3.0,0.5952380952380952,0.8519155965185224,50.0,3.0,0.0,1.0,1.0,1319,0.3661865049279757,0.15921152388172857,0.3199393479909022,0.24791508718726307,0.15466262319939347,0.3009855951478393,43.28363914373089,5.3570887035633055
2025-03-07,1,1,0,0,0,0,0,0,2,0,0,0,2025,3,7,4,66,10,1,0,0,1,-0.433883739117558,-0.9009688679024191,0.9070138128026359,0.4211008707960896,0.9350162426854148,0.35460488704253557,1.0,6.123233995736766e-17,1.0,1.0,0.0,1.0,0.0,1.0,1.0,0.0,3.0,1.0,0.42857142857142855,0.5345224838248458,3.0,1.0,0.5714285714285714,0.7559289460184562,8.0,2.0,0.4642857142857143,0.6372477195601897,13.0,2.0,0.5,0.7385489458759975,28.0,3.0,0.5833333333333334,0.8389369827610281,49.0,3.0,0.0,0.0,0.0,1319,0.3661865049279757,0.15921152388172857,0.3199393479909022,0.24791508718726307,0.15466262319939347,0.3009855951478393,43.28363914373089,5.3570887035633055
2025-03-08,0,0,0,0,0,0,0,0,0,0,0,0,2025,3,8,5,67,10,1,1,0,0,-0.9749279121818236,-0.2225209339563146,0.9141279881853337,0.40542572835999735,0.9350162426854148,0.35460488704253557,1.0,6.123233995736766e-17,1.0,1.0,1.0,0.0,0.0,0.0,0.6666666666666666,0.5773502691896332,2.0,1.0,0.42857142857142855,0.5345224838248458,3.0,1.0,0.5714285714285714,0.7559289460184562,8.0,2.0,0.4642857142857143,0.6372477195601897,13.0,2.0,0.4642857142857143,0.7125954025898634,26.0,3.0,0.5833333333333334,0.8389369827610281,49.0,3.0,-1.0,0.0,0.0,1319,0.3661865049279757,0.15921152388172857,0.3199393479909022,0.24791508718726307,0.15466262319939347,0.3009855951478393,43.28363914373089,5.3570887035633055
2025-03-09,1,1,0,0,0,1,0,1,2,0,0,0,2025,3,9,6,68,10,1,1,0,0,-0.7818314824680299,0.6234898018587334,0.9209712877166346,0.38963044953078796,0.9350162426854148,0.35460488704253557,1.0,6.123233995736766e-17,0.0,1.0,1.0,0.0,2.0,1.0,0.6666666666666666,0.5773502691896332,2.0,1.0,0.5714285714285714,0.5345224838248466,4.0,1.0,0.5,0.6504436355879928,7.0,2.0,0.4642857142857143,0.6372477195601897,13.0,2.0,0.4642857142857143,0.7125954025898634,26.0,3.0,0.5952380952380952,0.8376537459173338,50.0,3.0,1.0,1.0,0.0,1319,0.3661865049279757,0.15921152388172857,0.3199393479909022,0.24791508718726307,0.15466262319939347,0.3009855951478393,43.28363914373089,5.3570887035633055
2025-03-10,0,0,0,0,0,0,0,0,0,0,0,0,2025,3,10,0,69,11,1,0,1,0,0.0,1.0,0.9275416835791966,0.37371971479046906,0.970941817426052,0.23931566428755804,1.0,6.123233995736766e-17,1.0,0.0,1.0,0.0,0.0,0.0,0.3333333333333333,0.5773502691896324,1.0,1.0,0.5714285714285714,0.5345224838248466,4.0,1.0,0.5,0.6504436355879928,7.0,2.0,0.4642857142857143,0.6372477195601897,13.0,2.0,0.44642857142857145,0.7114554316110271,25.0,3.0,0.5833333333333334,0.8389369827610281,49.0,3.0,-1.0,0.0,0.0,1319,0.3661865049279757,0.15921152388172857,0.3199393479909022,0.24791508718726307,0.15466262319939347,0.3009855951478393,43.28363914373089,5.3570887035633055
2025-03-11,0,0,0,0,0,0,0,0,0,0,0,0,2025,3,11,1,70,11,1,0,0,0,0.7818314824680298,0.6234898018587336,0.9338372288229252,0.35769823883312546,0.970941817426052,0.23931566428755804,1.0,6.123233995736766e-17,0.0,1.0,0.0,0.0,2.0,0.0,0.3333333333333333,0.5773502691896324,1.0,1.0,0.5714285714285714,0.5345224838248466,4.0,1.0,0.35714285714285715,0.49724515809884956,5.0,1.0,0.4642857142857143,0.6372477195601897,13.0,2.0,0.39285714285714285,0.6231466025837659,22.0,2.0,0.5476190476190477,0.7976586506810491,46.0,3.0,0.0,0.0,0.0,1319,0.3661865049279757,0.15921152388172857,0.3199393479909022,0.24791508718726307,0.15466262319939347,0.3009855951478393,43.28363914373089,5.3570887035633055
2025-03-12,1,0,0,0,0,0,0,0,2,0,0,1,2025,3,12,2,71,11,1,0,0,0,0.9749279121818236,-0.22252093395631434,0.9398560579418954,0.3415707691678556,0.970941817426052,0.23931566428755804,1.0,6.123233995736766e-17,0.0,0.0,1.0,1.0,0.0,0.0,0.3333333333333333,0.5773502691896324,1.0,1.0,0.5714285714285714,0.5345224838248466,4.0,1.0,0.42857142857142855,0.513552591013098,6.0,1.0,0.5,0.6382847385042302,14.0,2.0,0.4107142857142857,0.626005684385628,23.0,2.0,0.5595238095238095,0.7968490730429509,47.0,3.0,1.0,0.0,1.0,1319,0.3661865049279757,0.15921152388172857,0.3199393479909022,0.24791508718726307,0.15466262319939347,0.3009855951478393,43.28363914373089,5.3570887035633055
2025-03-13,0,0,0,0,0,0,0,0,0,0,0,0,2025,3,13,3,72,11,1,0,0,0,0.43388373911755823,-0.900968867902419,0.9455963874271426,0.3253420847119801,0.970941817426052,0.23931566428755804,1.0,6.123233995736766e-17,1.0,0.0,0.0,1.0,0.0,0.0,0.3333333333333333,0.5773502691896324,1.0,1.0,0.42857142857142855,0.5345224838248457,3.0,1.0,0.42857142857142855,0.513552591013098,6.0,1.0,0.5,0.6382847385042302,14.0,2.0,0.4107142857142857,0.626005684385628,23.0,2.0,0.5476190476190477,0.7976586506810491,46.0,3.0,-1.0,-1.0,0.0,1319,0.3661865049279757,0.15921152388172857,0.3199393479909022,0.24791508718726307,0.15466262319939347,0.3009855951478393,43.28363914373089,5.3570887035633055
2025-03-14,2,0,0,1,0,2,0,2,4,0,0,0,2025,3,14,4,73,11,1,0,0,1,-0.433883739117558,-0.9009688679024191,0.9510565162951535,0.30901699437494745,0.970941817426052,0.23931566428755804,1.0,6.123233995736766e-17,0.0,1.0,0.0,1.0,1.0,0.0,1.0,1.0000000000000047,3.0,2.0,0.5714285714285714,0.7867957924694416,4.0,2.0,0.5,0.6504436355879928,7.0,2.0,0.5714285714285714,0.6900655593423585,16.0,2.0,0.44642857142857145,0.6583627863431833,25.0,2.0,0.5595238095238095,0.8118280795535339,47.0,3.0,2.0,1.0,2.0,1319,0.3661865049279757,0.15921152388172857,0.3199393479909022,0.24791508718726307,0.15466262319939347,0.3009855951478393,43.28363914373089,5.3570887035633055
2025-03-15,2,0,0,0,0,0,0,0,4,2,2,0,2025,3,15,5,74,11,1,1,0,0,-0.9749279121818236,-0.2225209339563146,0.9562348265919056,0.29260033563334836,0.970941817426052,0.23931566428755804,1.0,6.123233995736766e-17,2.0,0.0,1.0,0.0,0.0,1.0,1.3333333333333333,1.1547005383792561,4.0,2.0,0.8571428571428571,0.899735410842437,6.0,2.0,0.6428571428571429,0.7449463436684935,9.0,2.0,0.6071428571428571,0.737326788914386,17.0,2.0,0.44642857142857145,0.6583627863431833,25.0,2.0,0.5833333333333334,0.8244506507378165,49.0,3.0,0.0,2.0,1.0,1319,0.3661865049279757,0.15921152388172857,0.3199393479909022,0.24791508718726307,0.15466262319939347,0.3009855951478393,43.28363914373089,5.3570887035633055
2025-03-16,2,0,0,0,1,1,1,1,5,0,0,1,2025,3,16,6,75,11,1,1,0,0,-0.7818314824680299,0.6234898018587334,0.9611297838723007,0.27609697309746883,0.970941817426052,0.23931566428755804,1.0,6.123233995736766e-17,2.0,2.0,0.0,1.0,0.0,0.0,2.0,0.0,6.0,2.0,1.0,1.0,7.0,2.0,0.7857142857142857,0.8017837257372746,11.0,2.0,0.6785714285714286,0.7723735149271059,19.0,2.0,0.4642857142857143,0.6866065623255965,26.0,2.0,0.6071428571428571,0.8361970302039227,51.0,3.0,0.0,1.0,2.0,1319,0.3661865049279757,0.15921152388172857,0.3199393479909022,0.24791508718726307,0.15466262319939347,0.3009855951478393,43.28363914373089,5.3570887035633055
2025-03-17,1,0,0,0,0,0,0,0,3,0,0,0,2025,3,17,0,76,12,1,0,1,0,0.0,1.0,0.9657399376548549,0.2595117970697999,0.992708874098054,0.120536680255323,1.0,6.123233995736766e-17,2.0,2.0,2.0,0.0,0.0,0.0,1.6666666666666667,0.5773502691896356,5.0,2.0,1.1428571428571428,0.899735410842438,8.0,2.0,0.8571428571428571,0.7703288865196448,12.0,2.0,0.7142857142857143,0.7628961803617762,20.0,2.0,0.4642857142857143,0.6866065623255965,26.0,2.0,0.5833333333333334,0.7946861672494822,49.0,3.0,-1.0,1.0,1.0,1319,0.3661865049279757,0.15921152388172857,0.3199393479909022,0.24791508718726307,0.15466262319939347,0.3009855951478393,43.28363914373089,5.3570887035633055
2025-03-18,1,0,1,0,0,0,0,0,2,0,0,1,2025,3,18,1,77,12,1,0,0,0,0.7818314824680298,0.6234898018587336,0.9700639218515071,0.2428497220959356,0.992708874098054,0.120536680255323,1.0,6.123233995736766e-17,1.0,2.0,2.0,0.0,0.0,1.0,1.3333333333333333,0.5773502691896348,4.0,2.0,1.2857142857142858,0.7559289460184557,9.0,2.0,0.9285714285714286,0.7300459115473734,13.0,2.0,0.7142857142857143,0.7628961803617762,20.0,2.0,0.48214285714285715,0.6873155006273314,27.0,2.0,0.5952380952380952,0.7933313566365793,50.0,3.0,0.0,1.0,0.0,1319,0.3661865049279757,0.15921152388172857,0.3199393479909022,0.24791508718726307,0.15466262319939347,0.3009855951478393,43.28363914373089,5.3570887035633055
2025-03-19,0,0,0,0,0,0,0,0,0,0,0,0,2025,3,19,2,78,12,1,0,0,0,0.9749279121818236,-0.22252093395631434,0.9741004551724205,0.22611568550828828,0.992708874098054,0.120536680255323,1.0,6.123233995736766e-17,1.0,1.0,2.0,1.0,1.0,1.0,0.6666666666666666,0.5773502691896332,2.0,1.0,1.1428571428571428,0.899735410842438,8.0,2.0,0.8571428571428571,0.7703288865196448,12.0,2.0,0.6785714285714286,0.7723735149271059,19.0,2.0,0.48214285714285715,0.6873155006273314,27.0,2.0,0.5952380952380952,0.7933313566365793,50.0,3.0,-1.0,-1.0,-1.0,1319,0.3661865049279757,0.15921152388172857,0.3199393479909022,0.24791508718726307,0.15466262319939347,0.3009855951478393,43.28363914373089,5.3570887035633055
2025-03-20,0,0,0,0,0,0,0,0,0,0,0,0,2025,3,20,3,79,12,1,0,0,0,0.43388373911755823,-0.900968867902419,0.9778483415056568,0.20931464596304847,0.992708874098054,0.120536680255323,1.0,6.123233995736766e-17,0.0,1.0,1.0,0.0,1.0,1.0,0.3333333333333333,0.5773502691896323,1.0,1.0,1.1428571428571428,0.899735410842438,8.0,2.0,0.7857142857142857,0.8017837257372747,11.0,2.0,0.6428571428571429,0.7800420555749634,18.0,2.0,0.48214285714285715,0.6873155006273314,27.0,2.0,0.5714285714285714,0.7805730716196241,48.0,3.0,0.0,0.0,-1.0,1319,0.3661865049279757,0.15921152388172857,0.3199393479909022,0.24791508718726307,0.15466262319939347,0.3009855951478393,43.28363914373089,5.3570887035633055
2025-03-21,2,1,0,0,0,2,0,2,4,0,0,1,2025,3,21,4,80,12,1,0,0,1,-0.433883739117558,-0.9009688679024191,0.9813064702716093,0.19245158197082998,0.992708874098054,0.120536680255323,1.0,6.123233995736766e-17,0.0,0.0,1.0,2.0,1.0,0.0,0.6666666666666666,1.1547005383792552,2.0,2.0,1.1428571428571428,0.899735410842438,8.0,2.0,0.8571428571428571,0.8644378215075679,12.0,2.0,0.7142857142857143,0.8099905283919447,20.0,2.0,0.5178571428571429,0.7132785106578183,29.0,2.0,0.5833333333333334,0.7946861672494822,49.0,3.0,2.0,0.0,2.0,1319,0.3661865049279757,0.15921152388172857,0.3199393479909022,0.24791508718726307,0.15466262319939347,0.3009855951478393,43.28363914373089,5.3570887035633055
2025-03-22,2,0,0,2,0,0,0,0,4,0,0,0,2025,3,22,5,81,12,1,1,0,0,-0.9749279121818236,-0.2225209339563146,0.9844738167520922,0.1755314904214282,0.992708874098054,0.120536680255323,1.0,6.123233995736766e-17,2.0,0.0,0.0,2.0,0.0,0.0,1.3333333333333333,1.1547005383792561,4.0,2.0,1.1428571428571428,0.899735410842438,8.0,2.0,1.0,0.8770580193070305,14.0,2.0,0.7857142857142857,0.8325393042503751,22.0,2.0,0.5357142857142857,0.7376691969682928,30.0,2.0,0.5952380952380952,0.8083755482231041,50.0,3.0,0.0,0.0,2.0,1319,0.3661865049279757,0.15921152388172857,0.3199393479909022,0.24791508718726307,0.15466262319939347,0.3009855951478393,43.28363914373089,5.3570887035633055
2025-03-23,2,2,0,2,0,0,0,0,4,0,0,0,2025,3,23,6,82,12,1,1,0,0,-0.7818314824680299,0.6234898018587334,0.9873494423939864,0.15855938510313475,0.992708874098054,0.120536680255323,1.0,6.123233995736766e-17,2.0,2.0,0.0,2.0,1.0,2.0,2.0,0.0,6.0,2.0,1.1428571428571428,0.899735410842438,8.0,2.0,1.0714285714285714,0.9168747682531911,15.0,2.0,0.7857142857142857,0.8325393042503751,22.0,2.0,0.5714285714285714,0.7593572127947285,32.0,2.0,0.6071428571428571,0.8216623928230447,51.0,3.0,0.0,0.0,0.0,1319,0.3661865049279757,0.15921152388172857,0.3199393479909022,0.24791508718726307,0.15466262319939347,0.3009855951478393,43.28363914373089,5.3570887035633055
2025-03-24,3,0,2,0,0,1,0,1,6,0,0,2,2025,3,24,0,83,13,1,0,1,0,0.0,1.0,0.989932495087353,0.141540295217043,1.0,-1.6081226496766366e-16,1.0,6.123233995736766e-17,2.0,2.0,2.0,1.0,0.0,0.0,2.3333333333333335,0.5773502691896373,7.0,3.0,1.4285714285714286,1.1338934190276828,10.0,3.0,1.2857142857142858,0.9944903161976949,18.0,3.0,0.8928571428571429,0.9164862737363259,25.0,3.0,0.625,0.8215838362577504,35.0,3.0,0.6428571428571429,0.8592916267646765,54.0,3.0,1.0,2.0,3.0,1319,0.3661865049279757,0.15921152388172857,0.3199393479909022,0.24791508718726307,0.15466262319939347,0.3009855951478393,43.28363914373089,5.3570887035633055
2025-03-25,0,0,0,0,0,0,0,0,0,0,0,0,2025,3,25,1,84,13,1,0,0,0,0.7818314824680298,0.6234898018587336,0.9922222094179323,0.12447926388678915,1.0,-1.6081226496766366e-16,1.0,6.123233995736766e-17,3.0,2.0,2.0,1.0,0.0,2.0,1.6666666666666667,1.5275252316519505,5.0,3.0,1.2857142857142858,1.2535663410560183,9.0,3.0,1.2857142857142858,0.9944903161976949,18.0,3.0,0.8214285714285714,0.9048663264720787,23.0,3.0,0.625,0.8215838362577504,35.0,3.0,0.6428571428571429,0.8592916267646765,54.0,3.0,-3.0,-1.0,-2.0,1319,0.3661865049279757,0.15921152388172857,0.3199393479909022,0.24791508718726307,0.15466262319939347,0.3009855951478393,43.28363914373089,5.3570887035633055
2025-03-26,4,0,2,2,0,0,0,0,8,0,0,2,2025,3,26,2,85,13,1,0,0,0,0.9749279121818236,-0.22252093395631434,0.994217906893952,0.10738134666416309,1.0,-1.6081226496766366e-16,1.0,6.123233995736766e-17,0.0,3.0,2.0,0.0,1.0,0.0,2.3333333333333335,2.0816659994661357,7.0,4.0,1.8571428571428572,1.4638501094228016,13.0,4.0,1.5,1.22474487139159,21.0,4.0,0.9642857142857143,1.070899340192813,27.0,4.0,0.6964285714285714,0.9326334729169853,39.0,4.0,0.6904761904761905,0.9310725836650887,58.0,4.0,4.0,4.0,4.0,1319,0.3661865049279757,0.15921152388172857,0.3199393479909022,0.24791508718726307,0.15466262319939347,0.3009855951478393,43.28363914373089,5.3570887035633055
2025-03-27,0,0,0,0,0,0,0,0,0,0,0,0,2025,3,27,3,86,13,1,0,0,0,0.43388373911755823,-0.900968867902419,0.995918996147179,0.09025161003104117,1.0,-1.6081226496766366e-16,1.0,6.123233995736766e-17,4.0,0.0,3.0,0.0,0.0,0.0,1.3333333333333333,2.3094010767585056,4.0,4.0,1.8571428571428572,1.4638501094228016,13.0,4.0,1.5,1.22474487139159,21.0,4.0,0.9642857142857143,1.070899340192813,27.0,4.0,0.6964285714285714,0.9326334729169853,39.0,4.0,0.6666666666666666,0.9227164366640278,56.0,4.0,-4.0,0.0,0.0,1319,0.3661865049279757,0.15921152388172857,0.3199393479909022,0.24791508718726307,0.15466262319939347,0.3009855951478393,43.28363914373089,5.3570887035633055
2025-03-28,1,0,0,0,1,0,1,0,1,0,0,1,2025,3,28,4,87,13,1,0,0,1,-0.433883739117558,-0.9009688679024191,0.9973249731081555,0.07309512989807777,1.0,-1.6081226496766366e-16,1.0,6.123233995736766e-17,0.0,4.0,0.0,2.0,2.0,1.0,1.6666666666666667,2.0816659994661353,5.0,4.0,1.7142857142857142,1.4960264830861927,12.0,4.0,1.4285714285714286,1.222499691004254,20.0,4.0,0.9642857142857143,1.070899340192813,27.0,4.0,0.7142857142857143,0.9286213772779865,40.0,4.0,0.6785714285714286,0.9204597369611613,57.0,4.0,1.0,-1.0,0.0,1319,0.3661865049279757,0.15921152388172857,0.3199393479909022,0.24791508718726307,0.15466262319939347,0.3009855951478393,43.28363914373089,5.3570887035633055
2025-03-29,1,0,0,0,0,0,0,0,3,1,1,0,2025,3,29,5,88,13,1,1,0,0,-0.9749279121818236,-0.2225209339563146,0.9984354211555643,0.055916990100603484,1.0,-1.6081226496766366e-16,1.0,6.123233995736766e-17,1.0,0.0,4.0,2.0,2.0,0.0,0.6666666666666666,0.5773502691896337,2.0,1.0,1.5714285714285714,1.5118578920369101,11.0,4.0,1.3571428571428572,1.2157392722216307,19.0,4.0,1.0,1.0540925533894625,28.0,4.0,0.7321428571428571,0.9242406500586207,41.0,4.0,0.6785714285714286,0.9204597369611613,57.0,4.0,0.0,-1.0,1.0,1319,0.3661865049279757,0.15921152388172857,0.3199393479909022,0.24791508718726307,0.15466262319939347,0.3009855951478393,43.28363914373089,5.3570887035633055
2025-03-30,0,0,0,0,0,0,0,0,0,0,0,0,2025,3,30,6,89,13,1,1,0,0,-0.7818314824680299,0.6234898018587334,0.9992500112396835,0.03872228089217446,1.0,-1.6081226496766366e-16,1.0,6.123233995736766e-17,1.0,1.0,0.0,2.0,2.0,0.0,0.6666666666666666,0.5773502691896337,2.0,1.0,1.2857142857142858,1.6035674514745468,9.0,4.0,1.2142857142857142,1.2513728724621083,17.0,4.0,1.0,1.0540925533894625,28.0,4.0,0.7321428571428571,0.9242406500586207,41.0,4.0,0.6785714285714286,0.9204597369611613,57.0,4.0,-1.0,-2.0,0.0,1319,0.3661865049279757,0.15921152388172857,0.3199393479909022,0.24791508718726307,0.15466262319939347,0.3009855951478393,43.28363914373089,5.3570887035633055
2025-03-31,1,1,0,1,0,0,0,0,2,0,0,0,2025,3,31,0,90,14,1,0,1,0,0.0,1.0,0.9997685019798909,0.021516097436222254,0.992708874098054,-0.12053668025532288,1.0,6.123233995736766e-17,0.0,1.0,1.0,3.0,1.0,0.0,0.6666666666666666,0.5773502691896337,2.0,1.0,1.0,1.414213562373095,7.0,4.0,1.2142857142857142,1.2513728724621083,17.0,4.0,1.0357142857142858,1.035737091520492,29.0,4.0,0.7142857142857143,0.9088311317148133,40.0,4.0,0.6904761904761905,0.9180412684136889,58.0,4.0,1.0,-2.0,1.0,1319,0.3661865049279757,0.15921152388172857,0.3199393479909022,0.24791508718726307,0.15466262319939347,0.3009855951478393,43.28363914373089,5.3570887035633055
2025-04-01,2,0,0,0,0,0,0,0,4,0,0,0,2025,4,1,1,91,14,2,0,0,0,0.7818314824680298,0.6234898018587336,0.9999907397361901,0.004303538296244289,0.992708874098054,-0.12053668025532288,0.8660254037844387,-0.4999999999999998,1.0,0.0,1.0,0.0,1.0,0.0,1.0,1.000000000000005,3.0,2.0,1.2857142857142858,1.380131118684709,9.0,4.0,1.2857142857142858,1.2666473875533026,18.0,4.0,1.1071428571428572,1.0306159867619546,31.0,4.0,0.75,0.9194860224356582,42.0,4.0,0.7142857142857143,0.925820099772552,60.0,4.0,1.0,2.0,2.0,1319,0.3661865049279757,0.15921152388172857,0.3199393479909022,0.24791508718726307,0.15466262319939347,0.3009855951478393,43.28363914373089,5.3570887035633055
2025-04-02,3,3,0,2,0,4,0,3,8,2,2,0,2025,4,2,2,92,14,2,0,0,0,0.9749279121818236,-0.22252093395631434,0.9999166586547379,-0.01291029607500882,0.992708874098054,-0.12053668025532288,0.8660254037844387,-0.4999999999999998,2.0,1.0,0.0,4.0,0.0,1.0,2.0,1.0000000000000062,6.0,3.0,1.1428571428571428,1.0690449676496976,8.0,3.0,1.5,1.286019499792346,21.0,4.0,1.1785714285714286,1.0904831219021431,33.0,4.0,0.8035714285714286,0.9614315624893183,45.0,4.0,0.7142857142857143,0.925820099772552,60.0,4.0,1.0,-1.0,2.0,1319,0.3661865049279757,0.15921152388172857,0.3199393479909022,0.24791508718726307,0.15466262319939347,0.3009855951478393,43.28363914373089,5.3570887035633055
2025-04-03,3,2,0,2,0,1,0,1,6,3,3,1,2025,4,3,3,93,14,2,0,0,0,0.43388373911755823,-0.900968867902419,0.9995462806873573,-0.030120304846908114,0.992708874098054,-0.12053668025532288,0.8660254037844387,-0.4999999999999998,3.0,2.0,1.0,0.0,0.0,1.0,2.6666666666666665,0.577350269189638,8.0,3.0,1.5714285714285714,1.1338934190276828,11.0,3.0,1.7142857142857142,1.2666473875533026,24.0,4.0,1.25,1.1426091000668428,35.0,4.0,0.8571428571428571,0.9987004542917762,48.0,4.0,0.7380952380952381,0.9584003693284239,62.0,4.0,0.0,3.0,2.0,1319,0.3661865049279757,0.15921152388172857,0.3199393479909022,0.24791508718726307,0.15466262319939347,0.3009855951478393,43.28363914373089,5.3570887035633055
2025-04-04,1,1,0,1,0,0,0,0,2,0,0,0,2025,4,4,4,94,14,2,0,0,1,-0.433883739117558,-0.9009688679024191,0.9988797155850336,-0.04732138832243185,0.992708874098054,-0.12053668025532288,0.8660254037844387,-0.4999999999999998,3.0,3.0,2.0,1.0,2.0,1.0,2.3333333333333335,1.1547005383792572,7.0,3.0,1.5714285714285714,1.1338934190276828,11.0,3.0,1.6428571428571428,1.2774459408789611,23.0,4.0,1.25,1.1426091000668428,35.0,4.0,0.8571428571428571,0.9987004542917762,48.0,4.0,0.75,0.9553274843788593,63.0,4.0,-2.0,0.0,0.0,1319,0.3661865049279757,0.15921152388172857,0.3199393479909022,0.24791508718726307,0.15466262319939347,0.3009855951478393,43.28363914373089,5.3570887035633055
2025-04-05,0,0,0,0,0,0,0,0,0,0,0,0,2025,4,5,5,95,14,2,1,0,0,-0.9749279121818236,-0.2225209339563146,0.9979171608653922,-0.06450844944931623,0.992708874098054,-0.12053668025532288,0.8660254037844387,-0.4999999999999998,1.0,3.0,3.0,1.0,2.0,0.0,1.3333333333333333,1.5275252316519499,4.0,3.0,1.4285714285714286,1.2724180205607043,10.0,3.0,1.5,1.344504484072965,21.0,4.0,1.25,1.1426091000668428,35.0,4.0,0.8571428571428571,0.9987004542917762,48.0,4.0,0.7261904761904762,0.9486984168708544,61.0,4.0,-1.0,-1.0,0.0,1319,0.3661865049279757,0.15921152388172857,0.3199393479909022,0.24791508718726307,0.15466262319939347,0.3009855951478393,43.28363914373089,5.3570887035633055
2025-04-06,0,0,0,0,0,0,0,0,0,0,0,0,2025,4,6,6,96,14,2,1,0,0,-0.7818314824680299,0.6234898018587334,0.9966589017541702,-0.08167639533042241,0.992708874098054,-0.12053668025532288,0.8660254037844387,-0.4999999999999998,0.0,1.0,3.0,0.0,2.0,1.0,0.3333333333333333,0.5773502691896311,1.0,1.0,1.4285714285714286,1.2724180205607043,10.0,3.0,1.3571428571428572,1.3926810257774183,19.0,4.0,1.2142857142857142,1.1660996354464592,34.0,4.0,0.8392857142857143,1.0050198679951245,47.0,4.0,0.7142857142857143,0.9514912654497653,60.0,4.0,0.0,0.0,-1.0,1319,0.3661865049279757,0.15921152388172857,0.3199393479909022,0.24791508718726307,0.15466262319939347,0.3009855951478393,43.28363914373089,5.3570887035633055
2025-04-07,2,2,0,0,0,0,0,0,4,0,0,0,2025,4,7,0,97,15,2,0,1,0,0.0,1.0,0.9951053111006976,-0.09882013873287143,0.9709418174260521,-0.2393156642875575,0.8660254037844387,-0.4999999999999998,0.0,0.0,1.0,1.0,3.0,0.0,0.6666666666666666,1.1547005383792546,2.0,2.0,1.5714285714285714,1.2724180205607047,11.0,3.0,1.2857142857142858,1.3259870882635927,18.0,4.0,1.2857142857142858,1.1501092655705927,36.0,4.0,0.875,1.0101755023037078,49.0,4.0,0.7261904761904762,0.9613142419185489,61.0,4.0,2.0,1.0,2.0,1319,0.3661865049279757,0.15921152388172857,0.3199393479909022,0.24791508718726307,0.15466262319939347,0.3009855951478393,43.28363914373089,5.3570887035633055
2025-04-08,2,1,0,1,0,1,0,1,4,0,0,0,2025,4,8,1,98,15,2,0,0,0,0.7818314824680298,0.6234898018587336,0.9932568492674143,-0.11593459959550041,0.9709418174260521,-0.2393156642875575,0.8660254037844387,-0.4999999999999998,2.0,0.0,0.0,2.0,0.0,0.0,1.3333333333333333,1.1547005383792557,4.0,2.0,1.5714285714285714,1.2724180205607047,11.0,3.0,1.4285714285714286,1.2838814775327396,20.0,4.0,1.3571428571428572,1.1292175499576156,38.0,4.0,0.9107142857142857,1.0140250259469714,51.0,4.0,0.7142857142857143,0.9387434381581726,60.0,4.0,0.0,0.0,2.0,1319,0.3661865049279757,0.15921152388172857,0.3199393479909022,0.24791508718726307,0.15466262319939347,0.3009855951478393,43.28363914373089,5.3570887035633055
2025-04-09,0,0,0,0,0,0,0,0,0,0,0,0,2025,4,9,2,99,15,2,0,0,0,0.9749279121818236,-0.22252093395631434,0.9911140639934547,-0.1330147065341959,0.9709418174260521,-0.2393156642875575,0.8660254037844387,-0.4999999999999998,2.0,2.0,0.0,3.0,4.0,1.0,1.3333333333333333,1.1547005383792557,4.0,2.0,1.1428571428571428,1.2149857925879117,8.0,3.0,1.1428571428571428,1.0994504121565516,16.0,3.0,1.3214285714285714,1.1564175661505633,37.0,4.0,0.9107142857142857,1.0140250259469714,51.0,4.0,0.7142857142857143,0.9387434381581726,60.0,4.0,-2.0,-3.0,-1.0,1319,0.3661865049279757,0.15921152388172857,0.3199393479909022,0.24791508718726307,0.15466262319939347,0.3009855951478393,43.28363914373089,5.3570887035633055
2025-04-10,3,0,2,0,0,2,0,2,6,0,0,0,2025,4,10,3,100,15,2,0,0,0,0.43388373911755823,-0.900968867902419,0.9886775902323405,-0.1500553983446526,0.9709418174260521,-0.2393156642875575,0.8660254037844387,-0.4999999999999998,0.0,2.0,2.0,3.0,0.0,0.0,1.6666666666666667,1.52752523165195,5.0,3.0,1.1428571428571428,1.2149857925879117,8.0,3.0,1.3571428571428572,1.150728388533031,19.0,3.0,1.4285714285714286,1.1683661091795543,40.0,4.0,0.9642857142857143,1.043844044678319,54.0,4.0,0.75,0.967856904687779,63.0,4.0,3.0,0.0,3.0,1319,0.3661865049279757,0.15921152388172857,0.3199393479909022,0.24791508718726307,0.15466262319939347,0.3009855951478393,43.28363914373089,5.3570887035633055
2025-04-11,1,1,0,1,0,0,0,0,2,0,0,0,2025,4,11,4,101,15,2,0,0,1,-0.433883739117558,-0.9009688679024191,0.9859481499638304,-0.16705162550211924,0.9709418174260521,-0.2393156642875575,0.8660254037844387,-0.4999999999999998,3.0,0.0,2.0,1.0,1.0,2.0,1.3333333333333333,1.5275252316519499,4.0,3.0,1.1428571428571428,1.2149857925879117,8.0,3.0,1.3571428571428572,1.150728388533031,19.0,3.0,1.3928571428571428,1.1655323283657186,39.0,4.0,0.9821428571428571,1.03556873137547,55.0,4.0,0.7619047619047619,0.9646654656926119,64.0,4.0,-2.0,0.0,-1.0,1319,0.3661865049279757,0.15921152388172857,0.3199393479909022,0.24791508718726307,0.15466262319939347,0.3009855951478393,43.28363914373089,5.3570887035633055
2025-04-12,2,0,0,0,0,0,0,0,4,0,0,0,2025,4,12,5,102,15,2,1,0,0,-0.9749279121818236,-0.2225209339563146,0.9829265519799822,-0.18399835165768005,0.9709418174260521,-0.2393156642875575,0.8660254037844387,-0.4999999999999998,1.0,3.0,0.0,0.0,1.0,2.0,2.0,1.0000000000000056,6.0,3.0,1.4285714285714286,1.1338934190276826,10.0,3.0,1.4285714285714286,1.1578684470436797,20.0,3.0,1.3928571428571428,1.1655323283657186,39.0,4.0,1.0,1.0444659357341886,56.0,4.0,0.7619047619047619,0.9646654656926119,64.0,4.0,1.0,2.0,0.0,1319,0.3661865049279757,0.15921152388172857,0.3199393479909022,0.24791508718726307,0.15466262319939347,0.3009855951478393,43.28363914373089,5.3570887035633055
2025-04-13,1,0,0,0,0,1,0,1,3,0,0,1,2025,4,13,6,103,15,2,1,0,0,-0.7818314824680299,0.6234898018587334,0.9796136916454901,-0.20089055513063506,0.9709418174260521,-0.2393156642875575,0.8660254037844387,-0.4999999999999998,2.0,1.0,3.0,0.0,0.0,2.0,1.3333333333333333,0.5773502691896341,4.0,2.0,1.5714285714285714,0.9759000729485346,11.0,3.0,1.5,1.0919284281983386,21.0,3.0,1.3571428571428572,1.1615534207286182,38.0,4.0,1.0178571428571428,1.03556873137547,57.0,4.0,0.7619047619047619,0.9646654656926119,64.0,4.0,-1.0,1.0,-1.0,1319,0.3661865049279757,0.15921152388172857,0.3199393479909022,0.24791508718726307,0.15466262319939347,0.3009855951478393,43.28363914373089,5.3570887035633055
2025-04-14,0,0,0,0,0,0,0,0,0,0,0,0,2025,4,14,0,104,16,2,0,1,0,0.0,1.0,0.9760105506323683,-0.21772323039653177,0.9350162426854148,-0.35460488704253545,0.8660254037844387,-0.4999999999999998,1.0,2.0,1.0,2.0,1.0,1.0,1.0,1.0000000000000042,3.0,2.0,1.2857142857142858,1.1126972805283741,9.0,3.0,1.4285714285714286,1.1578684470436797,20.0,3.0,1.3214285714285714,1.1880133254200755,37.0,4.0,1.0178571428571428,1.03556873137547,57.0,4.0,0.75,0.967856904687779,63.0,4.0,-1.0,-2.0,-1.0,1319,0.3661865049279757,0.15921152388172857,0.3199393479909022,0.24791508718726307,0.15466262319939347,0.3009855951478393,43.28363914373089,5.3570887035633055
2025-04-15,1,0,0,1,0,2,0,1,2,0,0,0,2025,4,15,1,105,16,2,0,0,0,0.7818314824680298,0.6234898018587336,0.9721181966290613,-0.23449138957040985,0.9350162426854148,-0.35460488704253545,0.8660254037844387,-0.4999999999999998,0.0,1.0,2.0,2.0,2.0,1.0,0.6666666666666666,0.5773502691896325,2.0,1.0,1.1428571428571428,1.0690449676496978,8.0,3.0,1.3571428571428572,1.150728388533031,19.0,3.0,1.3214285714285714,1.1880133254200755,37.0,4.0,1.0178571428571428,1.03556873137547,57.0,4.0,0.7619047619047619,0.9646654656926119,64.0,4.0,1.0,-1.0,0.0,1319,0.3661865049279757,0.15921152388172857,0.3199393479909022,0.24791508718726307,0.15466262319939347,0.3009855951478393,43.28363914373089,5.3570887035633055
2025-04-16,1,1,0,0,0,0,0,0,2,0,0,0,2025,4,16,2,106,16,2,0,0,0,0.9749279121818236,-0.22252093395631434,0.9679377830240642,-0.25119006388481935,0.9350162426854148,-0.35460488704253545,0.8660254037844387,-0.4999999999999998,1.0,0.0,1.0,0.0,3.0,0.0,0.6666666666666666,0.5773502691896325,2.0,1.0,1.2857142857142858,0.9511897312113425,9.0,3.0,1.2142857142857142,1.050902281087831,17.0,3.0,1.3571428571428572,1.1615534207286182,38.0,4.0,1.0178571428571428,1.03556873137547,57.0,4.0,0.7738095238095238,0.9613142419185489,65.0,4.0,0.0,1.0,1.0,1319,0.3661865049279757,0.15921152388172857,0.3199393479909022,0.24791508718726307,0.15466262319939347,0.3009855951478393,43.28363914373089,5.3570887035633055
2025-04-17,0,0,0,0,0,0,0,0,0,0,0,0,2025,4,17,3,107,16,2,0,0,0,0.43388373911755823,-0.900968867902419,0.9634705485641488,-0.2678143051621742,0.9350162426854148,-0.35460488704253545,0.8660254037844387,-0.4999999999999998,1.0,1.0,0.0,3.0,3.0,0.0,0.6666666666666666,0.5773502691896326,2.0,1.0,0.8571428571428571,0.6900655593423531,6.0,2.0,1.0,0.9607689228305242,14.0,3.0,1.3571428571428572,1.1615534207286182,38.0,4.0,1.0,1.0444659357341886,56.0,4.0,0.7738095238095238,0.9613142419185489,65.0,4.0,-1.0,-3.0,0.0,1319,0.3661865049279757,0.15921152388172857,0.3199393479909022,0.24791508718726307,0.15466262319939347,0.3009855951478393,43.28363914373089,5.3570887035633055
2025-04-18,1,0,1,0,0,0,0,0,2,0,0,1,2025,4,18,4,108,16,2,0,0,1,-0.433883739117558,-0.9009688679024191,0.9587178169872964,-0.2843591872810034,0.9350162426854148,-0.35460488704253545,0.8660254037844387,-0.4999999999999998,0.0,1.0,1.0,1.0,1.0,2.0,0.6666666666666666,0.5773502691896326,2.0,1.0,0.8571428571428571,0.6900655593423531,6.0,2.0,1.0,0.9607689228305242,14.0,3.0,1.3214285714285714,1.1564175661505631,37.0,4.0,1.0178571428571428,1.03556873137547,57.0,4.0,0.7857142857142857,0.9578015561682284,66.0,4.0,1.0,0.0,-1.0,1319,0.3661865049279757,0.15921152388172857,0.3199393479909022,0.24791508718726307,0.15466262319939347,0.3009855951478393,43.28363914373089,5.3570887035633055
2025-04-19,0,0,0,0,0,0,0,0,0,0,0,0,2025,4,19,5,109,16,2,1,0,0,-0.9749279121818236,-0.2225209339563146,0.9536809966304457,-0.30081980763566735,0.9350162426854148,-0.35460488704253545,0.8660254037844387,-0.4999999999999998,1.0,0.0,1.0,2.0,0.0,2.0,0.3333333333333333,0.5773502691896318,1.0,1.0,0.5714285714285714,0.5345224838248458,4.0,1.0,1.0,0.9607689228305242,14.0,3.0,1.25,1.174576361770334,35.0,4.0,1.0178571428571428,1.03556873137547,57.0,4.0,0.7738095238095238,0.9613142419185489,65.0,4.0,-1.0,-2.0,-2.0,1319,0.3661865049279757,0.15921152388172857,0.3199393479909022,0.24791508718726307,0.15466262319939347,0.3009855951478393,43.28363914373089,5.3570887035633055
2025-04-20,1,0,0,0,0,0,0,0,2,0,0,1,2025,4,20,6,110,16,2,1,0,0,-0.7818314824680299,0.6234898018587334,0.9483615800121715,-0.3171912885891061,0.9350162426854148,-0.35460488704253545,0.8660254037844387,-0.4999999999999998,0.0,1.0,0.0,1.0,0.0,2.0,0.6666666666666666,0.5773502691896326,2.0,1.0,0.5714285714285714,0.5345224838248458,4.0,1.0,1.0714285714285714,0.9168747682531913,15.0,3.0,1.2142857142857142,1.1660996354464592,34.0,4.0,1.0,1.0269106361049425,56.0,4.0,0.7857142857142857,0.9578015561682284,66.0,4.0,1.0,0.0,-1.0,1319,0.3661865049279757,0.15921152388172857,0.3199393479909022,0.24791508718726307,0.15466262319939347,0.3009855951478393,43.28363914373089,5.3570887035633055
2025-04-21,0,0,0,0,0,0,0,0,0,0,0,0,2025,4,21,0,111,17,2,0,1,0,0.0,1.0,0.9427611433904207,-0.3334687789181868,0.8854560256532099,-0.4647231720437685,0.8660254037844387,-0.4999999999999998,1.0,0.0,1.0,0.0,2.0,3.0,0.3333333333333333,0.5773502691896318,1.0,1.0,0.5714285714285714,0.5345224838248458,4.0,1.0,0.9285714285714286,0.9168747682531914,13.0,3.0,1.1071428571428572,1.133309990422541,31.0,4.0,1.0,1.0269106361049425,56.0,4.0,0.7857142857142857,0.9578015561682284,66.0,4.0,-1.0,0.0,-3.0,1319,0.3661865049279757,0.15921152388172857,0.3199393479909022,0.24791508718726307,0.15466262319939347,0.3009855951478393,43.28363914373089,5.3570887035633055
2025-04-22,0,0,0,0,0,0,0,0,0,0,0,0,2025,4,22,1,112,17,2,0,0,0,0.7818314824680298,0.6234898018587336,0.9368813462954315,-0.3496474552512284,0.8854560256532099,-0.4647231720437685,0.8660254037844387,-0.4999999999999998,0.0,1.0,0.0,1.0,2.0,0.0,0.3333333333333333,0.5773502691896318,1.0,1.0,0.42857142857142855,0.534522483824845,3.0,1.0,0.7857142857142857,0.8925823753039825,11.0,3.0,1.1071428571428572,1.133309990422541,31.0,4.0,0.9642857142857143,1.0262781071652831,54.0,4.0,0.7857142857142857,0.9578015561682284,66.0,4.0,0.0,-1.0,0.0,1319,0.3661865049279757,0.15921152388172857,0.3199393479909022,0.24791508718726307,0.15466262319939347,0.3009855951478393,43.28363914373089,5.3570887035633055
2025-04-23,0,0,0,0,0,0,0,0,0,0,0,0,2025,4,23,2,113,17,2,0,0,0,0.9749279121818236,-0.22252093395631434,0.9307239310379795,-0.36572252349726897,0.8854560256532099,-0.4647231720437685,0.8660254037844387,-0.4999999999999998,0.0,0.0,1.0,1.0,0.0,4.0,0.0,0.0,0.0,0.0,0.2857142857142857,0.4879500364742616,2.0,1.0,0.7857142857142857,0.8925823753039825,11.0,3.0,0.9642857142857143,0.999338405484976,27.0,3.0,0.9642857142857143,1.0262781071652831,54.0,4.0,0.7857142857142857,0.9578015561682284,66.0,4.0,0.0,-1.0,-4.0,1319,0.3661865049279757,0.15921152388172857,0.3199393479909022,0.24791508718726307,0.15466262319939347,0.3009855951478393,43.28363914373089,5.3570887035633055
2025-04-24,2,2,0,0,0,2,0,2,4,0,0,0,2025,4,24,3,114,17,2,0,0,0,0.43388373911755823,-0.900968867902419,0.9242907221930933,-0.3816892202666588,0.8854560256532099,-0.4647231720437685,0.8660254037844387,-0.4999999999999998,0.0,0.0,0.0,0.0,3.0,0.0,0.6666666666666666,1.154700538379255,2.0,2.0,0.5714285714285714,0.7867957924694411,4.0,2.0,0.7142857142857143,0.726273039202565,10.0,2.0,1.0357142857142858,0.999338405484976,29.0,3.0,1.0,1.0269106361049425,56.0,4.0,0.8095238095238095,0.9628795978252969,68.0,4.0,2.0,2.0,2.0,1319,0.3661865049279757,0.15921152388172857,0.3199393479909022,0.24791508718726307,0.15466262319939347,0.3009855951478393,43.28363914373089,5.3570887035633055
2025-04-25,2,0,0,1,0,1,0,1,4,0,0,1,2025,4,25,4,115,17,2,0,0,1,-0.433883739117558,-0.9009688679024191,0.9175836260593937,-0.39754281428255595,0.8854560256532099,-0.4647231720437685,0.8660254037844387,-0.4999999999999998,2.0,0.0,0.0,1.0,1.0,1.0,1.3333333333333333,1.1547005383792557,4.0,2.0,0.7142857142857143,0.9511897312113406,5.0,2.0,0.7857142857142857,0.801783725737275,11.0,2.0,1.0714285714285714,1.0157490003667429,30.0,3.0,1.0178571428571428,1.03556873137547,57.0,4.0,0.8333333333333334,0.9673380856182348,70.0,4.0,0.0,1.0,1.0,1319,0.3661865049279757,0.15921152388172857,0.3199393479909022,0.24791508718726307,0.15466262319939347,0.3009855951478393,43.28363914373089,5.3570887035633055
2025-04-26,0,0,0,0,0,0,0,0,0,0,0,0,2025,4,26,5,116,17,2,1,0,0,-0.9749279121818236,-0.2225209339563146,0.9106046300942162,-0.4132786077829042,0.8854560256532099,-0.4647231720437685,0.8660254037844387,-0.4999999999999998,2.0,2.0,0.0,0.0,2.0,1.0,1.3333333333333333,1.1547005383792557,4.0,2.0,0.7142857142857143,0.9511897312113406,5.0,2.0,0.6428571428571429,0.7449463436684941,9.0,2.0,1.0357142857142858,1.0357370915204922,29.0,3.0,1.0178571428571428,1.03556873137547,57.0,4.0,0.8333333333333334,0.9673380856182348,70.0,4.0,-2.0,0.0,-1.0,1319,0.3661865049279757,0.15921152388172857,0.3199393479909022,0.24791508718726307,0.15466262319939347,0.3009855951478393,43.28363914373089,5.3570887035633055
2025-04-27,0,0,0,0,0,0,0,0,0,0,0,0,2025,4,27,6,117,17,2,1,0,0,-0.7818314824680299,0.6234898018587334,0.9033558023246845,-0.4288919379124835,0.8854560256532099,-0.4647231720437685,0.8660254037844387,-0.4999999999999998,0.0,2.0,2.0,1.0,1.0,0.0,0.6666666666666666,1.154700538379255,2.0,2.0,0.5714285714285714,0.9759000729485316,4.0,2.0,0.5714285714285714,0.7559289460184566,8.0,2.0,1.0357142857142858,1.0357370915204922,29.0,3.0,1.0178571428571428,1.03556873137547,57.0,4.0,0.8333333333333334,0.9673380856182348,70.0,4.0,0.0,-1.0,0.0,1319,0.3661865049279757,0.15921152388172857,0.3199393479909022,0.24791508718726307,0.15466262319939347,0.3009855951478393,43.28363914373089,5.3570887035633055
2025-04-28,0,0,0,0,0,0,0,0,0,0,0,0,2025,4,28,0,118,18,2,0,1,0,0.0,1.0,0.895839290734909,-0.4443781781046132,0.8229838658936565,-0.5680647467311557,0.8660254037844387,-0.4999999999999998,0.0,0.0,2.0,0.0,0.0,1.0,0.0,0.0,0.0,0.0,0.5714285714285714,0.9759000729485316,4.0,2.0,0.5714285714285714,0.7559289460184566,8.0,2.0,1.0,1.0540925533894625,28.0,3.0,1.0178571428571428,1.03556873137547,57.0,4.0,0.8095238095238095,0.9628795978252969,68.0,4.0,0.0,0.0,-1.0,1319,0.3661865049279757,0.15921152388172857,0.3199393479909022,0.24791508718726307,0.15466262319939347,0.3009855951478393,43.28363914373089,5.3570887035633055
2025-04-29,0,0,0,0,0,0,0,0,0,0,0,0,2025,4,29,1,119,18,2,0,0,0,0.7818314824680298,0.6234898018587336,0.8880573226294932,-0.45973273945210397,0.8229838658936565,-0.5680647467311557,0.8660254037844387,-0.4999999999999998,0.0,0.0,0.0,0.0,1.0,2.0,0.0,0.0,0.0,0.0,0.5714285714285714,0.9759000729485316,4.0,2.0,0.5,0.7595545253127522,7.0,2.0,0.9285714285714286,1.0515798142890114,26.0,3.0,1.0178571428571428,1.03556873137547,57.0,4.0,0.8095238095238095,0.9628795978252969,68.0,4.0,0.0,0.0,-2.0,1319,0.3661865049279757,0.15921152388172857,0.3199393479909022,0.24791508718726307,0.15466262319939347,0.3009855951478393,43.28363914373089,5.3570887035633055
2025-04-30,1,0,0,1,0,0,0,0,2,0,0,0,2025,4,30,2,120,18,2,0,0,0,0.9749279121818236,-0.22252093395631434,0.8800122039735357,-0.47495107206704995,0.8229838658936565,-0.5680647467311557,0.8660254037844387,-0.4999999999999998,0.0,0.0,0.0,0.0,1.0,3.0,0.3333333333333333,0.5773502691896318,1.0,1.0,0.7142857142857143,0.9511897312113406,5.0,2.0,0.5,0.7595545253127522,7.0,2.0,0.8571428571428571,0.9704632614370045,24.0,3.0,1.0178571428571428,1.03556873137547,57.0,4.0,0.8214285714285714,0.9589240240984248,69.0,4.0,1.0,1.0,-2.0,1319,0.3661865049279757,0.15921152388172857,0.3199393479909022,0.24791508718726307,0.15466262319939347,0.3009855951478393,43.28363914373089,5.3570887035633055
2025-05-01,0,0,0,0,0,0,0,0,0,0,0,0,2025,5,1,3,121,18,2,0,0,0,0.43388373911755823,-0.900968867902419,0.8717063187093218,-0.4900286664290592,0.8229838658936565,-0.5680647467311557,0.49999999999999994,-0.8660254037844387,1.0,0.0,0.0,2.0,0.0,3.0,0.3333333333333333,0.5773502691896318,1.0,1.0,0.42857142857142855,0.7867957924694405,3.0,2.0,0.5,0.7595545253127522,7.0,2.0,0.75,0.8871510790372985,21.0,3.0,1.0,1.0444659357341886,56.0,4.0,0.8214285714285714,0.9589240240984248,69.0,4.0,-1.0,-2.0,-3.0,1319,0.3661865049279757,0.15921152388172857,0.3199393479909022,0.24791508718726307,0.15466262319939347,0.3009855951478393,43.28363914373089,5.3570887035633055
2025-05-02,1,0,0,0,0,2,0,1,2,0,0,0,2025,5,2,4,122,18,2,0,0,1,-0.433883739117558,-0.9009688679024191,0.8631421280499114,-0.5049610547215204,0.8229838658936565,-0.5680647467311557,0.49999999999999994,-0.8660254037844387,0.0,1.0,0.0,2.0,1.0,1.0,0.6666666666666666,0.5773502691896326,2.0,1.0,0.2857142857142857,0.4879500364742615,2.0,1.0,0.5,0.7595545253127522,7.0,2.0,0.75,0.8871510790372985,21.0,3.0,1.0,1.0444659357341886,56.0,4.0,0.8214285714285714,0.9589240240984248,69.0,4.0,1.0,-1.0,0.0,1319,0.3661865049279757,0.15921152388172857,0.3199393479909022,0.24791508718726307,0.15466262319939347,0.3009855951478393,43.28363914373089,5.3570887035633055
2025-05-03,1,0,1,0,0,0,0,0,2,0,0,1,2025,5,3,5,123,18,2,1,0,0,-0.9749279121818236,-0.2225209339563146,0.854322169749827,-0.5197438121555155,0.8229838658936565,-0.5680647467311557,0.49999999999999994,-0.8660254037844387,1.0,0.0,1.0,0.0,0.0,0.0,0.6666666666666666,0.5773502691896326,2.0,1.0,0.42857142857142855,0.5345224838248449,3.0,1.0,0.5714285714285714,0.7559289460184566,8.0,2.0,0.7857142857142857,0.8758971213537428,22.0,3.0,1.0178571428571428,1.03556873137547,57.0,4.0,0.8333333333333334,0.9548018571124495,70.0,4.0,0.0,1.0,1.0,1319,0.3661865049279757,0.15921152388172857,0.3199393479909022,0.24791508718726307,0.15466262319939347,0.3009855951478393,43.28363914373089,5.3570887035633055
2025-05-04,1,0,0,0,0,1,0,1,2,0,0,0,2025,5,4,6,124,18,2,1,0,0,-0.7818314824680299,0.6234898018587334,0.8452490573530633,-0.5343725582809786,0.8229838658936565,-0.5680647467311557,0.49999999999999994,-0.8660254037844387,1.0,1.0,0.0,0.0,1.0,0.0,1.0,0.0,3.0,1.0,0.5714285714285714,0.5345224838248457,4.0,1.0,0.5714285714285714,0.7559289460184566,8.0,2.0,0.8214285714285714,0.8629652337777001,23.0,3.0,1.0178571428571428,1.03556873137547,57.0,4.0,0.8333333333333334,0.9548018571124495,70.0,4.0,0.0,1.0,1.0,1319,0.3661865049279757,0.15921152388172857,0.3199393479909022,0.24791508718726307,0.15466262319939347,0.3009855951478393,43.28363914373089,5.3570887035633055
2025-05-05,3,2,0,1,0,1,0,1,6,0,0,0,2025,5,5,0,125,19,2,0,1,0,0.0,1.0,0.8359254794186372,-0.548842958284719,0.7485107481711013,-0.663122658240795,0.49999999999999994,-0.8660254037844387,1.0,1.0,1.0,0.0,0.0,2.0,1.6666666666666667,1.154700538379256,5.0,3.0,1.0,0.9999999999999997,7.0,3.0,0.7857142857142857,0.9749612559222307,11.0,3.0,0.8571428571428571,0.931517508007699,24.0,3.0,1.0714285714285714,1.059281795405701,60.0,4.0,0.8690476190476191,0.979054891021345,73.0,4.0,2.0,3.0,1.0,1319,0.3661865049279757,0.15921152388172857,0.3199393479909022,0.24791508718726307,0.15466262319939347,0.3009855951478393,43.28363914373089,5.3570887035633055
2025-05-06,0,0,0,0,0,0,0,0,0,0,0,0,2025,5,6,1,126,19,2,0,0,0,0.7818314824680298,0.6234898018587336,0.8263541987239096,-0.5631507242749186,0.7485107481711013,-0.663122658240795,0.49999999999999994,-0.8660254037844387,3.0,1.0,1.0,0.0,0.0,2.0,1.3333333333333333,1.5275252316519499,4.0,3.0,1.0,0.9999999999999997,7.0,3.0,0.7857142857142857,0.9749612559222307,11.0,3.0,0.7857142857142857,0.9172076325837281,22.0,3.0,1.0714285714285714,1.059281795405701,60.0,4.0,0.8690476190476191,0.979054891021345,73.0,4.0,-3.0,0.0,-2.0,1319,0.3661865049279757,0.15921152388172857,0.3199393479909022,0.24791508718726307,0.15466262319939347,0.3009855951478393,43.28363914373089,5.3570887035633055
2025-05-07,0,0,0,0,0,0,0,0,0,0,0,0,2025,5,7,2,127,19,2,0,0,0,0.9749279121818236,-0.22252093395631434,0.8165380514459161,-0.5772916165517272,0.7485107481711013,-0.663122658240795,0.49999999999999994,-0.8660254037844387,0.0,3.0,1.0,1.0,0.0,0.0,1.0,1.7320508075688799,3.0,3.0,0.8571428571428571,1.069044967649697,6.0,3.0,0.7857142857142857,0.9749612559222307,11.0,3.0,0.7857142857142857,0.9172076325837281,22.0,3.0,1.0535714285714286,1.0688931038847949,59.0,4.0,0.8690476190476191,0.979054891021345,73.0,4.0,0.0,-1.0,0.0,1319,0.3661865049279757,0.15921152388172857,0.3199393479909022,0.24791508718726307,0.15466262319939347,0.3009855951478393,43.28363914373089,5.3570887035633055
2025-05-08,1,0,0,1,0,1,0,1,2,0,0,0,2025,5,8,3,128,19,2,0,0,0,0.43388373911755823,-0.900968867902419,0.8064799463209448,-0.5912614448635781,0.7485107481711013,-0.663122658240795,0.49999999999999994,-0.8660254037844387,0.0,0.0,3.0,0.0,2.0,3.0,0.3333333333333333,0.5773502691896322,1.0,1.0,1.0,0.9999999999999997,7.0,3.0,0.7142857142857143,0.9138735334633771,10.0,3.0,0.7142857142857143,0.8099905283919449,20.0,3.0,1.0714285714285714,1.059281795405701,60.0,4.0,0.8809523809523809,0.974429235529448,74.0,4.0,1.0,1.0,-2.0,1319,0.3661865049279757,0.15921152388172857,0.3199393479909022,0.24791508718726307,0.15466262319939347,0.3009855951478393,43.28363914373089,5.3570887035633055
2025-05-09,2,1,0,1,0,0,0,0,4,0,0,1,2025,5,9,4,129,19,2,0,0,1,-0.433883739117558,-0.9009688679024191,0.7961828637826158,-0.6050560696488488,0.7485107481711013,-0.663122658240795,0.49999999999999994,-0.8660254037844387,1.0,0.0,0.0,1.0,2.0,1.0,1.0,1.0000000000000044,3.0,2.0,1.1428571428571428,1.0690449676496976,8.0,3.0,0.7142857142857143,0.9138735334633771,10.0,3.0,0.75,0.8443713418650404,21.0,3.0,1.0714285714285714,1.059281795405701,60.0,4.0,0.9047619047619048,0.9770751487179029,76.0,4.0,1.0,1.0,1.0,1319,0.3661865049279757,0.15921152388172857,0.3199393479909022,0.24791508718726307,0.15466262319939347,0.3009855951478393,43.28363914373089,5.3570887035633055
2025-05-10,3,1,2,1,0,0,0,0,6,1,1,2,2025,5,10,5,130,19,2,1,0,0,-0.9749279121818236,-0.2225209339563146,0.7856498550787147,-0.6186714032625031,0.7485107481711013,-0.663122658240795,0.49999999999999994,-0.8660254037844387,2.0,1.0,0.0,1.0,0.0,2.0,2.0,1.0000000000000056,6.0,3.0,1.4285714285714286,1.2724180205607043,10.0,3.0,0.9285714285714286,1.0716117059605363,13.0,3.0,0.7857142857142857,0.9172076325837281,22.0,3.0,1.0892857142857142,1.0833749575753087,61.0,4.0,0.9285714285714286,1.0034364362447068,78.0,4.0,1.0,2.0,1.0,1319,0.3661865049279757,0.15921152388172857,0.3199393479909022,0.24791508718726307,0.15466262319939347,0.3009855951478393,43.28363914373089,5.3570887035633055
2025-05-11,0,0,0,0,0,0,0,0,0,0,0,0,2025,5,11,6,131,19,2,1,0,0,-0.7818314824680299,0.6234898018587334,0.7748840413670407,-0.6321034111873487,0.7485107481711013,-0.663122658240795,0.49999999999999994,-0.8660254037844387,3.0,2.0,1.0,1.0,0.0,1.0,1.6666666666666667,1.5275252316519499,5.0,3.0,1.2857142857142858,1.380131118684709,9.0,3.0,0.9285714285714286,1.0716117059605363,13.0,3.0,0.75,0.9279607271383402,21.0,3.0,1.0535714285714286,1.0857698208626483,59.0,4.0,0.9285714285714286,1.0034364362447068,78.0,4.0,-3.0,-1.0,-1.0,1319,0.3661865049279757,0.15921152388172857,0.3199393479909022,0.24791508718726307,0.15466262319939347,0.3009855951478393,43.28363914373089,5.3570887035633055
2025-05-12,0,0,0,0,0,0,0,0,0,0,0,0,2025,5,12,0,132,20,2,0,1,0,0.0,1.0,0.7638886127905428,-0.6453481132295501,0.6631226582407952,-0.7485107481711012,0.49999999999999994,-0.8660254037844387,0.0,3.0,2.0,3.0,0.0,0.0,1.0,1.7320508075688796,3.0,3.0,0.8571428571428571,1.2149857925879113,6.0,3.0,0.9285714285714286,1.0716117059605363,13.0,3.0,0.75,0.9279607271383402,21.0,3.0,1.0357142857142858,1.09485218121046,58.0,4.0,0.9285714285714286,1.0034364362447068,78.0,4.0,0.0,-3.0,0.0,1319,0.3661865049279757,0.15921152388172857,0.3199393479909022,0.24791508718726307,0.15466262319939347,0.3009855951478393,43.28363914373089,5.3570887035633055
2025-05-13,0,0,0,0,0,0,0,0,0,0,0,0,2025,5,13,1,133,20,2,0,0,0,0.7818314824680298,0.6234898018587336,0.7526668275320085,-0.6584015846980488,0.6631226582407952,-0.7485107481711012,0.49999999999999994,-0.8660254037844387,0.0,0.0,3.0,0.0,0.0,1.0,0.0,0.0,0.0,0.0,0.8571428571428571,1.2149857925879113,6.0,3.0,0.9285714285714286,1.0716117059605363,13.0,3.0,0.7142857142857143,0.9371802805794007,20.0,3.0,1.0178571428571428,1.1035656495456652,57.0,4.0,0.9166666666666666,1.0084980283036602,77.0,4.0,0.0,0.0,-1.0,1319,0.3661865049279757,0.15921152388172857,0.3199393479909022,0.24791508718726307,0.15466262319939347,0.3009855951478393,43.28363914373089,5.3570887035633055
2025-05-14,0,0,0,0,0,0,0,0,0,0,0,0,2025,5,14,2,134,20,2,0,0,0,0.9749279121818236,-0.22252093395631434,0.7412220108485958,-0.6712599575675313,0.6631226582407952,-0.7485107481711012,0.49999999999999994,-0.8660254037844387,0.0,0.0,0.0,0.0,1.0,1.0,0.0,0.0,0.0,0.0,0.8571428571428571,1.2149857925879113,6.0,3.0,0.8571428571428571,1.0994504121565516,12.0,3.0,0.6785714285714286,0.9449111825230712,19.0,3.0,1.0178571428571428,1.1035656495456652,57.0,4.0,0.9047619047619048,1.0133928176519795,76.0,4.0,0.0,0.0,-1.0,1319,0.3661865049279757,0.15921152388172857,0.3199393479909022,0.24791508718726307,0.15466262319939347,0.3009855951478393,43.28363914373089,5.3570887035633055
2025-05-15,0,0,0,0,0,0,0,0,0,0,0,0,2025,5,15,3,135,20,2,0,0,0,0.43388373911755823,-0.900968867902419,0.7295575540864875,-0.6839194216246106,0.6631226582407952,-0.7485107481711012,0.49999999999999994,-0.8660254037844387,0.0,0.0,0.0,1.0,0.0,0.0,0.0,0.0,0.0,0.0,0.7142857142857143,1.2535663410560165,5.0,3.0,0.8571428571428571,1.0994504121565516,12.0,3.0,0.6785714285714286,0.9449111825230712,19.0,3.0,1.0178571428571428,1.1035656495456652,57.0,4.0,0.8928571428571429,1.018123210084232,75.0,4.0,0.0,-1.0,0.0,1319,0.3661865049279757,0.15921152388172857,0.3199393479909022,0.24791508718726307,0.15466262319939347,0.3009855951478393,43.28363914373089,5.3570887035633055
2025-05-16,0,0,0,0,0,0,0,0,0,0,0,0,2025,5,16,4,136,20,2,0,0,1,-0.433883739117558,-0.9009688679024191,0.717676913675962,-0.6963762255968722,0.6631226582407952,-0.7485107481711012,0.49999999999999994,-0.8660254037844387,0.0,0.0,0.0,2.0,1.0,1.0,0.0,0.0,0.0,0.0,0.42857142857142855,1.13389341902768,3.0,3.0,0.7857142857142857,1.1217137594956037,11.0,3.0,0.6428571428571429,0.951189731211345,18.0,3.0,0.9821428571428571,1.1035656495456652,55.0,4.0,0.8928571428571429,1.018123210084232,75.0,4.0,0.0,-2.0,-1.0,1319,0.3661865049279757,0.15921152388172857,0.3199393479909022,0.24791508718726307,0.15466262319939347,0.3009855951478393,43.28363914373089,5.3570887035633055
2025-05-17,0,0,0,0,0,0,0,0,0,0,0,0,2025,5,17,5,137,20,2,1,0,0,-0.9749279121818236,-0.2225209339563146,0.705583610107178,-0.7086266782644596,0.6631226582407952,-0.7485107481711012,0.49999999999999994,-0.8660254037844387,0.0,0.0,0.0,3.0,1.0,0.0,0.0,0.0,0.0,0.0,0.0,0.0,0.0,0.0,0.7142857142857143,1.138728807356387,10.0,3.0,0.6428571428571429,0.951189731211345,18.0,3.0,0.9464285714285714,1.1023881985306914,53.0,4.0,0.8928571428571429,1.018123210084232,75.0,4.0,0.0,-3.0,0.0,1319,0.3661865049279757,0.15921152388172857,0.3199393479909022,0.24791508718726307,0.15466262319939347,0.3009855951478393,43.28363914373089,5.3570887035633055
2025-05-18,0,0,0,0,0,0,0,0,0,0,0,0,2025,5,18,6,138,20,2,1,0,0,-0.7818314824680299,0.6234898018587334,0.6932812268869777,-0.7206671495538609,0.6631226582407952,-0.7485107481711012,0.49999999999999994,-0.8660254037844387,0.0,0.0,0.0,0.0,1.0,1.0,0.0,0.0,0.0,0.0,0.0,0.0,0.0,0.0,0.6428571428571429,1.1507283885330313,9.0,3.0,0.6071428571428571,0.9560445408144801,17.0,3.0,0.9107142857142857,1.100029515542623,51.0,4.0,0.8690476190476191,1.0153017464080931,73.0,4.0,0.0,0.0,-1.0,1319,0.3661865049279757,0.15921152388172857,0.3199393479909022,0.24791508718726307,0.15466262319939347,0.3009855951478393,43.28363914373089,5.3570887035633055
2025-05-19,2,2,0,1,0,0,0,0,4,0,0,0,2025,5,19,0,139,21,2,0,1,0,0.0,1.0,0.6807734094770161,-0.7324940716135789,0.5680647467311558,-0.8229838658936564,0.49999999999999994,-0.8660254037844387,0.0,0.0,0.0,0.0,3.0,0.0,0.6666666666666666,1.1547005383792546,2.0,2.0,0.2857142857142857,0.7559289460184513,2.0,2.0,0.5714285714285714,1.0163498575623633,8.0,3.0,0.6785714285714286,0.9833266074561507,19.0,3.0,0.8928571428571429,1.0732884290571918,50.0,4.0,0.8928571428571429,1.018123210084232,75.0,4.0,2.0,2.0,2.0,1319,0.3661865049279757,0.15921152388172857,0.3199393479909022,0.24791508718726307,0.15466262319939347,0.3009855951478393,43.28363914373089,5.3570887035633055
2025-05-20,2,1,0,0,0,1,0,1,4,1,1,0,2025,5,20,1,140,21,2,0,0,0,0.7818314824680298,0.6234898018587336,0.6680638642135335,-0.7441039398713607,0.5680647467311558,-0.8229838658936564,0.49999999999999994,-0.8660254037844387,2.0,0.0,0.0,0.0,0.0,0.0,1.3333333333333333,1.1547005383792555,4.0,2.0,0.5714285714285714,0.9759000729485316,4.0,2.0,0.7142857142857143,1.069044967649699,10.0,3.0,0.75,1.004618962223621,21.0,3.0,0.9285714285714286,1.076309229934205,52.0,4.0,0.8928571428571429,1.018123210084232,75.0,4.0,0.0,2.0,2.0,1319,0.3661865049279757,0.15921152388172857,0.3199393479909022,0.24791508718726307,0.15466262319939347,0.3009855951478393,43.28363914373089,5.3570887035633055
2025-05-21,2,0,0,0,0,0,0,0,4,0,0,0,2025,5,21,2,141,21,2,0,0,0,0.9749279121818236,-0.22252093395631434,0.6551563572090853,-0.7554933140726803,0.5680647467311558,-0.8229838658936564,0.49999999999999994,-0.8660254037844387,2.0,2.0,0.0,0.0,0.0,0.0,2.0,0.0,6.0,2.0,0.8571428571428571,1.069044967649697,6.0,2.0,0.8571428571428571,1.0994504121565518,12.0,3.0,0.8214285714285714,1.020296668133978,23.0,3.0,0.8928571428571429,1.0032414995869685,50.0,3.0,0.9166666666666666,1.0203747638169707,77.0,4.0,0.0,2.0,2.0,1319,0.3661865049279757,0.15921152388172857,0.3199393479909022,0.24791508718726307,0.15466262319939347,0.3009855951478393,43.28363914373089,5.3570887035633055
2025-05-22,0,0,0,0,0,0,0,0,0,0,0,0,2025,5,22,3,142,21,2,0,0,0,0.43388373911755823,-0.900968867902419,0.6420547132365637,-0.766658819300159,0.5680647467311558,-0.8229838658936564,0.49999999999999994,-0.8660254037844387,2.0,2.0,2.0,0.0,1.0,2.0,1.3333333333333333,1.1547005383792555,4.0,2.0,0.8571428571428571,1.069044967649697,6.0,2.0,0.7857142857142857,1.1217137594956037,11.0,3.0,0.75,1.004618962223621,21.0,3.0,0.8928571428571429,1.0032414995869685,50.0,3.0,0.9166666666666666,1.0203747638169707,77.0,4.0,-2.0,0.0,-2.0,1319,0.3661865049279757,0.15921152388172857,0.3199393479909022,0.24791508718726307,0.15466262319939347,0.3009855951478393,43.28363914373089,5.3570887035633055
2025-05-23,2,0,2,0,0,0,0,0,4,0,0,1,2025,5,23,4,143,21,2,0,0,1,-0.433883739117558,-0.9009688679024191,0.6287628145958344,-0.7775971469736269,0.5680647467311558,-0.8229838658936564,0.49999999999999994,-0.8660254037844387,0.0,2.0,2.0,0.0,2.0,2.0,1.3333333333333333,1.1547005383792555,4.0,2.0,1.1428571428571428,1.0690449676496976,8.0,2.0,0.7857142857142857,1.1217137594956037,11.0,3.0,0.75,1.004618962223621,21.0,3.0,0.9107142857142857,1.0140250259469714,51.0,3.0,0.9285714285714286,1.0271696318855104,78.0,4.0,2.0,2.0,0.0,1319,0.3661865049279757,0.15921152388172857,0.3199393479909022,0.24791508718726307,0.15466262319939347,0.3009855951478393,43.28363914373089,5.3570887035633055
2025-05-24,2,2,0,2,0,0,0,0,4,0,0,0,2025,5,24,5,144,21,2,1,0,0,-0.9749279121818236,-0.2225209339563146,0.6152845999633276,-0.7883050558305255,0.5680647467311558,-0.8229838658936564,0.49999999999999994,-0.8660254037844387,2.0,0.0,2.0,0.0,3.0,0.0,1.3333333333333333,1.1547005383792555,4.0,2.0,1.4285714285714286,0.9759000729485341,10.0,2.0,0.7142857142857143,0.9944903161976952,10.0,2.0,0.8214285714285714,1.020296668133978,23.0,3.0,0.9285714285714286,1.0243781769203462,52.0,3.0,0.9523809523809523,1.0285650538465048,80.0,4.0,0.0,2.0,2.0,1319,0.3661865049279757,0.15921152388172857,0.3199393479909022,0.24791508718726307,0.15466262319939347,0.3009855951478393,43.28363914373089,5.3570887035633055
2025-05-25,0,0,0,0,0,0,0,0,0,0,0,0,2025,5,25,6,145,21,2,1,0,0,-0.7818314824680299,0.6234898018587334,0.6016240632249226,-0.7987793728863649,0.5680647467311558,-0.8229838658936564,0.49999999999999994,-0.8660254037844387,2.0,2.0,0.0,0.0,0.0,0.0,1.3333333333333333,1.1547005383792555,4.0,2.0,1.4285714285714286,0.9759000729485341,10.0,2.0,0.7142857142857143,0.9944903161976952,10.0,2.0,0.8214285714285714,1.020296668133978,23.0,3.0,0.9285714285714286,1.0243781769203462,52.0,3.0,0.9523809523809523,1.0285650538465048,80.0,4.0,-2.0,0.0,0.0,1319,0.3661865049279757,0.15921152388172857,0.3199393479909022,0.24791508718726307,0.15466262319939347,0.3009855951478393,43.28363914373089,5.3570887035633055
2025-05-26,1,0,0,0,0,0,0,0,2,1,1,1,2025,5,26,0,146,22,2,0,1,0,0.0,1.0,0.5877852522924732,-0.8090169943749473,0.46472317204376906,-0.8854560256532096,0.49999999999999994,-0.8660254037844387,0.0,2.0,2.0,2.0,0.0,0.0,1.0,1.0000000000000038,3.0,2.0,1.2857142857142858,0.9511897312113423,9.0,2.0,0.7857142857142857,0.9749612559222306,11.0,2.0,0.8571428571428571,1.0079052613579422,24.0,3.0,0.9285714285714286,1.0243781769203462,52.0,3.0,0.9642857142857143,1.0231822385515865,81.0,4.0,1.0,-1.0,1.0,1319,0.3661865049279757,0.15921152388172857,0.3199393479909022,0.24791508718726307,0.15466262319939347,0.3009855951478393,43.28363914373089,5.3570887035633055
2025-05-27,0,0,0,0,0,0,0,0,0,0,0,0,2025,5,27,1,147,22,2,0,0,0,0.7818314824680298,0.6234898018587336,0.5737722679043246,-0.8190148866680801,0.46472317204376906,-0.8854560256532096,0.49999999999999994,-0.8660254037844387,1.0,0.0,2.0,2.0,0.0,0.0,0.3333333333333333,0.5773502691896303,1.0,1.0,1.0,0.9999999999999996,7.0,2.0,0.7857142857142857,0.9749612559222306,11.0,2.0,0.8571428571428571,1.0079052613579422,24.0,3.0,0.8928571428571429,1.0212037714663738,50.0,3.0,0.9642857142857143,1.0231822385515865,81.0,4.0,-1.0,-2.0,0.0,1319,0.3661865049279757,0.15921152388172857,0.3199393479909022,0.24791508718726307,0.15466262319939347,0.3009855951478393,43.28363914373089,5.3570887035633055
2025-05-28,0,0,0,0,0,0,0,0,0,0,0,0,2025,5,28,2,148,22,2,0,0,0,0.9749279121818236,-0.22252093395631434,0.5595892624101765,-0.8287700871745038,0.46472317204376906,-0.8854560256532096,0.49999999999999994,-0.8660254037844387,0.0,1.0,0.0,2.0,0.0,1.0,0.3333333333333333,0.5773502691896303,1.0,1.0,0.7142857142857143,0.9511897312113405,5.0,2.0,0.7857142857142857,0.9749612559222306,11.0,2.0,0.8214285714285714,1.020296668133978,23.0,3.0,0.8392857142857143,0.9867630408063028,47.0,3.0,0.9523809523809523,1.0285650538465048,80.0,4.0,0.0,-2.0,-1.0,1319,0.3661865049279757,0.15921152388172857,0.3199393479909022,0.24791508718726307,0.15466262319939347,0.3009855951478393,43.28363914373089,5.3570887035633055
2025-05-29,3,0,1,0,0,0,0,0,6,0,0,1,2025,5,29,3,149,22,2,0,0,0,0.43388373911755823,-0.900968867902419,0.545240438540651,-0.8382797052177744,0.46472317204376906,-0.8854560256532096,0.49999999999999994,-0.8660254037844387,0.0,0.0,1.0,0.0,0.0,0.0,1.0,1.7320508075688796,3.0,3.0,1.1428571428571428,1.2149857925879117,8.0,3.0,1.0,1.1094003924504594,14.0,3.0,0.9285714285714286,1.0862293403762329,26.0,3.0,0.8392857142857143,0.9867630408063028,47.0,3.0,0.9761904761904762,1.0525492917077421,82.0,4.0,3.0,3.0,3.0,1319,0.3661865049279757,0.15921152388172857,0.3199393479909022,0.24791508718726307,0.15466262319939347,0.3009855951478393,43.28363914373089,5.3570887035633055
2025-05-30,1,0,1,0,0,0,0,0,2,0,0,1,2025,5,30,4,150,22,2,0,0,1,-0.433883739117558,-0.9009688679024191,0.5307300481619334,-0.8475409228928311,0.46472317204376906,-0.8854560256532096,0.49999999999999994,-0.8660254037844387,3.0,0.0,0.0,2.0,0.0,1.0,1.3333333333333333,1.5275252316519496,4.0,3.0,1.0,1.154700538379251,7.0,3.0,1.0714285714285714,1.0716117059605361,15.0,3.0,0.9285714285714286,1.0862293403762329,26.0,3.0,0.8392857142857143,0.9867630408063028,47.0,3.0,0.9761904761904762,1.0525492917077421,82.0,4.0,-2.0,-1.0,0.0,1319,0.3661865049279757,0.15921152388172857,0.3199393479909022,0.24791508718726307,0.15466262319939347,0.3009855951478393,43.28363914373089,5.3570887035633055
2025-05-31,0,0,0,0,0,0,0,0,0,0,0,0,2025,5,31,5,151,22,2,1,0,0,-0.9749279121818236,-0.2225209339563146,0.5160623910158528,-0.8565509959010036,0.46472317204376906,-0.8854560256532096,0.49999999999999994,-0.8660254037844387,1.0,3.0,0.0,2.0,0.0,1.0,1.3333333333333333,1.5275252316519494,4.0,3.0,0.7142857142857143,1.1126972805283724,5.0,3.0,1.0714285714285714,1.0716117059605361,15.0,3.0,0.8928571428571429,1.100144290680757,25.0,3.0,0.8392857142857143,0.9867630408063028,47.0,3.0,0.9761904761904762,1.0525492917077421,82.0,4.0,-1.0,-2.0,-1.0,1319,0.3661865049279757,0.15921152388172857,0.3199393479909022,0.24791508718726307,0.15466262319939347,0.3009855951478393,43.28363914373089,5.3570887035633055
2025-06-01,0,0,0,0,0,0,0,0,0,0,0,0,2025,6,1,6,152,22,2,1,0,0,-0.7818314824680299,0.6234898018587334,0.5012418134457758,-0.865307254363206,0.46472317204376906,-0.8854560256532096,1.2246467991473532e-16,-1.0,0.0,1.0,3.0,0.0,0.0,1.0,0.3333333333333333,0.577350269189629,1.0,1.0,0.7142857142857143,1.1126972805283724,5.0,3.0,1.0714285714285714,1.0716117059605361,15.0,3.0,0.8571428571428571,1.1126972805283761,24.0,3.0,0.8392857142857143,0.9867630408063028,47.0,3.0,0.9642857142857143,1.0579182623974037,81.0,4.0,0.0,0.0,-1.0,1319,0.3661865049279757,0.15921152388172857,0.3199393479909022,0.24791508718726307,0.15466262319939347,0.3009855951478393,43.28363914373089,5.3570887035633055
2025-06-02,2,2,0,2,0,1,0,1,4,0,0,0,2025,6,2,0,153,23,2,0,1,0,0.0,1.0,0.48627270710868997,-0.8738071036110808,0.35460488704253584,-0.9350162426854147,1.2246467991473532e-16,-1.0,0.0,0.0,1.0,1.0,2.0,3.0,0.6666666666666666,1.154700538379254,2.0,2.0,0.8571428571428571,1.214985792587911,6.0,3.0,1.0714285714285714,1.0716117059605361,15.0,3.0,0.8214285714285714,1.0559731838827022,23.0,3.0,0.8392857142857143,0.9867630408063028,47.0,3.0,0.9880952380952381,1.058460437070995,83.0,4.0,2.0,1.0,-1.0,1319,0.3661865049279757,0.15921152388172857,0.3199393479909022,0.24791508718726307,0.15466262319939347,0.3009855951478393,43.28363914373089,5.3570887035633055
2025-06-03,0,0,0,0,0,0,0,0,0,0,0,0,2025,6,3,1,154,23,2,0,0,0,0.7818314824680298,0.6234898018587336,0.4711595076738638,-0.8820480249558537,0.35460488704253584,-0.9350162426854147,1.2246467991473532e-16,-1.0,2.0,0.0,0.0,0.0,2.0,0.0,0.6666666666666666,1.154700538379254,2.0,2.0,0.8571428571428571,1.214985792587911,6.0,3.0,0.9285714285714286,1.0716117059605363,13.0,3.0,0.8214285714285714,1.0559731838827022,23.0,3.0,0.8035714285714286,0.9801603367379687,45.0,3.0,0.9880952380952381,1.058460437070995,83.0,4.0,-2.0,0.0,0.0,1319,0.3661865049279757,0.15921152388172857,0.3199393479909022,0.24791508718726307,0.15466262319939347,0.3009855951478393,43.28363914373089,5.3570887035633055
2025-06-04,1,0,0,0,0,0,0,0,2,0,0,0,2025,6,4,2,155,23,2,0,0,0,0.9749279121818236,-0.22252093395631434,0.4559066935084588,-0.8900275764346767,0.35460488704253584,-0.9350162426854147,1.2246467991473532e-16,-1.0,0.0,2.0,0.0,0.0,2.0,0.0,1.0,1.0000000000000033,3.0,2.0,1.0,1.1547005383792512,7.0,3.0,0.8571428571428571,1.0271051820261923,12.0,3.0,0.8571428571428571,1.0440053112638346,24.0,3.0,0.8214285714285714,0.9743462676844674,46.0,3.0,0.9880952380952381,1.058460437070995,83.0,4.0,1.0,1.0,1.0,1319,0.3661865049279757,0.15921152388172857,0.3199393479909022,0.24791508718726307,0.15466262319939347,0.3009855951478393,43.28363914373089,5.3570887035633055
2025-06-05,1,1,0,1,0,0,0,0,3,0,0,0,2025,6,5,3,156,23,2,0,0,0,0.43388373911755823,-0.900968867902419,0.440518784350495,-0.8977433935342337,0.35460488704253584,-0.9350162426854147,1.2246467991473532e-16,-1.0,1.0,0.0,2.0,3.0,0.0,1.0,0.6666666666666666,0.5773502691896302,2.0,1.0,0.7142857142857143,0.7559289460184527,5.0,2.0,0.9285714285714286,0.997248963150876,13.0,3.0,0.8571428571428571,1.0440053112638346,24.0,3.0,0.7857142857142857,0.9286213772779865,44.0,3.0,1.0,1.0528217963833002,84.0,4.0,0.0,-2.0,0.0,1319,0.3661865049279757,0.15921152388172857,0.3199393479909022,0.24791508718726307,0.15466262319939347,0.3009855951478393,43.28363914373089,5.3570887035633055
2025-06-06,0,0,0,0,0,0,0,0,0,0,0,0,2025,6,6,4,157,23,2,0,0,1,-0.433883739117558,-0.9009688679024191,0.42500033996955416,-0.9051931898913974,0.35460488704253584,-0.9350162426854147,1.2246467991473532e-16,-1.0,1.0,1.0,0.0,1.0,2.0,2.0,0.6666666666666666,0.5773502691896302,2.0,1.0,0.5714285714285714,0.786795792469441,4.0,2.0,0.7857142857142857,0.9749612559222307,11.0,3.0,0.7857142857142857,1.0312575156051322,22.0,3.0,0.7678571428571429,0.934024944743233,43.0,3.0,0.9761904761904762,1.0525492917077421,82.0,4.0,-1.0,-1.0,-2.0,1319,0.3661865049279757,0.15921152388172857,0.3199393479909022,0.24791508718726307,0.15466262319939347,0.3009855951478393,43.28363914373089,5.3570887035633055
2025-06-07,2,0,0,0,0,0,0,0,4,0,0,0,2025,6,7,5,158,23,2,1,0,0,-0.9749279121818236,-0.2225209339563146,0.4093559588156213,-0.9123747579707273,0.35460488704253584,-0.9350162426854147,1.2246467991473532e-16,-1.0,0.0,1.0,1.0,0.0,2.0,3.0,1.0,1.0000000000000033,3.0,2.0,0.8571428571428571,0.8997354108424365,6.0,2.0,0.7857142857142857,0.9749612559222307,11.0,3.0,0.75,0.9670497325294037,21.0,3.0,0.7678571428571429,0.934024944743233,43.0,3.0,0.9761904761904762,1.0525492917077421,82.0,4.0,2.0,2.0,-1.0,1319,0.3661865049279757,0.15921152388172857,0.3199393479909022,0.24791508718726307,0.15466262319939347,0.3009855951478393,43.28363914373089,5.3570887035633055
2025-06-08,0,0,0,0,0,0,0,0,0,0,0,0,2025,6,8,6,159,23,2,1,0,0,-0.7818314824680299,0.6234898018587334,0.39359027665646673,-0.9192859697186104,0.35460488704253584,-0.9350162426854147,1.2246467991473532e-16,-1.0,2.0,0.0,1.0,0.0,0.0,0.0,0.6666666666666666,1.154700538379254,2.0,2.0,0.8571428571428571,0.8997354108424365,6.0,2.0,0.7857142857142857,0.9749612559222307,11.0,3.0,0.75,0.9670497325294037,21.0,3.0,0.75,0.9390517460812179,42.0,3.0,0.9523809523809523,1.0517313540437028,80.0,4.0,-2.0,0.0,0.0,1319,0.3661865049279757,0.15921152388172857,0.3199393479909022,0.24791508718726307,0.15466262319939347,0.3009855951478393,43.28363914373089,5.3570887035633055
2025-06-09,0,0,0,0,0,0,0,0,0,0,0,0,2025,6,9,0,160,24,2,0,1,0,0.0,1.0,0.3777079652039649,-0.9259247771938498,0.23931566428755768,-0.970941817426052,1.2246467991473532e-16,-1.0,0.0,2.0,0.0,2.0,1.0,0.0,0.6666666666666666,1.154700538379254,2.0,2.0,0.5714285714285714,0.7867957924694409,4.0,2.0,0.7142857142857143,0.9944903161976953,10.0,3.0,0.75,0.9670497325294037,21.0,3.0,0.75,0.9390517460812179,42.0,3.0,0.9404761904761905,1.0568330786140179,79.0,4.0,0.0,-2.0,0.0,1319,0.3661865049279757,0.15921152388172857,0.3199393479909022,0.24791508718726307,0.15466262319939347,0.3009855951478393,43.28363914373089,5.3570887035633055
2025-06-10,5,3,0,0,0,2,0,2,10,0,0,0,2025,6,10,1,161,24,2,0,0,0,0.7818314824680298,0.6234898018587336,0.36171373072976765,-0.9322892131745133,0.23931566428755768,-0.970941817426052,1.2246467991473532e-16,-1.0,0.0,0.0,2.0,0.0,0.0,0.0,1.6666666666666667,2.8867513459481304,5.0,5.0,1.2857142857142858,1.799470821684875,9.0,5.0,1.0714285714285714,1.4917354742965414,15.0,5.0,0.9285714285714286,1.2450962012087887,26.0,5.0,0.8214285714285714,1.0972219938991865,46.0,5.0,0.9880952380952381,1.1459099358945581,83.0,5.0,5.0,5.0,5.0,1319,0.3661865049279757,0.15921152388172857,0.3199393479909022,0.24791508718726307,0.15466262319939347,0.3009855951478393,43.28363914373089,5.3570887035633055
2025-06-11,0,0,0,0,0,0,0,0,0,0,0,0,2025,6,11,2,162,24,2,0,0,0,0.9749279121818236,-0.22252093395631434,0.3456123126707335,-0.9383773917408641,0.23931566428755768,-0.970941817426052,1.2246467991473532e-16,-1.0,5.0,0.0,0.0,1.0,0.0,0.0,1.6666666666666667,2.8867513459481304,5.0,5.0,1.1428571428571428,1.8644544714716087,8.0,5.0,1.0714285714285714,1.4917354742965414,15.0,5.0,0.9285714285714286,1.2450962012087887,26.0,5.0,0.8035714285714286,1.1023881985306911,45.0,5.0,0.9880952380952381,1.1459099358945581,83.0,5.0,-5.0,-1.0,0.0,1319,0.3661865049279757,0.15921152388172857,0.3199393479909022,0.24791508718726307,0.15466262319939347,0.3009855951478393,43.28363914373089,5.3570887035633055
2025-06-12,0,0,0,0,0,0,0,0,0,0,0,0,2025,6,12,3,163,24,2,0,0,0,0.43388373911755823,-0.900968867902419,0.3294084822245304,-0.9441875088341993,0.23931566428755768,-0.970941817426052,1.2246467991473532e-16,-1.0,0.0,5.0,0.0,1.0,3.0,0.0,1.6666666666666667,2.8867513459481304,5.0,5.0,1.0,1.914854215512676,7.0,5.0,0.8571428571428571,1.4064216928154871,12.0,5.0,0.9285714285714286,1.2450962012087887,26.0,5.0,0.8035714285714286,1.1023881985306911,45.0,5.0,0.9880952380952381,1.1459099358945581,83.0,5.0,0.0,-1.0,0.0,1319,0.3661865049279757,0.15921152388172857,0.3199393479909022,0.24791508718726307,0.15466262319939347,0.3009855951478393,43.28363914373089,5.3570887035633055
2025-06-13,0,0,0,0,0,0,0,0,0,0,0,0,2025,6,13,4,164,24,2,0,0,1,-0.433883739117558,-0.9009688679024191,0.3131070409358269,-0.9497178427914316,0.23931566428755768,-0.970941817426052,1.2246467991473532e-16,-1.0,0.0,0.0,5.0,0.0,1.0,0.0,0.0,0.0,0.0,0.0,1.0,1.914854215512676,7.0,5.0,0.7857142857142857,1.423893439647971,11.0,5.0,0.9285714285714286,1.2450962012087887,26.0,5.0,0.7857142857142857,1.1072371137087254,44.0,5.0,0.9642857142857143,1.1454091558265505,81.0,5.0,0.0,0.0,0.0,1319,0.3661865049279757,0.15921152388172857,0.3199393479909022,0.24791508718726307,0.15466262319939347,0.3009855951478393,43.28363914373089,5.3570887035633055
2025-06-14,1,1,0,1,0,0,0,0,2,0,0,0,2025,6,14,5,165,24,2,1,0,0,-0.9749279121818236,-0.2225209339563146,0.29671281927349075,-0.9549667548552551,0.23931566428755768,-0.970941817426052,1.2246467991473532e-16,-1.0,0.0,0.0,0.0,2.0,0.0,0.0,0.3333333333333333,0.5773502691896301,1.0,1.0,0.8571428571428571,1.8644544714716085,6.0,5.0,0.8571428571428571,1.4064216928154871,12.0,5.0,0.9642857142857143,1.2317450089997415,27.0,5.0,0.8035714285714286,1.1023881985306911,45.0,5.0,0.9523809523809523,1.1396972955201525,80.0,5.0,1.0,-1.0,1.0,1319,0.3661865049279757,0.15921152388172857,0.3199393479909022,0.24791508718726307,0.15466262319939347,0.3009855951478393,43.28363914373089,5.3570887035633055
2025-06-15,2,2,0,0,0,0,0,0,4,0,0,0,2025,6,15,6,166,24,2,1,0,0,-0.7818314824680299,0.6234898018587334,0.28023067519921585,-0.9599326896597447,0.23931566428755768,-0.970941817426052,1.2246467991473532e-16,-1.0,1.0,0.0,0.0,0.0,0.0,0.0,1.0,1.0000000000000038,3.0,2.0,1.1428571428571428,1.864454471471609,8.0,5.0,1.0,1.414213562373096,14.0,5.0,1.0357142857142858,1.2317450089997415,29.0,5.0,0.8214285714285714,1.1136694932787479,46.0,5.0,0.9523809523809523,1.1396972955201525,80.0,5.0,1.0,2.0,2.0,1319,0.3661865049279757,0.15921152388172857,0.3199393479909022,0.24791508718726307,0.15466262319939347,0.3009855951478393,43.28363914373089,5.3570887035633055
2025-06-16,2,0,0,0,0,1,0,1,3,0,0,1,2025,6,16,0,167,25,2,0,1,0,0.0,1.0,0.26366549272800704,-0.9646141756912435,0.12053668025532308,-0.992708874098054,1.2246467991473532e-16,-1.0,2.0,1.0,0.0,0.0,2.0,2.0,1.6666666666666667,0.5773502691896351,5.0,2.0,1.4285714285714286,1.8126539343499322,10.0,5.0,1.0,1.414213562373096,14.0,5.0,1.0357142857142858,1.2317450089997415,29.0,5.0,0.8571428571428571,1.1189048449032895,48.0,5.0,0.9404761904761905,1.123153804830752,79.0,5.0,0.0,2.0,0.0,1319,0.3661865049279757,0.15921152388172857,0.3199393479909022,0.24791508718726307,0.15466262319939347,0.3009855951478393,43.28363914373089,5.3570887035633055
2025-06-17,0,0,0,0,0,0,0,0,0,0,0,0,2025,6,17,1,168,25,2,0,0,0,0.7818314824680298,0.6234898018587336,0.24702218048093552,-0.9690098257244062,0.12053668025532308,-0.992708874098054,1.2246467991473532e-16,-1.0,2.0,2.0,1.0,5.0,0.0,2.0,1.3333333333333333,1.1547005383792555,4.0,2.0,0.7142857142857143,0.9511897312113406,5.0,2.0,1.0,1.414213562373096,14.0,5.0,0.9642857142857143,1.2317450089997415,27.0,5.0,0.8571428571428571,1.1189048449032895,48.0,5.0,0.9404761904761905,1.123153804830752,79.0,5.0,-2.0,-5.0,-2.0,1319,0.3661865049279757,0.15921152388172857,0.3199393479909022,0.24791508718726307,0.15466262319939347,0.3009855951478393,43.28363914373089,5.3570887035633055
2025-06-18,0,0,0,0,0,0,0,0,0,0,0,0,2025,6,18,2,169,25,2,0,0,0,0.9749279121818236,-0.22252093395631434,0.23030567023061221,-0.9731183372332619,0.12053668025532308,-0.992708874098054,1.2246467991473532e-16,-1.0,0.0,2.0,2.0,0.0,1.0,2.0,0.6666666666666666,1.154700538379254,2.0,2.0,0.7142857142857143,0.9511897312113406,5.0,2.0,0.9285714285714286,1.4392458342578498,13.0,5.0,0.8928571428571429,1.2274419565151595,25.0,5.0,0.8571428571428571,1.1189048449032895,48.0,5.0,0.8928571428571429,1.075665746699719,75.0,5.0,0.0,0.0,-2.0,1319,0.3661865049279757,0.15921152388172857,0.3199393479909022,0.24791508718726307,0.15466262319939347,0.3009855951478393,43.28363914373089,5.3570887035633055
2025-06-19,1,0,1,0,0,0,0,0,2,0,0,1,2025,6,19,3,170,25,2,0,0,0,0.43388373911755823,-0.900968867902419,0.21352091543979612,-0.9769384927771817,0.12053668025532308,-0.992708874098054,1.2246467991473532e-16,-1.0,0.0,0.0,2.0,0.0,1.0,0.0,0.3333333333333333,0.5773502691896292,1.0,1.0,0.8571428571428571,0.8997354108424367,6.0,2.0,0.9285714285714286,1.4392458342578498,13.0,5.0,0.9285714285714286,1.2149857925879144,26.0,5.0,0.8392857142857143,1.108262944091679,47.0,5.0,0.9047619047619048,1.071189493310806,76.0,5.0,1.0,1.0,1.0,1319,0.3661865049279757,0.15921152388172857,0.3199393479909022,0.24791508718726307,0.15466262319939347,0.3009855951478393,43.28363914373089,5.3570887035633055
2025-06-20,1,0,1,0,0,0,0,0,2,0,0,0,2025,6,20,4,171,25,2,0,0,1,-0.433883739117558,-0.9009688679024191,0.19667288979357647,-0.980469160361632,0.12053668025532308,-0.992708874098054,1.2246467991473532e-16,-1.0,1.0,0.0,0.0,0.0,0.0,2.0,0.6666666666666666,0.5773502691896306,2.0,1.0,1.0,0.8164965809277258,7.0,2.0,1.0,1.414213562373096,14.0,5.0,0.8928571428571429,1.1968874978625554,25.0,5.0,0.8214285714285714,1.0972219938991865,46.0,5.0,0.9047619047619048,1.071189493310806,76.0,5.0,0.0,1.0,-1.0,1319,0.3661865049279757,0.15921152388172857,0.3199393479909022,0.24791508718726307,0.15466262319939347,0.3009855951478393,43.28363914373089,5.3570887035633055
2025-06-21,0,0,0,0,0,0,0,0,0,0,0,0,2025,6,21,5,172,25,2,1,0,0,-0.9749279121818236,-0.2225209339563146,0.1797665857255624,-0.9837092937736097,0.12053668025532308,-0.992708874098054,1.2246467991473532e-16,-1.0,1.0,1.0,0.0,1.0,2.0,2.0,0.6666666666666666,0.5773502691896306,2.0,1.0,0.8571428571428571,0.8997354108424367,6.0,2.0,0.8571428571428571,1.4064216928154871,12.0,5.0,0.8214285714285714,1.188013325420076,23.0,5.0,0.8214285714285714,1.0972219938991865,46.0,5.0,0.8928571428571429,1.075665746699719,75.0,5.0,-1.0,-1.0,-2.0,1319,0.3661865049279757,0.15921152388172857,0.3199393479909022,0.24791508718726307,0.15466262319939347,0.3009855951478393,43.28363914373089,5.3570887035633055
2025-06-22,1,0,0,0,0,0,0,0,2,0,0,0,2025,6,22,6,173,25,2,1,0,0,-0.7818314824680299,0.6234898018587334,0.16280701293851715,-0.986657932891657,0.12053668025532308,-0.992708874098054,1.2246467991473532e-16,-1.0,0.0,1.0,1.0,2.0,0.0,0.0,0.6666666666666666,0.5773502691896306,2.0,1.0,0.7142857142857143,0.7559289460184531,5.0,2.0,0.9285714285714286,1.3847680013570576,13.0,5.0,0.8571428571428571,1.1773883752795389,24.0,5.0,0.8392857142857143,1.0917339954783487,47.0,5.0,0.9047619047619048,1.071189493310806,76.0,5.0,1.0,-1.0,1.0,1319,0.3661865049279757,0.15921152388172857,0.3199393479909022,0.24791508718726307,0.15466262319939347,0.3009855951478393,43.28363914373089,5.3570887035633055
2025-06-23,2,0,0,2,0,8,0,2,4,0,0,0,2025,6,23,0,174,26,2,0,1,0,0.0,1.0,0.1457991969198751,-0.9893142039703663,-3.216245299353273e-16,-1.0,1.2246467991473532e-16,-1.0,1.0,0.0,1.0,2.0,0.0,1.0,1.0,1.0000000000000038,3.0,2.0,0.7142857142857143,0.7559289460184531,5.0,2.0,1.0714285714285714,1.3847680013570576,15.0,5.0,0.8928571428571429,1.1968874978625554,25.0,5.0,0.875,1.0964819776324324,49.0,5.0,0.9166666666666666,1.077797098875935,77.0,5.0,1.0,0.0,1.0,1319,0.3661865049279757,0.15921152388172857,0.3199393479909022,0.24791508718726307,0.15466262319939347,0.3009855951478393,43.28363914373089,5.3570887035633055
2025-06-24,0,0,0,0,0,0,0,0,0,0,0,0,2025,6,24,1,175,26,2,0,0,0,0.7818314824680298,0.6234898018587336,0.12874817745258132,-0.99167731989929,-3.216245299353273e-16,-1.0,1.2246467991473532e-16,-1.0,2.0,1.0,0.0,0.0,5.0,0.0,1.0,1.0000000000000038,3.0,2.0,0.7142857142857143,0.7559289460184531,5.0,2.0,0.7142857142857143,0.8254203058555587,10.0,2.0,0.8928571428571429,1.1968874978625554,25.0,5.0,0.875,1.0964819776324324,49.0,5.0,0.8928571428571429,1.075665746699719,75.0,5.0,-2.0,0.0,0.0,1319,0.3661865049279757,0.15921152388172857,0.3199393479909022,0.24791508718726307,0.15466262319939347,0.3009855951478393,43.28363914373089,5.3570887035633055
2025-06-25,0,0,0,0,0,0,0,0,0,0,0,0,2025,6,25,2,176,26,2,0,0,0,0.9749279121818236,-0.22252093395631434,0.11165900712169512,-0.993746580436178,-3.216245299353273e-16,-1.0,1.2246467991473532e-16,-1.0,0.0,2.0,1.0,0.0,0.0,0.0,0.6666666666666666,1.1547005383792541,2.0,2.0,0.7142857142857143,0.7559289460184531,5.0,2.0,0.7142857142857143,0.8254203058555587,10.0,2.0,0.8928571428571429,1.1968874978625554,25.0,5.0,0.8571428571428571,1.1025354486747436,48.0,5.0,0.8571428571428571,1.0544553455369732,72.0,5.0,0.0,0.0,0.0,1319,0.3661865049279757,0.15921152388172857,0.3199393479909022,0.24791508718726307,0.15466262319939347,0.3009855951478393,43.28363914373089,5.3570887035633055
2025-06-26,0,0,0,0,0,0,0,0,0,0,0,0,2025,6,26,3,177,26,2,0,0,0,0.43388373911755823,-0.900968867902419,0.09453674981719912,-0.9955213724144752,-3.216245299353273e-16,-1.0,1.2246467991473532e-16,-1.0,0.0,0.0,2.0,1.0,0.0,3.0,0.0,0.0,0.0,0.0,0.5714285714285714,0.7867957924694412,4.0,2.0,0.7142857142857143,0.8254203058555587,10.0,2.0,0.7857142857142857,1.1338934190276844,22.0,5.0,0.8571428571428571,1.1025354486747436,48.0,5.0,0.8214285714285714,1.0315588190918286,69.0,5.0,0.0,-1.0,-3.0,1319,0.3661865049279757,0.15921152388172857,0.3199393479909022,0.24791508718726307,0.15466262319939347,0.3009855951478393,43.28363914373089,5.3570887035633055
2025-06-27,0,0,0,0,0,0,0,0,0,0,0,0,2025,6,27,4,178,26,2,0,0,1,-0.433883739117558,-0.9009688679024191,0.07738647923346301,-0.9970011699250151,-3.216245299353273e-16,-1.0,1.2246467991473532e-16,-1.0,0.0,0.0,0.0,1.0,0.0,1.0,0.0,0.0,0.0,0.0,0.42857142857142855,0.7867957924694406,3.0,2.0,0.7142857142857143,0.8254203058555587,10.0,2.0,0.75,1.1426091000668435,21.0,5.0,0.8392857142857143,1.108262944091679,47.0,5.0,0.8095238095238095,1.035236897121242,68.0,5.0,0.0,-1.0,-1.0,1319,0.3661865049279757,0.15921152388172857,0.3199393479909022,0.24791508718726307,0.15466262319939347,0.3009855951478393,43.28363914373089,5.3570887035633055
2025-06-28,0,0,0,0,0,0,0,0,0,0,0,0,2025,6,28,5,179,26,2,1,0,0,-0.9749279121818236,-0.2225209339563146,0.06021327736579302,-0.9981855344718586,-3.216245299353273e-16,-1.0,1.2246467991473532e-16,-1.0,0.0,0.0,0.0,0.0,1.0,0.0,0.0,0.0,0.0,0.0,0.42857142857142855,0.7867957924694406,3.0,2.0,0.6428571428571429,0.8418973861410971,9.0,2.0,0.75,1.1426091000668435,21.0,5.0,0.8214285714285714,1.1136694932787479,46.0,5.0,0.8095238095238095,1.035236897121242,68.0,5.0,0.0,0.0,0.0,1319,0.3661865049279757,0.15921152388172857,0.3199393479909022,0.24791508718726307,0.15466262319939347,0.3009855951478393,43.28363914373089,5.3570887035633055
2025-06-29,0,0,0,0,0,0,0,0,0,0,0,0,2025,6,29,6,180,26,2,1,0,0,-0.7818314824680299,0.6234898018587334,0.04302223300453059,-0.99907411510223,-3.216245299353273e-16,-1.0,1.2246467991473532e-16,-1.0,0.0,0.0,0.0,1.0,2.0,0.0,0.0,0.0,0.0,0.0,0.2857142857142857,0.7559289460184514,2.0,2.0,0.5,0.759554525312752,7.0,2.0,0.75,1.1426091000668435,21.0,5.0,0.8035714285714286,1.1187597492864048,45.0,5.0,0.8095238095238095,1.035236897121242,68.0,5.0,0.0,-1.0,0.0,1319,0.3661865049279757,0.15921152388172857,0.3199393479909022,0.24791508718726307,0.15466262319939347,0.3009855951478393,43.28363914373089,5.3570887035633055
2025-06-30,3,2,0,2,0,3,0,3,6,1,1,0,2025,6,30,0,181,27,2,0,1,0,0.0,1.0,0.02581844022713308,-0.9996666485105112,-0.12053668025532283,-0.992708874098054,1.2246467991473532e-16,-1.0,0.0,0.0,0.0,2.0,2.0,2.0,1.0,1.7320508075688796,3.0,3.0,0.42857142857142855,1.13389341902768,3.0,3.0,0.5714285714285714,0.9376144618769924,8.0,3.0,0.7857142857142857,1.197439950002688,22.0,5.0,0.8035714285714286,1.1187597492864048,45.0,5.0,0.8214285714285714,1.0546593612775952,69.0,5.0,3.0,1.0,1.0,1319,0.3661865049279757,0.15921152388172857,0.3199393479909022,0.24791508718726307,0.15466262319939347,0.3009855951478393,43.28363914373089,5.3570887035633055
2025-07-01,2,1,1,1,0,0,0,0,4,1,1,1,2025,7,1,1,182,27,3,0,0,0,0.7818314824680298,0.6234898018587336,0.008606996888688698,-0.9999629591162655,-0.12053668025532283,-0.992708874098054,-0.4999999999999997,-0.8660254037844388,3.0,0.0,0.0,0.0,0.0,0.0,1.6666666666666667,1.5275252316519503,5.0,3.0,0.7142857142857143,1.2535663410560165,5.0,3.0,0.7142857142857143,0.9944903161976952,10.0,3.0,0.8571428571428571,1.2084359562332903,24.0,5.0,0.8392857142857143,1.124548971637248,47.0,5.0,0.8214285714285714,1.0546593612775952,69.0,5.0,-1.0,2.0,2.0,1319,0.3661865049279757,0.15921152388172857,0.3199393479909022,0.24791508718726307,0.15466262319939347,0.3009855951478393,43.28363914373089,5.3570887035633055
2025-07-02,1,0,0,0,0,0,0,0,2,0,0,0,2025,7,2,2,183,27,3,0,0,0,0.9749279121818236,-0.22252093395631434,-0.008606996888688009,-0.9999629591162655,-0.12053668025532283,-0.992708874098054,-0.4999999999999997,-0.8660254037844388,2.0,3.0,0.0,0.0,0.0,1.0,2.0,1.0000000000000062,6.0,3.0,0.8571428571428571,1.2149857925879113,6.0,3.0,0.7857142857142857,0.9749612559222306,11.0,3.0,0.8571428571428571,1.2084359562332903,24.0,5.0,0.8571428571428571,1.1189048449032897,48.0,5.0,0.8333333333333334,1.0509127797694398,70.0,5.0,-1.0,1.0,0.0,1319,0.3661865049279757,0.15921152388172857,0.3199393479909022,0.24791508718726307,0.15466262319939347,0.3009855951478393,43.28363914373089,5.3570887035633055
2025-07-03,2,1,0,0,0,1,0,1,3,0,0,1,2025,7,3,3,184,27,3,0,0,0,0.43388373911755823,-0.900968867902419,-0.02581844022713239,-0.9996666485105112,-0.12053668025532283,-0.992708874098054,-0.4999999999999997,-0.8660254037844388,1.0,2.0,3.0,0.0,1.0,1.0,1.6666666666666667,0.5773502691896352,5.0,2.0,1.1428571428571428,1.2149857925879117,8.0,3.0,0.8571428571428571,1.0271051820261923,12.0,3.0,0.8928571428571429,1.2274419565151595,25.0,5.0,0.875,1.1291589790636227,49.0,5.0,0.8214285714285714,1.0315588190918283,69.0,5.0,1.0,2.0,1.0,1319,0.3661865049279757,0.15921152388172857,0.3199393479909022,0.24791508718726307,0.15466262319939347,0.3009855951478393,43.28363914373089,5.3570887035633055
2025-07-04,0,0,0,0,0,0,0,0,0,0,0,0,2025,7,4,4,185,27,3,0,0,1,-0.433883739117558,-0.9009688679024191,-0.04302223300453034,-0.99907411510223,-0.12053668025532283,-0.992708874098054,-0.4999999999999997,-0.8660254037844388,2.0,1.0,2.0,0.0,1.0,0.0,1.0,1.000000000000004,3.0,2.0,1.1428571428571428,1.2149857925879117,8.0,3.0,0.7857142857142857,1.0509022810878312,11.0,3.0,0.8928571428571429,1.2274419565151595,25.0,5.0,0.8392857142857143,1.124548971637248,47.0,5.0,0.8095238095238095,1.0352368971212418,68.0,5.0,-2.0,0.0,0.0,1319,0.3661865049279757,0.15921152388172857,0.3199393479909022,0.24791508718726307,0.15466262319939347,0.3009855951478393,43.28363914373089,5.3570887035633055
2025-07-05,0,0,0,0,0,0,0,0,0,0,0,0,2025,7,5,5,186,27,3,1,0,0,-0.9749279121818236,-0.2225209339563146,-0.060213277365792774,-0.9981855344718586,-0.12053668025532283,-0.992708874098054,-0.4999999999999997,-0.8660254037844388,0.0,2.0,1.0,0.0,0.0,2.0,0.6666666666666666,1.1547005383792543,2.0,2.0,1.1428571428571428,1.2149857925879117,8.0,3.0,0.7857142857142857,1.0509022810878312,11.0,3.0,0.8214285714285714,1.2187902754164648,23.0,5.0,0.7857142857142857,1.0906926192151445,44.0,5.0,0.7857142857142857,1.030515470165922,66.0,5.0,0.0,0.0,-2.0,1319,0.3661865049279757,0.15921152388172857,0.3199393479909022,0.24791508718726307,0.15466262319939347,0.3009855951478393,43.28363914373089,5.3570887035633055
2025-07-06,1,0,1,0,0,0,0,0,2,0,0,1,2025,7,6,6,187,27,3,1,0,0,-0.7818314824680299,0.6234898018587334,-0.07738647923346322,-0.9970011699250151,-0.12053668025532283,-0.992708874098054,-0.4999999999999997,-0.8660254037844388,0.0,0.0,2.0,0.0,1.0,0.0,0.3333333333333333,0.5773502691896298,1.0,1.0,1.2857142857142858,1.112697280528374,9.0,3.0,0.7857142857142857,1.0509022810878312,11.0,3.0,0.8571428571428571,1.2084359562332903,24.0,5.0,0.8035714285714286,1.0857698208626478,45.0,5.0,0.7857142857142857,1.030515470165922,66.0,5.0,1.0,1.0,1.0,1319,0.3661865049279757,0.15921152388172857,0.3199393479909022,0.24791508718726307,0.15466262319939347,0.3009855951478393,43.28363914373089,5.3570887035633055
2025-07-07,0,0,0,0,0,0,0,0,0,0,0,0,2025,7,7,0,188,28,3,0,1,0,0.0,1.0,-0.09453674981719933,-0.9955213724144752,-0.23931566428755743,-0.9709418174260521,-0.4999999999999997,-0.8660254037844388,1.0,0.0,0.0,3.0,2.0,0.0,0.3333333333333333,0.5773502691896298,1.0,1.0,0.8571428571428571,0.8997354108424365,6.0,2.0,0.6428571428571429,1.0082080720186282,9.0,3.0,0.8571428571428571,1.2084359562332903,24.0,5.0,0.8035714285714286,1.0857698208626478,45.0,5.0,0.7857142857142857,1.030515470165922,66.0,5.0,-1.0,-3.0,0.0,1319,0.3661865049279757,0.15921152388172857,0.3199393479909022,0.24791508718726307,0.15466262319939347,0.3009855951478393,43.28363914373089,5.3570887035633055
2025-07-08,1,1,0,0,0,0,0,0,2,0,0,0,2025,7,8,1,189,28,3,0,0,0,0.7818314824680298,0.6234898018587336,-0.11165900712169444,-0.9937465804361781,-0.23931566428755743,-0.9709418174260521,-0.4999999999999997,-0.8660254037844388,0.0,1.0,0.0,2.0,0.0,5.0,0.6666666666666666,0.5773502691896312,2.0,1.0,0.7142857142857143,0.7559289460184527,5.0,2.0,0.7142857142857143,0.9944903161976952,10.0,3.0,0.7142857142857143,0.8967902788460693,20.0,3.0,0.8214285714285714,1.0805241633265172,46.0,5.0,0.7857142857142857,1.030515470165922,66.0,5.0,1.0,-1.0,-4.0,1319,0.3661865049279757,0.15921152388172857,0.3199393479909022,0.24791508718726307,0.15466262319939347,0.3009855951478393,43.28363914373089,5.3570887035633055
2025-07-09,0,0,0,0,0,0,0,0,0,0,0,0,2025,7,9,2,190,28,3,0,0,0,0.9749279121818236,-0.22252093395631434,-0.12874817745258066,-0.99167731989929,-0.23931566428755743,-0.9709418174260521,-0.4999999999999997,-0.8660254037844388,1.0,0.0,1.0,1.0,0.0,0.0,0.3333333333333333,0.5773502691896298,1.0,1.0,0.5714285714285714,0.786795792469441,4.0,2.0,0.7142857142857143,0.9944903161976952,10.0,3.0,0.7142857142857143,0.8967902788460693,20.0,3.0,0.8214285714285714,1.0805241633265172,46.0,5.0,0.7738095238095238,1.0337811107620634,65.0,5.0,-1.0,-1.0,0.0,1319,0.3661865049279757,0.15921152388172857,0.3199393479909022,0.24791508718726307,0.15466262319939347,0.3009855951478393,43.28363914373089,5.3570887035633055
2025-07-10,0,0,0,0,0,0,0,0,0,0,0,0,2025,7,10,3,191,28,3,0,0,0,0.43388373911755823,-0.900968867902419,-0.14579919691987442,-0.9893142039703664,-0.23931566428755743,-0.9709418174260521,-0.4999999999999997,-0.8660254037844388,0.0,1.0,0.0,2.0,0.0,0.0,0.3333333333333333,0.5773502691896298,1.0,1.0,0.2857142857142857,0.48795003647426133,2.0,1.0,0.7142857142857143,0.9944903161976952,10.0,3.0,0.7142857142857143,0.8967902788460693,20.0,3.0,0.8214285714285714,1.0805241633265172,46.0,5.0,0.7738095238095238,1.0337811107620634,65.0,5.0,0.0,-2.0,0.0,1319,0.3661865049279757,0.15921152388172857,0.3199393479909022,0.24791508718726307,0.15466262319939347,0.3009855951478393,43.28363914373089,5.3570887035633055
2025-07-11,0,0,0,0,0,0,0,0,0,0,0,0,2025,7,11,4,192,28,3,0,0,1,-0.433883739117558,-0.9009688679024191,-0.16280701293851646,-0.9866579328916572,-0.23931566428755743,-0.9709418174260521,-0.4999999999999997,-0.8660254037844388,0.0,0.0,1.0,0.0,0.0,0.0,0.0,0.0,0.0,0.0,0.2857142857142857,0.48795003647426133,2.0,1.0,0.7142857142857143,0.9944903161976952,10.0,3.0,0.7142857142857143,0.8967902788460693,20.0,3.0,0.8214285714285714,1.0805241633265172,46.0,5.0,0.7619047619047619,1.0368981502312342,64.0,5.0,0.0,0.0,0.0,1319,0.3661865049279757,0.15921152388172857,0.3199393479909022,0.24791508718726307,0.15466262319939347,0.3009855951478393,43.28363914373089,5.3570887035633055
2025-07-12,0,0,0,0,0,0,0,0,0,0,0,0,2025,7,12,5,193,28,3,1,0,0,-0.9749279121818236,-0.2225209339563146,-0.17976658572556214,-0.9837092937736098,-0.23931566428755743,-0.9709418174260521,-0.4999999999999997,-0.8660254037844388,0.0,0.0,0.0,0.0,0.0,1.0,0.0,0.0,0.0,0.0,0.2857142857142857,0.48795003647426133,2.0,1.0,0.7142857142857143,0.9944903161976952,10.0,3.0,0.6785714285714286,0.9048663264720792,19.0,3.0,0.8214285714285714,1.0805241633265172,46.0,5.0,0.7619047619047619,1.0368981502312342,64.0,5.0,0.0,0.0,-1.0,1319,0.3661865049279757,0.15921152388172857,0.3199393479909022,0.24791508718726307,0.15466262319939347,0.3009855951478393,43.28363914373089,5.3570887035633055
2025-07-13,1,0,1,0,0,3,0,1,2,0,0,1,2025,7,13,6,194,28,3,1,0,0,-0.7818314824680299,0.6234898018587334,-0.19667288979357622,-0.9804691603616321,-0.23931566428755743,-0.9709418174260521,-0.4999999999999997,-0.8660254037844388,0.0,0.0,0.0,1.0,0.0,2.0,0.3333333333333333,0.5773502691896298,1.0,1.0,0.2857142857142857,0.48795003647426133,2.0,1.0,0.7857142857142857,0.9749612559222306,11.0,3.0,0.6428571428571429,0.8698354767504963,18.0,3.0,0.8392857142857143,1.0749509200514613,47.0,5.0,0.7619047619047619,1.0368981502312342,64.0,5.0,1.0,0.0,-1.0,1319,0.3661865049279757,0.15921152388172857,0.3199393479909022,0.24791508718726307,0.15466262319939347,0.3009855951478393,43.28363914373089,5.3570887035633055
2025-07-14,1,0,0,0,0,1,0,1,2,0,0,0,2025,7,14,0,195,29,3,0,1,0,0.0,1.0,-0.2135209154397959,-0.9769384927771817,-0.3546048870425356,-0.9350162426854148,-0.4999999999999997,-0.8660254037844388,1.0,0.0,0.0,0.0,3.0,2.0,0.6666666666666666,0.5773502691896312,2.0,1.0,0.42857142857142855,0.5345224838248448,3.0,1.0,0.6428571428571429,0.7449463436684939,9.0,2.0,0.6071428571428571,0.8317445171439054,17.0,3.0,0.8214285714285714,1.0635642111169563,46.0,5.0,0.7738095238095238,1.0337811107620634,65.0,5.0,0.0,1.0,-1.0,1319,0.3661865049279757,0.15921152388172857,0.3199393479909022,0.24791508718726307,0.15466262319939347,0.3009855951478393,43.28363914373089,5.3570887035633055
2025-07-15,0,0,0,0,0,0,0,0,0,0,0,0,2025,7,15,1,196,29,3,0,0,0,0.7818314824680298,0.6234898018587336,-0.23030567023061196,-0.973118337233262,-0.3546048870425356,-0.9350162426854148,-0.4999999999999997,-0.8660254037844388,1.0,1.0,0.0,1.0,2.0,0.0,0.6666666666666666,0.5773502691896312,2.0,1.0,0.2857142857142857,0.48795003647426133,2.0,1.0,0.5,0.6504436355879932,7.0,2.0,0.6071428571428571,0.8317445171439054,17.0,3.0,0.7857142857142857,1.056826909613452,44.0,5.0,0.7738095238095238,1.0337811107620634,65.0,5.0,-1.0,-1.0,0.0,1319,0.3661865049279757,0.15921152388172857,0.3199393479909022,0.24791508718726307,0.15466262319939347,0.3009855951478393,43.28363914373089,5.3570887035633055
2025-07-16,0,0,0,0,0,0,0,0,0,0,0,0,2025,7,16,2,197,29,3,0,0,0,0.9749279121818236,-0.22252093395631434,-0.24702218048093527,-0.9690098257244063,-0.3546048870425356,-0.9350162426854148,-0.4999999999999997,-0.8660254037844388,0.0,1.0,1.0,0.0,1.0,0.0,0.3333333333333333,0.5773502691896298,1.0,1.0,0.2857142857142857,0.48795003647426133,2.0,1.0,0.42857142857142855,0.6462061726588664,6.0,2.0,0.6071428571428571,0.8317445171439054,17.0,3.0,0.75,1.0488088481701527,42.0,5.0,0.7738095238095238,1.0337811107620634,65.0,5.0,0.0,0.0,0.0,1319,0.3661865049279757,0.15921152388172857,0.3199393479909022,0.24791508718726307,0.15466262319939347,0.3009855951478393,43.28363914373089,5.3570887035633055
2025-07-17,0,0,0,0,0,0,0,0,0,0,0,0,2025,7,17,3,198,29,3,0,0,0,0.43388373911755823,-0.900968867902419,-0.2636654927280072,-0.9646141756912435,-0.3546048870425356,-0.9350162426854148,-0.4999999999999997,-0.8660254037844388,0.0,0.0,1.0,0.0,2.0,1.0,0.0,0.0,0.0,0.0,0.2857142857142857,0.48795003647426133,2.0,1.0,0.2857142857142857,0.4688072309384989,4.0,1.0,0.5714285714285714,0.835710894037349,16.0,3.0,0.75,1.0488088481701527,42.0,5.0,0.75,1.0282163758969465,63.0,5.0,0.0,0.0,-1.0,1319,0.3661865049279757,0.15921152388172857,0.3199393479909022,0.24791508718726307,0.15466262319939347,0.3009855951478393,43.28363914373089,5.3570887035633055
2025-07-18,0,0,0,0,0,0,0,0,0,0,0,0,2025,7,18,4,199,29,3,0,0,1,-0.433883739117558,-0.9009688679024191,-0.2802306751992161,-0.9599326896597445,-0.3546048870425356,-0.9350162426854148,-0.4999999999999997,-0.8660254037844388,0.0,0.0,0.0,0.0,0.0,1.0,0.0,0.0,0.0,0.0,0.2857142857142857,0.48795003647426133,2.0,1.0,0.2857142857142857,0.4688072309384989,4.0,1.0,0.5357142857142857,0.8380817098475298,15.0,3.0,0.7142857142857143,1.039480389675285,40.0,5.0,0.7261904761904762,1.0220601740730715,61.0,5.0,0.0,0.0,-1.0,1319,0.3661865049279757,0.15921152388172857,0.3199393479909022,0.24791508718726307,0.15466262319939347,0.3009855951478393,43.28363914373089,5.3570887035633055
2025-07-19,0,0,0,0,0,0,0,0,0,0,0,0,2025,7,19,5,200,29,3,1,0,0,-0.9749279121818236,-0.2225209339563146,-0.2967128192734901,-0.9549667548552553,-0.3546048870425356,-0.9350162426854148,-0.4999999999999997,-0.8660254037844388,0.0,0.0,0.0,0.0,0.0,0.0,0.0,0.0,0.0,0.0,0.2857142857142857,0.48795003647426133,2.0,1.0,0.2857142857142857,0.4688072309384989,4.0,1.0,0.5357142857142857,0.8380817098475298,15.0,3.0,0.6785714285714286,1.0288058895834338,38.0,5.0,0.7261904761904762,1.0220601740730715,61.0,5.0,0.0,0.0,0.0,1319,0.3661865049279757,0.15921152388172857,0.3199393479909022,0.24791508718726307,0.15466262319939347,0.3009855951478393,43.28363914373089,5.3570887035633055
2025-07-20,0,0,0,0,0,0,0,0,0,0,0,0,2025,7,20,6,201,29,3,1,0,0,-0.7818314824680299,0.6234898018587334,-0.3131070409358267,-0.9497178427914317,-0.3546048870425356,-0.9350162426854148,-0.4999999999999997,-0.8660254037844388,0.0,0.0,0.0,1.0,1.0,1.0,0.0,0.0,0.0,0.0,0.14285714285714285,0.3779644730092193,1.0,1.0,0.21428571428571427,0.42581531362632397,3.0,1.0,0.5,0.8388704928078651,14.0,3.0,0.6785714285714286,1.0288058895834338,38.0,5.0,0.7261904761904762,1.0220601740730715,61.0,5.0,0.0,-1.0,-1.0,1319,0.3661865049279757,0.15921152388172857,0.3199393479909022,0.24791508718726307,0.15466262319939347,0.3009855951478393,43.28363914373089,5.3570887035633055
2025-07-21,0,0,0,0,0,0,0,0,0,0,0,0,2025,7,21,0,202,30,3,0,1,0,0.0,1.0,-0.3294084822245302,-0.9441875088341994,-0.46472317204376806,-0.8854560256532101,-0.4999999999999997,-0.8660254037844388,0.0,0.0,0.0,1.0,0.0,2.0,0.0,0.0,0.0,0.0,0.0,0.0,0.0,0.0,0.21428571428571427,0.42581531362632397,3.0,1.0,0.42857142857142855,0.790151013628807,12.0,3.0,0.6607142857142857,1.031799587909586,37.0,5.0,0.7261904761904762,1.0220601740730715,61.0,5.0,0.0,-1.0,-2.0,1319,0.3661865049279757,0.15921152388172857,0.3199393479909022,0.24791508718726307,0.15466262319939347,0.3009855951478393,43.28363914373089,5.3570887035633055
2025-07-22,0,0,0,0,0,0,0,0,0,0,0,0,2025,7,22,1,203,30,3,0,0,0,0.7818314824680298,0.6234898018587336,-0.3456123126707333,-0.9383773917408642,-0.46472317204376806,-0.8854560256532101,-0.4999999999999997,-0.8660254037844388,0.0,0.0,0.0,0.0,1.0,0.0,0.0,0.0,0.0,0.0,0.0,0.0,0.0,0.0,0.14285714285714285,0.3631365196012862,2.0,1.0,0.42857142857142855,0.790151013628807,12.0,3.0,0.6607142857142857,1.031799587909586,37.0,5.0,0.7261904761904762,1.0220601740730715,61.0,5.0,0.0,0.0,0.0,1319,0.3661865049279757,0.15921152388172857,0.3199393479909022,0.24791508718726307,0.15466262319939347,0.3009855951478393,43.28363914373089,5.3570887035633055
2025-07-23,4,1,0,2,0,2,0,2,8,0,0,0,2025,7,23,2,204,30,3,0,0,0,0.9749279121818236,-0.22252093395631434,-0.3617137307297674,-0.9322892131745134,-0.46472317204376806,-0.8854560256532101,-0.4999999999999997,-0.8660254037844388,0.0,0.0,0.0,0.0,0.0,0.0,1.3333333333333333,2.309401076758505,4.0,4.0,0.5714285714285714,1.5118578920369077,4.0,4.0,0.42857142857142855,1.0894095588038457,6.0,4.0,0.5714285714285714,1.033819650027545,16.0,4.0,0.7321428571428571,1.1199199878655535,41.0,5.0,0.7619047619047619,1.0823785456676558,64.0,5.0,4.0,4.0,4.0,1319,0.3661865049279757,0.15921152388172857,0.3199393479909022,0.24791508718726307,0.15466262319939347,0.3009855951478393,43.28363914373089,5.3570887035633055
2025-07-24,0,0,0,0,0,0,0,0,0,0,0,0,2025,7,24,3,205,30,3,0,0,0,0.43388373911755823,-0.900968867902419,-0.37770796520396466,-0.9259247771938499,-0.46472317204376806,-0.8854560256532101,-0.4999999999999997,-0.8660254037844388,4.0,0.0,0.0,0.0,0.0,0.0,1.3333333333333333,2.309401076758505,4.0,4.0,0.5714285714285714,1.5118578920369077,4.0,4.0,0.42857142857142855,1.0894095588038457,6.0,4.0,0.5714285714285714,1.033819650027545,16.0,4.0,0.6785714285714286,1.080524163326517,38.0,5.0,0.7619047619047619,1.0823785456676558,64.0,5.0,-4.0,0.0,0.0,1319,0.3661865049279757,0.15921152388172857,0.3199393479909022,0.24791508718726307,0.15466262319939347,0.3009855951478393,43.28363914373089,5.3570887035633055
2025-07-25,0,0,0,0,0,0,0,0,0,0,0,0,2025,7,25,4,206,30,3,0,0,1,-0.433883739117558,-0.9009688679024191,-0.39359027665646645,-0.9192859697186105,-0.46472317204376806,-0.8854560256532101,-0.4999999999999997,-0.8660254037844388,0.0,4.0,0.0,0.0,0.0,0.0,1.3333333333333333,2.309401076758505,4.0,4.0,0.5714285714285714,1.5118578920369077,4.0,4.0,0.42857142857142855,1.0894095588038457,6.0,4.0,0.5714285714285714,1.033819650027545,16.0,4.0,0.6607142857142857,1.083374957575308,37.0,5.0,0.75,1.085223867860219,63.0,5.0,0.0,0.0,0.0,1319,0.3661865049279757,0.15921152388172857,0.3199393479909022,0.24791508718726307,0.15466262319939347,0.3009855951478393,43.28363914373089,5.3570887035633055
2025-07-26,3,1,2,1,0,0,0,0,6,0,0,2,2025,7,26,5,207,30,3,1,0,0,-0.9749279121818236,-0.2225209339563146,-0.4093559588156211,-0.9123747579707274,-0.46472317204376806,-0.8854560256532101,-0.4999999999999997,-0.8660254037844388,0.0,0.0,4.0,0.0,0.0,0.0,1.0,1.7320508075688796,3.0,3.0,1.0,1.732050807568877,7.0,4.0,0.6428571428571429,1.2774459408789614,9.0,4.0,0.6785714285714286,1.1239339452243267,19.0,4.0,0.7142857142857143,1.1235380110782474,40.0,5.0,0.7738095238095238,1.1123749744414544,65.0,5.0,3.0,3.0,3.0,1319,0.3661865049279757,0.15921152388172857,0.3199393479909022,0.24791508718726307,0.15466262319939347,0.3009855951478393,43.28363914373089,5.3570887035633055
2025-07-27,0,0,0,0,0,0,0,0,0,0,0,0,2025,7,27,6,208,30,3,1,0,0,-0.7818314824680299,0.6234898018587334,-0.42500033996955394,-0.9051931898913975,-0.46472317204376806,-0.8854560256532101,-0.4999999999999997,-0.8660254037844388,3.0,0.0,0.0,0.0,1.0,0.0,1.0,1.7320508075688796,3.0,3.0,1.0,1.732050807568877,7.0,4.0,0.5714285714285714,1.28388147753274,8.0,4.0,0.6785714285714286,1.1239339452243267,19.0,4.0,0.7142857142857143,1.1235380110782474,40.0,5.0,0.7619047619047619,1.1152723760356194,64.0,5.0,-3.0,0.0,0.0,1319,0.3661865049279757,0.15921152388172857,0.3199393479909022,0.24791508718726307,0.15466262319939347,0.3009855951478393,43.28363914373089,5.3570887035633055
2025-07-28,0,0,0,0,0,0,0,0,0,0,0,0,2025,7,28,0,209,31,3,0,1,0,0.0,1.0,-0.4405187843504952,-0.8977433935342336,-0.5680647467311556,-0.8229838658936566,-0.4999999999999997,-0.8660254037844388,0.0,3.0,0.0,0.0,1.0,3.0,1.0,1.7320508075688796,3.0,3.0,1.0,1.732050807568877,7.0,4.0,0.5,1.2860194997923464,7.0,4.0,0.5714285714285714,1.033819650027545,16.0,4.0,0.6785714285714286,1.1136694932787474,38.0,5.0,0.7261904761904762,1.0904977362100707,61.0,5.0,0.0,0.0,-3.0,1319,0.3661865049279757,0.15921152388172857,0.3199393479909022,0.24791508718726307,0.15466262319939347,0.3009855951478393,43.28363914373089,5.3570887035633055
2025-07-29,0,0,0,0,0,0,0,0,0,0,0,0,2025,7,29,1,210,31,3,0,0,0,0.7818314824680298,0.6234898018587336,-0.455906693508459,-0.8900275764346766,-0.5680647467311556,-0.8229838658936566,-0.4999999999999997,-0.8660254037844388,0.0,0.0,3.0,0.0,0.0,2.0,0.0,0.0,0.0,0.0,1.0,1.732050807568877,7.0,4.0,0.5,1.2860194997923464,7.0,4.0,0.5,1.0000000000000033,14.0,4.0,0.6785714285714286,1.1136694932787474,38.0,5.0,0.7261904761904762,1.0904977362100707,61.0,5.0,0.0,0.0,-2.0,1319,0.3661865049279757,0.15921152388172857,0.3199393479909022,0.24791508718726307,0.15466262319939347,0.3009855951478393,43.28363914373089,5.3570887035633055
2025-07-30,1,0,0,0,0,0,0,0,2,0,0,0,2025,7,30,2,211,31,3,0,0,0,0.9749279121818236,-0.22252093395631434,-0.47115950767386394,-0.8820480249558535,-0.5680647467311556,-0.8229838658936566,-0.4999999999999997,-0.8660254037844388,0.0,0.0,0.0,4.0,0.0,1.0,0.3333333333333333,0.5773502691896295,1.0,1.0,0.5714285714285714,1.1338934190276801,4.0,3.0,0.5714285714285714,1.28388147753274,8.0,4.0,0.5,1.0000000000000033,14.0,4.0,0.6785714285714286,1.1136694932787474,38.0,5.0,0.7380952380952381,1.0879299191090914,62.0,5.0,1.0,-3.0,0.0,1319,0.3661865049279757,0.15921152388172857,0.3199393479909022,0.24791508718726307,0.15466262319939347,0.3009855951478393,43.28363914373089,5.3570887035633055
2025-07-31,0,0,0,0,0,0,0,0,0,0,0,0,2025,7,31,3,212,31,3,0,0,0,0.43388373911755823,-0.900968867902419,-0.4862727071086902,-0.8738071036110807,-0.5680647467311556,-0.8229838658936566,-0.4999999999999997,-0.8660254037844388,1.0,0.0,0.0,0.0,0.0,2.0,0.3333333333333333,0.5773502691896295,1.0,1.0,0.5714285714285714,1.1338934190276801,4.0,3.0,0.5714285714285714,1.28388147753274,8.0,4.0,0.42857142857142855,0.9594972228385695,12.0,4.0,0.6607142857142857,1.1164356548536836,37.0,5.0,0.7261904761904762,1.0904977362100707,61.0,5.0,-1.0,0.0,-2.0,1319,0.3661865049279757,0.15921152388172857,0.3199393479909022,0.24791508718726307,0.15466262319939347,0.3009855951478393,43.28363914373089,5.3570887035633055
2025-08-01,1,1,0,0,0,1,0,1,2,0,0,0,2025,8,1,4,213,31,3,0,0,1,-0.433883739117558,-0.9009688679024191,-0.5012418134457756,-0.8653072543632061,-0.5680647467311556,-0.8229838658936566,-0.8660254037844385,-0.5000000000000004,0.0,1.0,0.0,0.0,0.0,0.0,0.6666666666666666,0.5773502691896308,2.0,1.0,0.7142857142857143,1.1126972805283724,5.0,3.0,0.6428571428571429,1.2774459408789614,9.0,4.0,0.4642857142857143,0.9615628812527975,13.0,4.0,0.6785714285714286,1.1136694932787474,38.0,5.0,0.7142857142857143,1.0818483577614055,60.0,5.0,1.0,1.0,1.0,1319,0.3661865049279757,0.15921152388172857,0.3199393479909022,0.24791508718726307,0.15466262319939347,0.3009855951478393,43.28363914373089,5.3570887035633055
2025-08-02,0,0,0,0,0,0,0,0,0,0,0,0,2025,8,2,5,214,31,3,1,0,0,-0.9749279121818236,-0.2225209339563146,-0.5160623910158526,-0.8565509959010037,-0.5680647467311556,-0.8229838658936566,-0.8660254037844385,-0.5000000000000004,1.0,0.0,1.0,3.0,0.0,0.0,0.3333333333333333,0.5773502691896295,1.0,1.0,0.2857142857142857,0.48795003647426094,2.0,1.0,0.6428571428571429,1.2774459408789614,9.0,4.0,0.4642857142857143,0.9615628812527975,13.0,4.0,0.6428571428571429,1.1025354486747434,36.0,5.0,0.6785714285714286,1.0546593612775954,57.0,5.0,-1.0,-3.0,0.0,1319,0.3661865049279757,0.15921152388172857,0.3199393479909022,0.24791508718726307,0.15466262319939347,0.3009855951478393,43.28363914373089,5.3570887035633055
2025-08-03,0,0,0,0,0,0,0,0,0,0,0,0,2025,8,3,6,215,31,3,1,0,0,-0.7818314824680299,0.6234898018587334,-0.5307300481619331,-0.8475409228928312,-0.5680647467311556,-0.8229838658936566,-0.8660254037844385,-0.5000000000000004,0.0,1.0,0.0,0.0,0.0,1.0,0.3333333333333333,0.5773502691896295,1.0,1.0,0.2857142857142857,0.48795003647426094,2.0,1.0,0.6428571428571429,1.2774459408789614,9.0,4.0,0.42857142857142855,0.9594972228385695,12.0,4.0,0.6428571428571429,1.1025354486747434,36.0,5.0,0.6785714285714286,1.0546593612775954,57.0,5.0,0.0,0.0,-1.0,1319,0.3661865049279757,0.15921152388172857,0.3199393479909022,0.24791508718726307,0.15466262319939347,0.3009855951478393,43.28363914373089,5.3570887035633055
2025-08-04,0,0,0,0,0,0,0,0,0,0,0,0,2025,8,4,0,216,32,3,0,1,0,0.0,1.0,-0.5452404385406507,-0.8382797052177745,-0.663122658240795,-0.7485107481711013,-0.8660254037844385,-0.5000000000000004,0.0,0.0,1.0,0.0,0.0,0.0,0.0,0.0,0.0,0.0,0.2857142857142857,0.48795003647426094,2.0,1.0,0.6428571428571429,1.2774459408789614,9.0,4.0,0.42857142857142855,0.9594972228385695,12.0,4.0,0.6428571428571429,1.1025354486747434,36.0,5.0,0.6785714285714286,1.0546593612775954,57.0,5.0,0.0,0.0,0.0,1319,0.3661865049279757,0.15921152388172857,0.3199393479909022,0.24791508718726307,0.15466262319939347,0.3009855951478393,43.28363914373089,5.3570887035633055
2025-08-05,1,1,0,1,0,0,0,0,2,0,0,0,2025,8,5,1,217,32,3,0,0,0,0.7818314824680298,0.6234898018587336,-0.5595892624101763,-0.828770087174504,-0.663122658240795,-0.7485107481711013,-0.8660254037844385,-0.5000000000000004,0.0,0.0,0.0,0.0,0.0,1.0,0.3333333333333333,0.5773502691896295,1.0,1.0,0.42857142857142855,0.5345224838248444,3.0,1.0,0.7142857142857143,1.2666473875533029,10.0,4.0,0.42857142857142855,0.9594972228385695,12.0,4.0,0.5714285714285714,0.9314142298314264,32.0,4.0,0.6904761904761905,1.0525492917077421,58.0,5.0,1.0,1.0,0.0,1319,0.3661865049279757,0.15921152388172857,0.3199393479909022,0.24791508718726307,0.15466262319939347,0.3009855951478393,43.28363914373089,5.3570887035633055
2025-08-06,1,0,1,0,0,0,0,0,2,0,0,1,2025,8,6,2,218,32,3,0,0,0,0.9749279121818236,-0.22252093395631434,-0.5737722679043243,-0.8190148866680802,-0.663122658240795,-0.7485107481711013,-0.8660254037844385,-0.5000000000000004,1.0,0.0,0.0,1.0,4.0,0.0,0.6666666666666666,0.5773502691896308,2.0,1.0,0.42857142857142855,0.5345224838248444,3.0,1.0,0.5,0.8548504142651121,7.0,3.0,0.4642857142857143,0.9615628812527975,13.0,4.0,0.5892857142857143,0.929844282452923,33.0,4.0,0.7023809523809523,1.0502984303929193,59.0,5.0,0.0,0.0,1.0,1319,0.3661865049279757,0.15921152388172857,0.3199393479909022,0.24791508718726307,0.15466262319939347,0.3009855951478393,43.28363914373089,5.3570887035633055
2025-08-07,0,0,0,0,0,0,0,0,0,0,0,0,2025,8,7,3,219,32,3,0,0,0,0.43388373911755823,-0.900968867902419,-0.5877852522924734,-0.8090169943749472,-0.663122658240795,-0.7485107481711013,-0.8660254037844385,-0.5000000000000004,1.0,1.0,0.0,0.0,0.0,0.0,0.6666666666666666,0.5773502691896308,2.0,1.0,0.42857142857142855,0.5345224838248444,3.0,1.0,0.5,0.8548504142651121,7.0,3.0,0.4642857142857143,0.9615628812527975,13.0,4.0,0.5892857142857143,0.929844282452923,33.0,4.0,0.7023809523809523,1.0502984303929193,59.0,5.0,-1.0,0.0,0.0,1319,0.3661865049279757,0.15921152388172857,0.3199393479909022,0.24791508718726307,0.15466262319939347,0.3009855951478393,43.28363914373089,5.3570887035633055
2025-08-08,4,0,0,0,0,2,0,2,8,0,0,0,2025,8,8,4,220,32,3,0,0,1,-0.433883739117558,-0.9009688679024191,-0.6016240632249227,-0.7987793728863648,-0.663122658240795,-0.7485107481711013,-0.8660254037844385,-0.5000000000000004,0.0,1.0,1.0,1.0,0.0,0.0,1.6666666666666667,2.0816659994661353,5.0,4.0,0.8571428571428571,1.4638501094227991,6.0,4.0,0.7857142857142857,1.2513728724621085,11.0,4.0,0.6071428571428571,1.1655323283657195,17.0,4.0,0.6607142857142857,1.031799587909586,37.0,4.0,0.75,1.1072053172098804,63.0,5.0,4.0,3.0,4.0,1319,0.3661865049279757,0.15921152388172857,0.3199393479909022,0.24791508718726307,0.15466262319939347,0.3009855951478393,43.28363914373089,5.3570887035633055
2025-08-09,2,1,0,1,0,2,0,1,3,0,0,0,2025,8,9,5,221,32,3,1,0,0,-0.9749279121818236,-0.2225209339563146,-0.6152845999633277,-0.7883050558305253,-0.663122658240795,-0.7485107481711013,-0.8660254037844385,-0.5000000000000004,4.0,0.0,1.0,0.0,3.0,0.0,2.0,2.000000000000003,6.0,4.0,1.1428571428571428,1.4638501094227996,8.0,4.0,0.7142857142857143,1.1387288073563868,10.0,4.0,0.6785714285714286,1.1880133254200762,19.0,4.0,0.6785714285714286,1.0463293911599716,38.0,4.0,0.7738095238095238,1.1123749744414546,65.0,5.0,-2.0,2.0,2.0,1319,0.3661865049279757,0.15921152388172857,0.3199393479909022,0.24791508718726307,0.15466262319939347,0.3009855951478393,43.28363914373089,5.3570887035633055
2025-08-10,0,0,0,0,0,0,0,0,0,0,0,0,2025,8,10,6,222,32,3,1,0,0,-0.7818314824680299,0.6234898018587334,-0.6287628145958345,-0.7775971469736268,-0.663122658240795,-0.7485107481711013,-0.8660254037844385,-0.5000000000000004,2.0,4.0,0.0,0.0,0.0,1.0,2.0,2.000000000000003,6.0,4.0,1.1428571428571428,1.4638501094227996,8.0,4.0,0.7142857142857143,1.1387288073563868,10.0,4.0,0.6428571428571429,1.1930131697849904,18.0,4.0,0.6428571428571429,1.0344708164708523,36.0,4.0,0.7738095238095238,1.1123749744414546,65.0,5.0,-2.0,0.0,-1.0,1319,0.3661865049279757,0.15921152388172857,0.3199393479909022,0.24791508718726307,0.15466262319939347,0.3009855951478393,43.28363914373089,5.3570887035633055
2025-08-11,0,0,0,0,0,0,0,0,0,0,0,0,2025,8,11,0,223,33,3,0,1,0,0.0,1.0,-0.6420547132365636,-0.7666588193001592,-0.7485107481711011,-0.6631226582407952,-0.8660254037844385,-0.5000000000000004,0.0,2.0,4.0,0.0,0.0,1.0,0.6666666666666666,1.1547005383792546,2.0,2.0,1.1428571428571428,1.4638501094227996,8.0,4.0,0.7142857142857143,1.1387288073563868,10.0,4.0,0.6071428571428571,1.1968874978625557,17.0,4.0,0.6071428571428571,1.0212037714663733,34.0,4.0,0.75,1.1072053172098804,63.0,5.0,0.0,0.0,-1.0,1319,0.3661865049279757,0.15921152388172857,0.3199393479909022,0.24791508718726307,0.15466262319939347,0.3009855951478393,43.28363914373089,5.3570887035633055
2025-08-12,0,0,0,0,0,0,0,0,0,0,0,0,2025,8,12,1,224,33,3,0,0,0,0.7818314824680298,0.6234898018587336,-0.655156357209085,-0.7554933140726804,-0.7485107481711011,-0.6631226582407952,-0.8660254037844385,-0.5000000000000004,0.0,0.0,2.0,1.0,0.0,0.0,0.0,0.0,0.0,0.0,1.0,1.527525231651946,7.0,4.0,0.7142857142857143,1.1387288073563868,10.0,4.0,0.6071428571428571,1.1968874978625557,17.0,4.0,0.6071428571428571,1.0212037714663733,34.0,4.0,0.7261904761904762,1.1014906709643337,61.0,5.0,0.0,-1.0,0.0,1319,0.3661865049279757,0.15921152388172857,0.3199393479909022,0.24791508718726307,0.15466262319939347,0.3009855951478393,43.28363914373089,5.3570887035633055
2025-08-13,1,1,0,1,0,0,0,0,2,0,0,0,2025,8,13,2,225,33,3,0,0,0,0.9749279121818236,-0.22252093395631434,-0.6680638642135333,-0.7441039398713608,-0.7485107481711011,-0.6631226582407952,-0.8660254037844385,-0.5000000000000004,0.0,0.0,0.0,1.0,1.0,0.0,0.3333333333333333,0.5773502691896311,1.0,1.0,1.0,1.527525231651946,7.0,4.0,0.7142857142857143,1.1387288073563868,10.0,4.0,0.6428571428571429,1.1930131697849904,18.0,4.0,0.625,1.0191351056834248,35.0,4.0,0.7142857142857143,1.0929282935001816,60.0,5.0,1.0,0.0,1.0,1319,0.3661865049279757,0.15921152388172857,0.3199393479909022,0.24791508718726307,0.15466262319939347,0.3009855951478393,43.28363914373089,5.3570887035633055
2025-08-14,0,0,0,0,0,0,0,0,0,0,0,0,2025,8,14,3,226,33,3,0,0,0,0.43388373911755823,-0.900968867902419,-0.6807734094770159,-0.7324940716135792,-0.7485107481711011,-0.6631226582407952,-0.8660254037844385,-0.5000000000000004,1.0,0.0,0.0,0.0,0.0,0.0,0.3333333333333333,0.5773502691896311,1.0,1.0,1.0,1.527525231651946,7.0,4.0,0.7142857142857143,1.1387288073563868,10.0,4.0,0.6428571428571429,1.1930131697849904,18.0,4.0,0.6071428571428571,1.0212037714663733,34.0,4.0,0.7142857142857143,1.0929282935001816,60.0,5.0,-1.0,0.0,0.0,1319,0.3661865049279757,0.15921152388172857,0.3199393479909022,0.24791508718726307,0.15466262319939347,0.3009855951478393,43.28363914373089,5.3570887035633055
2025-08-15,0,0,0,0,0,0,0,0,0,0,0,0,2025,8,15,4,227,33,3,0,0,1,-0.433883739117558,-0.9009688679024191,-0.6932812268869771,-0.7206671495538615,-0.7485107481711011,-0.6631226582407952,-0.8660254037844385,-0.5000000000000004,0.0,1.0,0.0,4.0,1.0,0.0,0.3333333333333333,0.5773502691896311,1.0,1.0,0.42857142857142855,0.7867957924694401,3.0,2.0,0.6428571428571429,1.1507283885330313,9.0,4.0,0.6428571428571429,1.1930131697849904,18.0,4.0,0.5892857142857143,1.0229509134990658,33.0,4.0,0.6904761904761905,1.086346707134042,58.0,5.0,0.0,-4.0,0.0,1319,0.3661865049279757,0.15921152388172857,0.3199393479909022,0.24791508718726307,0.15466262319939347,0.3009855951478393,43.28363914373089,5.3570887035633055
2025-08-16,0,0,0,0,0,0,0,0,0,0,0,0,2025,8,16,5,228,33,3,1,0,0,-0.9749279121818236,-0.2225209339563146,-0.7055836101071774,-0.70862667826446,-0.7485107481711011,-0.6631226582407952,-0.8660254037844385,-0.5000000000000004,0.0,0.0,1.0,2.0,0.0,0.0,0.0,0.0,0.0,0.0,0.14285714285714285,0.37796447300921865,1.0,1.0,0.6428571428571429,1.1507283885330313,9.0,4.0,0.6428571428571429,1.1930131697849904,18.0,4.0,0.5892857142857143,1.0229509134990658,33.0,4.0,0.6666666666666666,1.0791935111638475,56.0,5.0,0.0,-2.0,0.0,1319,0.3661865049279757,0.15921152388172857,0.3199393479909022,0.24791508718726307,0.15466262319939347,0.3009855951478393,43.28363914373089,5.3570887035633055
2025-08-17,0,0,0,0,0,0,0,0,0,0,0,0,2025,8,17,6,229,33,3,1,0,0,-0.7818314824680299,0.6234898018587334,-0.7176769136759615,-0.6963762255968726,-0.7485107481711011,-0.6631226582407952,-0.8660254037844385,-0.5000000000000004,0.0,0.0,0.0,0.0,0.0,0.0,0.0,0.0,0.0,0.0,0.14285714285714285,0.37796447300921865,1.0,1.0,0.6428571428571429,1.1507283885330313,9.0,4.0,0.6428571428571429,1.1930131697849904,18.0,4.0,0.5714285714285714,1.0243781769203457,32.0,4.0,0.6666666666666666,1.0791935111638475,56.0,5.0,0.0,0.0,0.0,1319,0.3661865049279757,0.15921152388172857,0.3199393479909022,0.24791508718726307,0.15466262319939347,0.3009855951478393,43.28363914373089,5.3570887035633055
2025-08-18,2,0,0,1,0,0,0,0,4,0,0,0,2025,8,18,0,230,34,3,0,1,0,0.0,1.0,-0.7295575540864876,-0.6839194216246105,-0.8229838658936564,-0.5680647467311559,-0.8660254037844385,-0.5000000000000004,0.0,0.0,0.0,0.0,0.0,0.0,0.6666666666666666,1.1547005383792546,2.0,2.0,0.42857142857142855,0.7867957924694401,3.0,2.0,0.7857142857142857,1.1883130530663688,11.0,4.0,0.7142857142857143,1.2128064441201976,20.0,4.0,0.5714285714285714,1.0243781769203457,32.0,4.0,0.6785714285714286,1.0883912554577841,57.0,5.0,2.0,2.0,2.0,1319,0.3661865049279757,0.15921152388172857,0.3199393479909022,0.24791508718726307,0.15466262319939347,0.3009855951478393,43.28363914373089,5.3570887035633055
2025-08-19,1,1,0,1,0,0,0,0,2,0,0,0,2025,8,19,1,231,34,3,0,0,0,0.7818314824680298,0.6234898018587336,-0.7412220108485957,-0.6712599575675315,-0.8229838658936564,-0.5680647467311559,-0.8660254037844385,-0.5000000000000004,2.0,0.0,0.0,0.0,1.0,0.0,1.0,1.0000000000000042,3.0,2.0,0.5714285714285714,0.7867957924694405,4.0,2.0,0.7857142857142857,1.1883130530663688,11.0,4.0,0.75,1.205696356345042,21.0,4.0,0.5892857142857143,1.0229509134990658,33.0,4.0,0.6904761904761905,1.0863467071340422,58.0,5.0,-1.0,1.0,1.0,1319,0.3661865049279757,0.15921152388172857,0.3199393479909022,0.24791508718726307,0.15466262319939347,0.3009855951478393,43.28363914373089,5.3570887035633055
2025-08-20,0,0,0,0,0,0,0,0,0,0,0,0,2025,8,20,2,232,34,3,0,0,0,0.9749279121818236,-0.22252093395631434,-0.7526668275320083,-0.6584015846980489,-0.8229838658936564,-0.5680647467311559,-0.8660254037844385,-0.5000000000000004,1.0,2.0,0.0,1.0,1.0,4.0,1.0,1.0000000000000042,3.0,2.0,0.42857142857142855,0.7867957924694401,3.0,2.0,0.7142857142857143,1.2043875831929909,10.0,4.0,0.6071428571428571,1.0306159867619553,17.0,4.0,0.5892857142857143,1.0229509134990658,33.0,4.0,0.6904761904761905,1.0863467071340422,58.0,5.0,-1.0,-1.0,-4.0,1319,0.3661865049279757,0.15921152388172857,0.3199393479909022,0.24791508718726307,0.15466262319939347,0.3009855951478393,43.28363914373089,5.3570887035633055
2025-08-21,0,0,0,0,0,0,0,0,0,0,0,0,2025,8,21,3,233,34,3,0,0,0,0.43388373911755823,-0.900968867902419,-0.7638886127905429,-0.64534811322955,-0.8229838658936564,-0.5680647467311559,-0.8660254037844385,-0.5000000000000004,0.0,1.0,2.0,0.0,0.0,0.0,0.3333333333333333,0.5773502691896311,1.0,1.0,0.42857142857142855,0.7867957924694401,3.0,2.0,0.7142857142857143,1.2043875831929909,10.0,4.0,0.6071428571428571,1.0306159867619553,17.0,4.0,0.5892857142857143,1.0229509134990658,33.0,4.0,0.6547619047619048,1.0584604370709951,55.0,5.0,0.0,0.0,0.0,1319,0.3661865049279757,0.15921152388172857,0.3199393479909022,0.24791508718726307,0.15466262319939347,0.3009855951478393,43.28363914373089,5.3570887035633055
2025-08-22,2,1,1,1,0,1,0,1,3,0,0,1,2025,8,22,4,234,34,3,0,0,1,-0.433883739117558,-0.9009688679024191,-0.7748840413670406,-0.6321034111873488,-0.8229838658936564,-0.5680647467311559,-0.8660254037844385,-0.5000000000000004,0.0,0.0,1.0,0.0,4.0,0.0,0.6666666666666666,1.1547005383792546,2.0,2.0,0.7142857142857143,0.9511897312113402,5.0,2.0,0.5714285714285714,0.8516306272526418,8.0,2.0,0.6785714285714286,1.0559731838827027,19.0,4.0,0.625,1.0368220676663868,35.0,4.0,0.6666666666666666,1.0679710899626378,56.0,5.0,2.0,2.0,2.0,1319,0.3661865049279757,0.15921152388172857,0.3199393479909022,0.24791508718726307,0.15466262319939347,0.3009855951478393,43.28363914373089,5.3570887035633055
2025-08-23,1,0,0,0,0,0,0,0,2,0,0,0,2025,8,23,5,235,34,3,1,0,0,-0.9749279121818236,-0.2225209339563146,-0.7856498550787144,-0.6186714032625032,-0.8229838658936564,-0.5680647467311559,-0.8660254037844385,-0.5000000000000004,2.0,0.0,0.0,0.0,2.0,3.0,1.0,1.000000000000004,3.0,2.0,0.8571428571428571,0.899735410842436,6.0,2.0,0.5,0.7595545253127519,7.0,2.0,0.6071428571428571,0.9560445408144805,17.0,4.0,0.6428571428571429,1.0344708164708523,36.0,4.0,0.6785714285714286,1.0660219293582258,57.0,5.0,-1.0,1.0,-2.0,1319,0.3661865049279757,0.15921152388172857,0.3199393479909022,0.24791508718726307,0.15466262319939347,0.3009855951478393,43.28363914373089,5.3570887035633055
2025-08-24,4,1,1,2,0,1,0,1,8,0,0,1,2025,8,24,6,236,34,3,1,0,0,-0.7818314824680299,0.6234898018587334,-0.7961828637826154,-0.6050560696488494,-0.8229838658936564,-0.5680647467311559,-0.8660254037844385,-0.5000000000000004,1.0,2.0,0.0,0.0,0.0,0.0,2.3333333333333335,1.5275252316519508,7.0,4.0,1.4285714285714286,1.3972762620115442,10.0,4.0,0.7857142857142857,1.1883130530663688,11.0,4.0,0.75,1.1426091000668437,21.0,4.0,0.7142857142857143,1.1235380110782474,40.0,4.0,0.7261904761904762,1.1231538048307521,61.0,5.0,3.0,4.0,4.0,1319,0.3661865049279757,0.15921152388172857,0.3199393479909022,0.24791508718726307,0.15466262319939347,0.3009855951478393,43.28363914373089,5.3570887035633055
2025-08-25,0,0,0,0,0,0,0,0,0,0,0,0,2025,8,25,0,237,35,3,0,1,0,0.0,1.0,-0.8064799463209447,-0.5912614448635782,-0.8854560256532096,-0.4647231720437691,-0.8660254037844385,-0.5000000000000004,4.0,1.0,2.0,2.0,0.0,0.0,1.6666666666666667,2.0816659994661353,5.0,4.0,1.1428571428571428,1.4638501094227994,8.0,4.0,0.7857142857142857,1.1883130530663688,11.0,4.0,0.75,1.1426091000668437,21.0,4.0,0.6607142857142857,1.083374957575308,37.0,4.0,0.7023809523809523,1.1170072095285875,59.0,5.0,-4.0,-2.0,0.0,1319,0.3661865049279757,0.15921152388172857,0.3199393479909022,0.24791508718726307,0.15466262319939347,0.3009855951478393,43.28363914373089,5.3570887035633055
2025-08-26,3,2,1,2,0,0,0,0,6,0,0,1,2025,8,26,1,238,35,3,0,0,0,0.7818314824680298,0.6234898018587336,-0.8165380514459157,-0.5772916165517278,-0.8854560256532096,-0.4647231720437691,-0.8660254037844385,-0.5000000000000004,0.0,4.0,1.0,1.0,0.0,0.0,2.3333333333333335,2.0816659994661357,7.0,4.0,1.4285714285714286,1.6183471874253743,10.0,4.0,1.0,1.3008872711759827,14.0,4.0,0.8571428571428571,1.2084359562332905,24.0,4.0,0.6785714285714286,1.1136694932787474,38.0,4.0,0.7380952380952381,1.141960348087252,62.0,5.0,3.0,2.0,3.0,1319,0.3661865049279757,0.15921152388172857,0.3199393479909022,0.24791508718726307,0.15466262319939347,0.3009855951478393,43.28363914373089,5.3570887035633055
2025-08-27,1,0,0,0,0,0,0,0,2,0,0,0,2025,8,27,2,239,35,3,0,0,0,0.9749279121818236,-0.22252093395631434,-0.8263541987239094,-0.5631507242749187,-0.8854560256532096,-0.4647231720437691,-0.8660254037844385,-0.5000000000000004,3.0,0.0,4.0,0.0,1.0,1.0,1.3333333333333333,1.5275252316519499,4.0,3.0,1.5714285714285714,1.5118578920369092,11.0,4.0,1.0,1.3008872711759827,14.0,4.0,0.8571428571428571,1.2084359562332905,24.0,4.0,0.6785714285714286,1.1136694932787474,38.0,4.0,0.7380952380952381,1.141960348087252,62.0,5.0,-2.0,1.0,0.0,1319,0.3661865049279757,0.15921152388172857,0.3199393479909022,0.24791508718726307,0.15466262319939347,0.3009855951478393,43.28363914373089,5.3570887035633055
2025-08-28,1,0,1,0,0,1,0,1,2,0,0,1,2025,8,28,3,240,35,3,0,0,0,0.43388373911755823,-0.900968867902419,-0.8359254794186365,-0.5488429582847199,-0.8854560256532096,-0.4647231720437691,-0.8660254037844385,-0.5000000000000004,1.0,3.0,0.0,0.0,0.0,0.0,1.6666666666666667,1.1547005383792561,5.0,3.0,1.7142857142857142,1.3801311186847092,12.0,4.0,1.0714285714285714,1.2688144505364494,15.0,4.0,0.8928571428571429,1.1968874978625557,25.0,4.0,0.6607142857142857,1.1000295155426225,37.0,4.0,0.7380952380952381,1.141960348087252,62.0,5.0,0.0,1.0,1.0,1319,0.3661865049279757,0.15921152388172857,0.3199393479909022,0.24791508718726307,0.15466262319939347,0.3009855951478393,43.28363914373089,5.3570887035633055
2025-08-29,0,0,0,0,0,0,0,0,0,0,0,0,2025,8,29,4,241,35,3,0,0,1,-0.433883739117558,-0.9009688679024191,-0.8452490573530634,-0.5343725582809785,-0.8854560256532096,-0.4647231720437691,-0.8660254037844385,-0.5000000000000004,1.0,1.0,3.0,2.0,0.0,1.0,0.6666666666666666,0.5773502691896318,2.0,1.0,1.4285714285714286,1.511857892036909,10.0,4.0,1.0714285714285714,1.2688144505364494,15.0,4.0,0.8571428571428571,1.2084359562332905,24.0,4.0,0.6607142857142857,1.1000295155426225,37.0,4.0,0.7380952380952381,1.141960348087252,62.0,5.0,-1.0,-2.0,-1.0,1319,0.3661865049279757,0.15921152388172857,0.3199393479909022,0.24791508718726307,0.15466262319939347,0.3009855951478393,43.28363914373089,5.3570887035633055
2025-08-30,0,0,0,0,0,0,0,0,0,0,0,0,2025,8,30,5,242,35,3,1,0,0,-0.9749279121818236,-0.2225209339563146,-0.8543221697498269,-0.5197438121555157,-0.8854560256532096,-0.4647231720437691,-0.8660254037844385,-0.5000000000000004,0.0,1.0,1.0,1.0,0.0,0.0,0.3333333333333333,0.5773502691896307,1.0,1.0,1.2857142857142858,1.6035674514745464,9.0,4.0,1.0714285714285714,1.2688144505364494,15.0,4.0,0.8571428571428571,1.2084359562332905,24.0,4.0,0.6607142857142857,1.1000295155426225,37.0,4.0,0.7142857142857143,1.1361680319837792,60.0,5.0,0.0,-1.0,0.0,1319,0.3661865049279757,0.15921152388172857,0.3199393479909022,0.24791508718726307,0.15466262319939347,0.3009855951478393,43.28363914373089,5.3570887035633055
2025-08-31,1,0,0,0,0,0,0,0,2,0,0,0,2025,8,31,6,243,35,3,1,0,0,-0.7818314824680299,0.6234898018587334,-0.8631421280499115,-0.5049610547215202,-0.8854560256532096,-0.4647231720437691,-0.8660254037844385,-0.5000000000000004,0.0,0.0,1.0,4.0,0.0,0.0,0.3333333333333333,0.5773502691896307,1.0,1.0,0.8571428571428571,1.0690449676496967,6.0,3.0,1.1428571428571428,1.2314558524297647,16.0,4.0,0.8928571428571429,1.1968874978625557,25.0,4.0,0.6607142857142857,1.1000295155426225,37.0,4.0,0.7261904761904762,1.1338301701965616,61.0,5.0,1.0,-3.0,1.0,1319,0.3661865049279757,0.15921152388172857,0.3199393479909022,0.24791508718726307,0.15466262319939347,0.3009855951478393,43.28363914373089,5.3570887035633055
2025-09-01,0,0,0,0,0,0,0,0,0,0,0,0,2025,9,1,0,244,36,3,0,1,0,0.0,1.0,-0.8717063187093217,-0.4900286664290594,-0.9350162426854147,-0.3546048870425359,-1.0,-1.8369701987210297e-16,1.0,0.0,0.0,0.0,2.0,0.0,0.3333333333333333,0.5773502691896307,1.0,1.0,0.8571428571428571,1.0690449676496967,6.0,3.0,1.0,1.2403473458920857,14.0,4.0,0.8928571428571429,1.1968874978625557,25.0,4.0,0.6607142857142857,1.1000295155426225,37.0,4.0,0.7261904761904762,1.1338301701965616,61.0,5.0,-1.0,0.0,0.0,1319,0.3661865049279757,0.15921152388172857,0.3199393479909022,0.24791508718726307,0.15466262319939347,0.3009855951478393,43.28363914373089,5.3570887035633055
2025-09-02,2,0,0,0,0,0,0,0,4,0,0,0,2025,9,2,1,245,36,3,0,0,0,0.7818314824680298,0.6234898018587336,-0.8800122039735356,-0.4749510720670502,-0.9350162426854147,-0.3546048870425359,-1.0,-1.8369701987210297e-16,0.0,1.0,0.0,3.0,1.0,1.0,1.0,1.0000000000000042,3.0,2.0,0.7142857142857143,0.7559289460184527,5.0,2.0,1.0714285714285714,1.2688144505364496,15.0,4.0,0.9285714285714286,1.2149857925879144,26.0,4.0,0.6785714285714286,1.1136694932787474,38.0,4.0,0.6904761904761905,1.0410396850900072,58.0,4.0,2.0,-1.0,1.0,1319,0.3661865049279757,0.15921152388172857,0.3199393479909022,0.24791508718726307,0.15466262319939347,0.3009855951478393,43.28363914373089,5.3570887035633055
2025-09-03,1,0,1,0,0,0,0,0,1,0,0,1,2025,9,3,2,246,36,3,0,0,0,0.9749279121818236,-0.22252093395631434,-0.888057322629493,-0.4597327394521046,-0.9350162426854147,-0.3546048870425359,-1.0,-1.8369701987210297e-16,2.0,0.0,1.0,1.0,0.0,1.0,1.0,1.0000000000000042,3.0,2.0,0.7142857142857143,0.7559289460184527,5.0,2.0,1.1428571428571428,1.231455852429765,16.0,4.0,0.9285714285714286,1.2149857925879144,26.0,4.0,0.6964285714285714,1.110604141195935,39.0,4.0,0.7023809523809523,1.0387638843084894,59.0,4.0,-1.0,0.0,0.0,1319,0.3661865049279757,0.15921152388172857,0.3199393479909022,0.24791508718726307,0.15466262319939347,0.3009855951478393,43.28363914373089,5.3570887035633055
2025-09-04,0,0,0,0,0,0,0,0,0,0,0,0,2025,9,4,3,247,36,3,0,0,0,0.43388373911755823,-0.900968867902419,-0.8958392907349089,-0.4443781781046134,-0.9350162426854147,-0.3546048870425359,-1.0,-1.8369701987210297e-16,1.0,2.0,0.0,1.0,0.0,0.0,1.0,1.0000000000000042,3.0,2.0,0.5714285714285714,0.7867957924694411,4.0,2.0,1.1428571428571428,1.231455852429765,16.0,4.0,0.9285714285714286,1.2149857925879144,26.0,4.0,0.6964285714285714,1.110604141195935,39.0,4.0,0.7023809523809523,1.0387638843084894,59.0,4.0,-1.0,-1.0,0.0,1319,0.3661865049279757,0.15921152388172857,0.3199393479909022,0.24791508718726307,0.15466262319939347,0.3009855951478393,43.28363914373089,5.3570887035633055
2025-09-05,0,0,0,0,0,0,0,0,0,0,0,0,2025,9,5,4,248,36,3,0,0,1,-0.433883739117558,-0.9009688679024191,-0.9033558023246842,-0.4288919379124841,-0.9350162426854147,-0.3546048870425359,-1.0,-1.8369701987210297e-16,0.0,1.0,2.0,0.0,2.0,4.0,0.3333333333333333,0.5773502691896308,1.0,1.0,0.5714285714285714,0.7867957924694411,4.0,2.0,1.0,1.2403473458920857,14.0,4.0,0.7857142857142857,1.066567455703644,22.0,4.0,0.6964285714285714,1.110604141195935,39.0,4.0,0.7023809523809523,1.0387638843084894,59.0,4.0,0.0,0.0,-4.0,1319,0.3661865049279757,0.15921152388172857,0.3199393479909022,0.24791508718726307,0.15466262319939347,0.3009855951478393,43.28363914373089,5.3570887035633055
2025-09-06,0,0,0,0,0,0,0,0,0,0,0,0,2025,9,6,5,249,36,3,1,0,0,-0.9749279121818236,-0.2225209339563146,-0.9106046300942162,-0.41327860778290443,-0.9350162426854147,-0.3546048870425359,-1.0,-1.8369701987210297e-16,0.0,0.0,1.0,0.0,1.0,2.0,0.0,0.0,0.0,0.0,0.5714285714285714,0.7867957924694411,4.0,2.0,0.9285714285714286,1.2688144505364498,13.0,4.0,0.7142857142857143,1.0490610566259275,20.0,4.0,0.6964285714285714,1.110604141195935,39.0,4.0,0.6904761904761905,1.0410396850900072,58.0,4.0,0.0,0.0,-2.0,1319,0.3661865049279757,0.15921152388172857,0.3199393479909022,0.24791508718726307,0.15466262319939347,0.3009855951478393,43.28363914373089,5.3570887035633055
2025-09-07,0,0,0,0,0,0,0,0,0,0,0,0,2025,9,7,6,250,36,3,1,0,0,-0.7818314824680299,0.6234898018587334,-0.9175836260593934,-0.3975428142825566,-0.9350162426854147,-0.3546048870425359,-1.0,-1.8369701987210297e-16,0.0,0.0,0.0,1.0,4.0,0.0,0.0,0.0,0.0,0.0,0.42857142857142855,0.7867957924694406,3.0,2.0,0.6428571428571429,0.9287827316640671,9.0,3.0,0.7142857142857143,1.0490610566259275,20.0,4.0,0.6785714285714286,1.1136694932787474,38.0,4.0,0.6666666666666666,1.0335729738966082,56.0,4.0,0.0,-1.0,0.0,1319,0.3661865049279757,0.15921152388172857,0.3199393479909022,0.24791508718726307,0.15466262319939347,0.3009855951478393,43.28363914373089,5.3570887035633055
2025-09-08,0,0,0,0,0,0,0,0,0,0,0,0,2025,9,8,0,251,37,3,0,1,0,0.0,1.0,-0.9242907221930934,-0.3816892202666586,-0.970941817426052,-0.23931566428755774,-1.0,-1.8369701987210297e-16,0.0,0.0,0.0,0.0,0.0,0.0,0.0,0.0,0.0,0.0,0.42857142857142855,0.7867957924694406,3.0,2.0,0.6428571428571429,0.9287827316640671,9.0,3.0,0.7142857142857143,1.0490610566259275,20.0,4.0,0.6607142857142857,1.1164356548536836,37.0,4.0,0.6428571428571429,1.025492619123159,54.0,4.0,0.0,0.0,0.0,1319,0.3661865049279757,0.15921152388172857,0.3199393479909022,0.24791508718726307,0.15466262319939347,0.3009855951478393,43.28363914373089,5.3570887035633055
2025-09-09,0,0,0,0,0,0,0,0,0,0,0,0,2025,9,9,1,252,37,3,0,0,0,0.7818314824680298,0.6234898018587336,-0.9307239310379793,-0.3657225234972692,-0.970941817426052,-0.23931566428755774,-1.0,-1.8369701987210297e-16,0.0,0.0,0.0,2.0,3.0,0.0,0.0,0.0,0.0,0.0,0.14285714285714285,0.37796447300922026,1.0,1.0,0.42857142857142855,0.6462061726588673,6.0,2.0,0.7142857142857143,1.0490610566259275,20.0,4.0,0.6607142857142857,1.1164356548536836,37.0,4.0,0.6428571428571429,1.025492619123159,54.0,4.0,0.0,-2.0,0.0,1319,0.3661865049279757,0.15921152388172857,0.3199393479909022,0.24791508718726307,0.15466262319939347,0.3009855951478393,43.28363914373089,5.3570887035633055
2025-09-10,1,0,0,0,0,0,0,0,2,0,0,0,2025,9,10,2,253,37,3,0,0,0,0.9749279121818236,-0.22252093395631434,-0.9368813462954315,-0.34964745525122826,-0.970941817426052,-0.23931566428755774,-1.0,-1.8369701987210297e-16,0.0,0.0,0.0,1.0,1.0,1.0,0.3333333333333333,0.5773502691896308,1.0,1.0,0.14285714285714285,0.37796447300922026,1.0,1.0,0.42857142857142855,0.6462061726588673,6.0,2.0,0.7142857142857143,1.0490610566259275,20.0,4.0,0.6785714285714286,1.1136694932787474,38.0,4.0,0.6547619047619048,1.0237428096050374,55.0,4.0,1.0,0.0,0.0,1319,0.3661865049279757,0.15921152388172857,0.3199393479909022,0.24791508718726307,0.15466262319939347,0.3009855951478393,43.28363914373089,5.3570887035633055
2025-09-11,0,0,0,0,0,0,0,0,0,0,0,0,2025,9,11,3,254,37,3,0,0,0,0.43388373911755823,-0.900968867902419,-0.9427611433904206,-0.33346877891818705,-0.970941817426052,-0.23931566428755774,-1.0,-1.8369701987210297e-16,1.0,0.0,0.0,0.0,1.0,0.0,0.3333333333333333,0.5773502691896308,1.0,1.0,0.14285714285714285,0.37796447300922026,1.0,1.0,0.35714285714285715,0.6333236937766543,5.0,2.0,0.7142857142857143,1.0490610566259275,20.0,4.0,0.6785714285714286,1.1136694932787474,38.0,4.0,0.6428571428571429,1.025492619123159,54.0,4.0,-1.0,0.0,0.0,1319,0.3661865049279757,0.15921152388172857,0.3199393479909022,0.24791508718726307,0.15466262319939347,0.3009855951478393,43.28363914373089,5.3570887035633055
2025-09-12,1,0,0,0,0,0,0,0,2,0,0,1,2025,9,12,4,255,37,3,0,0,1,-0.433883739117558,-0.9009688679024191,-0.9483615800121716,-0.31719128858910595,-0.970941817426052,-0.23931566428755774,-1.0,-1.8369701987210297e-16,0.0,1.0,0.0,0.0,0.0,0.0,0.6666666666666666,0.577350269189632,2.0,1.0,0.2857142857142857,0.4879500364742619,2.0,1.0,0.42857142857142855,0.6462061726588673,6.0,2.0,0.75,1.0408329997330696,21.0,4.0,0.6964285714285714,1.110604141195935,39.0,4.0,0.6428571428571429,1.025492619123159,54.0,4.0,1.0,1.0,1.0,1319,0.3661865049279757,0.15921152388172857,0.3199393479909022,0.24791508718726307,0.15466262319939347,0.3009855951478393,43.28363914373089,5.3570887035633055
2025-09-13,0,0,0,0,0,0,0,0,0,0,0,0,2025,9,13,5,256,37,3,1,0,0,-0.9749279121818236,-0.2225209339563146,-0.9536809966304455,-0.300819807635668,-0.970941817426052,-0.23931566428755774,-1.0,-1.8369701987210297e-16,1.0,0.0,1.0,0.0,0.0,0.0,0.3333333333333333,0.5773502691896308,1.0,1.0,0.2857142857142857,0.4879500364742619,2.0,1.0,0.42857142857142855,0.6462061726588673,6.0,2.0,0.75,1.0408329997330696,21.0,4.0,0.6964285714285714,1.110604141195935,39.0,4.0,0.6428571428571429,1.025492619123159,54.0,4.0,-1.0,0.0,0.0,1319,0.3661865049279757,0.15921152388172857,0.3199393479909022,0.24791508718726307,0.15466262319939347,0.3009855951478393,43.28363914373089,5.3570887035633055
2025-09-14,0,0,0,0,0,0,0,0,0,0,0,0,2025,9,14,6,257,37,3,1,0,0,-0.7818314824680299,0.6234898018587334,-0.9587178169872964,-0.2843591872810036,-0.970941817426052,-0.23931566428755774,-1.0,-1.8369701987210297e-16,0.0,1.0,0.0,0.0,1.0,0.0,0.3333333333333333,0.5773502691896308,1.0,1.0,0.2857142857142857,0.4879500364742619,2.0,1.0,0.35714285714285715,0.6333236937766543,5.0,2.0,0.75,1.0408329997330696,21.0,4.0,0.6964285714285714,1.110604141195935,39.0,4.0,0.6309523809523809,1.0270998110220313,53.0,4.0,0.0,0.0,0.0,1319,0.3661865049279757,0.15921152388172857,0.3199393479909022,0.24791508718726307,0.15466262319939347,0.3009855951478393,43.28363914373089,5.3570887035633055
2025-09-15,1,0,1,0,0,1,0,1,3,1,1,1,2025,9,15,0,258,38,3,0,1,0,0.0,1.0,-0.9634705485641486,-0.26781430516217486,-0.992708874098054,-0.12053668025532357,-1.0,-1.8369701987210297e-16,0.0,0.0,1.0,0.0,0.0,2.0,0.3333333333333333,0.5773502691896308,1.0,1.0,0.42857142857142855,0.5345224838248451,3.0,1.0,0.42857142857142855,0.6462061726588673,6.0,2.0,0.7142857142857143,1.0131411680782858,20.0,4.0,0.7142857142857143,1.1072371137087251,40.0,4.0,0.6190476190476191,1.0167839910482928,52.0,4.0,1.0,1.0,-1.0,1319,0.3661865049279757,0.15921152388172857,0.3199393479909022,0.24791508718726307,0.15466262319939347,0.3009855951478393,43.28363914373089,5.3570887035633055
2025-09-16,0,0,0,0,0,0,0,0,0,0,0,0,2025,9,16,1,259,38,3,0,0,0,0.7818314824680298,0.6234898018587336,-0.9679377830240642,-0.25119006388481957,-0.992708874098054,-0.12053668025532357,-1.0,-1.8369701987210297e-16,1.0,0.0,0.0,0.0,2.0,1.0,0.3333333333333333,0.5773502691896308,1.0,1.0,0.42857142857142855,0.5345224838248451,3.0,1.0,0.2857142857142857,0.46880723093850024,4.0,1.0,0.6785714285714286,1.0202966681339785,19.0,4.0,0.7142857142857143,1.1072371137087251,40.0,4.0,0.6190476190476191,1.0167839910482928,52.0,4.0,-1.0,0.0,-1.0,1319,0.3661865049279757,0.15921152388172857,0.3199393479909022,0.24791508718726307,0.15466262319939347,0.3009855951478393,43.28363914373089,5.3570887035633055
2025-09-17,0,0,0,0,0,0,0,0,0,0,0,0,2025,9,17,2,260,38,3,0,0,0,0.9749279121818236,-0.22252093395631434,-0.9721181966290612,-0.23449138957041052,-0.992708874098054,-0.12053668025532357,-1.0,-1.8369701987210297e-16,0.0,1.0,0.0,1.0,1.0,0.0,0.3333333333333333,0.5773502691896308,1.0,1.0,0.2857142857142857,0.4879500364742619,2.0,1.0,0.21428571428571427,0.4258153136263255,3.0,1.0,0.6785714285714286,1.0202966681339785,19.0,4.0,0.6428571428571429,1.0167429536349075,36.0,4.0,0.6190476190476191,1.0167839910482928,52.0,4.0,0.0,-1.0,0.0,1319,0.3661865049279757,0.15921152388172857,0.3199393479909022,0.24791508718726307,0.15466262319939347,0.3009855951478393,43.28363914373089,5.3570887035633055
2025-09-18,0,0,0,0,0,0,0,0,0,0,0,0,2025,9,18,3,261,38,3,0,0,0,0.43388373911755823,-0.900968867902419,-0.9760105506323682,-0.21772323039653224,-0.992708874098054,-0.12053668025532357,-1.0,-1.8369701987210297e-16,0.0,0.0,1.0,0.0,0.0,0.0,0.0,0.0,0.0,0.0,0.2857142857142857,0.4879500364742619,2.0,1.0,0.21428571428571427,0.4258153136263255,3.0,1.0,0.6785714285714286,1.0202966681339785,19.0,4.0,0.6428571428571429,1.0167429536349075,36.0,4.0,0.6190476190476191,1.0167839910482928,52.0,4.0,0.0,0.0,0.0,1319,0.3661865049279757,0.15921152388172857,0.3199393479909022,0.24791508718726307,0.15466262319939347,0.3009855951478393,43.28363914373089,5.3570887035633055
2025-09-19,0,0,0,0,0,0,0,0,0,0,0,0,2025,9,19,4,262,38,3,0,0,1,-0.433883739117558,-0.9009688679024191,-0.9796136916454901,-0.20089055513063528,-0.992708874098054,-0.12053668025532357,-1.0,-1.8369701987210297e-16,0.0,0.0,0.0,1.0,0.0,2.0,0.0,0.0,0.0,0.0,0.14285714285714285,0.37796447300922026,1.0,1.0,0.21428571428571427,0.4258153136263255,3.0,1.0,0.6071428571428571,0.9940297973880083,17.0,4.0,0.6428571428571429,1.0167429536349075,36.0,4.0,0.6190476190476191,1.0167839910482928,52.0,4.0,0.0,-1.0,-2.0,1319,0.3661865049279757,0.15921152388172857,0.3199393479909022,0.24791508718726307,0.15466262319939347,0.3009855951478393,43.28363914373089,5.3570887035633055
2025-09-20,3,0,2,0,0,1,0,1,5,0,0,3,2025,9,20,5,263,38,3,1,0,0,-0.9749279121818236,-0.2225209339563146,-0.9829265519799822,-0.18399835165767986,-0.992708874098054,-0.12053668025532357,-1.0,-1.8369701987210297e-16,0.0,0.0,0.0,0.0,0.0,1.0,1.0,1.7320508075688796,3.0,3.0,0.5714285714285714,1.1338934190276801,4.0,3.0,0.42857142857142855,0.8516306272526425,6.0,3.0,0.6785714285714286,1.0904831219021438,19.0,4.0,0.6428571428571429,1.0167429536349075,36.0,4.0,0.6547619047619048,1.047015812345904,55.0,4.0,3.0,3.0,2.0,1319,0.3661865049279757,0.15921152388172857,0.3199393479909022,0.24791508718726307,0.15466262319939347,0.3009855951478393,43.28363914373089,5.3570887035633055
2025-09-21,0,0,0,0,0,0,0,0,0,0,0,0,2025,9,21,6,264,38,3,1,0,0,-0.7818314824680299,0.6234898018587334,-0.9859481499638303,-0.1670516255021195,-0.992708874098054,-0.12053668025532357,-1.0,-1.8369701987210297e-16,3.0,0.0,0.0,0.0,0.0,4.0,1.0,1.7320508075688799,3.0,3.0,0.5714285714285714,1.1338934190276801,4.0,3.0,0.42857142857142855,0.8516306272526425,6.0,3.0,0.5357142857142857,0.8811668550592635,15.0,3.0,0.6428571428571429,1.0167429536349075,36.0,4.0,0.6547619047619048,1.047015812345904,55.0,4.0,-3.0,0.0,-4.0,1319,0.3661865049279757,0.15921152388172857,0.3199393479909022,0.24791508718726307,0.15466262319939347,0.3009855951478393,43.28363914373089,5.3570887035633055
2025-09-22,1,0,1,0,0,0,0,0,2,0,0,1,2025,9,22,0,265,39,3,0,1,0,0.0,1.0,-0.9886775902323404,-0.15005539834465262,-1.0,-1.8369701987210297e-16,-1.0,-1.8369701987210297e-16,0.0,3.0,0.0,1.0,0.0,0.0,1.3333333333333333,1.5275252316519499,4.0,3.0,0.5714285714285714,1.1338934190276801,4.0,3.0,0.5,0.8548504142651127,7.0,3.0,0.5714285714285714,0.8789122666607738,16.0,3.0,0.6607142857142857,1.014025025946971,37.0,4.0,0.6309523809523809,1.0153017464080931,53.0,4.0,1.0,0.0,1.0,1319,0.3661865049279757,0.15921152388172857,0.3199393479909022,0.24791508718726307,0.15466262319939347,0.3009855951478393,43.28363914373089,5.3570887035633055
2025-09-23,0,0,0,0,0,0,0,0,0,0,0,0,2025,9,23,1,266,39,3,0,0,0,0.7818314824680298,0.6234898018587336,-0.9911140639934546,-0.13301470653419636,-1.0,-1.8369701987210297e-16,-1.0,-1.8369701987210297e-16,1.0,0.0,3.0,0.0,0.0,3.0,0.3333333333333333,0.5773502691896305,1.0,1.0,0.5714285714285714,1.1338934190276801,4.0,3.0,0.5,0.8548504142651127,7.0,3.0,0.4642857142857143,0.744468135135958,13.0,3.0,0.6607142857142857,1.014025025946971,37.0,4.0,0.6071428571428571,1.006219899112541,51.0,4.0,-1.0,0.0,-3.0,1319,0.3661865049279757,0.15921152388172857,0.3199393479909022,0.24791508718726307,0.15466262319939347,0.3009855951478393,43.28363914373089,5.3570887035633055
2025-09-24,0,0,0,0,0,0,0,0,0,0,0,0,2025,9,24,2,267,39,3,0,0,0,0.9749279121818236,-0.22252093395631434,-0.9932568492674143,-0.11593459959550066,-1.0,-1.8369701987210297e-16,-1.0,-1.8369701987210297e-16,0.0,1.0,0.0,0.0,1.0,1.0,0.3333333333333333,0.5773502691896305,1.0,1.0,0.5714285714285714,1.1338934190276801,4.0,3.0,0.42857142857142855,0.8516306272526425,6.0,3.0,0.42857142857142855,0.7417981870189204,12.0,3.0,0.6428571428571429,1.0167429536349075,36.0,4.0,0.5952380952380952,1.0074307966791236,50.0,4.0,0.0,0.0,-1.0,1319,0.3661865049279757,0.15921152388172857,0.3199393479909022,0.24791508718726307,0.15466262319939347,0.3009855951478393,43.28363914373089,5.3570887035633055
2025-09-25,1,0,0,0,0,0,0,0,2,1,1,0,2025,9,25,3,268,39,3,0,0,0,0.43388373911755823,-0.900968867902419,-0.9951053111006974,-0.09882013873287211,-1.0,-1.8369701987210297e-16,-1.0,-1.8369701987210297e-16,0.0,0.0,1.0,0.0,0.0,1.0,0.3333333333333333,0.5773502691896305,1.0,1.0,0.7142857142857143,1.1126972805283724,5.0,3.0,0.5,0.8548504142651127,7.0,3.0,0.42857142857142855,0.7417981870189204,12.0,3.0,0.6607142857142857,1.014025025946971,37.0,4.0,0.5833333333333334,0.9964797476869268,49.0,4.0,1.0,1.0,0.0,1319,0.3661865049279757,0.15921152388172857,0.3199393479909022,0.24791508718726307,0.15466262319939347,0.3009855951478393,43.28363914373089,5.3570887035633055
2025-09-26,1,0,0,1,0,1,0,1,2,0,0,0,2025,9,26,4,269,39,3,0,0,1,-0.433883739117558,-0.9009688679024191,-0.99665890175417,-0.08167639533042288,-1.0,-1.8369701987210297e-16,-1.0,-1.8369701987210297e-16,1.0,0.0,0.0,0.0,1.0,0.0,0.6666666666666666,0.5773502691896317,2.0,1.0,0.8571428571428571,1.0690449676496965,6.0,3.0,0.5,0.8548504142651127,7.0,3.0,0.4642857142857143,0.744468135135958,13.0,3.0,0.6607142857142857,1.014025025946971,37.0,4.0,0.5952380952380952,0.9953996305782743,50.0,4.0,0.0,1.0,1.0,1319,0.3661865049279757,0.15921152388172857,0.3199393479909022,0.24791508718726307,0.15466262319939347,0.3009855951478393,43.28363914373089,5.3570887035633055
2025-09-27,0,0,0,0,0,0,0,0,0,0,0,0,2025,9,27,5,270,39,3,1,0,0,-0.9749279121818236,-0.2225209339563146,-0.9979171608653922,-0.06450844944931625,-1.0,-1.8369701987210297e-16,-1.0,-1.8369701987210297e-16,1.0,1.0,0.0,3.0,0.0,0.0,0.6666666666666666,0.5773502691896318,2.0,1.0,0.42857142857142855,0.534522483824845,3.0,1.0,0.5,0.8548504142651127,7.0,3.0,0.4642857142857143,0.744468135135958,13.0,3.0,0.6607142857142857,1.014025025946971,37.0,4.0,0.5952380952380952,0.9953996305782743,50.0,4.0,-1.0,-3.0,0.0,1319,0.3661865049279757,0.15921152388172857,0.3199393479909022,0.24791508718726307,0.15466262319939347,0.3009855951478393,43.28363914373089,5.3570887035633055
2025-09-28,1,1,0,0,0,0,0,0,2,0,0,0,2025,9,28,6,271,39,3,1,0,0,-0.7818314824680299,0.6234898018587334,-0.9988797155850335,-0.04732138832243232,-1.0,-1.8369701987210297e-16,-1.0,-1.8369701987210297e-16,0.0,1.0,1.0,0.0,0.0,1.0,0.6666666666666666,0.5773502691896318,2.0,1.0,0.5714285714285714,0.5345224838248456,4.0,1.0,0.5714285714285714,0.8516306272526424,8.0,3.0,0.4642857142857143,0.744468135135958,13.0,3.0,0.6785714285714286,1.010978695165197,38.0,4.0,0.5952380952380952,0.9953996305782743,50.0,4.0,1.0,1.0,0.0,1319,0.3661865049279757,0.15921152388172857,0.3199393479909022,0.24791508718726307,0.15466262319939347,0.3009855951478393,43.28363914373089,5.3570887035633055
2025-09-29,0,0,0,0,0,0,0,0,0,0,0,0,2025,9,29,0,272,40,3,0,1,0,0.0,1.0,-0.9995462806873573,-0.03012030484690836,-0.992708874098054,0.1205366802553232,-1.0,-1.8369701987210297e-16,1.0,0.0,1.0,1.0,1.0,0.0,0.3333333333333333,0.5773502691896307,1.0,1.0,0.42857142857142855,0.534522483824845,3.0,1.0,0.5,0.8548504142651127,7.0,3.0,0.4642857142857143,0.744468135135958,13.0,3.0,0.6785714285714286,1.010978695165197,38.0,4.0,0.5952380952380952,0.9953996305782743,50.0,4.0,-1.0,-1.0,0.0,1319,0.3661865049279757,0.15921152388172857,0.3199393479909022,0.24791508718726307,0.15466262319939347,0.3009855951478393,43.28363914373089,5.3570887035633055
2025-09-30,0,0,0,0,0,0,0,0,0,0,0,0,2025,9,30,1,273,40,3,0,0,0,0.7818314824680298,0.6234898018587336,-0.9999166586547379,-0.012910296075008843,-0.992708874098054,0.1205366802553232,-1.0,-1.8369701987210297e-16,0.0,1.0,0.0,0.0,0.0,2.0,0.3333333333333333,0.5773502691896307,1.0,1.0,0.42857142857142855,0.534522483824845,3.0,1.0,0.5,0.8548504142651127,7.0,3.0,0.39285714285714285,0.6852566815265113,11.0,3.0,0.6607142857142857,1.014025025946971,37.0,4.0,0.5833333333333334,0.9964797476869268,49.0,4.0,0.0,0.0,-2.0,1319,0.3661865049279757,0.15921152388172857,0.3199393479909022,0.24791508718726307,0.15466262319939347,0.3009855951478393,43.28363914373089,5.3570887035633055
2025-10-01,0,0,0,0,0,0,0,0,0,0,0,0,2025,10,1,2,274,40,4,0,0,0,0.9749279121818236,-0.22252093395631434,-0.9999907397361901,0.004303538296243821,-0.992708874098054,0.1205366802553232,-0.8660254037844386,0.5000000000000001,0.0,0.0,1.0,0.0,0.0,1.0,0.0,0.0,0.0,0.0,0.42857142857142855,0.534522483824845,3.0,1.0,0.5,0.8548504142651127,7.0,3.0,0.35714285714285715,0.678466992798815,10.0,3.0,0.6428571428571429,1.0167429536349075,36.0,4.0,0.5833333333333334,0.9964797476869268,49.0,4.0,0.0,0.0,-1.0,1319,0.3661865049279757,0.15921152388172857,0.3199393479909022,0.24791508718726307,0.15466262319939347,0.3009855951478393,43.28363914373089,5.3570887035633055
2025-10-02,2,1,0,0,0,0,0,0,4,0,0,0,2025,10,2,3,275,40,4,0,0,0,0.43388373911755823,-0.900968867902419,-0.9997685019798909,0.021516097436222233,-0.992708874098054,0.1205366802553232,-0.8660254037844386,0.5000000000000001,0.0,0.0,0.0,1.0,0.0,0.0,0.6666666666666666,1.1547005383792546,2.0,2.0,0.5714285714285714,0.786795792469441,4.0,2.0,0.6428571428571429,0.928782731664067,9.0,3.0,0.42857142857142855,0.7417981870189204,12.0,3.0,0.6785714285714286,1.0288058895834336,38.0,4.0,0.6071428571428571,1.006219899112541,51.0,4.0,2.0,1.0,2.0,1319,0.3661865049279757,0.15921152388172857,0.3199393479909022,0.24791508718726307,0.15466262319939347,0.3009855951478393,43.28363914373089,5.3570887035633055
2025-10-03,0,0,0,0,0,0,0,0,0,0,0,0,2025,10,3,4,276,40,4,0,0,1,-0.433883739117558,-0.9009688679024191,-0.9992500112396835,0.03872228089217399,-0.992708874098054,0.1205366802553232,-0.8660254037844386,0.5000000000000001,2.0,0.0,0.0,1.0,0.0,0.0,0.6666666666666666,1.1547005383792546,2.0,2.0,0.42857142857142855,0.7867957924694405,3.0,2.0,0.6428571428571429,0.928782731664067,9.0,3.0,0.42857142857142855,0.7417981870189204,12.0,3.0,0.6071428571428571,0.9279218507174852,34.0,4.0,0.6071428571428571,1.006219899112541,51.0,4.0,-2.0,-1.0,0.0,1319,0.3661865049279757,0.15921152388172857,0.3199393479909022,0.24791508718726307,0.15466262319939347,0.3009855951478393,43.28363914373089,5.3570887035633055
2025-10-04,1,0,0,0,0,1,0,1,3,0,0,0,2025,10,4,5,277,40,4,1,0,0,-0.9749279121818236,-0.2225209339563146,-0.9984354211555643,0.05591699010060302,-0.992708874098054,0.1205366802553232,-0.8660254037844386,0.5000000000000001,0.0,2.0,0.0,0.0,3.0,0.0,1.0,1.000000000000004,3.0,2.0,0.5714285714285714,0.786795792469441,4.0,2.0,0.5,0.6504436355879939,7.0,2.0,0.4642857142857143,0.744468135135958,13.0,3.0,0.5892857142857143,0.91008063007997,33.0,4.0,0.6190476190476191,1.0048648162364557,52.0,4.0,1.0,1.0,1.0,1319,0.3661865049279757,0.15921152388172857,0.3199393479909022,0.24791508718726307,0.15466262319939347,0.3009855951478393,43.28363914373089,5.3570887035633055
2025-10-05,0,0,0,0,0,0,0,0,0,0,0,0,2025,10,5,6,278,40,4,1,0,0,-0.7818314824680299,0.6234898018587334,-0.9973249731081555,0.07309512989807776,-0.992708874098054,0.1205366802553232,-0.8660254037844386,0.5000000000000001,1.0,0.0,2.0,1.0,0.0,0.0,0.3333333333333333,0.5773502691896305,1.0,1.0,0.42857142857142855,0.7867957924694405,3.0,2.0,0.5,0.6504436355879939,7.0,2.0,0.4642857142857143,0.744468135135958,13.0,3.0,0.5892857142857143,0.91008063007997,33.0,4.0,0.6071428571428571,1.006219899112541,51.0,4.0,-1.0,-1.0,0.0,1319,0.3661865049279757,0.15921152388172857,0.3199393479909022,0.24791508718726307,0.15466262319939347,0.3009855951478393,43.28363914373089,5.3570887035633055
2025-10-06,0,0,0,0,0,0,0,0,0,0,0,0,2025,10,6,0,279,41,4,0,1,0,0.0,1.0,-0.9959189961471792,0.0902516100310407,-0.9709418174260521,0.23931566428755738,-0.8660254037844386,0.5000000000000001,0.0,1.0,0.0,0.0,1.0,0.0,0.3333333333333333,0.5773502691896305,1.0,1.0,0.42857142857142855,0.7867957924694405,3.0,2.0,0.42857142857142855,0.6462061726588672,6.0,2.0,0.4642857142857143,0.744468135135958,13.0,3.0,0.5892857142857143,0.91008063007997,33.0,4.0,0.5952380952380952,1.0074307966791234,50.0,4.0,0.0,0.0,0.0,1319,0.3661865049279757,0.15921152388172857,0.3199393479909022,0.24791508718726307,0.15466262319939347,0.3009855951478393,43.28363914373089,5.3570887035633055
2025-10-07,0,0,0,0,0,0,0,0,0,0,0,0,2025,10,7,1,280,41,4,0,0,0,0.7818314824680298,0.6234898018587336,-0.994217906893952,0.10738134666416306,-0.9709418174260521,0.23931566428755738,-0.8660254037844386,0.5000000000000001,0.0,0.0,1.0,0.0,0.0,0.0,0.0,0.0,0.0,0.0,0.42857142857142855,0.7867957924694405,3.0,2.0,0.42857142857142855,0.6462061726588672,6.0,2.0,0.4642857142857143,0.744468135135958,13.0,3.0,0.5892857142857143,0.91008063007997,33.0,4.0,0.5952380952380952,1.0074307966791234,50.0,4.0,0.0,0.0,0.0,1319,0.3661865049279757,0.15921152388172857,0.3199393479909022,0.24791508718726307,0.15466262319939347,0.3009855951478393,43.28363914373089,5.3570887035633055
2025-10-08,0,0,0,0,0,0,0,0,0,0,0,0,2025,10,8,2,281,41,4,0,0,0,0.9749279121818236,-0.22252093395631434,-0.9922222094179324,0.12447926388678869,-0.9709418174260521,0.23931566428755738,-0.8660254037844386,0.5000000000000001,0.0,0.0,0.0,0.0,0.0,1.0,0.0,0.0,0.0,0.0,0.42857142857142855,0.7867957924694405,3.0,2.0,0.42857142857142855,0.6462061726588672,6.0,2.0,0.42857142857142855,0.7417981870189204,12.0,3.0,0.5714285714285714,0.9116846116771046,32.0,4.0,0.5952380952380952,1.0074307966791234,50.0,4.0,0.0,0.0,-1.0,1319,0.3661865049279757,0.15921152388172857,0.3199393479909022,0.24791508718726307,0.15466262319939347,0.3009855951478393,43.28363914373089,5.3570887035633055
2025-10-09,0,0,0,0,0,0,0,0,0,0,0,0,2025,10,9,3,282,41,4,0,0,0,0.43388373911755823,-0.900968867902419,-0.989932495087353,0.141540295217043,-0.9709418174260521,0.23931566428755738,-0.8660254037844386,0.5000000000000001,0.0,0.0,0.0,2.0,1.0,0.0,0.0,0.0,0.0,0.0,0.14285714285714285,0.37796447300922004,1.0,1.0,0.35714285714285715,0.6333236937766542,5.0,2.0,0.42857142857142855,0.7417981870189204,12.0,3.0,0.5714285714285714,0.9116846116771046,32.0,4.0,0.5952380952380952,1.0074307966791234,50.0,4.0,0.0,-2.0,0.0,1319,0.3661865049279757,0.15921152388172857,0.3199393479909022,0.24791508718726307,0.15466262319939347,0.3009855951478393,43.28363914373089,5.3570887035633055
2025-10-10,1,1,0,1,0,0,0,0,2,0,0,0,2025,10,10,4,283,41,4,0,0,1,-0.433883739117558,-0.9009688679024191,-0.9873494423939864,0.15855938510313475,-0.9709418174260521,0.23931566428755738,-0.8660254037844386,0.5000000000000001,0.0,0.0,0.0,0.0,1.0,1.0,0.3333333333333333,0.5773502691896305,1.0,1.0,0.2857142857142857,0.4879500364742617,2.0,1.0,0.35714285714285715,0.6333236937766542,5.0,2.0,0.42857142857142855,0.7417981870189204,12.0,3.0,0.5892857142857143,0.91008063007997,33.0,4.0,0.6071428571428571,1.006219899112541,51.0,4.0,1.0,1.0,0.0,1319,0.3661865049279757,0.15921152388172857,0.3199393479909022,0.24791508718726307,0.15466262319939347,0.3009855951478393,43.28363914373089,5.3570887035633055
2025-10-11,0,0,0,0,0,0,0,0,0,0,0,0,2025,10,11,5,284,41,4,1,0,0,-0.9749279121818236,-0.2225209339563146,-0.9844738167520923,0.17553149042142777,-0.9709418174260521,0.23931566428755738,-0.8660254037844386,0.5000000000000001,1.0,0.0,0.0,1.0,0.0,0.0,0.3333333333333333,0.5773502691896305,1.0,1.0,0.14285714285714285,0.3779644730092201,1.0,1.0,0.35714285714285715,0.6333236937766542,5.0,2.0,0.42857142857142855,0.7417981870189204,12.0,3.0,0.5892857142857143,0.91008063007997,33.0,4.0,0.6071428571428571,1.006219899112541,51.0,4.0,-1.0,-1.0,0.0,1319,0.3661865049279757,0.15921152388172857,0.3199393479909022,0.24791508718726307,0.15466262319939347,0.3009855951478393,43.28363914373089,5.3570887035633055
2025-10-12,0,0,0,0,0,0,0,0,0,0,0,0,2025,10,12,6,285,41,4,1,0,0,-0.7818314824680299,0.6234898018587334,-0.9813064702716093,0.19245158197082995,-0.9709418174260521,0.23931566428755738,-0.8660254037844386,0.5000000000000001,0.0,1.0,0.0,0.0,1.0,0.0,0.3333333333333333,0.5773502691896305,1.0,1.0,0.14285714285714285,0.3779644730092201,1.0,1.0,0.2857142857142857,0.6112498455021301,4.0,2.0,0.42857142857142855,0.7417981870189204,12.0,3.0,0.5892857142857143,0.91008063007997,33.0,4.0,0.6071428571428571,1.006219899112541,51.0,4.0,0.0,0.0,0.0,1319,0.3661865049279757,0.15921152388172857,0.3199393479909022,0.24791508718726307,0.15466262319939347,0.3009855951478393,43.28363914373089,5.3570887035633055
2025-10-13,0,0,0,0,0,0,0,0,0,0,0,0,2025,10,13,0,286,42,4,0,1,0,0.0,1.0,-0.9778483415056567,0.20931464596304888,-0.9350162426854148,0.35460488704253557,-0.8660254037844386,0.5000000000000001,0.0,0.0,1.0,0.0,0.0,1.0,0.0,0.0,0.0,0.0,0.14285714285714285,0.3779644730092201,1.0,1.0,0.2857142857142857,0.6112498455021301,4.0,2.0,0.39285714285714285,0.7373267889143867,11.0,3.0,0.5535714285714286,0.892792205430762,31.0,4.0,0.6071428571428571,1.006219899112541,51.0,4.0,0.0,0.0,-1.0,1319,0.3661865049279757,0.15921152388172857,0.3199393479909022,0.24791508718726307,0.15466262319939347,0.3009855951478393,43.28363914373089,5.3570887035633055
2025-10-14,0,0,0,0,0,0,0,0,0,0,0,0,2025,10,14,1,287,42,4,0,0,0,0.7818314824680298,0.6234898018587336,-0.9741004551724206,0.22611568550828803,-0.9350162426854148,0.35460488704253557,-0.8660254037844386,0.5000000000000001,0.0,0.0,0.0,0.0,0.0,0.0,0.0,0.0,0.0,0.0,0.14285714285714285,0.3779644730092201,1.0,1.0,0.2857142857142857,0.6112498455021301,4.0,2.0,0.39285714285714285,0.7373267889143867,11.0,3.0,0.5357142857142857,0.8937009000226531,30.0,4.0,0.6071428571428571,1.006219899112541,51.0,4.0,0.0,0.0,0.0,1319,0.3661865049279757,0.15921152388172857,0.3199393479909022,0.24791508718726307,0.15466262319939347,0.3009855951478393,43.28363914373089,5.3570887035633055
2025-10-15,0,0,0,0,0,0,0,0,0,0,0,0,2025,10,15,2,288,42,4,0,0,0,0.9749279121818236,-0.22252093395631434,-0.970063921851507,0.2428497220959358,-0.9350162426854148,0.35460488704253557,-0.8660254037844386,0.5000000000000001,0.0,0.0,0.0,0.0,0.0,0.0,0.0,0.0,0.0,0.0,0.14285714285714285,0.3779644730092201,1.0,1.0,0.2857142857142857,0.6112498455021301,4.0,2.0,0.39285714285714285,0.7373267889143867,11.0,3.0,0.5357142857142857,0.8937009000226531,30.0,4.0,0.5595238095238095,0.9359125496706925,47.0,4.0,0.0,0.0,0.0,1319,0.3661865049279757,0.15921152388172857,0.3199393479909022,0.24791508718726307,0.15466262319939347,0.3009855951478393,43.28363914373089,5.3570887035633055
2025-10-16,0,0,0,0,0,0,0,0,0,0,0,0,2025,10,16,3,289,42,4,0,0,0,0.43388373911755823,-0.900968867902419,-0.965739937654855,0.25951179706979943,-0.9350162426854148,0.35460488704253557,-0.8660254037844386,0.5000000000000001,0.0,0.0,0.0,0.0,2.0,0.0,0.0,0.0,0.0,0.0,0.14285714285714285,0.3779644730092201,1.0,1.0,0.14285714285714285,0.3631365196012879,2.0,1.0,0.39285714285714285,0.7373267889143867,11.0,3.0,0.5357142857142857,0.8937009000226531,30.0,4.0,0.5595238095238095,0.9359125496706925,47.0,4.0,0.0,0.0,0.0,1319,0.3661865049279757,0.15921152388172857,0.3199393479909022,0.24791508718726307,0.15466262319939347,0.3009855951478393,43.28363914373089,5.3570887035633055
2025-10-17,0,0,0,0,0,0,0,0,0,0,0,0,2025,10,17,4,290,42,4,0,0,1,-0.433883739117558,-0.9009688679024191,-0.9611297838723007,0.27609697309746883,-0.9350162426854148,0.35460488704253557,-0.8660254037844386,0.5000000000000001,0.0,0.0,0.0,1.0,0.0,0.0,0.0,0.0,0.0,0.0,0.0,0.0,0.0,0.0,0.14285714285714285,0.3631365196012879,2.0,1.0,0.39285714285714285,0.7373267889143867,11.0,3.0,0.5,0.8738628975053038,28.0,4.0,0.5595238095238095,0.9359125496706925,47.0,4.0,0.0,-1.0,0.0,1319,0.3661865049279757,0.15921152388172857,0.3199393479909022,0.24791508718726307,0.15466262319939347,0.3009855951478393,43.28363914373089,5.3570887035633055
2025-10-18,0,0,0,0,0,0,0,0,0,0,0,0,2025,10,18,5,291,42,4,1,0,0,-0.9749279121818236,-0.2225209339563146,-0.9562348265919058,0.2926003356333479,-0.9350162426854148,0.35460488704253557,-0.8660254037844386,0.5000000000000001,0.0,0.0,0.0,0.0,1.0,3.0,0.0,0.0,0.0,0.0,0.0,0.0,0.0,0.0,0.07142857142857142,0.26726124191243344,1.0,1.0,0.2857142857142857,0.5345224838248553,8.0,2.0,0.48214285714285715,0.8736771075813362,27.0,4.0,0.5238095238095238,0.8981398511353126,44.0,4.0,0.0,0.0,-3.0,1319,0.3661865049279757,0.15921152388172857,0.3199393479909022,0.24791508718726307,0.15466262319939347,0.3009855951478393,43.28363914373089,5.3570887035633055
2025-10-19,1,0,0,0,0,1,0,1,2,0,0,0,2025,10,19,6,292,42,4,1,0,0,-0.7818314824680299,0.6234898018587334,-0.9510565162951536,0.30901699437494723,-0.9350162426854148,0.35460488704253557,-0.8660254037844386,0.5000000000000001,0.0,0.0,0.0,0.0,0.0,0.0,0.3333333333333333,0.5773502691896305,1.0,1.0,0.14285714285714285,0.3779644730092201,1.0,1.0,0.14285714285714285,0.3631365196012879,2.0,1.0,0.32142857142857145,0.547964004533653,9.0,2.0,0.42857142857142855,0.735023632449829,24.0,3.0,0.5357142857142857,0.897740518115201,45.0,4.0,1.0,1.0,1.0,1319,0.3661865049279757,0.15921152388172857,0.3199393479909022,0.24791508718726307,0.15466262319939347,0.3009855951478393,43.28363914373089,5.3570887035633055
2025-10-20,0,0,0,0,0,0,0,0,0,0,0,0,2025,10,20,0,293,43,4,0,1,0,0.0,1.0,-0.9455963874271428,0.3253420847119795,-0.8854560256532101,0.464723172043768,-0.8660254037844386,0.5000000000000001,1.0,0.0,0.0,0.0,0.0,1.0,0.3333333333333333,0.5773502691896305,1.0,1.0,0.14285714285714285,0.3779644730092201,1.0,1.0,0.14285714285714285,0.3631365196012879,2.0,1.0,0.2857142857142857,0.5345224838248553,8.0,2.0,0.42857142857142855,0.735023632449829,24.0,3.0,0.5357142857142857,0.897740518115201,45.0,4.0,-1.0,0.0,-1.0,1319,0.3661865049279757,0.15921152388172857,0.3199393479909022,0.24791508718726307,0.15466262319939347,0.3009855951478393,43.28363914373089,5.3570887035633055
2025-10-21,0,0,0,0,0,0,0,0,0,0,0,0,2025,10,21,1,294,43,4,0,0,0,0.7818314824680298,0.6234898018587336,-0.9398560579418953,0.341570769167856,-0.8854560256532101,0.464723172043768,-0.8660254037844386,0.5000000000000001,0.0,1.0,0.0,0.0,0.0,0.0,0.3333333333333333,0.5773502691896305,1.0,1.0,0.14285714285714285,0.3779644730092201,1.0,1.0,0.14285714285714285,0.3631365196012879,2.0,1.0,0.2857142857142857,0.5345224838248553,8.0,2.0,0.375,0.6484246644403238,21.0,3.0,0.5357142857142857,0.897740518115201,45.0,4.0,0.0,0.0,0.0,1319,0.3661865049279757,0.15921152388172857,0.3199393479909022,0.24791508718726307,0.15466262319939347,0.3009855951478393,43.28363914373089,5.3570887035633055
2025-10-22,0,0,0,0,0,0,0,0,0,0,0,0,2025,10,22,2,295,43,4,0,0,0,0.9749279121818236,-0.22252093395631434,-0.9338372288229252,0.35769823883312546,-0.8854560256532101,0.464723172043768,-0.8660254037844386,0.5000000000000001,0.0,0.0,1.0,0.0,0.0,0.0,0.0,0.0,0.0,0.0,0.14285714285714285,0.3779644730092201,1.0,1.0,0.14285714285714285,0.3631365196012879,2.0,1.0,0.2857142857142857,0.5345224838248553,8.0,2.0,0.35714285714285715,0.644658371220305,20.0,3.0,0.5238095238095238,0.8981398511353126,44.0,4.0,0.0,0.0,0.0,1319,0.3661865049279757,0.15921152388172857,0.3199393479909022,0.24791508718726307,0.15466262319939347,0.3009855951478393,43.28363914373089,5.3570887035633055
2025-10-23,0,0,0,0,0,0,0,0,0,0,0,0,2025,10,23,3,296,43,4,0,0,0,0.43388373911755823,-0.900968867902419,-0.9275416835791965,0.3737197147904692,-0.8854560256532101,0.464723172043768,-0.8660254037844386,0.5000000000000001,0.0,0.0,0.0,0.0,0.0,1.0,0.0,0.0,0.0,0.0,0.14285714285714285,0.3779644730092201,1.0,1.0,0.14285714285714285,0.3631365196012879,2.0,1.0,0.25,0.5181877251716076,7.0,2.0,0.3392857142857143,0.6403631275026194,19.0,3.0,0.5238095238095238,0.8981398511353126,44.0,4.0,0.0,0.0,-1.0,1319,0.3661865049279757,0.15921152388172857,0.3199393479909022,0.24791508718726307,0.15466262319939347,0.3009855951478393,43.28363914373089,5.3570887035633055
2025-10-24,0,0,0,0,0,0,0,0,0,0,0,0,2025,10,24,4,297,43,4,0,0,1,-0.433883739117558,-0.9009688679024191,-0.9209712877166347,0.38963044953078774,-0.8854560256532101,0.464723172043768,-0.8660254037844386,0.5000000000000001,0.0,0.0,0.0,0.0,1.0,1.0,0.0,0.0,0.0,0.0,0.14285714285714285,0.3779644730092201,1.0,1.0,0.07142857142857142,0.26726124191243344,1.0,1.0,0.21428571428571427,0.4986754943620708,6.0,2.0,0.3392857142857143,0.6403631275026194,19.0,3.0,0.5119047619047619,0.8983793657449668,43.0,4.0,0.0,0.0,-1.0,1319,0.3661865049279757,0.15921152388172857,0.3199393479909022,0.24791508718726307,0.15466262319939347,0.3009855951478393,43.28363914373089,5.3570887035633055
2025-10-25,1,0,0,0,0,0,0,0,2,0,0,0,2025,10,25,5,298,43,4,1,0,0,-0.9749279121818236,-0.2225209339563146,-0.9141279881853337,0.4054257283599973,-0.8854560256532101,0.464723172043768,-0.8660254037844386,0.5000000000000001,0.0,0.0,0.0,0.0,0.0,0.0,0.3333333333333333,0.5773502691896305,1.0,1.0,0.2857142857142857,0.4879500364742617,2.0,1.0,0.14285714285714285,0.3631365196012879,2.0,1.0,0.25,0.5181877251716076,7.0,2.0,0.35714285714285715,0.644658371220305,20.0,3.0,0.5238095238095238,0.8981398511353126,44.0,4.0,1.0,1.0,1.0,1319,0.3661865049279757,0.15921152388172857,0.3199393479909022,0.24791508718726307,0.15466262319939347,0.3009855951478393,43.28363914373089,5.3570887035633055
2025-10-26,0,0,0,0,0,0,0,0,0,0,0,0,2025,10,26,6,299,43,4,1,0,0,-0.7818314824680299,0.6234898018587334,-0.9070138128026362,0.42110087079608916,-0.8854560256532101,0.464723172043768,-0.8660254037844386,0.5000000000000001,1.0,0.0,0.0,1.0,0.0,1.0,0.3333333333333333,0.5773502691896305,1.0,1.0,0.14285714285714285,0.3779644730092201,1.0,1.0,0.14285714285714285,0.3631365196012879,2.0,1.0,0.21428571428571427,0.4986754943620708,6.0,2.0,0.3392857142857143,0.6403631275026194,19.0,3.0,0.5238095238095238,0.8981398511353126,44.0,4.0,-1.0,-1.0,-1.0,1319,0.3661865049279757,0.15921152388172857,0.3199393479909022,0.24791508718726307,0.15466262319939347,0.3009855951478393,43.28363914373089,5.3570887035633055
2025-10-27,0,0,0,0,0,0,0,0,0,0,0,0,2025,10,27,0,300,44,4,0,1,0,0.0,1.0,-0.8996308696522434,0.4366512319560638,-0.822983865893657,0.5680647467311548,-0.8660254037844386,0.5000000000000001,0.0,1.0,0.0,0.0,0.0,0.0,0.3333333333333333,0.5773502691896305,1.0,1.0,0.14285714285714285,0.3779644730092201,1.0,1.0,0.14285714285714285,0.3631365196012879,2.0,1.0,0.21428571428571427,0.4986754943620708,6.0,2.0,0.3392857142857143,0.6403631275026194,19.0,3.0,0.5238095238095238,0.8981398511353126,44.0,4.0,0.0,0.0,0.0,1319,0.3661865049279757,0.15921152388172857,0.3199393479909022,0.24791508718726307,0.15466262319939347,0.3009855951478393,43.28363914373089,5.3570887035633055
2025-10-28,0,0,0,0,0,0,0,0,0,0,0,0,2025,10,28,1,301,44,4,0,0,0,0.7818314824680298,0.6234898018587336,-0.8919813464595487,0.45207220393230374,-0.822983865893657,0.5680647467311548,-0.8660254037844386,0.5000000000000001,0.0,0.0,1.0,0.0,0.0,0.0,0.0,0.0,0.0,0.0,0.14285714285714285,0.3779644730092201,1.0,1.0,0.14285714285714285,0.3631365196012879,2.0,1.0,0.21428571428571427,0.4986754943620708,6.0,2.0,0.30357142857142855,0.600594943130798,17.0,3.0,0.5119047619047619,0.8983793657449668,43.0,4.0,0.0,0.0,0.0,1319,0.3661865049279757,0.15921152388172857,0.3199393479909022,0.24791508718726307,0.15466262319939347,0.3009855951478393,43.28363914373089,5.3570887035633055
2025-10-29,0,0,0,0,0,0,0,0,0,0,0,0,2025,10,29,2,302,44,4,0,0,0,0.9749279121818236,-0.22252093395631434,-0.8840675099433637,0.46735921715800205,-0.822983865893657,0.5680647467311548,-0.8660254037844386,0.5000000000000001,0.0,0.0,0.0,0.0,0.0,0.0,0.0,0.0,0.0,0.0,0.14285714285714285,0.3779644730092201,1.0,1.0,0.14285714285714285,0.3631365196012879,2.0,1.0,0.21428571428571427,0.4986754943620708,6.0,2.0,0.2857142857142857,0.5943456513231623,16.0,3.0,0.5,0.8984591897591405,42.0,4.0,0.0,0.0,0.0,1319,0.3661865049279757,0.15921152388172857,0.3199393479909022,0.24791508718726307,0.15466262319939347,0.3009855951478393,43.28363914373089,5.3570887035633055
2025-10-30,0,0,0,0,0,0,0,0,0,0,0,0,2025,10,30,3,303,44,4,0,0,0,0.43388373911755823,-0.900968867902419,-0.8758917051442433,0.48250774176121763,-0.822983865893657,0.5680647467311548,-0.8660254037844386,0.5000000000000001,0.0,0.0,0.0,0.0,0.0,2.0,0.0,0.0,0.0,0.0,0.14285714285714285,0.3779644730092201,1.0,1.0,0.14285714285714285,0.3631365196012879,2.0,1.0,0.14285714285714285,0.3563483225499091,4.0,1.0,0.2857142857142857,0.5943456513231623,16.0,3.0,0.5,0.8984591897591405,42.0,4.0,0.0,0.0,-2.0,1319,0.3661865049279757,0.15921152388172857,0.3199393479909022,0.24791508718726307,0.15466262319939347,0.3009855951478393,43.28363914373089,5.3570887035633055
2025-10-31,0,0,0,0,0,0,0,0,0,0,0,0,2025,10,31,4,304,44,4,0,0,1,-0.433883739117558,-0.9009688679024191,-0.8674563547295971,0.4975132889071803,-0.822983865893657,0.5680647467311548,-0.8660254037844386,0.5000000000000001,0.0,0.0,0.0,0.0,0.0,0.0,0.0,0.0,0.0,0.0,0.14285714285714285,0.3779644730092201,1.0,1.0,0.14285714285714285,0.3631365196012879,2.0,1.0,0.14285714285714285,0.3563483225499091,4.0,1.0,0.2857142857142857,0.5943456513231623,16.0,3.0,0.4523809523809524,0.8126227344521444,38.0,4.0,0.0,0.0,0.0,1319,0.3661865049279757,0.15921152388172857,0.3199393479909022,0.24791508718726307,0.15466262319939347,0.3009855951478393,43.28363914373089,5.3570887035633055
2025-11-01,0,0,0,0,0,0,0,0,0,0,0,0,2025,11,1,5,305,44,4,1,0,0,-0.9749279121818236,-0.2225209339563146,-0.858763958275803,0.5123714121284235,-0.822983865893657,0.5680647467311548,-0.5000000000000004,0.8660254037844384,0.0,0.0,0.0,1.0,0.0,1.0,0.0,0.0,0.0,0.0,0.0,0.0,0.0,0.0,0.14285714285714285,0.3631365196012879,2.0,1.0,0.10714285714285714,0.31497039417436734,3.0,1.0,0.2857142857142857,0.5943456513231623,16.0,3.0,0.42857142857142855,0.7958584708852844,36.0,4.0,0.0,-1.0,-1.0,1319,0.3661865049279757,0.15921152388172857,0.3199393479909022,0.24791508718726307,0.15466262319939347,0.3009855951478393,43.28363914373089,5.3570887035633055
2025-11-02,1,0,1,0,0,0,0,0,2,0,0,1,2025,11,2,6,306,44,4,1,0,0,-0.7818314824680299,0.6234898018587334,-0.8498170915275277,0.5270777086423724,-0.822983865893657,0.5680647467311548,-0.5000000000000004,0.8660254037844384,0.0,0.0,0.0,0.0,1.0,0.0,0.3333333333333333,0.5773502691896305,1.0,1.0,0.14285714285714285,0.3779644730092201,1.0,1.0,0.14285714285714285,0.3631365196012879,2.0,1.0,0.14285714285714285,0.3563483225499091,4.0,1.0,0.30357142857142855,0.600594943130798,17.0,3.0,0.44047619047619047,0.7968490730429507,37.0,4.0,1.0,1.0,1.0,1319,0.3661865049279757,0.15921152388172857,0.3199393479909022,0.24791508718726307,0.15466262319939347,0.3009855951478393,43.28363914373089,5.3570887035633055
2025-11-03,0,0,0,0,0,0,0,0,0,0,0,0,2025,11,3,0,307,45,4,0,1,0,0.0,1.0,-0.8406184056344783,0.5416278206559811,-0.7485107481711011,0.6631226582407952,-0.5000000000000004,0.8660254037844384,1.0,0.0,0.0,0.0,0.0,0.0,0.3333333333333333,0.5773502691896305,1.0,1.0,0.14285714285714285,0.3779644730092201,1.0,1.0,0.14285714285714285,0.3631365196012879,2.0,1.0,0.14285714285714285,0.3563483225499091,4.0,1.0,0.30357142857142855,0.600594943130798,17.0,3.0,0.44047619047619047,0.7968490730429507,37.0,4.0,-1.0,0.0,0.0,1319,0.3661865049279757,0.15921152388172857,0.3199393479909022,0.24791508718726307,0.15466262319939347,0.3009855951478393,43.28363914373089,5.3570887035633055
2025-11-04,0,0,0,0,0,0,0,0,0,0,0,0,2025,11,4,1,308,45,4,0,0,0,0.7818314824680298,0.6234898018587336,-0.8311706263658079,0.5560174366570446,-0.7485107481711011,0.6631226582407952,-0.5000000000000004,0.8660254037844384,0.0,1.0,0.0,0.0,0.0,0.0,0.3333333333333333,0.5773502691896305,1.0,1.0,0.14285714285714285,0.3779644730092201,1.0,1.0,0.14285714285714285,0.3631365196012879,2.0,1.0,0.14285714285714285,0.3563483225499091,4.0,1.0,0.30357142857142855,0.600594943130798,17.0,3.0,0.44047619047619047,0.7968490730429507,37.0,4.0,0.0,0.0,0.0,1319,0.3661865049279757,0.15921152388172857,0.3199393479909022,0.24791508718726307,0.15466262319939347,0.3009855951478393,43.28363914373089,5.3570887035633055
2025-11-05,1,0,1,0,0,0,0,0,2,0,0,1,2025,11,5,2,309,45,4,0,0,0,0.9749279121818236,-0.22252093395631434,-0.8214765533024145,0.5702422926917867,-0.7485107481711011,0.6631226582407952,-0.5000000000000004,0.8660254037844384,0.0,0.0,1.0,0.0,0.0,0.0,0.3333333333333333,0.5773502691896305,1.0,1.0,0.2857142857142857,0.4879500364742617,2.0,1.0,0.21428571428571427,0.4258153136263254,3.0,1.0,0.17857142857142858,0.39002102778748887,5.0,1.0,0.30357142857142855,0.600594943130798,17.0,3.0,0.44047619047619047,0.7968490730429507,37.0,4.0,1.0,1.0,1.0,1319,0.3661865049279757,0.15921152388172857,0.3199393479909022,0.24791508718726307,0.15466262319939347,0.3009855951478393,43.28363914373089,5.3570887035633055
2025-11-06,0,0,0,0,0,0,0,0,0,0,0,0,2025,11,6,3,310,45,4,0,0,0,0.43388373911755823,-0.900968867902419,-0.8115390590073611,0.5842981736283683,-0.7485107481711011,0.6631226582407952,-0.5000000000000004,0.8660254037844384,1.0,0.0,0.0,0.0,0.0,0.0,0.3333333333333333,0.5773502691896305,1.0,1.0,0.2857142857142857,0.4879500364742617,2.0,1.0,0.21428571428571427,0.4258153136263254,3.0,1.0,0.17857142857142858,0.39002102778748887,5.0,1.0,0.30357142857142855,0.600594943130798,17.0,3.0,0.44047619047619047,0.7968490730429507,37.0,4.0,-1.0,0.0,0.0,1319,0.3661865049279757,0.15921152388172857,0.3199393479909022,0.24791508718726307,0.15466262319939347,0.3009855951478393,43.28363914373089,5.3570887035633055
2025-11-07,1,1,0,1,0,0,0,0,2,0,0,1,2025,11,7,4,311,45,4,0,0,1,-0.433883739117558,-0.9009688679024191,-0.801361088174677,0.5981809144059158,-0.7485107481711011,0.6631226582407952,-0.5000000000000004,0.8660254037844384,0.0,1.0,0.0,0.0,0.0,1.0,0.6666666666666666,0.5773502691896316,2.0,1.0,0.42857142857142855,0.5345224838248449,3.0,1.0,0.2857142857142857,0.46880723093850013,4.0,1.0,0.17857142857142858,0.39002102778748887,5.0,1.0,0.30357142857142855,0.600594943130798,17.0,3.0,0.4523809523809524,0.7976586506810489,38.0,4.0,1.0,1.0,0.0,1319,0.3661865049279757,0.15921152388172857,0.3199393479909022,0.24791508718726307,0.15466262319939347,0.3009855951478393,43.28363914373089,5.3570887035633055
2025-11-08,1,1,0,1,0,0,0,0,2,0,0,1,2025,11,8,5,312,45,4,1,0,0,-0.9749279121818236,-0.2225209339563146,-0.7909456567567774,0.6118864012687242,-0.7485107481711011,0.6631226582407952,-0.5000000000000004,0.8660254037844384,1.0,0.0,1.0,0.0,1.0,0.0,0.6666666666666666,0.5773502691896316,2.0,1.0,0.5714285714285714,0.5345224838248455,4.0,1.0,0.2857142857142857,0.46880723093850013,4.0,1.0,0.21428571428571427,0.4178554470186809,6.0,1.0,0.32142857142857145,0.6062445608271206,18.0,3.0,0.4642857142857143,0.798287754553813,39.0,4.0,0.0,1.0,1.0,1319,0.3661865049279757,0.15921152388172857,0.3199393479909022,0.24791508718726307,0.15466262319939347,0.3009855951478393,43.28363914373089,5.3570887035633055
2025-11-09,0,0,0,0,0,0,0,0,0,0,0,0,2025,11,9,6,313,45,4,1,0,0,-0.7818314824680299,0.6234898018587334,-0.780295851070776,0.6254105729852457,-0.7485107481711011,0.6631226582407952,-0.5000000000000004,0.8660254037844384,1.0,1.0,0.0,1.0,0.0,0.0,0.6666666666666666,0.5773502691896316,2.0,1.0,0.42857142857142855,0.5345224838248449,3.0,1.0,0.2857142857142857,0.46880723093850013,4.0,1.0,0.21428571428571427,0.4178554470186809,6.0,1.0,0.32142857142857145,0.6062445608271206,18.0,3.0,0.4642857142857143,0.798287754553813,39.0,4.0,-1.0,-1.0,0.0,1319,0.3661865049279757,0.15921152388172857,0.3199393479909022,0.24791508718726307,0.15466262319939347,0.3009855951478393,43.28363914373089,5.3570887035633055
2025-11-10,0,0,0,0,0,0,0,0,0,0,0,0,2025,11,10,0,314,46,4,0,1,0,0.0,1.0,-0.7694148268839381,0.6387494220515268,-0.6631226582407955,0.7485107481711007,-0.5000000000000004,0.8660254037844384,0.0,1.0,1.0,0.0,0.0,0.0,0.3333333333333333,0.5773502691896305,1.0,1.0,0.42857142857142855,0.5345224838248449,3.0,1.0,0.2857142857142857,0.46880723093850013,4.0,1.0,0.21428571428571427,0.4178554470186809,6.0,1.0,0.30357142857142855,0.600594943130798,17.0,3.0,0.44047619047619047,0.7815830471979551,37.0,4.0,0.0,0.0,0.0,1319,0.3661865049279757,0.15921152388172857,0.3199393479909022,0.24791508718726307,0.15466262319939347,0.3009855951478393,43.28363914373089,5.3570887035633055
2025-11-11,1,1,0,1,0,0,0,0,2,0,0,0,2025,11,11,1,315,46,4,0,0,0,0.7818314824680298,0.6234898018587336,-0.7583058084785625,0.6518989958787125,-0.6631226582407955,0.7485107481711007,-0.5000000000000004,0.8660254037844384,0.0,0.0,1.0,0.0,0.0,0.0,0.3333333333333333,0.5773502691896305,1.0,1.0,0.5714285714285714,0.5345224838248455,4.0,1.0,0.35714285714285715,0.49724515809885117,5.0,1.0,0.25,0.44095855184410643,7.0,1.0,0.32142857142857145,0.6062445608271206,18.0,3.0,0.44047619047619047,0.7815830471979551,37.0,4.0,1.0,1.0,1.0,1319,0.3661865049279757,0.15921152388172857,0.3199393479909022,0.24791508718726307,0.15466262319939347,0.3009855951478393,43.28363914373089,5.3570887035633055
2025-11-12,1,1,0,0,0,0,0,0,2,0,0,0,2025,11,12,2,316,46,4,0,0,0,0.9749279121818236,-0.22252093395631434,-0.7469720876965551,0.6648553979642866,-0.6631226582407955,0.7485107481711007,-0.5000000000000004,0.8660254037844384,1.0,0.0,0.0,1.0,0.0,0.0,0.6666666666666666,0.5773502691896316,2.0,1.0,0.5714285714285714,0.5345224838248455,4.0,1.0,0.42857142857142855,0.5135525910130995,6.0,1.0,0.2857142857142857,0.46004370622824375,8.0,1.0,0.3392857142857143,0.6113111308501584,19.0,3.0,0.4523809523809524,0.7824084211357537,38.0,4.0,0.0,0.0,1.0,1319,0.3661865049279757,0.15921152388172857,0.3199393479909022,0.24791508718726307,0.15466262319939347,0.3009855951478393,43.28363914373089,5.3570887035633055
2025-11-13,0,0,0,0,0,0,0,0,0,0,0,0,2025,11,13,3,317,46,4,0,0,0,0.43388373911755823,-0.900968867902419,-0.7354170229639858,0.6776147890466887,-0.6631226582407955,0.7485107481711007,-0.5000000000000004,0.8660254037844384,1.0,1.0,0.0,0.0,0.0,0.0,0.6666666666666666,0.5773502691896316,2.0,1.0,0.5714285714285714,0.5345224838248455,4.0,1.0,0.42857142857142855,0.5135525910130995,6.0,1.0,0.2857142857142857,0.46004370622824375,8.0,1.0,0.3392857142857143,0.6113111308501584,19.0,3.0,0.4523809523809524,0.7824084211357537,38.0,4.0,-1.0,0.0,0.0,1319,0.3661865049279757,0.15921152388172857,0.3199393479909022,0.24791508718726307,0.15466262319939347,0.3009855951478393,43.28363914373089,5.3570887035633055
2025-11-14,0,0,0,0,0,0,0,0,0,0,0,0,2025,11,14,4,318,46,4,0,0,1,-0.433883739117558,-0.9009688679024191,-0.7236440382959124,0.690173388242972,-0.6631226582407955,0.7485107481711007,-0.5000000000000004,0.8660254037844384,0.0,1.0,1.0,1.0,0.0,0.0,0.3333333333333333,0.5773502691896305,1.0,1.0,0.42857142857142855,0.5345224838248449,3.0,1.0,0.42857142857142855,0.5135525910130995,6.0,1.0,0.2857142857142857,0.46004370622824375,8.0,1.0,0.3392857142857143,0.6113111308501584,19.0,3.0,0.42857142857142855,0.7649823099886203,36.0,4.0,0.0,-1.0,0.0,1319,0.3661865049279757,0.15921152388172857,0.3199393479909022,0.24791508718726307,0.15466262319939347,0.3009855951478393,43.28363914373089,5.3570887035633055
2025-11-15,0,0,0,0,0,0,0,0,0,0,0,0,2025,11,15,5,319,46,4,1,0,0,-0.9749279121818236,-0.2225209339563146,-0.711656622281775,0.7025274741691566,-0.6631226582407955,0.7485107481711007,-0.5000000000000004,0.8660254037844384,0.0,0.0,1.0,1.0,0.0,0.0,0.0,0.0,0.0,0.0,0.2857142857142857,0.48795003647426166,2.0,1.0,0.42857142857142855,0.5135525910130995,6.0,1.0,0.2857142857142857,0.46004370622824375,8.0,1.0,0.2857142857142857,0.49412128486419693,16.0,2.0,0.4166666666666667,0.7637626158259737,35.0,4.0,0.0,-1.0,0.0,1319,0.3661865049279757,0.15921152388172857,0.3199393479909022,0.24791508718726307,0.15466262319939347,0.3009855951478393,43.28363914373089,5.3570887035633055
2025-11-16,0,0,0,0,0,0,0,0,0,0,0,0,2025,11,16,6,320,46,4,1,0,0,-0.7818314824680299,0.6234898018587334,-0.6994583270516471,0.7146733860429608,-0.6631226582407955,0.7485107481711007,-0.5000000000000004,0.8660254037844384,0.0,0.0,0.0,0.0,1.0,1.0,0.0,0.0,0.0,0.0,0.2857142857142857,0.48795003647426166,2.0,1.0,0.35714285714285715,0.49724515809885117,5.0,1.0,0.25,0.44095855184410643,7.0,1.0,0.2857142857142857,0.49412128486419693,16.0,2.0,0.36904761904761907,0.6545441144072008,31.0,3.0,0.0,0.0,-1.0,1319,0.3661865049279757,0.15921152388172857,0.3199393479909022,0.24791508718726307,0.15466262319939347,0.3009855951478393,43.28363914373089,5.3570887035633055
2025-11-17,0,0,0,0,0,0,0,0,0,0,0,0,2025,11,17,0,321,47,4,0,1,0,0.0,1.0,-0.6870527672236675,0.7266075247685652,-0.5680647467311559,0.8229838658936564,-0.5000000000000004,0.8660254037844384,0.0,0.0,0.0,0.0,0.0,0.0,0.0,0.0,0.0,0.0,0.2857142857142857,0.48795003647426166,2.0,1.0,0.35714285714285715,0.49724515809885117,5.0,1.0,0.25,0.44095855184410643,7.0,1.0,0.26785714285714285,0.4858384104195156,15.0,2.0,0.36904761904761907,0.6545441144072008,31.0,3.0,0.0,0.0,0.0,1319,0.3661865049279757,0.15921152388172857,0.3199393479909022,0.24791508718726307,0.15466262319939347,0.3009855951478393,43.28363914373089,5.3570887035633055
2025-11-18,0,0,0,0,0,0,0,0,0,0,0,0,2025,11,18,1,322,47,4,0,0,0,0.7818314824680298,0.6234898018587336,-0.6744436188329457,0.7383263540031063,-0.5680647467311559,0.8229838658936564,-0.5000000000000004,0.8660254037844384,0.0,0.0,0.0,1.0,0.0,0.0,0.0,0.0,0.0,0.0,0.14285714285714285,0.37796447300922004,1.0,1.0,0.35714285714285715,0.49724515809885117,5.0,1.0,0.25,0.44095855184410643,7.0,1.0,0.26785714285714285,0.4858384104195156,15.0,2.0,0.3333333333333333,0.5876916930707957,28.0,3.0,0.0,-1.0,0.0,1319,0.3661865049279757,0.15921152388172857,0.3199393479909022,0.24791508718726307,0.15466262319939347,0.3009855951478393,43.28363914373089,5.3570887035633055
2025-11-19,0,0,0,0,0,0,0,0,0,0,0,0,2025,11,19,2,323,47,4,0,0,0,0.9749279121818236,-0.22252093395631434,-0.661634618242279,0.749826401204568,-0.5680647467311559,0.8229838658936564,-0.5000000000000004,0.8660254037844384,0.0,0.0,0.0,1.0,1.0,0.0,0.0,0.0,0.0,0.0,0.0,0.0,0.0,0.0,0.2857142857142857,0.46880723093850013,4.0,1.0,0.25,0.44095855184410643,7.0,1.0,0.26785714285714285,0.4858384104195156,15.0,2.0,0.32142857142857145,0.5841421325166228,27.0,3.0,0.0,-1.0,0.0,1319,0.3661865049279757,0.15921152388172857,0.3199393479909022,0.24791508718726307,0.15466262319939347,0.3009855951478393,43.28363914373089,5.3570887035633055
2025-11-20,0,0,0,0,0,0,0,0,0,0,0,0,2025,11,20,3,324,47,4,0,0,0,0.43388373911755823,-0.900968867902419,-0.6486295610349818,0.7611042586607742,-0.5680647467311559,0.8229838658936564,-0.5000000000000004,0.8660254037844384,0.0,0.0,0.0,0.0,0.0,0.0,0.0,0.0,0.0,0.0,0.0,0.0,0.0,0.0,0.2857142857142857,0.46880723093850013,4.0,1.0,0.25,0.44095855184410643,7.0,1.0,0.25,0.4767312946227968,14.0,2.0,0.30952380952380953,0.5803237666381348,26.0,3.0,0.0,0.0,0.0,1319,0.3661865049279757,0.15921152388172857,0.3199393479909022,0.24791508718726307,0.15466262319939347,0.3009855951478393,43.28363914373089,5.3570887035633055
2025-11-21,1,0,1,0,0,1,0,1,2,0,0,1,2025,11,21,4,325,47,4,0,0,1,-0.433883739117558,-0.9009688679024191,-0.6354323008901775,0.7721565844991641,-0.5680647467311559,0.8229838658936564,-0.5000000000000004,0.8660254037844384,0.0,0.0,0.0,0.0,1.0,0.0,0.3333333333333333,0.5773502691896305,1.0,1.0,0.14285714285714285,0.37796447300922004,1.0,1.0,0.2857142857142857,0.46880723093850013,4.0,1.0,0.2857142857142857,0.46004370622824375,8.0,1.0,0.25,0.4767312946227968,14.0,2.0,0.32142857142857145,0.5841421325166228,27.0,3.0,1.0,1.0,1.0,1319,0.3661865049279757,0.15921152388172857,0.3199393479909022,0.24791508718726307,0.15466262319939347,0.3009855951478393,43.28363914373089,5.3570887035633055
2025-11-22,0,0,0,0,0,0,0,0,0,0,0,0,2025,11,22,5,326,47,4,1,0,0,-0.9749279121818236,-0.2225209339563146,-0.622046748440868,0.7829801036770624,-0.5680647467311559,0.8229838658936564,-0.5000000000000004,0.8660254037844384,1.0,0.0,0.0,0.0,1.0,1.0,0.3333333333333333,0.5773502691896305,1.0,1.0,0.14285714285714285,0.3779644730092201,1.0,1.0,0.21428571428571427,0.4258153136263254,3.0,1.0,0.25,0.44095855184410643,7.0,1.0,0.25,0.4767312946227968,14.0,2.0,0.32142857142857145,0.5841421325166228,27.0,3.0,-1.0,0.0,-1.0,1319,0.3661865049279757,0.15921152388172857,0.3199393479909022,0.24791508718726307,0.15466262319939347,0.3009855951478393,43.28363914373089,5.3570887035633055
2025-11-23,0,0,0,0,0,0,0,0,0,0,0,0,2025,11,23,6,327,47,4,1,0,0,-0.7818314824680299,0.6234898018587334,-0.6084768701151264,0.7935716089521472,-0.5680647467311559,0.8229838658936564,-0.5000000000000004,0.8660254037844384,0.0,1.0,0.0,0.0,0.0,0.0,0.3333333333333333,0.5773502691896305,1.0,1.0,0.14285714285714285,0.3779644730092201,1.0,1.0,0.21428571428571427,0.4258153136263254,3.0,1.0,0.25,0.44095855184410643,7.0,1.0,0.23214285714285715,0.4667516929344161,13.0,2.0,0.30952380952380953,0.5803237666381348,26.0,3.0,0.0,0.0,0.0,1319,0.3661865049279757,0.15921152388172857,0.3199393479909022,0.24791508718726307,0.15466262319939347,0.3009855951478393,43.28363914373089,5.3570887035633055
2025-11-24,1,0,0,0,0,0,0,0,2,1,1,0,2025,11,24,0,328,48,4,0,1,0,0.0,1.0,-0.594726686960764,0.8039279618328208,-0.4647231720437684,0.88545602565321,-0.5000000000000004,0.8660254037844384,0.0,0.0,1.0,0.0,0.0,0.0,0.3333333333333333,0.5773502691896305,1.0,1.0,0.2857142857142857,0.4879500364742617,2.0,1.0,0.2857142857142857,0.46880723093850013,4.0,1.0,0.2857142857142857,0.46004370622824375,8.0,1.0,0.25,0.4767312946227968,14.0,2.0,0.32142857142857145,0.5841421325166228,27.0,3.0,1.0,1.0,1.0,1319,0.3661865049279757,0.15921152388172857,0.3199393479909022,0.24791508718726307,0.15466262319939347,0.3009855951478393,43.28363914373089,5.3570887035633055
2025-11-25,0,0,0,0,0,0,0,0,0,0,0,0,2025,11,25,1,329,48,4,0,0,0,0.7818314824680298,0.6234898018587336,-0.5808002734538013,0.8140460935082175,-0.4647231720437684,0.88545602565321,-0.5000000000000004,0.8660254037844384,1.0,0.0,0.0,0.0,1.0,0.0,0.3333333333333333,0.5773502691896305,1.0,1.0,0.2857142857142857,0.4879500364742617,2.0,1.0,0.21428571428571427,0.4258153136263254,3.0,1.0,0.2857142857142857,0.46004370622824375,8.0,1.0,0.25,0.4767312946227968,14.0,2.0,0.2976190476190476,0.5549288873308573,25.0,3.0,-1.0,0.0,0.0,1319,0.3661865049279757,0.15921152388172857,0.3199393479909022,0.24791508718726307,0.15466262319939347,0.3009855951478393,43.28363914373089,5.3570887035633055
2025-11-26,1,1,0,0,0,0,0,0,2,0,0,0,2025,11,26,2,330,48,4,0,0,0,0.9749279121818236,-0.22252093395631434,-0.5667017562911184,0.8239230057575536,-0.4647231720437684,0.88545602565321,-0.5000000000000004,0.8660254037844384,0.0,1.0,0.0,0.0,1.0,0.0,0.6666666666666666,0.5773502691896316,2.0,1.0,0.42857142857142855,0.5345224838248449,3.0,1.0,0.21428571428571427,0.4258153136263254,3.0,1.0,0.32142857142857145,0.47559486560567826,9.0,1.0,0.26785714285714285,0.4858384104195156,15.0,2.0,0.2976190476190476,0.5549288873308573,25.0,3.0,1.0,1.0,1.0,1319,0.3661865049279757,0.15921152388172857,0.3199393479909022,0.24791508718726307,0.15466262319939347,0.3009855951478393,43.28363914373089,5.3570887035633055
2025-11-27,0,0,0,0,0,0,0,0,0,0,0,0,2025,11,27,3,331,48,4,0,0,0,0.43388373911755823,-0.900968867902419,-0.5524353131676203,0.8335557718385695,-0.4647231720437684,0.88545602565321,-0.5000000000000004,0.8660254037844384,1.0,0.0,1.0,0.0,0.0,0.0,0.3333333333333333,0.5773502691896305,1.0,1.0,0.42857142857142855,0.5345224838248449,3.0,1.0,0.21428571428571427,0.4258153136263254,3.0,1.0,0.32142857142857145,0.47559486560567826,9.0,1.0,0.23214285714285715,0.42602054703207337,13.0,1.0,0.2976190476190476,0.5549288873308573,25.0,3.0,-1.0,0.0,0.0,1319,0.3661865049279757,0.15921152388172857,0.3199393479909022,0.24791508718726307,0.15466262319939347,0.3009855951478393,43.28363914373089,5.3570887035633055
2025-11-28,0,0,0,0,0,0,0,0,0,0,0,0,2025,11,28,4,332,48,4,0,0,1,-0.433883739117558,-0.9009688679024191,-0.5380051715382992,0.8429415373547832,-0.4647231720437684,0.88545602565321,-0.5000000000000004,0.8660254037844384,0.0,1.0,0.0,1.0,0.0,0.0,0.3333333333333333,0.5773502691896305,1.0,1.0,0.2857142857142857,0.4879500364742617,2.0,1.0,0.21428571428571427,0.4258153136263254,3.0,1.0,0.32142857142857145,0.47559486560567826,9.0,1.0,0.23214285714285715,0.42602054703207337,13.0,1.0,0.2976190476190476,0.5549288873308573,25.0,3.0,0.0,-1.0,0.0,1319,0.3661865049279757,0.15921152388172857,0.3199393479909022,0.24791508718726307,0.15466262319939347,0.3009855951478393,43.28363914373089,5.3570887035633055
2025-11-29,0,0,0,0,0,0,0,0,0,0,0,0,2025,11,29,5,333,48,4,1,0,0,-0.9749279121818236,-0.2225209339563146,-0.5234156073655503,0.8520775211013093,-0.4647231720437684,0.88545602565321,-0.5000000000000004,0.8660254037844384,0.0,0.0,1.0,0.0,0.0,0.0,0.0,0.0,0.0,0.0,0.2857142857142857,0.4879500364742617,2.0,1.0,0.21428571428571427,0.4258153136263254,3.0,1.0,0.32142857142857145,0.47559486560567826,9.0,1.0,0.21428571428571427,0.4140393356054132,12.0,1.0,0.2976190476190476,0.5549288873308573,25.0,3.0,0.0,0.0,0.0,1319,0.3661865049279757,0.15921152388172857,0.3199393479909022,0.24791508718726307,0.15466262319939347,0.3009855951478393,43.28363914373089,5.3570887035633055
2025-11-30,0,0,0,0,0,0,0,0,0,0,0,0,2025,11,30,6,334,48,4,1,0,0,-0.7818314824680299,0.6234898018587334,-0.5086709438521042,0.8609610158889945,-0.4647231720437684,0.88545602565321,-0.5000000000000004,0.8660254037844384,0.0,0.0,0.0,0.0,0.0,1.0,0.0,0.0,0.0,0.0,0.2857142857142857,0.4879500364742617,2.0,1.0,0.21428571428571427,0.4258153136263254,3.0,1.0,0.2857142857142857,0.46004370622824375,8.0,1.0,0.21428571428571427,0.4140393356054132,12.0,1.0,0.2976190476190476,0.5549288873308573,25.0,3.0,0.0,0.0,-1.0,1319,0.3661865049279757,0.15921152388172857,0.3199393479909022,0.24791508718726307,0.15466262319939347,0.3009855951478393,43.28363914373089,5.3570887035633055
2025-12-01,2,1,0,0,0,3,0,2,4,1,1,1,2025,12,1,0,335,49,4,0,1,0,0.0,1.0,-0.49377555015997737,0.8695893893466109,-0.35460488704253595,0.9350162426854147,-2.4492935982947064e-16,1.0,0.0,0.0,0.0,1.0,0.0,0.0,0.6666666666666666,1.1547005383792543,2.0,2.0,0.42857142857142855,0.7867957924694404,3.0,2.0,0.35714285714285715,0.6333236937766542,5.0,2.0,0.35714285714285715,0.5587211398983567,10.0,2.0,0.25,0.4767312946227968,14.0,2.0,0.32142857142857145,0.5841421325166228,27.0,3.0,2.0,1.0,2.0,1319,0.3661865049279757,0.15921152388172857,0.3199393479909022,0.24791508718726307,0.15466262319939347,0.3009855951478393,43.28363914373089,5.3570887035633055
2025-12-02,0,0,0,0,0,0,0,0,0,0,0,0,2025,12,2,1,336,49,4,0,0,0,0.7818314824680298,0.6234898018587336,-0.4787338401157883,0.8779600847008883,-0.35460488704253595,0.9350162426854147,-2.4492935982947064e-16,1.0,2.0,0.0,0.0,0.0,0.0,0.0,0.6666666666666666,1.1547005383792543,2.0,2.0,0.42857142857142855,0.7867957924694404,3.0,2.0,0.35714285714285715,0.6333236937766542,5.0,2.0,0.35714285714285715,0.5587211398983567,10.0,2.0,0.25,0.4767312946227968,14.0,2.0,0.32142857142857145,0.5841421325166228,27.0,3.0,-2.0,0.0,0.0,1319,0.3661865049279757,0.15921152388172857,0.3199393479909022,0.24791508718726307,0.15466262319939347,0.3009855951478393,43.28363914373089,5.3570887035633055
2025-12-03,0,0,0,0,0,0,0,0,0,0,0,0,2025,12,3,2,337,49,4,0,0,0,0.9749279121818236,-0.22252093395631434,-0.4635502709028512,0.8860706215341378,-0.35460488704253595,0.9350162426854147,-2.4492935982947064e-16,1.0,0.0,2.0,0.0,1.0,0.0,1.0,0.6666666666666666,1.1547005383792543,2.0,2.0,0.2857142857142857,0.7559289460184513,2.0,2.0,0.35714285714285715,0.6333236937766542,5.0,2.0,0.32142857142857145,0.547964004533653,9.0,2.0,0.25,0.4767312946227968,14.0,2.0,0.30952380952380953,0.5803237666381348,26.0,3.0,0.0,-1.0,-1.0,1319,0.3661865049279757,0.15921152388172857,0.3199393479909022,0.24791508718726307,0.15466262319939347,0.3009855951478393,43.28363914373089,5.3570887035633055
2025-12-04,1,0,0,0,0,0,0,0,2,1,1,0,2025,12,4,3,338,49,4,0,0,0,0.43388373911755823,-0.900968867902419,-0.4482293417404106,0.893918596519257,-0.35460488704253595,0.9350162426854147,-2.4492935982947064e-16,1.0,0.0,0.0,2.0,0.0,0.0,0.0,0.3333333333333333,0.5773502691896305,1.0,1.0,0.42857142857142855,0.7867957924694404,3.0,2.0,0.42857142857142855,0.6462061726588673,6.0,2.0,0.35714285714285715,0.5587211398983567,10.0,2.0,0.26785714285714285,0.4858384104195156,15.0,2.0,0.32142857142857145,0.5841421325166228,27.0,3.0,1.0,1.0,1.0,1319,0.3661865049279757,0.15921152388172857,0.3199393479909022,0.24791508718726307,0.15466262319939347,0.3009855951478393,43.28363914373089,5.3570887035633055
2025-12-05,0,0,0,0,0,0,0,0,0,0,0,0,2025,12,5,4,339,49,4,0,0,1,-0.433883739117558,-0.9009688679024191,-0.4327755925504317,0.9015016841318838,-0.35460488704253595,0.9350162426854147,-2.4492935982947064e-16,1.0,1.0,0.0,0.0,0.0,1.0,1.0,0.3333333333333333,0.5773502691896305,1.0,1.0,0.42857142857142855,0.7867957924694404,3.0,2.0,0.35714285714285715,0.6333236937766542,5.0,2.0,0.32142857142857145,0.547964004533653,9.0,2.0,0.25,0.4767312946227968,14.0,2.0,0.30952380952380953,0.5803237666381348,26.0,3.0,-1.0,0.0,-1.0,1319,0.3661865049279757,0.15921152388172857,0.3199393479909022,0.24791508718726307,0.15466262319939347,0.3009855951478393,43.28363914373089,5.3570887035633055
2025-12-06,0,0,0,0,0,0,0,0,0,0,0,0,2025,12,6,5,340,49,4,1,0,0,-0.9749279121818236,-0.2225209339563146,-0.41719360261231697,0.9088176373395028,-0.35460488704253595,0.9350162426854147,-2.4492935982947064e-16,1.0,0.0,1.0,0.0,0.0,0.0,1.0,0.3333333333333333,0.5773502691896305,1.0,1.0,0.42857142857142855,0.7867957924694404,3.0,2.0,0.35714285714285715,0.6333236937766542,5.0,2.0,0.2857142857142857,0.5345224838248553,8.0,2.0,0.25,0.4767312946227968,14.0,2.0,0.30952380952380953,0.5803237666381348,26.0,3.0,0.0,0.0,-1.0,1319,0.3661865049279757,0.15921152388172857,0.3199393479909022,0.24791508718726307,0.15466262319939347,0.3009855951478393,43.28363914373089,5.3570887035633055
2025-12-07,0,0,0,0,0,0,0,0,0,0,0,0,2025,12,7,6,341,49,4,1,0,0,-0.7818314824680299,0.6234898018587334,-0.4014879892059737,0.9158642882672868,-0.35460488704253595,0.9350162426854147,-2.4492935982947064e-16,1.0,0.0,0.0,1.0,0.0,0.0,0.0,0.0,0.0,0.0,0.0,0.42857142857142855,0.7867957924694404,3.0,2.0,0.35714285714285715,0.6333236937766542,5.0,2.0,0.2857142857142857,0.5345224838248553,8.0,2.0,0.25,0.4767312946227968,14.0,2.0,0.30952380952380953,0.5803237666381348,26.0,3.0,0.0,0.0,0.0,1319,0.3661865049279757,0.15921152388172857,0.3199393479909022,0.24791508718726307,0.15466262319939347,0.3009855951478393,43.28363914373089,5.3570887035633055
2025-12-08,1,1,0,0,0,0,0,0,2,0,0,0,2025,12,8,0,342,50,4,0,1,0,0.0,1.0,-0.38566340624360745,0.9226395488404875,-0.2393156642875578,0.970941817426052,-2.4492935982947064e-16,1.0,0.0,0.0,0.0,2.0,1.0,0.0,0.3333333333333333,0.5773502691896305,1.0,1.0,0.2857142857142857,0.4879500364742617,2.0,1.0,0.35714285714285715,0.6333236937766542,5.0,2.0,0.32142857142857145,0.547964004533653,9.0,2.0,0.26785714285714285,0.4858384104195156,15.0,2.0,0.30952380952380953,0.5803237666381348,26.0,3.0,1.0,-1.0,1.0,1319,0.3661865049279757,0.15921152388172857,0.3199393479909022,0.24791508718726307,0.15466262319939347,0.3009855951478393,43.28363914373089,5.3570887035633055
2025-12-09,1,0,0,1,0,0,0,0,2,0,0,0,2025,12,9,1,343,50,4,0,0,0,0.7818314824680298,0.6234898018587336,-0.3697245428906732,0.9291414114031743,-0.2393156642875578,0.970941817426052,-2.4492935982947064e-16,1.0,1.0,0.0,0.0,0.0,0.0,1.0,0.6666666666666666,0.5773502691896316,2.0,1.0,0.42857142857142855,0.5345224838248449,3.0,1.0,0.42857142857142855,0.6462061726588673,6.0,2.0,0.32142857142857145,0.547964004533653,9.0,2.0,0.2857142857142857,0.49412128486419693,16.0,2.0,0.32142857142857145,0.5841421325166228,27.0,3.0,0.0,1.0,0.0,1319,0.3661865049279757,0.15921152388172857,0.3199393479909022,0.24791508718726307,0.15466262319939347,0.3009855951478393,43.28363914373089,5.3570887035633055
2025-12-10,1,0,0,0,0,0,0,0,2,0,0,0,2025,12,10,2,344,50,4,0,0,0,0.9749279121818236,-0.22252093395631434,-0.3536761221763721,0.935367949313148,-0.2393156642875578,0.970941817426052,-2.4492935982947064e-16,1.0,1.0,1.0,0.0,0.0,1.0,1.0,1.0,0.0,3.0,1.0,0.5714285714285714,0.5345224838248455,4.0,1.0,0.42857142857142855,0.6462061726588673,6.0,2.0,0.32142857142857145,0.547964004533653,9.0,2.0,0.30357142857142855,0.5016207497934843,17.0,2.0,0.3333333333333333,0.5876916930707957,28.0,3.0,0.0,1.0,0.0,1319,0.3661865049279757,0.15921152388172857,0.3199393479909022,0.24791508718726307,0.15466262319939347,0.3009855951478393,43.28363914373089,5.3570887035633055
2025-12-11,0,0,0,0,0,0,0,0,0,0,0,0,2025,12,11,3,345,50,4,0,0,0,0.43388373911755823,-0.900968867902419,-0.33752289959411347,0.941317317512847,-0.2393156642875578,0.970941817426052,-2.4492935982947064e-16,1.0,1.0,1.0,1.0,1.0,0.0,0.0,0.6666666666666666,0.5773502691896316,2.0,1.0,0.42857142857142855,0.5345224838248449,3.0,1.0,0.42857142857142855,0.6462061726588673,6.0,2.0,0.32142857142857145,0.547964004533653,9.0,2.0,0.30357142857142855,0.5016207497934843,17.0,2.0,0.3333333333333333,0.5876916930707957,28.0,3.0,-1.0,-1.0,0.0,1319,0.3661865049279757,0.15921152388172857,0.3199393479909022,0.24791508718726307,0.15466262319939347,0.3009855951478393,43.28363914373089,5.3570887035633055
2025-12-12,0,0,0,0,0,0,0,0,0,0,0,0,2025,12,12,4,346,50,4,0,0,1,-0.433883739117558,-0.9009688679024191,-0.32126966169236515,0.9469877530760751,-0.2393156642875578,0.970941817426052,-2.4492935982947064e-16,1.0,0.0,1.0,1.0,0.0,0.0,0.0,0.3333333333333333,0.5773502691896305,1.0,1.0,0.42857142857142855,0.5345224838248449,3.0,1.0,0.42857142857142855,0.6462061726588673,6.0,2.0,0.32142857142857145,0.547964004533653,9.0,2.0,0.30357142857142855,0.5016207497934843,17.0,2.0,0.3333333333333333,0.5876916930707957,28.0,3.0,0.0,0.0,0.0,1319,0.3661865049279757,0.15921152388172857,0.3199393479909022,0.24791508718726307,0.15466262319939347,0.3009855951478393,43.28363914373089,5.3570887035633055
2025-12-13,0,0,0,0,0,0,0,0,0,0,0,0,2025,12,13,5,347,50,4,1,0,0,-0.9749279121818236,-0.2225209339563146,-0.3049212246562894,0.9523775757303973,-0.2393156642875578,0.970941817426052,-2.4492935982947064e-16,1.0,0.0,0.0,1.0,0.0,0.0,0.0,0.0,0.0,0.0,0.0,0.42857142857142855,0.5345224838248449,3.0,1.0,0.42857142857142855,0.6462061726588673,6.0,2.0,0.32142857142857145,0.547964004533653,9.0,2.0,0.30357142857142855,0.5016207497934843,17.0,2.0,0.2976190476190476,0.5096599836262663,25.0,2.0,0.0,0.0,0.0,1319,0.3661865049279757,0.15921152388172857,0.3199393479909022,0.24791508718726307,0.15466262319939347,0.3009855951478393,43.28363914373089,5.3570887035633055
2025-12-14,0,0,0,0,0,0,0,0,0,0,0,0,2025,12,14,6,348,50,4,1,0,0,-0.7818314824680299,0.6234898018587334,-0.2884824328806098,0.9574851883550389,-0.2393156642875578,0.970941817426052,-2.4492935982947064e-16,1.0,0.0,0.0,0.0,0.0,0.0,0.0,0.0,0.0,0.0,0.0,0.42857142857142855,0.5345224838248449,3.0,1.0,0.42857142857142855,0.6462061726588673,6.0,2.0,0.32142857142857145,0.547964004533653,9.0,2.0,0.2857142857142857,0.49412128486419693,16.0,2.0,0.2976190476190476,0.5096599836262663,25.0,2.0,0.0,0.0,0.0,1319,0.3661865049279757,0.15921152388172857,0.3199393479909022,0.24791508718726307,0.15466262319939347,0.3009855951478393,43.28363914373089,5.3570887035633055
2025-12-15,0,0,0,0,0,0,0,0,0,0,0,0,2025,12,15,0,349,51,4,0,1,0,0.0,1.0,-0.27195815753410524,0.9623090774541487,-0.12053668025532363,0.992708874098054,-2.4492935982947064e-16,1.0,0.0,0.0,0.0,1.0,2.0,0.0,0.0,0.0,0.0,0.0,0.2857142857142857,0.48795003647426166,2.0,1.0,0.2857142857142857,0.46880723093850013,4.0,1.0,0.32142857142857145,0.547964004533653,9.0,2.0,0.2857142857142857,0.49412128486419693,16.0,2.0,0.2857142857142857,0.5047110248336575,24.0,2.0,0.0,-1.0,0.0,1319,0.3661865049279757,0.15921152388172857,0.3199393479909022,0.24791508718726307,0.15466262319939347,0.3009855951478393,43.28363914373089,5.3570887035633055
2025-12-16,0,0,0,0,0,0,0,0,0,0,0,0,2025,12,16,1,350,51,4,0,0,0,0.7818314824680298,0.6234898018587336,-0.2553532951161881,0.9668478136052773,-0.12053668025532363,0.992708874098054,-2.4492935982947064e-16,1.0,0.0,0.0,0.0,1.0,0.0,0.0,0.0,0.0,0.0,0.0,0.14285714285714285,0.37796447300922004,1.0,1.0,0.2857142857142857,0.46880723093850013,4.0,1.0,0.32142857142857145,0.547964004533653,9.0,2.0,0.2857142857142857,0.49412128486419693,16.0,2.0,0.2857142857142857,0.5047110248336575,24.0,2.0,0.0,-1.0,0.0,1319,0.3661865049279757,0.15921152388172857,0.3199393479909022,0.24791508718726307,0.15466262319939347,0.3009855951478393,43.28363914373089,5.3570887035633055
2025-12-17,0,0,0,0,0,0,0,0,0,0,0,0,2025,12,17,2,351,51,4,0,0,0,0.9749279121818236,-0.22252093395631434,-0.23867276600594997,0.9711000518829505,-0.12053668025532363,0.992708874098054,-2.4492935982947064e-16,1.0,0.0,0.0,0.0,1.0,0.0,0.0,0.0,0.0,0.0,0.0,0.0,0.0,0.0,0.0,0.2857142857142857,0.46880723093850013,4.0,1.0,0.32142857142857145,0.547964004533653,9.0,2.0,0.2857142857142857,0.49412128486419693,16.0,2.0,0.2857142857142857,0.5047110248336575,24.0,2.0,0.0,-1.0,0.0,1319,0.3661865049279757,0.15921152388172857,0.3199393479909022,0.24791508718726307,0.15466262319939347,0.3009855951478393,43.28363914373089,5.3570887035633055
2025-12-18,0,0,0,0,0,0,0,0,0,0,0,0,2025,12,18,3,352,51,4,0,0,0,0.43388373911755823,-0.900968867902419,-0.22192151300416674,0.9750645322571945,-0.12053668025532363,0.992708874098054,-2.4492935982947064e-16,1.0,0.0,0.0,0.0,0.0,1.0,0.0,0.0,0.0,0.0,0.0,0.0,0.0,0.0,0.0,0.21428571428571427,0.4258153136263254,3.0,1.0,0.32142857142857145,0.547964004533653,9.0,2.0,0.2857142857142857,0.49412128486419693,16.0,2.0,0.27380952380952384,0.4994259469978616,23.0,2.0,0.0,0.0,0.0,1319,0.3661865049279757,0.15921152388172857,0.3199393479909022,0.24791508718726307,0.15466262319939347,0.3009855951478393,43.28363914373089,5.3570887035633055
2025-12-19,1,0,0,0,0,0,0,0,2,0,0,0,2025,12,19,4,353,51,4,0,0,1,-0.433883739117558,-0.9009688679024191,-0.20510449986861926,0.9787400799669153,-0.12053668025532363,0.992708874098054,-2.4492935982947064e-16,1.0,0.0,0.0,0.0,0.0,0.0,1.0,0.3333333333333333,0.5773502691896305,1.0,1.0,0.14285714285714285,0.37796447300922004,1.0,1.0,0.2857142857142857,0.46880723093850013,4.0,1.0,0.32142857142857145,0.547964004533653,9.0,2.0,0.30357142857142855,0.5016207497934843,17.0,2.0,0.27380952380952384,0.4994259469978616,23.0,2.0,1.0,1.0,0.0,1319,0.3661865049279757,0.15921152388172857,0.3199393479909022,0.24791508718726307,0.15466262319939347,0.3009855951478393,43.28363914373089,5.3570887035633055
2025-12-20,1,0,0,1,0,0,0,0,2,0,0,0,2025,12,20,5,354,51,4,1,0,0,-0.9749279121818236,-0.2225209339563146,-0.1882267098432439,0.9821256058680006,-0.12053668025532363,0.992708874098054,-2.4492935982947064e-16,1.0,1.0,0.0,0.0,0.0,0.0,0.0,0.6666666666666666,0.5773502691896316,2.0,1.0,0.2857142857142857,0.4879500364742616,2.0,1.0,0.35714285714285715,0.4972451580988512,5.0,1.0,0.35714285714285715,0.5587211398983567,10.0,2.0,0.30357142857142855,0.5016207497934843,17.0,2.0,0.2857142857142857,0.5047110248336575,24.0,2.0,0.0,1.0,1.0,1319,0.3661865049279757,0.15921152388172857,0.3199393479909022,0.24791508718726307,0.15466262319939347,0.3009855951478393,43.28363914373089,5.3570887035633055
2025-12-21,0,0,0,0,0,0,0,0,0,0,0,0,2025,12,21,6,355,51,4,1,0,0,-0.7818314824680299,0.6234898018587334,-0.1712931441814778,0.9852201067560606,-0.12053668025532363,0.992708874098054,-2.4492935982947064e-16,1.0,1.0,1.0,0.0,0.0,0.0,0.0,0.6666666666666666,0.5773502691896316,2.0,1.0,0.2857142857142857,0.4879500364742616,2.0,1.0,0.35714285714285715,0.4972451580988512,5.0,1.0,0.35714285714285715,0.5587211398983567,10.0,2.0,0.30357142857142855,0.5016207497934843,17.0,2.0,0.27380952380952384,0.4994259469978616,23.0,2.0,-1.0,0.0,0.0,1319,0.3661865049279757,0.15921152388172857,0.3199393479909022,0.24791508718726307,0.15466262319939347,0.3009855951478393,43.28363914373089,5.3570887035633055
2025-12-22,0,0,0,0,0,0,0,0,0,0,0,0,2025,12,22,0,356,52,4,0,1,0,0.0,1.0,-0.154308820664281,0.9880226656636976,6.432490598706546e-16,1.0,-2.4492935982947064e-16,1.0,0.0,1.0,1.0,0.0,1.0,1.0,0.3333333333333333,0.5773502691896305,1.0,1.0,0.2857142857142857,0.4879500364742616,2.0,1.0,0.2857142857142857,0.46880723093850013,4.0,1.0,0.32142857142857145,0.547964004533653,9.0,2.0,0.30357142857142855,0.5016207497934843,17.0,2.0,0.27380952380952384,0.4994259469978616,23.0,2.0,0.0,0.0,-1.0,1319,0.3661865049279757,0.15921152388172857,0.3199393479909022,0.24791508718726307,0.15466262319939347,0.3009855951478393,43.28363914373089,5.3570887035633055
2025-12-23,0,0,0,0,0,0,0,0,0,0,0,0,2025,12,23,1,357,52,4,0,0,0,0.7818314824680298,0.6234898018587336,-0.13727877211326517,0.9905324521322227,6.432490598706546e-16,1.0,-2.4492935982947064e-16,1.0,0.0,0.0,1.0,0.0,1.0,0.0,0.0,0.0,0.0,0.0,0.2857142857142857,0.4879500364742616,2.0,1.0,0.21428571428571427,0.4258153136263254,3.0,1.0,0.32142857142857145,0.547964004533653,9.0,2.0,0.30357142857142855,0.5016207497934843,17.0,2.0,0.27380952380952384,0.4994259469978616,23.0,2.0,0.0,0.0,0.0,1319,0.3661865049279757,0.15921152388172857,0.3199393479909022,0.24791508718726307,0.15466262319939347,0.3009855951478393,43.28363914373089,5.3570887035633055
2025-12-24,0,0,0,0,0,0,0,0,0,0,0,0,2025,12,24,2,358,52,4,0,0,0,0.9749279121818236,-0.22252093395631434,-0.12020804489935275,0.9927487224577402,6.432490598706546e-16,1.0,-2.4492935982947064e-16,1.0,0.0,0.0,0.0,0.0,1.0,1.0,0.0,0.0,0.0,0.0,0.2857142857142857,0.4879500364742616,2.0,1.0,0.14285714285714285,0.363136519601288,2.0,1.0,0.2857142857142857,0.5345224838248553,8.0,2.0,0.30357142857142855,0.5016207497934843,17.0,2.0,0.27380952380952384,0.4994259469978616,23.0,2.0,0.0,0.0,-1.0,1319,0.3661865049279757,0.15921152388172857,0.3199393479909022,0.24791508718726307,0.15466262319939347,0.3009855951478393,43.28363914373089,5.3570887035633055
2025-12-25,0,0,0,0,0,0,0,0,0,0,0,0,2025,12,25,3,359,52,4,0,0,0,0.43388373911755823,-0.900968867902419,-0.10310169744743544,0.9946708199115211,6.432490598706546e-16,1.0,-2.4492935982947064e-16,1.0,0.0,0.0,0.0,0.0,0.0,0.0,0.0,0.0,0.0,0.0,0.2857142857142857,0.4879500364742616,2.0,1.0,0.14285714285714285,0.363136519601288,2.0,1.0,0.2857142857142857,0.5345224838248553,8.0,2.0,0.30357142857142855,0.5016207497934843,17.0,2.0,0.25,0.46244504720750074,21.0,2.0,0.0,0.0,0.0,1319,0.3661865049279757,0.15921152388172857,0.3199393479909022,0.24791508718726307,0.15466262319939347,0.3009855951478393,43.28363914373089,5.3570887035633055
2025-12-26,0,0,0,0,0,0,0,0,0,0,0,0,2025,12,26,4,360,52,4,0,0,1,-0.433883739117558,-0.9009688679024191,-0.0859647987374467,0.9962981749346077,6.432490598706546e-16,1.0,-2.4492935982947064e-16,1.0,0.0,0.0,0.0,1.0,0.0,0.0,0.0,0.0,0.0,0.0,0.14285714285714285,0.37796447300922004,1.0,1.0,0.14285714285714285,0.363136519601288,2.0,1.0,0.2857142857142857,0.5345224838248553,8.0,2.0,0.30357142857142855,0.5016207497934843,17.0,2.0,0.25,0.46244504720750074,21.0,2.0,0.0,-1.0,0.0,1319,0.3661865049279757,0.15921152388172857,0.3199393479909022,0.24791508718726307,0.15466262319939347,0.3009855951478393,43.28363914373089,5.3570887035633055
2025-12-27,1,1,0,0,0,0,0,0,1,0,0,0,2025,12,27,5,361,52,4,1,0,0,-0.9749279121818236,-0.2225209339563146,-0.06880242680232064,0.9976303053065857,6.432490598706546e-16,1.0,-2.4492935982947064e-16,1.0,0.0,0.0,0.0,1.0,0.0,0.0,0.3333333333333333,0.5773502691896305,1.0,1.0,0.14285714285714285,0.37796447300922004,1.0,1.0,0.21428571428571427,0.4258153136263254,3.0,1.0,0.32142857142857145,0.547964004533653,9.0,2.0,0.32142857142857145,0.5083714768174541,18.0,2.0,0.25,0.46244504720750074,21.0,2.0,1.0,0.0,1.0,1319,0.3661865049279757,0.15921152388172857,0.3199393479909022,0.24791508718726307,0.15466262319939347,0.3009855951478393,43.28363914373089,5.3570887035633055
