date,crash_count,rush_hour_crashes,night_crashes,peak_crash_hour_crashes,total_killed,total_injured,fatal_crashes,injury_crashes,total_vehicles,rain_crashes,adverse_weather_crashes,dark_crashes,year,month,day,day_of_week,day_of_year,week_of_year,quarter,is_weekend,is_monday,is_friday,day_of_week_sin,day_of_week_cos,day_of_year_sin,day_of_year_cos,week_sin,week_cos,month_sin,month_cos,crashes_lag_1d,crashes_lag_2d,crashes_lag_3d,crashes_lag_7d,crashes_lag_14d,crashes_lag_28d,crashes_rolling_mean_3d,crashes_rolling_std_3d,crashes_rolling_sum_3d,crashes_rolling_max_3d,crashes_rolling_mean_7d,crashes_rolling_std_7d,crashes_rolling_sum_7d,crashes_rolling_max_7d,crashes_rolling_mean_14d,crashes_rolling_std_14d,crashes_rolling_sum_14d,crashes_rolling_max_14d,crashes_rolling_mean_28d,crashes_rolling_std_28d,crashes_rolling_sum_28d,crashes_rolling_max_28d,crashes_rolling_mean_56d,crashes_rolling_std_56d,crashes_rolling_sum_56d,crashes_rolling_max_56d,crashes_rolling_mean_84d,crashes_rolling_std_84d,crashes_rolling_sum_84d,crashes_rolling_max_84d,crash_change_1d,crash_change_7d,crash_change_28d,total_crashes_hist,pct_rush_hour,pct_night,pct_peak_hour,pct_weekend,pct_rain,pct_dark,avg_spd_limit,avg_lanes
2022-01-05,1,0,0,0,0,0,0,0,2,0,0,0,2022,1,5,2,5,1,1,0,0,0,0.9749279121818236,-0.22252093395631434,0.08596479873744647,0.9962981749346078,0.12053668025532305,0.992708874098054,0.49999999999999994,0.8660254037844387,0.0,0.0,0.0,0.0,0.0,0.0,1.0,0.0,1.0,1.0,1.0,0.0,1.0,1.0,1.0,0.0,1.0,1.0,1.0,0.0,1.0,1.0,1.0,0.0,1.0,1.0,1.0,0.0,1.0,1.0,0.0,0.0,0.0,407,0.35872235872235875,0.1891891891891892,0.31203931203931207,0.2457002457002457,0.09090909090909091,0.31695331695331697,42.411167512690355,5.8452088452088455
2022-01-06,2,2,0,2,0,0,0,0,4,0,0,2,2022,1,6,3,6,1,1,0,0,0,0.43388373911755823,-0.900968867902419,0.10310169744743485,0.9946708199115211,0.12053668025532305,0.992708874098054,0.49999999999999994,0.8660254037844387,1.0,0.0,0.0,0.0,0.0,0.0,1.5,0.7071067811865476,3.0,2.0,1.5,0.7071067811865476,3.0,2.0,1.5,0.7071067811865476,3.0,2.0,1.5,0.7071067811865476,3.0,2.0,1.5,0.7071067811865476,3.0,2.0,1.5,0.7071067811865476,3.0,2.0,1.0,0.0,0.0,407,0.35872235872235875,0.1891891891891892,0.31203931203931207,0.2457002457002457,0.09090909090909091,0.31695331695331697,42.411167512690355,5.8452088452088455
2022-01-07,0,0,0,0,0,0,0,0,0,0,0,0,2022,1,7,4,7,1,1,0,0,1,-0.433883739117558,-0.9009688679024191,0.1202080448993527,0.9927487224577402,0.12053668025532305,0.992708874098054,0.49999999999999994,0.8660254037844387,2.0,1.0,0.0,0.0,0.0,0.0,1.0,1.0,3.0,2.0,1.0,1.0,3.0,2.0,1.0,1.0,3.0,2.0,1.0,1.0,3.0,2.0,1.0,1.0,3.0,2.0,1.0,1.0,3.0,2.0,-2.0,0.0,0.0,407,0.35872235872235875,0.1891891891891892,0.31203931203931207,0.2457002457002457,0.09090909090909091,0.31695331695331697,42.411167512690355,5.8452088452088455
2022-01-08,0,0,0,0,0,0,0,0,0,0,0,0,2022,1,8,5,8,1,1,1,0,0,-0.9749279121818236,-0.2225209339563146,0.13727877211326478,0.9905324521322229,0.12053668025532305,0.992708874098054,0.49999999999999994,0.8660254037844387,0.0,2.0,1.0,0.0,0.0,0.0,0.6666666666666666,1.1547005383792517,2.0,2.0,0.75,0.9574271077563381,3.0,2.0,0.75,0.9574271077563381,3.0,2.0,0.75,0.9574271077563381,3.0,2.0,0.75,0.9574271077563381,3.0,2.0,0.75,0.9574271077563381,3.0,2.0,0.0,0.0,0.0,407,0.35872235872235875,0.1891891891891892,0.31203931203931207,0.2457002457002457,0.09090909090909091,0.31695331695331697,42.411167512690355,5.8452088452088455
2022-01-09,0,0,0,0,0,0,0,0,0,0,0,0,2022,1,9,6,9,1,1,1,0,0,-0.7818314824680299,0.6234898018587334,0.15430882066428117,0.9880226656636976,0.12053668025532305,0.992708874098054,0.49999999999999994,0.8660254037844387,0.0,0.0,2.0,0.0,0.0,0.0,0.0,0.0,0.0,0.0,0.6,0.8944271909999159,3.0,2.0,0.6,0.8944271909999159,3.0,2.0,0.6,0.8944271909999159,3.0,2.0,0.6,0.8944271909999159,3.0,2.0,0.6,0.8944271909999159,3.0,2.0,0.0,0.0,0.0,407,0.35872235872235875,0.1891891891891892,0.31203931203931207,0.2457002457002457,0.09090909090909091,0.31695331695331697,42.411167512690355,5.8452088452088455
2022-01-10,0,0,0,0,0,0,0,0,0,0,0,0,2022,1,10,0,10,2,1,0,1,0,0.0,1.0,0.1712931441814776,0.9852201067560606,0.23931566428755774,0.970941817426052,0.49999999999999994,0.8660254037844387,0.0,0.0,0.0,0.0,0.0,0.0,0.0,0.0,0.0,0.0,0.5,0.8366600265340756,3.0,2.0,0.5,0.8366600265340756,3.0,2.0,0.5,0.8366600265340756,3.0,2.0,0.5,0.8366600265340756,3.0,2.0,0.5,0.8366600265340756,3.0,2.0,0.0,0.0,0.0,407,0.35872235872235875,0.1891891891891892,0.31203931203931207,0.2457002457002457,0.09090909090909091,0.31695331695331697,42.411167512690355,5.8452088452088455
2022-01-11,2,0,0,0,0,0,0,0,4,0,0,2,2022,1,11,1,11,2,1,0,0,0,0.7818314824680298,0.6234898018587336,0.1882267098432442,0.9821256058680006,0.23931566428755774,0.970941817426052,0.49999999999999994,0.8660254037844387,0.0,0.0,0.0,0.0,0.0,0.0,0.6666666666666666,1.1547005383792517,2.0,2.0,0.7142857142857143,0.9511897312113419,5.0,2.0,0.7142857142857143,0.9511897312113419,5.0,2.0,0.7142857142857143,0.9511897312113419,5.0,2.0,0.7142857142857143,0.9511897312113419,5.0,2.0,0.7142857142857143,0.9511897312113419,5.0,2.0,2.0,0.0,0.0,407,0.35872235872235875,0.1891891891891892,0.31203931203931207,0.2457002457002457,0.09090909090909091,0.31695331695331697,42.411167512690355,5.8452088452088455
2022-01-12,0,0,0,0,0,0,0,0,0,0,0,0,2022,1,12,2,12,2,1,0,0,0,0.9749279121818236,-0.22252093395631434,0.2051044998686192,0.9787400799669153,0.23931566428755774,0.970941817426052,0.49999999999999994,0.8660254037844387,2.0,0.0,0.0,1.0,0.0,0.0,0.6666666666666666,1.1547005383792517,2.0,2.0,0.5714285714285714,0.9759000729485333,4.0,2.0,0.625,0.9161253813129043,5.0,2.0,0.625,0.9161253813129043,5.0,2.0,0.625,0.9161253813129043,5.0,2.0,0.625,0.9161253813129043,5.0,2.0,-2.0,-1.0,0.0,407,0.35872235872235875,0.1891891891891892,0.31203931203931207,0.2457002457002457,0.09090909090909091,0.31695331695331697,42.411167512690355,5.8452088452088455
2022-01-13,0,0,0,0,0,0,0,0,0,0,0,0,2022,1,13,3,13,2,1,0,0,0,0.43388373911755823,-0.900968867902419,0.2219215130041655,0.9750645322571948,0.23931566428755774,0.970941817426052,0.49999999999999994,0.8660254037844387,0.0,2.0,0.0,2.0,0.0,0.0,0.6666666666666666,1.1547005383792517,2.0,2.0,0.2857142857142857,0.7559289460184546,2.0,2.0,0.5555555555555556,0.8819171036881969,5.0,2.0,0.5555555555555556,0.8819171036881969,5.0,2.0,0.5555555555555556,0.8819171036881969,5.0,2.0,0.5555555555555556,0.8819171036881969,5.0,2.0,0.0,-2.0,0.0,407,0.35872235872235875,0.1891891891891892,0.31203931203931207,0.2457002457002457,0.09090909090909091,0.31695331695331697,42.411167512690355,5.8452088452088455
2022-01-14,0,0,0,0,0,0,0,0,0,0,0,0,2022,1,14,4,14,2,1,0,0,1,-0.433883739117558,-0.9009688679024191,0.2386727660059501,0.9711000518829505,0.23931566428755774,0.970941817426052,0.49999999999999994,0.8660254037844387,0.0,0.0,2.0,0.0,0.0,0.0,0.0,0.0,0.0,0.0,0.2857142857142857,0.7559289460184546,2.0,2.0,0.5,0.8498365855987975,5.0,2.0,0.5,0.8498365855987975,5.0,2.0,0.5,0.8498365855987975,5.0,2.0,0.5,0.8498365855987975,5.0,2.0,0.0,0.0,0.0,407,0.35872235872235875,0.1891891891891892,0.31203931203931207,0.2457002457002457,0.09090909090909091,0.31695331695331697,42.411167512690355,5.8452088452088455
2022-01-15,0,0,0,0,0,0,0,0,0,0,0,0,2022,1,15,5,15,2,1,1,0,0,-0.9749279121818236,-0.2225209339563146,0.255353295116187,0.9668478136052775,0.23931566428755774,0.970941817426052,0.49999999999999994,0.8660254037844387,0.0,0.0,0.0,0.0,0.0,0.0,0.0,0.0,0.0,0.0,0.2857142857142857,0.7559289460184546,2.0,2.0,0.45454545454545453,0.8201995322647244,5.0,2.0,0.45454545454545453,0.8201995322647244,5.0,2.0,0.45454545454545453,0.8201995322647244,5.0,2.0,0.45454545454545453,0.8201995322647244,5.0,2.0,0.0,0.0,0.0,407,0.35872235872235875,0.1891891891891892,0.31203931203931207,0.2457002457002457,0.09090909090909091,0.31695331695331697,42.411167512690355,5.8452088452088455
2022-01-16,0,0,0,0,0,0,0,0,0,0,0,0,2022,1,16,6,16,2,1,1,0,0,-0.7818314824680299,0.6234898018587334,0.2719581575341055,0.9623090774541486,0.23931566428755774,0.970941817426052,0.49999999999999994,0.8660254037844387,0.0,0.0,0.0,0.0,0.0,0.0,0.0,0.0,0.0,0.0,0.2857142857142857,0.7559289460184546,2.0,2.0,0.4166666666666667,0.7929614610987591,5.0,2.0,0.4166666666666667,0.7929614610987591,5.0,2.0,0.4166666666666667,0.7929614610987591,5.0,2.0,0.4166666666666667,0.7929614610987591,5.0,2.0,0.0,0.0,0.0,407,0.35872235872235875,0.1891891891891892,0.31203931203931207,0.2457002457002457,0.09090909090909091,0.31695331695331697,42.411167512690355,5.8452088452088455
2022-01-17,0,0,0,0,0,0,0,0,0,0,0,0,2022,1,17,0,17,3,1,0,1,0,0.0,1.0,0.288482432880609,0.9574851883550393,0.3546048870425356,0.9350162426854148,0.49999999999999994,0.8660254037844387,0.0,0.0,0.0,0.0,0.0,0.0,0.0,0.0,0.0,0.0,0.2857142857142857,0.7559289460184546,2.0,2.0,0.38461538461538464,0.7679476477883045,5.0,2.0,0.38461538461538464,0.7679476477883045,5.0,2.0,0.38461538461538464,0.7679476477883045,5.0,2.0,0.38461538461538464,0.7679476477883045,5.0,2.0,0.0,0.0,0.0,407,0.35872235872235875,0.1891891891891892,0.31203931203931207,0.2457002457002457,0.09090909090909091,0.31695331695331697,42.411167512690355,5.8452088452088455
2022-01-18,0,0,0,0,0,0,0,0,0,0,0,0,2022,1,18,1,18,3,1,0,0,0,0.7818314824680298,0.6234898018587336,0.30492122465628907,0.9523775757303974,0.3546048870425356,0.9350162426854148,0.49999999999999994,0.8660254037844387,0.0,0.0,0.0,2.0,0.0,0.0,0.0,0.0,0.0,0.0,0.0,0.0,0.0,0.0,0.35714285714285715,0.744946343668492,5.0,2.0,0.35714285714285715,0.744946343668492,5.0,2.0,0.35714285714285715,0.744946343668492,5.0,2.0,0.35714285714285715,0.744946343668492,5.0,2.0,0.0,-2.0,0.0,407,0.35872235872235875,0.1891891891891892,0.31203931203931207,0.2457002457002457,0.09090909090909091,0.31695331695331697,42.411167512690355,5.8452088452088455
2022-01-19,1,1,0,0,0,0,0,0,2,0,0,0,2022,1,19,2,19,3,1,0,0,0,0.9749279121818236,-0.22252093395631434,0.3212696616923644,0.9469877530760753,0.3546048870425356,0.9350162426854148,0.49999999999999994,0.8660254037844387,0.0,0.0,0.0,0.0,1.0,0.0,0.3333333333333333,0.5773502691896258,1.0,1.0,0.14285714285714285,0.37796447300922764,1.0,1.0,0.35714285714285715,0.744946343668492,5.0,2.0,0.4,0.7367883976130073,6.0,2.0,0.4,0.7367883976130073,6.0,2.0,0.4,0.7367883976130073,6.0,2.0,1.0,1.0,0.0,407,0.35872235872235875,0.1891891891891892,0.31203931203931207,0.2457002457002457,0.09090909090909091,0.31695331695331697,42.411167512690355,5.8452088452088455
2022-01-20,3,2,0,3,0,0,0,0,6,0,0,0,2022,1,20,3,20,3,1,0,0,0,0.43388373911755823,-0.900968867902419,0.3375228995941133,0.9413173175128471,0.3546048870425356,0.9350162426854148,0.49999999999999994,0.8660254037844387,1.0,0.0,0.0,0.0,2.0,0.0,1.3333333333333333,1.5275252316519465,4.0,3.0,0.5714285714285714,1.1338934190276817,4.0,3.0,0.42857142857142855,0.9376144618769909,6.0,3.0,0.5625,0.963932916061417,9.0,3.0,0.5625,0.963932916061417,9.0,3.0,0.5625,0.963932916061417,9.0,3.0,2.0,3.0,0.0,407,0.35872235872235875,0.1891891891891892,0.31203931203931207,0.2457002457002457,0.09090909090909091,0.31695331695331697,42.411167512690355,5.8452088452088455
2022-01-21,0,0,0,0,0,0,0,0,0,0,0,0,2022,1,21,4,21,3,1,0,0,1,-0.433883739117558,-0.9009688679024191,0.3536761221763716,0.9353679493131483,0.3546048870425356,0.9350162426854148,0.49999999999999994,0.8660254037844387,3.0,1.0,0.0,0.0,0.0,0.0,1.3333333333333333,1.5275252316519465,4.0,3.0,0.5714285714285714,1.1338934190276817,4.0,3.0,0.42857142857142855,0.9376144618769909,6.0,3.0,0.5294117647058824,0.9432422182837986,9.0,3.0,0.5294117647058824,0.9432422182837986,9.0,3.0,0.5294117647058824,0.9432422182837986,9.0,3.0,-3.0,0.0,0.0,407,0.35872235872235875,0.1891891891891892,0.31203931203931207,0.2457002457002457,0.09090909090909091,0.31695331695331697,42.411167512690355,5.8452088452088455
2022-01-22,0,0,0,0,0,0,0,0,0,0,0,0,2022,1,22,5,22,3,1,1,0,0,-0.9749279121818236,-0.2225209339563146,0.3697245428906731,0.9291414114031743,0.3546048870425356,0.9350162426854148,0.49999999999999994,0.8660254037844387,0.0,3.0,1.0,0.0,0.0,0.0,1.0,1.7320508075688772,3.0,3.0,0.5714285714285714,1.1338934190276817,4.0,3.0,0.42857142857142855,0.9376144618769909,6.0,3.0,0.5,0.9235481451827989,9.0,3.0,0.5,0.9235481451827989,9.0,3.0,0.5,0.9235481451827989,9.0,3.0,0.0,0.0,0.0,407,0.35872235872235875,0.1891891891891892,0.31203931203931207,0.2457002457002457,0.09090909090909091,0.31695331695331697,42.411167512690355,5.8452088452088455
2022-01-23,0,0,0,0,0,0,0,0,0,0,0,0,2022,1,23,6,23,3,1,1,0,0,-0.7818314824680299,0.6234898018587334,0.38566340624360707,0.9226395488404876,0.3546048870425356,0.9350162426854148,0.49999999999999994,0.8660254037844387,0.0,0.0,3.0,0.0,0.0,0.0,0.0,0.0,0.0,0.0,0.5714285714285714,1.1338934190276817,4.0,3.0,0.42857142857142855,0.9376144618769909,6.0,3.0,0.47368421052631576,0.9048278567177283,9.0,3.0,0.47368421052631576,0.9048278567177283,9.0,3.0,0.47368421052631576,0.9048278567177283,9.0,3.0,0.0,0.0,0.0,407,0.35872235872235875,0.1891891891891892,0.31203931203931207,0.2457002457002457,0.09090909090909091,0.31695331695331697,42.411167512690355,5.8452088452088455
2022-01-24,0,0,0,0,0,0,0,0,0,0,0,0,2022,1,24,0,24,4,1,0,1,0,0.0,1.0,0.401487989205973,0.9158642882672872,0.4647231720437685,0.8854560256532099,0.49999999999999994,0.8660254037844387,0.0,0.0,0.0,0.0,0.0,0.0,0.0,0.0,0.0,0.0,0.5714285714285714,1.1338934190276817,4.0,3.0,0.42857142857142855,0.9376144618769909,6.0,3.0,0.45,0.8870412083230169,9.0,3.0,0.45,0.8870412083230169,9.0,3.0,0.45,0.8870412083230169,9.0,3.0,0.0,0.0,0.0,407,0.35872235872235875,0.1891891891891892,0.31203931203931207,0.2457002457002457,0.09090909090909091,0.31695331695331697,42.411167512690355,5.8452088452088455
2022-01-25,0,0,0,0,0,0,0,0,0,0,0,0,2022,1,25,1,25,4,1,0,0,0,0.7818314824680298,0.6234898018587336,0.4171936026123168,0.9088176373395029,0.4647231720437685,0.8854560256532099,0.49999999999999994,0.8660254037844387,0.0,0.0,0.0,0.0,2.0,0.0,0.0,0.0,0.0,0.0,0.5714285714285714,1.1338934190276817,4.0,3.0,0.2857142857142857,0.825420305855557,4.0,3.0,0.42857142857142855,0.8701395618766321,9.0,3.0,0.42857142857142855,0.8701395618766321,9.0,3.0,0.42857142857142855,0.8701395618766321,9.0,3.0,0.0,0.0,0.0,407,0.35872235872235875,0.1891891891891892,0.31203931203931207,0.2457002457002457,0.09090909090909091,0.31695331695331697,42.411167512690355,5.8452088452088455
2022-01-26,1,0,0,0,0,0,0,0,2,0,0,0,2022,1,26,2,26,4,1,0,0,0,0.9749279121818236,-0.22252093395631434,0.4327755925504312,0.901501684131884,0.4647231720437685,0.8854560256532099,0.49999999999999994,0.8660254037844387,0.0,0.0,0.0,1.0,0.0,0.0,0.3333333333333333,0.5773502691896254,1.0,1.0,0.5714285714285714,1.1338934190276817,4.0,3.0,0.35714285714285715,0.8418973861410954,5.0,3.0,0.45454545454545453,0.8578640544577771,10.0,3.0,0.45454545454545453,0.8578640544577771,10.0,3.0,0.45454545454545453,0.8578640544577771,10.0,3.0,1.0,0.0,0.0,407,0.35872235872235875,0.1891891891891892,0.31203931203931207,0.2457002457002457,0.09090909090909091,0.31695331695331697,42.411167512690355,5.8452088452088455
2022-01-27,0,0,0,0,0,0,0,0,0,0,0,0,2022,1,27,3,27,4,1,0,0,0,0.43388373911755823,-0.900968867902419,0.4482293417404106,0.893918596519257,0.4647231720437685,0.8854560256532099,0.49999999999999994,0.8660254037844387,1.0,0.0,0.0,3.0,0.0,0.0,0.3333333333333333,0.5773502691896254,1.0,1.0,0.14285714285714285,0.37796447300922753,1.0,1.0,0.35714285714285715,0.8418973861410954,5.0,3.0,0.43478260869565216,0.8434823356732999,10.0,3.0,0.43478260869565216,0.8434823356732999,10.0,3.0,0.43478260869565216,0.8434823356732999,10.0,3.0,-1.0,-3.0,0.0,407,0.35872235872235875,0.1891891891891892,0.31203931203931207,0.2457002457002457,0.09090909090909091,0.31695331695331697,42.411167512690355,5.8452088452088455
2022-01-28,0,0,0,0,0,0,0,0,0,0,0,0,2022,1,28,4,28,4,1,0,0,1,-0.433883739117558,-0.9009688679024191,0.4635502709028509,0.886070621534138,0.4647231720437685,0.8854560256532099,0.49999999999999994,0.8660254037844387,0.0,1.0,0.0,0.0,0.0,0.0,0.3333333333333333,0.5773502691896254,1.0,1.0,0.14285714285714285,0.37796447300922753,1.0,1.0,0.35714285714285715,0.8418973861410954,5.0,3.0,0.4166666666666667,0.8297022339981069,10.0,3.0,0.4166666666666667,0.8297022339981069,10.0,3.0,0.4166666666666667,0.8297022339981069,10.0,3.0,0.0,0.0,0.0,407,0.35872235872235875,0.1891891891891892,0.31203931203931207,0.2457002457002457,0.09090909090909091,0.31695331695331697,42.411167512690355,5.8452088452088455
2022-01-29,0,0,0,0,0,0,0,0,0,0,0,0,2022,1,29,5,29,4,1,1,0,0,-0.9749279121818236,-0.2225209339563146,0.47873384011578846,0.8779600847008882,0.4647231720437685,0.8854560256532099,0.49999999999999994,0.8660254037844387,0.0,0.0,1.0,0.0,0.0,0.0,0.0,0.0,0.0,0.0,0.14285714285714285,0.37796447300922753,1.0,1.0,0.35714285714285715,0.8418973861410954,5.0,3.0,0.4,0.816496580927726,10.0,3.0,0.4,0.816496580927726,10.0,3.0,0.4,0.816496580927726,10.0,3.0,0.0,0.0,0.0,407,0.35872235872235875,0.1891891891891892,0.31203931203931207,0.2457002457002457,0.09090909090909091,0.31695331695331697,42.411167512690355,5.8452088452088455
2022-01-30,0,0,0,0,0,0,0,0,0,0,0,0,2022,1,30,6,30,4,1,1,0,0,-0.7818314824680299,0.6234898018587334,0.49377555015997715,0.869589389346611,0.4647231720437685,0.8854560256532099,0.49999999999999994,0.8660254037844387,0.0,0.0,0.0,0.0,0.0,0.0,0.0,0.0,0.0,0.0,0.14285714285714285,0.37796447300922753,1.0,1.0,0.35714285714285715,0.8418973861410954,5.0,3.0,0.38461538461538464,0.8038369524685003,10.0,3.0,0.38461538461538464,0.8038369524685003,10.0,3.0,0.38461538461538464,0.8038369524685003,10.0,3.0,0.0,0.0,0.0,407,0.35872235872235875,0.1891891891891892,0.31203931203931207,0.2457002457002457,0.09090909090909091,0.31695331695331697,42.411167512690355,5.8452088452088455
2022-01-31,0,0,0,0,0,0,0,0,0,0,0,0,2022,1,31,0,31,5,1,0,1,0,0.0,1.0,0.5086709438521044,0.8609610158889943,0.5680647467311558,0.8229838658936564,0.49999999999999994,0.8660254037844387,0.0,0.0,0.0,0.0,0.0,0.0,0.0,0.0,0.0,0.0,0.14285714285714285,0.37796447300922753,1.0,1.0,0.35714285714285715,0.8418973861410954,5.0,3.0,0.37037037037037035,0.7916947813271392,10.0,3.0,0.37037037037037035,0.7916947813271392,10.0,3.0,0.37037037037037035,0.7916947813271392,10.0,3.0,0.0,0.0,0.0,407,0.35872235872235875,0.1891891891891892,0.31203931203931207,0.2457002457002457,0.09090909090909091,0.31695331695331697,42.411167512690355,5.8452088452088455
2022-02-01,1,0,0,0,0,0,0,0,2,0,0,1,2022,2,1,1,32,5,1,0,0,0,0.7818314824680298,0.6234898018587336,0.5234156073655503,0.8520775211013093,0.5680647467311558,0.8229838658936564,0.8660254037844386,0.5000000000000001,0.0,0.0,0.0,0.0,0.0,0.0,0.3333333333333333,0.5773502691896254,1.0,1.0,0.2857142857142857,0.4879500364742668,2.0,1.0,0.42857142857142855,0.8516306272526403,6.0,3.0,0.39285714285714285,0.7859547491585427,11.0,3.0,0.39285714285714285,0.7859547491585427,11.0,3.0,0.39285714285714285,0.7859547491585427,11.0,3.0,1.0,1.0,0.0,407,0.35872235872235875,0.1891891891891892,0.31203931203931207,0.2457002457002457,0.09090909090909091,0.31695331695331697,42.411167512690355,5.8452088452088455
2022-02-02,0,0,0,0,0,0,0,0,0,0,0,0,2022,2,2,2,33,5,1,0,0,0,0.9749279121818236,-0.22252093395631434,0.5380051715382996,0.8429415373547828,0.5680647467311558,0.8229838658936564,0.8660254037844386,0.5000000000000001,1.0,0.0,0.0,1.0,1.0,1.0,0.3333333333333333,0.5773502691896254,1.0,1.0,0.14285714285714285,0.37796447300922753,1.0,1.0,0.35714285714285715,0.8418973861410954,5.0,3.0,0.35714285714285715,0.7800420555749596,10.0,3.0,0.3793103448275862,0.7752323662456805,11.0,3.0,0.3793103448275862,0.7752323662456805,11.0,3.0,-1.0,-1.0,-1.0,407,0.35872235872235875,0.1891891891891892,0.31203931203931207,0.2457002457002457,0.09090909090909091,0.31695331695331697,42.411167512690355,5.8452088452088455
2022-02-03,0,0,0,0,0,0,0,0,0,0,0,0,2022,2,3,3,34,5,1,0,0,0,0.43388373911755823,-0.900968867902419,0.5524353131676196,0.8335557718385699,0.5680647467311558,0.8229838658936564,0.8660254037844386,0.5000000000000001,0.0,1.0,0.0,0.0,3.0,2.0,0.3333333333333333,0.5773502691896254,1.0,1.0,0.14285714285714285,0.37796447300922753,1.0,1.0,0.14285714285714285,0.36313651960128157,2.0,1.0,0.2857142857142857,0.7126966450997982,8.0,3.0,0.36666666666666664,0.7648904962570575,11.0,3.0,0.36666666666666664,0.7648904962570575,11.0,3.0,0.0,0.0,-2.0,407,0.35872235872235875,0.1891891891891892,0.31203931203931207,0.2457002457002457,0.09090909090909091,0.31695331695331697,42.411167512690355,5.8452088452088455
2022-02-04,0,0,0,0,0,0,0,0,0,0,0,0,2022,2,4,4,35,5,1,0,0,1,-0.433883739117558,-0.9009688679024191,0.5667017562911176,0.8239230057575542,0.5680647467311558,0.8229838658936564,0.8660254037844386,0.5000000000000001,0.0,0.0,1.0,0.0,0.0,0.0,0.0,0.0,0.0,0.0,0.14285714285714285,0.37796447300922753,1.0,1.0,0.14285714285714285,0.36313651960128157,2.0,1.0,0.2857142857142857,0.7126966450997982,8.0,3.0,0.3548387096774194,0.7549122287513161,11.0,3.0,0.3548387096774194,0.7549122287513161,11.0,3.0,0.0,0.0,0.0,407,0.35872235872235875,0.1891891891891892,0.31203931203931207,0.2457002457002457,0.09090909090909091,0.31695331695331697,42.411167512690355,5.8452088452088455
2022-02-05,0,0,0,0,0,0,0,0,0,0,0,0,2022,2,5,5,36,5,1,1,0,0,-0.9749279121818236,-0.2225209339563146,0.5808002734538009,0.8140460935082178,0.5680647467311558,0.8229838658936564,0.8660254037844386,0.5000000000000001,0.0,0.0,0.0,0.0,0.0,0.0,0.0,0.0,0.0,0.0,0.14285714285714285,0.37796447300922753,1.0,1.0,0.14285714285714285,0.36313651960128157,2.0,1.0,0.2857142857142857,0.7126966450997982,8.0,3.0,0.34375,0.745280852019624,11.0,3.0,0.34375,0.745280852019624,11.0,3.0,0.0,0.0,0.0,407,0.35872235872235875,0.1891891891891892,0.31203931203931207,0.2457002457002457,0.09090909090909091,0.31695331695331697,42.411167512690355,5.8452088452088455
2022-02-06,0,0,0,0,0,0,0,0,0,0,0,0,2022,2,6,6,37,5,1,1,0,0,-0.7818314824680299,0.6234898018587334,0.5947266869607634,0.8039279618328213,0.5680647467311558,0.8229838658936564,0.8660254037844386,0.5000000000000001,0.0,0.0,0.0,0.0,0.0,0.0,0.0,0.0,0.0,0.0,0.14285714285714285,0.37796447300922753,1.0,1.0,0.14285714285714285,0.36313651960128157,2.0,1.0,0.2857142857142857,0.7126966450997982,8.0,3.0,0.3333333333333333,0.7359800721939871,11.0,3.0,0.3333333333333333,0.7359800721939871,11.0,3.0,0.0,0.0,0.0,407,0.35872235872235875,0.1891891891891892,0.31203931203931207,0.2457002457002457,0.09090909090909091,0.31695331695331697,42.411167512690355,5.8452088452088455
2022-02-07,0,0,0,0,0,0,0,0,0,0,0,0,2022,2,7,0,38,6,1,0,1,0,0.0,1.0,0.6084768701151261,0.7935716089521474,0.6631226582407952,0.7485107481711011,0.8660254037844386,0.5000000000000001,0.0,0.0,0.0,0.0,0.0,0.0,0.0,0.0,0.0,0.0,0.14285714285714285,0.37796447300922753,1.0,1.0,0.14285714285714285,0.36313651960128157,2.0,1.0,0.2857142857142857,0.7126966450997982,8.0,3.0,0.3235294117647059,0.7269941534212874,11.0,3.0,0.3235294117647059,0.7269941534212874,11.0,3.0,0.0,0.0,0.0,407,0.35872235872235875,0.1891891891891892,0.31203931203931207,0.2457002457002457,0.09090909090909091,0.31695331695331697,42.411167512690355,5.8452088452088455
2022-02-08,1,1,0,1,0,0,0,0,2,0,0,1,2022,2,8,1,39,6,1,0,0,0,0.7818314824680298,0.6234898018587336,0.6220467484408675,0.7829801036770629,0.6631226582407952,0.7485107481711011,0.8660254037844386,0.5000000000000001,0.0,0.0,0.0,1.0,0.0,2.0,0.3333333333333333,0.5773502691896254,1.0,1.0,0.14285714285714285,0.37796447300922753,1.0,1.0,0.21428571428571427,0.4258153136263202,3.0,1.0,0.25,0.6454972243679027,7.0,3.0,0.34285714285714286,0.7252933338781401,12.0,3.0,0.34285714285714286,0.7252933338781401,12.0,3.0,1.0,0.0,-1.0,407,0.35872235872235875,0.1891891891891892,0.31203931203931207,0.2457002457002457,0.09090909090909091,0.31695331695331697,42.411167512690355,5.8452088452088455
2022-02-09,2,0,1,1,0,0,0,0,4,0,0,1,2022,2,9,2,40,6,1,0,0,0,0.9749279121818236,-0.22252093395631434,0.6354323008901774,0.7721565844991642,0.6631226582407952,0.7485107481711011,0.8660254037844386,0.5000000000000001,1.0,0.0,0.0,0.0,1.0,0.0,1.0,0.9999999999999998,3.0,2.0,0.42857142857142855,0.7867957924694432,3.0,2.0,0.2857142857142857,0.6112498455021267,4.0,2.0,0.32142857142857145,0.722832465019919,9.0,3.0,0.3888888888888889,0.7663560447348133,14.0,3.0,0.3888888888888889,0.7663560447348133,14.0,3.0,1.0,2.0,2.0,407,0.35872235872235875,0.1891891891891892,0.31203931203931207,0.2457002457002457,0.09090909090909091,0.31695331695331697,42.411167512690355,5.8452088452088455
2022-02-10,0,0,0,0,0,0,0,0,0,0,0,0,2022,2,10,3,41,6,1,0,0,0,0.43388373911755823,-0.900968867902419,0.6486295610349814,0.7611042586607747,0.6631226582407952,0.7485107481711011,0.8660254037844386,0.5000000000000001,2.0,1.0,0.0,0.0,0.0,0.0,1.0,0.9999999999999998,3.0,2.0,0.42857142857142855,0.7867957924694432,3.0,2.0,0.2857142857142857,0.6112498455021267,4.0,2.0,0.32142857142857145,0.722832465019919,9.0,3.0,0.3783783783783784,0.7583370458279584,14.0,3.0,0.3783783783783784,0.7583370458279584,14.0,3.0,-2.0,0.0,0.0,407,0.35872235872235875,0.1891891891891892,0.31203931203931207,0.2457002457002457,0.09090909090909091,0.31695331695331697,42.411167512690355,5.8452088452088455
2022-02-11,0,0,0,0,0,0,0,0,0,0,0,0,2022,2,11,4,42,6,1,0,0,1,-0.433883739117558,-0.9009688679024191,0.6616346182422783,0.7498264012045686,0.6631226582407952,0.7485107481711011,0.8660254037844386,0.5000000000000001,0.0,2.0,1.0,0.0,0.0,0.0,0.6666666666666666,1.1547005383792515,2.0,2.0,0.42857142857142855,0.7867957924694432,3.0,2.0,0.2857142857142857,0.6112498455021267,4.0,2.0,0.32142857142857145,0.722832465019919,9.0,3.0,0.3684210526315789,0.7505332386027355,14.0,3.0,0.3684210526315789,0.7505332386027355,14.0,3.0,0.0,0.0,0.0,407,0.35872235872235875,0.1891891891891892,0.31203931203931207,0.2457002457002457,0.09090909090909091,0.31695331695331697,42.411167512690355,5.8452088452088455
2022-02-12,0,0,0,0,0,0,0,0,0,0,0,0,2022,2,12,5,43,6,1,1,0,0,-0.9749279121818236,-0.2225209339563146,0.6744436188329455,0.7383263540031065,0.6631226582407952,0.7485107481711011,0.8660254037844386,0.5000000000000001,0.0,0.0,2.0,0.0,0.0,0.0,0.0,0.0,0.0,0.0,0.42857142857142855,0.7867957924694432,3.0,2.0,0.2857142857142857,0.6112498455021267,4.0,2.0,0.32142857142857145,0.722832465019919,9.0,3.0,0.358974358974359,0.7429379618209786,14.0,3.0,0.358974358974359,0.7429379618209786,14.0,3.0,0.0,0.0,0.0,407,0.35872235872235875,0.1891891891891892,0.31203931203931207,0.2457002457002457,0.09090909090909091,0.31695331695331697,42.411167512690355,5.8452088452088455
2022-02-13,0,0,0,0,0,0,0,0,0,0,0,0,2022,2,13,6,44,6,1,1,0,0,-0.7818314824680299,0.6234898018587334,0.6870527672236669,0.7266075247685656,0.6631226582407952,0.7485107481711011,0.8660254037844386,0.5000000000000001,0.0,0.0,0.0,0.0,0.0,0.0,0.0,0.0,0.0,0.0,0.42857142857142855,0.7867957924694432,3.0,2.0,0.2857142857142857,0.6112498455021267,4.0,2.0,0.32142857142857145,0.722832465019919,9.0,3.0,0.35,0.7355444521071729,14.0,3.0,0.35,0.7355444521071729,14.0,3.0,0.0,0.0,0.0,407,0.35872235872235875,0.1891891891891892,0.31203931203931207,0.2457002457002457,0.09090909090909091,0.31695331695331697,42.411167512690355,5.8452088452088455
2022-02-14,0,0,0,0,0,0,0,0,0,0,0,0,2022,2,14,0,45,7,1,0,1,0,0.0,1.0,0.699458327051647,0.7146733860429609,0.7485107481711011,0.6631226582407953,0.8660254037844386,0.5000000000000001,0.0,0.0,0.0,0.0,0.0,0.0,0.0,0.0,0.0,0.0,0.42857142857142855,0.7867957924694432,3.0,2.0,0.2857142857142857,0.6112498455021267,4.0,2.0,0.32142857142857145,0.722832465019919,9.0,3.0,0.34146341463414637,0.7283459376409323,14.0,3.0,0.34146341463414637,0.7283459376409323,14.0,3.0,0.0,0.0,0.0,407,0.35872235872235875,0.1891891891891892,0.31203931203931207,0.2457002457002457,0.09090909090909091,0.31695331695331697,42.411167512690355,5.8452088452088455
2022-02-15,0,0,0,0,0,0,0,0,0,0,0,0,2022,2,15,1,46,7,1,0,0,0,0.7818314824680298,0.6234898018587336,0.7116566222817746,0.7025274741691571,0.7485107481711011,0.6631226582407953,0.8660254037844386,0.5000000000000001,0.0,0.0,0.0,1.0,1.0,0.0,0.0,0.0,0.0,0.0,0.2857142857142857,0.7559289460184546,2.0,2.0,0.21428571428571427,0.5789342235218395,3.0,2.0,0.32142857142857145,0.722832465019919,9.0,3.0,0.3333333333333333,0.7213357077339458,14.0,3.0,0.3333333333333333,0.7213357077339458,14.0,3.0,0.0,-1.0,0.0,407,0.35872235872235875,0.1891891891891892,0.31203931203931207,0.2457002457002457,0.09090909090909091,0.31695331695331697,42.411167512690355,5.8452088452088455
2022-02-16,0,0,0,0,0,0,0,0,0,0,0,0,2022,2,16,2,47,7,1,0,0,0,0.9749279121818236,-0.22252093395631434,0.7236440382959124,0.6901733882429719,0.7485107481711011,0.6631226582407953,0.8660254037844386,0.5000000000000001,0.0,0.0,0.0,2.0,0.0,1.0,0.0,0.0,0.0,0.0,0.0,0.0,0.0,0.0,0.21428571428571427,0.5789342235218395,3.0,2.0,0.2857142857142857,0.7126966450997982,8.0,3.0,0.32558139534883723,0.7145071639001763,14.0,3.0,0.32558139534883723,0.7145071639001763,14.0,3.0,0.0,-2.0,-1.0,407,0.35872235872235875,0.1891891891891892,0.31203931203931207,0.2457002457002457,0.09090909090909091,0.31695331695331697,42.411167512690355,5.8452088452088455
2022-02-17,0,0,0,0,0,0,0,0,0,0,0,0,2022,2,17,3,48,7,1,0,0,0,0.43388373911755823,-0.900968867902419,0.7354170229639855,0.6776147890466889,0.7485107481711011,0.6631226582407953,0.8660254037844386,0.5000000000000001,0.0,0.0,0.0,0.0,0.0,3.0,0.0,0.0,0.0,0.0,0.0,0.0,0.0,0.0,0.21428571428571427,0.5789342235218395,3.0,2.0,0.17857142857142858,0.4755948656056708,5.0,2.0,0.3181818181818182,0.7078538567052038,14.0,3.0,0.3181818181818182,0.7078538567052038,14.0,3.0,0.0,0.0,-3.0,407,0.35872235872235875,0.1891891891891892,0.31203931203931207,0.2457002457002457,0.09090909090909091,0.31695331695331697,42.411167512690355,5.8452088452088455
2022-02-18,0,0,0,0,0,0,0,0,0,0,0,0,2022,2,18,4,49,7,1,0,0,1,-0.433883739117558,-0.9009688679024191,0.7469720876965552,0.6648553979642865,0.7485107481711011,0.6631226582407953,0.8660254037844386,0.5000000000000001,0.0,0.0,0.0,0.0,0.0,0.0,0.0,0.0,0.0,0.0,0.0,0.0,0.0,0.0,0.21428571428571427,0.5789342235218395,3.0,2.0,0.17857142857142858,0.4755948656056708,5.0,2.0,0.3111111111111111,0.701369511683529,14.0,3.0,0.3111111111111111,0.701369511683529,14.0,3.0,0.0,0.0,0.0,407,0.35872235872235875,0.1891891891891892,0.31203931203931207,0.2457002457002457,0.09090909090909091,0.31695331695331697,42.411167512690355,5.8452088452088455
2022-02-19,1,0,1,0,0,0,0,0,2,0,0,1,2022,2,19,5,50,7,1,1,0,0,-0.9749279121818236,-0.2225209339563146,0.7583058084785624,0.6518989958787126,0.7485107481711011,0.6631226582407953,0.8660254037844386,0.5000000000000001,0.0,0.0,0.0,0.0,0.0,0.0,0.3333333333333333,0.5773502691896255,1.0,1.0,0.14285714285714285,0.3779644730092277,1.0,1.0,0.2857142857142857,0.6112498455021267,4.0,2.0,0.21428571428571427,0.49867549436206365,6.0,2.0,0.32608695652173914,0.7009310578267216,15.0,3.0,0.32608695652173914,0.7009310578267216,15.0,3.0,1.0,1.0,1.0,407,0.35872235872235875,0.1891891891891892,0.31203931203931207,0.2457002457002457,0.09090909090909091,0.31695331695331697,42.411167512690355,5.8452088452088455
2022-02-20,0,0,0,0,0,0,0,0,0,0,0,0,2022,2,20,6,51,7,1,1,0,0,-0.7818314824680299,0.6234898018587334,0.7694148268839378,0.6387494220515272,0.7485107481711011,0.6631226582407953,0.8660254037844386,0.5000000000000001,1.0,0.0,0.0,0.0,0.0,0.0,0.3333333333333333,0.5773502691896255,1.0,1.0,0.14285714285714285,0.37796447300922775,1.0,1.0,0.2857142857142857,0.6112498455021267,4.0,2.0,0.21428571428571427,0.49867549436206365,6.0,2.0,0.3191489361702128,0.6949001485582191,15.0,3.0,0.3191489361702128,0.6949001485582191,15.0,3.0,-1.0,0.0,0.0,407,0.35872235872235875,0.1891891891891892,0.31203931203931207,0.2457002457002457,0.09090909090909091,0.31695331695331697,42.411167512690355,5.8452088452088455
2022-02-21,0,0,0,0,0,0,0,0,0,0,0,0,2022,2,21,0,52,8,1,0,1,0,0.0,1.0,0.7802958510707755,0.6254105729852463,0.8229838658936564,0.5680647467311559,0.8660254037844386,0.5000000000000001,0.0,1.0,0.0,0.0,0.0,0.0,0.3333333333333333,0.5773502691896255,1.0,1.0,0.14285714285714285,0.37796447300922775,1.0,1.0,0.2857142857142857,0.6112498455021267,4.0,2.0,0.21428571428571427,0.49867549436206365,6.0,2.0,0.3125,0.6890094647776557,15.0,3.0,0.3125,0.6890094647776557,15.0,3.0,0.0,0.0,0.0,407,0.35872235872235875,0.1891891891891892,0.31203931203931207,0.2457002457002457,0.09090909090909091,0.31695331695331697,42.411167512690355,5.8452088452088455
2022-02-22,0,0,0,0,0,0,0,0,0,0,0,0,2022,2,22,1,53,8,1,0,0,0,0.7818314824680298,0.6234898018587336,0.7909456567567772,0.6118864012687243,0.8229838658936564,0.5680647467311559,0.8660254037844386,0.5000000000000001,0.0,0.0,1.0,0.0,1.0,0.0,0.0,0.0,0.0,0.0,0.14285714285714285,0.37796447300922775,1.0,1.0,0.21428571428571427,0.5789342235218395,3.0,2.0,0.21428571428571427,0.49867549436206365,6.0,2.0,0.30612244897959184,0.6832545167753211,15.0,3.0,0.30612244897959184,0.6832545167753211,15.0,3.0,0.0,0.0,0.0,407,0.35872235872235875,0.1891891891891892,0.31203931203931207,0.2457002457002457,0.09090909090909091,0.31695331695331697,42.411167512690355,5.8452088452088455
2022-02-23,0,0,0,0,0,0,0,0,0,0,0,0,2022,2,23,2,54,8,1,0,0,0,0.9749279121818236,-0.22252093395631434,0.8013610881746766,0.5981809144059165,0.8229838658936564,0.5680647467311559,0.8660254037844386,0.5000000000000001,0.0,0.0,0.0,0.0,2.0,1.0,0.0,0.0,0.0,0.0,0.14285714285714285,0.37796447300922775,1.0,1.0,0.07142857142857142,0.2672612419124245,1.0,1.0,0.17857142857142858,0.4755948656056708,5.0,2.0,0.3,0.6776309271789385,15.0,3.0,0.3,0.6776309271789385,15.0,3.0,0.0,0.0,-1.0,407,0.35872235872235875,0.1891891891891892,0.31203931203931207,0.2457002457002457,0.09090909090909091,0.31695331695331697,42.411167512690355,5.8452088452088455
2022-02-24,0,0,0,0,0,0,0,0,0,0,0,0,2022,2,24,3,55,8,1,0,0,0,0.43388373911755823,-0.900968867902419,0.8115390590073611,0.5842981736283684,0.8229838658936564,0.5680647467311559,0.8660254037844386,0.5000000000000001,0.0,0.0,0.0,0.0,0.0,0.0,0.0,0.0,0.0,0.0,0.14285714285714285,0.37796447300922775,1.0,1.0,0.07142857142857142,0.2672612419124245,1.0,1.0,0.17857142857142858,0.4755948656056708,5.0,2.0,0.29411764705882354,0.6721344403334447,15.0,3.0,0.29411764705882354,0.6721344403334447,15.0,3.0,0.0,0.0,0.0,407,0.35872235872235875,0.1891891891891892,0.31203931203931207,0.2457002457002457,0.09090909090909091,0.31695331695331697,42.411167512690355,5.8452088452088455
2022-02-25,1,0,0,0,0,0,0,0,2,0,0,0,2022,2,25,4,56,8,1,0,0,1,-0.433883739117558,-0.9009688679024191,0.8214765533024142,0.5702422926917871,0.8229838658936564,0.5680647467311559,0.8660254037844386,0.5000000000000001,0.0,0.0,0.0,0.0,0.0,0.0,0.3333333333333333,0.5773502691896255,1.0,1.0,0.2857142857142857,0.4879500364742669,2.0,1.0,0.14285714285714285,0.36313651960128157,2.0,1.0,0.21428571428571427,0.49867549436206365,6.0,2.0,0.3076923076923077,0.6726727939963125,16.0,3.0,0.3076923076923077,0.6726727939963125,16.0,3.0,1.0,1.0,1.0,407,0.35872235872235875,0.1891891891891892,0.31203931203931207,0.2457002457002457,0.09090909090909091,0.31695331695331697,42.411167512690355,5.8452088452088455
2022-02-26,0,0,0,0,0,0,0,0,0,0,0,0,2022,2,26,5,57,8,1,1,0,0,-0.9749279121818236,-0.2225209339563146,0.8311706263658079,0.5560174366570446,0.8229838658936564,0.5680647467311559,0.8660254037844386,0.5000000000000001,1.0,0.0,0.0,1.0,0.0,0.0,0.3333333333333333,0.5773502691896255,1.0,1.0,0.14285714285714285,0.3779644730092277,1.0,1.0,0.14285714285714285,0.36313651960128157,2.0,1.0,0.21428571428571427,0.49867549436206365,6.0,2.0,0.3018867924528302,0.6675127673909305,16.0,3.0,0.3018867924528302,0.6675127673909305,16.0,3.0,-1.0,-1.0,0.0,407,0.35872235872235875,0.1891891891891892,0.31203931203931207,0.2457002457002457,0.09090909090909091,0.31695331695331697,42.411167512690355,5.8452088452088455
2022-02-27,0,0,0,0,0,0,0,0,0,0,0,0,2022,2,27,6,58,8,1,1,0,0,-0.7818314824680299,0.6234898018587334,0.8406184056344782,0.5416278206559814,0.8229838658936564,0.5680647467311559,0.8660254037844386,0.5000000000000001,0.0,1.0,0.0,0.0,0.0,0.0,0.3333333333333333,0.5773502691896255,1.0,1.0,0.14285714285714285,0.3779644730092277,1.0,1.0,0.14285714285714285,0.36313651960128157,2.0,1.0,0.21428571428571427,0.49867549436206365,6.0,2.0,0.2962962962962963,0.6624605258337364,16.0,3.0,0.2962962962962963,0.6624605258337364,16.0,3.0,0.0,0.0,0.0,407,0.35872235872235875,0.1891891891891892,0.31203931203931207,0.2457002457002457,0.09090909090909091,0.31695331695331697,42.411167512690355,5.8452088452088455
2022-02-28,0,0,0,0,0,0,0,0,0,0,0,0,2022,2,28,0,59,9,1,0,1,0,0.0,1.0,0.8498170915275278,0.5270777086423722,0.8854560256532099,0.4647231720437686,0.8660254037844386,0.5000000000000001,0.0,0.0,1.0,0.0,0.0,0.0,0.0,0.0,0.0,0.0,0.14285714285714285,0.3779644730092277,1.0,1.0,0.14285714285714285,0.36313651960128157,2.0,1.0,0.21428571428571427,0.49867549436206365,6.0,2.0,0.2909090909090909,0.6575129141874191,16.0,3.0,0.2909090909090909,0.6575129141874191,16.0,3.0,0.0,0.0,0.0,407,0.35872235872235875,0.1891891891891892,0.31203931203931207,0.2457002457002457,0.09090909090909091,0.31695331695331697,42.411167512690355,5.8452088452088455
2022-03-01,0,0,0,0,0,0,0,0,0,0,0,0,2022,3,1,1,60,9,1,0,0,0,0.7818314824680298,0.6234898018587336,0.8587639582758029,0.5123714121284237,0.8854560256532099,0.4647231720437686,1.0,6.123233995736766e-17,0.0,0.0,0.0,0.0,0.0,1.0,0.0,0.0,0.0,0.0,0.14285714285714285,0.3779644730092277,1.0,1.0,0.14285714285714285,0.36313651960128157,2.0,1.0,0.17857142857142858,0.4755948656056708,5.0,2.0,0.2857142857142857,0.6526668568067678,16.0,3.0,0.2857142857142857,0.6526668568067678,16.0,3.0,0.0,0.0,-1.0,407,0.35872235872235875,0.1891891891891892,0.31203931203931207,0.2457002457002457,0.09090909090909091,0.31695331695331697,42.411167512690355,5.8452088452088455
2022-03-02,0,0,0,0,0,0,0,0,0,0,0,0,2022,3,2,2,61,9,1,0,0,0,0.9749279121818236,-0.22252093395631434,0.8674563547295969,0.49751328890718066,0.8854560256532099,0.4647231720437686,1.0,6.123233995736766e-17,0.0,0.0,0.0,0.0,0.0,0.0,0.0,0.0,0.0,0.0,0.14285714285714285,0.3779644730092277,1.0,1.0,0.14285714285714285,0.36313651960128157,2.0,1.0,0.17857142857142858,0.4755948656056708,5.0,2.0,0.26785714285714285,0.646418705528501,15.0,3.0,0.2807017543859649,0.6479193612995889,16.0,3.0,0.0,0.0,0.0,407,0.35872235872235875,0.1891891891891892,0.31203931203931207,0.2457002457002457,0.09090909090909091,0.31695331695331697,42.411167512690355,5.8452088452088455
2022-03-03,0,0,0,0,0,0,0,0,0,0,0,0,2022,3,3,3,62,9,1,0,0,0,0.43388373911755823,-0.900968867902419,0.8758917051442429,0.48250774176121847,0.8854560256532099,0.4647231720437686,1.0,6.123233995736766e-17,0.0,0.0,0.0,0.0,0.0,0.0,0.0,0.0,0.0,0.0,0.14285714285714285,0.3779644730092277,1.0,1.0,0.14285714285714285,0.36313651960128157,2.0,1.0,0.17857142857142858,0.4755948656056708,5.0,2.0,0.23214285714285715,0.6027534224802779,13.0,3.0,0.27586206896551724,0.643267520902677,16.0,3.0,0.0,0.0,0.0,407,0.35872235872235875,0.1891891891891892,0.31203931203931207,0.2457002457002457,0.09090909090909091,0.31695331695331697,42.411167512690355,5.8452088452088455
2022-03-04,2,2,0,2,0,0,0,0,4,0,0,0,2022,3,4,4,63,9,1,0,0,1,-0.433883739117558,-0.9009688679024191,0.8840675099433636,0.4673592171580022,0.8854560256532099,0.4647231720437686,1.0,6.123233995736766e-17,0.0,0.0,0.0,1.0,0.0,0.0,0.6666666666666666,1.1547005383792515,2.0,2.0,0.2857142857142857,0.7559289460184546,2.0,2.0,0.2857142857142857,0.6112498455021267,4.0,2.0,0.25,0.5853140973807076,7.0,2.0,0.26785714285714285,0.646418705528501,15.0,3.0,0.3050847457627119,0.6760493067137366,18.0,3.0,2.0,1.0,2.0,407,0.35872235872235875,0.1891891891891892,0.31203931203931207,0.2457002457002457,0.09090909090909091,0.31695331695331697,42.411167512690355,5.8452088452088455
2022-03-05,1,0,0,1,0,0,0,0,1,0,0,0,2022,3,5,5,64,9,1,1,0,0,-0.9749279121818236,-0.2225209339563146,0.8919813464595485,0.45207220393230435,0.8854560256532099,0.4647231720437686,1.0,6.123233995736766e-17,2.0,0.0,0.0,0.0,1.0,0.0,1.0,0.9999999999999998,3.0,2.0,0.42857142857142855,0.7867957924694432,3.0,2.0,0.2857142857142857,0.6112498455021267,4.0,2.0,0.2857142857142857,0.5998236072282915,8.0,2.0,0.2857142857142857,0.6526668568067678,16.0,3.0,0.31666666666666665,0.6762726024084974,19.0,3.0,-1.0,1.0,1.0,407,0.35872235872235875,0.1891891891891892,0.31203931203931207,0.2457002457002457,0.09090909090909091,0.31695331695331697,42.411167512690355,5.8452088452088455
2022-03-06,1,0,1,0,0,0,0,0,1,1,1,1,2022,3,6,6,65,9,1,1,0,0,-0.7818314824680299,0.6234898018587334,0.8996308696522433,0.43665123195606403,0.8854560256532099,0.4647231720437686,1.0,6.123233995736766e-17,1.0,2.0,0.0,0.0,0.0,0.0,1.3333333333333333,0.5773502691896255,4.0,2.0,0.5714285714285714,0.7867957924694432,4.0,2.0,0.35714285714285715,0.633323693776651,5.0,2.0,0.32142857142857145,0.6118321864193026,9.0,2.0,0.30357142857142855,0.6583627863431821,17.0,3.0,0.32786885245901637,0.6762965689550169,20.0,3.0,0.0,1.0,1.0,407,0.35872235872235875,0.1891891891891892,0.31203931203931207,0.2457002457002457,0.09090909090909091,0.31695331695331697,42.411167512690355,5.8452088452088455
2022-03-07,0,0,0,0,0,0,0,0,0,0,0,0,2022,3,7,0,66,10,1,0,1,0,0.0,1.0,0.9070138128026359,0.4211008707960896,0.9350162426854148,0.35460488704253557,1.0,6.123233995736766e-17,1.0,1.0,2.0,0.0,0.0,0.0,0.6666666666666666,0.5773502691896253,2.0,1.0,0.5714285714285714,0.7867957924694432,4.0,2.0,0.35714285714285715,0.633323693776651,5.0,2.0,0.32142857142857145,0.6118321864193026,9.0,2.0,0.30357142857142855,0.6583627863431821,17.0,3.0,0.3225806451612903,0.6720215050322471,20.0,3.0,-1.0,0.0,0.0,407,0.35872235872235875,0.1891891891891892,0.31203931203931207,0.2457002457002457,0.09090909090909091,0.31695331695331697,42.411167512690355,5.8452088452088455
2022-03-08,0,0,0,0,0,0,0,0,0,0,0,0,2022,3,8,1,67,10,1,0,0,0,0.7818314824680298,0.6234898018587336,0.9141279881853337,0.40542572835999735,0.9350162426854148,0.35460488704253557,1.0,6.123233995736766e-17,0.0,1.0,1.0,0.0,0.0,1.0,0.3333333333333333,0.5773502691896252,1.0,1.0,0.5714285714285714,0.7867957924694432,4.0,2.0,0.35714285714285715,0.633323693776651,5.0,2.0,0.2857142857142857,0.5998236072282915,8.0,2.0,0.26785714285714285,0.6176516060802453,15.0,3.0,0.31746031746031744,0.6678177466605214,20.0,3.0,0.0,0.0,-1.0,407,0.35872235872235875,0.1891891891891892,0.31203931203931207,0.2457002457002457,0.09090909090909091,0.31695331695331697,42.411167512690355,5.8452088452088455
2022-03-09,0,0,0,0,0,0,0,0,0,0,0,0,2022,3,9,2,68,10,1,0,0,0,0.9749279121818236,-0.22252093395631434,0.9209712877166346,0.38963044953078796,0.9350162426854148,0.35460488704253557,1.0,6.123233995736766e-17,0.0,0.0,1.0,0.0,0.0,2.0,0.0,0.0,0.0,0.0,0.5714285714285714,0.7867957924694432,4.0,2.0,0.35714285714285715,0.633323693776651,5.0,2.0,0.21428571428571427,0.49867549436206365,6.0,2.0,0.26785714285714285,0.6176516060802453,15.0,3.0,0.3125,0.6636838030841121,20.0,3.0,0.0,0.0,-2.0,407,0.35872235872235875,0.1891891891891892,0.31203931203931207,0.2457002457002457,0.09090909090909091,0.31695331695331697,42.411167512690355,5.8452088452088455
2022-03-10,1,1,0,1,0,0,0,0,2,0,0,0,2022,3,10,3,69,10,1,0,0,0,0.43388373911755823,-0.900968867902419,0.9275416835791966,0.37371971479046906,0.9350162426854148,0.35460488704253557,1.0,6.123233995736766e-17,0.0,0.0,0.0,0.0,0.0,0.0,0.3333333333333333,0.5773502691896252,1.0,1.0,0.7142857142857143,0.7559289460184544,5.0,2.0,0.42857142857142855,0.6462061726588642,6.0,2.0,0.25,0.5181877251716007,7.0,2.0,0.2857142857142857,0.6241877839323593,16.0,3.0,0.3230769230769231,0.6639769458463032,21.0,3.0,1.0,1.0,1.0,407,0.35872235872235875,0.1891891891891892,0.31203931203931207,0.2457002457002457,0.09090909090909091,0.31695331695331697,42.411167512690355,5.8452088452088455
2022-03-11,1,0,0,0,0,0,0,0,2,0,0,0,2022,3,11,4,70,10,1,0,0,1,-0.433883739117558,-0.9009688679024191,0.9338372288229252,0.35769823883312546,0.9350162426854148,0.35460488704253557,1.0,6.123233995736766e-17,1.0,0.0,0.0,2.0,1.0,0.0,0.6666666666666666,0.5773502691896253,2.0,1.0,0.5714285714285714,0.5345224838248488,4.0,1.0,0.42857142857142855,0.6462061726588642,6.0,2.0,0.2857142857142857,0.5345224838248487,8.0,2.0,0.30357142857142855,0.6301411921767391,17.0,3.0,0.3333333333333333,0.6640976140791661,22.0,3.0,0.0,-1.0,1.0,407,0.35872235872235875,0.1891891891891892,0.31203931203931207,0.2457002457002457,0.09090909090909091,0.31695331695331697,42.411167512690355,5.8452088452088455
2022-03-12,0,0,0,0,0,0,0,0,0,0,0,0,2022,3,12,5,71,10,1,1,0,0,-0.9749279121818236,-0.2225209339563146,0.9398560579418954,0.3415707691678556,0.9350162426854148,0.35460488704253557,1.0,6.123233995736766e-17,1.0,1.0,0.0,1.0,0.0,0.0,0.6666666666666666,0.5773502691896253,2.0,1.0,0.42857142857142855,0.5345224838248488,3.0,1.0,0.42857142857142855,0.6462061726588642,6.0,2.0,0.2857142857142857,0.5345224838248487,8.0,2.0,0.30357142857142855,0.6301411921767391,17.0,3.0,0.3283582089552239,0.6603043306961854,22.0,3.0,-1.0,-1.0,0.0,407,0.35872235872235875,0.1891891891891892,0.31203931203931207,0.2457002457002457,0.09090909090909091,0.31695331695331697,42.411167512690355,5.8452088452088455
2022-03-13,0,0,0,0,0,0,0,0,0,0,0,0,2022,3,13,6,72,10,1,1,0,0,-0.7818314824680299,0.6234898018587334,0.9455963874271426,0.3253420847119801,0.9350162426854148,0.35460488704253557,1.0,6.123233995736766e-17,0.0,1.0,1.0,1.0,0.0,0.0,0.3333333333333333,0.5773502691896252,1.0,1.0,0.2857142857142857,0.4879500364742667,2.0,1.0,0.42857142857142855,0.6462061726588642,6.0,2.0,0.2857142857142857,0.5345224838248487,8.0,2.0,0.30357142857142855,0.6301411921767391,17.0,3.0,0.3235294117647059,0.6565667480495985,22.0,3.0,0.0,-1.0,0.0,407,0.35872235872235875,0.1891891891891892,0.31203931203931207,0.2457002457002457,0.09090909090909091,0.31695331695331697,42.411167512690355,5.8452088452088455
2022-03-14,1,1,0,0,0,1,0,1,3,0,0,0,2022,3,14,0,73,11,1,0,1,0,0.0,1.0,0.9510565162951535,0.30901699437494745,0.970941817426052,0.23931566428755804,1.0,6.123233995736766e-17,0.0,0.0,1.0,0.0,0.0,0.0,0.3333333333333333,0.5773502691896252,1.0,1.0,0.42857142857142855,0.5345224838248488,3.0,1.0,0.5,0.650443635587991,7.0,2.0,0.32142857142857145,0.5479640045336466,9.0,2.0,0.32142857142857145,0.6355282085762236,18.0,3.0,0.3333333333333333,0.6567895774291853,23.0,3.0,1.0,1.0,1.0,407,0.35872235872235875,0.1891891891891892,0.31203931203931207,0.2457002457002457,0.09090909090909091,0.31695331695331697,42.411167512690355,5.8452088452088455
2022-03-15,0,0,0,0,0,0,0,0,0,0,0,0,2022,3,15,1,74,11,1,0,0,0,0.7818314824680298,0.6234898018587336,0.9562348265919056,0.29260033563334836,0.970941817426052,0.23931566428755804,1.0,6.123233995736766e-17,1.0,0.0,0.0,0.0,0.0,0.0,0.3333333333333333,0.5773502691896252,1.0,1.0,0.42857142857142855,0.5345224838248488,3.0,1.0,0.5,0.650443635587991,7.0,2.0,0.32142857142857145,0.5479640045336466,9.0,2.0,0.32142857142857145,0.6355282085762236,18.0,3.0,0.32857142857142857,0.6532289602690327,23.0,3.0,-1.0,0.0,0.0,407,0.35872235872235875,0.1891891891891892,0.31203931203931207,0.2457002457002457,0.09090909090909091,0.31695331695331697,42.411167512690355,5.8452088452088455
2022-03-16,0,0,0,0,0,0,0,0,0,0,0,0,2022,3,16,2,75,11,1,0,0,0,0.9749279121818236,-0.22252093395631434,0.9611297838723007,0.27609697309746883,0.970941817426052,0.23931566428755804,1.0,6.123233995736766e-17,0.0,1.0,0.0,0.0,0.0,0.0,0.3333333333333333,0.5773502691896252,1.0,1.0,0.42857142857142855,0.5345224838248488,3.0,1.0,0.5,0.650443635587991,7.0,2.0,0.32142857142857145,0.5479640045336466,9.0,2.0,0.30357142857142855,0.6301411921767391,17.0,3.0,0.323943661971831,0.6497174745846721,23.0,3.0,0.0,0.0,0.0,407,0.35872235872235875,0.1891891891891892,0.31203931203931207,0.2457002457002457,0.09090909090909091,0.31695331695331697,42.411167512690355,5.8452088452088455
2022-03-17,8,4,0,4,0,0,0,0,20,0,0,0,2022,3,17,3,76,11,1,0,0,0,0.43388373911755823,-0.900968867902419,0.9657399376548549,0.2595117970697999,0.970941817426052,0.23931566428755804,1.0,6.123233995736766e-17,0.0,0.0,1.0,1.0,0.0,0.0,2.6666666666666665,4.618802153517007,8.0,8.0,1.4285714285714286,2.9358214555806383,10.0,8.0,1.0714285714285714,2.0926349130034314,15.0,8.0,0.6071428571428571,1.5477411429249548,17.0,8.0,0.39285714285714285,1.1548879745526117,22.0,8.0,0.4305555555555556,1.1111013301603927,31.0,8.0,8.0,7.0,8.0,407,0.35872235872235875,0.1891891891891892,0.31203931203931207,0.2457002457002457,0.09090909090909091,0.31695331695331697,42.411167512690355,5.8452088452088455
2022-03-18,0,0,0,0,0,0,0,0,0,0,0,0,2022,3,18,4,77,11,1,0,0,1,-0.433883739117558,-0.9009688679024191,0.9700639218515071,0.2428497220959356,0.970941817426052,0.23931566428755804,1.0,6.123233995736766e-17,8.0,0.0,0.0,1.0,2.0,0.0,2.6666666666666665,4.618802153517007,8.0,8.0,1.2857142857142858,2.984084768360628,9.0,8.0,0.9285714285714286,2.0926349130034314,13.0,8.0,0.6071428571428571,1.5477411429249548,17.0,8.0,0.39285714285714285,1.1548879745526117,22.0,8.0,0.4246575342465753,1.1045085410260036,31.0,8.0,-8.0,-1.0,0.0,407,0.35872235872235875,0.1891891891891892,0.31203931203931207,0.2457002457002457,0.09090909090909091,0.31695331695331697,42.411167512690355,5.8452088452088455
2022-03-19,0,0,0,0,0,0,0,0,0,0,0,0,2022,3,19,5,78,11,1,1,0,0,-0.9749279121818236,-0.2225209339563146,0.9741004551724205,0.22611568550828828,0.970941817426052,0.23931566428755804,1.0,6.123233995736766e-17,0.0,8.0,0.0,0.0,1.0,1.0,2.6666666666666665,4.618802153517007,8.0,8.0,1.2857142857142858,2.984084768360628,9.0,8.0,0.8571428571428571,2.10702644491246,12.0,8.0,0.5714285714285714,1.5498762538075104,16.0,8.0,0.39285714285714285,1.1548879745526117,22.0,8.0,0.4189189189189189,1.0980275810189228,31.0,8.0,0.0,0.0,-1.0,407,0.35872235872235875,0.1891891891891892,0.31203931203931207,0.2457002457002457,0.09090909090909091,0.31695331695331697,42.411167512690355,5.8452088452088455
2022-03-20,0,0,0,0,0,0,0,0,0,0,0,0,2022,3,20,6,79,11,1,1,0,0,-0.7818314824680299,0.6234898018587334,0.9778483415056568,0.20931464596304847,0.970941817426052,0.23931566428755804,1.0,6.123233995736766e-17,0.0,0.0,8.0,0.0,1.0,0.0,0.0,0.0,0.0,0.0,1.2857142857142858,2.984084768360628,9.0,8.0,0.7857142857142857,2.1187286256174924,11.0,8.0,0.5714285714285714,1.5498762538075104,16.0,8.0,0.39285714285714285,1.1548879745526117,22.0,8.0,0.41333333333333333,1.0916554913120309,31.0,8.0,0.0,0.0,0.0,407,0.35872235872235875,0.1891891891891892,0.31203931203931207,0.2457002457002457,0.09090909090909091,0.31695331695331697,42.411167512690355,5.8452088452088455
2022-03-21,4,0,1,2,0,4,0,2,10,0,0,1,2022,3,21,0,80,12,1,0,1,0,0.0,1.0,0.9813064702716093,0.19245158197082998,0.992708874098054,0.120536680255323,1.0,6.123233995736766e-17,0.0,0.0,0.0,1.0,0.0,0.0,1.3333333333333333,2.3094010767585034,4.0,4.0,1.7142857142857142,3.1471831698777724,12.0,8.0,1.0714285714285714,2.26899793925681,15.0,8.0,0.7142857142857143,1.6745843676067218,20.0,8.0,0.4642857142857143,1.2499350632483524,26.0,8.0,0.4605263157894737,1.1597791683325949,35.0,8.0,4.0,3.0,4.0,407,0.35872235872235875,0.1891891891891892,0.31203931203931207,0.2457002457002457,0.09090909090909091,0.31695331695331697,42.411167512690355,5.8452088452088455
2022-03-22,0,0,0,0,0,0,0,0,0,0,0,0,2022,3,22,1,81,12,1,0,0,0,0.7818314824680298,0.6234898018587336,0.9844738167520922,0.1755314904214282,0.992708874098054,0.120536680255323,1.0,6.123233995736766e-17,4.0,0.0,0.0,0.0,0.0,0.0,1.3333333333333333,2.3094010767585034,4.0,4.0,1.7142857142857142,3.1471831698777724,12.0,8.0,1.0714285714285714,2.26899793925681,15.0,8.0,0.7142857142857143,1.6745843676067218,20.0,8.0,0.4642857142857143,1.2499350632483524,26.0,8.0,0.45454545454545453,1.1533184905609795,35.0,8.0,-4.0,0.0,0.0,407,0.35872235872235875,0.1891891891891892,0.31203931203931207,0.2457002457002457,0.09090909090909091,0.31695331695331697,42.411167512690355,5.8452088452088455
2022-03-23,0,0,0,0,0,0,0,0,0,0,0,0,2022,3,23,2,82,12,1,0,0,0,0.9749279121818236,-0.22252093395631434,0.9873494423939864,0.15855938510313475,0.992708874098054,0.120536680255323,1.0,6.123233995736766e-17,0.0,4.0,0.0,0.0,0.0,0.0,1.3333333333333333,2.3094010767585034,4.0,4.0,1.7142857142857142,3.1471831698777724,12.0,8.0,1.0714285714285714,2.26899793925681,15.0,8.0,0.7142857142857143,1.6745843676067218,20.0,8.0,0.44642857142857145,1.2492855100873803,25.0,8.0,0.44871794871794873,1.1469602501908318,35.0,8.0,0.0,0.0,0.0,407,0.35872235872235875,0.1891891891891892,0.31203931203931207,0.2457002457002457,0.09090909090909091,0.31695331695331697,42.411167512690355,5.8452088452088455
2022-03-24,0,0,0,0,0,0,0,0,0,0,0,0,2022,3,24,3,83,12,1,0,0,0,0.43388373911755823,-0.900968867902419,0.989932495087353,0.141540295217043,0.992708874098054,0.120536680255323,1.0,6.123233995736766e-17,0.0,0.0,4.0,8.0,1.0,0.0,0.0,0.0,0.0,0.0,0.5714285714285714,1.5118578920369088,4.0,4.0,1.0,2.2870874995874626,14.0,8.0,0.7142857142857143,1.6745843676067218,20.0,8.0,0.44642857142857145,1.2492855100873803,25.0,8.0,0.4430379746835443,1.1407019368773972,35.0,8.0,0.0,-8.0,0.0,407,0.35872235872235875,0.1891891891891892,0.31203931203931207,0.2457002457002457,0.09090909090909091,0.31695331695331697,42.411167512690355,5.8452088452088455
2022-03-25,0,0,0,0,0,0,0,0,0,0,0,0,2022,3,25,4,84,12,1,0,0,1,-0.433883739117558,-0.9009688679024191,0.9922222094179323,0.12447926388678915,0.992708874098054,0.120536680255323,1.0,6.123233995736766e-17,0.0,0.0,0.0,0.0,1.0,1.0,0.0,0.0,0.0,0.0,0.5714285714285714,1.5118578920369088,4.0,4.0,0.9285714285714286,2.3026501693044477,13.0,8.0,0.6785714285714286,1.6789231872789978,19.0,8.0,0.44642857142857145,1.2492855100873803,25.0,8.0,0.4375,1.134541116180369,35.0,8.0,0.0,0.0,-1.0,407,0.35872235872235875,0.1891891891891892,0.31203931203931207,0.2457002457002457,0.09090909090909091,0.31695331695331697,42.411167512690355,5.8452088452088455
2022-03-26,0,0,0,0,0,0,0,0,0,0,0,0,2022,3,26,5,85,12,1,1,0,0,-0.9749279121818236,-0.2225209339563146,0.994217906893952,0.10738134666416309,0.992708874098054,0.120536680255323,1.0,6.123233995736766e-17,0.0,0.0,0.0,0.0,0.0,0.0,0.0,0.0,0.0,0.0,0.5714285714285714,1.5118578920369088,4.0,4.0,0.9285714285714286,2.3026501693044477,13.0,8.0,0.6785714285714286,1.6789231872789978,19.0,8.0,0.44642857142857145,1.2492855100873803,25.0,8.0,0.43209876543209874,1.1284754273458757,35.0,8.0,0.0,0.0,0.0,407,0.35872235872235875,0.1891891891891892,0.31203931203931207,0.2457002457002457,0.09090909090909091,0.31695331695331697,42.411167512690355,5.8452088452088455
2022-03-27,0,0,0,0,0,0,0,0,0,0,0,0,2022,3,27,6,86,12,1,1,0,0,-0.7818314824680299,0.6234898018587334,0.995918996147179,0.09025161003104117,0.992708874098054,0.120536680255323,1.0,6.123233995736766e-17,0.0,0.0,0.0,0.0,0.0,0.0,0.0,0.0,0.0,0.0,0.5714285714285714,1.5118578920369088,4.0,4.0,0.9285714285714286,2.3026501693044477,13.0,8.0,0.6785714285714286,1.6789231872789978,19.0,8.0,0.44642857142857145,1.2492855100873803,25.0,8.0,0.4268292682926829,1.122502581094979,35.0,8.0,0.0,0.0,0.0,407,0.35872235872235875,0.1891891891891892,0.31203931203931207,0.2457002457002457,0.09090909090909091,0.31695331695331697,42.411167512690355,5.8452088452088455
2022-03-28,0,0,0,0,0,0,0,0,0,0,0,0,2022,3,28,0,87,13,1,0,1,0,0.0,1.0,0.9973249731081555,0.07309512989807777,1.0,-1.6081226496766366e-16,1.0,6.123233995736766e-17,0.0,0.0,0.0,4.0,1.0,0.0,0.0,0.0,0.0,0.0,0.0,0.0,0.0,0.0,0.8571428571428571,2.3157368940873577,12.0,8.0,0.6785714285714286,1.6789231872789978,19.0,8.0,0.44642857142857145,1.2492855100873803,25.0,8.0,0.42168674698795183,1.1166203574299967,35.0,8.0,0.0,-4.0,0.0,407,0.35872235872235875,0.1891891891891892,0.31203931203931207,0.2457002457002457,0.09090909090909091,0.31695331695331697,42.411167512690355,5.8452088452088455
2022-03-29,0,0,0,0,0,0,0,0,0,0,0,0,2022,3,29,1,88,13,1,0,0,0,0.7818314824680298,0.6234898018587336,0.9984354211555643,0.055916990100603484,1.0,-1.6081226496766366e-16,1.0,6.123233995736766e-17,0.0,0.0,0.0,0.0,0.0,0.0,0.0,0.0,0.0,0.0,0.0,0.0,0.0,0.0,0.8571428571428571,2.3157368940873577,12.0,8.0,0.6785714285714286,1.6789231872789978,19.0,8.0,0.42857142857142855,1.2483755678647186,24.0,8.0,0.4166666666666667,1.1108266034678353,35.0,8.0,0.0,0.0,0.0,407,0.35872235872235875,0.1891891891891892,0.31203931203931207,0.2457002457002457,0.09090909090909091,0.31695331695331697,42.411167512690355,5.8452088452088455
2022-03-30,0,0,0,0,0,0,0,0,0,0,0,0,2022,3,30,2,89,13,1,0,0,0,0.9749279121818236,-0.22252093395631434,0.9992500112396835,0.03872228089217446,1.0,-1.6081226496766366e-16,1.0,6.123233995736766e-17,0.0,0.0,0.0,0.0,0.0,0.0,0.0,0.0,0.0,0.0,0.0,0.0,0.0,0.0,0.8571428571428571,2.3157368940873577,12.0,8.0,0.6785714285714286,1.6789231872789978,19.0,8.0,0.42857142857142855,1.2483755678647186,24.0,8.0,0.40476190476190477,1.1098577746617133,34.0,8.0,0.0,0.0,0.0,407,0.35872235872235875,0.1891891891891892,0.31203931203931207,0.2457002457002457,0.09090909090909091,0.31695331695331697,42.411167512690355,5.8452088452088455
2022-03-31,0,0,0,0,0,0,0,0,0,0,0,0,2022,3,31,3,90,13,1,0,0,0,0.43388373911755823,-0.900968867902419,0.9997685019798909,0.021516097436222254,1.0,-1.6081226496766366e-16,1.0,6.123233995736766e-17,0.0,0.0,0.0,0.0,8.0,0.0,0.0,0.0,0.0,0.0,0.0,0.0,0.0,0.0,0.2857142857142857,1.0690449676496974,4.0,4.0,0.6785714285714286,1.6789231872789978,19.0,8.0,0.42857142857142855,1.2483755678647186,24.0,8.0,0.38095238095238093,1.0965967277204844,32.0,8.0,0.0,0.0,0.0,407,0.35872235872235875,0.1891891891891892,0.31203931203931207,0.2457002457002457,0.09090909090909091,0.31695331695331697,42.411167512690355,5.8452088452088455
2022-04-01,2,2,0,2,0,0,0,0,6,0,0,0,2022,4,1,4,91,13,2,0,0,1,-0.433883739117558,-0.9009688679024191,0.9999907397361901,0.004303538296244289,1.0,-1.6081226496766366e-16,0.8660254037844387,-0.4999999999999998,0.0,0.0,0.0,0.0,0.0,2.0,0.6666666666666666,1.1547005383792517,2.0,2.0,0.2857142857142857,0.7559289460184541,2.0,2.0,0.42857142857142855,1.1578684470436789,6.0,4.0,0.6785714285714286,1.6789231872789978,19.0,8.0,0.4642857142857143,1.2643976030906174,26.0,8.0,0.40476190476190477,1.1098577746617133,34.0,8.0,2.0,2.0,0.0,407,0.35872235872235875,0.1891891891891892,0.31203931203931207,0.2457002457002457,0.09090909090909091,0.31695331695331697,42.411167512690355,5.8452088452088455
2022-04-02,0,0,0,0,0,0,0,0,0,0,0,0,2022,4,2,5,92,13,2,1,0,0,-0.9749279121818236,-0.2225209339563146,0.9999166586547379,-0.01291029607500882,1.0,-1.6081226496766366e-16,0.8660254037844387,-0.4999999999999998,2.0,0.0,0.0,0.0,0.0,1.0,0.6666666666666666,1.1547005383792517,2.0,2.0,0.2857142857142857,0.7559289460184541,2.0,2.0,0.42857142857142855,1.1578684470436789,6.0,4.0,0.6428571428571429,1.682464808157315,18.0,8.0,0.4642857142857143,1.2643976030906174,26.0,8.0,0.40476190476190477,1.1098577746617133,34.0,8.0,-2.0,0.0,-1.0,407,0.35872235872235875,0.1891891891891892,0.31203931203931207,0.2457002457002457,0.09090909090909091,0.31695331695331697,42.411167512690355,5.8452088452088455
2022-04-03,0,0,0,0,0,0,0,0,0,0,0,0,2022,4,3,6,93,13,2,1,0,0,-0.7818314824680299,0.6234898018587334,0.9995462806873573,-0.030120304846908114,1.0,-1.6081226496766366e-16,0.8660254037844387,-0.4999999999999998,0.0,2.0,0.0,0.0,0.0,1.0,0.6666666666666666,1.1547005383792517,2.0,2.0,0.2857142857142857,0.7559289460184541,2.0,2.0,0.42857142857142855,1.1578684470436789,6.0,4.0,0.6071428571428571,1.6852142563920738,17.0,8.0,0.4642857142857143,1.2643976030906174,26.0,8.0,0.40476190476190477,1.1098577746617133,34.0,8.0,0.0,0.0,-1.0,407,0.35872235872235875,0.1891891891891892,0.31203931203931207,0.2457002457002457,0.09090909090909091,0.31695331695331697,42.411167512690355,5.8452088452088455
2022-04-04,0,0,0,0,0,0,0,0,0,0,0,0,2022,4,4,0,94,14,2,0,1,0,0.0,1.0,0.9988797155850336,-0.04732138832243185,0.992708874098054,-0.12053668025532288,0.8660254037844387,-0.4999999999999998,0.0,0.0,2.0,0.0,4.0,0.0,0.0,0.0,0.0,0.0,0.2857142857142857,0.7559289460184541,2.0,2.0,0.14285714285714285,0.5345224838248486,2.0,2.0,0.6071428571428571,1.6852142563920738,17.0,8.0,0.4642857142857143,1.2643976030906174,26.0,8.0,0.40476190476190477,1.1098577746617133,34.0,8.0,0.0,0.0,0.0,407,0.35872235872235875,0.1891891891891892,0.31203931203931207,0.2457002457002457,0.09090909090909091,0.31695331695331697,42.411167512690355,5.8452088452088455
2022-04-05,0,0,0,0,0,0,0,0,0,0,0,0,2022,4,5,1,95,14,2,0,0,0,0.7818314824680298,0.6234898018587336,0.9979171608653922,-0.06450844944931623,0.992708874098054,-0.12053668025532288,0.8660254037844387,-0.4999999999999998,0.0,0.0,0.0,0.0,0.0,0.0,0.0,0.0,0.0,0.0,0.2857142857142857,0.7559289460184541,2.0,2.0,0.14285714285714285,0.5345224838248486,2.0,2.0,0.6071428571428571,1.6852142563920738,17.0,8.0,0.44642857142857145,1.2637554835006344,25.0,8.0,0.38095238095238093,1.0965967277204844,32.0,8.0,0.0,0.0,0.0,407,0.35872235872235875,0.1891891891891892,0.31203931203931207,0.2457002457002457,0.09090909090909091,0.31695331695331697,42.411167512690355,5.8452088452088455
2022-04-06,0,0,0,0,0,0,0,0,0,0,0,0,2022,4,6,2,96,14,2,0,0,0,0.9749279121818236,-0.22252093395631434,0.9966589017541702,-0.08167639533042241,0.992708874098054,-0.12053668025532288,0.8660254037844387,-0.4999999999999998,0.0,0.0,0.0,0.0,0.0,0.0,0.0,0.0,0.0,0.0,0.2857142857142857,0.7559289460184541,2.0,2.0,0.14285714285714285,0.5345224838248486,2.0,2.0,0.6071428571428571,1.6852142563920738,17.0,8.0,0.4107142857142857,1.2472046666523824,23.0,8.0,0.38095238095238093,1.0965967277204844,32.0,8.0,0.0,0.0,0.0,407,0.35872235872235875,0.1891891891891892,0.31203931203931207,0.2457002457002457,0.09090909090909091,0.31695331695331697,42.411167512690355,5.8452088452088455
2022-04-07,1,0,0,0,0,2,0,1,2,0,0,0,2022,4,7,3,97,14,2,0,0,0,0.43388373911755823,-0.900968867902419,0.9951053111006976,-0.09882013873287143,0.992708874098054,-0.12053668025532288,0.8660254037844387,-0.4999999999999998,0.0,0.0,0.0,0.0,0.0,1.0,0.3333333333333333,0.5773502691896255,1.0,1.0,0.42857142857142855,0.7867957924694428,3.0,2.0,0.21428571428571427,0.5789342235218392,3.0,2.0,0.6071428571428571,1.6852142563920738,17.0,8.0,0.42857142857142855,1.2483755678647186,24.0,8.0,0.39285714285714285,1.097838590006473,33.0,8.0,1.0,1.0,0.0,407,0.35872235872235875,0.1891891891891892,0.31203931203931207,0.2457002457002457,0.09090909090909091,0.31695331695331697,42.411167512690355,5.8452088452088455
2022-04-08,0,0,0,0,0,0,0,0,0,0,0,0,2022,4,8,4,98,14,2,0,0,1,-0.433883739117558,-0.9009688679024191,0.9932568492674143,-0.11593459959550041,0.992708874098054,-0.12053668025532288,0.8660254037844387,-0.4999999999999998,1.0,0.0,0.0,2.0,0.0,1.0,0.3333333333333333,0.5773502691896255,1.0,1.0,0.14285714285714285,0.37796447300922636,1.0,1.0,0.21428571428571427,0.5789342235218392,3.0,2.0,0.5714285714285714,1.6871754047996452,16.0,8.0,0.42857142857142855,1.2483755678647186,24.0,8.0,0.39285714285714285,1.097838590006473,33.0,8.0,-1.0,-2.0,-1.0,407,0.35872235872235875,0.1891891891891892,0.31203931203931207,0.2457002457002457,0.09090909090909091,0.31695331695331697,42.411167512690355,5.8452088452088455
2022-04-09,0,0,0,0,0,0,0,0,0,0,0,0,2022,4,9,5,99,14,2,1,0,0,-0.9749279121818236,-0.2225209339563146,0.9911140639934547,-0.1330147065341959,0.992708874098054,-0.12053668025532288,0.8660254037844387,-0.4999999999999998,0.0,1.0,0.0,0.0,0.0,0.0,0.3333333333333333,0.5773502691896255,1.0,1.0,0.14285714285714285,0.37796447300922636,1.0,1.0,0.21428571428571427,0.5789342235218392,3.0,2.0,0.5714285714285714,1.6871754047996452,16.0,8.0,0.42857142857142855,1.2483755678647186,24.0,8.0,0.39285714285714285,1.097838590006473,33.0,8.0,0.0,0.0,0.0,407,0.35872235872235875,0.1891891891891892,0.31203931203931207,0.2457002457002457,0.09090909090909091,0.31695331695331697,42.411167512690355,5.8452088452088455
2022-04-10,0,0,0,0,0,0,0,0,0,0,0,0,2022,4,10,6,100,14,2,1,0,0,-0.7818314824680299,0.6234898018587334,0.9886775902323405,-0.1500553983446526,0.992708874098054,-0.12053668025532288,0.8660254037844387,-0.4999999999999998,0.0,0.0,1.0,0.0,0.0,0.0,0.0,0.0,0.0,0.0,0.14285714285714285,0.37796447300922636,1.0,1.0,0.21428571428571427,0.5789342235218392,3.0,2.0,0.5714285714285714,1.6871754047996452,16.0,8.0,0.42857142857142855,1.2483755678647186,24.0,8.0,0.39285714285714285,1.097838590006473,33.0,8.0,0.0,0.0,0.0,407,0.35872235872235875,0.1891891891891892,0.31203931203931207,0.2457002457002457,0.09090909090909091,0.31695331695331697,42.411167512690355,5.8452088452088455
2022-04-11,1,0,0,0,0,0,0,0,2,1,1,0,2022,4,11,0,101,15,2,0,1,0,0.0,1.0,0.9859481499638304,-0.16705162550211924,0.9709418174260521,-0.2393156642875575,0.8660254037844387,-0.4999999999999998,0.0,0.0,0.0,0.0,0.0,1.0,0.3333333333333333,0.5773502691896255,1.0,1.0,0.2857142857142857,0.48795003647426594,2.0,1.0,0.2857142857142857,0.6112498455021265,4.0,2.0,0.5714285714285714,1.6871754047996452,16.0,8.0,0.44642857142857145,1.2492855100873803,25.0,8.0,0.40476190476190477,1.0989485403943544,34.0,8.0,1.0,1.0,0.0,407,0.35872235872235875,0.1891891891891892,0.31203931203931207,0.2457002457002457,0.09090909090909091,0.31695331695331697,42.411167512690355,5.8452088452088455
2022-04-12,0,0,0,0,0,0,0,0,0,0,0,0,2022,4,12,1,102,15,2,0,0,0,0.7818314824680298,0.6234898018587336,0.9829265519799822,-0.18399835165768005,0.9709418174260521,-0.2393156642875575,0.8660254037844387,-0.4999999999999998,1.0,0.0,0.0,0.0,0.0,0.0,0.3333333333333333,0.5773502691896255,1.0,1.0,0.2857142857142857,0.48795003647426594,2.0,1.0,0.2857142857142857,0.6112498455021265,4.0,2.0,0.5714285714285714,1.6871754047996452,16.0,8.0,0.44642857142857145,1.2492855100873803,25.0,8.0,0.40476190476190477,1.0989485403943544,34.0,8.0,-1.0,0.0,0.0,407,0.35872235872235875,0.1891891891891892,0.31203931203931207,0.2457002457002457,0.09090909090909091,0.31695331695331697,42.411167512690355,5.8452088452088455
2022-04-13,1,1,0,1,0,0,0,0,2,0,0,0,2022,4,13,2,103,15,2,0,0,0,0.9749279121818236,-0.22252093395631434,0.9796136916454901,-0.20089055513063506,0.9709418174260521,-0.2393156642875575,0.8660254037844387,-0.4999999999999998,0.0,1.0,0.0,0.0,0.0,0.0,0.6666666666666666,0.5773502691896262,2.0,1.0,0.42857142857142855,0.5345224838248481,3.0,1.0,0.35714285714285715,0.6333236937766507,5.0,2.0,0.6071428571428571,1.6852142563920738,17.0,8.0,0.4642857142857143,1.2499350632483524,26.0,8.0,0.40476190476190477,1.0989485403943544,34.0,8.0,1.0,1.0,1.0,407,0.35872235872235875,0.1891891891891892,0.31203931203931207,0.2457002457002457,0.09090909090909091,0.31695331695331697,42.411167512690355,5.8452088452088455
2022-04-14,0,0,0,0,0,0,0,0,0,0,0,0,2022,4,14,3,104,15,2,0,0,0,0.43388373911755823,-0.900968867902419,0.9760105506323683,-0.21772323039653177,0.9709418174260521,-0.2393156642875575,0.8660254037844387,-0.4999999999999998,1.0,0.0,1.0,1.0,0.0,8.0,0.3333333333333333,0.5773502691896255,1.0,1.0,0.2857142857142857,0.4879500364742659,2.0,1.0,0.35714285714285715,0.6333236937766507,5.0,2.0,0.32142857142857145,0.8629652337776968,9.0,4.0,0.4642857142857143,1.2499350632483524,26.0,8.0,0.36904761904761907,1.0617076708906257,31.0,8.0,-1.0,-1.0,-8.0,407,0.35872235872235875,0.1891891891891892,0.31203931203931207,0.2457002457002457,0.09090909090909091,0.31695331695331697,42.411167512690355,5.8452088452088455
2022-04-15,0,0,0,0,0,0,0,0,0,0,0,0,2022,4,15,4,105,15,2,0,0,1,-0.433883739117558,-0.9009688679024191,0.9721181966290613,-0.23449138957040985,0.9709418174260521,-0.2393156642875575,0.8660254037844387,-0.4999999999999998,0.0,1.0,0.0,0.0,2.0,0.0,0.3333333333333333,0.5773502691896255,1.0,1.0,0.2857142857142857,0.4879500364742659,2.0,1.0,0.21428571428571427,0.42581531362631986,3.0,1.0,0.32142857142857145,0.8629652337776968,9.0,4.0,0.4642857142857143,1.2499350632483524,26.0,8.0,0.36904761904761907,1.0617076708906257,31.0,8.0,0.0,0.0,0.0,407,0.35872235872235875,0.1891891891891892,0.31203931203931207,0.2457002457002457,0.09090909090909091,0.31695331695331697,42.411167512690355,5.8452088452088455
2022-04-16,0,0,0,0,0,0,0,0,0,0,0,0,2022,4,16,5,106,15,2,1,0,0,-0.9749279121818236,-0.2225209339563146,0.9679377830240642,-0.25119006388481935,0.9709418174260521,-0.2393156642875575,0.8660254037844387,-0.4999999999999998,0.0,0.0,1.0,0.0,0.0,0.0,0.0,0.0,0.0,0.0,0.2857142857142857,0.4879500364742659,2.0,1.0,0.21428571428571427,0.42581531362631986,3.0,1.0,0.32142857142857145,0.8629652337776968,9.0,4.0,0.44642857142857145,1.2492855100873803,25.0,8.0,0.36904761904761907,1.0617076708906257,31.0,8.0,0.0,0.0,0.0,407,0.35872235872235875,0.1891891891891892,0.31203931203931207,0.2457002457002457,0.09090909090909091,0.31695331695331697,42.411167512690355,5.8452088452088455
2022-04-17,0,0,0,0,0,0,0,0,0,0,0,0,2022,4,17,6,107,15,2,1,0,0,-0.7818314824680299,0.6234898018587334,0.9634705485641488,-0.2678143051621742,0.9709418174260521,-0.2393156642875575,0.8660254037844387,-0.4999999999999998,0.0,0.0,0.0,0.0,0.0,0.0,0.0,0.0,0.0,0.0,0.2857142857142857,0.4879500364742659,2.0,1.0,0.21428571428571427,0.42581531362631986,3.0,1.0,0.32142857142857145,0.8629652337776968,9.0,4.0,0.44642857142857145,1.2492855100873803,25.0,8.0,0.36904761904761907,1.0617076708906257,31.0,8.0,0.0,0.0,0.0,407,0.35872235872235875,0.1891891891891892,0.31203931203931207,0.2457002457002457,0.09090909090909091,0.31695331695331697,42.411167512690355,5.8452088452088455
2022-04-18,0,0,0,0,0,0,0,0,0,0,0,0,2022,4,18,0,108,16,2,0,1,0,0.0,1.0,0.9587178169872964,-0.2843591872810034,0.9350162426854148,-0.35460488704253545,0.8660254037844387,-0.4999999999999998,0.0,0.0,0.0,1.0,0.0,4.0,0.0,0.0,0.0,0.0,0.14285714285714285,0.3779644730092263,1.0,1.0,0.21428571428571427,0.42581531362631986,3.0,1.0,0.17857142857142858,0.4755948656056712,5.0,2.0,0.44642857142857145,1.2492855100873803,25.0,8.0,0.36904761904761907,1.0617076708906257,31.0,8.0,0.0,-1.0,-4.0,407,0.35872235872235875,0.1891891891891892,0.31203931203931207,0.2457002457002457,0.09090909090909091,0.31695331695331697,42.411167512690355,5.8452088452088455
2022-04-19,0,0,0,0,0,0,0,0,0,0,0,0,2022,4,19,1,109,16,2,0,0,0,0.7818314824680298,0.6234898018587336,0.9536809966304457,-0.30081980763566735,0.9350162426854148,-0.35460488704253545,0.8660254037844387,-0.4999999999999998,0.0,0.0,0.0,0.0,0.0,0.0,0.0,0.0,0.0,0.0,0.14285714285714285,0.3779644730092263,1.0,1.0,0.21428571428571427,0.42581531362631986,3.0,1.0,0.17857142857142858,0.4755948656056712,5.0,2.0,0.44642857142857145,1.2492855100873803,25.0,8.0,0.36904761904761907,1.0617076708906257,31.0,8.0,0.0,0.0,0.0,407,0.35872235872235875,0.1891891891891892,0.31203931203931207,0.2457002457002457,0.09090909090909091,0.31695331695331697,42.411167512690355,5.8452088452088455
2022-04-20,0,0,0,0,0,0,0,0,0,0,0,0,2022,4,20,2,110,16,2,0,0,0,0.9749279121818236,-0.22252093395631434,0.9483615800121715,-0.3171912885891061,0.9350162426854148,-0.35460488704253545,0.8660254037844387,-0.4999999999999998,0.0,0.0,0.0,1.0,0.0,0.0,0.0,0.0,0.0,0.0,0.0,0.0,0.0,0.0,0.21428571428571427,0.42581531362631986,3.0,1.0,0.17857142857142858,0.4755948656056712,5.0,2.0,0.44642857142857145,1.2492855100873803,25.0,8.0,0.35714285714285715,1.06015294580668,30.0,8.0,0.0,-1.0,0.0,407,0.35872235872235875,0.1891891891891892,0.31203931203931207,0.2457002457002457,0.09090909090909091,0.31695331695331697,42.411167512690355,5.8452088452088455
2022-04-21,0,0,0,0,0,0,0,0,0,0,0,0,2022,4,21,3,111,16,2,0,0,0,0.43388373911755823,-0.900968867902419,0.9427611433904207,-0.3334687789181868,0.9350162426854148,-0.35460488704253545,0.8660254037844387,-0.4999999999999998,0.0,0.0,0.0,0.0,1.0,0.0,0.0,0.0,0.0,0.0,0.0,0.0,0.0,0.0,0.14285714285714285,0.36313651960128124,2.0,1.0,0.17857142857142858,0.4755948656056712,5.0,2.0,0.44642857142857145,1.2492855100873803,25.0,8.0,0.35714285714285715,1.06015294580668,30.0,8.0,0.0,0.0,0.0,407,0.35872235872235875,0.1891891891891892,0.31203931203931207,0.2457002457002457,0.09090909090909091,0.31695331695331697,42.411167512690355,5.8452088452088455
2022-04-22,0,0,0,0,0,0,0,0,0,0,0,0,2022,4,22,4,112,16,2,0,0,1,-0.433883739117558,-0.9009688679024191,0.9368813462954315,-0.3496474552512284,0.9350162426854148,-0.35460488704253545,0.8660254037844387,-0.4999999999999998,0.0,0.0,0.0,0.0,0.0,0.0,0.0,0.0,0.0,0.0,0.0,0.0,0.0,0.0,0.14285714285714285,0.36313651960128124,2.0,1.0,0.17857142857142858,0.4755948656056712,5.0,2.0,0.42857142857142855,1.2483755678647186,24.0,8.0,0.35714285714285715,1.06015294580668,30.0,8.0,0.0,0.0,0.0,407,0.35872235872235875,0.1891891891891892,0.31203931203931207,0.2457002457002457,0.09090909090909091,0.31695331695331697,42.411167512690355,5.8452088452088455
2022-04-23,0,0,0,0,0,0,0,0,0,0,0,0,2022,4,23,5,113,16,2,1,0,0,-0.9749279121818236,-0.2225209339563146,0.9307239310379795,-0.36572252349726897,0.9350162426854148,-0.35460488704253545,0.8660254037844387,-0.4999999999999998,0.0,0.0,0.0,0.0,0.0,0.0,0.0,0.0,0.0,0.0,0.0,0.0,0.0,0.0,0.14285714285714285,0.36313651960128124,2.0,1.0,0.17857142857142858,0.4755948656056712,5.0,2.0,0.42857142857142855,1.2483755678647186,24.0,8.0,0.35714285714285715,1.06015294580668,30.0,8.0,0.0,0.0,0.0,407,0.35872235872235875,0.1891891891891892,0.31203931203931207,0.2457002457002457,0.09090909090909091,0.31695331695331697,42.411167512690355,5.8452088452088455
2022-04-24,2,0,2,0,0,0,0,0,4,0,0,2,2022,4,24,6,114,16,2,1,0,0,-0.7818314824680299,0.6234898018587334,0.9242907221930933,-0.3816892202666588,0.9350162426854148,-0.35460488704253545,0.8660254037844387,-0.4999999999999998,0.0,0.0,0.0,0.0,0.0,0.0,0.6666666666666666,1.1547005383792517,2.0,2.0,0.2857142857142857,0.755928946018454,2.0,2.0,0.2857142857142857,0.6112498455021265,4.0,2.0,0.25,0.5853140973807079,7.0,2.0,0.4642857142857143,1.2643976030906174,26.0,8.0,0.38095238095238093,1.074398255845074,32.0,8.0,2.0,2.0,2.0,407,0.35872235872235875,0.1891891891891892,0.31203931203931207,0.2457002457002457,0.09090909090909091,0.31695331695331697,42.411167512690355,5.8452088452088455
2022-04-25,0,0,0,0,0,0,0,0,0,0,0,0,2022,4,25,0,115,17,2,0,1,0,0.0,1.0,0.9175836260593937,-0.39754281428255595,0.8854560256532099,-0.4647231720437685,0.8660254037844387,-0.4999999999999998,2.0,0.0,0.0,0.0,1.0,0.0,0.6666666666666666,1.1547005383792517,2.0,2.0,0.2857142857142857,0.755928946018454,2.0,2.0,0.21428571428571427,0.5789342235218392,3.0,2.0,0.25,0.5853140973807079,7.0,2.0,0.4642857142857143,1.2643976030906174,26.0,8.0,0.38095238095238093,1.074398255845074,32.0,8.0,-2.0,0.0,0.0,407,0.35872235872235875,0.1891891891891892,0.31203931203931207,0.2457002457002457,0.09090909090909091,0.31695331695331697,42.411167512690355,5.8452088452088455
2022-04-26,0,0,0,0,0,0,0,0,0,0,0,0,2022,4,26,1,116,17,2,0,0,0,0.7818314824680298,0.6234898018587336,0.9106046300942162,-0.4132786077829042,0.8854560256532099,-0.4647231720437685,0.8660254037844387,-0.4999999999999998,0.0,2.0,0.0,0.0,0.0,0.0,0.6666666666666666,1.1547005383792517,2.0,2.0,0.2857142857142857,0.755928946018454,2.0,2.0,0.21428571428571427,0.5789342235218392,3.0,2.0,0.25,0.5853140973807079,7.0,2.0,0.4642857142857143,1.2643976030906174,26.0,8.0,0.36904761904761907,1.0729956029593812,31.0,8.0,0.0,0.0,0.0,407,0.35872235872235875,0.1891891891891892,0.31203931203931207,0.2457002457002457,0.09090909090909091,0.31695331695331697,42.411167512690355,5.8452088452088455
2022-04-27,0,0,0,0,0,0,0,0,0,0,0,0,2022,4,27,2,117,17,2,0,0,0,0.9749279121818236,-0.22252093395631434,0.9033558023246845,-0.4288919379124835,0.8854560256532099,-0.4647231720437685,0.8660254037844387,-0.4999999999999998,0.0,0.0,2.0,0.0,1.0,0.0,0.0,0.0,0.0,0.0,0.2857142857142857,0.755928946018454,2.0,2.0,0.14285714285714285,0.5345224838248486,2.0,2.0,0.25,0.5853140973807079,7.0,2.0,0.4642857142857143,1.2643976030906174,26.0,8.0,0.36904761904761907,1.0729956029593812,31.0,8.0,0.0,0.0,0.0,407,0.35872235872235875,0.1891891891891892,0.31203931203931207,0.2457002457002457,0.09090909090909091,0.31695331695331697,42.411167512690355,5.8452088452088455
2022-04-28,1,1,0,0,0,0,0,0,1,0,0,0,2022,4,28,3,118,17,2,0,0,0,0.43388373911755823,-0.900968867902419,0.895839290734909,-0.4443781781046132,0.8854560256532099,-0.4647231720437685,0.8660254037844387,-0.4999999999999998,0.0,0.0,0.0,0.0,0.0,0.0,0.3333333333333333,0.5773502691896255,1.0,1.0,0.42857142857142855,0.7867957924694426,3.0,2.0,0.21428571428571427,0.5789342235218392,3.0,2.0,0.2857142857142857,0.5998236072282918,8.0,2.0,0.48214285714285715,1.2647827183652238,27.0,8.0,0.38095238095238093,1.074398255845074,32.0,8.0,1.0,1.0,1.0,407,0.35872235872235875,0.1891891891891892,0.31203931203931207,0.2457002457002457,0.09090909090909091,0.31695331695331697,42.411167512690355,5.8452088452088455
2022-04-29,1,0,0,0,0,0,0,0,2,0,0,0,2022,4,29,4,119,17,2,0,0,1,-0.433883739117558,-0.9009688679024191,0.8880573226294932,-0.45973273945210397,0.8854560256532099,-0.4647231720437685,0.8660254037844387,-0.4999999999999998,1.0,0.0,0.0,0.0,0.0,2.0,0.6666666666666666,0.5773502691896262,2.0,1.0,0.5714285714285714,0.7867957924694426,4.0,2.0,0.2857142857142857,0.6112498455021265,4.0,2.0,0.25,0.518187725171601,7.0,2.0,0.4642857142857143,1.2499350632483524,26.0,8.0,0.39285714285714285,1.0756657466997186,33.0,8.0,0.0,1.0,-1.0,407,0.35872235872235875,0.1891891891891892,0.31203931203931207,0.2457002457002457,0.09090909090909091,0.31695331695331697,42.411167512690355,5.8452088452088455
2022-04-30,0,0,0,0,0,0,0,0,0,0,0,0,2022,4,30,5,120,17,2,1,0,0,-0.9749279121818236,-0.2225209339563146,0.8800122039735357,-0.47495107206704995,0.8854560256532099,-0.4647231720437685,0.8660254037844387,-0.4999999999999998,1.0,1.0,0.0,0.0,0.0,0.0,0.6666666666666666,0.5773502691896262,2.0,1.0,0.5714285714285714,0.7867957924694426,4.0,2.0,0.2857142857142857,0.6112498455021265,4.0,2.0,0.25,0.518187725171601,7.0,2.0,0.44642857142857145,1.2492855100873803,25.0,8.0,0.39285714285714285,1.0756657466997186,33.0,8.0,-1.0,0.0,0.0,407,0.35872235872235875,0.1891891891891892,0.31203931203931207,0.2457002457002457,0.09090909090909091,0.31695331695331697,42.411167512690355,5.8452088452088455
2022-05-01,0,0,0,0,0,0,0,0,0,0,0,0,2022,5,1,6,121,17,2,1,0,0,-0.7818314824680299,0.6234898018587334,0.8717063187093218,-0.4900286664290592,0.8854560256532099,-0.4647231720437685,0.49999999999999994,-0.8660254037844387,0.0,1.0,1.0,2.0,0.0,0.0,0.3333333333333333,0.5773502691896255,1.0,1.0,0.2857142857142857,0.48795003647426594,2.0,1.0,0.2857142857142857,0.6112498455021265,4.0,2.0,0.25,0.518187725171601,7.0,2.0,0.42857142857142855,1.2483755678647186,24.0,8.0,0.39285714285714285,1.0756657466997186,33.0,8.0,0.0,-2.0,0.0,407,0.35872235872235875,0.1891891891891892,0.31203931203931207,0.2457002457002457,0.09090909090909091,0.31695331695331697,42.411167512690355,5.8452088452088455
2022-05-02,0,0,0,0,0,0,0,0,0,0,0,0,2022,5,2,0,122,18,2,0,1,0,0.0,1.0,0.8631421280499114,-0.5049610547215204,0.8229838658936565,-0.5680647467311557,0.49999999999999994,-0.8660254037844387,0.0,0.0,1.0,0.0,0.0,0.0,0.0,0.0,0.0,0.0,0.2857142857142857,0.48795003647426594,2.0,1.0,0.2857142857142857,0.6112498455021265,4.0,2.0,0.25,0.518187725171601,7.0,2.0,0.42857142857142855,1.2483755678647186,24.0,8.0,0.39285714285714285,1.0756657466997186,33.0,8.0,0.0,0.0,0.0,407,0.35872235872235875,0.1891891891891892,0.31203931203931207,0.2457002457002457,0.09090909090909091,0.31695331695331697,42.411167512690355,5.8452088452088455
2022-05-03,0,0,0,0,0,0,0,0,0,0,0,0,2022,5,3,1,123,18,2,0,0,0,0.7818314824680298,0.6234898018587336,0.854322169749827,-0.5197438121555155,0.8229838658936565,-0.5680647467311557,0.49999999999999994,-0.8660254037844387,0.0,0.0,0.0,0.0,0.0,0.0,0.0,0.0,0.0,0.0,0.2857142857142857,0.48795003647426594,2.0,1.0,0.2857142857142857,0.6112498455021265,4.0,2.0,0.25,0.518187725171601,7.0,2.0,0.42857142857142855,1.2483755678647186,24.0,8.0,0.38095238095238093,1.074398255845074,32.0,8.0,0.0,0.0,0.0,407,0.35872235872235875,0.1891891891891892,0.31203931203931207,0.2457002457002457,0.09090909090909091,0.31695331695331697,42.411167512690355,5.8452088452088455
2022-05-04,0,0,0,0,0,0,0,0,0,0,0,0,2022,5,4,2,124,18,2,0,0,0,0.9749279121818236,-0.22252093395631434,0.8452490573530633,-0.5343725582809786,0.8229838658936565,-0.5680647467311557,0.49999999999999994,-0.8660254037844387,0.0,0.0,0.0,0.0,0.0,0.0,0.0,0.0,0.0,0.0,0.2857142857142857,0.48795003647426594,2.0,1.0,0.2857142857142857,0.6112498455021265,4.0,2.0,0.25,0.518187725171601,7.0,2.0,0.42857142857142855,1.2483755678647186,24.0,8.0,0.35714285714285715,1.06015294580668,30.0,8.0,0.0,0.0,0.0,407,0.35872235872235875,0.1891891891891892,0.31203931203931207,0.2457002457002457,0.09090909090909091,0.31695331695331697,42.411167512690355,5.8452088452088455
2022-05-05,1,0,1,0,0,0,0,0,1,0,0,1,2022,5,5,3,125,18,2,0,0,0,0.43388373911755823,-0.900968867902419,0.8359254794186372,-0.548842958284719,0.8229838658936565,-0.5680647467311557,0.49999999999999994,-0.8660254037844387,0.0,0.0,0.0,1.0,0.0,1.0,0.3333333333333333,0.5773502691896255,1.0,1.0,0.2857142857142857,0.48795003647426594,2.0,1.0,0.35714285714285715,0.6333236937766507,5.0,2.0,0.25,0.518187725171601,7.0,2.0,0.42857142857142855,1.2483755678647186,24.0,8.0,0.36904761904761907,1.0617076708906257,31.0,8.0,1.0,0.0,0.0,407,0.35872235872235875,0.1891891891891892,0.31203931203931207,0.2457002457002457,0.09090909090909091,0.31695331695331697,42.411167512690355,5.8452088452088455
2022-05-06,0,0,0,0,0,0,0,0,0,0,0,0,2022,5,6,4,126,18,2,0,0,1,-0.433883739117558,-0.9009688679024191,0.8263541987239096,-0.5631507242749186,0.8229838658936565,-0.5680647467311557,0.49999999999999994,-0.8660254037844387,1.0,0.0,0.0,1.0,0.0,0.0,0.3333333333333333,0.5773502691896255,1.0,1.0,0.14285714285714285,0.3779644730092264,1.0,1.0,0.35714285714285715,0.6333236937766507,5.0,2.0,0.25,0.518187725171601,7.0,2.0,0.4107142857142857,1.2472046666523824,23.0,8.0,0.36904761904761907,1.0617076708906257,31.0,8.0,-1.0,-1.0,0.0,407,0.35872235872235875,0.1891891891891892,0.31203931203931207,0.2457002457002457,0.09090909090909091,0.31695331695331697,42.411167512690355,5.8452088452088455
2022-05-07,0,0,0,0,0,0,0,0,0,0,0,0,2022,5,7,5,127,18,2,1,0,0,-0.9749279121818236,-0.2225209339563146,0.8165380514459161,-0.5772916165517272,0.8229838658936565,-0.5680647467311557,0.49999999999999994,-0.8660254037844387,0.0,1.0,0.0,0.0,0.0,0.0,0.3333333333333333,0.5773502691896255,1.0,1.0,0.14285714285714285,0.3779644730092264,1.0,1.0,0.35714285714285715,0.6333236937766507,5.0,2.0,0.25,0.518187725171601,7.0,2.0,0.4107142857142857,1.2472046666523824,23.0,8.0,0.36904761904761907,1.0617076708906257,31.0,8.0,0.0,0.0,0.0,407,0.35872235872235875,0.1891891891891892,0.31203931203931207,0.2457002457002457,0.09090909090909091,0.31695331695331697,42.411167512690355,5.8452088452088455
2022-05-08,0,0,0,0,0,0,0,0,0,0,0,0,2022,5,8,6,128,18,2,1,0,0,-0.7818314824680299,0.6234898018587334,0.8064799463209448,-0.5912614448635781,0.8229838658936565,-0.5680647467311557,0.49999999999999994,-0.8660254037844387,0.0,0.0,1.0,0.0,2.0,0.0,0.0,0.0,0.0,0.0,0.14285714285714285,0.3779644730092264,1.0,1.0,0.21428571428571427,0.42581531362631986,3.0,1.0,0.25,0.518187725171601,7.0,2.0,0.4107142857142857,1.2472046666523824,23.0,8.0,0.36904761904761907,1.0617076708906257,31.0,8.0,0.0,0.0,0.0,407,0.35872235872235875,0.1891891891891892,0.31203931203931207,0.2457002457002457,0.09090909090909091,0.31695331695331697,42.411167512690355,5.8452088452088455
2022-05-09,0,0,0,0,0,0,0,0,0,0,0,0,2022,5,9,0,129,19,2,0,1,0,0.0,1.0,0.7961828637826158,-0.6050560696488488,0.7485107481711013,-0.663122658240795,0.49999999999999994,-0.8660254037844387,0.0,0.0,0.0,0.0,0.0,1.0,0.0,0.0,0.0,0.0,0.14285714285714285,0.3779644730092264,1.0,1.0,0.21428571428571427,0.42581531362631986,3.0,1.0,0.21428571428571427,0.498675494362064,6.0,2.0,0.39285714285714285,1.245772070624499,22.0,8.0,0.36904761904761907,1.0617076708906257,31.0,8.0,0.0,0.0,-1.0,407,0.35872235872235875,0.1891891891891892,0.31203931203931207,0.2457002457002457,0.09090909090909091,0.31695331695331697,42.411167512690355,5.8452088452088455
2022-05-10,0,0,0,0,0,0,0,0,0,0,0,0,2022,5,10,1,130,19,2,0,0,0,0.7818314824680298,0.6234898018587336,0.7856498550787147,-0.6186714032625031,0.7485107481711013,-0.663122658240795,0.49999999999999994,-0.8660254037844387,0.0,0.0,0.0,0.0,0.0,0.0,0.0,0.0,0.0,0.0,0.14285714285714285,0.3779644730092264,1.0,1.0,0.21428571428571427,0.42581531362631986,3.0,1.0,0.21428571428571427,0.498675494362064,6.0,2.0,0.39285714285714285,1.245772070624499,22.0,8.0,0.36904761904761907,1.0617076708906257,31.0,8.0,0.0,0.0,0.0,407,0.35872235872235875,0.1891891891891892,0.31203931203931207,0.2457002457002457,0.09090909090909091,0.31695331695331697,42.411167512690355,5.8452088452088455
2022-05-11,1,0,0,1,0,0,0,0,2,0,0,0,2022,5,11,2,131,19,2,0,0,0,0.9749279121818236,-0.22252093395631434,0.7748840413670407,-0.6321034111873487,0.7485107481711013,-0.663122658240795,0.49999999999999994,-0.8660254037844387,0.0,0.0,0.0,0.0,0.0,1.0,0.3333333333333333,0.5773502691896255,1.0,1.0,0.2857142857142857,0.48795003647426594,2.0,1.0,0.2857142857142857,0.4688072309384952,4.0,1.0,0.21428571428571427,0.498675494362064,6.0,2.0,0.4107142857142857,1.2472046666523824,23.0,8.0,0.38095238095238093,1.0631252168116267,32.0,8.0,1.0,1.0,0.0,407,0.35872235872235875,0.1891891891891892,0.31203931203931207,0.2457002457002457,0.09090909090909091,0.31695331695331697,42.411167512690355,5.8452088452088455
2022-05-12,0,0,0,0,0,0,0,0,0,0,0,0,2022,5,12,3,132,19,2,0,0,0,0.43388373911755823,-0.900968867902419,0.7638886127905428,-0.6453481132295501,0.7485107481711013,-0.663122658240795,0.49999999999999994,-0.8660254037844387,1.0,0.0,0.0,1.0,1.0,0.0,0.3333333333333333,0.5773502691896255,1.0,1.0,0.14285714285714285,0.3779644730092264,1.0,1.0,0.21428571428571427,0.42581531362631986,3.0,1.0,0.21428571428571427,0.498675494362064,6.0,2.0,0.26785714285714285,0.7004173153088203,15.0,4.0,0.38095238095238093,1.0631252168116267,32.0,8.0,-1.0,-1.0,0.0,407,0.35872235872235875,0.1891891891891892,0.31203931203931207,0.2457002457002457,0.09090909090909091,0.31695331695331697,42.411167512690355,5.8452088452088455
2022-05-13,0,0,0,0,0,0,0,0,0,0,0,0,2022,5,13,4,133,19,2,0,0,1,-0.433883739117558,-0.9009688679024191,0.7526668275320085,-0.6584015846980488,0.7485107481711013,-0.663122658240795,0.49999999999999994,-0.8660254037844387,0.0,1.0,0.0,0.0,1.0,0.0,0.3333333333333333,0.5773502691896255,1.0,1.0,0.14285714285714285,0.3779644730092264,1.0,1.0,0.14285714285714285,0.36313651960128124,2.0,1.0,0.21428571428571427,0.498675494362064,6.0,2.0,0.26785714285714285,0.7004173153088203,15.0,4.0,0.38095238095238093,1.0631252168116267,32.0,8.0,0.0,0.0,0.0,407,0.35872235872235875,0.1891891891891892,0.31203931203931207,0.2457002457002457,0.09090909090909091,0.31695331695331697,42.411167512690355,5.8452088452088455
2022-05-14,0,0,0,0,0,0,0,0,0,0,0,0,2022,5,14,5,134,19,2,1,0,0,-0.9749279121818236,-0.2225209339563146,0.7412220108485958,-0.6712599575675313,0.7485107481711013,-0.663122658240795,0.49999999999999994,-0.8660254037844387,0.0,0.0,1.0,0.0,0.0,0.0,0.0,0.0,0.0,0.0,0.14285714285714285,0.3779644730092264,1.0,1.0,0.14285714285714285,0.36313651960128124,2.0,1.0,0.21428571428571427,0.498675494362064,6.0,2.0,0.26785714285714285,0.7004173153088203,15.0,4.0,0.36904761904761907,1.0617076708906257,31.0,8.0,0.0,0.0,0.0,407,0.35872235872235875,0.1891891891891892,0.31203931203931207,0.2457002457002457,0.09090909090909091,0.31695331695331697,42.411167512690355,5.8452088452088455
2022-05-15,0,0,0,0,0,0,0,0,0,0,0,0,2022,5,15,6,135,19,2,1,0,0,-0.7818314824680299,0.6234898018587334,0.7295575540864875,-0.6839194216246106,0.7485107481711013,-0.663122658240795,0.49999999999999994,-0.8660254037844387,0.0,0.0,0.0,0.0,0.0,0.0,0.0,0.0,0.0,0.0,0.14285714285714285,0.3779644730092264,1.0,1.0,0.14285714285714285,0.36313651960128124,2.0,1.0,0.21428571428571427,0.498675494362064,6.0,2.0,0.26785714285714285,0.7004173153088203,15.0,4.0,0.36904761904761907,1.0617076708906257,31.0,8.0,0.0,0.0,0.0,407,0.35872235872235875,0.1891891891891892,0.31203931203931207,0.2457002457002457,0.09090909090909091,0.31695331695331697,42.411167512690355,5.8452088452088455
2022-05-16,0,0,0,0,0,0,0,0,0,0,0,0,2022,5,16,0,136,20,2,0,1,0,0.0,1.0,0.717676913675962,-0.6963762255968722,0.6631226582407952,-0.7485107481711012,0.49999999999999994,-0.8660254037844387,0.0,0.0,0.0,0.0,0.0,0.0,0.0,0.0,0.0,0.0,0.14285714285714285,0.3779644730092264,1.0,1.0,0.14285714285714285,0.36313651960128124,2.0,1.0,0.21428571428571427,0.498675494362064,6.0,2.0,0.19642857142857142,0.48315790218266985,11.0,2.0,0.36904761904761907,1.0617076708906257,31.0,8.0,0.0,0.0,0.0,407,0.35872235872235875,0.1891891891891892,0.31203931203931207,0.2457002457002457,0.09090909090909091,0.31695331695331697,42.411167512690355,5.8452088452088455
2022-05-17,0,0,0,0,0,0,0,0,0,0,0,0,2022,5,17,1,137,20,2,0,0,0,0.7818314824680298,0.6234898018587336,0.705583610107178,-0.7086266782644596,0.6631226582407952,-0.7485107481711012,0.49999999999999994,-0.8660254037844387,0.0,0.0,0.0,0.0,0.0,0.0,0.0,0.0,0.0,0.0,0.14285714285714285,0.3779644730092264,1.0,1.0,0.14285714285714285,0.36313651960128124,2.0,1.0,0.21428571428571427,0.498675494362064,6.0,2.0,0.19642857142857142,0.48315790218266985,11.0,2.0,0.36904761904761907,1.0617076708906257,31.0,8.0,0.0,0.0,0.0,407,0.35872235872235875,0.1891891891891892,0.31203931203931207,0.2457002457002457,0.09090909090909091,0.31695331695331697,42.411167512690355,5.8452088452088455
2022-05-18,0,0,0,0,0,0,0,0,0,0,0,0,2022,5,18,2,138,20,2,0,0,0,0.9749279121818236,-0.22252093395631434,0.6932812268869777,-0.7206671495538609,0.6631226582407952,-0.7485107481711012,0.49999999999999994,-0.8660254037844387,0.0,0.0,0.0,1.0,0.0,0.0,0.0,0.0,0.0,0.0,0.0,0.0,0.0,0.0,0.14285714285714285,0.36313651960128124,2.0,1.0,0.21428571428571427,0.498675494362064,6.0,2.0,0.19642857142857142,0.48315790218266985,11.0,2.0,0.36904761904761907,1.0617076708906257,31.0,8.0,0.0,-1.0,0.0,407,0.35872235872235875,0.1891891891891892,0.31203931203931207,0.2457002457002457,0.09090909090909091,0.31695331695331697,42.411167512690355,5.8452088452088455
2022-05-19,0,0,0,0,0,0,0,0,0,0,0,0,2022,5,19,3,139,20,2,0,0,0,0.43388373911755823,-0.900968867902419,0.6807734094770161,-0.7324940716135789,0.6631226582407952,-0.7485107481711012,0.49999999999999994,-0.8660254037844387,0.0,0.0,0.0,0.0,1.0,0.0,0.0,0.0,0.0,0.0,0.0,0.0,0.0,0.0,0.07142857142857142,0.2672612419124242,1.0,1.0,0.21428571428571427,0.498675494362064,6.0,2.0,0.19642857142857142,0.48315790218266985,11.0,2.0,0.36904761904761907,1.0617076708906257,31.0,8.0,0.0,0.0,0.0,407,0.35872235872235875,0.1891891891891892,0.31203931203931207,0.2457002457002457,0.09090909090909091,0.31695331695331697,42.411167512690355,5.8452088452088455
2022-05-20,0,0,0,0,0,0,0,0,0,0,0,0,2022,5,20,4,140,20,2,0,0,1,-0.433883739117558,-0.9009688679024191,0.6680638642135335,-0.7441039398713607,0.6631226582407952,-0.7485107481711012,0.49999999999999994,-0.8660254037844387,0.0,0.0,0.0,0.0,0.0,0.0,0.0,0.0,0.0,0.0,0.0,0.0,0.0,0.0,0.07142857142857142,0.2672612419124242,1.0,1.0,0.21428571428571427,0.498675494362064,6.0,2.0,0.19642857142857142,0.48315790218266985,11.0,2.0,0.35714285714285715,1.06015294580668,30.0,8.0,0.0,0.0,0.0,407,0.35872235872235875,0.1891891891891892,0.31203931203931207,0.2457002457002457,0.09090909090909091,0.31695331695331697,42.411167512690355,5.8452088452088455
2022-05-21,0,0,0,0,0,0,0,0,0,0,0,0,2022,5,21,5,141,20,2,1,0,0,-0.9749279121818236,-0.2225209339563146,0.6551563572090853,-0.7554933140726803,0.6631226582407952,-0.7485107481711012,0.49999999999999994,-0.8660254037844387,0.0,0.0,0.0,0.0,0.0,0.0,0.0,0.0,0.0,0.0,0.0,0.0,0.0,0.0,0.07142857142857142,0.2672612419124242,1.0,1.0,0.21428571428571427,0.498675494362064,6.0,2.0,0.19642857142857142,0.48315790218266985,11.0,2.0,0.35714285714285715,1.06015294580668,30.0,8.0,0.0,0.0,0.0,407,0.35872235872235875,0.1891891891891892,0.31203931203931207,0.2457002457002457,0.09090909090909091,0.31695331695331697,42.411167512690355,5.8452088452088455
2022-05-22,0,0,0,0,0,0,0,0,0,0,0,0,2022,5,22,6,142,20,2,1,0,0,-0.7818314824680299,0.6234898018587334,0.6420547132365637,-0.766658819300159,0.6631226582407952,-0.7485107481711012,0.49999999999999994,-0.8660254037844387,0.0,0.0,0.0,0.0,0.0,2.0,0.0,0.0,0.0,0.0,0.0,0.0,0.0,0.0,0.07142857142857142,0.2672612419124242,1.0,1.0,0.14285714285714285,0.3563483225498995,4.0,1.0,0.19642857142857142,0.48315790218266985,11.0,2.0,0.35714285714285715,1.06015294580668,30.0,8.0,0.0,0.0,-2.0,407,0.35872235872235875,0.1891891891891892,0.31203931203931207,0.2457002457002457,0.09090909090909091,0.31695331695331697,42.411167512690355,5.8452088452088455
2022-05-23,1,1,0,1,0,1,0,1,2,0,0,0,2022,5,23,0,143,21,2,0,1,0,0.0,1.0,0.6287628145958344,-0.7775971469736269,0.5680647467311558,-0.8229838658936564,0.49999999999999994,-0.8660254037844387,0.0,0.0,0.0,0.0,0.0,0.0,0.3333333333333333,0.5773502691896255,1.0,1.0,0.14285714285714285,0.3779644730092264,1.0,1.0,0.14285714285714285,0.36313651960128124,2.0,1.0,0.17857142857142858,0.39002102778748016,5.0,1.0,0.21428571428571427,0.49412128486419615,12.0,2.0,0.36904761904761907,1.0617076708906257,31.0,8.0,1.0,1.0,1.0,407,0.35872235872235875,0.1891891891891892,0.31203931203931207,0.2457002457002457,0.09090909090909091,0.31695331695331697,42.411167512690355,5.8452088452088455
2022-05-24,0,0,0,0,0,0,0,0,0,0,0,0,2022,5,24,1,144,21,2,0,0,0,0.7818314824680298,0.6234898018587336,0.6152845999633276,-0.7883050558305255,0.5680647467311558,-0.8229838658936564,0.49999999999999994,-0.8660254037844387,1.0,0.0,0.0,0.0,0.0,0.0,0.3333333333333333,0.5773502691896255,1.0,1.0,0.14285714285714285,0.3779644730092264,1.0,1.0,0.14285714285714285,0.36313651960128124,2.0,1.0,0.17857142857142858,0.39002102778748016,5.0,1.0,0.21428571428571427,0.49412128486419615,12.0,2.0,0.36904761904761907,1.0617076708906257,31.0,8.0,-1.0,0.0,0.0,407,0.35872235872235875,0.1891891891891892,0.31203931203931207,0.2457002457002457,0.09090909090909091,0.31695331695331697,42.411167512690355,5.8452088452088455
2022-05-25,2,0,0,0,0,2,0,2,6,2,2,0,2022,5,25,2,145,21,2,0,0,0,0.9749279121818236,-0.22252093395631434,0.6016240632249226,-0.7987793728863649,0.5680647467311558,-0.8229838658936564,0.49999999999999994,-0.8660254037844387,0.0,1.0,0.0,0.0,1.0,0.0,1.0,1.0000000000000007,3.0,2.0,0.42857142857142855,0.7867957924694426,3.0,2.0,0.21428571428571427,0.5789342235218392,3.0,2.0,0.25,0.518187725171601,7.0,2.0,0.25,0.5477225575051661,14.0,2.0,0.39285714285714285,1.0756657466997186,33.0,8.0,2.0,2.0,2.0,407,0.35872235872235875,0.1891891891891892,0.31203931203931207,0.2457002457002457,0.09090909090909091,0.31695331695331697,42.411167512690355,5.8452088452088455
2022-05-26,0,0,0,0,0,0,0,0,0,0,0,0,2022,5,26,3,146,21,2,0,0,0,0.43388373911755823,-0.900968867902419,0.5877852522924732,-0.8090169943749473,0.5680647467311558,-0.8229838658936564,0.49999999999999994,-0.8660254037844387,2.0,0.0,1.0,0.0,0.0,1.0,0.6666666666666666,1.1547005383792517,2.0,2.0,0.42857142857142855,0.7867957924694426,3.0,2.0,0.21428571428571427,0.5789342235218392,3.0,2.0,0.21428571428571427,0.498675494362064,6.0,2.0,0.25,0.5477225575051661,14.0,2.0,0.39285714285714285,1.0756657466997186,33.0,8.0,-2.0,0.0,-1.0,407,0.35872235872235875,0.1891891891891892,0.31203931203931207,0.2457002457002457,0.09090909090909091,0.31695331695331697,42.411167512690355,5.8452088452088455
2022-05-27,0,0,0,0,0,0,0,0,0,0,0,0,2022,5,27,4,147,21,2,0,0,1,-0.433883739117558,-0.9009688679024191,0.5737722679043246,-0.8190148866680801,0.5680647467311558,-0.8229838658936564,0.49999999999999994,-0.8660254037844387,0.0,2.0,0.0,0.0,0.0,1.0,0.6666666666666666,1.1547005383792517,2.0,2.0,0.42857142857142855,0.7867957924694426,3.0,2.0,0.21428571428571427,0.5789342235218392,3.0,2.0,0.17857142857142858,0.4755948656056712,5.0,2.0,0.21428571428571427,0.49412128486419615,12.0,2.0,0.36904761904761907,1.0617076708906257,31.0,8.0,0.0,0.0,-1.0,407,0.35872235872235875,0.1891891891891892,0.31203931203931207,0.2457002457002457,0.09090909090909091,0.31695331695331697,42.411167512690355,5.8452088452088455
2022-05-28,0,0,0,0,0,0,0,0,0,0,0,0,2022,5,28,5,148,21,2,1,0,0,-0.9749279121818236,-0.2225209339563146,0.5595892624101765,-0.8287700871745038,0.5680647467311558,-0.8229838658936564,0.49999999999999994,-0.8660254037844387,0.0,0.0,2.0,0.0,0.0,0.0,0.0,0.0,0.0,0.0,0.42857142857142855,0.7867957924694426,3.0,2.0,0.21428571428571427,0.5789342235218392,3.0,2.0,0.17857142857142858,0.4755948656056712,5.0,2.0,0.21428571428571427,0.49412128486419615,12.0,2.0,0.35714285714285715,1.06015294580668,30.0,8.0,0.0,0.0,0.0,407,0.35872235872235875,0.1891891891891892,0.31203931203931207,0.2457002457002457,0.09090909090909091,0.31695331695331697,42.411167512690355,5.8452088452088455
2022-05-29,0,0,0,0,0,0,0,0,0,0,0,0,2022,5,29,6,149,21,2,1,0,0,-0.7818314824680299,0.6234898018587334,0.545240438540651,-0.8382797052177744,0.5680647467311558,-0.8229838658936564,0.49999999999999994,-0.8660254037844387,0.0,0.0,0.0,0.0,0.0,0.0,0.0,0.0,0.0,0.0,0.42857142857142855,0.7867957924694426,3.0,2.0,0.21428571428571427,0.5789342235218392,3.0,2.0,0.17857142857142858,0.4755948656056712,5.0,2.0,0.21428571428571427,0.49412128486419615,12.0,2.0,0.34523809523809523,1.0584604370709945,29.0,8.0,0.0,0.0,0.0,407,0.35872235872235875,0.1891891891891892,0.31203931203931207,0.2457002457002457,0.09090909090909091,0.31695331695331697,42.411167512690355,5.8452088452088455
2022-05-30,0,0,0,0,0,0,0,0,0,0,0,0,2022,5,30,0,150,22,2,0,1,0,0.0,1.0,0.5307300481619334,-0.8475409228928311,0.46472317204376906,-0.8854560256532096,0.49999999999999994,-0.8660254037844387,0.0,0.0,0.0,1.0,0.0,0.0,0.0,0.0,0.0,0.0,0.2857142857142857,0.7559289460184541,2.0,2.0,0.21428571428571427,0.5789342235218392,3.0,2.0,0.17857142857142858,0.4755948656056712,5.0,2.0,0.21428571428571427,0.49412128486419615,12.0,2.0,0.34523809523809523,1.0584604370709945,29.0,8.0,0.0,-1.0,0.0,407,0.35872235872235875,0.1891891891891892,0.31203931203931207,0.2457002457002457,0.09090909090909091,0.31695331695331697,42.411167512690355,5.8452088452088455
2022-05-31,0,0,0,0,0,0,0,0,0,0,0,0,2022,5,31,1,151,22,2,0,0,0,0.7818314824680298,0.6234898018587336,0.5160623910158528,-0.8565509959010036,0.46472317204376906,-0.8854560256532096,0.49999999999999994,-0.8660254037844387,0.0,0.0,0.0,0.0,0.0,0.0,0.0,0.0,0.0,0.0,0.2857142857142857,0.7559289460184541,2.0,2.0,0.21428571428571427,0.5789342235218392,3.0,2.0,0.17857142857142858,0.4755948656056712,5.0,2.0,0.21428571428571427,0.49412128486419615,12.0,2.0,0.34523809523809523,1.0584604370709945,29.0,8.0,0.0,0.0,0.0,407,0.35872235872235875,0.1891891891891892,0.31203931203931207,0.2457002457002457,0.09090909090909091,0.31695331695331697,42.411167512690355,5.8452088452088455
2022-06-01,0,0,0,0,0,0,0,0,0,0,0,0,2022,6,1,2,152,22,2,0,0,0,0.9749279121818236,-0.22252093395631434,0.5012418134457758,-0.865307254363206,0.46472317204376906,-0.8854560256532096,1.2246467991473532e-16,-1.0,0.0,0.0,0.0,2.0,0.0,0.0,0.0,0.0,0.0,0.0,0.0,0.0,0.0,0.0,0.21428571428571427,0.5789342235218392,3.0,2.0,0.17857142857142858,0.4755948656056712,5.0,2.0,0.21428571428571427,0.49412128486419615,12.0,2.0,0.34523809523809523,1.0584604370709945,29.0,8.0,0.0,-2.0,0.0,407,0.35872235872235875,0.1891891891891892,0.31203931203931207,0.2457002457002457,0.09090909090909091,0.31695331695331697,42.411167512690355,5.8452088452088455
2022-06-02,0,0,0,0,0,0,0,0,0,0,0,0,2022,6,2,3,153,22,2,0,0,0,0.43388373911755823,-0.900968867902419,0.48627270710868997,-0.8738071036110808,0.46472317204376906,-0.8854560256532096,1.2246467991473532e-16,-1.0,0.0,0.0,0.0,0.0,0.0,1.0,0.0,0.0,0.0,0.0,0.0,0.0,0.0,0.0,0.21428571428571427,0.5789342235218392,3.0,2.0,0.14285714285714285,0.4483951394230331,4.0,2.0,0.19642857142857142,0.48315790218266985,11.0,2.0,0.3333333333333333,1.056629482578361,28.0,8.0,0.0,0.0,-1.0,407,0.35872235872235875,0.1891891891891892,0.31203931203931207,0.2457002457002457,0.09090909090909091,0.31695331695331697,42.411167512690355,5.8452088452088455
2022-06-03,0,0,0,0,0,0,0,0,0,0,0,0,2022,6,3,4,154,22,2,0,0,1,-0.433883739117558,-0.9009688679024191,0.4711595076738638,-0.8820480249558537,0.46472317204376906,-0.8854560256532096,1.2246467991473532e-16,-1.0,0.0,0.0,0.0,0.0,0.0,0.0,0.0,0.0,0.0,0.0,0.0,0.0,0.0,0.0,0.21428571428571427,0.5789342235218392,3.0,2.0,0.14285714285714285,0.4483951394230331,4.0,2.0,0.19642857142857142,0.48315790218266985,11.0,2.0,0.32142857142857145,1.054659361277595,27.0,8.0,0.0,0.0,0.0,407,0.35872235872235875,0.1891891891891892,0.31203931203931207,0.2457002457002457,0.09090909090909091,0.31695331695331697,42.411167512690355,5.8452088452088455
2022-06-04,0,0,0,0,0,0,0,0,0,0,0,0,2022,6,4,5,155,22,2,1,0,0,-0.9749279121818236,-0.2225209339563146,0.4559066935084588,-0.8900275764346767,0.46472317204376906,-0.8854560256532096,1.2246467991473532e-16,-1.0,0.0,0.0,0.0,0.0,0.0,0.0,0.0,0.0,0.0,0.0,0.0,0.0,0.0,0.0,0.21428571428571427,0.5789342235218392,3.0,2.0,0.14285714285714285,0.4483951394230331,4.0,2.0,0.19642857142857142,0.48315790218266985,11.0,2.0,0.32142857142857145,1.054659361277595,27.0,8.0,0.0,0.0,0.0,407,0.35872235872235875,0.1891891891891892,0.31203931203931207,0.2457002457002457,0.09090909090909091,0.31695331695331697,42.411167512690355,5.8452088452088455
2022-06-05,1,0,1,0,0,0,0,0,2,0,0,1,2022,6,5,6,156,22,2,1,0,0,-0.7818314824680299,0.6234898018587334,0.440518784350495,-0.8977433935342337,0.46472317204376906,-0.8854560256532096,1.2246467991473532e-16,-1.0,0.0,0.0,0.0,0.0,0.0,0.0,0.3333333333333333,0.5773502691896255,1.0,1.0,0.14285714285714285,0.37796447300922653,1.0,1.0,0.2857142857142857,0.6112498455021265,4.0,2.0,0.17857142857142858,0.47559486560567116,5.0,2.0,0.21428571428571427,0.49412128486419615,12.0,2.0,0.3333333333333333,1.056629482578361,28.0,8.0,1.0,1.0,1.0,407,0.35872235872235875,0.1891891891891892,0.31203931203931207,0.2457002457002457,0.09090909090909091,0.31695331695331697,42.411167512690355,5.8452088452088455
2022-06-06,0,0,0,0,0,0,0,0,0,0,0,0,2022,6,6,0,157,23,2,0,1,0,0.0,1.0,0.42500033996955416,-0.9051931898913974,0.35460488704253584,-0.9350162426854147,1.2246467991473532e-16,-1.0,1.0,0.0,0.0,0.0,1.0,0.0,0.3333333333333333,0.5773502691896255,1.0,1.0,0.14285714285714285,0.37796447300922653,1.0,1.0,0.21428571428571427,0.5789342235218392,3.0,2.0,0.17857142857142858,0.47559486560567116,5.0,2.0,0.19642857142857142,0.48315790218266985,11.0,2.0,0.32142857142857145,1.054659361277595,27.0,8.0,-1.0,0.0,0.0,407,0.35872235872235875,0.1891891891891892,0.31203931203931207,0.2457002457002457,0.09090909090909091,0.31695331695331697,42.411167512690355,5.8452088452088455
2022-06-07,0,0,0,0,0,0,0,0,0,0,0,0,2022,6,7,1,158,23,2,0,0,0,0.7818314824680298,0.6234898018587336,0.4093559588156213,-0.9123747579707273,0.35460488704253584,-0.9350162426854147,1.2246467991473532e-16,-1.0,0.0,1.0,0.0,0.0,0.0,0.0,0.3333333333333333,0.5773502691896255,1.0,1.0,0.14285714285714285,0.37796447300922653,1.0,1.0,0.21428571428571427,0.5789342235218392,3.0,2.0,0.17857142857142858,0.47559486560567116,5.0,2.0,0.19642857142857142,0.48315790218266985,11.0,2.0,0.32142857142857145,1.054659361277595,27.0,8.0,0.0,0.0,0.0,407,0.35872235872235875,0.1891891891891892,0.31203931203931207,0.2457002457002457,0.09090909090909091,0.31695331695331697,42.411167512690355,5.8452088452088455
2022-06-08,0,0,0,0,0,0,0,0,0,0,0,0,2022,6,8,2,159,23,2,0,0,0,0.9749279121818236,-0.22252093395631434,0.39359027665646673,-0.9192859697186104,0.35460488704253584,-0.9350162426854147,1.2246467991473532e-16,-1.0,0.0,0.0,1.0,0.0,2.0,1.0,0.0,0.0,0.0,0.0,0.14285714285714285,0.37796447300922653,1.0,1.0,0.07142857142857142,0.2672612419124242,1.0,1.0,0.14285714285714285,0.4483951394230331,4.0,2.0,0.17857142857142858,0.4712514425207864,10.0,2.0,0.32142857142857145,1.054659361277595,27.0,8.0,0.0,0.0,-1.0,407,0.35872235872235875,0.1891891891891892,0.31203931203931207,0.2457002457002457,0.09090909090909091,0.31695331695331697,42.411167512690355,5.8452088452088455
2022-06-09,1,0,0,0,0,0,0,0,2,0,0,0,2022,6,9,3,160,23,2,0,0,0,0.43388373911755823,-0.900968867902419,0.3777079652039649,-0.9259247771938498,0.35460488704253584,-0.9350162426854147,1.2246467991473532e-16,-1.0,0.0,0.0,0.0,0.0,0.0,0.0,0.3333333333333333,0.5773502691896255,1.0,1.0,0.2857142857142857,0.48795003647426594,2.0,1.0,0.14285714285714285,0.36313651960128124,2.0,1.0,0.17857142857142858,0.47559486560567116,5.0,2.0,0.19642857142857142,0.48315790218266985,11.0,2.0,0.23809523809523808,0.6328182825837377,20.0,4.0,1.0,1.0,1.0,407,0.35872235872235875,0.1891891891891892,0.31203931203931207,0.2457002457002457,0.09090909090909091,0.31695331695331697,42.411167512690355,5.8452088452088455
2022-06-10,0,0,0,0,0,0,0,0,0,0,0,0,2022,6,10,4,161,23,2,0,0,1,-0.433883739117558,-0.9009688679024191,0.36171373072976765,-0.9322892131745133,0.35460488704253584,-0.9350162426854147,1.2246467991473532e-16,-1.0,1.0,0.0,0.0,0.0,0.0,0.0,0.3333333333333333,0.5773502691896255,1.0,1.0,0.2857142857142857,0.48795003647426594,2.0,1.0,0.14285714285714285,0.36313651960128124,2.0,1.0,0.17857142857142858,0.47559486560567116,5.0,2.0,0.19642857142857142,0.48315790218266985,11.0,2.0,0.23809523809523808,0.6328182825837377,20.0,4.0,-1.0,0.0,0.0,407,0.35872235872235875,0.1891891891891892,0.31203931203931207,0.2457002457002457,0.09090909090909091,0.31695331695331697,42.411167512690355,5.8452088452088455
2022-06-11,0,0,0,0,0,0,0,0,0,0,0,0,2022,6,11,5,162,23,2,1,0,0,-0.9749279121818236,-0.2225209339563146,0.3456123126707335,-0.9383773917408641,0.35460488704253584,-0.9350162426854147,1.2246467991473532e-16,-1.0,0.0,1.0,0.0,0.0,0.0,0.0,0.3333333333333333,0.5773502691896255,1.0,1.0,0.2857142857142857,0.48795003647426594,2.0,1.0,0.14285714285714285,0.36313651960128124,2.0,1.0,0.17857142857142858,0.47559486560567116,5.0,2.0,0.19642857142857142,0.48315790218266985,11.0,2.0,0.23809523809523808,0.6328182825837377,20.0,4.0,0.0,0.0,0.0,407,0.35872235872235875,0.1891891891891892,0.31203931203931207,0.2457002457002457,0.09090909090909091,0.31695331695331697,42.411167512690355,5.8452088452088455
2022-06-12,0,0,0,0,0,0,0,0,0,0,0,0,2022,6,12,6,163,23,2,1,0,0,-0.7818314824680299,0.6234898018587334,0.3294084822245304,-0.9441875088341993,0.35460488704253584,-0.9350162426854147,1.2246467991473532e-16,-1.0,0.0,0.0,1.0,1.0,0.0,0.0,0.0,0.0,0.0,0.0,0.14285714285714285,0.37796447300922653,1.0,1.0,0.14285714285714285,0.36313651960128124,2.0,1.0,0.17857142857142858,0.47559486560567116,5.0,2.0,0.19642857142857142,0.48315790218266985,11.0,2.0,0.23809523809523808,0.6328182825837377,20.0,4.0,0.0,-1.0,0.0,407,0.35872235872235875,0.1891891891891892,0.31203931203931207,0.2457002457002457,0.09090909090909091,0.31695331695331697,42.411167512690355,5.8452088452088455
2022-06-13,0,0,0,0,0,0,0,0,0,0,0,0,2022,6,13,0,164,24,2,0,1,0,0.0,1.0,0.3131070409358269,-0.9497178427914316,0.23931566428755768,-0.970941817426052,1.2246467991473532e-16,-1.0,0.0,0.0,0.0,0.0,0.0,0.0,0.0,0.0,0.0,0.0,0.14285714285714285,0.37796447300922653,1.0,1.0,0.14285714285714285,0.36313651960128124,2.0,1.0,0.17857142857142858,0.47559486560567116,5.0,2.0,0.19642857142857142,0.48315790218266985,11.0,2.0,0.19047619047619047,0.4778513777162438,16.0,2.0,0.0,0.0,0.0,407,0.35872235872235875,0.1891891891891892,0.31203931203931207,0.2457002457002457,0.09090909090909091,0.31695331695331697,42.411167512690355,5.8452088452088455
2022-06-14,0,0,0,0,0,0,0,0,0,0,0,0,2022,6,14,1,165,24,2,0,0,0,0.7818314824680298,0.6234898018587336,0.29671281927349075,-0.9549667548552551,0.23931566428755768,-0.970941817426052,1.2246467991473532e-16,-1.0,0.0,0.0,0.0,0.0,0.0,0.0,0.0,0.0,0.0,0.0,0.14285714285714285,0.37796447300922653,1.0,1.0,0.14285714285714285,0.36313651960128124,2.0,1.0,0.17857142857142858,0.47559486560567116,5.0,2.0,0.19642857142857142,0.48315790218266985,11.0,2.0,0.19047619047619047,0.4778513777162438,16.0,2.0,0.0,0.0,0.0,407,0.35872235872235875,0.1891891891891892,0.31203931203931207,0.2457002457002457,0.09090909090909091,0.31695331695331697,42.411167512690355,5.8452088452088455
2022-06-15,0,0,0,0,0,0,0,0,0,0,0,0,2022,6,15,2,166,24,2,0,0,0,0.9749279121818236,-0.22252093395631434,0.28023067519921585,-0.9599326896597447,0.23931566428755768,-0.970941817426052,1.2246467991473532e-16,-1.0,0.0,0.0,0.0,0.0,0.0,0.0,0.0,0.0,0.0,0.0,0.14285714285714285,0.37796447300922653,1.0,1.0,0.14285714285714285,0.36313651960128124,2.0,1.0,0.17857142857142858,0.47559486560567116,5.0,2.0,0.19642857142857142,0.48315790218266985,11.0,2.0,0.19047619047619047,0.4778513777162438,16.0,2.0,0.0,0.0,0.0,407,0.35872235872235875,0.1891891891891892,0.31203931203931207,0.2457002457002457,0.09090909090909091,0.31695331695331697,42.411167512690355,5.8452088452088455
2022-06-16,0,0,0,0,0,0,0,0,0,0,0,0,2022,6,16,3,167,24,2,0,0,0,0.43388373911755823,-0.900968867902419,0.26366549272800704,-0.9646141756912435,0.23931566428755768,-0.970941817426052,1.2246467991473532e-16,-1.0,0.0,0.0,0.0,1.0,0.0,0.0,0.0,0.0,0.0,0.0,0.0,0.0,0.0,0.0,0.14285714285714285,0.36313651960128124,2.0,1.0,0.17857142857142858,0.47559486560567116,5.0,2.0,0.19642857142857142,0.48315790218266985,11.0,2.0,0.19047619047619047,0.4778513777162438,16.0,2.0,0.0,-1.0,0.0,407,0.35872235872235875,0.1891891891891892,0.31203931203931207,0.2457002457002457,0.09090909090909091,0.31695331695331697,42.411167512690355,5.8452088452088455
2022-06-17,0,0,0,0,0,0,0,0,0,0,0,0,2022,6,17,4,168,24,2,0,0,1,-0.433883739117558,-0.9009688679024191,0.24702218048093552,-0.9690098257244062,0.23931566428755768,-0.970941817426052,1.2246467991473532e-16,-1.0,0.0,0.0,0.0,0.0,0.0,0.0,0.0,0.0,0.0,0.0,0.0,0.0,0.0,0.0,0.14285714285714285,0.36313651960128124,2.0,1.0,0.17857142857142858,0.47559486560567116,5.0,2.0,0.19642857142857142,0.48315790218266985,11.0,2.0,0.19047619047619047,0.4778513777162438,16.0,2.0,0.0,0.0,0.0,407,0.35872235872235875,0.1891891891891892,0.31203931203931207,0.2457002457002457,0.09090909090909091,0.31695331695331697,42.411167512690355,5.8452088452088455
2022-06-18,0,0,0,0,0,0,0,0,0,0,0,0,2022,6,18,5,169,24,2,1,0,0,-0.9749279121818236,-0.2225209339563146,0.23030567023061221,-0.9731183372332619,0.23931566428755768,-0.970941817426052,1.2246467991473532e-16,-1.0,0.0,0.0,0.0,0.0,0.0,0.0,0.0,0.0,0.0,0.0,0.0,0.0,0.0,0.0,0.14285714285714285,0.36313651960128124,2.0,1.0,0.17857142857142858,0.47559486560567116,5.0,2.0,0.19642857142857142,0.48315790218266985,11.0,2.0,0.19047619047619047,0.4778513777162438,16.0,2.0,0.0,0.0,0.0,407,0.35872235872235875,0.1891891891891892,0.31203931203931207,0.2457002457002457,0.09090909090909091,0.31695331695331697,42.411167512690355,5.8452088452088455
2022-06-19,0,0,0,0,0,0,0,0,0,0,0,0,2022,6,19,6,170,24,2,1,0,0,-0.7818314824680299,0.6234898018587334,0.21352091543979612,-0.9769384927771817,0.23931566428755768,-0.970941817426052,1.2246467991473532e-16,-1.0,0.0,0.0,0.0,0.0,1.0,0.0,0.0,0.0,0.0,0.0,0.0,0.0,0.0,0.0,0.07142857142857142,0.2672612419124242,1.0,1.0,0.17857142857142858,0.47559486560567116,5.0,2.0,0.16071428571428573,0.4167748777233323,9.0,2.0,0.19047619047619047,0.4778513777162438,16.0,2.0,0.0,0.0,0.0,407,0.35872235872235875,0.1891891891891892,0.31203931203931207,0.2457002457002457,0.09090909090909091,0.31695331695331697,42.411167512690355,5.8452088452088455
2022-06-20,0,0,0,0,0,0,0,0,0,0,0,0,2022,6,20,0,171,25,2,0,1,0,0.0,1.0,0.19667288979357647,-0.980469160361632,0.12053668025532308,-0.992708874098054,1.2246467991473532e-16,-1.0,0.0,0.0,0.0,0.0,0.0,1.0,0.0,0.0,0.0,0.0,0.0,0.0,0.0,0.0,0.07142857142857142,0.2672612419124242,1.0,1.0,0.14285714285714285,0.4483951394230331,4.0,2.0,0.16071428571428573,0.4167748777233323,9.0,2.0,0.19047619047619047,0.4778513777162438,16.0,2.0,0.0,0.0,-1.0,407,0.35872235872235875,0.1891891891891892,0.31203931203931207,0.2457002457002457,0.09090909090909091,0.31695331695331697,42.411167512690355,5.8452088452088455
2022-06-21,0,0,0,0,0,0,0,0,0,0,0,0,2022,6,21,1,172,25,2,0,0,0,0.7818314824680298,0.6234898018587336,0.1797665857255624,-0.9837092937736097,0.12053668025532308,-0.992708874098054,1.2246467991473532e-16,-1.0,0.0,0.0,0.0,0.0,0.0,0.0,0.0,0.0,0.0,0.0,0.0,0.0,0.0,0.0,0.07142857142857142,0.2672612419124242,1.0,1.0,0.14285714285714285,0.4483951394230331,4.0,2.0,0.16071428571428573,0.4167748777233323,9.0,2.0,0.19047619047619047,0.4778513777162438,16.0,2.0,0.0,0.0,0.0,407,0.35872235872235875,0.1891891891891892,0.31203931203931207,0.2457002457002457,0.09090909090909091,0.31695331695331697,42.411167512690355,5.8452088452088455
2022-06-22,0,0,0,0,0,0,0,0,0,0,0,0,2022,6,22,2,173,25,2,0,0,0,0.9749279121818236,-0.22252093395631434,0.16280701293851715,-0.986657932891657,0.12053668025532308,-0.992708874098054,1.2246467991473532e-16,-1.0,0.0,0.0,0.0,0.0,0.0,2.0,0.0,0.0,0.0,0.0,0.0,0.0,0.0,0.0,0.07142857142857142,0.2672612419124242,1.0,1.0,0.07142857142857142,0.2622652641564815,2.0,1.0,0.16071428571428573,0.4167748777233323,9.0,2.0,0.19047619047619047,0.4778513777162438,16.0,2.0,0.0,0.0,-2.0,407,0.35872235872235875,0.1891891891891892,0.31203931203931207,0.2457002457002457,0.09090909090909091,0.31695331695331697,42.411167512690355,5.8452088452088455
2022-06-23,0,0,0,0,0,0,0,0,0,0,0,0,2022,6,23,3,174,25,2,0,0,0,0.43388373911755823,-0.900968867902419,0.1457991969198751,-0.9893142039703663,0.12053668025532308,-0.992708874098054,1.2246467991473532e-16,-1.0,0.0,0.0,0.0,0.0,1.0,0.0,0.0,0.0,0.0,0.0,0.0,0.0,0.0,0.0,0.0,0.0,0.0,0.0,0.07142857142857142,0.2622652641564815,2.0,1.0,0.14285714285714285,0.4012965998347867,8.0,2.0,0.19047619047619047,0.4778513777162438,16.0,2.0,0.0,0.0,0.0,407,0.35872235872235875,0.1891891891891892,0.31203931203931207,0.2457002457002457,0.09090909090909091,0.31695331695331697,42.411167512690355,5.8452088452088455
2022-06-24,0,0,0,0,0,0,0,0,0,0,0,0,2022,6,24,4,175,25,2,0,0,1,-0.433883739117558,-0.9009688679024191,0.12874817745258132,-0.99167731989929,0.12053668025532308,-0.992708874098054,1.2246467991473532e-16,-1.0,0.0,0.0,0.0,0.0,0.0,0.0,0.0,0.0,0.0,0.0,0.0,0.0,0.0,0.0,0.0,0.0,0.0,0.0,0.07142857142857142,0.2622652641564815,2.0,1.0,0.125,0.38435305739290354,7.0,2.0,0.16666666666666666,0.4344594573493836,14.0,2.0,0.0,0.0,0.0,407,0.35872235872235875,0.1891891891891892,0.31203931203931207,0.2457002457002457,0.09090909090909091,0.31695331695331697,42.411167512690355,5.8452088452088455
2022-06-25,0,0,0,0,0,0,0,0,0,0,0,0,2022,6,25,5,176,25,2,1,0,0,-0.9749279121818236,-0.2225209339563146,0.11165900712169512,-0.993746580436178,0.12053668025532308,-0.992708874098054,1.2246467991473532e-16,-1.0,0.0,0.0,0.0,0.0,0.0,0.0,0.0,0.0,0.0,0.0,0.0,0.0,0.0,0.0,0.0,0.0,0.0,0.0,0.07142857142857142,0.2622652641564815,2.0,1.0,0.125,0.38435305739290354,7.0,2.0,0.16666666666666666,0.4344594573493836,14.0,2.0,0.0,0.0,0.0,407,0.35872235872235875,0.1891891891891892,0.31203931203931207,0.2457002457002457,0.09090909090909091,0.31695331695331697,42.411167512690355,5.8452088452088455
2022-06-26,0,0,0,0,0,0,0,0,0,0,0,0,2022,6,26,6,177,25,2,1,0,0,-0.7818314824680299,0.6234898018587334,0.09453674981719912,-0.9955213724144752,0.12053668025532308,-0.992708874098054,1.2246467991473532e-16,-1.0,0.0,0.0,0.0,0.0,0.0,0.0,0.0,0.0,0.0,0.0,0.0,0.0,0.0,0.0,0.0,0.0,0.0,0.0,0.07142857142857142,0.2622652641564815,2.0,1.0,0.125,0.38435305739290354,7.0,2.0,0.16666666666666666,0.4344594573493836,14.0,2.0,0.0,0.0,0.0,407,0.35872235872235875,0.1891891891891892,0.31203931203931207,0.2457002457002457,0.09090909090909091,0.31695331695331697,42.411167512690355,5.8452088452088455
2022-06-27,0,0,0,0,0,0,0,0,0,0,0,0,2022,6,27,0,178,26,2,0,1,0,0.0,1.0,0.07738647923346301,-0.9970011699250151,-3.216245299353273e-16,-1.0,1.2246467991473532e-16,-1.0,0.0,0.0,0.0,0.0,0.0,0.0,0.0,0.0,0.0,0.0,0.0,0.0,0.0,0.0,0.0,0.0,0.0,0.0,0.07142857142857142,0.2622652641564815,2.0,1.0,0.125,0.38435305739290354,7.0,2.0,0.16666666666666666,0.4344594573493836,14.0,2.0,0.0,0.0,0.0,407,0.35872235872235875,0.1891891891891892,0.31203931203931207,0.2457002457002457,0.09090909090909091,0.31695331695331697,42.411167512690355,5.8452088452088455
2022-06-28,0,0,0,0,0,0,0,0,0,0,0,0,2022,6,28,1,179,26,2,0,0,0,0.7818314824680298,0.6234898018587336,0.06021327736579302,-0.9981855344718586,-3.216245299353273e-16,-1.0,1.2246467991473532e-16,-1.0,0.0,0.0,0.0,0.0,0.0,0.0,0.0,0.0,0.0,0.0,0.0,0.0,0.0,0.0,0.0,0.0,0.0,0.0,0.07142857142857142,0.2622652641564815,2.0,1.0,0.125,0.38435305739290354,7.0,2.0,0.16666666666666666,0.4344594573493836,14.0,2.0,0.0,0.0,0.0,407,0.35872235872235875,0.1891891891891892,0.31203931203931207,0.2457002457002457,0.09090909090909091,0.31695331695331697,42.411167512690355,5.8452088452088455
2022-06-29,0,0,0,0,0,0,0,0,0,0,0,0,2022,6,29,2,180,26,2,0,0,0,0.9749279121818236,-0.22252093395631434,0.04302223300453059,-0.99907411510223,-3.216245299353273e-16,-1.0,1.2246467991473532e-16,-1.0,0.0,0.0,0.0,0.0,0.0,0.0,0.0,0.0,0.0,0.0,0.0,0.0,0.0,0.0,0.0,0.0,0.0,0.0,0.07142857142857142,0.2622652641564815,2.0,1.0,0.125,0.38435305739290354,7.0,2.0,0.16666666666666666,0.4344594573493836,14.0,2.0,0.0,0.0,0.0,407,0.35872235872235875,0.1891891891891892,0.31203931203931207,0.2457002457002457,0.09090909090909091,0.31695331695331697,42.411167512690355,5.8452088452088455
2022-06-30,0,0,0,0,0,0,0,0,0,0,0,0,2022,6,30,3,181,26,2,0,0,0,0.43388373911755823,-0.900968867902419,0.02581844022713308,-0.9996666485105112,-3.216245299353273e-16,-1.0,1.2246467991473532e-16,-1.0,0.0,0.0,0.0,0.0,0.0,0.0,0.0,0.0,0.0,0.0,0.0,0.0,0.0,0.0,0.0,0.0,0.0,0.0,0.07142857142857142,0.2622652641564815,2.0,1.0,0.10714285714285714,0.36574066463306165,6.0,2.0,0.15476190476190477,0.4249464209755652,13.0,2.0,0.0,0.0,0.0,407,0.35872235872235875,0.1891891891891892,0.31203931203931207,0.2457002457002457,0.09090909090909091,0.31695331695331697,42.411167512690355,5.8452088452088455
2022-07-01,0,0,0,0,0,0,0,0,0,0,0,0,2022,7,1,4,182,26,3,0,0,1,-0.433883739117558,-0.9009688679024191,0.008606996888688698,-0.9999629591162655,-3.216245299353273e-16,-1.0,-0.4999999999999997,-0.8660254037844388,0.0,0.0,0.0,0.0,0.0,0.0,0.0,0.0,0.0,0.0,0.0,0.0,0.0,0.0,0.0,0.0,0.0,0.0,0.07142857142857142,0.2622652641564815,2.0,1.0,0.10714285714285714,0.36574066463306165,6.0,2.0,0.15476190476190477,0.4249464209755652,13.0,2.0,0.0,0.0,0.0,407,0.35872235872235875,0.1891891891891892,0.31203931203931207,0.2457002457002457,0.09090909090909091,0.31695331695331697,42.411167512690355,5.8452088452088455
2022-07-02,0,0,0,0,0,0,0,0,0,0,0,0,2022,7,2,5,183,26,3,1,0,0,-0.9749279121818236,-0.2225209339563146,-0.008606996888688009,-0.9999629591162655,-3.216245299353273e-16,-1.0,-0.4999999999999997,-0.8660254037844388,0.0,0.0,0.0,0.0,0.0,0.0,0.0,0.0,0.0,0.0,0.0,0.0,0.0,0.0,0.0,0.0,0.0,0.0,0.07142857142857142,0.2622652641564815,2.0,1.0,0.10714285714285714,0.36574066463306165,6.0,2.0,0.15476190476190477,0.4249464209755652,13.0,2.0,0.0,0.0,0.0,407,0.35872235872235875,0.1891891891891892,0.31203931203931207,0.2457002457002457,0.09090909090909091,0.31695331695331697,42.411167512690355,5.8452088452088455
2022-07-03,0,0,0,0,0,0,0,0,0,0,0,0,2022,7,3,6,184,26,3,1,0,0,-0.7818314824680299,0.6234898018587334,-0.02581844022713239,-0.9996666485105112,-3.216245299353273e-16,-1.0,-0.4999999999999997,-0.8660254037844388,0.0,0.0,0.0,0.0,0.0,1.0,0.0,0.0,0.0,0.0,0.0,0.0,0.0,0.0,0.0,0.0,0.0,0.0,0.03571428571428571,0.18898223650461424,1.0,1.0,0.10714285714285714,0.36574066463306165,6.0,2.0,0.15476190476190477,0.4249464209755652,13.0,2.0,0.0,0.0,-1.0,407,0.35872235872235875,0.1891891891891892,0.31203931203931207,0.2457002457002457,0.09090909090909091,0.31695331695331697,42.411167512690355,5.8452088452088455
2022-07-04,0,0,0,0,0,0,0,0,0,0,0,0,2022,7,4,0,185,27,3,0,1,0,0.0,1.0,-0.04302223300453034,-0.99907411510223,-0.12053668025532283,-0.992708874098054,-0.4999999999999997,-0.8660254037844388,0.0,0.0,0.0,0.0,0.0,0.0,0.0,0.0,0.0,0.0,0.0,0.0,0.0,0.0,0.0,0.0,0.0,0.0,0.03571428571428571,0.18898223650461424,1.0,1.0,0.10714285714285714,0.36574066463306165,6.0,2.0,0.14285714285714285,0.41486990682251074,12.0,2.0,0.0,0.0,0.0,407,0.35872235872235875,0.1891891891891892,0.31203931203931207,0.2457002457002457,0.09090909090909091,0.31695331695331697,42.411167512690355,5.8452088452088455
2022-07-05,0,0,0,0,0,0,0,0,0,0,0,0,2022,7,5,1,186,27,3,0,0,0,0.7818314824680298,0.6234898018587336,-0.060213277365792774,-0.9981855344718586,-0.12053668025532283,-0.992708874098054,-0.4999999999999997,-0.8660254037844388,0.0,0.0,0.0,0.0,0.0,0.0,0.0,0.0,0.0,0.0,0.0,0.0,0.0,0.0,0.0,0.0,0.0,0.0,0.03571428571428571,0.18898223650461424,1.0,1.0,0.10714285714285714,0.36574066463306165,6.0,2.0,0.14285714285714285,0.41486990682251074,12.0,2.0,0.0,0.0,0.0,407,0.35872235872235875,0.1891891891891892,0.31203931203931207,0.2457002457002457,0.09090909090909091,0.31695331695331697,42.411167512690355,5.8452088452088455
2022-07-06,0,0,0,0,0,0,0,0,0,0,0,0,2022,7,6,2,187,27,3,0,0,0,0.9749279121818236,-0.22252093395631434,-0.07738647923346322,-0.9970011699250151,-0.12053668025532283,-0.992708874098054,-0.4999999999999997,-0.8660254037844388,0.0,0.0,0.0,0.0,0.0,0.0,0.0,0.0,0.0,0.0,0.0,0.0,0.0,0.0,0.0,0.0,0.0,0.0,0.03571428571428571,0.18898223650461424,1.0,1.0,0.08928571428571429,0.3451895771251561,5.0,2.0,0.13095238095238096,0.4041877741115512,11.0,2.0,0.0,0.0,0.0,407,0.35872235872235875,0.1891891891891892,0.31203931203931207,0.2457002457002457,0.09090909090909091,0.31695331695331697,42.411167512690355,5.8452088452088455
2022-07-07,0,0,0,0,0,0,0,0,0,0,0,0,2022,7,7,3,188,27,3,0,0,0,0.43388373911755823,-0.900968867902419,-0.09453674981719933,-0.9955213724144752,-0.12053668025532283,-0.992708874098054,-0.4999999999999997,-0.8660254037844388,0.0,0.0,0.0,0.0,0.0,1.0,0.0,0.0,0.0,0.0,0.0,0.0,0.0,0.0,0.0,0.0,0.0,0.0,0.0,0.0,0.0,0.0,0.08928571428571429,0.3451895771251561,5.0,2.0,0.13095238095238096,0.4041877741115512,11.0,2.0,0.0,0.0,-1.0,407,0.35872235872235875,0.1891891891891892,0.31203931203931207,0.2457002457002457,0.09090909090909091,0.31695331695331697,42.411167512690355,5.8452088452088455
2022-07-08,0,0,0,0,0,0,0,0,0,0,0,0,2022,7,8,4,189,27,3,0,0,1,-0.433883739117558,-0.9009688679024191,-0.11165900712169444,-0.9937465804361781,-0.12053668025532283,-0.992708874098054,-0.4999999999999997,-0.8660254037844388,0.0,0.0,0.0,0.0,0.0,0.0,0.0,0.0,0.0,0.0,0.0,0.0,0.0,0.0,0.0,0.0,0.0,0.0,0.0,0.0,0.0,0.0,0.08928571428571429,0.3451895771251561,5.0,2.0,0.13095238095238096,0.4041877741115512,11.0,2.0,0.0,0.0,0.0,407,0.35872235872235875,0.1891891891891892,0.31203931203931207,0.2457002457002457,0.09090909090909091,0.31695331695331697,42.411167512690355,5.8452088452088455
2022-07-09,1,0,0,0,0,0,0,0,2,0,0,1,2022,7,9,5,190,27,3,1,0,0,-0.9749279121818236,-0.2225209339563146,-0.12874817745258066,-0.99167731989929,-0.12053668025532283,-0.992708874098054,-0.4999999999999997,-0.8660254037844388,0.0,0.0,0.0,0.0,0.0,0.0,0.3333333333333333,0.5773502691896255,1.0,1.0,0.14285714285714285,0.37796447300922653,1.0,1.0,0.07142857142857142,0.2672612419124242,1.0,1.0,0.03571428571428571,0.18898223650461424,1.0,1.0,0.10714285714285714,0.36574066463306165,6.0,2.0,0.14285714285714285,0.41486990682251074,12.0,2.0,1.0,1.0,1.0,407,0.35872235872235875,0.1891891891891892,0.31203931203931207,0.2457002457002457,0.09090909090909091,0.31695331695331697,42.411167512690355,5.8452088452088455
2022-07-10,0,0,0,0,0,0,0,0,0,0,0,0,2022,7,10,6,191,27,3,1,0,0,-0.7818314824680299,0.6234898018587334,-0.14579919691987442,-0.9893142039703664,-0.12053668025532283,-0.992708874098054,-0.4999999999999997,-0.8660254037844388,1.0,0.0,0.0,0.0,0.0,0.0,0.3333333333333333,0.5773502691896255,1.0,1.0,0.14285714285714285,0.37796447300922653,1.0,1.0,0.07142857142857142,0.2672612419124242,1.0,1.0,0.03571428571428571,0.18898223650461424,1.0,1.0,0.10714285714285714,0.36574066463306165,6.0,2.0,0.14285714285714285,0.41486990682251074,12.0,2.0,-1.0,0.0,0.0,407,0.35872235872235875,0.1891891891891892,0.31203931203931207,0.2457002457002457,0.09090909090909091,0.31695331695331697,42.411167512690355,5.8452088452088455
2022-07-11,0,0,0,0,0,0,0,0,0,0,0,0,2022,7,11,0,192,28,3,0,1,0,0.0,1.0,-0.16280701293851646,-0.9866579328916572,-0.23931566428755743,-0.9709418174260521,-0.4999999999999997,-0.8660254037844388,0.0,1.0,0.0,0.0,0.0,0.0,0.3333333333333333,0.5773502691896255,1.0,1.0,0.14285714285714285,0.37796447300922653,1.0,1.0,0.07142857142857142,0.2672612419124242,1.0,1.0,0.03571428571428571,0.18898223650461424,1.0,1.0,0.10714285714285714,0.36574066463306165,6.0,2.0,0.14285714285714285,0.41486990682251074,12.0,2.0,0.0,0.0,0.0,407,0.35872235872235875,0.1891891891891892,0.31203931203931207,0.2457002457002457,0.09090909090909091,0.31695331695331697,42.411167512690355,5.8452088452088455
2022-07-12,0,0,0,0,0,0,0,0,0,0,0,0,2022,7,12,1,193,28,3,0,0,0,0.7818314824680298,0.6234898018587336,-0.17976658572556214,-0.9837092937736098,-0.23931566428755743,-0.9709418174260521,-0.4999999999999997,-0.8660254037844388,0.0,0.0,1.0,0.0,0.0,0.0,0.0,0.0,0.0,0.0,0.14285714285714285,0.37796447300922653,1.0,1.0,0.07142857142857142,0.2672612419124242,1.0,1.0,0.03571428571428571,0.18898223650461424,1.0,1.0,0.10714285714285714,0.36574066463306165,6.0,2.0,0.14285714285714285,0.41486990682251074,12.0,2.0,0.0,0.0,0.0,407,0.35872235872235875,0.1891891891891892,0.31203931203931207,0.2457002457002457,0.09090909090909091,0.31695331695331697,42.411167512690355,5.8452088452088455
2022-07-13,0,0,0,0,0,0,0,0,0,0,0,0,2022,7,13,2,194,28,3,0,0,0,0.9749279121818236,-0.22252093395631434,-0.19667288979357622,-0.9804691603616321,-0.23931566428755743,-0.9709418174260521,-0.4999999999999997,-0.8660254037844388,0.0,0.0,0.0,0.0,0.0,0.0,0.0,0.0,0.0,0.0,0.14285714285714285,0.37796447300922653,1.0,1.0,0.07142857142857142,0.2672612419124242,1.0,1.0,0.03571428571428571,0.18898223650461424,1.0,1.0,0.10714285714285714,0.36574066463306165,6.0,2.0,0.14285714285714285,0.41486990682251074,12.0,2.0,0.0,0.0,0.0,407,0.35872235872235875,0.1891891891891892,0.31203931203931207,0.2457002457002457,0.09090909090909091,0.31695331695331697,42.411167512690355,5.8452088452088455
2022-07-14,0,0,0,0,0,0,0,0,0,0,0,0,2022,7,14,3,195,28,3,0,0,0,0.43388373911755823,-0.900968867902419,-0.2135209154397959,-0.9769384927771817,-0.23931566428755743,-0.9709418174260521,-0.4999999999999997,-0.8660254037844388,0.0,0.0,0.0,0.0,0.0,0.0,0.0,0.0,0.0,0.0,0.14285714285714285,0.37796447300922653,1.0,1.0,0.07142857142857142,0.2672612419124242,1.0,1.0,0.03571428571428571,0.18898223650461424,1.0,1.0,0.10714285714285714,0.36574066463306165,6.0,2.0,0.14285714285714285,0.41486990682251074,12.0,2.0,0.0,0.0,0.0,407,0.35872235872235875,0.1891891891891892,0.31203931203931207,0.2457002457002457,0.09090909090909091,0.31695331695331697,42.411167512690355,5.8452088452088455
2022-07-15,1,1,0,0,0,0,0,0,2,0,0,0,2022,7,15,4,196,28,3,0,0,1,-0.433883739117558,-0.9009688679024191,-0.23030567023061196,-0.973118337233262,-0.23931566428755743,-0.9709418174260521,-0.4999999999999997,-0.8660254037844388,0.0,0.0,0.0,0.0,0.0,0.0,0.3333333333333333,0.5773502691896255,1.0,1.0,0.2857142857142857,0.48795003647426594,2.0,1.0,0.14285714285714285,0.36313651960128124,2.0,1.0,0.07142857142857142,0.2622652641564815,2.0,1.0,0.125,0.38435305739290354,7.0,2.0,0.15476190476190477,0.4249464209755652,13.0,2.0,1.0,1.0,1.0,407,0.35872235872235875,0.1891891891891892,0.31203931203931207,0.2457002457002457,0.09090909090909091,0.31695331695331697,42.411167512690355,5.8452088452088455
2022-07-16,0,0,0,0,0,0,0,0,0,0,0,0,2022,7,16,5,197,28,3,1,0,0,-0.9749279121818236,-0.2225209339563146,-0.24702218048093527,-0.9690098257244063,-0.23931566428755743,-0.9709418174260521,-0.4999999999999997,-0.8660254037844388,1.0,0.0,0.0,1.0,0.0,0.0,0.3333333333333333,0.5773502691896255,1.0,1.0,0.14285714285714285,0.37796447300922653,1.0,1.0,0.14285714285714285,0.36313651960128124,2.0,1.0,0.07142857142857142,0.2622652641564815,2.0,1.0,0.125,0.38435305739290354,7.0,2.0,0.15476190476190477,0.4249464209755652,13.0,2.0,-1.0,-1.0,0.0,407,0.35872235872235875,0.1891891891891892,0.31203931203931207,0.2457002457002457,0.09090909090909091,0.31695331695331697,42.411167512690355,5.8452088452088455
2022-07-17,0,0,0,0,0,0,0,0,0,0,0,0,2022,7,17,6,198,28,3,1,0,0,-0.7818314824680299,0.6234898018587334,-0.2636654927280072,-0.9646141756912435,-0.23931566428755743,-0.9709418174260521,-0.4999999999999997,-0.8660254037844388,0.0,1.0,0.0,0.0,0.0,0.0,0.3333333333333333,0.5773502691896255,1.0,1.0,0.14285714285714285,0.37796447300922653,1.0,1.0,0.14285714285714285,0.36313651960128124,2.0,1.0,0.07142857142857142,0.2622652641564815,2.0,1.0,0.125,0.38435305739290354,7.0,2.0,0.13095238095238096,0.3731907973129585,11.0,2.0,0.0,0.0,0.0,407,0.35872235872235875,0.1891891891891892,0.31203931203931207,0.2457002457002457,0.09090909090909091,0.31695331695331697,42.411167512690355,5.8452088452088455
2022-07-18,0,0,0,0,0,0,0,0,0,0,0,0,2022,7,18,0,199,29,3,0,1,0,0.0,1.0,-0.2802306751992161,-0.9599326896597445,-0.3546048870425356,-0.9350162426854148,-0.4999999999999997,-0.8660254037844388,0.0,0.0,1.0,0.0,0.0,0.0,0.0,0.0,0.0,0.0,0.14285714285714285,0.37796447300922653,1.0,1.0,0.14285714285714285,0.36313651960128124,2.0,1.0,0.07142857142857142,0.2622652641564815,2.0,1.0,0.10714285714285714,0.36574066463306165,6.0,2.0,0.13095238095238096,0.3731907973129585,11.0,2.0,0.0,0.0,0.0,407,0.35872235872235875,0.1891891891891892,0.31203931203931207,0.2457002457002457,0.09090909090909091,0.31695331695331697,42.411167512690355,5.8452088452088455
2022-07-19,0,0,0,0,0,0,0,0,0,0,0,0,2022,7,19,1,200,29,3,0,0,0,0.7818314824680298,0.6234898018587336,-0.2967128192734901,-0.9549667548552553,-0.3546048870425356,-0.9350162426854148,-0.4999999999999997,-0.8660254037844388,0.0,0.0,0.0,0.0,0.0,0.0,0.0,0.0,0.0,0.0,0.14285714285714285,0.37796447300922653,1.0,1.0,0.14285714285714285,0.36313651960128124,2.0,1.0,0.07142857142857142,0.2622652641564815,2.0,1.0,0.10714285714285714,0.36574066463306165,6.0,2.0,0.13095238095238096,0.3731907973129585,11.0,2.0,0.0,0.0,0.0,407,0.35872235872235875,0.1891891891891892,0.31203931203931207,0.2457002457002457,0.09090909090909091,0.31695331695331697,42.411167512690355,5.8452088452088455
2022-07-20,0,0,0,0,0,0,0,0,0,0,0,0,2022,7,20,2,201,29,3,0,0,0,0.9749279121818236,-0.22252093395631434,-0.3131070409358267,-0.9497178427914317,-0.3546048870425356,-0.9350162426854148,-0.4999999999999997,-0.8660254037844388,0.0,0.0,0.0,0.0,0.0,0.0,0.0,0.0,0.0,0.0,0.14285714285714285,0.37796447300922653,1.0,1.0,0.14285714285714285,0.36313651960128124,2.0,1.0,0.07142857142857142,0.2622652641564815,2.0,1.0,0.07142857142857142,0.25987009741882083,4.0,1.0,0.13095238095238096,0.3731907973129585,11.0,2.0,0.0,0.0,0.0,407,0.35872235872235875,0.1891891891891892,0.31203931203931207,0.2457002457002457,0.09090909090909091,0.31695331695331697,42.411167512690355,5.8452088452088455
2022-07-21,0,0,0,0,0,0,0,0,0,0,0,0,2022,7,21,3,202,29,3,0,0,0,0.43388373911755823,-0.900968867902419,-0.3294084822245302,-0.9441875088341994,-0.3546048870425356,-0.9350162426854148,-0.4999999999999997,-0.8660254037844388,0.0,0.0,0.0,0.0,0.0,0.0,0.0,0.0,0.0,0.0,0.14285714285714285,0.37796447300922653,1.0,1.0,0.14285714285714285,0.36313651960128124,2.0,1.0,0.07142857142857142,0.2622652641564815,2.0,1.0,0.07142857142857142,0.25987009741882083,4.0,1.0,0.11904761904761904,0.36088118075173775,10.0,2.0,0.0,0.0,0.0,407,0.35872235872235875,0.1891891891891892,0.31203931203931207,0.2457002457002457,0.09090909090909091,0.31695331695331697,42.411167512690355,5.8452088452088455
2022-07-22,0,0,0,0,0,0,0,0,0,0,0,0,2022,7,22,4,203,29,3,0,0,1,-0.433883739117558,-0.9009688679024191,-0.3456123126707333,-0.9383773917408642,-0.3546048870425356,-0.9350162426854148,-0.4999999999999997,-0.8660254037844388,0.0,0.0,0.0,1.0,0.0,0.0,0.0,0.0,0.0,0.0,0.0,0.0,0.0,0.0,0.14285714285714285,0.36313651960128124,2.0,1.0,0.07142857142857142,0.2622652641564815,2.0,1.0,0.07142857142857142,0.25987009741882083,4.0,1.0,0.10714285714285714,0.34772434529352453,9.0,2.0,0.0,-1.0,0.0,407,0.35872235872235875,0.1891891891891892,0.31203931203931207,0.2457002457002457,0.09090909090909091,0.31695331695331697,42.411167512690355,5.8452088452088455
2022-07-23,0,0,0,0,0,0,0,0,0,0,0,0,2022,7,23,5,204,29,3,1,0,0,-0.9749279121818236,-0.2225209339563146,-0.3617137307297674,-0.9322892131745134,-0.3546048870425356,-0.9350162426854148,-0.4999999999999997,-0.8660254037844388,0.0,0.0,0.0,0.0,1.0,0.0,0.0,0.0,0.0,0.0,0.0,0.0,0.0,0.0,0.07142857142857142,0.2672612419124242,1.0,1.0,0.07142857142857142,0.2622652641564815,2.0,1.0,0.07142857142857142,0.25987009741882083,4.0,1.0,0.10714285714285714,0.34772434529352453,9.0,2.0,0.0,0.0,0.0,407,0.35872235872235875,0.1891891891891892,0.31203931203931207,0.2457002457002457,0.09090909090909091,0.31695331695331697,42.411167512690355,5.8452088452088455
2022-07-24,0,0,0,0,0,0,0,0,0,0,0,0,2022,7,24,6,205,29,3,1,0,0,-0.7818314824680299,0.6234898018587334,-0.37770796520396466,-0.9259247771938499,-0.3546048870425356,-0.9350162426854148,-0.4999999999999997,-0.8660254037844388,0.0,0.0,0.0,0.0,0.0,0.0,0.0,0.0,0.0,0.0,0.0,0.0,0.0,0.0,0.07142857142857142,0.2672612419124242,1.0,1.0,0.07142857142857142,0.2622652641564815,2.0,1.0,0.07142857142857142,0.25987009741882083,4.0,1.0,0.10714285714285714,0.34772434529352453,9.0,2.0,0.0,0.0,0.0,407,0.35872235872235875,0.1891891891891892,0.31203931203931207,0.2457002457002457,0.09090909090909091,0.31695331695331697,42.411167512690355,5.8452088452088455
2022-07-25,0,0,0,0,0,0,0,0,0,0,0,0,2022,7,25,0,206,30,3,0,1,0,0.0,1.0,-0.39359027665646645,-0.9192859697186105,-0.46472317204376806,-0.8854560256532101,-0.4999999999999997,-0.8660254037844388,0.0,0.0,0.0,0.0,0.0,0.0,0.0,0.0,0.0,0.0,0.0,0.0,0.0,0.0,0.07142857142857142,0.2672612419124242,1.0,1.0,0.07142857142857142,0.2622652641564815,2.0,1.0,0.07142857142857142,0.25987009741882083,4.0,1.0,0.10714285714285714,0.34772434529352453,9.0,2.0,0.0,0.0,0.0,407,0.35872235872235875,0.1891891891891892,0.31203931203931207,0.2457002457002457,0.09090909090909091,0.31695331695331697,42.411167512690355,5.8452088452088455
2022-07-26,0,0,0,0,0,0,0,0,0,0,0,0,2022,7,26,1,207,30,3,0,0,0,0.7818314824680298,0.6234898018587336,-0.4093559588156211,-0.9123747579707274,-0.46472317204376806,-0.8854560256532101,-0.4999999999999997,-0.8660254037844388,0.0,0.0,0.0,0.0,0.0,0.0,0.0,0.0,0.0,0.0,0.0,0.0,0.0,0.0,0.07142857142857142,0.2672612419124242,1.0,1.0,0.07142857142857142,0.2622652641564815,2.0,1.0,0.07142857142857142,0.25987009741882083,4.0,1.0,0.10714285714285714,0.34772434529352453,9.0,2.0,0.0,0.0,0.0,407,0.35872235872235875,0.1891891891891892,0.31203931203931207,0.2457002457002457,0.09090909090909091,0.31695331695331697,42.411167512690355,5.8452088452088455
2022-07-27,0,0,0,0,0,0,0,0,0,0,0,0,2022,7,27,2,208,30,3,0,0,0,0.9749279121818236,-0.22252093395631434,-0.42500033996955394,-0.9051931898913975,-0.46472317204376806,-0.8854560256532101,-0.4999999999999997,-0.8660254037844388,0.0,0.0,0.0,0.0,0.0,0.0,0.0,0.0,0.0,0.0,0.0,0.0,0.0,0.0,0.07142857142857142,0.2672612419124242,1.0,1.0,0.07142857142857142,0.2622652641564815,2.0,1.0,0.07142857142857142,0.25987009741882083,4.0,1.0,0.10714285714285714,0.34772434529352453,9.0,2.0,0.0,0.0,0.0,407,0.35872235872235875,0.1891891891891892,0.31203931203931207,0.2457002457002457,0.09090909090909091,0.31695331695331697,42.411167512690355,5.8452088452088455
2022-07-28,0,0,0,0,0,0,0,0,0,0,0,0,2022,7,28,3,209,30,3,0,0,0,0.43388373911755823,-0.900968867902419,-0.4405187843504952,-0.8977433935342336,-0.46472317204376806,-0.8854560256532101,-0.4999999999999997,-0.8660254037844388,0.0,0.0,0.0,0.0,0.0,0.0,0.0,0.0,0.0,0.0,0.0,0.0,0.0,0.0,0.07142857142857142,0.2672612419124242,1.0,1.0,0.07142857142857142,0.2622652641564815,2.0,1.0,0.07142857142857142,0.25987009741882083,4.0,1.0,0.09523809523809523,0.3336200717376089,8.0,2.0,0.0,0.0,0.0,407,0.35872235872235875,0.1891891891891892,0.31203931203931207,0.2457002457002457,0.09090909090909091,0.31695331695331697,42.411167512690355,5.8452088452088455
2022-07-29,0,0,0,0,0,0,0,0,0,0,0,0,2022,7,29,4,210,30,3,0,0,1,-0.433883739117558,-0.9009688679024191,-0.455906693508459,-0.8900275764346766,-0.46472317204376806,-0.8854560256532101,-0.4999999999999997,-0.8660254037844388,0.0,0.0,0.0,0.0,1.0,0.0,0.0,0.0,0.0,0.0,0.0,0.0,0.0,0.0,0.0,0.0,0.0,0.0,0.07142857142857142,0.2622652641564815,2.0,1.0,0.07142857142857142,0.25987009741882083,4.0,1.0,0.09523809523809523,0.3336200717376089,8.0,2.0,0.0,0.0,0.0,407,0.35872235872235875,0.1891891891891892,0.31203931203931207,0.2457002457002457,0.09090909090909091,0.31695331695331697,42.411167512690355,5.8452088452088455
2022-07-30,0,0,0,0,0,0,0,0,0,0,0,0,2022,7,30,5,211,30,3,1,0,0,-0.9749279121818236,-0.2225209339563146,-0.47115950767386394,-0.8820480249558535,-0.46472317204376806,-0.8854560256532101,-0.4999999999999997,-0.8660254037844388,0.0,0.0,0.0,0.0,0.0,0.0,0.0,0.0,0.0,0.0,0.0,0.0,0.0,0.0,0.0,0.0,0.0,0.0,0.07142857142857142,0.2622652641564815,2.0,1.0,0.07142857142857142,0.25987009741882083,4.0,1.0,0.09523809523809523,0.3336200717376089,8.0,2.0,0.0,0.0,0.0,407,0.35872235872235875,0.1891891891891892,0.31203931203931207,0.2457002457002457,0.09090909090909091,0.31695331695331697,42.411167512690355,5.8452088452088455
2022-07-31,0,0,0,0,0,0,0,0,0,0,0,0,2022,7,31,6,212,30,3,1,0,0,-0.7818314824680299,0.6234898018587334,-0.4862727071086902,-0.8738071036110807,-0.46472317204376806,-0.8854560256532101,-0.4999999999999997,-0.8660254037844388,0.0,0.0,0.0,0.0,0.0,0.0,0.0,0.0,0.0,0.0,0.0,0.0,0.0,0.0,0.0,0.0,0.0,0.0,0.07142857142857142,0.2622652641564815,2.0,1.0,0.05357142857142857,0.2272077829287028,3.0,1.0,0.09523809523809523,0.3336200717376089,8.0,2.0,0.0,0.0,0.0,407,0.35872235872235875,0.1891891891891892,0.31203931203931207,0.2457002457002457,0.09090909090909091,0.31695331695331697,42.411167512690355,5.8452088452088455
2022-08-01,1,0,0,0,0,0,0,0,2,0,0,1,2022,8,1,0,213,31,3,0,1,0,0.0,1.0,-0.5012418134457756,-0.8653072543632061,-0.5680647467311556,-0.8229838658936566,-0.8660254037844385,-0.5000000000000004,0.0,0.0,0.0,0.0,0.0,0.0,0.3333333333333333,0.5773502691896255,1.0,1.0,0.14285714285714285,0.37796447300922653,1.0,1.0,0.07142857142857142,0.2672612419124242,1.0,1.0,0.10714285714285714,0.3149703941743564,3.0,1.0,0.07142857142857142,0.25987009741882083,4.0,1.0,0.10714285714285714,0.34772434529352453,9.0,2.0,1.0,1.0,1.0,407,0.35872235872235875,0.1891891891891892,0.31203931203931207,0.2457002457002457,0.09090909090909091,0.31695331695331697,42.411167512690355,5.8452088452088455
2022-08-02,0,0,0,0,0,0,0,0,0,0,0,0,2022,8,2,1,214,31,3,0,0,0,0.7818314824680298,0.6234898018587336,-0.5160623910158526,-0.8565509959010037,-0.5680647467311556,-0.8229838658936566,-0.8660254037844385,-0.5000000000000004,1.0,0.0,0.0,0.0,0.0,0.0,0.3333333333333333,0.5773502691896255,1.0,1.0,0.14285714285714285,0.37796447300922653,1.0,1.0,0.07142857142857142,0.2672612419124242,1.0,1.0,0.10714285714285714,0.3149703941743564,3.0,1.0,0.07142857142857142,0.25987009741882083,4.0,1.0,0.10714285714285714,0.34772434529352453,9.0,2.0,-1.0,0.0,0.0,407,0.35872235872235875,0.1891891891891892,0.31203931203931207,0.2457002457002457,0.09090909090909091,0.31695331695331697,42.411167512690355,5.8452088452088455
2022-08-03,0,0,0,0,0,0,0,0,0,0,0,0,2022,8,3,2,215,31,3,0,0,0,0.9749279121818236,-0.22252093395631434,-0.5307300481619331,-0.8475409228928312,-0.5680647467311556,-0.8229838658936566,-0.8660254037844385,-0.5000000000000004,0.0,1.0,0.0,0.0,0.0,0.0,0.3333333333333333,0.5773502691896255,1.0,1.0,0.14285714285714285,0.37796447300922653,1.0,1.0,0.07142857142857142,0.2672612419124242,1.0,1.0,0.10714285714285714,0.3149703941743564,3.0,1.0,0.07142857142857142,0.25987009741882083,4.0,1.0,0.09523809523809523,0.3336200717376089,8.0,2.0,0.0,0.0,0.0,407,0.35872235872235875,0.1891891891891892,0.31203931203931207,0.2457002457002457,0.09090909090909091,0.31695331695331697,42.411167512690355,5.8452088452088455
2022-08-04,0,0,0,0,0,0,0,0,0,0,0,0,2022,8,4,3,216,31,3,0,0,0,0.43388373911755823,-0.900968867902419,-0.5452404385406507,-0.8382797052177745,-0.5680647467311556,-0.8229838658936566,-0.8660254037844385,-0.5000000000000004,0.0,0.0,1.0,0.0,0.0,0.0,0.0,0.0,0.0,0.0,0.14285714285714285,0.37796447300922653,1.0,1.0,0.07142857142857142,0.2672612419124242,1.0,1.0,0.10714285714285714,0.3149703941743564,3.0,1.0,0.05357142857142857,0.2272077829287028,3.0,1.0,0.09523809523809523,0.3336200717376089,8.0,2.0,0.0,0.0,0.0,407,0.35872235872235875,0.1891891891891892,0.31203931203931207,0.2457002457002457,0.09090909090909091,0.31695331695331697,42.411167512690355,5.8452088452088455
2022-08-05,0,0,0,0,0,0,0,0,0,0,0,0,2022,8,5,4,217,31,3,0,0,1,-0.433883739117558,-0.9009688679024191,-0.5595892624101763,-0.828770087174504,-0.5680647467311556,-0.8229838658936566,-0.8660254037844385,-0.5000000000000004,0.0,0.0,0.0,0.0,0.0,0.0,0.0,0.0,0.0,0.0,0.14285714285714285,0.37796447300922653,1.0,1.0,0.07142857142857142,0.2672612419124242,1.0,1.0,0.10714285714285714,0.3149703941743564,3.0,1.0,0.05357142857142857,0.2272077829287028,3.0,1.0,0.09523809523809523,0.3336200717376089,8.0,2.0,0.0,0.0,0.0,407,0.35872235872235875,0.1891891891891892,0.31203931203931207,0.2457002457002457,0.09090909090909091,0.31695331695331697,42.411167512690355,5.8452088452088455
2022-08-06,0,0,0,0,0,0,0,0,0,0,0,0,2022,8,6,5,218,31,3,1,0,0,-0.9749279121818236,-0.2225209339563146,-0.5737722679043243,-0.8190148866680802,-0.5680647467311556,-0.8229838658936566,-0.8660254037844385,-0.5000000000000004,0.0,0.0,0.0,0.0,0.0,1.0,0.0,0.0,0.0,0.0,0.14285714285714285,0.37796447300922653,1.0,1.0,0.07142857142857142,0.2672612419124242,1.0,1.0,0.07142857142857142,0.2622652641564815,2.0,1.0,0.05357142857142857,0.2272077829287028,3.0,1.0,0.09523809523809523,0.3336200717376089,8.0,2.0,0.0,0.0,-1.0,407,0.35872235872235875,0.1891891891891892,0.31203931203931207,0.2457002457002457,0.09090909090909091,0.31695331695331697,42.411167512690355,5.8452088452088455
2022-08-07,0,0,0,0,0,0,0,0,0,0,0,0,2022,8,7,6,219,31,3,1,0,0,-0.7818314824680299,0.6234898018587334,-0.5877852522924734,-0.8090169943749472,-0.5680647467311556,-0.8229838658936566,-0.8660254037844385,-0.5000000000000004,0.0,0.0,0.0,0.0,0.0,0.0,0.0,0.0,0.0,0.0,0.14285714285714285,0.37796447300922653,1.0,1.0,0.07142857142857142,0.2672612419124242,1.0,1.0,0.07142857142857142,0.2622652641564815,2.0,1.0,0.05357142857142857,0.2272077829287028,3.0,1.0,0.09523809523809523,0.3336200717376089,8.0,2.0,0.0,0.0,0.0,407,0.35872235872235875,0.1891891891891892,0.31203931203931207,0.2457002457002457,0.09090909090909091,0.31695331695331697,42.411167512690355,5.8452088452088455
2022-08-08,0,0,0,0,0,0,0,0,0,0,0,0,2022,8,8,0,220,32,3,0,1,0,0.0,1.0,-0.6016240632249227,-0.7987793728863648,-0.663122658240795,-0.7485107481711013,-0.8660254037844385,-0.5000000000000004,0.0,0.0,0.0,1.0,0.0,0.0,0.0,0.0,0.0,0.0,0.0,0.0,0.0,0.0,0.07142857142857142,0.2672612419124242,1.0,1.0,0.07142857142857142,0.2622652641564815,2.0,1.0,0.05357142857142857,0.2272077829287028,3.0,1.0,0.09523809523809523,0.3336200717376089,8.0,2.0,0.0,-1.0,0.0,407,0.35872235872235875,0.1891891891891892,0.31203931203931207,0.2457002457002457,0.09090909090909091,0.31695331695331697,42.411167512690355,5.8452088452088455
2022-08-09,0,0,0,0,0,0,0,0,0,0,0,0,2022,8,9,1,221,32,3,0,0,0,0.7818314824680298,0.6234898018587336,-0.6152845999633277,-0.7883050558305253,-0.663122658240795,-0.7485107481711013,-0.8660254037844385,-0.5000000000000004,0.0,0.0,0.0,0.0,0.0,0.0,0.0,0.0,0.0,0.0,0.0,0.0,0.0,0.0,0.07142857142857142,0.2672612419124242,1.0,1.0,0.07142857142857142,0.2622652641564815,2.0,1.0,0.05357142857142857,0.2272077829287028,3.0,1.0,0.09523809523809523,0.3336200717376089,8.0,2.0,0.0,0.0,0.0,407,0.35872235872235875,0.1891891891891892,0.31203931203931207,0.2457002457002457,0.09090909090909091,0.31695331695331697,42.411167512690355,5.8452088452088455
2022-08-10,0,0,0,0,0,0,0,0,0,0,0,0,2022,8,10,2,222,32,3,0,0,0,0.9749279121818236,-0.22252093395631434,-0.6287628145958345,-0.7775971469736268,-0.663122658240795,-0.7485107481711013,-0.8660254037844385,-0.5000000000000004,0.0,0.0,0.0,0.0,0.0,0.0,0.0,0.0,0.0,0.0,0.0,0.0,0.0,0.0,0.07142857142857142,0.2672612419124242,1.0,1.0,0.07142857142857142,0.2622652641564815,2.0,1.0,0.05357142857142857,0.2272077829287028,3.0,1.0,0.09523809523809523,0.3336200717376089,8.0,2.0,0.0,0.0,0.0,407,0.35872235872235875,0.1891891891891892,0.31203931203931207,0.2457002457002457,0.09090909090909091,0.31695331695331697,42.411167512690355,5.8452088452088455
2022-08-11,0,0,0,0,0,0,0,0,0,0,0,0,2022,8,11,3,223,32,3,0,0,0,0.43388373911755823,-0.900968867902419,-0.6420547132365636,-0.7666588193001592,-0.663122658240795,-0.7485107481711013,-0.8660254037844385,-0.5000000000000004,0.0,0.0,0.0,0.0,0.0,0.0,0.0,0.0,0.0,0.0,0.0,0.0,0.0,0.0,0.07142857142857142,0.2672612419124242,1.0,1.0,0.07142857142857142,0.2622652641564815,2.0,1.0,0.05357142857142857,0.2272077829287028,3.0,1.0,0.09523809523809523,0.3336200717376089,8.0,2.0,0.0,0.0,0.0,407,0.35872235872235875,0.1891891891891892,0.31203931203931207,0.2457002457002457,0.09090909090909091,0.31695331695331697,42.411167512690355,5.8452088452088455
2022-08-12,0,0,0,0,0,0,0,0,0,0,0,0,2022,8,12,4,224,32,3,0,0,1,-0.433883739117558,-0.9009688679024191,-0.655156357209085,-0.7554933140726804,-0.663122658240795,-0.7485107481711013,-0.8660254037844385,-0.5000000000000004,0.0,0.0,0.0,0.0,0.0,1.0,0.0,0.0,0.0,0.0,0.0,0.0,0.0,0.0,0.07142857142857142,0.2672612419124242,1.0,1.0,0.03571428571428571,0.1889822365046143,1.0,1.0,0.05357142857142857,0.2272077829287028,3.0,1.0,0.09523809523809523,0.3336200717376089,8.0,2.0,0.0,0.0,-1.0,407,0.35872235872235875,0.1891891891891892,0.31203931203931207,0.2457002457002457,0.09090909090909091,0.31695331695331697,42.411167512690355,5.8452088452088455
2022-08-13,0,0,0,0,0,0,0,0,0,0,0,0,2022,8,13,5,225,32,3,1,0,0,-0.9749279121818236,-0.2225209339563146,-0.6680638642135333,-0.7441039398713608,-0.663122658240795,-0.7485107481711013,-0.8660254037844385,-0.5000000000000004,0.0,0.0,0.0,0.0,0.0,0.0,0.0,0.0,0.0,0.0,0.0,0.0,0.0,0.0,0.07142857142857142,0.2672612419124242,1.0,1.0,0.03571428571428571,0.1889822365046143,1.0,1.0,0.05357142857142857,0.2272077829287028,3.0,1.0,0.09523809523809523,0.3336200717376089,8.0,2.0,0.0,0.0,0.0,407,0.35872235872235875,0.1891891891891892,0.31203931203931207,0.2457002457002457,0.09090909090909091,0.31695331695331697,42.411167512690355,5.8452088452088455
2022-08-14,0,0,0,0,0,0,0,0,0,0,0,0,2022,8,14,6,226,32,3,1,0,0,-0.7818314824680299,0.6234898018587334,-0.6807734094770159,-0.7324940716135792,-0.663122658240795,-0.7485107481711013,-0.8660254037844385,-0.5000000000000004,0.0,0.0,0.0,0.0,0.0,0.0,0.0,0.0,0.0,0.0,0.0,0.0,0.0,0.0,0.07142857142857142,0.2672612419124242,1.0,1.0,0.03571428571428571,0.1889822365046143,1.0,1.0,0.05357142857142857,0.2272077829287028,3.0,1.0,0.09523809523809523,0.3336200717376089,8.0,2.0,0.0,0.0,0.0,407,0.35872235872235875,0.1891891891891892,0.31203931203931207,0.2457002457002457,0.09090909090909091,0.31695331695331697,42.411167512690355,5.8452088452088455
2022-08-15,0,0,0,0,0,0,0,0,0,0,0,0,2022,8,15,0,227,33,3,0,1,0,0.0,1.0,-0.6932812268869771,-0.7206671495538615,-0.7485107481711011,-0.6631226582407952,-0.8660254037844385,-0.5000000000000004,0.0,0.0,0.0,0.0,1.0,0.0,0.0,0.0,0.0,0.0,0.0,0.0,0.0,0.0,0.0,0.0,0.0,0.0,0.03571428571428571,0.1889822365046143,1.0,1.0,0.05357142857142857,0.2272077829287028,3.0,1.0,0.08333333333333333,0.31844249479295234,7.0,2.0,0.0,0.0,0.0,407,0.35872235872235875,0.1891891891891892,0.31203931203931207,0.2457002457002457,0.09090909090909091,0.31695331695331697,42.411167512690355,5.8452088452088455
2022-08-16,0,0,0,0,0,0,0,0,0,0,0,0,2022,8,16,1,228,33,3,0,0,0,0.7818314824680298,0.6234898018587336,-0.7055836101071774,-0.70862667826446,-0.7485107481711011,-0.6631226582407952,-0.8660254037844385,-0.5000000000000004,0.0,0.0,0.0,0.0,0.0,0.0,0.0,0.0,0.0,0.0,0.0,0.0,0.0,0.0,0.0,0.0,0.0,0.0,0.03571428571428571,0.1889822365046143,1.0,1.0,0.05357142857142857,0.2272077829287028,3.0,1.0,0.08333333333333333,0.31844249479295234,7.0,2.0,0.0,0.0,0.0,407,0.35872235872235875,0.1891891891891892,0.31203931203931207,0.2457002457002457,0.09090909090909091,0.31695331695331697,42.411167512690355,5.8452088452088455
2022-08-17,1,0,0,0,0,1,0,1,2,0,0,0,2022,8,17,2,229,33,3,0,0,0,0.9749279121818236,-0.22252093395631434,-0.7176769136759615,-0.6963762255968726,-0.7485107481711011,-0.6631226582407952,-0.8660254037844385,-0.5000000000000004,0.0,0.0,0.0,0.0,0.0,0.0,0.3333333333333333,0.5773502691896255,1.0,1.0,0.14285714285714285,0.37796447300922653,1.0,1.0,0.07142857142857142,0.2672612419124242,1.0,1.0,0.07142857142857142,0.2622652641564815,2.0,1.0,0.07142857142857142,0.25987009741882083,4.0,1.0,0.07142857142857142,0.2590861737702305,6.0,1.0,1.0,1.0,1.0,407,0.35872235872235875,0.1891891891891892,0.31203931203931207,0.2457002457002457,0.09090909090909091,0.31695331695331697,42.411167512690355,5.8452088452088455
2022-08-18,0,0,0,0,0,0,0,0,0,0,0,0,2022,8,18,3,230,33,3,0,0,0,0.43388373911755823,-0.900968867902419,-0.7295575540864876,-0.6839194216246105,-0.7485107481711011,-0.6631226582407952,-0.8660254037844385,-0.5000000000000004,1.0,0.0,0.0,0.0,0.0,0.0,0.3333333333333333,0.5773502691896255,1.0,1.0,0.14285714285714285,0.37796447300922653,1.0,1.0,0.07142857142857142,0.2672612419124242,1.0,1.0,0.07142857142857142,0.2622652641564815,2.0,1.0,0.07142857142857142,0.25987009741882083,4.0,1.0,0.07142857142857142,0.2590861737702305,6.0,1.0,-1.0,0.0,0.0,407,0.35872235872235875,0.1891891891891892,0.31203931203931207,0.2457002457002457,0.09090909090909091,0.31695331695331697,42.411167512690355,5.8452088452088455
2022-08-19,1,1,0,1,0,0,0,0,2,0,0,0,2022,8,19,4,231,33,3,0,0,1,-0.433883739117558,-0.9009688679024191,-0.7412220108485957,-0.6712599575675315,-0.7485107481711011,-0.6631226582407952,-0.8660254037844385,-0.5000000000000004,0.0,1.0,0.0,0.0,0.0,0.0,0.6666666666666666,0.5773502691896262,2.0,1.0,0.2857142857142857,0.48795003647426594,2.0,1.0,0.14285714285714285,0.36313651960128124,2.0,1.0,0.10714285714285714,0.3149703941743564,3.0,1.0,0.08928571428571429,0.28773635118317553,5.0,1.0,0.08333333333333333,0.27804538648895216,7.0,1.0,1.0,1.0,1.0,407,0.35872235872235875,0.1891891891891892,0.31203931203931207,0.2457002457002457,0.09090909090909091,0.31695331695331697,42.411167512690355,5.8452088452088455
2022-08-20,0,0,0,0,0,0,0,0,0,0,0,0,2022,8,20,5,232,33,3,1,0,0,-0.9749279121818236,-0.2225209339563146,-0.7526668275320083,-0.6584015846980489,-0.7485107481711011,-0.6631226582407952,-0.8660254037844385,-0.5000000000000004,1.0,0.0,1.0,0.0,0.0,0.0,0.3333333333333333,0.5773502691896255,1.0,1.0,0.2857142857142857,0.48795003647426594,2.0,1.0,0.14285714285714285,0.36313651960128124,2.0,1.0,0.10714285714285714,0.3149703941743564,3.0,1.0,0.08928571428571429,0.28773635118317553,5.0,1.0,0.08333333333333333,0.27804538648895216,7.0,1.0,-1.0,0.0,0.0,407,0.35872235872235875,0.1891891891891892,0.31203931203931207,0.2457002457002457,0.09090909090909091,0.31695331695331697,42.411167512690355,5.8452088452088455
2022-08-21,0,0,0,0,0,0,0,0,0,0,0,0,2022,8,21,6,233,33,3,1,0,0,-0.7818314824680299,0.6234898018587334,-0.7638886127905429,-0.64534811322955,-0.7485107481711011,-0.6631226582407952,-0.8660254037844385,-0.5000000000000004,0.0,1.0,0.0,0.0,0.0,0.0,0.3333333333333333,0.5773502691896255,1.0,1.0,0.2857142857142857,0.48795003647426594,2.0,1.0,0.14285714285714285,0.36313651960128124,2.0,1.0,0.10714285714285714,0.3149703941743564,3.0,1.0,0.08928571428571429,0.28773635118317553,5.0,1.0,0.08333333333333333,0.27804538648895216,7.0,1.0,0.0,0.0,0.0,407,0.35872235872235875,0.1891891891891892,0.31203931203931207,0.2457002457002457,0.09090909090909091,0.31695331695331697,42.411167512690355,5.8452088452088455
2022-08-22,0,0,0,0,0,0,0,0,0,0,0,0,2022,8,22,0,234,34,3,0,1,0,0.0,1.0,-0.7748840413670406,-0.6321034111873488,-0.8229838658936564,-0.5680647467311559,-0.8660254037844385,-0.5000000000000004,0.0,0.0,1.0,0.0,0.0,0.0,0.0,0.0,0.0,0.0,0.2857142857142857,0.48795003647426594,2.0,1.0,0.14285714285714285,0.36313651960128124,2.0,1.0,0.10714285714285714,0.3149703941743564,3.0,1.0,0.08928571428571429,0.28773635118317553,5.0,1.0,0.08333333333333333,0.27804538648895216,7.0,1.0,0.0,0.0,0.0,407,0.35872235872235875,0.1891891891891892,0.31203931203931207,0.2457002457002457,0.09090909090909091,0.31695331695331697,42.411167512690355,5.8452088452088455
2022-08-23,1,0,0,0,0,0,0,0,2,0,0,0,2022,8,23,1,235,34,3,0,0,0,0.7818314824680298,0.6234898018587336,-0.7856498550787144,-0.6186714032625032,-0.8229838658936564,-0.5680647467311559,-0.8660254037844385,-0.5000000000000004,0.0,0.0,0.0,0.0,0.0,0.0,0.3333333333333333,0.5773502691896255,1.0,1.0,0.42857142857142855,0.5345224838248481,3.0,1.0,0.21428571428571427,0.4258153136263198,3.0,1.0,0.14285714285714285,0.3563483225498995,4.0,1.0,0.10714285714285714,0.31209389196617954,6.0,1.0,0.09523809523809523,0.29530656397045874,8.0,1.0,1.0,1.0,1.0,407,0.35872235872235875,0.1891891891891892,0.31203931203931207,0.2457002457002457,0.09090909090909091,0.31695331695331697,42.411167512690355,5.8452088452088455
2022-08-24,0,0,0,0,0,0,0,0,0,0,0,0,2022,8,24,2,236,34,3,0,0,0,0.9749279121818236,-0.22252093395631434,-0.7961828637826154,-0.6050560696488494,-0.8229838658936564,-0.5680647467311559,-0.8660254037844385,-0.5000000000000004,1.0,0.0,0.0,1.0,0.0,0.0,0.3333333333333333,0.5773502691896255,1.0,1.0,0.2857142857142857,0.48795003647426594,2.0,1.0,0.21428571428571427,0.4258153136263198,3.0,1.0,0.14285714285714285,0.3563483225498995,4.0,1.0,0.10714285714285714,0.31209389196617954,6.0,1.0,0.09523809523809523,0.29530656397045874,8.0,1.0,-1.0,-1.0,0.0,407,0.35872235872235875,0.1891891891891892,0.31203931203931207,0.2457002457002457,0.09090909090909091,0.31695331695331697,42.411167512690355,5.8452088452088455
2022-08-25,2,0,1,1,0,2,0,1,4,0,0,1,2022,8,25,3,237,34,3,0,0,0,0.43388373911755823,-0.900968867902419,-0.8064799463209447,-0.5912614448635782,-0.8229838658936564,-0.5680647467311559,-0.8660254037844385,-0.5000000000000004,0.0,1.0,0.0,0.0,0.0,0.0,1.0,1.0000000000000007,3.0,2.0,0.5714285714285714,0.7867957924694426,4.0,2.0,0.35714285714285715,0.6333236937766507,5.0,2.0,0.21428571428571427,0.498675494362064,6.0,2.0,0.14285714285714285,0.4012965998347867,8.0,2.0,0.11904761904761904,0.36088118075173775,10.0,2.0,2.0,2.0,2.0,407,0.35872235872235875,0.1891891891891892,0.31203931203931207,0.2457002457002457,0.09090909090909091,0.31695331695331697,42.411167512690355,5.8452088452088455
2022-08-26,0,0,0,0,0,0,0,0,0,0,0,0,2022,8,26,4,238,34,3,0,0,1,-0.433883739117558,-0.9009688679024191,-0.8165380514459157,-0.5772916165517278,-0.8229838658936564,-0.5680647467311559,-0.8660254037844385,-0.5000000000000004,2.0,0.0,1.0,1.0,0.0,0.0,0.6666666666666666,1.1547005383792517,2.0,2.0,0.42857142857142855,0.7867957924694426,3.0,2.0,0.35714285714285715,0.6333236937766507,5.0,2.0,0.21428571428571427,0.498675494362064,6.0,2.0,0.14285714285714285,0.4012965998347867,8.0,2.0,0.11904761904761904,0.36088118075173775,10.0,2.0,-2.0,-1.0,0.0,407,0.35872235872235875,0.1891891891891892,0.31203931203931207,0.2457002457002457,0.09090909090909091,0.31695331695331697,42.411167512690355,5.8452088452088455
2022-08-27,0,0,0,0,0,0,0,0,0,0,0,0,2022,8,27,5,239,34,3,1,0,0,-0.9749279121818236,-0.2225209339563146,-0.8263541987239094,-0.5631507242749187,-0.8229838658936564,-0.5680647467311559,-0.8660254037844385,-0.5000000000000004,0.0,2.0,0.0,0.0,0.0,0.0,0.6666666666666666,1.1547005383792517,2.0,2.0,0.42857142857142855,0.7867957924694426,3.0,2.0,0.35714285714285715,0.6333236937766507,5.0,2.0,0.21428571428571427,0.498675494362064,6.0,2.0,0.14285714285714285,0.4012965998347867,8.0,2.0,0.11904761904761904,0.36088118075173775,10.0,2.0,0.0,0.0,0.0,407,0.35872235872235875,0.1891891891891892,0.31203931203931207,0.2457002457002457,0.09090909090909091,0.31695331695331697,42.411167512690355,5.8452088452088455
2022-08-28,0,0,0,0,0,0,0,0,0,0,0,0,2022,8,28,6,240,34,3,1,0,0,-0.7818314824680299,0.6234898018587334,-0.8359254794186365,-0.5488429582847199,-0.8229838658936564,-0.5680647467311559,-0.8660254037844385,-0.5000000000000004,0.0,0.0,2.0,0.0,0.0,0.0,0.0,0.0,0.0,0.0,0.42857142857142855,0.7867957924694426,3.0,2.0,0.35714285714285715,0.6333236937766507,5.0,2.0,0.21428571428571427,0.498675494362064,6.0,2.0,0.14285714285714285,0.4012965998347867,8.0,2.0,0.10714285714285714,0.34772434529352453,9.0,2.0,0.0,0.0,0.0,407,0.35872235872235875,0.1891891891891892,0.31203931203931207,0.2457002457002457,0.09090909090909091,0.31695331695331697,42.411167512690355,5.8452088452088455
2022-08-29,0,0,0,0,0,0,0,0,0,0,0,0,2022,8,29,0,241,35,3,0,1,0,0.0,1.0,-0.8452490573530634,-0.5343725582809785,-0.8854560256532096,-0.4647231720437691,-0.8660254037844385,-0.5000000000000004,0.0,0.0,0.0,0.0,0.0,1.0,0.0,0.0,0.0,0.0,0.42857142857142855,0.7867957924694426,3.0,2.0,0.35714285714285715,0.6333236937766507,5.0,2.0,0.17857142857142858,0.4755948656056712,5.0,2.0,0.14285714285714285,0.4012965998347867,8.0,2.0,0.10714285714285714,0.34772434529352453,9.0,2.0,0.0,0.0,-1.0,407,0.35872235872235875,0.1891891891891892,0.31203931203931207,0.2457002457002457,0.09090909090909091,0.31695331695331697,42.411167512690355,5.8452088452088455
2022-08-30,0,0,0,0,0,0,0,0,0,0,0,0,2022,8,30,1,242,35,3,0,0,0,0.7818314824680298,0.6234898018587336,-0.8543221697498269,-0.5197438121555157,-0.8854560256532096,-0.4647231720437691,-0.8660254037844385,-0.5000000000000004,0.0,0.0,0.0,1.0,0.0,0.0,0.0,0.0,0.0,0.0,0.2857142857142857,0.7559289460184541,2.0,2.0,0.35714285714285715,0.6333236937766507,5.0,2.0,0.17857142857142858,0.4755948656056712,5.0,2.0,0.14285714285714285,0.4012965998347867,8.0,2.0,0.10714285714285714,0.34772434529352453,9.0,2.0,0.0,-1.0,0.0,407,0.35872235872235875,0.1891891891891892,0.31203931203931207,0.2457002457002457,0.09090909090909091,0.31695331695331697,42.411167512690355,5.8452088452088455
2022-08-31,0,0,0,0,0,0,0,0,0,0,0,0,2022,8,31,2,243,35,3,0,0,0,0.9749279121818236,-0.22252093395631434,-0.8631421280499115,-0.5049610547215202,-0.8854560256532096,-0.4647231720437691,-0.8660254037844385,-0.5000000000000004,0.0,0.0,0.0,0.0,1.0,0.0,0.0,0.0,0.0,0.0,0.2857142857142857,0.7559289460184541,2.0,2.0,0.2857142857142857,0.6112498455021265,4.0,2.0,0.17857142857142858,0.4755948656056712,5.0,2.0,0.14285714285714285,0.4012965998347867,8.0,2.0,0.10714285714285714,0.34772434529352453,9.0,2.0,0.0,0.0,0.0,407,0.35872235872235875,0.1891891891891892,0.31203931203931207,0.2457002457002457,0.09090909090909091,0.31695331695331697,42.411167512690355,5.8452088452088455
2022-09-01,1,0,0,0,0,0,0,0,2,0,0,0,2022,9,1,3,244,35,3,0,0,0,0.43388373911755823,-0.900968867902419,-0.8717063187093217,-0.4900286664290594,-0.8854560256532096,-0.4647231720437691,-1.0,-1.8369701987210297e-16,0.0,0.0,0.0,2.0,0.0,0.0,0.3333333333333333,0.5773502691896255,1.0,1.0,0.14285714285714285,0.3779644730092266,1.0,1.0,0.35714285714285715,0.6333236937766507,5.0,2.0,0.21428571428571427,0.498675494362064,6.0,2.0,0.16071428571428573,0.4167748777233323,9.0,2.0,0.10714285714285714,0.34772434529352453,9.0,2.0,1.0,-1.0,1.0,407,0.35872235872235875,0.1891891891891892,0.31203931203931207,0.2457002457002457,0.09090909090909091,0.31695331695331697,42.411167512690355,5.8452088452088455
2022-09-02,1,0,0,0,0,0,0,0,1,0,0,0,2022,9,2,4,245,35,3,0,0,1,-0.433883739117558,-0.9009688679024191,-0.8800122039735356,-0.4749510720670502,-0.8854560256532096,-0.4647231720437691,-1.0,-1.8369701987210297e-16,1.0,0.0,0.0,0.0,1.0,0.0,0.6666666666666666,0.5773502691896262,2.0,1.0,0.2857142857142857,0.48795003647426605,2.0,1.0,0.35714285714285715,0.6333236937766507,5.0,2.0,0.25,0.518187725171601,7.0,2.0,0.17857142857142858,0.43094580368566726,10.0,2.0,0.11904761904761904,0.36088118075173775,10.0,2.0,0.0,1.0,1.0,407,0.35872235872235875,0.1891891891891892,0.31203931203931207,0.2457002457002457,0.09090909090909091,0.31695331695331697,42.411167512690355,5.8452088452088455
2022-09-03,0,0,0,0,0,0,0,0,0,0,0,0,2022,9,3,5,246,35,3,1,0,0,-0.9749279121818236,-0.2225209339563146,-0.888057322629493,-0.4597327394521046,-0.8854560256532096,-0.4647231720437691,-1.0,-1.8369701987210297e-16,1.0,1.0,0.0,0.0,0.0,0.0,0.6666666666666666,0.5773502691896262,2.0,1.0,0.2857142857142857,0.48795003647426605,2.0,1.0,0.35714285714285715,0.6333236937766507,5.0,2.0,0.25,0.518187725171601,7.0,2.0,0.16071428571428573,0.4167748777233323,9.0,2.0,0.11904761904761904,0.36088118075173775,10.0,2.0,-1.0,0.0,0.0,407,0.35872235872235875,0.1891891891891892,0.31203931203931207,0.2457002457002457,0.09090909090909091,0.31695331695331697,42.411167512690355,5.8452088452088455
2022-09-04,0,0,0,0,0,0,0,0,0,0,0,0,2022,9,4,6,247,35,3,1,0,0,-0.7818314824680299,0.6234898018587334,-0.8958392907349089,-0.4443781781046134,-0.8854560256532096,-0.4647231720437691,-1.0,-1.8369701987210297e-16,0.0,1.0,1.0,0.0,0.0,0.0,0.3333333333333333,0.5773502691896255,1.0,1.0,0.2857142857142857,0.48795003647426605,2.0,1.0,0.35714285714285715,0.6333236937766507,5.0,2.0,0.25,0.518187725171601,7.0,2.0,0.16071428571428573,0.4167748777233323,9.0,2.0,0.11904761904761904,0.36088118075173775,10.0,2.0,0.0,0.0,0.0,407,0.35872235872235875,0.1891891891891892,0.31203931203931207,0.2457002457002457,0.09090909090909091,0.31695331695331697,42.411167512690355,5.8452088452088455
2022-09-05,0,0,0,0,0,0,0,0,0,0,0,0,2022,9,5,0,248,36,3,0,1,0,0.0,1.0,-0.9033558023246842,-0.4288919379124841,-0.9350162426854147,-0.3546048870425359,-1.0,-1.8369701987210297e-16,0.0,0.0,1.0,0.0,0.0,0.0,0.0,0.0,0.0,0.0,0.2857142857142857,0.48795003647426605,2.0,1.0,0.35714285714285715,0.6333236937766507,5.0,2.0,0.25,0.518187725171601,7.0,2.0,0.16071428571428573,0.4167748777233323,9.0,2.0,0.11904761904761904,0.36088118075173775,10.0,2.0,0.0,0.0,0.0,407,0.35872235872235875,0.1891891891891892,0.31203931203931207,0.2457002457002457,0.09090909090909091,0.31695331695331697,42.411167512690355,5.8452088452088455
2022-09-06,2,2,0,1,0,1,0,1,3,1,1,0,2022,9,6,1,249,36,3,0,0,0,0.7818314824680298,0.6234898018587336,-0.9106046300942162,-0.41327860778290443,-0.9350162426854147,-0.3546048870425359,-1.0,-1.8369701987210297e-16,0.0,0.0,0.0,0.0,1.0,0.0,0.6666666666666666,1.1547005383792517,2.0,2.0,0.5714285714285714,0.7867957924694426,4.0,2.0,0.42857142857142855,0.7559289460184542,6.0,2.0,0.32142857142857145,0.6118321864193029,9.0,2.0,0.19642857142857142,0.48315790218266985,11.0,2.0,0.14285714285714285,0.41486990682251074,12.0,2.0,2.0,2.0,2.0,407,0.35872235872235875,0.1891891891891892,0.31203931203931207,0.2457002457002457,0.09090909090909091,0.31695331695331697,42.411167512690355,5.8452088452088455
2022-09-07,0,0,0,0,0,0,0,0,0,0,0,0,2022,9,7,2,250,36,3,0,0,0,0.9749279121818236,-0.22252093395631434,-0.9175836260593934,-0.3975428142825566,-0.9350162426854147,-0.3546048870425359,-1.0,-1.8369701987210297e-16,2.0,0.0,0.0,0.0,0.0,0.0,0.6666666666666666,1.1547005383792517,2.0,2.0,0.5714285714285714,0.7867957924694426,4.0,2.0,0.42857142857142855,0.7559289460184542,6.0,2.0,0.32142857142857145,0.6118321864193029,9.0,2.0,0.19642857142857142,0.48315790218266985,11.0,2.0,0.14285714285714285,0.41486990682251074,12.0,2.0,-2.0,0.0,0.0,407,0.35872235872235875,0.1891891891891892,0.31203931203931207,0.2457002457002457,0.09090909090909091,0.31695331695331697,42.411167512690355,5.8452088452088455
2022-09-08,1,0,1,0,0,2,0,1,3,0,0,1,2022,9,8,3,251,36,3,0,0,0,0.43388373911755823,-0.900968867902419,-0.9242907221930934,-0.3816892202666586,-0.9350162426854147,-0.3546048870425359,-1.0,-1.8369701987210297e-16,0.0,2.0,0.0,1.0,2.0,0.0,1.0,1.0000000000000007,3.0,2.0,0.5714285714285714,0.7867957924694426,4.0,2.0,0.35714285714285715,0.6333236937766505,5.0,2.0,0.35714285714285715,0.6214848238238697,10.0,2.0,0.21428571428571427,0.49412128486419615,12.0,2.0,0.15476190476190477,0.4249464209755652,13.0,2.0,1.0,0.0,1.0,407,0.35872235872235875,0.1891891891891892,0.31203931203931207,0.2457002457002457,0.09090909090909091,0.31695331695331697,42.411167512690355,5.8452088452088455
2022-09-09,0,0,0,0,0,0,0,0,0,0,0,0,2022,9,9,4,252,36,3,0,0,1,-0.433883739117558,-0.9009688679024191,-0.9307239310379793,-0.3657225234972692,-0.9350162426854147,-0.3546048870425359,-1.0,-1.8369701987210297e-16,1.0,0.0,2.0,1.0,0.0,0.0,0.3333333333333333,0.5773502691896254,1.0,1.0,0.42857142857142855,0.7867957924694428,3.0,2.0,0.35714285714285715,0.6333236937766505,5.0,2.0,0.35714285714285715,0.6214848238238697,10.0,2.0,0.19642857142857142,0.48315790218266985,11.0,2.0,0.15476190476190477,0.4249464209755652,13.0,2.0,-1.0,-1.0,0.0,407,0.35872235872235875,0.1891891891891892,0.31203931203931207,0.2457002457002457,0.09090909090909091,0.31695331695331697,42.411167512690355,5.8452088452088455
2022-09-10,0,0,0,0,0,0,0,0,0,0,0,0,2022,9,10,5,253,36,3,1,0,0,-0.9749279121818236,-0.2225209339563146,-0.9368813462954315,-0.34964745525122826,-0.9350162426854147,-0.3546048870425359,-1.0,-1.8369701987210297e-16,0.0,1.0,0.0,0.0,0.0,0.0,0.3333333333333333,0.5773502691896254,1.0,1.0,0.42857142857142855,0.7867957924694428,3.0,2.0,0.35714285714285715,0.6333236937766505,5.0,2.0,0.35714285714285715,0.6214848238238697,10.0,2.0,0.19642857142857142,0.48315790218266985,11.0,2.0,0.15476190476190477,0.4249464209755652,13.0,2.0,0.0,0.0,0.0,407,0.35872235872235875,0.1891891891891892,0.31203931203931207,0.2457002457002457,0.09090909090909091,0.31695331695331697,42.411167512690355,5.8452088452088455
2022-09-11,0,0,0,0,0,0,0,0,0,0,0,0,2022,9,11,6,254,36,3,1,0,0,-0.7818314824680299,0.6234898018587334,-0.9427611433904206,-0.33346877891818705,-0.9350162426854147,-0.3546048870425359,-1.0,-1.8369701987210297e-16,0.0,0.0,1.0,0.0,0.0,0.0,0.0,0.0,0.0,0.0,0.42857142857142855,0.7867957924694428,3.0,2.0,0.35714285714285715,0.6333236937766505,5.0,2.0,0.35714285714285715,0.6214848238238697,10.0,2.0,0.19642857142857142,0.48315790218266985,11.0,2.0,0.15476190476190477,0.4249464209755652,13.0,2.0,0.0,0.0,0.0,407,0.35872235872235875,0.1891891891891892,0.31203931203931207,0.2457002457002457,0.09090909090909091,0.31695331695331697,42.411167512690355,5.8452088452088455
2022-09-12,0,0,0,0,0,0,0,0,0,0,0,0,2022,9,12,0,255,37,3,0,1,0,0.0,1.0,-0.9483615800121716,-0.31719128858910595,-0.970941817426052,-0.23931566428755774,-1.0,-1.8369701987210297e-16,0.0,0.0,0.0,0.0,0.0,0.0,0.0,0.0,0.0,0.0,0.42857142857142855,0.7867957924694428,3.0,2.0,0.35714285714285715,0.6333236937766505,5.0,2.0,0.35714285714285715,0.6214848238238697,10.0,2.0,0.19642857142857142,0.48315790218266985,11.0,2.0,0.15476190476190477,0.4249464209755652,13.0,2.0,0.0,0.0,0.0,407,0.35872235872235875,0.1891891891891892,0.31203931203931207,0.2457002457002457,0.09090909090909091,0.31695331695331697,42.411167512690355,5.8452088452088455
2022-09-13,0,0,0,0,0,0,0,0,0,0,0,0,2022,9,13,1,256,37,3,0,0,0,0.7818314824680298,0.6234898018587336,-0.9536809966304455,-0.300819807635668,-0.970941817426052,-0.23931566428755774,-1.0,-1.8369701987210297e-16,0.0,0.0,0.0,2.0,0.0,0.0,0.0,0.0,0.0,0.0,0.14285714285714285,0.3779644730092266,1.0,1.0,0.35714285714285715,0.6333236937766505,5.0,2.0,0.35714285714285715,0.6214848238238697,10.0,2.0,0.19642857142857142,0.48315790218266985,11.0,2.0,0.15476190476190477,0.4249464209755652,13.0,2.0,0.0,-2.0,0.0,407,0.35872235872235875,0.1891891891891892,0.31203931203931207,0.2457002457002457,0.09090909090909091,0.31695331695331697,42.411167512690355,5.8452088452088455
2022-09-14,0,0,0,0,0,0,0,0,0,0,0,0,2022,9,14,2,257,37,3,0,0,0,0.9749279121818236,-0.22252093395631434,-0.9587178169872964,-0.2843591872810036,-0.970941817426052,-0.23931566428755774,-1.0,-1.8369701987210297e-16,0.0,0.0,0.0,0.0,0.0,1.0,0.0,0.0,0.0,0.0,0.14285714285714285,0.3779644730092266,1.0,1.0,0.35714285714285715,0.6333236937766505,5.0,2.0,0.32142857142857145,0.6118321864193029,9.0,2.0,0.19642857142857142,0.48315790218266985,11.0,2.0,0.15476190476190477,0.4249464209755652,13.0,2.0,0.0,0.0,-1.0,407,0.35872235872235875,0.1891891891891892,0.31203931203931207,0.2457002457002457,0.09090909090909091,0.31695331695331697,42.411167512690355,5.8452088452088455
2022-09-15,0,0,0,0,0,0,0,0,0,0,0,0,2022,9,15,3,258,37,3,0,0,0,0.43388373911755823,-0.900968867902419,-0.9634705485641486,-0.26781430516217486,-0.970941817426052,-0.23931566428755774,-1.0,-1.8369701987210297e-16,0.0,0.0,0.0,1.0,1.0,0.0,0.0,0.0,0.0,0.0,0.0,0.0,0.0,0.0,0.2857142857142857,0.6112498455021262,4.0,2.0,0.32142857142857145,0.6118321864193029,9.0,2.0,0.19642857142857142,0.48315790218266985,11.0,2.0,0.15476190476190477,0.4249464209755652,13.0,2.0,0.0,-1.0,0.0,407,0.35872235872235875,0.1891891891891892,0.31203931203931207,0.2457002457002457,0.09090909090909091,0.31695331695331697,42.411167512690355,5.8452088452088455
2022-09-16,0,0,0,0,0,0,0,0,0,0,0,0,2022,9,16,4,259,37,3,0,0,1,-0.433883739117558,-0.9009688679024191,-0.9679377830240642,-0.25119006388481957,-0.970941817426052,-0.23931566428755774,-1.0,-1.8369701987210297e-16,0.0,0.0,0.0,0.0,1.0,1.0,0.0,0.0,0.0,0.0,0.0,0.0,0.0,0.0,0.21428571428571427,0.5789342235218391,3.0,2.0,0.2857142857142857,0.5998236072282918,8.0,2.0,0.19642857142857142,0.48315790218266985,11.0,2.0,0.15476190476190477,0.4249464209755652,13.0,2.0,0.0,0.0,-1.0,407,0.35872235872235875,0.1891891891891892,0.31203931203931207,0.2457002457002457,0.09090909090909091,0.31695331695331697,42.411167512690355,5.8452088452088455
2022-09-17,0,0,0,0,0,0,0,0,0,0,0,0,2022,9,17,5,260,37,3,1,0,0,-0.9749279121818236,-0.2225209339563146,-0.9721181966290612,-0.23449138957041052,-0.970941817426052,-0.23931566428755774,-1.0,-1.8369701987210297e-16,0.0,0.0,0.0,0.0,0.0,0.0,0.0,0.0,0.0,0.0,0.0,0.0,0.0,0.0,0.21428571428571427,0.5789342235218391,3.0,2.0,0.2857142857142857,0.5998236072282918,8.0,2.0,0.19642857142857142,0.48315790218266985,11.0,2.0,0.15476190476190477,0.4249464209755652,13.0,2.0,0.0,0.0,0.0,407,0.35872235872235875,0.1891891891891892,0.31203931203931207,0.2457002457002457,0.09090909090909091,0.31695331695331697,42.411167512690355,5.8452088452088455
2022-09-18,0,0,0,0,0,0,0,0,0,0,0,0,2022,9,18,6,261,37,3,1,0,0,-0.7818314824680299,0.6234898018587334,-0.9760105506323682,-0.21772323039653224,-0.970941817426052,-0.23931566428755774,-1.0,-1.8369701987210297e-16,0.0,0.0,0.0,0.0,0.0,0.0,0.0,0.0,0.0,0.0,0.0,0.0,0.0,0.0,0.21428571428571427,0.5789342235218391,3.0,2.0,0.2857142857142857,0.5998236072282918,8.0,2.0,0.19642857142857142,0.48315790218266985,11.0,2.0,0.15476190476190477,0.4249464209755652,13.0,2.0,0.0,0.0,0.0,407,0.35872235872235875,0.1891891891891892,0.31203931203931207,0.2457002457002457,0.09090909090909091,0.31695331695331697,42.411167512690355,5.8452088452088455
2022-09-19,0,0,0,0,0,0,0,0,0,0,0,0,2022,9,19,0,262,38,3,0,1,0,0.0,1.0,-0.9796136916454901,-0.20089055513063528,-0.992708874098054,-0.12053668025532357,-1.0,-1.8369701987210297e-16,0.0,0.0,0.0,0.0,0.0,0.0,0.0,0.0,0.0,0.0,0.0,0.0,0.0,0.0,0.21428571428571427,0.5789342235218391,3.0,2.0,0.2857142857142857,0.5998236072282918,8.0,2.0,0.19642857142857142,0.48315790218266985,11.0,2.0,0.15476190476190477,0.4249464209755652,13.0,2.0,0.0,0.0,0.0,407,0.35872235872235875,0.1891891891891892,0.31203931203931207,0.2457002457002457,0.09090909090909091,0.31695331695331697,42.411167512690355,5.8452088452088455
2022-09-20,0,0,0,0,0,0,0,0,0,0,0,0,2022,9,20,1,263,38,3,0,0,0,0.7818314824680298,0.6234898018587336,-0.9829265519799822,-0.18399835165767986,-0.992708874098054,-0.12053668025532357,-1.0,-1.8369701987210297e-16,0.0,0.0,0.0,0.0,2.0,1.0,0.0,0.0,0.0,0.0,0.0,0.0,0.0,0.0,0.07142857142857142,0.2672612419124238,1.0,1.0,0.25,0.5853140973807079,7.0,2.0,0.19642857142857142,0.48315790218266985,11.0,2.0,0.15476190476190477,0.4249464209755652,13.0,2.0,0.0,0.0,-1.0,407,0.35872235872235875,0.1891891891891892,0.31203931203931207,0.2457002457002457,0.09090909090909091,0.31695331695331697,42.411167512690355,5.8452088452088455
2022-09-21,0,0,0,0,0,0,0,0,0,0,0,0,2022,9,21,2,264,38,3,0,0,0,0.9749279121818236,-0.22252093395631434,-0.9859481499638303,-0.1670516255021195,-0.992708874098054,-0.12053668025532357,-1.0,-1.8369701987210297e-16,0.0,0.0,0.0,0.0,0.0,0.0,0.0,0.0,0.0,0.0,0.0,0.0,0.0,0.0,0.07142857142857142,0.2672612419124238,1.0,1.0,0.25,0.5853140973807079,7.0,2.0,0.19642857142857142,0.48315790218266985,11.0,2.0,0.15476190476190477,0.4249464209755652,13.0,2.0,0.0,0.0,0.0,407,0.35872235872235875,0.1891891891891892,0.31203931203931207,0.2457002457002457,0.09090909090909091,0.31695331695331697,42.411167512690355,5.8452088452088455
2022-09-22,0,0,0,0,0,0,0,0,0,0,0,0,2022,9,22,3,265,38,3,0,0,0,0.43388373911755823,-0.900968867902419,-0.9886775902323404,-0.15005539834465262,-0.992708874098054,-0.12053668025532357,-1.0,-1.8369701987210297e-16,0.0,0.0,0.0,0.0,1.0,2.0,0.0,0.0,0.0,0.0,0.0,0.0,0.0,0.0,0.0,0.0,0.0,0.0,0.17857142857142858,0.4755948656056712,5.0,2.0,0.19642857142857142,0.48315790218266985,11.0,2.0,0.15476190476190477,0.4249464209755652,13.0,2.0,0.0,0.0,-2.0,407,0.35872235872235875,0.1891891891891892,0.31203931203931207,0.2457002457002457,0.09090909090909091,0.31695331695331697,42.411167512690355,5.8452088452088455
2022-09-23,3,0,0,0,0,0,0,0,6,0,0,3,2022,9,23,4,266,38,3,0,0,1,-0.433883739117558,-0.9009688679024191,-0.9911140639934546,-0.13301470653419636,-0.992708874098054,-0.12053668025532357,-1.0,-1.8369701987210297e-16,0.0,0.0,0.0,0.0,0.0,0.0,1.0,1.7320508075688776,3.0,3.0,0.42857142857142855,1.1338934190276813,3.0,3.0,0.21428571428571427,0.801783725737273,3.0,3.0,0.2857142857142857,0.7126966450997986,8.0,3.0,0.25,0.6105139414683933,14.0,3.0,0.19047619047619047,0.5258656770218509,16.0,3.0,3.0,3.0,3.0,407,0.35872235872235875,0.1891891891891892,0.31203931203931207,0.2457002457002457,0.09090909090909091,0.31695331695331697,42.411167512690355,5.8452088452088455
2022-09-24,3,3,0,3,0,0,0,0,4,0,0,0,2022,9,24,5,267,38,3,1,0,0,-0.9749279121818236,-0.2225209339563146,-0.9932568492674143,-0.11593459959550066,-0.992708874098054,-0.12053668025532357,-1.0,-1.8369701987210297e-16,3.0,0.0,0.0,0.0,0.0,0.0,2.0,1.7320508075688785,6.0,3.0,0.8571428571428571,1.4638501094227994,6.0,3.0,0.42857142857142855,1.0894095588038442,6.0,3.0,0.39285714285714285,0.8751417118804339,11.0,3.0,0.30357142857142855,0.7114554316110259,17.0,3.0,0.2261904761904762,0.6082007927038185,19.0,3.0,0.0,3.0,3.0,407,0.35872235872235875,0.1891891891891892,0.31203931203931207,0.2457002457002457,0.09090909090909091,0.31695331695331697,42.411167512690355,5.8452088452088455
2022-09-25,1,0,0,0,0,0,0,0,2,0,0,1,2022,9,25,6,268,38,3,1,0,0,-0.7818314824680299,0.6234898018587334,-0.9951053111006974,-0.09882013873287211,-0.992708874098054,-0.12053668025532357,-1.0,-1.8369701987210297e-16,3.0,3.0,0.0,0.0,0.0,0.0,2.3333333333333335,1.1547005383792537,7.0,3.0,1.0,1.4142135623730947,7.0,3.0,0.5,1.0919284281983375,7.0,3.0,0.42857142857142855,0.8789122666607702,12.0,3.0,0.32142857142857145,0.7162311170195086,18.0,3.0,0.23809523809523808,0.6134839796034308,20.0,3.0,-2.0,1.0,1.0,407,0.35872235872235875,0.1891891891891892,0.31203931203931207,0.2457002457002457,0.09090909090909091,0.31695331695331697,42.411167512690355,5.8452088452088455
2022-09-26,1,0,0,0,0,0,0,0,2,0,0,0,2022,9,26,0,269,39,3,0,1,0,0.0,1.0,-0.99665890175417,-0.08167639533042288,-1.0,-1.8369701987210297e-16,-1.0,-1.8369701987210297e-16,1.0,3.0,3.0,0.0,0.0,0.0,1.6666666666666667,1.154700538379253,5.0,3.0,1.1428571428571428,1.345185418269098,8.0,3.0,0.5714285714285714,1.0894095588038442,8.0,3.0,0.4642857142857143,0.8811668550592598,13.0,3.0,0.32142857142857145,0.7162311170195086,18.0,3.0,0.25,0.6184901943296492,21.0,3.0,0.0,1.0,1.0,407,0.35872235872235875,0.1891891891891892,0.31203931203931207,0.2457002457002457,0.09090909090909091,0.31695331695331697,42.411167512690355,5.8452088452088455
2022-09-27,0,0,0,0,0,0,0,0,0,0,0,0,2022,9,27,1,270,39,3,0,0,0,0.7818314824680298,0.6234898018587336,-0.9979171608653922,-0.06450844944931625,-1.0,-1.8369701987210297e-16,-1.0,-1.8369701987210297e-16,1.0,1.0,3.0,0.0,0.0,0.0,0.6666666666666666,0.5773502691896266,2.0,1.0,1.1428571428571428,1.345185418269098,8.0,3.0,0.5714285714285714,1.0894095588038442,8.0,3.0,0.4642857142857143,0.8811668550592598,13.0,3.0,0.32142857142857145,0.7162311170195086,18.0,3.0,0.25,0.6184901943296492,21.0,3.0,-1.0,0.0,0.0,407,0.35872235872235875,0.1891891891891892,0.31203931203931207,0.2457002457002457,0.09090909090909091,0.31695331695331697,42.411167512690355,5.8452088452088455
2022-09-28,0,0,0,0,0,0,0,0,0,0,0,0,2022,9,28,2,271,39,3,0,0,0,0.9749279121818236,-0.22252093395631434,-0.9988797155850335,-0.04732138832243232,-1.0,-1.8369701987210297e-16,-1.0,-1.8369701987210297e-16,0.0,1.0,1.0,0.0,0.0,0.0,0.3333333333333333,0.5773502691896258,1.0,1.0,1.1428571428571428,1.345185418269098,8.0,3.0,0.5714285714285714,1.0894095588038442,8.0,3.0,0.4642857142857143,0.8811668550592598,13.0,3.0,0.32142857142857145,0.7162311170195086,18.0,3.0,0.25,0.6184901943296492,21.0,3.0,0.0,0.0,0.0,407,0.35872235872235875,0.1891891891891892,0.31203931203931207,0.2457002457002457,0.09090909090909091,0.31695331695331697,42.411167512690355,5.8452088452088455
2022-09-29,0,0,0,0,0,0,0,0,0,0,0,0,2022,9,29,3,272,39,3,0,0,0,0.43388373911755823,-0.900968867902419,-0.9995462806873573,-0.03012030484690836,-1.0,-1.8369701987210297e-16,-1.0,-1.8369701987210297e-16,0.0,0.0,1.0,0.0,0.0,1.0,0.0,0.0,0.0,0.0,1.1428571428571428,1.345185418269098,8.0,3.0,0.5714285714285714,1.0894095588038442,8.0,3.0,0.42857142857142855,0.8789122666607702,12.0,3.0,0.32142857142857145,0.7162311170195086,18.0,3.0,0.25,0.6184901943296492,21.0,3.0,0.0,0.0,-1.0,407,0.35872235872235875,0.1891891891891892,0.31203931203931207,0.2457002457002457,0.09090909090909091,0.31695331695331697,42.411167512690355,5.8452088452088455
2022-09-30,0,0,0,0,0,0,0,0,0,0,0,0,2022,9,30,4,273,39,3,0,0,1,-0.433883739117558,-0.9009688679024191,-0.9999166586547379,-0.012910296075008843,-1.0,-1.8369701987210297e-16,-1.0,-1.8369701987210297e-16,0.0,0.0,0.0,3.0,0.0,1.0,0.0,0.0,0.0,0.0,0.7142857142857143,1.112697280528373,5.0,3.0,0.5714285714285714,1.0894095588038442,8.0,3.0,0.39285714285714285,0.8751417118804339,11.0,3.0,0.32142857142857145,0.7162311170195086,18.0,3.0,0.25,0.6184901943296492,21.0,3.0,0.0,-3.0,-1.0,407,0.35872235872235875,0.1891891891891892,0.31203931203931207,0.2457002457002457,0.09090909090909091,0.31695331695331697,42.411167512690355,5.8452088452088455
2022-10-01,1,0,0,0,0,0,0,0,2,0,0,0,2022,10,1,5,274,39,4,1,0,0,-0.9749279121818236,-0.2225209339563146,-0.9999907397361901,0.004303538296243821,-1.0,-1.8369701987210297e-16,-0.8660254037844386,0.5000000000000001,0.0,0.0,0.0,3.0,0.0,0.0,0.3333333333333333,0.5773502691896258,1.0,1.0,0.42857142857142855,0.5345224838248481,3.0,1.0,0.6428571428571429,1.081817762069781,9.0,3.0,0.42857142857142855,0.8789122666607702,12.0,3.0,0.3392857142857143,0.7205247005869015,19.0,3.0,0.25,0.6184901943296492,21.0,3.0,1.0,-2.0,1.0,407,0.35872235872235875,0.1891891891891892,0.31203931203931207,0.2457002457002457,0.09090909090909091,0.31695331695331697,42.411167512690355,5.8452088452088455
2022-10-02,0,0,0,0,0,0,0,0,0,0,0,0,2022,10,2,6,275,39,4,1,0,0,-0.7818314824680299,0.6234898018587334,-0.9997685019798909,0.021516097436222233,-1.0,-1.8369701987210297e-16,-0.8660254037844386,0.5000000000000001,1.0,0.0,0.0,1.0,0.0,0.0,0.3333333333333333,0.5773502691896258,1.0,1.0,0.2857142857142857,0.48795003647426594,2.0,1.0,0.6428571428571429,1.081817762069781,9.0,3.0,0.42857142857142855,0.8789122666607702,12.0,3.0,0.3392857142857143,0.7205247005869015,19.0,3.0,0.25,0.6184901943296492,21.0,3.0,-1.0,-1.0,0.0,407,0.35872235872235875,0.1891891891891892,0.31203931203931207,0.2457002457002457,0.09090909090909091,0.31695331695331697,42.411167512690355,5.8452088452088455
2022-10-03,0,0,0,0,0,0,0,0,0,0,0,0,2022,10,3,0,276,40,4,0,1,0,0.0,1.0,-0.9992500112396835,0.03872228089217399,-0.992708874098054,0.1205366802553232,-0.8660254037844386,0.5000000000000001,0.0,1.0,0.0,1.0,0.0,0.0,0.3333333333333333,0.5773502691896258,1.0,1.0,0.14285714285714285,0.37796447300922653,1.0,1.0,0.6428571428571429,1.081817762069781,9.0,3.0,0.42857142857142855,0.8789122666607702,12.0,3.0,0.3392857142857143,0.7205247005869015,19.0,3.0,0.25,0.6184901943296492,21.0,3.0,0.0,-1.0,0.0,407,0.35872235872235875,0.1891891891891892,0.31203931203931207,0.2457002457002457,0.09090909090909091,0.31695331695331697,42.411167512690355,5.8452088452088455
2022-10-04,0,0,0,0,0,0,0,0,0,0,0,0,2022,10,4,1,277,40,4,0,0,0,0.7818314824680298,0.6234898018587336,-0.9984354211555643,0.05591699010060302,-0.992708874098054,0.1205366802553232,-0.8660254037844386,0.5000000000000001,0.0,0.0,1.0,0.0,0.0,2.0,0.0,0.0,0.0,0.0,0.14285714285714285,0.37796447300922653,1.0,1.0,0.6428571428571429,1.081817762069781,9.0,3.0,0.35714285714285715,0.8261595987094037,10.0,3.0,0.3392857142857143,0.7205247005869015,19.0,3.0,0.25,0.6184901943296492,21.0,3.0,0.0,0.0,-2.0,407,0.35872235872235875,0.1891891891891892,0.31203931203931207,0.2457002457002457,0.09090909090909091,0.31695331695331697,42.411167512690355,5.8452088452088455
2022-10-05,0,0,0,0,0,0,0,0,0,0,0,0,2022,10,5,2,278,40,4,0,0,0,0.9749279121818236,-0.22252093395631434,-0.9973249731081555,0.07309512989807776,-0.992708874098054,0.1205366802553232,-0.8660254037844386,0.5000000000000001,0.0,0.0,0.0,0.0,0.0,0.0,0.0,0.0,0.0,0.0,0.14285714285714285,0.37796447300922653,1.0,1.0,0.6428571428571429,1.081817762069781,9.0,3.0,0.35714285714285715,0.8261595987094037,10.0,3.0,0.3392857142857143,0.7205247005869015,19.0,3.0,0.25,0.6184901943296492,21.0,3.0,0.0,0.0,0.0,407,0.35872235872235875,0.1891891891891892,0.31203931203931207,0.2457002457002457,0.09090909090909091,0.31695331695331697,42.411167512690355,5.8452088452088455
2022-10-06,0,0,0,0,0,0,0,0,0,0,0,0,2022,10,6,3,279,40,4,0,0,0,0.43388373911755823,-0.900968867902419,-0.9959189961471792,0.0902516100310407,-0.992708874098054,0.1205366802553232,-0.8660254037844386,0.5000000000000001,0.0,0.0,0.0,0.0,0.0,1.0,0.0,0.0,0.0,0.0,0.14285714285714285,0.37796447300922653,1.0,1.0,0.6428571428571429,1.081817762069781,9.0,3.0,0.32142857142857145,0.8189230248533259,9.0,3.0,0.3392857142857143,0.7205247005869015,19.0,3.0,0.25,0.6184901943296492,21.0,3.0,0.0,0.0,-1.0,407,0.35872235872235875,0.1891891891891892,0.31203931203931207,0.2457002457002457,0.09090909090909091,0.31695331695331697,42.411167512690355,5.8452088452088455
2022-10-07,2,0,2,0,0,0,0,0,4,0,0,2,2022,10,7,4,280,40,4,0,0,1,-0.433883739117558,-0.9009688679024191,-0.994217906893952,0.10738134666416306,-0.992708874098054,0.1205366802553232,-0.8660254037844386,0.5000000000000001,0.0,0.0,0.0,0.0,3.0,0.0,0.6666666666666666,1.154700538379252,2.0,2.0,0.42857142857142855,0.7867957924694426,3.0,2.0,0.5714285714285714,0.9376144618769905,8.0,3.0,0.39285714285714285,0.8751417118804339,11.0,3.0,0.375,0.752269294142125,21.0,3.0,0.2619047619047619,0.6422672119478899,22.0,3.0,2.0,2.0,2.0,407,0.35872235872235875,0.1891891891891892,0.31203931203931207,0.2457002457002457,0.09090909090909091,0.31695331695331697,42.411167512690355,5.8452088452088455
2022-10-08,2,0,0,0,0,0,0,0,4,0,0,2,2022,10,8,5,281,40,4,1,0,0,-0.9749279121818236,-0.2225209339563146,-0.9922222094179324,0.12447926388678869,-0.992708874098054,0.1205366802553232,-0.8660254037844386,0.5000000000000001,2.0,0.0,0.0,1.0,3.0,0.0,1.3333333333333333,1.1547005383792526,4.0,2.0,0.5714285714285714,0.9759000729485328,4.0,2.0,0.5,0.7595545253127495,7.0,2.0,0.4642857142857143,0.9222413461394479,13.0,3.0,0.4107142857142857,0.7810665368999846,23.0,3.0,0.2857142857142857,0.6689576241631373,24.0,3.0,0.0,1.0,2.0,407,0.35872235872235875,0.1891891891891892,0.31203931203931207,0.2457002457002457,0.09090909090909091,0.31695331695331697,42.411167512690355,5.8452088452088455
2022-10-09,0,0,0,0,0,0,0,0,0,0,0,0,2022,10,9,6,282,40,4,1,0,0,-0.7818314824680299,0.6234898018587334,-0.989932495087353,0.141540295217043,-0.992708874098054,0.1205366802553232,-0.8660254037844386,0.5000000000000001,2.0,2.0,0.0,0.0,1.0,0.0,1.3333333333333333,1.1547005383792526,4.0,2.0,0.5714285714285714,0.9759000729485328,4.0,2.0,0.42857142857142855,0.755928946018454,6.0,2.0,0.4642857142857143,0.9222413461394479,13.0,3.0,0.4107142857142857,0.7810665368999846,23.0,3.0,0.2857142857142857,0.6689576241631373,24.0,3.0,-2.0,0.0,0.0,407,0.35872235872235875,0.1891891891891892,0.31203931203931207,0.2457002457002457,0.09090909090909091,0.31695331695331697,42.411167512690355,5.8452088452088455
2022-10-10,0,0,0,0,0,0,0,0,0,0,0,0,2022,10,10,0,283,41,4,0,1,0,0.0,1.0,-0.9873494423939864,0.15855938510313475,-0.9709418174260521,0.23931566428755738,-0.8660254037844386,0.5000000000000001,0.0,2.0,2.0,0.0,1.0,0.0,0.6666666666666666,1.154700538379252,2.0,2.0,0.5714285714285714,0.9759000729485328,4.0,2.0,0.35714285714285715,0.7449463436684916,5.0,2.0,0.4642857142857143,0.9222413461394479,13.0,3.0,0.4107142857142857,0.7810665368999846,23.0,3.0,0.2857142857142857,0.6689576241631373,24.0,3.0,0.0,0.0,0.0,407,0.35872235872235875,0.1891891891891892,0.31203931203931207,0.2457002457002457,0.09090909090909091,0.31695331695331697,42.411167512690355,5.8452088452088455
2022-10-11,0,0,0,0,0,0,0,0,0,0,0,0,2022,10,11,1,284,41,4,0,0,0,0.7818314824680298,0.6234898018587336,-0.9844738167520923,0.17553149042142777,-0.9709418174260521,0.23931566428755738,-0.8660254037844386,0.5000000000000001,0.0,0.0,2.0,0.0,0.0,0.0,0.0,0.0,0.0,0.0,0.5714285714285714,0.9759000729485328,4.0,2.0,0.35714285714285715,0.7449463436684916,5.0,2.0,0.4642857142857143,0.9222413461394479,13.0,3.0,0.4107142857142857,0.7810665368999846,23.0,3.0,0.2857142857142857,0.6689576241631373,24.0,3.0,0.0,0.0,0.0,407,0.35872235872235875,0.1891891891891892,0.31203931203931207,0.2457002457002457,0.09090909090909091,0.31695331695331697,42.411167512690355,5.8452088452088455
2022-10-12,0,0,0,0,0,0,0,0,0,0,0,0,2022,10,12,2,285,41,4,0,0,0,0.9749279121818236,-0.22252093395631434,-0.9813064702716093,0.19245158197082995,-0.9709418174260521,0.23931566428755738,-0.8660254037844386,0.5000000000000001,0.0,0.0,0.0,0.0,0.0,0.0,0.0,0.0,0.0,0.0,0.5714285714285714,0.9759000729485328,4.0,2.0,0.35714285714285715,0.7449463436684916,5.0,2.0,0.4642857142857143,0.9222413461394479,13.0,3.0,0.39285714285714285,0.7787769298672801,22.0,3.0,0.2857142857142857,0.6689576241631373,24.0,3.0,0.0,0.0,0.0,407,0.35872235872235875,0.1891891891891892,0.31203931203931207,0.2457002457002457,0.09090909090909091,0.31695331695331697,42.411167512690355,5.8452088452088455
2022-10-13,1,0,0,1,0,0,0,0,2,0,0,0,2022,10,13,3,286,41,4,0,0,0,0.43388373911755823,-0.900968867902419,-0.9778483415056567,0.20931464596304888,-0.9709418174260521,0.23931566428755738,-0.8660254037844386,0.5000000000000001,0.0,0.0,0.0,0.0,0.0,0.0,0.3333333333333333,0.5773502691896258,1.0,1.0,0.7142857142857143,0.9511897312113414,5.0,2.0,0.42857142857142855,0.755928946018454,6.0,2.0,0.5,0.9229582069908974,14.0,3.0,0.4107142857142857,0.7810665368999846,23.0,3.0,0.2976190476190476,0.6726993260345029,25.0,3.0,1.0,1.0,1.0,407,0.35872235872235875,0.1891891891891892,0.31203931203931207,0.2457002457002457,0.09090909090909091,0.31695331695331697,42.411167512690355,5.8452088452088455
2022-10-14,0,0,0,0,0,0,0,0,0,0,0,0,2022,10,14,4,287,41,4,0,0,1,-0.433883739117558,-0.9009688679024191,-0.9741004551724206,0.22611568550828803,-0.9709418174260521,0.23931566428755738,-0.8660254037844386,0.5000000000000001,1.0,0.0,0.0,2.0,0.0,0.0,0.3333333333333333,0.5773502691896258,1.0,1.0,0.42857142857142855,0.7867957924694426,3.0,2.0,0.42857142857142855,0.755928946018454,6.0,2.0,0.5,0.9229582069908974,14.0,3.0,0.39285714285714285,0.7787769298672801,22.0,3.0,0.2976190476190476,0.6726993260345029,25.0,3.0,-1.0,-2.0,0.0,407,0.35872235872235875,0.1891891891891892,0.31203931203931207,0.2457002457002457,0.09090909090909091,0.31695331695331697,42.411167512690355,5.8452088452088455
2022-10-15,0,0,0,0,0,0,0,0,0,0,0,0,2022,10,15,5,288,41,4,1,0,0,-0.9749279121818236,-0.2225209339563146,-0.970063921851507,0.2428497220959358,-0.9709418174260521,0.23931566428755738,-0.8660254037844386,0.5000000000000001,0.0,1.0,0.0,2.0,1.0,0.0,0.3333333333333333,0.5773502691896258,1.0,1.0,0.14285714285714285,0.3779644730092265,1.0,1.0,0.35714285714285715,0.7449463436684916,5.0,2.0,0.5,0.9229582069908974,14.0,3.0,0.39285714285714285,0.7787769298672801,22.0,3.0,0.2976190476190476,0.6726993260345029,25.0,3.0,0.0,-2.0,0.0,407,0.35872235872235875,0.1891891891891892,0.31203931203931207,0.2457002457002457,0.09090909090909091,0.31695331695331697,42.411167512690355,5.8452088452088455
2022-10-16,0,0,0,0,0,0,0,0,0,0,0,0,2022,10,16,6,289,41,4,1,0,0,-0.7818314824680299,0.6234898018587334,-0.965739937654855,0.25951179706979943,-0.9709418174260521,0.23931566428755738,-0.8660254037844386,0.5000000000000001,0.0,0.0,1.0,0.0,0.0,0.0,0.0,0.0,0.0,0.0,0.14285714285714285,0.3779644730092265,1.0,1.0,0.35714285714285715,0.7449463436684916,5.0,2.0,0.5,0.9229582069908974,14.0,3.0,0.39285714285714285,0.7787769298672801,22.0,3.0,0.2976190476190476,0.6726993260345029,25.0,3.0,0.0,0.0,0.0,407,0.35872235872235875,0.1891891891891892,0.31203931203931207,0.2457002457002457,0.09090909090909091,0.31695331695331697,42.411167512690355,5.8452088452088455
2022-10-17,0,0,0,0,0,0,0,0,0,0,0,0,2022,10,17,0,290,42,4,0,1,0,0.0,1.0,-0.9611297838723007,0.27609697309746883,-0.9350162426854148,0.35460488704253557,-0.8660254037844386,0.5000000000000001,0.0,0.0,0.0,0.0,0.0,0.0,0.0,0.0,0.0,0.0,0.14285714285714285,0.3779644730092265,1.0,1.0,0.35714285714285715,0.7449463436684916,5.0,2.0,0.5,0.9229582069908974,14.0,3.0,0.39285714285714285,0.7787769298672801,22.0,3.0,0.2976190476190476,0.6726993260345029,25.0,3.0,0.0,0.0,0.0,407,0.35872235872235875,0.1891891891891892,0.31203931203931207,0.2457002457002457,0.09090909090909091,0.31695331695331697,42.411167512690355,5.8452088452088455
2022-10-18,0,0,0,0,0,0,0,0,0,0,0,0,2022,10,18,1,291,42,4,0,0,0,0.7818314824680298,0.6234898018587336,-0.9562348265919058,0.2926003356333479,-0.9350162426854148,0.35460488704253557,-0.8660254037844386,0.5000000000000001,0.0,0.0,0.0,0.0,0.0,0.0,0.0,0.0,0.0,0.0,0.14285714285714285,0.3779644730092265,1.0,1.0,0.35714285714285715,0.7449463436684916,5.0,2.0,0.5,0.9229582069908974,14.0,3.0,0.375,0.7760623217710851,21.0,3.0,0.2976190476190476,0.6726993260345029,25.0,3.0,0.0,0.0,0.0,407,0.35872235872235875,0.1891891891891892,0.31203931203931207,0.2457002457002457,0.09090909090909091,0.31695331695331697,42.411167512690355,5.8452088452088455
2022-10-19,0,0,0,0,0,0,0,0,0,0,0,0,2022,10,19,2,292,42,4,0,0,0,0.9749279121818236,-0.22252093395631434,-0.9510565162951536,0.30901699437494723,-0.9350162426854148,0.35460488704253557,-0.8660254037844386,0.5000000000000001,0.0,0.0,0.0,0.0,0.0,0.0,0.0,0.0,0.0,0.0,0.14285714285714285,0.3779644730092265,1.0,1.0,0.35714285714285715,0.7449463436684916,5.0,2.0,0.5,0.9229582069908974,14.0,3.0,0.375,0.7760623217710851,21.0,3.0,0.2976190476190476,0.6726993260345029,25.0,3.0,0.0,0.0,0.0,407,0.35872235872235875,0.1891891891891892,0.31203931203931207,0.2457002457002457,0.09090909090909091,0.31695331695331697,42.411167512690355,5.8452088452088455
2022-10-20,1,0,0,0,0,0,0,0,2,0,0,1,2022,10,20,3,293,42,4,0,0,0,0.43388373911755823,-0.900968867902419,-0.9455963874271428,0.3253420847119795,-0.9350162426854148,0.35460488704253557,-0.8660254037844386,0.5000000000000001,0.0,0.0,0.0,1.0,0.0,0.0,0.3333333333333333,0.5773502691896258,1.0,1.0,0.14285714285714285,0.3779644730092265,1.0,1.0,0.42857142857142855,0.755928946018454,6.0,2.0,0.5357142857142857,0.9222413461394479,15.0,3.0,0.35714285714285715,0.7490253407188311,20.0,3.0,0.30952380952380953,0.6762082533036068,26.0,3.0,1.0,0.0,1.0,407,0.35872235872235875,0.1891891891891892,0.31203931203931207,0.2457002457002457,0.09090909090909091,0.31695331695331697,42.411167512690355,5.8452088452088455
2022-10-21,0,0,0,0,0,0,0,0,0,0,0,0,2022,10,21,4,294,42,4,0,0,1,-0.433883739117558,-0.9009688679024191,-0.9398560579418953,0.341570769167856,-0.9350162426854148,0.35460488704253557,-0.8660254037844386,0.5000000000000001,1.0,0.0,0.0,0.0,2.0,3.0,0.3333333333333333,0.5773502691896258,1.0,1.0,0.14285714285714285,0.3779644730092265,1.0,1.0,0.2857142857142857,0.611249845502126,4.0,2.0,0.42857142857142855,0.7901510136288029,12.0,3.0,0.35714285714285715,0.7490253407188311,20.0,3.0,0.30952380952380953,0.6762082533036068,26.0,3.0,-1.0,0.0,-3.0,407,0.35872235872235875,0.1891891891891892,0.31203931203931207,0.2457002457002457,0.09090909090909091,0.31695331695331697,42.411167512690355,5.8452088452088455
2022-10-22,0,0,0,0,0,0,0,0,0,0,0,0,2022,10,22,5,295,42,4,1,0,0,-0.9749279121818236,-0.2225209339563146,-0.9338372288229252,0.35769823883312546,-0.9350162426854148,0.35460488704253557,-0.8660254037844386,0.5000000000000001,0.0,1.0,0.0,0.0,2.0,3.0,0.3333333333333333,0.5773502691896258,1.0,1.0,0.14285714285714285,0.3779644730092265,1.0,1.0,0.14285714285714285,0.3631365196012807,2.0,1.0,0.32142857142857145,0.6118321864193029,9.0,2.0,0.35714285714285715,0.7490253407188311,20.0,3.0,0.30952380952380953,0.6762082533036068,26.0,3.0,0.0,0.0,-3.0,407,0.35872235872235875,0.1891891891891892,0.31203931203931207,0.2457002457002457,0.09090909090909091,0.31695331695331697,42.411167512690355,5.8452088452088455
2022-10-23,0,0,0,0,0,0,0,0,0,0,0,0,2022,10,23,6,296,42,4,1,0,0,-0.7818314824680299,0.6234898018587334,-0.9275416835791965,0.3737197147904692,-0.9350162426854148,0.35460488704253557,-0.8660254037844386,0.5000000000000001,0.0,0.0,1.0,0.0,0.0,1.0,0.0,0.0,0.0,0.0,0.14285714285714285,0.3779644730092265,1.0,1.0,0.14285714285714285,0.3631365196012807,2.0,1.0,0.2857142857142857,0.5998236072282919,8.0,2.0,0.35714285714285715,0.7490253407188311,20.0,3.0,0.30952380952380953,0.6762082533036068,26.0,3.0,0.0,0.0,-1.0,407,0.35872235872235875,0.1891891891891892,0.31203931203931207,0.2457002457002457,0.09090909090909091,0.31695331695331697,42.411167512690355,5.8452088452088455
2022-10-24,1,1,0,0,0,1,0,1,2,0,0,0,2022,10,24,0,297,43,4,0,1,0,0.0,1.0,-0.9209712877166347,0.38963044953078774,-0.8854560256532101,0.464723172043768,-0.8660254037844386,0.5000000000000001,0.0,0.0,0.0,0.0,0.0,1.0,0.3333333333333333,0.5773502691896258,1.0,1.0,0.2857142857142857,0.48795003647426594,2.0,1.0,0.21428571428571427,0.42581531362631936,3.0,1.0,0.2857142857142857,0.5998236072282919,8.0,2.0,0.375,0.752269294142125,21.0,3.0,0.30952380952380953,0.6762082533036068,26.0,3.0,1.0,1.0,0.0,407,0.35872235872235875,0.1891891891891892,0.31203931203931207,0.2457002457002457,0.09090909090909091,0.31695331695331697,42.411167512690355,5.8452088452088455
2022-10-25,0,0,0,0,0,0,0,0,0,0,0,0,2022,10,25,1,298,43,4,0,0,0,0.7818314824680298,0.6234898018587336,-0.9141279881853337,0.4054257283599973,-0.8854560256532101,0.464723172043768,-0.8660254037844386,0.5000000000000001,1.0,0.0,0.0,0.0,0.0,0.0,0.3333333333333333,0.5773502691896258,1.0,1.0,0.2857142857142857,0.48795003647426594,2.0,1.0,0.21428571428571427,0.42581531362631936,3.0,1.0,0.2857142857142857,0.5998236072282919,8.0,2.0,0.375,0.752269294142125,21.0,3.0,0.30952380952380953,0.6762082533036068,26.0,3.0,-1.0,0.0,0.0,407,0.35872235872235875,0.1891891891891892,0.31203931203931207,0.2457002457002457,0.09090909090909091,0.31695331695331697,42.411167512690355,5.8452088452088455
2022-10-26,0,0,0,0,0,0,0,0,0,0,0,0,2022,10,26,2,299,43,4,0,0,0,0.9749279121818236,-0.22252093395631434,-0.9070138128026362,0.42110087079608916,-0.8854560256532101,0.464723172043768,-0.8660254037844386,0.5000000000000001,0.0,1.0,0.0,0.0,0.0,0.0,0.3333333333333333,0.5773502691896258,1.0,1.0,0.2857142857142857,0.48795003647426594,2.0,1.0,0.21428571428571427,0.42581531362631936,3.0,1.0,0.2857142857142857,0.5998236072282919,8.0,2.0,0.375,0.752269294142125,21.0,3.0,0.30952380952380953,0.6762082533036068,26.0,3.0,0.0,0.0,0.0,407,0.35872235872235875,0.1891891891891892,0.31203931203931207,0.2457002457002457,0.09090909090909091,0.31695331695331697,42.411167512690355,5.8452088452088455
2022-10-27,0,0,0,0,0,0,0,0,0,0,0,0,2022,10,27,3,300,43,4,0,0,0,0.43388373911755823,-0.900968867902419,-0.8996308696522434,0.4366512319560638,-0.8854560256532101,0.464723172043768,-0.8660254037844386,0.5000000000000001,0.0,0.0,1.0,1.0,1.0,0.0,0.0,0.0,0.0,0.0,0.14285714285714285,0.3779644730092265,1.0,1.0,0.14285714285714285,0.36313651960128074,2.0,1.0,0.2857142857142857,0.5998236072282919,8.0,2.0,0.35714285714285715,0.7490253407188311,20.0,3.0,0.30952380952380953,0.6762082533036068,26.0,3.0,0.0,-1.0,0.0,407,0.35872235872235875,0.1891891891891892,0.31203931203931207,0.2457002457002457,0.09090909090909091,0.31695331695331697,42.411167512690355,5.8452088452088455
2022-10-28,0,0,0,0,0,0,0,0,0,0,0,0,2022,10,28,4,301,43,4,0,0,1,-0.433883739117558,-0.9009688679024191,-0.8919813464595487,0.45207220393230374,-0.8854560256532101,0.464723172043768,-0.8660254037844386,0.5000000000000001,0.0,0.0,0.0,0.0,0.0,0.0,0.0,0.0,0.0,0.0,0.14285714285714285,0.3779644730092265,1.0,1.0,0.14285714285714285,0.36313651960128074,2.0,1.0,0.2857142857142857,0.5998236072282919,8.0,2.0,0.3392857142857143,0.7453317922371757,19.0,3.0,0.30952380952380953,0.6762082533036068,26.0,3.0,0.0,0.0,0.0,407,0.35872235872235875,0.1891891891891892,0.31203931203931207,0.2457002457002457,0.09090909090909091,0.31695331695331697,42.411167512690355,5.8452088452088455
2022-10-29,0,0,0,0,0,0,0,0,0,0,0,0,2022,10,29,5,302,43,4,1,0,0,-0.9749279121818236,-0.2225209339563146,-0.8840675099433637,0.46735921715800205,-0.8854560256532101,0.464723172043768,-0.8660254037844386,0.5000000000000001,0.0,0.0,0.0,0.0,0.0,1.0,0.0,0.0,0.0,0.0,0.14285714285714285,0.3779644730092265,1.0,1.0,0.14285714285714285,0.36313651960128074,2.0,1.0,0.25,0.585314097380708,7.0,2.0,0.3392857142857143,0.7453317922371757,19.0,3.0,0.30952380952380953,0.6762082533036068,26.0,3.0,0.0,0.0,-1.0,407,0.35872235872235875,0.1891891891891892,0.31203931203931207,0.2457002457002457,0.09090909090909091,0.31695331695331697,42.411167512690355,5.8452088452088455
2022-10-30,0,0,0,0,0,0,0,0,0,0,0,0,2022,10,30,6,303,43,4,1,0,0,-0.7818314824680299,0.6234898018587334,-0.8758917051442433,0.48250774176121763,-0.8854560256532101,0.464723172043768,-0.8660254037844386,0.5000000000000001,0.0,0.0,0.0,0.0,0.0,0.0,0.0,0.0,0.0,0.0,0.14285714285714285,0.3779644730092265,1.0,1.0,0.14285714285714285,0.36313651960128074,2.0,1.0,0.25,0.585314097380708,7.0,2.0,0.3392857142857143,0.7453317922371757,19.0,3.0,0.30952380952380953,0.6762082533036068,26.0,3.0,0.0,0.0,0.0,407,0.35872235872235875,0.1891891891891892,0.31203931203931207,0.2457002457002457,0.09090909090909091,0.31695331695331697,42.411167512690355,5.8452088452088455
2022-10-31,1,0,0,0,0,1,0,1,2,0,0,1,2022,10,31,0,304,44,4,0,1,0,0.0,1.0,-0.8674563547295971,0.4975132889071803,-0.822983865893657,0.5680647467311548,-0.8660254037844386,0.5000000000000001,0.0,0.0,0.0,1.0,0.0,0.0,0.3333333333333333,0.5773502691896258,1.0,1.0,0.14285714285714285,0.3779644730092265,1.0,1.0,0.21428571428571427,0.42581531362631936,3.0,1.0,0.2857142857142857,0.5998236072282919,8.0,2.0,0.35714285714285715,0.7490253407188311,20.0,3.0,0.32142857142857145,0.6794880121767493,27.0,3.0,1.0,0.0,1.0,407,0.35872235872235875,0.1891891891891892,0.31203931203931207,0.2457002457002457,0.09090909090909091,0.31695331695331697,42.411167512690355,5.8452088452088455
2022-11-01,0,0,0,0,0,0,0,0,0,0,0,0,2022,11,1,1,305,44,4,0,0,0,0.7818314824680298,0.6234898018587336,-0.858763958275803,0.5123714121284235,-0.822983865893657,0.5680647467311548,-0.5000000000000004,0.8660254037844384,1.0,0.0,0.0,0.0,0.0,0.0,0.3333333333333333,0.5773502691896258,1.0,1.0,0.14285714285714285,0.3779644730092265,1.0,1.0,0.21428571428571427,0.42581531362631936,3.0,1.0,0.2857142857142857,0.5998236072282919,8.0,2.0,0.32142857142857145,0.7162311170195086,18.0,3.0,0.32142857142857145,0.6794880121767493,27.0,3.0,-1.0,0.0,0.0,407,0.35872235872235875,0.1891891891891892,0.31203931203931207,0.2457002457002457,0.09090909090909091,0.31695331695331697,42.411167512690355,5.8452088452088455
2022-11-02,0,0,0,0,0,0,0,0,0,0,0,0,2022,11,2,2,306,44,4,0,0,0,0.9749279121818236,-0.22252093395631434,-0.8498170915275277,0.5270777086423724,-0.822983865893657,0.5680647467311548,-0.5000000000000004,0.8660254037844384,0.0,1.0,0.0,0.0,0.0,0.0,0.3333333333333333,0.5773502691896258,1.0,1.0,0.14285714285714285,0.3779644730092265,1.0,1.0,0.21428571428571427,0.42581531362631936,3.0,1.0,0.2857142857142857,0.5998236072282919,8.0,2.0,0.32142857142857145,0.7162311170195086,18.0,3.0,0.32142857142857145,0.6794880121767493,27.0,3.0,0.0,0.0,0.0,407,0.35872235872235875,0.1891891891891892,0.31203931203931207,0.2457002457002457,0.09090909090909091,0.31695331695331697,42.411167512690355,5.8452088452088455
2022-11-03,2,0,1,1,1,1,1,1,4,0,0,1,2022,11,3,3,307,44,4,0,0,0,0.43388373911755823,-0.900968867902419,-0.8406184056344783,0.5416278206559811,-0.822983865893657,0.5680647467311548,-0.5000000000000004,0.8660254037844384,0.0,0.0,1.0,0.0,1.0,0.0,0.6666666666666666,1.154700538379252,2.0,2.0,0.42857142857142855,0.7867957924694426,3.0,2.0,0.2857142857142857,0.611249845502126,4.0,2.0,0.35714285714285715,0.6784669927988101,10.0,2.0,0.3392857142857143,0.7453317922371757,19.0,3.0,0.34523809523809523,0.7027321486513443,29.0,3.0,2.0,2.0,2.0,407,0.35872235872235875,0.1891891891891892,0.31203931203931207,0.2457002457002457,0.09090909090909091,0.31695331695331697,42.411167512690355,5.8452088452088455
2022-11-04,0,0,0,0,0,0,0,0,0,0,0,0,2022,11,4,4,308,44,4,0,0,1,-0.433883739117558,-0.9009688679024191,-0.8311706263658079,0.5560174366570446,-0.822983865893657,0.5680647467311548,-0.5000000000000004,0.8660254037844384,2.0,0.0,0.0,0.0,0.0,2.0,0.6666666666666666,1.154700538379252,2.0,2.0,0.42857142857142855,0.7867957924694426,3.0,2.0,0.2857142857142857,0.611249845502126,4.0,2.0,0.2857142857142857,0.5998236072282919,8.0,2.0,0.3392857142857143,0.7453317922371757,19.0,3.0,0.34523809523809523,0.7027321486513443,29.0,3.0,-2.0,0.0,-2.0,407,0.35872235872235875,0.1891891891891892,0.31203931203931207,0.2457002457002457,0.09090909090909091,0.31695331695331697,42.411167512690355,5.8452088452088455
2022-11-05,0,0,0,0,0,0,0,0,0,0,0,0,2022,11,5,5,309,44,4,1,0,0,-0.9749279121818236,-0.2225209339563146,-0.8214765533024145,0.5702422926917867,-0.822983865893657,0.5680647467311548,-0.5000000000000004,0.8660254037844384,0.0,2.0,0.0,0.0,0.0,2.0,0.6666666666666666,1.154700538379252,2.0,2.0,0.42857142857142855,0.7867957924694426,3.0,2.0,0.2857142857142857,0.611249845502126,4.0,2.0,0.21428571428571427,0.49867549436206404,6.0,2.0,0.3392857142857143,0.7453317922371757,19.0,3.0,0.34523809523809523,0.7027321486513443,29.0,3.0,0.0,0.0,-2.0,407,0.35872235872235875,0.1891891891891892,0.31203931203931207,0.2457002457002457,0.09090909090909091,0.31695331695331697,42.411167512690355,5.8452088452088455
2022-11-06,0,0,0,0,0,0,0,0,0,0,0,0,2022,11,6,6,310,44,4,1,0,0,-0.7818314824680299,0.6234898018587334,-0.8115390590073611,0.5842981736283683,-0.822983865893657,0.5680647467311548,-0.5000000000000004,0.8660254037844384,0.0,0.0,2.0,0.0,0.0,0.0,0.0,0.0,0.0,0.0,0.42857142857142855,0.7867957924694426,3.0,2.0,0.2857142857142857,0.611249845502126,4.0,2.0,0.21428571428571427,0.49867549436206404,6.0,2.0,0.3392857142857143,0.7453317922371757,19.0,3.0,0.34523809523809523,0.7027321486513443,29.0,3.0,0.0,0.0,0.0,407,0.35872235872235875,0.1891891891891892,0.31203931203931207,0.2457002457002457,0.09090909090909091,0.31695331695331697,42.411167512690355,5.8452088452088455
2022-11-07,0,0,0,0,0,0,0,0,0,0,0,0,2022,11,7,0,311,45,4,0,1,0,0.0,1.0,-0.801361088174677,0.5981809144059158,-0.7485107481711011,0.6631226582407952,-0.5000000000000004,0.8660254037844384,0.0,0.0,0.0,1.0,1.0,0.0,0.0,0.0,0.0,0.0,0.2857142857142857,0.7559289460184541,2.0,2.0,0.21428571428571427,0.5789342235218389,3.0,2.0,0.21428571428571427,0.49867549436206404,6.0,2.0,0.3392857142857143,0.7453317922371757,19.0,3.0,0.34523809523809523,0.7027321486513443,29.0,3.0,0.0,-1.0,0.0,407,0.35872235872235875,0.1891891891891892,0.31203931203931207,0.2457002457002457,0.09090909090909091,0.31695331695331697,42.411167512690355,5.8452088452088455
2022-11-08,0,0,0,0,0,0,0,0,0,0,0,0,2022,11,8,1,312,45,4,0,0,0,0.7818314824680298,0.6234898018587336,-0.7909456567567774,0.6118864012687242,-0.7485107481711011,0.6631226582407952,-0.5000000000000004,0.8660254037844384,0.0,0.0,0.0,0.0,0.0,0.0,0.0,0.0,0.0,0.0,0.2857142857142857,0.7559289460184541,2.0,2.0,0.21428571428571427,0.5789342235218389,3.0,2.0,0.21428571428571427,0.49867549436206404,6.0,2.0,0.3392857142857143,0.7453317922371757,19.0,3.0,0.34523809523809523,0.7027321486513443,29.0,3.0,0.0,0.0,0.0,407,0.35872235872235875,0.1891891891891892,0.31203931203931207,0.2457002457002457,0.09090909090909091,0.31695331695331697,42.411167512690355,5.8452088452088455
2022-11-09,0,0,0,0,0,0,0,0,0,0,0,0,2022,11,9,2,313,45,4,0,0,0,0.9749279121818236,-0.22252093395631434,-0.780295851070776,0.6254105729852457,-0.7485107481711011,0.6631226582407952,-0.5000000000000004,0.8660254037844384,0.0,0.0,0.0,0.0,0.0,0.0,0.0,0.0,0.0,0.0,0.2857142857142857,0.7559289460184541,2.0,2.0,0.21428571428571427,0.5789342235218389,3.0,2.0,0.21428571428571427,0.49867549436206404,6.0,2.0,0.3392857142857143,0.7453317922371757,19.0,3.0,0.3333333333333333,0.699971313238928,28.0,3.0,0.0,0.0,0.0,407,0.35872235872235875,0.1891891891891892,0.31203931203931207,0.2457002457002457,0.09090909090909091,0.31695331695331697,42.411167512690355,5.8452088452088455
2022-11-10,0,0,0,0,0,0,0,0,0,0,0,0,2022,11,10,3,314,45,4,0,0,0,0.43388373911755823,-0.900968867902419,-0.7694148268839381,0.6387494220515268,-0.7485107481711011,0.6631226582407952,-0.5000000000000004,0.8660254037844384,0.0,0.0,0.0,2.0,0.0,1.0,0.0,0.0,0.0,0.0,0.0,0.0,0.0,0.0,0.21428571428571427,0.5789342235218389,3.0,2.0,0.17857142857142858,0.47559486560567127,5.0,2.0,0.3392857142857143,0.7453317922371757,19.0,3.0,0.3333333333333333,0.699971313238928,28.0,3.0,0.0,-2.0,-1.0,407,0.35872235872235875,0.1891891891891892,0.31203931203931207,0.2457002457002457,0.09090909090909091,0.31695331695331697,42.411167512690355,5.8452088452088455
2022-11-11,0,0,0,0,0,0,0,0,0,0,0,0,2022,11,11,4,315,45,4,0,0,1,-0.433883739117558,-0.9009688679024191,-0.7583058084785625,0.6518989958787125,-0.7485107481711011,0.6631226582407952,-0.5000000000000004,0.8660254037844384,0.0,0.0,0.0,0.0,0.0,0.0,0.0,0.0,0.0,0.0,0.0,0.0,0.0,0.0,0.21428571428571427,0.5789342235218389,3.0,2.0,0.17857142857142858,0.47559486560567127,5.0,2.0,0.3392857142857143,0.7453317922371757,19.0,3.0,0.32142857142857145,0.696993790671107,27.0,3.0,0.0,0.0,0.0,407,0.35872235872235875,0.1891891891891892,0.31203931203931207,0.2457002457002457,0.09090909090909091,0.31695331695331697,42.411167512690355,5.8452088452088455
2022-11-12,0,0,0,0,0,0,0,0,0,0,0,0,2022,11,12,5,316,45,4,1,0,0,-0.9749279121818236,-0.2225209339563146,-0.7469720876965551,0.6648553979642866,-0.7485107481711011,0.6631226582407952,-0.5000000000000004,0.8660254037844384,0.0,0.0,0.0,0.0,0.0,0.0,0.0,0.0,0.0,0.0,0.0,0.0,0.0,0.0,0.21428571428571427,0.5789342235218389,3.0,2.0,0.17857142857142858,0.47559486560567127,5.0,2.0,0.3392857142857143,0.7453317922371757,19.0,3.0,0.32142857142857145,0.696993790671107,27.0,3.0,0.0,0.0,0.0,407,0.35872235872235875,0.1891891891891892,0.31203931203931207,0.2457002457002457,0.09090909090909091,0.31695331695331697,42.411167512690355,5.8452088452088455
2022-11-13,2,0,2,0,0,4,0,2,4,0,0,2,2022,11,13,6,317,45,4,1,0,0,-0.7818314824680299,0.6234898018587334,-0.7354170229639858,0.6776147890466887,-0.7485107481711011,0.6631226582407952,-0.5000000000000004,0.8660254037844384,0.0,0.0,0.0,0.0,0.0,0.0,0.6666666666666666,1.154700538379252,2.0,2.0,0.2857142857142857,0.7559289460184541,2.0,2.0,0.35714285714285715,0.7449463436684916,5.0,2.0,0.25,0.585314097380708,7.0,2.0,0.375,0.7760623217710851,21.0,3.0,0.34523809523809523,0.7196727438845407,29.0,3.0,2.0,2.0,2.0,407,0.35872235872235875,0.1891891891891892,0.31203931203931207,0.2457002457002457,0.09090909090909091,0.31695331695331697,42.411167512690355,5.8452088452088455
2022-11-14,0,0,0,0,0,0,0,0,0,0,0,0,2022,11,14,0,318,46,4,0,1,0,0.0,1.0,-0.7236440382959124,0.690173388242972,-0.6631226582407955,0.7485107481711007,-0.5000000000000004,0.8660254037844384,2.0,0.0,0.0,0.0,1.0,0.0,0.6666666666666666,1.154700538379252,2.0,2.0,0.2857142857142857,0.7559289460184541,2.0,2.0,0.2857142857142857,0.7262730392025625,4.0,2.0,0.25,0.585314097380708,7.0,2.0,0.375,0.7760623217710851,21.0,3.0,0.34523809523809523,0.7196727438845407,29.0,3.0,-2.0,0.0,0.0,407,0.35872235872235875,0.1891891891891892,0.31203931203931207,0.2457002457002457,0.09090909090909091,0.31695331695331697,42.411167512690355,5.8452088452088455
2022-11-15,0,0,0,0,0,0,0,0,0,0,0,0,2022,11,15,1,319,46,4,0,0,0,0.7818314824680298,0.6234898018587336,-0.711656622281775,0.7025274741691566,-0.6631226582407955,0.7485107481711007,-0.5000000000000004,0.8660254037844384,0.0,2.0,0.0,0.0,0.0,0.0,0.6666666666666666,1.154700538379252,2.0,2.0,0.2857142857142857,0.7559289460184541,2.0,2.0,0.2857142857142857,0.7262730392025625,4.0,2.0,0.25,0.585314097380708,7.0,2.0,0.375,0.7760623217710851,21.0,3.0,0.3333333333333333,0.7169771439171532,28.0,3.0,0.0,0.0,0.0,407,0.35872235872235875,0.1891891891891892,0.31203931203931207,0.2457002457002457,0.09090909090909091,0.31695331695331697,42.411167512690355,5.8452088452088455
2022-11-16,0,0,0,0,0,0,0,0,0,0,0,0,2022,11,16,2,320,46,4,0,0,0,0.9749279121818236,-0.22252093395631434,-0.6994583270516471,0.7146733860429608,-0.6631226582407955,0.7485107481711007,-0.5000000000000004,0.8660254037844384,0.0,0.0,2.0,0.0,0.0,0.0,0.0,0.0,0.0,0.0,0.2857142857142857,0.7559289460184541,2.0,2.0,0.2857142857142857,0.7262730392025625,4.0,2.0,0.25,0.585314097380708,7.0,2.0,0.375,0.7760623217710851,21.0,3.0,0.3333333333333333,0.7169771439171532,28.0,3.0,0.0,0.0,0.0,407,0.35872235872235875,0.1891891891891892,0.31203931203931207,0.2457002457002457,0.09090909090909091,0.31695331695331697,42.411167512690355,5.8452088452088455
2022-11-17,0,0,0,0,0,0,0,0,0,0,0,0,2022,11,17,3,321,46,4,0,0,0,0.43388373911755823,-0.900968867902419,-0.6870527672236675,0.7266075247685652,-0.6631226582407955,0.7485107481711007,-0.5000000000000004,0.8660254037844384,0.0,0.0,0.0,0.0,2.0,1.0,0.0,0.0,0.0,0.0,0.2857142857142857,0.7559289460184541,2.0,2.0,0.14285714285714285,0.5345224838248482,2.0,2.0,0.21428571428571427,0.568112068830898,6.0,2.0,0.375,0.7760623217710851,21.0,3.0,0.30952380952380953,0.6937967911269722,26.0,3.0,0.0,0.0,-1.0,407,0.35872235872235875,0.1891891891891892,0.31203931203931207,0.2457002457002457,0.09090909090909091,0.31695331695331697,42.411167512690355,5.8452088452088455
2022-11-18,0,0,0,0,0,0,0,0,0,0,0,0,2022,11,18,4,322,46,4,0,0,1,-0.433883739117558,-0.9009688679024191,-0.6744436188329457,0.7383263540031063,-0.6631226582407955,0.7485107481711007,-0.5000000000000004,0.8660254037844384,0.0,0.0,0.0,0.0,0.0,0.0,0.0,0.0,0.0,0.0,0.2857142857142857,0.7559289460184541,2.0,2.0,0.14285714285714285,0.5345224838248482,2.0,2.0,0.21428571428571427,0.568112068830898,6.0,2.0,0.32142857142857145,0.6903791542503124,18.0,3.0,0.30952380952380953,0.6937967911269722,26.0,3.0,0.0,0.0,0.0,407,0.35872235872235875,0.1891891891891892,0.31203931203931207,0.2457002457002457,0.09090909090909091,0.31695331695331697,42.411167512690355,5.8452088452088455
2022-11-19,1,0,1,0,0,0,0,0,2,0,0,1,2022,11,19,5,323,46,4,1,0,0,-0.9749279121818236,-0.2225209339563146,-0.661634618242279,0.749826401204568,-0.6631226582407955,0.7485107481711007,-0.5000000000000004,0.8660254037844384,0.0,0.0,0.0,0.0,0.0,0.0,0.3333333333333333,0.5773502691896258,1.0,1.0,0.42857142857142855,0.7867957924694426,3.0,2.0,0.21428571428571427,0.5789342235218389,3.0,2.0,0.25,0.585314097380708,7.0,2.0,0.2857142857142857,0.5943456513231617,16.0,2.0,0.32142857142857145,0.696993790671107,27.0,3.0,1.0,1.0,1.0,407,0.35872235872235875,0.1891891891891892,0.31203931203931207,0.2457002457002457,0.09090909090909091,0.31695331695331697,42.411167512690355,5.8452088452088455
2022-11-20,0,0,0,0,0,0,0,0,0,0,0,0,2022,11,20,6,324,46,4,1,0,0,-0.7818314824680299,0.6234898018587334,-0.6486295610349818,0.7611042586607742,-0.6631226582407955,0.7485107481711007,-0.5000000000000004,0.8660254037844384,1.0,0.0,0.0,2.0,0.0,0.0,0.3333333333333333,0.5773502691896258,1.0,1.0,0.14285714285714285,0.37796447300922653,1.0,1.0,0.21428571428571427,0.5789342235218389,3.0,2.0,0.25,0.585314097380708,7.0,2.0,0.26785714285714285,0.5874775486177068,15.0,2.0,0.32142857142857145,0.696993790671107,27.0,3.0,-1.0,-2.0,0.0,407,0.35872235872235875,0.1891891891891892,0.31203931203931207,0.2457002457002457,0.09090909090909091,0.31695331695331697,42.411167512690355,5.8452088452088455
2022-11-21,2,0,0,0,0,0,0,0,4,0,0,2,2022,11,21,0,325,47,4,0,1,0,0.0,1.0,-0.6354323008901775,0.7721565844991641,-0.5680647467311559,0.8229838658936564,-0.5000000000000004,0.8660254037844384,0.0,1.0,0.0,0.0,0.0,1.0,1.0,1.0000000000000009,3.0,2.0,0.42857142857142855,0.7867957924694426,3.0,2.0,0.35714285714285715,0.7449463436684916,5.0,2.0,0.2857142857142857,0.658682346706236,8.0,2.0,0.2857142857142857,0.6241877839323593,16.0,2.0,0.34523809523809523,0.7196727438845407,29.0,3.0,2.0,2.0,1.0,407,0.35872235872235875,0.1891891891891892,0.31203931203931207,0.2457002457002457,0.09090909090909091,0.31695331695331697,42.411167512690355,5.8452088452088455
2022-11-22,0,0,0,0,0,0,0,0,0,0,0,0,2022,11,22,1,326,47,4,0,0,0,0.7818314824680298,0.6234898018587336,-0.622046748440868,0.7829801036770624,-0.5680647467311559,0.8229838658936564,-0.5000000000000004,0.8660254037844384,2.0,0.0,1.0,0.0,0.0,0.0,0.6666666666666666,1.154700538379252,2.0,2.0,0.42857142857142855,0.7867957924694426,3.0,2.0,0.35714285714285715,0.7449463436684916,5.0,2.0,0.2857142857142857,0.658682346706236,8.0,2.0,0.2857142857142857,0.6241877839323593,16.0,2.0,0.34523809523809523,0.7196727438845407,29.0,3.0,-2.0,0.0,0.0,407,0.35872235872235875,0.1891891891891892,0.31203931203931207,0.2457002457002457,0.09090909090909091,0.31695331695331697,42.411167512690355,5.8452088452088455
2022-11-23,0,0,0,0,0,0,0,0,0,0,0,0,2022,11,23,2,327,47,4,0,0,0,0.9749279121818236,-0.22252093395631434,-0.6084768701151264,0.7935716089521472,-0.5680647467311559,0.8229838658936564,-0.5000000000000004,0.8660254037844384,0.0,2.0,0.0,0.0,0.0,0.0,0.6666666666666666,1.154700538379252,2.0,2.0,0.42857142857142855,0.7867957924694426,3.0,2.0,0.35714285714285715,0.7449463436684916,5.0,2.0,0.2857142857142857,0.658682346706236,8.0,2.0,0.2857142857142857,0.6241877839323593,16.0,2.0,0.34523809523809523,0.7196727438845407,29.0,3.0,0.0,0.0,0.0,407,0.35872235872235875,0.1891891891891892,0.31203931203931207,0.2457002457002457,0.09090909090909091,0.31695331695331697,42.411167512690355,5.8452088452088455
2022-11-24,0,0,0,0,0,0,0,0,0,0,0,0,2022,11,24,3,328,47,4,0,0,0,0.43388373911755823,-0.900968867902419,-0.594726686960764,0.8039279618328208,-0.5680647467311559,0.8229838658936564,-0.5000000000000004,0.8660254037844384,0.0,0.0,2.0,0.0,0.0,0.0,0.0,0.0,0.0,0.0,0.42857142857142855,0.7867957924694426,3.0,2.0,0.35714285714285715,0.7449463436684916,5.0,2.0,0.2857142857142857,0.658682346706236,8.0,2.0,0.2857142857142857,0.6241877839323593,16.0,2.0,0.3333333333333333,0.7169771439171532,28.0,3.0,0.0,0.0,0.0,407,0.35872235872235875,0.1891891891891892,0.31203931203931207,0.2457002457002457,0.09090909090909091,0.31695331695331697,42.411167512690355,5.8452088452088455
2022-11-25,0,0,0,0,0,0,0,0,0,0,0,0,2022,11,25,4,329,47,4,0,0,1,-0.433883739117558,-0.9009688679024191,-0.5808002734538013,0.8140460935082175,-0.5680647467311559,0.8229838658936564,-0.5000000000000004,0.8660254037844384,0.0,0.0,0.0,0.0,0.0,0.0,0.0,0.0,0.0,0.0,0.42857142857142855,0.7867957924694426,3.0,2.0,0.35714285714285715,0.7449463436684916,5.0,2.0,0.2857142857142857,0.658682346706236,8.0,2.0,0.2857142857142857,0.6241877839323593,16.0,2.0,0.32142857142857145,0.7140705355749162,27.0,3.0,0.0,0.0,0.0,407,0.35872235872235875,0.1891891891891892,0.31203931203931207,0.2457002457002457,0.09090909090909091,0.31695331695331697,42.411167512690355,5.8452088452088455
2022-11-26,3,0,1,2,0,2,0,1,6,2,2,1,2022,11,26,5,330,47,4,1,0,0,-0.9749279121818236,-0.2225209339563146,-0.5667017562911184,0.8239230057575536,-0.5680647467311559,0.8229838658936564,-0.5000000000000004,0.8660254037844384,0.0,0.0,0.0,1.0,0.0,0.0,1.0,1.7320508075688779,3.0,3.0,0.7142857142857143,1.2535663410560172,5.0,3.0,0.5714285714285714,1.0163498575623615,8.0,3.0,0.39285714285714285,0.8317445171439017,11.0,3.0,0.32142857142857145,0.7162311170195086,18.0,3.0,0.35714285714285715,0.7705866509192011,30.0,3.0,3.0,2.0,3.0,407,0.35872235872235875,0.1891891891891892,0.31203931203931207,0.2457002457002457,0.09090909090909091,0.31695331695331697,42.411167512690355,5.8452088452088455
2022-11-27,0,0,0,0,0,0,0,0,0,0,0,0,2022,11,27,6,331,47,4,1,0,0,-0.7818314824680299,0.6234898018587334,-0.5524353131676203,0.8335557718385695,-0.5680647467311559,0.8229838658936564,-0.5000000000000004,0.8660254037844384,3.0,0.0,0.0,0.0,2.0,0.0,1.0,1.7320508075688779,3.0,3.0,0.7142857142857143,1.2535663410560172,5.0,3.0,0.42857142857142855,0.9376144618769905,6.0,3.0,0.39285714285714285,0.8317445171439017,11.0,3.0,0.32142857142857145,0.7162311170195086,18.0,3.0,0.35714285714285715,0.7705866509192011,30.0,3.0,-3.0,0.0,0.0,407,0.35872235872235875,0.1891891891891892,0.31203931203931207,0.2457002457002457,0.09090909090909091,0.31695331695331697,42.411167512690355,5.8452088452088455
2022-11-28,0,0,0,0,0,0,0,0,0,0,0,0,2022,11,28,0,332,48,4,0,1,0,0.0,1.0,-0.5380051715382992,0.8429415373547832,-0.4647231720437684,0.88545602565321,-0.5000000000000004,0.8660254037844384,0.0,3.0,0.0,2.0,0.0,1.0,1.0,1.7320508075688779,3.0,3.0,0.42857142857142855,1.1338934190276815,3.0,3.0,0.42857142857142855,0.9376144618769905,6.0,3.0,0.35714285714285715,0.8261595987094037,10.0,3.0,0.32142857142857145,0.7162311170195086,18.0,3.0,0.35714285714285715,0.7705866509192011,30.0,3.0,0.0,-2.0,-1.0,407,0.35872235872235875,0.1891891891891892,0.31203931203931207,0.2457002457002457,0.09090909090909091,0.31695331695331697,42.411167512690355,5.8452088452088455
2022-11-29,0,0,0,0,0,0,0,0,0,0,0,0,2022,11,29,1,333,48,4,0,0,0,0.7818314824680298,0.6234898018587336,-0.5234156073655503,0.8520775211013093,-0.4647231720437684,0.88545602565321,-0.5000000000000004,0.8660254037844384,0.0,0.0,3.0,0.0,0.0,0.0,0.0,0.0,0.0,0.0,0.42857142857142855,1.1338934190276815,3.0,3.0,0.42857142857142855,0.9376144618769905,6.0,3.0,0.35714285714285715,0.8261595987094037,10.0,3.0,0.32142857142857145,0.7162311170195086,18.0,3.0,0.3333333333333333,0.7498326453175639,28.0,3.0,0.0,0.0,0.0,407,0.35872235872235875,0.1891891891891892,0.31203931203931207,0.2457002457002457,0.09090909090909091,0.31695331695331697,42.411167512690355,5.8452088452088455
2022-11-30,0,0,0,0,0,0,0,0,0,0,0,0,2022,11,30,2,334,48,4,0,0,0,0.9749279121818236,-0.22252093395631434,-0.5086709438521042,0.8609610158889945,-0.4647231720437684,0.88545602565321,-0.5000000000000004,0.8660254037844384,0.0,0.0,0.0,0.0,0.0,0.0,0.0,0.0,0.0,0.0,0.42857142857142855,1.1338934190276815,3.0,3.0,0.42857142857142855,0.9376144618769905,6.0,3.0,0.35714285714285715,0.8261595987094037,10.0,3.0,0.32142857142857145,0.7162311170195086,18.0,3.0,0.3333333333333333,0.7498326453175639,28.0,3.0,0.0,0.0,0.0,407,0.35872235872235875,0.1891891891891892,0.31203931203931207,0.2457002457002457,0.09090909090909091,0.31695331695331697,42.411167512690355,5.8452088452088455
2022-12-01,0,0,0,0,0,0,0,0,0,0,0,0,2022,12,1,3,335,48,4,0,0,0,0.43388373911755823,-0.900968867902419,-0.49377555015997737,0.8695893893466109,-0.4647231720437684,0.88545602565321,-2.4492935982947064e-16,1.0,0.0,0.0,0.0,0.0,0.0,2.0,0.0,0.0,0.0,0.0,0.42857142857142855,1.1338934190276815,3.0,3.0,0.42857142857142855,0.9376144618769905,6.0,3.0,0.2857142857142857,0.7628961803617726,8.0,3.0,0.32142857142857145,0.7162311170195086,18.0,3.0,0.32142857142857145,0.747053880828274,27.0,3.0,0.0,0.0,-2.0,407,0.35872235872235875,0.1891891891891892,0.31203931203931207,0.2457002457002457,0.09090909090909091,0.31695331695331697,42.411167512690355,5.8452088452088455
2022-12-02,1,0,0,1,0,0,0,0,2,0,0,0,2022,12,2,4,336,48,4,0,0,1,-0.433883739117558,-0.9009688679024191,-0.4787338401157883,0.8779600847008883,-0.4647231720437684,0.88545602565321,-2.4492935982947064e-16,1.0,0.0,0.0,0.0,0.0,0.0,0.0,0.3333333333333333,0.5773502691896261,1.0,1.0,0.5714285714285714,1.1338934190276813,4.0,3.0,0.5,0.9405399431259599,7.0,3.0,0.32142857142857145,0.7723735149271024,9.0,3.0,0.30357142857142855,0.685423369024718,17.0,3.0,0.3333333333333333,0.7498326453175639,28.0,3.0,1.0,1.0,1.0,407,0.35872235872235875,0.1891891891891892,0.31203931203931207,0.2457002457002457,0.09090909090909091,0.31695331695331697,42.411167512690355,5.8452088452088455
2022-12-03,0,0,0,0,0,0,0,0,0,0,0,0,2022,12,3,5,337,48,4,1,0,0,-0.9749279121818236,-0.2225209339563146,-0.4635502709028512,0.8860706215341378,-0.4647231720437684,0.88545602565321,-2.4492935982947064e-16,1.0,1.0,0.0,0.0,3.0,1.0,0.0,0.3333333333333333,0.5773502691896261,1.0,1.0,0.14285714285714285,0.3779644730092268,1.0,1.0,0.42857142857142855,0.9376144618769905,6.0,3.0,0.32142857142857145,0.7723735149271024,9.0,3.0,0.26785714285714285,0.646418705528501,15.0,3.0,0.3333333333333333,0.7498326453175639,28.0,3.0,-1.0,-3.0,0.0,407,0.35872235872235875,0.1891891891891892,0.31203931203931207,0.2457002457002457,0.09090909090909091,0.31695331695331697,42.411167512690355,5.8452088452088455
2022-12-04,0,0,0,0,0,0,0,0,0,0,0,0,2022,12,4,6,338,48,4,1,0,0,-0.7818314824680299,0.6234898018587334,-0.4482293417404106,0.893918596519257,-0.4647231720437684,0.88545602565321,-2.4492935982947064e-16,1.0,0.0,1.0,0.0,0.0,0.0,0.0,0.3333333333333333,0.5773502691896261,1.0,1.0,0.14285714285714285,0.3779644730092268,1.0,1.0,0.42857142857142855,0.9376144618769905,6.0,3.0,0.32142857142857145,0.7723735149271024,9.0,3.0,0.26785714285714285,0.646418705528501,15.0,3.0,0.3333333333333333,0.7498326453175639,28.0,3.0,0.0,0.0,0.0,407,0.35872235872235875,0.1891891891891892,0.31203931203931207,0.2457002457002457,0.09090909090909091,0.31695331695331697,42.411167512690355,5.8452088452088455
2022-12-05,2,0,0,0,0,0,0,0,4,2,2,1,2022,12,5,0,339,49,4,0,1,0,0.0,1.0,-0.4327755925504317,0.9015016841318838,-0.35460488704253595,0.9350162426854147,-2.4492935982947064e-16,1.0,0.0,0.0,1.0,0.0,2.0,0.0,0.6666666666666666,1.154700538379252,2.0,2.0,0.42857142857142855,0.7867957924694428,3.0,2.0,0.42857142857142855,0.9376144618769905,6.0,3.0,0.39285714285714285,0.8317445171439017,11.0,3.0,0.30357142857142855,0.685423369024718,17.0,3.0,0.35714285714285715,0.7705866509192011,30.0,3.0,2.0,2.0,2.0,407,0.35872235872235875,0.1891891891891892,0.31203931203931207,0.2457002457002457,0.09090909090909091,0.31695331695331697,42.411167512690355,5.8452088452088455
2022-12-06,0,0,0,0,0,0,0,0,0,0,0,0,2022,12,6,1,340,49,4,0,0,0,0.7818314824680298,0.6234898018587336,-0.41719360261231697,0.9088176373395028,-0.35460488704253595,0.9350162426854147,-2.4492935982947064e-16,1.0,2.0,0.0,0.0,0.0,0.0,0.0,0.6666666666666666,1.154700538379252,2.0,2.0,0.42857142857142855,0.7867957924694428,3.0,2.0,0.42857142857142855,0.9376144618769905,6.0,3.0,0.39285714285714285,0.8317445171439017,11.0,3.0,0.30357142857142855,0.685423369024718,17.0,3.0,0.35714285714285715,0.7705866509192011,30.0,3.0,-2.0,0.0,0.0,407,0.35872235872235875,0.1891891891891892,0.31203931203931207,0.2457002457002457,0.09090909090909091,0.31695331695331697,42.411167512690355,5.8452088452088455
2022-12-07,1,0,0,0,0,0,0,0,2,0,0,0,2022,12,7,2,341,49,4,0,0,0,0.9749279121818236,-0.22252093395631434,-0.4014879892059737,0.9158642882672868,-0.35460488704253595,0.9350162426854147,-2.4492935982947064e-16,1.0,0.0,2.0,0.0,0.0,0.0,0.0,1.0,1.0000000000000009,3.0,2.0,0.5714285714285714,0.7867957924694426,4.0,2.0,0.5,0.9405399431259599,7.0,3.0,0.42857142857142855,0.8357108940373451,12.0,3.0,0.32142857142857145,0.6903791542503124,18.0,3.0,0.36904761904761907,0.7727242046812605,31.0,3.0,1.0,1.0,1.0,407,0.35872235872235875,0.1891891891891892,0.31203931203931207,0.2457002457002457,0.09090909090909091,0.31695331695331697,42.411167512690355,5.8452088452088455
2022-12-08,0,0,0,0,0,0,0,0,0,0,0,0,2022,12,8,3,342,49,4,0,0,0,0.43388373911755823,-0.900968867902419,-0.38566340624360745,0.9226395488404875,-0.35460488704253595,0.9350162426854147,-2.4492935982947064e-16,1.0,1.0,0.0,2.0,0.0,0.0,0.0,0.3333333333333333,0.5773502691896258,1.0,1.0,0.5714285714285714,0.7867957924694426,4.0,2.0,0.5,0.9405399431259599,7.0,3.0,0.42857142857142855,0.8357108940373451,12.0,3.0,0.30357142857142855,0.685423369024718,17.0,3.0,0.36904761904761907,0.7727242046812605,31.0,3.0,-1.0,0.0,0.0,407,0.35872235872235875,0.1891891891891892,0.31203931203931207,0.2457002457002457,0.09090909090909091,0.31695331695331697,42.411167512690355,5.8452088452088455
2022-12-09,0,0,0,0,0,0,0,0,0,0,0,0,2022,12,9,4,343,49,4,0,0,1,-0.433883739117558,-0.9009688679024191,-0.3697245428906732,0.9291414114031743,-0.35460488704253595,0.9350162426854147,-2.4492935982947064e-16,1.0,0.0,1.0,0.0,1.0,0.0,0.0,0.3333333333333333,0.5773502691896258,1.0,1.0,0.42857142857142855,0.7867957924694428,3.0,2.0,0.5,0.9405399431259599,7.0,3.0,0.42857142857142855,0.8357108940373451,12.0,3.0,0.30357142857142855,0.685423369024718,17.0,3.0,0.36904761904761907,0.7727242046812605,31.0,3.0,0.0,-1.0,0.0,407,0.35872235872235875,0.1891891891891892,0.31203931203931207,0.2457002457002457,0.09090909090909091,0.31695331695331697,42.411167512690355,5.8452088452088455
2022-12-10,1,1,0,1,0,0,0,0,2,1,1,1,2022,12,10,5,344,49,4,1,0,0,-0.9749279121818236,-0.2225209339563146,-0.3536761221763721,0.935367949313148,-0.35460488704253595,0.9350162426854147,-2.4492935982947064e-16,1.0,0.0,0.0,1.0,0.0,3.0,0.0,0.3333333333333333,0.5773502691896258,1.0,1.0,0.5714285714285714,0.7867957924694426,4.0,2.0,0.35714285714285715,0.6333236937766504,5.0,2.0,0.4642857142857143,0.838081709847526,13.0,3.0,0.32142857142857145,0.6903791542503124,18.0,3.0,0.38095238095238093,0.7746707330815188,32.0,3.0,1.0,1.0,1.0,407,0.35872235872235875,0.1891891891891892,0.31203931203931207,0.2457002457002457,0.09090909090909091,0.31695331695331697,42.411167512690355,5.8452088452088455
2022-12-11,0,0,0,0,0,0,0,0,0,0,0,0,2022,12,11,6,345,49,4,1,0,0,-0.7818314824680299,0.6234898018587334,-0.33752289959411347,0.941317317512847,-0.35460488704253595,0.9350162426854147,-2.4492935982947064e-16,1.0,1.0,0.0,0.0,0.0,0.0,2.0,0.3333333333333333,0.5773502691896258,1.0,1.0,0.5714285714285714,0.7867957924694426,4.0,2.0,0.35714285714285715,0.6333236937766504,5.0,2.0,0.39285714285714285,0.7859547491585428,11.0,3.0,0.32142857142857145,0.6903791542503124,18.0,3.0,0.38095238095238093,0.7746707330815188,32.0,3.0,-1.0,0.0,-2.0,407,0.35872235872235875,0.1891891891891892,0.31203931203931207,0.2457002457002457,0.09090909090909091,0.31695331695331697,42.411167512690355,5.8452088452088455
2022-12-12,0,0,0,0,0,0,0,0,0,0,0,0,2022,12,12,0,346,50,4,0,1,0,0.0,1.0,-0.32126966169236515,0.9469877530760751,-0.2393156642875578,0.970941817426052,-2.4492935982947064e-16,1.0,0.0,1.0,0.0,2.0,0.0,0.0,0.3333333333333333,0.5773502691896258,1.0,1.0,0.2857142857142857,0.48795003647426605,2.0,1.0,0.35714285714285715,0.6333236937766504,5.0,2.0,0.39285714285714285,0.7859547491585428,11.0,3.0,0.32142857142857145,0.6903791542503124,18.0,3.0,0.38095238095238093,0.7746707330815188,32.0,3.0,0.0,-2.0,0.0,407,0.35872235872235875,0.1891891891891892,0.31203931203931207,0.2457002457002457,0.09090909090909091,0.31695331695331697,42.411167512690355,5.8452088452088455
2022-12-13,0,0,0,0,0,0,0,0,0,0,0,0,2022,12,13,1,347,50,4,0,0,0,0.7818314824680298,0.6234898018587336,-0.3049212246562894,0.9523775757303973,-0.2393156642875578,0.970941817426052,-2.4492935982947064e-16,1.0,0.0,0.0,1.0,0.0,0.0,0.0,0.0,0.0,0.0,0.0,0.2857142857142857,0.48795003647426605,2.0,1.0,0.35714285714285715,0.6333236937766504,5.0,2.0,0.39285714285714285,0.7859547491585428,11.0,3.0,0.32142857142857145,0.6903791542503124,18.0,3.0,0.38095238095238093,0.7746707330815188,32.0,3.0,0.0,0.0,0.0,407,0.35872235872235875,0.1891891891891892,0.31203931203931207,0.2457002457002457,0.09090909090909091,0.31695331695331697,42.411167512690355,5.8452088452088455
2022-12-14,0,0,0,0,0,0,0,0,0,0,0,0,2022,12,14,2,348,50,4,0,0,0,0.9749279121818236,-0.22252093395631434,-0.2884824328806098,0.9574851883550389,-0.2393156642875578,0.970941817426052,-2.4492935982947064e-16,1.0,0.0,0.0,0.0,1.0,0.0,0.0,0.0,0.0,0.0,0.0,0.14285714285714285,0.37796447300922675,1.0,1.0,0.35714285714285715,0.6333236937766504,5.0,2.0,0.39285714285714285,0.7859547491585428,11.0,3.0,0.32142857142857145,0.6903791542503124,18.0,3.0,0.38095238095238093,0.7746707330815188,32.0,3.0,0.0,-1.0,0.0,407,0.35872235872235875,0.1891891891891892,0.31203931203931207,0.2457002457002457,0.09090909090909091,0.31695331695331697,42.411167512690355,5.8452088452088455
2022-12-15,0,0,0,0,0,0,0,0,0,0,0,0,2022,12,15,3,349,50,4,0,0,0,0.43388373911755823,-0.900968867902419,-0.27195815753410524,0.9623090774541487,-0.2393156642875578,0.970941817426052,-2.4492935982947064e-16,1.0,0.0,0.0,0.0,0.0,0.0,0.0,0.0,0.0,0.0,0.0,0.14285714285714285,0.37796447300922675,1.0,1.0,0.35714285714285715,0.6333236937766504,5.0,2.0,0.39285714285714285,0.7859547491585428,11.0,3.0,0.30357142857142855,0.685423369024718,17.0,3.0,0.38095238095238093,0.7746707330815188,32.0,3.0,0.0,0.0,0.0,407,0.35872235872235875,0.1891891891891892,0.31203931203931207,0.2457002457002457,0.09090909090909091,0.31695331695331697,42.411167512690355,5.8452088452088455
2022-12-16,2,0,0,0,0,0,0,0,8,0,0,0,2022,12,16,4,350,50,4,0,0,1,-0.433883739117558,-0.9009688679024191,-0.2553532951161881,0.9668478136052773,-0.2393156642875578,0.970941817426052,-2.4492935982947064e-16,1.0,0.0,0.0,0.0,0.0,1.0,0.0,0.6666666666666666,1.154700538379252,2.0,2.0,0.42857142857142855,0.7867957924694426,3.0,2.0,0.42857142857142855,0.755928946018454,6.0,2.0,0.4642857142857143,0.838081709847526,13.0,3.0,0.3392857142857143,0.7205247005869015,19.0,3.0,0.36904761904761907,0.7408845560652141,31.0,3.0,2.0,2.0,2.0,407,0.35872235872235875,0.1891891891891892,0.31203931203931207,0.2457002457002457,0.09090909090909091,0.31695331695331697,42.411167512690355,5.8452088452088455
2022-12-17,0,0,0,0,0,0,0,0,0,0,0,0,2022,12,17,5,351,50,4,1,0,0,-0.9749279121818236,-0.2225209339563146,-0.23867276600594997,0.9711000518829505,-0.2393156642875578,0.970941817426052,-2.4492935982947064e-16,1.0,2.0,0.0,0.0,1.0,0.0,1.0,0.6666666666666666,1.154700538379252,2.0,2.0,0.2857142857142857,0.7559289460184541,2.0,2.0,0.42857142857142855,0.755928946018454,6.0,2.0,0.42857142857142855,0.8357108940373451,12.0,3.0,0.3392857142857143,0.7205247005869015,19.0,3.0,0.3333333333333333,0.6825419062704216,28.0,3.0,-2.0,-1.0,-1.0,407,0.35872235872235875,0.1891891891891892,0.31203931203931207,0.2457002457002457,0.09090909090909091,0.31695331695331697,42.411167512690355,5.8452088452088455
2022-12-18,1,1,0,0,0,0,0,0,2,0,0,0,2022,12,18,6,352,50,4,1,0,0,-0.7818314824680299,0.6234898018587334,-0.22192151300416674,0.9750645322571945,-0.2393156642875578,0.970941817426052,-2.4492935982947064e-16,1.0,0.0,2.0,0.0,0.0,0.0,0.0,1.0,1.0000000000000007,3.0,2.0,0.42857142857142855,0.7867957924694426,3.0,2.0,0.5,0.7595545253127495,7.0,2.0,0.4642857142857143,0.838081709847526,13.0,3.0,0.35714285714285715,0.7243447553998889,20.0,3.0,0.3333333333333333,0.6825419062704216,28.0,3.0,1.0,1.0,1.0,407,0.35872235872235875,0.1891891891891892,0.31203931203931207,0.2457002457002457,0.09090909090909091,0.31695331695331697,42.411167512690355,5.8452088452088455
2022-12-19,0,0,0,0,0,0,0,0,0,0,0,0,2022,12,19,0,353,51,4,0,1,0,0.0,1.0,-0.20510449986861926,0.9787400799669153,-0.12053668025532363,0.992708874098054,-2.4492935982947064e-16,1.0,1.0,0.0,2.0,0.0,2.0,2.0,0.3333333333333333,0.5773502691896256,1.0,1.0,0.42857142857142855,0.7867957924694426,3.0,2.0,0.35714285714285715,0.6333236937766504,5.0,2.0,0.39285714285714285,0.7859547491585428,11.0,3.0,0.3392857142857143,0.7205247005869015,19.0,3.0,0.32142857142857145,0.6794880121767494,27.0,3.0,-1.0,0.0,-2.0,407,0.35872235872235875,0.1891891891891892,0.31203931203931207,0.2457002457002457,0.09090909090909091,0.31695331695331697,42.411167512690355,5.8452088452088455
2022-12-20,2,0,0,0,0,0,0,0,4,0,2,0,2022,12,20,1,354,51,4,0,0,0,0.7818314824680298,0.6234898018587336,-0.1882267098432439,0.9821256058680006,-0.12053668025532363,0.992708874098054,-2.4492935982947064e-16,1.0,0.0,1.0,0.0,0.0,0.0,0.0,1.0,1.0000000000000007,3.0,2.0,0.7142857142857143,0.9511897312113413,5.0,2.0,0.5,0.7595545253127495,7.0,2.0,0.4642857142857143,0.838081709847526,13.0,3.0,0.375,0.752269294142125,21.0,3.0,0.34523809523809523,0.7027321486513444,29.0,3.0,2.0,2.0,2.0,407,0.35872235872235875,0.1891891891891892,0.31203931203931207,0.2457002457002457,0.09090909090909091,0.31695331695331697,42.411167512690355,5.8452088452088455
2022-12-21,0,0,0,0,0,0,0,0,0,0,0,0,2022,12,21,2,355,51,4,0,0,0,0.9749279121818236,-0.22252093395631434,-0.1712931441814778,0.9852201067560606,-0.12053668025532363,0.992708874098054,-2.4492935982947064e-16,1.0,2.0,0.0,1.0,0.0,1.0,0.0,0.6666666666666666,1.1547005383792517,2.0,2.0,0.7142857142857143,0.9511897312113413,5.0,2.0,0.42857142857142855,0.755928946018454,6.0,2.0,0.4642857142857143,0.838081709847526,13.0,3.0,0.375,0.752269294142125,21.0,3.0,0.34523809523809523,0.7027321486513444,29.0,3.0,-2.0,0.0,0.0,407,0.35872235872235875,0.1891891891891892,0.31203931203931207,0.2457002457002457,0.09090909090909091,0.31695331695331697,42.411167512690355,5.8452088452088455
2022-12-22,0,0,0,0,0,0,0,0,0,0,0,0,2022,12,22,3,356,51,4,0,0,0,0.43388373911755823,-0.900968867902419,-0.154308820664281,0.9880226656636976,-0.12053668025532363,0.992708874098054,-2.4492935982947064e-16,1.0,0.0,2.0,0.0,0.0,0.0,0.0,0.6666666666666666,1.1547005383792517,2.0,2.0,0.7142857142857143,0.9511897312113413,5.0,2.0,0.42857142857142855,0.755928946018454,6.0,2.0,0.4642857142857143,0.838081709847526,13.0,3.0,0.375,0.752269294142125,21.0,3.0,0.34523809523809523,0.7027321486513444,29.0,3.0,0.0,0.0,0.0,407,0.35872235872235875,0.1891891891891892,0.31203931203931207,0.2457002457002457,0.09090909090909091,0.31695331695331697,42.411167512690355,5.8452088452088455
2022-12-23,0,0,0,0,0,0,0,0,0,0,0,0,2022,12,23,4,357,51,4,0,0,1,-0.433883739117558,-0.9009688679024191,-0.13727877211326517,0.9905324521322227,-0.12053668025532363,0.992708874098054,-2.4492935982947064e-16,1.0,0.0,0.0,2.0,2.0,0.0,0.0,0.0,0.0,0.0,0.0,0.42857142857142855,0.7867957924694426,3.0,2.0,0.42857142857142855,0.755928946018454,6.0,2.0,0.4642857142857143,0.838081709847526,13.0,3.0,0.375,0.752269294142125,21.0,3.0,0.34523809523809523,0.7027321486513444,29.0,3.0,0.0,-2.0,0.0,407,0.35872235872235875,0.1891891891891892,0.31203931203931207,0.2457002457002457,0.09090909090909091,0.31695331695331697,42.411167512690355,5.8452088452088455
2022-12-24,0,0,0,0,0,0,0,0,0,0,0,0,2022,12,24,5,358,51,4,1,0,0,-0.9749279121818236,-0.2225209339563146,-0.12020804489935275,0.9927487224577402,-0.12053668025532363,0.992708874098054,-2.4492935982947064e-16,1.0,0.0,0.0,0.0,0.0,1.0,3.0,0.0,0.0,0.0,0.0,0.42857142857142855,0.7867957924694426,3.0,2.0,0.35714285714285715,0.7449463436684916,5.0,2.0,0.35714285714285715,0.6784669927988102,10.0,2.0,0.375,0.752269294142125,21.0,3.0,0.3333333333333333,0.699971313238928,28.0,3.0,0.0,0.0,-3.0,407,0.35872235872235875,0.1891891891891892,0.31203931203931207,0.2457002457002457,0.09090909090909091,0.31695331695331697,42.411167512690355,5.8452088452088455
2022-12-25,0,0,0,0,0,0,0,0,0,0,0,0,2022,12,25,6,359,51,4,1,0,0,-0.7818314824680299,0.6234898018587334,-0.10310169744743544,0.9946708199115211,-0.12053668025532363,0.992708874098054,-2.4492935982947064e-16,1.0,0.0,0.0,0.0,1.0,0.0,0.0,0.0,0.0,0.0,0.0,0.2857142857142857,0.7559289460184541,2.0,2.0,0.35714285714285715,0.7449463436684916,5.0,2.0,0.35714285714285715,0.6784669927988102,10.0,2.0,0.375,0.752269294142125,21.0,3.0,0.3333333333333333,0.699971313238928,28.0,3.0,0.0,-1.0,0.0,407,0.35872235872235875,0.1891891891891892,0.31203931203931207,0.2457002457002457,0.09090909090909091,0.31695331695331697,42.411167512690355,5.8452088452088455
2022-12-26,0,0,0,0,0,0,0,0,0,0,0,0,2022,12,26,0,360,52,4,0,1,0,0.0,1.0,-0.0859647987374467,0.9962981749346077,6.432490598706546e-16,1.0,-2.4492935982947064e-16,1.0,0.0,0.0,0.0,0.0,0.0,0.0,0.0,0.0,0.0,0.0,0.2857142857142857,0.7559289460184541,2.0,2.0,0.35714285714285715,0.7449463436684916,5.0,2.0,0.35714285714285715,0.6784669927988102,10.0,2.0,0.35714285714285715,0.7490253407188311,20.0,3.0,0.3333333333333333,0.699971313238928,28.0,3.0,0.0,0.0,0.0,407,0.35872235872235875,0.1891891891891892,0.31203931203931207,0.2457002457002457,0.09090909090909091,0.31695331695331697,42.411167512690355,5.8452088452088455
2022-12-27,0,0,0,0,0,0,0,0,0,0,0,0,2022,12,27,1,361,52,4,0,0,0,0.7818314824680298,0.6234898018587336,-0.06880242680232064,0.9976303053065857,6.432490598706546e-16,1.0,-2.4492935982947064e-16,1.0,0.0,0.0,0.0,2.0,0.0,0.0,0.0,0.0,0.0,0.0,0.0,0.0,0.0,0.0,0.35714285714285715,0.7449463436684916,5.0,2.0,0.35714285714285715,0.6784669927988102,10.0,2.0,0.35714285714285715,0.7490253407188311,20.0,3.0,0.3333333333333333,0.699971313238928,28.0,3.0,0.0,-2.0,0.0,407,0.35872235872235875,0.1891891891891892,0.31203931203931207,0.2457002457002457,0.09090909090909091,0.31695331695331697,42.411167512690355,5.8452088452088455
2022-12-28,0,0,0,0,0,0,0,0,0,0,0,0,2022,12,28,2,362,52,4,0,0,0,0.9749279121818236,-0.22252093395631434,-0.05161966722325418,0.9986668162884759,6.432490598706546e-16,1.0,-2.4492935982947064e-16,1.0,0.0,0.0,0.0,0.0,0.0,0.0,0.0,0.0,0.0,0.0,0.0,0.0,0.0,0.0,0.35714285714285715,0.7449463436684916,5.0,2.0,0.35714285714285715,0.6784669927988102,10.0,2.0,0.35714285714285715,0.7490253407188311,20.0,3.0,0.3333333333333333,0.699971313238928,28.0,3.0,0.0,0.0,0.0,407,0.35872235872235875,0.1891891891891892,0.31203931203931207,0.2457002457002457,0.09090909090909091,0.31695331695331697,42.411167512690355,5.8452088452088455
2022-12-29,0,0,0,0,0,0,0,0,0,0,0,0,2022,12,29,3,363,52,4,0,0,0,0.43388373911755823,-0.900968867902419,-0.034421611622745804,0.9994074007397048,6.432490598706546e-16,1.0,-2.4492935982947064e-16,1.0,0.0,0.0,0.0,0.0,0.0,0.0,0.0,0.0,0.0,0.0,0.0,0.0,0.0,0.0,0.35714285714285715,0.7449463436684916,5.0,2.0,0.35714285714285715,0.6784669927988102,10.0,2.0,0.32142857142857145,0.7162311170195086,18.0,3.0,0.3333333333333333,0.699971313238928,28.0,3.0,0.0,0.0,0.0,407,0.35872235872235875,0.1891891891891892,0.31203931203931207,0.2457002457002457,0.09090909090909091,0.31695331695331697,42.411167512690355,5.8452088452088455
2022-12-30,0,0,0,0,0,0,0,0,0,0,0,0,2022,12,30,4,364,52,4,0,0,1,-0.433883739117558,-0.9009688679024191,-0.01721335615583528,0.9998518392091162,6.432490598706546e-16,1.0,-2.4492935982947064e-16,1.0,0.0,0.0,0.0,0.0,2.0,1.0,0.0,0.0,0.0,0.0,0.0,0.0,0.0,0.0,0.21428571428571427,0.578934223521839,3.0,2.0,0.32142857142857145,0.6696362433535828,9.0,2.0,0.32142857142857145,0.7162311170195086,18.0,3.0,0.30952380952380953,0.6762082533036068,26.0,3.0,0.0,0.0,-1.0,407,0.35872235872235875,0.1891891891891892,0.31203931203931207,0.2457002457002457,0.09090909090909091,0.31695331695331697,42.411167512690355,5.8452088452088455
2022-12-31,0,0,0,0,0,0,0,0,0,0,0,0,2022,12,31,5,365,52,4,1,0,0,-0.9749279121818236,-0.2225209339563146,6.432490598706546e-16,1.0,6.432490598706546e-16,1.0,-2.4492935982947064e-16,1.0,0.0,0.0,0.0,0.0,0.0,0.0,0.0,0.0,0.0,0.0,0.0,0.0,0.0,0.0,0.21428571428571427,0.578934223521839,3.0,2.0,0.32142857142857145,0.6696362433535828,9.0,2.0,0.32142857142857145,0.7162311170195086,18.0,3.0,0.2857142857142857,0.6506980231903434,24.0,3.0,0.0,0.0,0.0,407,0.35872235872235875,0.1891891891891892,0.31203931203931207,0.2457002457002457,0.09090909090909091,0.31695331695331697,42.411167512690355,5.8452088452088455
2023-01-01,1,0,1,0,0,0,0,0,2,0,0,1,2023,1,1,6,1,52,1,1,0,0,-0.7818314824680299,0.6234898018587334,0.017213356155834685,0.9998518392091162,6.432490598706546e-16,1.0,0.49999999999999994,0.8660254037844387,0.0,0.0,0.0,0.0,1.0,0.0,0.3333333333333333,0.5773502691896255,1.0,1.0,0.14285714285714285,0.3779644730092266,1.0,1.0,0.21428571428571427,0.578934223521839,3.0,2.0,0.35714285714285715,0.6784669927988102,10.0,2.0,0.3392857142857143,0.7205247005869015,19.0,3.0,0.2976190476190476,0.6545441144072002,25.0,3.0,1.0,1.0,1.0,407,0.35872235872235875,0.1891891891891892,0.31203931203931207,0.2457002457002457,0.09090909090909091,0.31695331695331697,42.411167512690355,5.8452088452088455
2023-01-02,1,1,0,0,0,1,0,1,1,0,0,0,2023,1,2,0,2,1,1,0,1,0,0.0,1.0,0.03442161162274574,0.9994074007397048,0.12053668025532305,0.992708874098054,0.49999999999999994,0.8660254037844387,1.0,0.0,0.0,0.0,0.0,2.0,0.6666666666666666,0.5773502691896262,2.0,1.0,0.2857142857142857,0.48795003647426594,2.0,1.0,0.2857142857142857,0.6112498455021261,4.0,2.0,0.32142857142857145,0.6118321864193029,9.0,2.0,0.35714285714285715,0.7243447553998887,20.0,3.0,0.30952380952380953,0.6581498433440109,26.0,3.0,0.0,1.0,-1.0,407,0.35872235872235875,0.1891891891891892,0.31203931203931207,0.2457002457002457,0.09090909090909091,0.31695331695331697,42.411167512690355,5.8452088452088455
2023-01-03,0,0,0,0,0,0,0,0,0,0,0,0,2023,1,3,1,3,1,1,0,0,0,0.7818314824680298,0.6234898018587336,0.051619667223253764,0.998666816288476,0.12053668025532305,0.992708874098054,0.49999999999999994,0.8660254037844387,1.0,1.0,0.0,0.0,2.0,0.0,0.6666666666666666,0.5773502691896262,2.0,1.0,0.2857142857142857,0.48795003647426594,2.0,1.0,0.14285714285714285,0.3631365196012809,2.0,1.0,0.32142857142857145,0.6118321864193029,9.0,2.0,0.35714285714285715,0.7243447553998887,20.0,3.0,0.30952380952380953,0.6581498433440109,26.0,3.0,-1.0,0.0,0.0,407,0.35872235872235875,0.1891891891891892,0.31203931203931207,0.2457002457002457,0.09090909090909091,0.31695331695331697,42.411167512690355,5.8452088452088455
2023-01-04,0,0,0,0,0,0,0,0,0,0,0,0,2023,1,4,2,4,1,1,0,0,0,0.9749279121818236,-0.22252093395631434,0.06880242680231986,0.9976303053065857,0.12053668025532305,0.992708874098054,0.49999999999999994,0.8660254037844387,0.0,1.0,1.0,0.0,0.0,1.0,0.3333333333333333,0.5773502691896255,1.0,1.0,0.2857142857142857,0.48795003647426594,2.0,1.0,0.14285714285714285,0.3631365196012809,2.0,1.0,0.2857142857142857,0.5998236072282919,8.0,2.0,0.35714285714285715,0.7243447553998887,20.0,3.0,0.30952380952380953,0.6581498433440109,26.0,3.0,0.0,0.0,-1.0,407,0.35872235872235875,0.1891891891891892,0.31203931203931207,0.2457002457002457,0.09090909090909091,0.31695331695331697,42.411167512690355,5.8452088452088455
2023-01-05,1,0,0,1,0,0,0,0,3,0,0,0,2023,1,5,3,5,1,1,0,0,0,0.43388373911755823,-0.900968867902419,0.08596479873744647,0.9962981749346078,0.12053668025532305,0.992708874098054,0.49999999999999994,0.8660254037844387,0.0,0.0,1.0,0.0,0.0,0.0,0.3333333333333333,0.5773502691896255,1.0,1.0,0.42857142857142855,0.5345224838248481,3.0,1.0,0.21428571428571427,0.4258153136263195,3.0,1.0,0.32142857142857145,0.6118321864193029,9.0,2.0,0.375,0.7276987388648234,21.0,3.0,0.30952380952380953,0.6581498433440109,26.0,3.0,1.0,1.0,1.0,407,0.35872235872235875,0.1891891891891892,0.31203931203931207,0.2457002457002457,0.09090909090909091,0.31695331695331697,42.411167512690355,5.8452088452088455
2023-01-06,0,0,0,0,0,0,0,0,0,0,0,0,2023,1,6,4,6,1,1,0,0,1,-0.433883739117558,-0.9009688679024191,0.10310169744743485,0.9946708199115211,0.12053668025532305,0.992708874098054,0.49999999999999994,0.8660254037844387,1.0,0.0,0.0,0.0,0.0,0.0,0.3333333333333333,0.5773502691896255,1.0,1.0,0.42857142857142855,0.5345224838248481,3.0,1.0,0.21428571428571427,0.4258153136263195,3.0,1.0,0.32142857142857145,0.6118321864193029,9.0,2.0,0.375,0.7276987388648234,21.0,3.0,0.30952380952380953,0.6581498433440109,26.0,3.0,-1.0,0.0,0.0,407,0.35872235872235875,0.1891891891891892,0.31203931203931207,0.2457002457002457,0.09090909090909091,0.31695331695331697,42.411167512690355,5.8452088452088455
2023-01-07,0,0,0,0,0,0,0,0,0,0,0,0,2023,1,7,5,7,1,1,1,0,0,-0.9749279121818236,-0.2225209339563146,0.1202080448993527,0.9927487224577402,0.12053668025532305,0.992708874098054,0.49999999999999994,0.8660254037844387,0.0,1.0,0.0,0.0,0.0,1.0,0.3333333333333333,0.5773502691896255,1.0,1.0,0.42857142857142855,0.5345224838248481,3.0,1.0,0.21428571428571427,0.4258153136263195,3.0,1.0,0.2857142857142857,0.5998236072282919,8.0,2.0,0.375,0.7276987388648234,21.0,3.0,0.30952380952380953,0.6581498433440109,26.0,3.0,0.0,0.0,-1.0,407,0.35872235872235875,0.1891891891891892,0.31203931203931207,0.2457002457002457,0.09090909090909091,0.31695331695331697,42.411167512690355,5.8452088452088455
2023-01-08,0,0,0,0,0,0,0,0,0,0,0,0,2023,1,8,6,8,1,1,1,0,0,-0.7818314824680299,0.6234898018587334,0.13727877211326478,0.9905324521322229,0.12053668025532305,0.992708874098054,0.49999999999999994,0.8660254037844387,0.0,0.0,1.0,1.0,0.0,0.0,0.0,0.0,0.0,0.0,0.2857142857142857,0.48795003647426594,2.0,1.0,0.21428571428571427,0.4258153136263195,3.0,1.0,0.2857142857142857,0.5998236072282919,8.0,2.0,0.3392857142857143,0.6948325034079852,19.0,3.0,0.30952380952380953,0.6581498433440109,26.0,3.0,0.0,-1.0,0.0,407,0.35872235872235875,0.1891891891891892,0.31203931203931207,0.2457002457002457,0.09090909090909091,0.31695331695331697,42.411167512690355,5.8452088452088455
2023-01-09,4,0,1,0,0,0,0,0,8,0,0,1,2023,1,9,0,9,2,1,0,1,0,0.0,1.0,0.15430882066428117,0.9880226656636976,0.23931566428755774,0.970941817426052,0.49999999999999994,0.8660254037844387,0.0,0.0,0.0,1.0,0.0,0.0,1.3333333333333333,2.3094010767585034,4.0,4.0,0.7142857142857143,1.496026483086191,5.0,4.0,0.5,1.0919284281983372,7.0,4.0,0.42857142857142855,0.9200874124564724,12.0,4.0,0.4107142857142857,0.8480305679371729,23.0,4.0,0.35714285714285715,0.7705866509192011,30.0,4.0,4.0,3.0,4.0,407,0.35872235872235875,0.1891891891891892,0.31203931203931207,0.2457002457002457,0.09090909090909091,0.31695331695331697,42.411167512690355,5.8452088452088455
2023-01-10,0,0,0,0,0,0,0,0,0,0,0,0,2023,1,10,1,10,2,1,0,0,0,0.7818314824680298,0.6234898018587336,0.1712931441814776,0.9852201067560606,0.23931566428755774,0.970941817426052,0.49999999999999994,0.8660254037844387,4.0,0.0,0.0,0.0,0.0,0.0,1.3333333333333333,2.309401076758504,4.0,4.0,0.7142857142857143,1.496026483086191,5.0,4.0,0.5,1.0919284281983372,7.0,4.0,0.42857142857142855,0.9200874124564724,12.0,4.0,0.4107142857142857,0.8480305679371729,23.0,4.0,0.35714285714285715,0.7705866509192011,30.0,4.0,-4.0,0.0,0.0,407,0.35872235872235875,0.1891891891891892,0.31203931203931207,0.2457002457002457,0.09090909090909091,0.31695331695331697,42.411167512690355,5.8452088452088455
2023-01-11,0,0,0,0,0,0,0,0,0,0,0,0,2023,1,11,2,11,2,1,0,0,0,0.9749279121818236,-0.22252093395631434,0.1882267098432442,0.9821256058680006,0.23931566428755774,0.970941817426052,0.49999999999999994,0.8660254037844387,0.0,4.0,0.0,0.0,0.0,0.0,1.3333333333333333,2.309401076758504,4.0,4.0,0.7142857142857143,1.496026483086191,5.0,4.0,0.5,1.0919284281983372,7.0,4.0,0.42857142857142855,0.9200874124564724,12.0,4.0,0.4107142857142857,0.8480305679371729,23.0,4.0,0.35714285714285715,0.7705866509192011,30.0,4.0,0.0,0.0,0.0,407,0.35872235872235875,0.1891891891891892,0.31203931203931207,0.2457002457002457,0.09090909090909091,0.31695331695331697,42.411167512690355,5.8452088452088455
2023-01-12,0,0,0,0,0,0,0,0,0,0,0,0,2023,1,12,3,12,2,1,0,0,0,0.43388373911755823,-0.900968867902419,0.2051044998686192,0.9787400799669153,0.23931566428755774,0.970941817426052,0.49999999999999994,0.8660254037844387,0.0,0.0,4.0,1.0,0.0,0.0,0.0,0.0,0.0,0.0,0.5714285714285714,1.5118578920369088,4.0,4.0,0.5,1.0919284281983372,7.0,4.0,0.42857142857142855,0.9200874124564724,12.0,4.0,0.4107142857142857,0.8480305679371729,23.0,4.0,0.34523809523809523,0.7682564773022157,29.0,4.0,0.0,-1.0,0.0,407,0.35872235872235875,0.1891891891891892,0.31203931203931207,0.2457002457002457,0.09090909090909091,0.31695331695331697,42.411167512690355,5.8452088452088455
2023-01-13,0,0,0,0,0,0,0,0,0,0,0,0,2023,1,13,4,13,2,1,0,0,1,-0.433883739117558,-0.9009688679024191,0.2219215130041655,0.9750645322571948,0.23931566428755774,0.970941817426052,0.49999999999999994,0.8660254037844387,0.0,0.0,0.0,0.0,0.0,2.0,0.0,0.0,0.0,0.0,0.5714285714285714,1.5118578920369088,4.0,4.0,0.5,1.0919284281983372,7.0,4.0,0.35714285714285715,0.8698354767504927,10.0,4.0,0.4107142857142857,0.8480305679371729,23.0,4.0,0.34523809523809523,0.7682564773022157,29.0,4.0,0.0,0.0,-2.0,407,0.35872235872235875,0.1891891891891892,0.31203931203931207,0.2457002457002457,0.09090909090909091,0.31695331695331697,42.411167512690355,5.8452088452088455
2023-01-14,1,0,1,0,0,1,0,1,2,0,0,0,2023,1,14,5,14,2,1,1,0,0,-0.9749279121818236,-0.2225209339563146,0.2386727660059501,0.9711000518829505,0.23931566428755774,0.970941817426052,0.49999999999999994,0.8660254037844387,0.0,0.0,0.0,0.0,0.0,0.0,0.3333333333333333,0.5773502691896272,1.0,1.0,0.7142857142857143,1.496026483086191,5.0,4.0,0.5714285714285714,1.089409558803844,8.0,4.0,0.39285714285714285,0.8751417118804339,11.0,4.0,0.4107142857142857,0.8480305679371729,23.0,4.0,0.35714285714285715,0.7705866509192011,30.0,4.0,1.0,1.0,1.0,407,0.35872235872235875,0.1891891891891892,0.31203931203931207,0.2457002457002457,0.09090909090909091,0.31695331695331697,42.411167512690355,5.8452088452088455
2023-01-15,0,0,0,0,0,0,0,0,0,0,0,0,2023,1,15,6,15,2,1,1,0,0,-0.7818314824680299,0.6234898018587334,0.255353295116187,0.9668478136052775,0.23931566428755774,0.970941817426052,0.49999999999999994,0.8660254037844387,1.0,0.0,0.0,0.0,1.0,1.0,0.3333333333333333,0.5773502691896272,1.0,1.0,0.7142857142857143,1.496026483086191,5.0,4.0,0.5,1.0919284281983372,7.0,4.0,0.35714285714285715,0.8698354767504927,10.0,4.0,0.4107142857142857,0.8480305679371729,23.0,4.0,0.35714285714285715,0.7705866509192011,30.0,4.0,-1.0,0.0,-1.0,407,0.35872235872235875,0.1891891891891892,0.31203931203931207,0.2457002457002457,0.09090909090909091,0.31695331695331697,42.411167512690355,5.8452088452088455
2023-01-16,0,0,0,0,0,0,0,0,0,0,0,0,2023,1,16,0,16,3,1,0,1,0,0.0,1.0,0.2719581575341055,0.9623090774541486,0.3546048870425356,0.9350162426854148,0.49999999999999994,0.8660254037844387,0.0,1.0,0.0,4.0,1.0,0.0,0.3333333333333333,0.5773502691896272,1.0,1.0,0.14285714285714285,0.3779644730092266,1.0,1.0,0.42857142857142855,1.0894095588038442,6.0,4.0,0.35714285714285715,0.8698354767504927,10.0,4.0,0.375,0.8215838362577491,21.0,4.0,0.34523809523809523,0.7682564773022157,29.0,4.0,0.0,-4.0,0.0,407,0.35872235872235875,0.1891891891891892,0.31203931203931207,0.2457002457002457,0.09090909090909091,0.31695331695331697,42.411167512690355,5.8452088452088455
2023-01-17,0,0,0,0,0,0,0,0,0,0,0,0,2023,1,17,1,17,3,1,0,0,0,0.7818314824680298,0.6234898018587336,0.288482432880609,0.9574851883550393,0.3546048870425356,0.9350162426854148,0.49999999999999994,0.8660254037844387,0.0,0.0,1.0,0.0,0.0,2.0,0.0,0.0,0.0,0.0,0.14285714285714285,0.3779644730092266,1.0,1.0,0.42857142857142855,1.0894095588038442,6.0,4.0,0.2857142857142857,0.8099905283919414,8.0,4.0,0.375,0.8215838362577491,21.0,4.0,0.34523809523809523,0.7682564773022157,29.0,4.0,0.0,0.0,-2.0,407,0.35872235872235875,0.1891891891891892,0.31203931203931207,0.2457002457002457,0.09090909090909091,0.31695331695331697,42.411167512690355,5.8452088452088455
2023-01-18,0,0,0,0,0,0,0,0,0,0,0,0,2023,1,18,2,18,3,1,0,0,0,0.9749279121818236,-0.22252093395631434,0.30492122465628907,0.9523775757303974,0.3546048870425356,0.9350162426854148,0.49999999999999994,0.8660254037844387,0.0,0.0,0.0,0.0,0.0,0.0,0.0,0.0,0.0,0.0,0.14285714285714285,0.3779644730092266,1.0,1.0,0.42857142857142855,1.0894095588038442,6.0,4.0,0.2857142857142857,0.8099905283919414,8.0,4.0,0.375,0.8215838362577491,21.0,4.0,0.34523809523809523,0.7682564773022157,29.0,4.0,0.0,0.0,0.0,407,0.35872235872235875,0.1891891891891892,0.31203931203931207,0.2457002457002457,0.09090909090909091,0.31695331695331697,42.411167512690355,5.8452088452088455
2023-01-19,0,0,0,0,0,0,0,0,0,0,0,0,2023,1,19,3,19,3,1,0,0,0,0.43388373911755823,-0.900968867902419,0.3212696616923644,0.9469877530760753,0.3546048870425356,0.9350162426854148,0.49999999999999994,0.8660254037844387,0.0,0.0,0.0,0.0,1.0,0.0,0.0,0.0,0.0,0.0,0.14285714285714285,0.3779644730092266,1.0,1.0,0.35714285714285715,1.081817762069781,5.0,4.0,0.2857142857142857,0.8099905283919414,8.0,4.0,0.375,0.8215838362577491,21.0,4.0,0.34523809523809523,0.7682564773022157,29.0,4.0,0.0,0.0,0.0,407,0.35872235872235875,0.1891891891891892,0.31203931203931207,0.2457002457002457,0.09090909090909091,0.31695331695331697,42.411167512690355,5.8452088452088455
2023-01-20,0,0,0,0,0,0,0,0,0,0,0,0,2023,1,20,4,20,3,1,0,0,1,-0.433883739117558,-0.9009688679024191,0.3375228995941133,0.9413173175128471,0.3546048870425356,0.9350162426854148,0.49999999999999994,0.8660254037844387,0.0,0.0,0.0,0.0,0.0,0.0,0.0,0.0,0.0,0.0,0.14285714285714285,0.3779644730092266,1.0,1.0,0.35714285714285715,1.081817762069781,5.0,4.0,0.2857142857142857,0.8099905283919414,8.0,4.0,0.375,0.8215838362577491,21.0,4.0,0.34523809523809523,0.7682564773022157,29.0,4.0,0.0,0.0,0.0,407,0.35872235872235875,0.1891891891891892,0.31203931203931207,0.2457002457002457,0.09090909090909091,0.31695331695331697,42.411167512690355,5.8452088452088455
2023-01-21,0,0,0,0,0,0,0,0,0,0,0,0,2023,1,21,5,21,3,1,1,0,0,-0.9749279121818236,-0.2225209339563146,0.3536761221763716,0.9353679493131483,0.3546048870425356,0.9350162426854148,0.49999999999999994,0.8660254037844387,0.0,0.0,0.0,1.0,0.0,0.0,0.0,0.0,0.0,0.0,0.0,0.0,0.0,0.0,0.35714285714285715,1.081817762069781,5.0,4.0,0.2857142857142857,0.8099905283919414,8.0,4.0,0.32142857142857145,0.7411819272962943,18.0,4.0,0.34523809523809523,0.7682564773022157,29.0,4.0,0.0,-1.0,0.0,407,0.35872235872235875,0.1891891891891892,0.31203931203931207,0.2457002457002457,0.09090909090909091,0.31695331695331697,42.411167512690355,5.8452088452088455
2023-01-22,0,0,0,0,0,0,0,0,0,0,0,0,2023,1,22,6,22,3,1,1,0,0,-0.7818314824680299,0.6234898018587334,0.3697245428906731,0.9291414114031743,0.3546048870425356,0.9350162426854148,0.49999999999999994,0.8660254037844387,0.0,0.0,0.0,0.0,0.0,0.0,0.0,0.0,0.0,0.0,0.0,0.0,0.0,0.0,0.35714285714285715,1.081817762069781,5.0,4.0,0.2857142857142857,0.8099905283919414,8.0,4.0,0.32142857142857145,0.7411819272962943,18.0,4.0,0.34523809523809523,0.7682564773022157,29.0,4.0,0.0,0.0,0.0,407,0.35872235872235875,0.1891891891891892,0.31203931203931207,0.2457002457002457,0.09090909090909091,0.31695331695331697,42.411167512690355,5.8452088452088455
2023-01-23,0,0,0,0,0,0,0,0,0,0,0,0,2023,1,23,0,23,4,1,0,1,0,0.0,1.0,0.38566340624360707,0.9226395488404876,0.4647231720437685,0.8854560256532099,0.49999999999999994,0.8660254037844387,0.0,0.0,0.0,0.0,4.0,0.0,0.0,0.0,0.0,0.0,0.0,0.0,0.0,0.0,0.07142857142857142,0.2672612419124234,1.0,1.0,0.2857142857142857,0.8099905283919414,8.0,4.0,0.32142857142857145,0.7411819272962943,18.0,4.0,0.3333333333333333,0.7657319253669029,28.0,4.0,0.0,0.0,0.0,407,0.35872235872235875,0.1891891891891892,0.31203931203931207,0.2457002457002457,0.09090909090909091,0.31695331695331697,42.411167512690355,5.8452088452088455
2023-01-24,1,0,1,0,0,1,0,1,2,1,1,1,2023,1,24,1,24,4,1,0,0,0,0.7818314824680298,0.6234898018587336,0.401487989205973,0.9158642882672872,0.4647231720437685,0.8854560256532099,0.49999999999999994,0.8660254037844387,0.0,0.0,0.0,0.0,0.0,0.0,0.3333333333333333,0.5773502691896272,1.0,1.0,0.14285714285714285,0.3779644730092266,1.0,1.0,0.14285714285714285,0.3631365196012806,2.0,1.0,0.32142857142857145,0.8189230248533259,9.0,4.0,0.3392857142857143,0.7453317922371757,19.0,4.0,0.34523809523809523,0.7682564773022157,29.0,4.0,1.0,1.0,1.0,407,0.35872235872235875,0.1891891891891892,0.31203931203931207,0.2457002457002457,0.09090909090909091,0.31695331695331697,42.411167512690355,5.8452088452088455
2023-01-25,1,0,0,0,0,0,0,0,2,0,0,0,2023,1,25,2,25,4,1,0,0,0,0.9749279121818236,-0.22252093395631434,0.4171936026123168,0.9088176373395029,0.4647231720437685,0.8854560256532099,0.49999999999999994,0.8660254037844387,1.0,0.0,0.0,0.0,0.0,0.0,0.6666666666666666,0.5773502691896278,2.0,1.0,0.2857142857142857,0.48795003647426605,2.0,1.0,0.21428571428571427,0.4258153136263193,3.0,1.0,0.35714285714285715,0.8261595987094037,10.0,4.0,0.35714285714285715,0.749025340718831,20.0,4.0,0.35714285714285715,0.7705866509192011,30.0,4.0,0.0,1.0,1.0,407,0.35872235872235875,0.1891891891891892,0.31203931203931207,0.2457002457002457,0.09090909090909091,0.31695331695331697,42.411167512690355,5.8452088452088455
2023-01-26,0,0,0,0,0,0,0,0,0,0,0,0,2023,1,26,3,26,4,1,0,0,0,0.43388373911755823,-0.900968867902419,0.4327755925504312,0.901501684131884,0.4647231720437685,0.8854560256532099,0.49999999999999994,0.8660254037844387,1.0,1.0,0.0,0.0,0.0,0.0,0.6666666666666666,0.5773502691896277,2.0,1.0,0.2857142857142857,0.48795003647426605,2.0,1.0,0.21428571428571427,0.4258153136263193,3.0,1.0,0.35714285714285715,0.8261595987094037,10.0,4.0,0.35714285714285715,0.749025340718831,20.0,4.0,0.3333333333333333,0.7498326453175639,28.0,4.0,-1.0,0.0,0.0,407,0.35872235872235875,0.1891891891891892,0.31203931203931207,0.2457002457002457,0.09090909090909091,0.31695331695331697,42.411167512690355,5.8452088452088455
2023-01-27,1,1,0,1,0,0,0,0,2,0,0,0,2023,1,27,4,27,4,1,0,0,1,-0.433883739117558,-0.9009688679024191,0.4482293417404106,0.893918596519257,0.4647231720437685,0.8854560256532099,0.49999999999999994,0.8660254037844387,0.0,1.0,1.0,0.0,0.0,0.0,0.6666666666666666,0.5773502691896277,2.0,1.0,0.42857142857142855,0.5345224838248482,3.0,1.0,0.2857142857142857,0.46880723093849463,4.0,1.0,0.39285714285714285,0.8317445171439017,11.0,4.0,0.35714285714285715,0.749025340718831,20.0,4.0,0.34523809523809523,0.752410545762512,29.0,4.0,1.0,1.0,1.0,407,0.35872235872235875,0.1891891891891892,0.31203931203931207,0.2457002457002457,0.09090909090909091,0.31695331695331697,42.411167512690355,5.8452088452088455
2023-01-28,0,0,0,0,0,0,0,0,0,0,0,0,2023,1,28,5,28,4,1,1,0,0,-0.9749279121818236,-0.2225209339563146,0.4635502709028509,0.886070621534138,0.4647231720437685,0.8854560256532099,0.49999999999999994,0.8660254037844387,1.0,0.0,1.0,0.0,1.0,0.0,0.3333333333333333,0.5773502691896271,1.0,1.0,0.42857142857142855,0.5345224838248482,3.0,1.0,0.21428571428571427,0.4258153136263193,3.0,1.0,0.39285714285714285,0.8317445171439017,11.0,4.0,0.35714285714285715,0.749025340718831,20.0,4.0,0.34523809523809523,0.752410545762512,29.0,4.0,-1.0,0.0,0.0,407,0.35872235872235875,0.1891891891891892,0.31203931203931207,0.2457002457002457,0.09090909090909091,0.31695331695331697,42.411167512690355,5.8452088452088455
2023-01-29,0,0,0,0,0,0,0,0,0,0,0,0,2023,1,29,6,29,4,1,1,0,0,-0.7818314824680299,0.6234898018587334,0.47873384011578846,0.8779600847008882,0.4647231720437685,0.8854560256532099,0.49999999999999994,0.8660254037844387,0.0,1.0,0.0,0.0,0.0,1.0,0.3333333333333333,0.5773502691896271,1.0,1.0,0.42857142857142855,0.5345224838248482,3.0,1.0,0.21428571428571427,0.4258153136263193,3.0,1.0,0.35714285714285715,0.8261595987094037,10.0,4.0,0.35714285714285715,0.749025340718831,20.0,4.0,0.34523809523809523,0.752410545762512,29.0,4.0,0.0,0.0,-1.0,407,0.35872235872235875,0.1891891891891892,0.31203931203931207,0.2457002457002457,0.09090909090909091,0.31695331695331697,42.411167512690355,5.8452088452088455
2023-01-30,0,0,0,0,0,0,0,0,0,0,0,0,2023,1,30,0,30,5,1,0,1,0,0.0,1.0,0.49377555015997715,0.869589389346611,0.5680647467311558,0.8229838658936564,0.49999999999999994,0.8660254037844387,0.0,0.0,1.0,0.0,0.0,1.0,0.0,0.0,0.0,0.0,0.42857142857142855,0.5345224838248482,3.0,1.0,0.21428571428571427,0.4258153136263193,3.0,1.0,0.32142857142857145,0.8189230248533259,9.0,4.0,0.32142857142857145,0.7162311170195085,18.0,4.0,0.34523809523809523,0.752410545762512,29.0,4.0,0.0,0.0,-1.0,407,0.35872235872235875,0.1891891891891892,0.31203931203931207,0.2457002457002457,0.09090909090909091,0.31695331695331697,42.411167512690355,5.8452088452088455
2023-01-31,0,0,0,0,0,0,0,0,0,0,0,0,2023,1,31,1,31,5,1,0,0,0,0.7818314824680298,0.6234898018587336,0.5086709438521044,0.8609610158889943,0.5680647467311558,0.8229838658936564,0.49999999999999994,0.8660254037844387,0.0,0.0,0.0,1.0,0.0,0.0,0.0,0.0,0.0,0.0,0.2857142857142857,0.48795003647426605,2.0,1.0,0.21428571428571427,0.4258153136263193,3.0,1.0,0.32142857142857145,0.8189230248533259,9.0,4.0,0.32142857142857145,0.7162311170195085,18.0,4.0,0.34523809523809523,0.752410545762512,29.0,4.0,0.0,-1.0,0.0,407,0.35872235872235875,0.1891891891891892,0.31203931203931207,0.2457002457002457,0.09090909090909091,0.31695331695331697,42.411167512690355,5.8452088452088455
2023-02-01,0,0,0,0,0,0,0,0,0,0,0,0,2023,2,1,2,32,5,1,0,0,0,0.9749279121818236,-0.22252093395631434,0.5234156073655503,0.8520775211013093,0.5680647467311558,0.8229838658936564,0.8660254037844386,0.5000000000000001,0.0,0.0,0.0,1.0,0.0,0.0,0.0,0.0,0.0,0.0,0.14285714285714285,0.3779644730092266,1.0,1.0,0.21428571428571427,0.4258153136263193,3.0,1.0,0.32142857142857145,0.8189230248533259,9.0,4.0,0.30357142857142855,0.7114554316110259,17.0,4.0,0.34523809523809523,0.752410545762512,29.0,4.0,0.0,-1.0,0.0,407,0.35872235872235875,0.1891891891891892,0.31203931203931207,0.2457002457002457,0.09090909090909091,0.31695331695331697,42.411167512690355,5.8452088452088455
2023-02-02,0,0,0,0,0,0,0,0,0,0,0,0,2023,2,2,3,33,5,1,0,0,0,0.43388373911755823,-0.900968867902419,0.5380051715382996,0.8429415373547828,0.5680647467311558,0.8229838658936564,0.8660254037844386,0.5000000000000001,0.0,0.0,0.0,0.0,0.0,1.0,0.0,0.0,0.0,0.0,0.14285714285714285,0.3779644730092266,1.0,1.0,0.21428571428571427,0.4258153136263193,3.0,1.0,0.2857142857142857,0.8099905283919414,8.0,4.0,0.30357142857142855,0.7114554316110259,17.0,4.0,0.34523809523809523,0.752410545762512,29.0,4.0,0.0,0.0,-1.0,407,0.35872235872235875,0.1891891891891892,0.31203931203931207,0.2457002457002457,0.09090909090909091,0.31695331695331697,42.411167512690355,5.8452088452088455
2023-02-03,0,0,0,0,0,0,0,0,0,0,0,0,2023,2,3,4,34,5,1,0,0,1,-0.433883739117558,-0.9009688679024191,0.5524353131676196,0.8335557718385699,0.5680647467311558,0.8229838658936564,0.8660254037844386,0.5000000000000001,0.0,0.0,0.0,1.0,0.0,0.0,0.0,0.0,0.0,0.0,0.0,0.0,0.0,0.0,0.21428571428571427,0.4258153136263193,3.0,1.0,0.2857142857142857,0.8099905283919414,8.0,4.0,0.30357142857142855,0.7114554316110259,17.0,4.0,0.34523809523809523,0.752410545762512,29.0,4.0,0.0,-1.0,0.0,407,0.35872235872235875,0.1891891891891892,0.31203931203931207,0.2457002457002457,0.09090909090909091,0.31695331695331697,42.411167512690355,5.8452088452088455
2023-02-04,0,0,0,0,0,0,0,0,0,0,0,0,2023,2,4,5,35,5,1,1,0,0,-0.9749279121818236,-0.2225209339563146,0.5667017562911176,0.8239230057575542,0.5680647467311558,0.8229838658936564,0.8660254037844386,0.5000000000000001,0.0,0.0,0.0,0.0,0.0,0.0,0.0,0.0,0.0,0.0,0.0,0.0,0.0,0.0,0.21428571428571427,0.4258153136263193,3.0,1.0,0.2857142857142857,0.8099905283919414,8.0,4.0,0.2857142857142857,0.7061878636037996,16.0,4.0,0.34523809523809523,0.752410545762512,29.0,4.0,0.0,0.0,0.0,407,0.35872235872235875,0.1891891891891892,0.31203931203931207,0.2457002457002457,0.09090909090909091,0.31695331695331697,42.411167512690355,5.8452088452088455
2023-02-05,0,0,0,0,0,0,0,0,0,0,0,0,2023,2,5,6,36,5,1,1,0,0,-0.7818314824680299,0.6234898018587334,0.5808002734538009,0.8140460935082178,0.5680647467311558,0.8229838658936564,0.8660254037844386,0.5000000000000001,0.0,0.0,0.0,0.0,0.0,0.0,0.0,0.0,0.0,0.0,0.0,0.0,0.0,0.0,0.21428571428571427,0.4258153136263193,3.0,1.0,0.2857142857142857,0.8099905283919414,8.0,4.0,0.2857142857142857,0.7061878636037996,16.0,4.0,0.32142857142857145,0.7307483255666183,27.0,4.0,0.0,0.0,0.0,407,0.35872235872235875,0.1891891891891892,0.31203931203931207,0.2457002457002457,0.09090909090909091,0.31695331695331697,42.411167512690355,5.8452088452088455
2023-02-06,1,0,1,0,0,0,0,0,1,0,0,1,2023,2,6,0,37,6,1,0,1,0,0.0,1.0,0.5947266869607634,0.8039279618328213,0.6631226582407952,0.7485107481711011,0.8660254037844386,0.5000000000000001,0.0,0.0,0.0,0.0,0.0,4.0,0.3333333333333333,0.5773502691896271,1.0,1.0,0.14285714285714285,0.3779644730092266,1.0,1.0,0.2857142857142857,0.46880723093849463,4.0,1.0,0.17857142857142858,0.3900210277874804,5.0,1.0,0.30357142857142855,0.7114554316110259,17.0,4.0,0.3333333333333333,0.7335888565414328,28.0,4.0,1.0,1.0,-3.0,407,0.35872235872235875,0.1891891891891892,0.31203931203931207,0.2457002457002457,0.09090909090909091,0.31695331695331697,42.411167512690355,5.8452088452088455
2023-02-07,0,0,0,0,0,0,0,0,0,0,0,0,2023,2,7,1,38,6,1,0,0,0,0.7818314824680298,0.6234898018587336,0.6084768701151261,0.7935716089521474,0.6631226582407952,0.7485107481711011,0.8660254037844386,0.5000000000000001,1.0,0.0,0.0,0.0,1.0,0.0,0.3333333333333333,0.5773502691896271,1.0,1.0,0.14285714285714285,0.3779644730092266,1.0,1.0,0.21428571428571427,0.4258153136263193,3.0,1.0,0.17857142857142858,0.3900210277874804,5.0,1.0,0.30357142857142855,0.7114554316110259,17.0,4.0,0.3333333333333333,0.7335888565414328,28.0,4.0,-1.0,0.0,0.0,407,0.35872235872235875,0.1891891891891892,0.31203931203931207,0.2457002457002457,0.09090909090909091,0.31695331695331697,42.411167512690355,5.8452088452088455
2023-02-08,0,0,0,0,0,0,0,0,0,0,0,0,2023,2,8,2,39,6,1,0,0,0,0.9749279121818236,-0.22252093395631434,0.6220467484408675,0.7829801036770629,0.6631226582407952,0.7485107481711011,0.8660254037844386,0.5000000000000001,0.0,1.0,0.0,0.0,1.0,0.0,0.3333333333333333,0.5773502691896271,1.0,1.0,0.14285714285714285,0.3779644730092266,1.0,1.0,0.14285714285714285,0.36313651960128057,2.0,1.0,0.17857142857142858,0.3900210277874804,5.0,1.0,0.30357142857142855,0.7114554316110259,17.0,4.0,0.3333333333333333,0.7335888565414328,28.0,4.0,0.0,0.0,0.0,407,0.35872235872235875,0.1891891891891892,0.31203931203931207,0.2457002457002457,0.09090909090909091,0.31695331695331697,42.411167512690355,5.8452088452088455
2023-02-09,0,0,0,0,0,0,0,0,0,0,0,0,2023,2,9,3,40,6,1,0,0,0,0.43388373911755823,-0.900968867902419,0.6354323008901774,0.7721565844991642,0.6631226582407952,0.7485107481711011,0.8660254037844386,0.5000000000000001,0.0,0.0,1.0,0.0,0.0,0.0,0.0,0.0,0.0,0.0,0.14285714285714285,0.3779644730092266,1.0,1.0,0.14285714285714285,0.36313651960128057,2.0,1.0,0.17857142857142858,0.3900210277874804,5.0,1.0,0.30357142857142855,0.7114554316110259,17.0,4.0,0.3333333333333333,0.7335888565414328,28.0,4.0,0.0,0.0,0.0,407,0.35872235872235875,0.1891891891891892,0.31203931203931207,0.2457002457002457,0.09090909090909091,0.31695331695331697,42.411167512690355,5.8452088452088455
2023-02-10,0,0,0,0,0,0,0,0,0,0,0,0,2023,2,10,4,41,6,1,0,0,1,-0.433883739117558,-0.9009688679024191,0.6486295610349814,0.7611042586607747,0.6631226582407952,0.7485107481711011,0.8660254037844386,0.5000000000000001,0.0,0.0,0.0,0.0,1.0,0.0,0.0,0.0,0.0,0.0,0.14285714285714285,0.3779644730092266,1.0,1.0,0.07142857142857142,0.26726124191242334,1.0,1.0,0.17857142857142858,0.3900210277874804,5.0,1.0,0.26785714285714285,0.6739590337852732,15.0,4.0,0.3333333333333333,0.7335888565414328,28.0,4.0,0.0,0.0,0.0,407,0.35872235872235875,0.1891891891891892,0.31203931203931207,0.2457002457002457,0.09090909090909091,0.31695331695331697,42.411167512690355,5.8452088452088455
2023-02-11,0,0,0,0,0,0,0,0,0,0,0,0,2023,2,11,5,42,6,1,1,0,0,-0.9749279121818236,-0.2225209339563146,0.6616346182422783,0.7498264012045686,0.6631226582407952,0.7485107481711011,0.8660254037844386,0.5000000000000001,0.0,0.0,0.0,0.0,0.0,1.0,0.0,0.0,0.0,0.0,0.14285714285714285,0.3779644730092266,1.0,1.0,0.07142857142857142,0.26726124191242334,1.0,1.0,0.14285714285714285,0.35634832254989973,4.0,1.0,0.26785714285714285,0.6739590337852732,15.0,4.0,0.32142857142857145,0.7307483255666183,27.0,4.0,0.0,0.0,-1.0,407,0.35872235872235875,0.1891891891891892,0.31203931203931207,0.2457002457002457,0.09090909090909091,0.31695331695331697,42.411167512690355,5.8452088452088455
2023-02-12,2,2,0,2,0,4,0,2,4,0,0,0,2023,2,12,6,43,6,1,1,0,0,-0.7818314824680299,0.6234898018587334,0.6744436188329455,0.7383263540031065,0.6631226582407952,0.7485107481711011,0.8660254037844386,0.5000000000000001,0.0,0.0,0.0,0.0,0.0,0.0,0.6666666666666666,1.1547005383792526,2.0,2.0,0.42857142857142855,0.7867957924694428,3.0,2.0,0.21428571428571427,0.5789342235218389,3.0,2.0,0.21428571428571427,0.49867549436206415,6.0,2.0,0.2857142857142857,0.7061878636037996,16.0,4.0,0.34523809523809523,0.752410545762512,29.0,4.0,2.0,2.0,2.0,407,0.35872235872235875,0.1891891891891892,0.31203931203931207,0.2457002457002457,0.09090909090909091,0.31695331695331697,42.411167512690355,5.8452088452088455
2023-02-13,0,0,0,0,0,0,0,0,0,0,0,0,2023,2,13,0,44,7,1,0,1,0,0.0,1.0,0.6870527672236669,0.7266075247685656,0.7485107481711011,0.6631226582407953,0.8660254037844386,0.5000000000000001,2.0,0.0,0.0,1.0,0.0,0.0,0.6666666666666666,1.1547005383792526,2.0,2.0,0.2857142857142857,0.7559289460184541,2.0,2.0,0.21428571428571427,0.5789342235218389,3.0,2.0,0.21428571428571427,0.49867549436206415,6.0,2.0,0.2857142857142857,0.7061878636037996,16.0,4.0,0.32142857142857145,0.7307483255666183,27.0,4.0,-2.0,-1.0,0.0,407,0.35872235872235875,0.1891891891891892,0.31203931203931207,0.2457002457002457,0.09090909090909091,0.31695331695331697,42.411167512690355,5.8452088452088455
2023-02-14,0,0,0,0,0,0,0,0,0,0,0,0,2023,2,14,1,45,7,1,0,0,0,0.7818314824680298,0.6234898018587336,0.699458327051647,0.7146733860429609,0.7485107481711011,0.6631226582407953,0.8660254037844386,0.5000000000000001,0.0,2.0,0.0,0.0,0.0,0.0,0.6666666666666666,1.1547005383792526,2.0,2.0,0.2857142857142857,0.7559289460184541,2.0,2.0,0.21428571428571427,0.5789342235218389,3.0,2.0,0.21428571428571427,0.49867549436206415,6.0,2.0,0.25,0.6674238124719145,14.0,4.0,0.32142857142857145,0.7307483255666183,27.0,4.0,0.0,0.0,0.0,407,0.35872235872235875,0.1891891891891892,0.31203931203931207,0.2457002457002457,0.09090909090909091,0.31695331695331697,42.411167512690355,5.8452088452088455
2023-02-15,2,2,0,0,0,2,0,2,4,0,0,0,2023,2,15,2,46,7,1,0,0,0,0.9749279121818236,-0.22252093395631434,0.7116566222817746,0.7025274741691571,0.7485107481711011,0.6631226582407953,0.8660254037844386,0.5000000000000001,0.0,0.0,2.0,0.0,0.0,0.0,0.6666666666666666,1.1547005383792526,2.0,2.0,0.5714285714285714,0.9759000729485328,4.0,2.0,0.35714285714285715,0.7449463436684914,5.0,2.0,0.2857142857142857,0.5998236072282919,8.0,2.0,0.2857142857142857,0.7061878636037996,16.0,4.0,0.34523809523809523,0.752410545762512,29.0,4.0,2.0,2.0,2.0,407,0.35872235872235875,0.1891891891891892,0.31203931203931207,0.2457002457002457,0.09090909090909091,0.31695331695331697,42.411167512690355,5.8452088452088455
2023-02-16,0,0,0,0,0,0,0,0,0,0,0,0,2023,2,16,3,47,7,1,0,0,0,0.43388373911755823,-0.900968867902419,0.7236440382959124,0.6901733882429719,0.7485107481711011,0.6631226582407953,0.8660254037844386,0.5000000000000001,2.0,0.0,0.0,0.0,0.0,0.0,0.6666666666666666,1.1547005383792526,2.0,2.0,0.5714285714285714,0.9759000729485328,4.0,2.0,0.35714285714285715,0.7449463436684914,5.0,2.0,0.2857142857142857,0.5998236072282919,8.0,2.0,0.2857142857142857,0.7061878636037996,16.0,4.0,0.34523809523809523,0.752410545762512,29.0,4.0,-2.0,0.0,0.0,407,0.35872235872235875,0.1891891891891892,0.31203931203931207,0.2457002457002457,0.09090909090909091,0.31695331695331697,42.411167512690355,5.8452088452088455
2023-02-17,1,0,1,0,0,0,0,0,1,0,0,1,2023,2,17,4,48,7,1,0,0,1,-0.433883739117558,-0.9009688679024191,0.7354170229639855,0.6776147890466889,0.7485107481711011,0.6631226582407953,0.8660254037844386,0.5000000000000001,0.0,2.0,0.0,0.0,0.0,0.0,1.0,1.0000000000000016,3.0,2.0,0.7142857142857143,0.9511897312113414,5.0,2.0,0.42857142857142855,0.755928946018454,6.0,2.0,0.32142857142857145,0.611832186419303,9.0,2.0,0.30357142857142855,0.7114554316110259,17.0,4.0,0.35714285714285715,0.754789640252635,30.0,4.0,1.0,1.0,1.0,407,0.35872235872235875,0.1891891891891892,0.31203931203931207,0.2457002457002457,0.09090909090909091,0.31695331695331697,42.411167512690355,5.8452088452088455
2023-02-18,0,0,0,0,0,0,0,0,0,0,0,0,2023,2,18,5,49,7,1,1,0,0,-0.9749279121818236,-0.2225209339563146,0.7469720876965552,0.6648553979642865,0.7485107481711011,0.6631226582407953,0.8660254037844386,0.5000000000000001,1.0,0.0,2.0,0.0,0.0,0.0,0.3333333333333333,0.577350269189627,1.0,1.0,0.7142857142857143,0.9511897312113414,5.0,2.0,0.42857142857142855,0.755928946018454,6.0,2.0,0.32142857142857145,0.611832186419303,9.0,2.0,0.30357142857142855,0.7114554316110259,17.0,4.0,0.32142857142857145,0.696993790671107,27.0,4.0,-1.0,0.0,0.0,407,0.35872235872235875,0.1891891891891892,0.31203931203931207,0.2457002457002457,0.09090909090909091,0.31695331695331697,42.411167512690355,5.8452088452088455
2023-02-19,0,0,0,0,0,0,0,0,0,0,0,0,2023,2,19,6,50,7,1,1,0,0,-0.7818314824680299,0.6234898018587334,0.7583058084785624,0.6518989958787126,0.7485107481711011,0.6631226582407953,0.8660254037844386,0.5000000000000001,0.0,1.0,0.0,2.0,0.0,0.0,0.3333333333333333,0.577350269189627,1.0,1.0,0.42857142857142855,0.7867957924694426,3.0,2.0,0.42857142857142855,0.755928946018454,6.0,2.0,0.32142857142857145,0.611832186419303,9.0,2.0,0.30357142857142855,0.7114554316110259,17.0,4.0,0.32142857142857145,0.696993790671107,27.0,4.0,0.0,-2.0,0.0,407,0.35872235872235875,0.1891891891891892,0.31203931203931207,0.2457002457002457,0.09090909090909091,0.31695331695331697,42.411167512690355,5.8452088452088455
2023-02-20,0,0,0,0,0,0,0,0,0,0,0,0,2023,2,20,0,51,8,1,0,1,0,0.0,1.0,0.7694148268839378,0.6387494220515272,0.8229838658936564,0.5680647467311559,0.8660254037844386,0.5000000000000001,0.0,0.0,1.0,0.0,1.0,0.0,0.0,0.0,0.0,0.0,0.42857142857142855,0.7867957924694426,3.0,2.0,0.35714285714285715,0.7449463436684914,5.0,2.0,0.32142857142857145,0.611832186419303,9.0,2.0,0.30357142857142855,0.7114554316110259,17.0,4.0,0.32142857142857145,0.696993790671107,27.0,4.0,0.0,0.0,0.0,407,0.35872235872235875,0.1891891891891892,0.31203931203931207,0.2457002457002457,0.09090909090909091,0.31695331695331697,42.411167512690355,5.8452088452088455
2023-02-21,0,0,0,0,0,0,0,0,0,0,0,0,2023,2,21,1,52,8,1,0,0,0,0.7818314824680298,0.6234898018587336,0.7802958510707755,0.6254105729852463,0.8229838658936564,0.5680647467311559,0.8660254037844386,0.5000000000000001,0.0,0.0,0.0,0.0,0.0,1.0,0.0,0.0,0.0,0.0,0.42857142857142855,0.7867957924694426,3.0,2.0,0.35714285714285715,0.7449463436684914,5.0,2.0,0.2857142857142857,0.5998236072282919,8.0,2.0,0.30357142857142855,0.7114554316110259,17.0,4.0,0.32142857142857145,0.696993790671107,27.0,4.0,0.0,0.0,-1.0,407,0.35872235872235875,0.1891891891891892,0.31203931203931207,0.2457002457002457,0.09090909090909091,0.31695331695331697,42.411167512690355,5.8452088452088455
2023-02-22,0,0,0,0,0,0,0,0,0,0,0,0,2023,2,22,2,53,8,1,0,0,0,0.9749279121818236,-0.22252093395631434,0.7909456567567772,0.6118864012687243,0.8229838658936564,0.5680647467311559,0.8660254037844386,0.5000000000000001,0.0,0.0,0.0,2.0,0.0,1.0,0.0,0.0,0.0,0.0,0.14285714285714285,0.3779644730092265,1.0,1.0,0.35714285714285715,0.7449463436684914,5.0,2.0,0.25,0.5853140973807082,7.0,2.0,0.30357142857142855,0.7114554316110259,17.0,4.0,0.32142857142857145,0.696993790671107,27.0,4.0,0.0,-2.0,-1.0,407,0.35872235872235875,0.1891891891891892,0.31203931203931207,0.2457002457002457,0.09090909090909091,0.31695331695331697,42.411167512690355,5.8452088452088455
2023-02-23,2,2,0,2,0,0,0,0,4,0,0,2,2023,2,23,3,54,8,1,0,0,0,0.43388373911755823,-0.900968867902419,0.8013610881746766,0.5981809144059165,0.8229838658936564,0.5680647467311559,0.8660254037844386,0.5000000000000001,0.0,0.0,0.0,0.0,0.0,0.0,0.6666666666666666,1.1547005383792524,2.0,2.0,0.42857142857142855,0.7867957924694426,3.0,2.0,0.5,0.8548504142651099,7.0,2.0,0.32142857142857145,0.6696362433535828,9.0,2.0,0.3392857142857143,0.7453317922371757,19.0,4.0,0.34523809523809523,0.7196727438845408,29.0,4.0,2.0,2.0,2.0,407,0.35872235872235875,0.1891891891891892,0.31203931203931207,0.2457002457002457,0.09090909090909091,0.31695331695331697,42.411167512690355,5.8452088452088455
2023-02-24,0,0,0,0,0,0,0,0,0,0,0,0,2023,2,24,4,55,8,1,0,0,1,-0.433883739117558,-0.9009688679024191,0.8115390590073611,0.5842981736283684,0.8229838658936564,0.5680647467311559,0.8660254037844386,0.5000000000000001,2.0,0.0,0.0,1.0,0.0,1.0,0.6666666666666666,1.1547005383792524,2.0,2.0,0.2857142857142857,0.7559289460184541,2.0,2.0,0.5,0.8548504142651099,7.0,2.0,0.2857142857142857,0.6586823467062362,8.0,2.0,0.3392857142857143,0.7453317922371757,19.0,4.0,0.3333333333333333,0.7169771439171532,28.0,4.0,-2.0,-1.0,-1.0,407,0.35872235872235875,0.1891891891891892,0.31203931203931207,0.2457002457002457,0.09090909090909091,0.31695331695331697,42.411167512690355,5.8452088452088455
2023-02-25,0,0,0,0,0,0,0,0,0,0,0,0,2023,2,25,5,56,8,1,1,0,0,-0.9749279121818236,-0.2225209339563146,0.8214765533024142,0.5702422926917871,0.8229838658936564,0.5680647467311559,0.8660254037844386,0.5000000000000001,0.0,2.0,0.0,0.0,0.0,0.0,0.6666666666666666,1.1547005383792524,2.0,2.0,0.2857142857142857,0.7559289460184541,2.0,2.0,0.5,0.8548504142651099,7.0,2.0,0.2857142857142857,0.6586823467062362,8.0,2.0,0.3392857142857143,0.7453317922371757,19.0,4.0,0.3333333333333333,0.7169771439171532,28.0,4.0,0.0,0.0,0.0,407,0.35872235872235875,0.1891891891891892,0.31203931203931207,0.2457002457002457,0.09090909090909091,0.31695331695331697,42.411167512690355,5.8452088452088455
2023-02-26,0,0,0,0,0,0,0,0,0,0,0,0,2023,2,26,6,57,8,1,1,0,0,-0.7818314824680299,0.6234898018587334,0.8311706263658079,0.5560174366570446,0.8229838658936564,0.5680647467311559,0.8660254037844386,0.5000000000000001,0.0,0.0,2.0,0.0,2.0,0.0,0.0,0.0,0.0,0.0,0.2857142857142857,0.7559289460184541,2.0,2.0,0.35714285714285715,0.7449463436684914,5.0,2.0,0.2857142857142857,0.6586823467062362,8.0,2.0,0.32142857142857145,0.7411819272962943,18.0,4.0,0.3333333333333333,0.7169771439171532,28.0,4.0,0.0,0.0,0.0,407,0.35872235872235875,0.1891891891891892,0.31203931203931207,0.2457002457002457,0.09090909090909091,0.31695331695331697,42.411167512690355,5.8452088452088455
2023-02-27,0,0,0,0,0,0,0,0,0,0,0,0,2023,2,27,0,58,9,1,0,1,0,0.0,1.0,0.8406184056344782,0.5416278206559814,0.8854560256532099,0.4647231720437686,0.8660254037844386,0.5000000000000001,0.0,0.0,0.0,0.0,0.0,0.0,0.0,0.0,0.0,0.0,0.2857142857142857,0.7559289460184541,2.0,2.0,0.35714285714285715,0.7449463436684914,5.0,2.0,0.2857142857142857,0.6586823467062362,8.0,2.0,0.30357142857142855,0.7365680332002384,17.0,4.0,0.30952380952380953,0.6937967911269722,26.0,4.0,0.0,0.0,0.0,407,0.35872235872235875,0.1891891891891892,0.31203931203931207,0.2457002457002457,0.09090909090909091,0.31695331695331697,42.411167512690355,5.8452088452088455
2023-02-28,0,0,0,0,0,0,0,0,0,0,0,0,2023,2,28,1,59,9,1,0,0,0,0.7818314824680298,0.6234898018587336,0.8498170915275278,0.5270777086423722,0.8854560256532099,0.4647231720437686,0.8660254037844386,0.5000000000000001,0.0,0.0,0.0,0.0,0.0,0.0,0.0,0.0,0.0,0.0,0.2857142857142857,0.7559289460184541,2.0,2.0,0.35714285714285715,0.7449463436684914,5.0,2.0,0.2857142857142857,0.6586823467062362,8.0,2.0,0.30357142857142855,0.7365680332002384,17.0,4.0,0.30952380952380953,0.6937967911269722,26.0,4.0,0.0,0.0,0.0,407,0.35872235872235875,0.1891891891891892,0.31203931203931207,0.2457002457002457,0.09090909090909091,0.31695331695331697,42.411167512690355,5.8452088452088455
2023-03-01,0,0,0,0,0,0,0,0,0,0,0,0,2023,3,1,2,60,9,1,0,0,0,0.9749279121818236,-0.22252093395631434,0.8587639582758029,0.5123714121284237,0.8854560256532099,0.4647231720437686,1.0,6.123233995736766e-17,0.0,0.0,0.0,0.0,2.0,0.0,0.0,0.0,0.0,0.0,0.2857142857142857,0.7559289460184541,2.0,2.0,0.21428571428571427,0.5789342235218389,3.0,2.0,0.2857142857142857,0.6586823467062362,8.0,2.0,0.30357142857142855,0.7365680332002384,17.0,4.0,0.2976190476190476,0.6903772655508315,25.0,4.0,0.0,0.0,0.0,407,0.35872235872235875,0.1891891891891892,0.31203931203931207,0.2457002457002457,0.09090909090909091,0.31695331695331697,42.411167512690355,5.8452088452088455
2023-03-02,0,0,0,0,0,0,0,0,0,0,0,0,2023,3,2,3,61,9,1,0,0,0,0.43388373911755823,-0.900968867902419,0.8674563547295969,0.49751328890718066,0.8854560256532099,0.4647231720437686,1.0,6.123233995736766e-17,0.0,0.0,0.0,2.0,0.0,0.0,0.0,0.0,0.0,0.0,0.0,0.0,0.0,0.0,0.21428571428571427,0.5789342235218389,3.0,2.0,0.2857142857142857,0.6586823467062362,8.0,2.0,0.2857142857142857,0.7314813292661235,16.0,4.0,0.2976190476190476,0.6903772655508315,25.0,4.0,0.0,-2.0,0.0,407,0.35872235872235875,0.1891891891891892,0.31203931203931207,0.2457002457002457,0.09090909090909091,0.31695331695331697,42.411167512690355,5.8452088452088455
2023-03-03,0,0,0,0,0,0,0,0,0,0,0,0,2023,3,3,4,62,9,1,0,0,1,-0.433883739117558,-0.9009688679024191,0.8758917051442429,0.48250774176121847,0.8854560256532099,0.4647231720437686,1.0,6.123233995736766e-17,0.0,0.0,0.0,0.0,1.0,0.0,0.0,0.0,0.0,0.0,0.0,0.0,0.0,0.0,0.14285714285714285,0.5345224838248482,2.0,2.0,0.2857142857142857,0.6586823467062362,8.0,2.0,0.2857142857142857,0.7314813292661235,16.0,4.0,0.2976190476190476,0.6903772655508315,25.0,4.0,0.0,0.0,0.0,407,0.35872235872235875,0.1891891891891892,0.31203931203931207,0.2457002457002457,0.09090909090909091,0.31695331695331697,42.411167512690355,5.8452088452088455
2023-03-04,0,0,0,0,0,0,0,0,0,0,0,0,2023,3,4,5,63,9,1,1,0,0,-0.9749279121818236,-0.2225209339563146,0.8840675099433636,0.4673592171580022,0.8854560256532099,0.4647231720437686,1.0,6.123233995736766e-17,0.0,0.0,0.0,0.0,0.0,0.0,0.0,0.0,0.0,0.0,0.0,0.0,0.0,0.0,0.14285714285714285,0.5345224838248482,2.0,2.0,0.2857142857142857,0.6586823467062362,8.0,2.0,0.2857142857142857,0.7314813292661235,16.0,4.0,0.2857142857142857,0.6867318897999117,24.0,4.0,0.0,0.0,0.0,407,0.35872235872235875,0.1891891891891892,0.31203931203931207,0.2457002457002457,0.09090909090909091,0.31695331695331697,42.411167512690355,5.8452088452088455
2023-03-05,0,0,0,0,0,0,0,0,0,0,0,0,2023,3,5,6,64,9,1,1,0,0,-0.7818314824680299,0.6234898018587334,0.8919813464595485,0.45207220393230435,0.8854560256532099,0.4647231720437686,1.0,6.123233995736766e-17,0.0,0.0,0.0,0.0,0.0,0.0,0.0,0.0,0.0,0.0,0.0,0.0,0.0,0.0,0.14285714285714285,0.5345224838248482,2.0,2.0,0.2857142857142857,0.6586823467062362,8.0,2.0,0.2857142857142857,0.7314813292661235,16.0,4.0,0.2857142857142857,0.6867318897999117,24.0,4.0,0.0,0.0,0.0,407,0.35872235872235875,0.1891891891891892,0.31203931203931207,0.2457002457002457,0.09090909090909091,0.31695331695331697,42.411167512690355,5.8452088452088455
2023-03-06,0,0,0,0,0,0,0,0,0,0,0,0,2023,3,6,0,65,10,1,0,1,0,0.0,1.0,0.8996308696522433,0.43665123195606403,0.9350162426854148,0.35460488704253557,1.0,6.123233995736766e-17,0.0,0.0,0.0,0.0,0.0,1.0,0.0,0.0,0.0,0.0,0.0,0.0,0.0,0.0,0.14285714285714285,0.5345224838248482,2.0,2.0,0.25,0.6454972243679032,7.0,2.0,0.21428571428571427,0.5296408977028497,12.0,2.0,0.2857142857142857,0.6867318897999117,24.0,4.0,0.0,0.0,-1.0,407,0.35872235872235875,0.1891891891891892,0.31203931203931207,0.2457002457002457,0.09090909090909091,0.31695331695331697,42.411167512690355,5.8452088452088455
2023-03-07,0,0,0,0,0,0,0,0,0,0,0,0,2023,3,7,1,66,10,1,0,0,0,0.7818314824680298,0.6234898018587336,0.9070138128026359,0.4211008707960896,0.9350162426854148,0.35460488704253557,1.0,6.123233995736766e-17,0.0,0.0,0.0,0.0,0.0,0.0,0.0,0.0,0.0,0.0,0.0,0.0,0.0,0.0,0.14285714285714285,0.5345224838248482,2.0,2.0,0.25,0.6454972243679032,7.0,2.0,0.21428571428571427,0.5296408977028497,12.0,2.0,0.2857142857142857,0.6867318897999117,24.0,4.0,0.0,0.0,0.0,407,0.35872235872235875,0.1891891891891892,0.31203931203931207,0.2457002457002457,0.09090909090909091,0.31695331695331697,42.411167512690355,5.8452088452088455
2023-03-08,2,0,0,2,0,0,0,0,4,0,0,0,2023,3,8,2,67,10,1,0,0,0,0.9749279121818236,-0.22252093395631434,0.9141279881853337,0.40542572835999735,0.9350162426854148,0.35460488704253557,1.0,6.123233995736766e-17,0.0,0.0,0.0,0.0,0.0,0.0,0.6666666666666666,1.1547005383792524,2.0,2.0,0.2857142857142857,0.7559289460184541,2.0,2.0,0.2857142857142857,0.7262730392025625,4.0,2.0,0.32142857142857145,0.7228324650199194,9.0,2.0,0.25,0.5799686511904211,14.0,2.0,0.30952380952380953,0.7109503308391186,26.0,4.0,2.0,2.0,2.0,407,0.35872235872235875,0.1891891891891892,0.31203931203931207,0.2457002457002457,0.09090909090909091,0.31695331695331697,42.411167512690355,5.8452088452088455
2023-03-09,1,1,0,1,0,6,0,1,2,1,1,0,2023,3,9,3,68,10,1,0,0,0,0.43388373911755823,-0.900968867902419,0.9209712877166346,0.38963044953078796,0.9350162426854148,0.35460488704253557,1.0,6.123233995736766e-17,2.0,0.0,0.0,0.0,2.0,0.0,1.0,1.0000000000000013,3.0,2.0,0.42857142857142855,0.7867957924694426,3.0,2.0,0.21428571428571427,0.578934223521839,3.0,2.0,0.35714285714285715,0.7310208850583785,10.0,2.0,0.26785714285714285,0.5874775486177068,15.0,2.0,0.32142857142857145,0.7140705355749162,27.0,4.0,-1.0,1.0,1.0,407,0.35872235872235875,0.1891891891891892,0.31203931203931207,0.2457002457002457,0.09090909090909091,0.31695331695331697,42.411167512690355,5.8452088452088455
2023-03-10,0,0,0,0,0,0,0,0,0,0,0,0,2023,3,10,4,69,10,1,0,0,1,-0.433883739117558,-0.9009688679024191,0.9275416835791966,0.37371971479046906,0.9350162426854148,0.35460488704253557,1.0,6.123233995736766e-17,1.0,2.0,0.0,0.0,0.0,0.0,1.0,1.0000000000000016,3.0,2.0,0.42857142857142855,0.7867957924694426,3.0,2.0,0.21428571428571427,0.578934223521839,3.0,2.0,0.35714285714285715,0.7310208850583785,10.0,2.0,0.26785714285714285,0.5874775486177068,15.0,2.0,0.2976190476190476,0.6903772655508315,25.0,4.0,-1.0,0.0,0.0,407,0.35872235872235875,0.1891891891891892,0.31203931203931207,0.2457002457002457,0.09090909090909091,0.31695331695331697,42.411167512690355,5.8452088452088455
2023-03-11,0,0,0,0,0,0,0,0,0,0,0,0,2023,3,11,5,70,10,1,1,0,0,-0.9749279121818236,-0.2225209339563146,0.9338372288229252,0.35769823883312546,0.9350162426854148,0.35460488704253557,1.0,6.123233995736766e-17,0.0,1.0,2.0,0.0,0.0,0.0,0.3333333333333333,0.5773502691896273,1.0,1.0,0.42857142857142855,0.7867957924694426,3.0,2.0,0.21428571428571427,0.578934223521839,3.0,2.0,0.35714285714285715,0.7310208850583785,10.0,2.0,0.25,0.5799686511904211,14.0,2.0,0.2976190476190476,0.6903772655508315,25.0,4.0,0.0,0.0,0.0,407,0.35872235872235875,0.1891891891891892,0.31203931203931207,0.2457002457002457,0.09090909090909091,0.31695331695331697,42.411167512690355,5.8452088452088455
2023-03-12,0,0,0,0,0,0,0,0,0,0,0,0,2023,3,12,6,71,10,1,1,0,0,-0.7818314824680299,0.6234898018587334,0.9398560579418954,0.3415707691678556,0.9350162426854148,0.35460488704253557,1.0,6.123233995736766e-17,0.0,0.0,1.0,0.0,0.0,2.0,0.0,0.0,0.0,0.0,0.42857142857142855,0.7867957924694426,3.0,2.0,0.21428571428571427,0.578934223521839,3.0,2.0,0.2857142857142857,0.6586823467062363,8.0,2.0,0.25,0.5799686511904211,14.0,2.0,0.2857142857142857,0.6867318897999117,24.0,4.0,0.0,0.0,-2.0,407,0.35872235872235875,0.1891891891891892,0.31203931203931207,0.2457002457002457,0.09090909090909091,0.31695331695331697,42.411167512690355,5.8452088452088455
2023-03-13,0,0,0,0,0,0,0,0,0,0,0,0,2023,3,13,0,72,11,1,0,1,0,0.0,1.0,0.9455963874271426,0.3253420847119801,0.970941817426052,0.23931566428755804,1.0,6.123233995736766e-17,0.0,0.0,0.0,0.0,0.0,0.0,0.0,0.0,0.0,0.0,0.42857142857142855,0.7867957924694426,3.0,2.0,0.21428571428571427,0.578934223521839,3.0,2.0,0.2857142857142857,0.6586823467062363,8.0,2.0,0.25,0.5799686511904211,14.0,2.0,0.2857142857142857,0.6867318897999117,24.0,4.0,0.0,0.0,0.0,407,0.35872235872235875,0.1891891891891892,0.31203931203931207,0.2457002457002457,0.09090909090909091,0.31695331695331697,42.411167512690355,5.8452088452088455
2023-03-14,0,0,0,0,0,0,0,0,0,0,0,0,2023,3,14,1,73,11,1,0,0,0,0.7818314824680298,0.6234898018587336,0.9510565162951535,0.30901699437494745,0.970941817426052,0.23931566428755804,1.0,6.123233995736766e-17,0.0,0.0,0.0,0.0,0.0,0.0,0.0,0.0,0.0,0.0,0.42857142857142855,0.7867957924694426,3.0,2.0,0.21428571428571427,0.578934223521839,3.0,2.0,0.2857142857142857,0.6586823467062363,8.0,2.0,0.25,0.5799686511904211,14.0,2.0,0.2619047619047619,0.6607598331356747,22.0,4.0,0.0,0.0,0.0,407,0.35872235872235875,0.1891891891891892,0.31203931203931207,0.2457002457002457,0.09090909090909091,0.31695331695331697,42.411167512690355,5.8452088452088455
2023-03-15,0,0,0,0,0,0,0,0,0,0,0,0,2023,3,15,2,74,11,1,0,0,0,0.9749279121818236,-0.22252093395631434,0.9562348265919056,0.29260033563334836,0.970941817426052,0.23931566428755804,1.0,6.123233995736766e-17,0.0,0.0,0.0,2.0,0.0,2.0,0.0,0.0,0.0,0.0,0.14285714285714285,0.37796447300922653,1.0,1.0,0.21428571428571427,0.578934223521839,3.0,2.0,0.21428571428571427,0.5681120688308983,6.0,2.0,0.25,0.5799686511904211,14.0,2.0,0.2619047619047619,0.6607598331356747,22.0,4.0,0.0,-2.0,-2.0,407,0.35872235872235875,0.1891891891891892,0.31203931203931207,0.2457002457002457,0.09090909090909091,0.31695331695331697,42.411167512690355,5.8452088452088455
2023-03-16,1,1,0,1,0,0,0,0,2,1,1,0,2023,3,16,3,75,11,1,0,0,0,0.43388373911755823,-0.900968867902419,0.9611297838723007,0.27609697309746883,0.970941817426052,0.23931566428755804,1.0,6.123233995736766e-17,0.0,0.0,0.0,1.0,0.0,0.0,0.3333333333333333,0.5773502691896273,1.0,1.0,0.14285714285714285,0.37796447300922653,1.0,1.0,0.2857142857142857,0.6112498455021261,4.0,2.0,0.25,0.5853140973807082,7.0,2.0,0.26785714285714285,0.5874775486177068,15.0,2.0,0.27380952380952384,0.6649792183760779,23.0,4.0,1.0,0.0,1.0,407,0.35872235872235875,0.1891891891891892,0.31203931203931207,0.2457002457002457,0.09090909090909091,0.31695331695331697,42.411167512690355,5.8452088452088455
2023-03-17,0,0,0,0,0,0,0,0,0,0,0,0,2023,3,17,4,76,11,1,0,0,1,-0.433883739117558,-0.9009688679024191,0.9657399376548549,0.2595117970697999,0.970941817426052,0.23931566428755804,1.0,6.123233995736766e-17,1.0,0.0,0.0,0.0,0.0,1.0,0.3333333333333333,0.5773502691896273,1.0,1.0,0.14285714285714285,0.37796447300922653,1.0,1.0,0.2857142857142857,0.611249845502126,4.0,2.0,0.21428571428571427,0.5681120688308983,6.0,2.0,0.26785714285714285,0.5874775486177068,15.0,2.0,0.27380952380952384,0.6649792183760779,23.0,4.0,-1.0,0.0,-1.0,407,0.35872235872235875,0.1891891891891892,0.31203931203931207,0.2457002457002457,0.09090909090909091,0.31695331695331697,42.411167512690355,5.8452088452088455
2023-03-18,1,0,1,0,0,1,0,1,2,0,0,1,2023,3,18,5,77,11,1,1,0,0,-0.9749279121818236,-0.2225209339563146,0.9700639218515071,0.2428497220959356,0.970941817426052,0.23931566428755804,1.0,6.123233995736766e-17,0.0,1.0,0.0,0.0,0.0,0.0,0.6666666666666666,0.5773502691896278,2.0,1.0,0.2857142857142857,0.48795003647426594,2.0,1.0,0.35714285714285715,0.6333236937766504,5.0,2.0,0.25,0.5853140973807082,7.0,2.0,0.2857142857142857,0.5943456513231617,16.0,2.0,0.2857142857142857,0.6689576241631374,24.0,4.0,1.0,1.0,1.0,407,0.35872235872235875,0.1891891891891892,0.31203931203931207,0.2457002457002457,0.09090909090909091,0.31695331695331697,42.411167512690355,5.8452088452088455
2023-03-19,0,0,0,0,0,0,0,0,0,0,0,0,2023,3,19,6,78,11,1,1,0,0,-0.7818314824680299,0.6234898018587334,0.9741004551724205,0.22611568550828828,0.970941817426052,0.23931566428755804,1.0,6.123233995736766e-17,1.0,0.0,1.0,0.0,0.0,0.0,0.3333333333333333,0.5773502691896273,1.0,1.0,0.2857142857142857,0.48795003647426594,2.0,1.0,0.35714285714285715,0.6333236937766504,5.0,2.0,0.25,0.5853140973807082,7.0,2.0,0.2857142857142857,0.5943456513231617,16.0,2.0,0.2857142857142857,0.6689576241631374,24.0,4.0,-1.0,0.0,0.0,407,0.35872235872235875,0.1891891891891892,0.31203931203931207,0.2457002457002457,0.09090909090909091,0.31695331695331697,42.411167512690355,5.8452088452088455
2023-03-20,0,0,0,0,0,0,0,0,0,0,0,0,2023,3,20,0,79,12,1,0,1,0,0.0,1.0,0.9778483415056568,0.20931464596304847,0.992708874098054,0.120536680255323,1.0,6.123233995736766e-17,0.0,1.0,0.0,0.0,0.0,0.0,0.3333333333333333,0.5773502691896273,1.0,1.0,0.2857142857142857,0.48795003647426594,2.0,1.0,0.35714285714285715,0.6333236937766504,5.0,2.0,0.25,0.5853140973807082,7.0,2.0,0.2857142857142857,0.5943456513231617,16.0,2.0,0.2857142857142857,0.6689576241631374,24.0,4.0,0.0,0.0,0.0,407,0.35872235872235875,0.1891891891891892,0.31203931203931207,0.2457002457002457,0.09090909090909091,0.31695331695331697,42.411167512690355,5.8452088452088455
2023-03-21,0,0,0,0,0,0,0,0,0,0,0,0,2023,3,21,1,80,12,1,0,0,0,0.7818314824680298,0.6234898018587336,0.9813064702716093,0.19245158197082998,0.992708874098054,0.120536680255323,1.0,6.123233995736766e-17,0.0,0.0,1.0,0.0,0.0,0.0,0.0,0.0,0.0,0.0,0.2857142857142857,0.48795003647426594,2.0,1.0,0.35714285714285715,0.6333236937766504,5.0,2.0,0.25,0.5853140973807082,7.0,2.0,0.26785714285714285,0.5874775486177068,15.0,2.0,0.2857142857142857,0.6689576241631374,24.0,4.0,0.0,0.0,0.0,407,0.35872235872235875,0.1891891891891892,0.31203931203931207,0.2457002457002457,0.09090909090909091,0.31695331695331697,42.411167512690355,5.8452088452088455
2023-03-22,0,0,0,0,0,0,0,0,0,0,0,0,2023,3,22,2,81,12,1,0,0,0,0.9749279121818236,-0.22252093395631434,0.9844738167520922,0.1755314904214282,0.992708874098054,0.120536680255323,1.0,6.123233995736766e-17,0.0,0.0,0.0,0.0,2.0,0.0,0.0,0.0,0.0,0.0,0.2857142857142857,0.48795003647426594,2.0,1.0,0.21428571428571427,0.42581531362631936,3.0,1.0,0.25,0.5853140973807082,7.0,2.0,0.25,0.5799686511904211,14.0,2.0,0.2857142857142857,0.6689576241631374,24.0,4.0,0.0,0.0,0.0,407,0.35872235872235875,0.1891891891891892,0.31203931203931207,0.2457002457002457,0.09090909090909091,0.31695331695331697,42.411167512690355,5.8452088452088455
2023-03-23,0,0,0,0,0,0,0,0,0,0,0,0,2023,3,23,3,82,12,1,0,0,0,0.43388373911755823,-0.900968867902419,0.9873494423939864,0.15855938510313475,0.992708874098054,0.120536680255323,1.0,6.123233995736766e-17,0.0,0.0,0.0,1.0,1.0,2.0,0.0,0.0,0.0,0.0,0.14285714285714285,0.37796447300922653,1.0,1.0,0.14285714285714285,0.36313651960128074,2.0,1.0,0.17857142857142858,0.47559486560567155,5.0,2.0,0.25,0.5799686511904211,14.0,2.0,0.2857142857142857,0.6689576241631374,24.0,4.0,0.0,-1.0,-2.0,407,0.35872235872235875,0.1891891891891892,0.31203931203931207,0.2457002457002457,0.09090909090909091,0.31695331695331697,42.411167512690355,5.8452088452088455
2023-03-24,1,0,1,0,0,0,0,0,2,0,0,1,2023,3,24,4,83,12,1,0,0,1,-0.433883739117558,-0.9009688679024191,0.989932495087353,0.141540295217043,0.992708874098054,0.120536680255323,1.0,6.123233995736766e-17,0.0,0.0,0.0,0.0,0.0,0.0,0.3333333333333333,0.5773502691896273,1.0,1.0,0.2857142857142857,0.48795003647426594,2.0,1.0,0.21428571428571427,0.42581531362631936,3.0,1.0,0.21428571428571427,0.4986754943620644,6.0,2.0,0.25,0.5799686511904211,14.0,2.0,0.2976190476190476,0.6726993260345031,25.0,4.0,1.0,1.0,1.0,407,0.35872235872235875,0.1891891891891892,0.31203931203931207,0.2457002457002457,0.09090909090909091,0.31695331695331697,42.411167512690355,5.8452088452088455
2023-03-25,0,0,0,0,0,0,0,0,0,0,0,0,2023,3,25,5,84,12,1,1,0,0,-0.9749279121818236,-0.2225209339563146,0.9922222094179323,0.12447926388678915,0.992708874098054,0.120536680255323,1.0,6.123233995736766e-17,1.0,0.0,0.0,1.0,0.0,0.0,0.3333333333333333,0.5773502691896273,1.0,1.0,0.14285714285714285,0.37796447300922653,1.0,1.0,0.21428571428571427,0.42581531362631936,3.0,1.0,0.21428571428571427,0.4986754943620644,6.0,2.0,0.25,0.5799686511904211,14.0,2.0,0.2976190476190476,0.6726993260345031,25.0,4.0,-1.0,-1.0,0.0,407,0.35872235872235875,0.1891891891891892,0.31203931203931207,0.2457002457002457,0.09090909090909091,0.31695331695331697,42.411167512690355,5.8452088452088455
2023-03-26,1,0,1,0,0,0,0,0,2,0,0,1,2023,3,26,6,85,12,1,1,0,0,-0.7818314824680299,0.6234898018587334,0.994217906893952,0.10738134666416309,0.992708874098054,0.120536680255323,1.0,6.123233995736766e-17,0.0,1.0,0.0,0.0,0.0,0.0,0.6666666666666666,0.5773502691896278,2.0,1.0,0.2857142857142857,0.48795003647426594,2.0,1.0,0.2857142857142857,0.46880723093849475,4.0,1.0,0.25,0.5181877251716014,7.0,2.0,0.26785714285714285,0.5874775486177068,15.0,2.0,0.2976190476190476,0.6726993260345031,25.0,4.0,1.0,1.0,1.0,407,0.35872235872235875,0.1891891891891892,0.31203931203931207,0.2457002457002457,0.09090909090909091,0.31695331695331697,42.411167512690355,5.8452088452088455
2023-03-27,1,0,0,0,0,0,0,0,2,0,0,0,2023,3,27,0,86,13,1,0,1,0,0.0,1.0,0.995918996147179,0.09025161003104117,1.0,-1.6081226496766366e-16,1.0,6.123233995736766e-17,1.0,0.0,1.0,0.0,0.0,0.0,0.6666666666666666,0.5773502691896278,2.0,1.0,0.42857142857142855,0.5345224838248481,3.0,1.0,0.35714285714285715,0.49724515809884623,5.0,1.0,0.2857142857142857,0.5345224838248493,8.0,2.0,0.2857142857142857,0.5943456513231617,16.0,2.0,0.2976190476190476,0.6726993260345031,25.0,4.0,0.0,1.0,1.0,407,0.35872235872235875,0.1891891891891892,0.31203931203931207,0.2457002457002457,0.09090909090909091,0.31695331695331697,42.411167512690355,5.8452088452088455
2023-03-28,0,0,0,0,0,0,0,0,0,0,0,0,2023,3,28,1,87,13,1,0,0,0,0.7818314824680298,0.6234898018587336,0.9973249731081555,0.07309512989807777,1.0,-1.6081226496766366e-16,1.0,6.123233995736766e-17,1.0,1.0,0.0,0.0,0.0,0.0,0.6666666666666666,0.5773502691896278,2.0,1.0,0.42857142857142855,0.5345224838248481,3.0,1.0,0.35714285714285715,0.49724515809884623,5.0,1.0,0.2857142857142857,0.5345224838248493,8.0,2.0,0.2857142857142857,0.5943456513231617,16.0,2.0,0.2976190476190476,0.6726993260345031,25.0,4.0,-1.0,0.0,0.0,407,0.35872235872235875,0.1891891891891892,0.31203931203931207,0.2457002457002457,0.09090909090909091,0.31695331695331697,42.411167512690355,5.8452088452088455
2023-03-29,0,0,0,0,0,0,0,0,0,0,0,0,2023,3,29,2,88,13,1,0,0,0,0.9749279121818236,-0.22252093395631434,0.9984354211555643,0.055916990100603484,1.0,-1.6081226496766366e-16,1.0,6.123233995736766e-17,0.0,1.0,1.0,0.0,0.0,0.0,0.3333333333333333,0.5773502691896273,1.0,1.0,0.42857142857142855,0.5345224838248481,3.0,1.0,0.35714285714285715,0.49724515809884623,5.0,1.0,0.2857142857142857,0.5345224838248493,8.0,2.0,0.2857142857142857,0.5943456513231617,16.0,2.0,0.2976190476190476,0.6726993260345031,25.0,4.0,0.0,0.0,0.0,407,0.35872235872235875,0.1891891891891892,0.31203931203931207,0.2457002457002457,0.09090909090909091,0.31695331695331697,42.411167512690355,5.8452088452088455
2023-03-30,0,0,0,0,0,0,0,0,0,0,0,0,2023,3,30,3,89,13,1,0,0,0,0.43388373911755823,-0.900968867902419,0.9992500112396835,0.03872228089217446,1.0,-1.6081226496766366e-16,1.0,6.123233995736766e-17,0.0,0.0,1.0,0.0,1.0,0.0,0.0,0.0,0.0,0.0,0.42857142857142855,0.5345224838248481,3.0,1.0,0.2857142857142857,0.46880723093849475,4.0,1.0,0.2857142857142857,0.5345224838248493,8.0,2.0,0.2857142857142857,0.5943456513231617,16.0,2.0,0.2857142857142857,0.6689576241631374,24.0,4.0,0.0,0.0,0.0,407,0.35872235872235875,0.1891891891891892,0.31203931203931207,0.2457002457002457,0.09090909090909091,0.31695331695331697,42.411167512690355,5.8452088452088455
2023-03-31,0,0,0,0,0,0,0,0,0,0,0,0,2023,3,31,4,90,13,1,0,0,1,-0.433883739117558,-0.9009688679024191,0.9997685019798909,0.021516097436222254,1.0,-1.6081226496766366e-16,1.0,6.123233995736766e-17,0.0,0.0,0.0,1.0,0.0,0.0,0.0,0.0,0.0,0.0,0.2857142857142857,0.48795003647426594,2.0,1.0,0.2857142857142857,0.46880723093849475,4.0,1.0,0.2857142857142857,0.5345224838248493,8.0,2.0,0.2857142857142857,0.5943456513231617,16.0,2.0,0.2857142857142857,0.6689576241631374,24.0,4.0,0.0,-1.0,0.0,407,0.35872235872235875,0.1891891891891892,0.31203931203931207,0.2457002457002457,0.09090909090909091,0.31695331695331697,42.411167512690355,5.8452088452088455
2023-04-01,0,0,0,0,0,0,0,0,0,0,0,0,2023,4,1,5,91,13,2,1,0,0,-0.9749279121818236,-0.2225209339563146,0.9999907397361901,0.004303538296244289,1.0,-1.6081226496766366e-16,0.8660254037844387,-0.4999999999999998,0.0,0.0,0.0,0.0,1.0,0.0,0.0,0.0,0.0,0.0,0.2857142857142857,0.48795003647426594,2.0,1.0,0.21428571428571427,0.42581531362631936,3.0,1.0,0.2857142857142857,0.5345224838248493,8.0,2.0,0.2857142857142857,0.5943456513231617,16.0,2.0,0.2857142857142857,0.6689576241631374,24.0,4.0,0.0,0.0,0.0,407,0.35872235872235875,0.1891891891891892,0.31203931203931207,0.2457002457002457,0.09090909090909091,0.31695331695331697,42.411167512690355,5.8452088452088455
2023-04-02,0,0,0,0,0,0,0,0,0,0,0,0,2023,4,2,6,92,13,2,1,0,0,-0.7818314824680299,0.6234898018587334,0.9999166586547379,-0.01291029607500882,1.0,-1.6081226496766366e-16,0.8660254037844387,-0.4999999999999998,0.0,0.0,0.0,1.0,0.0,0.0,0.0,0.0,0.0,0.0,0.14285714285714285,0.37796447300922653,1.0,1.0,0.21428571428571427,0.42581531362631936,3.0,1.0,0.2857142857142857,0.5345224838248493,8.0,2.0,0.2857142857142857,0.5943456513231617,16.0,2.0,0.2857142857142857,0.6689576241631374,24.0,4.0,0.0,-1.0,0.0,407,0.35872235872235875,0.1891891891891892,0.31203931203931207,0.2457002457002457,0.09090909090909091,0.31695331695331697,42.411167512690355,5.8452088452088455
2023-04-03,0,0,0,0,0,0,0,0,0,0,0,0,2023,4,3,0,93,14,2,0,1,0,0.0,1.0,0.9995462806873573,-0.030120304846908114,0.992708874098054,-0.12053668025532288,0.8660254037844387,-0.4999999999999998,0.0,0.0,0.0,1.0,0.0,0.0,0.0,0.0,0.0,0.0,0.0,0.0,0.0,0.0,0.21428571428571427,0.42581531362631936,3.0,1.0,0.2857142857142857,0.5345224838248493,8.0,2.0,0.26785714285714285,0.5874775486177068,15.0,2.0,0.23809523809523808,0.5291285770598563,20.0,2.0,0.0,-1.0,0.0,407,0.35872235872235875,0.1891891891891892,0.31203931203931207,0.2457002457002457,0.09090909090909091,0.31695331695331697,42.411167512690355,5.8452088452088455
2023-04-04,0,0,0,0,0,0,0,0,0,0,0,0,2023,4,4,1,94,14,2,0,0,0,0.7818314824680298,0.6234898018587336,0.9988797155850336,-0.04732138832243185,0.992708874098054,-0.12053668025532288,0.8660254037844387,-0.4999999999999998,0.0,0.0,0.0,0.0,0.0,0.0,0.0,0.0,0.0,0.0,0.0,0.0,0.0,0.0,0.21428571428571427,0.42581531362631936,3.0,1.0,0.2857142857142857,0.5345224838248493,8.0,2.0,0.26785714285714285,0.5874775486177068,15.0,2.0,0.23809523809523808,0.5291285770598563,20.0,2.0,0.0,0.0,0.0,407,0.35872235872235875,0.1891891891891892,0.31203931203931207,0.2457002457002457,0.09090909090909091,0.31695331695331697,42.411167512690355,5.8452088452088455
2023-04-05,1,0,0,0,0,1,0,1,2,1,1,1,2023,4,5,2,95,14,2,0,0,0,0.9749279121818236,-0.22252093395631434,0.9979171608653922,-0.06450844944931623,0.992708874098054,-0.12053668025532288,0.8660254037844387,-0.4999999999999998,0.0,0.0,0.0,0.0,0.0,2.0,0.3333333333333333,0.5773502691896273,1.0,1.0,0.14285714285714285,0.37796447300922653,1.0,1.0,0.2857142857142857,0.46880723093849475,4.0,1.0,0.25,0.4409585518440991,7.0,1.0,0.2857142857142857,0.5943456513231617,16.0,2.0,0.25,0.5349248342648272,21.0,2.0,1.0,1.0,-1.0,407,0.35872235872235875,0.1891891891891892,0.31203931203931207,0.2457002457002457,0.09090909090909091,0.31695331695331697,42.411167512690355,5.8452088452088455
2023-04-06,0,0,0,0,0,0,0,0,0,0,0,0,2023,4,6,3,96,14,2,0,0,0,0.43388373911755823,-0.900968867902419,0.9966589017541702,-0.08167639533042241,0.992708874098054,-0.12053668025532288,0.8660254037844387,-0.4999999999999998,1.0,0.0,0.0,0.0,0.0,1.0,0.3333333333333333,0.5773502691896273,1.0,1.0,0.14285714285714285,0.37796447300922653,1.0,1.0,0.2857142857142857,0.46880723093849475,4.0,1.0,0.21428571428571427,0.4178554470186732,6.0,1.0,0.2857142857142857,0.5943456513231617,16.0,2.0,0.25,0.5349248342648272,21.0,2.0,-1.0,0.0,-1.0,407,0.35872235872235875,0.1891891891891892,0.31203931203931207,0.2457002457002457,0.09090909090909091,0.31695331695331697,42.411167512690355,5.8452088452088455
2023-04-07,0,0,0,0,0,0,0,0,0,0,0,0,2023,4,7,4,97,14,2,0,0,1,-0.433883739117558,-0.9009688679024191,0.9951053111006976,-0.09882013873287143,0.992708874098054,-0.12053668025532288,0.8660254037844387,-0.4999999999999998,0.0,1.0,0.0,0.0,1.0,0.0,0.3333333333333333,0.5773502691896273,1.0,1.0,0.14285714285714285,0.37796447300922653,1.0,1.0,0.21428571428571427,0.42581531362631936,3.0,1.0,0.21428571428571427,0.4178554470186732,6.0,1.0,0.2857142857142857,0.5943456513231617,16.0,2.0,0.25,0.5349248342648272,21.0,2.0,0.0,0.0,0.0,407,0.35872235872235875,0.1891891891891892,0.31203931203931207,0.2457002457002457,0.09090909090909091,0.31695331695331697,42.411167512690355,5.8452088452088455
2023-04-08,2,0,2,0,0,0,0,0,2,0,0,2,2023,4,8,5,98,14,2,1,0,0,-0.9749279121818236,-0.2225209339563146,0.9932568492674143,-0.11593459959550041,0.992708874098054,-0.12053668025532288,0.8660254037844387,-0.4999999999999998,0.0,0.0,1.0,0.0,0.0,0.0,0.6666666666666666,1.1547005383792526,2.0,2.0,0.42857142857142855,0.7867957924694426,3.0,2.0,0.35714285714285715,0.6333236937766503,5.0,2.0,0.2857142857142857,0.5345224838248493,8.0,2.0,0.32142857142857145,0.6355282085762236,18.0,2.0,0.2619047619047619,0.5622469469678258,22.0,2.0,2.0,2.0,2.0,407,0.35872235872235875,0.1891891891891892,0.31203931203931207,0.2457002457002457,0.09090909090909091,0.31695331695331697,42.411167512690355,5.8452088452088455
2023-04-09,1,0,0,0,0,0,0,0,2,0,0,1,2023,4,9,6,99,14,2,1,0,0,-0.7818314824680299,0.6234898018587334,0.9911140639934547,-0.1330147065341959,0.992708874098054,-0.12053668025532288,0.8660254037844387,-0.4999999999999998,2.0,0.0,0.0,0.0,1.0,0.0,1.0,1.0000000000000013,3.0,2.0,0.5714285714285714,0.7867957924694426,4.0,2.0,0.35714285714285715,0.6333236937766503,5.0,2.0,0.32142857142857145,0.5479640045336471,9.0,2.0,0.30357142857142855,0.6005949431307973,17.0,2.0,0.27380952380952384,0.5671996413620305,23.0,2.0,-1.0,1.0,1.0,407,0.35872235872235875,0.1891891891891892,0.31203931203931207,0.2457002457002457,0.09090909090909091,0.31695331695331697,42.411167512690355,5.8452088452088455
2023-04-10,0,0,0,0,0,0,0,0,0,0,0,0,2023,4,10,0,100,15,2,0,1,0,0.0,1.0,0.9886775902323405,-0.1500553983446526,0.9709418174260521,-0.2393156642875575,0.8660254037844387,-0.4999999999999998,1.0,2.0,0.0,0.0,1.0,0.0,1.0,1.0000000000000013,3.0,2.0,0.5714285714285714,0.7867957924694426,4.0,2.0,0.2857142857142857,0.611249845502126,4.0,2.0,0.32142857142857145,0.5479640045336471,9.0,2.0,0.30357142857142855,0.6005949431307973,17.0,2.0,0.27380952380952384,0.5671996413620305,23.0,2.0,-1.0,0.0,0.0,407,0.35872235872235875,0.1891891891891892,0.31203931203931207,0.2457002457002457,0.09090909090909091,0.31695331695331697,42.411167512690355,5.8452088452088455
2023-04-11,0,0,0,0,0,0,0,0,0,0,0,0,2023,4,11,1,101,15,2,0,0,0,0.7818314824680298,0.6234898018587336,0.9859481499638304,-0.16705162550211924,0.9709418174260521,-0.2393156642875575,0.8660254037844387,-0.4999999999999998,0.0,1.0,2.0,0.0,0.0,0.0,0.3333333333333333,0.5773502691896272,1.0,1.0,0.5714285714285714,0.7867957924694426,4.0,2.0,0.2857142857142857,0.611249845502126,4.0,2.0,0.32142857142857145,0.5479640045336471,9.0,2.0,0.30357142857142855,0.6005949431307973,17.0,2.0,0.27380952380952384,0.5671996413620305,23.0,2.0,0.0,0.0,0.0,407,0.35872235872235875,0.1891891891891892,0.31203931203931207,0.2457002457002457,0.09090909090909091,0.31695331695331697,42.411167512690355,5.8452088452088455
2023-04-12,0,0,0,0,0,0,0,0,0,0,0,0,2023,4,12,2,102,15,2,0,0,0,0.9749279121818236,-0.22252093395631434,0.9829265519799822,-0.18399835165768005,0.9709418174260521,-0.2393156642875575,0.8660254037844387,-0.4999999999999998,0.0,0.0,1.0,1.0,0.0,0.0,0.0,0.0,0.0,0.0,0.42857142857142855,0.7867957924694426,3.0,2.0,0.2857142857142857,0.611249845502126,4.0,2.0,0.32142857142857145,0.5479640045336471,9.0,2.0,0.26785714285714285,0.5556673769137737,15.0,2.0,0.27380952380952384,0.5671996413620305,23.0,2.0,0.0,-1.0,0.0,407,0.35872235872235875,0.1891891891891892,0.31203931203931207,0.2457002457002457,0.09090909090909091,0.31695331695331697,42.411167512690355,5.8452088452088455
2023-04-13,0,0,0,0,0,0,0,0,0,0,0,0,2023,4,13,3,103,15,2,0,0,0,0.43388373911755823,-0.900968867902419,0.9796136916454901,-0.20089055513063506,0.9709418174260521,-0.2393156642875575,0.8660254037844387,-0.4999999999999998,0.0,0.0,0.0,0.0,0.0,1.0,0.0,0.0,0.0,0.0,0.42857142857142855,0.7867957924694426,3.0,2.0,0.2857142857142857,0.611249845502126,4.0,2.0,0.2857142857142857,0.5345224838248493,8.0,2.0,0.26785714285714285,0.5556673769137737,15.0,2.0,0.27380952380952384,0.5671996413620305,23.0,2.0,0.0,0.0,-1.0,407,0.35872235872235875,0.1891891891891892,0.31203931203931207,0.2457002457002457,0.09090909090909091,0.31695331695331697,42.411167512690355,5.8452088452088455
2023-04-14,2,0,0,0,0,2,0,2,4,0,0,0,2023,4,14,4,104,15,2,0,0,1,-0.433883739117558,-0.9009688679024191,0.9760105506323683,-0.21772323039653177,0.9709418174260521,-0.2393156642875575,0.8660254037844387,-0.4999999999999998,0.0,0.0,0.0,0.0,0.0,0.0,0.6666666666666666,1.1547005383792526,2.0,2.0,0.7142857142857143,0.9511897312113414,5.0,2.0,0.42857142857142855,0.755928946018454,6.0,2.0,0.35714285714285715,0.62148482382387,10.0,2.0,0.2857142857142857,0.5943456513231617,16.0,2.0,0.2976190476190476,0.5967736933533514,25.0,2.0,2.0,2.0,2.0,407,0.35872235872235875,0.1891891891891892,0.31203931203931207,0.2457002457002457,0.09090909090909091,0.31695331695331697,42.411167512690355,5.8452088452088455
2023-04-15,0,0,0,0,0,0,0,0,0,0,0,0,2023,4,15,5,105,15,2,1,0,0,-0.9749279121818236,-0.2225209339563146,0.9721181966290613,-0.23449138957040985,0.9709418174260521,-0.2393156642875575,0.8660254037844387,-0.4999999999999998,2.0,0.0,0.0,2.0,0.0,1.0,0.6666666666666666,1.1547005383792526,2.0,2.0,0.42857142857142855,0.7867957924694426,3.0,2.0,0.42857142857142855,0.755928946018454,6.0,2.0,0.32142857142857145,0.6118321864193031,9.0,2.0,0.2857142857142857,0.5943456513231617,16.0,2.0,0.2976190476190476,0.5967736933533514,25.0,2.0,-2.0,-2.0,-1.0,407,0.35872235872235875,0.1891891891891892,0.31203931203931207,0.2457002457002457,0.09090909090909091,0.31695331695331697,42.411167512690355,5.8452088452088455
2023-04-16,1,0,1,0,0,0,0,0,1,1,1,1,2023,4,16,6,106,15,2,1,0,0,-0.7818314824680299,0.6234898018587334,0.9679377830240642,-0.25119006388481935,0.9709418174260521,-0.2393156642875575,0.8660254037844387,-0.4999999999999998,0.0,2.0,0.0,1.0,0.0,0.0,1.0,1.0000000000000013,3.0,2.0,0.42857142857142855,0.7867957924694426,3.0,2.0,0.5,0.7595545253127494,7.0,2.0,0.35714285714285715,0.62148482382387,10.0,2.0,0.30357142857142855,0.6005949431307973,17.0,2.0,0.30952380952380953,0.6007262768243454,26.0,2.0,1.0,0.0,1.0,407,0.35872235872235875,0.1891891891891892,0.31203931203931207,0.2457002457002457,0.09090909090909091,0.31695331695331697,42.411167512690355,5.8452088452088455
2023-04-17,0,0,0,0,0,0,0,0,0,0,0,0,2023,4,17,0,107,16,2,0,1,0,0.0,1.0,0.9634705485641488,-0.2678143051621742,0.9350162426854148,-0.35460488704253545,0.8660254037844387,-0.4999999999999998,1.0,0.0,2.0,0.0,0.0,0.0,0.3333333333333333,0.5773502691896274,1.0,1.0,0.42857142857142855,0.7867957924694426,3.0,2.0,0.5,0.7595545253127494,7.0,2.0,0.35714285714285715,0.62148482382387,10.0,2.0,0.30357142857142855,0.6005949431307973,17.0,2.0,0.30952380952380953,0.6007262768243454,26.0,2.0,-1.0,0.0,0.0,407,0.35872235872235875,0.1891891891891892,0.31203931203931207,0.2457002457002457,0.09090909090909091,0.31695331695331697,42.411167512690355,5.8452088452088455
2023-04-18,0,0,0,0,0,0,0,0,0,0,0,0,2023,4,18,1,108,16,2,0,0,0,0.7818314824680298,0.6234898018587336,0.9587178169872964,-0.2843591872810034,0.9350162426854148,-0.35460488704253545,0.8660254037844387,-0.4999999999999998,0.0,1.0,0.0,0.0,0.0,0.0,0.3333333333333333,0.5773502691896274,1.0,1.0,0.42857142857142855,0.7867957924694426,3.0,2.0,0.5,0.7595545253127494,7.0,2.0,0.35714285714285715,0.62148482382387,10.0,2.0,0.30357142857142855,0.6005949431307973,17.0,2.0,0.2976190476190476,0.5967736933533514,25.0,2.0,0.0,0.0,0.0,407,0.35872235872235875,0.1891891891891892,0.31203931203931207,0.2457002457002457,0.09090909090909091,0.31695331695331697,42.411167512690355,5.8452088452088455
2023-04-19,2,1,0,1,0,1,0,1,4,0,0,0,2023,4,19,2,109,16,2,0,0,0,0.9749279121818236,-0.22252093395631434,0.9536809966304457,-0.30081980763566735,0.9350162426854148,-0.35460488704253545,0.8660254037844387,-0.4999999999999998,0.0,0.0,1.0,0.0,1.0,0.0,0.6666666666666666,1.1547005383792526,2.0,2.0,0.7142857142857143,0.9511897312113414,5.0,2.0,0.5714285714285714,0.8516306272526396,8.0,2.0,0.42857142857142855,0.6900655593423546,12.0,2.0,0.3392857142857143,0.6403631275026187,19.0,2.0,0.30952380952380953,0.6204582542036239,26.0,2.0,2.0,2.0,2.0,407,0.35872235872235875,0.1891891891891892,0.31203931203931207,0.2457002457002457,0.09090909090909091,0.31695331695331697,42.411167512690355,5.8452088452088455
2023-04-20,0,0,0,0,0,0,0,0,0,0,0,0,2023,4,20,3,110,16,2,0,0,0,0.43388373911755823,-0.900968867902419,0.9483615800121715,-0.3171912885891061,0.9350162426854148,-0.35460488704253545,0.8660254037844387,-0.4999999999999998,2.0,0.0,0.0,0.0,0.0,0.0,0.6666666666666666,1.1547005383792528,2.0,2.0,0.7142857142857143,0.9511897312113414,5.0,2.0,0.5714285714285714,0.8516306272526396,8.0,2.0,0.42857142857142855,0.6900655593423546,12.0,2.0,0.30357142857142855,0.6005949431307974,17.0,2.0,0.30952380952380953,0.6204582542036239,26.0,2.0,-2.0,0.0,0.0,407,0.35872235872235875,0.1891891891891892,0.31203931203931207,0.2457002457002457,0.09090909090909091,0.31695331695331697,42.411167512690355,5.8452088452088455
2023-04-21,0,0,0,0,0,0,0,0,0,0,0,0,2023,4,21,4,111,16,2,0,0,1,-0.433883739117558,-0.9009688679024191,0.9427611433904207,-0.3334687789181868,0.9350162426854148,-0.35460488704253545,0.8660254037844387,-0.4999999999999998,0.0,2.0,0.0,2.0,0.0,1.0,0.6666666666666666,1.1547005383792528,2.0,2.0,0.42857142857142855,0.7867957924694426,3.0,2.0,0.5714285714285714,0.8516306272526396,8.0,2.0,0.39285714285714285,0.6852566815265067,11.0,2.0,0.30357142857142855,0.6005949431307974,17.0,2.0,0.2976190476190476,0.616632164763377,25.0,2.0,0.0,-2.0,-1.0,407,0.35872235872235875,0.1891891891891892,0.31203931203931207,0.2457002457002457,0.09090909090909091,0.31695331695331697,42.411167512690355,5.8452088452088455
2023-04-22,0,0,0,0,0,0,0,0,0,0,0,0,2023,4,22,5,112,16,2,1,0,0,-0.9749279121818236,-0.2225209339563146,0.9368813462954315,-0.3496474552512284,0.9350162426854148,-0.35460488704253545,0.8660254037844387,-0.4999999999999998,0.0,0.0,2.0,0.0,2.0,0.0,0.0,0.0,0.0,0.0,0.42857142857142855,0.7867957924694426,3.0,2.0,0.42857142857142855,0.7559289460184538,6.0,2.0,0.39285714285714285,0.6852566815265067,11.0,2.0,0.30357142857142855,0.6005949431307974,17.0,2.0,0.2976190476190476,0.616632164763377,25.0,2.0,0.0,0.0,0.0,407,0.35872235872235875,0.1891891891891892,0.31203931203931207,0.2457002457002457,0.09090909090909091,0.31695331695331697,42.411167512690355,5.8452088452088455
2023-04-23,0,0,0,0,0,0,0,0,0,0,0,0,2023,4,23,6,113,16,2,1,0,0,-0.7818314824680299,0.6234898018587334,0.9307239310379795,-0.36572252349726897,0.9350162426854148,-0.35460488704253545,0.8660254037844387,-0.4999999999999998,0.0,0.0,0.0,1.0,1.0,1.0,0.0,0.0,0.0,0.0,0.2857142857142857,0.7559289460184541,2.0,2.0,0.35714285714285715,0.7449463436684914,5.0,2.0,0.35714285714285715,0.6784669927988103,10.0,2.0,0.30357142857142855,0.6005949431307974,17.0,2.0,0.2976190476190476,0.616632164763377,25.0,2.0,0.0,-1.0,-1.0,407,0.35872235872235875,0.1891891891891892,0.31203931203931207,0.2457002457002457,0.09090909090909091,0.31695331695331697,42.411167512690355,5.8452088452088455
2023-04-24,0,0,0,0,0,0,0,0,0,0,0,0,2023,4,24,0,114,17,2,0,1,0,0.0,1.0,0.9242907221930933,-0.3816892202666588,0.8854560256532099,-0.4647231720437685,0.8660254037844387,-0.4999999999999998,0.0,0.0,0.0,0.0,0.0,1.0,0.0,0.0,0.0,0.0,0.2857142857142857,0.7559289460184541,2.0,2.0,0.35714285714285715,0.7449463436684914,5.0,2.0,0.32142857142857145,0.669636243353583,9.0,2.0,0.30357142857142855,0.6005949431307974,17.0,2.0,0.2976190476190476,0.616632164763377,25.0,2.0,0.0,0.0,-1.0,407,0.35872235872235875,0.1891891891891892,0.31203931203931207,0.2457002457002457,0.09090909090909091,0.31695331695331697,42.411167512690355,5.8452088452088455
2023-04-25,0,0,0,0,0,0,0,0,0,0,0,0,2023,4,25,1,115,17,2,0,0,0,0.7818314824680298,0.6234898018587336,0.9175836260593937,-0.39754281428255595,0.8854560256532099,-0.4647231720437685,0.8660254037844387,-0.4999999999999998,0.0,0.0,0.0,0.0,0.0,0.0,0.0,0.0,0.0,0.0,0.2857142857142857,0.7559289460184541,2.0,2.0,0.35714285714285715,0.7449463436684914,5.0,2.0,0.32142857142857145,0.669636243353583,9.0,2.0,0.30357142857142855,0.6005949431307974,17.0,2.0,0.2976190476190476,0.616632164763377,25.0,2.0,0.0,0.0,0.0,407,0.35872235872235875,0.1891891891891892,0.31203931203931207,0.2457002457002457,0.09090909090909091,0.31695331695331697,42.411167512690355,5.8452088452088455
2023-04-26,0,0,0,0,0,0,0,0,0,0,0,0,2023,4,26,2,116,17,2,0,0,0,0.9749279121818236,-0.22252093395631434,0.9106046300942162,-0.4132786077829042,0.8854560256532099,-0.4647231720437685,0.8660254037844387,-0.4999999999999998,0.0,0.0,0.0,2.0,0.0,0.0,0.0,0.0,0.0,0.0,0.0,0.0,0.0,0.0,0.35714285714285715,0.7449463436684914,5.0,2.0,0.32142857142857145,0.669636243353583,9.0,2.0,0.30357142857142855,0.6005949431307974,17.0,2.0,0.2976190476190476,0.616632164763377,25.0,2.0,0.0,-2.0,0.0,407,0.35872235872235875,0.1891891891891892,0.31203931203931207,0.2457002457002457,0.09090909090909091,0.31695331695331697,42.411167512690355,5.8452088452088455
2023-04-27,0,0,0,0,0,0,0,0,0,0,0,0,2023,4,27,3,117,17,2,0,0,0,0.43388373911755823,-0.900968867902419,0.9033558023246845,-0.4288919379124835,0.8854560256532099,-0.4647231720437685,0.8660254037844387,-0.4999999999999998,0.0,0.0,0.0,0.0,0.0,0.0,0.0,0.0,0.0,0.0,0.0,0.0,0.0,0.0,0.35714285714285715,0.7449463436684914,5.0,2.0,0.32142857142857145,0.669636243353583,9.0,2.0,0.30357142857142855,0.6005949431307974,17.0,2.0,0.2976190476190476,0.616632164763377,25.0,2.0,0.0,0.0,0.0,407,0.35872235872235875,0.1891891891891892,0.31203931203931207,0.2457002457002457,0.09090909090909091,0.31695331695331697,42.411167512690355,5.8452088452088455
2023-04-28,0,0,0,0,0,0,0,0,0,0,0,0,2023,4,28,4,118,17,2,0,0,1,-0.433883739117558,-0.9009688679024191,0.895839290734909,-0.4443781781046132,0.8854560256532099,-0.4647231720437685,0.8660254037844387,-0.4999999999999998,0.0,0.0,0.0,0.0,2.0,0.0,0.0,0.0,0.0,0.0,0.0,0.0,0.0,0.0,0.21428571428571427,0.5789342235218388,3.0,2.0,0.32142857142857145,0.669636243353583,9.0,2.0,0.30357142857142855,0.6005949431307974,17.0,2.0,0.2976190476190476,0.616632164763377,25.0,2.0,0.0,0.0,0.0,407,0.35872235872235875,0.1891891891891892,0.31203931203931207,0.2457002457002457,0.09090909090909091,0.31695331695331697,42.411167512690355,5.8452088452088455
2023-04-29,0,0,0,0,0,0,0,0,0,0,0,0,2023,4,29,5,119,17,2,1,0,0,-0.9749279121818236,-0.2225209339563146,0.8880573226294932,-0.45973273945210397,0.8854560256532099,-0.4647231720437685,0.8660254037844387,-0.4999999999999998,0.0,0.0,0.0,0.0,0.0,0.0,0.0,0.0,0.0,0.0,0.0,0.0,0.0,0.0,0.21428571428571427,0.5789342235218388,3.0,2.0,0.32142857142857145,0.669636243353583,9.0,2.0,0.30357142857142855,0.6005949431307974,17.0,2.0,0.2976190476190476,0.616632164763377,25.0,2.0,0.0,0.0,0.0,407,0.35872235872235875,0.1891891891891892,0.31203931203931207,0.2457002457002457,0.09090909090909091,0.31695331695331697,42.411167512690355,5.8452088452088455
2023-04-30,0,0,0,0,0,0,0,0,0,0,0,0,2023,4,30,6,120,17,2,1,0,0,-0.7818314824680299,0.6234898018587334,0.8800122039735357,-0.47495107206704995,0.8854560256532099,-0.4647231720437685,0.8660254037844387,-0.4999999999999998,0.0,0.0,0.0,0.0,1.0,0.0,0.0,0.0,0.0,0.0,0.0,0.0,0.0,0.0,0.14285714285714285,0.534522483824848,2.0,2.0,0.32142857142857145,0.669636243353583,9.0,2.0,0.30357142857142855,0.6005949431307974,17.0,2.0,0.2976190476190476,0.616632164763377,25.0,2.0,0.0,0.0,0.0,407,0.35872235872235875,0.1891891891891892,0.31203931203931207,0.2457002457002457,0.09090909090909091,0.31695331695331697,42.411167512690355,5.8452088452088455
2023-05-01,1,1,0,1,0,2,0,1,2,0,0,0,2023,5,1,0,121,18,2,0,1,0,0.0,1.0,0.8717063187093218,-0.4900286664290592,0.8229838658936565,-0.5680647467311557,0.49999999999999994,-0.8660254037844387,0.0,0.0,0.0,0.0,0.0,0.0,0.3333333333333333,0.5773502691896281,1.0,1.0,0.14285714285714285,0.37796447300922653,1.0,1.0,0.21428571428571427,0.5789342235218388,3.0,2.0,0.35714285714285715,0.6784669927988103,10.0,2.0,0.32142857142857145,0.60624456082712,18.0,2.0,0.2976190476190476,0.616632164763377,25.0,2.0,1.0,1.0,1.0,407,0.35872235872235875,0.1891891891891892,0.31203931203931207,0.2457002457002457,0.09090909090909091,0.31695331695331697,42.411167512690355,5.8452088452088455
2023-05-02,0,0,0,0,0,0,0,0,0,0,0,0,2023,5,2,1,122,18,2,0,0,0,0.7818314824680298,0.6234898018587336,0.8631421280499114,-0.5049610547215204,0.8229838658936565,-0.5680647467311557,0.49999999999999994,-0.8660254037844387,1.0,0.0,0.0,0.0,0.0,0.0,0.3333333333333333,0.5773502691896281,1.0,1.0,0.14285714285714285,0.37796447300922653,1.0,1.0,0.21428571428571427,0.5789342235218388,3.0,2.0,0.35714285714285715,0.6784669927988103,10.0,2.0,0.32142857142857145,0.60624456082712,18.0,2.0,0.2976190476190476,0.616632164763377,25.0,2.0,-1.0,0.0,0.0,407,0.35872235872235875,0.1891891891891892,0.31203931203931207,0.2457002457002457,0.09090909090909091,0.31695331695331697,42.411167512690355,5.8452088452088455
2023-05-03,1,1,0,1,0,0,0,0,2,0,0,0,2023,5,3,2,123,18,2,0,0,0,0.9749279121818236,-0.22252093395631434,0.854322169749827,-0.5197438121555155,0.8229838658936565,-0.5680647467311557,0.49999999999999994,-0.8660254037844387,0.0,1.0,0.0,0.0,2.0,1.0,0.6666666666666666,0.5773502691896284,2.0,1.0,0.2857142857142857,0.48795003647426594,2.0,1.0,0.14285714285714285,0.3631365196012804,2.0,1.0,0.35714285714285715,0.6784669927988103,10.0,2.0,0.30357142857142855,0.5695179095960455,17.0,2.0,0.30952380952380953,0.6204582542036239,26.0,2.0,1.0,1.0,0.0,407,0.35872235872235875,0.1891891891891892,0.31203931203931207,0.2457002457002457,0.09090909090909091,0.31695331695331697,42.411167512690355,5.8452088452088455
2023-05-04,2,1,0,0,0,0,0,0,4,0,0,1,2023,5,4,3,124,18,2,0,0,0,0.43388373911755823,-0.900968867902419,0.8452490573530633,-0.5343725582809786,0.8229838658936565,-0.5680647467311557,0.49999999999999994,-0.8660254037844387,1.0,0.0,1.0,0.0,0.0,0.0,1.0,1.0000000000000016,3.0,2.0,0.5714285714285714,0.7867957924694426,4.0,2.0,0.2857142857142857,0.6112498455021259,4.0,2.0,0.42857142857142855,0.7417981870189161,12.0,2.0,0.32142857142857145,0.60624456082712,18.0,2.0,0.3333333333333333,0.6462744639322549,28.0,2.0,1.0,2.0,2.0,407,0.35872235872235875,0.1891891891891892,0.31203931203931207,0.2457002457002457,0.09090909090909091,0.31695331695331697,42.411167512690355,5.8452088452088455
2023-05-05,0,0,0,0,0,0,0,0,0,0,0,0,2023,5,5,4,125,18,2,0,0,1,-0.433883739117558,-0.9009688679024191,0.8359254794186372,-0.548842958284719,0.8229838658936565,-0.5680647467311557,0.49999999999999994,-0.8660254037844387,2.0,1.0,0.0,0.0,0.0,0.0,1.0,1.0000000000000016,3.0,2.0,0.5714285714285714,0.7867957924694426,4.0,2.0,0.2857142857142857,0.6112498455021259,4.0,2.0,0.42857142857142855,0.7417981870189161,12.0,2.0,0.32142857142857145,0.60624456082712,18.0,2.0,0.3333333333333333,0.6462744639322549,28.0,2.0,-2.0,0.0,0.0,407,0.35872235872235875,0.1891891891891892,0.31203931203931207,0.2457002457002457,0.09090909090909091,0.31695331695331697,42.411167512690355,5.8452088452088455
2023-05-06,0,0,0,0,0,0,0,0,0,0,0,0,2023,5,6,5,126,18,2,1,0,0,-0.9749279121818236,-0.2225209339563146,0.8263541987239096,-0.5631507242749186,0.8229838658936565,-0.5680647467311557,0.49999999999999994,-0.8660254037844387,0.0,2.0,1.0,0.0,0.0,2.0,0.6666666666666666,1.1547005383792528,2.0,2.0,0.5714285714285714,0.7867957924694426,4.0,2.0,0.2857142857142857,0.6112498455021259,4.0,2.0,0.35714285714285715,0.6784669927988103,10.0,2.0,0.32142857142857145,0.60624456082712,18.0,2.0,0.3333333333333333,0.6462744639322549,28.0,2.0,0.0,0.0,-2.0,407,0.35872235872235875,0.1891891891891892,0.31203931203931207,0.2457002457002457,0.09090909090909091,0.31695331695331697,42.411167512690355,5.8452088452088455
2023-05-07,0,0,0,0,0,0,0,0,0,0,0,0,2023,5,7,6,127,18,2,1,0,0,-0.7818314824680299,0.6234898018587334,0.8165380514459161,-0.5772916165517272,0.8229838658936565,-0.5680647467311557,0.49999999999999994,-0.8660254037844387,0.0,0.0,2.0,0.0,0.0,1.0,0.0,0.0,0.0,0.0,0.5714285714285714,0.7867957924694426,4.0,2.0,0.2857142857142857,0.6112498455021259,4.0,2.0,0.32142857142857145,0.669636243353583,9.0,2.0,0.32142857142857145,0.60624456082712,18.0,2.0,0.30952380952380953,0.6204582542036239,26.0,2.0,0.0,0.0,-1.0,407,0.35872235872235875,0.1891891891891892,0.31203931203931207,0.2457002457002457,0.09090909090909091,0.31695331695331697,42.411167512690355,5.8452088452088455
2023-05-08,0,0,0,0,0,0,0,0,0,0,0,0,2023,5,8,0,128,19,2,0,1,0,0.0,1.0,0.8064799463209448,-0.5912614448635781,0.7485107481711013,-0.663122658240795,0.49999999999999994,-0.8660254037844387,0.0,0.0,0.0,1.0,0.0,0.0,0.0,0.0,0.0,0.0,0.42857142857142855,0.7867957924694426,3.0,2.0,0.2857142857142857,0.6112498455021259,4.0,2.0,0.32142857142857145,0.669636243353583,9.0,2.0,0.32142857142857145,0.60624456082712,18.0,2.0,0.30952380952380953,0.6204582542036239,26.0,2.0,0.0,-1.0,0.0,407,0.35872235872235875,0.1891891891891892,0.31203931203931207,0.2457002457002457,0.09090909090909091,0.31695331695331697,42.411167512690355,5.8452088452088455
2023-05-09,1,0,0,0,0,2,0,1,2,0,0,1,2023,5,9,1,129,19,2,0,0,0,0.7818314824680298,0.6234898018587336,0.7961828637826158,-0.6050560696488488,0.7485107481711013,-0.663122658240795,0.49999999999999994,-0.8660254037844387,0.0,0.0,0.0,0.0,0.0,0.0,0.3333333333333333,0.5773502691896281,1.0,1.0,0.5714285714285714,0.7867957924694426,4.0,2.0,0.35714285714285715,0.6333236937766503,5.0,2.0,0.35714285714285715,0.6784669927988103,10.0,2.0,0.3392857142857143,0.6113111308501578,19.0,2.0,0.32142857142857145,0.6240310906240203,27.0,2.0,1.0,1.0,1.0,407,0.35872235872235875,0.1891891891891892,0.31203931203931207,0.2457002457002457,0.09090909090909091,0.31695331695331697,42.411167512690355,5.8452088452088455
2023-05-10,0,0,0,0,0,0,0,0,0,0,0,0,2023,5,10,2,130,19,2,0,0,0,0.9749279121818236,-0.22252093395631434,0.7856498550787147,-0.6186714032625031,0.7485107481711013,-0.663122658240795,0.49999999999999994,-0.8660254037844387,1.0,0.0,0.0,1.0,0.0,0.0,0.3333333333333333,0.5773502691896281,1.0,1.0,0.42857142857142855,0.7867957924694426,3.0,2.0,0.35714285714285715,0.6333236937766503,5.0,2.0,0.35714285714285715,0.6784669927988103,10.0,2.0,0.3392857142857143,0.6113111308501578,19.0,2.0,0.2976190476190476,0.5967736933533514,25.0,2.0,-1.0,-1.0,0.0,407,0.35872235872235875,0.1891891891891892,0.31203931203931207,0.2457002457002457,0.09090909090909091,0.31695331695331697,42.411167512690355,5.8452088452088455
2023-05-11,0,0,0,0,0,0,0,0,0,0,0,0,2023,5,11,3,131,19,2,0,0,0,0.43388373911755823,-0.900968867902419,0.7748840413670407,-0.6321034111873487,0.7485107481711013,-0.663122658240795,0.49999999999999994,-0.8660254037844387,0.0,1.0,0.0,2.0,0.0,0.0,0.3333333333333333,0.5773502691896281,1.0,1.0,0.14285714285714285,0.37796447300922653,1.0,1.0,0.35714285714285715,0.6333236937766503,5.0,2.0,0.35714285714285715,0.6784669927988103,10.0,2.0,0.32142857142857145,0.60624456082712,18.0,2.0,0.2976190476190476,0.5967736933533514,25.0,2.0,0.0,-2.0,0.0,407,0.35872235872235875,0.1891891891891892,0.31203931203931207,0.2457002457002457,0.09090909090909091,0.31695331695331697,42.411167512690355,5.8452088452088455
2023-05-12,0,0,0,0,0,0,0,0,0,0,0,0,2023,5,12,4,132,19,2,0,0,1,-0.433883739117558,-0.9009688679024191,0.7638886127905428,-0.6453481132295501,0.7485107481711013,-0.663122658240795,0.49999999999999994,-0.8660254037844387,0.0,0.0,1.0,0.0,0.0,2.0,0.0,0.0,0.0,0.0,0.14285714285714285,0.37796447300922653,1.0,1.0,0.35714285714285715,0.6333236937766503,5.0,2.0,0.2857142857142857,0.5998236072282921,8.0,2.0,0.32142857142857145,0.60624456082712,18.0,2.0,0.2857142857142857,0.5925527493458407,24.0,2.0,0.0,0.0,-2.0,407,0.35872235872235875,0.1891891891891892,0.31203931203931207,0.2457002457002457,0.09090909090909091,0.31695331695331697,42.411167512690355,5.8452088452088455
2023-05-13,1,0,0,0,0,0,0,0,1,0,0,0,2023,5,13,5,133,19,2,1,0,0,-0.9749279121818236,-0.2225209339563146,0.7526668275320085,-0.6584015846980488,0.7485107481711013,-0.663122658240795,0.49999999999999994,-0.8660254037844387,0.0,0.0,0.0,0.0,0.0,0.0,0.3333333333333333,0.5773502691896281,1.0,1.0,0.2857142857142857,0.48795003647426594,2.0,1.0,0.42857142857142855,0.6462061726588634,6.0,2.0,0.32142857142857145,0.6118321864193031,9.0,2.0,0.32142857142857145,0.60624456082712,18.0,2.0,0.2976190476190476,0.5967736933533514,25.0,2.0,1.0,1.0,1.0,407,0.35872235872235875,0.1891891891891892,0.31203931203931207,0.2457002457002457,0.09090909090909091,0.31695331695331697,42.411167512690355,5.8452088452088455
2023-05-14,2,0,2,0,0,0,0,0,4,0,0,2,2023,5,14,6,134,19,2,1,0,0,-0.7818314824680299,0.6234898018587334,0.7412220108485958,-0.6712599575675313,0.7485107481711013,-0.663122658240795,0.49999999999999994,-0.8660254037844387,1.0,0.0,0.0,0.0,0.0,1.0,1.0,1.0000000000000018,3.0,2.0,0.5714285714285714,0.7867957924694426,4.0,2.0,0.5714285714285714,0.7559289460184538,8.0,2.0,0.35714285714285715,0.6784669927988103,10.0,2.0,0.35714285714285715,0.6446583712203043,20.0,2.0,0.32142857142857145,0.6240310906240203,27.0,2.0,1.0,2.0,1.0,407,0.35872235872235875,0.1891891891891892,0.31203931203931207,0.2457002457002457,0.09090909090909091,0.31695331695331697,42.411167512690355,5.8452088452088455
2023-05-15,0,0,0,0,0,0,0,0,0,0,0,0,2023,5,15,0,135,20,2,0,1,0,0.0,1.0,0.7295575540864875,-0.6839194216246106,0.6631226582407952,-0.7485107481711012,0.49999999999999994,-0.8660254037844387,2.0,1.0,0.0,0.0,1.0,0.0,1.0,1.0000000000000018,3.0,2.0,0.5714285714285714,0.7867957924694426,4.0,2.0,0.5,0.7595545253127494,7.0,2.0,0.35714285714285715,0.6784669927988103,10.0,2.0,0.35714285714285715,0.6446583712203043,20.0,2.0,0.32142857142857145,0.6240310906240203,27.0,2.0,-2.0,0.0,0.0,407,0.35872235872235875,0.1891891891891892,0.31203931203931207,0.2457002457002457,0.09090909090909091,0.31695331695331697,42.411167512690355,5.8452088452088455
2023-05-16,2,2,0,2,0,0,0,0,4,0,0,0,2023,5,16,1,136,20,2,0,0,0,0.7818314824680298,0.6234898018587336,0.717676913675962,-0.6963762255968722,0.6631226582407952,-0.7485107481711012,0.49999999999999994,-0.8660254037844387,0.0,2.0,1.0,1.0,0.0,0.0,1.3333333333333333,1.1547005383792532,4.0,2.0,0.7142857142857143,0.9511897312113414,5.0,2.0,0.6428571428571429,0.8418973861410949,9.0,2.0,0.42857142857142855,0.7417981870189161,12.0,2.0,0.39285714285714285,0.678998498554276,22.0,2.0,0.34523809523809523,0.6492636722639186,29.0,2.0,2.0,1.0,2.0,407,0.35872235872235875,0.1891891891891892,0.31203931203931207,0.2457002457002457,0.09090909090909091,0.31695331695331697,42.411167512690355,5.8452088452088455
2023-05-17,0,0,0,0,0,0,0,0,0,0,0,0,2023,5,17,2,137,20,2,0,0,0,0.9749279121818236,-0.22252093395631434,0.705583610107178,-0.7086266782644596,0.6631226582407952,-0.7485107481711012,0.49999999999999994,-0.8660254037844387,2.0,0.0,2.0,0.0,1.0,2.0,0.6666666666666666,1.1547005383792528,2.0,2.0,0.7142857142857143,0.9511897312113414,5.0,2.0,0.5714285714285714,0.8516306272526396,8.0,2.0,0.35714285714285715,0.6784669927988103,10.0,2.0,0.39285714285714285,0.678998498554276,22.0,2.0,0.34523809523809523,0.6492636722639186,29.0,2.0,-2.0,0.0,-2.0,407,0.35872235872235875,0.1891891891891892,0.31203931203931207,0.2457002457002457,0.09090909090909091,0.31695331695331697,42.411167512690355,5.8452088452088455
2023-05-18,3,0,0,0,0,0,0,0,6,0,0,0,2023,5,18,3,138,20,2,0,0,0,0.43388373911755823,-0.900968867902419,0.6932812268869777,-0.7206671495538609,0.6631226582407952,-0.7485107481711012,0.49999999999999994,-0.8660254037844387,0.0,2.0,0.0,0.0,2.0,0.0,1.6666666666666667,1.5275252316519483,5.0,3.0,1.1428571428571428,1.2149857925879113,8.0,3.0,0.6428571428571429,1.0082080720186264,9.0,3.0,0.4642857142857143,0.8380817098475262,13.0,3.0,0.44642857142857145,0.7608522221141921,25.0,3.0,0.35714285714285715,0.6879839088699875,30.0,3.0,3.0,3.0,3.0,407,0.35872235872235875,0.1891891891891892,0.31203931203931207,0.2457002457002457,0.09090909090909091,0.31695331695331697,42.411167512690355,5.8452088452088455
2023-05-19,0,0,0,0,0,0,0,0,0,0,0,0,2023,5,19,4,139,20,2,0,0,1,-0.433883739117558,-0.9009688679024191,0.6807734094770161,-0.7324940716135789,0.6631226582407952,-0.7485107481711012,0.49999999999999994,-0.8660254037844387,3.0,0.0,2.0,0.0,0.0,0.0,1.0,1.7320508075688785,3.0,3.0,1.1428571428571428,1.2149857925879113,8.0,3.0,0.6428571428571429,1.0082080720186264,9.0,3.0,0.4642857142857143,0.8380817098475262,13.0,3.0,0.42857142857142855,0.7593572127947272,24.0,3.0,0.35714285714285715,0.6879839088699875,30.0,3.0,-3.0,0.0,0.0,407,0.35872235872235875,0.1891891891891892,0.31203931203931207,0.2457002457002457,0.09090909090909091,0.31695331695331697,42.411167512690355,5.8452088452088455
2023-05-20,0,0,0,0,0,0,0,0,0,0,0,0,2023,5,20,5,140,20,2,1,0,0,-0.9749279121818236,-0.2225209339563146,0.6680638642135335,-0.7441039398713607,0.6631226582407952,-0.7485107481711012,0.49999999999999994,-0.8660254037844387,0.0,3.0,0.0,1.0,0.0,0.0,1.0,1.7320508075688785,3.0,3.0,1.0,1.2909944487358054,7.0,3.0,0.6428571428571429,1.0082080720186264,9.0,3.0,0.4642857142857143,0.8380817098475262,13.0,3.0,0.42857142857142855,0.7593572127947272,24.0,3.0,0.35714285714285715,0.6879839088699875,30.0,3.0,0.0,-1.0,0.0,407,0.35872235872235875,0.1891891891891892,0.31203931203931207,0.2457002457002457,0.09090909090909091,0.31695331695331697,42.411167512690355,5.8452088452088455
2023-05-21,0,0,0,0,0,0,0,0,0,0,0,0,2023,5,21,6,141,20,2,1,0,0,-0.7818314824680299,0.6234898018587334,0.6551563572090853,-0.7554933140726803,0.6631226582407952,-0.7485107481711012,0.49999999999999994,-0.8660254037844387,0.0,0.0,3.0,2.0,0.0,0.0,0.0,0.0,0.0,0.0,0.7142857142857143,1.2535663410560172,5.0,3.0,0.6428571428571429,1.0082080720186264,9.0,3.0,0.4642857142857143,0.8380817098475262,13.0,3.0,0.4107142857142857,0.757430722047435,23.0,3.0,0.35714285714285715,0.6879839088699875,30.0,3.0,0.0,-2.0,0.0,407,0.35872235872235875,0.1891891891891892,0.31203931203931207,0.2457002457002457,0.09090909090909091,0.31695331695331697,42.411167512690355,5.8452088452088455
2023-05-22,0,0,0,0,0,0,0,0,0,0,0,0,2023,5,22,0,142,21,2,0,1,0,0.0,1.0,0.6420547132365637,-0.766658819300159,0.5680647467311558,-0.8229838658936564,0.49999999999999994,-0.8660254037844387,0.0,0.0,0.0,0.0,0.0,0.0,0.0,0.0,0.0,0.0,0.7142857142857143,1.2535663410560172,5.0,3.0,0.6428571428571429,1.0082080720186264,9.0,3.0,0.4642857142857143,0.8380817098475262,13.0,3.0,0.39285714285714285,0.755069447223148,22.0,3.0,0.35714285714285715,0.6879839088699875,30.0,3.0,0.0,0.0,0.0,407,0.35872235872235875,0.1891891891891892,0.31203931203931207,0.2457002457002457,0.09090909090909091,0.31695331695331697,42.411167512690355,5.8452088452088455
2023-05-23,0,0,0,0,0,0,0,0,0,0,0,0,2023,5,23,1,143,21,2,0,0,0,0.7818314824680298,0.6234898018587336,0.6287628145958344,-0.7775971469736269,0.5680647467311558,-0.8229838658936564,0.49999999999999994,-0.8660254037844387,0.0,0.0,0.0,2.0,1.0,0.0,0.0,0.0,0.0,0.0,0.42857142857142855,1.1338934190276813,3.0,3.0,0.5714285714285714,1.0163498575623613,8.0,3.0,0.4642857142857143,0.8380817098475262,13.0,3.0,0.39285714285714285,0.755069447223148,22.0,3.0,0.35714285714285715,0.6879839088699875,30.0,3.0,0.0,-2.0,0.0,407,0.35872235872235875,0.1891891891891892,0.31203931203931207,0.2457002457002457,0.09090909090909091,0.31695331695331697,42.411167512690355,5.8452088452088455
2023-05-24,0,0,0,0,0,0,0,0,0,0,0,0,2023,5,24,2,144,21,2,0,0,0,0.9749279121818236,-0.22252093395631434,0.6152845999633276,-0.7883050558305255,0.5680647467311558,-0.8229838658936564,0.49999999999999994,-0.8660254037844387,0.0,0.0,0.0,0.0,0.0,0.0,0.0,0.0,0.0,0.0,0.42857142857142855,1.1338934190276813,3.0,3.0,0.5714285714285714,1.0163498575623613,8.0,3.0,0.4642857142857143,0.8380817098475262,13.0,3.0,0.39285714285714285,0.755069447223148,22.0,3.0,0.35714285714285715,0.6879839088699875,30.0,3.0,0.0,0.0,0.0,407,0.35872235872235875,0.1891891891891892,0.31203931203931207,0.2457002457002457,0.09090909090909091,0.31695331695331697,42.411167512690355,5.8452088452088455
2023-05-25,1,0,0,0,0,0,0,0,2,0,0,0,2023,5,25,3,145,21,2,0,0,0,0.43388373911755823,-0.900968867902419,0.6016240632249226,-0.7987793728863649,0.5680647467311558,-0.8229838658936564,0.49999999999999994,-0.8660254037844387,0.0,0.0,0.0,3.0,0.0,0.0,0.3333333333333333,0.577350269189628,1.0,1.0,0.14285714285714285,0.37796447300922636,1.0,1.0,0.6428571428571429,1.0082080720186264,9.0,3.0,0.5,0.8388704928078614,14.0,3.0,0.4107142857142857,0.757430722047435,23.0,3.0,0.36904761904761907,0.6903772655508315,31.0,3.0,1.0,-2.0,1.0,407,0.35872235872235875,0.1891891891891892,0.31203931203931207,0.2457002457002457,0.09090909090909091,0.31695331695331697,42.411167512690355,5.8452088452088455
2023-05-26,0,0,0,0,0,0,0,0,0,0,0,0,2023,5,26,4,146,21,2,0,0,1,-0.433883739117558,-0.9009688679024191,0.5877852522924732,-0.8090169943749473,0.5680647467311558,-0.8229838658936564,0.49999999999999994,-0.8660254037844387,1.0,0.0,0.0,0.0,0.0,0.0,0.3333333333333333,0.577350269189628,1.0,1.0,0.14285714285714285,0.37796447300922636,1.0,1.0,0.6428571428571429,1.0082080720186264,9.0,3.0,0.5,0.8388704928078614,14.0,3.0,0.4107142857142857,0.757430722047435,23.0,3.0,0.36904761904761907,0.6903772655508315,31.0,3.0,-1.0,0.0,0.0,407,0.35872235872235875,0.1891891891891892,0.31203931203931207,0.2457002457002457,0.09090909090909091,0.31695331695331697,42.411167512690355,5.8452088452088455
2023-05-27,0,0,0,0,0,0,0,0,0,0,0,0,2023,5,27,5,147,21,2,1,0,0,-0.9749279121818236,-0.2225209339563146,0.5737722679043246,-0.8190148866680801,0.5680647467311558,-0.8229838658936564,0.49999999999999994,-0.8660254037844387,0.0,1.0,0.0,0.0,1.0,0.0,0.3333333333333333,0.577350269189628,1.0,1.0,0.14285714285714285,0.37796447300922636,1.0,1.0,0.5714285714285714,1.0163498575623613,8.0,3.0,0.5,0.8388704928078614,14.0,3.0,0.4107142857142857,0.757430722047435,23.0,3.0,0.36904761904761907,0.6903772655508315,31.0,3.0,0.0,0.0,0.0,407,0.35872235872235875,0.1891891891891892,0.31203931203931207,0.2457002457002457,0.09090909090909091,0.31695331695331697,42.411167512690355,5.8452088452088455
2023-05-28,0,0,0,0,0,0,0,0,0,0,0,0,2023,5,28,6,148,21,2,1,0,0,-0.7818314824680299,0.6234898018587334,0.5595892624101765,-0.8287700871745038,0.5680647467311558,-0.8229838658936564,0.49999999999999994,-0.8660254037844387,0.0,0.0,1.0,0.0,2.0,0.0,0.0,0.0,0.0,0.0,0.14285714285714285,0.37796447300922636,1.0,1.0,0.42857142857142855,0.9376144618769904,6.0,3.0,0.5,0.8388704928078614,14.0,3.0,0.4107142857142857,0.757430722047435,23.0,3.0,0.36904761904761907,0.6903772655508315,31.0,3.0,0.0,0.0,0.0,407,0.35872235872235875,0.1891891891891892,0.31203931203931207,0.2457002457002457,0.09090909090909091,0.31695331695331697,42.411167512690355,5.8452088452088455
2023-05-29,0,0,0,0,0,0,0,0,0,0,0,0,2023,5,29,0,149,22,2,0,1,0,0.0,1.0,0.545240438540651,-0.8382797052177744,0.46472317204376906,-0.8854560256532096,0.49999999999999994,-0.8660254037844387,0.0,0.0,0.0,0.0,0.0,1.0,0.0,0.0,0.0,0.0,0.14285714285714285,0.37796447300922636,1.0,1.0,0.42857142857142855,0.9376144618769904,6.0,3.0,0.4642857142857143,0.8380817098475262,13.0,3.0,0.4107142857142857,0.757430722047435,23.0,3.0,0.36904761904761907,0.6903772655508315,31.0,3.0,0.0,0.0,-1.0,407,0.35872235872235875,0.1891891891891892,0.31203931203931207,0.2457002457002457,0.09090909090909091,0.31695331695331697,42.411167512690355,5.8452088452088455
2023-05-30,1,0,1,0,0,0,0,0,2,0,0,1,2023,5,30,1,150,22,2,0,0,0,0.7818314824680298,0.6234898018587336,0.5307300481619334,-0.8475409228928311,0.46472317204376906,-0.8854560256532096,0.49999999999999994,-0.8660254037844387,0.0,0.0,0.0,0.0,2.0,0.0,0.3333333333333333,0.577350269189628,1.0,1.0,0.2857142857142857,0.4879500364742659,2.0,1.0,0.35714285714285715,0.841897386141095,5.0,3.0,0.5,0.8388704928078614,14.0,3.0,0.42857142857142855,0.7593572127947272,24.0,3.0,0.38095238095238093,0.692555280813174,32.0,3.0,1.0,1.0,1.0,407,0.35872235872235875,0.1891891891891892,0.31203931203931207,0.2457002457002457,0.09090909090909091,0.31695331695331697,42.411167512690355,5.8452088452088455
2023-05-31,0,0,0,0,0,0,0,0,0,0,0,0,2023,5,31,2,151,22,2,0,0,0,0.9749279121818236,-0.22252093395631434,0.5160623910158528,-0.8565509959010036,0.46472317204376906,-0.8854560256532096,0.49999999999999994,-0.8660254037844387,1.0,0.0,0.0,0.0,0.0,1.0,0.3333333333333333,0.577350269189628,1.0,1.0,0.2857142857142857,0.4879500364742659,2.0,1.0,0.35714285714285715,0.841897386141095,5.0,3.0,0.4642857142857143,0.8380817098475262,13.0,3.0,0.4107142857142857,0.757430722047435,23.0,3.0,0.35714285714285715,0.6702428465279272,30.0,3.0,-1.0,0.0,-1.0,407,0.35872235872235875,0.1891891891891892,0.31203931203931207,0.2457002457002457,0.09090909090909091,0.31695331695331697,42.411167512690355,5.8452088452088455
2023-06-01,1,0,0,1,0,2,0,1,2,0,0,0,2023,6,1,3,152,22,2,0,0,0,0.43388373911755823,-0.900968867902419,0.5012418134457758,-0.865307254363206,0.46472317204376906,-0.8854560256532096,1.2246467991473532e-16,-1.0,0.0,1.0,0.0,1.0,3.0,2.0,0.6666666666666666,0.5773502691896286,2.0,1.0,0.2857142857142857,0.4879500364742659,2.0,1.0,0.21428571428571427,0.4258153136263191,3.0,1.0,0.42857142857142855,0.790151013628803,12.0,3.0,0.42857142857142855,0.7593572127947272,24.0,3.0,0.35714285714285715,0.6702428465279272,30.0,3.0,1.0,0.0,-1.0,407,0.35872235872235875,0.1891891891891892,0.31203931203931207,0.2457002457002457,0.09090909090909091,0.31695331695331697,42.411167512690355,5.8452088452088455
2023-06-02,0,0,0,0,0,0,0,0,0,0,0,0,2023,6,2,4,153,22,2,0,0,1,-0.433883739117558,-0.9009688679024191,0.48627270710868997,-0.8738071036110808,0.46472317204376906,-0.8854560256532096,1.2246467991473532e-16,-1.0,1.0,0.0,1.0,0.0,0.0,0.0,0.3333333333333333,0.577350269189628,1.0,1.0,0.2857142857142857,0.4879500364742659,2.0,1.0,0.21428571428571427,0.4258153136263191,3.0,1.0,0.42857142857142855,0.790151013628803,12.0,3.0,0.42857142857142855,0.7593572127947272,24.0,3.0,0.35714285714285715,0.6702428465279272,30.0,3.0,-1.0,0.0,0.0,407,0.35872235872235875,0.1891891891891892,0.31203931203931207,0.2457002457002457,0.09090909090909091,0.31695331695331697,42.411167512690355,5.8452088452088455
2023-06-03,0,0,0,0,0,0,0,0,0,0,0,0,2023,6,3,5,154,22,2,1,0,0,-0.9749279121818236,-0.2225209339563146,0.4711595076738638,-0.8820480249558537,0.46472317204376906,-0.8854560256532096,1.2246467991473532e-16,-1.0,0.0,1.0,0.0,0.0,0.0,0.0,0.3333333333333333,0.577350269189628,1.0,1.0,0.2857142857142857,0.4879500364742659,2.0,1.0,0.21428571428571427,0.4258153136263191,3.0,1.0,0.42857142857142855,0.790151013628803,12.0,3.0,0.39285714285714285,0.7305930698865367,22.0,3.0,0.35714285714285715,0.6702428465279272,30.0,3.0,0.0,0.0,0.0,407,0.35872235872235875,0.1891891891891892,0.31203931203931207,0.2457002457002457,0.09090909090909091,0.31695331695331697,42.411167512690355,5.8452088452088455
2023-06-04,0,0,0,0,0,0,0,0,0,0,0,0,2023,6,4,6,155,22,2,1,0,0,-0.7818314824680299,0.6234898018587334,0.4559066935084588,-0.8900275764346767,0.46472317204376906,-0.8854560256532096,1.2246467991473532e-16,-1.0,0.0,0.0,1.0,0.0,0.0,0.0,0.0,0.0,0.0,0.0,0.2857142857142857,0.4879500364742659,2.0,1.0,0.21428571428571427,0.4258153136263191,3.0,1.0,0.42857142857142855,0.790151013628803,12.0,3.0,0.375,0.7276987388648235,21.0,3.0,0.35714285714285715,0.6702428465279272,30.0,3.0,0.0,0.0,0.0,407,0.35872235872235875,0.1891891891891892,0.31203931203931207,0.2457002457002457,0.09090909090909091,0.31695331695331697,42.411167512690355,5.8452088452088455
2023-06-05,0,0,0,0,0,0,0,0,0,0,0,0,2023,6,5,0,156,23,2,0,1,0,0.0,1.0,0.440518784350495,-0.8977433935342337,0.35460488704253584,-0.9350162426854147,1.2246467991473532e-16,-1.0,0.0,0.0,0.0,0.0,0.0,0.0,0.0,0.0,0.0,0.0,0.2857142857142857,0.4879500364742659,2.0,1.0,0.21428571428571427,0.4258153136263191,3.0,1.0,0.42857142857142855,0.790151013628803,12.0,3.0,0.375,0.7276987388648235,21.0,3.0,0.35714285714285715,0.6702428465279272,30.0,3.0,0.0,0.0,0.0,407,0.35872235872235875,0.1891891891891892,0.31203931203931207,0.2457002457002457,0.09090909090909091,0.31695331695331697,42.411167512690355,5.8452088452088455
2023-06-06,0,0,0,0,0,0,0,0,0,0,0,0,2023,6,6,1,157,23,2,0,0,0,0.7818314824680298,0.6234898018587336,0.42500033996955416,-0.9051931898913974,0.35460488704253584,-0.9350162426854147,1.2246467991473532e-16,-1.0,0.0,0.0,0.0,1.0,0.0,1.0,0.0,0.0,0.0,0.0,0.14285714285714285,0.37796447300922636,1.0,1.0,0.21428571428571427,0.4258153136263191,3.0,1.0,0.39285714285714285,0.785954749158543,11.0,3.0,0.375,0.7276987388648235,21.0,3.0,0.35714285714285715,0.6702428465279272,30.0,3.0,0.0,-1.0,-1.0,407,0.35872235872235875,0.1891891891891892,0.31203931203931207,0.2457002457002457,0.09090909090909091,0.31695331695331697,42.411167512690355,5.8452088452088455
2023-06-07,0,0,0,0,0,0,0,0,0,0,0,0,2023,6,7,2,158,23,2,0,0,0,0.9749279121818236,-0.22252093395631434,0.4093559588156213,-0.9123747579707273,0.35460488704253584,-0.9350162426854147,1.2246467991473532e-16,-1.0,0.0,0.0,0.0,0.0,0.0,0.0,0.0,0.0,0.0,0.0,0.14285714285714285,0.37796447300922636,1.0,1.0,0.21428571428571427,0.4258153136263191,3.0,1.0,0.39285714285714285,0.785954749158543,11.0,3.0,0.375,0.7276987388648235,21.0,3.0,0.35714285714285715,0.6702428465279272,30.0,3.0,0.0,0.0,0.0,407,0.35872235872235875,0.1891891891891892,0.31203931203931207,0.2457002457002457,0.09090909090909091,0.31695331695331697,42.411167512690355,5.8452088452088455
2023-06-08,1,0,0,0,0,0,0,0,2,0,0,0,2023,6,8,3,159,23,2,0,0,0,0.43388373911755823,-0.900968867902419,0.39359027665646673,-0.9192859697186104,0.35460488704253584,-0.9350162426854147,1.2246467991473532e-16,-1.0,0.0,0.0,0.0,1.0,1.0,0.0,0.3333333333333333,0.577350269189628,1.0,1.0,0.14285714285714285,0.37796447300922636,1.0,1.0,0.21428571428571427,0.4258153136263191,3.0,1.0,0.42857142857142855,0.790151013628803,12.0,3.0,0.39285714285714285,0.7305930698865367,22.0,3.0,0.35714285714285715,0.6702428465279272,30.0,3.0,1.0,0.0,1.0,407,0.35872235872235875,0.1891891891891892,0.31203931203931207,0.2457002457002457,0.09090909090909091,0.31695331695331697,42.411167512690355,5.8452088452088455
2023-06-09,1,0,1,0,0,1,0,1,2,0,0,1,2023,6,9,4,160,23,2,0,0,1,-0.433883739117558,-0.9009688679024191,0.3777079652039649,-0.9259247771938498,0.35460488704253584,-0.9350162426854147,1.2246467991473532e-16,-1.0,1.0,0.0,0.0,0.0,0.0,0.0,0.6666666666666666,0.5773502691896286,2.0,1.0,0.2857142857142857,0.4879500364742659,2.0,1.0,0.2857142857142857,0.46880723093849447,4.0,1.0,0.4642857142857143,0.7926581093427852,13.0,3.0,0.375,0.702269049710877,21.0,3.0,0.36904761904761907,0.672699326034503,31.0,3.0,0.0,1.0,1.0,407,0.35872235872235875,0.1891891891891892,0.31203931203931207,0.2457002457002457,0.09090909090909091,0.31695331695331697,42.411167512690355,5.8452088452088455
2023-06-10,1,0,0,0,0,0,0,0,1,0,0,0,2023,6,10,5,161,23,2,1,0,0,-0.9749279121818236,-0.2225209339563146,0.36171373072976765,-0.9322892131745133,0.35460488704253584,-0.9350162426854147,1.2246467991473532e-16,-1.0,1.0,1.0,0.0,0.0,0.0,1.0,1.0,0.0,3.0,1.0,0.42857142857142855,0.5345224838248481,3.0,1.0,0.35714285714285715,0.49724515809884595,5.0,1.0,0.4642857142857143,0.7926581093427852,13.0,3.0,0.39285714285714285,0.7052677487327755,22.0,3.0,0.36904761904761907,0.672699326034503,31.0,3.0,0.0,1.0,0.0,407,0.35872235872235875,0.1891891891891892,0.31203931203931207,0.2457002457002457,0.09090909090909091,0.31695331695331697,42.411167512690355,5.8452088452088455
2023-06-11,0,0,0,0,0,0,0,0,0,0,0,0,2023,6,11,6,162,23,2,1,0,0,-0.7818314824680299,0.6234898018587334,0.3456123126707335,-0.9383773917408641,0.35460488704253584,-0.9350162426854147,1.2246467991473532e-16,-1.0,1.0,1.0,1.0,0.0,0.0,2.0,0.6666666666666666,0.5773502691896285,2.0,1.0,0.42857142857142855,0.5345224838248481,3.0,1.0,0.35714285714285715,0.49724515809884595,5.0,1.0,0.39285714285714285,0.7373267889143824,11.0,3.0,0.375,0.702269049710877,21.0,3.0,0.36904761904761907,0.672699326034503,31.0,3.0,-1.0,0.0,-2.0,407,0.35872235872235875,0.1891891891891892,0.31203931203931207,0.2457002457002457,0.09090909090909091,0.31695331695331697,42.411167512690355,5.8452088452088455
2023-06-12,0,0,0,0,0,0,0,0,0,0,0,0,2023,6,12,0,163,24,2,0,1,0,0.0,1.0,0.3294084822245304,-0.9441875088341993,0.23931566428755768,-0.970941817426052,1.2246467991473532e-16,-1.0,0.0,1.0,1.0,0.0,0.0,0.0,0.3333333333333333,0.5773502691896278,1.0,1.0,0.42857142857142855,0.5345224838248481,3.0,1.0,0.35714285714285715,0.49724515809884595,5.0,1.0,0.39285714285714285,0.7373267889143824,11.0,3.0,0.375,0.702269049710877,21.0,3.0,0.36904761904761907,0.672699326034503,31.0,3.0,0.0,0.0,0.0,407,0.35872235872235875,0.1891891891891892,0.31203931203931207,0.2457002457002457,0.09090909090909091,0.31695331695331697,42.411167512690355,5.8452088452088455
2023-06-13,0,0,0,0,0,0,0,0,0,0,0,0,2023,6,13,1,164,24,2,0,0,0,0.7818314824680298,0.6234898018587336,0.3131070409358269,-0.9497178427914316,0.23931566428755768,-0.970941817426052,1.2246467991473532e-16,-1.0,0.0,0.0,1.0,0.0,1.0,2.0,0.0,0.0,0.0,0.0,0.42857142857142855,0.5345224838248481,3.0,1.0,0.2857142857142857,0.46880723093849447,4.0,1.0,0.32142857142857145,0.669636243353583,9.0,3.0,0.375,0.702269049710877,21.0,3.0,0.36904761904761907,0.672699326034503,31.0,3.0,0.0,0.0,-2.0,407,0.35872235872235875,0.1891891891891892,0.31203931203931207,0.2457002457002457,0.09090909090909091,0.31695331695331697,42.411167512690355,5.8452088452088455
2023-06-14,0,0,0,0,0,0,0,0,0,0,0,0,2023,6,14,2,165,24,2,0,0,0,0.9749279121818236,-0.22252093395631434,0.29671281927349075,-0.9549667548552551,0.23931566428755768,-0.970941817426052,1.2246467991473532e-16,-1.0,0.0,0.0,0.0,0.0,0.0,0.0,0.0,0.0,0.0,0.0,0.42857142857142855,0.5345224838248481,3.0,1.0,0.2857142857142857,0.46880723093849447,4.0,1.0,0.32142857142857145,0.669636243353583,9.0,3.0,0.3392857142857143,0.668153104781061,19.0,3.0,0.36904761904761907,0.672699326034503,31.0,3.0,0.0,0.0,0.0,407,0.35872235872235875,0.1891891891891892,0.31203931203931207,0.2457002457002457,0.09090909090909091,0.31695331695331697,42.411167512690355,5.8452088452088455
2023-06-15,0,0,0,0,0,0,0,0,0,0,0,0,2023,6,15,3,166,24,2,0,0,0,0.43388373911755823,-0.900968867902419,0.28023067519921585,-0.9599326896597447,0.23931566428755768,-0.970941817426052,1.2246467991473532e-16,-1.0,0.0,0.0,0.0,1.0,1.0,3.0,0.0,0.0,0.0,0.0,0.2857142857142857,0.4879500364742659,2.0,1.0,0.21428571428571427,0.425815313626319,3.0,1.0,0.21428571428571427,0.41785544701867317,6.0,1.0,0.3392857142857143,0.668153104781061,19.0,3.0,0.36904761904761907,0.672699326034503,31.0,3.0,0.0,-1.0,-3.0,407,0.35872235872235875,0.1891891891891892,0.31203931203931207,0.2457002457002457,0.09090909090909091,0.31695331695331697,42.411167512690355,5.8452088452088455
2023-06-16,1,0,1,0,0,1,0,1,1,0,0,1,2023,6,16,4,167,24,2,0,0,1,-0.433883739117558,-0.9009688679024191,0.26366549272800704,-0.9646141756912435,0.23931566428755768,-0.970941817426052,1.2246467991473532e-16,-1.0,0.0,0.0,0.0,1.0,0.0,0.0,0.3333333333333333,0.5773502691896278,1.0,1.0,0.2857142857142857,0.4879500364742659,2.0,1.0,0.2857142857142857,0.46880723093849447,4.0,1.0,0.25,0.44095855184409904,7.0,1.0,0.35714285714285715,0.6722708174151635,20.0,3.0,0.36904761904761907,0.672699326034503,31.0,3.0,1.0,0.0,1.0,407,0.35872235872235875,0.1891891891891892,0.31203931203931207,0.2457002457002457,0.09090909090909091,0.31695331695331697,42.411167512690355,5.8452088452088455
2023-06-17,0,0,0,0,0,0,0,0,0,0,0,0,2023,6,17,5,168,24,2,1,0,0,-0.9749279121818236,-0.2225209339563146,0.24702218048093552,-0.9690098257244062,0.23931566428755768,-0.970941817426052,1.2246467991473532e-16,-1.0,1.0,0.0,0.0,1.0,0.0,0.0,0.3333333333333333,0.5773502691896278,1.0,1.0,0.14285714285714285,0.3779644730092264,1.0,1.0,0.2857142857142857,0.46880723093849447,4.0,1.0,0.25,0.44095855184409904,7.0,1.0,0.35714285714285715,0.6722708174151635,20.0,3.0,0.36904761904761907,0.672699326034503,31.0,3.0,-1.0,-1.0,0.0,407,0.35872235872235875,0.1891891891891892,0.31203931203931207,0.2457002457002457,0.09090909090909091,0.31695331695331697,42.411167512690355,5.8452088452088455
2023-06-18,0,0,0,0,0,0,0,0,0,0,0,0,2023,6,18,6,169,24,2,1,0,0,-0.7818314824680299,0.6234898018587334,0.23030567023061221,-0.9731183372332619,0.23931566428755768,-0.970941817426052,1.2246467991473532e-16,-1.0,0.0,1.0,0.0,0.0,0.0,0.0,0.3333333333333333,0.5773502691896278,1.0,1.0,0.14285714285714285,0.3779644730092264,1.0,1.0,0.2857142857142857,0.46880723093849447,4.0,1.0,0.25,0.44095855184409904,7.0,1.0,0.35714285714285715,0.6722708174151635,20.0,3.0,0.35714285714285715,0.6702428465279272,30.0,3.0,0.0,0.0,0.0,407,0.35872235872235875,0.1891891891891892,0.31203931203931207,0.2457002457002457,0.09090909090909091,0.31695331695331697,42.411167512690355,5.8452088452088455
2023-06-19,1,1,0,1,0,1,0,1,1,0,0,0,2023,6,19,0,170,25,2,0,1,0,0.0,1.0,0.21352091543979612,-0.9769384927771817,0.12053668025532308,-0.992708874098054,1.2246467991473532e-16,-1.0,0.0,0.0,1.0,0.0,0.0,0.0,0.3333333333333333,0.5773502691896278,1.0,1.0,0.2857142857142857,0.4879500364742659,2.0,1.0,0.35714285714285715,0.49724515809884595,5.0,1.0,0.2857142857142857,0.46004370622823676,8.0,1.0,0.375,0.6758832604956139,21.0,3.0,0.35714285714285715,0.6702428465279272,30.0,3.0,1.0,1.0,1.0,407,0.35872235872235875,0.1891891891891892,0.31203931203931207,0.2457002457002457,0.09090909090909091,0.31695331695331697,42.411167512690355,5.8452088452088455
2023-06-20,2,2,0,0,0,0,0,0,4,0,0,0,2023,6,20,1,171,25,2,0,0,0,0.7818314824680298,0.6234898018587336,0.19667288979357647,-0.980469160361632,0.12053668025532308,-0.992708874098054,1.2246467991473532e-16,-1.0,1.0,0.0,0.0,0.0,0.0,0.0,1.0,1.000000000000002,3.0,2.0,0.5714285714285714,0.7867957924694426,4.0,2.0,0.5,0.6504436355879901,7.0,2.0,0.35714285714285715,0.558721139898351,10.0,2.0,0.4107142857142857,0.7077951864586435,23.0,3.0,0.38095238095238093,0.692555280813174,32.0,3.0,1.0,2.0,2.0,407,0.35872235872235875,0.1891891891891892,0.31203931203931207,0.2457002457002457,0.09090909090909091,0.31695331695331697,42.411167512690355,5.8452088452088455
2023-06-21,0,0,0,0,0,0,0,0,0,0,0,0,2023,6,21,2,172,25,2,0,0,0,0.9749279121818236,-0.22252093395631434,0.1797665857255624,-0.9837092937736097,0.12053668025532308,-0.992708874098054,1.2246467991473532e-16,-1.0,2.0,1.0,0.0,0.0,0.0,0.0,1.0,1.000000000000002,3.0,2.0,0.5714285714285714,0.7867957924694426,4.0,2.0,0.5,0.6504436355879901,7.0,2.0,0.35714285714285715,0.558721139898351,10.0,2.0,0.4107142857142857,0.7077951864586435,23.0,3.0,0.38095238095238093,0.692555280813174,32.0,3.0,-2.0,0.0,0.0,407,0.35872235872235875,0.1891891891891892,0.31203931203931207,0.2457002457002457,0.09090909090909091,0.31695331695331697,42.411167512690355,5.8452088452088455
2023-06-22,0,0,0,0,0,0,0,0,0,0,0,0,2023,6,22,3,173,25,2,0,0,0,0.43388373911755823,-0.900968867902419,0.16280701293851715,-0.986657932891657,0.12053668025532308,-0.992708874098054,1.2246467991473532e-16,-1.0,0.0,2.0,1.0,0.0,1.0,1.0,0.6666666666666666,1.154700538379253,2.0,2.0,0.5714285714285714,0.7867957924694426,4.0,2.0,0.42857142857142855,0.6462061726588633,6.0,2.0,0.32142857142857145,0.547964004533647,9.0,2.0,0.4107142857142857,0.7077951864586435,23.0,3.0,0.38095238095238093,0.692555280813174,32.0,3.0,0.0,0.0,-1.0,407,0.35872235872235875,0.1891891891891892,0.31203931203931207,0.2457002457002457,0.09090909090909091,0.31695331695331697,42.411167512690355,5.8452088452088455
2023-06-23,0,0,0,0,0,0,0,0,0,0,0,0,2023,6,23,4,174,25,2,0,0,1,-0.433883739117558,-0.9009688679024191,0.1457991969198751,-0.9893142039703663,0.12053668025532308,-0.992708874098054,1.2246467991473532e-16,-1.0,0.0,0.0,2.0,1.0,1.0,0.0,0.0,0.0,0.0,0.0,0.42857142857142855,0.7867957924694426,3.0,2.0,0.35714285714285715,0.6333236937766502,5.0,2.0,0.32142857142857145,0.547964004533647,9.0,2.0,0.4107142857142857,0.7077951864586435,23.0,3.0,0.38095238095238093,0.692555280813174,32.0,3.0,0.0,-1.0,0.0,407,0.35872235872235875,0.1891891891891892,0.31203931203931207,0.2457002457002457,0.09090909090909091,0.31695331695331697,42.411167512690355,5.8452088452088455
2023-06-24,0,0,0,0,0,0,0,0,0,0,0,0,2023,6,24,5,175,25,2,1,0,0,-0.9749279121818236,-0.2225209339563146,0.12874817745258132,-0.99167731989929,0.12053668025532308,-0.992708874098054,1.2246467991473532e-16,-1.0,0.0,0.0,0.0,0.0,1.0,0.0,0.0,0.0,0.0,0.0,0.42857142857142855,0.7867957924694426,3.0,2.0,0.2857142857142857,0.6112498455021259,4.0,2.0,0.32142857142857145,0.547964004533647,9.0,2.0,0.4107142857142857,0.7077951864586435,23.0,3.0,0.38095238095238093,0.692555280813174,32.0,3.0,0.0,0.0,0.0,407,0.35872235872235875,0.1891891891891892,0.31203931203931207,0.2457002457002457,0.09090909090909091,0.31695331695331697,42.411167512690355,5.8452088452088455
2023-06-25,0,0,0,0,0,0,0,0,0,0,0,0,2023,6,25,6,176,25,2,1,0,0,-0.7818314824680299,0.6234898018587334,0.11165900712169512,-0.993746580436178,0.12053668025532308,-0.992708874098054,1.2246467991473532e-16,-1.0,0.0,0.0,0.0,0.0,0.0,0.0,0.0,0.0,0.0,0.0,0.42857142857142855,0.7867957924694426,3.0,2.0,0.2857142857142857,0.6112498455021259,4.0,2.0,0.32142857142857145,0.547964004533647,9.0,2.0,0.4107142857142857,0.7077951864586435,23.0,3.0,0.38095238095238093,0.692555280813174,32.0,3.0,0.0,0.0,0.0,407,0.35872235872235875,0.1891891891891892,0.31203931203931207,0.2457002457002457,0.09090909090909091,0.31695331695331697,42.411167512690355,5.8452088452088455
2023-06-26,0,0,0,0,0,0,0,0,0,0,0,0,2023,6,26,0,177,26,2,0,1,0,0.0,1.0,0.09453674981719912,-0.9955213724144752,-3.216245299353273e-16,-1.0,1.2246467991473532e-16,-1.0,0.0,0.0,0.0,1.0,0.0,0.0,0.0,0.0,0.0,0.0,0.2857142857142857,0.755928946018454,2.0,2.0,0.2857142857142857,0.6112498455021259,4.0,2.0,0.32142857142857145,0.547964004533647,9.0,2.0,0.39285714285714285,0.7052677487327755,22.0,3.0,0.38095238095238093,0.692555280813174,32.0,3.0,0.0,-1.0,0.0,407,0.35872235872235875,0.1891891891891892,0.31203931203931207,0.2457002457002457,0.09090909090909091,0.31695331695331697,42.411167512690355,5.8452088452088455
2023-06-27,0,0,0,0,0,0,0,0,0,0,0,0,2023,6,27,1,178,26,2,0,0,0,0.7818314824680298,0.6234898018587336,0.07738647923346301,-0.9970011699250151,-3.216245299353273e-16,-1.0,1.2246467991473532e-16,-1.0,0.0,0.0,0.0,2.0,0.0,1.0,0.0,0.0,0.0,0.0,0.0,0.0,0.0,0.0,0.2857142857142857,0.6112498455021259,4.0,2.0,0.2857142857142857,0.5345224838248492,8.0,2.0,0.39285714285714285,0.7052677487327755,22.0,3.0,0.38095238095238093,0.692555280813174,32.0,3.0,0.0,-2.0,-1.0,407,0.35872235872235875,0.1891891891891892,0.31203931203931207,0.2457002457002457,0.09090909090909091,0.31695331695331697,42.411167512690355,5.8452088452088455
2023-06-28,0,0,0,0,0,0,0,0,0,0,0,0,2023,6,28,2,179,26,2,0,0,0,0.9749279121818236,-0.22252093395631434,0.06021327736579302,-0.9981855344718586,-3.216245299353273e-16,-1.0,1.2246467991473532e-16,-1.0,0.0,0.0,0.0,0.0,0.0,0.0,0.0,0.0,0.0,0.0,0.0,0.0,0.0,0.0,0.2857142857142857,0.6112498455021259,4.0,2.0,0.2857142857142857,0.5345224838248492,8.0,2.0,0.375,0.7022690497108771,21.0,3.0,0.36904761904761907,0.6903772655508315,31.0,3.0,0.0,0.0,0.0,407,0.35872235872235875,0.1891891891891892,0.31203931203931207,0.2457002457002457,0.09090909090909091,0.31695331695331697,42.411167512690355,5.8452088452088455
2023-06-29,1,1,0,1,0,0,0,0,2,0,0,0,2023,6,29,3,180,26,2,0,0,0,0.43388373911755823,-0.900968867902419,0.04302223300453059,-0.99907411510223,-3.216245299353273e-16,-1.0,1.2246467991473532e-16,-1.0,0.0,0.0,0.0,0.0,0.0,1.0,0.3333333333333333,0.5773502691896278,1.0,1.0,0.14285714285714285,0.37796447300922653,1.0,1.0,0.35714285714285715,0.6333236937766502,5.0,2.0,0.2857142857142857,0.5345224838248492,8.0,2.0,0.35714285714285715,0.6722708174151635,20.0,3.0,0.38095238095238093,0.692555280813174,32.0,3.0,1.0,1.0,0.0,407,0.35872235872235875,0.1891891891891892,0.31203931203931207,0.2457002457002457,0.09090909090909091,0.31695331695331697,42.411167512690355,5.8452088452088455
2023-06-30,1,0,0,1,0,0,0,0,2,0,0,0,2023,6,30,4,181,26,2,0,0,1,-0.433883739117558,-0.9009688679024191,0.02581844022713308,-0.9996666485105112,-3.216245299353273e-16,-1.0,1.2246467991473532e-16,-1.0,1.0,0.0,0.0,0.0,1.0,0.0,0.6666666666666666,0.5773502691896285,2.0,1.0,0.2857142857142857,0.48795003647426594,2.0,1.0,0.35714285714285715,0.6333236937766502,5.0,2.0,0.32142857142857145,0.547964004533647,9.0,2.0,0.375,0.675883260495614,21.0,3.0,0.39285714285714285,0.6945199805925965,33.0,3.0,0.0,1.0,1.0,407,0.35872235872235875,0.1891891891891892,0.31203931203931207,0.2457002457002457,0.09090909090909091,0.31695331695331697,42.411167512690355,5.8452088452088455
2023-07-01,0,0,0,0,0,0,0,0,0,0,0,0,2023,7,1,5,182,26,3,1,0,0,-0.9749279121818236,-0.2225209339563146,0.008606996888688698,-0.9999629591162655,-3.216245299353273e-16,-1.0,-0.4999999999999997,-0.8660254037844388,1.0,1.0,0.0,0.0,0.0,0.0,0.6666666666666666,0.5773502691896285,2.0,1.0,0.2857142857142857,0.48795003647426594,2.0,1.0,0.35714285714285715,0.6333236937766502,5.0,2.0,0.32142857142857145,0.547964004533647,9.0,2.0,0.375,0.675883260495614,21.0,3.0,0.36904761904761907,0.672699326034503,31.0,3.0,-1.0,0.0,0.0,407,0.35872235872235875,0.1891891891891892,0.31203931203931207,0.2457002457002457,0.09090909090909091,0.31695331695331697,42.411167512690355,5.8452088452088455
2023-07-02,0,0,0,0,0,0,0,0,0,0,0,0,2023,7,2,6,183,26,3,1,0,0,-0.7818314824680299,0.6234898018587334,-0.008606996888688009,-0.9999629591162655,-3.216245299353273e-16,-1.0,-0.4999999999999997,-0.8660254037844388,0.0,1.0,1.0,0.0,0.0,0.0,0.3333333333333333,0.5773502691896278,1.0,1.0,0.2857142857142857,0.48795003647426594,2.0,1.0,0.35714285714285715,0.6333236937766502,5.0,2.0,0.32142857142857145,0.547964004533647,9.0,2.0,0.375,0.675883260495614,21.0,3.0,0.35714285714285715,0.6702428465279272,30.0,3.0,0.0,0.0,0.0,407,0.35872235872235875,0.1891891891891892,0.31203931203931207,0.2457002457002457,0.09090909090909091,0.31695331695331697,42.411167512690355,5.8452088452088455
2023-07-03,0,0,0,0,0,0,0,0,0,0,0,0,2023,7,3,0,184,27,3,0,1,0,0.0,1.0,-0.02581844022713239,-0.9996666485105112,-0.12053668025532283,-0.992708874098054,-0.4999999999999997,-0.8660254037844388,0.0,0.0,1.0,0.0,1.0,0.0,0.0,0.0,0.0,0.0,0.2857142857142857,0.48795003647426594,2.0,1.0,0.2857142857142857,0.6112498455021259,4.0,2.0,0.32142857142857145,0.547964004533647,9.0,2.0,0.375,0.675883260495614,21.0,3.0,0.35714285714285715,0.6702428465279272,30.0,3.0,0.0,0.0,0.0,407,0.35872235872235875,0.1891891891891892,0.31203931203931207,0.2457002457002457,0.09090909090909091,0.31695331695331697,42.411167512690355,5.8452088452088455
2023-07-04,1,1,0,1,0,0,0,0,2,0,0,0,2023,7,4,1,185,27,3,0,0,0,0.7818314824680298,0.6234898018587336,-0.04302223300453034,-0.99907411510223,-0.12053668025532283,-0.992708874098054,-0.4999999999999997,-0.8660254037844388,0.0,0.0,0.0,0.0,2.0,0.0,0.3333333333333333,0.5773502691896278,1.0,1.0,0.42857142857142855,0.5345224838248481,3.0,1.0,0.21428571428571427,0.42581531362631914,3.0,1.0,0.35714285714285715,0.558721139898351,10.0,2.0,0.375,0.675883260495614,21.0,3.0,0.36904761904761907,0.672699326034503,31.0,3.0,1.0,1.0,1.0,407,0.35872235872235875,0.1891891891891892,0.31203931203931207,0.2457002457002457,0.09090909090909091,0.31695331695331697,42.411167512690355,5.8452088452088455
2023-07-05,0,0,0,0,0,0,0,0,0,0,0,0,2023,7,5,2,186,27,3,0,0,0,0.9749279121818236,-0.22252093395631434,-0.060213277365792774,-0.9981855344718586,-0.12053668025532283,-0.992708874098054,-0.4999999999999997,-0.8660254037844388,1.0,0.0,0.0,0.0,0.0,0.0,0.3333333333333333,0.5773502691896278,1.0,1.0,0.42857142857142855,0.5345224838248481,3.0,1.0,0.21428571428571427,0.42581531362631914,3.0,1.0,0.35714285714285715,0.558721139898351,10.0,2.0,0.375,0.675883260495614,21.0,3.0,0.36904761904761907,0.672699326034503,31.0,3.0,-1.0,0.0,0.0,407,0.35872235872235875,0.1891891891891892,0.31203931203931207,0.2457002457002457,0.09090909090909091,0.31695331695331697,42.411167512690355,5.8452088452088455
2023-07-06,0,0,0,0,0,0,0,0,0,0,0,0,2023,7,6,3,187,27,3,0,0,0,0.43388373911755823,-0.900968867902419,-0.07738647923346322,-0.9970011699250151,-0.12053668025532283,-0.992708874098054,-0.4999999999999997,-0.8660254037844388,0.0,1.0,0.0,1.0,0.0,1.0,0.3333333333333333,0.5773502691896278,1.0,1.0,0.2857142857142857,0.48795003647426594,2.0,1.0,0.21428571428571427,0.42581531362631914,3.0,1.0,0.32142857142857145,0.547964004533647,9.0,2.0,0.375,0.675883260495614,21.0,3.0,0.36904761904761907,0.672699326034503,31.0,3.0,0.0,-1.0,-1.0,407,0.35872235872235875,0.1891891891891892,0.31203931203931207,0.2457002457002457,0.09090909090909091,0.31695331695331697,42.411167512690355,5.8452088452088455
2023-07-07,0,0,0,0,0,0,0,0,0,0,0,0,2023,7,7,4,188,27,3,0,0,1,-0.433883739117558,-0.9009688679024191,-0.09453674981719933,-0.9955213724144752,-0.12053668025532283,-0.992708874098054,-0.4999999999999997,-0.8660254037844388,0.0,0.0,1.0,1.0,0.0,1.0,0.0,0.0,0.0,0.0,0.14285714285714285,0.37796447300922653,1.0,1.0,0.21428571428571427,0.42581531362631914,3.0,1.0,0.2857142857142857,0.5345224838248492,8.0,2.0,0.375,0.675883260495614,21.0,3.0,0.34523809523809523,0.6492636722639187,29.0,3.0,0.0,-1.0,-1.0,407,0.35872235872235875,0.1891891891891892,0.31203931203931207,0.2457002457002457,0.09090909090909091,0.31695331695331697,42.411167512690355,5.8452088452088455
2023-07-08,1,1,0,1,0,0,0,0,3,0,0,0,2023,7,8,5,189,27,3,1,0,0,-0.9749279121818236,-0.2225209339563146,-0.11165900712169444,-0.9937465804361781,-0.12053668025532283,-0.992708874098054,-0.4999999999999997,-0.8660254037844388,0.0,0.0,0.0,0.0,0.0,1.0,0.3333333333333333,0.5773502691896278,1.0,1.0,0.2857142857142857,0.48795003647426594,2.0,1.0,0.2857142857142857,0.4688072309384945,4.0,1.0,0.2857142857142857,0.5345224838248492,8.0,2.0,0.375,0.675883260495614,21.0,3.0,0.35714285714285715,0.6520192388110109,30.0,3.0,1.0,1.0,0.0,407,0.35872235872235875,0.1891891891891892,0.31203931203931207,0.2457002457002457,0.09090909090909091,0.31695331695331697,42.411167512690355,5.8452088452088455
2023-07-09,0,0,0,0,0,0,0,0,0,0,0,0,2023,7,9,6,190,27,3,1,0,0,-0.7818314824680299,0.6234898018587334,-0.12874817745258066,-0.99167731989929,-0.12053668025532283,-0.992708874098054,-0.4999999999999997,-0.8660254037844388,1.0,0.0,0.0,0.0,0.0,0.0,0.3333333333333333,0.5773502691896278,1.0,1.0,0.2857142857142857,0.48795003647426594,2.0,1.0,0.2857142857142857,0.4688072309384945,4.0,1.0,0.2857142857142857,0.5345224838248492,8.0,2.0,0.3392857142857143,0.6403631275026188,19.0,3.0,0.34523809523809523,0.6492636722639187,29.0,3.0,-1.0,0.0,0.0,407,0.35872235872235875,0.1891891891891892,0.31203931203931207,0.2457002457002457,0.09090909090909091,0.31695331695331697,42.411167512690355,5.8452088452088455
2023-07-10,0,0,0,0,0,0,0,0,0,0,0,0,2023,7,10,0,191,28,3,0,1,0,0.0,1.0,-0.14579919691987442,-0.9893142039703664,-0.23931566428755743,-0.9709418174260521,-0.4999999999999997,-0.8660254037844388,0.0,1.0,0.0,0.0,0.0,0.0,0.3333333333333333,0.5773502691896278,1.0,1.0,0.2857142857142857,0.48795003647426594,2.0,1.0,0.2857142857142857,0.4688072309384945,4.0,1.0,0.2857142857142857,0.5345224838248492,8.0,2.0,0.3392857142857143,0.6403631275026188,19.0,3.0,0.34523809523809523,0.6492636722639187,29.0,3.0,0.0,0.0,0.0,407,0.35872235872235875,0.1891891891891892,0.31203931203931207,0.2457002457002457,0.09090909090909091,0.31695331695331697,42.411167512690355,5.8452088452088455
2023-07-11,0,0,0,0,0,0,0,0,0,0,0,0,2023,7,11,1,192,28,3,0,0,0,0.7818314824680298,0.6234898018587336,-0.16280701293851646,-0.9866579328916572,-0.23931566428755743,-0.9709418174260521,-0.4999999999999997,-0.8660254037844388,0.0,0.0,1.0,1.0,0.0,0.0,0.0,0.0,0.0,0.0,0.14285714285714285,0.37796447300922653,1.0,1.0,0.2857142857142857,0.4688072309384945,4.0,1.0,0.2857142857142857,0.5345224838248492,8.0,2.0,0.30357142857142855,0.6005949431307975,17.0,3.0,0.34523809523809523,0.6492636722639187,29.0,3.0,0.0,-1.0,0.0,407,0.35872235872235875,0.1891891891891892,0.31203931203931207,0.2457002457002457,0.09090909090909091,0.31695331695331697,42.411167512690355,5.8452088452088455
2023-07-12,0,0,0,0,0,0,0,0,0,0,0,0,2023,7,12,2,193,28,3,0,0,0,0.9749279121818236,-0.22252093395631434,-0.17976658572556214,-0.9837092937736098,-0.23931566428755743,-0.9709418174260521,-0.4999999999999997,-0.8660254037844388,0.0,0.0,0.0,0.0,0.0,0.0,0.0,0.0,0.0,0.0,0.14285714285714285,0.37796447300922653,1.0,1.0,0.2857142857142857,0.4688072309384945,4.0,1.0,0.2857142857142857,0.5345224838248492,8.0,2.0,0.30357142857142855,0.6005949431307975,17.0,3.0,0.32142857142857145,0.6240310906240204,27.0,3.0,0.0,0.0,0.0,407,0.35872235872235875,0.1891891891891892,0.31203931203931207,0.2457002457002457,0.09090909090909091,0.31695331695331697,42.411167512690355,5.8452088452088455
2023-07-13,0,0,0,0,0,0,0,0,0,0,0,0,2023,7,13,3,194,28,3,0,0,0,0.43388373911755823,-0.900968867902419,-0.19667288979357622,-0.9804691603616321,-0.23931566428755743,-0.9709418174260521,-0.4999999999999997,-0.8660254037844388,0.0,0.0,0.0,0.0,1.0,0.0,0.0,0.0,0.0,0.0,0.14285714285714285,0.37796447300922653,1.0,1.0,0.21428571428571427,0.42581531362631914,3.0,1.0,0.2857142857142857,0.5345224838248492,8.0,2.0,0.25,0.47673129462279645,14.0,2.0,0.32142857142857145,0.6240310906240204,27.0,3.0,0.0,0.0,0.0,407,0.35872235872235875,0.1891891891891892,0.31203931203931207,0.2457002457002457,0.09090909090909091,0.31695331695331697,42.411167512690355,5.8452088452088455
2023-07-14,1,0,0,0,0,0,0,0,2,0,0,0,2023,7,14,4,195,28,3,0,0,1,-0.433883739117558,-0.9009688679024191,-0.2135209154397959,-0.9769384927771817,-0.23931566428755743,-0.9709418174260521,-0.4999999999999997,-0.8660254037844388,0.0,0.0,0.0,0.0,1.0,1.0,0.3333333333333333,0.5773502691896278,1.0,1.0,0.2857142857142857,0.48795003647426594,2.0,1.0,0.21428571428571427,0.42581531362631914,3.0,1.0,0.2857142857142857,0.5345224838248492,8.0,2.0,0.26785714285714285,0.4858384104195152,15.0,2.0,0.3333333333333333,0.627355000927509,28.0,3.0,1.0,1.0,0.0,407,0.35872235872235875,0.1891891891891892,0.31203931203931207,0.2457002457002457,0.09090909090909091,0.31695331695331697,42.411167512690355,5.8452088452088455
2023-07-15,0,0,0,0,0,0,0,0,0,0,0,0,2023,7,15,5,196,28,3,1,0,0,-0.9749279121818236,-0.2225209339563146,-0.23030567023061196,-0.973118337233262,-0.23931566428755743,-0.9709418174260521,-0.4999999999999997,-0.8660254037844388,1.0,0.0,0.0,1.0,0.0,0.0,0.3333333333333333,0.5773502691896278,1.0,1.0,0.14285714285714285,0.37796447300922653,1.0,1.0,0.21428571428571427,0.42581531362631914,3.0,1.0,0.2857142857142857,0.5345224838248492,8.0,2.0,0.26785714285714285,0.4858384104195152,15.0,2.0,0.3333333333333333,0.627355000927509,28.0,3.0,-1.0,-1.0,0.0,407,0.35872235872235875,0.1891891891891892,0.31203931203931207,0.2457002457002457,0.09090909090909091,0.31695331695331697,42.411167512690355,5.8452088452088455
2023-07-16,0,0,0,0,0,0,0,0,0,0,0,0,2023,7,16,6,197,28,3,1,0,0,-0.7818314824680299,0.6234898018587334,-0.24702218048093527,-0.9690098257244063,-0.23931566428755743,-0.9709418174260521,-0.4999999999999997,-0.8660254037844388,0.0,1.0,0.0,0.0,0.0,0.0,0.3333333333333333,0.5773502691896278,1.0,1.0,0.14285714285714285,0.37796447300922653,1.0,1.0,0.21428571428571427,0.42581531362631914,3.0,1.0,0.2857142857142857,0.5345224838248492,8.0,2.0,0.26785714285714285,0.4858384104195152,15.0,2.0,0.3333333333333333,0.627355000927509,28.0,3.0,0.0,0.0,0.0,407,0.35872235872235875,0.1891891891891892,0.31203931203931207,0.2457002457002457,0.09090909090909091,0.31695331695331697,42.411167512690355,5.8452088452088455
2023-07-17,0,0,0,0,0,0,0,0,0,0,0,0,2023,7,17,0,198,29,3,0,1,0,0.0,1.0,-0.2636654927280072,-0.9646141756912435,-0.3546048870425356,-0.9350162426854148,-0.4999999999999997,-0.8660254037844388,0.0,0.0,1.0,0.0,0.0,1.0,0.0,0.0,0.0,0.0,0.14285714285714285,0.37796447300922653,1.0,1.0,0.21428571428571427,0.42581531362631914,3.0,1.0,0.25,0.5181877251716014,7.0,2.0,0.26785714285714285,0.4858384104195152,15.0,2.0,0.3333333333333333,0.627355000927509,28.0,3.0,0.0,0.0,-1.0,407,0.35872235872235875,0.1891891891891892,0.31203931203931207,0.2457002457002457,0.09090909090909091,0.31695331695331697,42.411167512690355,5.8452088452088455
2023-07-18,0,0,0,0,0,0,0,0,0,0,0,0,2023,7,18,1,199,29,3,0,0,0,0.7818314824680298,0.6234898018587336,-0.2802306751992161,-0.9599326896597445,-0.3546048870425356,-0.9350162426854148,-0.4999999999999997,-0.8660254037844388,0.0,0.0,0.0,0.0,1.0,2.0,0.0,0.0,0.0,0.0,0.14285714285714285,0.37796447300922653,1.0,1.0,0.14285714285714285,0.3631365196012804,2.0,1.0,0.17857142857142858,0.3900210277874806,5.0,1.0,0.26785714285714285,0.4858384104195152,15.0,2.0,0.3333333333333333,0.627355000927509,28.0,3.0,0.0,0.0,-2.0,407,0.35872235872235875,0.1891891891891892,0.31203931203931207,0.2457002457002457,0.09090909090909091,0.31695331695331697,42.411167512690355,5.8452088452088455
2023-07-19,0,0,0,0,0,0,0,0,0,0,0,0,2023,7,19,2,200,29,3,0,0,0,0.9749279121818236,-0.22252093395631434,-0.2967128192734901,-0.9549667548552553,-0.3546048870425356,-0.9350162426854148,-0.4999999999999997,-0.8660254037844388,0.0,0.0,0.0,0.0,0.0,0.0,0.0,0.0,0.0,0.0,0.14285714285714285,0.37796447300922653,1.0,1.0,0.14285714285714285,0.3631365196012804,2.0,1.0,0.17857142857142858,0.3900210277874806,5.0,1.0,0.26785714285714285,0.4858384104195152,15.0,2.0,0.3333333333333333,0.627355000927509,28.0,3.0,0.0,0.0,0.0,407,0.35872235872235875,0.1891891891891892,0.31203931203931207,0.2457002457002457,0.09090909090909091,0.31695331695331697,42.411167512690355,5.8452088452088455
2023-07-20,0,0,0,0,0,0,0,0,0,0,0,0,2023,7,20,3,201,29,3,0,0,0,0.43388373911755823,-0.900968867902419,-0.3131070409358267,-0.9497178427914317,-0.3546048870425356,-0.9350162426854148,-0.4999999999999997,-0.8660254037844388,0.0,0.0,0.0,0.0,0.0,0.0,0.0,0.0,0.0,0.0,0.14285714285714285,0.37796447300922653,1.0,1.0,0.14285714285714285,0.3631365196012804,2.0,1.0,0.17857142857142858,0.3900210277874806,5.0,1.0,0.25,0.47673129462279645,14.0,2.0,0.3333333333333333,0.627355000927509,28.0,3.0,0.0,0.0,0.0,407,0.35872235872235875,0.1891891891891892,0.31203931203931207,0.2457002457002457,0.09090909090909091,0.31695331695331697,42.411167512690355,5.8452088452088455
2023-07-21,0,0,0,0,0,0,0,0,0,0,0,0,2023,7,21,4,202,29,3,0,0,1,-0.433883739117558,-0.9009688679024191,-0.3294084822245302,-0.9441875088341994,-0.3546048870425356,-0.9350162426854148,-0.4999999999999997,-0.8660254037844388,0.0,0.0,0.0,1.0,0.0,0.0,0.0,0.0,0.0,0.0,0.0,0.0,0.0,0.0,0.14285714285714285,0.3631365196012804,2.0,1.0,0.17857142857142858,0.3900210277874806,5.0,1.0,0.25,0.47673129462279645,14.0,2.0,0.3333333333333333,0.627355000927509,28.0,3.0,0.0,-1.0,0.0,407,0.35872235872235875,0.1891891891891892,0.31203931203931207,0.2457002457002457,0.09090909090909091,0.31695331695331697,42.411167512690355,5.8452088452088455
2023-07-22,0,0,0,0,0,0,0,0,0,0,0,0,2023,7,22,5,203,29,3,1,0,0,-0.9749279121818236,-0.2225209339563146,-0.3456123126707333,-0.9383773917408642,-0.3546048870425356,-0.9350162426854148,-0.4999999999999997,-0.8660254037844388,0.0,0.0,0.0,0.0,1.0,0.0,0.0,0.0,0.0,0.0,0.0,0.0,0.0,0.0,0.07142857142857142,0.26726124191242306,1.0,1.0,0.17857142857142858,0.3900210277874806,5.0,1.0,0.25,0.47673129462279645,14.0,2.0,0.3333333333333333,0.627355000927509,28.0,3.0,0.0,0.0,0.0,407,0.35872235872235875,0.1891891891891892,0.31203931203931207,0.2457002457002457,0.09090909090909091,0.31695331695331697,42.411167512690355,5.8452088452088455
2023-07-23,0,0,0,0,0,0,0,0,0,0,0,0,2023,7,23,6,204,29,3,1,0,0,-0.7818314824680299,0.6234898018587334,-0.3617137307297674,-0.9322892131745134,-0.3546048870425356,-0.9350162426854148,-0.4999999999999997,-0.8660254037844388,0.0,0.0,0.0,0.0,0.0,0.0,0.0,0.0,0.0,0.0,0.0,0.0,0.0,0.0,0.07142857142857142,0.26726124191242306,1.0,1.0,0.17857142857142858,0.3900210277874806,5.0,1.0,0.25,0.47673129462279645,14.0,2.0,0.3333333333333333,0.627355000927509,28.0,3.0,0.0,0.0,0.0,407,0.35872235872235875,0.1891891891891892,0.31203931203931207,0.2457002457002457,0.09090909090909091,0.31695331695331697,42.411167512690355,5.8452088452088455
2023-07-24,1,0,0,1,0,1,0,1,2,0,0,0,2023,7,24,0,205,30,3,0,1,0,0.0,1.0,-0.37770796520396466,-0.9259247771938499,-0.46472317204376806,-0.8854560256532101,-0.4999999999999997,-0.8660254037844388,0.0,0.0,0.0,0.0,0.0,0.0,0.3333333333333333,0.5773502691896278,1.0,1.0,0.14285714285714285,0.37796447300922653,1.0,1.0,0.14285714285714285,0.3631365196012804,2.0,1.0,0.21428571428571427,0.4178554470186732,6.0,1.0,0.26785714285714285,0.4858384104195152,15.0,2.0,0.3333333333333333,0.627355000927509,28.0,3.0,1.0,1.0,1.0,407,0.35872235872235875,0.1891891891891892,0.31203931203931207,0.2457002457002457,0.09090909090909091,0.31695331695331697,42.411167512690355,5.8452088452088455
2023-07-25,0,0,0,0,0,0,0,0,0,0,0,0,2023,7,25,1,206,30,3,0,0,0,0.7818314824680298,0.6234898018587336,-0.39359027665646645,-0.9192859697186105,-0.46472317204376806,-0.8854560256532101,-0.4999999999999997,-0.8660254037844388,1.0,0.0,0.0,0.0,0.0,0.0,0.3333333333333333,0.5773502691896278,1.0,1.0,0.14285714285714285,0.37796447300922653,1.0,1.0,0.14285714285714285,0.3631365196012804,2.0,1.0,0.21428571428571427,0.4178554470186732,6.0,1.0,0.25,0.47673129462279645,14.0,2.0,0.3333333333333333,0.627355000927509,28.0,3.0,-1.0,0.0,0.0,407,0.35872235872235875,0.1891891891891892,0.31203931203931207,0.2457002457002457,0.09090909090909091,0.31695331695331697,42.411167512690355,5.8452088452088455
2023-07-26,0,0,0,0,0,0,0,0,0,0,0,0,2023,7,26,2,207,30,3,0,0,0,0.9749279121818236,-0.22252093395631434,-0.4093559588156211,-0.9123747579707274,-0.46472317204376806,-0.8854560256532101,-0.4999999999999997,-0.8660254037844388,0.0,1.0,0.0,0.0,0.0,0.0,0.3333333333333333,0.5773502691896278,1.0,1.0,0.14285714285714285,0.37796447300922653,1.0,1.0,0.14285714285714285,0.3631365196012804,2.0,1.0,0.21428571428571427,0.4178554470186732,6.0,1.0,0.25,0.47673129462279645,14.0,2.0,0.32142857142857145,0.6240310906240204,27.0,3.0,0.0,0.0,0.0,407,0.35872235872235875,0.1891891891891892,0.31203931203931207,0.2457002457002457,0.09090909090909091,0.31695331695331697,42.411167512690355,5.8452088452088455
2023-07-27,0,0,0,0,0,0,0,0,0,0,0,0,2023,7,27,3,208,30,3,0,0,0,0.43388373911755823,-0.900968867902419,-0.42500033996955394,-0.9051931898913975,-0.46472317204376806,-0.8854560256532101,-0.4999999999999997,-0.8660254037844388,0.0,0.0,1.0,0.0,0.0,1.0,0.0,0.0,0.0,0.0,0.14285714285714285,0.37796447300922653,1.0,1.0,0.14285714285714285,0.3631365196012804,2.0,1.0,0.17857142857142858,0.3900210277874806,5.0,1.0,0.23214285714285715,0.46675169293441576,13.0,2.0,0.2976190476190476,0.5967736933533514,25.0,3.0,0.0,0.0,-1.0,407,0.35872235872235875,0.1891891891891892,0.31203931203931207,0.2457002457002457,0.09090909090909091,0.31695331695331697,42.411167512690355,5.8452088452088455
2023-07-28,0,0,0,0,0,0,0,0,0,0,0,0,2023,7,28,4,209,30,3,0,0,1,-0.433883739117558,-0.9009688679024191,-0.4405187843504952,-0.8977433935342336,-0.46472317204376806,-0.8854560256532101,-0.4999999999999997,-0.8660254037844388,0.0,0.0,0.0,0.0,1.0,1.0,0.0,0.0,0.0,0.0,0.14285714285714285,0.37796447300922653,1.0,1.0,0.07142857142857142,0.26726124191242306,1.0,1.0,0.14285714285714285,0.35634832254990007,4.0,1.0,0.23214285714285715,0.46675169293441576,13.0,2.0,0.2976190476190476,0.5967736933533514,25.0,3.0,0.0,0.0,-1.0,407,0.35872235872235875,0.1891891891891892,0.31203931203931207,0.2457002457002457,0.09090909090909091,0.31695331695331697,42.411167512690355,5.8452088452088455
2023-07-29,0,0,0,0,0,0,0,0,0,0,0,0,2023,7,29,5,210,30,3,1,0,0,-0.9749279121818236,-0.2225209339563146,-0.455906693508459,-0.8900275764346766,-0.46472317204376806,-0.8854560256532101,-0.4999999999999997,-0.8660254037844388,0.0,0.0,0.0,0.0,0.0,0.0,0.0,0.0,0.0,0.0,0.14285714285714285,0.37796447300922653,1.0,1.0,0.07142857142857142,0.26726124191242306,1.0,1.0,0.14285714285714285,0.35634832254990007,4.0,1.0,0.23214285714285715,0.46675169293441576,13.0,2.0,0.2976190476190476,0.5967736933533514,25.0,3.0,0.0,0.0,0.0,407,0.35872235872235875,0.1891891891891892,0.31203931203931207,0.2457002457002457,0.09090909090909091,0.31695331695331697,42.411167512690355,5.8452088452088455
2023-07-30,0,0,0,0,0,0,0,0,0,0,0,0,2023,7,30,6,211,30,3,1,0,0,-0.7818314824680299,0.6234898018587334,-0.47115950767386394,-0.8820480249558535,-0.46472317204376806,-0.8854560256532101,-0.4999999999999997,-0.8660254037844388,0.0,0.0,0.0,0.0,0.0,0.0,0.0,0.0,0.0,0.0,0.14285714285714285,0.37796447300922653,1.0,1.0,0.07142857142857142,0.26726124191242306,1.0,1.0,0.14285714285714285,0.35634832254990007,4.0,1.0,0.23214285714285715,0.46675169293441576,13.0,2.0,0.2976190476190476,0.5967736933533514,25.0,3.0,0.0,0.0,0.0,407,0.35872235872235875,0.1891891891891892,0.31203931203931207,0.2457002457002457,0.09090909090909091,0.31695331695331697,42.411167512690355,5.8452088452088455
2023-07-31,0,0,0,0,0,0,0,0,0,0,0,0,2023,7,31,0,212,31,3,0,1,0,0.0,1.0,-0.4862727071086902,-0.8738071036110807,-0.5680647467311556,-0.8229838658936566,-0.4999999999999997,-0.8660254037844388,0.0,0.0,0.0,1.0,0.0,0.0,0.0,0.0,0.0,0.0,0.0,0.0,0.0,0.0,0.07142857142857142,0.26726124191242306,1.0,1.0,0.14285714285714285,0.35634832254990007,4.0,1.0,0.23214285714285715,0.46675169293441576,13.0,2.0,0.2976190476190476,0.5967736933533514,25.0,3.0,0.0,-1.0,0.0,407,0.35872235872235875,0.1891891891891892,0.31203931203931207,0.2457002457002457,0.09090909090909091,0.31695331695331697,42.411167512690355,5.8452088452088455
2023-08-01,0,0,0,0,0,0,0,0,0,0,0,0,2023,8,1,1,213,31,3,0,0,0,0.7818314824680298,0.6234898018587336,-0.5012418134457756,-0.8653072543632061,-0.5680647467311556,-0.8229838658936566,-0.8660254037844385,-0.5000000000000004,0.0,0.0,0.0,0.0,0.0,1.0,0.0,0.0,0.0,0.0,0.0,0.0,0.0,0.0,0.07142857142857142,0.26726124191242306,1.0,1.0,0.10714285714285714,0.314970394174357,3.0,1.0,0.23214285714285715,0.46675169293441576,13.0,2.0,0.2857142857142857,0.5925527493458408,24.0,3.0,0.0,0.0,-1.0,407,0.35872235872235875,0.1891891891891892,0.31203931203931207,0.2457002457002457,0.09090909090909091,0.31695331695331697,42.411167512690355,5.8452088452088455
2023-08-02,0,0,0,0,0,0,0,0,0,0,0,0,2023,8,2,2,214,31,3,0,0,0,0.9749279121818236,-0.22252093395631434,-0.5160623910158526,-0.8565509959010037,-0.5680647467311556,-0.8229838658936566,-0.8660254037844385,-0.5000000000000004,0.0,0.0,0.0,0.0,0.0,0.0,0.0,0.0,0.0,0.0,0.0,0.0,0.0,0.0,0.07142857142857142,0.26726124191242306,1.0,1.0,0.10714285714285714,0.314970394174357,3.0,1.0,0.23214285714285715,0.46675169293441576,13.0,2.0,0.2857142857142857,0.5925527493458408,24.0,3.0,0.0,0.0,0.0,407,0.35872235872235875,0.1891891891891892,0.31203931203931207,0.2457002457002457,0.09090909090909091,0.31695331695331697,42.411167512690355,5.8452088452088455
2023-08-03,0,0,0,0,0,0,0,0,0,0,0,0,2023,8,3,3,215,31,3,0,0,0,0.43388373911755823,-0.900968867902419,-0.5307300481619331,-0.8475409228928312,-0.5680647467311556,-0.8229838658936566,-0.8660254037844385,-0.5000000000000004,0.0,0.0,0.0,0.0,0.0,0.0,0.0,0.0,0.0,0.0,0.0,0.0,0.0,0.0,0.07142857142857142,0.26726124191242306,1.0,1.0,0.10714285714285714,0.314970394174357,3.0,1.0,0.21428571428571427,0.45584230583855206,12.0,2.0,0.2857142857142857,0.5925527493458408,24.0,3.0,0.0,0.0,0.0,407,0.35872235872235875,0.1891891891891892,0.31203931203931207,0.2457002457002457,0.09090909090909091,0.31695331695331697,42.411167512690355,5.8452088452088455
2023-08-04,0,0,0,0,0,0,0,0,0,0,0,0,2023,8,4,4,216,31,3,0,0,1,-0.433883739117558,-0.9009688679024191,-0.5452404385406507,-0.8382797052177745,-0.5680647467311556,-0.8229838658936566,-0.8660254037844385,-0.5000000000000004,0.0,0.0,0.0,0.0,0.0,0.0,0.0,0.0,0.0,0.0,0.0,0.0,0.0,0.0,0.07142857142857142,0.26726124191242306,1.0,1.0,0.10714285714285714,0.314970394174357,3.0,1.0,0.19642857142857142,0.44393459211681435,11.0,2.0,0.2857142857142857,0.5925527493458408,24.0,3.0,0.0,0.0,0.0,407,0.35872235872235875,0.1891891891891892,0.31203931203931207,0.2457002457002457,0.09090909090909091,0.31695331695331697,42.411167512690355,5.8452088452088455
2023-08-05,0,0,0,0,0,0,0,0,0,0,0,0,2023,8,5,5,217,31,3,1,0,0,-0.9749279121818236,-0.2225209339563146,-0.5595892624101763,-0.828770087174504,-0.5680647467311556,-0.8229838658936566,-0.8660254037844385,-0.5000000000000004,0.0,0.0,0.0,0.0,0.0,1.0,0.0,0.0,0.0,0.0,0.0,0.0,0.0,0.0,0.07142857142857142,0.26726124191242306,1.0,1.0,0.07142857142857142,0.26226526415648227,2.0,1.0,0.17857142857142858,0.43094580368566765,10.0,2.0,0.27380952380952384,0.5880576661377563,23.0,3.0,0.0,0.0,-1.0,407,0.35872235872235875,0.1891891891891892,0.31203931203931207,0.2457002457002457,0.09090909090909091,0.31695331695331697,42.411167512690355,5.8452088452088455
2023-08-06,0,0,0,0,0,0,0,0,0,0,0,0,2023,8,6,6,218,31,3,1,0,0,-0.7818314824680299,0.6234898018587334,-0.5737722679043243,-0.8190148866680802,-0.5680647467311556,-0.8229838658936566,-0.8660254037844385,-0.5000000000000004,0.0,0.0,0.0,0.0,0.0,0.0,0.0,0.0,0.0,0.0,0.0,0.0,0.0,0.0,0.07142857142857142,0.26726124191242306,1.0,1.0,0.07142857142857142,0.26226526415648227,2.0,1.0,0.17857142857142858,0.43094580368566765,10.0,2.0,0.25,0.5569927861789788,21.0,3.0,0.0,0.0,0.0,407,0.35872235872235875,0.1891891891891892,0.31203931203931207,0.2457002457002457,0.09090909090909091,0.31695331695331697,42.411167512690355,5.8452088452088455
2023-08-07,0,0,0,0,0,0,0,0,0,0,0,0,2023,8,7,0,219,32,3,0,1,0,0.0,1.0,-0.5877852522924734,-0.8090169943749472,-0.663122658240795,-0.7485107481711013,-0.8660254037844385,-0.5000000000000004,0.0,0.0,0.0,0.0,1.0,0.0,0.0,0.0,0.0,0.0,0.0,0.0,0.0,0.0,0.0,0.0,0.0,0.0,0.07142857142857142,0.26226526415648227,2.0,1.0,0.17857142857142858,0.43094580368566765,10.0,2.0,0.25,0.5569927861789788,21.0,3.0,0.0,0.0,0.0,407,0.35872235872235875,0.1891891891891892,0.31203931203931207,0.2457002457002457,0.09090909090909091,0.31695331695331697,42.411167512690355,5.8452088452088455
2023-08-08,0,0,0,0,0,0,0,0,0,0,0,0,2023,8,8,1,220,32,3,0,0,0,0.7818314824680298,0.6234898018587336,-0.6016240632249227,-0.7987793728863648,-0.663122658240795,-0.7485107481711013,-0.8660254037844385,-0.5000000000000004,0.0,0.0,0.0,0.0,0.0,0.0,0.0,0.0,0.0,0.0,0.0,0.0,0.0,0.0,0.0,0.0,0.0,0.0,0.07142857142857142,0.26226526415648227,2.0,1.0,0.17857142857142858,0.43094580368566765,10.0,2.0,0.2261904761904762,0.5229939407649756,19.0,3.0,0.0,0.0,0.0,407,0.35872235872235875,0.1891891891891892,0.31203931203931207,0.2457002457002457,0.09090909090909091,0.31695331695331697,42.411167512690355,5.8452088452088455
2023-08-09,2,2,0,1,0,0,0,0,4,0,0,0,2023,8,9,2,221,32,3,0,0,0,0.9749279121818236,-0.22252093395631434,-0.6152845999633277,-0.7883050558305253,-0.663122658240795,-0.7485107481711013,-0.8660254037844385,-0.5000000000000004,0.0,0.0,0.0,0.0,0.0,0.0,0.6666666666666666,1.154700538379253,2.0,2.0,0.2857142857142857,0.7559289460184541,2.0,2.0,0.14285714285714285,0.5345224838248481,2.0,2.0,0.14285714285714285,0.44839513942303355,4.0,2.0,0.21428571428571427,0.49412128486419654,12.0,2.0,0.25,0.5569927861789788,21.0,3.0,2.0,2.0,2.0,407,0.35872235872235875,0.1891891891891892,0.31203931203931207,0.2457002457002457,0.09090909090909091,0.31695331695331697,42.411167512690355,5.8452088452088455
2023-08-10,0,0,0,0,0,0,0,0,0,0,0,0,2023,8,10,3,222,32,3,0,0,0,0.43388373911755823,-0.900968867902419,-0.6287628145958345,-0.7775971469736268,-0.663122658240795,-0.7485107481711013,-0.8660254037844385,-0.5000000000000004,2.0,0.0,0.0,0.0,0.0,0.0,0.6666666666666666,1.154700538379253,2.0,2.0,0.2857142857142857,0.7559289460184541,2.0,2.0,0.14285714285714285,0.5345224838248481,2.0,2.0,0.14285714285714285,0.44839513942303355,4.0,2.0,0.21428571428571427,0.49412128486419654,12.0,2.0,0.21428571428571427,0.46753464072236106,18.0,2.0,-2.0,0.0,0.0,407,0.35872235872235875,0.1891891891891892,0.31203931203931207,0.2457002457002457,0.09090909090909091,0.31695331695331697,42.411167512690355,5.8452088452088455
2023-08-11,0,0,0,0,0,0,0,0,0,0,0,0,2023,8,11,4,223,32,3,0,0,1,-0.433883739117558,-0.9009688679024191,-0.6420547132365636,-0.7666588193001592,-0.663122658240795,-0.7485107481711013,-0.8660254037844385,-0.5000000000000004,0.0,2.0,0.0,0.0,0.0,1.0,0.6666666666666666,1.154700538379253,2.0,2.0,0.2857142857142857,0.7559289460184541,2.0,2.0,0.14285714285714285,0.5345224838248481,2.0,2.0,0.10714285714285714,0.4162696521251867,3.0,2.0,0.19642857142857142,0.48315790218267024,11.0,2.0,0.21428571428571427,0.46753464072236106,18.0,2.0,0.0,0.0,-1.0,407,0.35872235872235875,0.1891891891891892,0.31203931203931207,0.2457002457002457,0.09090909090909091,0.31695331695331697,42.411167512690355,5.8452088452088455
2023-08-12,0,0,0,0,0,0,0,0,0,0,0,0,2023,8,12,5,224,32,3,1,0,0,-0.9749279121818236,-0.2225209339563146,-0.655156357209085,-0.7554933140726804,-0.663122658240795,-0.7485107481711013,-0.8660254037844385,-0.5000000000000004,0.0,0.0,2.0,0.0,0.0,0.0,0.0,0.0,0.0,0.0,0.2857142857142857,0.7559289460184541,2.0,2.0,0.14285714285714285,0.5345224838248481,2.0,2.0,0.10714285714285714,0.4162696521251867,3.0,2.0,0.19642857142857142,0.48315790218267024,11.0,2.0,0.21428571428571427,0.46753464072236106,18.0,2.0,0.0,0.0,0.0,407,0.35872235872235875,0.1891891891891892,0.31203931203931207,0.2457002457002457,0.09090909090909091,0.31695331695331697,42.411167512690355,5.8452088452088455
2023-08-13,0,0,0,0,0,0,0,0,0,0,0,0,2023,8,13,6,225,32,3,1,0,0,-0.7818314824680299,0.6234898018587334,-0.6680638642135333,-0.7441039398713608,-0.663122658240795,-0.7485107481711013,-0.8660254037844385,-0.5000000000000004,0.0,0.0,0.0,0.0,0.0,0.0,0.0,0.0,0.0,0.0,0.2857142857142857,0.7559289460184541,2.0,2.0,0.14285714285714285,0.5345224838248481,2.0,2.0,0.10714285714285714,0.4162696521251867,3.0,2.0,0.19642857142857142,0.48315790218267024,11.0,2.0,0.21428571428571427,0.46753464072236106,18.0,2.0,0.0,0.0,0.0,407,0.35872235872235875,0.1891891891891892,0.31203931203931207,0.2457002457002457,0.09090909090909091,0.31695331695331697,42.411167512690355,5.8452088452088455
2023-08-14,0,0,0,0,0,0,0,0,0,0,0,0,2023,8,14,0,226,33,3,0,1,0,0.0,1.0,-0.6807734094770159,-0.7324940716135792,-0.7485107481711011,-0.6631226582407952,-0.8660254037844385,-0.5000000000000004,0.0,0.0,0.0,0.0,0.0,0.0,0.0,0.0,0.0,0.0,0.2857142857142857,0.7559289460184541,2.0,2.0,0.14285714285714285,0.5345224838248481,2.0,2.0,0.10714285714285714,0.4162696521251867,3.0,2.0,0.17857142857142858,0.47125144252078677,10.0,2.0,0.21428571428571427,0.46753464072236106,18.0,2.0,0.0,0.0,0.0,407,0.35872235872235875,0.1891891891891892,0.31203931203931207,0.2457002457002457,0.09090909090909091,0.31695331695331697,42.411167512690355,5.8452088452088455
2023-08-15,0,0,0,0,0,0,0,0,0,0,0,0,2023,8,15,1,227,33,3,0,0,0,0.7818314824680298,0.6234898018587336,-0.6932812268869771,-0.7206671495538615,-0.7485107481711011,-0.6631226582407952,-0.8660254037844385,-0.5000000000000004,0.0,0.0,0.0,0.0,0.0,0.0,0.0,0.0,0.0,0.0,0.2857142857142857,0.7559289460184541,2.0,2.0,0.14285714285714285,0.5345224838248481,2.0,2.0,0.10714285714285714,0.4162696521251867,3.0,2.0,0.14285714285714285,0.40129659983478727,8.0,2.0,0.21428571428571427,0.46753464072236106,18.0,2.0,0.0,0.0,0.0,407,0.35872235872235875,0.1891891891891892,0.31203931203931207,0.2457002457002457,0.09090909090909091,0.31695331695331697,42.411167512690355,5.8452088452088455
2023-08-16,0,0,0,0,0,0,0,0,0,0,0,0,2023,8,16,2,228,33,3,0,0,0,0.9749279121818236,-0.22252093395631434,-0.7055836101071774,-0.70862667826446,-0.7485107481711011,-0.6631226582407952,-0.8660254037844385,-0.5000000000000004,0.0,0.0,0.0,2.0,0.0,0.0,0.0,0.0,0.0,0.0,0.0,0.0,0.0,0.0,0.14285714285714285,0.5345224838248481,2.0,2.0,0.10714285714285714,0.4162696521251867,3.0,2.0,0.14285714285714285,0.40129659983478727,8.0,2.0,0.21428571428571427,0.46753464072236106,18.0,2.0,0.0,-2.0,0.0,407,0.35872235872235875,0.1891891891891892,0.31203931203931207,0.2457002457002457,0.09090909090909091,0.31695331695331697,42.411167512690355,5.8452088452088455
2023-08-17,0,0,0,0,0,0,0,0,0,0,0,0,2023,8,17,3,229,33,3,0,0,0,0.43388373911755823,-0.900968867902419,-0.7176769136759615,-0.6963762255968726,-0.7485107481711011,-0.6631226582407952,-0.8660254037844385,-0.5000000000000004,0.0,0.0,0.0,0.0,0.0,0.0,0.0,0.0,0.0,0.0,0.0,0.0,0.0,0.0,0.14285714285714285,0.5345224838248481,2.0,2.0,0.10714285714285714,0.4162696521251867,3.0,2.0,0.14285714285714285,0.40129659983478727,8.0,2.0,0.20238095238095238,0.45995709346154023,17.0,2.0,0.0,0.0,0.0,407,0.35872235872235875,0.1891891891891892,0.31203931203931207,0.2457002457002457,0.09090909090909091,0.31695331695331697,42.411167512690355,5.8452088452088455
2023-08-18,0,0,0,0,0,0,0,0,0,0,0,0,2023,8,18,4,230,33,3,0,0,1,-0.433883739117558,-0.9009688679024191,-0.7295575540864876,-0.6839194216246105,-0.7485107481711011,-0.6631226582407952,-0.8660254037844385,-0.5000000000000004,0.0,0.0,0.0,0.0,0.0,0.0,0.0,0.0,0.0,0.0,0.0,0.0,0.0,0.0,0.14285714285714285,0.5345224838248481,2.0,2.0,0.10714285714285714,0.4162696521251867,3.0,2.0,0.14285714285714285,0.40129659983478727,8.0,2.0,0.20238095238095238,0.45995709346154023,17.0,2.0,0.0,0.0,0.0,407,0.35872235872235875,0.1891891891891892,0.31203931203931207,0.2457002457002457,0.09090909090909091,0.31695331695331697,42.411167512690355,5.8452088452088455
2023-08-19,0,0,0,0,0,0,0,0,0,0,0,0,2023,8,19,5,231,33,3,1,0,0,-0.9749279121818236,-0.2225209339563146,-0.7412220108485957,-0.6712599575675315,-0.7485107481711011,-0.6631226582407952,-0.8660254037844385,-0.5000000000000004,0.0,0.0,0.0,0.0,0.0,0.0,0.0,0.0,0.0,0.0,0.0,0.0,0.0,0.0,0.14285714285714285,0.5345224838248481,2.0,2.0,0.10714285714285714,0.4162696521251867,3.0,2.0,0.14285714285714285,0.40129659983478727,8.0,2.0,0.20238095238095238,0.45995709346154023,17.0,2.0,0.0,0.0,0.0,407,0.35872235872235875,0.1891891891891892,0.31203931203931207,0.2457002457002457,0.09090909090909091,0.31695331695331697,42.411167512690355,5.8452088452088455
2023-08-20,2,0,0,0,0,0,0,0,4,0,0,0,2023,8,20,6,232,33,3,1,0,0,-0.7818314824680299,0.6234898018587334,-0.7526668275320083,-0.6584015846980489,-0.7485107481711011,-0.6631226582407952,-0.8660254037844385,-0.5000000000000004,0.0,0.0,0.0,0.0,0.0,0.0,0.6666666666666666,1.154700538379253,2.0,2.0,0.2857142857142857,0.7559289460184541,2.0,2.0,0.2857142857142857,0.7262730392025624,4.0,2.0,0.17857142857142858,0.5479640045336471,5.0,2.0,0.17857142857142858,0.47125144252078677,10.0,2.0,0.2261904761904762,0.49942594699786097,19.0,2.0,2.0,2.0,2.0,407,0.35872235872235875,0.1891891891891892,0.31203931203931207,0.2457002457002457,0.09090909090909091,0.31695331695331697,42.411167512690355,5.8452088452088455
2023-08-21,0,0,0,0,0,0,0,0,0,0,0,0,2023,8,21,0,233,34,3,0,1,0,0.0,1.0,-0.7638886127905429,-0.64534811322955,-0.8229838658936564,-0.5680647467311559,-0.8660254037844385,-0.5000000000000004,2.0,0.0,0.0,0.0,0.0,1.0,0.6666666666666666,1.154700538379253,2.0,2.0,0.2857142857142857,0.7559289460184541,2.0,2.0,0.2857142857142857,0.7262730392025624,4.0,2.0,0.14285714285714285,0.5245305283129628,4.0,2.0,0.17857142857142858,0.47125144252078677,10.0,2.0,0.2261904761904762,0.49942594699786097,19.0,2.0,-2.0,0.0,-1.0,407,0.35872235872235875,0.1891891891891892,0.31203931203931207,0.2457002457002457,0.09090909090909091,0.31695331695331697,42.411167512690355,5.8452088452088455
2023-08-22,0,0,0,0,0,0,0,0,0,0,0,0,2023,8,22,1,234,34,3,0,0,0,0.7818314824680298,0.6234898018587336,-0.7748840413670406,-0.6321034111873488,-0.8229838658936564,-0.5680647467311559,-0.8660254037844385,-0.5000000000000004,0.0,2.0,0.0,0.0,0.0,0.0,0.6666666666666666,1.154700538379253,2.0,2.0,0.2857142857142857,0.7559289460184541,2.0,2.0,0.2857142857142857,0.7262730392025624,4.0,2.0,0.14285714285714285,0.5245305283129628,4.0,2.0,0.17857142857142858,0.47125144252078677,10.0,2.0,0.21428571428571427,0.49263071952280435,18.0,2.0,0.0,0.0,0.0,407,0.35872235872235875,0.1891891891891892,0.31203931203931207,0.2457002457002457,0.09090909090909091,0.31695331695331697,42.411167512690355,5.8452088452088455
2023-08-23,2,2,0,2,0,0,0,0,4,0,0,0,2023,8,23,2,235,34,3,0,0,0,0.9749279121818236,-0.22252093395631434,-0.7856498550787144,-0.6186714032625032,-0.8229838658936564,-0.5680647467311559,-0.8660254037844385,-0.5000000000000004,0.0,0.0,2.0,0.0,2.0,0.0,0.6666666666666666,1.154700538379253,2.0,2.0,0.5714285714285714,0.9759000729485328,4.0,2.0,0.2857142857142857,0.7262730392025624,4.0,2.0,0.21428571428571427,0.6299407883487125,6.0,2.0,0.21428571428571427,0.52964089770285,12.0,2.0,0.23809523809523808,0.5291285770598564,20.0,2.0,2.0,2.0,2.0,407,0.35872235872235875,0.1891891891891892,0.31203931203931207,0.2457002457002457,0.09090909090909091,0.31695331695331697,42.411167512690355,5.8452088452088455
2023-08-24,0,0,0,0,0,0,0,0,0,0,0,0,2023,8,24,3,236,34,3,0,0,0,0.43388373911755823,-0.900968867902419,-0.7961828637826154,-0.6050560696488494,-0.8229838658936564,-0.5680647467311559,-0.8660254037844385,-0.5000000000000004,2.0,0.0,0.0,0.0,0.0,0.0,0.6666666666666666,1.154700538379253,2.0,2.0,0.5714285714285714,0.9759000729485328,4.0,2.0,0.2857142857142857,0.7262730392025624,4.0,2.0,0.21428571428571427,0.6299407883487125,6.0,2.0,0.19642857142857142,0.5194277570607824,11.0,2.0,0.2261904761904762,0.5229939407649757,19.0,2.0,-2.0,0.0,0.0,407,0.35872235872235875,0.1891891891891892,0.31203931203931207,0.2457002457002457,0.09090909090909091,0.31695331695331697,42.411167512690355,5.8452088452088455
2023-08-25,0,0,0,0,0,0,0,0,0,0,0,0,2023,8,25,4,237,34,3,0,0,1,-0.433883739117558,-0.9009688679024191,-0.8064799463209447,-0.5912614448635782,-0.8229838658936564,-0.5680647467311559,-0.8660254037844385,-0.5000000000000004,0.0,2.0,0.0,0.0,0.0,0.0,0.6666666666666666,1.154700538379253,2.0,2.0,0.5714285714285714,0.9759000729485328,4.0,2.0,0.2857142857142857,0.7262730392025624,4.0,2.0,0.21428571428571427,0.6299407883487125,6.0,2.0,0.17857142857142858,0.5083714768174535,10.0,2.0,0.2261904761904762,0.5229939407649757,19.0,2.0,0.0,0.0,0.0,407,0.35872235872235875,0.1891891891891892,0.31203931203931207,0.2457002457002457,0.09090909090909091,0.31695331695331697,42.411167512690355,5.8452088452088455
2023-08-26,0,0,0,0,0,0,0,0,0,0,0,0,2023,8,26,5,238,34,3,1,0,0,-0.9749279121818236,-0.2225209339563146,-0.8165380514459157,-0.5772916165517278,-0.8229838658936564,-0.5680647467311559,-0.8660254037844385,-0.5000000000000004,0.0,0.0,2.0,0.0,0.0,0.0,0.0,0.0,0.0,0.0,0.5714285714285714,0.9759000729485328,4.0,2.0,0.2857142857142857,0.7262730392025624,4.0,2.0,0.21428571428571427,0.6299407883487125,6.0,2.0,0.17857142857142858,0.5083714768174535,10.0,2.0,0.2261904761904762,0.5229939407649757,19.0,2.0,0.0,0.0,0.0,407,0.35872235872235875,0.1891891891891892,0.31203931203931207,0.2457002457002457,0.09090909090909091,0.31695331695331697,42.411167512690355,5.8452088452088455
2023-08-27,0,0,0,0,0,0,0,0,0,0,0,0,2023,8,27,6,239,34,3,1,0,0,-0.7818314824680299,0.6234898018587334,-0.8263541987239094,-0.5631507242749187,-0.8229838658936564,-0.5680647467311559,-0.8660254037844385,-0.5000000000000004,0.0,0.0,0.0,2.0,0.0,0.0,0.0,0.0,0.0,0.0,0.2857142857142857,0.7559289460184541,2.0,2.0,0.2857142857142857,0.7262730392025624,4.0,2.0,0.21428571428571427,0.6299407883487125,6.0,2.0,0.17857142857142858,0.5083714768174535,10.0,2.0,0.2261904761904762,0.5229939407649757,19.0,2.0,0.0,-2.0,0.0,407,0.35872235872235875,0.1891891891891892,0.31203931203931207,0.2457002457002457,0.09090909090909091,0.31695331695331697,42.411167512690355,5.8452088452088455
2023-08-28,0,0,0,0,0,0,0,0,0,0,0,0,2023,8,28,0,240,35,3,0,1,0,0.0,1.0,-0.8359254794186365,-0.5488429582847199,-0.8854560256532096,-0.4647231720437691,-0.8660254037844385,-0.5000000000000004,0.0,0.0,0.0,0.0,0.0,0.0,0.0,0.0,0.0,0.0,0.2857142857142857,0.7559289460184541,2.0,2.0,0.2857142857142857,0.7262730392025624,4.0,2.0,0.21428571428571427,0.6299407883487125,6.0,2.0,0.17857142857142858,0.5083714768174535,10.0,2.0,0.2261904761904762,0.5229939407649757,19.0,2.0,0.0,0.0,0.0,407,0.35872235872235875,0.1891891891891892,0.31203931203931207,0.2457002457002457,0.09090909090909091,0.31695331695331697,42.411167512690355,5.8452088452088455
2023-08-29,0,0,0,0,0,0,0,0,0,0,0,0,2023,8,29,1,241,35,3,0,0,0,0.7818314824680298,0.6234898018587336,-0.8452490573530634,-0.5343725582809785,-0.8854560256532096,-0.4647231720437691,-0.8660254037844385,-0.5000000000000004,0.0,0.0,0.0,0.0,0.0,0.0,0.0,0.0,0.0,0.0,0.2857142857142857,0.7559289460184541,2.0,2.0,0.2857142857142857,0.7262730392025624,4.0,2.0,0.21428571428571427,0.6299407883487125,6.0,2.0,0.16071428571428573,0.4964157243969733,9.0,2.0,0.2261904761904762,0.5229939407649757,19.0,2.0,0.0,0.0,0.0,407,0.35872235872235875,0.1891891891891892,0.31203931203931207,0.2457002457002457,0.09090909090909091,0.31695331695331697,42.411167512690355,5.8452088452088455
2023-08-30,0,0,0,0,0,0,0,0,0,0,0,0,2023,8,30,2,242,35,3,0,0,0,0.9749279121818236,-0.22252093395631434,-0.8543221697498269,-0.5197438121555157,-0.8854560256532096,-0.4647231720437691,-0.8660254037844385,-0.5000000000000004,0.0,0.0,0.0,2.0,0.0,0.0,0.0,0.0,0.0,0.0,0.0,0.0,0.0,0.0,0.2857142857142857,0.7262730392025624,4.0,2.0,0.21428571428571427,0.6299407883487125,6.0,2.0,0.16071428571428573,0.4964157243969733,9.0,2.0,0.2261904761904762,0.5229939407649757,19.0,2.0,0.0,-2.0,0.0,407,0.35872235872235875,0.1891891891891892,0.31203931203931207,0.2457002457002457,0.09090909090909091,0.31695331695331697,42.411167512690355,5.8452088452088455
2023-08-31,0,0,0,0,0,0,0,0,0,0,0,0,2023,8,31,3,243,35,3,0,0,0,0.43388373911755823,-0.900968867902419,-0.8631421280499115,-0.5049610547215202,-0.8854560256532096,-0.4647231720437691,-0.8660254037844385,-0.5000000000000004,0.0,0.0,0.0,0.0,0.0,0.0,0.0,0.0,0.0,0.0,0.0,0.0,0.0,0.0,0.2857142857142857,0.7262730392025624,4.0,2.0,0.21428571428571427,0.6299407883487125,6.0,2.0,0.16071428571428573,0.4964157243969733,9.0,2.0,0.21428571428571427,0.5165088686167205,18.0,2.0,0.0,0.0,0.0,407,0.35872235872235875,0.1891891891891892,0.31203931203931207,0.2457002457002457,0.09090909090909091,0.31695331695331697,42.411167512690355,5.8452088452088455
2023-09-01,1,0,1,0,0,0,0,0,2,0,0,0,2023,9,1,4,244,35,3,0,0,1,-0.433883739117558,-0.9009688679024191,-0.8717063187093217,-0.4900286664290594,-0.8854560256532096,-0.4647231720437691,-1.0,-1.8369701987210297e-16,0.0,0.0,0.0,0.0,0.0,0.0,0.3333333333333333,0.5773502691896278,1.0,1.0,0.14285714285714285,0.37796447300922664,1.0,1.0,0.35714285714285715,0.7449463436684914,5.0,2.0,0.25,0.6454972243679032,7.0,2.0,0.17857142857142858,0.5083714768174535,10.0,2.0,0.21428571428571427,0.5165088686167205,18.0,2.0,1.0,1.0,1.0,407,0.35872235872235875,0.1891891891891892,0.31203931203931207,0.2457002457002457,0.09090909090909091,0.31695331695331697,42.411167512690355,5.8452088452088455
2023-09-02,0,0,0,0,0,0,0,0,0,0,0,0,2023,9,2,5,245,35,3,1,0,0,-0.9749279121818236,-0.2225209339563146,-0.8800122039735356,-0.4749510720670502,-0.8854560256532096,-0.4647231720437691,-1.0,-1.8369701987210297e-16,1.0,0.0,0.0,0.0,0.0,0.0,0.3333333333333333,0.5773502691896278,1.0,1.0,0.14285714285714285,0.37796447300922664,1.0,1.0,0.35714285714285715,0.7449463436684914,5.0,2.0,0.25,0.6454972243679032,7.0,2.0,0.16071428571428573,0.4964157243969733,9.0,2.0,0.20238095238095238,0.5096599836262657,17.0,2.0,-1.0,0.0,0.0,407,0.35872235872235875,0.1891891891891892,0.31203931203931207,0.2457002457002457,0.09090909090909091,0.31695331695331697,42.411167512690355,5.8452088452088455
2023-09-03,0,0,0,0,0,0,0,0,0,0,0,0,2023,9,3,6,246,35,3,1,0,0,-0.7818314824680299,0.6234898018587334,-0.888057322629493,-0.4597327394521046,-0.8854560256532096,-0.4647231720437691,-1.0,-1.8369701987210297e-16,0.0,1.0,0.0,0.0,2.0,0.0,0.3333333333333333,0.5773502691896278,1.0,1.0,0.14285714285714285,0.37796447300922664,1.0,1.0,0.21428571428571427,0.5789342235218388,3.0,2.0,0.25,0.6454972243679032,7.0,2.0,0.16071428571428573,0.4964157243969733,9.0,2.0,0.20238095238095238,0.5096599836262657,17.0,2.0,0.0,0.0,0.0,407,0.35872235872235875,0.1891891891891892,0.31203931203931207,0.2457002457002457,0.09090909090909091,0.31695331695331697,42.411167512690355,5.8452088452088455
2023-09-04,0,0,0,0,0,0,0,0,0,0,0,0,2023,9,4,0,247,36,3,0,1,0,0.0,1.0,-0.8958392907349089,-0.4443781781046134,-0.9350162426854147,-0.3546048870425359,-1.0,-1.8369701987210297e-16,0.0,0.0,1.0,0.0,0.0,0.0,0.0,0.0,0.0,0.0,0.14285714285714285,0.37796447300922664,1.0,1.0,0.21428571428571427,0.5789342235218388,3.0,2.0,0.25,0.6454972243679032,7.0,2.0,0.16071428571428573,0.4964157243969733,9.0,2.0,0.20238095238095238,0.5096599836262657,17.0,2.0,0.0,0.0,0.0,407,0.35872235872235875,0.1891891891891892,0.31203931203931207,0.2457002457002457,0.09090909090909091,0.31695331695331697,42.411167512690355,5.8452088452088455
2023-09-05,0,0,0,0,0,0,0,0,0,0,0,0,2023,9,5,1,248,36,3,0,0,0,0.7818314824680298,0.6234898018587336,-0.9033558023246842,-0.4288919379124841,-0.9350162426854147,-0.3546048870425359,-1.0,-1.8369701987210297e-16,0.0,0.0,0.0,0.0,0.0,0.0,0.0,0.0,0.0,0.0,0.14285714285714285,0.37796447300922664,1.0,1.0,0.21428571428571427,0.5789342235218388,3.0,2.0,0.25,0.6454972243679032,7.0,2.0,0.16071428571428573,0.4964157243969733,9.0,2.0,0.20238095238095238,0.5096599836262657,17.0,2.0,0.0,0.0,0.0,407,0.35872235872235875,0.1891891891891892,0.31203931203931207,0.2457002457002457,0.09090909090909091,0.31695331695331697,42.411167512690355,5.8452088452088455
2023-09-06,0,0,0,0,0,0,0,0,0,0,0,0,2023,9,6,2,249,36,3,0,0,0,0.9749279121818236,-0.22252093395631434,-0.9106046300942162,-0.41327860778290443,-0.9350162426854147,-0.3546048870425359,-1.0,-1.8369701987210297e-16,0.0,0.0,0.0,0.0,2.0,2.0,0.0,0.0,0.0,0.0,0.14285714285714285,0.37796447300922664,1.0,1.0,0.07142857142857142,0.2672612419124232,1.0,1.0,0.17857142857142858,0.547964004533647,5.0,2.0,0.16071428571428573,0.4964157243969733,9.0,2.0,0.20238095238095238,0.5096599836262657,17.0,2.0,0.0,0.0,-2.0,407,0.35872235872235875,0.1891891891891892,0.31203931203931207,0.2457002457002457,0.09090909090909091,0.31695331695331697,42.411167512690355,5.8452088452088455
2023-09-07,0,0,0,0,0,0,0,0,0,0,0,0,2023,9,7,3,250,36,3,0,0,0,0.43388373911755823,-0.900968867902419,-0.9175836260593934,-0.3975428142825566,-0.9350162426854147,-0.3546048870425359,-1.0,-1.8369701987210297e-16,0.0,0.0,0.0,0.0,0.0,0.0,0.0,0.0,0.0,0.0,0.14285714285714285,0.37796447300922664,1.0,1.0,0.07142857142857142,0.2672612419124232,1.0,1.0,0.17857142857142858,0.547964004533647,5.0,2.0,0.16071428571428573,0.4964157243969733,9.0,2.0,0.20238095238095238,0.5096599836262657,17.0,2.0,0.0,0.0,0.0,407,0.35872235872235875,0.1891891891891892,0.31203931203931207,0.2457002457002457,0.09090909090909091,0.31695331695331697,42.411167512690355,5.8452088452088455
2023-09-08,1,0,0,0,0,0,0,0,2,0,0,0,2023,9,8,4,251,36,3,0,0,1,-0.433883739117558,-0.9009688679024191,-0.9242907221930934,-0.3816892202666586,-0.9350162426854147,-0.3546048870425359,-1.0,-1.8369701987210297e-16,0.0,0.0,0.0,1.0,0.0,0.0,0.3333333333333333,0.5773502691896278,1.0,1.0,0.14285714285714285,0.37796447300922664,1.0,1.0,0.14285714285714285,0.36313651960128046,2.0,1.0,0.21428571428571427,0.5681120688308983,6.0,2.0,0.16071428571428573,0.4964157243969733,9.0,2.0,0.20238095238095238,0.5096599836262657,17.0,2.0,1.0,0.0,1.0,407,0.35872235872235875,0.1891891891891892,0.31203931203931207,0.2457002457002457,0.09090909090909091,0.31695331695331697,42.411167512690355,5.8452088452088455
2023-09-09,0,0,0,0,0,0,0,0,0,0,0,0,2023,9,9,5,252,36,3,1,0,0,-0.9749279121818236,-0.2225209339563146,-0.9307239310379793,-0.3657225234972692,-0.9350162426854147,-0.3546048870425359,-1.0,-1.8369701987210297e-16,1.0,0.0,0.0,0.0,0.0,0.0,0.3333333333333333,0.5773502691896278,1.0,1.0,0.14285714285714285,0.37796447300922664,1.0,1.0,0.14285714285714285,0.36313651960128046,2.0,1.0,0.21428571428571427,0.5681120688308983,6.0,2.0,0.16071428571428573,0.4964157243969733,9.0,2.0,0.20238095238095238,0.5096599836262657,17.0,2.0,-1.0,0.0,0.0,407,0.35872235872235875,0.1891891891891892,0.31203931203931207,0.2457002457002457,0.09090909090909091,0.31695331695331697,42.411167512690355,5.8452088452088455
2023-09-10,0,0,0,0,0,0,0,0,0,0,0,0,2023,9,10,6,253,36,3,1,0,0,-0.7818314824680299,0.6234898018587334,-0.9368813462954315,-0.34964745525122826,-0.9350162426854147,-0.3546048870425359,-1.0,-1.8369701987210297e-16,0.0,1.0,0.0,0.0,0.0,0.0,0.3333333333333333,0.5773502691896278,1.0,1.0,0.14285714285714285,0.37796447300922664,1.0,1.0,0.14285714285714285,0.36313651960128046,2.0,1.0,0.21428571428571427,0.5681120688308983,6.0,2.0,0.16071428571428573,0.4964157243969733,9.0,2.0,0.20238095238095238,0.5096599836262657,17.0,2.0,0.0,0.0,0.0,407,0.35872235872235875,0.1891891891891892,0.31203931203931207,0.2457002457002457,0.09090909090909091,0.31695331695331697,42.411167512690355,5.8452088452088455
2023-09-11,1,1,0,1,0,0,0,0,2,0,0,0,2023,9,11,0,254,37,3,0,1,0,0.0,1.0,-0.9427611433904206,-0.33346877891818705,-0.970941817426052,-0.23931566428755774,-1.0,-1.8369701987210297e-16,0.0,0.0,1.0,0.0,0.0,0.0,0.3333333333333333,0.5773502691896278,1.0,1.0,0.2857142857142857,0.48795003647426605,2.0,1.0,0.21428571428571427,0.4258153136263192,3.0,1.0,0.25,0.5853140973807082,7.0,2.0,0.17857142857142858,0.5083714768174535,10.0,2.0,0.20238095238095238,0.5096599836262657,17.0,2.0,1.0,1.0,1.0,407,0.35872235872235875,0.1891891891891892,0.31203931203931207,0.2457002457002457,0.09090909090909091,0.31695331695331697,42.411167512690355,5.8452088452088455
2023-09-12,2,1,0,1,0,0,0,0,4,0,0,1,2023,9,12,1,255,37,3,0,0,0,0.7818314824680298,0.6234898018587336,-0.9483615800121716,-0.31719128858910595,-0.970941817426052,-0.23931566428755774,-1.0,-1.8369701987210297e-16,1.0,0.0,0.0,0.0,0.0,0.0,1.0,1.000000000000002,3.0,2.0,0.5714285714285714,0.7867957924694426,4.0,2.0,0.35714285714285715,0.6333236937766502,5.0,2.0,0.32142857142857145,0.6696362433535828,9.0,2.0,0.21428571428571427,0.5629237220824125,12.0,2.0,0.20238095238095238,0.5096599836262657,17.0,2.0,1.0,2.0,2.0,407,0.35872235872235875,0.1891891891891892,0.31203931203931207,0.2457002457002457,0.09090909090909091,0.31695331695331697,42.411167512690355,5.8452088452088455
2023-09-13,0,0,0,0,0,0,0,0,0,0,0,0,2023,9,13,2,256,37,3,0,0,0,0.9749279121818236,-0.22252093395631434,-0.9536809966304455,-0.300819807635668,-0.970941817426052,-0.23931566428755774,-1.0,-1.8369701987210297e-16,2.0,1.0,0.0,0.0,0.0,0.0,1.0,1.000000000000002,3.0,2.0,0.5714285714285714,0.7867957924694426,4.0,2.0,0.35714285714285715,0.6333236937766502,5.0,2.0,0.32142857142857145,0.6696362433535828,9.0,2.0,0.21428571428571427,0.5629237220824125,12.0,2.0,0.20238095238095238,0.5096599836262657,17.0,2.0,-2.0,0.0,0.0,407,0.35872235872235875,0.1891891891891892,0.31203931203931207,0.2457002457002457,0.09090909090909091,0.31695331695331697,42.411167512690355,5.8452088452088455
2023-09-14,0,0,0,0,0,0,0,0,0,0,0,0,2023,9,14,3,257,37,3,0,0,0,0.43388373911755823,-0.900968867902419,-0.9587178169872964,-0.2843591872810036,-0.970941817426052,-0.23931566428755774,-1.0,-1.8369701987210297e-16,0.0,2.0,1.0,0.0,0.0,0.0,0.6666666666666666,1.154700538379253,2.0,2.0,0.5714285714285714,0.7867957924694426,4.0,2.0,0.35714285714285715,0.6333236937766502,5.0,2.0,0.32142857142857145,0.6696362433535828,9.0,2.0,0.21428571428571427,0.5629237220824125,12.0,2.0,0.20238095238095238,0.5096599836262657,17.0,2.0,0.0,0.0,0.0,407,0.35872235872235875,0.1891891891891892,0.31203931203931207,0.2457002457002457,0.09090909090909091,0.31695331695331697,42.411167512690355,5.8452088452088455
2023-09-15,2,0,0,0,0,0,0,0,4,0,0,0,2023,9,15,4,258,37,3,0,0,1,-0.433883739117558,-0.9009688679024191,-0.9634705485641486,-0.26781430516217486,-0.970941817426052,-0.23931566428755774,-1.0,-1.8369701987210297e-16,0.0,0.0,2.0,1.0,1.0,0.0,0.6666666666666666,1.154700538379253,2.0,2.0,0.7142857142857143,0.9511897312113414,5.0,2.0,0.42857142857142855,0.7559289460184538,6.0,2.0,0.39285714285714285,0.7373267889143824,11.0,2.0,0.25,0.6105139414683934,14.0,2.0,0.2261904761904762,0.5455447255899809,19.0,2.0,2.0,1.0,2.0,407,0.35872235872235875,0.1891891891891892,0.31203931203931207,0.2457002457002457,0.09090909090909091,0.31695331695331697,42.411167512690355,5.8452088452088455
2023-09-16,1,0,0,0,0,1,0,1,3,0,0,0,2023,9,16,5,259,37,3,1,0,0,-0.9749279121818236,-0.2225209339563146,-0.9679377830240642,-0.25119006388481957,-0.970941817426052,-0.23931566428755774,-1.0,-1.8369701987210297e-16,2.0,0.0,0.0,0.0,0.0,0.0,1.0,1.000000000000002,3.0,2.0,0.8571428571428571,0.8997354108424368,6.0,2.0,0.5,0.7595545253127494,7.0,2.0,0.42857142857142855,0.7417981870189161,12.0,2.0,0.26785714285714285,0.6176516060802455,15.0,2.0,0.23809523809523808,0.5514285417019662,20.0,2.0,-1.0,1.0,1.0,407,0.35872235872235875,0.1891891891891892,0.31203931203931207,0.2457002457002457,0.09090909090909091,0.31695331695331697,42.411167512690355,5.8452088452088455
2023-09-17,0,0,0,0,0,0,0,0,0,0,0,0,2023,9,17,6,260,37,3,1,0,0,-0.7818314824680299,0.6234898018587334,-0.9721181966290612,-0.23449138957041052,-0.970941817426052,-0.23931566428755774,-1.0,-1.8369701987210297e-16,1.0,2.0,0.0,0.0,0.0,2.0,1.0,1.000000000000002,3.0,2.0,0.8571428571428571,0.8997354108424368,6.0,2.0,0.5,0.7595545253127494,7.0,2.0,0.35714285714285715,0.6784669927988103,10.0,2.0,0.26785714285714285,0.6176516060802455,15.0,2.0,0.23809523809523808,0.5514285417019662,20.0,2.0,-1.0,0.0,-2.0,407,0.35872235872235875,0.1891891891891892,0.31203931203931207,0.2457002457002457,0.09090909090909091,0.31695331695331697,42.411167512690355,5.8452088452088455
2023-09-18,0,0,0,0,0,0,0,0,0,0,0,0,2023,9,18,0,261,38,3,0,1,0,0.0,1.0,-0.9760105506323682,-0.21772323039653224,-0.992708874098054,-0.12053668025532357,-1.0,-1.8369701987210297e-16,0.0,1.0,2.0,1.0,0.0,0.0,0.3333333333333333,0.5773502691896281,1.0,1.0,0.7142857142857143,0.9511897312113414,5.0,2.0,0.5,0.7595545253127494,7.0,2.0,0.35714285714285715,0.6784669927988103,10.0,2.0,0.25,0.6105139414683934,14.0,2.0,0.23809523809523808,0.5514285417019662,20.0,2.0,0.0,-1.0,0.0,407,0.35872235872235875,0.1891891891891892,0.31203931203931207,0.2457002457002457,0.09090909090909091,0.31695331695331697,42.411167512690355,5.8452088452088455
2023-09-19,0,0,0,0,0,0,0,0,0,0,0,0,2023,9,19,1,262,38,3,0,0,0,0.7818314824680298,0.6234898018587336,-0.9796136916454901,-0.20089055513063528,-0.992708874098054,-0.12053668025532357,-1.0,-1.8369701987210297e-16,0.0,0.0,1.0,2.0,0.0,0.0,0.0,0.0,0.0,0.0,0.42857142857142855,0.7867957924694426,3.0,2.0,0.5,0.7595545253127494,7.0,2.0,0.35714285714285715,0.6784669927988103,10.0,2.0,0.25,0.6105139414683934,14.0,2.0,0.23809523809523808,0.5514285417019662,20.0,2.0,0.0,-2.0,0.0,407,0.35872235872235875,0.1891891891891892,0.31203931203931207,0.2457002457002457,0.09090909090909091,0.31695331695331697,42.411167512690355,5.8452088452088455
2023-09-20,0,0,0,0,0,0,0,0,0,0,0,0,2023,9,20,2,263,38,3,0,0,0,0.9749279121818236,-0.22252093395631434,-0.9829265519799822,-0.18399835165767986,-0.992708874098054,-0.12053668025532357,-1.0,-1.8369701987210297e-16,0.0,0.0,0.0,0.0,0.0,2.0,0.0,0.0,0.0,0.0,0.42857142857142855,0.7867957924694426,3.0,2.0,0.5,0.7595545253127494,7.0,2.0,0.2857142857142857,0.5998236072282921,8.0,2.0,0.25,0.6105139414683934,14.0,2.0,0.23809523809523808,0.5514285417019662,20.0,2.0,0.0,0.0,-2.0,407,0.35872235872235875,0.1891891891891892,0.31203931203931207,0.2457002457002457,0.09090909090909091,0.31695331695331697,42.411167512690355,5.8452088452088455
2023-09-21,3,2,1,0,0,0,0,0,5,0,0,1,2023,9,21,3,264,38,3,0,0,0,0.43388373911755823,-0.900968867902419,-0.9859481499638303,-0.1670516255021195,-0.992708874098054,-0.12053668025532357,-1.0,-1.8369701987210297e-16,0.0,0.0,0.0,0.0,0.0,0.0,1.0,1.7320508075688785,3.0,3.0,0.8571428571428571,1.2149857925879115,6.0,3.0,0.7142857142857143,0.9944903161976932,10.0,3.0,0.39285714285714285,0.785954749158543,11.0,3.0,0.30357142857142855,0.7114554316110261,17.0,3.0,0.2619047619047619,0.6232261114564661,22.0,3.0,3.0,3.0,3.0,407,0.35872235872235875,0.1891891891891892,0.31203931203931207,0.2457002457002457,0.09090909090909091,0.31695331695331697,42.411167512690355,5.8452088452088455
2023-09-22,1,1,0,0,0,0,0,0,2,0,0,0,2023,9,22,4,265,38,3,0,0,1,-0.433883739117558,-0.9009688679024191,-0.9886775902323404,-0.15005539834465262,-0.992708874098054,-0.12053668025532357,-1.0,-1.8369701987210297e-16,3.0,0.0,0.0,2.0,1.0,0.0,1.3333333333333333,1.5275252316519483,4.0,3.0,0.7142857142857143,1.1126972805283732,5.0,3.0,0.7142857142857143,0.9944903161976932,10.0,3.0,0.42857142857142855,0.790151013628803,12.0,3.0,0.32142857142857145,0.7162311170195087,18.0,3.0,0.2619047619047619,0.6232261114564661,22.0,3.0,-2.0,-1.0,1.0,407,0.35872235872235875,0.1891891891891892,0.31203931203931207,0.2457002457002457,0.09090909090909091,0.31695331695331697,42.411167512690355,5.8452088452088455
2023-09-23,0,0,0,0,0,0,0,0,0,0,0,0,2023,9,23,5,266,38,3,1,0,0,-0.9749279121818236,-0.2225209339563146,-0.9911140639934546,-0.13301470653419636,-0.992708874098054,-0.12053668025532357,-1.0,-1.8369701987210297e-16,1.0,3.0,0.0,1.0,0.0,0.0,1.3333333333333333,1.5275252316519483,4.0,3.0,0.5714285714285714,1.1338934190276813,4.0,3.0,0.7142857142857143,0.9944903161976932,10.0,3.0,0.42857142857142855,0.790151013628803,12.0,3.0,0.32142857142857145,0.7162311170195087,18.0,3.0,0.2619047619047619,0.6232261114564661,22.0,3.0,-1.0,-1.0,0.0,407,0.35872235872235875,0.1891891891891892,0.31203931203931207,0.2457002457002457,0.09090909090909091,0.31695331695331697,42.411167512690355,5.8452088452088455
2023-09-24,0,0,0,0,0,0,0,0,0,0,0,0,2023,9,24,6,267,38,3,1,0,0,-0.7818314824680299,0.6234898018587334,-0.9932568492674143,-0.11593459959550066,-0.992708874098054,-0.12053668025532357,-1.0,-1.8369701987210297e-16,0.0,1.0,3.0,0.0,0.0,0.0,0.3333333333333333,0.5773502691896285,1.0,1.0,0.5714285714285714,1.1338934190276813,4.0,3.0,0.7142857142857143,0.9944903161976932,10.0,3.0,0.42857142857142855,0.790151013628803,12.0,3.0,0.32142857142857145,0.7162311170195087,18.0,3.0,0.2619047619047619,0.6232261114564661,22.0,3.0,0.0,0.0,0.0,407,0.35872235872235875,0.1891891891891892,0.31203931203931207,0.2457002457002457,0.09090909090909091,0.31695331695331697,42.411167512690355,5.8452088452088455
2023-09-25,0,0,0,0,0,0,0,0,0,0,0,0,2023,9,25,0,268,39,3,0,1,0,0.0,1.0,-0.9951053111006974,-0.09882013873287211,-1.0,-1.8369701987210297e-16,-1.0,-1.8369701987210297e-16,0.0,0.0,1.0,0.0,1.0,0.0,0.0,0.0,0.0,0.0,0.5714285714285714,1.1338934190276813,4.0,3.0,0.6428571428571429,1.0082080720186264,9.0,3.0,0.42857142857142855,0.790151013628803,12.0,3.0,0.32142857142857145,0.7162311170195087,18.0,3.0,0.2619047619047619,0.6232261114564661,22.0,3.0,0.0,0.0,0.0,407,0.35872235872235875,0.1891891891891892,0.31203931203931207,0.2457002457002457,0.09090909090909091,0.31695331695331697,42.411167512690355,5.8452088452088455
2023-09-26,2,0,0,0,0,2,0,2,4,0,0,0,2023,9,26,1,269,39,3,0,0,0,0.7818314824680298,0.6234898018587336,-0.99665890175417,-0.08167639533042288,-1.0,-1.8369701987210297e-16,-1.0,-1.8369701987210297e-16,0.0,0.0,0.0,0.0,2.0,0.0,0.6666666666666666,1.1547005383792532,2.0,2.0,0.8571428571428571,1.2149857925879115,6.0,3.0,0.6428571428571429,1.0082080720186264,9.0,3.0,0.5,0.8388704928078614,14.0,3.0,0.35714285714285715,0.7490253407188313,20.0,3.0,0.27380952380952384,0.6466072806038384,23.0,3.0,2.0,2.0,2.0,407,0.35872235872235875,0.1891891891891892,0.31203931203931207,0.2457002457002457,0.09090909090909091,0.31695331695331697,42.411167512690355,5.8452088452088455
2023-09-27,0,0,0,0,0,0,0,0,0,0,0,0,2023,9,27,2,270,39,3,0,0,0,0.9749279121818236,-0.22252093395631434,-0.9979171608653922,-0.06450844944931625,-1.0,-1.8369701987210297e-16,-1.0,-1.8369701987210297e-16,2.0,0.0,0.0,0.0,0.0,0.0,0.6666666666666666,1.1547005383792532,2.0,2.0,0.8571428571428571,1.2149857925879115,6.0,3.0,0.6428571428571429,1.0082080720186264,9.0,3.0,0.5,0.8388704928078614,14.0,3.0,0.35714285714285715,0.7490253407188313,20.0,3.0,0.27380952380952384,0.6466072806038384,23.0,3.0,-2.0,0.0,0.0,407,0.35872235872235875,0.1891891891891892,0.31203931203931207,0.2457002457002457,0.09090909090909091,0.31695331695331697,42.411167512690355,5.8452088452088455
2023-09-28,0,0,0,0,0,0,0,0,0,0,0,0,2023,9,28,3,271,39,3,0,0,0,0.43388373911755823,-0.900968867902419,-0.9988797155850335,-0.04732138832243232,-1.0,-1.8369701987210297e-16,-1.0,-1.8369701987210297e-16,0.0,2.0,0.0,3.0,0.0,0.0,0.6666666666666666,1.1547005383792532,2.0,2.0,0.42857142857142855,0.7867957924694426,3.0,2.0,0.6428571428571429,1.0082080720186264,9.0,3.0,0.5,0.8388704928078614,14.0,3.0,0.35714285714285715,0.7490253407188313,20.0,3.0,0.27380952380952384,0.6466072806038384,23.0,3.0,0.0,-3.0,0.0,407,0.35872235872235875,0.1891891891891892,0.31203931203931207,0.2457002457002457,0.09090909090909091,0.31695331695331697,42.411167512690355,5.8452088452088455
2023-09-29,0,0,0,0,0,0,0,0,0,0,0,0,2023,9,29,4,272,39,3,0,0,1,-0.433883739117558,-0.9009688679024191,-0.9995462806873573,-0.03012030484690836,-1.0,-1.8369701987210297e-16,-1.0,-1.8369701987210297e-16,0.0,0.0,2.0,1.0,2.0,1.0,0.0,0.0,0.0,0.0,0.2857142857142857,0.755928946018454,2.0,2.0,0.5,0.9405399431259598,7.0,3.0,0.4642857142857143,0.8380817098475262,13.0,3.0,0.35714285714285715,0.7490253407188313,20.0,3.0,0.27380952380952384,0.6466072806038384,23.0,3.0,0.0,-1.0,-1.0,407,0.35872235872235875,0.1891891891891892,0.31203931203931207,0.2457002457002457,0.09090909090909091,0.31695331695331697,42.411167512690355,5.8452088452088455
2023-09-30,1,0,1,0,0,0,0,0,2,0,0,1,2023,9,30,5,273,39,3,1,0,0,-0.9749279121818236,-0.2225209339563146,-0.9999166586547379,-0.012910296075008843,-1.0,-1.8369701987210297e-16,-1.0,-1.8369701987210297e-16,0.0,0.0,0.0,0.0,1.0,0.0,0.3333333333333333,0.5773502691896284,1.0,1.0,0.42857142857142855,0.7867957924694426,3.0,2.0,0.5,0.9405399431259598,7.0,3.0,0.5,0.8388704928078614,14.0,3.0,0.375,0.7522692941421251,21.0,3.0,0.27380952380952384,0.6466072806038384,23.0,3.0,1.0,1.0,1.0,407,0.35872235872235875,0.1891891891891892,0.31203931203931207,0.2457002457002457,0.09090909090909091,0.31695331695331697,42.411167512690355,5.8452088452088455
2023-10-01,0,0,0,0,0,0,0,0,0,0,0,0,2023,10,1,6,274,39,4,1,0,0,-0.7818314824680299,0.6234898018587334,-0.9999907397361901,0.004303538296243821,-1.0,-1.8369701987210297e-16,-0.8660254037844386,0.5000000000000001,1.0,0.0,0.0,0.0,0.0,0.0,0.3333333333333333,0.5773502691896284,1.0,1.0,0.42857142857142855,0.7867957924694426,3.0,2.0,0.5,0.9405399431259598,7.0,3.0,0.5,0.8388704928078614,14.0,3.0,0.375,0.7522692941421251,21.0,3.0,0.27380952380952384,0.6466072806038384,23.0,3.0,-1.0,0.0,0.0,407,0.35872235872235875,0.1891891891891892,0.31203931203931207,0.2457002457002457,0.09090909090909091,0.31695331695331697,42.411167512690355,5.8452088452088455
2023-10-02,2,2,0,2,0,0,0,0,4,0,0,0,2023,10,2,0,275,40,4,0,1,0,0.0,1.0,-0.9997685019798909,0.021516097436222233,-0.992708874098054,0.1205366802553232,-0.8660254037844386,0.5000000000000001,0.0,1.0,0.0,0.0,0.0,0.0,1.0,1.0000000000000024,3.0,2.0,0.7142857142857143,0.9511897312113414,5.0,2.0,0.6428571428571429,1.0082080720186264,9.0,3.0,0.5714285714285714,0.8789122666607703,16.0,3.0,0.4107142857142857,0.7810665368999848,23.0,3.0,0.2976190476190476,0.6726993260345032,25.0,3.0,2.0,2.0,2.0,407,0.35872235872235875,0.1891891891891892,0.31203931203931207,0.2457002457002457,0.09090909090909091,0.31695331695331697,42.411167512690355,5.8452088452088455
2023-10-03,0,0,0,0,0,0,0,0,0,0,0,0,2023,10,3,1,276,40,4,0,0,0,0.7818314824680298,0.6234898018587336,-0.9992500112396835,0.03872228089217399,-0.992708874098054,0.1205366802553232,-0.8660254037844386,0.5000000000000001,2.0,0.0,1.0,2.0,0.0,0.0,0.6666666666666666,1.1547005383792532,2.0,2.0,0.42857142857142855,0.7867957924694426,3.0,2.0,0.6428571428571429,1.0082080720186264,9.0,3.0,0.5714285714285714,0.8789122666607703,16.0,3.0,0.4107142857142857,0.7810665368999848,23.0,3.0,0.2976190476190476,0.6726993260345032,25.0,3.0,-2.0,-2.0,0.0,407,0.35872235872235875,0.1891891891891892,0.31203931203931207,0.2457002457002457,0.09090909090909091,0.31695331695331697,42.411167512690355,5.8452088452088455
2023-10-04,0,0,0,0,0,0,0,0,0,0,0,0,2023,10,4,2,277,40,4,0,0,0,0.9749279121818236,-0.22252093395631434,-0.9984354211555643,0.05591699010060302,-0.992708874098054,0.1205366802553232,-0.8660254037844386,0.5000000000000001,0.0,2.0,0.0,0.0,0.0,0.0,0.6666666666666666,1.1547005383792532,2.0,2.0,0.42857142857142855,0.7867957924694426,3.0,2.0,0.6428571428571429,1.0082080720186264,9.0,3.0,0.5714285714285714,0.8789122666607703,16.0,3.0,0.375,0.7522692941421252,21.0,3.0,0.2976190476190476,0.6726993260345032,25.0,3.0,0.0,0.0,0.0,407,0.35872235872235875,0.1891891891891892,0.31203931203931207,0.2457002457002457,0.09090909090909091,0.31695331695331697,42.411167512690355,5.8452088452088455
2023-10-05,0,0,0,0,0,0,0,0,0,0,0,0,2023,10,5,3,278,40,4,0,0,0,0.43388373911755823,-0.900968867902419,-0.9973249731081555,0.07309512989807776,-0.992708874098054,0.1205366802553232,-0.8660254037844386,0.5000000000000001,0.0,0.0,2.0,0.0,3.0,0.0,0.0,0.0,0.0,0.0,0.42857142857142855,0.7867957924694426,3.0,2.0,0.42857142857142855,0.7559289460184537,6.0,2.0,0.5714285714285714,0.8789122666607703,16.0,3.0,0.375,0.7522692941421252,21.0,3.0,0.2976190476190476,0.6726993260345032,25.0,3.0,0.0,0.0,0.0,407,0.35872235872235875,0.1891891891891892,0.31203931203931207,0.2457002457002457,0.09090909090909091,0.31695331695331697,42.411167512690355,5.8452088452088455
2023-10-06,1,1,0,0,0,0,0,0,2,0,0,0,2023,10,6,4,279,40,4,0,0,1,-0.433883739117558,-0.9009688679024191,-0.9959189961471792,0.0902516100310407,-0.992708874098054,0.1205366802553232,-0.8660254037844386,0.5000000000000001,0.0,0.0,0.0,0.0,1.0,1.0,0.3333333333333333,0.5773502691896286,1.0,1.0,0.5714285714285714,0.7867957924694426,4.0,2.0,0.42857142857142855,0.7559289460184537,6.0,2.0,0.5714285714285714,0.8789122666607703,16.0,3.0,0.39285714285714285,0.7550694472231482,22.0,3.0,0.2976190476190476,0.6726993260345032,25.0,3.0,1.0,1.0,0.0,407,0.35872235872235875,0.1891891891891892,0.31203931203931207,0.2457002457002457,0.09090909090909091,0.31695331695331697,42.411167512690355,5.8452088452088455
2023-10-07,1,0,1,0,0,1,0,1,2,0,0,1,2023,10,7,5,280,40,4,1,0,0,-0.9749279121818236,-0.2225209339563146,-0.994217906893952,0.10738134666416306,-0.992708874098054,0.1205366802553232,-0.8660254037844386,0.5000000000000001,1.0,0.0,0.0,1.0,0.0,0.0,0.6666666666666666,0.5773502691896293,2.0,1.0,0.5714285714285714,0.7867957924694426,4.0,2.0,0.5,0.7595545253127493,7.0,2.0,0.6071428571428571,0.875141711880434,17.0,3.0,0.4107142857142857,0.7574307220474352,23.0,3.0,0.30952380952380953,0.676208253303607,26.0,3.0,0.0,0.0,1.0,407,0.35872235872235875,0.1891891891891892,0.31203931203931207,0.2457002457002457,0.09090909090909091,0.31695331695331697,42.411167512690355,5.8452088452088455
2023-10-08,1,1,0,1,0,0,0,0,2,0,0,0,2023,10,8,6,281,40,4,1,0,0,-0.7818314824680299,0.6234898018587334,-0.9922222094179324,0.12447926388678869,-0.992708874098054,0.1205366802553232,-0.8660254037844386,0.5000000000000001,1.0,1.0,0.0,0.0,0.0,0.0,1.0,0.0,3.0,1.0,0.7142857142857143,0.755928946018454,5.0,2.0,0.5714285714285714,0.7559289460184537,8.0,2.0,0.6428571428571429,0.8698354767504929,18.0,3.0,0.42857142857142855,0.7593572127947275,24.0,3.0,0.32142857142857145,0.6794880121767495,27.0,3.0,0.0,1.0,1.0,407,0.35872235872235875,0.1891891891891892,0.31203931203931207,0.2457002457002457,0.09090909090909091,0.31695331695331697,42.411167512690355,5.8452088452088455
2023-10-09,0,0,0,0,0,0,0,0,0,0,0,0,2023,10,9,0,282,41,4,0,1,0,0.0,1.0,-0.989932495087353,0.141540295217043,-0.9709418174260521,0.23931566428755738,-0.8660254037844386,0.5000000000000001,1.0,1.0,1.0,2.0,0.0,1.0,0.6666666666666666,0.5773502691896293,2.0,1.0,0.42857142857142855,0.5345224838248481,3.0,1.0,0.5714285714285714,0.7559289460184537,8.0,2.0,0.6071428571428571,0.875141711880434,17.0,3.0,0.42857142857142855,0.7593572127947275,24.0,3.0,0.32142857142857145,0.6794880121767495,27.0,3.0,-1.0,-2.0,-1.0,407,0.35872235872235875,0.1891891891891892,0.31203931203931207,0.2457002457002457,0.09090909090909091,0.31695331695331697,42.411167512690355,5.8452088452088455
2023-10-10,0,0,0,0,0,0,0,0,0,0,0,0,2023,10,10,1,283,41,4,0,0,0,0.7818314824680298,0.6234898018587336,-0.9873494423939864,0.15855938510313475,-0.9709418174260521,0.23931566428755738,-0.8660254037844386,0.5000000000000001,0.0,1.0,1.0,0.0,2.0,2.0,0.3333333333333333,0.5773502691896286,1.0,1.0,0.42857142857142855,0.5345224838248481,3.0,1.0,0.42857142857142855,0.6462061726588633,6.0,2.0,0.5357142857142857,0.8380817098475262,15.0,3.0,0.42857142857142855,0.7593572127947275,24.0,3.0,0.32142857142857145,0.6794880121767495,27.0,3.0,0.0,0.0,-2.0,407,0.35872235872235875,0.1891891891891892,0.31203931203931207,0.2457002457002457,0.09090909090909091,0.31695331695331697,42.411167512690355,5.8452088452088455
2023-10-11,0,0,0,0,0,0,0,0,0,0,0,0,2023,10,11,2,284,41,4,0,0,0,0.9749279121818236,-0.22252093395631434,-0.9844738167520923,0.17553149042142777,-0.9709418174260521,0.23931566428755738,-0.8660254037844386,0.5000000000000001,0.0,0.0,1.0,0.0,0.0,0.0,0.0,0.0,0.0,0.0,0.42857142857142855,0.5345224838248481,3.0,1.0,0.42857142857142855,0.6462061726588633,6.0,2.0,0.5357142857142857,0.8380817098475262,15.0,3.0,0.42857142857142855,0.7593572127947275,24.0,3.0,0.32142857142857145,0.6794880121767495,27.0,3.0,0.0,0.0,0.0,407,0.35872235872235875,0.1891891891891892,0.31203931203931207,0.2457002457002457,0.09090909090909091,0.31695331695331697,42.411167512690355,5.8452088452088455
2023-10-12,0,0,0,0,0,0,0,0,0,0,0,0,2023,10,12,3,285,41,4,0,0,0,0.43388373911755823,-0.900968867902419,-0.9813064702716093,0.19245158197082995,-0.9709418174260521,0.23931566428755738,-0.8660254037844386,0.5000000000000001,0.0,0.0,0.0,0.0,0.0,0.0,0.0,0.0,0.0,0.0,0.42857142857142855,0.5345224838248481,3.0,1.0,0.42857142857142855,0.6462061726588633,6.0,2.0,0.5357142857142857,0.8380817098475262,15.0,3.0,0.42857142857142855,0.7593572127947275,24.0,3.0,0.32142857142857145,0.6794880121767495,27.0,3.0,0.0,0.0,0.0,407,0.35872235872235875,0.1891891891891892,0.31203931203931207,0.2457002457002457,0.09090909090909091,0.31695331695331697,42.411167512690355,5.8452088452088455
2023-10-13,0,0,0,0,0,0,0,0,0,0,0,0,2023,10,13,4,286,41,4,0,0,1,-0.433883739117558,-0.9009688679024191,-0.9778483415056567,0.20931464596304888,-0.9709418174260521,0.23931566428755738,-0.8660254037844386,0.5000000000000001,0.0,0.0,0.0,1.0,0.0,2.0,0.0,0.0,0.0,0.0,0.2857142857142857,0.4879500364742659,2.0,1.0,0.42857142857142855,0.6462061726588633,6.0,2.0,0.4642857142857143,0.7926581093427852,13.0,3.0,0.42857142857142855,0.7593572127947275,24.0,3.0,0.32142857142857145,0.6794880121767495,27.0,3.0,0.0,-1.0,-2.0,407,0.35872235872235875,0.1891891891891892,0.31203931203931207,0.2457002457002457,0.09090909090909091,0.31695331695331697,42.411167512690355,5.8452088452088455
2023-10-14,1,0,0,0,0,0,0,0,1,0,0,0,2023,10,14,5,287,41,4,1,0,0,-0.9749279121818236,-0.2225209339563146,-0.9741004551724206,0.22611568550828803,-0.9709418174260521,0.23931566428755738,-0.8660254037844386,0.5000000000000001,0.0,0.0,0.0,1.0,1.0,1.0,0.3333333333333333,0.5773502691896286,1.0,1.0,0.2857142857142857,0.4879500364742659,2.0,1.0,0.42857142857142855,0.6462061726588633,6.0,2.0,0.4642857142857143,0.7926581093427852,13.0,3.0,0.44642857142857145,0.7608522221141922,25.0,3.0,0.3333333333333333,0.6825419062704217,28.0,3.0,1.0,0.0,0.0,407,0.35872235872235875,0.1891891891891892,0.31203931203931207,0.2457002457002457,0.09090909090909091,0.31695331695331697,42.411167512690355,5.8452088452088455
2023-10-15,0,0,0,0,0,0,0,0,0,0,0,0,2023,10,15,6,288,41,4,1,0,0,-0.7818314824680299,0.6234898018587334,-0.970063921851507,0.2428497220959358,-0.9709418174260521,0.23931566428755738,-0.8660254037844386,0.5000000000000001,1.0,0.0,0.0,1.0,0.0,0.0,0.3333333333333333,0.5773502691896286,1.0,1.0,0.14285714285714285,0.3779644730092263,1.0,1.0,0.42857142857142855,0.6462061726588633,6.0,2.0,0.4642857142857143,0.7926581093427852,13.0,3.0,0.4107142857142857,0.7330331932031883,23.0,3.0,0.3333333333333333,0.6825419062704217,28.0,3.0,-1.0,-1.0,0.0,407,0.35872235872235875,0.1891891891891892,0.31203931203931207,0.2457002457002457,0.09090909090909091,0.31695331695331697,42.411167512690355,5.8452088452088455
2023-10-16,0,0,0,0,0,0,0,0,0,0,0,0,2023,10,16,0,289,42,4,0,1,0,0.0,1.0,-0.965739937654855,0.25951179706979943,-0.9350162426854148,0.35460488704253557,-0.8660254037844386,0.5000000000000001,0.0,1.0,0.0,0.0,2.0,0.0,0.3333333333333333,0.5773502691896286,1.0,1.0,0.14285714285714285,0.3779644730092263,1.0,1.0,0.2857142857142857,0.46880723093849436,4.0,1.0,0.4642857142857143,0.7926581093427852,13.0,3.0,0.4107142857142857,0.7330331932031883,23.0,3.0,0.32142857142857145,0.6794880121767495,27.0,3.0,0.0,0.0,0.0,407,0.35872235872235875,0.1891891891891892,0.31203931203931207,0.2457002457002457,0.09090909090909091,0.31695331695331697,42.411167512690355,5.8452088452088455
2023-10-17,0,0,0,0,0,0,0,0,0,0,0,0,2023,10,17,1,290,42,4,0,0,0,0.7818314824680298,0.6234898018587336,-0.9611297838723007,0.27609697309746883,-0.9350162426854148,0.35460488704253557,-0.8660254037844386,0.5000000000000001,0.0,0.0,1.0,0.0,0.0,0.0,0.0,0.0,0.0,0.0,0.14285714285714285,0.3779644730092263,1.0,1.0,0.2857142857142857,0.46880723093849436,4.0,1.0,0.4642857142857143,0.7926581093427852,13.0,3.0,0.4107142857142857,0.7330331932031883,23.0,3.0,0.32142857142857145,0.6794880121767495,27.0,3.0,0.0,0.0,0.0,407,0.35872235872235875,0.1891891891891892,0.31203931203931207,0.2457002457002457,0.09090909090909091,0.31695331695331697,42.411167512690355,5.8452088452088455
2023-10-18,0,0,0,0,0,0,0,0,0,0,0,0,2023,10,18,2,291,42,4,0,0,0,0.9749279121818236,-0.22252093395631434,-0.9562348265919058,0.2926003356333479,-0.9350162426854148,0.35460488704253557,-0.8660254037844386,0.5000000000000001,0.0,0.0,0.0,0.0,0.0,0.0,0.0,0.0,0.0,0.0,0.14285714285714285,0.3779644730092263,1.0,1.0,0.2857142857142857,0.46880723093849436,4.0,1.0,0.4642857142857143,0.7926581093427852,13.0,3.0,0.375,0.7022690497108772,21.0,3.0,0.32142857142857145,0.6794880121767495,27.0,3.0,0.0,0.0,0.0,407,0.35872235872235875,0.1891891891891892,0.31203931203931207,0.2457002457002457,0.09090909090909091,0.31695331695331697,42.411167512690355,5.8452088452088455
2023-10-19,0,0,0,0,0,0,0,0,0,0,0,0,2023,10,19,3,292,42,4,0,0,0,0.43388373911755823,-0.900968867902419,-0.9510565162951536,0.30901699437494723,-0.9350162426854148,0.35460488704253557,-0.8660254037844386,0.5000000000000001,0.0,0.0,0.0,0.0,0.0,3.0,0.0,0.0,0.0,0.0,0.14285714285714285,0.3779644730092263,1.0,1.0,0.2857142857142857,0.46880723093849436,4.0,1.0,0.35714285714285715,0.62148482382387,10.0,2.0,0.375,0.7022690497108772,21.0,3.0,0.32142857142857145,0.6794880121767495,27.0,3.0,0.0,0.0,-3.0,407,0.35872235872235875,0.1891891891891892,0.31203931203931207,0.2457002457002457,0.09090909090909091,0.31695331695331697,42.411167512690355,5.8452088452088455
2023-10-20,0,0,0,0,0,0,0,0,0,0,0,0,2023,10,20,4,293,42,4,0,0,1,-0.433883739117558,-0.9009688679024191,-0.9455963874271428,0.3253420847119795,-0.9350162426854148,0.35460488704253557,-0.8660254037844386,0.5000000000000001,0.0,0.0,0.0,0.0,1.0,1.0,0.0,0.0,0.0,0.0,0.14285714285714285,0.3779644730092263,1.0,1.0,0.21428571428571427,0.4258153136263189,3.0,1.0,0.32142857142857145,0.6118321864193031,9.0,2.0,0.375,0.7022690497108772,21.0,3.0,0.32142857142857145,0.6794880121767495,27.0,3.0,0.0,0.0,-1.0,407,0.35872235872235875,0.1891891891891892,0.31203931203931207,0.2457002457002457,0.09090909090909091,0.31695331695331697,42.411167512690355,5.8452088452088455
2023-10-21,1,0,0,0,0,0,0,0,1,0,0,0,2023,10,21,5,294,42,4,1,0,0,-0.9749279121818236,-0.2225209339563146,-0.9398560579418953,0.341570769167856,-0.9350162426854148,0.35460488704253557,-0.8660254037844386,0.5000000000000001,0.0,0.0,0.0,1.0,1.0,0.0,0.3333333333333333,0.5773502691896286,1.0,1.0,0.14285714285714285,0.3779644730092263,1.0,1.0,0.21428571428571427,0.4258153136263189,3.0,1.0,0.35714285714285715,0.62148482382387,10.0,2.0,0.39285714285714285,0.7052677487327758,22.0,3.0,0.3333333333333333,0.6825419062704217,28.0,3.0,1.0,0.0,1.0,407,0.35872235872235875,0.1891891891891892,0.31203931203931207,0.2457002457002457,0.09090909090909091,0.31695331695331697,42.411167512690355,5.8452088452088455
2023-10-22,0,0,0,0,0,0,0,0,0,0,0,0,2023,10,22,6,295,42,4,1,0,0,-0.7818314824680299,0.6234898018587334,-0.9338372288229252,0.35769823883312546,-0.9350162426854148,0.35460488704253557,-0.8660254037844386,0.5000000000000001,1.0,0.0,0.0,0.0,1.0,0.0,0.3333333333333333,0.5773502691896286,1.0,1.0,0.14285714285714285,0.3779644730092263,1.0,1.0,0.14285714285714285,0.3631365196012801,2.0,1.0,0.35714285714285715,0.62148482382387,10.0,2.0,0.39285714285714285,0.7052677487327758,22.0,3.0,0.3333333333333333,0.6825419062704217,28.0,3.0,-1.0,0.0,0.0,407,0.35872235872235875,0.1891891891891892,0.31203931203931207,0.2457002457002457,0.09090909090909091,0.31695331695331697,42.411167512690355,5.8452088452088455
2023-10-23,0,0,0,0,0,0,0,0,0,0,0,0,2023,10,23,0,296,43,4,0,1,0,0.0,1.0,-0.9275416835791965,0.3737197147904692,-0.8854560256532101,0.464723172043768,-0.8660254037844386,0.5000000000000001,0.0,1.0,0.0,0.0,0.0,0.0,0.3333333333333333,0.5773502691896286,1.0,1.0,0.14285714285714285,0.3779644730092263,1.0,1.0,0.14285714285714285,0.3631365196012801,2.0,1.0,0.35714285714285715,0.62148482382387,10.0,2.0,0.39285714285714285,0.7052677487327758,22.0,3.0,0.3333333333333333,0.6825419062704217,28.0,3.0,0.0,0.0,0.0,407,0.35872235872235875,0.1891891891891892,0.31203931203931207,0.2457002457002457,0.09090909090909091,0.31695331695331697,42.411167512690355,5.8452088452088455
2023-10-24,0,0,0,0,0,0,0,0,0,0,0,0,2023,10,24,1,297,43,4,0,0,0,0.7818314824680298,0.6234898018587336,-0.9209712877166347,0.38963044953078774,-0.8854560256532101,0.464723172043768,-0.8660254037844386,0.5000000000000001,0.0,0.0,1.0,0.0,0.0,2.0,0.0,0.0,0.0,0.0,0.14285714285714285,0.3779644730092263,1.0,1.0,0.14285714285714285,0.3631365196012801,2.0,1.0,0.2857142857142857,0.5345224838248493,8.0,2.0,0.39285714285714285,0.7052677487327758,22.0,3.0,0.3333333333333333,0.6825419062704217,28.0,3.0,0.0,0.0,-2.0,407,0.35872235872235875,0.1891891891891892,0.31203931203931207,0.2457002457002457,0.09090909090909091,0.31695331695331697,42.411167512690355,5.8452088452088455
2023-10-25,0,0,0,0,0,0,0,0,0,0,0,0,2023,10,25,2,298,43,4,0,0,0,0.9749279121818236,-0.22252093395631434,-0.9141279881853337,0.4054257283599973,-0.8854560256532101,0.464723172043768,-0.8660254037844386,0.5000000000000001,0.0,0.0,0.0,0.0,0.0,0.0,0.0,0.0,0.0,0.0,0.14285714285714285,0.3779644730092263,1.0,1.0,0.14285714285714285,0.3631365196012801,2.0,1.0,0.2857142857142857,0.5345224838248493,8.0,2.0,0.39285714285714285,0.7052677487327758,22.0,3.0,0.3333333333333333,0.6825419062704217,28.0,3.0,0.0,0.0,0.0,407,0.35872235872235875,0.1891891891891892,0.31203931203931207,0.2457002457002457,0.09090909090909091,0.31695331695331697,42.411167512690355,5.8452088452088455
2023-10-26,0,0,0,0,0,0,0,0,0,0,0,0,2023,10,26,3,299,43,4,0,0,0,0.43388373911755823,-0.900968867902419,-0.9070138128026362,0.42110087079608916,-0.8854560256532101,0.464723172043768,-0.8660254037844386,0.5000000000000001,0.0,0.0,0.0,0.0,0.0,0.0,0.0,0.0,0.0,0.0,0.14285714285714285,0.3779644730092263,1.0,1.0,0.14285714285714285,0.3631365196012801,2.0,1.0,0.2857142857142857,0.5345224838248493,8.0,2.0,0.39285714285714285,0.7052677487327758,22.0,3.0,0.3333333333333333,0.6825419062704217,28.0,3.0,0.0,0.0,0.0,407,0.35872235872235875,0.1891891891891892,0.31203931203931207,0.2457002457002457,0.09090909090909091,0.31695331695331697,42.411167512690355,5.8452088452088455
2023-10-27,1,0,0,0,0,1,0,1,1,0,0,1,2023,10,27,4,300,43,4,0,0,1,-0.433883739117558,-0.9009688679024191,-0.8996308696522434,0.4366512319560638,-0.8854560256532101,0.464723172043768,-0.8660254037844386,0.5000000000000001,0.0,0.0,0.0,0.0,0.0,0.0,0.3333333333333333,0.5773502691896286,1.0,1.0,0.2857142857142857,0.4879500364742659,2.0,1.0,0.21428571428571427,0.4258153136263189,3.0,1.0,0.32142857142857145,0.5479640045336471,9.0,2.0,0.39285714285714285,0.7052677487327758,22.0,3.0,0.34523809523809523,0.6853729548253029,29.0,3.0,1.0,1.0,1.0,407,0.35872235872235875,0.1891891891891892,0.31203931203931207,0.2457002457002457,0.09090909090909091,0.31695331695331697,42.411167512690355,5.8452088452088455
2023-10-28,0,0,0,0,0,0,0,0,0,0,0,0,2023,10,28,5,301,43,4,1,0,0,-0.9749279121818236,-0.2225209339563146,-0.8919813464595487,0.45207220393230374,-0.8854560256532101,0.464723172043768,-0.8660254037844386,0.5000000000000001,1.0,0.0,0.0,1.0,1.0,1.0,0.3333333333333333,0.5773502691896286,1.0,1.0,0.14285714285714285,0.37796447300922636,1.0,1.0,0.14285714285714285,0.3631365196012801,2.0,1.0,0.2857142857142857,0.5345224838248493,8.0,2.0,0.39285714285714285,0.7052677487327758,22.0,3.0,0.34523809523809523,0.6853729548253029,29.0,3.0,-1.0,-1.0,-1.0,407,0.35872235872235875,0.1891891891891892,0.31203931203931207,0.2457002457002457,0.09090909090909091,0.31695331695331697,42.411167512690355,5.8452088452088455
2023-10-29,0,0,0,0,0,0,0,0,0,0,0,0,2023,10,29,6,302,43,4,1,0,0,-0.7818314824680299,0.6234898018587334,-0.8840675099433637,0.46735921715800205,-0.8854560256532101,0.464723172043768,-0.8660254037844386,0.5000000000000001,0.0,1.0,0.0,0.0,0.0,0.0,0.3333333333333333,0.5773502691896286,1.0,1.0,0.14285714285714285,0.37796447300922636,1.0,1.0,0.14285714285714285,0.3631365196012801,2.0,1.0,0.2857142857142857,0.5345224838248493,8.0,2.0,0.39285714285714285,0.7052677487327758,22.0,3.0,0.34523809523809523,0.6853729548253029,29.0,3.0,0.0,0.0,0.0,407,0.35872235872235875,0.1891891891891892,0.31203931203931207,0.2457002457002457,0.09090909090909091,0.31695331695331697,42.411167512690355,5.8452088452088455
2023-10-30,0,0,0,0,0,0,0,0,0,0,0,0,2023,10,30,0,303,44,4,0,1,0,0.0,1.0,-0.8758917051442433,0.48250774176121763,-0.822983865893657,0.5680647467311548,-0.8660254037844386,0.5000000000000001,0.0,0.0,1.0,0.0,0.0,2.0,0.0,0.0,0.0,0.0,0.14285714285714285,0.37796447300922636,1.0,1.0,0.14285714285714285,0.3631365196012801,2.0,1.0,0.21428571428571427,0.41785544701867317,6.0,1.0,0.39285714285714285,0.7052677487327758,22.0,3.0,0.34523809523809523,0.6853729548253029,29.0,3.0,0.0,0.0,-2.0,407,0.35872235872235875,0.1891891891891892,0.31203931203931207,0.2457002457002457,0.09090909090909091,0.31695331695331697,42.411167512690355,5.8452088452088455
2023-10-31,0,0,0,0,0,0,0,0,0,0,0,0,2023,10,31,1,304,44,4,0,0,0,0.7818314824680298,0.6234898018587336,-0.8674563547295971,0.4975132889071803,-0.822983865893657,0.5680647467311548,-0.8660254037844386,0.5000000000000001,0.0,0.0,0.0,0.0,0.0,0.0,0.0,0.0,0.0,0.0,0.14285714285714285,0.37796447300922636,1.0,1.0,0.14285714285714285,0.3631365196012801,2.0,1.0,0.21428571428571427,0.41785544701867317,6.0,1.0,0.39285714285714285,0.7052677487327758,22.0,3.0,0.34523809523809523,0.6853729548253029,29.0,3.0,0.0,0.0,0.0,407,0.35872235872235875,0.1891891891891892,0.31203931203931207,0.2457002457002457,0.09090909090909091,0.31695331695331697,42.411167512690355,5.8452088452088455
2023-11-01,0,0,0,0,0,0,0,0,0,0,0,0,2023,11,1,2,305,44,4,0,0,0,0.9749279121818236,-0.22252093395631434,-0.858763958275803,0.5123714121284235,-0.822983865893657,0.5680647467311548,-0.5000000000000004,0.8660254037844384,0.0,0.0,0.0,0.0,0.0,0.0,0.0,0.0,0.0,0.0,0.14285714285714285,0.37796447300922636,1.0,1.0,0.14285714285714285,0.3631365196012801,2.0,1.0,0.21428571428571427,0.41785544701867317,6.0,1.0,0.39285714285714285,0.7052677487327758,22.0,3.0,0.32142857142857145,0.6615191404258397,27.0,3.0,0.0,0.0,0.0,407,0.35872235872235875,0.1891891891891892,0.31203931203931207,0.2457002457002457,0.09090909090909091,0.31695331695331697,42.411167512690355,5.8452088452088455
2023-11-02,0,0,0,0,0,0,0,0,0,0,0,0,2023,11,2,3,306,44,4,0,0,0,0.43388373911755823,-0.900968867902419,-0.8498170915275277,0.5270777086423724,-0.822983865893657,0.5680647467311548,-0.5000000000000004,0.8660254037844384,0.0,0.0,0.0,0.0,0.0,0.0,0.0,0.0,0.0,0.0,0.14285714285714285,0.37796447300922636,1.0,1.0,0.14285714285714285,0.3631365196012801,2.0,1.0,0.21428571428571427,0.41785544701867317,6.0,1.0,0.39285714285714285,0.7052677487327758,22.0,3.0,0.32142857142857145,0.6615191404258397,27.0,3.0,0.0,0.0,0.0,407,0.35872235872235875,0.1891891891891892,0.31203931203931207,0.2457002457002457,0.09090909090909091,0.31695331695331697,42.411167512690355,5.8452088452088455
2023-11-03,0,0,0,0,0,0,0,0,0,0,0,0,2023,11,3,4,307,44,4,0,0,1,-0.433883739117558,-0.9009688679024191,-0.8406184056344783,0.5416278206559811,-0.822983865893657,0.5680647467311548,-0.5000000000000004,0.8660254037844384,0.0,0.0,0.0,1.0,0.0,1.0,0.0,0.0,0.0,0.0,0.0,0.0,0.0,0.0,0.14285714285714285,0.3631365196012801,2.0,1.0,0.17857142857142858,0.3900210277874806,5.0,1.0,0.375,0.7022690497108772,21.0,3.0,0.32142857142857145,0.6615191404258397,27.0,3.0,0.0,-1.0,-1.0,407,0.35872235872235875,0.1891891891891892,0.31203931203931207,0.2457002457002457,0.09090909090909091,0.31695331695331697,42.411167512690355,5.8452088452088455
2023-11-04,0,0,0,0,0,0,0,0,0,0,0,0,2023,11,4,5,308,44,4,1,0,0,-0.9749279121818236,-0.2225209339563146,-0.8311706263658079,0.5560174366570446,-0.822983865893657,0.5680647467311548,-0.5000000000000004,0.8660254037844384,0.0,0.0,0.0,0.0,1.0,1.0,0.0,0.0,0.0,0.0,0.0,0.0,0.0,0.0,0.07142857142857142,0.2672612419124225,1.0,1.0,0.14285714285714285,0.3563483225499,4.0,1.0,0.375,0.7022690497108772,21.0,3.0,0.32142857142857145,0.6615191404258397,27.0,3.0,0.0,0.0,-1.0,407,0.35872235872235875,0.1891891891891892,0.31203931203931207,0.2457002457002457,0.09090909090909091,0.31695331695331697,42.411167512690355,5.8452088452088455
2023-11-05,0,0,0,0,0,0,0,0,0,0,0,0,2023,11,5,6,309,44,4,1,0,0,-0.7818314824680299,0.6234898018587334,-0.8214765533024145,0.5702422926917867,-0.822983865893657,0.5680647467311548,-0.5000000000000004,0.8660254037844384,0.0,0.0,0.0,0.0,0.0,1.0,0.0,0.0,0.0,0.0,0.0,0.0,0.0,0.0,0.07142857142857142,0.2672612419124225,1.0,1.0,0.10714285714285714,0.3149703941743569,3.0,1.0,0.375,0.7022690497108772,21.0,3.0,0.32142857142857145,0.6615191404258397,27.0,3.0,0.0,0.0,-1.0,407,0.35872235872235875,0.1891891891891892,0.31203931203931207,0.2457002457002457,0.09090909090909091,0.31695331695331697,42.411167512690355,5.8452088452088455
2023-11-06,1,1,0,0,0,0,0,0,1,0,0,0,2023,11,6,0,310,45,4,0,1,0,0.0,1.0,-0.8115390590073611,0.5842981736283683,-0.7485107481711011,0.6631226582407952,-0.5000000000000004,0.8660254037844384,0.0,0.0,0.0,0.0,0.0,0.0,0.3333333333333333,0.5773502691896286,1.0,1.0,0.14285714285714285,0.37796447300922636,1.0,1.0,0.14285714285714285,0.3631365196012801,2.0,1.0,0.14285714285714285,0.3563483225499,4.0,1.0,0.375,0.7022690497108772,21.0,3.0,0.3333333333333333,0.6646556012500703,28.0,3.0,1.0,1.0,1.0,407,0.35872235872235875,0.1891891891891892,0.31203931203931207,0.2457002457002457,0.09090909090909091,0.31695331695331697,42.411167512690355,5.8452088452088455
2023-11-07,1,0,0,0,0,0,0,0,2,0,0,1,2023,11,7,1,311,45,4,0,0,0,0.7818314824680298,0.6234898018587336,-0.801361088174677,0.5981809144059158,-0.7485107481711011,0.6631226582407952,-0.5000000000000004,0.8660254037844384,1.0,0.0,0.0,0.0,0.0,0.0,0.6666666666666666,0.5773502691896293,2.0,1.0,0.2857142857142857,0.4879500364742659,2.0,1.0,0.21428571428571427,0.4258153136263189,3.0,1.0,0.17857142857142858,0.3900210277874805,5.0,1.0,0.35714285714285715,0.6722708174151636,20.0,3.0,0.34523809523809523,0.6675625076828372,29.0,3.0,0.0,1.0,1.0,407,0.35872235872235875,0.1891891891891892,0.31203931203931207,0.2457002457002457,0.09090909090909091,0.31695331695331697,42.411167512690355,5.8452088452088455
2023-11-08,0,0,0,0,0,0,0,0,0,0,0,0,2023,11,8,2,312,45,4,0,0,0,0.9749279121818236,-0.22252093395631434,-0.7909456567567774,0.6118864012687242,-0.7485107481711011,0.6631226582407952,-0.5000000000000004,0.8660254037844384,1.0,1.0,0.0,0.0,0.0,0.0,0.6666666666666666,0.5773502691896293,2.0,1.0,0.2857142857142857,0.4879500364742659,2.0,1.0,0.21428571428571427,0.4258153136263189,3.0,1.0,0.17857142857142858,0.3900210277874805,5.0,1.0,0.35714285714285715,0.6722708174151636,20.0,3.0,0.34523809523809523,0.6675625076828372,29.0,3.0,-1.0,0.0,0.0,407,0.35872235872235875,0.1891891891891892,0.31203931203931207,0.2457002457002457,0.09090909090909091,0.31695331695331697,42.411167512690355,5.8452088452088455
2023-11-09,0,0,0,0,0,0,0,0,0,0,0,0,2023,11,9,3,313,45,4,0,0,0,0.43388373911755823,-0.900968867902419,-0.780295851070776,0.6254105729852457,-0.7485107481711011,0.6631226582407952,-0.5000000000000004,0.8660254037844384,0.0,1.0,1.0,0.0,0.0,0.0,0.3333333333333333,0.5773502691896286,1.0,1.0,0.2857142857142857,0.4879500364742659,2.0,1.0,0.21428571428571427,0.4258153136263189,3.0,1.0,0.17857142857142858,0.3900210277874805,5.0,1.0,0.35714285714285715,0.6722708174151636,20.0,3.0,0.34523809523809523,0.6675625076828372,29.0,3.0,0.0,0.0,0.0,407,0.35872235872235875,0.1891891891891892,0.31203931203931207,0.2457002457002457,0.09090909090909091,0.31695331695331697,42.411167512690355,5.8452088452088455
2023-11-10,0,0,0,0,0,0,0,0,0,0,0,0,2023,11,10,4,314,45,4,0,0,1,-0.433883739117558,-0.9009688679024191,-0.7694148268839381,0.6387494220515268,-0.7485107481711011,0.6631226582407952,-0.5000000000000004,0.8660254037844384,0.0,0.0,1.0,0.0,1.0,0.0,0.0,0.0,0.0,0.0,0.2857142857142857,0.4879500364742659,2.0,1.0,0.14285714285714285,0.3631365196012801,2.0,1.0,0.17857142857142858,0.3900210277874805,5.0,1.0,0.32142857142857145,0.6355282085762238,18.0,3.0,0.34523809523809523,0.6675625076828372,29.0,3.0,0.0,0.0,0.0,407,0.35872235872235875,0.1891891891891892,0.31203931203931207,0.2457002457002457,0.09090909090909091,0.31695331695331697,42.411167512690355,5.8452088452088455
2023-11-11,0,0,0,0,0,0,0,0,0,0,0,0,2023,11,11,5,315,45,4,1,0,0,-0.9749279121818236,-0.2225209339563146,-0.7583058084785625,0.6518989958787125,-0.7485107481711011,0.6631226582407952,-0.5000000000000004,0.8660254037844384,0.0,0.0,0.0,0.0,0.0,1.0,0.0,0.0,0.0,0.0,0.2857142857142857,0.4879500364742659,2.0,1.0,0.14285714285714285,0.3631365196012801,2.0,1.0,0.14285714285714285,0.35634832254989995,4.0,1.0,0.30357142857142855,0.6301411921767394,17.0,3.0,0.34523809523809523,0.6675625076828372,29.0,3.0,0.0,0.0,-1.0,407,0.35872235872235875,0.1891891891891892,0.31203931203931207,0.2457002457002457,0.09090909090909091,0.31695331695331697,42.411167512690355,5.8452088452088455
2023-11-12,0,0,0,0,0,0,0,0,0,0,0,0,2023,11,12,6,316,45,4,1,0,0,-0.7818314824680299,0.6234898018587334,-0.7469720876965551,0.6648553979642866,-0.7485107481711011,0.6631226582407952,-0.5000000000000004,0.8660254037844384,0.0,0.0,0.0,0.0,0.0,0.0,0.0,0.0,0.0,0.0,0.2857142857142857,0.4879500364742659,2.0,1.0,0.14285714285714285,0.3631365196012801,2.0,1.0,0.14285714285714285,0.35634832254989995,4.0,1.0,0.30357142857142855,0.6301411921767394,17.0,3.0,0.32142857142857145,0.6430483555748923,27.0,3.0,0.0,0.0,0.0,407,0.35872235872235875,0.1891891891891892,0.31203931203931207,0.2457002457002457,0.09090909090909091,0.31695331695331697,42.411167512690355,5.8452088452088455
2023-11-13,0,0,0,0,0,0,0,0,0,0,0,0,2023,11,13,0,317,46,4,0,1,0,0.0,1.0,-0.7354170229639858,0.6776147890466887,-0.6631226582407955,0.7485107481711007,-0.5000000000000004,0.8660254037844384,0.0,0.0,0.0,1.0,0.0,0.0,0.0,0.0,0.0,0.0,0.14285714285714285,0.37796447300922636,1.0,1.0,0.14285714285714285,0.3631365196012801,2.0,1.0,0.14285714285714285,0.35634832254989995,4.0,1.0,0.30357142857142855,0.6301411921767394,17.0,3.0,0.32142857142857145,0.6430483555748923,27.0,3.0,0.0,-1.0,0.0,407,0.35872235872235875,0.1891891891891892,0.31203931203931207,0.2457002457002457,0.09090909090909091,0.31695331695331697,42.411167512690355,5.8452088452088455
2023-11-14,0,0,0,0,0,0,0,0,0,0,0,0,2023,11,14,1,318,46,4,0,0,0,0.7818314824680298,0.6234898018587336,-0.7236440382959124,0.690173388242972,-0.6631226582407955,0.7485107481711007,-0.5000000000000004,0.8660254037844384,0.0,0.0,0.0,1.0,0.0,0.0,0.0,0.0,0.0,0.0,0.0,0.0,0.0,0.0,0.14285714285714285,0.3631365196012801,2.0,1.0,0.14285714285714285,0.35634832254989995,4.0,1.0,0.30357142857142855,0.6301411921767394,17.0,3.0,0.32142857142857145,0.6430483555748923,27.0,3.0,0.0,-1.0,0.0,407,0.35872235872235875,0.1891891891891892,0.31203931203931207,0.2457002457002457,0.09090909090909091,0.31695331695331697,42.411167512690355,5.8452088452088455
2023-11-15,0,0,0,0,0,0,0,0,0,0,0,0,2023,11,15,2,319,46,4,0,0,0,0.9749279121818236,-0.22252093395631434,-0.711656622281775,0.7025274741691566,-0.6631226582407955,0.7485107481711007,-0.5000000000000004,0.8660254037844384,0.0,0.0,0.0,0.0,0.0,0.0,0.0,0.0,0.0,0.0,0.0,0.0,0.0,0.0,0.14285714285714285,0.3631365196012801,2.0,1.0,0.14285714285714285,0.35634832254989995,4.0,1.0,0.30357142857142855,0.6301411921767394,17.0,3.0,0.2976190476190476,0.6166321647633772,25.0,3.0,0.0,0.0,0.0,407,0.35872235872235875,0.1891891891891892,0.31203931203931207,0.2457002457002457,0.09090909090909091,0.31695331695331697,42.411167512690355,5.8452088452088455
2023-11-16,0,0,0,0,0,0,0,0,0,0,0,0,2023,11,16,3,320,46,4,0,0,0,0.43388373911755823,-0.900968867902419,-0.6994583270516471,0.7146733860429608,-0.6631226582407955,0.7485107481711007,-0.5000000000000004,0.8660254037844384,0.0,0.0,0.0,0.0,0.0,0.0,0.0,0.0,0.0,0.0,0.0,0.0,0.0,0.0,0.14285714285714285,0.3631365196012801,2.0,1.0,0.14285714285714285,0.35634832254989995,4.0,1.0,0.25,0.5134553180524708,14.0,2.0,0.2976190476190476,0.6166321647633772,25.0,3.0,0.0,0.0,0.0,407,0.35872235872235875,0.1891891891891892,0.31203931203931207,0.2457002457002457,0.09090909090909091,0.31695331695331697,42.411167512690355,5.8452088452088455
2023-11-17,0,0,0,0,0,0,0,0,0,0,0,0,2023,11,17,4,321,46,4,0,0,1,-0.433883739117558,-0.9009688679024191,-0.6870527672236675,0.7266075247685652,-0.6631226582407955,0.7485107481711007,-0.5000000000000004,0.8660254037844384,0.0,0.0,0.0,0.0,0.0,0.0,0.0,0.0,0.0,0.0,0.0,0.0,0.0,0.0,0.14285714285714285,0.3631365196012801,2.0,1.0,0.14285714285714285,0.35634832254989995,4.0,1.0,0.23214285714285715,0.5042031130613729,13.0,2.0,0.2976190476190476,0.6166321647633772,25.0,3.0,0.0,0.0,0.0,407,0.35872235872235875,0.1891891891891892,0.31203931203931207,0.2457002457002457,0.09090909090909091,0.31695331695331697,42.411167512690355,5.8452088452088455
2023-11-18,0,0,0,0,0,0,0,0,0,0,0,0,2023,11,18,5,322,46,4,1,0,0,-0.9749279121818236,-0.2225209339563146,-0.6744436188329457,0.7383263540031063,-0.6631226582407955,0.7485107481711007,-0.5000000000000004,0.8660254037844384,0.0,0.0,0.0,0.0,0.0,1.0,0.0,0.0,0.0,0.0,0.0,0.0,0.0,0.0,0.14285714285714285,0.3631365196012801,2.0,1.0,0.10714285714285714,0.31497039417435685,3.0,1.0,0.23214285714285715,0.5042031130613729,13.0,2.0,0.2976190476190476,0.6166321647633772,25.0,3.0,0.0,0.0,-1.0,407,0.35872235872235875,0.1891891891891892,0.31203931203931207,0.2457002457002457,0.09090909090909091,0.31695331695331697,42.411167512690355,5.8452088452088455
2023-11-19,0,0,0,0,0,0,0,0,0,0,0,0,2023,11,19,6,323,46,4,1,0,0,-0.7818314824680299,0.6234898018587334,-0.661634618242279,0.749826401204568,-0.6631226582407955,0.7485107481711007,-0.5000000000000004,0.8660254037844384,0.0,0.0,0.0,0.0,0.0,0.0,0.0,0.0,0.0,0.0,0.0,0.0,0.0,0.0,0.14285714285714285,0.3631365196012801,2.0,1.0,0.10714285714285714,0.31497039417435685,3.0,1.0,0.23214285714285715,0.5042031130613729,13.0,2.0,0.2976190476190476,0.6166321647633772,25.0,3.0,0.0,0.0,0.0,407,0.35872235872235875,0.1891891891891892,0.31203931203931207,0.2457002457002457,0.09090909090909091,0.31695331695331697,42.411167512690355,5.8452088452088455
2023-11-20,1,0,0,0,0,0,0,0,1,0,0,0,2023,11,20,0,324,47,4,0,1,0,0.0,1.0,-0.6486295610349818,0.7611042586607742,-0.5680647467311559,0.8229838658936564,-0.5000000000000004,0.8660254037844384,0.0,0.0,0.0,0.0,1.0,0.0,0.3333333333333333,0.5773502691896286,1.0,1.0,0.14285714285714285,0.37796447300922636,1.0,1.0,0.14285714285714285,0.3631365196012801,2.0,1.0,0.14285714285714285,0.35634832254989995,4.0,1.0,0.25,0.5134553180524708,14.0,2.0,0.30952380952380953,0.6204582542036241,26.0,3.0,1.0,1.0,1.0,407,0.35872235872235875,0.1891891891891892,0.31203931203931207,0.2457002457002457,0.09090909090909091,0.31695331695331697,42.411167512690355,5.8452088452088455
2023-11-21,0,0,0,0,0,0,0,0,0,0,0,0,2023,11,21,1,325,47,4,0,0,0,0.7818314824680298,0.6234898018587336,-0.6354323008901775,0.7721565844991641,-0.5680647467311559,0.8229838658936564,-0.5000000000000004,0.8660254037844384,1.0,0.0,0.0,0.0,1.0,0.0,0.3333333333333333,0.5773502691896286,1.0,1.0,0.14285714285714285,0.37796447300922636,1.0,1.0,0.07142857142857142,0.2672612419124225,1.0,1.0,0.14285714285714285,0.35634832254989995,4.0,1.0,0.21428571428571427,0.4558423058385521,12.0,2.0,0.30952380952380953,0.6204582542036241,26.0,3.0,-1.0,0.0,0.0,407,0.35872235872235875,0.1891891891891892,0.31203931203931207,0.2457002457002457,0.09090909090909091,0.31695331695331697,42.411167512690355,5.8452088452088455
2023-11-22,1,0,0,0,0,0,0,0,2,0,0,0,2023,11,22,2,326,47,4,0,0,0,0.9749279121818236,-0.22252093395631434,-0.622046748440868,0.7829801036770624,-0.5680647467311559,0.8229838658936564,-0.5000000000000004,0.8660254037844384,0.0,1.0,0.0,0.0,0.0,0.0,0.6666666666666666,0.5773502691896293,2.0,1.0,0.2857142857142857,0.4879500364742659,2.0,1.0,0.14285714285714285,0.3631365196012801,2.0,1.0,0.17857142857142858,0.3900210277874805,5.0,1.0,0.23214285714285715,0.4667516929344158,13.0,2.0,0.32142857142857145,0.6240310906240205,27.0,3.0,1.0,1.0,1.0,407,0.35872235872235875,0.1891891891891892,0.31203931203931207,0.2457002457002457,0.09090909090909091,0.31695331695331697,42.411167512690355,5.8452088452088455
2023-11-23,0,0,0,0,0,0,0,0,0,0,0,0,2023,11,23,3,327,47,4,0,0,0,0.43388373911755823,-0.900968867902419,-0.6084768701151264,0.7935716089521472,-0.5680647467311559,0.8229838658936564,-0.5000000000000004,0.8660254037844384,1.0,0.0,1.0,0.0,0.0,0.0,0.3333333333333333,0.5773502691896286,1.0,1.0,0.2857142857142857,0.4879500364742659,2.0,1.0,0.14285714285714285,0.3631365196012801,2.0,1.0,0.17857142857142858,0.3900210277874805,5.0,1.0,0.23214285714285715,0.4667516929344158,13.0,2.0,0.32142857142857145,0.6240310906240205,27.0,3.0,-1.0,0.0,0.0,407,0.35872235872235875,0.1891891891891892,0.31203931203931207,0.2457002457002457,0.09090909090909091,0.31695331695331697,42.411167512690355,5.8452088452088455
2023-11-24,5,0,2,0,0,1,0,1,7,0,0,2,2023,11,24,4,328,47,4,0,0,1,-0.433883739117558,-0.9009688679024191,-0.594726686960764,0.8039279618328208,-0.5680647467311559,0.8229838658936564,-0.5000000000000004,0.8660254037844384,0.0,1.0,0.0,0.0,0.0,1.0,2.0,2.645751311064592,6.0,5.0,1.0,1.8257418583505534,7.0,5.0,0.5,1.3445044840729639,7.0,5.0,0.32142857142857145,0.9833266074561481,9.0,5.0,0.32142857142857145,0.7887191655322714,18.0,5.0,0.36904761904761907,0.8033028492322333,31.0,5.0,5.0,5.0,4.0,407,0.35872235872235875,0.1891891891891892,0.31203931203931207,0.2457002457002457,0.09090909090909091,0.31695331695331697,42.411167512690355,5.8452088452088455
2023-11-25,0,0,0,0,0,0,0,0,0,0,0,0,2023,11,25,5,329,47,4,1,0,0,-0.9749279121818236,-0.2225209339563146,-0.5808002734538013,0.8140460935082175,-0.5680647467311559,0.8229838658936564,-0.5000000000000004,0.8660254037844384,5.0,0.0,1.0,0.0,0.0,0.0,1.6666666666666667,2.88675134594813,5.0,5.0,1.0,1.8257418583505534,7.0,5.0,0.5,1.3445044840729639,7.0,5.0,0.32142857142857145,0.9833266074561481,9.0,5.0,0.30357142857142855,0.7843849439272408,17.0,5.0,0.36904761904761907,0.8033028492322333,31.0,5.0,-5.0,0.0,0.0,407,0.35872235872235875,0.1891891891891892,0.31203931203931207,0.2457002457002457,0.09090909090909091,0.31695331695331697,42.411167512690355,5.8452088452088455
2023-11-26,0,0,0,0,0,0,0,0,0,0,0,0,2023,11,26,6,330,47,4,1,0,0,-0.7818314824680299,0.6234898018587334,-0.5667017562911184,0.8239230057575536,-0.5680647467311559,0.8229838658936564,-0.5000000000000004,0.8660254037844384,0.0,5.0,0.0,0.0,0.0,0.0,1.6666666666666667,2.88675134594813,5.0,5.0,1.0,1.8257418583505534,7.0,5.0,0.5,1.3445044840729639,7.0,5.0,0.32142857142857145,0.9833266074561481,9.0,5.0,0.30357142857142855,0.7843849439272408,17.0,5.0,0.36904761904761907,0.8033028492322333,31.0,5.0,0.0,0.0,0.0,407,0.35872235872235875,0.1891891891891892,0.31203931203931207,0.2457002457002457,0.09090909090909091,0.31695331695331697,42.411167512690355,5.8452088452088455
2023-11-27,0,0,0,0,0,0,0,0,0,0,0,0,2023,11,27,0,331,48,4,0,1,0,0.0,1.0,-0.5524353131676203,0.8335557718385695,-0.4647231720437684,0.88545602565321,-0.5000000000000004,0.8660254037844384,0.0,0.0,5.0,1.0,0.0,0.0,0.0,0.0,0.0,0.0,0.8571428571428571,1.8644544714716085,6.0,5.0,0.5,1.3445044840729639,7.0,5.0,0.32142857142857145,0.9833266074561481,9.0,5.0,0.26785714285714285,0.7505409304706098,15.0,5.0,0.36904761904761907,0.8033028492322333,31.0,5.0,0.0,-1.0,0.0,407,0.35872235872235875,0.1891891891891892,0.31203931203931207,0.2457002457002457,0.09090909090909091,0.31695331695331697,42.411167512690355,5.8452088452088455
2023-11-28,0,0,0,0,0,0,0,0,0,0,0,0,2023,11,28,1,332,48,4,0,0,0,0.7818314824680298,0.6234898018587336,-0.5380051715382992,0.8429415373547832,-0.4647231720437684,0.88545602565321,-0.5000000000000004,0.8660254037844384,0.0,0.0,0.0,0.0,0.0,0.0,0.0,0.0,0.0,0.0,0.8571428571428571,1.8644544714716085,6.0,5.0,0.5,1.3445044840729639,7.0,5.0,0.32142857142857145,0.9833266074561481,9.0,5.0,0.26785714285714285,0.7505409304706098,15.0,5.0,0.36904761904761907,0.8033028492322333,31.0,5.0,0.0,0.0,0.0,407,0.35872235872235875,0.1891891891891892,0.31203931203931207,0.2457002457002457,0.09090909090909091,0.31695331695331697,42.411167512690355,5.8452088452088455
2023-11-29,1,0,0,0,0,0,0,0,2,0,0,0,2023,11,29,2,333,48,4,0,0,0,0.9749279121818236,-0.22252093395631434,-0.5234156073655503,0.8520775211013093,-0.4647231720437684,0.88545602565321,-0.5000000000000004,0.8660254037844384,0.0,0.0,0.0,1.0,0.0,0.0,0.3333333333333333,0.5773502691896266,1.0,1.0,0.8571428571428571,1.8644544714716085,6.0,5.0,0.5714285714285714,1.3424596091494898,8.0,5.0,0.35714285714285715,0.9893613995077731,10.0,5.0,0.2857142857142857,0.7559289460184547,16.0,5.0,0.38095238095238093,0.8051754565170223,32.0,5.0,1.0,0.0,1.0,407,0.35872235872235875,0.1891891891891892,0.31203931203931207,0.2457002457002457,0.09090909090909091,0.31695331695331697,42.411167512690355,5.8452088452088455
2023-11-30,2,1,0,1,0,2,0,1,4,0,0,1,2023,11,30,3,334,48,4,0,0,0,0.43388373911755823,-0.900968867902419,-0.5086709438521042,0.8609610158889945,-0.4647231720437684,0.88545602565321,-0.5000000000000004,0.8660254037844384,1.0,0.0,0.0,0.0,0.0,0.0,1.0,1.0000000000000013,3.0,2.0,1.1428571428571428,1.8644544714716085,8.0,5.0,0.7142857142857143,1.3827826698682302,10.0,5.0,0.42857142857142855,1.0338196500275418,12.0,5.0,0.32142857142857145,0.7887191655322714,18.0,5.0,0.40476190476190477,0.8231448308209021,34.0,5.0,1.0,2.0,2.0,407,0.35872235872235875,0.1891891891891892,0.31203931203931207,0.2457002457002457,0.09090909090909091,0.31695331695331697,42.411167512690355,5.8452088452088455
2023-12-01,0,0,0,0,0,0,0,0,0,0,0,0,2023,12,1,4,335,48,4,0,0,1,-0.433883739117558,-0.9009688679024191,-0.49377555015997737,0.8695893893466109,-0.4647231720437684,0.88545602565321,-2.4492935982947064e-16,1.0,2.0,1.0,0.0,5.0,0.0,0.0,1.0,1.0000000000000013,3.0,2.0,0.42857142857142855,0.7867957924694424,3.0,2.0,0.7142857142857143,1.3827826698682302,10.0,5.0,0.42857142857142855,1.0338196500275418,12.0,5.0,0.30357142857142855,0.7843849439272408,17.0,5.0,0.39285714285714285,0.8216623928230439,33.0,5.0,-2.0,-5.0,0.0,407,0.35872235872235875,0.1891891891891892,0.31203931203931207,0.2457002457002457,0.09090909090909091,0.31695331695331697,42.411167512690355,5.8452088452088455
2023-12-02,0,0,0,0,0,0,0,0,0,0,0,0,2023,12,2,5,336,48,4,1,0,0,-0.9749279121818236,-0.2225209339563146,-0.4787338401157883,0.8779600847008883,-0.4647231720437684,0.88545602565321,-2.4492935982947064e-16,1.0,0.0,2.0,1.0,0.0,0.0,0.0,0.6666666666666666,1.1547005383792524,2.0,2.0,0.42857142857142855,0.7867957924694424,3.0,2.0,0.7142857142857143,1.3827826698682302,10.0,5.0,0.42857142857142855,1.0338196500275418,12.0,5.0,0.2857142857142857,0.7796102922564633,16.0,5.0,0.39285714285714285,0.8216623928230439,33.0,5.0,0.0,0.0,0.0,407,0.35872235872235875,0.1891891891891892,0.31203931203931207,0.2457002457002457,0.09090909090909091,0.31695331695331697,42.411167512690355,5.8452088452088455
2023-12-03,0,0,0,0,0,0,0,0,0,0,0,0,2023,12,3,6,337,48,4,1,0,0,-0.7818314824680299,0.6234898018587334,-0.4635502709028512,0.8860706215341378,-0.4647231720437684,0.88545602565321,-2.4492935982947064e-16,1.0,0.0,0.0,2.0,0.0,0.0,0.0,0.0,0.0,0.0,0.0,0.42857142857142855,0.7867957924694424,3.0,2.0,0.7142857142857143,1.3827826698682302,10.0,5.0,0.42857142857142855,1.0338196500275418,12.0,5.0,0.26785714285714285,0.7743870638610416,15.0,5.0,0.39285714285714285,0.8216623928230439,33.0,5.0,0.0,0.0,0.0,407,0.35872235872235875,0.1891891891891892,0.31203931203931207,0.2457002457002457,0.09090909090909091,0.31695331695331697,42.411167512690355,5.8452088452088455
2023-12-04,0,0,0,0,0,0,0,0,0,0,0,0,2023,12,4,0,338,49,4,0,1,0,0.0,1.0,-0.4482293417404106,0.893918596519257,-0.35460488704253595,0.9350162426854147,-2.4492935982947064e-16,1.0,0.0,0.0,0.0,0.0,1.0,1.0,0.0,0.0,0.0,0.0,0.42857142857142855,0.7867957924694424,3.0,2.0,0.6428571428571429,1.392681025777417,9.0,5.0,0.39285714285714285,1.0306159867619524,11.0,5.0,0.26785714285714285,0.7743870638610416,15.0,5.0,0.38095238095238093,0.820002378849942,32.0,5.0,0.0,0.0,-1.0,407,0.35872235872235875,0.1891891891891892,0.31203931203931207,0.2457002457002457,0.09090909090909091,0.31695331695331697,42.411167512690355,5.8452088452088455
2023-12-05,0,0,0,0,0,0,0,0,0,0,0,0,2023,12,5,1,339,49,4,0,0,0,0.7818314824680298,0.6234898018587336,-0.4327755925504317,0.9015016841318838,-0.35460488704253595,0.9350162426854147,-2.4492935982947064e-16,1.0,0.0,0.0,0.0,0.0,0.0,1.0,0.0,0.0,0.0,0.0,0.42857142857142855,0.7867957924694424,3.0,2.0,0.6428571428571429,1.392681025777417,9.0,5.0,0.35714285714285715,1.0261140545329517,10.0,5.0,0.26785714285714285,0.7743870638610416,15.0,5.0,0.35714285714285715,0.8012468768483332,30.0,5.0,0.0,0.0,-1.0,407,0.35872235872235875,0.1891891891891892,0.31203931203931207,0.2457002457002457,0.09090909090909091,0.31695331695331697,42.411167512690355,5.8452088452088455
2023-12-06,0,0,0,0,0,0,0,0,0,0,0,0,2023,12,6,2,340,49,4,0,0,0,0.9749279121818236,-0.22252093395631434,-0.41719360261231697,0.9088176373395028,-0.35460488704253595,0.9350162426854147,-2.4492935982947064e-16,1.0,0.0,0.0,0.0,1.0,1.0,0.0,0.0,0.0,0.0,0.0,0.2857142857142857,0.7559289460184537,2.0,2.0,0.5714285714285714,1.3985864135061354,8.0,5.0,0.35714285714285715,1.0261140545329517,10.0,5.0,0.26785714285714285,0.7743870638610416,15.0,5.0,0.35714285714285715,0.8012468768483332,30.0,5.0,0.0,-1.0,0.0,407,0.35872235872235875,0.1891891891891892,0.31203931203931207,0.2457002457002457,0.09090909090909091,0.31695331695331697,42.411167512690355,5.8452088452088455
2023-12-07,0,0,0,0,0,0,0,0,0,0,0,0,2023,12,7,3,341,49,4,0,0,0,0.43388373911755823,-0.900968867902419,-0.4014879892059737,0.9158642882672868,-0.35460488704253595,0.9350162426854147,-2.4492935982947064e-16,1.0,0.0,0.0,0.0,2.0,0.0,0.0,0.0,0.0,0.0,0.0,0.0,0.0,0.0,0.0,0.5714285714285714,1.3985864135061354,8.0,5.0,0.35714285714285715,1.0261140545329517,10.0,5.0,0.26785714285714285,0.7743870638610416,15.0,5.0,0.35714285714285715,0.8012468768483332,30.0,5.0,0.0,-2.0,0.0,407,0.35872235872235875,0.1891891891891892,0.31203931203931207,0.2457002457002457,0.09090909090909091,0.31695331695331697,42.411167512690355,5.8452088452088455
2023-12-08,0,0,0,0,0,0,0,0,0,0,0,0,2023,12,8,4,342,49,4,0,0,1,-0.433883739117558,-0.9009688679024191,-0.38566340624360745,0.9226395488404875,-0.35460488704253595,0.9350162426854147,-2.4492935982947064e-16,1.0,0.0,0.0,0.0,0.0,5.0,0.0,0.0,0.0,0.0,0.0,0.0,0.0,0.0,0.0,0.21428571428571427,0.5789342235218382,3.0,2.0,0.35714285714285715,1.0261140545329517,10.0,5.0,0.26785714285714285,0.7743870638610416,15.0,5.0,0.3333333333333333,0.7813077287908222,28.0,5.0,0.0,0.0,0.0,407,0.35872235872235875,0.1891891891891892,0.31203931203931207,0.2457002457002457,0.09090909090909091,0.31695331695331697,42.411167512690355,5.8452088452088455
2023-12-09,0,0,0,0,0,0,0,0,0,0,0,0,2023,12,9,5,343,49,4,1,0,0,-0.9749279121818236,-0.2225209339563146,-0.3697245428906732,0.9291414114031743,-0.35460488704253595,0.9350162426854147,-2.4492935982947064e-16,1.0,0.0,0.0,0.0,0.0,0.0,0.0,0.0,0.0,0.0,0.0,0.0,0.0,0.0,0.0,0.21428571428571427,0.5789342235218382,3.0,2.0,0.35714285714285715,1.0261140545329517,10.0,5.0,0.25,0.7687061147858075,14.0,5.0,0.32142857142857145,0.7786412986381614,27.0,5.0,0.0,0.0,0.0,407,0.35872235872235875,0.1891891891891892,0.31203931203931207,0.2457002457002457,0.09090909090909091,0.31695331695331697,42.411167512690355,5.8452088452088455
2023-12-10,0,0,0,0,0,0,0,0,0,0,0,0,2023,12,10,6,344,49,4,1,0,0,-0.7818314824680299,0.6234898018587334,-0.3536761221763721,0.935367949313148,-0.35460488704253595,0.9350162426854147,-2.4492935982947064e-16,1.0,0.0,0.0,0.0,0.0,0.0,0.0,0.0,0.0,0.0,0.0,0.0,0.0,0.0,0.0,0.21428571428571427,0.5789342235218382,3.0,2.0,0.35714285714285715,1.0261140545329517,10.0,5.0,0.25,0.7687061147858075,14.0,5.0,0.32142857142857145,0.7786412986381614,27.0,5.0,0.0,0.0,0.0,407,0.35872235872235875,0.1891891891891892,0.31203931203931207,0.2457002457002457,0.09090909090909091,0.31695331695331697,42.411167512690355,5.8452088452088455
2023-12-11,0,0,0,0,0,0,0,0,0,0,0,0,2023,12,11,0,345,50,4,0,1,0,0.0,1.0,-0.33752289959411347,0.941317317512847,-0.2393156642875578,0.970941817426052,-2.4492935982947064e-16,1.0,0.0,0.0,0.0,0.0,0.0,0.0,0.0,0.0,0.0,0.0,0.0,0.0,0.0,0.0,0.21428571428571427,0.5789342235218382,3.0,2.0,0.35714285714285715,1.0261140545329517,10.0,5.0,0.25,0.7687061147858075,14.0,5.0,0.32142857142857145,0.7786412986381614,27.0,5.0,0.0,0.0,0.0,407,0.35872235872235875,0.1891891891891892,0.31203931203931207,0.2457002457002457,0.09090909090909091,0.31695331695331697,42.411167512690355,5.8452088452088455
2023-12-12,1,1,0,0,0,0,0,0,1,0,0,0,2023,12,12,1,346,50,4,0,0,0,0.7818314824680298,0.6234898018587336,-0.32126966169236515,0.9469877530760751,-0.2393156642875578,0.970941817426052,-2.4492935982947064e-16,1.0,0.0,0.0,0.0,0.0,0.0,0.0,0.3333333333333333,0.5773502691896264,1.0,1.0,0.14285714285714285,0.3779644730092257,1.0,1.0,0.2857142857142857,0.6112498455021255,4.0,2.0,0.39285714285714285,1.0306159867619524,11.0,5.0,0.26785714285714285,0.7743870638610416,15.0,5.0,0.3333333333333333,0.7813077287908222,28.0,5.0,1.0,1.0,1.0,407,0.35872235872235875,0.1891891891891892,0.31203931203931207,0.2457002457002457,0.09090909090909091,0.31695331695331697,42.411167512690355,5.8452088452088455
2023-12-13,0,0,0,0,0,0,0,0,0,0,0,0,2023,12,13,2,347,50,4,0,0,0,0.9749279121818236,-0.22252093395631434,-0.3049212246562894,0.9523775757303973,-0.2393156642875578,0.970941817426052,-2.4492935982947064e-16,1.0,1.0,0.0,0.0,0.0,1.0,0.0,0.3333333333333333,0.5773502691896264,1.0,1.0,0.14285714285714285,0.3779644730092257,1.0,1.0,0.21428571428571427,0.5789342235218382,3.0,2.0,0.39285714285714285,1.0306159867619524,11.0,5.0,0.26785714285714285,0.7743870638610416,15.0,5.0,0.3333333333333333,0.7813077287908222,28.0,5.0,-1.0,0.0,0.0,407,0.35872235872235875,0.1891891891891892,0.31203931203931207,0.2457002457002457,0.09090909090909091,0.31695331695331697,42.411167512690355,5.8452088452088455
2023-12-14,0,0,0,0,0,0,0,0,0,0,0,0,2023,12,14,3,348,50,4,0,0,0,0.43388373911755823,-0.900968867902419,-0.2884824328806098,0.9574851883550389,-0.2393156642875578,0.970941817426052,-2.4492935982947064e-16,1.0,0.0,1.0,0.0,0.0,2.0,0.0,0.3333333333333333,0.5773502691896264,1.0,1.0,0.14285714285714285,0.3779644730092257,1.0,1.0,0.07142857142857142,0.2672612419124216,1.0,1.0,0.39285714285714285,1.0306159867619524,11.0,5.0,0.26785714285714285,0.7743870638610416,15.0,5.0,0.2976190476190476,0.7244401561714955,25.0,5.0,0.0,0.0,0.0,407,0.35872235872235875,0.1891891891891892,0.31203931203931207,0.2457002457002457,0.09090909090909091,0.31695331695331697,42.411167512690355,5.8452088452088455
2023-12-15,0,0,0,0,0,0,0,0,0,0,0,0,2023,12,15,4,349,50,4,0,0,1,-0.433883739117558,-0.9009688679024191,-0.27195815753410524,0.9623090774541487,-0.2393156642875578,0.970941817426052,-2.4492935982947064e-16,1.0,0.0,0.0,1.0,0.0,0.0,0.0,0.0,0.0,0.0,0.0,0.14285714285714285,0.3779644730092257,1.0,1.0,0.07142857142857142,0.2672612419124216,1.0,1.0,0.39285714285714285,1.0306159867619524,11.0,5.0,0.26785714285714285,0.7743870638610416,15.0,5.0,0.2857142857142857,0.7209670308360123,24.0,5.0,0.0,0.0,0.0,407,0.35872235872235875,0.1891891891891892,0.31203931203931207,0.2457002457002457,0.09090909090909091,0.31695331695331697,42.411167512690355,5.8452088452088455
2023-12-16,1,0,0,0,0,0,0,0,2,0,0,1,2023,12,16,5,350,50,4,1,0,0,-0.9749279121818236,-0.2225209339563146,-0.2553532951161881,0.9668478136052773,-0.2393156642875578,0.970941817426052,-2.4492935982947064e-16,1.0,0.0,0.0,0.0,0.0,0.0,0.0,0.3333333333333333,0.5773502691896264,1.0,1.0,0.2857142857142857,0.4879500364742655,2.0,1.0,0.14285714285714285,0.3631365196012794,2.0,1.0,0.42857142857142855,1.0338196500275418,12.0,5.0,0.26785714285714285,0.7743870638610416,15.0,5.0,0.2976190476190476,0.7244401561714955,25.0,5.0,1.0,1.0,1.0,407,0.35872235872235875,0.1891891891891892,0.31203931203931207,0.2457002457002457,0.09090909090909091,0.31695331695331697,42.411167512690355,5.8452088452088455
2023-12-17,1,1,0,1,0,1,0,1,1,0,0,1,2023,12,17,6,351,50,4,1,0,0,-0.7818314824680299,0.6234898018587334,-0.23867276600594997,0.9711000518829505,-0.2393156642875578,0.970941817426052,-2.4492935982947064e-16,1.0,1.0,0.0,0.0,0.0,0.0,0.0,0.6666666666666666,0.5773502691896273,2.0,1.0,0.42857142857142855,0.5345224838248478,3.0,1.0,0.21428571428571427,0.4258153136263183,3.0,1.0,0.4642857142857143,1.0357370915204898,13.0,5.0,0.2857142857142857,0.7796102922564633,16.0,5.0,0.30952380952380953,0.7276996347823881,26.0,5.0,0.0,1.0,1.0,407,0.35872235872235875,0.1891891891891892,0.31203931203931207,0.2457002457002457,0.09090909090909091,0.31695331695331697,42.411167512690355,5.8452088452088455
2023-12-18,0,0,0,0,0,0,0,0,0,0,0,0,2023,12,18,0,352,51,4,0,1,0,0.0,1.0,-0.22192151300416674,0.9750645322571945,-0.12053668025532363,0.992708874098054,-2.4492935982947064e-16,1.0,1.0,1.0,0.0,0.0,0.0,1.0,0.6666666666666666,0.5773502691896273,2.0,1.0,0.42857142857142855,0.5345224838248478,3.0,1.0,0.21428571428571427,0.4258153136263183,3.0,1.0,0.42857142857142855,1.0338196500275418,12.0,5.0,0.2857142857142857,0.7796102922564633,16.0,5.0,0.30952380952380953,0.7276996347823881,26.0,5.0,-1.0,0.0,-1.0,407,0.35872235872235875,0.1891891891891892,0.31203931203931207,0.2457002457002457,0.09090909090909091,0.31695331695331697,42.411167512690355,5.8452088452088455
2023-12-19,0,0,0,0,0,0,0,0,0,0,0,0,2023,12,19,1,353,51,4,0,0,0,0.7818314824680298,0.6234898018587336,-0.20510449986861926,0.9787400799669153,-0.12053668025532363,0.992708874098054,-2.4492935982947064e-16,1.0,0.0,1.0,1.0,1.0,0.0,0.0,0.3333333333333333,0.5773502691896264,1.0,1.0,0.2857142857142857,0.4879500364742655,2.0,1.0,0.21428571428571427,0.4258153136263183,3.0,1.0,0.42857142857142855,1.0338196500275418,12.0,5.0,0.2857142857142857,0.7796102922564633,16.0,5.0,0.2857142857142857,0.7040575786186289,24.0,5.0,0.0,-1.0,0.0,407,0.35872235872235875,0.1891891891891892,0.31203931203931207,0.2457002457002457,0.09090909090909091,0.31695331695331697,42.411167512690355,5.8452088452088455
2023-12-20,0,0,0,0,0,0,0,0,0,0,0,0,2023,12,20,2,354,51,4,0,0,0,0.9749279121818236,-0.22252093395631434,-0.1882267098432439,0.9821256058680006,-0.12053668025532363,0.992708874098054,-2.4492935982947064e-16,1.0,0.0,0.0,1.0,0.0,0.0,1.0,0.0,0.0,0.0,0.0,0.2857142857142857,0.4879500364742655,2.0,1.0,0.21428571428571427,0.4258153136263183,3.0,1.0,0.39285714285714285,1.0306159867619524,11.0,5.0,0.2857142857142857,0.7796102922564633,16.0,5.0,0.2857142857142857,0.7040575786186289,24.0,5.0,0.0,0.0,-1.0,407,0.35872235872235875,0.1891891891891892,0.31203931203931207,0.2457002457002457,0.09090909090909091,0.31695331695331697,42.411167512690355,5.8452088452088455
2023-12-21,0,0,0,0,0,0,0,0,0,0,0,0,2023,12,21,3,355,51,4,0,0,0,0.43388373911755823,-0.900968867902419,-0.1712931441814778,0.9852201067560606,-0.12053668025532363,0.992708874098054,-2.4492935982947064e-16,1.0,0.0,0.0,0.0,0.0,0.0,0.0,0.0,0.0,0.0,0.0,0.2857142857142857,0.4879500364742655,2.0,1.0,0.21428571428571427,0.4258153136263183,3.0,1.0,0.39285714285714285,1.0306159867619524,11.0,5.0,0.2857142857142857,0.7796102922564633,16.0,5.0,0.2857142857142857,0.7040575786186289,24.0,5.0,0.0,0.0,0.0,407,0.35872235872235875,0.1891891891891892,0.31203931203931207,0.2457002457002457,0.09090909090909091,0.31695331695331697,42.411167512690355,5.8452088452088455
2023-12-22,0,0,0,0,0,0,0,0,0,0,0,0,2023,12,22,4,356,51,4,0,0,1,-0.433883739117558,-0.9009688679024191,-0.154308820664281,0.9880226656636976,-0.12053668025532363,0.992708874098054,-2.4492935982947064e-16,1.0,0.0,0.0,0.0,0.0,0.0,5.0,0.0,0.0,0.0,0.0,0.2857142857142857,0.4879500364742655,2.0,1.0,0.21428571428571427,0.4258153136263183,3.0,1.0,0.21428571428571427,0.4986754943620645,6.0,2.0,0.26785714285714285,0.7743870638610416,15.0,5.0,0.2857142857142857,0.7040575786186289,24.0,5.0,0.0,0.0,-5.0,407,0.35872235872235875,0.1891891891891892,0.31203931203931207,0.2457002457002457,0.09090909090909091,0.31695331695331697,42.411167512690355,5.8452088452088455
2023-12-23,0,0,0,0,0,0,0,0,0,0,0,0,2023,12,23,5,357,51,4,1,0,0,-0.9749279121818236,-0.2225209339563146,-0.13727877211326517,0.9905324521322227,-0.12053668025532363,0.992708874098054,-2.4492935982947064e-16,1.0,0.0,0.0,0.0,1.0,0.0,0.0,0.0,0.0,0.0,0.0,0.14285714285714285,0.3779644730092257,1.0,1.0,0.21428571428571427,0.4258153136263183,3.0,1.0,0.21428571428571427,0.4986754943620645,6.0,2.0,0.26785714285714285,0.7743870638610416,15.0,5.0,0.27380952380952384,0.700278610237666,23.0,5.0,0.0,-1.0,0.0,407,0.35872235872235875,0.1891891891891892,0.31203931203931207,0.2457002457002457,0.09090909090909091,0.31695331695331697,42.411167512690355,5.8452088452088455
2023-12-24,0,0,0,0,0,0,0,0,0,0,0,0,2023,12,24,6,358,51,4,1,0,0,-0.7818314824680299,0.6234898018587334,-0.12020804489935275,0.9927487224577402,-0.12053668025532363,0.992708874098054,-2.4492935982947064e-16,1.0,0.0,0.0,0.0,1.0,0.0,0.0,0.0,0.0,0.0,0.0,0.0,0.0,0.0,0.0,0.21428571428571427,0.4258153136263183,3.0,1.0,0.21428571428571427,0.4986754943620645,6.0,2.0,0.26785714285714285,0.7743870638610416,15.0,5.0,0.27380952380952384,0.700278610237666,23.0,5.0,0.0,-1.0,0.0,407,0.35872235872235875,0.1891891891891892,0.31203931203931207,0.2457002457002457,0.09090909090909091,0.31695331695331697,42.411167512690355,5.8452088452088455
2023-12-25,0,0,0,0,0,0,0,0,0,0,0,0,2023,12,25,0,359,52,4,0,1,0,0.0,1.0,-0.10310169744743544,0.9946708199115211,6.432490598706546e-16,1.0,-2.4492935982947064e-16,1.0,0.0,0.0,0.0,0.0,0.0,0.0,0.0,0.0,0.0,0.0,0.0,0.0,0.0,0.0,0.21428571428571427,0.4258153136263183,3.0,1.0,0.21428571428571427,0.4986754943620645,6.0,2.0,0.26785714285714285,0.7743870638610416,15.0,5.0,0.25,0.6744029041370104,21.0,5.0,0.0,0.0,0.0,407,0.35872235872235875,0.1891891891891892,0.31203931203931207,0.2457002457002457,0.09090909090909091,0.31695331695331697,42.411167512690355,5.8452088452088455
2023-12-26,0,0,0,0,0,0,0,0,0,0,0,0,2023,12,26,1,360,52,4,0,0,0,0.7818314824680298,0.6234898018587336,-0.0859647987374467,0.9962981749346077,6.432490598706546e-16,1.0,-2.4492935982947064e-16,1.0,0.0,0.0,0.0,0.0,1.0,0.0,0.0,0.0,0.0,0.0,0.0,0.0,0.0,0.0,0.14285714285714285,0.3631365196012794,2.0,1.0,0.21428571428571427,0.4986754943620645,6.0,2.0,0.26785714285714285,0.7743870638610416,15.0,5.0,0.25,0.6744029041370104,21.0,5.0,0.0,0.0,0.0,407,0.35872235872235875,0.1891891891891892,0.31203931203931207,0.2457002457002457,0.09090909090909091,0.31695331695331697,42.411167512690355,5.8452088452088455
2023-12-27,1,0,0,1,0,0,0,0,2,0,0,0,2023,12,27,2,361,52,4,0,0,0,0.9749279121818236,-0.22252093395631434,-0.06880242680232064,0.9976303053065857,6.432490598706546e-16,1.0,-2.4492935982947064e-16,1.0,0.0,0.0,0.0,0.0,0.0,1.0,0.3333333333333333,0.5773502691896264,1.0,1.0,0.14285714285714285,0.3779644730092257,1.0,1.0,0.21428571428571427,0.4258153136263183,3.0,1.0,0.21428571428571427,0.4986754943620645,6.0,2.0,0.2857142857142857,0.7796102922564633,16.0,5.0,0.2619047619047619,0.6787488067228209,22.0,5.0,1.0,1.0,0.0,407,0.35872235872235875,0.1891891891891892,0.31203931203931207,0.2457002457002457,0.09090909090909091,0.31695331695331697,42.411167512690355,5.8452088452088455
2023-12-28,0,0,0,0,0,0,0,0,0,0,0,0,2023,12,28,3,362,52,4,0,0,0,0.43388373911755823,-0.900968867902419,-0.05161966722325418,0.9986668162884759,6.432490598706546e-16,1.0,-2.4492935982947064e-16,1.0,1.0,0.0,0.0,0.0,0.0,2.0,0.3333333333333333,0.5773502691896264,1.0,1.0,0.14285714285714285,0.3779644730092257,1.0,1.0,0.21428571428571427,0.4258153136263183,3.0,1.0,0.14285714285714285,0.3563483225499002,4.0,1.0,0.2857142857142857,0.7796102922564633,16.0,5.0,0.2619047619047619,0.6787488067228209,22.0,5.0,-1.0,0.0,-2.0,407,0.35872235872235875,0.1891891891891892,0.31203931203931207,0.2457002457002457,0.09090909090909091,0.31695331695331697,42.411167512690355,5.8452088452088455
2023-12-29,0,0,0,0,0,0,0,0,0,0,0,0,2023,12,29,4,363,52,4,0,0,1,-0.433883739117558,-0.9009688679024191,-0.034421611622745804,0.9994074007397048,6.432490598706546e-16,1.0,-2.4492935982947064e-16,1.0,0.0,1.0,0.0,0.0,0.0,0.0,0.3333333333333333,0.5773502691896264,1.0,1.0,0.14285714285714285,0.3779644730092257,1.0,1.0,0.21428571428571427,0.4258153136263183,3.0,1.0,0.14285714285714285,0.3563483225499002,4.0,1.0,0.2857142857142857,0.7796102922564633,16.0,5.0,0.25,0.6744029041370104,21.0,5.0,0.0,0.0,0.0,407,0.35872235872235875,0.1891891891891892,0.31203931203931207,0.2457002457002457,0.09090909090909091,0.31695331695331697,42.411167512690355,5.8452088452088455
2023-12-30,0,0,0,0,0,0,0,0,0,0,0,0,2023,12,30,5,364,52,4,1,0,0,-0.9749279121818236,-0.2225209339563146,-0.01721335615583528,0.9998518392091162,6.432490598706546e-16,1.0,-2.4492935982947064e-16,1.0,0.0,0.0,1.0,0.0,1.0,0.0,0.0,0.0,0.0,0.0,0.14285714285714285,0.3779644730092257,1.0,1.0,0.14285714285714285,0.3631365196012794,2.0,1.0,0.14285714285714285,0.3563483225499002,4.0,1.0,0.2857142857142857,0.7796102922564633,16.0,5.0,0.23809523809523808,0.6698147130786014,20.0,5.0,0.0,0.0,0.0,407,0.35872235872235875,0.1891891891891892,0.31203931203931207,0.2457002457002457,0.09090909090909091,0.31695331695331697,42.411167512690355,5.8452088452088455
2023-12-31,0,0,0,0,0,0,0,0,0,0,0,0,2023,12,31,6,365,52,4,1,0,0,-0.7818314824680299,0.6234898018587334,6.432490598706546e-16,1.0,6.432490598706546e-16,1.0,-2.4492935982947064e-16,1.0,0.0,0.0,0.0,0.0,1.0,0.0,0.0,0.0,0.0,0.0,0.14285714285714285,0.3779644730092257,1.0,1.0,0.07142857142857142,0.2672612419124217,1.0,1.0,0.14285714285714285,0.3563483225499002,4.0,1.0,0.2857142857142857,0.7796102922564633,16.0,5.0,0.2261904761904762,0.664979218376078,19.0,5.0,0.0,0.0,0.0,407,0.35872235872235875,0.1891891891891892,0.31203931203931207,0.2457002457002457,0.09090909090909091,0.31695331695331697,42.411167512690355,5.8452088452088455
2024-01-01,1,0,1,0,0,0,0,0,2,0,0,1,2024,1,1,0,1,1,1,0,1,0,0.0,1.0,0.017213356155834685,0.9998518392091162,0.12053668025532305,0.992708874098054,0.49999999999999994,0.8660254037844387,0.0,0.0,0.0,0.0,0.0,0.0,0.3333333333333333,0.5773502691896264,1.0,1.0,0.2857142857142857,0.4879500364742655,2.0,1.0,0.14285714285714285,0.3631365196012794,2.0,1.0,0.17857142857142858,0.3900210277874807,5.0,1.0,0.2857142857142857,0.7796102922564633,16.0,5.0,0.23809523809523808,0.6698147130786014,20.0,5.0,1.0,1.0,1.0,407,0.35872235872235875,0.1891891891891892,0.31203931203931207,0.2457002457002457,0.09090909090909091,0.31695331695331697,42.411167512690355,5.8452088452088455
2024-01-02,0,0,0,0,0,0,0,0,0,0,0,0,2024,1,2,1,2,1,1,0,0,0,0.7818314824680298,0.6234898018587336,0.03442161162274574,0.9994074007397048,0.12053668025532305,0.992708874098054,0.49999999999999994,0.8660254037844387,1.0,0.0,0.0,0.0,0.0,0.0,0.3333333333333333,0.5773502691896264,1.0,1.0,0.2857142857142857,0.4879500364742655,2.0,1.0,0.14285714285714285,0.3631365196012794,2.0,1.0,0.17857142857142858,0.3900210277874807,5.0,1.0,0.26785714285714285,0.7743870638610416,15.0,5.0,0.23809523809523808,0.6698147130786014,20.0,5.0,-1.0,0.0,0.0,407,0.35872235872235875,0.1891891891891892,0.31203931203931207,0.2457002457002457,0.09090909090909091,0.31695331695331697,42.411167512690355,5.8452088452088455
2024-01-03,0,0,0,0,0,0,0,0,0,0,0,0,2024,1,3,2,3,1,1,0,0,0,0.9749279121818236,-0.22252093395631434,0.051619667223253764,0.998666816288476,0.12053668025532305,0.992708874098054,0.49999999999999994,0.8660254037844387,0.0,1.0,0.0,1.0,0.0,0.0,0.3333333333333333,0.5773502691896264,1.0,1.0,0.14285714285714285,0.3779644730092257,1.0,1.0,0.14285714285714285,0.3631365196012794,2.0,1.0,0.17857142857142858,0.3900210277874807,5.0,1.0,0.26785714285714285,0.7743870638610416,15.0,5.0,0.23809523809523808,0.6698147130786014,20.0,5.0,0.0,-1.0,0.0,407,0.35872235872235875,0.1891891891891892,0.31203931203931207,0.2457002457002457,0.09090909090909091,0.31695331695331697,42.411167512690355,5.8452088452088455
2024-01-04,1,1,0,1,0,1,0,1,3,0,0,0,2024,1,4,3,4,1,1,0,0,0,0.43388373911755823,-0.900968867902419,0.06880242680231986,0.9976303053065857,0.12053668025532305,0.992708874098054,0.49999999999999994,0.8660254037844387,0.0,0.0,1.0,0.0,0.0,0.0,0.3333333333333333,0.5773502691896264,1.0,1.0,0.2857142857142857,0.4879500364742655,2.0,1.0,0.21428571428571427,0.4258153136263183,3.0,1.0,0.21428571428571427,0.4178554470186733,6.0,1.0,0.2857142857142857,0.7796102922564633,16.0,5.0,0.25,0.6744029041370104,21.0,5.0,1.0,1.0,1.0,407,0.35872235872235875,0.1891891891891892,0.31203931203931207,0.2457002457002457,0.09090909090909091,0.31695331695331697,42.411167512690355,5.8452088452088455
2024-01-05,0,0,0,0,0,0,0,0,0,0,0,0,2024,1,5,4,5,1,1,0,0,1,-0.433883739117558,-0.9009688679024191,0.08596479873744647,0.9962981749346078,0.12053668025532305,0.992708874098054,0.49999999999999994,0.8660254037844387,1.0,0.0,0.0,0.0,0.0,0.0,0.3333333333333333,0.5773502691896264,1.0,1.0,0.2857142857142857,0.4879500364742655,2.0,1.0,0.21428571428571427,0.4258153136263183,3.0,1.0,0.21428571428571427,0.4178554470186733,6.0,1.0,0.2857142857142857,0.7796102922564633,16.0,5.0,0.25,0.6744029041370104,21.0,5.0,-1.0,0.0,0.0,407,0.35872235872235875,0.1891891891891892,0.31203931203931207,0.2457002457002457,0.09090909090909091,0.31695331695331697,42.411167512690355,5.8452088452088455
2024-01-06,0,0,0,0,0,0,0,0,0,0,0,0,2024,1,6,5,6,1,1,1,0,0,-0.9749279121818236,-0.2225209339563146,0.10310169744743485,0.9946708199115211,0.12053668025532305,0.992708874098054,0.49999999999999994,0.8660254037844387,0.0,1.0,0.0,0.0,0.0,0.0,0.3333333333333333,0.5773502691896264,1.0,1.0,0.2857142857142857,0.4879500364742655,2.0,1.0,0.21428571428571427,0.4258153136263183,3.0,1.0,0.21428571428571427,0.4178554470186733,6.0,1.0,0.2857142857142857,0.7796102922564633,16.0,5.0,0.23809523809523808,0.6698147130786014,20.0,5.0,0.0,0.0,0.0,407,0.35872235872235875,0.1891891891891892,0.31203931203931207,0.2457002457002457,0.09090909090909091,0.31695331695331697,42.411167512690355,5.8452088452088455
2024-01-07,0,0,0,0,0,0,0,0,0,0,0,0,2024,1,7,6,7,1,1,1,0,0,-0.7818314824680299,0.6234898018587334,0.1202080448993527,0.9927487224577402,0.12053668025532305,0.992708874098054,0.49999999999999994,0.8660254037844387,0.0,0.0,1.0,0.0,0.0,0.0,0.0,0.0,0.0,0.0,0.2857142857142857,0.4879500364742655,2.0,1.0,0.21428571428571427,0.4258153136263183,3.0,1.0,0.21428571428571427,0.4178554470186733,6.0,1.0,0.2857142857142857,0.7796102922564633,16.0,5.0,0.23809523809523808,0.6698147130786014,20.0,5.0,0.0,0.0,0.0,407,0.35872235872235875,0.1891891891891892,0.31203931203931207,0.2457002457002457,0.09090909090909091,0.31695331695331697,42.411167512690355,5.8452088452088455
2024-01-08,0,0,0,0,0,0,0,0,0,0,0,0,2024,1,8,0,8,2,1,0,1,0,0.0,1.0,0.13727877211326478,0.9905324521322229,0.23931566428755774,0.970941817426052,0.49999999999999994,0.8660254037844387,0.0,0.0,0.0,1.0,0.0,0.0,0.0,0.0,0.0,0.0,0.14285714285714285,0.3779644730092257,1.0,1.0,0.21428571428571427,0.4258153136263183,3.0,1.0,0.21428571428571427,0.4178554470186733,6.0,1.0,0.2857142857142857,0.7796102922564633,16.0,5.0,0.23809523809523808,0.6698147130786014,20.0,5.0,0.0,-1.0,0.0,407,0.35872235872235875,0.1891891891891892,0.31203931203931207,0.2457002457002457,0.09090909090909091,0.31695331695331697,42.411167512690355,5.8452088452088455
2024-01-09,0,0,0,0,0,0,0,0,0,0,0,0,2024,1,9,1,9,2,1,0,0,0,0.7818314824680298,0.6234898018587336,0.15430882066428117,0.9880226656636976,0.23931566428755774,0.970941817426052,0.49999999999999994,0.8660254037844387,0.0,0.0,0.0,0.0,0.0,1.0,0.0,0.0,0.0,0.0,0.14285714285714285,0.3779644730092257,1.0,1.0,0.21428571428571427,0.4258153136263183,3.0,1.0,0.17857142857142858,0.3900210277874807,5.0,1.0,0.2857142857142857,0.7796102922564633,16.0,5.0,0.23809523809523808,0.6698147130786014,20.0,5.0,0.0,0.0,-1.0,407,0.35872235872235875,0.1891891891891892,0.31203931203931207,0.2457002457002457,0.09090909090909091,0.31695331695331697,42.411167512690355,5.8452088452088455
2024-01-10,0,0,0,0,0,0,0,0,0,0,0,0,2024,1,10,2,10,2,1,0,0,0,0.9749279121818236,-0.22252093395631434,0.1712931441814776,0.9852201067560606,0.23931566428755774,0.970941817426052,0.49999999999999994,0.8660254037844387,0.0,0.0,0.0,0.0,1.0,0.0,0.0,0.0,0.0,0.0,0.14285714285714285,0.3779644730092257,1.0,1.0,0.14285714285714285,0.3631365196012794,2.0,1.0,0.17857142857142858,0.3900210277874807,5.0,1.0,0.2857142857142857,0.7796102922564633,16.0,5.0,0.23809523809523808,0.6698147130786014,20.0,5.0,0.0,0.0,0.0,407,0.35872235872235875,0.1891891891891892,0.31203931203931207,0.2457002457002457,0.09090909090909091,0.31695331695331697,42.411167512690355,5.8452088452088455
2024-01-11,1,0,0,0,0,0,0,0,1,0,0,1,2024,1,11,3,11,2,1,0,0,0,0.43388373911755823,-0.900968867902419,0.1882267098432442,0.9821256058680006,0.23931566428755774,0.970941817426052,0.49999999999999994,0.8660254037844387,0.0,0.0,0.0,1.0,0.0,0.0,0.3333333333333333,0.5773502691896264,1.0,1.0,0.14285714285714285,0.3779644730092257,1.0,1.0,0.21428571428571427,0.4258153136263183,3.0,1.0,0.21428571428571427,0.4178554470186733,6.0,1.0,0.30357142857142855,0.7843849439272408,17.0,5.0,0.25,0.6744029041370104,21.0,5.0,1.0,0.0,1.0,407,0.35872235872235875,0.1891891891891892,0.31203931203931207,0.2457002457002457,0.09090909090909091,0.31695331695331697,42.411167512690355,5.8452088452088455
2024-01-12,0,0,0,0,0,0,0,0,0,0,0,0,2024,1,12,4,12,2,1,0,0,1,-0.433883739117558,-0.9009688679024191,0.2051044998686192,0.9787400799669153,0.23931566428755774,0.970941817426052,0.49999999999999994,0.8660254037844387,1.0,0.0,0.0,0.0,0.0,0.0,0.3333333333333333,0.5773502691896264,1.0,1.0,0.14285714285714285,0.3779644730092257,1.0,1.0,0.21428571428571427,0.4258153136263183,3.0,1.0,0.21428571428571427,0.4178554470186733,6.0,1.0,0.30357142857142855,0.7843849439272408,17.0,5.0,0.25,0.6744029041370104,21.0,5.0,-1.0,0.0,0.0,407,0.35872235872235875,0.1891891891891892,0.31203931203931207,0.2457002457002457,0.09090909090909091,0.31695331695331697,42.411167512690355,5.8452088452088455
2024-01-13,0,0,0,0,0,0,0,0,0,0,0,0,2024,1,13,5,13,2,1,1,0,0,-0.9749279121818236,-0.2225209339563146,0.2219215130041655,0.9750645322571948,0.23931566428755774,0.970941817426052,0.49999999999999994,0.8660254037844387,0.0,1.0,0.0,0.0,0.0,1.0,0.3333333333333333,0.5773502691896264,1.0,1.0,0.14285714285714285,0.3779644730092257,1.0,1.0,0.21428571428571427,0.4258153136263183,3.0,1.0,0.17857142857142858,0.3900210277874807,5.0,1.0,0.30357142857142855,0.7843849439272408,17.0,5.0,0.23809523809523808,0.6698147130786014,20.0,5.0,0.0,0.0,-1.0,407,0.35872235872235875,0.1891891891891892,0.31203931203931207,0.2457002457002457,0.09090909090909091,0.31695331695331697,42.411167512690355,5.8452088452088455
2024-01-14,0,0,0,0,0,0,0,0,0,0,0,0,2024,1,14,6,14,2,1,1,0,0,-0.7818314824680299,0.6234898018587334,0.2386727660059501,0.9711000518829505,0.23931566428755774,0.970941817426052,0.49999999999999994,0.8660254037844387,0.0,0.0,1.0,0.0,0.0,1.0,0.0,0.0,0.0,0.0,0.14285714285714285,0.3779644730092257,1.0,1.0,0.21428571428571427,0.4258153136263183,3.0,1.0,0.14285714285714285,0.3563483225499002,4.0,1.0,0.30357142857142855,0.7843849439272408,17.0,5.0,0.23809523809523808,0.6698147130786014,20.0,5.0,0.0,0.0,-1.0,407,0.35872235872235875,0.1891891891891892,0.31203931203931207,0.2457002457002457,0.09090909090909091,0.31695331695331697,42.411167512690355,5.8452088452088455
2024-01-15,0,0,0,0,0,0,0,0,0,0,0,0,2024,1,15,0,15,3,1,0,1,0,0.0,1.0,0.255353295116187,0.9668478136052775,0.3546048870425356,0.9350162426854148,0.49999999999999994,0.8660254037844387,0.0,0.0,0.0,0.0,1.0,0.0,0.0,0.0,0.0,0.0,0.14285714285714285,0.3779644730092257,1.0,1.0,0.14285714285714285,0.3631365196012794,2.0,1.0,0.14285714285714285,0.3563483225499002,4.0,1.0,0.2857142857142857,0.7796102922564633,16.0,5.0,0.23809523809523808,0.6698147130786014,20.0,5.0,0.0,0.0,0.0,407,0.35872235872235875,0.1891891891891892,0.31203931203931207,0.2457002457002457,0.09090909090909091,0.31695331695331697,42.411167512690355,5.8452088452088455
2024-01-16,0,0,0,0,0,0,0,0,0,0,0,0,2024,1,16,1,16,3,1,0,0,0,0.7818314824680298,0.6234898018587336,0.2719581575341055,0.9623090774541486,0.3546048870425356,0.9350162426854148,0.49999999999999994,0.8660254037844387,0.0,0.0,0.0,0.0,0.0,0.0,0.0,0.0,0.0,0.0,0.14285714285714285,0.3779644730092257,1.0,1.0,0.14285714285714285,0.3631365196012794,2.0,1.0,0.14285714285714285,0.3563483225499002,4.0,1.0,0.2857142857142857,0.7796102922564633,16.0,5.0,0.23809523809523808,0.6698147130786014,20.0,5.0,0.0,0.0,0.0,407,0.35872235872235875,0.1891891891891892,0.31203931203931207,0.2457002457002457,0.09090909090909091,0.31695331695331697,42.411167512690355,5.8452088452088455
2024-01-17,0,0,0,0,0,0,0,0,0,0,0,0,2024,1,17,2,17,3,1,0,0,0,0.9749279121818236,-0.22252093395631434,0.288482432880609,0.9574851883550393,0.3546048870425356,0.9350162426854148,0.49999999999999994,0.8660254037844387,0.0,0.0,0.0,0.0,0.0,0.0,0.0,0.0,0.0,0.0,0.14285714285714285,0.3779644730092257,1.0,1.0,0.14285714285714285,0.3631365196012794,2.0,1.0,0.14285714285714285,0.3563483225499002,4.0,1.0,0.26785714285714285,0.7743870638610416,15.0,5.0,0.23809523809523808,0.6698147130786014,20.0,5.0,0.0,0.0,0.0,407,0.35872235872235875,0.1891891891891892,0.31203931203931207,0.2457002457002457,0.09090909090909091,0.31695331695331697,42.411167512690355,5.8452088452088455
2024-01-18,0,0,0,0,0,0,0,0,0,0,0,0,2024,1,18,3,18,3,1,0,0,0,0.43388373911755823,-0.900968867902419,0.30492122465628907,0.9523775757303974,0.3546048870425356,0.9350162426854148,0.49999999999999994,0.8660254037844387,0.0,0.0,0.0,1.0,1.0,0.0,0.0,0.0,0.0,0.0,0.0,0.0,0.0,0.0,0.07142857142857142,0.2672612419124217,1.0,1.0,0.14285714285714285,0.3563483225499002,4.0,1.0,0.26785714285714285,0.7743870638610416,15.0,5.0,0.23809523809523808,0.6698147130786014,20.0,5.0,0.0,-1.0,0.0,407,0.35872235872235875,0.1891891891891892,0.31203931203931207,0.2457002457002457,0.09090909090909091,0.31695331695331697,42.411167512690355,5.8452088452088455
2024-01-19,0,0,0,0,0,0,0,0,0,0,0,0,2024,1,19,4,19,3,1,0,0,1,-0.433883739117558,-0.9009688679024191,0.3212696616923644,0.9469877530760753,0.3546048870425356,0.9350162426854148,0.49999999999999994,0.8660254037844387,0.0,0.0,0.0,0.0,0.0,0.0,0.0,0.0,0.0,0.0,0.0,0.0,0.0,0.0,0.07142857142857142,0.2672612419124217,1.0,1.0,0.14285714285714285,0.3563483225499002,4.0,1.0,0.17857142857142858,0.4309458036856677,10.0,2.0,0.2261904761904762,0.664979218376078,19.0,5.0,0.0,0.0,0.0,407,0.35872235872235875,0.1891891891891892,0.31203931203931207,0.2457002457002457,0.09090909090909091,0.31695331695331697,42.411167512690355,5.8452088452088455
2024-01-20,0,0,0,0,0,0,0,0,0,0,0,0,2024,1,20,5,20,3,1,1,0,0,-0.9749279121818236,-0.2225209339563146,0.3375228995941133,0.9413173175128471,0.3546048870425356,0.9350162426854148,0.49999999999999994,0.8660254037844387,0.0,0.0,0.0,0.0,0.0,0.0,0.0,0.0,0.0,0.0,0.0,0.0,0.0,0.0,0.07142857142857142,0.2672612419124217,1.0,1.0,0.14285714285714285,0.3563483225499002,4.0,1.0,0.17857142857142858,0.4309458036856677,10.0,2.0,0.2261904761904762,0.664979218376078,19.0,5.0,0.0,0.0,0.0,407,0.35872235872235875,0.1891891891891892,0.31203931203931207,0.2457002457002457,0.09090909090909091,0.31695331695331697,42.411167512690355,5.8452088452088455
2024-01-21,0,0,0,0,0,0,0,0,0,0,0,0,2024,1,21,6,21,3,1,1,0,0,-0.7818314824680299,0.6234898018587334,0.3536761221763716,0.9353679493131483,0.3546048870425356,0.9350162426854148,0.49999999999999994,0.8660254037844387,0.0,0.0,0.0,0.0,0.0,0.0,0.0,0.0,0.0,0.0,0.0,0.0,0.0,0.0,0.07142857142857142,0.2672612419124217,1.0,1.0,0.14285714285714285,0.3563483225499002,4.0,1.0,0.17857142857142858,0.4309458036856677,10.0,2.0,0.2261904761904762,0.664979218376078,19.0,5.0,0.0,0.0,0.0,407,0.35872235872235875,0.1891891891891892,0.31203931203931207,0.2457002457002457,0.09090909090909091,0.31695331695331697,42.411167512690355,5.8452088452088455
2024-01-22,0,0,0,0,0,0,0,0,0,0,0,0,2024,1,22,0,22,4,1,0,1,0,0.0,1.0,0.3697245428906731,0.9291414114031743,0.4647231720437685,0.8854560256532099,0.49999999999999994,0.8660254037844387,0.0,0.0,0.0,0.0,0.0,0.0,0.0,0.0,0.0,0.0,0.0,0.0,0.0,0.0,0.07142857142857142,0.2672612419124217,1.0,1.0,0.14285714285714285,0.3563483225499002,4.0,1.0,0.17857142857142858,0.4309458036856677,10.0,2.0,0.2261904761904762,0.664979218376078,19.0,5.0,0.0,0.0,0.0,407,0.35872235872235875,0.1891891891891892,0.31203931203931207,0.2457002457002457,0.09090909090909091,0.31695331695331697,42.411167512690355,5.8452088452088455
2024-01-23,0,0,0,0,0,0,0,0,0,0,0,0,2024,1,23,1,23,4,1,0,0,0,0.7818314824680298,0.6234898018587336,0.38566340624360707,0.9226395488404876,0.4647231720437685,0.8854560256532099,0.49999999999999994,0.8660254037844387,0.0,0.0,0.0,0.0,0.0,0.0,0.0,0.0,0.0,0.0,0.0,0.0,0.0,0.0,0.07142857142857142,0.2672612419124217,1.0,1.0,0.14285714285714285,0.3563483225499002,4.0,1.0,0.17857142857142858,0.4309458036856677,10.0,2.0,0.2261904761904762,0.664979218376078,19.0,5.0,0.0,0.0,0.0,407,0.35872235872235875,0.1891891891891892,0.31203931203931207,0.2457002457002457,0.09090909090909091,0.31695331695331697,42.411167512690355,5.8452088452088455
2024-01-24,1,1,0,0,0,0,0,0,2,1,1,0,2024,1,24,2,24,4,1,0,0,0,0.9749279121818236,-0.22252093395631434,0.401487989205973,0.9158642882672872,0.4647231720437685,0.8854560256532099,0.49999999999999994,0.8660254037844387,0.0,0.0,0.0,0.0,0.0,1.0,0.3333333333333333,0.5773502691896264,1.0,1.0,0.14285714285714285,0.3779644730092257,1.0,1.0,0.14285714285714285,0.3631365196012794,2.0,1.0,0.14285714285714285,0.3563483225499002,4.0,1.0,0.17857142857142858,0.4309458036856677,10.0,2.0,0.23809523809523808,0.6698147130786014,20.0,5.0,1.0,1.0,0.0,407,0.35872235872235875,0.1891891891891892,0.31203931203931207,0.2457002457002457,0.09090909090909091,0.31695331695331697,42.411167512690355,5.8452088452088455
2024-01-25,1,0,0,0,0,0,0,0,2,1,1,0,2024,1,25,3,25,4,1,0,0,0,0.43388373911755823,-0.900968867902419,0.4171936026123168,0.9088176373395029,0.4647231720437685,0.8854560256532099,0.49999999999999994,0.8660254037844387,1.0,0.0,0.0,0.0,1.0,0.0,0.6666666666666666,0.5773502691896273,2.0,1.0,0.2857142857142857,0.4879500364742655,2.0,1.0,0.14285714285714285,0.3631365196012794,2.0,1.0,0.17857142857142858,0.3900210277874807,5.0,1.0,0.16071428571428573,0.37059096364814764,9.0,1.0,0.25,0.6744029041370104,21.0,5.0,0.0,1.0,1.0,407,0.35872235872235875,0.1891891891891892,0.31203931203931207,0.2457002457002457,0.09090909090909091,0.31695331695331697,42.411167512690355,5.8452088452088455
2024-01-26,2,0,0,0,0,0,0,0,4,0,0,0,2024,1,26,4,26,4,1,0,0,1,-0.433883739117558,-0.9009688679024191,0.4327755925504312,0.901501684131884,0.4647231720437685,0.8854560256532099,0.49999999999999994,0.8660254037844387,1.0,1.0,0.0,0.0,0.0,0.0,1.3333333333333333,0.5773502691896291,4.0,2.0,0.5714285714285714,0.7867957924694425,4.0,2.0,0.2857142857142857,0.6112498455021255,4.0,2.0,0.25,0.5181877251716015,7.0,2.0,0.19642857142857142,0.44393459211681446,11.0,2.0,0.27380952380952384,0.700278610237666,23.0,5.0,1.0,2.0,2.0,407,0.35872235872235875,0.1891891891891892,0.31203931203931207,0.2457002457002457,0.09090909090909091,0.31695331695331697,42.411167512690355,5.8452088452088455
2024-01-27,1,0,1,0,0,0,0,0,1,1,1,1,2024,1,27,5,27,4,1,1,0,0,-0.9749279121818236,-0.2225209339563146,0.4482293417404106,0.893918596519257,0.4647231720437685,0.8854560256532099,0.49999999999999994,0.8660254037844387,2.0,1.0,1.0,0.0,0.0,0.0,1.3333333333333333,0.5773502691896291,4.0,2.0,0.7142857142857143,0.7559289460184538,5.0,2.0,0.35714285714285715,0.6333236937766498,5.0,2.0,0.2857142857142857,0.5345224838248495,8.0,2.0,0.21428571428571427,0.4558423058385521,12.0,2.0,0.2857142857142857,0.7040575786186289,24.0,5.0,-1.0,1.0,1.0,407,0.35872235872235875,0.1891891891891892,0.31203931203931207,0.2457002457002457,0.09090909090909091,0.31695331695331697,42.411167512690355,5.8452088452088455
2024-01-28,2,2,0,2,0,0,0,0,8,0,0,0,2024,1,28,6,28,4,1,1,0,0,-0.7818314824680299,0.6234898018587334,0.4635502709028509,0.886070621534138,0.4647231720437685,0.8854560256532099,0.49999999999999994,0.8660254037844387,1.0,2.0,1.0,0.0,0.0,0.0,1.6666666666666667,0.5773502691896298,5.0,2.0,1.0,0.8164965809277255,7.0,2.0,0.5,0.759554525312749,7.0,2.0,0.35714285714285715,0.6214848238238703,10.0,2.0,0.25,0.5134553180524708,14.0,2.0,0.30952380952380953,0.7276996347823881,26.0,5.0,1.0,2.0,2.0,407,0.35872235872235875,0.1891891891891892,0.31203931203931207,0.2457002457002457,0.09090909090909091,0.31695331695331697,42.411167512690355,5.8452088452088455
2024-01-29,0,0,0,0,0,0,0,0,0,0,0,0,2024,1,29,0,29,5,1,0,1,0,0.0,1.0,0.47873384011578846,0.8779600847008882,0.5680647467311558,0.8229838658936564,0.49999999999999994,0.8660254037844387,2.0,1.0,2.0,0.0,0.0,1.0,1.0,1.0000000000000013,3.0,2.0,1.0,0.8164965809277255,7.0,2.0,0.5,0.759554525312749,7.0,2.0,0.32142857142857145,0.6118321864193033,9.0,2.0,0.25,0.5134553180524708,14.0,2.0,0.2976190476190476,0.7244401561714955,25.0,5.0,-2.0,0.0,-1.0,407,0.35872235872235875,0.1891891891891892,0.31203931203931207,0.2457002457002457,0.09090909090909091,0.31695331695331697,42.411167512690355,5.8452088452088455
2024-01-30,0,0,0,0,0,0,0,0,0,0,0,0,2024,1,30,1,30,5,1,0,0,0,0.7818314824680298,0.6234898018587336,0.49377555015997715,0.869589389346611,0.5680647467311558,0.8229838658936564,0.49999999999999994,0.8660254037844387,0.0,2.0,1.0,0.0,0.0,0.0,0.6666666666666666,1.1547005383792524,2.0,2.0,1.0,0.8164965809277255,7.0,2.0,0.5,0.759554525312749,7.0,2.0,0.32142857142857145,0.6118321864193033,9.0,2.0,0.25,0.5134553180524708,14.0,2.0,0.2857142857142857,0.7209670308360123,24.0,5.0,0.0,0.0,0.0,407,0.35872235872235875,0.1891891891891892,0.31203931203931207,0.2457002457002457,0.09090909090909091,0.31695331695331697,42.411167512690355,5.8452088452088455
2024-01-31,0,0,0,0,0,0,0,0,0,0,0,0,2024,1,31,2,31,5,1,0,0,0,0.9749279121818236,-0.22252093395631434,0.5086709438521044,0.8609610158889943,0.5680647467311558,0.8229838658936564,0.49999999999999994,0.8660254037844387,0.0,0.0,2.0,1.0,0.0,0.0,0.0,0.0,0.0,0.0,0.8571428571428571,0.8997354108424369,6.0,2.0,0.5,0.759554525312749,7.0,2.0,0.32142857142857145,0.6118321864193033,9.0,2.0,0.25,0.5134553180524708,14.0,2.0,0.2857142857142857,0.7209670308360123,24.0,5.0,0.0,-1.0,0.0,407,0.35872235872235875,0.1891891891891892,0.31203931203931207,0.2457002457002457,0.09090909090909091,0.31695331695331697,42.411167512690355,5.8452088452088455
2024-02-01,0,0,0,0,0,0,0,0,0,0,0,0,2024,2,1,3,32,5,1,0,0,0,0.43388373911755823,-0.900968867902419,0.5234156073655503,0.8520775211013093,0.5680647467311558,0.8229838658936564,0.8660254037844386,0.5000000000000001,0.0,0.0,0.0,1.0,0.0,1.0,0.0,0.0,0.0,0.0,0.7142857142857143,0.9511897312113414,5.0,2.0,0.5,0.759554525312749,7.0,2.0,0.2857142857142857,0.5998236072282922,8.0,2.0,0.25,0.5134553180524708,14.0,2.0,0.2857142857142857,0.7209670308360123,24.0,5.0,0.0,-1.0,-1.0,407,0.35872235872235875,0.1891891891891892,0.31203931203931207,0.2457002457002457,0.09090909090909091,0.31695331695331697,42.411167512690355,5.8452088452088455
2024-02-02,2,0,1,0,0,2,0,1,4,0,0,1,2024,2,2,4,33,5,1,0,0,1,-0.433883739117558,-0.9009688679024191,0.5380051715382996,0.8429415373547828,0.5680647467311558,0.8229838658936564,0.8660254037844386,0.5000000000000001,0.0,0.0,0.0,2.0,0.0,0.0,0.6666666666666666,1.1547005383792524,2.0,2.0,0.7142857142857143,0.9511897312113414,5.0,2.0,0.6428571428571429,0.8418973861410947,9.0,2.0,0.35714285714285715,0.6784669927988104,10.0,2.0,0.2857142857142857,0.5629237220824125,16.0,2.0,0.30952380952380953,0.7440720018953741,26.0,5.0,2.0,0.0,2.0,407,0.35872235872235875,0.1891891891891892,0.31203931203931207,0.2457002457002457,0.09090909090909091,0.31695331695331697,42.411167512690355,5.8452088452088455
2024-02-03,2,2,0,2,0,0,0,0,4,0,0,2,2024,2,3,5,34,5,1,1,0,0,-0.9749279121818236,-0.2225209339563146,0.5524353131676196,0.8335557718385699,0.5680647467311558,0.8229838658936564,0.8660254037844386,0.5000000000000001,2.0,0.0,0.0,1.0,0.0,0.0,1.3333333333333333,1.154700538379253,4.0,2.0,0.8571428571428571,1.0690449676496971,6.0,2.0,0.7857142857142857,0.8925823753039802,11.0,2.0,0.42857142857142855,0.7417981870189162,12.0,2.0,0.32142857142857145,0.6062445608271202,18.0,2.0,0.3333333333333333,0.7657319253669029,28.0,5.0,0.0,1.0,2.0,407,0.35872235872235875,0.1891891891891892,0.31203931203931207,0.2457002457002457,0.09090909090909091,0.31695331695331697,42.411167512690355,5.8452088452088455
2024-02-04,0,0,0,0,0,0,0,0,0,0,0,0,2024,2,4,6,35,5,1,1,0,0,-0.7818314824680299,0.6234898018587334,0.5667017562911176,0.8239230057575542,0.5680647467311558,0.8229838658936564,0.8660254037844386,0.5000000000000001,2.0,2.0,0.0,2.0,0.0,0.0,1.3333333333333333,1.154700538379253,4.0,2.0,0.5714285714285714,0.9759000729485328,4.0,2.0,0.7857142857142857,0.8925823753039802,11.0,2.0,0.42857142857142855,0.7417981870189162,12.0,2.0,0.32142857142857145,0.6062445608271202,18.0,2.0,0.3333333333333333,0.7657319253669029,28.0,5.0,-2.0,-2.0,0.0,407,0.35872235872235875,0.1891891891891892,0.31203931203931207,0.2457002457002457,0.09090909090909091,0.31695331695331697,42.411167512690355,5.8452088452088455
2024-02-05,0,0,0,0,0,0,0,0,0,0,0,0,2024,2,5,0,36,6,1,0,1,0,0.0,1.0,0.5808002734538009,0.8140460935082178,0.6631226582407952,0.7485107481711011,0.8660254037844386,0.5000000000000001,0.0,2.0,2.0,0.0,0.0,0.0,0.6666666666666666,1.1547005383792524,2.0,2.0,0.5714285714285714,0.9759000729485328,4.0,2.0,0.7857142857142857,0.8925823753039802,11.0,2.0,0.42857142857142855,0.7417981870189162,12.0,2.0,0.32142857142857145,0.6062445608271202,18.0,2.0,0.3333333333333333,0.7657319253669029,28.0,5.0,0.0,0.0,0.0,407,0.35872235872235875,0.1891891891891892,0.31203931203931207,0.2457002457002457,0.09090909090909091,0.31695331695331697,42.411167512690355,5.8452088452088455
2024-02-06,0,0,0,0,0,0,0,0,0,0,0,0,2024,2,6,1,37,6,1,0,0,0,0.7818314824680298,0.6234898018587336,0.5947266869607634,0.8039279618328213,0.6631226582407952,0.7485107481711011,0.8660254037844386,0.5000000000000001,0.0,0.0,2.0,0.0,0.0,0.0,0.0,0.0,0.0,0.0,0.5714285714285714,0.9759000729485328,4.0,2.0,0.7857142857142857,0.8925823753039802,11.0,2.0,0.42857142857142855,0.7417981870189162,12.0,2.0,0.30357142857142855,0.6005949431307975,17.0,2.0,0.3333333333333333,0.7657319253669029,28.0,5.0,0.0,0.0,0.0,407,0.35872235872235875,0.1891891891891892,0.31203931203931207,0.2457002457002457,0.09090909090909091,0.31695331695331697,42.411167512690355,5.8452088452088455
2024-02-07,0,0,0,0,0,0,0,0,0,0,0,0,2024,2,7,2,38,6,1,0,0,0,0.9749279121818236,-0.22252093395631434,0.6084768701151261,0.7935716089521474,0.6631226582407952,0.7485107481711011,0.8660254037844386,0.5000000000000001,0.0,0.0,0.0,0.0,1.0,0.0,0.0,0.0,0.0,0.0,0.5714285714285714,0.9759000729485328,4.0,2.0,0.7142857142857143,0.9138735334633747,10.0,2.0,0.42857142857142855,0.7417981870189162,12.0,2.0,0.30357142857142855,0.6005949431307975,17.0,2.0,0.3333333333333333,0.7657319253669029,28.0,5.0,0.0,0.0,0.0,407,0.35872235872235875,0.1891891891891892,0.31203931203931207,0.2457002457002457,0.09090909090909091,0.31695331695331697,42.411167512690355,5.8452088452088455
2024-02-08,0,0,0,0,0,0,0,0,0,0,0,0,2024,2,8,3,39,6,1,0,0,0,0.43388373911755823,-0.900968867902419,0.6220467484408675,0.7829801036770629,0.6631226582407952,0.7485107481711011,0.8660254037844386,0.5000000000000001,0.0,0.0,0.0,0.0,1.0,1.0,0.0,0.0,0.0,0.0,0.5714285714285714,0.9759000729485328,4.0,2.0,0.6428571428571429,0.9287827316640643,9.0,2.0,0.39285714285714285,0.7373267889143824,11.0,2.0,0.30357142857142855,0.6005949431307975,17.0,2.0,0.3333333333333333,0.7657319253669029,28.0,5.0,0.0,0.0,-1.0,407,0.35872235872235875,0.1891891891891892,0.31203931203931207,0.2457002457002457,0.09090909090909091,0.31695331695331697,42.411167512690355,5.8452088452088455
2024-02-09,0,0,0,0,0,0,0,0,0,0,0,0,2024,2,9,4,40,6,1,0,0,1,-0.433883739117558,-0.9009688679024191,0.6354323008901774,0.7721565844991642,0.6631226582407952,0.7485107481711011,0.8660254037844386,0.5000000000000001,0.0,0.0,0.0,2.0,2.0,0.0,0.0,0.0,0.0,0.0,0.2857142857142857,0.7559289460184541,2.0,2.0,0.5,0.8548504142651097,7.0,2.0,0.39285714285714285,0.7373267889143824,11.0,2.0,0.30357142857142855,0.6005949431307975,17.0,2.0,0.3333333333333333,0.7657319253669029,28.0,5.0,0.0,-2.0,0.0,407,0.35872235872235875,0.1891891891891892,0.31203931203931207,0.2457002457002457,0.09090909090909091,0.31695331695331697,42.411167512690355,5.8452088452088455
2024-02-10,0,0,0,0,0,0,0,0,0,0,0,0,2024,2,10,5,41,6,1,1,0,0,-0.9749279121818236,-0.2225209339563146,0.6486295610349814,0.7611042586607747,0.6631226582407952,0.7485107481711011,0.8660254037844386,0.5000000000000001,0.0,0.0,0.0,2.0,1.0,0.0,0.0,0.0,0.0,0.0,0.0,0.0,0.0,0.0,0.42857142857142855,0.8516306272526394,6.0,2.0,0.39285714285714285,0.7373267889143824,11.0,2.0,0.2857142857142857,0.5943456513231619,16.0,2.0,0.3333333333333333,0.7657319253669029,28.0,5.0,0.0,-2.0,0.0,407,0.35872235872235875,0.1891891891891892,0.31203931203931207,0.2457002457002457,0.09090909090909091,0.31695331695331697,42.411167512690355,5.8452088452088455
2024-02-11,0,0,0,0,0,0,0,0,0,0,0,0,2024,2,11,6,42,6,1,1,0,0,-0.7818314824680299,0.6234898018587334,0.6616346182422783,0.7498264012045686,0.6631226582407952,0.7485107481711011,0.8660254037844386,0.5000000000000001,0.0,0.0,0.0,0.0,2.0,0.0,0.0,0.0,0.0,0.0,0.0,0.0,0.0,0.0,0.2857142857142857,0.726273039202562,4.0,2.0,0.39285714285714285,0.7373267889143824,11.0,2.0,0.26785714285714285,0.5874775486177071,15.0,2.0,0.3333333333333333,0.7657319253669029,28.0,5.0,0.0,0.0,0.0,407,0.35872235872235875,0.1891891891891892,0.31203931203931207,0.2457002457002457,0.09090909090909091,0.31695331695331697,42.411167512690355,5.8452088452088455
2024-02-12,0,0,0,0,0,0,0,0,0,0,0,0,2024,2,12,0,43,7,1,0,1,0,0.0,1.0,0.6744436188329455,0.7383263540031065,0.7485107481711011,0.6631226582407953,0.8660254037844386,0.5000000000000001,0.0,0.0,0.0,0.0,0.0,0.0,0.0,0.0,0.0,0.0,0.0,0.0,0.0,0.0,0.2857142857142857,0.726273039202562,4.0,2.0,0.39285714285714285,0.7373267889143824,11.0,2.0,0.26785714285714285,0.5874775486177071,15.0,2.0,0.32142857142857145,0.7630110657144847,27.0,5.0,0.0,0.0,0.0,407,0.35872235872235875,0.1891891891891892,0.31203931203931207,0.2457002457002457,0.09090909090909091,0.31695331695331697,42.411167512690355,5.8452088452088455
2024-02-13,0,0,0,0,0,0,0,0,0,0,0,0,2024,2,13,1,44,7,1,0,0,0,0.7818314824680298,0.6234898018587336,0.6870527672236669,0.7266075247685656,0.7485107481711011,0.6631226582407953,0.8660254037844386,0.5000000000000001,0.0,0.0,0.0,0.0,0.0,0.0,0.0,0.0,0.0,0.0,0.0,0.0,0.0,0.0,0.2857142857142857,0.726273039202562,4.0,2.0,0.39285714285714285,0.7373267889143824,11.0,2.0,0.26785714285714285,0.5874775486177071,15.0,2.0,0.32142857142857145,0.7630110657144847,27.0,5.0,0.0,0.0,0.0,407,0.35872235872235875,0.1891891891891892,0.31203931203931207,0.2457002457002457,0.09090909090909091,0.31695331695331697,42.411167512690355,5.8452088452088455
2024-02-14,0,0,0,0,0,0,0,0,0,0,0,0,2024,2,14,2,45,7,1,0,0,0,0.9749279121818236,-0.22252093395631434,0.699458327051647,0.7146733860429609,0.7485107481711011,0.6631226582407953,0.8660254037844386,0.5000000000000001,0.0,0.0,0.0,0.0,0.0,0.0,0.0,0.0,0.0,0.0,0.0,0.0,0.0,0.0,0.2857142857142857,0.726273039202562,4.0,2.0,0.39285714285714285,0.7373267889143824,11.0,2.0,0.26785714285714285,0.5874775486177071,15.0,2.0,0.30952380952380953,0.7600917902113917,26.0,5.0,0.0,0.0,0.0,407,0.35872235872235875,0.1891891891891892,0.31203931203931207,0.2457002457002457,0.09090909090909091,0.31695331695331697,42.411167512690355,5.8452088452088455
2024-02-15,0,0,0,0,0,0,0,0,0,0,0,0,2024,2,15,3,46,7,1,0,0,0,0.43388373911755823,-0.900968867902419,0.7116566222817746,0.7025274741691571,0.7485107481711011,0.6631226582407953,0.8660254037844386,0.5000000000000001,0.0,0.0,0.0,0.0,0.0,0.0,0.0,0.0,0.0,0.0,0.0,0.0,0.0,0.0,0.2857142857142857,0.726273039202562,4.0,2.0,0.39285714285714285,0.7373267889143824,11.0,2.0,0.26785714285714285,0.5874775486177071,15.0,2.0,0.30952380952380953,0.7600917902113917,26.0,5.0,0.0,0.0,0.0,407,0.35872235872235875,0.1891891891891892,0.31203931203931207,0.2457002457002457,0.09090909090909091,0.31695331695331697,42.411167512690355,5.8452088452088455
2024-02-16,0,0,0,0,0,0,0,0,0,0,0,0,2024,2,16,4,47,7,1,0,0,1,-0.433883739117558,-0.9009688679024191,0.7236440382959124,0.6901733882429719,0.7485107481711011,0.6631226582407953,0.8660254037844386,0.5000000000000001,0.0,0.0,0.0,0.0,2.0,0.0,0.0,0.0,0.0,0.0,0.0,0.0,0.0,0.0,0.14285714285714285,0.5345224838248476,2.0,2.0,0.39285714285714285,0.7373267889143824,11.0,2.0,0.26785714285714285,0.5874775486177071,15.0,2.0,0.25,0.5569927861789788,21.0,2.0,0.0,0.0,0.0,407,0.35872235872235875,0.1891891891891892,0.31203931203931207,0.2457002457002457,0.09090909090909091,0.31695331695331697,42.411167512690355,5.8452088452088455
2024-02-17,0,0,0,0,0,0,0,0,0,0,0,0,2024,2,17,5,48,7,1,1,0,0,-0.9749279121818236,-0.2225209339563146,0.7354170229639855,0.6776147890466889,0.7485107481711011,0.6631226582407953,0.8660254037844386,0.5000000000000001,0.0,0.0,0.0,0.0,2.0,0.0,0.0,0.0,0.0,0.0,0.0,0.0,0.0,0.0,0.0,0.0,0.0,0.0,0.39285714285714285,0.7373267889143824,11.0,2.0,0.26785714285714285,0.5874775486177071,15.0,2.0,0.25,0.5569927861789788,21.0,2.0,0.0,0.0,0.0,407,0.35872235872235875,0.1891891891891892,0.31203931203931207,0.2457002457002457,0.09090909090909091,0.31695331695331697,42.411167512690355,5.8452088452088455
2024-02-18,0,0,0,0,0,0,0,0,0,0,0,0,2024,2,18,6,49,7,1,1,0,0,-0.7818314824680299,0.6234898018587334,0.7469720876965552,0.6648553979642865,0.7485107481711011,0.6631226582407953,0.8660254037844386,0.5000000000000001,0.0,0.0,0.0,0.0,0.0,0.0,0.0,0.0,0.0,0.0,0.0,0.0,0.0,0.0,0.0,0.0,0.0,0.0,0.39285714285714285,0.7373267889143824,11.0,2.0,0.26785714285714285,0.5874775486177071,15.0,2.0,0.25,0.5569927861789788,21.0,2.0,0.0,0.0,0.0,407,0.35872235872235875,0.1891891891891892,0.31203931203931207,0.2457002457002457,0.09090909090909091,0.31695331695331697,42.411167512690355,5.8452088452088455
2024-02-19,0,0,0,0,0,0,0,0,0,0,0,0,2024,2,19,0,50,8,1,0,1,0,0.0,1.0,0.7583058084785624,0.6518989958787126,0.8229838658936564,0.5680647467311559,0.8660254037844386,0.5000000000000001,0.0,0.0,0.0,0.0,0.0,0.0,0.0,0.0,0.0,0.0,0.0,0.0,0.0,0.0,0.0,0.0,0.0,0.0,0.39285714285714285,0.7373267889143824,11.0,2.0,0.26785714285714285,0.5874775486177071,15.0,2.0,0.25,0.5569927861789788,21.0,2.0,0.0,0.0,0.0,407,0.35872235872235875,0.1891891891891892,0.31203931203931207,0.2457002457002457,0.09090909090909091,0.31695331695331697,42.411167512690355,5.8452088452088455
2024-02-20,0,0,0,0,0,0,0,0,0,0,0,0,2024,2,20,1,51,8,1,0,0,0,0.7818314824680298,0.6234898018587336,0.7694148268839378,0.6387494220515272,0.8229838658936564,0.5680647467311559,0.8660254037844386,0.5000000000000001,0.0,0.0,0.0,0.0,0.0,0.0,0.0,0.0,0.0,0.0,0.0,0.0,0.0,0.0,0.0,0.0,0.0,0.0,0.39285714285714285,0.7373267889143824,11.0,2.0,0.26785714285714285,0.5874775486177071,15.0,2.0,0.25,0.5569927861789788,21.0,2.0,0.0,0.0,0.0,407,0.35872235872235875,0.1891891891891892,0.31203931203931207,0.2457002457002457,0.09090909090909091,0.31695331695331697,42.411167512690355,5.8452088452088455
2024-02-21,0,0,0,0,0,0,0,0,0,0,0,0,2024,2,21,2,52,8,1,0,0,0,0.9749279121818236,-0.22252093395631434,0.7802958510707755,0.6254105729852463,0.8229838658936564,0.5680647467311559,0.8660254037844386,0.5000000000000001,0.0,0.0,0.0,0.0,0.0,1.0,0.0,0.0,0.0,0.0,0.0,0.0,0.0,0.0,0.0,0.0,0.0,0.0,0.35714285714285715,0.7310208850583786,10.0,2.0,0.25,0.5799686511904214,14.0,2.0,0.23809523809523808,0.5514285417019661,20.0,2.0,0.0,0.0,-1.0,407,0.35872235872235875,0.1891891891891892,0.31203931203931207,0.2457002457002457,0.09090909090909091,0.31695331695331697,42.411167512690355,5.8452088452088455
2024-02-22,0,0,0,0,0,0,0,0,0,0,0,0,2024,2,22,3,53,8,1,0,0,0,0.43388373911755823,-0.900968867902419,0.7909456567567772,0.6118864012687243,0.8229838658936564,0.5680647467311559,0.8660254037844386,0.5000000000000001,0.0,0.0,0.0,0.0,0.0,1.0,0.0,0.0,0.0,0.0,0.0,0.0,0.0,0.0,0.0,0.0,0.0,0.0,0.32142857142857145,0.7228324650199196,9.0,2.0,0.25,0.5799686511904214,14.0,2.0,0.21428571428571427,0.5165088686167205,18.0,2.0,0.0,0.0,-1.0,407,0.35872235872235875,0.1891891891891892,0.31203931203931207,0.2457002457002457,0.09090909090909091,0.31695331695331697,42.411167512690355,5.8452088452088455
2024-02-23,0,0,0,0,0,0,0,0,0,0,0,0,2024,2,23,4,54,8,1,0,0,1,-0.433883739117558,-0.9009688679024191,0.8013610881746766,0.5981809144059165,0.8229838658936564,0.5680647467311559,0.8660254037844386,0.5000000000000001,0.0,0.0,0.0,0.0,0.0,2.0,0.0,0.0,0.0,0.0,0.0,0.0,0.0,0.0,0.0,0.0,0.0,0.0,0.25,0.6454972243679034,7.0,2.0,0.25,0.5799686511904214,14.0,2.0,0.21428571428571427,0.5165088686167205,18.0,2.0,0.0,0.0,-2.0,407,0.35872235872235875,0.1891891891891892,0.31203931203931207,0.2457002457002457,0.09090909090909091,0.31695331695331697,42.411167512690355,5.8452088452088455
2024-02-24,0,0,0,0,0,0,0,0,0,0,0,0,2024,2,24,5,55,8,1,1,0,0,-0.9749279121818236,-0.2225209339563146,0.8115390590073611,0.5842981736283684,0.8229838658936564,0.5680647467311559,0.8660254037844386,0.5000000000000001,0.0,0.0,0.0,0.0,0.0,1.0,0.0,0.0,0.0,0.0,0.0,0.0,0.0,0.0,0.0,0.0,0.0,0.0,0.21428571428571427,0.6299407883487126,6.0,2.0,0.25,0.5799686511904214,14.0,2.0,0.21428571428571427,0.5165088686167205,18.0,2.0,0.0,0.0,-1.0,407,0.35872235872235875,0.1891891891891892,0.31203931203931207,0.2457002457002457,0.09090909090909091,0.31695331695331697,42.411167512690355,5.8452088452088455
2024-02-25,0,0,0,0,0,0,0,0,0,0,0,0,2024,2,25,6,56,8,1,1,0,0,-0.7818314824680299,0.6234898018587334,0.8214765533024142,0.5702422926917871,0.8229838658936564,0.5680647467311559,0.8660254037844386,0.5000000000000001,0.0,0.0,0.0,0.0,0.0,2.0,0.0,0.0,0.0,0.0,0.0,0.0,0.0,0.0,0.0,0.0,0.0,0.0,0.14285714285714285,0.5245305283129628,4.0,2.0,0.25,0.5799686511904214,14.0,2.0,0.21428571428571427,0.5165088686167205,18.0,2.0,0.0,0.0,-2.0,407,0.35872235872235875,0.1891891891891892,0.31203931203931207,0.2457002457002457,0.09090909090909091,0.31695331695331697,42.411167512690355,5.8452088452088455
2024-02-26,1,0,1,0,0,2,0,1,1,0,0,1,2024,2,26,0,57,9,1,0,1,0,0.0,1.0,0.8311706263658079,0.5560174366570446,0.8854560256532099,0.4647231720437686,0.8660254037844386,0.5000000000000001,0.0,0.0,0.0,0.0,0.0,0.0,0.3333333333333333,0.5773502691896266,1.0,1.0,0.14285714285714285,0.3779644730092264,1.0,1.0,0.07142857142857142,0.26726124191242195,1.0,1.0,0.17857142857142858,0.5479640045336472,5.0,2.0,0.25,0.5799686511904214,14.0,2.0,0.2261904761904762,0.5229939407649757,19.0,2.0,1.0,1.0,1.0,407,0.35872235872235875,0.1891891891891892,0.31203931203931207,0.2457002457002457,0.09090909090909091,0.31695331695331697,42.411167512690355,5.8452088452088455
2024-02-27,1,0,0,0,0,0,0,0,3,0,0,0,2024,2,27,1,58,9,1,0,0,0,0.7818314824680298,0.6234898018587336,0.8406184056344782,0.5416278206559814,0.8854560256532099,0.4647231720437686,0.8660254037844386,0.5000000000000001,1.0,0.0,0.0,0.0,0.0,0.0,0.6666666666666666,0.5773502691896274,2.0,1.0,0.2857142857142857,0.48795003647426594,2.0,1.0,0.14285714285714285,0.36313651960127963,2.0,1.0,0.21428571428571427,0.5681120688308984,6.0,2.0,0.26785714285714285,0.5874775486177071,15.0,2.0,0.23809523809523808,0.5291285770598564,20.0,2.0,0.0,1.0,1.0,407,0.35872235872235875,0.1891891891891892,0.31203931203931207,0.2457002457002457,0.09090909090909091,0.31695331695331697,42.411167512690355,5.8452088452088455
2024-02-28,0,0,0,0,0,0,0,0,0,0,0,0,2024,2,28,2,59,9,1,0,0,0,0.9749279121818236,-0.22252093395631434,0.8498170915275278,0.5270777086423722,0.8854560256532099,0.4647231720437686,0.8660254037844386,0.5000000000000001,1.0,1.0,0.0,0.0,0.0,0.0,0.6666666666666666,0.5773502691896274,2.0,1.0,0.2857142857142857,0.48795003647426594,2.0,1.0,0.14285714285714285,0.36313651960127963,2.0,1.0,0.21428571428571427,0.5681120688308984,6.0,2.0,0.26785714285714285,0.5874775486177071,15.0,2.0,0.23809523809523808,0.5291285770598564,20.0,2.0,-1.0,0.0,0.0,407,0.35872235872235875,0.1891891891891892,0.31203931203931207,0.2457002457002457,0.09090909090909091,0.31695331695331697,42.411167512690355,5.8452088452088455
2024-02-29,1,0,1,0,0,0,0,0,2,0,0,1,2024,2,29,3,60,9,1,0,0,0,0.43388373911755823,-0.900968867902419,0.8587639582758029,0.5123714121284237,0.8854560256532099,0.4647231720437686,0.8660254037844386,0.5000000000000001,0.0,1.0,1.0,0.0,0.0,0.0,0.6666666666666666,0.5773502691896274,2.0,1.0,0.42857142857142855,0.5345224838248481,3.0,1.0,0.21428571428571427,0.42581531362631847,3.0,1.0,0.25,0.5853140973807084,7.0,2.0,0.26785714285714285,0.5874775486177071,15.0,2.0,0.25,0.5349248342648273,21.0,2.0,1.0,1.0,1.0,407,0.35872235872235875,0.1891891891891892,0.31203931203931207,0.2457002457002457,0.09090909090909091,0.31695331695331697,42.411167512690355,5.8452088452088455
2024-03-01,0,0,0,0,0,0,0,0,0,0,0,0,2024,3,1,4,61,9,1,0,0,1,-0.433883739117558,-0.9009688679024191,0.8674563547295969,0.49751328890718066,0.8854560256532099,0.4647231720437686,1.0,6.123233995736766e-17,1.0,0.0,1.0,0.0,0.0,2.0,0.3333333333333333,0.5773502691896266,1.0,1.0,0.42857142857142855,0.5345224838248481,3.0,1.0,0.21428571428571427,0.42581531362631847,3.0,1.0,0.17857142857142858,0.4755948656056717,5.0,2.0,0.26785714285714285,0.5874775486177071,15.0,2.0,0.25,0.5349248342648273,21.0,2.0,-1.0,0.0,-2.0,407,0.35872235872235875,0.1891891891891892,0.31203931203931207,0.2457002457002457,0.09090909090909091,0.31695331695331697,42.411167512690355,5.8452088452088455
2024-03-02,0,0,0,0,0,0,0,0,0,0,0,0,2024,3,2,5,62,9,1,1,0,0,-0.9749279121818236,-0.2225209339563146,0.8758917051442429,0.48250774176121847,0.8854560256532099,0.4647231720437686,1.0,6.123233995736766e-17,0.0,1.0,0.0,0.0,0.0,2.0,0.3333333333333333,0.5773502691896266,1.0,1.0,0.42857142857142855,0.5345224838248481,3.0,1.0,0.21428571428571427,0.42581531362631847,3.0,1.0,0.10714285714285714,0.3149703941743572,3.0,1.0,0.26785714285714285,0.5874775486177071,15.0,2.0,0.25,0.5349248342648273,21.0,2.0,0.0,0.0,-2.0,407,0.35872235872235875,0.1891891891891892,0.31203931203931207,0.2457002457002457,0.09090909090909091,0.31695331695331697,42.411167512690355,5.8452088452088455
2024-03-03,0,0,0,0,0,0,0,0,0,0,0,0,2024,3,3,6,63,9,1,1,0,0,-0.7818314824680299,0.6234898018587334,0.8840675099433636,0.4673592171580022,0.8854560256532099,0.4647231720437686,1.0,6.123233995736766e-17,0.0,0.0,1.0,0.0,0.0,0.0,0.0,0.0,0.0,0.0,0.42857142857142855,0.5345224838248481,3.0,1.0,0.21428571428571427,0.42581531362631847,3.0,1.0,0.10714285714285714,0.3149703941743572,3.0,1.0,0.26785714285714285,0.5874775486177071,15.0,2.0,0.25,0.5349248342648273,21.0,2.0,0.0,0.0,0.0,407,0.35872235872235875,0.1891891891891892,0.31203931203931207,0.2457002457002457,0.09090909090909091,0.31695331695331697,42.411167512690355,5.8452088452088455
2024-03-04,0,0,0,0,0,0,0,0,0,0,0,0,2024,3,4,0,64,10,1,0,1,0,0.0,1.0,0.8919813464595485,0.45207220393230435,0.9350162426854148,0.35460488704253557,1.0,6.123233995736766e-17,0.0,0.0,0.0,1.0,0.0,0.0,0.0,0.0,0.0,0.0,0.2857142857142857,0.48795003647426594,2.0,1.0,0.21428571428571427,0.42581531362631847,3.0,1.0,0.10714285714285714,0.3149703941743572,3.0,1.0,0.26785714285714285,0.5874775486177071,15.0,2.0,0.25,0.5349248342648273,21.0,2.0,0.0,-1.0,0.0,407,0.35872235872235875,0.1891891891891892,0.31203931203931207,0.2457002457002457,0.09090909090909091,0.31695331695331697,42.411167512690355,5.8452088452088455
2024-03-05,1,1,0,0,0,1,0,1,2,0,0,0,2024,3,5,1,65,10,1,0,0,0,0.7818314824680298,0.6234898018587336,0.8996308696522433,0.43665123195606403,0.9350162426854148,0.35460488704253557,1.0,6.123233995736766e-17,0.0,0.0,0.0,1.0,0.0,0.0,0.3333333333333333,0.5773502691896266,1.0,1.0,0.2857142857142857,0.48795003647426594,2.0,1.0,0.2857142857142857,0.468807230938494,4.0,1.0,0.14285714285714285,0.35634832254990023,4.0,1.0,0.2857142857142857,0.5943456513231619,16.0,2.0,0.25,0.5349248342648273,21.0,2.0,1.0,0.0,1.0,407,0.35872235872235875,0.1891891891891892,0.31203931203931207,0.2457002457002457,0.09090909090909091,0.31695331695331697,42.411167512690355,5.8452088452088455
2024-03-06,0,0,0,0,0,0,0,0,0,0,0,0,2024,3,6,2,66,10,1,0,0,0,0.9749279121818236,-0.22252093395631434,0.9070138128026359,0.4211008707960896,0.9350162426854148,0.35460488704253557,1.0,6.123233995736766e-17,1.0,0.0,0.0,0.0,0.0,0.0,0.3333333333333333,0.5773502691896266,1.0,1.0,0.2857142857142857,0.48795003647426594,2.0,1.0,0.2857142857142857,0.468807230938494,4.0,1.0,0.14285714285714285,0.35634832254990023,4.0,1.0,0.2857142857142857,0.5943456513231619,16.0,2.0,0.25,0.5349248342648273,21.0,2.0,-1.0,0.0,0.0,407,0.35872235872235875,0.1891891891891892,0.31203931203931207,0.2457002457002457,0.09090909090909091,0.31695331695331697,42.411167512690355,5.8452088452088455
2024-03-07,0,0,0,0,0,0,0,0,0,0,0,0,2024,3,7,3,67,10,1,0,0,0,0.43388373911755823,-0.900968867902419,0.9141279881853337,0.40542572835999735,0.9350162426854148,0.35460488704253557,1.0,6.123233995736766e-17,0.0,1.0,0.0,1.0,0.0,0.0,0.3333333333333333,0.5773502691896266,1.0,1.0,0.14285714285714285,0.3779644730092265,1.0,1.0,0.2857142857142857,0.468807230938494,4.0,1.0,0.14285714285714285,0.35634832254990023,4.0,1.0,0.26785714285714285,0.5874775486177071,15.0,2.0,0.25,0.5349248342648273,21.0,2.0,0.0,-1.0,0.0,407,0.35872235872235875,0.1891891891891892,0.31203931203931207,0.2457002457002457,0.09090909090909091,0.31695331695331697,42.411167512690355,5.8452088452088455
2024-03-08,0,0,0,0,0,0,0,0,0,0,0,0,2024,3,8,4,68,10,1,0,0,1,-0.433883739117558,-0.9009688679024191,0.9209712877166346,0.38963044953078796,0.9350162426854148,0.35460488704253557,1.0,6.123233995736766e-17,0.0,0.0,1.0,0.0,0.0,0.0,0.0,0.0,0.0,0.0,0.14285714285714285,0.3779644730092265,1.0,1.0,0.2857142857142857,0.468807230938494,4.0,1.0,0.14285714285714285,0.35634832254990023,4.0,1.0,0.26785714285714285,0.5874775486177071,15.0,2.0,0.25,0.5349248342648273,21.0,2.0,0.0,0.0,0.0,407,0.35872235872235875,0.1891891891891892,0.31203931203931207,0.2457002457002457,0.09090909090909091,0.31695331695331697,42.411167512690355,5.8452088452088455
2024-03-09,0,0,0,0,0,0,0,0,0,0,0,0,2024,3,9,5,69,10,1,1,0,0,-0.9749279121818236,-0.2225209339563146,0.9275416835791966,0.37371971479046906,0.9350162426854148,0.35460488704253557,1.0,6.123233995736766e-17,0.0,0.0,0.0,0.0,0.0,0.0,0.0,0.0,0.0,0.0,0.14285714285714285,0.3779644730092265,1.0,1.0,0.2857142857142857,0.468807230938494,4.0,1.0,0.14285714285714285,0.35634832254990023,4.0,1.0,0.26785714285714285,0.5874775486177071,15.0,2.0,0.23809523809523808,0.5291285770598564,20.0,2.0,0.0,0.0,0.0,407,0.35872235872235875,0.1891891891891892,0.31203931203931207,0.2457002457002457,0.09090909090909091,0.31695331695331697,42.411167512690355,5.8452088452088455
2024-03-10,0,0,0,0,0,0,0,0,0,0,0,0,2024,3,10,6,70,10,1,1,0,0,-0.7818314824680299,0.6234898018587334,0.9338372288229252,0.35769823883312546,0.9350162426854148,0.35460488704253557,1.0,6.123233995736766e-17,0.0,0.0,0.0,0.0,0.0,0.0,0.0,0.0,0.0,0.0,0.14285714285714285,0.3779644730092265,1.0,1.0,0.2857142857142857,0.468807230938494,4.0,1.0,0.14285714285714285,0.35634832254990023,4.0,1.0,0.26785714285714285,0.5874775486177071,15.0,2.0,0.2261904761904762,0.5229939407649757,19.0,2.0,0.0,0.0,0.0,407,0.35872235872235875,0.1891891891891892,0.31203931203931207,0.2457002457002457,0.09090909090909091,0.31695331695331697,42.411167512690355,5.8452088452088455
2024-03-11,1,1,0,1,0,2,0,1,1,0,0,0,2024,3,11,0,71,11,1,0,1,0,0.0,1.0,0.9398560579418954,0.3415707691678556,0.970941817426052,0.23931566428755804,1.0,6.123233995736766e-17,0.0,0.0,0.0,0.0,1.0,0.0,0.3333333333333333,0.5773502691896266,1.0,1.0,0.2857142857142857,0.48795003647426594,2.0,1.0,0.2857142857142857,0.468807230938494,4.0,1.0,0.17857142857142858,0.3900210277874808,5.0,1.0,0.2857142857142857,0.5943456513231619,16.0,2.0,0.23809523809523808,0.5291285770598564,20.0,2.0,1.0,1.0,1.0,407,0.35872235872235875,0.1891891891891892,0.31203931203931207,0.2457002457002457,0.09090909090909091,0.31695331695331697,42.411167512690355,5.8452088452088455
2024-03-12,0,0,0,0,0,0,0,0,0,0,0,0,2024,3,12,1,72,11,1,0,0,0,0.7818314824680298,0.6234898018587336,0.9455963874271426,0.3253420847119801,0.970941817426052,0.23931566428755804,1.0,6.123233995736766e-17,1.0,0.0,0.0,1.0,1.0,0.0,0.3333333333333333,0.5773502691896266,1.0,1.0,0.14285714285714285,0.3779644730092265,1.0,1.0,0.21428571428571427,0.42581531362631847,3.0,1.0,0.17857142857142858,0.3900210277874808,5.0,1.0,0.2857142857142857,0.5943456513231619,16.0,2.0,0.23809523809523808,0.5291285770598564,20.0,2.0,-1.0,-1.0,0.0,407,0.35872235872235875,0.1891891891891892,0.31203931203931207,0.2457002457002457,0.09090909090909091,0.31695331695331697,42.411167512690355,5.8452088452088455
2024-03-13,0,0,0,0,0,0,0,0,0,0,0,0,2024,3,13,2,73,11,1,0,0,0,0.9749279121818236,-0.22252093395631434,0.9510565162951535,0.30901699437494745,0.970941817426052,0.23931566428755804,1.0,6.123233995736766e-17,0.0,1.0,0.0,0.0,0.0,0.0,0.3333333333333333,0.5773502691896266,1.0,1.0,0.14285714285714285,0.3779644730092265,1.0,1.0,0.21428571428571427,0.42581531362631847,3.0,1.0,0.17857142857142858,0.3900210277874808,5.0,1.0,0.2857142857142857,0.5943456513231619,16.0,2.0,0.23809523809523808,0.5291285770598564,20.0,2.0,0.0,0.0,0.0,407,0.35872235872235875,0.1891891891891892,0.31203931203931207,0.2457002457002457,0.09090909090909091,0.31695331695331697,42.411167512690355,5.8452088452088455
2024-03-14,0,0,0,0,0,0,0,0,0,0,0,0,2024,3,14,3,74,11,1,0,0,0,0.43388373911755823,-0.900968867902419,0.9562348265919056,0.29260033563334836,0.970941817426052,0.23931566428755804,1.0,6.123233995736766e-17,0.0,0.0,1.0,0.0,1.0,0.0,0.0,0.0,0.0,0.0,0.14285714285714285,0.3779644730092265,1.0,1.0,0.14285714285714285,0.36313651960127963,2.0,1.0,0.17857142857142858,0.3900210277874808,5.0,1.0,0.2857142857142857,0.5943456513231619,16.0,2.0,0.23809523809523808,0.5291285770598564,20.0,2.0,0.0,0.0,0.0,407,0.35872235872235875,0.1891891891891892,0.31203931203931207,0.2457002457002457,0.09090909090909091,0.31695331695331697,42.411167512690355,5.8452088452088455
2024-03-15,0,0,0,0,0,0,0,0,0,0,0,0,2024,3,15,4,75,11,1,0,0,1,-0.433883739117558,-0.9009688679024191,0.9611297838723007,0.27609697309746883,0.970941817426052,0.23931566428755804,1.0,6.123233995736766e-17,0.0,0.0,0.0,0.0,0.0,0.0,0.0,0.0,0.0,0.0,0.14285714285714285,0.3779644730092265,1.0,1.0,0.14285714285714285,0.36313651960127963,2.0,1.0,0.17857142857142858,0.3900210277874808,5.0,1.0,0.2857142857142857,0.5943456513231619,16.0,2.0,0.23809523809523808,0.5291285770598564,20.0,2.0,0.0,0.0,0.0,407,0.35872235872235875,0.1891891891891892,0.31203931203931207,0.2457002457002457,0.09090909090909091,0.31695331695331697,42.411167512690355,5.8452088452088455
2024-03-16,0,0,0,0,0,0,0,0,0,0,0,0,2024,3,16,5,76,11,1,1,0,0,-0.9749279121818236,-0.2225209339563146,0.9657399376548549,0.2595117970697999,0.970941817426052,0.23931566428755804,1.0,6.123233995736766e-17,0.0,0.0,0.0,0.0,0.0,0.0,0.0,0.0,0.0,0.0,0.14285714285714285,0.3779644730092265,1.0,1.0,0.14285714285714285,0.36313651960127963,2.0,1.0,0.17857142857142858,0.3900210277874808,5.0,1.0,0.2857142857142857,0.5943456513231619,16.0,2.0,0.23809523809523808,0.5291285770598564,20.0,2.0,0.0,0.0,0.0,407,0.35872235872235875,0.1891891891891892,0.31203931203931207,0.2457002457002457,0.09090909090909091,0.31695331695331697,42.411167512690355,5.8452088452088455
2024-03-17,1,0,0,0,0,2,0,1,3,0,0,0,2024,3,17,6,77,11,1,1,0,0,-0.7818314824680299,0.6234898018587334,0.9700639218515071,0.2428497220959356,0.970941817426052,0.23931566428755804,1.0,6.123233995736766e-17,0.0,0.0,0.0,0.0,0.0,0.0,0.3333333333333333,0.5773502691896266,1.0,1.0,0.2857142857142857,0.48795003647426594,2.0,1.0,0.21428571428571427,0.42581531362631847,3.0,1.0,0.21428571428571427,0.4178554470186734,6.0,1.0,0.30357142857142855,0.6005949431307975,17.0,2.0,0.25,0.5349248342648273,21.0,2.0,1.0,1.0,1.0,407,0.35872235872235875,0.1891891891891892,0.31203931203931207,0.2457002457002457,0.09090909090909091,0.31695331695331697,42.411167512690355,5.8452088452088455
2024-03-18,0,0,0,0,0,0,0,0,0,0,0,0,2024,3,18,0,78,12,1,0,1,0,0.0,1.0,0.9741004551724205,0.22611568550828828,0.992708874098054,0.120536680255323,1.0,6.123233995736766e-17,1.0,0.0,0.0,1.0,0.0,0.0,0.3333333333333333,0.5773502691896266,1.0,1.0,0.14285714285714285,0.3779644730092265,1.0,1.0,0.21428571428571427,0.42581531362631847,3.0,1.0,0.21428571428571427,0.4178554470186734,6.0,1.0,0.30357142857142855,0.6005949431307975,17.0,2.0,0.25,0.5349248342648273,21.0,2.0,-1.0,-1.0,0.0,407,0.35872235872235875,0.1891891891891892,0.31203931203931207,0.2457002457002457,0.09090909090909091,0.31695331695331697,42.411167512690355,5.8452088452088455
2024-03-19,0,0,0,0,0,0,0,0,0,0,0,0,2024,3,19,1,79,12,1,0,0,0,0.7818314824680298,0.6234898018587336,0.9778483415056568,0.20931464596304847,0.992708874098054,0.120536680255323,1.0,6.123233995736766e-17,0.0,1.0,0.0,0.0,1.0,0.0,0.3333333333333333,0.5773502691896266,1.0,1.0,0.14285714285714285,0.3779644730092265,1.0,1.0,0.14285714285714285,0.36313651960127963,2.0,1.0,0.21428571428571427,0.4178554470186734,6.0,1.0,0.30357142857142855,0.6005949431307975,17.0,2.0,0.25,0.5349248342648273,21.0,2.0,0.0,0.0,0.0,407,0.35872235872235875,0.1891891891891892,0.31203931203931207,0.2457002457002457,0.09090909090909091,0.31695331695331697,42.411167512690355,5.8452088452088455
2024-03-20,0,0,0,0,0,0,0,0,0,0,0,0,2024,3,20,2,80,12,1,0,0,0,0.9749279121818236,-0.22252093395631434,0.9813064702716093,0.19245158197082998,0.992708874098054,0.120536680255323,1.0,6.123233995736766e-17,0.0,0.0,1.0,0.0,0.0,0.0,0.0,0.0,0.0,0.0,0.14285714285714285,0.3779644730092265,1.0,1.0,0.14285714285714285,0.36313651960127963,2.0,1.0,0.21428571428571427,0.4178554470186734,6.0,1.0,0.2857142857142857,0.5943456513231619,16.0,2.0,0.23809523809523808,0.5291285770598564,20.0,2.0,0.0,0.0,0.0,407,0.35872235872235875,0.1891891891891892,0.31203931203931207,0.2457002457002457,0.09090909090909091,0.31695331695331697,42.411167512690355,5.8452088452088455
2024-03-21,0,0,0,0,0,0,0,0,0,0,0,0,2024,3,21,3,81,12,1,0,0,0,0.43388373911755823,-0.900968867902419,0.9844738167520922,0.1755314904214282,0.992708874098054,0.120536680255323,1.0,6.123233995736766e-17,0.0,0.0,0.0,0.0,0.0,0.0,0.0,0.0,0.0,0.0,0.14285714285714285,0.3779644730092265,1.0,1.0,0.14285714285714285,0.36313651960127963,2.0,1.0,0.21428571428571427,0.4178554470186734,6.0,1.0,0.26785714285714285,0.5874775486177071,15.0,2.0,0.23809523809523808,0.5291285770598564,20.0,2.0,0.0,0.0,0.0,407,0.35872235872235875,0.1891891891891892,0.31203931203931207,0.2457002457002457,0.09090909090909091,0.31695331695331697,42.411167512690355,5.8452088452088455
2024-03-22,0,0,0,0,0,0,0,0,0,0,0,0,2024,3,22,4,82,12,1,0,0,1,-0.433883739117558,-0.9009688679024191,0.9873494423939864,0.15855938510313475,0.992708874098054,0.120536680255323,1.0,6.123233995736766e-17,0.0,0.0,0.0,0.0,0.0,0.0,0.0,0.0,0.0,0.0,0.14285714285714285,0.3779644730092265,1.0,1.0,0.14285714285714285,0.36313651960127963,2.0,1.0,0.21428571428571427,0.4178554470186734,6.0,1.0,0.23214285714285715,0.5390588238628655,13.0,2.0,0.23809523809523808,0.5291285770598564,20.0,2.0,0.0,0.0,0.0,407,0.35872235872235875,0.1891891891891892,0.31203931203931207,0.2457002457002457,0.09090909090909091,0.31695331695331697,42.411167512690355,5.8452088452088455
2024-03-23,0,0,0,0,0,0,0,0,0,0,0,0,2024,3,23,5,83,12,1,1,0,0,-0.9749279121818236,-0.2225209339563146,0.989932495087353,0.141540295217043,0.992708874098054,0.120536680255323,1.0,6.123233995736766e-17,0.0,0.0,0.0,0.0,0.0,0.0,0.0,0.0,0.0,0.0,0.14285714285714285,0.3779644730092265,1.0,1.0,0.14285714285714285,0.36313651960127963,2.0,1.0,0.21428571428571427,0.4178554470186734,6.0,1.0,0.21428571428571427,0.5296408977028499,12.0,2.0,0.23809523809523808,0.5291285770598564,20.0,2.0,0.0,0.0,0.0,407,0.35872235872235875,0.1891891891891892,0.31203931203931207,0.2457002457002457,0.09090909090909091,0.31695331695331697,42.411167512690355,5.8452088452088455
2024-03-24,0,0,0,0,0,0,0,0,0,0,0,0,2024,3,24,6,84,12,1,1,0,0,-0.7818314824680299,0.6234898018587334,0.9922222094179323,0.12447926388678915,0.992708874098054,0.120536680255323,1.0,6.123233995736766e-17,0.0,0.0,0.0,1.0,0.0,0.0,0.0,0.0,0.0,0.0,0.0,0.0,0.0,0.0,0.14285714285714285,0.36313651960127963,2.0,1.0,0.21428571428571427,0.4178554470186734,6.0,1.0,0.17857142857142858,0.4712514425207867,10.0,2.0,0.23809523809523808,0.5291285770598564,20.0,2.0,0.0,-1.0,0.0,407,0.35872235872235875,0.1891891891891892,0.31203931203931207,0.2457002457002457,0.09090909090909091,0.31695331695331697,42.411167512690355,5.8452088452088455
2024-03-25,0,0,0,0,0,0,0,0,0,0,0,0,2024,3,25,0,85,13,1,0,1,0,0.0,1.0,0.994217906893952,0.10738134666416309,1.0,-1.6081226496766366e-16,1.0,6.123233995736766e-17,0.0,0.0,0.0,0.0,1.0,1.0,0.0,0.0,0.0,0.0,0.0,0.0,0.0,0.0,0.07142857142857142,0.26726124191242195,1.0,1.0,0.17857142857142858,0.3900210277874808,5.0,1.0,0.17857142857142858,0.4712514425207867,10.0,2.0,0.2261904761904762,0.5229939407649757,19.0,2.0,0.0,0.0,-1.0,407,0.35872235872235875,0.1891891891891892,0.31203931203931207,0.2457002457002457,0.09090909090909091,0.31695331695331697,42.411167512690355,5.8452088452088455
2024-03-26,0,0,0,0,0,0,0,0,0,0,0,0,2024,3,26,1,86,13,1,0,0,0,0.7818314824680298,0.6234898018587336,0.995918996147179,0.09025161003104117,1.0,-1.6081226496766366e-16,1.0,6.123233995736766e-17,0.0,0.0,0.0,0.0,0.0,1.0,0.0,0.0,0.0,0.0,0.0,0.0,0.0,0.0,0.07142857142857142,0.26726124191242195,1.0,1.0,0.14285714285714285,0.35634832254990023,4.0,1.0,0.17857142857142858,0.4712514425207867,10.0,2.0,0.2261904761904762,0.5229939407649757,19.0,2.0,0.0,0.0,-1.0,407,0.35872235872235875,0.1891891891891892,0.31203931203931207,0.2457002457002457,0.09090909090909091,0.31695331695331697,42.411167512690355,5.8452088452088455
2024-03-27,0,0,0,0,0,0,0,0,0,0,0,0,2024,3,27,2,87,13,1,0,0,0,0.9749279121818236,-0.22252093395631434,0.9973249731081555,0.07309512989807777,1.0,-1.6081226496766366e-16,1.0,6.123233995736766e-17,0.0,0.0,0.0,0.0,0.0,0.0,0.0,0.0,0.0,0.0,0.0,0.0,0.0,0.0,0.07142857142857142,0.26726124191242195,1.0,1.0,0.14285714285714285,0.35634832254990023,4.0,1.0,0.17857142857142858,0.4712514425207867,10.0,2.0,0.2261904761904762,0.5229939407649757,19.0,2.0,0.0,0.0,0.0,407,0.35872235872235875,0.1891891891891892,0.31203931203931207,0.2457002457002457,0.09090909090909091,0.31695331695331697,42.411167512690355,5.8452088452088455
2024-03-28,0,0,0,0,0,0,0,0,0,0,0,0,2024,3,28,3,88,13,1,0,0,0,0.43388373911755823,-0.900968867902419,0.9984354211555643,0.055916990100603484,1.0,-1.6081226496766366e-16,1.0,6.123233995736766e-17,0.0,0.0,0.0,0.0,0.0,1.0,0.0,0.0,0.0,0.0,0.0,0.0,0.0,0.0,0.07142857142857142,0.26726124191242195,1.0,1.0,0.10714285714285714,0.3149703941743572,3.0,1.0,0.17857142857142858,0.4712514425207867,10.0,2.0,0.21428571428571427,0.5165088686167205,18.0,2.0,0.0,0.0,-1.0,407,0.35872235872235875,0.1891891891891892,0.31203931203931207,0.2457002457002457,0.09090909090909091,0.31695331695331697,42.411167512690355,5.8452088452088455
2024-03-29,0,0,0,0,0,0,0,0,0,0,0,0,2024,3,29,4,89,13,1,0,0,1,-0.433883739117558,-0.9009688679024191,0.9992500112396835,0.03872228089217446,1.0,-1.6081226496766366e-16,1.0,6.123233995736766e-17,0.0,0.0,0.0,0.0,0.0,0.0,0.0,0.0,0.0,0.0,0.0,0.0,0.0,0.0,0.07142857142857142,0.26726124191242195,1.0,1.0,0.10714285714285714,0.3149703941743572,3.0,1.0,0.14285714285714285,0.40129659983478716,8.0,2.0,0.21428571428571427,0.5165088686167205,18.0,2.0,0.0,0.0,0.0,407,0.35872235872235875,0.1891891891891892,0.31203931203931207,0.2457002457002457,0.09090909090909091,0.31695331695331697,42.411167512690355,5.8452088452088455
2024-03-30,0,0,0,0,0,0,0,0,0,0,0,0,2024,3,30,5,90,13,1,1,0,0,-0.9749279121818236,-0.2225209339563146,0.9997685019798909,0.021516097436222254,1.0,-1.6081226496766366e-16,1.0,6.123233995736766e-17,0.0,0.0,0.0,0.0,0.0,0.0,0.0,0.0,0.0,0.0,0.0,0.0,0.0,0.0,0.07142857142857142,0.26726124191242195,1.0,1.0,0.10714285714285714,0.3149703941743572,3.0,1.0,0.10714285714285714,0.31209389196618004,6.0,1.0,0.21428571428571427,0.5165088686167205,18.0,2.0,0.0,0.0,0.0,407,0.35872235872235875,0.1891891891891892,0.31203931203931207,0.2457002457002457,0.09090909090909091,0.31695331695331697,42.411167512690355,5.8452088452088455
2024-03-31,0,0,0,0,0,0,0,0,0,0,0,0,2024,3,31,6,91,13,1,1,0,0,-0.7818314824680299,0.6234898018587334,0.9999907397361901,0.004303538296244289,1.0,-1.6081226496766366e-16,1.0,6.123233995736766e-17,0.0,0.0,0.0,0.0,1.0,0.0,0.0,0.0,0.0,0.0,0.0,0.0,0.0,0.0,0.0,0.0,0.0,0.0,0.10714285714285714,0.3149703941743572,3.0,1.0,0.10714285714285714,0.31209389196618004,6.0,1.0,0.21428571428571427,0.5165088686167205,18.0,2.0,0.0,0.0,0.0,407,0.35872235872235875,0.1891891891891892,0.31203931203931207,0.2457002457002457,0.09090909090909091,0.31695331695331697,42.411167512690355,5.8452088452088455
2024-04-01,0,0,0,0,0,0,0,0,0,0,0,0,2024,4,1,0,92,14,2,0,1,0,0.0,1.0,0.9999166586547379,-0.01291029607500882,0.992708874098054,-0.12053668025532288,0.8660254037844387,-0.4999999999999998,0.0,0.0,0.0,0.0,0.0,0.0,0.0,0.0,0.0,0.0,0.0,0.0,0.0,0.0,0.0,0.0,0.0,0.0,0.10714285714285714,0.3149703941743572,3.0,1.0,0.10714285714285714,0.31209389196618004,6.0,1.0,0.21428571428571427,0.5165088686167205,18.0,2.0,0.0,0.0,0.0,407,0.35872235872235875,0.1891891891891892,0.31203931203931207,0.2457002457002457,0.09090909090909091,0.31695331695331697,42.411167512690355,5.8452088452088455
2024-04-02,0,0,0,0,0,0,0,0,0,0,0,0,2024,4,2,1,93,14,2,0,0,0,0.7818314824680298,0.6234898018587336,0.9995462806873573,-0.030120304846908114,0.992708874098054,-0.12053668025532288,0.8660254037844387,-0.4999999999999998,0.0,0.0,0.0,0.0,0.0,1.0,0.0,0.0,0.0,0.0,0.0,0.0,0.0,0.0,0.0,0.0,0.0,0.0,0.07142857142857142,0.2622652641564825,2.0,1.0,0.10714285714285714,0.31209389196618004,6.0,1.0,0.21428571428571427,0.5165088686167205,18.0,2.0,0.0,0.0,-1.0,407,0.35872235872235875,0.1891891891891892,0.31203931203931207,0.2457002457002457,0.09090909090909091,0.31695331695331697,42.411167512690355,5.8452088452088455
2024-04-03,1,1,0,1,0,0,0,0,2,0,0,0,2024,4,3,2,94,14,2,0,0,0,0.9749279121818236,-0.22252093395631434,0.9988797155850336,-0.04732138832243185,0.992708874098054,-0.12053668025532288,0.8660254037844387,-0.4999999999999998,0.0,0.0,0.0,0.0,0.0,0.0,0.3333333333333333,0.5773502691896266,1.0,1.0,0.14285714285714285,0.3779644730092265,1.0,1.0,0.07142857142857142,0.26726124191242195,1.0,1.0,0.10714285714285714,0.3149703941743572,3.0,1.0,0.125,0.33371190623595764,7.0,1.0,0.2261904761904762,0.5229939407649757,19.0,2.0,1.0,1.0,1.0,407,0.35872235872235875,0.1891891891891892,0.31203931203931207,0.2457002457002457,0.09090909090909091,0.31695331695331697,42.411167512690355,5.8452088452088455
2024-04-04,0,0,0,0,0,0,0,0,0,0,0,0,2024,4,4,3,95,14,2,0,0,0,0.43388373911755823,-0.900968867902419,0.9979171608653922,-0.06450844944931623,0.992708874098054,-0.12053668025532288,0.8660254037844387,-0.4999999999999998,1.0,0.0,0.0,0.0,0.0,0.0,0.3333333333333333,0.5773502691896266,1.0,1.0,0.14285714285714285,0.3779644730092265,1.0,1.0,0.07142857142857142,0.26726124191242195,1.0,1.0,0.10714285714285714,0.3149703941743572,3.0,1.0,0.125,0.33371190623595764,7.0,1.0,0.21428571428571427,0.5165088686167205,18.0,2.0,-1.0,0.0,0.0,407,0.35872235872235875,0.1891891891891892,0.31203931203931207,0.2457002457002457,0.09090909090909091,0.31695331695331697,42.411167512690355,5.8452088452088455
2024-04-05,3,3,0,0,0,0,0,0,4,0,0,0,2024,4,5,4,96,14,2,0,0,1,-0.433883739117558,-0.9009688679024191,0.9966589017541702,-0.08167639533042241,0.992708874098054,-0.12053668025532288,0.8660254037844387,-0.4999999999999998,0.0,1.0,0.0,0.0,0.0,0.0,1.3333333333333333,1.5275252316519476,4.0,3.0,0.5714285714285714,1.1338934190276813,4.0,3.0,0.2857142857142857,0.8254203058555563,4.0,3.0,0.21428571428571427,0.6299407883487127,6.0,3.0,0.17857142857142858,0.5083714768174535,10.0,3.0,0.25,0.5986933563517796,21.0,3.0,3.0,3.0,3.0,407,0.35872235872235875,0.1891891891891892,0.31203931203931207,0.2457002457002457,0.09090909090909091,0.31695331695331697,42.411167512690355,5.8452088452088455
2024-04-06,0,0,0,0,0,0,0,0,0,0,0,0,2024,4,6,5,97,14,2,1,0,0,-0.9749279121818236,-0.2225209339563146,0.9951053111006976,-0.09882013873287143,0.992708874098054,-0.12053668025532288,0.8660254037844387,-0.4999999999999998,3.0,0.0,1.0,0.0,0.0,0.0,1.0,1.732050807568878,3.0,3.0,0.5714285714285714,1.1338934190276813,4.0,3.0,0.2857142857142857,0.8254203058555563,4.0,3.0,0.21428571428571427,0.6299407883487127,6.0,3.0,0.17857142857142858,0.5083714768174535,10.0,3.0,0.25,0.5986933563517796,21.0,3.0,-3.0,0.0,0.0,407,0.35872235872235875,0.1891891891891892,0.31203931203931207,0.2457002457002457,0.09090909090909091,0.31695331695331697,42.411167512690355,5.8452088452088455
2024-04-07,0,0,0,0,0,0,0,0,0,0,0,0,2024,4,7,6,98,14,2,1,0,0,-0.7818314824680299,0.6234898018587334,0.9932568492674143,-0.11593459959550041,0.992708874098054,-0.12053668025532288,0.8660254037844387,-0.4999999999999998,0.0,3.0,0.0,0.0,0.0,0.0,1.0,1.732050807568878,3.0,3.0,0.5714285714285714,1.1338934190276813,4.0,3.0,0.2857142857142857,0.8254203058555563,4.0,3.0,0.21428571428571427,0.6299407883487127,6.0,3.0,0.17857142857142858,0.5083714768174535,10.0,3.0,0.25,0.5986933563517796,21.0,3.0,0.0,0.0,0.0,407,0.35872235872235875,0.1891891891891892,0.31203931203931207,0.2457002457002457,0.09090909090909091,0.31695331695331697,42.411167512690355,5.8452088452088455
2024-04-08,0,0,0,0,0,0,0,0,0,0,0,0,2024,4,8,0,99,15,2,0,1,0,0.0,1.0,0.9911140639934547,-0.1330147065341959,0.9709418174260521,-0.2393156642875575,0.8660254037844387,-0.4999999999999998,0.0,0.0,3.0,0.0,0.0,1.0,0.0,0.0,0.0,0.0,0.5714285714285714,1.1338934190276813,4.0,3.0,0.2857142857142857,0.8254203058555563,4.0,3.0,0.17857142857142858,0.6118321864193033,5.0,3.0,0.17857142857142858,0.5083714768174535,10.0,3.0,0.25,0.5986933563517796,21.0,3.0,0.0,0.0,-1.0,407,0.35872235872235875,0.1891891891891892,0.31203931203931207,0.2457002457002457,0.09090909090909091,0.31695331695331697,42.411167512690355,5.8452088452088455
2024-04-09,0,0,0,0,0,0,0,0,0,0,0,0,2024,4,9,1,100,15,2,0,0,0,0.7818314824680298,0.6234898018587336,0.9886775902323405,-0.1500553983446526,0.9709418174260521,-0.2393156642875575,0.8660254037844387,-0.4999999999999998,0.0,0.0,0.0,0.0,0.0,0.0,0.0,0.0,0.0,0.0,0.5714285714285714,1.1338934190276813,4.0,3.0,0.2857142857142857,0.8254203058555563,4.0,3.0,0.17857142857142858,0.6118321864193033,5.0,3.0,0.17857142857142858,0.5083714768174535,10.0,3.0,0.25,0.5986933563517796,21.0,3.0,0.0,0.0,0.0,407,0.35872235872235875,0.1891891891891892,0.31203931203931207,0.2457002457002457,0.09090909090909091,0.31695331695331697,42.411167512690355,5.8452088452088455
2024-04-10,0,0,0,0,0,0,0,0,0,0,0,0,2024,4,10,2,101,15,2,0,0,0,0.9749279121818236,-0.22252093395631434,0.9859481499638304,-0.16705162550211924,0.9709418174260521,-0.2393156642875575,0.8660254037844387,-0.4999999999999998,0.0,0.0,0.0,1.0,0.0,0.0,0.0,0.0,0.0,0.0,0.42857142857142855,1.1338934190276813,3.0,3.0,0.2857142857142857,0.8254203058555563,4.0,3.0,0.17857142857142858,0.6118321864193033,5.0,3.0,0.17857142857142858,0.5083714768174535,10.0,3.0,0.25,0.5986933563517796,21.0,3.0,0.0,-1.0,0.0,407,0.35872235872235875,0.1891891891891892,0.31203931203931207,0.2457002457002457,0.09090909090909091,0.31695331695331697,42.411167512690355,5.8452088452088455
2024-04-11,3,3,0,0,0,3,0,1,5,3,3,0,2024,4,11,3,102,15,2,0,0,0,0.43388373911755823,-0.900968867902419,0.9829265519799822,-0.18399835165768005,0.9709418174260521,-0.2393156642875575,0.8660254037844387,-0.4999999999999998,0.0,0.0,0.0,0.0,0.0,0.0,1.0,1.732050807568878,3.0,3.0,0.8571428571428571,1.4638501094227994,6.0,3.0,0.5,1.0919284281983372,7.0,3.0,0.2857142857142857,0.8099905283919417,8.0,3.0,0.23214285714285715,0.6321988015453089,13.0,3.0,0.2857142857142857,0.6689576241631375,24.0,3.0,3.0,3.0,3.0,407,0.35872235872235875,0.1891891891891892,0.31203931203931207,0.2457002457002457,0.09090909090909091,0.31695331695331697,42.411167512690355,5.8452088452088455
2024-04-12,0,0,0,0,0,0,0,0,0,0,0,0,2024,4,12,4,103,15,2,0,0,1,-0.433883739117558,-0.9009688679024191,0.9796136916454901,-0.20089055513063506,0.9709418174260521,-0.2393156642875575,0.8660254037844387,-0.4999999999999998,3.0,0.0,0.0,3.0,0.0,0.0,1.0,1.732050807568878,3.0,3.0,0.42857142857142855,1.1338934190276813,3.0,3.0,0.5,1.0919284281983372,7.0,3.0,0.2857142857142857,0.8099905283919417,8.0,3.0,0.23214285714285715,0.6321988015453089,13.0,3.0,0.2857142857142857,0.6689576241631375,24.0,3.0,-3.0,-3.0,0.0,407,0.35872235872235875,0.1891891891891892,0.31203931203931207,0.2457002457002457,0.09090909090909091,0.31695331695331697,42.411167512690355,5.8452088452088455
2024-04-13,0,0,0,0,0,0,0,0,0,0,0,0,2024,4,13,5,104,15,2,1,0,0,-0.9749279121818236,-0.2225209339563146,0.9760105506323683,-0.21772323039653177,0.9709418174260521,-0.2393156642875575,0.8660254037844387,-0.4999999999999998,0.0,3.0,0.0,0.0,0.0,0.0,1.0,1.732050807568878,3.0,3.0,0.42857142857142855,1.1338934190276813,3.0,3.0,0.5,1.0919284281983372,7.0,3.0,0.2857142857142857,0.8099905283919417,8.0,3.0,0.23214285714285715,0.6321988015453089,13.0,3.0,0.2857142857142857,0.6689576241631375,24.0,3.0,0.0,0.0,0.0,407,0.35872235872235875,0.1891891891891892,0.31203931203931207,0.2457002457002457,0.09090909090909091,0.31695331695331697,42.411167512690355,5.8452088452088455
2024-04-14,0,0,0,0,0,0,0,0,0,0,0,0,2024,4,14,6,105,15,2,1,0,0,-0.7818314824680299,0.6234898018587334,0.9721181966290613,-0.23449138957040985,0.9709418174260521,-0.2393156642875575,0.8660254037844387,-0.4999999999999998,0.0,0.0,3.0,0.0,0.0,1.0,0.0,0.0,0.0,0.0,0.42857142857142855,1.1338934190276813,3.0,3.0,0.5,1.0919284281983372,7.0,3.0,0.25,0.7993052538854538,7.0,3.0,0.23214285714285715,0.6321988015453089,13.0,3.0,0.2857142857142857,0.6689576241631375,24.0,3.0,0.0,0.0,-1.0,407,0.35872235872235875,0.1891891891891892,0.31203931203931207,0.2457002457002457,0.09090909090909091,0.31695331695331697,42.411167512690355,5.8452088452088455
2024-04-15,0,0,0,0,0,0,0,0,0,0,0,0,2024,4,15,0,106,16,2,0,1,0,0.0,1.0,0.9679377830240642,-0.25119006388481935,0.9350162426854148,-0.35460488704253545,0.8660254037844387,-0.4999999999999998,0.0,0.0,0.0,0.0,0.0,0.0,0.0,0.0,0.0,0.0,0.42857142857142855,1.1338934190276813,3.0,3.0,0.5,1.0919284281983372,7.0,3.0,0.25,0.7993052538854538,7.0,3.0,0.23214285714285715,0.6321988015453089,13.0,3.0,0.2857142857142857,0.6689576241631375,24.0,3.0,0.0,0.0,0.0,407,0.35872235872235875,0.1891891891891892,0.31203931203931207,0.2457002457002457,0.09090909090909091,0.31695331695331697,42.411167512690355,5.8452088452088455
2024-04-16,0,0,0,0,0,0,0,0,0,0,0,0,2024,4,16,1,107,16,2,0,0,0,0.7818314824680298,0.6234898018587336,0.9634705485641488,-0.2678143051621742,0.9350162426854148,-0.35460488704253545,0.8660254037844387,-0.4999999999999998,0.0,0.0,0.0,0.0,0.0,0.0,0.0,0.0,0.0,0.0,0.42857142857142855,1.1338934190276813,3.0,3.0,0.5,1.0919284281983372,7.0,3.0,0.25,0.7993052538854538,7.0,3.0,0.23214285714285715,0.6321988015453089,13.0,3.0,0.2857142857142857,0.6689576241631375,24.0,3.0,0.0,0.0,0.0,407,0.35872235872235875,0.1891891891891892,0.31203931203931207,0.2457002457002457,0.09090909090909091,0.31695331695331697,42.411167512690355,5.8452088452088455
2024-04-17,0,0,0,0,0,0,0,0,0,0,0,0,2024,4,17,2,108,16,2,0,0,0,0.9749279121818236,-0.22252093395631434,0.9587178169872964,-0.2843591872810034,0.9350162426854148,-0.35460488704253545,0.8660254037844387,-0.4999999999999998,0.0,0.0,0.0,0.0,1.0,0.0,0.0,0.0,0.0,0.0,0.42857142857142855,1.1338934190276813,3.0,3.0,0.42857142857142855,1.0894095588038437,6.0,3.0,0.25,0.7993052538854538,7.0,3.0,0.23214285714285715,0.6321988015453089,13.0,3.0,0.27380952380952384,0.6649792183760779,23.0,3.0,0.0,0.0,0.0,407,0.35872235872235875,0.1891891891891892,0.31203931203931207,0.2457002457002457,0.09090909090909091,0.31695331695331697,42.411167512690355,5.8452088452088455
2024-04-18,0,0,0,0,0,0,0,0,0,0,0,0,2024,4,18,3,109,16,2,0,0,0,0.43388373911755823,-0.900968867902419,0.9536809966304457,-0.30081980763566735,0.9350162426854148,-0.35460488704253545,0.8660254037844387,-0.4999999999999998,0.0,0.0,0.0,3.0,0.0,0.0,0.0,0.0,0.0,0.0,0.0,0.0,0.0,0.0,0.42857142857142855,1.0894095588038437,6.0,3.0,0.25,0.7993052538854538,7.0,3.0,0.23214285714285715,0.6321988015453089,13.0,3.0,0.2619047619047619,0.6607598331356747,22.0,3.0,0.0,-3.0,0.0,407,0.35872235872235875,0.1891891891891892,0.31203931203931207,0.2457002457002457,0.09090909090909091,0.31695331695331697,42.411167512690355,5.8452088452088455
2024-04-19,0,0,0,0,0,0,0,0,0,0,0,0,2024,4,19,4,110,16,2,0,0,1,-0.433883739117558,-0.9009688679024191,0.9483615800121715,-0.3171912885891061,0.9350162426854148,-0.35460488704253545,0.8660254037844387,-0.4999999999999998,0.0,0.0,0.0,0.0,3.0,0.0,0.0,0.0,0.0,0.0,0.0,0.0,0.0,0.0,0.21428571428571427,0.8017837257372724,3.0,3.0,0.25,0.7993052538854538,7.0,3.0,0.23214285714285715,0.6321988015453089,13.0,3.0,0.23809523809523808,0.632818282583738,20.0,3.0,0.0,0.0,0.0,407,0.35872235872235875,0.1891891891891892,0.31203931203931207,0.2457002457002457,0.09090909090909091,0.31695331695331697,42.411167512690355,5.8452088452088455
2024-04-20,0,0,0,0,0,0,0,0,0,0,0,0,2024,4,20,5,111,16,2,1,0,0,-0.9749279121818236,-0.2225209339563146,0.9427611433904207,-0.3334687789181868,0.9350162426854148,-0.35460488704253545,0.8660254037844387,-0.4999999999999998,0.0,0.0,0.0,0.0,0.0,0.0,0.0,0.0,0.0,0.0,0.0,0.0,0.0,0.0,0.21428571428571427,0.8017837257372724,3.0,3.0,0.25,0.7993052538854538,7.0,3.0,0.23214285714285715,0.6321988015453089,13.0,3.0,0.2261904761904762,0.6276978491182857,19.0,3.0,0.0,0.0,0.0,407,0.35872235872235875,0.1891891891891892,0.31203931203931207,0.2457002457002457,0.09090909090909091,0.31695331695331697,42.411167512690355,5.8452088452088455
2024-04-21,0,0,0,0,0,0,0,0,0,0,0,0,2024,4,21,6,112,16,2,1,0,0,-0.7818314824680299,0.6234898018587334,0.9368813462954315,-0.3496474552512284,0.9350162426854148,-0.35460488704253545,0.8660254037844387,-0.4999999999999998,0.0,0.0,0.0,0.0,0.0,0.0,0.0,0.0,0.0,0.0,0.0,0.0,0.0,0.0,0.21428571428571427,0.8017837257372724,3.0,3.0,0.25,0.7993052538854538,7.0,3.0,0.23214285714285715,0.6321988015453089,13.0,3.0,0.20238095238095238,0.5967736933533515,17.0,3.0,0.0,0.0,0.0,407,0.35872235872235875,0.1891891891891892,0.31203931203931207,0.2457002457002457,0.09090909090909091,0.31695331695331697,42.411167512690355,5.8452088452088455
2024-04-22,0,0,0,0,0,0,0,0,0,0,0,0,2024,4,22,0,113,17,2,0,1,0,0.0,1.0,0.9307239310379795,-0.36572252349726897,0.8854560256532099,-0.4647231720437685,0.8660254037844387,-0.4999999999999998,0.0,0.0,0.0,0.0,0.0,0.0,0.0,0.0,0.0,0.0,0.0,0.0,0.0,0.0,0.21428571428571427,0.8017837257372724,3.0,3.0,0.25,0.7993052538854538,7.0,3.0,0.21428571428571427,0.6241877839323595,12.0,3.0,0.20238095238095238,0.5967736933533515,17.0,3.0,0.0,0.0,0.0,407,0.35872235872235875,0.1891891891891892,0.31203931203931207,0.2457002457002457,0.09090909090909091,0.31695331695331697,42.411167512690355,5.8452088452088455
2024-04-23,0,0,0,0,0,0,0,0,0,0,0,0,2024,4,23,1,114,17,2,0,0,0,0.7818314824680298,0.6234898018587336,0.9242907221930933,-0.3816892202666588,0.8854560256532099,-0.4647231720437685,0.8660254037844387,-0.4999999999999998,0.0,0.0,0.0,0.0,0.0,0.0,0.0,0.0,0.0,0.0,0.0,0.0,0.0,0.0,0.21428571428571427,0.8017837257372724,3.0,3.0,0.25,0.7993052538854538,7.0,3.0,0.19642857142857142,0.6155453711109394,11.0,3.0,0.20238095238095238,0.5967736933533515,17.0,3.0,0.0,0.0,0.0,407,0.35872235872235875,0.1891891891891892,0.31203931203931207,0.2457002457002457,0.09090909090909091,0.31695331695331697,42.411167512690355,5.8452088452088455
2024-04-24,0,0,0,0,0,0,0,0,0,0,0,0,2024,4,24,2,115,17,2,0,0,0,0.9749279121818236,-0.22252093395631434,0.9175836260593937,-0.39754281428255595,0.8854560256532099,-0.4647231720437685,0.8660254037844387,-0.4999999999999998,0.0,0.0,0.0,0.0,0.0,0.0,0.0,0.0,0.0,0.0,0.0,0.0,0.0,0.0,0.21428571428571427,0.8017837257372724,3.0,3.0,0.25,0.7993052538854538,7.0,3.0,0.19642857142857142,0.6155453711109394,11.0,3.0,0.20238095238095238,0.5967736933533515,17.0,3.0,0.0,0.0,0.0,407,0.35872235872235875,0.1891891891891892,0.31203931203931207,0.2457002457002457,0.09090909090909091,0.31695331695331697,42.411167512690355,5.8452088452088455
2024-04-25,0,0,0,0,0,0,0,0,0,0,0,0,2024,4,25,3,116,17,2,0,0,0,0.43388373911755823,-0.900968867902419,0.9106046300942162,-0.4132786077829042,0.8854560256532099,-0.4647231720437685,0.8660254037844387,-0.4999999999999998,0.0,0.0,0.0,0.0,3.0,0.0,0.0,0.0,0.0,0.0,0.0,0.0,0.0,0.0,0.0,0.0,0.0,0.0,0.25,0.7993052538854538,7.0,3.0,0.17857142857142858,0.6062445608271202,10.0,3.0,0.20238095238095238,0.5967736933533515,17.0,3.0,0.0,0.0,0.0,407,0.35872235872235875,0.1891891891891892,0.31203931203931207,0.2457002457002457,0.09090909090909091,0.31695331695331697,42.411167512690355,5.8452088452088455
2024-04-26,0,0,0,0,0,0,0,0,0,0,0,0,2024,4,26,4,117,17,2,0,0,1,-0.433883739117558,-0.9009688679024191,0.9033558023246845,-0.4288919379124835,0.8854560256532099,-0.4647231720437685,0.8660254037844387,-0.4999999999999998,0.0,0.0,0.0,0.0,0.0,0.0,0.0,0.0,0.0,0.0,0.0,0.0,0.0,0.0,0.0,0.0,0.0,0.0,0.25,0.7993052538854538,7.0,3.0,0.17857142857142858,0.6062445608271202,10.0,3.0,0.17857142857142858,0.5631390995472596,15.0,3.0,0.0,0.0,0.0,407,0.35872235872235875,0.1891891891891892,0.31203931203931207,0.2457002457002457,0.09090909090909091,0.31695331695331697,42.411167512690355,5.8452088452088455
2024-04-27,0,0,0,0,0,0,0,0,0,0,0,0,2024,4,27,5,118,17,2,1,0,0,-0.9749279121818236,-0.2225209339563146,0.895839290734909,-0.4443781781046132,0.8854560256532099,-0.4647231720437685,0.8660254037844387,-0.4999999999999998,0.0,0.0,0.0,0.0,0.0,0.0,0.0,0.0,0.0,0.0,0.0,0.0,0.0,0.0,0.0,0.0,0.0,0.0,0.25,0.7993052538854538,7.0,3.0,0.17857142857142858,0.6062445608271202,10.0,3.0,0.15476190476190477,0.526274645853871,13.0,3.0,0.0,0.0,0.0,407,0.35872235872235875,0.1891891891891892,0.31203931203931207,0.2457002457002457,0.09090909090909091,0.31695331695331697,42.411167512690355,5.8452088452088455
2024-04-28,0,0,0,0,0,0,0,0,0,0,0,0,2024,4,28,6,119,17,2,1,0,0,-0.7818314824680299,0.6234898018587334,0.8880573226294932,-0.45973273945210397,0.8854560256532099,-0.4647231720437685,0.8660254037844387,-0.4999999999999998,0.0,0.0,0.0,0.0,0.0,0.0,0.0,0.0,0.0,0.0,0.0,0.0,0.0,0.0,0.0,0.0,0.0,0.0,0.25,0.7993052538854538,7.0,3.0,0.17857142857142858,0.6062445608271202,10.0,3.0,0.15476190476190477,0.526274645853871,13.0,3.0,0.0,0.0,0.0,407,0.35872235872235875,0.1891891891891892,0.31203931203931207,0.2457002457002457,0.09090909090909091,0.31695331695331697,42.411167512690355,5.8452088452088455
2024-04-29,2,1,0,0,2,1,1,1,4,1,1,0,2024,4,29,0,120,18,2,0,1,0,0.0,1.0,0.8800122039735357,-0.47495107206704995,0.8229838658936565,-0.5680647467311557,0.8660254037844387,-0.4999999999999998,0.0,0.0,0.0,0.0,0.0,0.0,0.6666666666666666,1.1547005383792524,2.0,2.0,0.2857142857142857,0.755928946018454,2.0,2.0,0.14285714285714285,0.5345224838248476,2.0,2.0,0.32142857142857145,0.8629652337776972,9.0,3.0,0.21428571428571427,0.6526668568067681,12.0,3.0,0.17857142857142858,0.5631390995472596,15.0,3.0,2.0,2.0,2.0,407,0.35872235872235875,0.1891891891891892,0.31203931203931207,0.2457002457002457,0.09090909090909091,0.31695331695331697,42.411167512690355,5.8452088452088455
2024-04-30,0,0,0,0,0,0,0,0,0,0,0,0,2024,4,30,1,121,18,2,0,0,0,0.7818314824680298,0.6234898018587336,0.8717063187093218,-0.4900286664290592,0.8229838658936565,-0.5680647467311557,0.8660254037844387,-0.4999999999999998,2.0,0.0,0.0,0.0,0.0,0.0,0.6666666666666666,1.1547005383792524,2.0,2.0,0.2857142857142857,0.755928946018454,2.0,2.0,0.14285714285714285,0.5345224838248476,2.0,2.0,0.32142857142857145,0.8629652337776972,9.0,3.0,0.19642857142857142,0.6444065023412943,11.0,3.0,0.17857142857142858,0.5631390995472596,15.0,3.0,-2.0,0.0,0.0,407,0.35872235872235875,0.1891891891891892,0.31203931203931207,0.2457002457002457,0.09090909090909091,0.31695331695331697,42.411167512690355,5.8452088452088455
2024-05-01,1,0,0,0,0,0,0,0,1,0,0,0,2024,5,1,2,122,18,2,0,0,0,0.9749279121818236,-0.22252093395631434,0.8631421280499114,-0.5049610547215204,0.8229838658936565,-0.5680647467311557,0.49999999999999994,-0.8660254037844387,0.0,2.0,0.0,0.0,0.0,1.0,1.0,1.0000000000000013,3.0,2.0,0.42857142857142855,0.7867957924694426,3.0,2.0,0.21428571428571427,0.5789342235218383,3.0,2.0,0.32142857142857145,0.8629652337776972,9.0,3.0,0.21428571428571427,0.6526668568067681,12.0,3.0,0.19047619047619047,0.569848647760076,16.0,3.0,1.0,1.0,0.0,407,0.35872235872235875,0.1891891891891892,0.31203931203931207,0.2457002457002457,0.09090909090909091,0.31695331695331697,42.411167512690355,5.8452088452088455
2024-05-02,1,0,0,0,0,0,0,0,2,1,1,0,2024,5,2,3,123,18,2,0,0,0,0.43388373911755823,-0.900968867902419,0.854322169749827,-0.5197438121555155,0.8229838658936565,-0.5680647467311557,0.49999999999999994,-0.8660254037844387,1.0,0.0,2.0,0.0,0.0,0.0,0.6666666666666666,0.5773502691896273,2.0,1.0,0.5714285714285714,0.7867957924694426,4.0,2.0,0.2857142857142857,0.6112498455021256,4.0,2.0,0.35714285714285715,0.8698354767504929,10.0,3.0,0.23214285714285715,0.6603324625057906,13.0,3.0,0.20238095238095238,0.576231251787363,17.0,3.0,0.0,1.0,1.0,407,0.35872235872235875,0.1891891891891892,0.31203931203931207,0.2457002457002457,0.09090909090909091,0.31695331695331697,42.411167512690355,5.8452088452088455
2024-05-03,0,0,0,0,0,0,0,0,0,0,0,0,2024,5,3,4,124,18,2,0,0,1,-0.433883739117558,-0.9009688679024191,0.8452490573530633,-0.5343725582809786,0.8229838658936565,-0.5680647467311557,0.49999999999999994,-0.8660254037844387,1.0,1.0,0.0,0.0,0.0,3.0,0.6666666666666666,0.5773502691896273,2.0,1.0,0.5714285714285714,0.7867957924694426,4.0,2.0,0.2857142857142857,0.6112498455021256,4.0,2.0,0.25,0.7005289007176945,7.0,3.0,0.23214285714285715,0.6603324625057906,13.0,3.0,0.20238095238095238,0.576231251787363,17.0,3.0,-1.0,0.0,-3.0,407,0.35872235872235875,0.1891891891891892,0.31203931203931207,0.2457002457002457,0.09090909090909091,0.31695331695331697,42.411167512690355,5.8452088452088455
2024-05-04,2,0,0,0,0,0,0,0,4,0,0,0,2024,5,4,5,125,18,2,1,0,0,-0.9749279121818236,-0.2225209339563146,0.8359254794186372,-0.548842958284719,0.8229838658936565,-0.5680647467311557,0.49999999999999994,-0.8660254037844387,0.0,1.0,1.0,0.0,0.0,0.0,1.0,1.0000000000000013,3.0,2.0,0.8571428571428571,0.8997354108424367,6.0,2.0,0.42857142857142855,0.7559289460184536,6.0,2.0,0.32142857142857145,0.7723735149271027,9.0,3.0,0.26785714285714285,0.7004173153088207,15.0,3.0,0.2261904761904762,0.6082007927038188,19.0,3.0,2.0,2.0,2.0,407,0.35872235872235875,0.1891891891891892,0.31203931203931207,0.2457002457002457,0.09090909090909091,0.31695331695331697,42.411167512690355,5.8452088452088455
2024-05-05,0,0,0,0,0,0,0,0,0,0,0,0,2024,5,5,6,126,18,2,1,0,0,-0.7818314824680299,0.6234898018587334,0.8263541987239096,-0.5631507242749186,0.8229838658936565,-0.5680647467311557,0.49999999999999994,-0.8660254037844387,2.0,0.0,1.0,0.0,0.0,0.0,0.6666666666666666,1.1547005383792524,2.0,2.0,0.8571428571428571,0.8997354108424367,6.0,2.0,0.42857142857142855,0.7559289460184536,6.0,2.0,0.32142857142857145,0.7723735149271027,9.0,3.0,0.26785714285714285,0.7004173153088207,15.0,3.0,0.2261904761904762,0.6082007927038188,19.0,3.0,-2.0,0.0,0.0,407,0.35872235872235875,0.1891891891891892,0.31203931203931207,0.2457002457002457,0.09090909090909091,0.31695331695331697,42.411167512690355,5.8452088452088455
2024-05-06,0,0,0,0,0,0,0,0,0,0,0,0,2024,5,6,0,127,19,2,0,1,0,0.0,1.0,0.8165380514459161,-0.5772916165517272,0.7485107481711013,-0.663122658240795,0.49999999999999994,-0.8660254037844387,0.0,2.0,0.0,2.0,0.0,0.0,0.6666666666666666,1.1547005383792524,2.0,2.0,0.5714285714285714,0.7867957924694426,4.0,2.0,0.42857142857142855,0.7559289460184536,6.0,2.0,0.32142857142857145,0.7723735149271027,9.0,3.0,0.25,0.6941312425025847,14.0,3.0,0.2261904761904762,0.6082007927038188,19.0,3.0,0.0,-2.0,0.0,407,0.35872235872235875,0.1891891891891892,0.31203931203931207,0.2457002457002457,0.09090909090909091,0.31695331695331697,42.411167512690355,5.8452088452088455
2024-05-07,0,0,0,0,0,0,0,0,0,0,0,0,2024,5,7,1,128,19,2,0,0,0,0.7818314824680298,0.6234898018587336,0.8064799463209448,-0.5912614448635781,0.7485107481711013,-0.663122658240795,0.49999999999999994,-0.8660254037844387,0.0,0.0,2.0,0.0,0.0,0.0,0.0,0.0,0.0,0.0,0.5714285714285714,0.7867957924694426,4.0,2.0,0.42857142857142855,0.7559289460184536,6.0,2.0,0.32142857142857145,0.7723735149271027,9.0,3.0,0.25,0.6941312425025847,14.0,3.0,0.2261904761904762,0.6082007927038188,19.0,3.0,0.0,0.0,0.0,407,0.35872235872235875,0.1891891891891892,0.31203931203931207,0.2457002457002457,0.09090909090909091,0.31695331695331697,42.411167512690355,5.8452088452088455
2024-05-08,0,0,0,0,0,0,0,0,0,0,0,0,2024,5,8,2,129,19,2,0,0,0,0.9749279121818236,-0.22252093395631434,0.7961828637826158,-0.6050560696488488,0.7485107481711013,-0.663122658240795,0.49999999999999994,-0.8660254037844387,0.0,0.0,0.0,1.0,0.0,0.0,0.0,0.0,0.0,0.0,0.42857142857142855,0.7867957924694426,3.0,2.0,0.42857142857142855,0.7559289460184536,6.0,2.0,0.32142857142857145,0.7723735149271027,9.0,3.0,0.25,0.6941312425025847,14.0,3.0,0.2261904761904762,0.6082007927038188,19.0,3.0,0.0,-1.0,0.0,407,0.35872235872235875,0.1891891891891892,0.31203931203931207,0.2457002457002457,0.09090909090909091,0.31695331695331697,42.411167512690355,5.8452088452088455
2024-05-09,0,0,0,0,0,0,0,0,0,0,0,0,2024,5,9,3,130,19,2,0,0,0,0.43388373911755823,-0.900968867902419,0.7856498550787147,-0.6186714032625031,0.7485107481711013,-0.663122658240795,0.49999999999999994,-0.8660254037844387,0.0,0.0,0.0,1.0,0.0,3.0,0.0,0.0,0.0,0.0,0.2857142857142857,0.7559289460184541,2.0,2.0,0.42857142857142855,0.7559289460184536,6.0,2.0,0.21428571428571427,0.5681120688308984,6.0,2.0,0.25,0.6941312425025847,14.0,3.0,0.2261904761904762,0.6082007927038188,19.0,3.0,0.0,-1.0,-3.0,407,0.35872235872235875,0.1891891891891892,0.31203931203931207,0.2457002457002457,0.09090909090909091,0.31695331695331697,42.411167512690355,5.8452088452088455
2024-05-10,0,0,0,0,0,0,0,0,0,0,0,0,2024,5,10,4,131,19,2,0,0,1,-0.433883739117558,-0.9009688679024191,0.7748840413670407,-0.6321034111873487,0.7485107481711013,-0.663122658240795,0.49999999999999994,-0.8660254037844387,0.0,0.0,0.0,0.0,0.0,0.0,0.0,0.0,0.0,0.0,0.2857142857142857,0.7559289460184541,2.0,2.0,0.42857142857142855,0.7559289460184536,6.0,2.0,0.21428571428571427,0.5681120688308984,6.0,2.0,0.25,0.6941312425025847,14.0,3.0,0.2261904761904762,0.6082007927038188,19.0,3.0,0.0,0.0,0.0,407,0.35872235872235875,0.1891891891891892,0.31203931203931207,0.2457002457002457,0.09090909090909091,0.31695331695331697,42.411167512690355,5.8452088452088455
2024-05-11,4,0,1,3,0,0,0,0,8,0,0,1,2024,5,11,5,132,19,2,1,0,0,-0.9749279121818236,-0.2225209339563146,0.7638886127905428,-0.6453481132295501,0.7485107481711013,-0.663122658240795,0.49999999999999994,-0.8660254037844387,0.0,0.0,0.0,2.0,0.0,0.0,1.3333333333333333,2.3094010767585034,4.0,4.0,0.5714285714285714,1.5118578920369086,4.0,4.0,0.7142857142857143,1.204387583192989,10.0,4.0,0.35714285714285715,0.9114207758701967,10.0,4.0,0.32142857142857145,0.8550841076577389,18.0,4.0,0.27380952380952384,0.7338820770673816,23.0,4.0,4.0,2.0,4.0,407,0.35872235872235875,0.1891891891891892,0.31203931203931207,0.2457002457002457,0.09090909090909091,0.31695331695331697,42.411167512690355,5.8452088452088455
2024-05-12,0,0,0,0,0,0,0,0,0,0,0,0,2024,5,12,6,133,19,2,1,0,0,-0.7818314824680299,0.6234898018587334,0.7526668275320085,-0.6584015846980488,0.7485107481711013,-0.663122658240795,0.49999999999999994,-0.8660254037844387,4.0,0.0,0.0,0.0,0.0,0.0,1.3333333333333333,2.3094010767585034,4.0,4.0,0.5714285714285714,1.5118578920369086,4.0,4.0,0.7142857142857143,1.204387583192989,10.0,4.0,0.35714285714285715,0.9114207758701967,10.0,4.0,0.30357142857142855,0.8510879210461454,17.0,4.0,0.27380952380952384,0.7338820770673816,23.0,4.0,-4.0,0.0,0.0,407,0.35872235872235875,0.1891891891891892,0.31203931203931207,0.2457002457002457,0.09090909090909091,0.31695331695331697,42.411167512690355,5.8452088452088455
2024-05-13,1,0,1,0,0,2,0,1,2,0,0,1,2024,5,13,0,134,20,2,0,1,0,0.0,1.0,0.7412220108485958,-0.6712599575675313,0.6631226582407952,-0.7485107481711012,0.49999999999999994,-0.8660254037844387,0.0,4.0,0.0,0.0,2.0,0.0,1.6666666666666667,2.0816659994661335,5.0,4.0,0.7142857142857143,1.496026483086191,5.0,4.0,0.6428571428571429,1.1507283885330295,9.0,4.0,0.39285714285714285,0.9164862737363231,11.0,4.0,0.32142857142857145,0.8550841076577389,18.0,4.0,0.2857142857142857,0.7374888779464164,24.0,4.0,1.0,1.0,1.0,407,0.35872235872235875,0.1891891891891892,0.31203931203931207,0.2457002457002457,0.09090909090909091,0.31695331695331697,42.411167512690355,5.8452088452088455
2024-05-14,0,0,0,0,0,0,0,0,0,0,0,0,2024,5,14,1,135,20,2,0,0,0,0.7818314824680298,0.6234898018587336,0.7295575540864875,-0.6839194216246106,0.6631226582407952,-0.7485107481711012,0.49999999999999994,-0.8660254037844387,1.0,0.0,4.0,0.0,0.0,0.0,0.3333333333333333,0.5773502691896255,1.0,1.0,0.7142857142857143,1.496026483086191,5.0,4.0,0.6428571428571429,1.1507283885330295,9.0,4.0,0.39285714285714285,0.9164862737363231,11.0,4.0,0.32142857142857145,0.8550841076577389,18.0,4.0,0.2857142857142857,0.7374888779464164,24.0,4.0,-1.0,0.0,0.0,407,0.35872235872235875,0.1891891891891892,0.31203931203931207,0.2457002457002457,0.09090909090909091,0.31695331695331697,42.411167512690355,5.8452088452088455
2024-05-15,0,0,0,0,0,0,0,0,0,0,0,0,2024,5,15,2,136,20,2,0,0,0,0.9749279121818236,-0.22252093395631434,0.717676913675962,-0.6963762255968722,0.6631226582407952,-0.7485107481711012,0.49999999999999994,-0.8660254037844387,0.0,1.0,0.0,0.0,1.0,0.0,0.3333333333333333,0.5773502691896255,1.0,1.0,0.7142857142857143,1.496026483086191,5.0,4.0,0.5714285714285714,1.1578684470436782,8.0,4.0,0.39285714285714285,0.9164862737363231,11.0,4.0,0.32142857142857145,0.8550841076577389,18.0,4.0,0.2857142857142857,0.7374888779464164,24.0,4.0,0.0,0.0,0.0,407,0.35872235872235875,0.1891891891891892,0.31203931203931207,0.2457002457002457,0.09090909090909091,0.31695331695331697,42.411167512690355,5.8452088452088455
2024-05-16,0,0,0,0,0,0,0,0,0,0,0,0,2024,5,16,3,137,20,2,0,0,0,0.43388373911755823,-0.900968867902419,0.705583610107178,-0.7086266782644596,0.6631226582407952,-0.7485107481711012,0.49999999999999994,-0.8660254037844387,0.0,0.0,1.0,0.0,1.0,0.0,0.0,0.0,0.0,0.0,0.7142857142857143,1.496026483086191,5.0,4.0,0.5,1.1602387022306422,7.0,4.0,0.39285714285714285,0.9164862737363231,11.0,4.0,0.32142857142857145,0.8550841076577389,18.0,4.0,0.2857142857142857,0.7374888779464164,24.0,4.0,0.0,0.0,0.0,407,0.35872235872235875,0.1891891891891892,0.31203931203931207,0.2457002457002457,0.09090909090909091,0.31695331695331697,42.411167512690355,5.8452088452088455
2024-05-17,0,0,0,0,0,0,0,0,0,0,0,0,2024,5,17,4,138,20,2,0,0,1,-0.433883739117558,-0.9009688679024191,0.6932812268869777,-0.7206671495538609,0.6631226582407952,-0.7485107481711012,0.49999999999999994,-0.8660254037844387,0.0,0.0,0.0,0.0,0.0,0.0,0.0,0.0,0.0,0.0,0.7142857142857143,1.496026483086191,5.0,4.0,0.5,1.1602387022306422,7.0,4.0,0.39285714285714285,0.9164862737363231,11.0,4.0,0.32142857142857145,0.8550841076577389,18.0,4.0,0.2857142857142857,0.7374888779464164,24.0,4.0,0.0,0.0,0.0,407,0.35872235872235875,0.1891891891891892,0.31203931203931207,0.2457002457002457,0.09090909090909091,0.31695331695331697,42.411167512690355,5.8452088452088455
2024-05-18,0,0,0,0,0,0,0,0,0,0,0,0,2024,5,18,5,139,20,2,1,0,0,-0.9749279121818236,-0.2225209339563146,0.6807734094770161,-0.7324940716135789,0.6631226582407952,-0.7485107481711012,0.49999999999999994,-0.8660254037844387,0.0,0.0,0.0,4.0,2.0,0.0,0.0,0.0,0.0,0.0,0.14285714285714285,0.3779644730092266,1.0,1.0,0.35714285714285715,1.0818177620697809,5.0,4.0,0.39285714285714285,0.9164862737363231,11.0,4.0,0.32142857142857145,0.8550841076577389,18.0,4.0,0.2857142857142857,0.7374888779464164,24.0,4.0,0.0,-4.0,0.0,407,0.35872235872235875,0.1891891891891892,0.31203931203931207,0.2457002457002457,0.09090909090909091,0.31695331695331697,42.411167512690355,5.8452088452088455
2024-05-19,0,0,0,0,0,0,0,0,0,0,0,0,2024,5,19,6,140,20,2,1,0,0,-0.7818314824680299,0.6234898018587334,0.6680638642135335,-0.7441039398713607,0.6631226582407952,-0.7485107481711012,0.49999999999999994,-0.8660254037844387,0.0,0.0,0.0,0.0,0.0,0.0,0.0,0.0,0.0,0.0,0.14285714285714285,0.3779644730092266,1.0,1.0,0.35714285714285715,1.0818177620697809,5.0,4.0,0.39285714285714285,0.9164862737363231,11.0,4.0,0.32142857142857145,0.8550841076577389,18.0,4.0,0.2857142857142857,0.7374888779464164,24.0,4.0,0.0,0.0,0.0,407,0.35872235872235875,0.1891891891891892,0.31203931203931207,0.2457002457002457,0.09090909090909091,0.31695331695331697,42.411167512690355,5.8452088452088455
2024-05-20,0,0,0,0,0,0,0,0,0,0,0,0,2024,5,20,0,141,21,2,0,1,0,0.0,1.0,0.6551563572090853,-0.7554933140726803,0.5680647467311558,-0.8229838658936564,0.49999999999999994,-0.8660254037844387,0.0,0.0,0.0,1.0,0.0,0.0,0.0,0.0,0.0,0.0,0.0,0.0,0.0,0.0,0.35714285714285715,1.0818177620697809,5.0,4.0,0.39285714285714285,0.9164862737363231,11.0,4.0,0.32142857142857145,0.8550841076577389,18.0,4.0,0.27380952380952384,0.7338820770673816,23.0,4.0,0.0,-1.0,0.0,407,0.35872235872235875,0.1891891891891892,0.31203931203931207,0.2457002457002457,0.09090909090909091,0.31695331695331697,42.411167512690355,5.8452088452088455
2024-05-21,1,0,0,0,0,0,0,0,1,0,0,0,2024,5,21,1,142,21,2,0,0,0,0.7818314824680298,0.6234898018587336,0.6420547132365637,-0.766658819300159,0.5680647467311558,-0.8229838658936564,0.49999999999999994,-0.8660254037844387,0.0,0.0,0.0,0.0,0.0,0.0,0.3333333333333333,0.5773502691896255,1.0,1.0,0.14285714285714285,0.3779644730092266,1.0,1.0,0.42857142857142855,1.0894095588038437,6.0,4.0,0.42857142857142855,0.9200874124564725,12.0,4.0,0.3392857142857143,0.8586836800228957,19.0,4.0,0.27380952380952384,0.7338820770673816,23.0,4.0,1.0,1.0,1.0,407,0.35872235872235875,0.1891891891891892,0.31203931203931207,0.2457002457002457,0.09090909090909091,0.31695331695331697,42.411167512690355,5.8452088452088455
2024-05-22,0,0,0,0,0,0,0,0,0,0,0,0,2024,5,22,2,143,21,2,0,0,0,0.9749279121818236,-0.22252093395631434,0.6287628145958344,-0.7775971469736269,0.5680647467311558,-0.8229838658936564,0.49999999999999994,-0.8660254037844387,1.0,0.0,0.0,0.0,0.0,0.0,0.3333333333333333,0.5773502691896255,1.0,1.0,0.14285714285714285,0.3779644730092266,1.0,1.0,0.42857142857142855,1.0894095588038437,6.0,4.0,0.42857142857142855,0.9200874124564725,12.0,4.0,0.3392857142857143,0.8586836800228957,19.0,4.0,0.27380952380952384,0.7338820770673816,23.0,4.0,-1.0,0.0,0.0,407,0.35872235872235875,0.1891891891891892,0.31203931203931207,0.2457002457002457,0.09090909090909091,0.31695331695331697,42.411167512690355,5.8452088452088455
2024-05-23,0,0,0,0,0,0,0,0,0,0,0,0,2024,5,23,3,144,21,2,0,0,0,0.43388373911755823,-0.900968867902419,0.6152845999633276,-0.7883050558305255,0.5680647467311558,-0.8229838658936564,0.49999999999999994,-0.8660254037844387,0.0,1.0,0.0,0.0,0.0,0.0,0.3333333333333333,0.5773502691896255,1.0,1.0,0.14285714285714285,0.3779644730092266,1.0,1.0,0.42857142857142855,1.0894095588038437,6.0,4.0,0.42857142857142855,0.9200874124564725,12.0,4.0,0.3392857142857143,0.8586836800228957,19.0,4.0,0.2619047619047619,0.7300610243357465,22.0,4.0,0.0,0.0,0.0,407,0.35872235872235875,0.1891891891891892,0.31203931203931207,0.2457002457002457,0.09090909090909091,0.31695331695331697,42.411167512690355,5.8452088452088455
2024-05-24,0,0,0,0,0,0,0,0,0,0,0,0,2024,5,24,4,145,21,2,0,0,1,-0.433883739117558,-0.9009688679024191,0.6016240632249226,-0.7987793728863649,0.5680647467311558,-0.8229838658936564,0.49999999999999994,-0.8660254037844387,0.0,0.0,1.0,0.0,0.0,0.0,0.0,0.0,0.0,0.0,0.14285714285714285,0.3779644730092266,1.0,1.0,0.42857142857142855,1.0894095588038437,6.0,4.0,0.42857142857142855,0.9200874124564725,12.0,4.0,0.3392857142857143,0.8586836800228957,19.0,4.0,0.2619047619047619,0.7300610243357465,22.0,4.0,0.0,0.0,0.0,407,0.35872235872235875,0.1891891891891892,0.31203931203931207,0.2457002457002457,0.09090909090909091,0.31695331695331697,42.411167512690355,5.8452088452088455
2024-05-25,0,0,0,0,0,0,0,0,0,0,0,0,2024,5,25,5,146,21,2,1,0,0,-0.9749279121818236,-0.2225209339563146,0.5877852522924732,-0.8090169943749473,0.5680647467311558,-0.8229838658936564,0.49999999999999994,-0.8660254037844387,0.0,0.0,0.0,0.0,4.0,0.0,0.0,0.0,0.0,0.0,0.14285714285714285,0.3779644730092266,1.0,1.0,0.14285714285714285,0.36313651960127985,2.0,1.0,0.42857142857142855,0.9200874124564725,12.0,4.0,0.3392857142857143,0.8586836800228957,19.0,4.0,0.2619047619047619,0.7300610243357465,22.0,4.0,0.0,0.0,0.0,407,0.35872235872235875,0.1891891891891892,0.31203931203931207,0.2457002457002457,0.09090909090909091,0.31695331695331697,42.411167512690355,5.8452088452088455
2024-05-26,0,0,0,0,0,0,0,0,0,0,0,0,2024,5,26,6,147,21,2,1,0,0,-0.7818314824680299,0.6234898018587334,0.5737722679043246,-0.8190148866680801,0.5680647467311558,-0.8229838658936564,0.49999999999999994,-0.8660254037844387,0.0,0.0,0.0,0.0,0.0,0.0,0.0,0.0,0.0,0.0,0.14285714285714285,0.3779644730092266,1.0,1.0,0.14285714285714285,0.36313651960127985,2.0,1.0,0.42857142857142855,0.9200874124564725,12.0,4.0,0.3392857142857143,0.8586836800228957,19.0,4.0,0.2619047619047619,0.7300610243357465,22.0,4.0,0.0,0.0,0.0,407,0.35872235872235875,0.1891891891891892,0.31203931203931207,0.2457002457002457,0.09090909090909091,0.31695331695331697,42.411167512690355,5.8452088452088455
2024-05-27,0,0,0,0,0,0,0,0,0,0,0,0,2024,5,27,0,148,22,2,0,1,0,0.0,1.0,0.5595892624101765,-0.8287700871745038,0.46472317204376906,-0.8854560256532096,0.49999999999999994,-0.8660254037844387,0.0,0.0,0.0,0.0,1.0,2.0,0.0,0.0,0.0,0.0,0.14285714285714285,0.3779644730092266,1.0,1.0,0.07142857142857142,0.2672612419124223,1.0,1.0,0.35714285714285715,0.8698354767504929,10.0,4.0,0.3392857142857143,0.8586836800228957,19.0,4.0,0.2619047619047619,0.7300610243357465,22.0,4.0,0.0,0.0,-2.0,407,0.35872235872235875,0.1891891891891892,0.31203931203931207,0.2457002457002457,0.09090909090909091,0.31695331695331697,42.411167512690355,5.8452088452088455
2024-05-28,0,0,0,0,0,0,0,0,0,0,0,0,2024,5,28,1,149,22,2,0,0,0,0.7818314824680298,0.6234898018587336,0.545240438540651,-0.8382797052177744,0.46472317204376906,-0.8854560256532096,0.49999999999999994,-0.8660254037844387,0.0,0.0,0.0,1.0,0.0,0.0,0.0,0.0,0.0,0.0,0.0,0.0,0.0,0.0,0.07142857142857142,0.2672612419124223,1.0,1.0,0.35714285714285715,0.8698354767504929,10.0,4.0,0.3392857142857143,0.8586836800228957,19.0,4.0,0.25,0.7260223369393944,21.0,4.0,0.0,-1.0,0.0,407,0.35872235872235875,0.1891891891891892,0.31203931203931207,0.2457002457002457,0.09090909090909091,0.31695331695331697,42.411167512690355,5.8452088452088455
2024-05-29,1,0,1,0,0,1,0,1,1,0,0,1,2024,5,29,2,150,22,2,0,0,0,0.9749279121818236,-0.22252093395631434,0.5307300481619334,-0.8475409228928311,0.46472317204376906,-0.8854560256532096,0.49999999999999994,-0.8660254037844387,0.0,0.0,0.0,0.0,0.0,1.0,0.3333333333333333,0.5773502691896255,1.0,1.0,0.14285714285714285,0.3779644730092266,1.0,1.0,0.14285714285714285,0.36313651960127985,2.0,1.0,0.35714285714285715,0.8698354767504929,10.0,4.0,0.3392857142857143,0.8586836800228957,19.0,4.0,0.2619047619047619,0.7300610243357465,22.0,4.0,1.0,1.0,0.0,407,0.35872235872235875,0.1891891891891892,0.31203931203931207,0.2457002457002457,0.09090909090909091,0.31695331695331697,42.411167512690355,5.8452088452088455
2024-05-30,0,0,0,0,0,0,0,0,0,0,0,0,2024,5,30,3,151,22,2,0,0,0,0.43388373911755823,-0.900968867902419,0.5160623910158528,-0.8565509959010036,0.46472317204376906,-0.8854560256532096,0.49999999999999994,-0.8660254037844387,1.0,0.0,0.0,0.0,0.0,1.0,0.3333333333333333,0.5773502691896255,1.0,1.0,0.14285714285714285,0.3779644730092266,1.0,1.0,0.14285714285714285,0.36313651960127985,2.0,1.0,0.32142857142857145,0.8629652337776971,9.0,4.0,0.3392857142857143,0.8586836800228957,19.0,4.0,0.2619047619047619,0.7300610243357465,22.0,4.0,-1.0,0.0,-1.0,407,0.35872235872235875,0.1891891891891892,0.31203931203931207,0.2457002457002457,0.09090909090909091,0.31695331695331697,42.411167512690355,5.8452088452088455
2024-05-31,1,0,0,1,0,2,0,1,2,1,1,0,2024,5,31,4,152,22,2,0,0,1,-0.433883739117558,-0.9009688679024191,0.5012418134457758,-0.865307254363206,0.46472317204376906,-0.8854560256532096,0.49999999999999994,-0.8660254037844387,0.0,1.0,0.0,0.0,0.0,0.0,0.6666666666666666,0.5773502691896261,2.0,1.0,0.2857142857142857,0.48795003647426594,2.0,1.0,0.21428571428571427,0.42581531362631875,3.0,1.0,0.35714285714285715,0.8698354767504929,10.0,4.0,0.30357142857142855,0.7843849439272409,17.0,4.0,0.27380952380952384,0.7338820770673816,23.0,4.0,1.0,1.0,1.0,407,0.35872235872235875,0.1891891891891892,0.31203931203931207,0.2457002457002457,0.09090909090909091,0.31695331695331697,42.411167512690355,5.8452088452088455
2024-06-01,0,0,0,0,0,0,0,0,0,0,0,0,2024,6,1,5,153,22,2,1,0,0,-0.9749279121818236,-0.2225209339563146,0.48627270710868997,-0.8738071036110808,0.46472317204376906,-0.8854560256532096,1.2246467991473532e-16,-1.0,1.0,0.0,1.0,0.0,0.0,2.0,0.3333333333333333,0.5773502691896255,1.0,1.0,0.2857142857142857,0.48795003647426594,2.0,1.0,0.21428571428571427,0.42581531362631875,3.0,1.0,0.2857142857142857,0.8099905283919416,8.0,4.0,0.30357142857142855,0.7843849439272409,17.0,4.0,0.27380952380952384,0.7338820770673816,23.0,4.0,-1.0,0.0,-2.0,407,0.35872235872235875,0.1891891891891892,0.31203931203931207,0.2457002457002457,0.09090909090909091,0.31695331695331697,42.411167512690355,5.8452088452088455
2024-06-02,1,0,0,0,0,1,0,1,2,0,0,0,2024,6,2,6,154,22,2,1,0,0,-0.7818314824680299,0.6234898018587334,0.4711595076738638,-0.8820480249558537,0.46472317204376906,-0.8854560256532096,1.2246467991473532e-16,-1.0,0.0,1.0,0.0,0.0,0.0,0.0,0.6666666666666666,0.5773502691896261,2.0,1.0,0.42857142857142855,0.534522483824848,3.0,1.0,0.2857142857142857,0.46880723093849413,4.0,1.0,0.32142857142857145,0.8189230248533261,9.0,4.0,0.32142857142857145,0.7887191655322714,18.0,4.0,0.2857142857142857,0.7374888779464164,24.0,4.0,1.0,1.0,1.0,407,0.35872235872235875,0.1891891891891892,0.31203931203931207,0.2457002457002457,0.09090909090909091,0.31695331695331697,42.411167512690355,5.8452088452088455
2024-06-03,0,0,0,0,0,0,0,0,0,0,0,0,2024,6,3,0,155,23,2,0,1,0,0.0,1.0,0.4559066935084588,-0.8900275764346767,0.35460488704253584,-0.9350162426854147,1.2246467991473532e-16,-1.0,1.0,0.0,1.0,0.0,0.0,0.0,0.3333333333333333,0.5773502691896255,1.0,1.0,0.42857142857142855,0.534522483824848,3.0,1.0,0.2857142857142857,0.46880723093849413,4.0,1.0,0.32142857142857145,0.8189230248533261,9.0,4.0,0.32142857142857145,0.7887191655322714,18.0,4.0,0.27380952380952384,0.7338820770673816,23.0,4.0,-1.0,0.0,0.0,407,0.35872235872235875,0.1891891891891892,0.31203931203931207,0.2457002457002457,0.09090909090909091,0.31695331695331697,42.411167512690355,5.8452088452088455
2024-06-04,0,0,0,0,0,0,0,0,0,0,0,0,2024,6,4,1,156,23,2,0,0,0,0.7818314824680298,0.6234898018587336,0.440518784350495,-0.8977433935342337,0.35460488704253584,-0.9350162426854147,1.2246467991473532e-16,-1.0,0.0,1.0,0.0,0.0,1.0,0.0,0.3333333333333333,0.5773502691896255,1.0,1.0,0.42857142857142855,0.534522483824848,3.0,1.0,0.21428571428571427,0.42581531362631864,3.0,1.0,0.32142857142857145,0.8189230248533261,9.0,4.0,0.32142857142857145,0.7887191655322714,18.0,4.0,0.27380952380952384,0.7338820770673816,23.0,4.0,0.0,0.0,0.0,407,0.35872235872235875,0.1891891891891892,0.31203931203931207,0.2457002457002457,0.09090909090909091,0.31695331695331697,42.411167512690355,5.8452088452088455
2024-06-05,0,0,0,0,0,0,0,0,0,0,0,0,2024,6,5,2,157,23,2,0,0,0,0.9749279121818236,-0.22252093395631434,0.42500033996955416,-0.9051931898913974,0.35460488704253584,-0.9350162426854147,1.2246467991473532e-16,-1.0,0.0,0.0,1.0,1.0,0.0,0.0,0.0,0.0,0.0,0.0,0.2857142857142857,0.48795003647426594,2.0,1.0,0.21428571428571427,0.42581531362631864,3.0,1.0,0.32142857142857145,0.8189230248533261,9.0,4.0,0.32142857142857145,0.7887191655322714,18.0,4.0,0.27380952380952384,0.7338820770673816,23.0,4.0,0.0,-1.0,0.0,407,0.35872235872235875,0.1891891891891892,0.31203931203931207,0.2457002457002457,0.09090909090909091,0.31695331695331697,42.411167512690355,5.8452088452088455
2024-06-06,0,0,0,0,0,0,0,0,0,0,0,0,2024,6,6,3,158,23,2,0,0,0,0.43388373911755823,-0.900968867902419,0.4093559588156213,-0.9123747579707273,0.35460488704253584,-0.9350162426854147,1.2246467991473532e-16,-1.0,0.0,0.0,0.0,0.0,0.0,0.0,0.0,0.0,0.0,0.0,0.2857142857142857,0.48795003647426594,2.0,1.0,0.21428571428571427,0.42581531362631864,3.0,1.0,0.32142857142857145,0.8189230248533261,9.0,4.0,0.26785714285714285,0.7004173153088208,15.0,4.0,0.27380952380952384,0.7338820770673816,23.0,4.0,0.0,0.0,0.0,407,0.35872235872235875,0.1891891891891892,0.31203931203931207,0.2457002457002457,0.09090909090909091,0.31695331695331697,42.411167512690355,5.8452088452088455
2024-06-07,0,0,0,0,0,0,0,0,0,0,0,0,2024,6,7,4,159,23,2,0,0,1,-0.433883739117558,-0.9009688679024191,0.39359027665646673,-0.9192859697186104,0.35460488704253584,-0.9350162426854147,1.2246467991473532e-16,-1.0,0.0,0.0,0.0,1.0,0.0,0.0,0.0,0.0,0.0,0.0,0.14285714285714285,0.37796447300922653,1.0,1.0,0.21428571428571427,0.42581531362631864,3.0,1.0,0.32142857142857145,0.8189230248533261,9.0,4.0,0.26785714285714285,0.7004173153088208,15.0,4.0,0.27380952380952384,0.7338820770673816,23.0,4.0,0.0,-1.0,0.0,407,0.35872235872235875,0.1891891891891892,0.31203931203931207,0.2457002457002457,0.09090909090909091,0.31695331695331697,42.411167512690355,5.8452088452088455
2024-06-08,0,0,0,0,0,0,0,0,0,0,0,0,2024,6,8,5,160,23,2,1,0,0,-0.9749279121818236,-0.2225209339563146,0.3777079652039649,-0.9259247771938498,0.35460488704253584,-0.9350162426854147,1.2246467991473532e-16,-1.0,0.0,0.0,0.0,0.0,0.0,4.0,0.0,0.0,0.0,0.0,0.14285714285714285,0.37796447300922653,1.0,1.0,0.21428571428571427,0.42581531362631864,3.0,1.0,0.17857142857142858,0.3900210277874807,5.0,1.0,0.26785714285714285,0.7004173153088208,15.0,4.0,0.27380952380952384,0.7338820770673816,23.0,4.0,0.0,0.0,-4.0,407,0.35872235872235875,0.1891891891891892,0.31203931203931207,0.2457002457002457,0.09090909090909091,0.31695331695331697,42.411167512690355,5.8452088452088455
2024-06-09,0,0,0,0,0,0,0,0,0,0,0,0,2024,6,9,6,161,23,2,1,0,0,-0.7818314824680299,0.6234898018587334,0.36171373072976765,-0.9322892131745133,0.35460488704253584,-0.9350162426854147,1.2246467991473532e-16,-1.0,0.0,0.0,0.0,1.0,0.0,0.0,0.0,0.0,0.0,0.0,0.0,0.0,0.0,0.0,0.21428571428571427,0.42581531362631864,3.0,1.0,0.17857142857142858,0.3900210277874807,5.0,1.0,0.26785714285714285,0.7004173153088208,15.0,4.0,0.2619047619047619,0.7300610243357465,22.0,4.0,0.0,-1.0,0.0,407,0.35872235872235875,0.1891891891891892,0.31203931203931207,0.2457002457002457,0.09090909090909091,0.31695331695331697,42.411167512690355,5.8452088452088455
2024-06-10,0,0,0,0,0,0,0,0,0,0,0,0,2024,6,10,0,162,24,2,0,1,0,0.0,1.0,0.3456123126707335,-0.9383773917408641,0.23931566428755768,-0.970941817426052,1.2246467991473532e-16,-1.0,0.0,0.0,0.0,0.0,0.0,1.0,0.0,0.0,0.0,0.0,0.0,0.0,0.0,0.0,0.21428571428571427,0.42581531362631864,3.0,1.0,0.14285714285714285,0.3563483225499001,4.0,1.0,0.26785714285714285,0.7004173153088208,15.0,4.0,0.2619047619047619,0.7300610243357465,22.0,4.0,0.0,0.0,-1.0,407,0.35872235872235875,0.1891891891891892,0.31203931203931207,0.2457002457002457,0.09090909090909091,0.31695331695331697,42.411167512690355,5.8452088452088455
2024-06-11,0,0,0,0,0,0,0,0,0,0,0,0,2024,6,11,1,163,24,2,0,0,0,0.7818314824680298,0.6234898018587336,0.3294084822245304,-0.9441875088341993,0.23931566428755768,-0.970941817426052,1.2246467991473532e-16,-1.0,0.0,0.0,0.0,0.0,0.0,0.0,0.0,0.0,0.0,0.0,0.0,0.0,0.0,0.0,0.21428571428571427,0.42581531362631864,3.0,1.0,0.14285714285714285,0.3563483225499001,4.0,1.0,0.26785714285714285,0.7004173153088208,15.0,4.0,0.2619047619047619,0.7300610243357465,22.0,4.0,0.0,0.0,0.0,407,0.35872235872235875,0.1891891891891892,0.31203931203931207,0.2457002457002457,0.09090909090909091,0.31695331695331697,42.411167512690355,5.8452088452088455
2024-06-12,2,0,2,0,0,0,0,0,4,0,0,2,2024,6,12,2,164,24,2,0,0,0,0.9749279121818236,-0.22252093395631434,0.3131070409358269,-0.9497178427914316,0.23931566428755768,-0.970941817426052,1.2246467991473532e-16,-1.0,0.0,0.0,0.0,0.0,1.0,0.0,0.6666666666666666,1.1547005383792517,2.0,2.0,0.2857142857142857,0.755928946018454,2.0,2.0,0.2857142857142857,0.6112498455021256,4.0,2.0,0.21428571428571427,0.49867549436206443,6.0,2.0,0.30357142857142855,0.7365680332002388,17.0,4.0,0.2857142857142857,0.7536486121773416,24.0,4.0,2.0,2.0,2.0,407,0.35872235872235875,0.1891891891891892,0.31203931203931207,0.2457002457002457,0.09090909090909091,0.31695331695331697,42.411167512690355,5.8452088452088455
2024-06-13,0,0,0,0,0,0,0,0,0,0,0,0,2024,6,13,3,165,24,2,0,0,0,0.43388373911755823,-0.900968867902419,0.29671281927349075,-0.9549667548552551,0.23931566428755768,-0.970941817426052,1.2246467991473532e-16,-1.0,2.0,0.0,0.0,0.0,0.0,0.0,0.6666666666666666,1.1547005383792517,2.0,2.0,0.2857142857142857,0.755928946018454,2.0,2.0,0.2857142857142857,0.6112498455021256,4.0,2.0,0.21428571428571427,0.49867549436206443,6.0,2.0,0.30357142857142855,0.7365680332002388,17.0,4.0,0.2857142857142857,0.7536486121773416,24.0,4.0,-2.0,0.0,0.0,407,0.35872235872235875,0.1891891891891892,0.31203931203931207,0.2457002457002457,0.09090909090909091,0.31695331695331697,42.411167512690355,5.8452088452088455
2024-06-14,0,0,0,0,0,0,0,0,0,0,0,0,2024,6,14,4,166,24,2,0,0,1,-0.433883739117558,-0.9009688679024191,0.28023067519921585,-0.9599326896597447,0.23931566428755768,-0.970941817426052,1.2246467991473532e-16,-1.0,0.0,2.0,0.0,0.0,1.0,0.0,0.6666666666666666,1.1547005383792517,2.0,2.0,0.2857142857142857,0.755928946018454,2.0,2.0,0.21428571428571427,0.5789342235218384,3.0,2.0,0.21428571428571427,0.49867549436206443,6.0,2.0,0.30357142857142855,0.7365680332002388,17.0,4.0,0.2857142857142857,0.7536486121773416,24.0,4.0,0.0,0.0,0.0,407,0.35872235872235875,0.1891891891891892,0.31203931203931207,0.2457002457002457,0.09090909090909091,0.31695331695331697,42.411167512690355,5.8452088452088455
2024-06-15,0,0,0,0,0,0,0,0,0,0,0,0,2024,6,15,5,167,24,2,1,0,0,-0.9749279121818236,-0.2225209339563146,0.26366549272800704,-0.9646141756912435,0.23931566428755768,-0.970941817426052,1.2246467991473532e-16,-1.0,0.0,0.0,2.0,0.0,0.0,0.0,0.0,0.0,0.0,0.0,0.2857142857142857,0.755928946018454,2.0,2.0,0.21428571428571427,0.5789342235218384,3.0,2.0,0.21428571428571427,0.49867549436206443,6.0,2.0,0.30357142857142855,0.7365680332002388,17.0,4.0,0.2857142857142857,0.7536486121773416,24.0,4.0,0.0,0.0,0.0,407,0.35872235872235875,0.1891891891891892,0.31203931203931207,0.2457002457002457,0.09090909090909091,0.31695331695331697,42.411167512690355,5.8452088452088455
2024-06-16,0,0,0,0,0,0,0,0,0,0,0,0,2024,6,16,6,168,24,2,1,0,0,-0.7818314824680299,0.6234898018587334,0.24702218048093552,-0.9690098257244062,0.23931566428755768,-0.970941817426052,1.2246467991473532e-16,-1.0,0.0,0.0,0.0,0.0,1.0,0.0,0.0,0.0,0.0,0.0,0.2857142857142857,0.755928946018454,2.0,2.0,0.14285714285714285,0.5345224838248477,2.0,2.0,0.21428571428571427,0.49867549436206443,6.0,2.0,0.30357142857142855,0.7365680332002388,17.0,4.0,0.2857142857142857,0.7536486121773416,24.0,4.0,0.0,0.0,0.0,407,0.35872235872235875,0.1891891891891892,0.31203931203931207,0.2457002457002457,0.09090909090909091,0.31695331695331697,42.411167512690355,5.8452088452088455
2024-06-17,0,0,0,0,0,0,0,0,0,0,0,0,2024,6,17,0,169,25,2,0,1,0,0.0,1.0,0.23030567023061221,-0.9731183372332619,0.12053668025532308,-0.992708874098054,1.2246467991473532e-16,-1.0,0.0,0.0,0.0,0.0,0.0,0.0,0.0,0.0,0.0,0.0,0.2857142857142857,0.755928946018454,2.0,2.0,0.14285714285714285,0.5345224838248477,2.0,2.0,0.21428571428571427,0.49867549436206443,6.0,2.0,0.30357142857142855,0.7365680332002388,17.0,4.0,0.2857142857142857,0.7536486121773416,24.0,4.0,0.0,0.0,0.0,407,0.35872235872235875,0.1891891891891892,0.31203931203931207,0.2457002457002457,0.09090909090909091,0.31695331695331697,42.411167512690355,5.8452088452088455
2024-06-18,0,0,0,0,0,0,0,0,0,0,0,0,2024,6,18,1,170,25,2,0,0,0,0.7818314824680298,0.6234898018587336,0.21352091543979612,-0.9769384927771817,0.12053668025532308,-0.992708874098054,1.2246467991473532e-16,-1.0,0.0,0.0,0.0,0.0,0.0,1.0,0.0,0.0,0.0,0.0,0.2857142857142857,0.755928946018454,2.0,2.0,0.14285714285714285,0.5345224838248477,2.0,2.0,0.17857142857142858,0.4755948656056716,5.0,2.0,0.30357142857142855,0.7365680332002388,17.0,4.0,0.2857142857142857,0.7536486121773416,24.0,4.0,0.0,0.0,-1.0,407,0.35872235872235875,0.1891891891891892,0.31203931203931207,0.2457002457002457,0.09090909090909091,0.31695331695331697,42.411167512690355,5.8452088452088455
2024-06-19,0,0,0,0,0,0,0,0,0,0,0,0,2024,6,19,2,171,25,2,0,0,0,0.9749279121818236,-0.22252093395631434,0.19667288979357647,-0.980469160361632,0.12053668025532308,-0.992708874098054,1.2246467991473532e-16,-1.0,0.0,0.0,0.0,2.0,0.0,0.0,0.0,0.0,0.0,0.0,0.0,0.0,0.0,0.0,0.14285714285714285,0.5345224838248477,2.0,2.0,0.17857142857142858,0.4755948656056716,5.0,2.0,0.30357142857142855,0.7365680332002388,17.0,4.0,0.2857142857142857,0.7536486121773416,24.0,4.0,0.0,-2.0,0.0,407,0.35872235872235875,0.1891891891891892,0.31203931203931207,0.2457002457002457,0.09090909090909091,0.31695331695331697,42.411167512690355,5.8452088452088455
2024-06-20,2,0,1,0,0,0,0,0,4,0,0,1,2024,6,20,3,172,25,2,0,0,0,0.43388373911755823,-0.900968867902419,0.1797665857255624,-0.9837092937736097,0.12053668025532308,-0.992708874098054,1.2246467991473532e-16,-1.0,0.0,0.0,0.0,0.0,0.0,0.0,0.6666666666666666,1.1547005383792517,2.0,2.0,0.2857142857142857,0.755928946018454,2.0,2.0,0.2857142857142857,0.726273039202562,4.0,2.0,0.25,0.5853140973807083,7.0,2.0,0.3392857142857143,0.7693394029185802,19.0,4.0,0.30952380952380953,0.7757808421770461,26.0,4.0,2.0,2.0,2.0,407,0.35872235872235875,0.1891891891891892,0.31203931203931207,0.2457002457002457,0.09090909090909091,0.31695331695331697,42.411167512690355,5.8452088452088455
2024-06-21,0,0,0,0,0,0,0,0,0,0,0,0,2024,6,21,4,173,25,2,0,0,1,-0.433883739117558,-0.9009688679024191,0.16280701293851715,-0.986657932891657,0.12053668025532308,-0.992708874098054,1.2246467991473532e-16,-1.0,2.0,0.0,0.0,0.0,0.0,0.0,0.6666666666666666,1.1547005383792517,2.0,2.0,0.2857142857142857,0.755928946018454,2.0,2.0,0.2857142857142857,0.726273039202562,4.0,2.0,0.25,0.5853140973807083,7.0,2.0,0.3392857142857143,0.7693394029185802,19.0,4.0,0.30952380952380953,0.7757808421770461,26.0,4.0,-2.0,0.0,0.0,407,0.35872235872235875,0.1891891891891892,0.31203931203931207,0.2457002457002457,0.09090909090909091,0.31695331695331697,42.411167512690355,5.8452088452088455
2024-06-22,0,0,0,0,0,0,0,0,0,0,0,0,2024,6,22,5,174,25,2,1,0,0,-0.9749279121818236,-0.2225209339563146,0.1457991969198751,-0.9893142039703663,0.12053668025532308,-0.992708874098054,1.2246467991473532e-16,-1.0,0.0,2.0,0.0,0.0,0.0,0.0,0.6666666666666666,1.1547005383792517,2.0,2.0,0.2857142857142857,0.755928946018454,2.0,2.0,0.2857142857142857,0.726273039202562,4.0,2.0,0.25,0.5853140973807083,7.0,2.0,0.3392857142857143,0.7693394029185802,19.0,4.0,0.30952380952380953,0.7757808421770461,26.0,4.0,0.0,0.0,0.0,407,0.35872235872235875,0.1891891891891892,0.31203931203931207,0.2457002457002457,0.09090909090909091,0.31695331695331697,42.411167512690355,5.8452088452088455
2024-06-23,0,0,0,0,0,0,0,0,0,0,0,0,2024,6,23,6,175,25,2,1,0,0,-0.7818314824680299,0.6234898018587334,0.12874817745258132,-0.99167731989929,0.12053668025532308,-0.992708874098054,1.2246467991473532e-16,-1.0,0.0,0.0,2.0,0.0,0.0,0.0,0.0,0.0,0.0,0.0,0.2857142857142857,0.755928946018454,2.0,2.0,0.2857142857142857,0.726273039202562,4.0,2.0,0.25,0.5853140973807083,7.0,2.0,0.3392857142857143,0.7693394029185802,19.0,4.0,0.30952380952380953,0.7757808421770461,26.0,4.0,0.0,0.0,0.0,407,0.35872235872235875,0.1891891891891892,0.31203931203931207,0.2457002457002457,0.09090909090909091,0.31695331695331697,42.411167512690355,5.8452088452088455
2024-06-24,1,1,0,0,0,0,0,0,2,0,0,0,2024,6,24,0,176,26,2,0,1,0,0.0,1.0,0.11165900712169512,-0.993746580436178,-3.216245299353273e-16,-1.0,1.2246467991473532e-16,-1.0,0.0,0.0,0.0,0.0,0.0,0.0,0.3333333333333333,0.5773502691896253,1.0,1.0,0.42857142857142855,0.7867957924694426,3.0,2.0,0.35714285714285715,0.7449463436684912,5.0,2.0,0.2857142857142857,0.5998236072282921,8.0,2.0,0.32142857142857145,0.7411819272962947,18.0,4.0,0.32142857142857145,0.7786412986381614,27.0,4.0,1.0,1.0,1.0,407,0.35872235872235875,0.1891891891891892,0.31203931203931207,0.2457002457002457,0.09090909090909091,0.31695331695331697,42.411167512690355,5.8452088452088455
2024-06-25,0,0,0,0,0,0,0,0,0,0,0,0,2024,6,25,1,177,26,2,0,0,0,0.7818314824680298,0.6234898018587336,0.09453674981719912,-0.9955213724144752,-3.216245299353273e-16,-1.0,1.2246467991473532e-16,-1.0,1.0,0.0,0.0,0.0,0.0,0.0,0.3333333333333333,0.5773502691896253,1.0,1.0,0.42857142857142855,0.7867957924694426,3.0,2.0,0.35714285714285715,0.7449463436684912,5.0,2.0,0.2857142857142857,0.5998236072282921,8.0,2.0,0.32142857142857145,0.7411819272962947,18.0,4.0,0.32142857142857145,0.7786412986381614,27.0,4.0,-1.0,0.0,0.0,407,0.35872235872235875,0.1891891891891892,0.31203931203931207,0.2457002457002457,0.09090909090909091,0.31695331695331697,42.411167512690355,5.8452088452088455
2024-06-26,1,0,0,0,0,0,0,0,3,0,0,0,2024,6,26,2,178,26,2,0,0,0,0.9749279121818236,-0.22252093395631434,0.07738647923346301,-0.9970011699250151,-3.216245299353273e-16,-1.0,1.2246467991473532e-16,-1.0,0.0,1.0,0.0,0.0,2.0,1.0,0.6666666666666666,0.5773502691896261,2.0,1.0,0.5714285714285714,0.7867957924694426,4.0,2.0,0.2857142857142857,0.6112498455021256,4.0,2.0,0.2857142857142857,0.5998236072282921,8.0,2.0,0.32142857142857145,0.7411819272962947,18.0,4.0,0.32142857142857145,0.7786412986381614,27.0,4.0,1.0,1.0,0.0,407,0.35872235872235875,0.1891891891891892,0.31203931203931207,0.2457002457002457,0.09090909090909091,0.31695331695331697,42.411167512690355,5.8452088452088455
2024-06-27,1,1,0,1,0,1,0,1,1,0,0,0,2024,6,27,3,179,26,2,0,0,0,0.43388373911755823,-0.900968867902419,0.06021327736579302,-0.9981855344718586,-3.216245299353273e-16,-1.0,1.2246467991473532e-16,-1.0,1.0,0.0,1.0,2.0,0.0,0.0,0.6666666666666666,0.5773502691896261,2.0,1.0,0.42857142857142855,0.534522483824848,3.0,1.0,0.35714285714285715,0.63332369377665,5.0,2.0,0.32142857142857145,0.6118321864193031,9.0,2.0,0.32142857142857145,0.7411819272962947,18.0,4.0,0.3333333333333333,0.7813077287908222,28.0,4.0,0.0,-1.0,1.0,407,0.35872235872235875,0.1891891891891892,0.31203931203931207,0.2457002457002457,0.09090909090909091,0.31695331695331697,42.411167512690355,5.8452088452088455
2024-06-28,0,0,0,0,0,0,0,0,0,0,0,0,2024,6,28,4,180,26,2,0,0,1,-0.433883739117558,-0.9009688679024191,0.04302223300453059,-0.99907411510223,-3.216245299353273e-16,-1.0,1.2246467991473532e-16,-1.0,1.0,1.0,0.0,0.0,0.0,1.0,0.6666666666666666,0.5773502691896261,2.0,1.0,0.42857142857142855,0.534522483824848,3.0,1.0,0.35714285714285715,0.63332369377665,5.0,2.0,0.2857142857142857,0.5998236072282921,8.0,2.0,0.32142857142857145,0.7411819272962947,18.0,4.0,0.2976190476190476,0.7244401561714955,25.0,4.0,-1.0,0.0,-1.0,407,0.35872235872235875,0.1891891891891892,0.31203931203931207,0.2457002457002457,0.09090909090909091,0.31695331695331697,42.411167512690355,5.8452088452088455
2024-06-29,0,0,0,0,0,0,0,0,0,0,0,0,2024,6,29,5,181,26,2,1,0,0,-0.9749279121818236,-0.2225209339563146,0.02581844022713308,-0.9996666485105112,-3.216245299353273e-16,-1.0,1.2246467991473532e-16,-1.0,0.0,1.0,1.0,0.0,0.0,0.0,0.3333333333333333,0.5773502691896253,1.0,1.0,0.42857142857142855,0.534522483824848,3.0,1.0,0.35714285714285715,0.63332369377665,5.0,2.0,0.2857142857142857,0.5998236072282921,8.0,2.0,0.2857142857142857,0.7061878636038,16.0,4.0,0.2976190476190476,0.7244401561714955,25.0,4.0,0.0,0.0,0.0,407,0.35872235872235875,0.1891891891891892,0.31203931203931207,0.2457002457002457,0.09090909090909091,0.31695331695331697,42.411167512690355,5.8452088452088455
2024-06-30,0,0,0,0,0,0,0,0,0,0,0,0,2024,6,30,6,182,26,2,1,0,0,-0.7818314824680299,0.6234898018587334,0.008606996888688698,-0.9999629591162655,-3.216245299353273e-16,-1.0,1.2246467991473532e-16,-1.0,0.0,0.0,1.0,0.0,0.0,1.0,0.0,0.0,0.0,0.0,0.42857142857142855,0.534522483824848,3.0,1.0,0.35714285714285715,0.63332369377665,5.0,2.0,0.25,0.5853140973807083,7.0,2.0,0.2857142857142857,0.7061878636038,16.0,4.0,0.2976190476190476,0.7244401561714955,25.0,4.0,0.0,0.0,-1.0,407,0.35872235872235875,0.1891891891891892,0.31203931203931207,0.2457002457002457,0.09090909090909091,0.31695331695331697,42.411167512690355,5.8452088452088455
2024-07-01,0,0,0,0,0,0,0,0,0,0,0,0,2024,7,1,0,183,27,3,0,1,0,0.0,1.0,-0.008606996888688009,-0.9999629591162655,-0.12053668025532283,-0.992708874098054,-0.4999999999999997,-0.8660254037844388,0.0,0.0,0.0,1.0,0.0,0.0,0.0,0.0,0.0,0.0,0.2857142857142857,0.4879500364742659,2.0,1.0,0.35714285714285715,0.63332369377665,5.0,2.0,0.25,0.5853140973807083,7.0,2.0,0.2857142857142857,0.7061878636038,16.0,4.0,0.2976190476190476,0.7244401561714955,25.0,4.0,0.0,-1.0,0.0,407,0.35872235872235875,0.1891891891891892,0.31203931203931207,0.2457002457002457,0.09090909090909091,0.31695331695331697,42.411167512690355,5.8452088452088455
2024-07-02,0,0,0,0,0,0,0,0,0,0,0,0,2024,7,2,1,184,27,3,0,0,0,0.7818314824680298,0.6234898018587336,-0.02581844022713239,-0.9996666485105112,-0.12053668025532283,-0.992708874098054,-0.4999999999999997,-0.8660254037844388,0.0,0.0,0.0,0.0,0.0,0.0,0.0,0.0,0.0,0.0,0.2857142857142857,0.4879500364742659,2.0,1.0,0.35714285714285715,0.63332369377665,5.0,2.0,0.25,0.5853140973807083,7.0,2.0,0.2857142857142857,0.7061878636038,16.0,4.0,0.2976190476190476,0.7244401561714955,25.0,4.0,0.0,0.0,0.0,407,0.35872235872235875,0.1891891891891892,0.31203931203931207,0.2457002457002457,0.09090909090909091,0.31695331695331697,42.411167512690355,5.8452088452088455
2024-07-03,2,2,0,0,0,4,0,2,6,0,0,0,2024,7,3,2,185,27,3,0,0,0,0.9749279121818236,-0.22252093395631434,-0.04302223300453034,-0.99907411510223,-0.12053668025532283,-0.992708874098054,-0.4999999999999997,-0.8660254037844388,0.0,0.0,0.0,1.0,0.0,0.0,0.6666666666666666,1.1547005383792517,2.0,2.0,0.42857142857142855,0.7867957924694426,3.0,2.0,0.5,0.7595545253127491,7.0,2.0,0.32142857142857145,0.6696362433535831,9.0,2.0,0.32142857142857145,0.7411819272962947,18.0,4.0,0.32142857142857145,0.7470538808282741,27.0,4.0,2.0,1.0,2.0,407,0.35872235872235875,0.1891891891891892,0.31203931203931207,0.2457002457002457,0.09090909090909091,0.31695331695331697,42.411167512690355,5.8452088452088455
2024-07-04,0,0,0,0,0,0,0,0,0,0,0,0,2024,7,4,3,186,27,3,0,0,0,0.43388373911755823,-0.900968867902419,-0.060213277365792774,-0.9981855344718586,-0.12053668025532283,-0.992708874098054,-0.4999999999999997,-0.8660254037844388,2.0,0.0,0.0,1.0,2.0,0.0,0.6666666666666666,1.1547005383792517,2.0,2.0,0.2857142857142857,0.755928946018454,2.0,2.0,0.35714285714285715,0.63332369377665,5.0,2.0,0.32142857142857145,0.6696362433535831,9.0,2.0,0.32142857142857145,0.7411819272962947,18.0,4.0,0.2857142857142857,0.6867318897999118,24.0,4.0,-2.0,-1.0,0.0,407,0.35872235872235875,0.1891891891891892,0.31203931203931207,0.2457002457002457,0.09090909090909091,0.31695331695331697,42.411167512690355,5.8452088452088455
2024-07-05,0,0,0,0,0,0,0,0,0,0,0,0,2024,7,5,4,187,27,3,0,0,1,-0.433883739117558,-0.9009688679024191,-0.07738647923346322,-0.9970011699250151,-0.12053668025532283,-0.992708874098054,-0.4999999999999997,-0.8660254037844388,0.0,2.0,0.0,0.0,0.0,0.0,0.6666666666666666,1.1547005383792517,2.0,2.0,0.2857142857142857,0.755928946018454,2.0,2.0,0.35714285714285715,0.63332369377665,5.0,2.0,0.32142857142857145,0.6696362433535831,9.0,2.0,0.32142857142857145,0.7411819272962947,18.0,4.0,0.2857142857142857,0.6867318897999118,24.0,4.0,0.0,0.0,0.0,407,0.35872235872235875,0.1891891891891892,0.31203931203931207,0.2457002457002457,0.09090909090909091,0.31695331695331697,42.411167512690355,5.8452088452088455
2024-07-06,0,0,0,0,0,0,0,0,0,0,0,0,2024,7,6,5,188,27,3,1,0,0,-0.9749279121818236,-0.2225209339563146,-0.09453674981719933,-0.9955213724144752,-0.12053668025532283,-0.992708874098054,-0.4999999999999997,-0.8660254037844388,0.0,0.0,2.0,0.0,0.0,0.0,0.0,0.0,0.0,0.0,0.2857142857142857,0.755928946018454,2.0,2.0,0.35714285714285715,0.63332369377665,5.0,2.0,0.32142857142857145,0.6696362433535831,9.0,2.0,0.25,0.5477225575051666,14.0,2.0,0.2857142857142857,0.6867318897999118,24.0,4.0,0.0,0.0,0.0,407,0.35872235872235875,0.1891891891891892,0.31203931203931207,0.2457002457002457,0.09090909090909091,0.31695331695331697,42.411167512690355,5.8452088452088455
2024-07-07,0,0,0,0,0,0,0,0,0,0,0,0,2024,7,7,6,189,27,3,1,0,0,-0.7818314824680299,0.6234898018587334,-0.11165900712169444,-0.9937465804361781,-0.12053668025532283,-0.992708874098054,-0.4999999999999997,-0.8660254037844388,0.0,0.0,0.0,0.0,0.0,0.0,0.0,0.0,0.0,0.0,0.2857142857142857,0.755928946018454,2.0,2.0,0.35714285714285715,0.63332369377665,5.0,2.0,0.32142857142857145,0.6696362433535831,9.0,2.0,0.25,0.5477225575051666,14.0,2.0,0.2857142857142857,0.6867318897999118,24.0,4.0,0.0,0.0,0.0,407,0.35872235872235875,0.1891891891891892,0.31203931203931207,0.2457002457002457,0.09090909090909091,0.31695331695331697,42.411167512690355,5.8452088452088455
2024-07-08,0,0,0,0,0,0,0,0,0,0,0,0,2024,7,8,0,190,28,3,0,1,0,0.0,1.0,-0.12874817745258066,-0.99167731989929,-0.23931566428755743,-0.9709418174260521,-0.4999999999999997,-0.8660254037844388,0.0,0.0,0.0,0.0,1.0,0.0,0.0,0.0,0.0,0.0,0.2857142857142857,0.755928946018454,2.0,2.0,0.2857142857142857,0.6112498455021256,4.0,2.0,0.32142857142857145,0.6696362433535831,9.0,2.0,0.23214285714285715,0.5390588238628657,13.0,2.0,0.2857142857142857,0.6867318897999118,24.0,4.0,0.0,0.0,0.0,407,0.35872235872235875,0.1891891891891892,0.31203931203931207,0.2457002457002457,0.09090909090909091,0.31695331695331697,42.411167512690355,5.8452088452088455
2024-07-09,0,0,0,0,0,0,0,0,0,0,0,0,2024,7,9,1,191,28,3,0,0,0,0.7818314824680298,0.6234898018587336,-0.14579919691987442,-0.9893142039703664,-0.23931566428755743,-0.9709418174260521,-0.4999999999999997,-0.8660254037844388,0.0,0.0,0.0,0.0,0.0,0.0,0.0,0.0,0.0,0.0,0.2857142857142857,0.755928946018454,2.0,2.0,0.2857142857142857,0.6112498455021256,4.0,2.0,0.32142857142857145,0.6696362433535831,9.0,2.0,0.23214285714285715,0.5390588238628657,13.0,2.0,0.2857142857142857,0.6867318897999118,24.0,4.0,0.0,0.0,0.0,407,0.35872235872235875,0.1891891891891892,0.31203931203931207,0.2457002457002457,0.09090909090909091,0.31695331695331697,42.411167512690355,5.8452088452088455
2024-07-10,0,0,0,0,0,0,0,0,0,0,0,0,2024,7,10,2,192,28,3,0,0,0,0.9749279121818236,-0.22252093395631434,-0.16280701293851646,-0.9866579328916572,-0.23931566428755743,-0.9709418174260521,-0.4999999999999997,-0.8660254037844388,0.0,0.0,0.0,2.0,1.0,2.0,0.0,0.0,0.0,0.0,0.0,0.0,0.0,0.0,0.21428571428571427,0.5789342235218383,3.0,2.0,0.25,0.5853140973807083,7.0,2.0,0.23214285714285715,0.5390588238628657,13.0,2.0,0.2857142857142857,0.6867318897999118,24.0,4.0,0.0,-2.0,-2.0,407,0.35872235872235875,0.1891891891891892,0.31203931203931207,0.2457002457002457,0.09090909090909091,0.31695331695331697,42.411167512690355,5.8452088452088455
2024-07-11,0,0,0,0,0,0,0,0,0,0,0,0,2024,7,11,3,193,28,3,0,0,0,0.43388373911755823,-0.900968867902419,-0.17976658572556214,-0.9837092937736098,-0.23931566428755743,-0.9709418174260521,-0.4999999999999997,-0.8660254037844388,0.0,0.0,0.0,0.0,1.0,0.0,0.0,0.0,0.0,0.0,0.0,0.0,0.0,0.0,0.14285714285714285,0.5345224838248476,2.0,2.0,0.25,0.5853140973807083,7.0,2.0,0.23214285714285715,0.5390588238628657,13.0,2.0,0.2857142857142857,0.6867318897999118,24.0,4.0,0.0,0.0,0.0,407,0.35872235872235875,0.1891891891891892,0.31203931203931207,0.2457002457002457,0.09090909090909091,0.31695331695331697,42.411167512690355,5.8452088452088455
2024-07-12,0,0,0,0,0,0,0,0,0,0,0,0,2024,7,12,4,194,28,3,0,0,1,-0.433883739117558,-0.9009688679024191,-0.19667288979357622,-0.9804691603616321,-0.23931566428755743,-0.9709418174260521,-0.4999999999999997,-0.8660254037844388,0.0,0.0,0.0,0.0,0.0,0.0,0.0,0.0,0.0,0.0,0.0,0.0,0.0,0.0,0.14285714285714285,0.5345224838248476,2.0,2.0,0.25,0.5853140973807083,7.0,2.0,0.23214285714285715,0.5390588238628657,13.0,2.0,0.2857142857142857,0.6867318897999118,24.0,4.0,0.0,0.0,0.0,407,0.35872235872235875,0.1891891891891892,0.31203931203931207,0.2457002457002457,0.09090909090909091,0.31695331695331697,42.411167512690355,5.8452088452088455
2024-07-13,1,0,0,0,0,0,0,0,2,0,0,0,2024,7,13,5,195,28,3,1,0,0,-0.9749279121818236,-0.2225209339563146,-0.2135209154397959,-0.9769384927771817,-0.23931566428755743,-0.9709418174260521,-0.4999999999999997,-0.8660254037844388,0.0,0.0,0.0,0.0,0.0,0.0,0.3333333333333333,0.5773502691896253,1.0,1.0,0.14285714285714285,0.37796447300922653,1.0,1.0,0.21428571428571427,0.5789342235218383,3.0,2.0,0.2857142857142857,0.5998236072282921,8.0,2.0,0.25,0.5477225575051666,14.0,2.0,0.2976190476190476,0.6903772655508316,25.0,4.0,1.0,1.0,1.0,407,0.35872235872235875,0.1891891891891892,0.31203931203931207,0.2457002457002457,0.09090909090909091,0.31695331695331697,42.411167512690355,5.8452088452088455
2024-07-14,0,0,0,0,0,0,0,0,0,0,0,0,2024,7,14,6,196,28,3,1,0,0,-0.7818314824680299,0.6234898018587334,-0.23030567023061196,-0.973118337233262,-0.23931566428755743,-0.9709418174260521,-0.4999999999999997,-0.8660254037844388,1.0,0.0,0.0,0.0,0.0,0.0,0.3333333333333333,0.5773502691896253,1.0,1.0,0.14285714285714285,0.37796447300922653,1.0,1.0,0.21428571428571427,0.5789342235218383,3.0,2.0,0.2857142857142857,0.5998236072282921,8.0,2.0,0.25,0.5477225575051666,14.0,2.0,0.2976190476190476,0.6903772655508316,25.0,4.0,-1.0,0.0,0.0,407,0.35872235872235875,0.1891891891891892,0.31203931203931207,0.2457002457002457,0.09090909090909091,0.31695331695331697,42.411167512690355,5.8452088452088455
2024-07-15,0,0,0,0,0,0,0,0,0,0,0,0,2024,7,15,0,197,29,3,0,1,0,0.0,1.0,-0.24702218048093527,-0.9690098257244063,-0.3546048870425356,-0.9350162426854148,-0.4999999999999997,-0.8660254037844388,0.0,1.0,0.0,0.0,0.0,0.0,0.3333333333333333,0.5773502691896253,1.0,1.0,0.14285714285714285,0.37796447300922653,1.0,1.0,0.21428571428571427,0.5789342235218383,3.0,2.0,0.2857142857142857,0.5998236072282921,8.0,2.0,0.25,0.5477225575051666,14.0,2.0,0.2976190476190476,0.6903772655508316,25.0,4.0,0.0,0.0,0.0,407,0.35872235872235875,0.1891891891891892,0.31203931203931207,0.2457002457002457,0.09090909090909091,0.31695331695331697,42.411167512690355,5.8452088452088455
2024-07-16,0,0,0,0,0,0,0,0,0,0,0,0,2024,7,16,1,198,29,3,0,0,0,0.7818314824680298,0.6234898018587336,-0.2636654927280072,-0.9646141756912435,-0.3546048870425356,-0.9350162426854148,-0.4999999999999997,-0.8660254037844388,0.0,0.0,1.0,0.0,0.0,0.0,0.0,0.0,0.0,0.0,0.14285714285714285,0.37796447300922653,1.0,1.0,0.21428571428571427,0.5789342235218383,3.0,2.0,0.2857142857142857,0.5998236072282921,8.0,2.0,0.23214285714285715,0.5390588238628657,13.0,2.0,0.2976190476190476,0.6903772655508316,25.0,4.0,0.0,0.0,0.0,407,0.35872235872235875,0.1891891891891892,0.31203931203931207,0.2457002457002457,0.09090909090909091,0.31695331695331697,42.411167512690355,5.8452088452088455
2024-07-17,0,0,0,0,0,0,0,0,0,0,0,0,2024,7,17,2,199,29,3,0,0,0,0.9749279121818236,-0.22252093395631434,-0.2802306751992161,-0.9599326896597445,-0.3546048870425356,-0.9350162426854148,-0.4999999999999997,-0.8660254037844388,0.0,0.0,0.0,0.0,2.0,0.0,0.0,0.0,0.0,0.0,0.14285714285714285,0.37796447300922653,1.0,1.0,0.07142857142857142,0.2672612419124221,1.0,1.0,0.2857142857142857,0.5998236072282921,8.0,2.0,0.23214285714285715,0.5390588238628657,13.0,2.0,0.2976190476190476,0.6903772655508316,25.0,4.0,0.0,0.0,0.0,407,0.35872235872235875,0.1891891891891892,0.31203931203931207,0.2457002457002457,0.09090909090909091,0.31695331695331697,42.411167512690355,5.8452088452088455
2024-07-18,0,0,0,0,0,0,0,0,0,0,0,0,2024,7,18,3,200,29,3,0,0,0,0.43388373911755823,-0.900968867902419,-0.2967128192734901,-0.9549667548552553,-0.3546048870425356,-0.9350162426854148,-0.4999999999999997,-0.8660254037844388,0.0,0.0,0.0,0.0,0.0,2.0,0.0,0.0,0.0,0.0,0.14285714285714285,0.37796447300922653,1.0,1.0,0.07142857142857142,0.2672612419124221,1.0,1.0,0.21428571428571427,0.4986754943620644,6.0,2.0,0.23214285714285715,0.5390588238628657,13.0,2.0,0.2976190476190476,0.6903772655508316,25.0,4.0,0.0,0.0,-2.0,407,0.35872235872235875,0.1891891891891892,0.31203931203931207,0.2457002457002457,0.09090909090909091,0.31695331695331697,42.411167512690355,5.8452088452088455
2024-07-19,1,0,1,0,0,0,0,0,1,0,0,1,2024,7,19,4,201,29,3,0,0,1,-0.433883739117558,-0.9009688679024191,-0.3131070409358267,-0.9497178427914317,-0.3546048870425356,-0.9350162426854148,-0.4999999999999997,-0.8660254037844388,0.0,0.0,0.0,0.0,0.0,0.0,0.3333333333333333,0.5773502691896253,1.0,1.0,0.2857142857142857,0.48795003647426594,2.0,1.0,0.14285714285714285,0.3631365196012798,2.0,1.0,0.25,0.5181877251716015,7.0,2.0,0.25,0.5477225575051666,14.0,2.0,0.30952380952380953,0.6937967911269723,26.0,4.0,1.0,1.0,1.0,407,0.35872235872235875,0.1891891891891892,0.31203931203931207,0.2457002457002457,0.09090909090909091,0.31695331695331697,42.411167512690355,5.8452088452088455
2024-07-20,0,0,0,0,0,0,0,0,0,0,0,0,2024,7,20,5,202,29,3,1,0,0,-0.9749279121818236,-0.2225209339563146,-0.3294084822245302,-0.9441875088341994,-0.3546048870425356,-0.9350162426854148,-0.4999999999999997,-0.8660254037844388,1.0,0.0,0.0,1.0,0.0,0.0,0.3333333333333333,0.5773502691896253,1.0,1.0,0.14285714285714285,0.37796447300922653,1.0,1.0,0.14285714285714285,0.3631365196012798,2.0,1.0,0.25,0.5181877251716015,7.0,2.0,0.25,0.5477225575051666,14.0,2.0,0.30952380952380953,0.6937967911269723,26.0,4.0,-1.0,-1.0,0.0,407,0.35872235872235875,0.1891891891891892,0.31203931203931207,0.2457002457002457,0.09090909090909091,0.31695331695331697,42.411167512690355,5.8452088452088455
2024-07-21,2,2,0,2,0,0,0,0,4,0,0,0,2024,7,21,6,203,29,3,1,0,0,-0.7818314824680299,0.6234898018587334,-0.3456123126707333,-0.9383773917408642,-0.3546048870425356,-0.9350162426854148,-0.4999999999999997,-0.8660254037844388,0.0,1.0,0.0,0.0,0.0,0.0,1.0,1.0000000000000007,3.0,2.0,0.42857142857142855,0.7867957924694426,3.0,2.0,0.2857142857142857,0.6112498455021256,4.0,2.0,0.32142857142857145,0.6118321864193031,9.0,2.0,0.2857142857142857,0.5943456513231621,16.0,2.0,0.3333333333333333,0.7169771439171532,28.0,4.0,2.0,2.0,2.0,407,0.35872235872235875,0.1891891891891892,0.31203931203931207,0.2457002457002457,0.09090909090909091,0.31695331695331697,42.411167512690355,5.8452088452088455
2024-07-22,0,0,0,0,0,0,0,0,0,0,0,0,2024,7,22,0,204,30,3,0,1,0,0.0,1.0,-0.3617137307297674,-0.9322892131745134,-0.46472317204376806,-0.8854560256532101,-0.4999999999999997,-0.8660254037844388,2.0,0.0,1.0,0.0,0.0,1.0,0.6666666666666666,1.1547005383792517,2.0,2.0,0.42857142857142855,0.7867957924694426,3.0,2.0,0.2857142857142857,0.6112498455021256,4.0,2.0,0.2857142857142857,0.5998236072282921,8.0,2.0,0.2857142857142857,0.5943456513231621,16.0,2.0,0.30952380952380953,0.6937967911269723,26.0,4.0,-2.0,0.0,-1.0,407,0.35872235872235875,0.1891891891891892,0.31203931203931207,0.2457002457002457,0.09090909090909091,0.31695331695331697,42.411167512690355,5.8452088452088455
2024-07-23,0,0,0,0,0,0,0,0,0,0,0,0,2024,7,23,1,205,30,3,0,0,0,0.7818314824680298,0.6234898018587336,-0.37770796520396466,-0.9259247771938499,-0.46472317204376806,-0.8854560256532101,-0.4999999999999997,-0.8660254037844388,0.0,2.0,0.0,0.0,0.0,0.0,0.6666666666666666,1.1547005383792517,2.0,2.0,0.42857142857142855,0.7867957924694426,3.0,2.0,0.2857142857142857,0.6112498455021256,4.0,2.0,0.2857142857142857,0.5998236072282921,8.0,2.0,0.2857142857142857,0.5943456513231621,16.0,2.0,0.30952380952380953,0.6937967911269723,26.0,4.0,0.0,0.0,0.0,407,0.35872235872235875,0.1891891891891892,0.31203931203931207,0.2457002457002457,0.09090909090909091,0.31695331695331697,42.411167512690355,5.8452088452088455
2024-07-24,0,0,0,0,0,0,0,0,0,0,0,0,2024,7,24,2,206,30,3,0,0,0,0.9749279121818236,-0.22252093395631434,-0.39359027665646645,-0.9192859697186105,-0.46472317204376806,-0.8854560256532101,-0.4999999999999997,-0.8660254037844388,0.0,0.0,2.0,0.0,0.0,1.0,0.0,0.0,0.0,0.0,0.42857142857142855,0.7867957924694426,3.0,2.0,0.2857142857142857,0.6112498455021256,4.0,2.0,0.25,0.5853140973807083,7.0,2.0,0.26785714285714285,0.5874775486177073,15.0,2.0,0.2976190476190476,0.6903772655508316,25.0,4.0,0.0,0.0,-1.0,407,0.35872235872235875,0.1891891891891892,0.31203931203931207,0.2457002457002457,0.09090909090909091,0.31695331695331697,42.411167512690355,5.8452088452088455
2024-07-25,0,0,0,0,0,0,0,0,0,0,0,0,2024,7,25,3,207,30,3,0,0,0,0.43388373911755823,-0.900968867902419,-0.4093559588156211,-0.9123747579707274,-0.46472317204376806,-0.8854560256532101,-0.4999999999999997,-0.8660254037844388,0.0,0.0,0.0,0.0,0.0,1.0,0.0,0.0,0.0,0.0,0.42857142857142855,0.7867957924694426,3.0,2.0,0.2857142857142857,0.6112498455021256,4.0,2.0,0.21428571428571427,0.5681120688308984,6.0,2.0,0.26785714285714285,0.5874775486177073,15.0,2.0,0.2857142857142857,0.6867318897999118,24.0,4.0,0.0,0.0,-1.0,407,0.35872235872235875,0.1891891891891892,0.31203931203931207,0.2457002457002457,0.09090909090909091,0.31695331695331697,42.411167512690355,5.8452088452088455
2024-07-26,1,1,0,0,0,0,0,0,2,0,0,0,2024,7,26,4,208,30,3,0,0,1,-0.433883739117558,-0.9009688679024191,-0.42500033996955394,-0.9051931898913975,-0.46472317204376806,-0.8854560256532101,-0.4999999999999997,-0.8660254037844388,0.0,0.0,0.0,1.0,0.0,0.0,0.3333333333333333,0.5773502691896255,1.0,1.0,0.42857142857142855,0.7867957924694426,3.0,2.0,0.35714285714285715,0.6333236937766499,5.0,2.0,0.25,0.5853140973807083,7.0,2.0,0.26785714285714285,0.5874775486177073,15.0,2.0,0.2976190476190476,0.6903772655508316,25.0,4.0,1.0,0.0,1.0,407,0.35872235872235875,0.1891891891891892,0.31203931203931207,0.2457002457002457,0.09090909090909091,0.31695331695331697,42.411167512690355,5.8452088452088455
2024-07-27,0,0,0,0,0,0,0,0,0,0,0,0,2024,7,27,5,209,30,3,1,0,0,-0.9749279121818236,-0.2225209339563146,-0.4405187843504952,-0.8977433935342336,-0.46472317204376806,-0.8854560256532101,-0.4999999999999997,-0.8660254037844388,1.0,0.0,0.0,0.0,1.0,0.0,0.3333333333333333,0.5773502691896255,1.0,1.0,0.42857142857142855,0.7867957924694426,3.0,2.0,0.2857142857142857,0.6112498455021255,4.0,2.0,0.25,0.5853140973807083,7.0,2.0,0.26785714285714285,0.5874775486177073,15.0,2.0,0.27380952380952384,0.664979218376078,23.0,4.0,-1.0,0.0,0.0,407,0.35872235872235875,0.1891891891891892,0.31203931203931207,0.2457002457002457,0.09090909090909091,0.31695331695331697,42.411167512690355,5.8452088452088455
2024-07-28,0,0,0,0,0,0,0,0,0,0,0,0,2024,7,28,6,210,30,3,1,0,0,-0.7818314824680299,0.6234898018587334,-0.455906693508459,-0.8900275764346766,-0.46472317204376806,-0.8854560256532101,-0.4999999999999997,-0.8660254037844388,0.0,1.0,0.0,2.0,0.0,0.0,0.3333333333333333,0.5773502691896255,1.0,1.0,0.14285714285714285,0.37796447300922653,1.0,1.0,0.2857142857142857,0.6112498455021255,4.0,2.0,0.25,0.5853140973807083,7.0,2.0,0.25,0.5799686511904215,14.0,2.0,0.27380952380952384,0.664979218376078,23.0,4.0,0.0,-2.0,0.0,407,0.35872235872235875,0.1891891891891892,0.31203931203931207,0.2457002457002457,0.09090909090909091,0.31695331695331697,42.411167512690355,5.8452088452088455
2024-07-29,0,0,0,0,0,0,0,0,0,0,0,0,2024,7,29,0,211,31,3,0,1,0,0.0,1.0,-0.47115950767386394,-0.8820480249558535,-0.5680647467311556,-0.8229838658936566,-0.4999999999999997,-0.8660254037844388,0.0,0.0,1.0,0.0,0.0,0.0,0.0,0.0,0.0,0.0,0.14285714285714285,0.37796447300922653,1.0,1.0,0.2857142857142857,0.6112498455021255,4.0,2.0,0.25,0.5853140973807083,7.0,2.0,0.25,0.5799686511904215,14.0,2.0,0.27380952380952384,0.664979218376078,23.0,4.0,0.0,0.0,0.0,407,0.35872235872235875,0.1891891891891892,0.31203931203931207,0.2457002457002457,0.09090909090909091,0.31695331695331697,42.411167512690355,5.8452088452088455
2024-07-30,0,0,0,0,0,0,0,0,0,0,0,0,2024,7,30,1,212,31,3,0,0,0,0.7818314824680298,0.6234898018587336,-0.4862727071086902,-0.8738071036110807,-0.5680647467311556,-0.8229838658936566,-0.4999999999999997,-0.8660254037844388,0.0,0.0,0.0,0.0,0.0,0.0,0.0,0.0,0.0,0.0,0.14285714285714285,0.37796447300922653,1.0,1.0,0.2857142857142857,0.6112498455021255,4.0,2.0,0.25,0.5853140973807083,7.0,2.0,0.25,0.5799686511904215,14.0,2.0,0.27380952380952384,0.664979218376078,23.0,4.0,0.0,0.0,0.0,407,0.35872235872235875,0.1891891891891892,0.31203931203931207,0.2457002457002457,0.09090909090909091,0.31695331695331697,42.411167512690355,5.8452088452088455
2024-07-31,2,0,0,0,0,0,0,0,4,0,0,2,2024,7,31,2,213,31,3,0,0,0,0.9749279121818236,-0.22252093395631434,-0.5012418134457756,-0.8653072543632061,-0.5680647467311556,-0.8229838658936566,-0.4999999999999997,-0.8660254037844388,0.0,0.0,0.0,0.0,0.0,2.0,0.6666666666666666,1.1547005383792517,2.0,2.0,0.42857142857142855,0.7867957924694426,3.0,2.0,0.42857142857142855,0.7559289460184535,6.0,2.0,0.25,0.5853140973807083,7.0,2.0,0.2857142857142857,0.6241877839323597,16.0,2.0,0.2976190476190476,0.6903772655508316,25.0,4.0,2.0,2.0,0.0,407,0.35872235872235875,0.1891891891891892,0.31203931203931207,0.2457002457002457,0.09090909090909091,0.31695331695331697,42.411167512690355,5.8452088452088455
2024-08-01,0,0,0,0,0,0,0,0,0,0,0,0,2024,8,1,3,214,31,3,0,0,0,0.43388373911755823,-0.900968867902419,-0.5160623910158526,-0.8565509959010037,-0.5680647467311556,-0.8229838658936566,-0.8660254037844385,-0.5000000000000004,2.0,0.0,0.0,0.0,0.0,0.0,0.6666666666666666,1.1547005383792517,2.0,2.0,0.42857142857142855,0.7867957924694426,3.0,2.0,0.42857142857142855,0.7559289460184535,6.0,2.0,0.25,0.5853140973807083,7.0,2.0,0.2857142857142857,0.6241877839323597,16.0,2.0,0.2976190476190476,0.6903772655508316,25.0,4.0,-2.0,0.0,0.0,407,0.35872235872235875,0.1891891891891892,0.31203931203931207,0.2457002457002457,0.09090909090909091,0.31695331695331697,42.411167512690355,5.8452088452088455
2024-08-02,0,0,0,0,0,0,0,0,0,0,0,0,2024,8,2,4,215,31,3,0,0,1,-0.433883739117558,-0.9009688679024191,-0.5307300481619331,-0.8475409228928312,-0.5680647467311556,-0.8229838658936566,-0.8660254037844385,-0.5000000000000004,0.0,2.0,0.0,1.0,1.0,0.0,0.6666666666666666,1.1547005383792517,2.0,2.0,0.2857142857142857,0.7559289460184541,2.0,2.0,0.35714285714285715,0.7449463436684911,5.0,2.0,0.25,0.5853140973807083,7.0,2.0,0.2857142857142857,0.6241877839323597,16.0,2.0,0.2976190476190476,0.6903772655508316,25.0,4.0,0.0,-1.0,0.0,407,0.35872235872235875,0.1891891891891892,0.31203931203931207,0.2457002457002457,0.09090909090909091,0.31695331695331697,42.411167512690355,5.8452088452088455
2024-08-03,0,0,0,0,0,0,0,0,0,0,0,0,2024,8,3,5,216,31,3,1,0,0,-0.9749279121818236,-0.2225209339563146,-0.5452404385406507,-0.8382797052177745,-0.5680647467311556,-0.8229838658936566,-0.8660254037844385,-0.5000000000000004,0.0,0.0,2.0,0.0,0.0,0.0,0.0,0.0,0.0,0.0,0.2857142857142857,0.7559289460184541,2.0,2.0,0.35714285714285715,0.7449463436684911,5.0,2.0,0.25,0.5853140973807083,7.0,2.0,0.2857142857142857,0.6241877839323597,16.0,2.0,0.25,0.5569927861789788,21.0,2.0,0.0,0.0,0.0,407,0.35872235872235875,0.1891891891891892,0.31203931203931207,0.2457002457002457,0.09090909090909091,0.31695331695331697,42.411167512690355,5.8452088452088455
2024-08-04,0,0,0,0,0,0,0,0,0,0,0,0,2024,8,4,6,217,31,3,1,0,0,-0.7818314824680299,0.6234898018587334,-0.5595892624101763,-0.828770087174504,-0.5680647467311556,-0.8229838658936566,-0.8660254037844385,-0.5000000000000004,0.0,0.0,0.0,0.0,2.0,0.0,0.0,0.0,0.0,0.0,0.2857142857142857,0.7559289460184541,2.0,2.0,0.21428571428571427,0.5789342235218383,3.0,2.0,0.25,0.5853140973807083,7.0,2.0,0.2857142857142857,0.6241877839323597,16.0,2.0,0.25,0.5569927861789788,21.0,2.0,0.0,0.0,0.0,407,0.35872235872235875,0.1891891891891892,0.31203931203931207,0.2457002457002457,0.09090909090909091,0.31695331695331697,42.411167512690355,5.8452088452088455
2024-08-05,0,0,0,0,0,0,0,0,0,0,0,0,2024,8,5,0,218,32,3,0,1,0,0.0,1.0,-0.5737722679043243,-0.8190148866680802,-0.663122658240795,-0.7485107481711013,-0.8660254037844385,-0.5000000000000004,0.0,0.0,0.0,0.0,0.0,0.0,0.0,0.0,0.0,0.0,0.2857142857142857,0.7559289460184541,2.0,2.0,0.21428571428571427,0.5789342235218383,3.0,2.0,0.25,0.5853140973807083,7.0,2.0,0.2857142857142857,0.6241877839323597,16.0,2.0,0.23809523809523808,0.5514285417019661,20.0,2.0,0.0,0.0,0.0,407,0.35872235872235875,0.1891891891891892,0.31203931203931207,0.2457002457002457,0.09090909090909091,0.31695331695331697,42.411167512690355,5.8452088452088455
2024-08-06,0,0,0,0,0,0,0,0,0,0,0,0,2024,8,6,1,219,32,3,0,0,0,0.7818314824680298,0.6234898018587336,-0.5877852522924734,-0.8090169943749472,-0.663122658240795,-0.7485107481711013,-0.8660254037844385,-0.5000000000000004,0.0,0.0,0.0,0.0,0.0,0.0,0.0,0.0,0.0,0.0,0.2857142857142857,0.7559289460184541,2.0,2.0,0.21428571428571427,0.5789342235218383,3.0,2.0,0.25,0.5853140973807083,7.0,2.0,0.2857142857142857,0.6241877839323597,16.0,2.0,0.23809523809523808,0.5514285417019661,20.0,2.0,0.0,0.0,0.0,407,0.35872235872235875,0.1891891891891892,0.31203931203931207,0.2457002457002457,0.09090909090909091,0.31695331695331697,42.411167512690355,5.8452088452088455
2024-08-07,0,0,0,0,0,0,0,0,0,0,0,0,2024,8,7,2,220,32,3,0,0,0,0.9749279121818236,-0.22252093395631434,-0.6016240632249227,-0.7987793728863648,-0.663122658240795,-0.7485107481711013,-0.8660254037844385,-0.5000000000000004,0.0,0.0,0.0,2.0,0.0,0.0,0.0,0.0,0.0,0.0,0.0,0.0,0.0,0.0,0.21428571428571427,0.5789342235218383,3.0,2.0,0.25,0.5853140973807083,7.0,2.0,0.25,0.5799686511904215,14.0,2.0,0.23809523809523808,0.5514285417019661,20.0,2.0,0.0,-2.0,0.0,407,0.35872235872235875,0.1891891891891892,0.31203931203931207,0.2457002457002457,0.09090909090909091,0.31695331695331697,42.411167512690355,5.8452088452088455
2024-08-08,1,0,0,1,0,0,0,0,3,0,0,0,2024,8,8,3,221,32,3,0,0,0,0.43388373911755823,-0.900968867902419,-0.6152845999633277,-0.7883050558305253,-0.663122658240795,-0.7485107481711013,-0.8660254037844385,-0.5000000000000004,0.0,0.0,0.0,0.0,0.0,0.0,0.3333333333333333,0.5773502691896255,1.0,1.0,0.14285714285714285,0.3779644730092266,1.0,1.0,0.2857142857142857,0.6112498455021255,4.0,2.0,0.2857142857142857,0.5998236072282921,8.0,2.0,0.26785714285714285,0.5874775486177073,15.0,2.0,0.25,0.5569927861789788,21.0,2.0,1.0,1.0,1.0,407,0.35872235872235875,0.1891891891891892,0.31203931203931207,0.2457002457002457,0.09090909090909091,0.31695331695331697,42.411167512690355,5.8452088452088455
2024-08-09,1,1,0,1,0,0,0,0,2,0,0,0,2024,8,9,4,222,32,3,0,0,1,-0.433883739117558,-0.9009688679024191,-0.6287628145958345,-0.7775971469736268,-0.663122658240795,-0.7485107481711013,-0.8660254037844385,-0.5000000000000004,1.0,0.0,0.0,0.0,1.0,0.0,0.6666666666666666,0.5773502691896262,2.0,1.0,0.2857142857142857,0.48795003647426605,2.0,1.0,0.2857142857142857,0.6112498455021255,4.0,2.0,0.32142857142857145,0.6118321864193031,9.0,2.0,0.2857142857142857,0.5943456513231621,16.0,2.0,0.2619047619047619,0.5622469469678261,22.0,2.0,0.0,1.0,1.0,407,0.35872235872235875,0.1891891891891892,0.31203931203931207,0.2457002457002457,0.09090909090909091,0.31695331695331697,42.411167512690355,5.8452088452088455
2024-08-10,0,0,0,0,0,0,0,0,0,0,0,0,2024,8,10,5,223,32,3,1,0,0,-0.9749279121818236,-0.2225209339563146,-0.6420547132365636,-0.7666588193001592,-0.663122658240795,-0.7485107481711013,-0.8660254037844385,-0.5000000000000004,1.0,1.0,0.0,0.0,0.0,1.0,0.6666666666666666,0.5773502691896262,2.0,1.0,0.2857142857142857,0.48795003647426605,2.0,1.0,0.2857142857142857,0.6112498455021255,4.0,2.0,0.2857142857142857,0.5998236072282921,8.0,2.0,0.2857142857142857,0.5943456513231621,16.0,2.0,0.2619047619047619,0.5622469469678261,22.0,2.0,-1.0,0.0,-1.0,407,0.35872235872235875,0.1891891891891892,0.31203931203931207,0.2457002457002457,0.09090909090909091,0.31695331695331697,42.411167512690355,5.8452088452088455
2024-08-11,2,0,2,0,0,0,0,0,4,0,0,2,2024,8,11,6,224,32,3,1,0,0,-0.7818314824680299,0.6234898018587334,-0.655156357209085,-0.7554933140726804,-0.663122658240795,-0.7485107481711013,-0.8660254037844385,-0.5000000000000004,0.0,1.0,1.0,0.0,0.0,0.0,1.0,1.0000000000000007,3.0,2.0,0.5714285714285714,0.7867957924694426,4.0,2.0,0.42857142857142855,0.7559289460184535,6.0,2.0,0.35714285714285715,0.6784669927988103,10.0,2.0,0.32142857142857145,0.6355282085762239,18.0,2.0,0.2857142857142857,0.5925527493458409,24.0,2.0,2.0,2.0,2.0,407,0.35872235872235875,0.1891891891891892,0.31203931203931207,0.2457002457002457,0.09090909090909091,0.31695331695331697,42.411167512690355,5.8452088452088455
2024-08-12,0,0,0,0,0,0,0,0,0,0,0,0,2024,8,12,0,225,33,3,0,1,0,0.0,1.0,-0.6680638642135333,-0.7441039398713608,-0.7485107481711011,-0.6631226582407952,-0.8660254037844385,-0.5000000000000004,2.0,0.0,1.0,0.0,0.0,0.0,0.6666666666666666,1.1547005383792517,2.0,2.0,0.5714285714285714,0.7867957924694426,4.0,2.0,0.42857142857142855,0.7559289460184535,6.0,2.0,0.35714285714285715,0.6784669927988103,10.0,2.0,0.32142857142857145,0.6355282085762239,18.0,2.0,0.2857142857142857,0.5925527493458409,24.0,2.0,-2.0,0.0,0.0,407,0.35872235872235875,0.1891891891891892,0.31203931203931207,0.2457002457002457,0.09090909090909091,0.31695331695331697,42.411167512690355,5.8452088452088455
2024-08-13,0,0,0,0,0,0,0,0,0,0,0,0,2024,8,13,1,226,33,3,0,0,0,0.7818314824680298,0.6234898018587336,-0.6807734094770159,-0.7324940716135792,-0.7485107481711011,-0.6631226582407952,-0.8660254037844385,-0.5000000000000004,0.0,2.0,0.0,0.0,0.0,0.0,0.6666666666666666,1.1547005383792517,2.0,2.0,0.5714285714285714,0.7867957924694426,4.0,2.0,0.42857142857142855,0.7559289460184535,6.0,2.0,0.35714285714285715,0.6784669927988103,10.0,2.0,0.32142857142857145,0.6355282085762239,18.0,2.0,0.27380952380952384,0.5880576661377563,23.0,2.0,0.0,0.0,0.0,407,0.35872235872235875,0.1891891891891892,0.31203931203931207,0.2457002457002457,0.09090909090909091,0.31695331695331697,42.411167512690355,5.8452088452088455
2024-08-14,0,0,0,0,0,0,0,0,0,0,0,0,2024,8,14,2,227,33,3,0,0,0,0.9749279121818236,-0.22252093395631434,-0.6932812268869771,-0.7206671495538615,-0.7485107481711011,-0.6631226582407952,-0.8660254037844385,-0.5000000000000004,0.0,0.0,2.0,0.0,2.0,0.0,0.0,0.0,0.0,0.0,0.5714285714285714,0.7867957924694426,4.0,2.0,0.2857142857142857,0.6112498455021255,4.0,2.0,0.35714285714285715,0.6784669927988103,10.0,2.0,0.32142857142857145,0.6355282085762239,18.0,2.0,0.27380952380952384,0.5880576661377563,23.0,2.0,0.0,0.0,0.0,407,0.35872235872235875,0.1891891891891892,0.31203931203931207,0.2457002457002457,0.09090909090909091,0.31695331695331697,42.411167512690355,5.8452088452088455
2024-08-15,0,0,0,0,0,0,0,0,0,0,0,0,2024,8,15,3,228,33,3,0,0,0,0.43388373911755823,-0.900968867902419,-0.7055836101071774,-0.70862667826446,-0.7485107481711011,-0.6631226582407952,-0.8660254037844385,-0.5000000000000004,0.0,0.0,0.0,1.0,0.0,0.0,0.0,0.0,0.0,0.0,0.42857142857142855,0.7867957924694428,3.0,2.0,0.2857142857142857,0.6112498455021255,4.0,2.0,0.35714285714285715,0.6784669927988103,10.0,2.0,0.2857142857142857,0.5943456513231621,16.0,2.0,0.27380952380952384,0.5880576661377563,23.0,2.0,0.0,-1.0,0.0,407,0.35872235872235875,0.1891891891891892,0.31203931203931207,0.2457002457002457,0.09090909090909091,0.31695331695331697,42.411167512690355,5.8452088452088455
2024-08-16,0,0,0,0,0,0,0,0,0,0,0,0,2024,8,16,4,229,33,3,0,0,1,-0.433883739117558,-0.9009688679024191,-0.7176769136759615,-0.6963762255968726,-0.7485107481711011,-0.6631226582407952,-0.8660254037844385,-0.5000000000000004,0.0,0.0,0.0,1.0,0.0,1.0,0.0,0.0,0.0,0.0,0.2857142857142857,0.7559289460184541,2.0,2.0,0.2857142857142857,0.6112498455021255,4.0,2.0,0.32142857142857145,0.669636243353583,9.0,2.0,0.2857142857142857,0.5943456513231621,16.0,2.0,0.27380952380952384,0.5880576661377563,23.0,2.0,0.0,-1.0,-1.0,407,0.35872235872235875,0.1891891891891892,0.31203931203931207,0.2457002457002457,0.09090909090909091,0.31695331695331697,42.411167512690355,5.8452088452088455
2024-08-17,0,0,0,0,0,0,0,0,0,0,0,0,2024,8,17,5,230,33,3,1,0,0,-0.9749279121818236,-0.2225209339563146,-0.7295575540864876,-0.6839194216246105,-0.7485107481711011,-0.6631226582407952,-0.8660254037844385,-0.5000000000000004,0.0,0.0,0.0,0.0,0.0,0.0,0.0,0.0,0.0,0.0,0.2857142857142857,0.7559289460184541,2.0,2.0,0.2857142857142857,0.6112498455021255,4.0,2.0,0.32142857142857145,0.669636243353583,9.0,2.0,0.2857142857142857,0.5943456513231621,16.0,2.0,0.27380952380952384,0.5880576661377563,23.0,2.0,0.0,0.0,0.0,407,0.35872235872235875,0.1891891891891892,0.31203931203931207,0.2457002457002457,0.09090909090909091,0.31695331695331697,42.411167512690355,5.8452088452088455
2024-08-18,0,0,0,0,0,0,0,0,0,0,0,0,2024,8,18,6,231,33,3,1,0,0,-0.7818314824680299,0.6234898018587334,-0.7412220108485957,-0.6712599575675315,-0.7485107481711011,-0.6631226582407952,-0.8660254037844385,-0.5000000000000004,0.0,0.0,0.0,2.0,0.0,2.0,0.0,0.0,0.0,0.0,0.0,0.0,0.0,0.0,0.2857142857142857,0.6112498455021255,4.0,2.0,0.25,0.5853140973807082,7.0,2.0,0.2857142857142857,0.5943456513231621,16.0,2.0,0.27380952380952384,0.5880576661377563,23.0,2.0,0.0,-2.0,-2.0,407,0.35872235872235875,0.1891891891891892,0.31203931203931207,0.2457002457002457,0.09090909090909091,0.31695331695331697,42.411167512690355,5.8452088452088455
2024-08-19,0,0,0,0,0,0,0,0,0,0,0,0,2024,8,19,0,232,34,3,0,1,0,0.0,1.0,-0.7526668275320083,-0.6584015846980489,-0.8229838658936564,-0.5680647467311559,-0.8660254037844385,-0.5000000000000004,0.0,0.0,0.0,0.0,0.0,0.0,0.0,0.0,0.0,0.0,0.0,0.0,0.0,0.0,0.2857142857142857,0.6112498455021255,4.0,2.0,0.25,0.5853140973807082,7.0,2.0,0.26785714285714285,0.5874775486177073,15.0,2.0,0.27380952380952384,0.5880576661377563,23.0,2.0,0.0,0.0,0.0,407,0.35872235872235875,0.1891891891891892,0.31203931203931207,0.2457002457002457,0.09090909090909091,0.31695331695331697,42.411167512690355,5.8452088452088455
2024-08-20,0,0,0,0,0,0,0,0,0,0,0,0,2024,8,20,1,233,34,3,0,0,0,0.7818314824680298,0.6234898018587336,-0.7638886127905429,-0.64534811322955,-0.8229838658936564,-0.5680647467311559,-0.8660254037844385,-0.5000000000000004,0.0,0.0,0.0,0.0,0.0,0.0,0.0,0.0,0.0,0.0,0.0,0.0,0.0,0.0,0.2857142857142857,0.6112498455021255,4.0,2.0,0.25,0.5853140973807082,7.0,2.0,0.26785714285714285,0.5874775486177073,15.0,2.0,0.27380952380952384,0.5880576661377563,23.0,2.0,0.0,0.0,0.0,407,0.35872235872235875,0.1891891891891892,0.31203931203931207,0.2457002457002457,0.09090909090909091,0.31695331695331697,42.411167512690355,5.8452088452088455
2024-08-21,0,0,0,0,0,0,0,0,0,0,0,0,2024,8,21,2,234,34,3,0,0,0,0.9749279121818236,-0.22252093395631434,-0.7748840413670406,-0.6321034111873488,-0.8229838658936564,-0.5680647467311559,-0.8660254037844385,-0.5000000000000004,0.0,0.0,0.0,0.0,0.0,0.0,0.0,0.0,0.0,0.0,0.0,0.0,0.0,0.0,0.2857142857142857,0.6112498455021255,4.0,2.0,0.25,0.5853140973807082,7.0,2.0,0.25,0.5799686511904215,14.0,2.0,0.2619047619047619,0.5832821057745643,22.0,2.0,0.0,0.0,0.0,407,0.35872235872235875,0.1891891891891892,0.31203931203931207,0.2457002457002457,0.09090909090909091,0.31695331695331697,42.411167512690355,5.8452088452088455
2024-08-22,4,3,0,1,0,4,0,1,7,0,0,0,2024,8,22,3,235,34,3,0,0,0,0.43388373911755823,-0.900968867902419,-0.7856498550787144,-0.6186714032625032,-0.8229838658936564,-0.5680647467311559,-0.8660254037844385,-0.5000000000000004,0.0,0.0,0.0,0.0,1.0,0.0,1.3333333333333333,2.3094010767585034,4.0,4.0,0.5714285714285714,1.5118578920369088,4.0,4.0,0.5,1.1602387022306422,7.0,4.0,0.39285714285714285,0.9164862737363231,11.0,4.0,0.30357142857142855,0.7608522221141925,17.0,4.0,0.30952380952380953,0.7109503308391186,26.0,4.0,4.0,4.0,4.0,407,0.35872235872235875,0.1891891891891892,0.31203931203931207,0.2457002457002457,0.09090909090909091,0.31695331695331697,42.411167512690355,5.8452088452088455
2024-08-23,0,0,0,0,0,0,0,0,0,0,0,0,2024,8,23,4,236,34,3,0,0,1,-0.433883739117558,-0.9009688679024191,-0.7961828637826154,-0.6050560696488494,-0.8229838658936564,-0.5680647467311559,-0.8660254037844385,-0.5000000000000004,4.0,0.0,0.0,0.0,1.0,1.0,1.3333333333333333,2.3094010767585034,4.0,4.0,0.5714285714285714,1.5118578920369088,4.0,4.0,0.42857142857142855,1.1578684470436782,6.0,4.0,0.35714285714285715,0.9114207758701967,10.0,4.0,0.30357142857142855,0.7608522221141925,17.0,4.0,0.2976190476190476,0.7076137041717127,25.0,4.0,-4.0,0.0,-1.0,407,0.35872235872235875,0.1891891891891892,0.31203931203931207,0.2457002457002457,0.09090909090909091,0.31695331695331697,42.411167512690355,5.8452088452088455
2024-08-24,1,0,1,0,0,0,0,0,3,0,0,1,2024,8,24,5,237,34,3,1,0,0,-0.9749279121818236,-0.2225209339563146,-0.8064799463209447,-0.5912614448635782,-0.8229838658936564,-0.5680647467311559,-0.8660254037844385,-0.5000000000000004,0.0,4.0,0.0,0.0,0.0,0.0,1.6666666666666667,2.081665999466133,5.0,4.0,0.7142857142857143,1.496026483086191,5.0,4.0,0.5,1.1602387022306422,7.0,4.0,0.39285714285714285,0.9164862737363231,11.0,4.0,0.32142857142857145,0.7653197277702217,18.0,4.0,0.30952380952380953,0.7109503308391186,26.0,4.0,1.0,1.0,1.0,407,0.35872235872235875,0.1891891891891892,0.31203931203931207,0.2457002457002457,0.09090909090909091,0.31695331695331697,42.411167512690355,5.8452088452088455
2024-08-25,0,0,0,0,0,0,0,0,0,0,0,0,2024,8,25,6,238,34,3,1,0,0,-0.7818314824680299,0.6234898018587334,-0.8165380514459157,-0.5772916165517278,-0.8229838658936564,-0.5680647467311559,-0.8660254037844385,-0.5000000000000004,1.0,0.0,4.0,0.0,2.0,0.0,0.3333333333333333,0.5773502691896247,1.0,1.0,0.7142857142857143,1.496026483086191,5.0,4.0,0.35714285714285715,1.0818177620697809,5.0,4.0,0.39285714285714285,0.9164862737363231,11.0,4.0,0.32142857142857145,0.7653197277702217,18.0,4.0,0.2976190476190476,0.7076137041717127,25.0,4.0,-1.0,0.0,0.0,407,0.35872235872235875,0.1891891891891892,0.31203931203931207,0.2457002457002457,0.09090909090909091,0.31695331695331697,42.411167512690355,5.8452088452088455
2024-08-26,4,2,0,2,0,0,0,0,8,0,0,0,2024,8,26,0,239,35,3,0,1,0,0.0,1.0,-0.8263541987239094,-0.5631507242749187,-0.8854560256532096,-0.4647231720437691,-0.8660254037844385,-0.5000000000000004,0.0,1.0,0.0,0.0,0.0,0.0,1.6666666666666667,2.081665999466133,5.0,4.0,1.2857142857142858,1.8898223650461359,9.0,4.0,0.6428571428571429,1.4468609447374656,9.0,4.0,0.5357142857142857,1.1379690439434393,15.0,4.0,0.39285714285714285,0.9081163607574335,22.0,4.0,0.34523809523809523,0.8139454352371024,29.0,4.0,4.0,4.0,4.0,407,0.35872235872235875,0.1891891891891892,0.31203931203931207,0.2457002457002457,0.09090909090909091,0.31695331695331697,42.411167512690355,5.8452088452088455
2024-08-27,0,0,0,0,0,0,0,0,0,0,0,0,2024,8,27,1,240,35,3,0,0,0,0.7818314824680298,0.6234898018587336,-0.8359254794186365,-0.5488429582847199,-0.8854560256532096,-0.4647231720437691,-0.8660254037844385,-0.5000000000000004,4.0,0.0,1.0,0.0,0.0,0.0,1.3333333333333333,2.3094010767585034,4.0,4.0,1.2857142857142858,1.8898223650461359,9.0,4.0,0.6428571428571429,1.4468609447374656,9.0,4.0,0.5357142857142857,1.1379690439434393,15.0,4.0,0.39285714285714285,0.9081163607574335,22.0,4.0,0.34523809523809523,0.8139454352371024,29.0,4.0,-4.0,0.0,0.0,407,0.35872235872235875,0.1891891891891892,0.31203931203931207,0.2457002457002457,0.09090909090909091,0.31695331695331697,42.411167512690355,5.8452088452088455
2024-08-28,0,0,0,0,0,0,0,0,0,0,0,0,2024,8,28,2,241,35,3,0,0,0,0.9749279121818236,-0.22252093395631434,-0.8452490573530634,-0.5343725582809785,-0.8854560256532096,-0.4647231720437691,-0.8660254037844385,-0.5000000000000004,0.0,4.0,0.0,0.0,0.0,2.0,1.3333333333333333,2.3094010767585034,4.0,4.0,1.2857142857142858,1.8898223650461359,9.0,4.0,0.6428571428571429,1.4468609447374656,9.0,4.0,0.4642857142857143,1.1049431980420854,13.0,4.0,0.35714285714285715,0.8827348295047499,20.0,4.0,0.34523809523809523,0.8139454352371024,29.0,4.0,0.0,0.0,-2.0,407,0.35872235872235875,0.1891891891891892,0.31203931203931207,0.2457002457002457,0.09090909090909091,0.31695331695331697,42.411167512690355,5.8452088452088455
2024-08-29,0,0,0,0,0,0,0,0,0,0,0,0,2024,8,29,3,242,35,3,0,0,0,0.43388373911755823,-0.900968867902419,-0.8543221697498269,-0.5197438121555157,-0.8854560256532096,-0.4647231720437691,-0.8660254037844385,-0.5000000000000004,0.0,0.0,4.0,4.0,0.0,0.0,0.0,0.0,0.0,0.0,0.7142857142857143,1.4960264830861911,5.0,4.0,0.6428571428571429,1.4468609447374656,9.0,4.0,0.4642857142857143,1.1049431980420854,13.0,4.0,0.35714285714285715,0.8827348295047499,20.0,4.0,0.34523809523809523,0.8139454352371024,29.0,4.0,0.0,-4.0,0.0,407,0.35872235872235875,0.1891891891891892,0.31203931203931207,0.2457002457002457,0.09090909090909091,0.31695331695331697,42.411167512690355,5.8452088452088455
2024-08-30,0,0,0,0,0,0,0,0,0,0,0,0,2024,8,30,4,243,35,3,0,0,1,-0.433883739117558,-0.9009688679024191,-0.8631421280499115,-0.5049610547215202,-0.8854560256532096,-0.4647231720437691,-0.8660254037844385,-0.5000000000000004,0.0,0.0,0.0,0.0,0.0,0.0,0.0,0.0,0.0,0.0,0.7142857142857143,1.4960264830861911,5.0,4.0,0.6428571428571429,1.4468609447374656,9.0,4.0,0.4642857142857143,1.1049431980420854,13.0,4.0,0.35714285714285715,0.8827348295047499,20.0,4.0,0.34523809523809523,0.8139454352371024,29.0,4.0,0.0,0.0,0.0,407,0.35872235872235875,0.1891891891891892,0.31203931203931207,0.2457002457002457,0.09090909090909091,0.31695331695331697,42.411167512690355,5.8452088452088455
2024-08-31,0,0,0,0,0,0,0,0,0,0,0,0,2024,8,31,5,244,35,3,1,0,0,-0.9749279121818236,-0.2225209339563146,-0.8717063187093217,-0.4900286664290594,-0.8854560256532096,-0.4647231720437691,-0.8660254037844385,-0.5000000000000004,0.0,0.0,0.0,1.0,0.0,0.0,0.0,0.0,0.0,0.0,0.5714285714285714,1.5118578920369088,4.0,4.0,0.6428571428571429,1.4468609447374656,9.0,4.0,0.4642857142857143,1.1049431980420854,13.0,4.0,0.35714285714285715,0.8827348295047499,20.0,4.0,0.34523809523809523,0.8139454352371024,29.0,4.0,0.0,-1.0,0.0,407,0.35872235872235875,0.1891891891891892,0.31203931203931207,0.2457002457002457,0.09090909090909091,0.31695331695331697,42.411167512690355,5.8452088452088455
2024-09-01,0,0,0,0,0,0,0,0,0,0,0,0,2024,9,1,6,245,35,3,1,0,0,-0.7818314824680299,0.6234898018587334,-0.8800122039735356,-0.4749510720670502,-0.8854560256532096,-0.4647231720437691,-1.0,-1.8369701987210297e-16,0.0,0.0,0.0,0.0,0.0,0.0,0.0,0.0,0.0,0.0,0.5714285714285714,1.5118578920369088,4.0,4.0,0.6428571428571429,1.4468609447374656,9.0,4.0,0.4642857142857143,1.1049431980420854,13.0,4.0,0.35714285714285715,0.8827348295047499,20.0,4.0,0.34523809523809523,0.8139454352371024,29.0,4.0,0.0,0.0,0.0,407,0.35872235872235875,0.1891891891891892,0.31203931203931207,0.2457002457002457,0.09090909090909091,0.31695331695331697,42.411167512690355,5.8452088452088455
2024-09-02,0,0,0,0,0,0,0,0,0,0,0,0,2024,9,2,0,246,36,3,0,1,0,0.0,1.0,-0.888057322629493,-0.4597327394521046,-0.9350162426854147,-0.3546048870425359,-1.0,-1.8369701987210297e-16,0.0,0.0,0.0,4.0,0.0,0.0,0.0,0.0,0.0,0.0,0.0,0.0,0.0,0.0,0.6428571428571429,1.4468609447374656,9.0,4.0,0.4642857142857143,1.1049431980420854,13.0,4.0,0.35714285714285715,0.8827348295047499,20.0,4.0,0.34523809523809523,0.8139454352371024,29.0,4.0,0.0,-4.0,0.0,407,0.35872235872235875,0.1891891891891892,0.31203931203931207,0.2457002457002457,0.09090909090909091,0.31695331695331697,42.411167512690355,5.8452088452088455
2024-09-03,0,0,0,0,0,0,0,0,0,0,0,0,2024,9,3,1,247,36,3,0,0,0,0.7818314824680298,0.6234898018587336,-0.8958392907349089,-0.4443781781046134,-0.9350162426854147,-0.3546048870425359,-1.0,-1.8369701987210297e-16,0.0,0.0,0.0,0.0,0.0,0.0,0.0,0.0,0.0,0.0,0.0,0.0,0.0,0.0,0.6428571428571429,1.4468609447374656,9.0,4.0,0.4642857142857143,1.1049431980420854,13.0,4.0,0.35714285714285715,0.8827348295047499,20.0,4.0,0.34523809523809523,0.8139454352371024,29.0,4.0,0.0,0.0,0.0,407,0.35872235872235875,0.1891891891891892,0.31203931203931207,0.2457002457002457,0.09090909090909091,0.31695331695331697,42.411167512690355,5.8452088452088455
2024-09-04,0,0,0,0,0,0,0,0,0,0,0,0,2024,9,4,2,248,36,3,0,0,0,0.9749279121818236,-0.22252093395631434,-0.9033558023246842,-0.4288919379124841,-0.9350162426854147,-0.3546048870425359,-1.0,-1.8369701987210297e-16,0.0,0.0,0.0,0.0,0.0,0.0,0.0,0.0,0.0,0.0,0.0,0.0,0.0,0.0,0.6428571428571429,1.4468609447374656,9.0,4.0,0.4642857142857143,1.1049431980420854,13.0,4.0,0.35714285714285715,0.8827348295047499,20.0,4.0,0.32142857142857145,0.7939638892840726,27.0,4.0,0.0,0.0,0.0,407,0.35872235872235875,0.1891891891891892,0.31203931203931207,0.2457002457002457,0.09090909090909091,0.31695331695331697,42.411167512690355,5.8452088452088455
2024-09-05,0,0,0,0,0,0,0,0,0,0,0,0,2024,9,5,3,249,36,3,0,0,0,0.43388373911755823,-0.900968867902419,-0.9106046300942162,-0.41327860778290443,-0.9350162426854147,-0.3546048870425359,-1.0,-1.8369701987210297e-16,0.0,0.0,0.0,0.0,4.0,1.0,0.0,0.0,0.0,0.0,0.0,0.0,0.0,0.0,0.35714285714285715,1.0818177620697809,5.0,4.0,0.42857142857142855,1.1031460542154956,12.0,4.0,0.35714285714285715,0.8827348295047499,20.0,4.0,0.32142857142857145,0.7939638892840726,27.0,4.0,0.0,0.0,-1.0,407,0.35872235872235875,0.1891891891891892,0.31203931203931207,0.2457002457002457,0.09090909090909091,0.31695331695331697,42.411167512690355,5.8452088452088455
2024-09-06,0,0,0,0,0,0,0,0,0,0,0,0,2024,9,6,4,250,36,3,0,0,1,-0.433883739117558,-0.9009688679024191,-0.9175836260593934,-0.3975428142825566,-0.9350162426854147,-0.3546048870425359,-1.0,-1.8369701987210297e-16,0.0,0.0,0.0,0.0,0.0,1.0,0.0,0.0,0.0,0.0,0.0,0.0,0.0,0.0,0.35714285714285715,1.0818177620697809,5.0,4.0,0.39285714285714285,1.1001442906807548,11.0,4.0,0.35714285714285715,0.8827348295047499,20.0,4.0,0.32142857142857145,0.7939638892840726,27.0,4.0,0.0,0.0,-1.0,407,0.35872235872235875,0.1891891891891892,0.31203931203931207,0.2457002457002457,0.09090909090909091,0.31695331695331697,42.411167512690355,5.8452088452088455
2024-09-07,0,0,0,0,0,0,0,0,0,0,0,0,2024,9,7,5,251,36,3,1,0,0,-0.9749279121818236,-0.2225209339563146,-0.9242907221930934,-0.3816892202666586,-0.9350162426854147,-0.3546048870425359,-1.0,-1.8369701987210297e-16,0.0,0.0,0.0,0.0,1.0,0.0,0.0,0.0,0.0,0.0,0.0,0.0,0.0,0.0,0.2857142857142857,1.069044967649697,4.0,4.0,0.39285714285714285,1.1001442906807548,11.0,4.0,0.3392857142857143,0.8796029210395445,19.0,4.0,0.32142857142857145,0.7939638892840726,27.0,4.0,0.0,0.0,0.0,407,0.35872235872235875,0.1891891891891892,0.31203931203931207,0.2457002457002457,0.09090909090909091,0.31695331695331697,42.411167512690355,5.8452088452088455
2024-09-08,0,0,0,0,0,0,0,0,0,0,0,0,2024,9,8,6,252,36,3,1,0,0,-0.7818314824680299,0.6234898018587334,-0.9307239310379793,-0.3657225234972692,-0.9350162426854147,-0.3546048870425359,-1.0,-1.8369701987210297e-16,0.0,0.0,0.0,0.0,0.0,2.0,0.0,0.0,0.0,0.0,0.0,0.0,0.0,0.0,0.2857142857142857,1.069044967649697,4.0,4.0,0.32142857142857145,1.0559731838826996,9.0,4.0,0.3392857142857143,0.8796029210395445,19.0,4.0,0.32142857142857145,0.7939638892840726,27.0,4.0,0.0,0.0,-2.0,407,0.35872235872235875,0.1891891891891892,0.31203931203931207,0.2457002457002457,0.09090909090909091,0.31695331695331697,42.411167512690355,5.8452088452088455
2024-09-09,0,0,0,0,0,0,0,0,0,0,0,0,2024,9,9,0,253,37,3,0,1,0,0.0,1.0,-0.9368813462954315,-0.34964745525122826,-0.970941817426052,-0.23931566428755774,-1.0,-1.8369701987210297e-16,0.0,0.0,0.0,0.0,4.0,0.0,0.0,0.0,0.0,0.0,0.0,0.0,0.0,0.0,0.0,0.0,0.0,0.0,0.32142857142857145,1.0559731838826996,9.0,4.0,0.3392857142857143,0.8796029210395445,19.0,4.0,0.32142857142857145,0.7939638892840726,27.0,4.0,0.0,0.0,0.0,407,0.35872235872235875,0.1891891891891892,0.31203931203931207,0.2457002457002457,0.09090909090909091,0.31695331695331697,42.411167512690355,5.8452088452088455
2024-09-10,0,0,0,0,0,0,0,0,0,0,0,0,2024,9,10,1,254,37,3,0,0,0,0.7818314824680298,0.6234898018587336,-0.9427611433904206,-0.33346877891818705,-0.970941817426052,-0.23931566428755774,-1.0,-1.8369701987210297e-16,0.0,0.0,0.0,0.0,0.0,0.0,0.0,0.0,0.0,0.0,0.0,0.0,0.0,0.0,0.0,0.0,0.0,0.0,0.32142857142857145,1.0559731838826996,9.0,4.0,0.3392857142857143,0.8796029210395445,19.0,4.0,0.32142857142857145,0.7939638892840726,27.0,4.0,0.0,0.0,0.0,407,0.35872235872235875,0.1891891891891892,0.31203931203931207,0.2457002457002457,0.09090909090909091,0.31695331695331697,42.411167512690355,5.8452088452088455
2024-09-11,0,0,0,0,0,0,0,0,0,0,0,0,2024,9,11,2,255,37,3,0,0,0,0.9749279121818236,-0.22252093395631434,-0.9483615800121716,-0.31719128858910595,-0.970941817426052,-0.23931566428755774,-1.0,-1.8369701987210297e-16,0.0,0.0,0.0,0.0,0.0,0.0,0.0,0.0,0.0,0.0,0.0,0.0,0.0,0.0,0.0,0.0,0.0,0.0,0.32142857142857145,1.0559731838826996,9.0,4.0,0.3392857142857143,0.8796029210395445,19.0,4.0,0.32142857142857145,0.7939638892840726,27.0,4.0,0.0,0.0,0.0,407,0.35872235872235875,0.1891891891891892,0.31203931203931207,0.2457002457002457,0.09090909090909091,0.31695331695331697,42.411167512690355,5.8452088452088455
2024-09-12,0,0,0,0,0,0,0,0,0,0,0,0,2024,9,12,3,256,37,3,0,0,0,0.43388373911755823,-0.900968867902419,-0.9536809966304455,-0.300819807635668,-0.970941817426052,-0.23931566428755774,-1.0,-1.8369701987210297e-16,0.0,0.0,0.0,0.0,0.0,0.0,0.0,0.0,0.0,0.0,0.0,0.0,0.0,0.0,0.0,0.0,0.0,0.0,0.32142857142857145,1.0559731838826996,9.0,4.0,0.3392857142857143,0.8796029210395445,19.0,4.0,0.2976190476190476,0.7727242046812607,25.0,4.0,0.0,0.0,0.0,407,0.35872235872235875,0.1891891891891892,0.31203931203931207,0.2457002457002457,0.09090909090909091,0.31695331695331697,42.411167512690355,5.8452088452088455
2024-09-13,1,1,0,1,0,0,0,0,2,1,1,0,2024,9,13,4,257,37,3,0,0,1,-0.433883739117558,-0.9009688679024191,-0.9587178169872964,-0.2843591872810036,-0.970941817426052,-0.23931566428755774,-1.0,-1.8369701987210297e-16,0.0,0.0,0.0,0.0,0.0,0.0,0.3333333333333333,0.5773502691896248,1.0,1.0,0.14285714285714285,0.3779644730092275,1.0,1.0,0.07142857142857142,0.2672612419124218,1.0,1.0,0.35714285714285715,1.0615950861718075,10.0,4.0,0.3392857142857143,0.8796029210395445,19.0,4.0,0.30952380952380953,0.7757808421770461,26.0,4.0,1.0,1.0,1.0,407,0.35872235872235875,0.1891891891891892,0.31203931203931207,0.2457002457002457,0.09090909090909091,0.31695331695331697,42.411167512690355,5.8452088452088455
2024-09-14,0,0,0,0,0,0,0,0,0,0,0,0,2024,9,14,5,258,37,3,1,0,0,-0.9749279121818236,-0.2225209339563146,-0.9634705485641486,-0.26781430516217486,-0.970941817426052,-0.23931566428755774,-1.0,-1.8369701987210297e-16,1.0,0.0,0.0,0.0,0.0,0.0,0.3333333333333333,0.5773502691896248,1.0,1.0,0.14285714285714285,0.3779644730092275,1.0,1.0,0.07142857142857142,0.2672612419124218,1.0,1.0,0.35714285714285715,1.0615950861718075,10.0,4.0,0.3392857142857143,0.8796029210395445,19.0,4.0,0.30952380952380953,0.7757808421770461,26.0,4.0,-1.0,0.0,0.0,407,0.35872235872235875,0.1891891891891892,0.31203931203931207,0.2457002457002457,0.09090909090909091,0.31695331695331697,42.411167512690355,5.8452088452088455
2024-09-15,0,0,0,0,0,0,0,0,0,0,0,0,2024,9,15,6,259,37,3,1,0,0,-0.7818314824680299,0.6234898018587334,-0.9679377830240642,-0.25119006388481957,-0.970941817426052,-0.23931566428755774,-1.0,-1.8369701987210297e-16,0.0,1.0,0.0,0.0,0.0,0.0,0.3333333333333333,0.5773502691896248,1.0,1.0,0.14285714285714285,0.3779644730092275,1.0,1.0,0.07142857142857142,0.2672612419124218,1.0,1.0,0.35714285714285715,1.0615950861718075,10.0,4.0,0.30357142857142855,0.8510879210461454,17.0,4.0,0.30952380952380953,0.7757808421770461,26.0,4.0,0.0,0.0,0.0,407,0.35872235872235875,0.1891891891891892,0.31203931203931207,0.2457002457002457,0.09090909090909091,0.31695331695331697,42.411167512690355,5.8452088452088455
2024-09-16,0,0,0,0,0,0,0,0,0,0,0,0,2024,9,16,0,260,38,3,0,1,0,0.0,1.0,-0.9721181966290612,-0.23449138957041052,-0.992708874098054,-0.12053668025532357,-1.0,-1.8369701987210297e-16,0.0,0.0,1.0,0.0,0.0,0.0,0.0,0.0,0.0,0.0,0.14285714285714285,0.3779644730092275,1.0,1.0,0.07142857142857142,0.2672612419124218,1.0,1.0,0.35714285714285715,1.0615950861718075,10.0,4.0,0.30357142857142855,0.8510879210461454,17.0,4.0,0.2976190476190476,0.7727242046812607,25.0,4.0,0.0,0.0,0.0,407,0.35872235872235875,0.1891891891891892,0.31203931203931207,0.2457002457002457,0.09090909090909091,0.31695331695331697,42.411167512690355,5.8452088452088455
2024-09-17,0,0,0,0,0,0,0,0,0,0,0,0,2024,9,17,1,261,38,3,0,0,0,0.7818314824680298,0.6234898018587336,-0.9760105506323682,-0.21772323039653224,-0.992708874098054,-0.12053668025532357,-1.0,-1.8369701987210297e-16,0.0,0.0,0.0,0.0,0.0,0.0,0.0,0.0,0.0,0.0,0.14285714285714285,0.3779644730092275,1.0,1.0,0.07142857142857142,0.2672612419124218,1.0,1.0,0.35714285714285715,1.0615950861718075,10.0,4.0,0.30357142857142855,0.8510879210461454,17.0,4.0,0.2976190476190476,0.7727242046812607,25.0,4.0,0.0,0.0,0.0,407,0.35872235872235875,0.1891891891891892,0.31203931203931207,0.2457002457002457,0.09090909090909091,0.31695331695331697,42.411167512690355,5.8452088452088455
2024-09-18,0,0,0,0,0,0,0,0,0,0,0,0,2024,9,18,2,262,38,3,0,0,0,0.9749279121818236,-0.22252093395631434,-0.9796136916454901,-0.20089055513063528,-0.992708874098054,-0.12053668025532357,-1.0,-1.8369701987210297e-16,0.0,0.0,0.0,0.0,0.0,0.0,0.0,0.0,0.0,0.0,0.14285714285714285,0.3779644730092275,1.0,1.0,0.07142857142857142,0.2672612419124218,1.0,1.0,0.35714285714285715,1.0615950861718075,10.0,4.0,0.30357142857142855,0.8510879210461454,17.0,4.0,0.2857142857142857,0.7694690482267637,24.0,4.0,0.0,0.0,0.0,407,0.35872235872235875,0.1891891891891892,0.31203931203931207,0.2457002457002457,0.09090909090909091,0.31695331695331697,42.411167512690355,5.8452088452088455
2024-09-19,0,0,0,0,0,0,0,0,0,0,0,0,2024,9,19,3,263,38,3,0,0,0,0.43388373911755823,-0.900968867902419,-0.9829265519799822,-0.18399835165767986,-0.992708874098054,-0.12053668025532357,-1.0,-1.8369701987210297e-16,0.0,0.0,0.0,0.0,0.0,4.0,0.0,0.0,0.0,0.0,0.14285714285714285,0.3779644730092275,1.0,1.0,0.07142857142857142,0.2672612419124218,1.0,1.0,0.21428571428571427,0.7867957924694435,6.0,4.0,0.30357142857142855,0.8510879210461454,17.0,4.0,0.27380952380952384,0.7660128420105446,23.0,4.0,0.0,0.0,-4.0,407,0.35872235872235875,0.1891891891891892,0.31203931203931207,0.2457002457002457,0.09090909090909091,0.31695331695331697,42.411167512690355,5.8452088452088455
2024-09-20,0,0,0,0,0,0,0,0,0,0,0,0,2024,9,20,4,264,38,3,0,0,1,-0.433883739117558,-0.9009688679024191,-0.9859481499638303,-0.1670516255021195,-0.992708874098054,-0.12053668025532357,-1.0,-1.8369701987210297e-16,0.0,0.0,0.0,1.0,0.0,0.0,0.0,0.0,0.0,0.0,0.0,0.0,0.0,0.0,0.07142857142857142,0.2672612419124218,1.0,1.0,0.21428571428571427,0.7867957924694435,6.0,4.0,0.2857142857142857,0.8466895044129916,16.0,4.0,0.27380952380952384,0.7660128420105446,23.0,4.0,0.0,-1.0,0.0,407,0.35872235872235875,0.1891891891891892,0.31203931203931207,0.2457002457002457,0.09090909090909091,0.31695331695331697,42.411167512690355,5.8452088452088455
2024-09-21,0,0,0,0,0,0,0,0,0,0,0,0,2024,9,21,5,265,38,3,1,0,0,-0.9749279121818236,-0.2225209339563146,-0.9886775902323404,-0.15005539834465262,-0.992708874098054,-0.12053668025532357,-1.0,-1.8369701987210297e-16,0.0,0.0,0.0,0.0,0.0,1.0,0.0,0.0,0.0,0.0,0.0,0.0,0.0,0.0,0.07142857142857142,0.2672612419124218,1.0,1.0,0.17857142857142858,0.7723735149271027,5.0,4.0,0.2857142857142857,0.8466895044129916,16.0,4.0,0.27380952380952384,0.7660128420105446,23.0,4.0,0.0,0.0,-1.0,407,0.35872235872235875,0.1891891891891892,0.31203931203931207,0.2457002457002457,0.09090909090909091,0.31695331695331697,42.411167512690355,5.8452088452088455
2024-09-22,0,0,0,0,0,0,0,0,0,0,0,0,2024,9,22,6,266,38,3,1,0,0,-0.7818314824680299,0.6234898018587334,-0.9911140639934546,-0.13301470653419636,-0.992708874098054,-0.12053668025532357,-1.0,-1.8369701987210297e-16,0.0,0.0,0.0,0.0,0.0,0.0,0.0,0.0,0.0,0.0,0.0,0.0,0.0,0.0,0.07142857142857142,0.2672612419124218,1.0,1.0,0.17857142857142858,0.7723735149271027,5.0,4.0,0.2857142857142857,0.8466895044129916,16.0,4.0,0.27380952380952384,0.7660128420105446,23.0,4.0,0.0,0.0,0.0,407,0.35872235872235875,0.1891891891891892,0.31203931203931207,0.2457002457002457,0.09090909090909091,0.31695331695331697,42.411167512690355,5.8452088452088455
2024-09-23,0,0,0,0,0,0,0,0,0,0,0,0,2024,9,23,0,267,39,3,0,1,0,0.0,1.0,-0.9932568492674143,-0.11593459959550066,-1.0,-1.8369701987210297e-16,-1.0,-1.8369701987210297e-16,0.0,0.0,0.0,0.0,0.0,4.0,0.0,0.0,0.0,0.0,0.0,0.0,0.0,0.0,0.07142857142857142,0.2672612419124218,1.0,1.0,0.03571428571428571,0.1889822365046156,1.0,1.0,0.2857142857142857,0.8466895044129916,16.0,4.0,0.27380952380952384,0.7660128420105446,23.0,4.0,0.0,0.0,-4.0,407,0.35872235872235875,0.1891891891891892,0.31203931203931207,0.2457002457002457,0.09090909090909091,0.31695331695331697,42.411167512690355,5.8452088452088455
2024-09-24,0,0,0,0,0,0,0,0,0,0,0,0,2024,9,24,1,268,39,3,0,0,0,0.7818314824680298,0.6234898018587336,-0.9951053111006974,-0.09882013873287211,-1.0,-1.8369701987210297e-16,-1.0,-1.8369701987210297e-16,0.0,0.0,0.0,0.0,0.0,0.0,0.0,0.0,0.0,0.0,0.0,0.0,0.0,0.0,0.07142857142857142,0.2672612419124218,1.0,1.0,0.03571428571428571,0.1889822365046156,1.0,1.0,0.2857142857142857,0.8466895044129916,16.0,4.0,0.27380952380952384,0.7660128420105446,23.0,4.0,0.0,0.0,0.0,407,0.35872235872235875,0.1891891891891892,0.31203931203931207,0.2457002457002457,0.09090909090909091,0.31695331695331697,42.411167512690355,5.8452088452088455
2024-09-25,0,0,0,0,0,0,0,0,0,0,0,0,2024,9,25,2,269,39,3,0,0,0,0.9749279121818236,-0.22252093395631434,-0.99665890175417,-0.08167639533042288,-1.0,-1.8369701987210297e-16,-1.0,-1.8369701987210297e-16,0.0,0.0,0.0,0.0,0.0,0.0,0.0,0.0,0.0,0.0,0.0,0.0,0.0,0.0,0.07142857142857142,0.2672612419124218,1.0,1.0,0.03571428571428571,0.1889822365046156,1.0,1.0,0.25,0.8146387933534494,14.0,4.0,0.25,0.7424316933409486,21.0,4.0,0.0,0.0,0.0,407,0.35872235872235875,0.1891891891891892,0.31203931203931207,0.2457002457002457,0.09090909090909091,0.31695331695331697,42.411167512690355,5.8452088452088455
2024-09-26,0,0,0,0,0,0,0,0,0,0,0,0,2024,9,26,3,270,39,3,0,0,0,0.43388373911755823,-0.900968867902419,-0.9979171608653922,-0.06450844944931625,-1.0,-1.8369701987210297e-16,-1.0,-1.8369701987210297e-16,0.0,0.0,0.0,0.0,0.0,0.0,0.0,0.0,0.0,0.0,0.0,0.0,0.0,0.0,0.07142857142857142,0.2672612419124218,1.0,1.0,0.03571428571428571,0.1889822365046156,1.0,1.0,0.25,0.8146387933534494,14.0,4.0,0.25,0.7424316933409486,21.0,4.0,0.0,0.0,0.0,407,0.35872235872235875,0.1891891891891892,0.31203931203931207,0.2457002457002457,0.09090909090909091,0.31695331695331697,42.411167512690355,5.8452088452088455
2024-09-27,0,0,0,0,0,0,0,0,0,0,0,0,2024,9,27,4,271,39,3,0,0,1,-0.433883739117558,-0.9009688679024191,-0.9988797155850335,-0.04732138832243232,-1.0,-1.8369701987210297e-16,-1.0,-1.8369701987210297e-16,0.0,0.0,0.0,0.0,1.0,0.0,0.0,0.0,0.0,0.0,0.0,0.0,0.0,0.0,0.0,0.0,0.0,0.0,0.03571428571428571,0.1889822365046156,1.0,1.0,0.25,0.8146387933534494,14.0,4.0,0.25,0.7424316933409486,21.0,4.0,0.0,0.0,0.0,407,0.35872235872235875,0.1891891891891892,0.31203931203931207,0.2457002457002457,0.09090909090909091,0.31695331695331697,42.411167512690355,5.8452088452088455
2024-09-28,0,0,0,0,0,0,0,0,0,0,0,0,2024,9,28,5,272,39,3,1,0,0,-0.9749279121818236,-0.2225209339563146,-0.9995462806873573,-0.03012030484690836,-1.0,-1.8369701987210297e-16,-1.0,-1.8369701987210297e-16,0.0,0.0,0.0,0.0,0.0,0.0,0.0,0.0,0.0,0.0,0.0,0.0,0.0,0.0,0.0,0.0,0.0,0.0,0.03571428571428571,0.1889822365046156,1.0,1.0,0.25,0.8146387933534494,14.0,4.0,0.25,0.7424316933409486,21.0,4.0,0.0,0.0,0.0,407,0.35872235872235875,0.1891891891891892,0.31203931203931207,0.2457002457002457,0.09090909090909091,0.31695331695331697,42.411167512690355,5.8452088452088455
2024-09-29,0,0,0,0,0,0,0,0,0,0,0,0,2024,9,29,6,273,39,3,1,0,0,-0.7818314824680299,0.6234898018587334,-0.9999166586547379,-0.012910296075008843,-1.0,-1.8369701987210297e-16,-1.0,-1.8369701987210297e-16,0.0,0.0,0.0,0.0,0.0,0.0,0.0,0.0,0.0,0.0,0.0,0.0,0.0,0.0,0.0,0.0,0.0,0.0,0.03571428571428571,0.1889822365046156,1.0,1.0,0.25,0.8146387933534494,14.0,4.0,0.25,0.7424316933409486,21.0,4.0,0.0,0.0,0.0,407,0.35872235872235875,0.1891891891891892,0.31203931203931207,0.2457002457002457,0.09090909090909091,0.31695331695331697,42.411167512690355,5.8452088452088455
2024-09-30,2,2,0,0,0,0,0,0,4,0,0,0,2024,9,30,0,274,40,3,0,1,0,0.0,1.0,-0.9999907397361901,0.004303538296243821,-0.992708874098054,0.1205366802553232,-1.0,-1.8369701987210297e-16,0.0,0.0,0.0,0.0,0.0,0.0,0.6666666666666666,1.1547005383792515,2.0,2.0,0.2857142857142857,0.7559289460184545,2.0,2.0,0.14285714285714285,0.5345224838248475,2.0,2.0,0.10714285714285714,0.41626965212518674,3.0,2.0,0.2857142857142857,0.8466895044129916,16.0,4.0,0.27380952380952384,0.7660128420105446,23.0,4.0,2.0,2.0,2.0,407,0.35872235872235875,0.1891891891891892,0.31203931203931207,0.2457002457002457,0.09090909090909091,0.31695331695331697,42.411167512690355,5.8452088452088455
2024-10-01,0,0,0,0,0,0,0,0,0,0,0,0,2024,10,1,1,275,40,4,0,0,0,0.7818314824680298,0.6234898018587336,-0.9997685019798909,0.021516097436222233,-0.992708874098054,0.1205366802553232,-0.8660254037844386,0.5000000000000001,2.0,0.0,0.0,0.0,0.0,0.0,0.6666666666666666,1.1547005383792515,2.0,2.0,0.2857142857142857,0.7559289460184545,2.0,2.0,0.14285714285714285,0.5345224838248475,2.0,2.0,0.10714285714285714,0.41626965212518674,3.0,2.0,0.2857142857142857,0.8466895044129916,16.0,4.0,0.27380952380952384,0.7660128420105446,23.0,4.0,-2.0,0.0,0.0,407,0.35872235872235875,0.1891891891891892,0.31203931203931207,0.2457002457002457,0.09090909090909091,0.31695331695331697,42.411167512690355,5.8452088452088455
2024-10-02,0,0,0,0,0,0,0,0,0,0,0,0,2024,10,2,2,276,40,4,0,0,0,0.9749279121818236,-0.22252093395631434,-0.9992500112396835,0.03872228089217399,-0.992708874098054,0.1205366802553232,-0.8660254037844386,0.5000000000000001,0.0,2.0,0.0,0.0,0.0,0.0,0.6666666666666666,1.1547005383792515,2.0,2.0,0.2857142857142857,0.7559289460184545,2.0,2.0,0.14285714285714285,0.5345224838248475,2.0,2.0,0.10714285714285714,0.41626965212518674,3.0,2.0,0.2857142857142857,0.8466895044129916,16.0,4.0,0.27380952380952384,0.7660128420105446,23.0,4.0,0.0,0.0,0.0,407,0.35872235872235875,0.1891891891891892,0.31203931203931207,0.2457002457002457,0.09090909090909091,0.31695331695331697,42.411167512690355,5.8452088452088455
2024-10-03,1,0,0,0,0,2,0,1,2,0,0,0,2024,10,3,3,277,40,4,0,0,0,0.43388373911755823,-0.900968867902419,-0.9984354211555643,0.05591699010060302,-0.992708874098054,0.1205366802553232,-0.8660254037844386,0.5000000000000001,0.0,0.0,2.0,0.0,0.0,0.0,0.3333333333333333,0.5773502691896247,1.0,1.0,0.42857142857142855,0.7867957924694431,3.0,2.0,0.21428571428571427,0.5789342235218382,3.0,2.0,0.14285714285714285,0.44839513942303366,4.0,2.0,0.2857142857142857,0.8466895044129916,16.0,4.0,0.2857142857142857,0.7694690482267637,24.0,4.0,1.0,1.0,1.0,407,0.35872235872235875,0.1891891891891892,0.31203931203931207,0.2457002457002457,0.09090909090909091,0.31695331695331697,42.411167512690355,5.8452088452088455
2024-10-04,0,0,0,0,0,0,0,0,0,0,0,0,2024,10,4,4,278,40,4,0,0,1,-0.433883739117558,-0.9009688679024191,-0.9973249731081555,0.07309512989807776,-0.992708874098054,0.1205366802553232,-0.8660254037844386,0.5000000000000001,1.0,0.0,0.0,0.0,0.0,0.0,0.3333333333333333,0.5773502691896247,1.0,1.0,0.42857142857142855,0.7867957924694431,3.0,2.0,0.21428571428571427,0.5789342235218382,3.0,2.0,0.14285714285714285,0.44839513942303366,4.0,2.0,0.26785714285714285,0.8418825534278723,15.0,4.0,0.2857142857142857,0.7694690482267637,24.0,4.0,-1.0,0.0,0.0,407,0.35872235872235875,0.1891891891891892,0.31203931203931207,0.2457002457002457,0.09090909090909091,0.31695331695331697,42.411167512690355,5.8452088452088455
2024-10-05,0,0,0,0,0,0,0,0,0,0,0,0,2024,10,5,5,279,40,4,1,0,0,-0.9749279121818236,-0.2225209339563146,-0.9959189961471792,0.0902516100310407,-0.992708874098054,0.1205366802553232,-0.8660254037844386,0.5000000000000001,0.0,1.0,0.0,0.0,0.0,0.0,0.3333333333333333,0.5773502691896247,1.0,1.0,0.42857142857142855,0.7867957924694431,3.0,2.0,0.21428571428571427,0.5789342235218382,3.0,2.0,0.14285714285714285,0.44839513942303366,4.0,2.0,0.26785714285714285,0.8418825534278723,15.0,4.0,0.27380952380952384,0.7660128420105446,23.0,4.0,0.0,0.0,0.0,407,0.35872235872235875,0.1891891891891892,0.31203931203931207,0.2457002457002457,0.09090909090909091,0.31695331695331697,42.411167512690355,5.8452088452088455
2024-10-06,0,0,0,0,0,0,0,0,0,0,0,0,2024,10,6,6,280,40,4,1,0,0,-0.7818314824680299,0.6234898018587334,-0.994217906893952,0.10738134666416306,-0.992708874098054,0.1205366802553232,-0.8660254037844386,0.5000000000000001,0.0,0.0,1.0,0.0,0.0,0.0,0.0,0.0,0.0,0.0,0.42857142857142855,0.7867957924694431,3.0,2.0,0.21428571428571427,0.5789342235218382,3.0,2.0,0.14285714285714285,0.44839513942303366,4.0,2.0,0.23214285714285715,0.8088391553459685,13.0,4.0,0.27380952380952384,0.7660128420105446,23.0,4.0,0.0,0.0,0.0,407,0.35872235872235875,0.1891891891891892,0.31203931203931207,0.2457002457002457,0.09090909090909091,0.31695331695331697,42.411167512690355,5.8452088452088455
2024-10-07,0,0,0,0,0,0,0,0,0,0,0,0,2024,10,7,0,281,41,4,0,1,0,0.0,1.0,-0.9922222094179324,0.12447926388678869,-0.9709418174260521,0.23931566428755738,-0.8660254037844386,0.5000000000000001,0.0,0.0,0.0,2.0,0.0,0.0,0.0,0.0,0.0,0.0,0.14285714285714285,0.3779644730092274,1.0,1.0,0.21428571428571427,0.5789342235218382,3.0,2.0,0.14285714285714285,0.44839513942303366,4.0,2.0,0.23214285714285715,0.8088391553459685,13.0,4.0,0.27380952380952384,0.7660128420105446,23.0,4.0,0.0,-2.0,0.0,407,0.35872235872235875,0.1891891891891892,0.31203931203931207,0.2457002457002457,0.09090909090909091,0.31695331695331697,42.411167512690355,5.8452088452088455
2024-10-08,0,0,0,0,0,0,0,0,0,0,0,0,2024,10,8,1,282,41,4,0,0,0,0.7818314824680298,0.6234898018587336,-0.989932495087353,0.141540295217043,-0.9709418174260521,0.23931566428755738,-0.8660254037844386,0.5000000000000001,0.0,0.0,0.0,0.0,0.0,0.0,0.0,0.0,0.0,0.0,0.14285714285714285,0.3779644730092274,1.0,1.0,0.21428571428571427,0.5789342235218382,3.0,2.0,0.14285714285714285,0.44839513942303366,4.0,2.0,0.23214285714285715,0.8088391553459685,13.0,4.0,0.27380952380952384,0.7660128420105446,23.0,4.0,0.0,0.0,0.0,407,0.35872235872235875,0.1891891891891892,0.31203931203931207,0.2457002457002457,0.09090909090909091,0.31695331695331697,42.411167512690355,5.8452088452088455
2024-10-09,0,0,0,0,0,0,0,0,0,0,0,0,2024,10,9,2,283,41,4,0,0,0,0.9749279121818236,-0.22252093395631434,-0.9873494423939864,0.15855938510313475,-0.9709418174260521,0.23931566428755738,-0.8660254037844386,0.5000000000000001,0.0,0.0,0.0,0.0,0.0,0.0,0.0,0.0,0.0,0.0,0.14285714285714285,0.3779644730092274,1.0,1.0,0.21428571428571427,0.5789342235218382,3.0,2.0,0.14285714285714285,0.44839513942303366,4.0,2.0,0.23214285714285715,0.8088391553459685,13.0,4.0,0.27380952380952384,0.7660128420105446,23.0,4.0,0.0,0.0,0.0,407,0.35872235872235875,0.1891891891891892,0.31203931203931207,0.2457002457002457,0.09090909090909091,0.31695331695331697,42.411167512690355,5.8452088452088455
2024-10-10,0,0,0,0,0,0,0,0,0,0,0,0,2024,10,10,3,284,41,4,0,0,0,0.43388373911755823,-0.900968867902419,-0.9844738167520923,0.17553149042142777,-0.9709418174260521,0.23931566428755738,-0.8660254037844386,0.5000000000000001,0.0,0.0,0.0,1.0,0.0,0.0,0.0,0.0,0.0,0.0,0.0,0.0,0.0,0.0,0.21428571428571427,0.5789342235218382,3.0,2.0,0.14285714285714285,0.44839513942303366,4.0,2.0,0.23214285714285715,0.8088391553459685,13.0,4.0,0.27380952380952384,0.7660128420105446,23.0,4.0,0.0,-1.0,0.0,407,0.35872235872235875,0.1891891891891892,0.31203931203931207,0.2457002457002457,0.09090909090909091,0.31695331695331697,42.411167512690355,5.8452088452088455
2024-10-11,0,0,0,0,0,0,0,0,0,0,0,0,2024,10,11,4,285,41,4,0,0,1,-0.433883739117558,-0.9009688679024191,-0.9813064702716093,0.19245158197082995,-0.9709418174260521,0.23931566428755738,-0.8660254037844386,0.5000000000000001,0.0,0.0,0.0,0.0,0.0,1.0,0.0,0.0,0.0,0.0,0.0,0.0,0.0,0.0,0.21428571428571427,0.5789342235218382,3.0,2.0,0.10714285714285714,0.41626965212518674,3.0,2.0,0.23214285714285715,0.8088391553459685,13.0,4.0,0.2619047619047619,0.762352851597275,22.0,4.0,0.0,0.0,-1.0,407,0.35872235872235875,0.1891891891891892,0.31203931203931207,0.2457002457002457,0.09090909090909091,0.31695331695331697,42.411167512690355,5.8452088452088455
2024-10-12,0,0,0,0,0,0,0,0,0,0,0,0,2024,10,12,5,286,41,4,1,0,0,-0.9749279121818236,-0.2225209339563146,-0.9778483415056567,0.20931464596304888,-0.9709418174260521,0.23931566428755738,-0.8660254037844386,0.5000000000000001,0.0,0.0,0.0,0.0,0.0,0.0,0.0,0.0,0.0,0.0,0.0,0.0,0.0,0.0,0.21428571428571427,0.5789342235218382,3.0,2.0,0.10714285714285714,0.41626965212518674,3.0,2.0,0.23214285714285715,0.8088391553459685,13.0,4.0,0.2619047619047619,0.762352851597275,22.0,4.0,0.0,0.0,0.0,407,0.35872235872235875,0.1891891891891892,0.31203931203931207,0.2457002457002457,0.09090909090909091,0.31695331695331697,42.411167512690355,5.8452088452088455
2024-10-13,0,0,0,0,0,0,0,0,0,0,0,0,2024,10,13,6,287,41,4,1,0,0,-0.7818314824680299,0.6234898018587334,-0.9741004551724206,0.22611568550828803,-0.9709418174260521,0.23931566428755738,-0.8660254037844386,0.5000000000000001,0.0,0.0,0.0,0.0,0.0,0.0,0.0,0.0,0.0,0.0,0.0,0.0,0.0,0.0,0.21428571428571427,0.5789342235218382,3.0,2.0,0.10714285714285714,0.41626965212518674,3.0,2.0,0.23214285714285715,0.8088391553459685,13.0,4.0,0.23809523809523808,0.7382664099261483,20.0,4.0,0.0,0.0,0.0,407,0.35872235872235875,0.1891891891891892,0.31203931203931207,0.2457002457002457,0.09090909090909091,0.31695331695331697,42.411167512690355,5.8452088452088455
2024-10-14,0,0,0,0,0,0,0,0,0,0,0,0,2024,10,14,0,288,42,4,0,1,0,0.0,1.0,-0.970063921851507,0.2428497220959358,-0.9350162426854148,0.35460488704253557,-0.8660254037844386,0.5000000000000001,0.0,0.0,0.0,0.0,2.0,0.0,0.0,0.0,0.0,0.0,0.0,0.0,0.0,0.0,0.07142857142857142,0.26726124191242173,1.0,1.0,0.10714285714285714,0.41626965212518674,3.0,2.0,0.23214285714285715,0.8088391553459685,13.0,4.0,0.23809523809523808,0.7382664099261483,20.0,4.0,0.0,0.0,0.0,407,0.35872235872235875,0.1891891891891892,0.31203931203931207,0.2457002457002457,0.09090909090909091,0.31695331695331697,42.411167512690355,5.8452088452088455
2024-10-15,0,0,0,0,0,0,0,0,0,0,0,0,2024,10,15,1,289,42,4,0,0,0,0.7818314824680298,0.6234898018587336,-0.965739937654855,0.25951179706979943,-0.9350162426854148,0.35460488704253557,-0.8660254037844386,0.5000000000000001,0.0,0.0,0.0,0.0,0.0,0.0,0.0,0.0,0.0,0.0,0.0,0.0,0.0,0.0,0.07142857142857142,0.26726124191242173,1.0,1.0,0.10714285714285714,0.41626965212518674,3.0,2.0,0.23214285714285715,0.8088391553459685,13.0,4.0,0.23809523809523808,0.7382664099261483,20.0,4.0,0.0,0.0,0.0,407,0.35872235872235875,0.1891891891891892,0.31203931203931207,0.2457002457002457,0.09090909090909091,0.31695331695331697,42.411167512690355,5.8452088452088455
2024-10-16,1,0,0,0,0,0,0,0,2,0,0,0,2024,10,16,2,290,42,4,0,0,0,0.9749279121818236,-0.22252093395631434,-0.9611297838723007,0.27609697309746883,-0.9350162426854148,0.35460488704253557,-0.8660254037844386,0.5000000000000001,0.0,0.0,0.0,0.0,0.0,0.0,0.3333333333333333,0.5773502691896247,1.0,1.0,0.14285714285714285,0.3779644730092274,1.0,1.0,0.14285714285714285,0.3631365196012795,2.0,1.0,0.14285714285714285,0.44839513942303366,4.0,2.0,0.25,0.8146387933534494,14.0,4.0,0.25,0.7424316933409486,21.0,4.0,1.0,1.0,1.0,407,0.35872235872235875,0.1891891891891892,0.31203931203931207,0.2457002457002457,0.09090909090909091,0.31695331695331697,42.411167512690355,5.8452088452088455
2024-10-17,0,0,0,0,0,0,0,0,0,0,0,0,2024,10,17,3,291,42,4,0,0,0,0.43388373911755823,-0.900968867902419,-0.9562348265919058,0.2926003356333479,-0.9350162426854148,0.35460488704253557,-0.8660254037844386,0.5000000000000001,1.0,0.0,0.0,0.0,1.0,0.0,0.3333333333333333,0.5773502691896247,1.0,1.0,0.14285714285714285,0.3779644730092274,1.0,1.0,0.07142857142857142,0.26726124191242173,1.0,1.0,0.14285714285714285,0.44839513942303366,4.0,2.0,0.17857142857142858,0.6355282085762238,10.0,4.0,0.25,0.7424316933409486,21.0,4.0,-1.0,0.0,0.0,407,0.35872235872235875,0.1891891891891892,0.31203931203931207,0.2457002457002457,0.09090909090909091,0.31695331695331697,42.411167512690355,5.8452088452088455
2024-10-18,0,0,0,0,0,0,0,0,0,0,0,0,2024,10,18,4,292,42,4,0,0,1,-0.433883739117558,-0.9009688679024191,-0.9510565162951536,0.30901699437494723,-0.9350162426854148,0.35460488704253557,-0.8660254037844386,0.5000000000000001,0.0,1.0,0.0,0.0,0.0,0.0,0.3333333333333333,0.5773502691896247,1.0,1.0,0.14285714285714285,0.3779644730092274,1.0,1.0,0.07142857142857142,0.26726124191242173,1.0,1.0,0.14285714285714285,0.44839513942303366,4.0,2.0,0.17857142857142858,0.6355282085762238,10.0,4.0,0.23809523809523808,0.7382664099261483,20.0,4.0,0.0,0.0,0.0,407,0.35872235872235875,0.1891891891891892,0.31203931203931207,0.2457002457002457,0.09090909090909091,0.31695331695331697,42.411167512690355,5.8452088452088455
2024-10-19,0,0,0,0,0,0,0,0,0,0,0,0,2024,10,19,5,293,42,4,1,0,0,-0.9749279121818236,-0.2225209339563146,-0.9455963874271428,0.3253420847119795,-0.9350162426854148,0.35460488704253557,-0.8660254037844386,0.5000000000000001,0.0,0.0,1.0,0.0,0.0,0.0,0.0,0.0,0.0,0.0,0.14285714285714285,0.3779644730092274,1.0,1.0,0.07142857142857142,0.26726124191242173,1.0,1.0,0.14285714285714285,0.44839513942303366,4.0,2.0,0.16071428571428573,0.626005684385627,9.0,4.0,0.23809523809523808,0.7382664099261483,20.0,4.0,0.0,0.0,0.0,407,0.35872235872235875,0.1891891891891892,0.31203931203931207,0.2457002457002457,0.09090909090909091,0.31695331695331697,42.411167512690355,5.8452088452088455
2024-10-20,0,0,0,0,0,0,0,0,0,0,0,0,2024,10,20,6,294,42,4,1,0,0,-0.7818314824680299,0.6234898018587334,-0.9398560579418953,0.341570769167856,-0.9350162426854148,0.35460488704253557,-0.8660254037844386,0.5000000000000001,0.0,0.0,0.0,0.0,0.0,0.0,0.0,0.0,0.0,0.0,0.14285714285714285,0.3779644730092274,1.0,1.0,0.07142857142857142,0.26726124191242173,1.0,1.0,0.14285714285714285,0.44839513942303366,4.0,2.0,0.16071428571428573,0.626005684385627,9.0,4.0,0.23809523809523808,0.7382664099261483,20.0,4.0,0.0,0.0,0.0,407,0.35872235872235875,0.1891891891891892,0.31203931203931207,0.2457002457002457,0.09090909090909091,0.31695331695331697,42.411167512690355,5.8452088452088455
2024-10-21,0,0,0,0,0,0,0,0,0,0,0,0,2024,10,21,0,295,43,4,0,1,0,0.0,1.0,-0.9338372288229252,0.35769823883312546,-0.8854560256532101,0.464723172043768,-0.8660254037844386,0.5000000000000001,0.0,0.0,0.0,0.0,0.0,0.0,0.0,0.0,0.0,0.0,0.14285714285714285,0.3779644730092274,1.0,1.0,0.07142857142857142,0.26726124191242173,1.0,1.0,0.14285714285714285,0.44839513942303366,4.0,2.0,0.08928571428571429,0.3451895771251566,5.0,2.0,0.23809523809523808,0.7382664099261483,20.0,4.0,0.0,0.0,0.0,407,0.35872235872235875,0.1891891891891892,0.31203931203931207,0.2457002457002457,0.09090909090909091,0.31695331695331697,42.411167512690355,5.8452088452088455
2024-10-22,0,0,0,0,0,0,0,0,0,0,0,0,2024,10,22,1,296,43,4,0,0,0,0.7818314824680298,0.6234898018587336,-0.9275416835791965,0.3737197147904692,-0.8854560256532101,0.464723172043768,-0.8660254037844386,0.5000000000000001,0.0,0.0,0.0,0.0,0.0,0.0,0.0,0.0,0.0,0.0,0.14285714285714285,0.3779644730092274,1.0,1.0,0.07142857142857142,0.26726124191242173,1.0,1.0,0.14285714285714285,0.44839513942303366,4.0,2.0,0.08928571428571429,0.3451895771251566,5.0,2.0,0.23809523809523808,0.7382664099261483,20.0,4.0,0.0,0.0,0.0,407,0.35872235872235875,0.1891891891891892,0.31203931203931207,0.2457002457002457,0.09090909090909091,0.31695331695331697,42.411167512690355,5.8452088452088455
2024-10-23,0,0,0,0,0,0,0,0,0,0,0,0,2024,10,23,2,297,43,4,0,0,0,0.9749279121818236,-0.22252093395631434,-0.9209712877166347,0.38963044953078774,-0.8854560256532101,0.464723172043768,-0.8660254037844386,0.5000000000000001,0.0,0.0,0.0,1.0,0.0,0.0,0.0,0.0,0.0,0.0,0.0,0.0,0.0,0.0,0.07142857142857142,0.26726124191242173,1.0,1.0,0.14285714285714285,0.44839513942303366,4.0,2.0,0.08928571428571429,0.3451895771251566,5.0,2.0,0.21428571428571427,0.7125624651786053,18.0,4.0,0.0,-1.0,0.0,407,0.35872235872235875,0.1891891891891892,0.31203931203931207,0.2457002457002457,0.09090909090909091,0.31695331695331697,42.411167512690355,5.8452088452088455
2024-10-24,0,0,0,0,0,0,0,0,0,0,0,0,2024,10,24,3,298,43,4,0,0,0,0.43388373911755823,-0.900968867902419,-0.9141279881853337,0.4054257283599973,-0.8854560256532101,0.464723172043768,-0.8660254037844386,0.5000000000000001,0.0,0.0,0.0,0.0,0.0,0.0,0.0,0.0,0.0,0.0,0.0,0.0,0.0,0.0,0.07142857142857142,0.26726124191242173,1.0,1.0,0.14285714285714285,0.44839513942303366,4.0,2.0,0.08928571428571429,0.3451895771251566,5.0,2.0,0.21428571428571427,0.7125624651786053,18.0,4.0,0.0,0.0,0.0,407,0.35872235872235875,0.1891891891891892,0.31203931203931207,0.2457002457002457,0.09090909090909091,0.31695331695331697,42.411167512690355,5.8452088452088455
2024-10-25,0,0,0,0,0,0,0,0,0,0,0,0,2024,10,25,4,299,43,4,0,0,1,-0.433883739117558,-0.9009688679024191,-0.9070138128026362,0.42110087079608916,-0.8854560256532101,0.464723172043768,-0.8660254037844386,0.5000000000000001,0.0,0.0,0.0,0.0,0.0,0.0,0.0,0.0,0.0,0.0,0.0,0.0,0.0,0.0,0.07142857142857142,0.26726124191242173,1.0,1.0,0.14285714285714285,0.44839513942303366,4.0,2.0,0.08928571428571429,0.3451895771251566,5.0,2.0,0.21428571428571427,0.7125624651786053,18.0,4.0,0.0,0.0,0.0,407,0.35872235872235875,0.1891891891891892,0.31203931203931207,0.2457002457002457,0.09090909090909091,0.31695331695331697,42.411167512690355,5.8452088452088455
2024-10-26,0,0,0,0,0,0,0,0,0,0,0,0,2024,10,26,5,300,43,4,1,0,0,-0.9749279121818236,-0.2225209339563146,-0.8996308696522434,0.4366512319560638,-0.8854560256532101,0.464723172043768,-0.8660254037844386,0.5000000000000001,0.0,0.0,0.0,0.0,0.0,0.0,0.0,0.0,0.0,0.0,0.0,0.0,0.0,0.0,0.07142857142857142,0.26726124191242173,1.0,1.0,0.14285714285714285,0.44839513942303366,4.0,2.0,0.08928571428571429,0.3451895771251566,5.0,2.0,0.21428571428571427,0.7125624651786053,18.0,4.0,0.0,0.0,0.0,407,0.35872235872235875,0.1891891891891892,0.31203931203931207,0.2457002457002457,0.09090909090909091,0.31695331695331697,42.411167512690355,5.8452088452088455
2024-10-27,0,0,0,0,0,0,0,0,0,0,0,0,2024,10,27,6,301,43,4,1,0,0,-0.7818314824680299,0.6234898018587334,-0.8919813464595487,0.45207220393230374,-0.8854560256532101,0.464723172043768,-0.8660254037844386,0.5000000000000001,0.0,0.0,0.0,0.0,0.0,0.0,0.0,0.0,0.0,0.0,0.0,0.0,0.0,0.0,0.07142857142857142,0.26726124191242173,1.0,1.0,0.14285714285714285,0.44839513942303366,4.0,2.0,0.08928571428571429,0.3451895771251566,5.0,2.0,0.21428571428571427,0.7125624651786053,18.0,4.0,0.0,0.0,0.0,407,0.35872235872235875,0.1891891891891892,0.31203931203931207,0.2457002457002457,0.09090909090909091,0.31695331695331697,42.411167512690355,5.8452088452088455
2024-10-28,0,0,0,0,0,0,0,0,0,0,0,0,2024,10,28,0,302,44,4,0,1,0,0.0,1.0,-0.8840675099433637,0.46735921715800205,-0.822983865893657,0.5680647467311548,-0.8660254037844386,0.5000000000000001,0.0,0.0,0.0,0.0,0.0,2.0,0.0,0.0,0.0,0.0,0.0,0.0,0.0,0.0,0.07142857142857142,0.26726124191242173,1.0,1.0,0.07142857142857142,0.2622652641564825,2.0,1.0,0.08928571428571429,0.3451895771251566,5.0,2.0,0.21428571428571427,0.7125624651786053,18.0,4.0,0.0,0.0,-2.0,407,0.35872235872235875,0.1891891891891892,0.31203931203931207,0.2457002457002457,0.09090909090909091,0.31695331695331697,42.411167512690355,5.8452088452088455
2024-10-29,0,0,0,0,0,0,0,0,0,0,0,0,2024,10,29,1,303,44,4,0,0,0,0.7818314824680298,0.6234898018587336,-0.8758917051442433,0.48250774176121763,-0.822983865893657,0.5680647467311548,-0.8660254037844386,0.5000000000000001,0.0,0.0,0.0,0.0,0.0,0.0,0.0,0.0,0.0,0.0,0.0,0.0,0.0,0.0,0.07142857142857142,0.26726124191242173,1.0,1.0,0.07142857142857142,0.2622652641564825,2.0,1.0,0.08928571428571429,0.3451895771251566,5.0,2.0,0.21428571428571427,0.7125624651786053,18.0,4.0,0.0,0.0,0.0,407,0.35872235872235875,0.1891891891891892,0.31203931203931207,0.2457002457002457,0.09090909090909091,0.31695331695331697,42.411167512690355,5.8452088452088455
2024-10-30,1,0,0,1,0,0,0,0,2,0,0,0,2024,10,30,2,304,44,4,0,0,0,0.9749279121818236,-0.22252093395631434,-0.8674563547295971,0.4975132889071803,-0.822983865893657,0.5680647467311548,-0.8660254037844386,0.5000000000000001,0.0,0.0,0.0,0.0,1.0,0.0,0.3333333333333333,0.5773502691896247,1.0,1.0,0.14285714285714285,0.3779644730092274,1.0,1.0,0.07142857142857142,0.26726124191242173,1.0,1.0,0.10714285714285714,0.3149703941743572,3.0,1.0,0.10714285714285714,0.3657406646330622,6.0,2.0,0.2261904761904762,0.7172771552883624,19.0,4.0,1.0,1.0,1.0,407,0.35872235872235875,0.1891891891891892,0.31203931203931207,0.2457002457002457,0.09090909090909091,0.31695331695331697,42.411167512690355,5.8452088452088455
2024-10-31,0,0,0,0,0,0,0,0,0,0,0,0,2024,10,31,3,305,44,4,0,0,0,0.43388373911755823,-0.900968867902419,-0.858763958275803,0.5123714121284235,-0.822983865893657,0.5680647467311548,-0.8660254037844386,0.5000000000000001,1.0,0.0,0.0,0.0,0.0,1.0,0.3333333333333333,0.5773502691896247,1.0,1.0,0.14285714285714285,0.3779644730092274,1.0,1.0,0.07142857142857142,0.26726124191242173,1.0,1.0,0.07142857142857142,0.2622652641564825,2.0,1.0,0.10714285714285714,0.3657406646330622,6.0,2.0,0.21428571428571427,0.7125624651786053,18.0,4.0,-1.0,0.0,-1.0,407,0.35872235872235875,0.1891891891891892,0.31203931203931207,0.2457002457002457,0.09090909090909091,0.31695331695331697,42.411167512690355,5.8452088452088455
2024-11-01,0,0,0,0,0,0,0,0,0,0,0,0,2024,11,1,4,306,44,4,0,0,1,-0.433883739117558,-0.9009688679024191,-0.8498170915275277,0.5270777086423724,-0.822983865893657,0.5680647467311548,-0.5000000000000004,0.8660254037844384,0.0,1.0,0.0,0.0,0.0,0.0,0.3333333333333333,0.5773502691896247,1.0,1.0,0.14285714285714285,0.3779644730092274,1.0,1.0,0.07142857142857142,0.26726124191242173,1.0,1.0,0.07142857142857142,0.2622652641564825,2.0,1.0,0.10714285714285714,0.3657406646330622,6.0,2.0,0.20238095238095238,0.7076137041717127,17.0,4.0,0.0,0.0,0.0,407,0.35872235872235875,0.1891891891891892,0.31203931203931207,0.2457002457002457,0.09090909090909091,0.31695331695331697,42.411167512690355,5.8452088452088455
2024-11-02,0,0,0,0,0,0,0,0,0,0,0,0,2024,11,2,5,307,44,4,1,0,0,-0.9749279121818236,-0.2225209339563146,-0.8406184056344783,0.5416278206559811,-0.822983865893657,0.5680647467311548,-0.5000000000000004,0.8660254037844384,0.0,0.0,1.0,0.0,0.0,0.0,0.0,0.0,0.0,0.0,0.14285714285714285,0.3779644730092274,1.0,1.0,0.07142857142857142,0.26726124191242173,1.0,1.0,0.07142857142857142,0.2622652641564825,2.0,1.0,0.10714285714285714,0.3657406646330622,6.0,2.0,0.20238095238095238,0.7076137041717127,17.0,4.0,0.0,0.0,0.0,407,0.35872235872235875,0.1891891891891892,0.31203931203931207,0.2457002457002457,0.09090909090909091,0.31695331695331697,42.411167512690355,5.8452088452088455
2024-11-03,1,0,1,0,0,0,0,0,2,0,0,0,2024,11,3,6,308,44,4,1,0,0,-0.7818314824680299,0.6234898018587334,-0.8311706263658079,0.5560174366570446,-0.822983865893657,0.5680647467311548,-0.5000000000000004,0.8660254037844384,0.0,0.0,0.0,0.0,0.0,0.0,0.3333333333333333,0.5773502691896247,1.0,1.0,0.2857142857142857,0.48795003647426666,2.0,1.0,0.14285714285714285,0.3631365196012795,2.0,1.0,0.10714285714285714,0.3149703941743572,3.0,1.0,0.125,0.3843530573929041,7.0,2.0,0.19047619047619047,0.6850589716272601,16.0,4.0,1.0,1.0,1.0,407,0.35872235872235875,0.1891891891891892,0.31203931203931207,0.2457002457002457,0.09090909090909091,0.31695331695331697,42.411167512690355,5.8452088452088455
2024-11-04,0,0,0,0,0,0,0,0,0,0,0,0,2024,11,4,0,309,45,4,0,1,0,0.0,1.0,-0.8214765533024145,0.5702422926917867,-0.7485107481711011,0.6631226582407952,-0.5000000000000004,0.8660254037844384,1.0,0.0,0.0,0.0,0.0,0.0,0.3333333333333333,0.5773502691896247,1.0,1.0,0.2857142857142857,0.48795003647426666,2.0,1.0,0.14285714285714285,0.3631365196012795,2.0,1.0,0.10714285714285714,0.3149703941743572,3.0,1.0,0.125,0.3843530573929041,7.0,2.0,0.19047619047619047,0.6850589716272601,16.0,4.0,-1.0,0.0,0.0,407,0.35872235872235875,0.1891891891891892,0.31203931203931207,0.2457002457002457,0.09090909090909091,0.31695331695331697,42.411167512690355,5.8452088452088455
2024-11-05,0,0,0,0,0,0,0,0,0,0,0,0,2024,11,5,1,310,45,4,0,0,0,0.7818314824680298,0.6234898018587336,-0.8115390590073611,0.5842981736283683,-0.7485107481711011,0.6631226582407952,-0.5000000000000004,0.8660254037844384,0.0,1.0,0.0,0.0,0.0,0.0,0.3333333333333333,0.5773502691896247,1.0,1.0,0.2857142857142857,0.48795003647426666,2.0,1.0,0.14285714285714285,0.3631365196012795,2.0,1.0,0.10714285714285714,0.3149703941743572,3.0,1.0,0.125,0.3843530573929041,7.0,2.0,0.19047619047619047,0.6850589716272601,16.0,4.0,0.0,0.0,0.0,407,0.35872235872235875,0.1891891891891892,0.31203931203931207,0.2457002457002457,0.09090909090909091,0.31695331695331697,42.411167512690355,5.8452088452088455
2024-11-06,5,3,2,3,0,3,0,3,9,3,3,4,2024,11,6,2,311,45,4,0,0,0,0.9749279121818236,-0.22252093395631434,-0.801361088174677,0.5981809144059158,-0.7485107481711011,0.6631226582407952,-0.5000000000000004,0.8660254037844384,0.0,0.0,1.0,1.0,0.0,0.0,1.6666666666666667,2.886751345948129,5.0,5.0,0.8571428571428571,1.8644544714716087,6.0,5.0,0.5,1.3445044840729636,7.0,5.0,0.2857142857142857,0.9759000729485335,8.0,5.0,0.21428571428571427,0.7559289460184546,12.0,5.0,0.25,0.8625403779617843,21.0,5.0,5.0,4.0,5.0,407,0.35872235872235875,0.1891891891891892,0.31203931203931207,0.2457002457002457,0.09090909090909091,0.31695331695331697,42.411167512690355,5.8452088452088455
2024-11-07,0,0,0,0,0,0,0,0,0,0,0,0,2024,11,7,3,312,45,4,0,0,0,0.43388373911755823,-0.900968867902419,-0.7909456567567774,0.6118864012687242,-0.7485107481711011,0.6631226582407952,-0.5000000000000004,0.8660254037844384,5.0,0.0,0.0,0.0,0.0,0.0,1.6666666666666667,2.886751345948129,5.0,5.0,0.8571428571428571,1.8644544714716087,6.0,5.0,0.5,1.3445044840729636,7.0,5.0,0.2857142857142857,0.9759000729485335,8.0,5.0,0.21428571428571427,0.7559289460184546,12.0,5.0,0.25,0.8625403779617843,21.0,5.0,-5.0,0.0,0.0,407,0.35872235872235875,0.1891891891891892,0.31203931203931207,0.2457002457002457,0.09090909090909091,0.31695331695331697,42.411167512690355,5.8452088452088455
2024-11-08,1,0,1,0,0,1,0,1,1,1,1,1,2024,11,8,4,313,45,4,0,0,1,-0.433883739117558,-0.9009688679024191,-0.780295851070776,0.6254105729852457,-0.7485107481711011,0.6631226582407952,-0.5000000000000004,0.8660254037844384,0.0,5.0,0.0,0.0,0.0,0.0,2.0,2.645751311064591,6.0,5.0,1.0,1.8257418583505536,7.0,5.0,0.5714285714285714,1.3424596091494896,8.0,5.0,0.32142857142857145,0.9833266074561481,9.0,5.0,0.21428571428571427,0.7559289460184546,12.0,5.0,0.2619047619047619,0.8659425899756158,22.0,5.0,1.0,1.0,1.0,407,0.35872235872235875,0.1891891891891892,0.31203931203931207,0.2457002457002457,0.09090909090909091,0.31695331695331697,42.411167512690355,5.8452088452088455
2024-11-09,3,0,1,0,0,4,0,2,6,2,2,1,2024,11,9,5,314,45,4,1,0,0,-0.9749279121818236,-0.2225209339563146,-0.7694148268839381,0.6387494220515268,-0.7485107481711011,0.6631226582407952,-0.5000000000000004,0.8660254037844384,1.0,0.0,5.0,0.0,0.0,0.0,1.3333333333333333,1.5275252316519472,4.0,3.0,1.4285714285714286,1.9023794624226835,10.0,5.0,0.7857142857142857,1.47692880035521,11.0,5.0,0.42857142857142855,1.1031460542154958,12.0,5.0,0.26785714285714285,0.8418825534278722,15.0,5.0,0.2976190476190476,0.9154597489360051,25.0,5.0,2.0,3.0,3.0,407,0.35872235872235875,0.1891891891891892,0.31203931203931207,0.2457002457002457,0.09090909090909091,0.31695331695331697,42.411167512690355,5.8452088452088455
2024-11-10,0,0,0,0,0,0,0,0,0,0,0,0,2024,11,10,6,315,45,4,1,0,0,-0.7818314824680299,0.6234898018587334,-0.7583058084785625,0.6518989958787125,-0.7485107481711011,0.6631226582407952,-0.5000000000000004,0.8660254037844384,3.0,1.0,0.0,1.0,0.0,0.0,1.3333333333333333,1.5275252316519474,4.0,3.0,1.2857142857142858,1.9760470401187071,9.0,5.0,0.7857142857142857,1.47692880035521,11.0,5.0,0.42857142857142855,1.1031460542154958,12.0,5.0,0.26785714285714285,0.8418825534278722,15.0,5.0,0.2976190476190476,0.9154597489360051,25.0,5.0,-3.0,-1.0,0.0,407,0.35872235872235875,0.1891891891891892,0.31203931203931207,0.2457002457002457,0.09090909090909091,0.31695331695331697,42.411167512690355,5.8452088452088455
2024-11-11,0,0,0,0,0,0,0,0,0,0,0,0,2024,11,11,0,316,46,4,0,1,0,0.0,1.0,-0.7469720876965551,0.6648553979642866,-0.6631226582407955,0.7485107481711007,-0.5000000000000004,0.8660254037844384,0.0,3.0,1.0,0.0,0.0,0.0,1.0,1.7320508075688779,3.0,3.0,1.2857142857142858,1.9760470401187071,9.0,5.0,0.7857142857142857,1.47692880035521,11.0,5.0,0.42857142857142855,1.1031460542154958,12.0,5.0,0.26785714285714285,0.8418825534278722,15.0,5.0,0.2976190476190476,0.9154597489360051,25.0,5.0,0.0,0.0,0.0,407,0.35872235872235875,0.1891891891891892,0.31203931203931207,0.2457002457002457,0.09090909090909091,0.31695331695331697,42.411167512690355,5.8452088452088455
2024-11-12,0,0,0,0,0,0,0,0,0,0,0,0,2024,11,12,1,317,46,4,0,0,0,0.7818314824680298,0.6234898018587336,-0.7354170229639858,0.6776147890466887,-0.6631226582407955,0.7485107481711007,-0.5000000000000004,0.8660254037844384,0.0,0.0,3.0,0.0,0.0,0.0,0.0,0.0,0.0,0.0,1.2857142857142858,1.9760470401187071,9.0,5.0,0.7857142857142857,1.47692880035521,11.0,5.0,0.42857142857142855,1.1031460542154958,12.0,5.0,0.26785714285714285,0.8418825534278722,15.0,5.0,0.2976190476190476,0.9154597489360051,25.0,5.0,0.0,0.0,0.0,407,0.35872235872235875,0.1891891891891892,0.31203931203931207,0.2457002457002457,0.09090909090909091,0.31695331695331697,42.411167512690355,5.8452088452088455
2024-11-13,0,0,0,0,0,0,0,0,0,0,0,0,2024,11,13,2,318,46,4,0,0,0,0.9749279121818236,-0.22252093395631434,-0.7236440382959124,0.690173388242972,-0.6631226582407955,0.7485107481711007,-0.5000000000000004,0.8660254037844384,0.0,0.0,0.0,5.0,1.0,1.0,0.0,0.0,0.0,0.0,0.5714285714285714,1.1338934190276817,4.0,3.0,0.7142857142857143,1.4898926873369833,10.0,5.0,0.39285714285714285,1.1001442906807548,11.0,5.0,0.26785714285714285,0.8418825534278722,15.0,5.0,0.2976190476190476,0.9154597489360051,25.0,5.0,0.0,-5.0,-1.0,407,0.35872235872235875,0.1891891891891892,0.31203931203931207,0.2457002457002457,0.09090909090909091,0.31695331695331697,42.411167512690355,5.8452088452088455
2024-11-14,0,0,0,0,0,0,0,0,0,0,0,0,2024,11,14,3,319,46,4,0,0,0,0.43388373911755823,-0.900968867902419,-0.711656622281775,0.7025274741691566,-0.6631226582407955,0.7485107481711007,-0.5000000000000004,0.8660254037844384,0.0,0.0,0.0,0.0,0.0,0.0,0.0,0.0,0.0,0.0,0.5714285714285714,1.1338934190276817,4.0,3.0,0.7142857142857143,1.4898926873369833,10.0,5.0,0.39285714285714285,1.1001442906807548,11.0,5.0,0.26785714285714285,0.8418825534278722,15.0,5.0,0.25,0.8195649742320322,21.0,5.0,0.0,0.0,0.0,407,0.35872235872235875,0.1891891891891892,0.31203931203931207,0.2457002457002457,0.09090909090909091,0.31695331695331697,42.411167512690355,5.8452088452088455
2024-11-15,0,0,0,0,0,0,0,0,0,0,0,0,2024,11,15,4,320,46,4,0,0,1,-0.433883739117558,-0.9009688679024191,-0.6994583270516471,0.7146733860429608,-0.6631226582407955,0.7485107481711007,-0.5000000000000004,0.8660254037844384,0.0,0.0,0.0,1.0,0.0,0.0,0.0,0.0,0.0,0.0,0.42857142857142855,1.1338934190276817,3.0,3.0,0.7142857142857143,1.4898926873369833,10.0,5.0,0.39285714285714285,1.1001442906807548,11.0,5.0,0.26785714285714285,0.8418825534278722,15.0,5.0,0.25,0.8195649742320322,21.0,5.0,0.0,-1.0,0.0,407,0.35872235872235875,0.1891891891891892,0.31203931203931207,0.2457002457002457,0.09090909090909091,0.31695331695331697,42.411167512690355,5.8452088452088455
2024-11-16,0,0,0,0,0,0,0,0,0,0,0,0,2024,11,16,5,321,46,4,1,0,0,-0.9749279121818236,-0.2225209339563146,-0.6870527672236675,0.7266075247685652,-0.6631226582407955,0.7485107481711007,-0.5000000000000004,0.8660254037844384,0.0,0.0,0.0,3.0,0.0,0.0,0.0,0.0,0.0,0.0,0.0,0.0,0.0,0.0,0.7142857142857143,1.4898926873369833,10.0,5.0,0.39285714285714285,1.1001442906807548,11.0,5.0,0.26785714285714285,0.8418825534278722,15.0,5.0,0.23809523809523808,0.815793613444042,20.0,5.0,0.0,-3.0,0.0,407,0.35872235872235875,0.1891891891891892,0.31203931203931207,0.2457002457002457,0.09090909090909091,0.31695331695331697,42.411167512690355,5.8452088452088455
2024-11-17,1,1,0,1,0,0,0,0,2,0,0,1,2024,11,17,6,322,46,4,1,0,0,-0.7818314824680299,0.6234898018587334,-0.6744436188329457,0.7383263540031063,-0.6631226582407955,0.7485107481711007,-0.5000000000000004,0.8660254037844384,0.0,0.0,0.0,0.0,1.0,0.0,0.3333333333333333,0.5773502691896261,1.0,1.0,0.14285714285714285,0.3779644730092273,1.0,1.0,0.7142857142857143,1.4898926873369833,10.0,5.0,0.42857142857142855,1.1031460542154958,12.0,5.0,0.2857142857142857,0.8466895044129915,16.0,5.0,0.25,0.8195649742320322,21.0,5.0,1.0,1.0,1.0,407,0.35872235872235875,0.1891891891891892,0.31203931203931207,0.2457002457002457,0.09090909090909091,0.31695331695331697,42.411167512690355,5.8452088452088455
2024-11-18,0,0,0,0,0,0,0,0,0,0,0,0,2024,11,18,0,323,47,4,0,1,0,0.0,1.0,-0.661634618242279,0.749826401204568,-0.5680647467311559,0.8229838658936564,-0.5000000000000004,0.8660254037844384,1.0,0.0,0.0,0.0,0.0,0.0,0.3333333333333333,0.5773502691896261,1.0,1.0,0.14285714285714285,0.3779644730092273,1.0,1.0,0.7142857142857143,1.4898926873369833,10.0,5.0,0.42857142857142855,1.1031460542154958,12.0,5.0,0.2857142857142857,0.8466895044129915,16.0,5.0,0.20238095238095238,0.7076137041717127,17.0,5.0,-1.0,0.0,0.0,407,0.35872235872235875,0.1891891891891892,0.31203931203931207,0.2457002457002457,0.09090909090909091,0.31695331695331697,42.411167512690355,5.8452088452088455
2024-11-19,0,0,0,0,0,0,0,0,0,0,0,0,2024,11,19,1,324,47,4,0,0,0,0.7818314824680298,0.6234898018587336,-0.6486295610349818,0.7611042586607742,-0.5680647467311559,0.8229838658936564,-0.5000000000000004,0.8660254037844384,0.0,1.0,0.0,0.0,0.0,0.0,0.3333333333333333,0.5773502691896261,1.0,1.0,0.14285714285714285,0.3779644730092273,1.0,1.0,0.7142857142857143,1.4898926873369833,10.0,5.0,0.42857142857142855,1.1031460542154958,12.0,5.0,0.2857142857142857,0.8466895044129915,16.0,5.0,0.20238095238095238,0.7076137041717127,17.0,5.0,0.0,0.0,0.0,407,0.35872235872235875,0.1891891891891892,0.31203931203931207,0.2457002457002457,0.09090909090909091,0.31695331695331697,42.411167512690355,5.8452088452088455
2024-11-20,2,2,0,2,0,2,0,2,4,0,0,2,2024,11,20,2,325,47,4,0,0,0,0.9749279121818236,-0.22252093395631434,-0.6354323008901775,0.7721565844991641,-0.5680647467311559,0.8229838658936564,-0.5000000000000004,0.8660254037844384,0.0,0.0,1.0,0.0,5.0,0.0,0.6666666666666666,1.154700538379252,2.0,2.0,0.42857142857142855,0.7867957924694431,3.0,2.0,0.5,0.9405399431259595,7.0,3.0,0.5,1.1385500851066224,14.0,5.0,0.32142857142857145,0.8760893034003258,18.0,5.0,0.2261904761904762,0.7338820770673816,19.0,5.0,2.0,2.0,2.0,407,0.35872235872235875,0.1891891891891892,0.31203931203931207,0.2457002457002457,0.09090909090909091,0.31695331695331697,42.411167512690355,5.8452088452088455
2024-11-21,1,1,0,0,0,0,0,0,2,0,0,0,2024,11,21,3,326,47,4,0,0,0,0.43388373911755823,-0.900968867902419,-0.622046748440868,0.7829801036770624,-0.5680647467311559,0.8229838658936564,-0.5000000000000004,0.8660254037844384,2.0,0.0,0.0,0.0,0.0,0.0,1.0,1.0000000000000009,3.0,2.0,0.5714285714285714,0.786795792469443,4.0,2.0,0.5714285714285714,0.9376144618769899,8.0,3.0,0.5357142857142857,1.1379690439434396,15.0,5.0,0.3392857142857143,0.8796029210395445,19.0,5.0,0.23809523809523808,0.7382664099261483,20.0,5.0,-1.0,1.0,1.0,407,0.35872235872235875,0.1891891891891892,0.31203931203931207,0.2457002457002457,0.09090909090909091,0.31695331695331697,42.411167512690355,5.8452088452088455
2024-11-22,2,1,0,1,0,0,0,0,4,0,0,0,2024,11,22,4,327,47,4,0,0,1,-0.433883739117558,-0.9009688679024191,-0.6084768701151264,0.7935716089521472,-0.5680647467311559,0.8229838658936564,-0.5000000000000004,0.8660254037844384,1.0,2.0,0.0,0.0,1.0,0.0,1.6666666666666667,0.5773502691896286,5.0,2.0,0.8571428571428571,0.8997354108424371,6.0,2.0,0.6428571428571429,1.008208072018626,9.0,3.0,0.6071428571428571,1.1655323283657169,17.0,5.0,0.375,0.9057894597833129,21.0,5.0,0.2619047619047619,0.762352851597275,22.0,5.0,1.0,2.0,2.0,407,0.35872235872235875,0.1891891891891892,0.31203931203931207,0.2457002457002457,0.09090909090909091,0.31695331695331697,42.411167512690355,5.8452088452088455
2024-11-23,0,0,0,0,0,0,0,0,0,0,0,0,2024,11,23,5,328,47,4,1,0,0,-0.9749279121818236,-0.2225209339563146,-0.594726686960764,0.8039279618328208,-0.5680647467311559,0.8229838658936564,-0.5000000000000004,0.8660254037844384,2.0,1.0,2.0,0.0,3.0,0.0,1.0,1.0000000000000007,3.0,2.0,0.8571428571428571,0.8997354108424371,6.0,2.0,0.42857142857142855,0.7559289460184534,6.0,2.0,0.6071428571428571,1.1655323283657169,17.0,5.0,0.375,0.9057894597833129,21.0,5.0,0.2619047619047619,0.762352851597275,22.0,5.0,-2.0,0.0,0.0,407,0.35872235872235875,0.1891891891891892,0.31203931203931207,0.2457002457002457,0.09090909090909091,0.31695331695331697,42.411167512690355,5.8452088452088455
2024-11-24,0,0,0,0,0,0,0,0,0,0,0,0,2024,11,24,6,329,47,4,1,0,0,-0.7818314824680299,0.6234898018587334,-0.5808002734538013,0.8140460935082175,-0.5680647467311559,0.8229838658936564,-0.5000000000000004,0.8660254037844384,0.0,2.0,1.0,1.0,0.0,0.0,0.6666666666666666,1.1547005383792517,2.0,2.0,0.7142857142857143,0.9511897312113418,5.0,2.0,0.42857142857142855,0.7559289460184534,6.0,2.0,0.6071428571428571,1.1655323283657169,17.0,5.0,0.375,0.9057894597833129,21.0,5.0,0.2619047619047619,0.762352851597275,22.0,5.0,0.0,-1.0,0.0,407,0.35872235872235875,0.1891891891891892,0.31203931203931207,0.2457002457002457,0.09090909090909091,0.31695331695331697,42.411167512690355,5.8452088452088455
2024-11-25,0,0,0,0,0,0,0,0,0,0,0,0,2024,11,25,0,330,48,4,0,1,0,0.0,1.0,-0.5667017562911184,0.8239230057575536,-0.4647231720437684,0.88545602565321,-0.5000000000000004,0.8660254037844384,0.0,0.0,2.0,0.0,0.0,0.0,0.0,0.0,0.0,0.0,0.7142857142857143,0.9511897312113418,5.0,2.0,0.42857142857142855,0.7559289460184534,6.0,2.0,0.6071428571428571,1.1655323283657169,17.0,5.0,0.3392857142857143,0.8796029210395445,19.0,5.0,0.2619047619047619,0.762352851597275,22.0,5.0,0.0,0.0,0.0,407,0.35872235872235875,0.1891891891891892,0.31203931203931207,0.2457002457002457,0.09090909090909091,0.31695331695331697,42.411167512690355,5.8452088452088455
2024-11-26,0,0,0,0,0,0,0,0,0,0,0,0,2024,11,26,1,331,48,4,0,0,0,0.7818314824680298,0.6234898018587336,-0.5524353131676203,0.8335557718385695,-0.4647231720437684,0.88545602565321,-0.5000000000000004,0.8660254037844384,0.0,0.0,0.0,0.0,0.0,0.0,0.0,0.0,0.0,0.0,0.7142857142857143,0.9511897312113418,5.0,2.0,0.42857142857142855,0.7559289460184534,6.0,2.0,0.6071428571428571,1.1655323283657169,17.0,5.0,0.3392857142857143,0.8796029210395445,19.0,5.0,0.2619047619047619,0.762352851597275,22.0,5.0,0.0,0.0,0.0,407,0.35872235872235875,0.1891891891891892,0.31203931203931207,0.2457002457002457,0.09090909090909091,0.31695331695331697,42.411167512690355,5.8452088452088455
2024-11-27,0,0,0,0,0,0,0,0,0,0,0,0,2024,11,27,2,332,48,4,0,0,0,0.9749279121818236,-0.22252093395631434,-0.5380051715382992,0.8429415373547832,-0.4647231720437684,0.88545602565321,-0.5000000000000004,0.8660254037844384,0.0,0.0,0.0,2.0,0.0,1.0,0.0,0.0,0.0,0.0,0.42857142857142855,0.7867957924694432,3.0,2.0,0.42857142857142855,0.7559289460184534,6.0,2.0,0.5714285714285714,1.1683661091795523,16.0,5.0,0.3392857142857143,0.8796029210395445,19.0,5.0,0.2619047619047619,0.762352851597275,22.0,5.0,0.0,-2.0,-1.0,407,0.35872235872235875,0.1891891891891892,0.31203931203931207,0.2457002457002457,0.09090909090909091,0.31695331695331697,42.411167512690355,5.8452088452088455
2024-11-28,0,0,0,0,0,0,0,0,0,0,0,0,2024,11,28,3,333,48,4,0,0,0,0.43388373911755823,-0.900968867902419,-0.5234156073655503,0.8520775211013093,-0.4647231720437684,0.88545602565321,-0.5000000000000004,0.8660254037844384,0.0,0.0,0.0,1.0,0.0,0.0,0.0,0.0,0.0,0.0,0.2857142857142857,0.7559289460184546,2.0,2.0,0.42857142857142855,0.7559289460184534,6.0,2.0,0.5714285714285714,1.1683661091795523,16.0,5.0,0.32142857142857145,0.8760893034003258,18.0,5.0,0.2619047619047619,0.762352851597275,22.0,5.0,0.0,-1.0,0.0,407,0.35872235872235875,0.1891891891891892,0.31203931203931207,0.2457002457002457,0.09090909090909091,0.31695331695331697,42.411167512690355,5.8452088452088455
2024-11-29,0,0,0,0,0,0,0,0,0,0,0,0,2024,11,29,4,334,48,4,0,0,1,-0.433883739117558,-0.9009688679024191,-0.5086709438521042,0.8609610158889945,-0.4647231720437684,0.88545602565321,-0.5000000000000004,0.8660254037844384,0.0,0.0,0.0,2.0,0.0,0.0,0.0,0.0,0.0,0.0,0.0,0.0,0.0,0.0,0.42857142857142855,0.7559289460184534,6.0,2.0,0.5714285714285714,1.1683661091795523,16.0,5.0,0.32142857142857145,0.8760893034003258,18.0,5.0,0.2619047619047619,0.762352851597275,22.0,5.0,0.0,-2.0,0.0,407,0.35872235872235875,0.1891891891891892,0.31203931203931207,0.2457002457002457,0.09090909090909091,0.31695331695331697,42.411167512690355,5.8452088452088455
2024-11-30,0,0,0,0,0,0,0,0,0,0,0,0,2024,11,30,5,335,48,4,1,0,0,-0.9749279121818236,-0.2225209339563146,-0.49377555015997737,0.8695893893466109,-0.4647231720437684,0.88545602565321,-0.5000000000000004,0.8660254037844384,0.0,0.0,0.0,0.0,0.0,0.0,0.0,0.0,0.0,0.0,0.0,0.0,0.0,0.0,0.42857142857142855,0.7559289460184534,6.0,2.0,0.5714285714285714,1.1683661091795523,16.0,5.0,0.32142857142857145,0.8760893034003258,18.0,5.0,0.2619047619047619,0.762352851597275,22.0,5.0,0.0,0.0,0.0,407,0.35872235872235875,0.1891891891891892,0.31203931203931207,0.2457002457002457,0.09090909090909091,0.31695331695331697,42.411167512690355,5.8452088452088455
2024-12-01,0,0,0,0,0,0,0,0,0,0,0,0,2024,12,1,6,336,48,4,1,0,0,-0.7818314824680299,0.6234898018587334,-0.4787338401157883,0.8779600847008883,-0.4647231720437684,0.88545602565321,-2.4492935982947064e-16,1.0,0.0,0.0,0.0,0.0,1.0,1.0,0.0,0.0,0.0,0.0,0.0,0.0,0.0,0.0,0.35714285714285715,0.744946343668491,5.0,2.0,0.5357142857142857,1.17006308336244,15.0,5.0,0.32142857142857145,0.8760893034003258,18.0,5.0,0.2619047619047619,0.762352851597275,22.0,5.0,0.0,0.0,-1.0,407,0.35872235872235875,0.1891891891891892,0.31203931203931207,0.2457002457002457,0.09090909090909091,0.31695331695331697,42.411167512690355,5.8452088452088455
2024-12-02,0,0,0,0,0,0,0,0,0,0,0,0,2024,12,2,0,337,49,4,0,1,0,0.0,1.0,-0.4635502709028512,0.8860706215341378,-0.35460488704253595,0.9350162426854147,-2.4492935982947064e-16,1.0,0.0,0.0,0.0,0.0,0.0,0.0,0.0,0.0,0.0,0.0,0.0,0.0,0.0,0.0,0.35714285714285715,0.744946343668491,5.0,2.0,0.5357142857142857,1.17006308336244,15.0,5.0,0.32142857142857145,0.8760893034003258,18.0,5.0,0.2619047619047619,0.762352851597275,22.0,5.0,0.0,0.0,0.0,407,0.35872235872235875,0.1891891891891892,0.31203931203931207,0.2457002457002457,0.09090909090909091,0.31695331695331697,42.411167512690355,5.8452088452088455
2024-12-03,0,0,0,0,0,0,0,0,0,0,0,0,2024,12,3,1,338,49,4,0,0,0,0.7818314824680298,0.6234898018587336,-0.4482293417404106,0.893918596519257,-0.35460488704253595,0.9350162426854147,-2.4492935982947064e-16,1.0,0.0,0.0,0.0,0.0,0.0,0.0,0.0,0.0,0.0,0.0,0.0,0.0,0.0,0.0,0.35714285714285715,0.744946343668491,5.0,2.0,0.5357142857142857,1.17006308336244,15.0,5.0,0.32142857142857145,0.8760893034003258,18.0,5.0,0.2619047619047619,0.762352851597275,22.0,5.0,0.0,0.0,0.0,407,0.35872235872235875,0.1891891891891892,0.31203931203931207,0.2457002457002457,0.09090909090909091,0.31695331695331697,42.411167512690355,5.8452088452088455
2024-12-04,0,0,0,0,0,0,0,0,0,0,0,0,2024,12,4,2,339,49,4,0,0,0,0.9749279121818236,-0.22252093395631434,-0.4327755925504317,0.9015016841318838,-0.35460488704253595,0.9350162426854147,-2.4492935982947064e-16,1.0,0.0,0.0,0.0,0.0,2.0,5.0,0.0,0.0,0.0,0.0,0.0,0.0,0.0,0.0,0.21428571428571427,0.5789342235218382,3.0,2.0,0.35714285714285715,0.7800420555749602,10.0,3.0,0.32142857142857145,0.8760893034003258,18.0,5.0,0.2619047619047619,0.762352851597275,22.0,5.0,0.0,0.0,-5.0,407,0.35872235872235875,0.1891891891891892,0.31203931203931207,0.2457002457002457,0.09090909090909091,0.31695331695331697,42.411167512690355,5.8452088452088455
2024-12-05,0,0,0,0,0,0,0,0,0,0,0,0,2024,12,5,3,340,49,4,0,0,0,0.43388373911755823,-0.900968867902419,-0.41719360261231697,0.9088176373395028,-0.35460488704253595,0.9350162426854147,-2.4492935982947064e-16,1.0,0.0,0.0,0.0,0.0,1.0,0.0,0.0,0.0,0.0,0.0,0.0,0.0,0.0,0.0,0.14285714285714285,0.5345224838248473,2.0,2.0,0.35714285714285715,0.7800420555749602,10.0,3.0,0.32142857142857145,0.8760893034003258,18.0,5.0,0.2619047619047619,0.762352851597275,22.0,5.0,0.0,0.0,0.0,407,0.35872235872235875,0.1891891891891892,0.31203931203931207,0.2457002457002457,0.09090909090909091,0.31695331695331697,42.411167512690355,5.8452088452088455
2024-12-06,1,0,0,0,0,1,0,1,1,0,0,0,2024,12,6,4,341,49,4,0,0,1,-0.433883739117558,-0.9009688679024191,-0.4014879892059737,0.9158642882672868,-0.35460488704253595,0.9350162426854147,-2.4492935982947064e-16,1.0,0.0,0.0,0.0,0.0,2.0,1.0,0.3333333333333333,0.5773502691896255,1.0,1.0,0.14285714285714285,0.3779644730092277,1.0,1.0,0.07142857142857142,0.2672612419124217,1.0,1.0,0.35714285714285715,0.7800420555749602,10.0,3.0,0.3392857142857143,0.8796029210395445,19.0,5.0,0.2619047619047619,0.762352851597275,22.0,5.0,1.0,1.0,0.0,407,0.35872235872235875,0.1891891891891892,0.31203931203931207,0.2457002457002457,0.09090909090909091,0.31695331695331697,42.411167512690355,5.8452088452088455
2024-12-07,0,0,0,0,0,0,0,0,0,0,0,0,2024,12,7,5,342,49,4,1,0,0,-0.9749279121818236,-0.2225209339563146,-0.38566340624360745,0.9226395488404875,-0.35460488704253595,0.9350162426854147,-2.4492935982947064e-16,1.0,1.0,0.0,0.0,0.0,0.0,3.0,0.3333333333333333,0.5773502691896255,1.0,1.0,0.14285714285714285,0.3779644730092277,1.0,1.0,0.07142857142857142,0.2672612419124217,1.0,1.0,0.25,0.5853140973807085,7.0,2.0,0.3392857142857143,0.8796029210395445,19.0,5.0,0.2619047619047619,0.762352851597275,22.0,5.0,-1.0,0.0,-3.0,407,0.35872235872235875,0.1891891891891892,0.31203931203931207,0.2457002457002457,0.09090909090909091,0.31695331695331697,42.411167512690355,5.8452088452088455
2024-12-08,0,0,0,0,0,0,0,0,0,0,0,0,2024,12,8,6,343,49,4,1,0,0,-0.7818314824680299,0.6234898018587334,-0.3697245428906732,0.9291414114031743,-0.35460488704253595,0.9350162426854147,-2.4492935982947064e-16,1.0,0.0,1.0,0.0,0.0,0.0,0.0,0.3333333333333333,0.5773502691896255,1.0,1.0,0.14285714285714285,0.3779644730092277,1.0,1.0,0.07142857142857142,0.2672612419124217,1.0,1.0,0.25,0.5853140973807085,7.0,2.0,0.3392857142857143,0.8796029210395445,19.0,5.0,0.2619047619047619,0.762352851597275,22.0,5.0,0.0,0.0,0.0,407,0.35872235872235875,0.1891891891891892,0.31203931203931207,0.2457002457002457,0.09090909090909091,0.31695331695331697,42.411167512690355,5.8452088452088455
2024-12-09,1,1,0,0,0,1,0,1,2,0,0,0,2024,12,9,0,344,50,4,0,1,0,0.0,1.0,-0.3536761221763721,0.935367949313148,-0.2393156642875578,0.970941817426052,-2.4492935982947064e-16,1.0,0.0,0.0,1.0,0.0,0.0,0.0,0.3333333333333333,0.5773502691896255,1.0,1.0,0.2857142857142857,0.48795003647426677,2.0,1.0,0.14285714285714285,0.3631365196012794,2.0,1.0,0.2857142857142857,0.5998236072282922,8.0,2.0,0.35714285714285715,0.8827348295047498,20.0,5.0,0.27380952380952384,0.7660128420105445,23.0,5.0,1.0,1.0,1.0,407,0.35872235872235875,0.1891891891891892,0.31203931203931207,0.2457002457002457,0.09090909090909091,0.31695331695331697,42.411167512690355,5.8452088452088455
2024-12-10,1,0,0,0,0,2,0,1,2,0,0,0,2024,12,10,1,345,50,4,0,0,0,0.7818314824680298,0.6234898018587336,-0.33752289959411347,0.941317317512847,-0.2393156642875578,0.970941817426052,-2.4492935982947064e-16,1.0,1.0,0.0,0.0,0.0,0.0,0.0,0.6666666666666666,0.5773502691896262,2.0,1.0,0.42857142857142855,0.5345224838248488,3.0,1.0,0.21428571428571427,0.4258153136263183,3.0,1.0,0.32142857142857145,0.6118321864193034,9.0,2.0,0.375,0.8854890790353711,21.0,5.0,0.2857142857142857,0.7694690482267637,24.0,5.0,0.0,1.0,1.0,407,0.35872235872235875,0.1891891891891892,0.31203931203931207,0.2457002457002457,0.09090909090909091,0.31695331695331697,42.411167512690355,5.8452088452088455
2024-12-11,0,0,0,0,0,0,0,0,0,0,0,0,2024,12,11,2,346,50,4,0,0,0,0.9749279121818236,-0.22252093395631434,-0.32126966169236515,0.9469877530760751,-0.2393156642875578,0.970941817426052,-2.4492935982947064e-16,1.0,1.0,1.0,0.0,0.0,0.0,0.0,0.6666666666666666,0.5773502691896262,2.0,1.0,0.42857142857142855,0.5345224838248488,3.0,1.0,0.21428571428571427,0.4258153136263183,3.0,1.0,0.32142857142857145,0.6118321864193034,9.0,2.0,0.35714285714285715,0.8827348295047498,20.0,5.0,0.2857142857142857,0.7694690482267637,24.0,5.0,-1.0,0.0,0.0,407,0.35872235872235875,0.1891891891891892,0.31203931203931207,0.2457002457002457,0.09090909090909091,0.31695331695331697,42.411167512690355,5.8452088452088455
2024-12-12,0,0,0,0,0,0,0,0,0,0,0,0,2024,12,12,3,347,50,4,0,0,0,0.43388373911755823,-0.900968867902419,-0.3049212246562894,0.9523775757303973,-0.2393156642875578,0.970941817426052,-2.4492935982947064e-16,1.0,0.0,1.0,1.0,0.0,0.0,0.0,0.3333333333333333,0.5773502691896255,1.0,1.0,0.42857142857142855,0.5345224838248488,3.0,1.0,0.21428571428571427,0.4258153136263183,3.0,1.0,0.32142857142857145,0.6118321864193034,9.0,2.0,0.35714285714285715,0.8827348295047498,20.0,5.0,0.2857142857142857,0.7694690482267637,24.0,5.0,0.0,0.0,0.0,407,0.35872235872235875,0.1891891891891892,0.31203931203931207,0.2457002457002457,0.09090909090909091,0.31695331695331697,42.411167512690355,5.8452088452088455
2024-12-13,0,0,0,0,0,0,0,0,0,0,0,0,2024,12,13,4,348,50,4,0,0,1,-0.433883739117558,-0.9009688679024191,-0.2884824328806098,0.9574851883550389,-0.2393156642875578,0.970941817426052,-2.4492935982947064e-16,1.0,0.0,0.0,1.0,1.0,0.0,0.0,0.0,0.0,0.0,0.0,0.2857142857142857,0.48795003647426677,2.0,1.0,0.21428571428571427,0.4258153136263183,3.0,1.0,0.32142857142857145,0.6118321864193034,9.0,2.0,0.35714285714285715,0.8827348295047498,20.0,5.0,0.2857142857142857,0.7694690482267637,24.0,5.0,0.0,-1.0,0.0,407,0.35872235872235875,0.1891891891891892,0.31203931203931207,0.2457002457002457,0.09090909090909091,0.31695331695331697,42.411167512690355,5.8452088452088455
2024-12-14,0,0,0,0,0,0,0,0,0,0,0,0,2024,12,14,5,349,50,4,1,0,0,-0.9749279121818236,-0.2225209339563146,-0.27195815753410524,0.9623090774541487,-0.2393156642875578,0.970941817426052,-2.4492935982947064e-16,1.0,0.0,0.0,0.0,0.0,0.0,0.0,0.0,0.0,0.0,0.0,0.2857142857142857,0.48795003647426677,2.0,1.0,0.21428571428571427,0.4258153136263183,3.0,1.0,0.32142857142857145,0.6118321864193034,9.0,2.0,0.35714285714285715,0.8827348295047498,20.0,5.0,0.2857142857142857,0.7694690482267637,24.0,5.0,0.0,0.0,0.0,407,0.35872235872235875,0.1891891891891892,0.31203931203931207,0.2457002457002457,0.09090909090909091,0.31695331695331697,42.411167512690355,5.8452088452088455
2024-12-15,0,0,0,0,0,0,0,0,0,0,0,0,2024,12,15,6,350,50,4,1,0,0,-0.7818314824680299,0.6234898018587334,-0.2553532951161881,0.9668478136052773,-0.2393156642875578,0.970941817426052,-2.4492935982947064e-16,1.0,0.0,0.0,0.0,0.0,0.0,1.0,0.0,0.0,0.0,0.0,0.2857142857142857,0.48795003647426677,2.0,1.0,0.21428571428571427,0.4258153136263183,3.0,1.0,0.2857142857142857,0.5998236072282922,8.0,2.0,0.35714285714285715,0.8827348295047498,20.0,5.0,0.2857142857142857,0.7694690482267637,24.0,5.0,0.0,0.0,-1.0,407,0.35872235872235875,0.1891891891891892,0.31203931203931207,0.2457002457002457,0.09090909090909091,0.31695331695331697,42.411167512690355,5.8452088452088455
2024-12-16,0,0,0,0,0,0,0,0,0,0,0,0,2024,12,16,0,351,51,4,0,1,0,0.0,1.0,-0.23867276600594997,0.9711000518829505,-0.12053668025532363,0.992708874098054,-2.4492935982947064e-16,1.0,0.0,0.0,0.0,1.0,0.0,0.0,0.0,0.0,0.0,0.0,0.14285714285714285,0.3779644730092277,1.0,1.0,0.21428571428571427,0.4258153136263183,3.0,1.0,0.2857142857142857,0.5998236072282922,8.0,2.0,0.35714285714285715,0.8827348295047498,20.0,5.0,0.2857142857142857,0.7694690482267637,24.0,5.0,0.0,-1.0,0.0,407,0.35872235872235875,0.1891891891891892,0.31203931203931207,0.2457002457002457,0.09090909090909091,0.31695331695331697,42.411167512690355,5.8452088452088455
2024-12-17,2,0,0,2,0,4,0,2,4,0,0,0,2024,12,17,1,352,51,4,0,0,0,0.7818314824680298,0.6234898018587336,-0.22192151300416674,0.9750645322571945,-0.12053668025532363,0.992708874098054,-2.4492935982947064e-16,1.0,0.0,0.0,0.0,1.0,0.0,0.0,0.6666666666666666,1.1547005383792517,2.0,2.0,0.2857142857142857,0.7559289460184545,2.0,2.0,0.35714285714285715,0.6333236937766497,5.0,2.0,0.35714285714285715,0.6784669927988105,10.0,2.0,0.39285714285714285,0.9081163607574335,22.0,5.0,0.30952380952380953,0.7911588340093888,26.0,5.0,2.0,1.0,2.0,407,0.35872235872235875,0.1891891891891892,0.31203931203931207,0.2457002457002457,0.09090909090909091,0.31695331695331697,42.411167512690355,5.8452088452088455
2024-12-18,0,0,0,0,0,0,0,0,0,0,0,0,2024,12,18,2,353,51,4,0,0,0,0.9749279121818236,-0.22252093395631434,-0.20510449986861926,0.9787400799669153,-0.12053668025532363,0.992708874098054,-2.4492935982947064e-16,1.0,2.0,0.0,0.0,0.0,0.0,2.0,0.6666666666666666,1.1547005383792517,2.0,2.0,0.2857142857142857,0.7559289460184545,2.0,2.0,0.35714285714285715,0.6333236937766497,5.0,2.0,0.2857142857142857,0.5998236072282922,8.0,2.0,0.39285714285714285,0.9081163607574335,22.0,5.0,0.30952380952380953,0.7911588340093888,26.0,5.0,-2.0,0.0,-2.0,407,0.35872235872235875,0.1891891891891892,0.31203931203931207,0.2457002457002457,0.09090909090909091,0.31695331695331697,42.411167512690355,5.8452088452088455
2024-12-19,0,0,0,0,0,0,0,0,0,0,0,0,2024,12,19,3,354,51,4,0,0,0,0.43388373911755823,-0.900968867902419,-0.1882267098432439,0.9821256058680006,-0.12053668025532363,0.992708874098054,-2.4492935982947064e-16,1.0,0.0,2.0,0.0,0.0,0.0,1.0,0.6666666666666666,1.1547005383792517,2.0,2.0,0.2857142857142857,0.7559289460184545,2.0,2.0,0.35714285714285715,0.6333236937766497,5.0,2.0,0.25,0.5853140973807085,7.0,2.0,0.39285714285714285,0.9081163607574335,22.0,5.0,0.30952380952380953,0.7911588340093888,26.0,5.0,0.0,0.0,-1.0,407,0.35872235872235875,0.1891891891891892,0.31203931203931207,0.2457002457002457,0.09090909090909091,0.31695331695331697,42.411167512690355,5.8452088452088455
2024-12-20,0,0,0,0,0,0,0,0,0,0,0,0,2024,12,20,4,355,51,4,0,0,1,-0.433883739117558,-0.9009688679024191,-0.1712931441814778,0.9852201067560606,-0.12053668025532363,0.992708874098054,-2.4492935982947064e-16,1.0,0.0,0.0,2.0,0.0,1.0,2.0,0.0,0.0,0.0,0.0,0.2857142857142857,0.7559289460184545,2.0,2.0,0.2857142857142857,0.6112498455021252,4.0,2.0,0.17857142857142858,0.4755948656056718,5.0,2.0,0.39285714285714285,0.9081163607574335,22.0,5.0,0.30952380952380953,0.7911588340093888,26.0,5.0,0.0,0.0,-2.0,407,0.35872235872235875,0.1891891891891892,0.31203931203931207,0.2457002457002457,0.09090909090909091,0.31695331695331697,42.411167512690355,5.8452088452088455
2024-12-21,0,0,0,0,0,0,0,0,0,0,0,0,2024,12,21,5,356,51,4,1,0,0,-0.9749279121818236,-0.2225209339563146,-0.154308820664281,0.9880226656636976,-0.12053668025532363,0.992708874098054,-2.4492935982947064e-16,1.0,0.0,0.0,0.0,0.0,0.0,0.0,0.0,0.0,0.0,0.0,0.2857142857142857,0.7559289460184545,2.0,2.0,0.2857142857142857,0.6112498455021252,4.0,2.0,0.17857142857142858,0.4755948656056718,5.0,2.0,0.39285714285714285,0.9081163607574335,22.0,5.0,0.30952380952380953,0.7911588340093888,26.0,5.0,0.0,0.0,0.0,407,0.35872235872235875,0.1891891891891892,0.31203931203931207,0.2457002457002457,0.09090909090909091,0.31695331695331697,42.411167512690355,5.8452088452088455
2024-12-22,0,0,0,0,0,0,0,0,0,0,0,0,2024,12,22,6,357,51,4,1,0,0,-0.7818314824680299,0.6234898018587334,-0.13727877211326517,0.9905324521322227,-0.12053668025532363,0.992708874098054,-2.4492935982947064e-16,1.0,0.0,0.0,0.0,0.0,0.0,0.0,0.0,0.0,0.0,0.0,0.2857142857142857,0.7559289460184545,2.0,2.0,0.2857142857142857,0.6112498455021252,4.0,2.0,0.17857142857142858,0.4755948656056718,5.0,2.0,0.39285714285714285,0.9081163607574335,22.0,5.0,0.30952380952380953,0.7911588340093888,26.0,5.0,0.0,0.0,0.0,407,0.35872235872235875,0.1891891891891892,0.31203931203931207,0.2457002457002457,0.09090909090909091,0.31695331695331697,42.411167512690355,5.8452088452088455
2024-12-23,2,1,0,0,0,0,0,0,4,0,0,1,2024,12,23,0,358,52,4,0,1,0,0.0,1.0,-0.12020804489935275,0.9927487224577402,6.432490598706546e-16,1.0,-2.4492935982947064e-16,1.0,0.0,0.0,0.0,0.0,1.0,0.0,0.6666666666666666,1.1547005383792517,2.0,2.0,0.5714285714285714,0.9759000729485331,4.0,2.0,0.35714285714285715,0.744946343668491,5.0,2.0,0.25,0.5853140973807085,7.0,2.0,0.42857142857142855,0.9314142298314257,24.0,5.0,0.30952380952380953,0.7911588340093888,26.0,5.0,2.0,2.0,2.0,407,0.35872235872235875,0.1891891891891892,0.31203931203931207,0.2457002457002457,0.09090909090909091,0.31695331695331697,42.411167512690355,5.8452088452088455
2024-12-24,0,0,0,0,0,0,0,0,0,0,0,0,2024,12,24,1,359,52,4,0,0,0,0.7818314824680298,0.6234898018587336,-0.10310169744743544,0.9946708199115211,6.432490598706546e-16,1.0,-2.4492935982947064e-16,1.0,2.0,0.0,0.0,2.0,1.0,0.0,0.6666666666666666,1.1547005383792517,2.0,2.0,0.2857142857142857,0.7559289460184545,2.0,2.0,0.2857142857142857,0.7262730392025618,4.0,2.0,0.25,0.5853140973807085,7.0,2.0,0.42857142857142855,0.9314142298314257,24.0,5.0,0.30952380952380953,0.7911588340093888,26.0,5.0,-2.0,-2.0,0.0,407,0.35872235872235875,0.1891891891891892,0.31203931203931207,0.2457002457002457,0.09090909090909091,0.31695331695331697,42.411167512690355,5.8452088452088455
2024-12-25,0,0,0,0,0,0,0,0,0,0,0,0,2024,12,25,2,360,52,4,0,0,0,0.9749279121818236,-0.22252093395631434,-0.0859647987374467,0.9962981749346077,6.432490598706546e-16,1.0,-2.4492935982947064e-16,1.0,0.0,2.0,0.0,0.0,0.0,0.0,0.6666666666666666,1.1547005383792517,2.0,2.0,0.2857142857142857,0.7559289460184545,2.0,2.0,0.2857142857142857,0.7262730392025618,4.0,2.0,0.25,0.5853140973807085,7.0,2.0,0.4107142857142857,0.9298442824529224,23.0,5.0,0.30952380952380953,0.7911588340093888,26.0,5.0,0.0,0.0,0.0,407,0.35872235872235875,0.1891891891891892,0.31203931203931207,0.2457002457002457,0.09090909090909091,0.31695331695331697,42.411167512690355,5.8452088452088455
2024-12-26,0,0,0,0,0,0,0,0,0,0,0,0,2024,12,26,3,361,52,4,0,0,0,0.43388373911755823,-0.900968867902419,-0.06880242680232064,0.9976303053065857,6.432490598706546e-16,1.0,-2.4492935982947064e-16,1.0,0.0,0.0,2.0,0.0,0.0,0.0,0.0,0.0,0.0,0.0,0.2857142857142857,0.7559289460184545,2.0,2.0,0.2857142857142857,0.7262730392025618,4.0,2.0,0.25,0.5853140973807085,7.0,2.0,0.4107142857142857,0.9298442824529224,23.0,5.0,0.2976190476190476,0.7881618374689651,25.0,5.0,0.0,0.0,0.0,407,0.35872235872235875,0.1891891891891892,0.31203931203931207,0.2457002457002457,0.09090909090909091,0.31695331695331697,42.411167512690355,5.8452088452088455
2024-12-27,0,0,0,0,0,0,0,0,0,0,0,0,2024,12,27,4,362,52,4,0,0,1,-0.433883739117558,-0.9009688679024191,-0.05161966722325418,0.9986668162884759,6.432490598706546e-16,1.0,-2.4492935982947064e-16,1.0,0.0,0.0,0.0,0.0,0.0,0.0,0.0,0.0,0.0,0.0,0.2857142857142857,0.7559289460184545,2.0,2.0,0.2857142857142857,0.7262730392025618,4.0,2.0,0.25,0.5853140973807085,7.0,2.0,0.4107142857142857,0.9298442824529224,23.0,5.0,0.2976190476190476,0.7881618374689651,25.0,5.0,0.0,0.0,0.0,407,0.35872235872235875,0.1891891891891892,0.31203931203931207,0.2457002457002457,0.09090909090909091,0.31695331695331697,42.411167512690355,5.8452088452088455
2024-12-28,0,0,0,0,0,0,0,0,0,0,0,0,2024,12,28,5,363,52,4,1,0,0,-0.9749279121818236,-0.2225209339563146,-0.034421611622745804,0.9994074007397048,6.432490598706546e-16,1.0,-2.4492935982947064e-16,1.0,0.0,0.0,0.0,0.0,0.0,0.0,0.0,0.0,0.0,0.0,0.2857142857142857,0.7559289460184545,2.0,2.0,0.2857142857142857,0.7262730392025618,4.0,2.0,0.25,0.5853140973807085,7.0,2.0,0.4107142857142857,0.9298442824529224,23.0,5.0,0.2976190476190476,0.7881618374689651,25.0,5.0,0.0,0.0,0.0,407,0.35872235872235875,0.1891891891891892,0.31203931203931207,0.2457002457002457,0.09090909090909091,0.31695331695331697,42.411167512690355,5.8452088452088455
2024-12-29,1,1,0,1,0,0,0,0,2,0,0,0,2024,12,29,6,364,52,4,1,0,0,-0.7818314824680299,0.6234898018587334,-0.01721335615583528,0.9998518392091162,6.432490598706546e-16,1.0,-2.4492935982947064e-16,1.0,0.0,0.0,0.0,0.0,0.0,0.0,0.3333333333333333,0.5773502691896255,1.0,1.0,0.42857142857142855,0.7867957924694431,3.0,2.0,0.35714285714285715,0.744946343668491,5.0,2.0,0.2857142857142857,0.5998236072282922,8.0,2.0,0.4107142857142857,0.9298442824529224,23.0,5.0,0.30952380952380953,0.7911588340093888,26.0,5.0,1.0,1.0,1.0,407,0.35872235872235875,0.1891891891891892,0.31203931203931207,0.2457002457002457,0.09090909090909091,0.31695331695331697,42.411167512690355,5.8452088452088455
2024-12-30,1,0,0,0,0,0,0,0,2,0,0,0,2024,12,30,0,365,1,4,0,1,0,0.0,1.0,6.432490598706546e-16,1.0,0.12053668025532305,0.992708874098054,-2.4492935982947064e-16,1.0,1.0,0.0,0.0,2.0,0.0,0.0,0.6666666666666666,0.5773502691896262,2.0,1.0,0.2857142857142857,0.48795003647426666,2.0,1.0,0.42857142857142855,0.7559289460184534,6.0,2.0,0.32142857142857145,0.6118321864193034,9.0,2.0,0.42857142857142855,0.9314142298314257,24.0,5.0,0.32142857142857145,0.7939638892840726,27.0,5.0,0.0,-1.0,1.0,407,0.35872235872235875,0.1891891891891892,0.31203931203931207,0.2457002457002457,0.09090909090909091,0.31695331695331697,42.411167512690355,5.8452088452088455
2024-12-31,0,0,0,0,0,0,0,0,0,0,0,0,2024,12,31,1,366,1,4,0,0,0,0.7818314824680298,0.6234898018587336,0.017213356155833904,0.9998518392091162,0.12053668025532305,0.992708874098054,-2.4492935982947064e-16,1.0,1.0,1.0,0.0,0.0,2.0,0.0,0.6666666666666666,0.5773502691896262,2.0,1.0,0.2857142857142857,0.48795003647426666,2.0,1.0,0.2857142857142857,0.6112498455021252,4.0,2.0,0.32142857142857145,0.6118321864193034,9.0,2.0,0.42857142857142855,0.9314142298314257,24.0,5.0,0.32142857142857145,0.7939638892840726,27.0,5.0,-1.0,0.0,0.0,407,0.35872235872235875,0.1891891891891892,0.31203931203931207,0.2457002457002457,0.09090909090909091,0.31695331695331697,42.411167512690355,5.8452088452088455
2025-01-01,0,0,0,0,0,0,0,0,0,0,0,0,2025,1,1,2,1,1,1,0,0,0,0.9749279121818236,-0.22252093395631434,0.017213356155834685,0.9998518392091162,0.12053668025532305,0.992708874098054,0.49999999999999994,0.8660254037844387,0.0,1.0,1.0,0.0,0.0,0.0,0.3333333333333333,0.5773502691896255,1.0,1.0,0.2857142857142857,0.48795003647426666,2.0,1.0,0.2857142857142857,0.6112498455021252,4.0,2.0,0.32142857142857145,0.6118321864193034,9.0,2.0,0.3392857142857143,0.6948325034079855,19.0,3.0,0.32142857142857145,0.7939638892840726,27.0,5.0,0.0,0.0,0.0,407,0.35872235872235875,0.1891891891891892,0.31203931203931207,0.2457002457002457,0.09090909090909091,0.31695331695331697,42.411167512690355,5.8452088452088455
2025-01-02,0,0,0,0,0,0,0,0,0,0,0,0,2025,1,2,3,2,1,1,0,0,0,0.43388373911755823,-0.900968867902419,0.03442161162274574,0.9994074007397048,0.12053668025532305,0.992708874098054,0.49999999999999994,0.8660254037844387,0.0,0.0,1.0,0.0,0.0,0.0,0.0,0.0,0.0,0.0,0.2857142857142857,0.48795003647426666,2.0,1.0,0.2857142857142857,0.6112498455021252,4.0,2.0,0.32142857142857145,0.6118321864193034,9.0,2.0,0.3392857142857143,0.6948325034079855,19.0,3.0,0.32142857142857145,0.7939638892840726,27.0,5.0,0.0,0.0,0.0,407,0.35872235872235875,0.1891891891891892,0.31203931203931207,0.2457002457002457,0.09090909090909091,0.31695331695331697,42.411167512690355,5.8452088452088455
2025-01-03,0,0,0,0,0,0,0,0,0,0,0,0,2025,1,3,4,3,1,1,0,0,1,-0.433883739117558,-0.9009688679024191,0.051619667223253764,0.998666816288476,0.12053668025532305,0.992708874098054,0.49999999999999994,0.8660254037844387,0.0,0.0,0.0,0.0,0.0,1.0,0.0,0.0,0.0,0.0,0.2857142857142857,0.48795003647426666,2.0,1.0,0.2857142857142857,0.6112498455021252,4.0,2.0,0.2857142857142857,0.5998236072282922,8.0,2.0,0.32142857142857145,0.6903791542503127,18.0,3.0,0.32142857142857145,0.7939638892840726,27.0,5.0,0.0,0.0,-1.0,407,0.35872235872235875,0.1891891891891892,0.31203931203931207,0.2457002457002457,0.09090909090909091,0.31695331695331697,42.411167512690355,5.8452088452088455
2025-01-04,0,0,0,0,0,0,0,0,0,0,0,0,2025,1,4,5,4,1,1,1,0,0,-0.9749279121818236,-0.2225209339563146,0.06880242680231986,0.9976303053065857,0.12053668025532305,0.992708874098054,0.49999999999999994,0.8660254037844387,0.0,0.0,0.0,0.0,0.0,0.0,0.0,0.0,0.0,0.0,0.2857142857142857,0.48795003647426666,2.0,1.0,0.2857142857142857,0.6112498455021252,4.0,2.0,0.2857142857142857,0.5998236072282922,8.0,2.0,0.26785714285714285,0.5874775486177072,15.0,2.0,0.32142857142857145,0.7939638892840726,27.0,5.0,0.0,0.0,0.0,407,0.35872235872235875,0.1891891891891892,0.31203931203931207,0.2457002457002457,0.09090909090909091,0.31695331695331697,42.411167512690355,5.8452088452088455
2025-01-05,0,0,0,0,0,0,0,0,0,0,0,0,2025,1,5,6,5,1,1,1,0,0,-0.7818314824680299,0.6234898018587334,0.08596479873744647,0.9962981749346078,0.12053668025532305,0.992708874098054,0.49999999999999994,0.8660254037844387,0.0,0.0,0.0,1.0,0.0,0.0,0.0,0.0,0.0,0.0,0.14285714285714285,0.3779644730092275,1.0,1.0,0.2857142857142857,0.6112498455021252,4.0,2.0,0.2857142857142857,0.5998236072282922,8.0,2.0,0.26785714285714285,0.5874775486177072,15.0,2.0,0.32142857142857145,0.7939638892840726,27.0,5.0,0.0,-1.0,0.0,407,0.35872235872235875,0.1891891891891892,0.31203931203931207,0.2457002457002457,0.09090909090909091,0.31695331695331697,42.411167512690355,5.8452088452088455
2025-01-06,0,0,0,0,0,0,0,0,0,0,0,0,2025,1,6,0,6,2,1,0,1,0,0.0,1.0,0.10310169744743485,0.9946708199115211,0.23931566428755774,0.970941817426052,0.49999999999999994,0.8660254037844387,0.0,0.0,0.0,1.0,2.0,1.0,0.0,0.0,0.0,0.0,0.0,0.0,0.0,0.0,0.14285714285714285,0.36313651960127935,2.0,1.0,0.25,0.5853140973807085,7.0,2.0,0.26785714285714285,0.5874775486177072,15.0,2.0,0.32142857142857145,0.7939638892840726,27.0,5.0,0.0,-1.0,-1.0,407,0.35872235872235875,0.1891891891891892,0.31203931203931207,0.2457002457002457,0.09090909090909091,0.31695331695331697,42.411167512690355,5.8452088452088455
2025-01-07,0,0,0,0,0,0,0,0,0,0,0,0,2025,1,7,1,7,2,1,0,0,0,0.7818314824680298,0.6234898018587336,0.1202080448993527,0.9927487224577402,0.23931566428755774,0.970941817426052,0.49999999999999994,0.8660254037844387,0.0,0.0,0.0,0.0,0.0,1.0,0.0,0.0,0.0,0.0,0.0,0.0,0.0,0.0,0.14285714285714285,0.36313651960127935,2.0,1.0,0.21428571428571427,0.5681120688308985,6.0,2.0,0.26785714285714285,0.5874775486177072,15.0,2.0,0.32142857142857145,0.7939638892840726,27.0,5.0,0.0,0.0,-1.0,407,0.35872235872235875,0.1891891891891892,0.31203931203931207,0.2457002457002457,0.09090909090909091,0.31695331695331697,42.411167512690355,5.8452088452088455
2025-01-08,1,0,0,1,0,0,0,0,2,0,0,0,2025,1,8,2,8,2,1,0,0,0,0.9749279121818236,-0.22252093395631434,0.13727877211326478,0.9905324521322229,0.23931566428755774,0.970941817426052,0.49999999999999994,0.8660254037844387,0.0,0.0,0.0,0.0,0.0,0.0,0.3333333333333333,0.5773502691896255,1.0,1.0,0.14285714285714285,0.3779644730092275,1.0,1.0,0.21428571428571427,0.42581531362631825,3.0,1.0,0.25,0.5853140973807085,7.0,2.0,0.2857142857142857,0.5943456513231621,16.0,2.0,0.32142857142857145,0.7939638892840726,27.0,5.0,1.0,1.0,1.0,407,0.35872235872235875,0.1891891891891892,0.31203931203931207,0.2457002457002457,0.09090909090909091,0.31695331695331697,42.411167512690355,5.8452088452088455
2025-01-09,3,2,0,0,0,1,0,1,6,0,0,0,2025,1,9,3,9,2,1,0,0,0,0.43388373911755823,-0.900968867902419,0.15430882066428117,0.9880226656636976,0.23931566428755774,0.970941817426052,0.49999999999999994,0.8660254037844387,1.0,0.0,0.0,0.0,0.0,0.0,1.3333333333333333,1.5275252316519472,4.0,3.0,0.5714285714285714,1.1338934190276815,4.0,3.0,0.42857142857142855,0.8516306272526392,6.0,3.0,0.35714285714285715,0.7800420555749602,10.0,3.0,0.3392857142857143,0.6948325034079856,19.0,3.0,0.35714285714285715,0.8451542547285165,30.0,5.0,2.0,3.0,3.0,407,0.35872235872235875,0.1891891891891892,0.31203931203931207,0.2457002457002457,0.09090909090909091,0.31695331695331697,42.411167512690355,5.8452088452088455
2025-01-10,0,0,0,0,0,0,0,0,0,0,0,0,2025,1,10,4,10,2,1,0,0,1,-0.433883739117558,-0.9009688679024191,0.1712931441814776,0.9852201067560606,0.23931566428755774,0.970941817426052,0.49999999999999994,0.8660254037844387,3.0,1.0,0.0,0.0,0.0,0.0,1.3333333333333333,1.5275252316519472,4.0,3.0,0.5714285714285714,1.1338934190276815,4.0,3.0,0.42857142857142855,0.8516306272526392,6.0,3.0,0.35714285714285715,0.7800420555749602,10.0,3.0,0.3392857142857143,0.6948325034079856,19.0,3.0,0.35714285714285715,0.8451542547285165,30.0,5.0,-3.0,0.0,0.0,407,0.35872235872235875,0.1891891891891892,0.31203931203931207,0.2457002457002457,0.09090909090909091,0.31695331695331697,42.411167512690355,5.8452088452088455
2025-01-11,0,0,0,0,0,0,0,0,0,0,0,0,2025,1,11,5,11,2,1,1,0,0,-0.9749279121818236,-0.2225209339563146,0.1882267098432442,0.9821256058680006,0.23931566428755774,0.970941817426052,0.49999999999999994,0.8660254037844387,0.0,3.0,1.0,0.0,0.0,0.0,1.0,1.7320508075688776,3.0,3.0,0.5714285714285714,1.1338934190276815,4.0,3.0,0.42857142857142855,0.8516306272526392,6.0,3.0,0.35714285714285715,0.7800420555749602,10.0,3.0,0.3392857142857143,0.6948325034079856,19.0,3.0,0.35714285714285715,0.8451542547285165,30.0,5.0,0.0,0.0,0.0,407,0.35872235872235875,0.1891891891891892,0.31203931203931207,0.2457002457002457,0.09090909090909091,0.31695331695331697,42.411167512690355,5.8452088452088455
2025-01-12,0,0,0,0,0,0,0,0,0,0,0,0,2025,1,12,6,12,2,1,1,0,0,-0.7818314824680299,0.6234898018587334,0.2051044998686192,0.9787400799669153,0.23931566428755774,0.970941817426052,0.49999999999999994,0.8660254037844387,0.0,0.0,3.0,0.0,1.0,0.0,0.0,0.0,0.0,0.0,0.5714285714285714,1.1338934190276815,4.0,3.0,0.35714285714285715,0.8418973861410944,5.0,3.0,0.35714285714285715,0.7800420555749602,10.0,3.0,0.32142857142857145,0.6903791542503128,18.0,3.0,0.35714285714285715,0.8451542547285165,30.0,5.0,0.0,0.0,0.0,407,0.35872235872235875,0.1891891891891892,0.31203931203931207,0.2457002457002457,0.09090909090909091,0.31695331695331697,42.411167512690355,5.8452088452088455
2025-01-13,0,0,0,0,0,0,0,0,0,0,0,0,2025,1,13,0,13,3,1,0,1,0,0.0,1.0,0.2219215130041655,0.9750645322571948,0.3546048870425356,0.9350162426854148,0.49999999999999994,0.8660254037844387,0.0,0.0,0.0,0.0,1.0,0.0,0.0,0.0,0.0,0.0,0.5714285714285714,1.1338934190276815,4.0,3.0,0.2857142857142857,0.8254203058555559,4.0,3.0,0.35714285714285715,0.7800420555749602,10.0,3.0,0.32142857142857145,0.6903791542503128,18.0,3.0,0.35714285714285715,0.8451542547285165,30.0,5.0,0.0,0.0,0.0,407,0.35872235872235875,0.1891891891891892,0.31203931203931207,0.2457002457002457,0.09090909090909091,0.31695331695331697,42.411167512690355,5.8452088452088455
2025-01-14,0,0,0,0,0,0,0,0,0,0,0,0,2025,1,14,1,14,3,1,0,0,0,0.7818314824680298,0.6234898018587336,0.2386727660059501,0.9711000518829505,0.3546048870425356,0.9350162426854148,0.49999999999999994,0.8660254037844387,0.0,0.0,0.0,0.0,0.0,2.0,0.0,0.0,0.0,0.0,0.5714285714285714,1.1338934190276815,4.0,3.0,0.2857142857142857,0.8254203058555559,4.0,3.0,0.2857142857142857,0.7126966450997989,8.0,3.0,0.32142857142857145,0.6903791542503128,18.0,3.0,0.35714285714285715,0.8451542547285165,30.0,5.0,0.0,0.0,-2.0,407,0.35872235872235875,0.1891891891891892,0.31203931203931207,0.2457002457002457,0.09090909090909091,0.31695331695331697,42.411167512690355,5.8452088452088455
2025-01-15,0,0,0,0,0,0,0,0,0,0,0,0,2025,1,15,2,15,3,1,0,0,0,0.9749279121818236,-0.22252093395631434,0.255353295116187,0.9668478136052775,0.3546048870425356,0.9350162426854148,0.49999999999999994,0.8660254037844387,0.0,0.0,0.0,1.0,0.0,0.0,0.0,0.0,0.0,0.0,0.42857142857142855,1.1338934190276815,3.0,3.0,0.2857142857142857,0.8254203058555559,4.0,3.0,0.2857142857142857,0.7126966450997989,8.0,3.0,0.2857142857142857,0.6526668568067682,16.0,3.0,0.35714285714285715,0.8451542547285165,30.0,5.0,0.0,-1.0,0.0,407,0.35872235872235875,0.1891891891891892,0.31203931203931207,0.2457002457002457,0.09090909090909091,0.31695331695331697,42.411167512690355,5.8452088452088455
2025-01-16,2,0,0,0,0,4,0,2,6,0,0,2,2025,1,16,3,16,3,1,0,0,0,0.43388373911755823,-0.900968867902419,0.2719581575341055,0.9623090774541486,0.3546048870425356,0.9350162426854148,0.49999999999999994,0.8660254037844387,0.0,0.0,0.0,3.0,0.0,0.0,0.6666666666666666,1.1547005383792517,2.0,2.0,0.2857142857142857,0.7559289460184543,2.0,2.0,0.42857142857142855,0.9376144618769899,6.0,3.0,0.35714285714285715,0.7800420555749602,10.0,3.0,0.30357142857142855,0.6854233690247183,17.0,3.0,0.38095238095238093,0.8629560000058345,32.0,5.0,2.0,-1.0,2.0,407,0.35872235872235875,0.1891891891891892,0.31203931203931207,0.2457002457002457,0.09090909090909091,0.31695331695331697,42.411167512690355,5.8452088452088455
2025-01-17,0,0,0,0,0,0,0,0,0,0,0,0,2025,1,17,4,17,3,1,0,0,1,-0.433883739117558,-0.9009688679024191,0.288482432880609,0.9574851883550393,0.3546048870425356,0.9350162426854148,0.49999999999999994,0.8660254037844387,2.0,0.0,0.0,0.0,0.0,0.0,0.6666666666666666,1.1547005383792517,2.0,2.0,0.2857142857142857,0.7559289460184543,2.0,2.0,0.42857142857142855,0.9376144618769899,6.0,3.0,0.35714285714285715,0.7800420555749602,10.0,3.0,0.26785714285714285,0.6464187055285013,15.0,3.0,0.38095238095238093,0.8629560000058345,32.0,5.0,-2.0,0.0,0.0,407,0.35872235872235875,0.1891891891891892,0.31203931203931207,0.2457002457002457,0.09090909090909091,0.31695331695331697,42.411167512690355,5.8452088452088455
2025-01-18,2,0,2,0,0,0,0,0,4,2,2,2,2025,1,18,5,18,3,1,1,0,0,-0.9749279121818236,-0.2225209339563146,0.30492122465628907,0.9523775757303974,0.3546048870425356,0.9350162426854148,0.49999999999999994,0.8660254037844387,0.0,2.0,0.0,0.0,0.0,0.0,1.3333333333333333,1.1547005383792524,4.0,2.0,0.5714285714285714,0.975900072948533,4.0,2.0,0.5714285714285714,1.0163498575623608,8.0,3.0,0.42857142857142855,0.8357108940373454,12.0,3.0,0.30357142857142855,0.6854233690247183,17.0,3.0,0.40476190476190477,0.8797459603066365,34.0,5.0,2.0,2.0,2.0,407,0.35872235872235875,0.1891891891891892,0.31203931203931207,0.2457002457002457,0.09090909090909091,0.31695331695331697,42.411167512690355,5.8452088452088455
2025-01-19,0,0,0,0,0,0,0,0,0,0,0,0,2025,1,19,6,19,3,1,1,0,0,-0.7818314824680299,0.6234898018587334,0.3212696616923644,0.9469877530760753,0.3546048870425356,0.9350162426854148,0.49999999999999994,0.8660254037844387,2.0,0.0,2.0,0.0,0.0,0.0,0.6666666666666666,1.1547005383792517,2.0,2.0,0.5714285714285714,0.975900072948533,4.0,2.0,0.5714285714285714,1.0163498575623608,8.0,3.0,0.42857142857142855,0.8357108940373454,12.0,3.0,0.30357142857142855,0.6854233690247183,17.0,3.0,0.40476190476190477,0.8797459603066365,34.0,5.0,-2.0,0.0,0.0,407,0.35872235872235875,0.1891891891891892,0.31203931203931207,0.2457002457002457,0.09090909090909091,0.31695331695331697,42.411167512690355,5.8452088452088455
2025-01-20,0,0,0,0,0,0,0,0,0,0,0,0,2025,1,20,0,20,4,1,0,1,0,0.0,1.0,0.3375228995941133,0.9413173175128471,0.4647231720437685,0.8854560256532099,0.49999999999999994,0.8660254037844387,0.0,2.0,0.0,0.0,0.0,2.0,0.6666666666666666,1.1547005383792517,2.0,2.0,0.5714285714285714,0.975900072948533,4.0,2.0,0.5714285714285714,1.0163498575623608,8.0,3.0,0.35714285714285715,0.7800420555749602,10.0,3.0,0.30357142857142855,0.6854233690247183,17.0,3.0,0.40476190476190477,0.8797459603066365,34.0,5.0,0.0,0.0,-2.0,407,0.35872235872235875,0.1891891891891892,0.31203931203931207,0.2457002457002457,0.09090909090909091,0.31695331695331697,42.411167512690355,5.8452088452088455
2025-01-21,0,0,0,0,0,0,0,0,0,0,0,0,2025,1,21,1,21,4,1,0,0,0,0.7818314824680298,0.6234898018587336,0.3536761221763716,0.9353679493131483,0.4647231720437685,0.8854560256532099,0.49999999999999994,0.8660254037844387,0.0,0.0,2.0,0.0,0.0,0.0,0.0,0.0,0.0,0.0,0.5714285714285714,0.975900072948533,4.0,2.0,0.5714285714285714,1.0163498575623608,8.0,3.0,0.35714285714285715,0.7800420555749602,10.0,3.0,0.30357142857142855,0.6854233690247183,17.0,3.0,0.40476190476190477,0.8797459603066365,34.0,5.0,0.0,0.0,0.0,407,0.35872235872235875,0.1891891891891892,0.31203931203931207,0.2457002457002457,0.09090909090909091,0.31695331695331697,42.411167512690355,5.8452088452088455
2025-01-22,1,0,0,0,0,0,0,0,2,0,0,0,2025,1,22,2,22,4,1,0,0,0,0.9749279121818236,-0.22252093395631434,0.3697245428906731,0.9291414114031743,0.4647231720437685,0.8854560256532099,0.49999999999999994,0.8660254037844387,0.0,0.0,0.0,0.0,1.0,0.0,0.3333333333333333,0.5773502691896255,1.0,1.0,0.7142857142857143,0.9511897312113415,5.0,2.0,0.5714285714285714,1.0163498575623608,8.0,3.0,0.39285714285714285,0.7859547491585432,11.0,3.0,0.32142857142857145,0.6903791542503127,18.0,3.0,0.40476190476190477,0.8797459603066365,34.0,5.0,1.0,1.0,1.0,407,0.35872235872235875,0.1891891891891892,0.31203931203931207,0.2457002457002457,0.09090909090909091,0.31695331695331697,42.411167512690355,5.8452088452088455
2025-01-23,0,0,0,0,0,0,0,0,0,0,0,0,2025,1,23,3,23,4,1,0,0,0,0.43388373911755823,-0.900968867902419,0.38566340624360707,0.9226395488404876,0.4647231720437685,0.8854560256532099,0.49999999999999994,0.8660254037844387,1.0,0.0,0.0,2.0,3.0,0.0,0.3333333333333333,0.5773502691896255,1.0,1.0,0.42857142857142855,0.7867957924694429,3.0,2.0,0.35714285714285715,0.7449463436684908,5.0,2.0,0.39285714285714285,0.7859547491585432,11.0,3.0,0.32142857142857145,0.6903791542503127,18.0,3.0,0.40476190476190477,0.8797459603066365,34.0,5.0,-1.0,-2.0,0.0,407,0.35872235872235875,0.1891891891891892,0.31203931203931207,0.2457002457002457,0.09090909090909091,0.31695331695331697,42.411167512690355,5.8452088452088455
2025-01-24,0,0,0,0,0,0,0,0,0,0,0,0,2025,1,24,4,24,4,1,0,0,1,-0.433883739117558,-0.9009688679024191,0.401487989205973,0.9158642882672872,0.4647231720437685,0.8854560256532099,0.49999999999999994,0.8660254037844387,0.0,1.0,0.0,0.0,0.0,0.0,0.3333333333333333,0.5773502691896255,1.0,1.0,0.42857142857142855,0.7867957924694429,3.0,2.0,0.35714285714285715,0.7449463436684908,5.0,2.0,0.39285714285714285,0.7859547491585432,11.0,3.0,0.32142857142857145,0.6903791542503127,18.0,3.0,0.40476190476190477,0.8797459603066365,34.0,5.0,0.0,0.0,0.0,407,0.35872235872235875,0.1891891891891892,0.31203931203931207,0.2457002457002457,0.09090909090909091,0.31695331695331697,42.411167512690355,5.8452088452088455
2025-01-25,0,0,0,0,0,0,0,0,0,0,0,0,2025,1,25,5,25,4,1,1,0,0,-0.9749279121818236,-0.2225209339563146,0.4171936026123168,0.9088176373395029,0.4647231720437685,0.8854560256532099,0.49999999999999994,0.8660254037844387,0.0,0.0,1.0,2.0,0.0,0.0,0.0,0.0,0.0,0.0,0.14285714285714285,0.37796447300922686,1.0,1.0,0.35714285714285715,0.7449463436684908,5.0,2.0,0.39285714285714285,0.7859547491585432,11.0,3.0,0.32142857142857145,0.6903791542503127,18.0,3.0,0.40476190476190477,0.8797459603066365,34.0,5.0,0.0,-2.0,0.0,407,0.35872235872235875,0.1891891891891892,0.31203931203931207,0.2457002457002457,0.09090909090909091,0.31695331695331697,42.411167512690355,5.8452088452088455
2025-01-26,0,0,0,0,0,0,0,0,0,0,0,0,2025,1,26,6,26,4,1,1,0,0,-0.7818314824680299,0.6234898018587334,0.4327755925504312,0.901501684131884,0.4647231720437685,0.8854560256532099,0.49999999999999994,0.8660254037844387,0.0,0.0,0.0,0.0,0.0,1.0,0.0,0.0,0.0,0.0,0.14285714285714285,0.37796447300922686,1.0,1.0,0.35714285714285715,0.7449463436684908,5.0,2.0,0.35714285714285715,0.7800420555749602,10.0,3.0,0.32142857142857145,0.6903791542503127,18.0,3.0,0.39285714285714285,0.8783590552549481,33.0,5.0,0.0,0.0,-1.0,407,0.35872235872235875,0.1891891891891892,0.31203931203931207,0.2457002457002457,0.09090909090909091,0.31695331695331697,42.411167512690355,5.8452088452088455
2025-01-27,0,0,0,0,0,0,0,0,0,0,0,0,2025,1,27,0,27,5,1,0,1,0,0.0,1.0,0.4482293417404106,0.893918596519257,0.5680647467311558,0.8229838658936564,0.49999999999999994,0.8660254037844387,0.0,0.0,0.0,0.0,0.0,1.0,0.0,0.0,0.0,0.0,0.14285714285714285,0.37796447300922686,1.0,1.0,0.35714285714285715,0.7449463436684908,5.0,2.0,0.32142857142857145,0.7723735149271028,9.0,3.0,0.32142857142857145,0.6903791542503127,18.0,3.0,0.39285714285714285,0.8783590552549481,33.0,5.0,0.0,0.0,-1.0,407,0.35872235872235875,0.1891891891891892,0.31203931203931207,0.2457002457002457,0.09090909090909091,0.31695331695331697,42.411167512690355,5.8452088452088455
2025-01-28,0,0,0,0,0,0,0,0,0,0,0,0,2025,1,28,1,28,5,1,0,0,0,0.7818314824680298,0.6234898018587336,0.4635502709028509,0.886070621534138,0.5680647467311558,0.8229838658936564,0.49999999999999994,0.8660254037844387,0.0,0.0,0.0,0.0,0.0,0.0,0.0,0.0,0.0,0.0,0.14285714285714285,0.37796447300922686,1.0,1.0,0.35714285714285715,0.7449463436684908,5.0,2.0,0.32142857142857145,0.7723735149271028,9.0,3.0,0.32142857142857145,0.6903791542503127,18.0,3.0,0.39285714285714285,0.8783590552549481,33.0,5.0,0.0,0.0,0.0,407,0.35872235872235875,0.1891891891891892,0.31203931203931207,0.2457002457002457,0.09090909090909091,0.31695331695331697,42.411167512690355,5.8452088452088455
2025-01-29,0,0,0,0,0,0,0,0,0,0,0,0,2025,1,29,2,29,5,1,0,0,0,0.9749279121818236,-0.22252093395631434,0.47873384011578846,0.8779600847008882,0.5680647467311558,0.8229838658936564,0.49999999999999994,0.8660254037844387,0.0,0.0,0.0,1.0,0.0,0.0,0.0,0.0,0.0,0.0,0.0,0.0,0.0,0.0,0.35714285714285715,0.7449463436684908,5.0,2.0,0.32142857142857145,0.7723735149271028,9.0,3.0,0.32142857142857145,0.6903791542503127,18.0,3.0,0.3333333333333333,0.7169771439171533,28.0,3.0,0.0,-1.0,0.0,407,0.35872235872235875,0.1891891891891892,0.31203931203931207,0.2457002457002457,0.09090909090909091,0.31695331695331697,42.411167512690355,5.8452088452088455
2025-01-30,0,0,0,0,0,0,0,0,0,0,0,0,2025,1,30,3,30,5,1,0,0,0,0.43388373911755823,-0.900968867902419,0.49377555015997715,0.869589389346611,0.5680647467311558,0.8229838658936564,0.49999999999999994,0.8660254037844387,0.0,0.0,0.0,0.0,2.0,0.0,0.0,0.0,0.0,0.0,0.0,0.0,0.0,0.0,0.21428571428571427,0.578934223521838,3.0,2.0,0.32142857142857145,0.7723735149271028,9.0,3.0,0.32142857142857145,0.6903791542503127,18.0,3.0,0.3333333333333333,0.7169771439171533,28.0,3.0,0.0,0.0,0.0,407,0.35872235872235875,0.1891891891891892,0.31203931203931207,0.2457002457002457,0.09090909090909091,0.31695331695331697,42.411167512690355,5.8452088452088455
2025-01-31,0,0,0,0,0,0,0,0,0,0,0,0,2025,1,31,4,31,5,1,0,0,1,-0.433883739117558,-0.9009688679024191,0.5086709438521044,0.8609610158889943,0.5680647467311558,0.8229838658936564,0.49999999999999994,0.8660254037844387,0.0,0.0,0.0,0.0,0.0,0.0,0.0,0.0,0.0,0.0,0.0,0.0,0.0,0.0,0.21428571428571427,0.578934223521838,3.0,2.0,0.32142857142857145,0.7723735149271028,9.0,3.0,0.30357142857142855,0.6854233690247183,17.0,3.0,0.32142857142857145,0.7140705355749163,27.0,3.0,0.0,0.0,0.0,407,0.35872235872235875,0.1891891891891892,0.31203931203931207,0.2457002457002457,0.09090909090909091,0.31695331695331697,42.411167512690355,5.8452088452088455
2025-02-01,0,0,0,0,0,0,0,0,0,0,0,0,2025,2,1,5,32,5,1,1,0,0,-0.9749279121818236,-0.2225209339563146,0.5234156073655503,0.8520775211013093,0.5680647467311558,0.8229838658936564,0.8660254037844386,0.5000000000000001,0.0,0.0,0.0,0.0,2.0,0.0,0.0,0.0,0.0,0.0,0.0,0.0,0.0,0.0,0.07142857142857142,0.26726124191242123,1.0,1.0,0.32142857142857145,0.7723735149271028,9.0,3.0,0.30357142857142855,0.6854233690247183,17.0,3.0,0.2857142857142857,0.6506980231903436,24.0,3.0,0.0,0.0,0.0,407,0.35872235872235875,0.1891891891891892,0.31203931203931207,0.2457002457002457,0.09090909090909091,0.31695331695331697,42.411167512690355,5.8452088452088455
2025-02-02,0,0,0,0,0,0,0,0,0,0,0,0,2025,2,2,6,33,5,1,1,0,0,-0.7818314824680299,0.6234898018587334,0.5380051715382996,0.8429415373547828,0.5680647467311558,0.8229838658936564,0.8660254037844386,0.5000000000000001,0.0,0.0,0.0,0.0,0.0,0.0,0.0,0.0,0.0,0.0,0.0,0.0,0.0,0.0,0.07142857142857142,0.26726124191242123,1.0,1.0,0.32142857142857145,0.7723735149271028,9.0,3.0,0.30357142857142855,0.6854233690247183,17.0,3.0,0.2857142857142857,0.6506980231903436,24.0,3.0,0.0,0.0,0.0,407,0.35872235872235875,0.1891891891891892,0.31203931203931207,0.2457002457002457,0.09090909090909091,0.31695331695331697,42.411167512690355,5.8452088452088455
2025-02-03,1,1,0,1,0,0,0,0,4,0,0,1,2025,2,3,0,34,6,1,0,1,0,0.0,1.0,0.5524353131676196,0.8335557718385699,0.6631226582407952,0.7485107481711011,0.8660254037844386,0.5000000000000001,0.0,0.0,0.0,0.0,0.0,0.0,0.3333333333333333,0.5773502691896255,1.0,1.0,0.14285714285714285,0.37796447300922686,1.0,1.0,0.14285714285714285,0.36313651960127913,2.0,1.0,0.35714285714285715,0.7800420555749602,10.0,3.0,0.30357142857142855,0.6854233690247183,17.0,3.0,0.2976190476190476,0.6545441144072003,25.0,3.0,1.0,1.0,1.0,407,0.35872235872235875,0.1891891891891892,0.31203931203931207,0.2457002457002457,0.09090909090909091,0.31695331695331697,42.411167512690355,5.8452088452088455
2025-02-04,0,0,0,0,0,0,0,0,0,0,0,0,2025,2,4,1,35,6,1,0,0,0,0.7818314824680298,0.6234898018587336,0.5667017562911176,0.8239230057575542,0.6631226582407952,0.7485107481711011,0.8660254037844386,0.5000000000000001,1.0,0.0,0.0,0.0,0.0,0.0,0.3333333333333333,0.5773502691896255,1.0,1.0,0.14285714285714285,0.37796447300922686,1.0,1.0,0.14285714285714285,0.36313651960127913,2.0,1.0,0.35714285714285715,0.7800420555749602,10.0,3.0,0.2857142857142857,0.6799541619386287,16.0,3.0,0.2976190476190476,0.6545441144072003,25.0,3.0,-1.0,0.0,0.0,407,0.35872235872235875,0.1891891891891892,0.31203931203931207,0.2457002457002457,0.09090909090909091,0.31695331695331697,42.411167512690355,5.8452088452088455
2025-02-05,0,0,0,0,0,0,0,0,0,0,0,0,2025,2,5,2,36,6,1,0,0,0,0.9749279121818236,-0.22252093395631434,0.5808002734538009,0.8140460935082178,0.6631226582407952,0.7485107481711011,0.8660254037844386,0.5000000000000001,0.0,1.0,0.0,0.0,1.0,1.0,0.3333333333333333,0.5773502691896255,1.0,1.0,0.14285714285714285,0.37796447300922686,1.0,1.0,0.07142857142857142,0.26726124191242123,1.0,1.0,0.32142857142857145,0.7723735149271028,9.0,3.0,0.2857142857142857,0.6799541619386287,16.0,3.0,0.2976190476190476,0.6545441144072003,25.0,3.0,0.0,0.0,-1.0,407,0.35872235872235875,0.1891891891891892,0.31203931203931207,0.2457002457002457,0.09090909090909091,0.31695331695331697,42.411167512690355,5.8452088452088455
2025-02-06,0,0,0,0,0,0,0,0,0,0,0,0,2025,2,6,3,37,6,1,0,0,0,0.43388373911755823,-0.900968867902419,0.5947266869607634,0.8039279618328213,0.6631226582407952,0.7485107481711011,0.8660254037844386,0.5000000000000001,0.0,0.0,1.0,0.0,0.0,3.0,0.0,0.0,0.0,0.0,0.14285714285714285,0.37796447300922686,1.0,1.0,0.07142857142857142,0.26726124191242123,1.0,1.0,0.21428571428571427,0.5681120688308987,6.0,2.0,0.2857142857142857,0.6799541619386287,16.0,3.0,0.2976190476190476,0.6545441144072003,25.0,3.0,0.0,0.0,-3.0,407,0.35872235872235875,0.1891891891891892,0.31203931203931207,0.2457002457002457,0.09090909090909091,0.31695331695331697,42.411167512690355,5.8452088452088455
2025-02-07,0,0,0,0,0,0,0,0,0,0,0,0,2025,2,7,4,38,6,1,0,0,1,-0.433883739117558,-0.9009688679024191,0.6084768701151261,0.7935716089521474,0.6631226582407952,0.7485107481711011,0.8660254037844386,0.5000000000000001,0.0,0.0,0.0,0.0,0.0,0.0,0.0,0.0,0.0,0.0,0.14285714285714285,0.37796447300922686,1.0,1.0,0.07142857142857142,0.26726124191242123,1.0,1.0,0.21428571428571427,0.5681120688308987,6.0,2.0,0.2857142857142857,0.6799541619386287,16.0,3.0,0.2976190476190476,0.6545441144072003,25.0,3.0,0.0,0.0,0.0,407,0.35872235872235875,0.1891891891891892,0.31203931203931207,0.2457002457002457,0.09090909090909091,0.31695331695331697,42.411167512690355,5.8452088452088455
2025-02-08,0,0,0,0,0,0,0,0,0,0,0,0,2025,2,8,5,39,6,1,1,0,0,-0.9749279121818236,-0.2225209339563146,0.6220467484408675,0.7829801036770629,0.6631226582407952,0.7485107481711011,0.8660254037844386,0.5000000000000001,0.0,0.0,0.0,0.0,0.0,0.0,0.0,0.0,0.0,0.0,0.14285714285714285,0.37796447300922686,1.0,1.0,0.07142857142857142,0.26726124191242123,1.0,1.0,0.21428571428571427,0.5681120688308987,6.0,2.0,0.2857142857142857,0.6799541619386287,16.0,3.0,0.2976190476190476,0.6545441144072003,25.0,3.0,0.0,0.0,0.0,407,0.35872235872235875,0.1891891891891892,0.31203931203931207,0.2457002457002457,0.09090909090909091,0.31695331695331697,42.411167512690355,5.8452088452088455
2025-02-09,0,0,0,0,0,0,0,0,0,0,0,0,2025,2,9,6,40,6,1,1,0,0,-0.7818314824680299,0.6234898018587334,0.6354323008901774,0.7721565844991642,0.6631226582407952,0.7485107481711011,0.8660254037844386,0.5000000000000001,0.0,0.0,0.0,0.0,0.0,0.0,0.0,0.0,0.0,0.0,0.14285714285714285,0.37796447300922686,1.0,1.0,0.07142857142857142,0.26726124191242123,1.0,1.0,0.21428571428571427,0.5681120688308987,6.0,2.0,0.2857142857142857,0.6799541619386287,16.0,3.0,0.2857142857142857,0.6506980231903436,24.0,3.0,0.0,0.0,0.0,407,0.35872235872235875,0.1891891891891892,0.31203931203931207,0.2457002457002457,0.09090909090909091,0.31695331695331697,42.411167512690355,5.8452088452088455
2025-02-10,0,0,0,0,0,0,0,0,0,0,0,0,2025,2,10,0,41,7,1,0,1,0,0.0,1.0,0.6486295610349814,0.7611042586607747,0.7485107481711011,0.6631226582407953,0.8660254037844386,0.5000000000000001,0.0,0.0,0.0,1.0,0.0,0.0,0.0,0.0,0.0,0.0,0.0,0.0,0.0,0.0,0.07142857142857142,0.26726124191242123,1.0,1.0,0.21428571428571427,0.5681120688308987,6.0,2.0,0.2857142857142857,0.6799541619386287,16.0,3.0,0.2857142857142857,0.6506980231903436,24.0,3.0,0.0,-1.0,0.0,407,0.35872235872235875,0.1891891891891892,0.31203931203931207,0.2457002457002457,0.09090909090909091,0.31695331695331697,42.411167512690355,5.8452088452088455
2025-02-11,1,0,1,0,0,0,0,0,2,0,0,1,2025,2,11,1,42,7,1,0,0,0,0.7818314824680298,0.6234898018587336,0.6616346182422783,0.7498264012045686,0.7485107481711011,0.6631226582407953,0.8660254037844386,0.5000000000000001,0.0,0.0,0.0,0.0,0.0,0.0,0.3333333333333333,0.5773502691896255,1.0,1.0,0.14285714285714285,0.37796447300922686,1.0,1.0,0.14285714285714285,0.36313651960127913,2.0,1.0,0.25,0.5853140973807085,7.0,2.0,0.26785714285714285,0.6464187055285013,15.0,3.0,0.2976190476190476,0.6545441144072003,25.0,3.0,1.0,1.0,1.0,407,0.35872235872235875,0.1891891891891892,0.31203931203931207,0.2457002457002457,0.09090909090909091,0.31695331695331697,42.411167512690355,5.8452088452088455
2025-02-12,0,0,0,0,0,0,0,0,0,0,0,0,2025,2,12,2,43,7,1,0,0,0,0.9749279121818236,-0.22252093395631434,0.6744436188329455,0.7383263540031065,0.7485107481711011,0.6631226582407953,0.8660254037844386,0.5000000000000001,1.0,0.0,0.0,0.0,0.0,0.0,0.3333333333333333,0.5773502691896255,1.0,1.0,0.14285714285714285,0.37796447300922686,1.0,1.0,0.14285714285714285,0.36313651960127913,2.0,1.0,0.25,0.5853140973807085,7.0,2.0,0.26785714285714285,0.6464187055285013,15.0,3.0,0.27380952380952384,0.6276978491182859,23.0,3.0,-1.0,0.0,0.0,407,0.35872235872235875,0.1891891891891892,0.31203931203931207,0.2457002457002457,0.09090909090909091,0.31695331695331697,42.411167512690355,5.8452088452088455
2025-02-13,0,0,0,0,0,0,0,0,0,0,0,0,2025,2,13,3,44,7,1,0,0,0,0.43388373911755823,-0.900968867902419,0.6870527672236669,0.7266075247685656,0.7485107481711011,0.6631226582407953,0.8660254037844386,0.5000000000000001,0.0,1.0,0.0,0.0,0.0,2.0,0.3333333333333333,0.5773502691896255,1.0,1.0,0.14285714285714285,0.37796447300922686,1.0,1.0,0.14285714285714285,0.36313651960127913,2.0,1.0,0.17857142857142858,0.47559486560567193,5.0,2.0,0.26785714285714285,0.6464187055285013,15.0,3.0,0.2619047619047619,0.6232261114564661,22.0,3.0,0.0,0.0,-2.0,407,0.35872235872235875,0.1891891891891892,0.31203931203931207,0.2457002457002457,0.09090909090909091,0.31695331695331697,42.411167512690355,5.8452088452088455
2025-02-14,1,0,1,0,0,1,0,1,1,0,0,1,2025,2,14,4,45,7,1,0,0,1,-0.433883739117558,-0.9009688679024191,0.699458327051647,0.7146733860429609,0.7485107481711011,0.6631226582407953,0.8660254037844386,0.5000000000000001,0.0,0.0,1.0,0.0,0.0,0.0,0.3333333333333333,0.5773502691896255,1.0,1.0,0.2857142857142857,0.48795003647426627,2.0,1.0,0.21428571428571427,0.425815313626318,3.0,1.0,0.21428571428571427,0.4986754943620647,6.0,2.0,0.2857142857142857,0.6526668568067682,16.0,3.0,0.25,0.5986933563517797,21.0,3.0,1.0,1.0,1.0,407,0.35872235872235875,0.1891891891891892,0.31203931203931207,0.2457002457002457,0.09090909090909091,0.31695331695331697,42.411167512690355,5.8452088452088455
2025-02-15,0,0,0,0,0,0,0,0,0,0,0,0,2025,2,15,5,46,7,1,1,0,0,-0.9749279121818236,-0.2225209339563146,0.7116566222817746,0.7025274741691571,0.7485107481711011,0.6631226582407953,0.8660254037844386,0.5000000000000001,1.0,0.0,0.0,0.0,0.0,2.0,0.3333333333333333,0.5773502691896255,1.0,1.0,0.2857142857142857,0.48795003647426627,2.0,1.0,0.21428571428571427,0.425815313626318,3.0,1.0,0.14285714285714285,0.3563483225499005,4.0,1.0,0.2857142857142857,0.6526668568067682,16.0,3.0,0.25,0.5986933563517797,21.0,3.0,-1.0,0.0,-2.0,407,0.35872235872235875,0.1891891891891892,0.31203931203931207,0.2457002457002457,0.09090909090909091,0.31695331695331697,42.411167512690355,5.8452088452088455
2025-02-16,0,0,0,0,0,0,0,0,0,0,0,0,2025,2,16,6,47,7,1,1,0,0,-0.7818314824680299,0.6234898018587334,0.7236440382959124,0.6901733882429719,0.7485107481711011,0.6631226582407953,0.8660254037844386,0.5000000000000001,0.0,1.0,0.0,0.0,0.0,0.0,0.3333333333333333,0.5773502691896255,1.0,1.0,0.2857142857142857,0.48795003647426627,2.0,1.0,0.21428571428571427,0.425815313626318,3.0,1.0,0.14285714285714285,0.3563483225499005,4.0,1.0,0.2857142857142857,0.6526668568067682,16.0,3.0,0.25,0.5986933563517797,21.0,3.0,0.0,0.0,0.0,407,0.35872235872235875,0.1891891891891892,0.31203931203931207,0.2457002457002457,0.09090909090909091,0.31695331695331697,42.411167512690355,5.8452088452088455
2025-02-17,1,1,0,1,0,0,0,0,1,0,0,0,2025,2,17,0,48,8,1,0,1,0,0.0,1.0,0.7354170229639855,0.6776147890466889,0.8229838658936564,0.5680647467311559,0.8660254037844386,0.5000000000000001,0.0,0.0,1.0,0.0,1.0,0.0,0.3333333333333333,0.5773502691896255,1.0,1.0,0.42857142857142855,0.5345224838248483,3.0,1.0,0.21428571428571427,0.425815313626318,3.0,1.0,0.17857142857142858,0.39002102778748104,5.0,1.0,0.26785714285714285,0.6176516060802456,15.0,3.0,0.2619047619047619,0.6035846257642575,22.0,3.0,1.0,1.0,1.0,407,0.35872235872235875,0.1891891891891892,0.31203931203931207,0.2457002457002457,0.09090909090909091,0.31695331695331697,42.411167512690355,5.8452088452088455
2025-02-18,0,0,0,0,0,0,0,0,0,0,0,0,2025,2,18,1,49,8,1,0,0,0,0.7818314824680298,0.6234898018587336,0.7469720876965552,0.6648553979642865,0.8229838658936564,0.5680647467311559,0.8660254037844386,0.5000000000000001,1.0,0.0,0.0,1.0,0.0,0.0,0.3333333333333333,0.5773502691896255,1.0,1.0,0.2857142857142857,0.48795003647426627,2.0,1.0,0.21428571428571427,0.425815313626318,3.0,1.0,0.17857142857142858,0.39002102778748104,5.0,1.0,0.26785714285714285,0.6176516060802456,15.0,3.0,0.2619047619047619,0.6035846257642575,22.0,3.0,-1.0,-1.0,0.0,407,0.35872235872235875,0.1891891891891892,0.31203931203931207,0.2457002457002457,0.09090909090909091,0.31695331695331697,42.411167512690355,5.8452088452088455
2025-02-19,1,0,0,0,0,1,0,1,1,0,0,1,2025,2,19,2,50,8,1,0,0,0,0.9749279121818236,-0.22252093395631434,0.7583058084785624,0.6518989958787126,0.8229838658936564,0.5680647467311559,0.8660254037844386,0.5000000000000001,0.0,1.0,0.0,0.0,0.0,1.0,0.6666666666666666,0.5773502691896262,2.0,1.0,0.42857142857142855,0.5345224838248483,3.0,1.0,0.2857142857142857,0.4688072309384935,4.0,1.0,0.17857142857142858,0.39002102778748104,5.0,1.0,0.2857142857142857,0.6241877839323596,16.0,3.0,0.27380952380952384,0.6082007927038189,23.0,3.0,1.0,1.0,0.0,407,0.35872235872235875,0.1891891891891892,0.31203931203931207,0.2457002457002457,0.09090909090909091,0.31695331695331697,42.411167512690355,5.8452088452088455
2025-02-20,0,0,0,0,0,0,0,0,0,0,0,0,2025,2,20,3,51,8,1,0,0,0,0.43388373911755823,-0.900968867902419,0.7694148268839378,0.6387494220515272,0.8229838658936564,0.5680647467311559,0.8660254037844386,0.5000000000000001,1.0,0.0,1.0,0.0,0.0,0.0,0.3333333333333333,0.5773502691896255,1.0,1.0,0.42857142857142855,0.5345224838248483,3.0,1.0,0.2857142857142857,0.4688072309384935,4.0,1.0,0.17857142857142858,0.39002102778748104,5.0,1.0,0.2857142857142857,0.6241877839323596,16.0,3.0,0.27380952380952384,0.6082007927038189,23.0,3.0,-1.0,0.0,0.0,407,0.35872235872235875,0.1891891891891892,0.31203931203931207,0.2457002457002457,0.09090909090909091,0.31695331695331697,42.411167512690355,5.8452088452088455
2025-02-21,1,0,0,0,0,0,0,0,1,0,0,0,2025,2,21,4,52,8,1,0,0,1,-0.433883739117558,-0.9009688679024191,0.7802958510707755,0.6254105729852463,0.8229838658936564,0.5680647467311559,0.8660254037844386,0.5000000000000001,0.0,1.0,0.0,1.0,0.0,0.0,0.6666666666666666,0.5773502691896262,2.0,1.0,0.42857142857142855,0.5345224838248483,3.0,1.0,0.35714285714285715,0.4972451580988451,5.0,1.0,0.21428571428571427,0.4178554470186736,6.0,1.0,0.30357142857142855,0.6301411921767395,17.0,3.0,0.2857142857142857,0.6125480767249896,24.0,3.0,1.0,0.0,1.0,407,0.35872235872235875,0.1891891891891892,0.31203931203931207,0.2457002457002457,0.09090909090909091,0.31695331695331697,42.411167512690355,5.8452088452088455
2025-02-22,0,0,0,0,0,0,0,0,0,0,0,0,2025,2,22,5,53,8,1,1,0,0,-0.9749279121818236,-0.2225209339563146,0.7909456567567772,0.6118864012687243,0.8229838658936564,0.5680647467311559,0.8660254037844386,0.5000000000000001,1.0,0.0,1.0,0.0,0.0,0.0,0.3333333333333333,0.5773502691896255,1.0,1.0,0.42857142857142855,0.5345224838248483,3.0,1.0,0.35714285714285715,0.4972451580988451,5.0,1.0,0.21428571428571427,0.4178554470186736,6.0,1.0,0.30357142857142855,0.6301411921767395,17.0,3.0,0.2857142857142857,0.6125480767249896,24.0,3.0,-1.0,0.0,0.0,407,0.35872235872235875,0.1891891891891892,0.31203931203931207,0.2457002457002457,0.09090909090909091,0.31695331695331697,42.411167512690355,5.8452088452088455
2025-02-23,0,0,0,0,0,0,0,0,0,0,0,0,2025,2,23,6,54,8,1,1,0,0,-0.7818314824680299,0.6234898018587334,0.8013610881746766,0.5981809144059165,0.8229838658936564,0.5680647467311559,0.8660254037844386,0.5000000000000001,0.0,1.0,0.0,0.0,0.0,0.0,0.3333333333333333,0.5773502691896255,1.0,1.0,0.42857142857142855,0.5345224838248483,3.0,1.0,0.35714285714285715,0.4972451580988451,5.0,1.0,0.21428571428571427,0.4178554470186736,6.0,1.0,0.2857142857142857,0.6241877839323596,16.0,3.0,0.2857142857142857,0.6125480767249896,24.0,3.0,0.0,0.0,0.0,407,0.35872235872235875,0.1891891891891892,0.31203931203931207,0.2457002457002457,0.09090909090909091,0.31695331695331697,42.411167512690355,5.8452088452088455
2025-02-24,0,0,0,0,0,0,0,0,0,0,0,0,2025,2,24,0,55,9,1,0,1,0,0.0,1.0,0.8115390590073611,0.5842981736283684,0.8854560256532099,0.4647231720437686,0.8660254037844386,0.5000000000000001,0.0,0.0,1.0,1.0,0.0,0.0,0.0,0.0,0.0,0.0,0.2857142857142857,0.48795003647426627,2.0,1.0,0.35714285714285715,0.4972451580988451,5.0,1.0,0.21428571428571427,0.4178554470186736,6.0,1.0,0.26785714285714285,0.6176516060802456,15.0,3.0,0.2857142857142857,0.6125480767249896,24.0,3.0,0.0,-1.0,0.0,407,0.35872235872235875,0.1891891891891892,0.31203931203931207,0.2457002457002457,0.09090909090909091,0.31695331695331697,42.411167512690355,5.8452088452088455
2025-02-25,0,0,0,0,0,0,0,0,0,0,0,0,2025,2,25,1,56,9,1,0,0,0,0.7818314824680298,0.6234898018587336,0.8214765533024142,0.5702422926917871,0.8854560256532099,0.4647231720437686,0.8660254037844386,0.5000000000000001,0.0,0.0,0.0,0.0,1.0,0.0,0.0,0.0,0.0,0.0,0.2857142857142857,0.48795003647426627,2.0,1.0,0.2857142857142857,0.4688072309384936,4.0,1.0,0.21428571428571427,0.4178554470186736,6.0,1.0,0.26785714285714285,0.6176516060802456,15.0,3.0,0.2857142857142857,0.6125480767249896,24.0,3.0,0.0,0.0,0.0,407,0.35872235872235875,0.1891891891891892,0.31203931203931207,0.2457002457002457,0.09090909090909091,0.31695331695331697,42.411167512690355,5.8452088452088455
2025-02-26,0,0,0,0,0,0,0,0,0,0,0,0,2025,2,26,2,57,9,1,0,0,0,0.9749279121818236,-0.22252093395631434,0.8311706263658079,0.5560174366570446,0.8854560256532099,0.4647231720437686,0.8660254037844386,0.5000000000000001,0.0,0.0,0.0,1.0,0.0,0.0,0.0,0.0,0.0,0.0,0.14285714285714285,0.37796447300922686,1.0,1.0,0.2857142857142857,0.4688072309384936,4.0,1.0,0.21428571428571427,0.4178554470186736,6.0,1.0,0.26785714285714285,0.6176516060802456,15.0,3.0,0.2857142857142857,0.6125480767249896,24.0,3.0,0.0,-1.0,0.0,407,0.35872235872235875,0.1891891891891892,0.31203931203931207,0.2457002457002457,0.09090909090909091,0.31695331695331697,42.411167512690355,5.8452088452088455
2025-02-27,0,0,0,0,0,0,0,0,0,0,0,0,2025,2,27,3,58,9,1,0,0,0,0.43388373911755823,-0.900968867902419,0.8406184056344782,0.5416278206559814,0.8854560256532099,0.4647231720437686,0.8660254037844386,0.5000000000000001,0.0,0.0,0.0,0.0,0.0,0.0,0.0,0.0,0.0,0.0,0.14285714285714285,0.37796447300922686,1.0,1.0,0.2857142857142857,0.4688072309384936,4.0,1.0,0.21428571428571427,0.4178554470186736,6.0,1.0,0.26785714285714285,0.6176516060802456,15.0,3.0,0.2857142857142857,0.6125480767249896,24.0,3.0,0.0,0.0,0.0,407,0.35872235872235875,0.1891891891891892,0.31203931203931207,0.2457002457002457,0.09090909090909091,0.31695331695331697,42.411167512690355,5.8452088452088455
2025-02-28,1,0,0,0,0,0,0,0,2,0,0,0,2025,2,28,4,59,9,1,0,0,1,-0.433883739117558,-0.9009688679024191,0.8498170915275278,0.5270777086423722,0.8854560256532099,0.4647231720437686,0.8660254037844386,0.5000000000000001,0.0,0.0,0.0,1.0,1.0,0.0,0.3333333333333333,0.5773502691896255,1.0,1.0,0.14285714285714285,0.37796447300922686,1.0,1.0,0.2857142857142857,0.4688072309384936,4.0,1.0,0.25,0.4409585518440995,7.0,1.0,0.2857142857142857,0.6241877839323596,16.0,3.0,0.2857142857142857,0.6125480767249896,24.0,3.0,1.0,0.0,1.0,407,0.35872235872235875,0.1891891891891892,0.31203931203931207,0.2457002457002457,0.09090909090909091,0.31695331695331697,42.411167512690355,5.8452088452088455
2025-03-01,0,0,0,0,0,0,0,0,0,0,0,0,2025,3,1,5,60,9,1,1,0,0,-0.9749279121818236,-0.2225209339563146,0.8587639582758029,0.5123714121284237,0.8854560256532099,0.4647231720437686,1.0,6.123233995736766e-17,1.0,0.0,0.0,0.0,0.0,0.0,0.3333333333333333,0.5773502691896255,1.0,1.0,0.14285714285714285,0.37796447300922686,1.0,1.0,0.2857142857142857,0.4688072309384936,4.0,1.0,0.25,0.4409585518440995,7.0,1.0,0.2857142857142857,0.6241877839323596,16.0,3.0,0.2857142857142857,0.6125480767249896,24.0,3.0,-1.0,0.0,0.0,407,0.35872235872235875,0.1891891891891892,0.31203931203931207,0.2457002457002457,0.09090909090909091,0.31695331695331697,42.411167512690355,5.8452088452088455
2025-03-02,0,0,0,0,0,0,0,0,0,0,0,0,2025,3,2,6,61,9,1,1,0,0,-0.7818314824680299,0.6234898018587334,0.8674563547295969,0.49751328890718066,0.8854560256532099,0.4647231720437686,1.0,6.123233995736766e-17,0.0,1.0,0.0,0.0,0.0,0.0,0.3333333333333333,0.5773502691896255,1.0,1.0,0.14285714285714285,0.37796447300922686,1.0,1.0,0.2857142857142857,0.4688072309384936,4.0,1.0,0.25,0.4409585518440995,7.0,1.0,0.2857142857142857,0.6241877839323596,16.0,3.0,0.2857142857142857,0.6125480767249896,24.0,3.0,0.0,0.0,0.0,407,0.35872235872235875,0.1891891891891892,0.31203931203931207,0.2457002457002457,0.09090909090909091,0.31695331695331697,42.411167512690355,5.8452088452088455
2025-03-03,0,0,0,0,0,0,0,0,0,0,0,0,2025,3,3,0,62,10,1,0,1,0,0.0,1.0,0.8758917051442429,0.48250774176121847,0.9350162426854148,0.35460488704253557,1.0,6.123233995736766e-17,0.0,0.0,1.0,0.0,1.0,1.0,0.0,0.0,0.0,0.0,0.14285714285714285,0.37796447300922686,1.0,1.0,0.21428571428571427,0.4258153136263181,3.0,1.0,0.21428571428571427,0.4178554470186736,6.0,1.0,0.2857142857142857,0.6241877839323596,16.0,3.0,0.27380952380952384,0.6082007927038189,23.0,3.0,0.0,0.0,-1.0,407,0.35872235872235875,0.1891891891891892,0.31203931203931207,0.2457002457002457,0.09090909090909091,0.31695331695331697,42.411167512690355,5.8452088452088455
2025-03-04,0,0,0,0,0,0,0,0,0,0,0,0,2025,3,4,1,63,10,1,0,0,0,0.7818314824680298,0.6234898018587336,0.8840675099433636,0.4673592171580022,0.9350162426854148,0.35460488704253557,1.0,6.123233995736766e-17,0.0,0.0,0.0,0.0,0.0,0.0,0.0,0.0,0.0,0.0,0.14285714285714285,0.37796447300922686,1.0,1.0,0.21428571428571427,0.4258153136263181,3.0,1.0,0.21428571428571427,0.4178554470186736,6.0,1.0,0.2857142857142857,0.6241877839323596,16.0,3.0,0.2619047619047619,0.6035846257642575,22.0,3.0,0.0,0.0,0.0,407,0.35872235872235875,0.1891891891891892,0.31203931203931207,0.2457002457002457,0.09090909090909091,0.31695331695331697,42.411167512690355,5.8452088452088455
2025-03-05,0,0,0,0,0,0,0,0,0,0,0,0,2025,3,5,2,64,10,1,0,0,0,0.9749279121818236,-0.22252093395631434,0.8919813464595485,0.45207220393230435,0.9350162426854148,0.35460488704253557,1.0,6.123233995736766e-17,0.0,0.0,0.0,0.0,1.0,0.0,0.0,0.0,0.0,0.0,0.14285714285714285,0.37796447300922686,1.0,1.0,0.14285714285714285,0.3631365196012792,2.0,1.0,0.21428571428571427,0.4178554470186736,6.0,1.0,0.26785714285714285,0.6176516060802456,15.0,3.0,0.2619047619047619,0.6035846257642575,22.0,3.0,0.0,0.0,0.0,407,0.35872235872235875,0.1891891891891892,0.31203931203931207,0.2457002457002457,0.09090909090909091,0.31695331695331697,42.411167512690355,5.8452088452088455
2025-03-06,0,0,0,0,0,0,0,0,0,0,0,0,2025,3,6,3,65,10,1,0,0,0,0.43388373911755823,-0.900968867902419,0.8996308696522433,0.43665123195606403,0.9350162426854148,0.35460488704253557,1.0,6.123233995736766e-17,0.0,0.0,0.0,0.0,0.0,0.0,0.0,0.0,0.0,0.0,0.14285714285714285,0.37796447300922686,1.0,1.0,0.14285714285714285,0.3631365196012792,2.0,1.0,0.21428571428571427,0.4178554470186736,6.0,1.0,0.21428571428571427,0.4941212848641967,12.0,2.0,0.2619047619047619,0.6035846257642575,22.0,3.0,0.0,0.0,0.0,407,0.35872235872235875,0.1891891891891892,0.31203931203931207,0.2457002457002457,0.09090909090909091,0.31695331695331697,42.411167512690355,5.8452088452088455
2025-03-07,2,0,0,2,0,0,0,0,4,0,0,0,2025,3,7,4,66,10,1,0,0,1,-0.433883739117558,-0.9009688679024191,0.9070138128026359,0.4211008707960896,0.9350162426854148,0.35460488704253557,1.0,6.123233995736766e-17,0.0,0.0,0.0,1.0,1.0,0.0,0.6666666666666666,1.1547005383792517,2.0,2.0,0.2857142857142857,0.7559289460184542,2.0,2.0,0.21428571428571427,0.578934223521838,3.0,2.0,0.2857142857142857,0.5345224838248496,8.0,2.0,0.25,0.5477225575051665,14.0,2.0,0.2857142857142857,0.6319110157622293,24.0,3.0,2.0,1.0,2.0,407,0.35872235872235875,0.1891891891891892,0.31203931203931207,0.2457002457002457,0.09090909090909091,0.31695331695331697,42.411167512690355,5.8452088452088455
2025-03-08,0,0,0,0,0,0,0,0,0,0,0,0,2025,3,8,5,67,10,1,1,0,0,-0.9749279121818236,-0.2225209339563146,0.9141279881853337,0.40542572835999735,0.9350162426854148,0.35460488704253557,1.0,6.123233995736766e-17,2.0,0.0,0.0,0.0,0.0,0.0,0.6666666666666666,1.1547005383792517,2.0,2.0,0.2857142857142857,0.7559289460184542,2.0,2.0,0.21428571428571427,0.578934223521838,3.0,2.0,0.2857142857142857,0.5345224838248496,8.0,2.0,0.25,0.5477225575051665,14.0,2.0,0.2857142857142857,0.6319110157622293,24.0,3.0,-2.0,0.0,0.0,407,0.35872235872235875,0.1891891891891892,0.31203931203931207,0.2457002457002457,0.09090909090909091,0.31695331695331697,42.411167512690355,5.8452088452088455
2025-03-09,0,0,0,0,0,0,0,0,0,0,0,0,2025,3,9,6,68,10,1,1,0,0,-0.7818314824680299,0.6234898018587334,0.9209712877166346,0.38963044953078796,0.9350162426854148,0.35460488704253557,1.0,6.123233995736766e-17,0.0,2.0,0.0,0.0,0.0,0.0,0.6666666666666666,1.1547005383792517,2.0,2.0,0.2857142857142857,0.7559289460184542,2.0,2.0,0.21428571428571427,0.578934223521838,3.0,2.0,0.2857142857142857,0.5345224838248496,8.0,2.0,0.25,0.5477225575051665,14.0,2.0,0.2857142857142857,0.6319110157622293,24.0,3.0,0.0,0.0,0.0,407,0.35872235872235875,0.1891891891891892,0.31203931203931207,0.2457002457002457,0.09090909090909091,0.31695331695331697,42.411167512690355,5.8452088452088455
2025-03-10,0,0,0,0,0,0,0,0,0,0,0,0,2025,3,10,0,69,11,1,0,1,0,0.0,1.0,0.9275416835791966,0.37371971479046906,0.970941817426052,0.23931566428755804,1.0,6.123233995736766e-17,0.0,0.0,2.0,0.0,0.0,0.0,0.0,0.0,0.0,0.0,0.2857142857142857,0.7559289460184542,2.0,2.0,0.21428571428571427,0.578934223521838,3.0,2.0,0.2857142857142857,0.5345224838248496,8.0,2.0,0.25,0.5477225575051665,14.0,2.0,0.2857142857142857,0.6319110157622293,24.0,3.0,0.0,0.0,0.0,407,0.35872235872235875,0.1891891891891892,0.31203931203931207,0.2457002457002457,0.09090909090909091,0.31695331695331697,42.411167512690355,5.8452088452088455
2025-03-11,0,0,0,0,0,0,0,0,0,0,0,0,2025,3,11,1,70,11,1,0,0,0,0.7818314824680298,0.6234898018587336,0.9338372288229252,0.35769823883312546,0.970941817426052,0.23931566428755804,1.0,6.123233995736766e-17,0.0,0.0,0.0,0.0,0.0,1.0,0.0,0.0,0.0,0.0,0.2857142857142857,0.7559289460184542,2.0,2.0,0.21428571428571427,0.578934223521838,3.0,2.0,0.25,0.5181877251716017,7.0,2.0,0.25,0.5477225575051665,14.0,2.0,0.2619047619047619,0.6035846257642575,22.0,3.0,0.0,0.0,-1.0,407,0.35872235872235875,0.1891891891891892,0.31203931203931207,0.2457002457002457,0.09090909090909091,0.31695331695331697,42.411167512690355,5.8452088452088455
2025-03-12,0,0,0,0,0,0,0,0,0,0,0,0,2025,3,12,2,71,11,1,0,0,0,0.9749279121818236,-0.22252093395631434,0.9398560579418954,0.3415707691678556,0.970941817426052,0.23931566428755804,1.0,6.123233995736766e-17,0.0,0.0,0.0,0.0,0.0,0.0,0.0,0.0,0.0,0.0,0.2857142857142857,0.7559289460184542,2.0,2.0,0.21428571428571427,0.578934223521838,3.0,2.0,0.25,0.5181877251716017,7.0,2.0,0.25,0.5477225575051665,14.0,2.0,0.2619047619047619,0.6035846257642575,22.0,3.0,0.0,0.0,0.0,407,0.35872235872235875,0.1891891891891892,0.31203931203931207,0.2457002457002457,0.09090909090909091,0.31695331695331697,42.411167512690355,5.8452088452088455
2025-03-13,0,0,0,0,0,0,0,0,0,0,0,0,2025,3,13,3,72,11,1,0,0,0,0.43388373911755823,-0.900968867902419,0.9455963874271426,0.3253420847119801,0.970941817426052,0.23931566428755804,1.0,6.123233995736766e-17,0.0,0.0,0.0,0.0,0.0,0.0,0.0,0.0,0.0,0.0,0.2857142857142857,0.7559289460184542,2.0,2.0,0.21428571428571427,0.578934223521838,3.0,2.0,0.25,0.5181877251716017,7.0,2.0,0.21428571428571427,0.49412128486419665,12.0,2.0,0.2619047619047619,0.6035846257642575,22.0,3.0,0.0,0.0,0.0,407,0.35872235872235875,0.1891891891891892,0.31203931203931207,0.2457002457002457,0.09090909090909091,0.31695331695331697,42.411167512690355,5.8452088452088455
2025-03-14,0,0,0,0,0,0,0,0,0,0,0,0,2025,3,14,4,73,11,1,0,0,1,-0.433883739117558,-0.9009688679024191,0.9510565162951535,0.30901699437494745,0.970941817426052,0.23931566428755804,1.0,6.123233995736766e-17,0.0,0.0,0.0,2.0,1.0,1.0,0.0,0.0,0.0,0.0,0.0,0.0,0.0,0.0,0.14285714285714285,0.5345224838248472,2.0,2.0,0.21428571428571427,0.4986754943620647,6.0,2.0,0.21428571428571427,0.49412128486419665,12.0,2.0,0.2619047619047619,0.6035846257642575,22.0,3.0,0.0,-2.0,-1.0,407,0.35872235872235875,0.1891891891891892,0.31203931203931207,0.2457002457002457,0.09090909090909091,0.31695331695331697,42.411167512690355,5.8452088452088455
2025-03-15,0,0,0,0,0,0,0,0,0,0,0,0,2025,3,15,5,74,11,1,1,0,0,-0.9749279121818236,-0.2225209339563146,0.9562348265919056,0.29260033563334836,0.970941817426052,0.23931566428755804,1.0,6.123233995736766e-17,0.0,0.0,0.0,0.0,0.0,0.0,0.0,0.0,0.0,0.0,0.0,0.0,0.0,0.0,0.14285714285714285,0.5345224838248472,2.0,2.0,0.21428571428571427,0.4986754943620647,6.0,2.0,0.17857142857142858,0.43094580368566776,10.0,2.0,0.2619047619047619,0.6035846257642575,22.0,3.0,0.0,0.0,0.0,407,0.35872235872235875,0.1891891891891892,0.31203931203931207,0.2457002457002457,0.09090909090909091,0.31695331695331697,42.411167512690355,5.8452088452088455
2025-03-16,0,0,0,0,0,0,0,0,0,0,0,0,2025,3,16,6,75,11,1,1,0,0,-0.7818314824680299,0.6234898018587334,0.9611297838723007,0.27609697309746883,0.970941817426052,0.23931566428755804,1.0,6.123233995736766e-17,0.0,0.0,0.0,0.0,0.0,0.0,0.0,0.0,0.0,0.0,0.0,0.0,0.0,0.0,0.14285714285714285,0.5345224838248472,2.0,2.0,0.21428571428571427,0.4986754943620647,6.0,2.0,0.17857142857142858,0.43094580368566776,10.0,2.0,0.2619047619047619,0.6035846257642575,22.0,3.0,0.0,0.0,0.0,407,0.35872235872235875,0.1891891891891892,0.31203931203931207,0.2457002457002457,0.09090909090909091,0.31695331695331697,42.411167512690355,5.8452088452088455
2025-03-17,0,0,0,0,0,0,0,0,0,0,0,0,2025,3,17,0,76,12,1,0,1,0,0.0,1.0,0.9657399376548549,0.2595117970697999,0.992708874098054,0.120536680255323,1.0,6.123233995736766e-17,0.0,0.0,0.0,0.0,0.0,1.0,0.0,0.0,0.0,0.0,0.0,0.0,0.0,0.0,0.14285714285714285,0.5345224838248472,2.0,2.0,0.17857142857142858,0.47559486560567193,5.0,2.0,0.17857142857142858,0.43094580368566776,10.0,2.0,0.23809523809523808,0.5728610845097839,20.0,3.0,0.0,0.0,-1.0,407,0.35872235872235875,0.1891891891891892,0.31203931203931207,0.2457002457002457,0.09090909090909091,0.31695331695331697,42.411167512690355,5.8452088452088455
2025-03-18,0,0,0,0,0,0,0,0,0,0,0,0,2025,3,18,1,77,12,1,0,0,0,0.7818314824680298,0.6234898018587336,0.9700639218515071,0.2428497220959356,0.992708874098054,0.120536680255323,1.0,6.123233995736766e-17,0.0,0.0,0.0,0.0,0.0,0.0,0.0,0.0,0.0,0.0,0.0,0.0,0.0,0.0,0.14285714285714285,0.5345224838248472,2.0,2.0,0.17857142857142858,0.47559486560567193,5.0,2.0,0.17857142857142858,0.43094580368566776,10.0,2.0,0.23809523809523808,0.5728610845097839,20.0,3.0,0.0,0.0,0.0,407,0.35872235872235875,0.1891891891891892,0.31203931203931207,0.2457002457002457,0.09090909090909091,0.31695331695331697,42.411167512690355,5.8452088452088455
2025-03-19,2,2,0,2,0,0,0,0,4,0,0,0,2025,3,19,2,78,12,1,0,0,0,0.9749279121818236,-0.22252093395631434,0.9741004551724205,0.22611568550828828,0.992708874098054,0.120536680255323,1.0,6.123233995736766e-17,0.0,0.0,0.0,0.0,0.0,1.0,0.6666666666666666,1.1547005383792517,2.0,2.0,0.2857142857142857,0.7559289460184542,2.0,2.0,0.2857142857142857,0.7262730392025617,4.0,2.0,0.21428571428571427,0.5681120688308987,6.0,2.0,0.19642857142857142,0.48315790218267035,11.0,2.0,0.2619047619047619,0.6035846257642575,22.0,3.0,2.0,2.0,1.0,407,0.35872235872235875,0.1891891891891892,0.31203931203931207,0.2457002457002457,0.09090909090909091,0.31695331695331697,42.411167512690355,5.8452088452088455
2025-03-20,0,0,0,0,0,0,0,0,0,0,0,0,2025,3,20,3,79,12,1,0,0,0,0.43388373911755823,-0.900968867902419,0.9778483415056568,0.20931464596304847,0.992708874098054,0.120536680255323,1.0,6.123233995736766e-17,2.0,0.0,0.0,0.0,0.0,0.0,0.6666666666666666,1.1547005383792517,2.0,2.0,0.2857142857142857,0.7559289460184542,2.0,2.0,0.2857142857142857,0.7262730392025617,4.0,2.0,0.21428571428571427,0.5681120688308987,6.0,2.0,0.19642857142857142,0.48315790218267035,11.0,2.0,0.2619047619047619,0.6035846257642575,22.0,3.0,-2.0,0.0,0.0,407,0.35872235872235875,0.1891891891891892,0.31203931203931207,0.2457002457002457,0.09090909090909091,0.31695331695331697,42.411167512690355,5.8452088452088455
2025-03-21,0,0,0,0,0,0,0,0,0,0,0,0,2025,3,21,4,80,12,1,0,0,1,-0.433883739117558,-0.9009688679024191,0.9813064702716093,0.19245158197082998,0.992708874098054,0.120536680255323,1.0,6.123233995736766e-17,0.0,2.0,0.0,0.0,2.0,1.0,0.6666666666666666,1.1547005383792517,2.0,2.0,0.2857142857142857,0.7559289460184542,2.0,2.0,0.14285714285714285,0.5345224838248472,2.0,2.0,0.17857142857142858,0.5479640045336476,5.0,2.0,0.19642857142857142,0.48315790218267035,11.0,2.0,0.2619047619047619,0.6035846257642575,22.0,3.0,0.0,0.0,-1.0,407,0.35872235872235875,0.1891891891891892,0.31203931203931207,0.2457002457002457,0.09090909090909091,0.31695331695331697,42.411167512690355,5.8452088452088455
2025-03-22,0,0,0,0,0,0,0,0,0,0,0,0,2025,3,22,5,81,12,1,1,0,0,-0.9749279121818236,-0.2225209339563146,0.9844738167520922,0.1755314904214282,0.992708874098054,0.120536680255323,1.0,6.123233995736766e-17,0.0,0.0,2.0,0.0,0.0,0.0,0.0,0.0,0.0,0.0,0.2857142857142857,0.7559289460184542,2.0,2.0,0.14285714285714285,0.5345224838248472,2.0,2.0,0.17857142857142858,0.5479640045336476,5.0,2.0,0.19642857142857142,0.48315790218267035,11.0,2.0,0.2619047619047619,0.6035846257642575,22.0,3.0,0.0,0.0,0.0,407,0.35872235872235875,0.1891891891891892,0.31203931203931207,0.2457002457002457,0.09090909090909091,0.31695331695331697,42.411167512690355,5.8452088452088455
2025-03-23,0,0,0,0,0,0,0,0,0,0,0,0,2025,3,23,6,82,12,1,1,0,0,-0.7818314824680299,0.6234898018587334,0.9873494423939864,0.15855938510313475,0.992708874098054,0.120536680255323,1.0,6.123233995736766e-17,0.0,0.0,0.0,0.0,0.0,0.0,0.0,0.0,0.0,0.0,0.2857142857142857,0.7559289460184542,2.0,2.0,0.14285714285714285,0.5345224838248472,2.0,2.0,0.17857142857142858,0.5479640045336476,5.0,2.0,0.19642857142857142,0.48315790218267035,11.0,2.0,0.25,0.5986933563517798,21.0,3.0,0.0,0.0,0.0,407,0.35872235872235875,0.1891891891891892,0.31203931203931207,0.2457002457002457,0.09090909090909091,0.31695331695331697,42.411167512690355,5.8452088452088455
2025-03-24,2,2,0,2,0,0,0,0,4,0,0,0,2025,3,24,0,83,13,1,0,1,0,0.0,1.0,0.989932495087353,0.141540295217043,1.0,-1.6081226496766366e-16,1.0,6.123233995736766e-17,0.0,0.0,0.0,0.0,0.0,0.0,0.6666666666666666,1.1547005383792517,2.0,2.0,0.5714285714285714,0.975900072948533,4.0,2.0,0.2857142857142857,0.7262730392025617,4.0,2.0,0.25,0.6454972243679036,7.0,2.0,0.23214285714285715,0.5390588238628656,13.0,2.0,0.2619047619047619,0.6232261114564661,22.0,3.0,2.0,2.0,2.0,407,0.35872235872235875,0.1891891891891892,0.31203931203931207,0.2457002457002457,0.09090909090909091,0.31695331695331697,42.411167512690355,5.8452088452088455
2025-03-25,0,0,0,0,0,0,0,0,0,0,0,0,2025,3,25,1,84,13,1,0,0,0,0.7818314824680298,0.6234898018587336,0.9922222094179323,0.12447926388678915,1.0,-1.6081226496766366e-16,1.0,6.123233995736766e-17,2.0,0.0,0.0,0.0,0.0,0.0,0.6666666666666666,1.1547005383792517,2.0,2.0,0.5714285714285714,0.975900072948533,4.0,2.0,0.2857142857142857,0.7262730392025617,4.0,2.0,0.25,0.6454972243679036,7.0,2.0,0.23214285714285715,0.5390588238628656,13.0,2.0,0.2619047619047619,0.6232261114564661,22.0,3.0,-2.0,0.0,0.0,407,0.35872235872235875,0.1891891891891892,0.31203931203931207,0.2457002457002457,0.09090909090909091,0.31695331695331697,42.411167512690355,5.8452088452088455
2025-03-26,0,0,0,0,0,0,0,0,0,0,0,0,2025,3,26,2,85,13,1,0,0,0,0.9749279121818236,-0.22252093395631434,0.994217906893952,0.10738134666416309,1.0,-1.6081226496766366e-16,1.0,6.123233995736766e-17,0.0,2.0,0.0,2.0,0.0,0.0,0.6666666666666666,1.1547005383792517,2.0,2.0,0.2857142857142857,0.7559289460184543,2.0,2.0,0.2857142857142857,0.7262730392025617,4.0,2.0,0.25,0.6454972243679036,7.0,2.0,0.23214285714285715,0.5390588238628656,13.0,2.0,0.2619047619047619,0.6232261114564661,22.0,3.0,0.0,-2.0,0.0,407,0.35872235872235875,0.1891891891891892,0.31203931203931207,0.2457002457002457,0.09090909090909091,0.31695331695331697,42.411167512690355,5.8452088452088455
2025-03-27,0,0,0,0,0,0,0,0,0,0,0,0,2025,3,27,3,86,13,1,0,0,0,0.43388373911755823,-0.900968867902419,0.995918996147179,0.09025161003104117,1.0,-1.6081226496766366e-16,1.0,6.123233995736766e-17,0.0,0.0,2.0,0.0,0.0,0.0,0.0,0.0,0.0,0.0,0.2857142857142857,0.7559289460184543,2.0,2.0,0.2857142857142857,0.7262730392025617,4.0,2.0,0.25,0.6454972243679036,7.0,2.0,0.23214285714285715,0.5390588238628656,13.0,2.0,0.2619047619047619,0.6232261114564661,22.0,3.0,0.0,0.0,0.0,407,0.35872235872235875,0.1891891891891892,0.31203931203931207,0.2457002457002457,0.09090909090909091,0.31695331695331697,42.411167512690355,5.8452088452088455
2025-03-28,0,0,0,0,0,0,0,0,0,0,0,0,2025,3,28,4,87,13,1,0,0,1,-0.433883739117558,-0.9009688679024191,0.9973249731081555,0.07309512989807777,1.0,-1.6081226496766366e-16,1.0,6.123233995736766e-17,0.0,0.0,0.0,0.0,0.0,1.0,0.0,0.0,0.0,0.0,0.2857142857142857,0.7559289460184543,2.0,2.0,0.2857142857142857,0.7262730392025617,4.0,2.0,0.21428571428571427,0.6299407883487128,6.0,2.0,0.23214285714285715,0.5390588238628656,13.0,2.0,0.2619047619047619,0.6232261114564661,22.0,3.0,0.0,0.0,-1.0,407,0.35872235872235875,0.1891891891891892,0.31203931203931207,0.2457002457002457,0.09090909090909091,0.31695331695331697,42.411167512690355,5.8452088452088455
2025-03-29,1,1,0,0,0,0,0,0,2,1,1,0,2025,3,29,5,88,13,1,1,0,0,-0.9749279121818236,-0.2225209339563146,0.9984354211555643,0.055916990100603484,1.0,-1.6081226496766366e-16,1.0,6.123233995736766e-17,0.0,0.0,0.0,0.0,0.0,0.0,0.3333333333333333,0.5773502691896255,1.0,1.0,0.42857142857142855,0.786795792469443,3.0,2.0,0.35714285714285715,0.7449463436684908,5.0,2.0,0.25,0.6454972243679035,7.0,2.0,0.25,0.5477225575051664,14.0,2.0,0.27380952380952384,0.627697849118286,23.0,3.0,1.0,1.0,1.0,407,0.35872235872235875,0.1891891891891892,0.31203931203931207,0.2457002457002457,0.09090909090909091,0.31695331695331697,42.411167512690355,5.8452088452088455
2025-03-30,1,0,0,0,0,2,0,1,1,0,0,1,2025,3,30,6,89,13,1,1,0,0,-0.7818314824680299,0.6234898018587334,0.9992500112396835,0.03872228089217446,1.0,-1.6081226496766366e-16,1.0,6.123233995736766e-17,1.0,0.0,0.0,0.0,0.0,0.0,0.6666666666666666,0.5773502691896262,2.0,1.0,0.5714285714285714,0.7867957924694429,4.0,2.0,0.42857142857142855,0.7559289460184533,6.0,2.0,0.2857142857142857,0.6586823467062365,8.0,2.0,0.26785714285714285,0.555667376913774,15.0,2.0,0.2857142857142857,0.6319110157622293,24.0,3.0,0.0,1.0,1.0,407,0.35872235872235875,0.1891891891891892,0.31203931203931207,0.2457002457002457,0.09090909090909091,0.31695331695331697,42.411167512690355,5.8452088452088455
2025-03-31,0,0,0,0,0,0,0,0,0,0,0,0,2025,3,31,0,90,14,1,0,1,0,0.0,1.0,0.9997685019798909,0.021516097436222254,0.992708874098054,-0.12053668025532288,1.0,6.123233995736766e-17,1.0,1.0,0.0,2.0,0.0,0.0,0.6666666666666666,0.5773502691896262,2.0,1.0,0.2857142857142857,0.4879500364742663,2.0,1.0,0.42857142857142855,0.7559289460184533,6.0,2.0,0.2857142857142857,0.6586823467062365,8.0,2.0,0.25,0.5477225575051664,14.0,2.0,0.2857142857142857,0.6319110157622293,24.0,3.0,-1.0,-2.0,0.0,407,0.35872235872235875,0.1891891891891892,0.31203931203931207,0.2457002457002457,0.09090909090909091,0.31695331695331697,42.411167512690355,5.8452088452088455
2025-04-01,1,1,0,1,0,0,0,0,2,0,0,0,2025,4,1,1,91,14,2,0,0,0,0.7818314824680298,0.6234898018587336,0.9999907397361901,0.004303538296244289,0.992708874098054,-0.12053668025532288,0.8660254037844387,-0.4999999999999998,0.0,1.0,1.0,0.0,0.0,0.0,0.6666666666666666,0.5773502691896262,2.0,1.0,0.42857142857142855,0.5345224838248485,3.0,1.0,0.5,0.7595545253127488,7.0,2.0,0.32142857142857145,0.6696362433535832,9.0,2.0,0.26785714285714285,0.555667376913774,15.0,2.0,0.2976190476190476,0.6358707511459681,25.0,3.0,1.0,1.0,1.0,407,0.35872235872235875,0.1891891891891892,0.31203931203931207,0.2457002457002457,0.09090909090909091,0.31695331695331697,42.411167512690355,5.8452088452088455
2025-04-02,0,0,0,0,0,0,0,0,0,0,0,0,2025,4,2,2,92,14,2,0,0,0,0.9749279121818236,-0.22252093395631434,0.9999166586547379,-0.01291029607500882,0.992708874098054,-0.12053668025532288,0.8660254037844387,-0.4999999999999998,1.0,0.0,1.0,0.0,2.0,0.0,0.3333333333333333,0.5773502691896255,1.0,1.0,0.42857142857142855,0.5345224838248485,3.0,1.0,0.35714285714285715,0.6333236937766495,5.0,2.0,0.32142857142857145,0.6696362433535832,9.0,2.0,0.26785714285714285,0.555667376913774,15.0,2.0,0.2857142857142857,0.6319110157622293,24.0,3.0,-1.0,0.0,0.0,407,0.35872235872235875,0.1891891891891892,0.31203931203931207,0.2457002457002457,0.09090909090909091,0.31695331695331697,42.411167512690355,5.8452088452088455
2025-04-03,0,0,0,0,0,0,0,0,0,0,0,0,2025,4,3,3,93,14,2,0,0,0,0.43388373911755823,-0.900968867902419,0.9995462806873573,-0.030120304846908114,0.992708874098054,-0.12053668025532288,0.8660254037844387,-0.4999999999999998,0.0,1.0,0.0,0.0,0.0,0.0,0.3333333333333333,0.5773502691896255,1.0,1.0,0.42857142857142855,0.5345224838248485,3.0,1.0,0.35714285714285715,0.6333236937766495,5.0,2.0,0.32142857142857145,0.6696362433535832,9.0,2.0,0.26785714285714285,0.555667376913774,15.0,2.0,0.25,0.556992786178979,21.0,2.0,0.0,0.0,0.0,407,0.35872235872235875,0.1891891891891892,0.31203931203931207,0.2457002457002457,0.09090909090909091,0.31695331695331697,42.411167512690355,5.8452088452088455
2025-04-04,0,0,0,0,0,0,0,0,0,0,0,0,2025,4,4,4,94,14,2,0,0,1,-0.433883739117558,-0.9009688679024191,0.9988797155850336,-0.04732138832243185,0.992708874098054,-0.12053668025532288,0.8660254037844387,-0.4999999999999998,0.0,0.0,1.0,0.0,0.0,2.0,0.0,0.0,0.0,0.0,0.42857142857142855,0.5345224838248485,3.0,1.0,0.35714285714285715,0.6333236937766495,5.0,2.0,0.25,0.5853140973807085,7.0,2.0,0.26785714285714285,0.555667376913774,15.0,2.0,0.25,0.556992786178979,21.0,2.0,0.0,0.0,-2.0,407,0.35872235872235875,0.1891891891891892,0.31203931203931207,0.2457002457002457,0.09090909090909091,0.31695331695331697,42.411167512690355,5.8452088452088455
2025-04-05,1,0,0,0,0,0,0,0,3,0,0,0,2025,4,5,5,95,14,2,1,0,0,-0.9749279121818236,-0.2225209339563146,0.9979171608653922,-0.06450844944931623,0.992708874098054,-0.12053668025532288,0.8660254037844387,-0.4999999999999998,0.0,0.0,0.0,1.0,0.0,0.0,0.3333333333333333,0.5773502691896255,1.0,1.0,0.42857142857142855,0.5345224838248485,3.0,1.0,0.42857142857142855,0.6462061726588626,6.0,2.0,0.2857142857142857,0.5998236072282923,8.0,2.0,0.2857142857142857,0.5629237220824126,16.0,2.0,0.2619047619047619,0.5622469469678262,22.0,2.0,1.0,0.0,1.0,407,0.35872235872235875,0.1891891891891892,0.31203931203931207,0.2457002457002457,0.09090909090909091,0.31695331695331697,42.411167512690355,5.8452088452088455
2025-04-06,0,0,0,0,0,0,0,0,0,0,0,0,2025,4,6,6,96,14,2,1,0,0,-0.7818314824680299,0.6234898018587334,0.9966589017541702,-0.08167639533042241,0.992708874098054,-0.12053668025532288,0.8660254037844387,-0.4999999999999998,1.0,0.0,0.0,1.0,0.0,0.0,0.3333333333333333,0.5773502691896255,1.0,1.0,0.2857142857142857,0.4879500364742663,2.0,1.0,0.42857142857142855,0.6462061726588626,6.0,2.0,0.2857142857142857,0.5998236072282923,8.0,2.0,0.2857142857142857,0.5629237220824126,16.0,2.0,0.2619047619047619,0.5622469469678262,22.0,2.0,-1.0,-1.0,0.0,407,0.35872235872235875,0.1891891891891892,0.31203931203931207,0.2457002457002457,0.09090909090909091,0.31695331695331697,42.411167512690355,5.8452088452088455
2025-04-07,0,0,0,0,0,0,0,0,0,0,0,0,2025,4,7,0,97,15,2,0,1,0,0.0,1.0,0.9951053111006976,-0.09882013873287143,0.9709418174260521,-0.2393156642875575,0.8660254037844387,-0.4999999999999998,0.0,1.0,0.0,0.0,2.0,0.0,0.3333333333333333,0.5773502691896255,1.0,1.0,0.2857142857142857,0.4879500364742663,2.0,1.0,0.2857142857142857,0.4688072309384936,4.0,1.0,0.2857142857142857,0.5998236072282923,8.0,2.0,0.2857142857142857,0.5629237220824126,16.0,2.0,0.2619047619047619,0.5622469469678262,22.0,2.0,0.0,0.0,0.0,407,0.35872235872235875,0.1891891891891892,0.31203931203931207,0.2457002457002457,0.09090909090909091,0.31695331695331697,42.411167512690355,5.8452088452088455
2025-04-08,0,0,0,0,0,0,0,0,0,0,0,0,2025,4,8,1,98,15,2,0,0,0,0.7818314824680298,0.6234898018587336,0.9932568492674143,-0.11593459959550041,0.9709418174260521,-0.2393156642875575,0.8660254037844387,-0.4999999999999998,0.0,0.0,1.0,1.0,0.0,0.0,0.0,0.0,0.0,0.0,0.14285714285714285,0.377964473009227,1.0,1.0,0.2857142857142857,0.4688072309384936,4.0,1.0,0.2857142857142857,0.5998236072282923,8.0,2.0,0.26785714285714285,0.555667376913774,15.0,2.0,0.2619047619047619,0.5622469469678262,22.0,2.0,0.0,-1.0,0.0,407,0.35872235872235875,0.1891891891891892,0.31203931203931207,0.2457002457002457,0.09090909090909091,0.31695331695331697,42.411167512690355,5.8452088452088455
2025-04-09,0,0,0,0,0,0,0,0,0,0,0,0,2025,4,9,2,99,15,2,0,0,0,0.9749279121818236,-0.22252093395631434,0.9911140639934547,-0.1330147065341959,0.9709418174260521,-0.2393156642875575,0.8660254037844387,-0.4999999999999998,0.0,0.0,0.0,0.0,0.0,0.0,0.0,0.0,0.0,0.0,0.14285714285714285,0.377964473009227,1.0,1.0,0.2857142857142857,0.4688072309384936,4.0,1.0,0.2857142857142857,0.5998236072282923,8.0,2.0,0.26785714285714285,0.555667376913774,15.0,2.0,0.2619047619047619,0.5622469469678262,22.0,2.0,0.0,0.0,0.0,407,0.35872235872235875,0.1891891891891892,0.31203931203931207,0.2457002457002457,0.09090909090909091,0.31695331695331697,42.411167512690355,5.8452088452088455
2025-04-10,0,0,0,0,0,0,0,0,0,0,0,0,2025,4,10,3,100,15,2,0,0,0,0.43388373911755823,-0.900968867902419,0.9886775902323405,-0.1500553983446526,0.9709418174260521,-0.2393156642875575,0.8660254037844387,-0.4999999999999998,0.0,0.0,0.0,0.0,0.0,0.0,0.0,0.0,0.0,0.0,0.14285714285714285,0.377964473009227,1.0,1.0,0.2857142857142857,0.4688072309384936,4.0,1.0,0.2857142857142857,0.5998236072282923,8.0,2.0,0.26785714285714285,0.555667376913774,15.0,2.0,0.23809523809523808,0.5291285770598565,20.0,2.0,0.0,0.0,0.0,407,0.35872235872235875,0.1891891891891892,0.31203931203931207,0.2457002457002457,0.09090909090909091,0.31695331695331697,42.411167512690355,5.8452088452088455
2025-04-11,0,0,0,0,0,0,0,0,0,0,0,0,2025,4,11,4,101,15,2,0,0,1,-0.433883739117558,-0.9009688679024191,0.9859481499638304,-0.16705162550211924,0.9709418174260521,-0.2393156642875575,0.8660254037844387,-0.4999999999999998,0.0,0.0,0.0,0.0,0.0,0.0,0.0,0.0,0.0,0.0,0.14285714285714285,0.377964473009227,1.0,1.0,0.2857142857142857,0.4688072309384936,4.0,1.0,0.2857142857142857,0.5998236072282923,8.0,2.0,0.25,0.5477225575051664,14.0,2.0,0.23809523809523808,0.5291285770598565,20.0,2.0,0.0,0.0,0.0,407,0.35872235872235875,0.1891891891891892,0.31203931203931207,0.2457002457002457,0.09090909090909091,0.31695331695331697,42.411167512690355,5.8452088452088455
2025-04-12,0,0,0,0,0,0,0,0,0,0,0,0,2025,4,12,5,102,15,2,1,0,0,-0.9749279121818236,-0.2225209339563146,0.9829265519799822,-0.18399835165768005,0.9709418174260521,-0.2393156642875575,0.8660254037844387,-0.4999999999999998,0.0,0.0,0.0,1.0,1.0,0.0,0.0,0.0,0.0,0.0,0.0,0.0,0.0,0.0,0.21428571428571427,0.4258153136263181,3.0,1.0,0.2857142857142857,0.5998236072282923,8.0,2.0,0.25,0.5477225575051664,14.0,2.0,0.21428571428571427,0.4926307195228045,18.0,2.0,0.0,-1.0,0.0,407,0.35872235872235875,0.1891891891891892,0.31203931203931207,0.2457002457002457,0.09090909090909091,0.31695331695331697,42.411167512690355,5.8452088452088455
2025-04-13,0,0,0,0,0,0,0,0,0,0,0,0,2025,4,13,6,103,15,2,1,0,0,-0.7818314824680299,0.6234898018587334,0.9796136916454901,-0.20089055513063506,0.9709418174260521,-0.2393156642875575,0.8660254037844387,-0.4999999999999998,0.0,0.0,0.0,0.0,1.0,0.0,0.0,0.0,0.0,0.0,0.0,0.0,0.0,0.0,0.14285714285714285,0.3631365196012792,2.0,1.0,0.2857142857142857,0.5998236072282923,8.0,2.0,0.25,0.5477225575051664,14.0,2.0,0.21428571428571427,0.4926307195228045,18.0,2.0,0.0,0.0,0.0,407,0.35872235872235875,0.1891891891891892,0.31203931203931207,0.2457002457002457,0.09090909090909091,0.31695331695331697,42.411167512690355,5.8452088452088455
2025-04-14,1,1,0,0,0,0,0,0,2,0,0,0,2025,4,14,0,104,16,2,0,1,0,0.0,1.0,0.9760105506323683,-0.21772323039653177,0.9350162426854148,-0.35460488704253545,0.8660254037844387,-0.4999999999999998,0.0,0.0,0.0,0.0,0.0,0.0,0.3333333333333333,0.5773502691896255,1.0,1.0,0.14285714285714285,0.377964473009227,1.0,1.0,0.21428571428571427,0.4258153136263181,3.0,1.0,0.32142857142857145,0.6118321864193034,9.0,2.0,0.25,0.5477225575051664,14.0,2.0,0.2261904761904762,0.49942594699786114,19.0,2.0,1.0,1.0,1.0,407,0.35872235872235875,0.1891891891891892,0.31203931203931207,0.2457002457002457,0.09090909090909091,0.31695331695331697,42.411167512690355,5.8452088452088455
2025-04-15,0,0,0,0,0,0,0,0,0,0,0,0,2025,4,15,1,105,16,2,0,0,0,0.7818314824680298,0.6234898018587336,0.9721181966290613,-0.23449138957040985,0.9350162426854148,-0.35460488704253545,0.8660254037844387,-0.4999999999999998,1.0,0.0,0.0,0.0,1.0,0.0,0.3333333333333333,0.5773502691896255,1.0,1.0,0.14285714285714285,0.377964473009227,1.0,1.0,0.14285714285714285,0.3631365196012792,2.0,1.0,0.32142857142857145,0.6118321864193034,9.0,2.0,0.25,0.5477225575051664,14.0,2.0,0.2261904761904762,0.49942594699786114,19.0,2.0,-1.0,0.0,0.0,407,0.35872235872235875,0.1891891891891892,0.31203931203931207,0.2457002457002457,0.09090909090909091,0.31695331695331697,42.411167512690355,5.8452088452088455
2025-04-16,2,2,0,2,0,6,0,2,6,0,0,0,2025,4,16,2,106,16,2,0,0,0,0.9749279121818236,-0.22252093395631434,0.9679377830240642,-0.25119006388481935,0.9350162426854148,-0.35460488704253545,0.8660254037844387,-0.4999999999999998,0.0,1.0,0.0,0.0,0.0,2.0,1.0,1.0000000000000007,3.0,2.0,0.42857142857142855,0.786795792469443,3.0,2.0,0.2857142857142857,0.6112498455021251,4.0,2.0,0.32142857142857145,0.6118321864193034,9.0,2.0,0.26785714285714285,0.5874775486177072,15.0,2.0,0.23809523809523808,0.5291285770598565,20.0,2.0,2.0,2.0,0.0,407,0.35872235872235875,0.1891891891891892,0.31203931203931207,0.2457002457002457,0.09090909090909091,0.31695331695331697,42.411167512690355,5.8452088452088455
2025-04-17,1,1,0,1,0,0,0,0,2,0,0,0,2025,4,17,3,107,16,2,0,0,0,0.43388373911755823,-0.900968867902419,0.9634705485641488,-0.2678143051621742,0.9350162426854148,-0.35460488704253545,0.8660254037844387,-0.4999999999999998,2.0,0.0,1.0,0.0,0.0,0.0,1.0,1.0000000000000007,3.0,2.0,0.5714285714285714,0.7867957924694429,4.0,2.0,0.35714285714285715,0.6333236937766495,5.0,2.0,0.35714285714285715,0.6214848238238703,10.0,2.0,0.2857142857142857,0.5943456513231621,16.0,2.0,0.25,0.5349248342648275,21.0,2.0,-1.0,1.0,1.0,407,0.35872235872235875,0.1891891891891892,0.31203931203931207,0.2457002457002457,0.09090909090909091,0.31695331695331697,42.411167512690355,5.8452088452088455
2025-04-18,0,0,0,0,0,0,0,0,0,0,0,0,2025,4,18,4,108,16,2,0,0,1,-0.433883739117558,-0.9009688679024191,0.9587178169872964,-0.2843591872810034,0.9350162426854148,-0.35460488704253545,0.8660254037844387,-0.4999999999999998,1.0,2.0,0.0,0.0,0.0,0.0,1.0,1.0000000000000007,3.0,2.0,0.5714285714285714,0.7867957924694429,4.0,2.0,0.35714285714285715,0.6333236937766495,5.0,2.0,0.35714285714285715,0.6214848238238703,10.0,2.0,0.26785714285714285,0.5874775486177072,15.0,2.0,0.25,0.5349248342648275,21.0,2.0,-1.0,0.0,0.0,407,0.35872235872235875,0.1891891891891892,0.31203931203931207,0.2457002457002457,0.09090909090909091,0.31695331695331697,42.411167512690355,5.8452088452088455
2025-04-19,0,0,0,0,0,0,0,0,0,0,0,0,2025,4,19,5,109,16,2,1,0,0,-0.9749279121818236,-0.2225209339563146,0.9536809966304457,-0.30081980763566735,0.9350162426854148,-0.35460488704253545,0.8660254037844387,-0.4999999999999998,0.0,1.0,2.0,0.0,1.0,0.0,0.3333333333333333,0.5773502691896254,1.0,1.0,0.5714285714285714,0.7867957924694429,4.0,2.0,0.2857142857142857,0.6112498455021251,4.0,2.0,0.35714285714285715,0.6214848238238703,10.0,2.0,0.26785714285714285,0.5874775486177072,15.0,2.0,0.25,0.5349248342648275,21.0,2.0,0.0,0.0,0.0,407,0.35872235872235875,0.1891891891891892,0.31203931203931207,0.2457002457002457,0.09090909090909091,0.31695331695331697,42.411167512690355,5.8452088452088455
2025-04-20,0,0,0,0,0,0,0,0,0,0,0,0,2025,4,20,6,110,16,2,1,0,0,-0.7818314824680299,0.6234898018587334,0.9483615800121715,-0.3171912885891061,0.9350162426854148,-0.35460488704253545,0.8660254037844387,-0.4999999999999998,0.0,0.0,1.0,0.0,0.0,0.0,0.0,0.0,0.0,0.0,0.5714285714285714,0.7867957924694429,4.0,2.0,0.2857142857142857,0.6112498455021251,4.0,2.0,0.35714285714285715,0.6214848238238703,10.0,2.0,0.26785714285714285,0.5874775486177072,15.0,2.0,0.25,0.5349248342648275,21.0,2.0,0.0,0.0,0.0,407,0.35872235872235875,0.1891891891891892,0.31203931203931207,0.2457002457002457,0.09090909090909091,0.31695331695331697,42.411167512690355,5.8452088452088455
2025-04-21,0,0,0,0,0,0,0,0,0,0,0,0,2025,4,21,0,111,17,2,0,1,0,0.0,1.0,0.9427611433904207,-0.3334687789181868,0.8854560256532099,-0.4647231720437685,0.8660254037844387,-0.4999999999999998,0.0,0.0,0.0,1.0,0.0,2.0,0.0,0.0,0.0,0.0,0.42857142857142855,0.786795792469443,3.0,2.0,0.2857142857142857,0.6112498455021251,4.0,2.0,0.2857142857142857,0.5345224838248496,8.0,2.0,0.26785714285714285,0.5874775486177072,15.0,2.0,0.25,0.5349248342648275,21.0,2.0,0.0,-1.0,-2.0,407,0.35872235872235875,0.1891891891891892,0.31203931203931207,0.2457002457002457,0.09090909090909091,0.31695331695331697,42.411167512690355,5.8452088452088455
2025-04-22,1,0,1,0,0,0,0,0,2,0,0,1,2025,4,22,1,112,17,2,0,0,0,0.7818314824680298,0.6234898018587336,0.9368813462954315,-0.3496474552512284,0.8854560256532099,-0.4647231720437685,0.8660254037844387,-0.4999999999999998,0.0,0.0,0.0,0.0,0.0,0.0,0.3333333333333333,0.5773502691896254,1.0,1.0,0.5714285714285714,0.7867957924694429,4.0,2.0,0.35714285714285715,0.6333236937766495,5.0,2.0,0.32142857142857145,0.5479640045336474,9.0,2.0,0.2857142857142857,0.5943456513231621,16.0,2.0,0.2619047619047619,0.5403936008433786,22.0,2.0,1.0,1.0,1.0,407,0.35872235872235875,0.1891891891891892,0.31203931203931207,0.2457002457002457,0.09090909090909091,0.31695331695331697,42.411167512690355,5.8452088452088455
2025-04-23,1,0,0,1,0,0,0,0,2,0,0,0,2025,4,23,2,113,17,2,0,0,0,0.9749279121818236,-0.22252093395631434,0.9307239310379795,-0.36572252349726897,0.8854560256532099,-0.4647231720437685,0.8660254037844387,-0.4999999999999998,1.0,0.0,0.0,2.0,0.0,0.0,0.6666666666666666,0.5773502691896262,2.0,1.0,0.42857142857142855,0.5345224838248485,3.0,1.0,0.42857142857142855,0.6462061726588626,6.0,2.0,0.35714285714285715,0.5587211398983513,10.0,2.0,0.30357142857142855,0.6005949431307976,17.0,2.0,0.27380952380952384,0.545544725589981,23.0,2.0,0.0,-1.0,1.0,407,0.35872235872235875,0.1891891891891892,0.31203931203931207,0.2457002457002457,0.09090909090909091,0.31695331695331697,42.411167512690355,5.8452088452088455
2025-04-24,0,0,0,0,0,0,0,0,0,0,0,0,2025,4,24,3,114,17,2,0,0,0,0.43388373911755823,-0.900968867902419,0.9242907221930933,-0.3816892202666588,0.8854560256532099,-0.4647231720437685,0.8660254037844387,-0.4999999999999998,1.0,1.0,0.0,1.0,0.0,0.0,0.6666666666666666,0.5773502691896262,2.0,1.0,0.2857142857142857,0.4879500364742663,2.0,1.0,0.42857142857142855,0.6462061726588626,6.0,2.0,0.35714285714285715,0.5587211398983513,10.0,2.0,0.30357142857142855,0.6005949431307976,17.0,2.0,0.27380952380952384,0.545544725589981,23.0,2.0,-1.0,-1.0,0.0,407,0.35872235872235875,0.1891891891891892,0.31203931203931207,0.2457002457002457,0.09090909090909091,0.31695331695331697,42.411167512690355,5.8452088452088455
2025-04-25,0,0,0,0,0,0,0,0,0,0,0,0,2025,4,25,4,115,17,2,0,0,1,-0.433883739117558,-0.9009688679024191,0.9175836260593937,-0.39754281428255595,0.8854560256532099,-0.4647231720437685,0.8660254037844387,-0.4999999999999998,0.0,1.0,1.0,0.0,0.0,0.0,0.3333333333333333,0.5773502691896254,1.0,1.0,0.2857142857142857,0.4879500364742663,2.0,1.0,0.42857142857142855,0.6462061726588626,6.0,2.0,0.35714285714285715,0.5587211398983513,10.0,2.0,0.2857142857142857,0.5943456513231621,16.0,2.0,0.27380952380952384,0.545544725589981,23.0,2.0,0.0,0.0,0.0,407,0.35872235872235875,0.1891891891891892,0.31203931203931207,0.2457002457002457,0.09090909090909091,0.31695331695331697,42.411167512690355,5.8452088452088455
2025-04-26,0,0,0,0,0,0,0,0,0,0,0,0,2025,4,26,5,116,17,2,1,0,0,-0.9749279121818236,-0.2225209339563146,0.9106046300942162,-0.4132786077829042,0.8854560256532099,-0.4647231720437685,0.8660254037844387,-0.4999999999999998,0.0,0.0,1.0,0.0,0.0,1.0,0.0,0.0,0.0,0.0,0.2857142857142857,0.4879500364742663,2.0,1.0,0.42857142857142855,0.6462061726588626,6.0,2.0,0.32142857142857145,0.5479640045336474,9.0,2.0,0.2857142857142857,0.5943456513231621,16.0,2.0,0.27380952380952384,0.545544725589981,23.0,2.0,0.0,0.0,-1.0,407,0.35872235872235875,0.1891891891891892,0.31203931203931207,0.2457002457002457,0.09090909090909091,0.31695331695331697,42.411167512690355,5.8452088452088455
2025-04-27,1,1,0,0,0,0,0,0,2,1,1,0,2025,4,27,6,117,17,2,1,0,0,-0.7818314824680299,0.6234898018587334,0.9033558023246845,-0.4288919379124835,0.8854560256532099,-0.4647231720437685,0.8660254037844387,-0.4999999999999998,0.0,0.0,0.0,0.0,0.0,1.0,0.3333333333333333,0.5773502691896254,1.0,1.0,0.42857142857142855,0.5345224838248485,3.0,1.0,0.5,0.6504436355879895,7.0,2.0,0.32142857142857145,0.5479640045336474,9.0,2.0,0.30357142857142855,0.6005949431307976,17.0,2.0,0.2857142857142857,0.5503871270959902,24.0,2.0,1.0,1.0,0.0,407,0.35872235872235875,0.1891891891891892,0.31203931203931207,0.2457002457002457,0.09090909090909091,0.31695331695331697,42.411167512690355,5.8452088452088455
2025-04-28,2,2,0,0,0,0,0,0,4,0,0,0,2025,4,28,0,118,18,2,0,1,0,0.0,1.0,0.895839290734909,-0.4443781781046132,0.8229838658936565,-0.5680647467311557,0.8660254037844387,-0.4999999999999998,1.0,0.0,0.0,0.0,1.0,0.0,1.0,1.0000000000000007,3.0,2.0,0.7142857142857143,0.7559289460184541,5.0,2.0,0.5714285714285714,0.7559289460184532,8.0,2.0,0.39285714285714285,0.6288900106557953,11.0,2.0,0.3392857142857143,0.640363127502619,19.0,2.0,0.2976190476190476,0.5762312517873631,25.0,2.0,1.0,2.0,2.0,407,0.35872235872235875,0.1891891891891892,0.31203931203931207,0.2457002457002457,0.09090909090909091,0.31695331695331697,42.411167512690355,5.8452088452088455
2025-04-29,0,0,0,0,0,0,0,0,0,0,0,0,2025,4,29,1,119,18,2,0,0,0,0.7818314824680298,0.6234898018587336,0.8880573226294932,-0.45973273945210397,0.8229838658936565,-0.5680647467311557,0.8660254037844387,-0.4999999999999998,2.0,1.0,0.0,1.0,0.0,1.0,1.0,1.0000000000000007,3.0,2.0,0.5714285714285714,0.7867957924694429,4.0,2.0,0.5714285714285714,0.7559289460184532,8.0,2.0,0.35714285714285715,0.6214848238238704,10.0,2.0,0.3392857142857143,0.640363127502619,19.0,2.0,0.2976190476190476,0.5762312517873631,25.0,2.0,-2.0,-1.0,-1.0,407,0.35872235872235875,0.1891891891891892,0.31203931203931207,0.2457002457002457,0.09090909090909091,0.31695331695331697,42.411167512690355,5.8452088452088455
2025-04-30,0,0,0,0,0,0,0,0,0,0,0,0,2025,4,30,2,120,18,2,0,0,0,0.9749279121818236,-0.22252093395631434,0.8800122039735357,-0.47495107206704995,0.8229838658936565,-0.5680647467311557,0.8660254037844387,-0.4999999999999998,0.0,2.0,1.0,1.0,2.0,0.0,0.6666666666666666,1.1547005383792517,2.0,2.0,0.42857142857142855,0.786795792469443,3.0,2.0,0.42857142857142855,0.6462061726588626,6.0,2.0,0.35714285714285715,0.6214848238238704,10.0,2.0,0.3392857142857143,0.640363127502619,19.0,2.0,0.2976190476190476,0.5762312517873631,25.0,2.0,0.0,-1.0,0.0,407,0.35872235872235875,0.1891891891891892,0.31203931203931207,0.2457002457002457,0.09090909090909091,0.31695331695331697,42.411167512690355,5.8452088452088455
2025-05-01,2,0,0,1,0,0,0,0,4,0,0,0,2025,5,1,3,121,18,2,0,0,0,0.43388373911755823,-0.900968867902419,0.8717063187093218,-0.4900286664290592,0.8229838658936565,-0.5680647467311557,0.49999999999999994,-0.8660254037844387,0.0,0.0,2.0,0.0,1.0,0.0,0.6666666666666666,1.1547005383792517,2.0,2.0,0.7142857142857143,0.9511897312113415,5.0,2.0,0.5,0.7595545253127488,7.0,2.0,0.42857142857142855,0.6900655593423548,12.0,2.0,0.375,0.6758832604956141,21.0,2.0,0.32142857142857145,0.6044157646217013,27.0,2.0,2.0,2.0,2.0,407,0.35872235872235875,0.1891891891891892,0.31203931203931207,0.2457002457002457,0.09090909090909091,0.31695331695331697,42.411167512690355,5.8452088452088455
2025-05-02,0,0,0,0,0,0,0,0,0,0,0,0,2025,5,2,4,122,18,2,0,0,1,-0.433883739117558,-0.9009688679024191,0.8631421280499114,-0.5049610547215204,0.8229838658936565,-0.5680647467311557,0.49999999999999994,-0.8660254037844387,2.0,0.0,0.0,0.0,0.0,0.0,0.6666666666666666,1.1547005383792517,2.0,2.0,0.7142857142857143,0.9511897312113415,5.0,2.0,0.5,0.7595545253127488,7.0,2.0,0.42857142857142855,0.6900655593423548,12.0,2.0,0.3392857142857143,0.640363127502619,19.0,2.0,0.32142857142857145,0.6044157646217013,27.0,2.0,-2.0,0.0,0.0,407,0.35872235872235875,0.1891891891891892,0.31203931203931207,0.2457002457002457,0.09090909090909091,0.31695331695331697,42.411167512690355,5.8452088452088455
2025-05-03,0,0,0,0,0,0,0,0,0,0,0,0,2025,5,3,5,123,18,2,1,0,0,-0.9749279121818236,-0.2225209339563146,0.854322169749827,-0.5197438121555155,0.8229838658936565,-0.5680647467311557,0.49999999999999994,-0.8660254037844387,0.0,2.0,0.0,0.0,0.0,1.0,0.6666666666666666,1.1547005383792517,2.0,2.0,0.7142857142857143,0.9511897312113415,5.0,2.0,0.5,0.7595545253127488,7.0,2.0,0.39285714285714285,0.6852566815265069,11.0,2.0,0.3392857142857143,0.640363127502619,19.0,2.0,0.32142857142857145,0.6044157646217013,27.0,2.0,0.0,0.0,-1.0,407,0.35872235872235875,0.1891891891891892,0.31203931203931207,0.2457002457002457,0.09090909090909091,0.31695331695331697,42.411167512690355,5.8452088452088455
2025-05-04,0,0,0,0,0,0,0,0,0,0,0,0,2025,5,4,6,124,18,2,1,0,0,-0.7818314824680299,0.6234898018587334,0.8452490573530633,-0.5343725582809786,0.8229838658936565,-0.5680647467311557,0.49999999999999994,-0.8660254037844387,0.0,0.0,2.0,1.0,0.0,0.0,0.0,0.0,0.0,0.0,0.5714285714285714,0.975900072948533,4.0,2.0,0.5,0.7595545253127488,7.0,2.0,0.39285714285714285,0.6852566815265069,11.0,2.0,0.3392857142857143,0.640363127502619,19.0,2.0,0.32142857142857145,0.6044157646217013,27.0,2.0,0.0,-1.0,0.0,407,0.35872235872235875,0.1891891891891892,0.31203931203931207,0.2457002457002457,0.09090909090909091,0.31695331695331697,42.411167512690355,5.8452088452088455
2025-05-05,0,0,0,0,0,0,0,0,0,0,0,0,2025,5,5,0,125,19,2,0,1,0,0.0,1.0,0.8359254794186372,-0.548842958284719,0.7485107481711013,-0.663122658240795,0.49999999999999994,-0.8660254037844387,0.0,0.0,0.0,2.0,0.0,0.0,0.0,0.0,0.0,0.0,0.2857142857142857,0.7559289460184543,2.0,2.0,0.5,0.7595545253127488,7.0,2.0,0.39285714285714285,0.6852566815265069,11.0,2.0,0.3392857142857143,0.640363127502619,19.0,2.0,0.32142857142857145,0.6044157646217013,27.0,2.0,0.0,-2.0,0.0,407,0.35872235872235875,0.1891891891891892,0.31203931203931207,0.2457002457002457,0.09090909090909091,0.31695331695331697,42.411167512690355,5.8452088452088455
2025-05-06,2,2,0,0,0,2,0,2,4,0,0,0,2025,5,6,1,126,19,2,0,0,0,0.7818314824680298,0.6234898018587336,0.8263541987239096,-0.5631507242749186,0.7485107481711013,-0.663122658240795,0.49999999999999994,-0.8660254037844387,0.0,0.0,0.0,0.0,1.0,0.0,0.6666666666666666,1.1547005383792517,2.0,2.0,0.5714285714285714,0.975900072948533,4.0,2.0,0.5714285714285714,0.851630627252639,8.0,2.0,0.4642857142857143,0.744468135135954,13.0,2.0,0.375,0.6758832604956141,21.0,2.0,0.3333333333333333,0.6273550009275092,28.0,2.0,2.0,2.0,2.0,407,0.35872235872235875,0.1891891891891892,0.31203931203931207,0.2457002457002457,0.09090909090909091,0.31695331695331697,42.411167512690355,5.8452088452088455
2025-05-07,0,0,0,0,0,0,0,0,0,0,0,0,2025,5,7,2,127,19,2,0,0,0,0.9749279121818236,-0.22252093395631434,0.8165380514459161,-0.5772916165517272,0.7485107481711013,-0.663122658240795,0.49999999999999994,-0.8660254037844387,2.0,0.0,0.0,0.0,1.0,0.0,0.6666666666666666,1.1547005383792517,2.0,2.0,0.5714285714285714,0.975900072948533,4.0,2.0,0.5,0.8548504142651093,7.0,2.0,0.4642857142857143,0.744468135135954,13.0,2.0,0.375,0.6758832604956141,21.0,2.0,0.3333333333333333,0.6273550009275092,28.0,2.0,-2.0,0.0,0.0,407,0.35872235872235875,0.1891891891891892,0.31203931203931207,0.2457002457002457,0.09090909090909091,0.31695331695331697,42.411167512690355,5.8452088452088455
2025-05-08,0,0,0,0,0,0,0,0,0,0,0,0,2025,5,8,3,128,19,2,0,0,0,0.43388373911755823,-0.900968867902419,0.8064799463209448,-0.5912614448635781,0.7485107481711013,-0.663122658240795,0.49999999999999994,-0.8660254037844387,0.0,2.0,0.0,2.0,0.0,0.0,0.6666666666666666,1.1547005383792517,2.0,2.0,0.2857142857142857,0.7559289460184543,2.0,2.0,0.5,0.8548504142651093,7.0,2.0,0.4642857142857143,0.744468135135954,13.0,2.0,0.375,0.6758832604956141,21.0,2.0,0.3333333333333333,0.6273550009275092,28.0,2.0,0.0,-2.0,0.0,407,0.35872235872235875,0.1891891891891892,0.31203931203931207,0.2457002457002457,0.09090909090909091,0.31695331695331697,42.411167512690355,5.8452088452088455
2025-05-09,0,0,0,0,0,0,0,0,0,0,0,0,2025,5,9,4,129,19,2,0,0,1,-0.433883739117558,-0.9009688679024191,0.7961828637826158,-0.6050560696488488,0.7485107481711013,-0.663122658240795,0.49999999999999994,-0.8660254037844387,0.0,0.0,2.0,0.0,0.0,0.0,0.0,0.0,0.0,0.0,0.2857142857142857,0.7559289460184543,2.0,2.0,0.5,0.8548504142651093,7.0,2.0,0.4642857142857143,0.744468135135954,13.0,2.0,0.375,0.6758832604956141,21.0,2.0,0.32142857142857145,0.6240310906240205,27.0,2.0,0.0,0.0,0.0,407,0.35872235872235875,0.1891891891891892,0.31203931203931207,0.2457002457002457,0.09090909090909091,0.31695331695331697,42.411167512690355,5.8452088452088455
2025-05-10,0,0,0,0,0,0,0,0,0,0,0,0,2025,5,10,5,130,19,2,1,0,0,-0.9749279121818236,-0.2225209339563146,0.7856498550787147,-0.6186714032625031,0.7485107481711013,-0.663122658240795,0.49999999999999994,-0.8660254037844387,0.0,0.0,0.0,0.0,0.0,0.0,0.0,0.0,0.0,0.0,0.2857142857142857,0.7559289460184543,2.0,2.0,0.5,0.8548504142651093,7.0,2.0,0.4642857142857143,0.744468135135954,13.0,2.0,0.375,0.6758832604956141,21.0,2.0,0.32142857142857145,0.6240310906240205,27.0,2.0,0.0,0.0,0.0,407,0.35872235872235875,0.1891891891891892,0.31203931203931207,0.2457002457002457,0.09090909090909091,0.31695331695331697,42.411167512690355,5.8452088452088455
2025-05-11,0,0,0,0,0,0,0,0,0,0,0,0,2025,5,11,6,131,19,2,1,0,0,-0.7818314824680299,0.6234898018587334,0.7748840413670407,-0.6321034111873487,0.7485107481711013,-0.663122658240795,0.49999999999999994,-0.8660254037844387,0.0,0.0,0.0,0.0,1.0,0.0,0.0,0.0,0.0,0.0,0.2857142857142857,0.7559289460184543,2.0,2.0,0.42857142857142855,0.8516306272526392,6.0,2.0,0.4642857142857143,0.744468135135954,13.0,2.0,0.375,0.6758832604956141,21.0,2.0,0.32142857142857145,0.6240310906240205,27.0,2.0,0.0,0.0,0.0,407,0.35872235872235875,0.1891891891891892,0.31203931203931207,0.2457002457002457,0.09090909090909091,0.31695331695331697,42.411167512690355,5.8452088452088455
2025-05-12,0,0,0,0,0,0,0,0,0,0,0,0,2025,5,12,0,132,20,2,0,1,0,0.0,1.0,0.7638886127905428,-0.6453481132295501,0.6631226582407952,-0.7485107481711012,0.49999999999999994,-0.8660254037844387,0.0,0.0,0.0,0.0,2.0,1.0,0.0,0.0,0.0,0.0,0.2857142857142857,0.7559289460184543,2.0,2.0,0.2857142857142857,0.7262730392025618,4.0,2.0,0.42857142857142855,0.7417981870189163,12.0,2.0,0.375,0.6758832604956141,21.0,2.0,0.30952380952380953,0.6204582542036241,26.0,2.0,0.0,0.0,-1.0,407,0.35872235872235875,0.1891891891891892,0.31203931203931207,0.2457002457002457,0.09090909090909091,0.31695331695331697,42.411167512690355,5.8452088452088455
2025-05-13,1,0,0,0,0,0,0,0,2,0,0,0,2025,5,13,1,133,20,2,0,0,0,0.7818314824680298,0.6234898018587336,0.7526668275320085,-0.6584015846980488,0.6631226582407952,-0.7485107481711012,0.49999999999999994,-0.8660254037844387,0.0,0.0,0.0,2.0,0.0,0.0,0.3333333333333333,0.5773502691896255,1.0,1.0,0.14285714285714285,0.3779644730092271,1.0,1.0,0.35714285714285715,0.7449463436684909,5.0,2.0,0.4642857142857143,0.744468135135954,13.0,2.0,0.39285714285714285,0.6789984985542762,22.0,2.0,0.32142857142857145,0.6240310906240205,27.0,2.0,1.0,-1.0,1.0,407,0.35872235872235875,0.1891891891891892,0.31203931203931207,0.2457002457002457,0.09090909090909091,0.31695331695331697,42.411167512690355,5.8452088452088455
2025-05-14,0,0,0,0,0,0,0,0,0,0,0,0,2025,5,14,2,134,20,2,0,0,0,0.9749279121818236,-0.22252093395631434,0.7412220108485958,-0.6712599575675313,0.6631226582407952,-0.7485107481711012,0.49999999999999994,-0.8660254037844387,1.0,0.0,0.0,0.0,0.0,2.0,0.3333333333333333,0.5773502691896255,1.0,1.0,0.14285714285714285,0.3779644730092271,1.0,1.0,0.35714285714285715,0.7449463436684909,5.0,2.0,0.39285714285714285,0.6852566815265068,11.0,2.0,0.35714285714285715,0.6446583712203046,20.0,2.0,0.30952380952380953,0.6204582542036241,26.0,2.0,-1.0,0.0,-2.0,407,0.35872235872235875,0.1891891891891892,0.31203931203931207,0.2457002457002457,0.09090909090909091,0.31695331695331697,42.411167512690355,5.8452088452088455
2025-05-15,0,0,0,0,0,0,0,0,0,0,0,0,2025,5,15,3,135,20,2,0,0,0,0.43388373911755823,-0.900968867902419,0.7295575540864875,-0.6839194216246106,0.6631226582407952,-0.7485107481711012,0.49999999999999994,-0.8660254037844387,0.0,1.0,0.0,0.0,2.0,1.0,0.3333333333333333,0.5773502691896255,1.0,1.0,0.14285714285714285,0.3779644730092271,1.0,1.0,0.21428571428571427,0.5789342235218381,3.0,2.0,0.35714285714285715,0.6784669927988105,10.0,2.0,0.35714285714285715,0.6446583712203046,20.0,2.0,0.30952380952380953,0.6204582542036241,26.0,2.0,0.0,0.0,-1.0,407,0.35872235872235875,0.1891891891891892,0.31203931203931207,0.2457002457002457,0.09090909090909091,0.31695331695331697,42.411167512690355,5.8452088452088455
2025-05-16,0,0,0,0,0,0,0,0,0,0,0,0,2025,5,16,4,136,20,2,0,0,1,-0.433883739117558,-0.9009688679024191,0.717676913675962,-0.6963762255968722,0.6631226582407952,-0.7485107481711012,0.49999999999999994,-0.8660254037844387,0.0,0.0,1.0,0.0,0.0,0.0,0.0,0.0,0.0,0.0,0.14285714285714285,0.3779644730092271,1.0,1.0,0.21428571428571427,0.5789342235218381,3.0,2.0,0.35714285714285715,0.6784669927988105,10.0,2.0,0.35714285714285715,0.6446583712203046,20.0,2.0,0.2976190476190476,0.6166321647633772,25.0,2.0,0.0,0.0,0.0,407,0.35872235872235875,0.1891891891891892,0.31203931203931207,0.2457002457002457,0.09090909090909091,0.31695331695331697,42.411167512690355,5.8452088452088455
2025-05-17,0,0,0,0,0,0,0,0,0,0,0,0,2025,5,17,5,137,20,2,1,0,0,-0.9749279121818236,-0.2225209339563146,0.705583610107178,-0.7086266782644596,0.6631226582407952,-0.7485107481711012,0.49999999999999994,-0.8660254037844387,0.0,0.0,0.0,0.0,0.0,0.0,0.0,0.0,0.0,0.0,0.14285714285714285,0.3779644730092271,1.0,1.0,0.21428571428571427,0.5789342235218381,3.0,2.0,0.35714285714285715,0.6784669927988105,10.0,2.0,0.35714285714285715,0.6446583712203046,20.0,2.0,0.2976190476190476,0.6166321647633772,25.0,2.0,0.0,0.0,0.0,407,0.35872235872235875,0.1891891891891892,0.31203931203931207,0.2457002457002457,0.09090909090909091,0.31695331695331697,42.411167512690355,5.8452088452088455
2025-05-18,1,0,1,0,0,0,0,0,2,1,1,1,2025,5,18,6,138,20,2,1,0,0,-0.7818314824680299,0.6234898018587334,0.6932812268869777,-0.7206671495538609,0.6631226582407952,-0.7485107481711012,0.49999999999999994,-0.8660254037844387,0.0,0.0,0.0,0.0,0.0,0.0,0.3333333333333333,0.5773502691896255,1.0,1.0,0.2857142857142857,0.4879500364742663,2.0,1.0,0.2857142857142857,0.6112498455021252,4.0,2.0,0.39285714285714285,0.6852566815265068,11.0,2.0,0.375,0.6484246644403233,21.0,2.0,0.30952380952380953,0.6204582542036241,26.0,2.0,1.0,1.0,1.0,407,0.35872235872235875,0.1891891891891892,0.31203931203931207,0.2457002457002457,0.09090909090909091,0.31695331695331697,42.411167512690355,5.8452088452088455
2025-05-19,0,0,0,0,0,0,0,0,0,0,0,0,2025,5,19,0,139,21,2,0,1,0,0.0,1.0,0.6807734094770161,-0.7324940716135789,0.5680647467311558,-0.8229838658936564,0.49999999999999994,-0.8660254037844387,1.0,0.0,0.0,0.0,0.0,0.0,0.3333333333333333,0.5773502691896255,1.0,1.0,0.2857142857142857,0.4879500364742663,2.0,1.0,0.2857142857142857,0.6112498455021252,4.0,2.0,0.39285714285714285,0.6852566815265068,11.0,2.0,0.3392857142857143,0.6113111308501581,19.0,2.0,0.30952380952380953,0.6204582542036241,26.0,2.0,-1.0,0.0,0.0,407,0.35872235872235875,0.1891891891891892,0.31203931203931207,0.2457002457002457,0.09090909090909091,0.31695331695331697,42.411167512690355,5.8452088452088455
2025-05-20,0,0,0,0,0,0,0,0,0,0,0,0,2025,5,20,1,140,21,2,0,0,0,0.7818314824680298,0.6234898018587336,0.6680638642135335,-0.7441039398713607,0.5680647467311558,-0.8229838658936564,0.49999999999999994,-0.8660254037844387,0.0,1.0,0.0,1.0,2.0,1.0,0.3333333333333333,0.5773502691896255,1.0,1.0,0.14285714285714285,0.37796447300922703,1.0,1.0,0.14285714285714285,0.36313651960127935,2.0,1.0,0.35714285714285715,0.6784669927988105,10.0,2.0,0.3392857142857143,0.6113111308501581,19.0,2.0,0.30952380952380953,0.6204582542036241,26.0,2.0,0.0,-1.0,-1.0,407,0.35872235872235875,0.1891891891891892,0.31203931203931207,0.2457002457002457,0.09090909090909091,0.31695331695331697,42.411167512690355,5.8452088452088455
2025-05-21,0,0,0,0,0,0,0,0,0,0,0,0,2025,5,21,2,141,21,2,0,0,0,0.9749279121818236,-0.22252093395631434,0.6551563572090853,-0.7554933140726803,0.5680647467311558,-0.8229838658936564,0.49999999999999994,-0.8660254037844387,0.0,0.0,1.0,0.0,0.0,1.0,0.0,0.0,0.0,0.0,0.14285714285714285,0.37796447300922703,1.0,1.0,0.14285714285714285,0.36313651960127935,2.0,1.0,0.32142857142857145,0.6696362433535832,9.0,2.0,0.3392857142857143,0.6113111308501581,19.0,2.0,0.30952380952380953,0.6204582542036241,26.0,2.0,0.0,0.0,-1.0,407,0.35872235872235875,0.1891891891891892,0.31203931203931207,0.2457002457002457,0.09090909090909091,0.31695331695331697,42.411167512690355,5.8452088452088455
2025-05-22,0,0,0,0,0,0,0,0,0,0,0,0,2025,5,22,3,142,21,2,0,0,0,0.43388373911755823,-0.900968867902419,0.6420547132365637,-0.766658819300159,0.5680647467311558,-0.8229838658936564,0.49999999999999994,-0.8660254037844387,0.0,0.0,0.0,0.0,0.0,0.0,0.0,0.0,0.0,0.0,0.14285714285714285,0.37796447300922703,1.0,1.0,0.14285714285714285,0.36313651960127935,2.0,1.0,0.32142857142857145,0.6696362433535832,9.0,2.0,0.3392857142857143,0.6113111308501581,19.0,2.0,0.30952380952380953,0.6204582542036241,26.0,2.0,0.0,0.0,0.0,407,0.35872235872235875,0.1891891891891892,0.31203931203931207,0.2457002457002457,0.09090909090909091,0.31695331695331697,42.411167512690355,5.8452088452088455
2025-05-23,0,0,0,0,0,0,0,0,0,0,0,0,2025,5,23,4,143,21,2,0,0,1,-0.433883739117558,-0.9009688679024191,0.6287628145958344,-0.7775971469736269,0.5680647467311558,-0.8229838658936564,0.49999999999999994,-0.8660254037844387,0.0,0.0,0.0,0.0,0.0,0.0,0.0,0.0,0.0,0.0,0.14285714285714285,0.37796447300922703,1.0,1.0,0.14285714285714285,0.36313651960127935,2.0,1.0,0.32142857142857145,0.6696362433535832,9.0,2.0,0.3392857142857143,0.6113111308501581,19.0,2.0,0.2976190476190476,0.6166321647633772,25.0,2.0,0.0,0.0,0.0,407,0.35872235872235875,0.1891891891891892,0.31203931203931207,0.2457002457002457,0.09090909090909091,0.31695331695331697,42.411167512690355,5.8452088452088455
2025-05-24,1,0,1,0,0,1,0,1,2,0,0,1,2025,5,24,5,144,21,2,1,0,0,-0.9749279121818236,-0.2225209339563146,0.6152845999633276,-0.7883050558305255,0.5680647467311558,-0.8229838658936564,0.49999999999999994,-0.8660254037844387,0.0,0.0,0.0,0.0,0.0,0.0,0.3333333333333333,0.5773502691896255,1.0,1.0,0.2857142857142857,0.4879500364742663,2.0,1.0,0.21428571428571427,0.42581531362631825,3.0,1.0,0.35714285714285715,0.6784669927988105,10.0,2.0,0.3392857142857143,0.6113111308501581,19.0,2.0,0.30952380952380953,0.6204582542036241,26.0,2.0,1.0,1.0,1.0,407,0.35872235872235875,0.1891891891891892,0.31203931203931207,0.2457002457002457,0.09090909090909091,0.31695331695331697,42.411167512690355,5.8452088452088455
2025-05-25,0,0,0,0,0,0,0,0,0,0,0,0,2025,5,25,6,145,21,2,1,0,0,-0.7818314824680299,0.6234898018587334,0.6016240632249226,-0.7987793728863649,0.5680647467311558,-0.8229838658936564,0.49999999999999994,-0.8660254037844387,1.0,0.0,0.0,1.0,0.0,1.0,0.3333333333333333,0.5773502691896255,1.0,1.0,0.14285714285714285,0.37796447300922703,1.0,1.0,0.21428571428571427,0.42581531362631825,3.0,1.0,0.32142857142857145,0.6696362433535832,9.0,2.0,0.32142857142857145,0.6062445608271203,18.0,2.0,0.30952380952380953,0.6204582542036241,26.0,2.0,-1.0,-1.0,-1.0,407,0.35872235872235875,0.1891891891891892,0.31203931203931207,0.2457002457002457,0.09090909090909091,0.31695331695331697,42.411167512690355,5.8452088452088455
2025-05-26,0,0,0,0,0,0,0,0,0,0,0,0,2025,5,26,0,146,22,2,0,1,0,0.0,1.0,0.5877852522924732,-0.8090169943749473,0.46472317204376906,-0.8854560256532096,0.49999999999999994,-0.8660254037844387,0.0,1.0,0.0,0.0,0.0,2.0,0.3333333333333333,0.5773502691896255,1.0,1.0,0.14285714285714285,0.37796447300922703,1.0,1.0,0.21428571428571427,0.42581531362631825,3.0,1.0,0.25,0.5853140973807085,7.0,2.0,0.32142857142857145,0.6062445608271203,18.0,2.0,0.30952380952380953,0.6204582542036241,26.0,2.0,0.0,0.0,-2.0,407,0.35872235872235875,0.1891891891891892,0.31203931203931207,0.2457002457002457,0.09090909090909091,0.31695331695331697,42.411167512690355,5.8452088452088455
2025-05-27,2,2,0,2,0,4,0,2,6,0,0,0,2025,5,27,1,147,22,2,0,0,0,0.7818314824680298,0.6234898018587336,0.5737722679043246,-0.8190148866680801,0.46472317204376906,-0.8854560256532096,0.49999999999999994,-0.8660254037844387,0.0,0.0,1.0,0.0,1.0,0.0,0.6666666666666666,1.1547005383792517,2.0,2.0,0.42857142857142855,0.786795792469443,3.0,2.0,0.2857142857142857,0.6112498455021252,4.0,2.0,0.32142857142857145,0.6696362433535832,9.0,2.0,0.3392857142857143,0.640363127502619,19.0,2.0,0.3333333333333333,0.6462744639322551,28.0,2.0,2.0,2.0,2.0,407,0.35872235872235875,0.1891891891891892,0.31203931203931207,0.2457002457002457,0.09090909090909091,0.31695331695331697,42.411167512690355,5.8452088452088455
2025-05-28,0,0,0,0,0,0,0,0,0,0,0,0,2025,5,28,2,148,22,2,0,0,0,0.9749279121818236,-0.22252093395631434,0.5595892624101765,-0.8287700871745038,0.46472317204376906,-0.8854560256532096,0.49999999999999994,-0.8660254037844387,2.0,0.0,0.0,0.0,0.0,0.0,0.6666666666666666,1.1547005383792517,2.0,2.0,0.42857142857142855,0.786795792469443,3.0,2.0,0.2857142857142857,0.6112498455021252,4.0,2.0,0.32142857142857145,0.6696362433535832,9.0,2.0,0.3392857142857143,0.640363127502619,19.0,2.0,0.3333333333333333,0.6462744639322551,28.0,2.0,-2.0,0.0,0.0,407,0.35872235872235875,0.1891891891891892,0.31203931203931207,0.2457002457002457,0.09090909090909091,0.31695331695331697,42.411167512690355,5.8452088452088455
2025-05-29,0,0,0,0,0,0,0,0,0,0,0,0,2025,5,29,3,149,22,2,0,0,0,0.43388373911755823,-0.900968867902419,0.545240438540651,-0.8382797052177744,0.46472317204376906,-0.8854560256532096,0.49999999999999994,-0.8660254037844387,0.0,2.0,0.0,0.0,0.0,2.0,0.6666666666666666,1.1547005383792517,2.0,2.0,0.42857142857142855,0.786795792469443,3.0,2.0,0.2857142857142857,0.6112498455021252,4.0,2.0,0.25,0.5853140973807085,7.0,2.0,0.3392857142857143,0.640363127502619,19.0,2.0,0.3333333333333333,0.6462744639322551,28.0,2.0,0.0,0.0,-2.0,407,0.35872235872235875,0.1891891891891892,0.31203931203931207,0.2457002457002457,0.09090909090909091,0.31695331695331697,42.411167512690355,5.8452088452088455
2025-05-30,0,0,0,0,0,0,0,0,0,0,0,0,2025,5,30,4,150,22,2,0,0,1,-0.433883739117558,-0.9009688679024191,0.5307300481619334,-0.8475409228928311,0.46472317204376906,-0.8854560256532096,0.49999999999999994,-0.8660254037844387,0.0,0.0,2.0,0.0,0.0,0.0,0.0,0.0,0.0,0.0,0.42857142857142855,0.786795792469443,3.0,2.0,0.2857142857142857,0.6112498455021252,4.0,2.0,0.25,0.5853140973807085,7.0,2.0,0.3392857142857143,0.640363127502619,19.0,2.0,0.30952380952380953,0.6204582542036241,26.0,2.0,0.0,0.0,0.0,407,0.35872235872235875,0.1891891891891892,0.31203931203931207,0.2457002457002457,0.09090909090909091,0.31695331695331697,42.411167512690355,5.8452088452088455
2025-05-31,0,0,0,0,0,0,0,0,0,0,0,0,2025,5,31,5,151,22,2,1,0,0,-0.9749279121818236,-0.2225209339563146,0.5160623910158528,-0.8565509959010036,0.46472317204376906,-0.8854560256532096,0.49999999999999994,-0.8660254037844387,0.0,0.0,0.0,1.0,0.0,0.0,0.0,0.0,0.0,0.0,0.2857142857142857,0.7559289460184543,2.0,2.0,0.2857142857142857,0.6112498455021252,4.0,2.0,0.25,0.5853140973807085,7.0,2.0,0.32142857142857145,0.6355282085762238,18.0,2.0,0.30952380952380953,0.6204582542036241,26.0,2.0,0.0,-1.0,0.0,407,0.35872235872235875,0.1891891891891892,0.31203931203931207,0.2457002457002457,0.09090909090909091,0.31695331695331697,42.411167512690355,5.8452088452088455
2025-06-01,1,0,0,0,0,0,0,0,2,0,0,1,2025,6,1,6,152,22,2,1,0,0,-0.7818314824680299,0.6234898018587334,0.5012418134457758,-0.865307254363206,0.46472317204376906,-0.8854560256532096,1.2246467991473532e-16,-1.0,0.0,0.0,0.0,0.0,1.0,0.0,0.3333333333333333,0.5773502691896255,1.0,1.0,0.42857142857142855,0.786795792469443,3.0,2.0,0.2857142857142857,0.6112498455021252,4.0,2.0,0.2857142857142857,0.5998236072282923,8.0,2.0,0.3392857142857143,0.640363127502619,19.0,2.0,0.32142857142857145,0.6240310906240205,27.0,2.0,1.0,1.0,1.0,407,0.35872235872235875,0.1891891891891892,0.31203931203931207,0.2457002457002457,0.09090909090909091,0.31695331695331697,42.411167512690355,5.8452088452088455
2025-06-02,0,0,0,0,0,0,0,0,0,0,0,0,2025,6,2,0,153,23,2,0,1,0,0.0,1.0,0.48627270710868997,-0.8738071036110808,0.35460488704253584,-0.9350162426854147,1.2246467991473532e-16,-1.0,1.0,0.0,0.0,0.0,0.0,0.0,0.3333333333333333,0.5773502691896255,1.0,1.0,0.42857142857142855,0.786795792469443,3.0,2.0,0.2857142857142857,0.6112498455021252,4.0,2.0,0.2857142857142857,0.5998236072282923,8.0,2.0,0.3392857142857143,0.640363127502619,19.0,2.0,0.32142857142857145,0.6240310906240205,27.0,2.0,-1.0,0.0,0.0,407,0.35872235872235875,0.1891891891891892,0.31203931203931207,0.2457002457002457,0.09090909090909091,0.31695331695331697,42.411167512690355,5.8452088452088455
2025-06-03,0,0,0,0,0,0,0,0,0,0,0,0,2025,6,3,1,154,23,2,0,0,0,0.7818314824680298,0.6234898018587336,0.4711595076738638,-0.8820480249558537,0.35460488704253584,-0.9350162426854147,1.2246467991473532e-16,-1.0,0.0,1.0,0.0,2.0,0.0,2.0,0.3333333333333333,0.5773502691896255,1.0,1.0,0.14285714285714285,0.377964473009227,1.0,1.0,0.2857142857142857,0.6112498455021252,4.0,2.0,0.21428571428571427,0.49867549436206465,6.0,2.0,0.3392857142857143,0.640363127502619,19.0,2.0,0.32142857142857145,0.6240310906240205,27.0,2.0,0.0,-2.0,-2.0,407,0.35872235872235875,0.1891891891891892,0.31203931203931207,0.2457002457002457,0.09090909090909091,0.31695331695331697,42.411167512690355,5.8452088452088455
2025-06-04,0,0,0,0,0,0,0,0,0,0,0,0,2025,6,4,2,155,23,2,0,0,0,0.9749279121818236,-0.22252093395631434,0.4559066935084588,-0.8900275764346767,0.35460488704253584,-0.9350162426854147,1.2246467991473532e-16,-1.0,0.0,0.0,1.0,0.0,0.0,0.0,0.0,0.0,0.0,0.0,0.14285714285714285,0.377964473009227,1.0,1.0,0.2857142857142857,0.6112498455021252,4.0,2.0,0.21428571428571427,0.49867549436206465,6.0,2.0,0.3392857142857143,0.640363127502619,19.0,2.0,0.32142857142857145,0.6240310906240205,27.0,2.0,0.0,0.0,0.0,407,0.35872235872235875,0.1891891891891892,0.31203931203931207,0.2457002457002457,0.09090909090909091,0.31695331695331697,42.411167512690355,5.8452088452088455
2025-06-05,0,0,0,0,0,0,0,0,0,0,0,0,2025,6,5,3,156,23,2,0,0,0,0.43388373911755823,-0.900968867902419,0.440518784350495,-0.8977433935342337,0.35460488704253584,-0.9350162426854147,1.2246467991473532e-16,-1.0,0.0,0.0,0.0,0.0,0.0,0.0,0.0,0.0,0.0,0.0,0.14285714285714285,0.377964473009227,1.0,1.0,0.2857142857142857,0.6112498455021252,4.0,2.0,0.21428571428571427,0.49867549436206465,6.0,2.0,0.3392857142857143,0.640363127502619,19.0,2.0,0.32142857142857145,0.6240310906240205,27.0,2.0,0.0,0.0,0.0,407,0.35872235872235875,0.1891891891891892,0.31203931203931207,0.2457002457002457,0.09090909090909091,0.31695331695331697,42.411167512690355,5.8452088452088455
2025-06-06,0,0,0,0,0,0,0,0,0,0,0,0,2025,6,6,4,157,23,2,0,0,1,-0.433883739117558,-0.9009688679024191,0.42500033996955416,-0.9051931898913974,0.35460488704253584,-0.9350162426854147,1.2246467991473532e-16,-1.0,0.0,0.0,0.0,0.0,0.0,0.0,0.0,0.0,0.0,0.0,0.14285714285714285,0.377964473009227,1.0,1.0,0.2857142857142857,0.6112498455021252,4.0,2.0,0.21428571428571427,0.49867549436206465,6.0,2.0,0.3392857142857143,0.640363127502619,19.0,2.0,0.32142857142857145,0.6240310906240205,27.0,2.0,0.0,0.0,0.0,407,0.35872235872235875,0.1891891891891892,0.31203931203931207,0.2457002457002457,0.09090909090909091,0.31695331695331697,42.411167512690355,5.8452088452088455
2025-06-07,0,0,0,0,0,0,0,0,0,0,0,0,2025,6,7,5,158,23,2,1,0,0,-0.9749279121818236,-0.2225209339563146,0.4093559588156213,-0.9123747579707273,0.35460488704253584,-0.9350162426854147,1.2246467991473532e-16,-1.0,0.0,0.0,0.0,0.0,1.0,0.0,0.0,0.0,0.0,0.0,0.14285714285714285,0.377964473009227,1.0,1.0,0.21428571428571427,0.5789342235218381,3.0,2.0,0.21428571428571427,0.49867549436206465,6.0,2.0,0.3392857142857143,0.640363127502619,19.0,2.0,0.32142857142857145,0.6240310906240205,27.0,2.0,0.0,0.0,0.0,407,0.35872235872235875,0.1891891891891892,0.31203931203931207,0.2457002457002457,0.09090909090909091,0.31695331695331697,42.411167512690355,5.8452088452088455
2025-06-08,0,0,0,0,0,0,0,0,0,0,0,0,2025,6,8,6,159,23,2,1,0,0,-0.7818314824680299,0.6234898018587334,0.39359027665646673,-0.9192859697186104,0.35460488704253584,-0.9350162426854147,1.2246467991473532e-16,-1.0,0.0,0.0,0.0,1.0,0.0,0.0,0.0,0.0,0.0,0.0,0.0,0.0,0.0,0.0,0.21428571428571427,0.5789342235218381,3.0,2.0,0.21428571428571427,0.49867549436206465,6.0,2.0,0.3392857142857143,0.640363127502619,19.0,2.0,0.32142857142857145,0.6240310906240205,27.0,2.0,0.0,-1.0,0.0,407,0.35872235872235875,0.1891891891891892,0.31203931203931207,0.2457002457002457,0.09090909090909091,0.31695331695331697,42.411167512690355,5.8452088452088455
2025-06-09,0,0,0,0,0,0,0,0,0,0,0,0,2025,6,9,0,160,24,2,0,1,0,0.0,1.0,0.3777079652039649,-0.9259247771938498,0.23931566428755768,-0.970941817426052,1.2246467991473532e-16,-1.0,0.0,0.0,0.0,0.0,0.0,0.0,0.0,0.0,0.0,0.0,0.0,0.0,0.0,0.0,0.21428571428571427,0.5789342235218381,3.0,2.0,0.21428571428571427,0.49867549436206465,6.0,2.0,0.32142857142857145,0.6355282085762238,18.0,2.0,0.32142857142857145,0.6240310906240205,27.0,2.0,0.0,0.0,0.0,407,0.35872235872235875,0.1891891891891892,0.31203931203931207,0.2457002457002457,0.09090909090909091,0.31695331695331697,42.411167512690355,5.8452088452088455
2025-06-10,0,0,0,0,0,0,0,0,0,0,0,0,2025,6,10,1,161,24,2,0,0,0,0.7818314824680298,0.6234898018587336,0.36171373072976765,-0.9322892131745133,0.23931566428755768,-0.970941817426052,1.2246467991473532e-16,-1.0,0.0,0.0,0.0,0.0,2.0,1.0,0.0,0.0,0.0,0.0,0.0,0.0,0.0,0.0,0.07142857142857142,0.26726124191242157,1.0,1.0,0.17857142857142858,0.4755948656056719,5.0,2.0,0.32142857142857145,0.6355282085762238,18.0,2.0,0.32142857142857145,0.6240310906240205,27.0,2.0,0.0,0.0,-1.0,407,0.35872235872235875,0.1891891891891892,0.31203931203931207,0.2457002457002457,0.09090909090909091,0.31695331695331697,42.411167512690355,5.8452088452088455
2025-06-11,0,0,0,0,0,0,0,0,0,0,0,0,2025,6,11,2,162,24,2,0,0,0,0.9749279121818236,-0.22252093395631434,0.3456123126707335,-0.9383773917408641,0.23931566428755768,-0.970941817426052,1.2246467991473532e-16,-1.0,0.0,0.0,0.0,0.0,0.0,0.0,0.0,0.0,0.0,0.0,0.0,0.0,0.0,0.0,0.07142857142857142,0.26726124191242157,1.0,1.0,0.17857142857142858,0.4755948656056719,5.0,2.0,0.2857142857142857,0.5943456513231621,16.0,2.0,0.2976190476190476,0.5967736933533517,25.0,2.0,0.0,0.0,0.0,407,0.35872235872235875,0.1891891891891892,0.31203931203931207,0.2457002457002457,0.09090909090909091,0.31695331695331697,42.411167512690355,5.8452088452088455
2025-06-12,2,2,0,2,0,0,0,0,4,0,0,0,2025,6,12,3,163,24,2,0,0,0,0.43388373911755823,-0.900968867902419,0.3294084822245304,-0.9441875088341993,0.23931566428755768,-0.970941817426052,1.2246467991473532e-16,-1.0,0.0,0.0,0.0,0.0,0.0,0.0,0.6666666666666666,1.1547005383792517,2.0,2.0,0.2857142857142857,0.7559289460184543,2.0,2.0,0.21428571428571427,0.5789342235218381,3.0,2.0,0.25,0.5853140973807085,7.0,2.0,0.30357142857142855,0.6301411921767395,17.0,2.0,0.32142857142857145,0.6240310906240205,27.0,2.0,2.0,2.0,2.0,407,0.35872235872235875,0.1891891891891892,0.31203931203931207,0.2457002457002457,0.09090909090909091,0.31695331695331697,42.411167512690355,5.8452088452088455
2025-06-13,0,0,0,0,0,0,0,0,0,0,0,0,2025,6,13,4,164,24,2,0,0,1,-0.433883739117558,-0.9009688679024191,0.3131070409358269,-0.9497178427914316,0.23931566428755768,-0.970941817426052,1.2246467991473532e-16,-1.0,2.0,0.0,0.0,0.0,0.0,0.0,0.6666666666666666,1.1547005383792517,2.0,2.0,0.2857142857142857,0.7559289460184543,2.0,2.0,0.21428571428571427,0.5789342235218381,3.0,2.0,0.25,0.5853140973807085,7.0,2.0,0.30357142857142855,0.6301411921767395,17.0,2.0,0.32142857142857145,0.6240310906240205,27.0,2.0,-2.0,0.0,0.0,407,0.35872235872235875,0.1891891891891892,0.31203931203931207,0.2457002457002457,0.09090909090909091,0.31695331695331697,42.411167512690355,5.8452088452088455
2025-06-14,0,0,0,0,0,0,0,0,0,0,0,0,2025,6,14,5,165,24,2,1,0,0,-0.9749279121818236,-0.2225209339563146,0.29671281927349075,-0.9549667548552551,0.23931566428755768,-0.970941817426052,1.2246467991473532e-16,-1.0,0.0,2.0,0.0,0.0,0.0,0.0,0.6666666666666666,1.1547005383792517,2.0,2.0,0.2857142857142857,0.7559289460184543,2.0,2.0,0.21428571428571427,0.5789342235218381,3.0,2.0,0.25,0.5853140973807085,7.0,2.0,0.30357142857142855,0.6301411921767395,17.0,2.0,0.32142857142857145,0.6240310906240205,27.0,2.0,0.0,0.0,0.0,407,0.35872235872235875,0.1891891891891892,0.31203931203931207,0.2457002457002457,0.09090909090909091,0.31695331695331697,42.411167512690355,5.8452088452088455
2025-06-15,0,0,0,0,0,0,0,0,0,0,0,0,2025,6,15,6,166,24,2,1,0,0,-0.7818314824680299,0.6234898018587334,0.28023067519921585,-0.9599326896597447,0.23931566428755768,-0.970941817426052,1.2246467991473532e-16,-1.0,0.0,0.0,2.0,0.0,1.0,1.0,0.0,0.0,0.0,0.0,0.2857142857142857,0.7559289460184543,2.0,2.0,0.14285714285714285,0.5345224838248473,2.0,2.0,0.21428571428571427,0.5681120688308985,6.0,2.0,0.30357142857142855,0.6301411921767395,17.0,2.0,0.32142857142857145,0.6240310906240205,27.0,2.0,0.0,0.0,-1.0,407,0.35872235872235875,0.1891891891891892,0.31203931203931207,0.2457002457002457,0.09090909090909091,0.31695331695331697,42.411167512690355,5.8452088452088455
2025-06-16,1,0,1,0,0,0,0,0,1,0,0,1,2025,6,16,0,167,25,2,0,1,0,0.0,1.0,0.26366549272800704,-0.9646141756912435,0.12053668025532308,-0.992708874098054,1.2246467991473532e-16,-1.0,0.0,0.0,0.0,0.0,0.0,0.0,0.3333333333333333,0.5773502691896255,1.0,1.0,0.42857142857142855,0.786795792469443,3.0,2.0,0.21428571428571427,0.5789342235218381,3.0,2.0,0.25,0.5853140973807084,7.0,2.0,0.32142857142857145,0.6355282085762238,18.0,2.0,0.30952380952380953,0.6007262768243458,26.0,2.0,1.0,1.0,1.0,407,0.35872235872235875,0.1891891891891892,0.31203931203931207,0.2457002457002457,0.09090909090909091,0.31695331695331697,42.411167512690355,5.8452088452088455
2025-06-17,1,0,0,0,0,0,0,0,2,0,0,1,2025,6,17,1,168,25,2,0,0,0,0.7818314824680298,0.6234898018587336,0.24702218048093552,-0.9690098257244062,0.12053668025532308,-0.992708874098054,1.2246467991473532e-16,-1.0,1.0,0.0,0.0,0.0,0.0,0.0,0.6666666666666666,0.5773502691896262,2.0,1.0,0.5714285714285714,0.7867957924694429,4.0,2.0,0.2857142857142857,0.6112498455021252,4.0,2.0,0.2857142857142857,0.5998236072282922,8.0,2.0,0.32142857142857145,0.6355282085762238,18.0,2.0,0.32142857142857145,0.6044157646217013,27.0,2.0,0.0,1.0,1.0,407,0.35872235872235875,0.1891891891891892,0.31203931203931207,0.2457002457002457,0.09090909090909091,0.31695331695331697,42.411167512690355,5.8452088452088455
2025-06-18,0,0,0,0,0,0,0,0,0,0,0,0,2025,6,18,2,169,25,2,0,0,0,0.9749279121818236,-0.22252093395631434,0.23030567023061221,-0.9731183372332619,0.12053668025532308,-0.992708874098054,1.2246467991473532e-16,-1.0,1.0,1.0,0.0,0.0,0.0,0.0,0.6666666666666666,0.5773502691896262,2.0,1.0,0.5714285714285714,0.7867957924694429,4.0,2.0,0.2857142857142857,0.6112498455021252,4.0,2.0,0.2857142857142857,0.5998236072282922,8.0,2.0,0.30357142857142855,0.6301411921767395,17.0,2.0,0.32142857142857145,0.6044157646217013,27.0,2.0,-1.0,0.0,0.0,407,0.35872235872235875,0.1891891891891892,0.31203931203931207,0.2457002457002457,0.09090909090909091,0.31695331695331697,42.411167512690355,5.8452088452088455
2025-06-19,0,0,0,0,0,0,0,0,0,0,0,0,2025,6,19,3,170,25,2,0,0,0,0.43388373911755823,-0.900968867902419,0.21352091543979612,-0.9769384927771817,0.12053668025532308,-0.992708874098054,1.2246467991473532e-16,-1.0,0.0,1.0,1.0,2.0,0.0,0.0,0.3333333333333333,0.5773502691896255,1.0,1.0,0.2857142857142857,0.4879500364742663,2.0,1.0,0.2857142857142857,0.6112498455021252,4.0,2.0,0.2857142857142857,0.5998236072282922,8.0,2.0,0.30357142857142855,0.6301411921767395,17.0,2.0,0.32142857142857145,0.6044157646217013,27.0,2.0,0.0,-2.0,0.0,407,0.35872235872235875,0.1891891891891892,0.31203931203931207,0.2457002457002457,0.09090909090909091,0.31695331695331697,42.411167512690355,5.8452088452088455
2025-06-20,0,0,0,0,0,0,0,0,0,0,0,0,2025,6,20,4,171,25,2,0,0,1,-0.433883739117558,-0.9009688679024191,0.19667288979357647,-0.980469160361632,0.12053668025532308,-0.992708874098054,1.2246467991473532e-16,-1.0,0.0,0.0,1.0,0.0,0.0,0.0,0.0,0.0,0.0,0.0,0.2857142857142857,0.4879500364742663,2.0,1.0,0.2857142857142857,0.6112498455021252,4.0,2.0,0.2857142857142857,0.5998236072282922,8.0,2.0,0.30357142857142855,0.6301411921767395,17.0,2.0,0.32142857142857145,0.6044157646217013,27.0,2.0,0.0,0.0,0.0,407,0.35872235872235875,0.1891891891891892,0.31203931203931207,0.2457002457002457,0.09090909090909091,0.31695331695331697,42.411167512690355,5.8452088452088455
2025-06-21,1,0,0,0,0,0,0,0,2,0,0,0,2025,6,21,5,172,25,2,1,0,0,-0.9749279121818236,-0.2225209339563146,0.1797665857255624,-0.9837092937736097,0.12053668025532308,-0.992708874098054,1.2246467991473532e-16,-1.0,0.0,0.0,0.0,0.0,0.0,1.0,0.3333333333333333,0.5773502691896255,1.0,1.0,0.42857142857142855,0.5345224838248485,3.0,1.0,0.35714285714285715,0.6333236937766495,5.0,2.0,0.2857142857142857,0.5998236072282922,8.0,2.0,0.32142857142857145,0.6355282085762238,18.0,2.0,0.32142857142857145,0.6044157646217013,27.0,2.0,1.0,1.0,0.0,407,0.35872235872235875,0.1891891891891892,0.31203931203931207,0.2457002457002457,0.09090909090909091,0.31695331695331697,42.411167512690355,5.8452088452088455
2025-06-22,0,0,0,0,0,0,0,0,0,0,0,0,2025,6,22,6,173,25,2,1,0,0,-0.7818314824680299,0.6234898018587334,0.16280701293851715,-0.986657932891657,0.12053668025532308,-0.992708874098054,1.2246467991473532e-16,-1.0,1.0,0.0,0.0,0.0,0.0,0.0,0.3333333333333333,0.5773502691896255,1.0,1.0,0.42857142857142855,0.5345224838248485,3.0,1.0,0.35714285714285715,0.6333236937766495,5.0,2.0,0.2857142857142857,0.5998236072282922,8.0,2.0,0.30357142857142855,0.6301411921767395,17.0,2.0,0.30952380952380953,0.6007262768243458,26.0,2.0,-1.0,0.0,0.0,407,0.35872235872235875,0.1891891891891892,0.31203931203931207,0.2457002457002457,0.09090909090909091,0.31695331695331697,42.411167512690355,5.8452088452088455
2025-06-23,3,0,1,0,0,1,0,1,6,0,0,1,2025,6,23,0,174,26,2,0,1,0,0.0,1.0,0.1457991969198751,-0.9893142039703663,-3.216245299353273e-16,-1.0,1.2246467991473532e-16,-1.0,0.0,1.0,0.0,1.0,0.0,0.0,1.3333333333333333,1.5275252316519472,4.0,3.0,0.7142857142857143,1.1126972805283735,5.0,3.0,0.5714285714285714,0.9376144618769899,8.0,3.0,0.39285714285714285,0.785954749158543,11.0,3.0,0.32142857142857145,0.6903791542503127,18.0,3.0,0.34523809523809523,0.6675625076828373,29.0,3.0,3.0,2.0,3.0,407,0.35872235872235875,0.1891891891891892,0.31203931203931207,0.2457002457002457,0.09090909090909091,0.31695331695331697,42.411167512690355,5.8452088452088455
2025-06-24,0,0,0,0,0,0,0,0,0,0,0,0,2025,6,24,1,175,26,2,0,0,0,0.7818314824680298,0.6234898018587336,0.12874817745258132,-0.99167731989929,-3.216245299353273e-16,-1.0,1.2246467991473532e-16,-1.0,3.0,0.0,1.0,1.0,0.0,2.0,1.0,1.7320508075688776,3.0,3.0,0.5714285714285714,1.1338934190276817,4.0,3.0,0.5714285714285714,0.9376144618769899,8.0,3.0,0.32142857142857145,0.7228324650199195,9.0,3.0,0.32142857142857145,0.6903791542503127,18.0,3.0,0.3333333333333333,0.6646556012500704,28.0,3.0,-3.0,-1.0,-2.0,407,0.35872235872235875,0.1891891891891892,0.31203931203931207,0.2457002457002457,0.09090909090909091,0.31695331695331697,42.411167512690355,5.8452088452088455
2025-06-25,0,0,0,0,0,0,0,0,0,0,0,0,2025,6,25,2,176,26,2,0,0,0,0.9749279121818236,-0.22252093395631434,0.11165900712169512,-0.993746580436178,-3.216245299353273e-16,-1.0,1.2246467991473532e-16,-1.0,0.0,3.0,0.0,0.0,0.0,0.0,1.0,1.7320508075688776,3.0,3.0,0.5714285714285714,1.1338934190276817,4.0,3.0,0.5714285714285714,0.9376144618769899,8.0,3.0,0.32142857142857145,0.7228324650199195,9.0,3.0,0.32142857142857145,0.6903791542503127,18.0,3.0,0.3333333333333333,0.6646556012500704,28.0,3.0,0.0,0.0,0.0,407,0.35872235872235875,0.1891891891891892,0.31203931203931207,0.2457002457002457,0.09090909090909091,0.31695331695331697,42.411167512690355,5.8452088452088455
2025-06-26,0,0,0,0,0,0,0,0,0,0,0,0,2025,6,26,3,177,26,2,0,0,0,0.43388373911755823,-0.900968867902419,0.09453674981719912,-0.9955213724144752,-3.216245299353273e-16,-1.0,1.2246467991473532e-16,-1.0,0.0,0.0,3.0,0.0,2.0,0.0,0.0,0.0,0.0,0.0,0.5714285714285714,1.1338934190276817,4.0,3.0,0.42857142857142855,0.8516306272526392,6.0,3.0,0.32142857142857145,0.7228324650199195,9.0,3.0,0.2857142857142857,0.6526668568067682,16.0,3.0,0.3333333333333333,0.6646556012500704,28.0,3.0,0.0,0.0,0.0,407,0.35872235872235875,0.1891891891891892,0.31203931203931207,0.2457002457002457,0.09090909090909091,0.31695331695331697,42.411167512690355,5.8452088452088455
2025-06-27,0,0,0,0,0,0,0,0,0,0,0,0,2025,6,27,4,178,26,2,0,0,1,-0.433883739117558,-0.9009688679024191,0.07738647923346301,-0.9970011699250151,-3.216245299353273e-16,-1.0,1.2246467991473532e-16,-1.0,0.0,0.0,0.0,0.0,0.0,0.0,0.0,0.0,0.0,0.0,0.5714285714285714,1.1338934190276817,4.0,3.0,0.42857142857142855,0.8516306272526392,6.0,3.0,0.32142857142857145,0.7228324650199195,9.0,3.0,0.2857142857142857,0.6526668568067682,16.0,3.0,0.3333333333333333,0.6646556012500704,28.0,3.0,0.0,0.0,0.0,407,0.35872235872235875,0.1891891891891892,0.31203931203931207,0.2457002457002457,0.09090909090909091,0.31695331695331697,42.411167512690355,5.8452088452088455
2025-06-28,0,0,0,0,0,0,0,0,0,0,0,0,2025,6,28,5,179,26,2,1,0,0,-0.9749279121818236,-0.2225209339563146,0.06021327736579302,-0.9981855344718586,-3.216245299353273e-16,-1.0,1.2246467991473532e-16,-1.0,0.0,0.0,0.0,1.0,0.0,0.0,0.0,0.0,0.0,0.0,0.42857142857142855,1.1338934190276817,3.0,3.0,0.42857142857142855,0.8516306272526392,6.0,3.0,0.32142857142857145,0.7228324650199195,9.0,3.0,0.2857142857142857,0.6526668568067682,16.0,3.0,0.32142857142857145,0.6615191404258398,27.0,3.0,0.0,-1.0,0.0,407,0.35872235872235875,0.1891891891891892,0.31203931203931207,0.2457002457002457,0.09090909090909091,0.31695331695331697,42.411167512690355,5.8452088452088455
2025-06-29,0,0,0,0,0,0,0,0,0,0,0,0,2025,6,29,6,180,26,2,1,0,0,-0.7818314824680299,0.6234898018587334,0.04302223300453059,-0.99907411510223,-3.216245299353273e-16,-1.0,1.2246467991473532e-16,-1.0,0.0,0.0,0.0,0.0,0.0,1.0,0.0,0.0,0.0,0.0,0.42857142857142855,1.1338934190276817,3.0,3.0,0.42857142857142855,0.8516306272526392,6.0,3.0,0.2857142857142857,0.7126966450997989,8.0,3.0,0.2857142857142857,0.6526668568067682,16.0,3.0,0.32142857142857145,0.6615191404258398,27.0,3.0,0.0,0.0,-1.0,407,0.35872235872235875,0.1891891891891892,0.31203931203931207,0.2457002457002457,0.09090909090909091,0.31695331695331697,42.411167512690355,5.8452088452088455
2025-06-30,0,0,0,0,0,0,0,0,0,0,0,0,2025,6,30,0,181,27,2,0,1,0,0.0,1.0,0.02581844022713308,-0.9996666485105112,-0.12053668025532283,-0.992708874098054,1.2246467991473532e-16,-1.0,0.0,0.0,0.0,3.0,1.0,0.0,0.0,0.0,0.0,0.0,0.0,0.0,0.0,0.0,0.35714285714285715,0.8418973861410944,5.0,3.0,0.2857142857142857,0.7126966450997989,8.0,3.0,0.2857142857142857,0.6526668568067682,16.0,3.0,0.32142857142857145,0.6615191404258398,27.0,3.0,0.0,-3.0,0.0,407,0.35872235872235875,0.1891891891891892,0.31203931203931207,0.2457002457002457,0.09090909090909091,0.31695331695331697,42.411167512690355,5.8452088452088455
2025-07-01,0,0,0,0,0,0,0,0,0,0,0,0,2025,7,1,1,182,27,3,0,0,0,0.7818314824680298,0.6234898018587336,0.008606996888688698,-0.9999629591162655,-0.12053668025532283,-0.992708874098054,-0.4999999999999997,-0.8660254037844388,0.0,0.0,0.0,0.0,1.0,0.0,0.0,0.0,0.0,0.0,0.0,0.0,0.0,0.0,0.2857142857142857,0.8254203058555559,4.0,3.0,0.2857142857142857,0.7126966450997989,8.0,3.0,0.25,0.6105139414683936,14.0,3.0,0.32142857142857145,0.6615191404258398,27.0,3.0,0.0,0.0,0.0,407,0.35872235872235875,0.1891891891891892,0.31203931203931207,0.2457002457002457,0.09090909090909091,0.31695331695331697,42.411167512690355,5.8452088452088455
2025-07-02,0,0,0,0,0,0,0,0,0,0,0,0,2025,7,2,2,183,27,3,0,0,0,0.9749279121818236,-0.22252093395631434,-0.008606996888688009,-0.9999629591162655,-0.12053668025532283,-0.992708874098054,-0.4999999999999997,-0.8660254037844388,0.0,0.0,0.0,0.0,0.0,0.0,0.0,0.0,0.0,0.0,0.0,0.0,0.0,0.0,0.2857142857142857,0.8254203058555559,4.0,3.0,0.2857142857142857,0.7126966450997989,8.0,3.0,0.25,0.6105139414683936,14.0,3.0,0.32142857142857145,0.6615191404258398,27.0,3.0,0.0,0.0,0.0,407,0.35872235872235875,0.1891891891891892,0.31203931203931207,0.2457002457002457,0.09090909090909091,0.31695331695331697,42.411167512690355,5.8452088452088455
2025-07-03,0,0,0,0,0,0,0,0,0,0,0,0,2025,7,3,3,184,27,3,0,0,0,0.43388373911755823,-0.900968867902419,-0.02581844022713239,-0.9996666485105112,-0.12053668025532283,-0.992708874098054,-0.4999999999999997,-0.8660254037844388,0.0,0.0,0.0,0.0,0.0,0.0,0.0,0.0,0.0,0.0,0.0,0.0,0.0,0.0,0.2857142857142857,0.8254203058555559,4.0,3.0,0.2857142857142857,0.7126966450997989,8.0,3.0,0.25,0.6105139414683936,14.0,3.0,0.32142857142857145,0.6615191404258398,27.0,3.0,0.0,0.0,0.0,407,0.35872235872235875,0.1891891891891892,0.31203931203931207,0.2457002457002457,0.09090909090909091,0.31695331695331697,42.411167512690355,5.8452088452088455
2025-07-04,0,0,0,0,0,0,0,0,0,0,0,0,2025,7,4,4,185,27,3,0,0,1,-0.433883739117558,-0.9009688679024191,-0.04302223300453034,-0.99907411510223,-0.12053668025532283,-0.992708874098054,-0.4999999999999997,-0.8660254037844388,0.0,0.0,0.0,0.0,0.0,0.0,0.0,0.0,0.0,0.0,0.0,0.0,0.0,0.0,0.2857142857142857,0.8254203058555559,4.0,3.0,0.2857142857142857,0.7126966450997989,8.0,3.0,0.25,0.6105139414683936,14.0,3.0,0.32142857142857145,0.6615191404258398,27.0,3.0,0.0,0.0,0.0,407,0.35872235872235875,0.1891891891891892,0.31203931203931207,0.2457002457002457,0.09090909090909091,0.31695331695331697,42.411167512690355,5.8452088452088455
2025-07-05,1,0,0,0,0,0,0,0,1,0,0,0,2025,7,5,5,186,27,3,1,0,0,-0.9749279121818236,-0.2225209339563146,-0.060213277365792774,-0.9981855344718586,-0.12053668025532283,-0.992708874098054,-0.4999999999999997,-0.8660254037844388,0.0,0.0,0.0,0.0,1.0,0.0,0.3333333333333333,0.5773502691896256,1.0,1.0,0.14285714285714285,0.3779644730092273,1.0,1.0,0.2857142857142857,0.8254203058555559,4.0,3.0,0.32142857142857145,0.7228324650199195,9.0,3.0,0.26785714285714285,0.6176516060802456,15.0,3.0,0.3333333333333333,0.6646556012500704,28.0,3.0,1.0,1.0,1.0,407,0.35872235872235875,0.1891891891891892,0.31203931203931207,0.2457002457002457,0.09090909090909091,0.31695331695331697,42.411167512690355,5.8452088452088455
2025-07-06,0,0,0,0,0,0,0,0,0,0,0,0,2025,7,6,6,187,27,3,1,0,0,-0.7818314824680299,0.6234898018587334,-0.07738647923346322,-0.9970011699250151,-0.12053668025532283,-0.992708874098054,-0.4999999999999997,-0.8660254037844388,1.0,0.0,0.0,0.0,0.0,0.0,0.3333333333333333,0.5773502691896256,1.0,1.0,0.14285714285714285,0.3779644730092273,1.0,1.0,0.2857142857142857,0.8254203058555559,4.0,3.0,0.32142857142857145,0.7228324650199195,9.0,3.0,0.26785714285714285,0.6176516060802456,15.0,3.0,0.3333333333333333,0.6646556012500704,28.0,3.0,-1.0,0.0,0.0,407,0.35872235872235875,0.1891891891891892,0.31203931203931207,0.2457002457002457,0.09090909090909091,0.31695331695331697,42.411167512690355,5.8452088452088455
2025-07-07,0,0,0,0,0,0,0,0,0,0,0,0,2025,7,7,0,188,28,3,0,1,0,0.0,1.0,-0.09453674981719933,-0.9955213724144752,-0.23931566428755743,-0.9709418174260521,-0.4999999999999997,-0.8660254037844388,0.0,1.0,0.0,0.0,3.0,0.0,0.3333333333333333,0.5773502691896256,1.0,1.0,0.14285714285714285,0.3779644730092273,1.0,1.0,0.07142857142857142,0.26726124191242134,1.0,1.0,0.32142857142857145,0.7228324650199195,9.0,3.0,0.26785714285714285,0.6176516060802456,15.0,3.0,0.32142857142857145,0.6615191404258398,27.0,3.0,0.0,0.0,0.0,407,0.35872235872235875,0.1891891891891892,0.31203931203931207,0.2457002457002457,0.09090909090909091,0.31695331695331697,42.411167512690355,5.8452088452088455
2025-07-08,1,1,0,0,0,0,0,0,2,0,0,0,2025,7,8,1,189,28,3,0,0,0,0.7818314824680298,0.6234898018587336,-0.11165900712169444,-0.9937465804361781,-0.23931566428755743,-0.9709418174260521,-0.4999999999999997,-0.8660254037844388,0.0,0.0,1.0,0.0,0.0,0.0,0.3333333333333333,0.5773502691896256,1.0,1.0,0.2857142857142857,0.48795003647426655,2.0,1.0,0.14285714285714285,0.3631365196012792,2.0,1.0,0.35714285714285715,0.7310208850583786,10.0,3.0,0.26785714285714285,0.6176516060802456,15.0,3.0,0.3333333333333333,0.6646556012500704,28.0,3.0,1.0,1.0,1.0,407,0.35872235872235875,0.1891891891891892,0.31203931203931207,0.2457002457002457,0.09090909090909091,0.31695331695331697,42.411167512690355,5.8452088452088455
2025-07-09,0,0,0,0,0,0,0,0,0,0,0,0,2025,7,9,2,190,28,3,0,0,0,0.9749279121818236,-0.22252093395631434,-0.12874817745258066,-0.99167731989929,-0.23931566428755743,-0.9709418174260521,-0.4999999999999997,-0.8660254037844388,1.0,0.0,0.0,0.0,0.0,0.0,0.3333333333333333,0.5773502691896256,1.0,1.0,0.2857142857142857,0.48795003647426655,2.0,1.0,0.14285714285714285,0.3631365196012792,2.0,1.0,0.35714285714285715,0.7310208850583786,10.0,3.0,0.26785714285714285,0.6176516060802456,15.0,3.0,0.30952380952380953,0.6395817623662966,26.0,3.0,-1.0,0.0,0.0,407,0.35872235872235875,0.1891891891891892,0.31203931203931207,0.2457002457002457,0.09090909090909091,0.31695331695331697,42.411167512690355,5.8452088452088455
2025-07-10,0,0,0,0,0,0,0,0,0,0,0,0,2025,7,10,3,191,28,3,0,0,0,0.43388373911755823,-0.900968867902419,-0.14579919691987442,-0.9893142039703664,-0.23931566428755743,-0.9709418174260521,-0.4999999999999997,-0.8660254037844388,0.0,1.0,0.0,0.0,0.0,2.0,0.3333333333333333,0.5773502691896256,1.0,1.0,0.2857142857142857,0.48795003647426655,2.0,1.0,0.14285714285714285,0.3631365196012792,2.0,1.0,0.2857142857142857,0.6586823467062364,8.0,3.0,0.26785714285714285,0.6176516060802456,15.0,3.0,0.2976190476190476,0.635870751145968,25.0,3.0,0.0,0.0,-2.0,407,0.35872235872235875,0.1891891891891892,0.31203931203931207,0.2457002457002457,0.09090909090909091,0.31695331695331697,42.411167512690355,5.8452088452088455
2025-07-11,1,0,1,0,0,0,0,0,2,0,0,1,2025,7,11,4,192,28,3,0,0,1,-0.433883739117558,-0.9009688679024191,-0.16280701293851646,-0.9866579328916572,-0.23931566428755743,-0.9709418174260521,-0.4999999999999997,-0.8660254037844388,0.0,0.0,1.0,0.0,0.0,0.0,0.3333333333333333,0.5773502691896256,1.0,1.0,0.42857142857142855,0.5345224838248487,3.0,1.0,0.21428571428571427,0.4258153136263181,3.0,1.0,0.32142857142857145,0.6696362433535831,9.0,3.0,0.2857142857142857,0.6241877839323596,16.0,3.0,0.30952380952380953,0.6395817623662966,26.0,3.0,1.0,1.0,1.0,407,0.35872235872235875,0.1891891891891892,0.31203931203931207,0.2457002457002457,0.09090909090909091,0.31695331695331697,42.411167512690355,5.8452088452088455
2025-07-12,0,0,0,0,0,0,0,0,0,0,0,0,2025,7,12,5,193,28,3,1,0,0,-0.9749279121818236,-0.2225209339563146,-0.17976658572556214,-0.9837092937736098,-0.23931566428755743,-0.9709418174260521,-0.4999999999999997,-0.8660254037844388,1.0,0.0,0.0,1.0,0.0,0.0,0.3333333333333333,0.5773502691896256,1.0,1.0,0.2857142857142857,0.48795003647426655,2.0,1.0,0.21428571428571427,0.4258153136263181,3.0,1.0,0.32142857142857145,0.6696362433535831,9.0,3.0,0.2857142857142857,0.6241877839323596,16.0,3.0,0.30952380952380953,0.6395817623662966,26.0,3.0,-1.0,-1.0,0.0,407,0.35872235872235875,0.1891891891891892,0.31203931203931207,0.2457002457002457,0.09090909090909091,0.31695331695331697,42.411167512690355,5.8452088452088455
2025-07-13,0,0,0,0,0,0,0,0,0,0,0,0,2025,7,13,6,194,28,3,1,0,0,-0.7818314824680299,0.6234898018587334,-0.19667288979357622,-0.9804691603616321,-0.23931566428755743,-0.9709418174260521,-0.4999999999999997,-0.8660254037844388,0.0,1.0,0.0,0.0,0.0,0.0,0.3333333333333333,0.5773502691896256,1.0,1.0,0.2857142857142857,0.48795003647426655,2.0,1.0,0.21428571428571427,0.4258153136263181,3.0,1.0,0.32142857142857145,0.6696362433535831,9.0,3.0,0.26785714285714285,0.6176516060802456,15.0,3.0,0.30952380952380953,0.6395817623662966,26.0,3.0,0.0,0.0,0.0,407,0.35872235872235875,0.1891891891891892,0.31203931203931207,0.2457002457002457,0.09090909090909091,0.31695331695331697,42.411167512690355,5.8452088452088455
2025-07-14,1,1,0,1,0,0,0,0,2,0,0,0,2025,7,14,0,195,29,3,0,1,0,0.0,1.0,-0.2135209154397959,-0.9769384927771817,-0.3546048870425356,-0.9350162426854148,-0.4999999999999997,-0.8660254037844388,0.0,0.0,1.0,0.0,0.0,1.0,0.3333333333333333,0.5773502691896256,1.0,1.0,0.42857142857142855,0.5345224838248487,3.0,1.0,0.2857142857142857,0.4688072309384936,4.0,1.0,0.32142857142857145,0.6696362433535831,9.0,3.0,0.2857142857142857,0.6241877839323596,16.0,3.0,0.32142857142857145,0.6430483555748924,27.0,3.0,1.0,1.0,0.0,407,0.35872235872235875,0.1891891891891892,0.31203931203931207,0.2457002457002457,0.09090909090909091,0.31695331695331697,42.411167512690355,5.8452088452088455
2025-07-15,0,0,0,0,0,0,0,0,0,0,0,0,2025,7,15,1,196,29,3,0,0,0,0.7818314824680298,0.6234898018587336,-0.23030567023061196,-0.973118337233262,-0.3546048870425356,-0.9350162426854148,-0.4999999999999997,-0.8660254037844388,1.0,0.0,0.0,1.0,0.0,1.0,0.3333333333333333,0.5773502691896256,1.0,1.0,0.2857142857142857,0.48795003647426655,2.0,1.0,0.2857142857142857,0.4688072309384936,4.0,1.0,0.2857142857142857,0.6586823467062364,8.0,3.0,0.2857142857142857,0.6241877839323596,16.0,3.0,0.30952380952380953,0.6395817623662966,26.0,3.0,-1.0,-1.0,-1.0,407,0.35872235872235875,0.1891891891891892,0.31203931203931207,0.2457002457002457,0.09090909090909091,0.31695331695331697,42.411167512690355,5.8452088452088455
2025-07-16,0,0,0,0,0,0,0,0,0,0,0,0,2025,7,16,2,197,29,3,0,0,0,0.9749279121818236,-0.22252093395631434,-0.24702218048093527,-0.9690098257244063,-0.3546048870425356,-0.9350162426854148,-0.4999999999999997,-0.8660254037844388,0.0,1.0,0.0,0.0,0.0,0.0,0.3333333333333333,0.5773502691896256,1.0,1.0,0.2857142857142857,0.48795003647426655,2.0,1.0,0.2857142857142857,0.4688072309384936,4.0,1.0,0.2857142857142857,0.6586823467062364,8.0,3.0,0.2857142857142857,0.6241877839323596,16.0,3.0,0.2976190476190476,0.635870751145968,25.0,3.0,0.0,0.0,0.0,407,0.35872235872235875,0.1891891891891892,0.31203931203931207,0.2457002457002457,0.09090909090909091,0.31695331695331697,42.411167512690355,5.8452088452088455
2025-07-17,0,0,0,0,0,0,0,0,0,0,0,0,2025,7,17,3,198,29,3,0,0,0,0.43388373911755823,-0.900968867902419,-0.2636654927280072,-0.9646141756912435,-0.3546048870425356,-0.9350162426854148,-0.4999999999999997,-0.8660254037844388,0.0,0.0,1.0,0.0,0.0,0.0,0.0,0.0,0.0,0.0,0.2857142857142857,0.48795003647426655,2.0,1.0,0.2857142857142857,0.4688072309384936,4.0,1.0,0.2857142857142857,0.6586823467062364,8.0,3.0,0.2857142857142857,0.6241877839323596,16.0,3.0,0.2976190476190476,0.635870751145968,25.0,3.0,0.0,0.0,0.0,407,0.35872235872235875,0.1891891891891892,0.31203931203931207,0.2457002457002457,0.09090909090909091,0.31695331695331697,42.411167512690355,5.8452088452088455
2025-07-18,0,0,0,0,0,0,0,0,0,0,0,0,2025,7,18,4,199,29,3,0,0,1,-0.433883739117558,-0.9009688679024191,-0.2802306751992161,-0.9599326896597445,-0.3546048870425356,-0.9350162426854148,-0.4999999999999997,-0.8660254037844388,0.0,0.0,0.0,1.0,0.0,0.0,0.0,0.0,0.0,0.0,0.14285714285714285,0.3779644730092273,1.0,1.0,0.2857142857142857,0.4688072309384936,4.0,1.0,0.2857142857142857,0.6586823467062364,8.0,3.0,0.2857142857142857,0.6241877839323596,16.0,3.0,0.2976190476190476,0.635870751145968,25.0,3.0,0.0,-1.0,0.0,407,0.35872235872235875,0.1891891891891892,0.31203931203931207,0.2457002457002457,0.09090909090909091,0.31695331695331697,42.411167512690355,5.8452088452088455
2025-07-19,0,0,0,0,0,0,0,0,0,0,0,0,2025,7,19,5,200,29,3,1,0,0,-0.9749279121818236,-0.2225209339563146,-0.2967128192734901,-0.9549667548552553,-0.3546048870425356,-0.9350162426854148,-0.4999999999999997,-0.8660254037844388,0.0,0.0,0.0,0.0,1.0,1.0,0.0,0.0,0.0,0.0,0.14285714285714285,0.3779644730092273,1.0,1.0,0.21428571428571427,0.4258153136263181,3.0,1.0,0.25,0.6454972243679034,7.0,3.0,0.26785714285714285,0.6176516060802456,15.0,3.0,0.2976190476190476,0.635870751145968,25.0,3.0,0.0,0.0,-1.0,407,0.35872235872235875,0.1891891891891892,0.31203931203931207,0.2457002457002457,0.09090909090909091,0.31695331695331697,42.411167512690355,5.8452088452088455
2025-07-20,0,0,0,0,0,0,0,0,0,0,0,0,2025,7,20,6,201,29,3,1,0,0,-0.7818314824680299,0.6234898018587334,-0.3131070409358267,-0.9497178427914317,-0.3546048870425356,-0.9350162426854148,-0.4999999999999997,-0.8660254037844388,0.0,0.0,0.0,0.0,0.0,0.0,0.0,0.0,0.0,0.0,0.14285714285714285,0.3779644730092273,1.0,1.0,0.21428571428571427,0.4258153136263181,3.0,1.0,0.25,0.6454972243679034,7.0,3.0,0.26785714285714285,0.6176516060802456,15.0,3.0,0.2857142857142857,0.6319110157622293,24.0,3.0,0.0,0.0,0.0,407,0.35872235872235875,0.1891891891891892,0.31203931203931207,0.2457002457002457,0.09090909090909091,0.31695331695331697,42.411167512690355,5.8452088452088455
2025-07-21,0,0,0,0,0,0,0,0,0,0,0,0,2025,7,21,0,202,30,3,0,1,0,0.0,1.0,-0.3294084822245302,-0.9441875088341994,-0.46472317204376806,-0.8854560256532101,-0.4999999999999997,-0.8660254037844388,0.0,0.0,0.0,1.0,0.0,3.0,0.0,0.0,0.0,0.0,0.0,0.0,0.0,0.0,0.21428571428571427,0.4258153136263181,3.0,1.0,0.14285714285714285,0.3563483225499003,4.0,1.0,0.26785714285714285,0.6176516060802456,15.0,3.0,0.2619047619047619,0.6035846257642575,22.0,3.0,0.0,-1.0,-3.0,407,0.35872235872235875,0.1891891891891892,0.31203931203931207,0.2457002457002457,0.09090909090909091,0.31695331695331697,42.411167512690355,5.8452088452088455
2025-07-22,0,0,0,0,0,0,0,0,0,0,0,0,2025,7,22,1,203,30,3,0,0,0,0.7818314824680298,0.6234898018587336,-0.3456123126707333,-0.9383773917408642,-0.46472317204376806,-0.8854560256532101,-0.4999999999999997,-0.8660254037844388,0.0,0.0,0.0,0.0,1.0,0.0,0.0,0.0,0.0,0.0,0.0,0.0,0.0,0.0,0.14285714285714285,0.3631365196012792,2.0,1.0,0.14285714285714285,0.3563483225499003,4.0,1.0,0.23214285714285715,0.5717937145055482,13.0,3.0,0.2619047619047619,0.6035846257642575,22.0,3.0,0.0,0.0,0.0,407,0.35872235872235875,0.1891891891891892,0.31203931203931207,0.2457002457002457,0.09090909090909091,0.31695331695331697,42.411167512690355,5.8452088452088455
2025-07-23,0,0,0,0,0,0,0,0,0,0,0,0,2025,7,23,2,204,30,3,0,0,0,0.9749279121818236,-0.22252093395631434,-0.3617137307297674,-0.9322892131745134,-0.46472317204376806,-0.8854560256532101,-0.4999999999999997,-0.8660254037844388,0.0,0.0,0.0,0.0,0.0,0.0,0.0,0.0,0.0,0.0,0.0,0.0,0.0,0.0,0.14285714285714285,0.3631365196012792,2.0,1.0,0.14285714285714285,0.3563483225499003,4.0,1.0,0.23214285714285715,0.5717937145055482,13.0,3.0,0.2619047619047619,0.6035846257642575,22.0,3.0,0.0,0.0,0.0,407,0.35872235872235875,0.1891891891891892,0.31203931203931207,0.2457002457002457,0.09090909090909091,0.31695331695331697,42.411167512690355,5.8452088452088455
2025-07-24,0,0,0,0,0,0,0,0,0,0,0,0,2025,7,24,3,205,30,3,0,0,0,0.43388373911755823,-0.900968867902419,-0.37770796520396466,-0.9259247771938499,-0.46472317204376806,-0.8854560256532101,-0.4999999999999997,-0.8660254037844388,0.0,0.0,0.0,0.0,0.0,0.0,0.0,0.0,0.0,0.0,0.0,0.0,0.0,0.0,0.14285714285714285,0.3631365196012792,2.0,1.0,0.14285714285714285,0.3563483225499003,4.0,1.0,0.23214285714285715,0.5717937145055482,13.0,3.0,0.23809523809523808,0.5728610845097839,20.0,3.0,0.0,0.0,0.0,407,0.35872235872235875,0.1891891891891892,0.31203931203931207,0.2457002457002457,0.09090909090909091,0.31695331695331697,42.411167512690355,5.8452088452088455
2025-07-25,0,0,0,0,0,0,0,0,0,0,0,0,2025,7,25,4,206,30,3,0,0,1,-0.433883739117558,-0.9009688679024191,-0.39359027665646645,-0.9192859697186105,-0.46472317204376806,-0.8854560256532101,-0.4999999999999997,-0.8660254037844388,0.0,0.0,0.0,0.0,1.0,0.0,0.0,0.0,0.0,0.0,0.0,0.0,0.0,0.0,0.07142857142857142,0.2672612419124214,1.0,1.0,0.14285714285714285,0.3563483225499003,4.0,1.0,0.23214285714285715,0.5717937145055482,13.0,3.0,0.23809523809523808,0.5728610845097839,20.0,3.0,0.0,0.0,0.0,407,0.35872235872235875,0.1891891891891892,0.31203931203931207,0.2457002457002457,0.09090909090909091,0.31695331695331697,42.411167512690355,5.8452088452088455
2025-07-26,0,0,0,0,0,0,0,0,0,0,0,0,2025,7,26,5,207,30,3,1,0,0,-0.9749279121818236,-0.2225209339563146,-0.4093559588156211,-0.9123747579707274,-0.46472317204376806,-0.8854560256532101,-0.4999999999999997,-0.8660254037844388,0.0,0.0,0.0,0.0,0.0,0.0,0.0,0.0,0.0,0.0,0.0,0.0,0.0,0.0,0.07142857142857142,0.2672612419124214,1.0,1.0,0.14285714285714285,0.3563483225499003,4.0,1.0,0.23214285714285715,0.5717937145055482,13.0,3.0,0.23809523809523808,0.5728610845097839,20.0,3.0,0.0,0.0,0.0,407,0.35872235872235875,0.1891891891891892,0.31203931203931207,0.2457002457002457,0.09090909090909091,0.31695331695331697,42.411167512690355,5.8452088452088455
2025-07-27,1,0,0,0,0,0,0,0,1,0,0,0,2025,7,27,6,208,30,3,1,0,0,-0.7818314824680299,0.6234898018587334,-0.42500033996955394,-0.9051931898913975,-0.46472317204376806,-0.8854560256532101,-0.4999999999999997,-0.8660254037844388,0.0,0.0,0.0,0.0,0.0,0.0,0.3333333333333333,0.5773502691896256,1.0,1.0,0.14285714285714285,0.3779644730092273,1.0,1.0,0.14285714285714285,0.3631365196012792,2.0,1.0,0.17857142857142858,0.3900210277874808,5.0,1.0,0.23214285714285715,0.5717937145055482,13.0,3.0,0.25,0.5782191188447424,21.0,3.0,1.0,1.0,1.0,407,0.35872235872235875,0.1891891891891892,0.31203931203931207,0.2457002457002457,0.09090909090909091,0.31695331695331697,42.411167512690355,5.8452088452088455
2025-07-28,0,0,0,0,0,0,0,0,0,0,0,0,2025,7,28,0,209,31,3,0,1,0,0.0,1.0,-0.4405187843504952,-0.8977433935342336,-0.5680647467311556,-0.8229838658936566,-0.4999999999999997,-0.8660254037844388,1.0,0.0,0.0,0.0,1.0,0.0,0.3333333333333333,0.5773502691896256,1.0,1.0,0.14285714285714285,0.3779644730092273,1.0,1.0,0.07142857142857142,0.2672612419124214,1.0,1.0,0.17857142857142858,0.3900210277874808,5.0,1.0,0.23214285714285715,0.5717937145055482,13.0,3.0,0.25,0.5782191188447424,21.0,3.0,-1.0,0.0,0.0,407,0.35872235872235875,0.1891891891891892,0.31203931203931207,0.2457002457002457,0.09090909090909091,0.31695331695331697,42.411167512690355,5.8452088452088455
2025-07-29,0,0,0,0,0,0,0,0,0,0,0,0,2025,7,29,1,210,31,3,0,0,0,0.7818314824680298,0.6234898018587336,-0.455906693508459,-0.8900275764346766,-0.5680647467311556,-0.8229838658936566,-0.4999999999999997,-0.8660254037844388,0.0,1.0,0.0,0.0,0.0,0.0,0.3333333333333333,0.5773502691896256,1.0,1.0,0.14285714285714285,0.3779644730092273,1.0,1.0,0.07142857142857142,0.2672612419124214,1.0,1.0,0.17857142857142858,0.3900210277874808,5.0,1.0,0.23214285714285715,0.5717937145055482,13.0,3.0,0.2261904761904762,0.545544725589981,19.0,3.0,0.0,0.0,0.0,407,0.35872235872235875,0.1891891891891892,0.31203931203931207,0.2457002457002457,0.09090909090909091,0.31695331695331697,42.411167512690355,5.8452088452088455
2025-07-30,1,0,1,0,0,0,0,0,1,0,0,1,2025,7,30,2,211,31,3,0,0,0,0.9749279121818236,-0.22252093395631434,-0.47115950767386394,-0.8820480249558535,-0.5680647467311556,-0.8229838658936566,-0.4999999999999997,-0.8660254037844388,0.0,0.0,1.0,0.0,0.0,0.0,0.3333333333333333,0.5773502691896256,1.0,1.0,0.2857142857142857,0.48795003647426655,2.0,1.0,0.14285714285714285,0.3631365196012792,2.0,1.0,0.21428571428571427,0.4178554470186734,6.0,1.0,0.25,0.5799686511904215,14.0,3.0,0.23809523809523808,0.5514285417019662,20.0,3.0,1.0,1.0,1.0,407,0.35872235872235875,0.1891891891891892,0.31203931203931207,0.2457002457002457,0.09090909090909091,0.31695331695331697,42.411167512690355,5.8452088452088455
2025-07-31,0,0,0,0,0,0,0,0,0,0,0,0,2025,7,31,3,212,31,3,0,0,0,0.43388373911755823,-0.900968867902419,-0.4862727071086902,-0.8738071036110807,-0.5680647467311556,-0.8229838658936566,-0.4999999999999997,-0.8660254037844388,1.0,0.0,0.0,0.0,0.0,0.0,0.3333333333333333,0.5773502691896256,1.0,1.0,0.2857142857142857,0.48795003647426655,2.0,1.0,0.14285714285714285,0.3631365196012792,2.0,1.0,0.21428571428571427,0.4178554470186734,6.0,1.0,0.25,0.5799686511904215,14.0,3.0,0.23809523809523808,0.5514285417019662,20.0,3.0,-1.0,0.0,0.0,407,0.35872235872235875,0.1891891891891892,0.31203931203931207,0.2457002457002457,0.09090909090909091,0.31695331695331697,42.411167512690355,5.8452088452088455
2025-08-01,1,0,0,0,0,0,0,0,1,0,0,0,2025,8,1,4,213,31,3,0,0,1,-0.433883739117558,-0.9009688679024191,-0.5012418134457756,-0.8653072543632061,-0.5680647467311556,-0.8229838658936566,-0.8660254037844385,-0.5000000000000004,0.0,1.0,0.0,0.0,0.0,0.0,0.6666666666666666,0.5773502691896263,2.0,1.0,0.42857142857142855,0.5345224838248487,3.0,1.0,0.21428571428571427,0.4258153136263181,3.0,1.0,0.25,0.44095855184409927,7.0,1.0,0.26785714285714285,0.5874775486177072,15.0,3.0,0.25,0.556992786178979,21.0,3.0,1.0,1.0,1.0,407,0.35872235872235875,0.1891891891891892,0.31203931203931207,0.2457002457002457,0.09090909090909091,0.31695331695331697,42.411167512690355,5.8452088452088455
2025-08-02,1,1,0,0,0,0,0,0,2,0,0,0,2025,8,2,5,214,31,3,1,0,0,-0.9749279121818236,-0.2225209339563146,-0.5160623910158526,-0.8565509959010037,-0.5680647467311556,-0.8229838658936566,-0.8660254037844385,-0.5000000000000004,1.0,0.0,1.0,0.0,0.0,1.0,0.6666666666666666,0.5773502691896263,2.0,1.0,0.5714285714285714,0.5345224838248486,4.0,1.0,0.2857142857142857,0.4688072309384936,4.0,1.0,0.25,0.44095855184409927,7.0,1.0,0.2857142857142857,0.5943456513231621,16.0,3.0,0.2619047619047619,0.5622469469678261,22.0,3.0,0.0,1.0,0.0,407,0.35872235872235875,0.1891891891891892,0.31203931203931207,0.2457002457002457,0.09090909090909091,0.31695331695331697,42.411167512690355,5.8452088452088455
2025-08-03,2,2,0,0,0,0,0,0,2,0,0,0,2025,8,3,6,215,31,3,1,0,0,-0.7818314824680299,0.6234898018587334,-0.5307300481619331,-0.8475409228928312,-0.5680647467311556,-0.8229838658936566,-0.8660254037844385,-0.5000000000000004,1.0,1.0,0.0,1.0,0.0,0.0,1.3333333333333333,0.5773502691896276,4.0,2.0,0.7142857142857143,0.7559289460184542,5.0,2.0,0.42857142857142855,0.6462061726588626,6.0,2.0,0.32142857142857145,0.5479640045336472,9.0,2.0,0.32142857142857145,0.6355282085762239,18.0,3.0,0.2857142857142857,0.5925527493458409,24.0,3.0,1.0,1.0,2.0,407,0.35872235872235875,0.1891891891891892,0.31203931203931207,0.2457002457002457,0.09090909090909091,0.31695331695331697,42.411167512690355,5.8452088452088455
2025-08-04,0,0,0,0,0,0,0,0,0,0,0,0,2025,8,4,0,216,32,3,0,1,0,0.0,1.0,-0.5452404385406507,-0.8382797052177745,-0.663122658240795,-0.7485107481711013,-0.8660254037844385,-0.5000000000000004,2.0,1.0,1.0,0.0,0.0,0.0,1.0,1.0000000000000007,3.0,2.0,0.7142857142857143,0.7559289460184542,5.0,2.0,0.42857142857142855,0.6462061726588626,6.0,2.0,0.32142857142857145,0.5479640045336472,9.0,2.0,0.32142857142857145,0.6355282085762239,18.0,3.0,0.2857142857142857,0.5925527493458409,24.0,3.0,-2.0,0.0,0.0,407,0.35872235872235875,0.1891891891891892,0.31203931203931207,0.2457002457002457,0.09090909090909091,0.31695331695331697,42.411167512690355,5.8452088452088455
2025-08-05,1,0,0,1,0,0,0,0,2,0,0,0,2025,8,5,1,217,32,3,0,0,0,0.7818314824680298,0.6234898018587336,-0.5595892624101763,-0.828770087174504,-0.663122658240795,-0.7485107481711013,-0.8660254037844385,-0.5000000000000004,0.0,2.0,1.0,0.0,0.0,1.0,1.0,1.0000000000000007,3.0,2.0,0.8571428571428571,0.6900655593423539,6.0,2.0,0.5,0.6504436355879895,7.0,2.0,0.32142857142857145,0.5479640045336472,9.0,2.0,0.3392857142857143,0.640363127502619,19.0,3.0,0.2857142857142857,0.5925527493458409,24.0,3.0,1.0,1.0,0.0,407,0.35872235872235875,0.1891891891891892,0.31203931203931207,0.2457002457002457,0.09090909090909091,0.31695331695331697,42.411167512690355,5.8452088452088455
2025-08-06,1,1,0,0,0,1,0,1,3,0,0,0,2025,8,6,2,218,32,3,0,0,0,0.9749279121818236,-0.22252093395631434,-0.5737722679043243,-0.8190148866680802,-0.663122658240795,-0.7485107481711013,-0.8660254037844385,-0.5000000000000004,1.0,0.0,2.0,1.0,0.0,0.0,0.6666666666666666,0.5773502691896264,2.0,1.0,0.8571428571428571,0.6900655593423539,6.0,2.0,0.5714285714285714,0.6462061726588626,8.0,2.0,0.35714285714285715,0.5587211398983511,10.0,2.0,0.35714285714285715,0.6446583712203046,20.0,3.0,0.2976190476190476,0.5967736933533516,25.0,3.0,0.0,0.0,1.0,407,0.35872235872235875,0.1891891891891892,0.31203931203931207,0.2457002457002457,0.09090909090909091,0.31695331695331697,42.411167512690355,5.8452088452088455
2025-08-07,0,0,0,0,0,0,0,0,0,0,0,0,2025,8,7,3,219,32,3,0,0,0,0.43388373911755823,-0.900968867902419,-0.5877852522924734,-0.8090169943749472,-0.663122658240795,-0.7485107481711013,-0.8660254037844385,-0.5000000000000004,1.0,1.0,0.0,0.0,0.0,0.0,0.6666666666666666,0.5773502691896263,2.0,1.0,0.8571428571428571,0.6900655593423539,6.0,2.0,0.5714285714285714,0.6462061726588626,8.0,2.0,0.35714285714285715,0.5587211398983511,10.0,2.0,0.32142857142857145,0.6062445608271203,18.0,3.0,0.2976190476190476,0.5967736933533516,25.0,3.0,-1.0,0.0,0.0,407,0.35872235872235875,0.1891891891891892,0.31203931203931207,0.2457002457002457,0.09090909090909091,0.31695331695331697,42.411167512690355,5.8452088452088455
2025-08-08,1,1,0,1,0,0,0,0,2,1,1,0,2025,8,8,4,220,32,3,0,0,1,-0.433883739117558,-0.9009688679024191,-0.6016240632249227,-0.7987793728863648,-0.663122658240795,-0.7485107481711013,-0.8660254037844385,-0.5000000000000004,0.0,1.0,1.0,1.0,0.0,1.0,0.6666666666666666,0.5773502691896263,2.0,1.0,0.8571428571428571,0.6900655593423539,6.0,2.0,0.6428571428571429,0.6333236937766494,9.0,2.0,0.35714285714285715,0.5587211398983511,10.0,2.0,0.3392857142857143,0.6113111308501582,19.0,3.0,0.30952380952380953,0.6007262768243457,26.0,3.0,1.0,0.0,0.0,407,0.35872235872235875,0.1891891891891892,0.31203931203931207,0.2457002457002457,0.09090909090909091,0.31695331695331697,42.411167512690355,5.8452088452088455
2025-08-09,0,0,0,0,0,0,0,0,0,0,0,0,2025,8,9,5,221,32,3,1,0,0,-0.9749279121818236,-0.2225209339563146,-0.6152845999633277,-0.7883050558305253,-0.663122658240795,-0.7485107481711013,-0.8660254037844385,-0.5000000000000004,1.0,0.0,1.0,1.0,0.0,0.0,0.3333333333333333,0.5773502691896256,1.0,1.0,0.7142857142857143,0.7559289460184542,5.0,2.0,0.6428571428571429,0.6333236937766494,9.0,2.0,0.35714285714285715,0.5587211398983511,10.0,2.0,0.3392857142857143,0.6113111308501582,19.0,3.0,0.30952380952380953,0.6007262768243457,26.0,3.0,-1.0,-1.0,0.0,407,0.35872235872235875,0.1891891891891892,0.31203931203931207,0.2457002457002457,0.09090909090909091,0.31695331695331697,42.411167512690355,5.8452088452088455
2025-08-10,0,0,0,0,0,0,0,0,0,0,0,0,2025,8,10,6,222,32,3,1,0,0,-0.7818314824680299,0.6234898018587334,-0.6287628145958345,-0.7775971469736268,-0.663122658240795,-0.7485107481711013,-0.8660254037844385,-0.5000000000000004,0.0,1.0,0.0,2.0,1.0,0.0,0.3333333333333333,0.5773502691896256,1.0,1.0,0.42857142857142855,0.5345224838248485,3.0,1.0,0.5714285714285714,0.6462061726588626,8.0,2.0,0.35714285714285715,0.5587211398983511,10.0,2.0,0.3392857142857143,0.6113111308501582,19.0,3.0,0.2976190476190476,0.5967736933533516,25.0,3.0,0.0,-2.0,0.0,407,0.35872235872235875,0.1891891891891892,0.31203931203931207,0.2457002457002457,0.09090909090909091,0.31695331695331697,42.411167512690355,5.8452088452088455
2025-08-11,2,0,0,0,0,0,0,0,4,0,0,0,2025,8,11,0,223,33,3,0,1,0,0.0,1.0,-0.6420547132365636,-0.7666588193001592,-0.7485107481711011,-0.6631226582407952,-0.8660254037844385,-0.5000000000000004,0.0,0.0,1.0,0.0,0.0,1.0,0.6666666666666666,1.1547005383792517,2.0,2.0,0.7142857142857143,0.7559289460184542,5.0,2.0,0.7142857142857143,0.7262730392025616,10.0,2.0,0.39285714285714285,0.6288900106557952,11.0,2.0,0.35714285714285715,0.6446583712203046,20.0,3.0,0.32142857142857145,0.6240310906240205,27.0,3.0,2.0,2.0,1.0,407,0.35872235872235875,0.1891891891891892,0.31203931203931207,0.2457002457002457,0.09090909090909091,0.31695331695331697,42.411167512690355,5.8452088452088455
2025-08-12,1,0,0,0,0,0,0,0,2,0,0,0,2025,8,12,1,224,33,3,0,0,0,0.7818314824680298,0.6234898018587336,-0.655156357209085,-0.7554933140726804,-0.7485107481711011,-0.6631226582407952,-0.8660254037844385,-0.5000000000000004,2.0,0.0,0.0,1.0,0.0,0.0,1.0,1.0000000000000007,3.0,2.0,0.7142857142857143,0.7559289460184542,5.0,2.0,0.7857142857142857,0.6992932067530665,11.0,2.0,0.42857142857142855,0.6341264874742285,12.0,2.0,0.35714285714285715,0.6446583712203046,20.0,3.0,0.3333333333333333,0.6273550009275092,28.0,3.0,-1.0,0.0,1.0,407,0.35872235872235875,0.1891891891891892,0.31203931203931207,0.2457002457002457,0.09090909090909091,0.31695331695331697,42.411167512690355,5.8452088452088455
2025-08-13,0,0,0,0,0,0,0,0,0,0,0,0,2025,8,13,2,225,33,3,0,0,0,0.9749279121818236,-0.22252093395631434,-0.6680638642135333,-0.7441039398713608,-0.7485107481711011,-0.6631226582407952,-0.8660254037844385,-0.5000000000000004,1.0,2.0,0.0,1.0,1.0,0.0,1.0,1.0000000000000007,3.0,2.0,0.5714285714285714,0.786795792469443,4.0,2.0,0.7142857142857143,0.7262730392025616,10.0,2.0,0.42857142857142855,0.6341264874742285,12.0,2.0,0.35714285714285715,0.6446583712203046,20.0,3.0,0.3333333333333333,0.6273550009275092,28.0,3.0,-1.0,-1.0,0.0,407,0.35872235872235875,0.1891891891891892,0.31203931203931207,0.2457002457002457,0.09090909090909091,0.31695331695331697,42.411167512690355,5.8452088452088455
2025-08-14,0,0,0,0,0,0,0,0,0,0,0,0,2025,8,14,3,226,33,3,0,0,0,0.43388373911755823,-0.900968867902419,-0.6807734094770159,-0.7324940716135792,-0.7485107481711011,-0.6631226582407952,-0.8660254037844385,-0.5000000000000004,0.0,1.0,2.0,0.0,0.0,0.0,0.3333333333333333,0.5773502691896258,1.0,1.0,0.5714285714285714,0.786795792469443,4.0,2.0,0.7142857142857143,0.7262730392025616,10.0,2.0,0.42857142857142855,0.6341264874742285,12.0,2.0,0.35714285714285715,0.6446583712203046,20.0,3.0,0.3333333333333333,0.6273550009275092,28.0,3.0,0.0,0.0,0.0,407,0.35872235872235875,0.1891891891891892,0.31203931203931207,0.2457002457002457,0.09090909090909091,0.31695331695331697,42.411167512690355,5.8452088452088455
2025-08-15,0,0,0,0,0,0,0,0,0,0,0,0,2025,8,15,4,227,33,3,0,0,1,-0.433883739117558,-0.9009688679024191,-0.6932812268869771,-0.7206671495538615,-0.7485107481711011,-0.6631226582407952,-0.8660254037844385,-0.5000000000000004,0.0,0.0,1.0,1.0,1.0,0.0,0.0,0.0,0.0,0.0,0.42857142857142855,0.786795792469443,3.0,2.0,0.6428571428571429,0.7449463436684908,9.0,2.0,0.42857142857142855,0.6341264874742285,12.0,2.0,0.35714285714285715,0.6446583712203046,20.0,3.0,0.3333333333333333,0.6273550009275092,28.0,3.0,0.0,-1.0,0.0,407,0.35872235872235875,0.1891891891891892,0.31203931203931207,0.2457002457002457,0.09090909090909091,0.31695331695331697,42.411167512690355,5.8452088452088455
2025-08-16,0,0,0,0,0,0,0,0,0,0,0,0,2025,8,16,5,228,33,3,1,0,0,-0.9749279121818236,-0.2225209339563146,-0.7055836101071774,-0.70862667826446,-0.7485107481711011,-0.6631226582407952,-0.8660254037844385,-0.5000000000000004,0.0,0.0,0.0,0.0,1.0,0.0,0.0,0.0,0.0,0.0,0.42857142857142855,0.786795792469443,3.0,2.0,0.5714285714285714,0.7559289460184533,8.0,2.0,0.42857142857142855,0.6341264874742285,12.0,2.0,0.3392857142857143,0.640363127502619,19.0,3.0,0.32142857142857145,0.6240310906240205,27.0,3.0,0.0,0.0,0.0,407,0.35872235872235875,0.1891891891891892,0.31203931203931207,0.2457002457002457,0.09090909090909091,0.31695331695331697,42.411167512690355,5.8452088452088455
2025-08-17,0,0,0,0,0,0,0,0,0,0,0,0,2025,8,17,6,229,33,3,1,0,0,-0.7818314824680299,0.6234898018587334,-0.7176769136759615,-0.6963762255968726,-0.7485107481711011,-0.6631226582407952,-0.8660254037844385,-0.5000000000000004,0.0,0.0,0.0,0.0,2.0,0.0,0.0,0.0,0.0,0.0,0.42857142857142855,0.786795792469443,3.0,2.0,0.42857142857142855,0.6462061726588627,6.0,2.0,0.42857142857142855,0.6341264874742285,12.0,2.0,0.3392857142857143,0.640363127502619,19.0,3.0,0.32142857142857145,0.6240310906240205,27.0,3.0,0.0,0.0,0.0,407,0.35872235872235875,0.1891891891891892,0.31203931203931207,0.2457002457002457,0.09090909090909091,0.31695331695331697,42.411167512690355,5.8452088452088455
2025-08-18,0,0,0,0,0,0,0,0,0,0,0,0,2025,8,18,0,230,34,3,0,1,0,0.0,1.0,-0.7295575540864876,-0.6839194216246105,-0.8229838658936564,-0.5680647467311559,-0.8660254037844385,-0.5000000000000004,0.0,0.0,0.0,2.0,0.0,0.0,0.0,0.0,0.0,0.0,0.14285714285714285,0.3779644730092271,1.0,1.0,0.42857142857142855,0.6462061726588627,6.0,2.0,0.42857142857142855,0.6341264874742285,12.0,2.0,0.2857142857142857,0.5296408977028502,16.0,2.0,0.32142857142857145,0.6240310906240205,27.0,3.0,0.0,-2.0,0.0,407,0.35872235872235875,0.1891891891891892,0.31203931203931207,0.2457002457002457,0.09090909090909091,0.31695331695331697,42.411167512690355,5.8452088452088455
2025-08-19,0,0,0,0,0,0,0,0,0,0,0,0,2025,8,19,1,231,34,3,0,0,0,0.7818314824680298,0.6234898018587336,-0.7412220108485957,-0.6712599575675315,-0.8229838658936564,-0.5680647467311559,-0.8660254037844385,-0.5000000000000004,0.0,0.0,0.0,1.0,1.0,0.0,0.0,0.0,0.0,0.0,0.0,0.0,0.0,0.0,0.35714285714285715,0.6333236937766497,5.0,2.0,0.42857142857142855,0.6341264874742285,12.0,2.0,0.2857142857142857,0.5296408977028502,16.0,2.0,0.2976190476190476,0.5967736933533515,25.0,3.0,0.0,-1.0,0.0,407,0.35872235872235875,0.1891891891891892,0.31203931203931207,0.2457002457002457,0.09090909090909091,0.31695331695331697,42.411167512690355,5.8452088452088455
2025-08-20,0,0,0,0,0,0,0,0,0,0,0,0,2025,8,20,2,232,34,3,0,0,0,0.9749279121818236,-0.22252093395631434,-0.7526668275320083,-0.6584015846980489,-0.8229838658936564,-0.5680647467311559,-0.8660254037844385,-0.5000000000000004,0.0,0.0,0.0,0.0,1.0,0.0,0.0,0.0,0.0,0.0,0.0,0.0,0.0,0.0,0.2857142857142857,0.6112498455021252,4.0,2.0,0.42857142857142855,0.6341264874742285,12.0,2.0,0.2857142857142857,0.5296408977028502,16.0,2.0,0.2976190476190476,0.5967736933533515,25.0,3.0,0.0,0.0,0.0,407,0.35872235872235875,0.1891891891891892,0.31203931203931207,0.2457002457002457,0.09090909090909091,0.31695331695331697,42.411167512690355,5.8452088452088455
2025-08-21,0,0,0,0,0,0,0,0,0,0,0,0,2025,8,21,3,233,34,3,0,0,0,0.43388373911755823,-0.900968867902419,-0.7638886127905429,-0.64534811322955,-0.8229838658936564,-0.5680647467311559,-0.8660254037844385,-0.5000000000000004,0.0,0.0,0.0,0.0,0.0,0.0,0.0,0.0,0.0,0.0,0.0,0.0,0.0,0.0,0.2857142857142857,0.6112498455021252,4.0,2.0,0.42857142857142855,0.6341264874742285,12.0,2.0,0.2857142857142857,0.5296408977028502,16.0,2.0,0.2976190476190476,0.5967736933533515,25.0,3.0,0.0,0.0,0.0,407,0.35872235872235875,0.1891891891891892,0.31203931203931207,0.2457002457002457,0.09090909090909091,0.31695331695331697,42.411167512690355,5.8452088452088455
2025-08-22,0,0,0,0,0,0,0,0,0,0,0,0,2025,8,22,4,234,34,3,0,0,1,-0.433883739117558,-0.9009688679024191,-0.7748840413670406,-0.6321034111873488,-0.8229838658936564,-0.5680647467311559,-0.8660254037844385,-0.5000000000000004,0.0,0.0,0.0,0.0,1.0,0.0,0.0,0.0,0.0,0.0,0.0,0.0,0.0,0.0,0.21428571428571427,0.5789342235218381,3.0,2.0,0.42857142857142855,0.6341264874742285,12.0,2.0,0.2857142857142857,0.5296408977028502,16.0,2.0,0.2976190476190476,0.5967736933533515,25.0,3.0,0.0,0.0,0.0,407,0.35872235872235875,0.1891891891891892,0.31203931203931207,0.2457002457002457,0.09090909090909091,0.31695331695331697,42.411167512690355,5.8452088452088455
2025-08-23,0,0,0,0,0,0,0,0,0,0,0,0,2025,8,23,5,235,34,3,1,0,0,-0.9749279121818236,-0.2225209339563146,-0.7856498550787144,-0.6186714032625032,-0.8229838658936564,-0.5680647467311559,-0.8660254037844385,-0.5000000000000004,0.0,0.0,0.0,0.0,0.0,0.0,0.0,0.0,0.0,0.0,0.0,0.0,0.0,0.0,0.21428571428571427,0.5789342235218381,3.0,2.0,0.42857142857142855,0.6341264874742285,12.0,2.0,0.2857142857142857,0.5296408977028502,16.0,2.0,0.2976190476190476,0.5967736933533515,25.0,3.0,0.0,0.0,0.0,407,0.35872235872235875,0.1891891891891892,0.31203931203931207,0.2457002457002457,0.09090909090909091,0.31695331695331697,42.411167512690355,5.8452088452088455
2025-08-24,2,0,0,0,0,0,0,0,4,0,0,0,2025,8,24,6,236,34,3,1,0,0,-0.7818314824680299,0.6234898018587334,-0.7961828637826154,-0.6050560696488494,-0.8229838658936564,-0.5680647467311559,-0.8660254037844385,-0.5000000000000004,0.0,0.0,0.0,0.0,0.0,1.0,0.6666666666666666,1.1547005383792517,2.0,2.0,0.2857142857142857,0.7559289460184543,2.0,2.0,0.35714285714285715,0.744946343668491,5.0,2.0,0.4642857142857143,0.6929348671835838,13.0,2.0,0.32142857142857145,0.5754727023663517,18.0,2.0,0.30952380952380953,0.6204582542036241,26.0,3.0,2.0,2.0,1.0,407,0.35872235872235875,0.1891891891891892,0.31203931203931207,0.2457002457002457,0.09090909090909091,0.31695331695331697,42.411167512690355,5.8452088452088455
2025-08-25,0,0,0,0,0,0,0,0,0,0,0,0,2025,8,25,0,237,35,3,0,1,0,0.0,1.0,-0.8064799463209447,-0.5912614448635782,-0.8854560256532096,-0.4647231720437691,-0.8660254037844385,-0.5000000000000004,2.0,0.0,0.0,0.0,2.0,0.0,0.6666666666666666,1.1547005383792517,2.0,2.0,0.2857142857142857,0.7559289460184543,2.0,2.0,0.21428571428571427,0.5789342235218381,3.0,2.0,0.4642857142857143,0.6929348671835838,13.0,2.0,0.32142857142857145,0.5754727023663517,18.0,2.0,0.30952380952380953,0.6204582542036241,26.0,3.0,-2.0,0.0,0.0,407,0.35872235872235875,0.1891891891891892,0.31203931203931207,0.2457002457002457,0.09090909090909091,0.31695331695331697,42.411167512690355,5.8452088452088455
2025-08-26,0,0,0,0,0,0,0,0,0,0,0,0,2025,8,26,1,238,35,3,0,0,0,0.7818314824680298,0.6234898018587336,-0.8165380514459157,-0.5772916165517278,-0.8854560256532096,-0.4647231720437691,-0.8660254037844385,-0.5000000000000004,0.0,2.0,0.0,0.0,1.0,0.0,0.6666666666666666,1.1547005383792517,2.0,2.0,0.2857142857142857,0.7559289460184543,2.0,2.0,0.14285714285714285,0.5345224838248473,2.0,2.0,0.4642857142857143,0.6929348671835838,13.0,2.0,0.32142857142857145,0.5754727023663517,18.0,2.0,0.30952380952380953,0.6204582542036241,26.0,3.0,0.0,0.0,0.0,407,0.35872235872235875,0.1891891891891892,0.31203931203931207,0.2457002457002457,0.09090909090909091,0.31695331695331697,42.411167512690355,5.8452088452088455
2025-08-27,0,0,0,0,0,0,0,0,0,0,0,0,2025,8,27,2,239,35,3,0,0,0,0.9749279121818236,-0.22252093395631434,-0.8263541987239094,-0.5631507242749187,-0.8854560256532096,-0.4647231720437691,-0.8660254037844385,-0.5000000000000004,0.0,0.0,2.0,0.0,0.0,1.0,0.0,0.0,0.0,0.0,0.2857142857142857,0.7559289460184543,2.0,2.0,0.14285714285714285,0.5345224838248473,2.0,2.0,0.42857142857142855,0.6900655593423547,12.0,2.0,0.32142857142857145,0.5754727023663517,18.0,2.0,0.30952380952380953,0.6204582542036241,26.0,3.0,0.0,0.0,-1.0,407,0.35872235872235875,0.1891891891891892,0.31203931203931207,0.2457002457002457,0.09090909090909091,0.31695331695331697,42.411167512690355,5.8452088452088455
2025-08-28,0,0,0,0,0,0,0,0,0,0,0,0,2025,8,28,3,240,35,3,0,0,0,0.43388373911755823,-0.900968867902419,-0.8359254794186365,-0.5488429582847199,-0.8854560256532096,-0.4647231720437691,-0.8660254037844385,-0.5000000000000004,0.0,0.0,0.0,0.0,0.0,0.0,0.0,0.0,0.0,0.0,0.2857142857142857,0.7559289460184543,2.0,2.0,0.14285714285714285,0.5345224838248473,2.0,2.0,0.42857142857142855,0.6900655593423547,12.0,2.0,0.32142857142857145,0.5754727023663517,18.0,2.0,0.30952380952380953,0.6204582542036241,26.0,3.0,0.0,0.0,0.0,407,0.35872235872235875,0.1891891891891892,0.31203931203931207,0.2457002457002457,0.09090909090909091,0.31695331695331697,42.411167512690355,5.8452088452088455
2025-08-29,0,0,0,0,0,0,0,0,0,0,0,0,2025,8,29,4,241,35,3,0,0,1,-0.433883739117558,-0.9009688679024191,-0.8452490573530634,-0.5343725582809785,-0.8854560256532096,-0.4647231720437691,-0.8660254037844385,-0.5000000000000004,0.0,0.0,0.0,0.0,0.0,1.0,0.0,0.0,0.0,0.0,0.2857142857142857,0.7559289460184543,2.0,2.0,0.14285714285714285,0.5345224838248473,2.0,2.0,0.39285714285714285,0.6852566815265068,11.0,2.0,0.32142857142857145,0.5754727023663517,18.0,2.0,0.30952380952380953,0.6204582542036241,26.0,3.0,0.0,0.0,-1.0,407,0.35872235872235875,0.1891891891891892,0.31203931203931207,0.2457002457002457,0.09090909090909091,0.31695331695331697,42.411167512690355,5.8452088452088455
2025-08-30,2,0,0,1,0,1,0,1,4,0,0,0,2025,8,30,5,242,35,3,1,0,0,-0.9749279121818236,-0.2225209339563146,-0.8543221697498269,-0.5197438121555157,-0.8854560256532096,-0.4647231720437691,-0.8660254037844385,-0.5000000000000004,0.0,0.0,0.0,0.0,0.0,1.0,0.6666666666666666,1.1547005383792517,2.0,2.0,0.5714285714285714,0.975900072948533,4.0,2.0,0.2857142857142857,0.7262730392025618,4.0,2.0,0.42857142857142855,0.7417981870189162,12.0,2.0,0.3392857142857143,0.6113111308501582,19.0,2.0,0.3333333333333333,0.6462744639322551,28.0,3.0,2.0,2.0,1.0,407,0.35872235872235875,0.1891891891891892,0.31203931203931207,0.2457002457002457,0.09090909090909091,0.31695331695331697,42.411167512690355,5.8452088452088455
2025-08-31,0,0,0,0,0,0,0,0,0,0,0,0,2025,8,31,6,243,35,3,1,0,0,-0.7818314824680299,0.6234898018587334,-0.8631421280499115,-0.5049610547215202,-0.8854560256532096,-0.4647231720437691,-0.8660254037844385,-0.5000000000000004,2.0,0.0,0.0,2.0,0.0,2.0,0.6666666666666666,1.1547005383792517,2.0,2.0,0.2857142857142857,0.7559289460184542,2.0,2.0,0.2857142857142857,0.7262730392025618,4.0,2.0,0.35714285714285715,0.6784669927988103,10.0,2.0,0.3392857142857143,0.6113111308501582,19.0,2.0,0.3333333333333333,0.6462744639322551,28.0,3.0,-2.0,-2.0,-2.0,407,0.35872235872235875,0.1891891891891892,0.31203931203931207,0.2457002457002457,0.09090909090909091,0.31695331695331697,42.411167512690355,5.8452088452088455
2025-09-01,0,0,0,0,0,0,0,0,0,0,0,0,2025,9,1,0,244,36,3,0,1,0,0.0,1.0,-0.8717063187093217,-0.4900286664290594,-0.9350162426854147,-0.3546048870425359,-1.0,-1.8369701987210297e-16,0.0,2.0,0.0,0.0,0.0,0.0,0.6666666666666666,1.1547005383792517,2.0,2.0,0.2857142857142857,0.7559289460184542,2.0,2.0,0.2857142857142857,0.7262730392025618,4.0,2.0,0.35714285714285715,0.6784669927988103,10.0,2.0,0.3392857142857143,0.6113111308501582,19.0,2.0,0.3333333333333333,0.6462744639322551,28.0,3.0,0.0,0.0,0.0,407,0.35872235872235875,0.1891891891891892,0.31203931203931207,0.2457002457002457,0.09090909090909091,0.31695331695331697,42.411167512690355,5.8452088452088455
2025-09-02,0,0,0,0,0,0,0,0,0,0,0,0,2025,9,2,1,245,36,3,0,0,0,0.7818314824680298,0.6234898018587336,-0.8800122039735356,-0.4749510720670502,-0.9350162426854147,-0.3546048870425359,-1.0,-1.8369701987210297e-16,0.0,0.0,2.0,0.0,0.0,1.0,0.0,0.0,0.0,0.0,0.2857142857142857,0.7559289460184542,2.0,2.0,0.2857142857142857,0.7262730392025618,4.0,2.0,0.32142857142857145,0.6696362433535831,9.0,2.0,0.32142857142857145,0.6062445608271203,18.0,2.0,0.3333333333333333,0.6462744639322551,28.0,3.0,0.0,0.0,-1.0,407,0.35872235872235875,0.1891891891891892,0.31203931203931207,0.2457002457002457,0.09090909090909091,0.31695331695331697,42.411167512690355,5.8452088452088455
2025-09-03,0,0,0,0,0,0,0,0,0,0,0,0,2025,9,3,2,246,36,3,0,0,0,0.9749279121818236,-0.22252093395631434,-0.888057322629493,-0.4597327394521046,-0.9350162426854147,-0.3546048870425359,-1.0,-1.8369701987210297e-16,0.0,0.0,0.0,0.0,0.0,1.0,0.0,0.0,0.0,0.0,0.2857142857142857,0.7559289460184542,2.0,2.0,0.2857142857142857,0.7262730392025618,4.0,2.0,0.2857142857142857,0.6586823467062364,8.0,2.0,0.32142857142857145,0.6062445608271203,18.0,2.0,0.3333333333333333,0.6462744639322551,28.0,3.0,0.0,0.0,-1.0,407,0.35872235872235875,0.1891891891891892,0.31203931203931207,0.2457002457002457,0.09090909090909091,0.31695331695331697,42.411167512690355,5.8452088452088455
2025-09-04,0,0,0,0,0,0,0,0,0,0,0,0,2025,9,4,3,247,36,3,0,0,0,0.43388373911755823,-0.900968867902419,-0.8958392907349089,-0.4443781781046134,-0.9350162426854147,-0.3546048870425359,-1.0,-1.8369701987210297e-16,0.0,0.0,0.0,0.0,0.0,0.0,0.0,0.0,0.0,0.0,0.2857142857142857,0.7559289460184542,2.0,2.0,0.2857142857142857,0.7262730392025618,4.0,2.0,0.2857142857142857,0.6586823467062364,8.0,2.0,0.32142857142857145,0.6062445608271203,18.0,2.0,0.30952380952380953,0.6204582542036241,26.0,3.0,0.0,0.0,0.0,407,0.35872235872235875,0.1891891891891892,0.31203931203931207,0.2457002457002457,0.09090909090909091,0.31695331695331697,42.411167512690355,5.8452088452088455
2025-09-05,0,0,0,0,0,0,0,0,0,0,0,0,2025,9,5,4,248,36,3,0,0,1,-0.433883739117558,-0.9009688679024191,-0.9033558023246842,-0.4288919379124841,-0.9350162426854147,-0.3546048870425359,-1.0,-1.8369701987210297e-16,0.0,0.0,0.0,0.0,0.0,1.0,0.0,0.0,0.0,0.0,0.2857142857142857,0.7559289460184542,2.0,2.0,0.2857142857142857,0.7262730392025618,4.0,2.0,0.25,0.6454972243679034,7.0,2.0,0.30357142857142855,0.6005949431307978,17.0,2.0,0.30952380952380953,0.6204582542036241,26.0,3.0,0.0,0.0,-1.0,407,0.35872235872235875,0.1891891891891892,0.31203931203931207,0.2457002457002457,0.09090909090909091,0.31695331695331697,42.411167512690355,5.8452088452088455
2025-09-06,0,0,0,0,0,0,0,0,0,0,0,0,2025,9,6,5,249,36,3,1,0,0,-0.9749279121818236,-0.2225209339563146,-0.9106046300942162,-0.41327860778290443,-0.9350162426854147,-0.3546048870425359,-1.0,-1.8369701987210297e-16,0.0,0.0,0.0,2.0,0.0,0.0,0.0,0.0,0.0,0.0,0.0,0.0,0.0,0.0,0.2857142857142857,0.7262730392025618,4.0,2.0,0.25,0.6454972243679034,7.0,2.0,0.30357142857142855,0.6005949431307978,17.0,2.0,0.30952380952380953,0.6204582542036241,26.0,3.0,0.0,-2.0,0.0,407,0.35872235872235875,0.1891891891891892,0.31203931203931207,0.2457002457002457,0.09090909090909091,0.31695331695331697,42.411167512690355,5.8452088452088455
2025-09-07,0,0,0,0,0,0,0,0,0,0,0,0,2025,9,7,6,250,36,3,1,0,0,-0.7818314824680299,0.6234898018587334,-0.9175836260593934,-0.3975428142825566,-0.9350162426854147,-0.3546048870425359,-1.0,-1.8369701987210297e-16,0.0,0.0,0.0,0.0,2.0,0.0,0.0,0.0,0.0,0.0,0.0,0.0,0.0,0.0,0.14285714285714285,0.5345224838248473,2.0,2.0,0.25,0.6454972243679034,7.0,2.0,0.30357142857142855,0.6005949431307978,17.0,2.0,0.30952380952380953,0.6204582542036241,26.0,3.0,0.0,0.0,0.0,407,0.35872235872235875,0.1891891891891892,0.31203931203931207,0.2457002457002457,0.09090909090909091,0.31695331695331697,42.411167512690355,5.8452088452088455
2025-09-08,0,0,0,0,0,0,0,0,0,0,0,0,2025,9,8,0,251,37,3,0,1,0,0.0,1.0,-0.9242907221930934,-0.3816892202666586,-0.970941817426052,-0.23931566428755774,-1.0,-1.8369701987210297e-16,0.0,0.0,0.0,0.0,0.0,2.0,0.0,0.0,0.0,0.0,0.0,0.0,0.0,0.0,0.14285714285714285,0.5345224838248473,2.0,2.0,0.17857142857142858,0.5479640045336472,5.0,2.0,0.2857142857142857,0.5943456513231621,16.0,2.0,0.2976190476190476,0.6166321647633772,25.0,3.0,0.0,0.0,-2.0,407,0.35872235872235875,0.1891891891891892,0.31203931203931207,0.2457002457002457,0.09090909090909091,0.31695331695331697,42.411167512690355,5.8452088452088455
2025-09-09,0,0,0,0,0,0,0,0,0,0,0,0,2025,9,9,1,252,37,3,0,0,0,0.7818314824680298,0.6234898018587336,-0.9307239310379793,-0.3657225234972692,-0.970941817426052,-0.23931566428755774,-1.0,-1.8369701987210297e-16,0.0,0.0,0.0,0.0,0.0,1.0,0.0,0.0,0.0,0.0,0.0,0.0,0.0,0.0,0.14285714285714285,0.5345224838248473,2.0,2.0,0.14285714285714285,0.5245305283129629,4.0,2.0,0.2857142857142857,0.5943456513231621,16.0,2.0,0.2857142857142857,0.6125480767249896,24.0,3.0,0.0,0.0,-1.0,407,0.35872235872235875,0.1891891891891892,0.31203931203931207,0.2457002457002457,0.09090909090909091,0.31695331695331697,42.411167512690355,5.8452088452088455
2025-09-10,0,0,0,0,0,0,0,0,0,0,0,0,2025,9,10,2,253,37,3,0,0,0,0.9749279121818236,-0.22252093395631434,-0.9368813462954315,-0.34964745525122826,-0.970941817426052,-0.23931566428755774,-1.0,-1.8369701987210297e-16,0.0,0.0,0.0,0.0,0.0,0.0,0.0,0.0,0.0,0.0,0.0,0.0,0.0,0.0,0.14285714285714285,0.5345224838248473,2.0,2.0,0.14285714285714285,0.5245305283129629,4.0,2.0,0.2857142857142857,0.5943456513231621,16.0,2.0,0.2857142857142857,0.6125480767249896,24.0,3.0,0.0,0.0,0.0,407,0.35872235872235875,0.1891891891891892,0.31203931203931207,0.2457002457002457,0.09090909090909091,0.31695331695331697,42.411167512690355,5.8452088452088455
2025-09-11,0,0,0,0,0,0,0,0,0,0,0,0,2025,9,11,3,254,37,3,0,0,0,0.43388373911755823,-0.900968867902419,-0.9427611433904206,-0.33346877891818705,-0.970941817426052,-0.23931566428755774,-1.0,-1.8369701987210297e-16,0.0,0.0,0.0,0.0,0.0,0.0,0.0,0.0,0.0,0.0,0.0,0.0,0.0,0.0,0.14285714285714285,0.5345224838248473,2.0,2.0,0.14285714285714285,0.5245305283129629,4.0,2.0,0.2857142857142857,0.5943456513231621,16.0,2.0,0.2857142857142857,0.6125480767249896,24.0,3.0,0.0,0.0,0.0,407,0.35872235872235875,0.1891891891891892,0.31203931203931207,0.2457002457002457,0.09090909090909091,0.31695331695331697,42.411167512690355,5.8452088452088455
2025-09-12,0,0,0,0,0,0,0,0,0,0,0,0,2025,9,12,4,255,37,3,0,0,1,-0.433883739117558,-0.9009688679024191,-0.9483615800121716,-0.31719128858910595,-0.970941817426052,-0.23931566428755774,-1.0,-1.8369701987210297e-16,0.0,0.0,0.0,0.0,0.0,0.0,0.0,0.0,0.0,0.0,0.0,0.0,0.0,0.0,0.14285714285714285,0.5345224838248473,2.0,2.0,0.14285714285714285,0.5245305283129629,4.0,2.0,0.2857142857142857,0.5943456513231621,16.0,2.0,0.2857142857142857,0.6125480767249896,24.0,3.0,0.0,0.0,0.0,407,0.35872235872235875,0.1891891891891892,0.31203931203931207,0.2457002457002457,0.09090909090909091,0.31695331695331697,42.411167512690355,5.8452088452088455
2025-09-13,0,0,0,0,0,0,0,0,0,0,0,0,2025,9,13,5,256,37,3,1,0,0,-0.9749279121818236,-0.2225209339563146,-0.9536809966304455,-0.300819807635668,-0.970941817426052,-0.23931566428755774,-1.0,-1.8369701987210297e-16,0.0,0.0,0.0,0.0,2.0,0.0,0.0,0.0,0.0,0.0,0.0,0.0,0.0,0.0,0.0,0.0,0.0,0.0,0.14285714285714285,0.5245305283129629,4.0,2.0,0.2857142857142857,0.5943456513231621,16.0,2.0,0.27380952380952384,0.6082007927038189,23.0,3.0,0.0,0.0,0.0,407,0.35872235872235875,0.1891891891891892,0.31203931203931207,0.2457002457002457,0.09090909090909091,0.31695331695331697,42.411167512690355,5.8452088452088455
2025-09-14,0,0,0,0,0,0,0,0,0,0,0,0,2025,9,14,6,257,37,3,1,0,0,-0.7818314824680299,0.6234898018587334,-0.9587178169872964,-0.2843591872810036,-0.970941817426052,-0.23931566428755774,-1.0,-1.8369701987210297e-16,0.0,0.0,0.0,0.0,0.0,0.0,0.0,0.0,0.0,0.0,0.0,0.0,0.0,0.0,0.0,0.0,0.0,0.0,0.14285714285714285,0.5245305283129629,4.0,2.0,0.2857142857142857,0.5943456513231621,16.0,2.0,0.27380952380952384,0.6082007927038189,23.0,3.0,0.0,0.0,0.0,407,0.35872235872235875,0.1891891891891892,0.31203931203931207,0.2457002457002457,0.09090909090909091,0.31695331695331697,42.411167512690355,5.8452088452088455
2025-09-15,0,0,0,0,0,0,0,0,0,0,0,0,2025,9,15,0,258,38,3,0,1,0,0.0,1.0,-0.9634705485641486,-0.26781430516217486,-0.992708874098054,-0.12053668025532357,-1.0,-1.8369701987210297e-16,0.0,0.0,0.0,0.0,0.0,0.0,0.0,0.0,0.0,0.0,0.0,0.0,0.0,0.0,0.0,0.0,0.0,0.0,0.14285714285714285,0.5245305283129629,4.0,2.0,0.2857142857142857,0.5943456513231621,16.0,2.0,0.23809523809523808,0.5291285770598565,20.0,2.0,0.0,0.0,0.0,407,0.35872235872235875,0.1891891891891892,0.31203931203931207,0.2457002457002457,0.09090909090909091,0.31695331695331697,42.411167512690355,5.8452088452088455
2025-09-16,1,0,0,0,0,0,0,0,4,0,0,0,2025,9,16,1,259,38,3,0,0,0,0.7818314824680298,0.6234898018587336,-0.9679377830240642,-0.25119006388481957,-0.992708874098054,-0.12053668025532357,-1.0,-1.8369701987210297e-16,0.0,0.0,0.0,0.0,0.0,0.0,0.3333333333333333,0.5773502691896256,1.0,1.0,0.14285714285714285,0.3779644730092269,1.0,1.0,0.07142857142857142,0.26726124191242145,1.0,1.0,0.17857142857142858,0.5479640045336472,5.0,2.0,0.30357142857142855,0.6005949431307978,17.0,2.0,0.25,0.5349248342648274,21.0,2.0,1.0,1.0,1.0,407,0.35872235872235875,0.1891891891891892,0.31203931203931207,0.2457002457002457,0.09090909090909091,0.31695331695331697,42.411167512690355,5.8452088452088455
2025-09-17,0,0,0,0,0,0,0,0,0,0,0,0,2025,9,17,2,260,38,3,0,0,0,0.9749279121818236,-0.22252093395631434,-0.9721181966290612,-0.23449138957041052,-0.992708874098054,-0.12053668025532357,-1.0,-1.8369701987210297e-16,1.0,0.0,0.0,0.0,0.0,0.0,0.3333333333333333,0.5773502691896256,1.0,1.0,0.14285714285714285,0.377964473009227,1.0,1.0,0.07142857142857142,0.26726124191242145,1.0,1.0,0.17857142857142858,0.5479640045336472,5.0,2.0,0.30357142857142855,0.6005949431307978,17.0,2.0,0.25,0.5349248342648274,21.0,2.0,-1.0,0.0,0.0,407,0.35872235872235875,0.1891891891891892,0.31203931203931207,0.2457002457002457,0.09090909090909091,0.31695331695331697,42.411167512690355,5.8452088452088455
2025-09-18,0,0,0,0,0,0,0,0,0,0,0,0,2025,9,18,3,261,38,3,0,0,0,0.43388373911755823,-0.900968867902419,-0.9760105506323682,-0.21772323039653224,-0.992708874098054,-0.12053668025532357,-1.0,-1.8369701987210297e-16,0.0,1.0,0.0,0.0,0.0,0.0,0.3333333333333333,0.5773502691896256,1.0,1.0,0.14285714285714285,0.377964473009227,1.0,1.0,0.07142857142857142,0.26726124191242145,1.0,1.0,0.17857142857142858,0.5479640045336472,5.0,2.0,0.30357142857142855,0.6005949431307978,17.0,2.0,0.25,0.5349248342648274,21.0,2.0,0.0,0.0,0.0,407,0.35872235872235875,0.1891891891891892,0.31203931203931207,0.2457002457002457,0.09090909090909091,0.31695331695331697,42.411167512690355,5.8452088452088455
2025-09-19,0,0,0,0,0,0,0,0,0,0,0,0,2025,9,19,4,262,38,3,0,0,1,-0.433883739117558,-0.9009688679024191,-0.9796136916454901,-0.20089055513063528,-0.992708874098054,-0.12053668025532357,-1.0,-1.8369701987210297e-16,0.0,0.0,1.0,0.0,0.0,0.0,0.0,0.0,0.0,0.0,0.14285714285714285,0.377964473009227,1.0,1.0,0.07142857142857142,0.26726124191242145,1.0,1.0,0.17857142857142858,0.5479640045336472,5.0,2.0,0.30357142857142855,0.6005949431307978,17.0,2.0,0.25,0.5349248342648274,21.0,2.0,0.0,0.0,0.0,407,0.35872235872235875,0.1891891891891892,0.31203931203931207,0.2457002457002457,0.09090909090909091,0.31695331695331697,42.411167512690355,5.8452088452088455
2025-09-20,0,0,0,0,0,0,0,0,0,0,0,0,2025,9,20,5,263,38,3,1,0,0,-0.9749279121818236,-0.2225209339563146,-0.9829265519799822,-0.18399835165767986,-0.992708874098054,-0.12053668025532357,-1.0,-1.8369701987210297e-16,0.0,0.0,0.0,0.0,0.0,0.0,0.0,0.0,0.0,0.0,0.14285714285714285,0.377964473009227,1.0,1.0,0.07142857142857142,0.26726124191242145,1.0,1.0,0.17857142857142858,0.5479640045336472,5.0,2.0,0.30357142857142855,0.6005949431307978,17.0,2.0,0.25,0.5349248342648274,21.0,2.0,0.0,0.0,0.0,407,0.35872235872235875,0.1891891891891892,0.31203931203931207,0.2457002457002457,0.09090909090909091,0.31695331695331697,42.411167512690355,5.8452088452088455
2025-09-21,0,0,0,0,0,0,0,0,0,0,0,0,2025,9,21,6,264,38,3,1,0,0,-0.7818314824680299,0.6234898018587334,-0.9859481499638303,-0.1670516255021195,-0.992708874098054,-0.12053668025532357,-1.0,-1.8369701987210297e-16,0.0,0.0,0.0,0.0,0.0,2.0,0.0,0.0,0.0,0.0,0.14285714285714285,0.377964473009227,1.0,1.0,0.07142857142857142,0.26726124191242145,1.0,1.0,0.10714285714285714,0.4162696521251868,3.0,2.0,0.2857142857142857,0.5943456513231621,16.0,2.0,0.25,0.5349248342648274,21.0,2.0,0.0,0.0,-2.0,407,0.35872235872235875,0.1891891891891892,0.31203931203931207,0.2457002457002457,0.09090909090909091,0.31695331695331697,42.411167512690355,5.8452088452088455
2025-09-22,0,0,0,0,0,0,0,0,0,0,0,0,2025,9,22,0,265,39,3,0,1,0,0.0,1.0,-0.9886775902323404,-0.15005539834465262,-1.0,-1.8369701987210297e-16,-1.0,-1.8369701987210297e-16,0.0,0.0,0.0,0.0,0.0,0.0,0.0,0.0,0.0,0.0,0.14285714285714285,0.377964473009227,1.0,1.0,0.07142857142857142,0.26726124191242145,1.0,1.0,0.10714285714285714,0.4162696521251868,3.0,2.0,0.2857142857142857,0.5943456513231621,16.0,2.0,0.25,0.5349248342648274,21.0,2.0,0.0,0.0,0.0,407,0.35872235872235875,0.1891891891891892,0.31203931203931207,0.2457002457002457,0.09090909090909091,0.31695331695331697,42.411167512690355,5.8452088452088455
2025-09-23,2,0,0,0,0,0,0,0,4,0,0,0,2025,9,23,1,266,39,3,0,0,0,0.7818314824680298,0.6234898018587336,-0.9911140639934546,-0.13301470653419636,-1.0,-1.8369701987210297e-16,-1.0,-1.8369701987210297e-16,0.0,0.0,0.0,1.0,0.0,0.0,0.6666666666666666,1.1547005383792517,2.0,2.0,0.2857142857142857,0.7559289460184542,2.0,2.0,0.21428571428571427,0.5789342235218381,3.0,2.0,0.17857142857142858,0.5479640045336472,5.0,2.0,0.32142857142857145,0.6355282085762239,18.0,2.0,0.27380952380952384,0.5671996413620308,23.0,2.0,2.0,1.0,2.0,407,0.35872235872235875,0.1891891891891892,0.31203931203931207,0.2457002457002457,0.09090909090909091,0.31695331695331697,42.411167512690355,5.8452088452088455
2025-09-24,0,0,0,0,0,0,0,0,0,0,0,0,2025,9,24,2,267,39,3,0,0,0,0.9749279121818236,-0.22252093395631434,-0.9932568492674143,-0.11593459959550066,-1.0,-1.8369701987210297e-16,-1.0,-1.8369701987210297e-16,2.0,0.0,0.0,0.0,0.0,0.0,0.6666666666666666,1.1547005383792517,2.0,2.0,0.2857142857142857,0.7559289460184542,2.0,2.0,0.21428571428571427,0.5789342235218381,3.0,2.0,0.17857142857142858,0.5479640045336472,5.0,2.0,0.30357142857142855,0.6301411921767395,17.0,2.0,0.27380952380952384,0.5671996413620308,23.0,2.0,-2.0,0.0,0.0,407,0.35872235872235875,0.1891891891891892,0.31203931203931207,0.2457002457002457,0.09090909090909091,0.31695331695331697,42.411167512690355,5.8452088452088455
2025-09-25,2,2,0,2,0,0,0,0,6,0,0,0,2025,9,25,3,268,39,3,0,0,0,0.43388373911755823,-0.900968867902419,-0.9951053111006974,-0.09882013873287211,-1.0,-1.8369701987210297e-16,-1.0,-1.8369701987210297e-16,0.0,2.0,0.0,0.0,0.0,0.0,1.3333333333333333,1.1547005383792524,4.0,2.0,0.5714285714285714,0.975900072948533,4.0,2.0,0.35714285714285715,0.744946343668491,5.0,2.0,0.25,0.6454972243679034,7.0,2.0,0.3392857142857143,0.6681531047810613,19.0,2.0,0.2976190476190476,0.5967736933533517,25.0,2.0,2.0,2.0,2.0,407,0.35872235872235875,0.1891891891891892,0.31203931203931207,0.2457002457002457,0.09090909090909091,0.31695331695331697,42.411167512690355,5.8452088452088455
2025-09-26,0,0,0,0,0,0,0,0,0,0,0,0,2025,9,26,4,269,39,3,0,0,1,-0.433883739117558,-0.9009688679024191,-0.99665890175417,-0.08167639533042288,-1.0,-1.8369701987210297e-16,-1.0,-1.8369701987210297e-16,2.0,0.0,2.0,0.0,0.0,0.0,0.6666666666666666,1.1547005383792517,2.0,2.0,0.5714285714285714,0.975900072948533,4.0,2.0,0.35714285714285715,0.744946343668491,5.0,2.0,0.25,0.6454972243679034,7.0,2.0,0.32142857142857145,0.6635207157728692,18.0,2.0,0.2976190476190476,0.5967736933533517,25.0,2.0,-2.0,0.0,0.0,407,0.35872235872235875,0.1891891891891892,0.31203931203931207,0.2457002457002457,0.09090909090909091,0.31695331695331697,42.411167512690355,5.8452088452088455
2025-09-27,1,0,1,0,0,1,0,1,1,0,0,1,2025,9,27,5,270,39,3,1,0,0,-0.9749279121818236,-0.2225209339563146,-0.9979171608653922,-0.06450844944931625,-1.0,-1.8369701987210297e-16,-1.0,-1.8369701987210297e-16,0.0,2.0,0.0,0.0,0.0,2.0,1.0,1.0000000000000004,3.0,2.0,0.7142857142857143,0.9511897312113415,5.0,2.0,0.42857142857142855,0.7559289460184534,6.0,2.0,0.21428571428571427,0.5681120688308985,6.0,2.0,0.32142857142857145,0.6635207157728692,18.0,2.0,0.2976190476190476,0.5967736933533517,25.0,2.0,1.0,1.0,-1.0,407,0.35872235872235875,0.1891891891891892,0.31203931203931207,0.2457002457002457,0.09090909090909091,0.31695331695331697,42.411167512690355,5.8452088452088455
2025-09-28,2,2,0,2,0,0,0,0,4,0,0,0,2025,9,28,6,271,39,3,1,0,0,-0.7818314824680299,0.6234898018587334,-0.9988797155850335,-0.04732138832243232,-1.0,-1.8369701987210297e-16,-1.0,-1.8369701987210297e-16,1.0,0.0,2.0,0.0,0.0,0.0,1.0,1.0000000000000004,3.0,2.0,1.0,0.9999999999999996,7.0,2.0,0.5714285714285714,0.851630627252639,8.0,2.0,0.2857142857142857,0.6586823467062364,8.0,2.0,0.32142857142857145,0.6635207157728692,18.0,2.0,0.32142857142857145,0.6240310906240205,27.0,2.0,1.0,2.0,2.0,407,0.35872235872235875,0.1891891891891892,0.31203931203931207,0.2457002457002457,0.09090909090909091,0.31695331695331697,42.411167512690355,5.8452088452088455
2025-09-29,0,0,0,0,0,0,0,0,0,0,0,0,2025,9,29,0,272,40,3,0,1,0,0.0,1.0,-0.9995462806873573,-0.03012030484690836,-0.992708874098054,0.1205366802553232,-1.0,-1.8369701987210297e-16,2.0,1.0,0.0,0.0,0.0,0.0,1.0,1.0000000000000004,3.0,2.0,1.0,0.9999999999999996,7.0,2.0,0.5714285714285714,0.851630627252639,8.0,2.0,0.2857142857142857,0.6586823467062364,8.0,2.0,0.32142857142857145,0.6635207157728692,18.0,2.0,0.32142857142857145,0.6240310906240205,27.0,2.0,-2.0,0.0,0.0,407,0.35872235872235875,0.1891891891891892,0.31203931203931207,0.2457002457002457,0.09090909090909091,0.31695331695331697,42.411167512690355,5.8452088452088455
2025-09-30,0,0,0,0,0,0,0,0,0,0,0,0,2025,9,30,1,273,40,3,0,0,0,0.7818314824680298,0.6234898018587336,-0.9999166586547379,-0.012910296075008843,-0.992708874098054,0.1205366802553232,-1.0,-1.8369701987210297e-16,0.0,2.0,1.0,2.0,1.0,0.0,0.6666666666666666,1.1547005383792517,2.0,2.0,0.7142857142857143,0.9511897312113415,5.0,2.0,0.5,0.8548504142651094,7.0,2.0,0.2857142857142857,0.6586823467062364,8.0,2.0,0.30357142857142855,0.6583627863431825,17.0,2.0,0.30952380952380953,0.6204582542036241,26.0,2.0,0.0,-2.0,0.0,407,0.35872235872235875,0.1891891891891892,0.31203931203931207,0.2457002457002457,0.09090909090909091,0.31695331695331697,42.411167512690355,5.8452088452088455
2025-10-01,0,0,0,0,0,0,0,0,0,0,0,0,2025,10,1,2,274,40,4,0,0,0,0.9749279121818236,-0.22252093395631434,-0.9999907397361901,0.004303538296243821,-0.992708874098054,0.1205366802553232,-0.8660254037844386,0.5000000000000001,0.0,0.0,2.0,0.0,0.0,0.0,0.0,0.0,0.0,0.0,0.7142857142857143,0.9511897312113415,5.0,2.0,0.5,0.8548504142651094,7.0,2.0,0.2857142857142857,0.6586823467062364,8.0,2.0,0.2857142857142857,0.6526668568067682,16.0,2.0,0.30952380952380953,0.6204582542036241,26.0,2.0,0.0,0.0,0.0,407,0.35872235872235875,0.1891891891891892,0.31203931203931207,0.2457002457002457,0.09090909090909091,0.31695331695331697,42.411167512690355,5.8452088452088455
2025-10-02,0,0,0,0,0,0,0,0,0,0,0,0,2025,10,2,3,275,40,4,0,0,0,0.43388373911755823,-0.900968867902419,-0.9997685019798909,0.021516097436222233,-0.992708874098054,0.1205366802553232,-0.8660254037844386,0.5000000000000001,0.0,0.0,0.0,2.0,0.0,0.0,0.0,0.0,0.0,0.0,0.42857142857142855,0.7867957924694429,3.0,2.0,0.5,0.8548504142651094,7.0,2.0,0.2857142857142857,0.6586823467062364,8.0,2.0,0.2857142857142857,0.6526668568067682,16.0,2.0,0.30952380952380953,0.6204582542036241,26.0,2.0,0.0,-2.0,0.0,407,0.35872235872235875,0.1891891891891892,0.31203931203931207,0.2457002457002457,0.09090909090909091,0.31695331695331697,42.411167512690355,5.8452088452088455
2025-10-03,0,0,0,0,0,0,0,0,0,0,0,0,2025,10,3,4,276,40,4,0,0,1,-0.433883739117558,-0.9009688679024191,-0.9992500112396835,0.03872228089217399,-0.992708874098054,0.1205366802553232,-0.8660254037844386,0.5000000000000001,0.0,0.0,0.0,0.0,0.0,0.0,0.0,0.0,0.0,0.0,0.42857142857142855,0.7867957924694429,3.0,2.0,0.5,0.8548504142651094,7.0,2.0,0.2857142857142857,0.6586823467062364,8.0,2.0,0.26785714285714285,0.6464187055285013,15.0,2.0,0.2976190476190476,0.6166321647633772,25.0,2.0,0.0,0.0,0.0,407,0.35872235872235875,0.1891891891891892,0.31203931203931207,0.2457002457002457,0.09090909090909091,0.31695331695331697,42.411167512690355,5.8452088452088455
2025-10-04,0,0,0,0,0,0,0,0,0,0,0,0,2025,10,4,5,277,40,4,1,0,0,-0.9749279121818236,-0.2225209339563146,-0.9984354211555643,0.05591699010060302,-0.992708874098054,0.1205366802553232,-0.8660254037844386,0.5000000000000001,0.0,0.0,0.0,1.0,0.0,0.0,0.0,0.0,0.0,0.0,0.2857142857142857,0.7559289460184542,2.0,2.0,0.5,0.8548504142651094,7.0,2.0,0.2857142857142857,0.6586823467062364,8.0,2.0,0.26785714285714285,0.6464187055285013,15.0,2.0,0.2976190476190476,0.6166321647633772,25.0,2.0,0.0,-1.0,0.0,407,0.35872235872235875,0.1891891891891892,0.31203931203931207,0.2457002457002457,0.09090909090909091,0.31695331695331697,42.411167512690355,5.8452088452088455
2025-10-05,0,0,0,0,0,0,0,0,0,0,0,0,2025,10,5,6,278,40,4,1,0,0,-0.7818314824680299,0.6234898018587334,-0.9973249731081555,0.07309512989807776,-0.992708874098054,0.1205366802553232,-0.8660254037844386,0.5000000000000001,0.0,0.0,0.0,2.0,0.0,0.0,0.0,0.0,0.0,0.0,0.0,0.0,0.0,0.0,0.5,0.8548504142651094,7.0,2.0,0.2857142857142857,0.6586823467062364,8.0,2.0,0.26785714285714285,0.6464187055285013,15.0,2.0,0.2976190476190476,0.6166321647633772,25.0,2.0,0.0,-2.0,0.0,407,0.35872235872235875,0.1891891891891892,0.31203931203931207,0.2457002457002457,0.09090909090909091,0.31695331695331697,42.411167512690355,5.8452088452088455
2025-10-06,0,0,0,0,0,0,0,0,0,0,0,0,2025,10,6,0,279,41,4,0,1,0,0.0,1.0,-0.9959189961471792,0.0902516100310407,-0.9709418174260521,0.23931566428755738,-0.8660254037844386,0.5000000000000001,0.0,0.0,0.0,0.0,0.0,0.0,0.0,0.0,0.0,0.0,0.0,0.0,0.0,0.0,0.5,0.8548504142651094,7.0,2.0,0.2857142857142857,0.6586823467062364,8.0,2.0,0.23214285714285715,0.6027534224802782,13.0,2.0,0.2857142857142857,0.6125480767249896,24.0,2.0,0.0,0.0,0.0,407,0.35872235872235875,0.1891891891891892,0.31203931203931207,0.2457002457002457,0.09090909090909091,0.31695331695331697,42.411167512690355,5.8452088452088455
2025-10-07,0,0,0,0,0,0,0,0,0,0,0,0,2025,10,7,1,280,41,4,0,0,0,0.7818314824680298,0.6234898018587336,-0.994217906893952,0.10738134666416306,-0.9709418174260521,0.23931566428755738,-0.8660254037844386,0.5000000000000001,0.0,0.0,0.0,0.0,2.0,0.0,0.0,0.0,0.0,0.0,0.0,0.0,0.0,0.0,0.35714285714285715,0.7449463436684909,5.0,2.0,0.2857142857142857,0.6586823467062364,8.0,2.0,0.21428571428571427,0.5943456513231621,12.0,2.0,0.2857142857142857,0.6125480767249896,24.0,2.0,0.0,0.0,0.0,407,0.35872235872235875,0.1891891891891892,0.31203931203931207,0.2457002457002457,0.09090909090909091,0.31695331695331697,42.411167512690355,5.8452088452088455
2025-10-08,0,0,0,0,0,0,0,0,0,0,0,0,2025,10,8,2,281,41,4,0,0,0,0.9749279121818236,-0.22252093395631434,-0.9922222094179324,0.12447926388678869,-0.9709418174260521,0.23931566428755738,-0.8660254037844386,0.5000000000000001,0.0,0.0,0.0,0.0,0.0,0.0,0.0,0.0,0.0,0.0,0.0,0.0,0.0,0.0,0.35714285714285715,0.7449463436684909,5.0,2.0,0.2857142857142857,0.6586823467062364,8.0,2.0,0.21428571428571427,0.5943456513231621,12.0,2.0,0.2857142857142857,0.6125480767249896,24.0,2.0,0.0,0.0,0.0,407,0.35872235872235875,0.1891891891891892,0.31203931203931207,0.2457002457002457,0.09090909090909091,0.31695331695331697,42.411167512690355,5.8452088452088455
2025-10-09,0,0,0,0,0,0,0,0,0,0,0,0,2025,10,9,3,282,41,4,0,0,0,0.43388373911755823,-0.900968867902419,-0.989932495087353,0.141540295217043,-0.9709418174260521,0.23931566428755738,-0.8660254037844386,0.5000000000000001,0.0,0.0,0.0,0.0,2.0,0.0,0.0,0.0,0.0,0.0,0.0,0.0,0.0,0.0,0.21428571428571427,0.5789342235218381,3.0,2.0,0.2857142857142857,0.6586823467062364,8.0,2.0,0.21428571428571427,0.5943456513231621,12.0,2.0,0.2857142857142857,0.6125480767249896,24.0,2.0,0.0,0.0,0.0,407,0.35872235872235875,0.1891891891891892,0.31203931203931207,0.2457002457002457,0.09090909090909091,0.31695331695331697,42.411167512690355,5.8452088452088455
2025-10-10,0,0,0,0,0,0,0,0,0,0,0,0,2025,10,10,4,283,41,4,0,0,1,-0.433883739117558,-0.9009688679024191,-0.9873494423939864,0.15855938510313475,-0.9709418174260521,0.23931566428755738,-0.8660254037844386,0.5000000000000001,0.0,0.0,0.0,0.0,0.0,0.0,0.0,0.0,0.0,0.0,0.0,0.0,0.0,0.0,0.21428571428571427,0.5789342235218381,3.0,2.0,0.2857142857142857,0.6586823467062364,8.0,2.0,0.21428571428571427,0.5943456513231621,12.0,2.0,0.2857142857142857,0.6125480767249896,24.0,2.0,0.0,0.0,0.0,407,0.35872235872235875,0.1891891891891892,0.31203931203931207,0.2457002457002457,0.09090909090909091,0.31695331695331697,42.411167512690355,5.8452088452088455
2025-10-11,0,0,0,0,0,0,0,0,0,0,0,0,2025,10,11,5,284,41,4,1,0,0,-0.9749279121818236,-0.2225209339563146,-0.9844738167520923,0.17553149042142777,-0.9709418174260521,0.23931566428755738,-0.8660254037844386,0.5000000000000001,0.0,0.0,0.0,0.0,1.0,0.0,0.0,0.0,0.0,0.0,0.0,0.0,0.0,0.0,0.14285714285714285,0.5345224838248473,2.0,2.0,0.2857142857142857,0.6586823467062364,8.0,2.0,0.21428571428571427,0.5943456513231621,12.0,2.0,0.2857142857142857,0.6125480767249896,24.0,2.0,0.0,0.0,0.0,407,0.35872235872235875,0.1891891891891892,0.31203931203931207,0.2457002457002457,0.09090909090909091,0.31695331695331697,42.411167512690355,5.8452088452088455
2025-10-12,1,0,1,0,0,0,0,0,2,0,0,1,2025,10,12,6,285,41,4,1,0,0,-0.7818314824680299,0.6234898018587334,-0.9813064702716093,0.19245158197082995,-0.9709418174260521,0.23931566428755738,-0.8660254037844386,0.5000000000000001,0.0,0.0,0.0,0.0,2.0,0.0,0.3333333333333333,0.5773502691896261,1.0,1.0,0.14285714285714285,0.3779644730092269,1.0,1.0,0.07142857142857142,0.26726124191242134,1.0,1.0,0.32142857142857145,0.6696362433535831,9.0,2.0,0.23214285714285715,0.6027534224802782,13.0,2.0,0.2976190476190476,0.6166321647633772,25.0,2.0,1.0,1.0,1.0,407,0.35872235872235875,0.1891891891891892,0.31203931203931207,0.2457002457002457,0.09090909090909091,0.31695331695331697,42.411167512690355,5.8452088452088455
2025-10-13,0,0,0,0,0,0,0,0,0,0,0,0,2025,10,13,0,286,42,4,0,1,0,0.0,1.0,-0.9778483415056567,0.20931464596304888,-0.9350162426854148,0.35460488704253557,-0.8660254037844386,0.5000000000000001,1.0,0.0,0.0,0.0,0.0,0.0,0.3333333333333333,0.5773502691896261,1.0,1.0,0.14285714285714285,0.377964473009227,1.0,1.0,0.07142857142857142,0.26726124191242134,1.0,1.0,0.32142857142857145,0.6696362433535831,9.0,2.0,0.23214285714285715,0.6027534224802782,13.0,2.0,0.2976190476190476,0.6166321647633772,25.0,2.0,-1.0,0.0,0.0,407,0.35872235872235875,0.1891891891891892,0.31203931203931207,0.2457002457002457,0.09090909090909091,0.31695331695331697,42.411167512690355,5.8452088452088455
2025-10-14,0,0,0,0,0,0,0,0,0,0,0,0,2025,10,14,1,287,42,4,0,0,0,0.7818314824680298,0.6234898018587336,-0.9741004551724206,0.22611568550828803,-0.9350162426854148,0.35460488704253557,-0.8660254037844386,0.5000000000000001,0.0,1.0,0.0,0.0,0.0,1.0,0.3333333333333333,0.5773502691896261,1.0,1.0,0.14285714285714285,0.377964473009227,1.0,1.0,0.07142857142857142,0.26726124191242134,1.0,1.0,0.2857142857142857,0.6586823467062364,8.0,2.0,0.23214285714285715,0.6027534224802782,13.0,2.0,0.2976190476190476,0.6166321647633772,25.0,2.0,0.0,0.0,-1.0,407,0.35872235872235875,0.1891891891891892,0.31203931203931207,0.2457002457002457,0.09090909090909091,0.31695331695331697,42.411167512690355,5.8452088452088455
2025-10-15,0,0,0,0,0,0,0,0,0,0,0,0,2025,10,15,2,288,42,4,0,0,0,0.9749279121818236,-0.22252093395631434,-0.970063921851507,0.2428497220959358,-0.9350162426854148,0.35460488704253557,-0.8660254037844386,0.5000000000000001,0.0,0.0,1.0,0.0,0.0,0.0,0.0,0.0,0.0,0.0,0.14285714285714285,0.377964473009227,1.0,1.0,0.07142857142857142,0.26726124191242134,1.0,1.0,0.2857142857142857,0.6586823467062364,8.0,2.0,0.23214285714285715,0.6027534224802782,13.0,2.0,0.2976190476190476,0.6166321647633772,25.0,2.0,0.0,0.0,0.0,407,0.35872235872235875,0.1891891891891892,0.31203931203931207,0.2457002457002457,0.09090909090909091,0.31695331695331697,42.411167512690355,5.8452088452088455
2025-10-16,0,0,0,0,0,0,0,0,0,0,0,0,2025,10,16,3,289,42,4,0,0,0,0.43388373911755823,-0.900968867902419,-0.965739937654855,0.25951179706979943,-0.9350162426854148,0.35460488704253557,-0.8660254037844386,0.5000000000000001,0.0,0.0,0.0,0.0,0.0,0.0,0.0,0.0,0.0,0.0,0.14285714285714285,0.377964473009227,1.0,1.0,0.07142857142857142,0.26726124191242134,1.0,1.0,0.2857142857142857,0.6586823467062364,8.0,2.0,0.23214285714285715,0.6027534224802782,13.0,2.0,0.2976190476190476,0.6166321647633772,25.0,2.0,0.0,0.0,0.0,407,0.35872235872235875,0.1891891891891892,0.31203931203931207,0.2457002457002457,0.09090909090909091,0.31695331695331697,42.411167512690355,5.8452088452088455
2025-10-17,0,0,0,0,0,0,0,0,0,0,0,0,2025,10,17,4,290,42,4,0,0,1,-0.433883739117558,-0.9009688679024191,-0.9611297838723007,0.27609697309746883,-0.9350162426854148,0.35460488704253557,-0.8660254037844386,0.5000000000000001,0.0,0.0,0.0,0.0,0.0,0.0,0.0,0.0,0.0,0.0,0.14285714285714285,0.377964473009227,1.0,1.0,0.07142857142857142,0.26726124191242134,1.0,1.0,0.2857142857142857,0.6586823467062364,8.0,2.0,0.23214285714285715,0.6027534224802782,13.0,2.0,0.2976190476190476,0.6166321647633772,25.0,2.0,0.0,0.0,0.0,407,0.35872235872235875,0.1891891891891892,0.31203931203931207,0.2457002457002457,0.09090909090909091,0.31695331695331697,42.411167512690355,5.8452088452088455
2025-10-18,0,0,0,0,0,0,0,0,0,0,0,0,2025,10,18,5,291,42,4,1,0,0,-0.9749279121818236,-0.2225209339563146,-0.9562348265919058,0.2926003356333479,-0.9350162426854148,0.35460488704253557,-0.8660254037844386,0.5000000000000001,0.0,0.0,0.0,0.0,0.0,0.0,0.0,0.0,0.0,0.0,0.14285714285714285,0.377964473009227,1.0,1.0,0.07142857142857142,0.26726124191242134,1.0,1.0,0.2857142857142857,0.6586823467062364,8.0,2.0,0.23214285714285715,0.6027534224802782,13.0,2.0,0.2976190476190476,0.6166321647633772,25.0,2.0,0.0,0.0,0.0,407,0.35872235872235875,0.1891891891891892,0.31203931203931207,0.2457002457002457,0.09090909090909091,0.31695331695331697,42.411167512690355,5.8452088452088455
2025-10-19,0,0,0,0,0,0,0,0,0,0,0,0,2025,10,19,6,292,42,4,1,0,0,-0.7818314824680299,0.6234898018587334,-0.9510565162951536,0.30901699437494723,-0.9350162426854148,0.35460488704253557,-0.8660254037844386,0.5000000000000001,0.0,0.0,0.0,1.0,0.0,0.0,0.0,0.0,0.0,0.0,0.0,0.0,0.0,0.0,0.07142857142857142,0.26726124191242134,1.0,1.0,0.2857142857142857,0.6586823467062364,8.0,2.0,0.19642857142857142,0.5533252489890838,11.0,2.0,0.2857142857142857,0.6125480767249896,24.0,2.0,0.0,-1.0,0.0,407,0.35872235872235875,0.1891891891891892,0.31203931203931207,0.2457002457002457,0.09090909090909091,0.31695331695331697,42.411167512690355,5.8452088452088455
2025-10-20,4,0,0,0,0,4,0,4,8,0,0,4,2025,10,20,0,293,43,4,0,1,0,0.0,1.0,-0.9455963874271428,0.3253420847119795,-0.8854560256532101,0.464723172043768,-0.8660254037844386,0.5000000000000001,0.0,0.0,0.0,0.0,0.0,0.0,1.3333333333333333,2.3094010767585034,4.0,4.0,0.5714285714285714,1.5118578920369088,4.0,4.0,0.35714285714285715,1.0818177620697806,5.0,4.0,0.42857142857142855,0.9594972228385663,12.0,4.0,0.26785714285714285,0.7505409304706098,15.0,4.0,0.3333333333333333,0.7335888565414329,28.0,4.0,4.0,4.0,4.0,407,0.35872235872235875,0.1891891891891892,0.31203931203931207,0.2457002457002457,0.09090909090909091,0.31695331695331697,42.411167512690355,5.8452088452088455
2025-10-21,0,0,0,0,0,0,0,0,0,0,0,0,2025,10,21,1,294,43,4,0,0,0,0.7818314824680298,0.6234898018587336,-0.9398560579418953,0.341570769167856,-0.8854560256532101,0.464723172043768,-0.8660254037844386,0.5000000000000001,4.0,0.0,0.0,0.0,0.0,2.0,1.3333333333333333,2.3094010767585034,4.0,4.0,0.5714285714285714,1.5118578920369088,4.0,4.0,0.35714285714285715,1.0818177620697806,5.0,4.0,0.35714285714285715,0.9114207758701968,10.0,4.0,0.26785714285714285,0.7505409304706098,15.0,4.0,0.3333333333333333,0.7335888565414329,28.0,4.0,-4.0,0.0,-2.0,407,0.35872235872235875,0.1891891891891892,0.31203931203931207,0.2457002457002457,0.09090909090909091,0.31695331695331697,42.411167512690355,5.8452088452088455
2025-10-22,0,0,0,0,0,0,0,0,0,0,0,0,2025,10,22,2,295,43,4,0,0,0,0.9749279121818236,-0.22252093395631434,-0.9338372288229252,0.35769823883312546,-0.8854560256532101,0.464723172043768,-0.8660254037844386,0.5000000000000001,0.0,4.0,0.0,0.0,0.0,0.0,1.3333333333333333,2.3094010767585034,4.0,4.0,0.5714285714285714,1.5118578920369088,4.0,4.0,0.35714285714285715,1.0818177620697806,5.0,4.0,0.35714285714285715,0.9114207758701968,10.0,4.0,0.26785714285714285,0.7505409304706098,15.0,4.0,0.32142857142857145,0.7307483255666184,27.0,4.0,0.0,0.0,0.0,407,0.35872235872235875,0.1891891891891892,0.31203931203931207,0.2457002457002457,0.09090909090909091,0.31695331695331697,42.411167512690355,5.8452088452088455
2025-10-23,0,0,0,0,0,0,0,0,0,0,0,0,2025,10,23,3,296,43,4,0,0,0,0.43388373911755823,-0.900968867902419,-0.9275416835791965,0.3737197147904692,-0.8854560256532101,0.464723172043768,-0.8660254037844386,0.5000000000000001,0.0,0.0,4.0,0.0,0.0,2.0,0.0,0.0,0.0,0.0,0.5714285714285714,1.5118578920369088,4.0,4.0,0.35714285714285715,1.0818177620697806,5.0,4.0,0.2857142857142857,0.8544932592822081,8.0,4.0,0.26785714285714285,0.7505409304706098,15.0,4.0,0.32142857142857145,0.7307483255666184,27.0,4.0,0.0,0.0,-2.0,407,0.35872235872235875,0.1891891891891892,0.31203931203931207,0.2457002457002457,0.09090909090909091,0.31695331695331697,42.411167512690355,5.8452088452088455
2025-10-24,0,0,0,0,0,0,0,0,0,0,0,0,2025,10,24,4,297,43,4,0,0,1,-0.433883739117558,-0.9009688679024191,-0.9209712877166347,0.38963044953078774,-0.8854560256532101,0.464723172043768,-0.8660254037844386,0.5000000000000001,0.0,0.0,0.0,0.0,0.0,0.0,0.0,0.0,0.0,0.0,0.5714285714285714,1.5118578920369088,4.0,4.0,0.35714285714285715,1.0818177620697806,5.0,4.0,0.2857142857142857,0.8544932592822081,8.0,4.0,0.26785714285714285,0.7505409304706098,15.0,4.0,0.30952380952380953,0.7276996347823882,26.0,4.0,0.0,0.0,0.0,407,0.35872235872235875,0.1891891891891892,0.31203931203931207,0.2457002457002457,0.09090909090909091,0.31695331695331697,42.411167512690355,5.8452088452088455
2025-10-25,0,0,0,0,0,0,0,0,0,0,0,0,2025,10,25,5,298,43,4,1,0,0,-0.9749279121818236,-0.2225209339563146,-0.9141279881853337,0.4054257283599973,-0.8854560256532101,0.464723172043768,-0.8660254037844386,0.5000000000000001,0.0,0.0,0.0,0.0,0.0,1.0,0.0,0.0,0.0,0.0,0.5714285714285714,1.5118578920369088,4.0,4.0,0.35714285714285715,1.0818177620697806,5.0,4.0,0.25,0.8443713418650373,7.0,4.0,0.23214285714285715,0.7132785106578174,13.0,4.0,0.2976190476190476,0.7244401561714956,25.0,4.0,0.0,0.0,-1.0,407,0.35872235872235875,0.1891891891891892,0.31203931203931207,0.2457002457002457,0.09090909090909091,0.31695331695331697,42.411167512690355,5.8452088452088455
2025-10-26,0,0,0,0,0,0,0,0,0,0,0,0,2025,10,26,6,299,43,4,1,0,0,-0.7818314824680299,0.6234898018587334,-0.9070138128026362,0.42110087079608916,-0.8854560256532101,0.464723172043768,-0.8660254037844386,0.5000000000000001,0.0,0.0,0.0,0.0,1.0,2.0,0.0,0.0,0.0,0.0,0.5714285714285714,1.5118578920369088,4.0,4.0,0.2857142857142857,1.0690449676496967,4.0,4.0,0.17857142857142858,0.7723735149271025,5.0,4.0,0.23214285714285715,0.7132785106578174,13.0,4.0,0.27380952380952384,0.7002786102376661,23.0,4.0,0.0,0.0,-2.0,407,0.35872235872235875,0.1891891891891892,0.31203931203931207,0.2457002457002457,0.09090909090909091,0.31695331695331697,42.411167512690355,5.8452088452088455
2025-10-27,0,0,0,0,0,0,0,0,0,0,0,0,2025,10,27,0,300,44,4,0,1,0,0.0,1.0,-0.8996308696522434,0.4366512319560638,-0.822983865893657,0.5680647467311548,-0.8660254037844386,0.5000000000000001,0.0,0.0,0.0,4.0,0.0,0.0,0.0,0.0,0.0,0.0,0.0,0.0,0.0,0.0,0.2857142857142857,1.0690449676496967,4.0,4.0,0.17857142857142858,0.7723735149271025,5.0,4.0,0.23214285714285715,0.7132785106578174,13.0,4.0,0.27380952380952384,0.7002786102376661,23.0,4.0,0.0,-4.0,0.0,407,0.35872235872235875,0.1891891891891892,0.31203931203931207,0.2457002457002457,0.09090909090909091,0.31695331695331697,42.411167512690355,5.8452088452088455
2025-10-28,0,0,0,0,0,0,0,0,0,0,0,0,2025,10,28,1,301,44,4,0,0,0,0.7818314824680298,0.6234898018587336,-0.8919813464595487,0.45207220393230374,-0.822983865893657,0.5680647467311548,-0.8660254037844386,0.5000000000000001,0.0,0.0,0.0,0.0,0.0,0.0,0.0,0.0,0.0,0.0,0.0,0.0,0.0,0.0,0.2857142857142857,1.0690449676496967,4.0,4.0,0.17857142857142858,0.7723735149271025,5.0,4.0,0.23214285714285715,0.7132785106578174,13.0,4.0,0.2619047619047619,0.6962731706520238,22.0,4.0,0.0,0.0,0.0,407,0.35872235872235875,0.1891891891891892,0.31203931203931207,0.2457002457002457,0.09090909090909091,0.31695331695331697,42.411167512690355,5.8452088452088455
2025-10-29,0,0,0,0,0,0,0,0,0,0,0,0,2025,10,29,2,302,44,4,0,0,0,0.9749279121818236,-0.22252093395631434,-0.8840675099433637,0.46735921715800205,-0.822983865893657,0.5680647467311548,-0.8660254037844386,0.5000000000000001,0.0,0.0,0.0,0.0,0.0,0.0,0.0,0.0,0.0,0.0,0.0,0.0,0.0,0.0,0.2857142857142857,1.0690449676496967,4.0,4.0,0.17857142857142858,0.7723735149271025,5.0,4.0,0.23214285714285715,0.7132785106578174,13.0,4.0,0.25,0.6920373274980205,21.0,4.0,0.0,0.0,0.0,407,0.35872235872235875,0.1891891891891892,0.31203931203931207,0.2457002457002457,0.09090909090909091,0.31695331695331697,42.411167512690355,5.8452088452088455
2025-10-30,0,0,0,0,0,0,0,0,0,0,0,0,2025,10,30,3,303,44,4,0,0,0,0.43388373911755823,-0.900968867902419,-0.8758917051442433,0.48250774176121763,-0.822983865893657,0.5680647467311548,-0.8660254037844386,0.5000000000000001,0.0,0.0,0.0,0.0,0.0,0.0,0.0,0.0,0.0,0.0,0.0,0.0,0.0,0.0,0.2857142857142857,1.0690449676496967,4.0,4.0,0.17857142857142858,0.7723735149271025,5.0,4.0,0.23214285714285715,0.7132785106578174,13.0,4.0,0.25,0.6920373274980205,21.0,4.0,0.0,0.0,0.0,407,0.35872235872235875,0.1891891891891892,0.31203931203931207,0.2457002457002457,0.09090909090909091,0.31695331695331697,42.411167512690355,5.8452088452088455
2025-10-31,0,0,0,0,0,0,0,0,0,0,0,0,2025,10,31,4,304,44,4,0,0,1,-0.433883739117558,-0.9009688679024191,-0.8674563547295971,0.4975132889071803,-0.822983865893657,0.5680647467311548,-0.8660254037844386,0.5000000000000001,0.0,0.0,0.0,0.0,0.0,0.0,0.0,0.0,0.0,0.0,0.0,0.0,0.0,0.0,0.2857142857142857,1.0690449676496967,4.0,4.0,0.17857142857142858,0.7723735149271025,5.0,4.0,0.23214285714285715,0.7132785106578174,13.0,4.0,0.23809523809523808,0.6875668224970849,20.0,4.0,0.0,0.0,0.0,407,0.35872235872235875,0.1891891891891892,0.31203931203931207,0.2457002457002457,0.09090909090909091,0.31695331695331697,42.411167512690355,5.8452088452088455
2025-11-01,2,0,2,0,0,0,0,0,4,0,0,2,2025,11,1,5,305,44,4,1,0,0,-0.9749279121818236,-0.2225209339563146,-0.858763958275803,0.5123714121284235,-0.822983865893657,0.5680647467311548,-0.5000000000000004,0.8660254037844384,0.0,0.0,0.0,0.0,0.0,0.0,0.6666666666666666,1.1547005383792521,2.0,2.0,0.2857142857142857,0.7559289460184542,2.0,2.0,0.42857142857142855,1.1578684470436782,6.0,4.0,0.25,0.8443713418650373,7.0,4.0,0.26785714285714285,0.7505409304706098,15.0,4.0,0.2619047619047619,0.7133671661297503,22.0,4.0,2.0,2.0,2.0,407,0.35872235872235875,0.1891891891891892,0.31203931203931207,0.2457002457002457,0.09090909090909091,0.31695331695331697,42.411167512690355,5.8452088452088455
2025-11-02,0,0,0,0,0,0,0,0,0,0,0,0,2025,11,2,6,306,44,4,1,0,0,-0.7818314824680299,0.6234898018587334,-0.8498170915275277,0.5270777086423724,-0.822983865893657,0.5680647467311548,-0.5000000000000004,0.8660254037844384,2.0,0.0,0.0,0.0,0.0,0.0,0.6666666666666666,1.1547005383792521,2.0,2.0,0.2857142857142857,0.7559289460184542,2.0,2.0,0.42857142857142855,1.1578684470436782,6.0,4.0,0.25,0.8443713418650373,7.0,4.0,0.26785714285714285,0.7505409304706098,15.0,4.0,0.2619047619047619,0.7133671661297503,22.0,4.0,-2.0,0.0,0.0,407,0.35872235872235875,0.1891891891891892,0.31203931203931207,0.2457002457002457,0.09090909090909091,0.31695331695331697,42.411167512690355,5.8452088452088455
2025-11-03,0,0,0,0,0,0,0,0,0,0,0,0,2025,11,3,0,307,45,4,0,1,0,0.0,1.0,-0.8406184056344783,0.5416278206559811,-0.7485107481711011,0.6631226582407952,-0.5000000000000004,0.8660254037844384,0.0,2.0,0.0,0.0,4.0,0.0,0.6666666666666666,1.1547005383792521,2.0,2.0,0.2857142857142857,0.7559289460184542,2.0,2.0,0.14285714285714285,0.5345224838248473,2.0,2.0,0.25,0.8443713418650373,7.0,4.0,0.26785714285714285,0.7505409304706098,15.0,4.0,0.23809523809523808,0.6875668224970849,20.0,4.0,0.0,0.0,0.0,407,0.35872235872235875,0.1891891891891892,0.31203931203931207,0.2457002457002457,0.09090909090909091,0.31695331695331697,42.411167512690355,5.8452088452088455
2025-11-04,0,0,0,0,0,0,0,0,0,0,0,0,2025,11,4,1,308,45,4,0,0,0,0.7818314824680298,0.6234898018587336,-0.8311706263658079,0.5560174366570446,-0.7485107481711011,0.6631226582407952,-0.5000000000000004,0.8660254037844384,0.0,0.0,2.0,0.0,0.0,0.0,0.0,0.0,0.0,0.0,0.2857142857142857,0.7559289460184542,2.0,2.0,0.14285714285714285,0.5345224838248473,2.0,2.0,0.25,0.8443713418650373,7.0,4.0,0.26785714285714285,0.7505409304706098,15.0,4.0,0.2261904761904762,0.6828570468364724,19.0,4.0,0.0,0.0,0.0,407,0.35872235872235875,0.1891891891891892,0.31203931203931207,0.2457002457002457,0.09090909090909091,0.31695331695331697,42.411167512690355,5.8452088452088455
2025-11-05,0,0,0,0,0,0,0,0,0,0,0,0,2025,11,5,2,309,45,4,0,0,0,0.9749279121818236,-0.22252093395631434,-0.8214765533024145,0.5702422926917867,-0.7485107481711011,0.6631226582407952,-0.5000000000000004,0.8660254037844384,0.0,0.0,0.0,0.0,0.0,0.0,0.0,0.0,0.0,0.0,0.2857142857142857,0.7559289460184542,2.0,2.0,0.14285714285714285,0.5345224838248473,2.0,2.0,0.25,0.8443713418650373,7.0,4.0,0.26785714285714285,0.7505409304706098,15.0,4.0,0.2261904761904762,0.6828570468364724,19.0,4.0,0.0,0.0,0.0,407,0.35872235872235875,0.1891891891891892,0.31203931203931207,0.2457002457002457,0.09090909090909091,0.31695331695331697,42.411167512690355,5.8452088452088455
2025-11-06,0,0,0,0,0,0,0,0,0,0,0,0,2025,11,6,3,310,45,4,0,0,0,0.43388373911755823,-0.900968867902419,-0.8115390590073611,0.5842981736283683,-0.7485107481711011,0.6631226582407952,-0.5000000000000004,0.8660254037844384,0.0,0.0,0.0,0.0,0.0,0.0,0.0,0.0,0.0,0.0,0.2857142857142857,0.7559289460184542,2.0,2.0,0.14285714285714285,0.5345224838248473,2.0,2.0,0.25,0.8443713418650373,7.0,4.0,0.26785714285714285,0.7505409304706098,15.0,4.0,0.2261904761904762,0.6828570468364724,19.0,4.0,0.0,0.0,0.0,407,0.35872235872235875,0.1891891891891892,0.31203931203931207,0.2457002457002457,0.09090909090909091,0.31695331695331697,42.411167512690355,5.8452088452088455
2025-11-07,0,0,0,0,0,0,0,0,0,0,0,0,2025,11,7,4,311,45,4,0,0,1,-0.433883739117558,-0.9009688679024191,-0.801361088174677,0.5981809144059158,-0.7485107481711011,0.6631226582407952,-0.5000000000000004,0.8660254037844384,0.0,0.0,0.0,0.0,0.0,0.0,0.0,0.0,0.0,0.0,0.2857142857142857,0.7559289460184542,2.0,2.0,0.14285714285714285,0.5345224838248473,2.0,2.0,0.25,0.8443713418650373,7.0,4.0,0.26785714285714285,0.7505409304706098,15.0,4.0,0.2261904761904762,0.6828570468364724,19.0,4.0,0.0,0.0,0.0,407,0.35872235872235875,0.1891891891891892,0.31203931203931207,0.2457002457002457,0.09090909090909091,0.31695331695331697,42.411167512690355,5.8452088452088455
2025-11-08,0,0,0,0,0,0,0,0,0,0,0,0,2025,11,8,5,312,45,4,1,0,0,-0.9749279121818236,-0.2225209339563146,-0.7909456567567774,0.6118864012687242,-0.7485107481711011,0.6631226582407952,-0.5000000000000004,0.8660254037844384,0.0,0.0,0.0,2.0,0.0,0.0,0.0,0.0,0.0,0.0,0.0,0.0,0.0,0.0,0.14285714285714285,0.5345224838248473,2.0,2.0,0.25,0.8443713418650373,7.0,4.0,0.26785714285714285,0.7505409304706098,15.0,4.0,0.2261904761904762,0.6828570468364724,19.0,4.0,0.0,-2.0,0.0,407,0.35872235872235875,0.1891891891891892,0.31203931203931207,0.2457002457002457,0.09090909090909091,0.31695331695331697,42.411167512690355,5.8452088452088455
2025-11-09,0,0,0,0,0,0,0,0,0,0,0,0,2025,11,9,6,313,45,4,1,0,0,-0.7818314824680299,0.6234898018587334,-0.780295851070776,0.6254105729852457,-0.7485107481711011,0.6631226582407952,-0.5000000000000004,0.8660254037844384,0.0,0.0,0.0,0.0,0.0,1.0,0.0,0.0,0.0,0.0,0.0,0.0,0.0,0.0,0.14285714285714285,0.5345224838248473,2.0,2.0,0.21428571428571427,0.8325393042503721,6.0,4.0,0.26785714285714285,0.7505409304706098,15.0,4.0,0.2261904761904762,0.6828570468364724,19.0,4.0,0.0,0.0,-1.0,407,0.35872235872235875,0.1891891891891892,0.31203931203931207,0.2457002457002457,0.09090909090909091,0.31695331695331697,42.411167512690355,5.8452088452088455
2025-11-10,1,0,0,1,0,0,0,0,2,0,0,0,2025,11,10,0,314,46,4,0,1,0,0.0,1.0,-0.7694148268839381,0.6387494220515268,-0.6631226582407955,0.7485107481711007,-0.5000000000000004,0.8660254037844384,0.0,0.0,0.0,0.0,0.0,0.0,0.3333333333333333,0.5773502691896266,1.0,1.0,0.14285714285714285,0.37796447300922675,1.0,1.0,0.21428571428571427,0.5789342235218381,3.0,2.0,0.25,0.8443713418650373,7.0,4.0,0.2857142857142857,0.7559289460184547,16.0,4.0,0.23809523809523808,0.6875668224970849,20.0,4.0,1.0,1.0,1.0,407,0.35872235872235875,0.1891891891891892,0.31203931203931207,0.2457002457002457,0.09090909090909091,0.31695331695331697,42.411167512690355,5.8452088452088455
2025-11-11,0,0,0,0,0,0,0,0,0,0,0,0,2025,11,11,1,315,46,4,0,0,0,0.7818314824680298,0.6234898018587336,-0.7583058084785625,0.6518989958787125,-0.6631226582407955,0.7485107481711007,-0.5000000000000004,0.8660254037844384,1.0,0.0,0.0,0.0,0.0,0.0,0.3333333333333333,0.5773502691896266,1.0,1.0,0.14285714285714285,0.37796447300922675,1.0,1.0,0.21428571428571427,0.5789342235218381,3.0,2.0,0.25,0.8443713418650373,7.0,4.0,0.26785714285714285,0.7505409304706098,15.0,4.0,0.23809523809523808,0.6875668224970849,20.0,4.0,-1.0,0.0,0.0,407,0.35872235872235875,0.1891891891891892,0.31203931203931207,0.2457002457002457,0.09090909090909091,0.31695331695331697,42.411167512690355,5.8452088452088455
2025-11-12,0,0,0,0,0,0,0,0,0,0,0,0,2025,11,12,2,316,46,4,0,0,0,0.9749279121818236,-0.22252093395631434,-0.7469720876965551,0.6648553979642866,-0.6631226582407955,0.7485107481711007,-0.5000000000000004,0.8660254037844384,0.0,1.0,0.0,0.0,0.0,0.0,0.3333333333333333,0.5773502691896266,1.0,1.0,0.14285714285714285,0.37796447300922675,1.0,1.0,0.21428571428571427,0.5789342235218381,3.0,2.0,0.25,0.8443713418650373,7.0,4.0,0.26785714285714285,0.7505409304706098,15.0,4.0,0.23809523809523808,0.6875668224970849,20.0,4.0,0.0,0.0,0.0,407,0.35872235872235875,0.1891891891891892,0.31203931203931207,0.2457002457002457,0.09090909090909091,0.31695331695331697,42.411167512690355,5.8452088452088455
2025-11-13,0,0,0,0,0,0,0,0,0,0,0,0,2025,11,13,3,317,46,4,0,0,0,0.43388373911755823,-0.900968867902419,-0.7354170229639858,0.6776147890466887,-0.6631226582407955,0.7485107481711007,-0.5000000000000004,0.8660254037844384,0.0,0.0,1.0,0.0,0.0,0.0,0.0,0.0,0.0,0.0,0.14285714285714285,0.37796447300922675,1.0,1.0,0.21428571428571427,0.5789342235218381,3.0,2.0,0.25,0.8443713418650373,7.0,4.0,0.26785714285714285,0.7505409304706098,15.0,4.0,0.23809523809523808,0.6875668224970849,20.0,4.0,0.0,0.0,0.0,407,0.35872235872235875,0.1891891891891892,0.31203931203931207,0.2457002457002457,0.09090909090909091,0.31695331695331697,42.411167512690355,5.8452088452088455
2025-11-14,0,0,0,0,0,0,0,0,0,0,0,0,2025,11,14,4,318,46,4,0,0,1,-0.433883739117558,-0.9009688679024191,-0.7236440382959124,0.690173388242972,-0.6631226582407955,0.7485107481711007,-0.5000000000000004,0.8660254037844384,0.0,0.0,0.0,0.0,0.0,0.0,0.0,0.0,0.0,0.0,0.14285714285714285,0.37796447300922675,1.0,1.0,0.21428571428571427,0.5789342235218381,3.0,2.0,0.25,0.8443713418650373,7.0,4.0,0.26785714285714285,0.7505409304706098,15.0,4.0,0.23809523809523808,0.6875668224970849,20.0,4.0,0.0,0.0,0.0,407,0.35872235872235875,0.1891891891891892,0.31203931203931207,0.2457002457002457,0.09090909090909091,0.31695331695331697,42.411167512690355,5.8452088452088455
2025-11-15,0,0,0,0,0,0,0,0,0,0,0,0,2025,11,15,5,319,46,4,1,0,0,-0.9749279121818236,-0.2225209339563146,-0.711656622281775,0.7025274741691566,-0.6631226582407955,0.7485107481711007,-0.5000000000000004,0.8660254037844384,0.0,0.0,0.0,0.0,2.0,0.0,0.0,0.0,0.0,0.0,0.14285714285714285,0.37796447300922675,1.0,1.0,0.07142857142857142,0.26726124191242145,1.0,1.0,0.25,0.8443713418650373,7.0,4.0,0.26785714285714285,0.7505409304706098,15.0,4.0,0.23809523809523808,0.6875668224970849,20.0,4.0,0.0,0.0,0.0,407,0.35872235872235875,0.1891891891891892,0.31203931203931207,0.2457002457002457,0.09090909090909091,0.31695331695331697,42.411167512690355,5.8452088452088455
2025-11-16,0,0,0,0,0,0,0,0,0,0,0,0,2025,11,16,6,320,46,4,1,0,0,-0.7818314824680299,0.6234898018587334,-0.6994583270516471,0.7146733860429608,-0.6631226582407955,0.7485107481711007,-0.5000000000000004,0.8660254037844384,0.0,0.0,0.0,0.0,0.0,0.0,0.0,0.0,0.0,0.0,0.14285714285714285,0.37796447300922675,1.0,1.0,0.07142857142857142,0.26726124191242145,1.0,1.0,0.25,0.8443713418650373,7.0,4.0,0.26785714285714285,0.7505409304706098,15.0,4.0,0.21428571428571427,0.6598909835381184,18.0,4.0,0.0,0.0,0.0,407,0.35872235872235875,0.1891891891891892,0.31203931203931207,0.2457002457002457,0.09090909090909091,0.31695331695331697,42.411167512690355,5.8452088452088455
2025-11-17,0,0,0,0,0,0,0,0,0,0,0,0,2025,11,17,0,321,47,4,0,1,0,0.0,1.0,-0.6870527672236675,0.7266075247685652,-0.5680647467311559,0.8229838658936564,-0.5000000000000004,0.8660254037844384,0.0,0.0,0.0,1.0,0.0,4.0,0.0,0.0,0.0,0.0,0.0,0.0,0.0,0.0,0.07142857142857142,0.26726124191242145,1.0,1.0,0.10714285714285714,0.4162696521251867,3.0,2.0,0.26785714285714285,0.7505409304706098,15.0,4.0,0.21428571428571427,0.6598909835381184,18.0,4.0,0.0,-1.0,-4.0,407,0.35872235872235875,0.1891891891891892,0.31203931203931207,0.2457002457002457,0.09090909090909091,0.31695331695331697,42.411167512690355,5.8452088452088455
2025-11-18,0,0,0,0,0,0,0,0,0,0,0,0,2025,11,18,1,322,47,4,0,0,0,0.7818314824680298,0.6234898018587336,-0.6744436188329457,0.7383263540031063,-0.5680647467311559,0.8229838658936564,-0.5000000000000004,0.8660254037844384,0.0,0.0,0.0,0.0,0.0,0.0,0.0,0.0,0.0,0.0,0.0,0.0,0.0,0.0,0.07142857142857142,0.26726124191242145,1.0,1.0,0.10714285714285714,0.4162696521251867,3.0,2.0,0.23214285714285715,0.7132785106578174,13.0,4.0,0.21428571428571427,0.6598909835381184,18.0,4.0,0.0,0.0,0.0,407,0.35872235872235875,0.1891891891891892,0.31203931203931207,0.2457002457002457,0.09090909090909091,0.31695331695331697,42.411167512690355,5.8452088452088455
2025-11-19,0,0,0,0,0,0,0,0,0,0,0,0,2025,11,19,2,323,47,4,0,0,0,0.9749279121818236,-0.22252093395631434,-0.661634618242279,0.749826401204568,-0.5680647467311559,0.8229838658936564,-0.5000000000000004,0.8660254037844384,0.0,0.0,0.0,0.0,0.0,0.0,0.0,0.0,0.0,0.0,0.0,0.0,0.0,0.0,0.07142857142857142,0.26726124191242145,1.0,1.0,0.10714285714285714,0.4162696521251867,3.0,2.0,0.23214285714285715,0.7132785106578174,13.0,4.0,0.21428571428571427,0.6598909835381184,18.0,4.0,0.0,0.0,0.0,407,0.35872235872235875,0.1891891891891892,0.31203931203931207,0.2457002457002457,0.09090909090909091,0.31695331695331697,42.411167512690355,5.8452088452088455
2025-11-20,0,0,0,0,0,0,0,0,0,0,0,0,2025,11,20,3,324,47,4,0,0,0,0.43388373911755823,-0.900968867902419,-0.6486295610349818,0.7611042586607742,-0.5680647467311559,0.8229838658936564,-0.5000000000000004,0.8660254037844384,0.0,0.0,0.0,0.0,0.0,0.0,0.0,0.0,0.0,0.0,0.0,0.0,0.0,0.0,0.07142857142857142,0.26726124191242145,1.0,1.0,0.10714285714285714,0.4162696521251867,3.0,2.0,0.19642857142857142,0.6720292974442238,11.0,4.0,0.21428571428571427,0.6598909835381184,18.0,4.0,0.0,0.0,0.0,407,0.35872235872235875,0.1891891891891892,0.31203931203931207,0.2457002457002457,0.09090909090909091,0.31695331695331697,42.411167512690355,5.8452088452088455
2025-11-21,0,0,0,0,0,0,0,0,0,0,0,0,2025,11,21,4,325,47,4,0,0,1,-0.433883739117558,-0.9009688679024191,-0.6354323008901775,0.7721565844991641,-0.5680647467311559,0.8229838658936564,-0.5000000000000004,0.8660254037844384,0.0,0.0,0.0,0.0,0.0,0.0,0.0,0.0,0.0,0.0,0.0,0.0,0.0,0.0,0.07142857142857142,0.26726124191242145,1.0,1.0,0.10714285714285714,0.4162696521251867,3.0,2.0,0.19642857142857142,0.6720292974442238,11.0,4.0,0.21428571428571427,0.6598909835381184,18.0,4.0,0.0,0.0,0.0,407,0.35872235872235875,0.1891891891891892,0.31203931203931207,0.2457002457002457,0.09090909090909091,0.31695331695331697,42.411167512690355,5.8452088452088455
2025-11-22,0,0,0,0,0,0,0,0,0,0,0,0,2025,11,22,5,326,47,4,1,0,0,-0.9749279121818236,-0.2225209339563146,-0.622046748440868,0.7829801036770624,-0.5680647467311559,0.8229838658936564,-0.5000000000000004,0.8660254037844384,0.0,0.0,0.0,0.0,0.0,0.0,0.0,0.0,0.0,0.0,0.0,0.0,0.0,0.0,0.07142857142857142,0.26726124191242145,1.0,1.0,0.10714285714285714,0.4162696521251867,3.0,2.0,0.17857142857142858,0.6635207157728692,10.0,4.0,0.19047619047619047,0.6300925630258568,16.0,4.0,0.0,0.0,0.0,407,0.35872235872235875,0.1891891891891892,0.31203931203931207,0.2457002457002457,0.09090909090909091,0.31695331695331697,42.411167512690355,5.8452088452088455
2025-11-23,0,0,0,0,0,0,0,0,0,0,0,0,2025,11,23,6,327,47,4,1,0,0,-0.7818314824680299,0.6234898018587334,-0.6084768701151264,0.7935716089521472,-0.5680647467311559,0.8229838658936564,-0.5000000000000004,0.8660254037844384,0.0,0.0,0.0,0.0,0.0,0.0,0.0,0.0,0.0,0.0,0.0,0.0,0.0,0.0,0.07142857142857142,0.26726124191242145,1.0,1.0,0.10714285714285714,0.4162696521251867,3.0,2.0,0.14285714285714285,0.6158090444454186,8.0,4.0,0.19047619047619047,0.6300925630258568,16.0,4.0,0.0,0.0,0.0,407,0.35872235872235875,0.1891891891891892,0.31203931203931207,0.2457002457002457,0.09090909090909091,0.31695331695331697,42.411167512690355,5.8452088452088455
2025-11-24,0,0,0,0,0,0,0,0,0,0,0,0,2025,11,24,0,328,48,4,0,1,0,0.0,1.0,-0.594726686960764,0.8039279618328208,-0.4647231720437684,0.88545602565321,-0.5000000000000004,0.8660254037844384,0.0,0.0,0.0,0.0,1.0,0.0,0.0,0.0,0.0,0.0,0.0,0.0,0.0,0.0,0.0,0.0,0.0,0.0,0.10714285714285714,0.4162696521251867,3.0,2.0,0.14285714285714285,0.6158090444454186,8.0,4.0,0.19047619047619047,0.6300925630258568,16.0,4.0,0.0,0.0,0.0,407,0.35872235872235875,0.1891891891891892,0.31203931203931207,0.2457002457002457,0.09090909090909091,0.31695331695331697,42.411167512690355,5.8452088452088455
2025-11-25,0,0,0,0,0,0,0,0,0,0,0,0,2025,11,25,1,329,48,4,0,0,0,0.7818314824680298,0.6234898018587336,-0.5808002734538013,0.8140460935082175,-0.4647231720437684,0.88545602565321,-0.5000000000000004,0.8660254037844384,0.0,0.0,0.0,0.0,0.0,0.0,0.0,0.0,0.0,0.0,0.0,0.0,0.0,0.0,0.0,0.0,0.0,0.0,0.10714285714285714,0.4162696521251867,3.0,2.0,0.14285714285714285,0.6158090444454186,8.0,4.0,0.19047619047619047,0.6300925630258568,16.0,4.0,0.0,0.0,0.0,407,0.35872235872235875,0.1891891891891892,0.31203931203931207,0.2457002457002457,0.09090909090909091,0.31695331695331697,42.411167512690355,5.8452088452088455
2025-11-26,0,0,0,0,0,0,0,0,0,0,0,0,2025,11,26,2,330,48,4,0,0,0,0.9749279121818236,-0.22252093395631434,-0.5667017562911184,0.8239230057575536,-0.4647231720437684,0.88545602565321,-0.5000000000000004,0.8660254037844384,0.0,0.0,0.0,0.0,0.0,0.0,0.0,0.0,0.0,0.0,0.0,0.0,0.0,0.0,0.0,0.0,0.0,0.0,0.10714285714285714,0.4162696521251867,3.0,2.0,0.14285714285714285,0.6158090444454186,8.0,4.0,0.19047619047619047,0.6300925630258568,16.0,4.0,0.0,0.0,0.0,407,0.35872235872235875,0.1891891891891892,0.31203931203931207,0.2457002457002457,0.09090909090909091,0.31695331695331697,42.411167512690355,5.8452088452088455
2025-11-27,0,0,0,0,0,0,0,0,0,0,0,0,2025,11,27,3,331,48,4,0,0,0,0.43388373911755823,-0.900968867902419,-0.5524353131676203,0.8335557718385695,-0.4647231720437684,0.88545602565321,-0.5000000000000004,0.8660254037844384,0.0,0.0,0.0,0.0,0.0,0.0,0.0,0.0,0.0,0.0,0.0,0.0,0.0,0.0,0.0,0.0,0.0,0.0,0.10714285714285714,0.4162696521251867,3.0,2.0,0.14285714285714285,0.6158090444454186,8.0,4.0,0.19047619047619047,0.6300925630258568,16.0,4.0,0.0,0.0,0.0,407,0.35872235872235875,0.1891891891891892,0.31203931203931207,0.2457002457002457,0.09090909090909091,0.31695331695331697,42.411167512690355,5.8452088452088455
2025-11-28,0,0,0,0,0,0,0,0,0,0,0,0,2025,11,28,4,332,48,4,0,0,1,-0.433883739117558,-0.9009688679024191,-0.5380051715382992,0.8429415373547832,-0.4647231720437684,0.88545602565321,-0.5000000000000004,0.8660254037844384,0.0,0.0,0.0,0.0,0.0,0.0,0.0,0.0,0.0,0.0,0.0,0.0,0.0,0.0,0.0,0.0,0.0,0.0,0.10714285714285714,0.4162696521251867,3.0,2.0,0.14285714285714285,0.6158090444454186,8.0,4.0,0.19047619047619047,0.6300925630258568,16.0,4.0,0.0,0.0,0.0,407,0.35872235872235875,0.1891891891891892,0.31203931203931207,0.2457002457002457,0.09090909090909091,0.31695331695331697,42.411167512690355,5.8452088452088455
2025-11-29,0,0,0,0,0,0,0,0,0,0,0,0,2025,11,29,5,333,48,4,1,0,0,-0.9749279121818236,-0.2225209339563146,-0.5234156073655503,0.8520775211013093,-0.4647231720437684,0.88545602565321,-0.5000000000000004,0.8660254037844384,0.0,0.0,0.0,0.0,0.0,2.0,0.0,0.0,0.0,0.0,0.0,0.0,0.0,0.0,0.0,0.0,0.0,0.0,0.03571428571428571,0.18898223650461524,1.0,1.0,0.14285714285714285,0.6158090444454186,8.0,4.0,0.19047619047619047,0.6300925630258568,16.0,4.0,0.0,0.0,-2.0,407,0.35872235872235875,0.1891891891891892,0.31203931203931207,0.2457002457002457,0.09090909090909091,0.31695331695331697,42.411167512690355,5.8452088452088455
2025-11-30,0,0,0,0,0,0,0,0,0,0,0,0,2025,11,30,6,334,48,4,1,0,0,-0.7818314824680299,0.6234898018587334,-0.5086709438521042,0.8609610158889945,-0.4647231720437684,0.88545602565321,-0.5000000000000004,0.8660254037844384,0.0,0.0,0.0,0.0,0.0,0.0,0.0,0.0,0.0,0.0,0.0,0.0,0.0,0.0,0.0,0.0,0.0,0.0,0.03571428571428571,0.18898223650461524,1.0,1.0,0.14285714285714285,0.6158090444454186,8.0,4.0,0.19047619047619047,0.6300925630258568,16.0,4.0,0.0,0.0,0.0,407,0.35872235872235875,0.1891891891891892,0.31203931203931207,0.2457002457002457,0.09090909090909091,0.31695331695331697,42.411167512690355,5.8452088452088455
2025-12-01,0,0,0,0,0,0,0,0,0,0,0,0,2025,12,1,0,335,49,4,0,1,0,0.0,1.0,-0.49377555015997737,0.8695893893466109,-0.35460488704253595,0.9350162426854147,-2.4492935982947064e-16,1.0,0.0,0.0,0.0,0.0,0.0,0.0,0.0,0.0,0.0,0.0,0.0,0.0,0.0,0.0,0.0,0.0,0.0,0.0,0.03571428571428571,0.18898223650461524,1.0,1.0,0.14285714285714285,0.6158090444454186,8.0,4.0,0.19047619047619047,0.6300925630258568,16.0,4.0,0.0,0.0,0.0,407,0.35872235872235875,0.1891891891891892,0.31203931203931207,0.2457002457002457,0.09090909090909091,0.31695331695331697,42.411167512690355,5.8452088452088455
2025-12-02,0,0,0,0,0,0,0,0,0,0,0,0,2025,12,2,1,336,49,4,0,0,0,0.7818314824680298,0.6234898018587336,-0.4787338401157883,0.8779600847008883,-0.35460488704253595,0.9350162426854147,-2.4492935982947064e-16,1.0,0.0,0.0,0.0,0.0,0.0,0.0,0.0,0.0,0.0,0.0,0.0,0.0,0.0,0.0,0.0,0.0,0.0,0.0,0.03571428571428571,0.18898223650461524,1.0,1.0,0.14285714285714285,0.6158090444454186,8.0,4.0,0.19047619047619047,0.6300925630258568,16.0,4.0,0.0,0.0,0.0,407,0.35872235872235875,0.1891891891891892,0.31203931203931207,0.2457002457002457,0.09090909090909091,0.31695331695331697,42.411167512690355,5.8452088452088455
2025-12-03,0,0,0,0,0,0,0,0,0,0,0,0,2025,12,3,2,337,49,4,0,0,0,0.9749279121818236,-0.22252093395631434,-0.4635502709028512,0.8860706215341378,-0.35460488704253595,0.9350162426854147,-2.4492935982947064e-16,1.0,0.0,0.0,0.0,0.0,0.0,0.0,0.0,0.0,0.0,0.0,0.0,0.0,0.0,0.0,0.0,0.0,0.0,0.0,0.03571428571428571,0.18898223650461524,1.0,1.0,0.14285714285714285,0.6158090444454186,8.0,4.0,0.19047619047619047,0.6300925630258568,16.0,4.0,0.0,0.0,0.0,407,0.35872235872235875,0.1891891891891892,0.31203931203931207,0.2457002457002457,0.09090909090909091,0.31695331695331697,42.411167512690355,5.8452088452088455
2025-12-04,0,0,0,0,0,0,0,0,0,0,0,0,2025,12,4,3,338,49,4,0,0,0,0.43388373911755823,-0.900968867902419,-0.4482293417404106,0.893918596519257,-0.35460488704253595,0.9350162426854147,-2.4492935982947064e-16,1.0,0.0,0.0,0.0,0.0,0.0,0.0,0.0,0.0,0.0,0.0,0.0,0.0,0.0,0.0,0.0,0.0,0.0,0.0,0.03571428571428571,0.18898223650461524,1.0,1.0,0.14285714285714285,0.6158090444454186,8.0,4.0,0.19047619047619047,0.6300925630258568,16.0,4.0,0.0,0.0,0.0,407,0.35872235872235875,0.1891891891891892,0.31203931203931207,0.2457002457002457,0.09090909090909091,0.31695331695331697,42.411167512690355,5.8452088452088455
2025-12-05,0,0,0,0,0,0,0,0,0,0,0,0,2025,12,5,4,339,49,4,0,0,1,-0.433883739117558,-0.9009688679024191,-0.4327755925504317,0.9015016841318838,-0.35460488704253595,0.9350162426854147,-2.4492935982947064e-16,1.0,0.0,0.0,0.0,0.0,0.0,0.0,0.0,0.0,0.0,0.0,0.0,0.0,0.0,0.0,0.0,0.0,0.0,0.0,0.03571428571428571,0.18898223650461524,1.0,1.0,0.14285714285714285,0.6158090444454186,8.0,4.0,0.19047619047619047,0.6300925630258568,16.0,4.0,0.0,0.0,0.0,407,0.35872235872235875,0.1891891891891892,0.31203931203931207,0.2457002457002457,0.09090909090909091,0.31695331695331697,42.411167512690355,5.8452088452088455
2025-12-06,0,0,0,0,0,0,0,0,0,0,0,0,2025,12,6,5,340,49,4,1,0,0,-0.9749279121818236,-0.2225209339563146,-0.41719360261231697,0.9088176373395028,-0.35460488704253595,0.9350162426854147,-2.4492935982947064e-16,1.0,0.0,0.0,0.0,0.0,0.0,0.0,0.0,0.0,0.0,0.0,0.0,0.0,0.0,0.0,0.0,0.0,0.0,0.0,0.03571428571428571,0.18898223650461524,1.0,1.0,0.14285714285714285,0.6158090444454186,8.0,4.0,0.19047619047619047,0.6300925630258568,16.0,4.0,0.0,0.0,0.0,407,0.35872235872235875,0.1891891891891892,0.31203931203931207,0.2457002457002457,0.09090909090909091,0.31695331695331697,42.411167512690355,5.8452088452088455
2025-12-07,0,0,0,0,0,0,0,0,0,0,0,0,2025,12,7,6,341,49,4,1,0,0,-0.7818314824680299,0.6234898018587334,-0.4014879892059737,0.9158642882672868,-0.35460488704253595,0.9350162426854147,-2.4492935982947064e-16,1.0,0.0,0.0,0.0,0.0,0.0,0.0,0.0,0.0,0.0,0.0,0.0,0.0,0.0,0.0,0.0,0.0,0.0,0.0,0.03571428571428571,0.18898223650461524,1.0,1.0,0.125,0.6049041997780238,7.0,4.0,0.19047619047619047,0.6300925630258568,16.0,4.0,0.0,0.0,0.0,407,0.35872235872235875,0.1891891891891892,0.31203931203931207,0.2457002457002457,0.09090909090909091,0.31695331695331697,42.411167512690355,5.8452088452088455
2025-12-08,0,0,0,0,0,0,0,0,0,0,0,0,2025,12,8,0,342,50,4,0,1,0,0.0,1.0,-0.38566340624360745,0.9226395488404875,-0.2393156642875578,0.970941817426052,-2.4492935982947064e-16,1.0,0.0,0.0,0.0,0.0,0.0,1.0,0.0,0.0,0.0,0.0,0.0,0.0,0.0,0.0,0.0,0.0,0.0,0.0,0.0,0.0,0.0,0.0,0.125,0.6049041997780238,7.0,4.0,0.19047619047619047,0.6300925630258568,16.0,4.0,0.0,0.0,-1.0,407,0.35872235872235875,0.1891891891891892,0.31203931203931207,0.2457002457002457,0.09090909090909091,0.31695331695331697,42.411167512690355,5.8452088452088455
2025-12-09,0,0,0,0,0,0,0,0,0,0,0,0,2025,12,9,1,343,50,4,0,0,0,0.7818314824680298,0.6234898018587336,-0.3697245428906732,0.9291414114031743,-0.2393156642875578,0.970941817426052,-2.4492935982947064e-16,1.0,0.0,0.0,0.0,0.0,0.0,0.0,0.0,0.0,0.0,0.0,0.0,0.0,0.0,0.0,0.0,0.0,0.0,0.0,0.0,0.0,0.0,0.0,0.125,0.6049041997780238,7.0,4.0,0.17857142857142858,0.6240310906240205,15.0,4.0,0.0,0.0,0.0,407,0.35872235872235875,0.1891891891891892,0.31203931203931207,0.2457002457002457,0.09090909090909091,0.31695331695331697,42.411167512690355,5.8452088452088455
2025-12-10,0,0,0,0,0,0,0,0,0,0,0,0,2025,12,10,2,344,50,4,0,0,0,0.9749279121818236,-0.22252093395631434,-0.3536761221763721,0.935367949313148,-0.2393156642875578,0.970941817426052,-2.4492935982947064e-16,1.0,0.0,0.0,0.0,0.0,0.0,0.0,0.0,0.0,0.0,0.0,0.0,0.0,0.0,0.0,0.0,0.0,0.0,0.0,0.0,0.0,0.0,0.0,0.125,0.6049041997780238,7.0,4.0,0.17857142857142858,0.6240310906240205,15.0,4.0,0.0,0.0,0.0,407,0.35872235872235875,0.1891891891891892,0.31203931203931207,0.2457002457002457,0.09090909090909091,0.31695331695331697,42.411167512690355,5.8452088452088455
2025-12-11,0,0,0,0,0,0,0,0,0,0,0,0,2025,12,11,3,345,50,4,0,0,0,0.43388373911755823,-0.900968867902419,-0.33752289959411347,0.941317317512847,-0.2393156642875578,0.970941817426052,-2.4492935982947064e-16,1.0,0.0,0.0,0.0,0.0,0.0,0.0,0.0,0.0,0.0,0.0,0.0,0.0,0.0,0.0,0.0,0.0,0.0,0.0,0.0,0.0,0.0,0.0,0.125,0.6049041997780238,7.0,4.0,0.17857142857142858,0.6240310906240205,15.0,4.0,0.0,0.0,0.0,407,0.35872235872235875,0.1891891891891892,0.31203931203931207,0.2457002457002457,0.09090909090909091,0.31695331695331697,42.411167512690355,5.8452088452088455
2025-12-12,0,0,0,0,0,0,0,0,0,0,0,0,2025,12,12,4,346,50,4,0,0,1,-0.433883739117558,-0.9009688679024191,-0.32126966169236515,0.9469877530760751,-0.2393156642875578,0.970941817426052,-2.4492935982947064e-16,1.0,0.0,0.0,0.0,0.0,0.0,0.0,0.0,0.0,0.0,0.0,0.0,0.0,0.0,0.0,0.0,0.0,0.0,0.0,0.0,0.0,0.0,0.0,0.125,0.6049041997780238,7.0,4.0,0.17857142857142858,0.6240310906240205,15.0,4.0,0.0,0.0,0.0,407,0.35872235872235875,0.1891891891891892,0.31203931203931207,0.2457002457002457,0.09090909090909091,0.31695331695331697,42.411167512690355,5.8452088452088455
2025-12-13,0,0,0,0,0,0,0,0,0,0,0,0,2025,12,13,5,347,50,4,1,0,0,-0.9749279121818236,-0.2225209339563146,-0.3049212246562894,0.9523775757303973,-0.2393156642875578,0.970941817426052,-2.4492935982947064e-16,1.0,0.0,0.0,0.0,0.0,0.0,0.0,0.0,0.0,0.0,0.0,0.0,0.0,0.0,0.0,0.0,0.0,0.0,0.0,0.0,0.0,0.0,0.0,0.125,0.6049041997780238,7.0,4.0,0.17857142857142858,0.6240310906240205,15.0,4.0,0.0,0.0,0.0,407,0.35872235872235875,0.1891891891891892,0.31203931203931207,0.2457002457002457,0.09090909090909091,0.31695331695331697,42.411167512690355,5.8452088452088455
2025-12-14,0,0,0,0,0,0,0,0,0,0,0,0,2025,12,14,6,348,50,4,1,0,0,-0.7818314824680299,0.6234898018587334,-0.2884824328806098,0.9574851883550389,-0.2393156642875578,0.970941817426052,-2.4492935982947064e-16,1.0,0.0,0.0,0.0,0.0,0.0,0.0,0.0,0.0,0.0,0.0,0.0,0.0,0.0,0.0,0.0,0.0,0.0,0.0,0.0,0.0,0.0,0.0,0.125,0.6049041997780238,7.0,4.0,0.17857142857142858,0.6240310906240205,15.0,4.0,0.0,0.0,0.0,407,0.35872235872235875,0.1891891891891892,0.31203931203931207,0.2457002457002457,0.09090909090909091,0.31695331695331697,42.411167512690355,5.8452088452088455
2025-12-15,0,0,0,0,0,0,0,0,0,0,0,0,2025,12,15,0,349,51,4,0,1,0,0.0,1.0,-0.27195815753410524,0.9623090774541487,-0.12053668025532363,0.992708874098054,-2.4492935982947064e-16,1.0,0.0,0.0,0.0,0.0,0.0,0.0,0.0,0.0,0.0,0.0,0.0,0.0,0.0,0.0,0.0,0.0,0.0,0.0,0.0,0.0,0.0,0.0,0.05357142857142857,0.2966260490702281,3.0,2.0,0.17857142857142858,0.6240310906240205,15.0,4.0,0.0,0.0,0.0,407,0.35872235872235875,0.1891891891891892,0.31203931203931207,0.2457002457002457,0.09090909090909091,0.31695331695331697,42.411167512690355,5.8452088452088455
2025-12-16,0,0,0,0,0,0,0,0,0,0,0,0,2025,12,16,1,350,51,4,0,0,0,0.7818314824680298,0.6234898018587336,-0.2553532951161881,0.9668478136052773,-0.12053668025532363,0.992708874098054,-2.4492935982947064e-16,1.0,0.0,0.0,0.0,0.0,0.0,0.0,0.0,0.0,0.0,0.0,0.0,0.0,0.0,0.0,0.0,0.0,0.0,0.0,0.0,0.0,0.0,0.0,0.05357142857142857,0.2966260490702281,3.0,2.0,0.15476190476190477,0.5909772918607984,13.0,4.0,0.0,0.0,0.0,407,0.35872235872235875,0.1891891891891892,0.31203931203931207,0.2457002457002457,0.09090909090909091,0.31695331695331697,42.411167512690355,5.8452088452088455
2025-12-17,0,0,0,0,0,0,0,0,0,0,0,0,2025,12,17,2,351,51,4,0,0,0,0.9749279121818236,-0.22252093395631434,-0.23867276600594997,0.9711000518829505,-0.12053668025532363,0.992708874098054,-2.4492935982947064e-16,1.0,0.0,0.0,0.0,0.0,0.0,0.0,0.0,0.0,0.0,0.0,0.0,0.0,0.0,0.0,0.0,0.0,0.0,0.0,0.0,0.0,0.0,0.0,0.05357142857142857,0.2966260490702281,3.0,2.0,0.15476190476190477,0.5909772918607984,13.0,4.0,0.0,0.0,0.0,407,0.35872235872235875,0.1891891891891892,0.31203931203931207,0.2457002457002457,0.09090909090909091,0.31695331695331697,42.411167512690355,5.8452088452088455
2025-12-18,0,0,0,0,0,0,0,0,0,0,0,0,2025,12,18,3,352,51,4,0,0,0,0.43388373911755823,-0.900968867902419,-0.22192151300416674,0.9750645322571945,-0.12053668025532363,0.992708874098054,-2.4492935982947064e-16,1.0,0.0,0.0,0.0,0.0,0.0,0.0,0.0,0.0,0.0,0.0,0.0,0.0,0.0,0.0,0.0,0.0,0.0,0.0,0.0,0.0,0.0,0.0,0.05357142857142857,0.2966260490702281,3.0,2.0,0.13095238095238096,0.5549288873308568,11.0,4.0,0.0,0.0,0.0,407,0.35872235872235875,0.1891891891891892,0.31203931203931207,0.2457002457002457,0.09090909090909091,0.31695331695331697,42.411167512690355,5.8452088452088455
2025-12-19,0,0,0,0,0,0,0,0,0,0,0,0,2025,12,19,4,353,51,4,0,0,1,-0.433883739117558,-0.9009688679024191,-0.20510449986861926,0.9787400799669153,-0.12053668025532363,0.992708874098054,-2.4492935982947064e-16,1.0,0.0,0.0,0.0,0.0,0.0,0.0,0.0,0.0,0.0,0.0,0.0,0.0,0.0,0.0,0.0,0.0,0.0,0.0,0.0,0.0,0.0,0.0,0.05357142857142857,0.2966260490702281,3.0,2.0,0.13095238095238096,0.5549288873308568,11.0,4.0,0.0,0.0,0.0,407,0.35872235872235875,0.1891891891891892,0.31203931203931207,0.2457002457002457,0.09090909090909091,0.31695331695331697,42.411167512690355,5.8452088452088455
2025-12-20,0,0,0,0,0,0,0,0,0,0,0,0,2025,12,20,5,354,51,4,1,0,0,-0.9749279121818236,-0.2225209339563146,-0.1882267098432439,0.9821256058680006,-0.12053668025532363,0.992708874098054,-2.4492935982947064e-16,1.0,0.0,0.0,0.0,0.0,0.0,0.0,0.0,0.0,0.0,0.0,0.0,0.0,0.0,0.0,0.0,0.0,0.0,0.0,0.0,0.0,0.0,0.0,0.05357142857142857,0.2966260490702281,3.0,2.0,0.11904761904761904,0.5467265545187553,10.0,4.0,0.0,0.0,0.0,407,0.35872235872235875,0.1891891891891892,0.31203931203931207,0.2457002457002457,0.09090909090909091,0.31695331695331697,42.411167512690355,5.8452088452088455
2025-12-21,2,0,0,0,0,0,0,0,4,0,0,0,2025,12,21,6,355,51,4,1,0,0,-0.7818314824680299,0.6234898018587334,-0.1712931441814778,0.9852201067560606,-0.12053668025532363,0.992708874098054,-2.4492935982947064e-16,1.0,0.0,0.0,0.0,0.0,0.0,0.0,0.6666666666666666,1.1547005383792521,2.0,2.0,0.2857142857142857,0.7559289460184542,2.0,2.0,0.14285714285714285,0.5345224838248473,2.0,2.0,0.07142857142857142,0.37796447300922803,2.0,2.0,0.08928571428571429,0.39435958276613603,5.0,2.0,0.11904761904761904,0.5467265545187553,10.0,4.0,2.0,2.0,2.0,407,0.35872235872235875,0.1891891891891892,0.31203931203931207,0.2457002457002457,0.09090909090909091,0.31695331695331697,42.411167512690355,5.8452088452088455
2025-12-22,1,0,1,0,0,1,0,1,2,0,0,1,2025,12,22,0,356,52,4,0,1,0,0.0,1.0,-0.154308820664281,0.9880226656636976,6.432490598706546e-16,1.0,-2.4492935982947064e-16,1.0,2.0,0.0,0.0,0.0,0.0,0.0,1.0,1.0000000000000007,3.0,2.0,0.42857142857142855,0.7867957924694428,3.0,2.0,0.21428571428571427,0.5789342235218381,3.0,2.0,0.10714285714285714,0.4162696521251867,3.0,2.0,0.10714285714285714,0.4124680231604269,6.0,2.0,0.13095238095238096,0.5549288873308568,11.0,4.0,-1.0,1.0,1.0,407,0.35872235872235875,0.1891891891891892,0.31203931203931207,0.2457002457002457,0.09090909090909091,0.31695331695331697,42.411167512690355,5.8452088452088455
2025-12-23,1,1,0,1,0,0,0,0,2,0,0,1,2025,12,23,1,357,52,4,0,0,0,0.7818314824680298,0.6234898018587336,-0.13727877211326517,0.9905324521322227,6.432490598706546e-16,1.0,-2.4492935982947064e-16,1.0,1.0,2.0,0.0,0.0,0.0,0.0,1.3333333333333333,0.5773502691896274,4.0,2.0,0.5714285714285714,0.7867957924694428,4.0,2.0,0.2857142857142857,0.6112498455021252,4.0,2.0,0.14285714285714285,0.44839513942303355,4.0,2.0,0.125,0.4290581651605169,7.0,2.0,0.14285714285714285,0.5627569216277407,12.0,4.0,0.0,1.0,1.0,407,0.35872235872235875,0.1891891891891892,0.31203931203931207,0.2457002457002457,0.09090909090909091,0.31695331695331697,42.411167512690355,5.8452088452088455
2025-12-24,0,0,0,0,0,0,0,0,0,0,0,0,2025,12,24,2,358,52,4,0,0,0,0.9749279121818236,-0.22252093395631434,-0.12020804489935275,0.9927487224577402,6.432490598706546e-16,1.0,-2.4492935982947064e-16,1.0,1.0,1.0,2.0,0.0,0.0,0.0,0.6666666666666666,0.5773502691896268,2.0,1.0,0.5714285714285714,0.7867957924694428,4.0,2.0,0.2857142857142857,0.6112498455021252,4.0,2.0,0.14285714285714285,0.44839513942303355,4.0,2.0,0.125,0.4290581651605169,7.0,2.0,0.14285714285714285,0.5627569216277407,12.0,4.0,-1.0,0.0,0.0,407,0.35872235872235875,0.1891891891891892,0.31203931203931207,0.2457002457002457,0.09090909090909091,0.31695331695331697,42.411167512690355,5.8452088452088455
2025-12-25,0,0,0,0,0,0,0,0,0,0,0,0,2025,12,25,3,359,52,4,0,0,0,0.43388373911755823,-0.900968867902419,-0.10310169744743544,0.9946708199115211,6.432490598706546e-16,1.0,-2.4492935982947064e-16,1.0,0.0,1.0,1.0,0.0,0.0,0.0,0.3333333333333333,0.5773502691896265,1.0,1.0,0.5714285714285714,0.7867957924694428,4.0,2.0,0.2857142857142857,0.6112498455021252,4.0,2.0,0.14285714285714285,0.44839513942303355,4.0,2.0,0.125,0.4290581651605169,7.0,2.0,0.14285714285714285,0.5627569216277407,12.0,4.0,0.0,0.0,0.0,407,0.35872235872235875,0.1891891891891892,0.31203931203931207,0.2457002457002457,0.09090909090909091,0.31695331695331697,42.411167512690355,5.8452088452088455
2025-12-26,0,0,0,0,0,0,0,0,0,0,0,0,2025,12,26,4,360,52,4,0,0,1,-0.433883739117558,-0.9009688679024191,-0.0859647987374467,0.9962981749346077,6.432490598706546e-16,1.0,-2.4492935982947064e-16,1.0,0.0,0.0,1.0,0.0,0.0,0.0,0.0,0.0,0.0,0.0,0.5714285714285714,0.7867957924694428,4.0,2.0,0.2857142857142857,0.6112498455021252,4.0,2.0,0.14285714285714285,0.44839513942303355,4.0,2.0,0.125,0.4290581651605169,7.0,2.0,0.14285714285714285,0.5627569216277407,12.0,4.0,0.0,0.0,0.0,407,0.35872235872235875,0.1891891891891892,0.31203931203931207,0.2457002457002457,0.09090909090909091,0.31695331695331697,42.411167512690355,5.8452088452088455
2025-12-27,1,0,1,0,0,0,0,0,1,0,0,1,2025,12,27,5,361,52,4,1,0,0,-0.9749279121818236,-0.2225209339563146,-0.06880242680232064,0.9976303053065857,6.432490598706546e-16,1.0,-2.4492935982947064e-16,1.0,0.0,0.0,0.0,0.0,0.0,0.0,0.3333333333333333,0.5773502691896265,1.0,1.0,0.7142857142857143,0.755928946018454,5.0,2.0,0.35714285714285715,0.6333236937766497,5.0,2.0,0.17857142857142858,0.47559486560567155,5.0,2.0,0.10714285714285714,0.3657406646330622,6.0,2.0,0.15476190476190477,0.5702260726702653,13.0,4.0,1.0,1.0,1.0,407,0.35872235872235875,0.1891891891891892,0.31203931203931207,0.2457002457002457,0.09090909090909091,0.31695331695331697,42.411167512690355,5.8452088452088455
